# Blender v3.0.0 OBJ File: ''
# www.blender.org
mtllib bowling_pin.mtl
o bowling_pin
v 0.109897 0.311957 0.000000
v 0.110959 0.293173 -0.047097
v 0.107499 0.311957 -0.045626
v -0.102756 0.171245 0.091653
v -0.088454 0.157205 0.128783
v -0.090978 0.171245 0.132451
v -0.096003 0.330529 -0.085640
v -0.100065 0.311957 -0.089258
v -0.107154 0.311957 -0.045626
v 0.064823 0.357733 -0.143603
v 0.066946 0.348772 -0.148319
v 0.050069 0.348772 -0.172844
v 0.052812 0.330529 -0.182346
v 0.055035 0.311957 -0.190048
v 0.033430 0.321277 -0.204710
v 0.010023 0.105856 0.187426
v 0.007916 0.046951 0.147336
v 0.027226 0.086162 0.166523
v -0.031555 0.339699 0.195295
v -0.032360 0.330529 0.200250
v -0.010832 0.330529 0.209402
v -0.060439 0.649648 -0.025766
v -0.060141 0.637232 0.000000
v -0.061793 0.649648 0.000000
v 0.049894 0.571336 0.000000
v 0.048129 0.565886 -0.020387
v 0.051127 0.587669 -0.021661
v -0.034684 0.587669 0.077425
v -0.024341 0.565886 0.084918
v -0.025874 0.587669 0.090228
v 0.006650 0.649648 0.123252
v 0.018811 0.637232 0.114723
v 0.019321 0.649648 0.117866
v 0.021206 0.734956 -0.072861
v 0.024339 0.728690 -0.083714
v 0.014174 0.731932 -0.086181
v -0.062879 0.105856 -0.140052
v -0.062446 0.056736 -0.090991
v -0.076060 0.105856 -0.110773
v -0.108581 0.164207 -0.046233
v -0.109376 0.157205 0.000000
v -0.112496 0.171245 0.000000
v 0.057698 0.184739 -0.199273
v 0.034990 0.171245 -0.214309
v 0.035725 0.184739 -0.218838
v 0.089096 0.096000 0.037803
v 0.074247 0.046951 -0.000000
v 0.087719 0.086162 0.000000
v 0.042848 0.690569 -0.094790
v 0.032120 0.674547 -0.110669
v 0.032114 0.688218 -0.110645
v -0.040053 0.571336 -0.058451
v -0.038498 0.554973 -0.056192
v -0.043495 0.554973 -0.038884
v -0.014763 0.728690 0.091934
v -0.016031 0.723445 0.099741
v -0.005374 0.722531 0.105552
v -0.024465 0.739062 -0.054727
v -0.027975 0.734956 -0.062523
v -0.030347 0.738417 -0.044348
v -0.011492 0.302584 0.221974
v -0.011923 0.276374 0.230170
v 0.012269 0.276374 0.230170
v -0.030632 0.122598 0.189616
v -0.009677 0.105856 0.187426
v -0.010472 0.129477 0.202553
v 0.065200 0.024489 0.027644
v 0.055272 0.637232 0.049064
v 0.053499 0.624832 0.047485
v 0.057270 0.624832 0.024273
v 0.046264 0.726121 0.041043
v 0.050185 0.725241 0.021261
v 0.046730 0.729520 0.019793
v -0.084998 0.330529 0.123761
v -0.088596 0.311957 0.128989
v -0.071841 0.321277 0.159958
v -0.088093 0.357733 -0.078596
v -0.097438 0.348772 -0.041496
v -0.094334 0.357733 -0.040176
v -0.108581 0.164207 0.046233
v -0.099905 0.157205 0.089115
v 0.044913 0.374973 0.154985
v 0.062494 0.366567 0.138429
v 0.054737 0.391521 0.121200
v 0.040530 0.637232 0.089644
v 0.039232 0.624832 0.086760
v 0.047398 0.624832 0.068622
v -0.062210 0.690569 0.026520
v -0.058198 0.674547 0.051977
v -0.058024 0.691743 0.051822
v -0.046536 0.725241 0.041593
v -0.044674 0.718750 0.065166
v -0.041192 0.725241 0.060107
v -0.011604 0.171245 -0.224104
v -0.011278 0.157205 -0.217898
v -0.034644 0.171245 -0.214309
v -0.036130 0.259517 -0.223459
v -0.059058 0.242620 -0.205183
v -0.058567 0.259517 -0.203480
v 0.052812 0.330529 0.182346
v 0.055035 0.311957 0.190048
v 0.073593 0.311957 0.163082
v 0.075563 0.171245 0.167459
v 0.073476 0.157205 0.162822
v 0.091324 0.171245 0.132451
v 0.026770 0.454730 -0.092136
v 0.017537 0.445886 -0.106882
v 0.016611 0.454730 -0.101182
v 0.019321 0.649648 -0.117865
v 0.006477 0.637232 -0.119966
v 0.006650 0.649648 -0.123252
v 0.045628 0.096000 -0.157461
v 0.023063 0.046951 -0.140897
v 0.029291 0.105856 -0.179235
v -0.006506 0.674547 -0.127090
v -0.019358 0.662084 -0.120216
v -0.019572 0.674547 -0.121535
v -0.021275 0.734221 -0.074298
v 0.011269 0.739691 0.068299
v 0.019481 0.737755 0.066887
v 0.015259 0.743135 0.052261
v -0.007844 0.749316 0.017807
v -0.012371 0.747851 0.027863
v -0.005620 0.747851 0.035659
v 0.062672 0.674547 -0.026569
v 0.057911 0.662084 -0.051412
v 0.058544 0.674547 -0.051976
v 0.052680 0.721605 -0.022321
v 0.054934 0.717778 -0.023279
v 0.050295 0.719712 -0.044631
v -0.108048 0.242620 0.096366
v -0.095807 0.234161 0.139467
v -0.095350 0.251073 0.138803
v -0.115320 0.251073 -0.049097
v -0.118289 0.242620 0.000000
v -0.117306 0.259517 0.000000
v -0.018801 0.432867 -0.116791
v -0.034404 0.416169 -0.119778
v -0.030528 0.432867 -0.106349
v 0.010272 0.357733 -0.192178
v -0.010258 0.348772 -0.198490
v -0.009927 0.357733 -0.192178
v 0.096349 0.330529 -0.085640
v 0.100411 0.311957 -0.089258
v 0.087241 0.321277 -0.126518
v 0.097681 0.122598 -0.041452
v 0.089227 0.115733 -0.079299
v 0.093203 0.129477 -0.082840
v 0.108553 0.234161 0.096508
v 0.115964 0.218848 0.049224
v 0.116218 0.234161 0.049332
v 0.075959 0.293173 0.168339
v 0.093791 0.276374 0.136036
v 0.090458 0.302584 0.131192
v 0.035295 0.739691 -0.014930
v 0.037831 0.735678 -0.033533
v 0.032130 0.740304 -0.028456
v 0.002468 0.746810 0.043683
v 0.002798 0.745563 0.049951
v 0.006959 0.746810 0.041774
v -0.045282 0.096000 0.157461
v -0.022717 0.046951 0.140897
v -0.028946 0.105856 0.179235
v 0.032410 0.000088 -0.028706
v 0.003133 0.000012 -0.018220
v 0.034046 0.000107 -0.049220
v 0.073721 0.096000 -0.106871
v 0.080821 0.122598 -0.117189
v -0.074322 0.391521 0.066335
v -0.072219 0.374973 0.105191
v -0.055774 0.416169 0.081296
v -0.061793 0.649648 0.000000
v -0.060141 0.637232 0.000000
v -0.058823 0.637232 0.025080
v 0.059717 0.424470 0.053022
v 0.067816 0.416169 0.028756
v 0.058453 0.437174 0.024776
v 0.045817 0.523291 0.000000
v 0.044720 0.507693 -0.018938
v 0.044820 0.523291 -0.018980
v 0.015764 0.726121 -0.095966
v -0.006322 0.702049 -0.123598
v -0.019110 0.700932 -0.118696
v -0.018747 0.705371 -0.116461
v 0.030330 0.637232 0.104466
v 0.031155 0.649648 0.107328
v 0.049212 0.721605 0.043668
v 0.052275 0.715806 0.046396
v 0.052680 0.721605 0.022322
v 0.059467 0.225698 -0.205400
v 0.058923 0.205163 -0.203517
v 0.036482 0.205164 -0.223499
v 0.108394 0.242620 -0.096366
v 0.096152 0.234161 -0.139467
v 0.095696 0.251073 -0.138803
v -0.033134 0.150234 -0.205014
v -0.053718 0.150234 -0.186684
v -0.055419 0.164207 -0.192575
v -0.007918 0.056736 -0.153955
v -0.006933 0.028698 -0.135213
v -0.022717 0.046951 -0.140897
v -0.053494 0.719712 0.022815
v -0.049950 0.719712 0.044632
v -0.052922 0.720664 -0.022571
v -0.055811 0.717778 0.000000
v -0.050957 0.725241 0.000000
v -0.036296 0.212002 0.224478
v -0.035931 0.198337 0.222232
v -0.012109 0.205163 0.233713
v -0.079094 0.242620 0.176069
v -0.078436 0.259517 0.174608
v -0.012228 0.234161 0.235975
v -0.012201 0.218848 0.235459
v 0.012569 0.225698 0.235877
v 0.031642 0.129477 0.193701
v 0.019147 0.432867 0.116792
v 0.021543 0.416169 0.131539
v 0.032762 0.424470 0.112894
v -0.028608 0.366567 0.177157
v -0.009927 0.357733 0.192178
v -0.009563 0.366567 0.185254
v -0.074223 0.164207 -0.165251
v -0.071948 0.150234 -0.160196
v -0.088454 0.157205 -0.128783
v -0.078436 0.259517 -0.174608
v -0.079094 0.242620 -0.176069
v -0.095665 0.242620 -0.139261
v -0.090896 0.122598 -0.081093
v -0.079805 0.086162 -0.071217
v -0.091997 0.105856 -0.039183
v 0.026321 0.745108 0.000001
v 0.029686 0.743135 -0.012546
v 0.026754 0.744636 -0.011299
v -0.008678 0.749645 -0.007881
v -0.004671 0.749645 -0.016780
v -0.010772 0.749316 -0.009746
v -0.069073 0.383280 -0.100620
v -0.084912 0.366567 -0.075764
v -0.078020 0.383280 -0.069627
v -0.046194 0.480974 0.019711
v -0.044370 0.472462 0.039664
v -0.043132 0.480974 0.038561
v 0.060100 0.046951 0.087079
v 0.062275 0.028698 0.055299
v 0.070883 0.056736 0.062964
v 0.031721 0.016178 0.109284
v 0.029627 0.008082 0.102031
v 0.039590 0.008082 0.087553
v 0.004826 0.732709 0.088548
v 0.005225 0.728690 0.096136
v 0.014650 0.730337 0.089111
v 0.018515 0.710693 0.112903
v 0.030787 0.705371 0.106050
v 0.029636 0.711736 0.102065
v 0.085344 0.330529 -0.123761
v 0.065352 0.424470 0.000000
v -0.051520 0.674547 0.075114
v -0.050958 0.662084 0.074298
v -0.042117 0.662084 0.093936
v -0.034040 0.725241 0.075994
v -0.036540 0.719712 0.081547
v -0.027260 0.719712 0.095031
v -0.026667 0.721605 -0.092977
v -0.037645 0.716797 -0.084001
v -0.036540 0.719712 -0.081546
v -0.053250 0.712772 -0.047570
v -0.054786 0.708584 -0.048938
v -0.058673 0.708584 -0.025016
v -0.083550 0.383280 0.035592
v -0.090929 0.366567 0.038729
v -0.084912 0.366567 0.075764
v -0.117306 0.259517 0.000000
v -0.115701 0.242620 0.049259
v -0.114739 0.259517 0.048851
v -0.015485 0.463704 -0.096381
v -0.016265 0.454730 -0.101182
v -0.026424 0.454730 -0.092136
v 0.005269 0.472462 -0.096982
v -0.005013 0.468240 -0.098676
v -0.004924 0.472462 -0.096982
v -0.031546 0.480974 0.070454
v -0.032453 0.472462 0.072469
v -0.024206 0.472462 0.084452
v -0.038177 0.480974 0.055725
v -0.039274 0.472462 0.057319
v -0.073375 0.096000 0.106871
v -0.058407 0.086162 0.130120
v -0.065055 0.115733 0.144887
v -0.051355 0.004141 0.045883
v -0.045459 0.004141 0.066307
v -0.047484 0.008082 0.069250
v -0.057100 0.383280 -0.127216
v -0.075177 0.366567 -0.109489
v -0.033084 0.321277 -0.204710
v -0.054689 0.311957 -0.190048
v -0.052466 0.330529 -0.182346
v 0.046112 0.000123 -0.019529
v -0.005102 0.576783 0.100378
v -0.004824 0.554973 0.095076
v 0.005370 0.571336 0.098898
v 0.022920 0.512895 0.078798
v 0.023105 0.498173 0.079441
v 0.031034 0.493860 0.068551
v -0.012169 0.251073 -0.234852
v -0.036434 0.242620 -0.225329
v 0.059209 0.251073 -0.204508
v 0.036780 0.242620 -0.225329
v 0.036476 0.259517 -0.223459
v 0.009800 0.742602 -0.059258
v 0.004482 0.735678 -0.081993
v 0.003632 0.741487 -0.065813
v 0.010085 0.747529 -0.034337
v 0.015576 0.746415 -0.034213
v 0.006959 0.746810 -0.041773
v 0.012509 0.212002 0.234738
v 0.012300 0.191527 0.230763
v 0.036277 0.198337 0.222232
v 0.079440 0.242620 0.176069
v 0.079524 0.225698 0.176256
v 0.096152 0.234161 0.139467
v 0.061004 0.096000 -0.135119
v 0.049738 0.046951 -0.110095
v 0.037210 0.046951 -0.128300
v 0.006330 0.008082 -0.117169
v 0.005911 0.002136 -0.109184
v -0.005672 0.003437 -0.111216
v -0.031786 0.687043 -0.110710
v -0.031775 0.674547 -0.110669
v -0.042581 0.674547 -0.094966
v -0.040082 0.708584 -0.089415
v -0.050099 0.702049 -0.073049
v -0.048498 0.708584 -0.070722
v -0.115872 0.234161 -0.049332
v -0.115618 0.218848 -0.049224
v -0.118415 0.225698 0.000000
v -0.094870 0.259517 -0.138105
v -0.107692 0.251073 -0.096049
v 0.029962 0.739062 0.043287
v 0.036188 0.732709 0.052334
v 0.039361 0.734221 0.034896
v 0.027740 0.744151 0.011720
v 0.032299 0.742053 0.000001
v -0.024354 0.727846 0.084965
v -0.020673 0.742602 0.046304
v -0.016371 0.741487 0.057310
v -0.013415 0.744636 0.047069
v 0.042927 0.674547 -0.094966
v 0.037253 0.528485 -0.053880
v 0.036978 0.512895 -0.053481
v 0.030614 0.512895 -0.067617
v -0.058735 0.008082 0.000000
v -0.057447 0.008082 0.024495
v -0.061544 0.016178 0.026237
v -0.057447 0.008082 -0.024495
v -0.054454 0.001850 0.000000
v -0.058735 0.008082 0.000000
v -0.028946 0.105856 -0.179235
v -0.038528 0.056736 -0.134064
v -0.030389 0.012098 -0.105869
v -0.037569 0.004141 -0.083832
v -0.040727 0.012098 -0.090847
v -0.020857 0.746415 -0.018725
v -0.025573 0.744151 -0.022926
v -0.028372 0.743651 -0.012134
v -0.035105 0.737755 0.031414
v -0.040496 0.732709 0.036214
v -0.033860 0.734956 0.049452
v 0.057812 0.711736 -0.024503
v 0.055132 0.708584 -0.048938
v 0.052275 0.715806 -0.046395
v 0.036885 0.719712 -0.081546
v 0.039303 0.712772 -0.086915
v 0.028690 0.715806 -0.098784
v -0.058835 0.212002 0.204408
v -0.074223 0.164207 0.165251
v 0.006330 0.008082 0.117169
v 0.018376 0.008082 0.112048
v 0.019670 0.016178 0.120014
v -0.016054 0.000496 0.099883
v -0.005213 0.000139 0.102487
v -0.005367 0.000701 0.105420
v 0.118246 0.251073 0.000000
v 0.118810 0.234161 0.000000
v 0.116046 0.242620 -0.049259
v 0.110380 0.171245 -0.046851
v 0.108926 0.164207 -0.046233
v 0.101744 0.164207 -0.090445
v 0.030614 0.512895 0.067618
v 0.053618 0.450292 0.022720
v 0.058015 0.441513 0.000000
v 0.053367 0.454730 0.000000
v 0.098491 0.321277 0.087548
v 0.109332 0.302584 0.046405
v 0.105444 0.321277 0.044752
v 0.102123 0.302584 0.090782
v 0.104840 0.284782 0.093201
v 0.113363 0.276374 0.048119
v -0.042597 0.687043 0.095002
v -0.031775 0.674547 0.110670
v -0.031679 0.691743 0.110340
v -0.019579 0.687043 0.121581
v -0.006506 0.674547 0.127091
v -0.006486 0.691743 0.126712
v -0.042624 0.383280 0.148251
v -0.027478 0.374973 0.170202
v -0.021197 0.416169 0.131539
v -0.062148 0.366567 0.138429
v -0.057100 0.383280 0.127216
v 0.088800 0.157205 0.128783
v 0.100251 0.157205 0.089115
v 0.106160 0.191527 0.094377
v 0.103101 0.171245 0.091653
v 0.111617 0.177977 0.047376
v 0.095233 0.205163 -0.138130
v 0.077803 0.191527 -0.172435
v 0.078796 0.205163 -0.174640
v -0.043132 0.480974 -0.038561
v -0.044370 0.472462 -0.039664
v -0.047520 0.472462 -0.020275
v -0.038177 0.480974 -0.055725
v -0.025060 0.576783 -0.087408
v -0.024020 0.560432 -0.083807
v -0.033595 0.576783 -0.075006
v 0.005025 0.538859 -0.092326
v -0.004618 0.528485 -0.091165
v -0.004768 0.549509 -0.094025
v 0.017127 0.719712 -0.104361
v 0.006187 0.714807 -0.114432
v 0.005908 0.719712 -0.109130
v 0.019913 0.688218 -0.121509
v 0.019918 0.674547 -0.121535
v 0.006852 0.674547 -0.127090
v 0.058565 0.687043 0.051997
v 0.058544 0.674547 0.051978
v 0.062672 0.674547 0.026570
v 0.062485 0.691743 -0.026489
v 0.052651 0.020312 0.076255
v 0.053987 0.008082 0.047919
v 0.059431 0.020312 0.052767
v 0.049436 0.001230 0.043867
v 0.051296 0.000401 0.021733
v 0.053866 0.002136 0.022826
v -0.080476 0.122598 -0.117189
v -0.095767 0.225698 -0.139408
v -0.107640 0.212002 -0.096002
v -0.108163 0.225698 -0.096468
v -0.030517 0.498174 0.068169
v -0.023057 0.489554 0.080469
v -0.022760 0.498173 0.079441
v 0.029094 0.441513 0.100186
v 0.004549 0.000107 0.083280
v 0.003133 0.000012 0.018220
v 0.009597 0.000039 0.032647
v 0.030735 0.012098 -0.105869
v 0.028253 0.003787 -0.097273
v 0.018376 0.008082 -0.112049
v 0.048591 0.000701 -0.043115
v 0.041858 0.000139 -0.060572
v 0.042656 0.000496 -0.061731
v -0.058220 0.687043 -0.051996
v -0.062326 0.674547 -0.026569
v -0.062349 0.687043 -0.026579
v -0.042454 0.691743 -0.094683
v -0.051519 0.674547 -0.075113
v 0.030873 0.432867 -0.106349
v 0.034750 0.416169 -0.119778
v 0.019147 0.432867 -0.116791
v 0.009120 0.383280 -0.170248
v 0.009908 0.366567 -0.185253
v -0.009180 0.374973 -0.177981
v -0.117306 0.259517 0.000000
v -0.118289 0.242620 0.000000
v -0.112496 0.171245 0.000000
v -0.110034 0.171245 0.046851
v 0.038522 0.480974 -0.055725
v 0.032308 0.476707 -0.071379
v 0.031544 0.485257 -0.069682
v 0.075890 0.399727 -0.032188
v 0.081917 0.374973 -0.072790
v 0.074668 0.391521 -0.066335
v 0.032705 0.330529 0.200250
v 0.034079 0.311957 0.208708
v 0.036780 0.242620 0.225329
v 0.059491 0.234161 0.205486
v 0.059209 0.251073 0.204508
v 0.015538 0.571336 -0.094576
v 0.014781 0.549509 -0.089915
v 0.005169 0.554973 -0.095076
v 0.030841 0.528485 -0.068122
v -0.086896 0.321277 -0.126518
v -0.068528 0.339699 -0.152601
v -0.082891 0.339699 -0.120699
v 0.028321 0.734956 0.062524
v 0.025416 0.738417 0.056070
v 0.027314 0.720664 0.094019
v 0.038990 0.713799 0.086223
v 0.036494 0.720664 0.080679
v 0.046998 0.582227 0.041696
v 0.048808 0.571336 0.020676
v 0.051127 0.587669 0.021662
v 0.036978 0.512895 0.053482
v 0.037278 0.498174 0.053918
v 0.042073 0.498174 0.037310
v 0.060905 0.024489 -0.054080
v 0.056012 0.012098 -0.049722
v 0.051218 0.016178 -0.074173
v 0.061296 0.012098 -0.000000
v 0.057793 0.008082 -0.024495
v 0.059961 0.012098 -0.025417
v 0.011950 0.171245 -0.224104
v 0.009675 0.096000 -0.180824
v 0.008263 0.056736 -0.153955
v 0.048914 0.115733 0.168844
v 0.080821 0.122598 0.117189
v 0.070999 0.086162 0.102917
v 0.083223 0.096000 0.073953
v 0.019881 0.690569 0.121311
v 0.032120 0.674547 0.110670
v 0.032114 0.688218 0.110646
v 0.046717 0.714807 0.067633
v 0.045020 0.718750 0.065167
v 0.056403 0.704269 0.050071
v 0.061211 0.700932 0.025949
v 0.059018 0.708584 0.025017
v 0.060677 0.703162 -0.025720
v 0.056681 0.703162 -0.050317
v -0.003956 0.737078 -0.078562
v -0.012826 0.734956 -0.080015
v -0.011206 0.739062 -0.070038
v -0.005308 0.723445 -0.104298
v -0.005621 0.718750 -0.110259
v -0.016415 0.721605 -0.102106
v 0.070617 0.330529 -0.156473
v 0.079179 0.251073 -0.175490
v -0.051920 0.587669 0.000000
v -0.048462 0.571336 0.020675
v -0.050782 0.587669 0.021662
v -0.053642 0.008082 -0.047919
v -0.059615 0.012098 -0.025416
v -0.026711 0.001120 -0.093129
v -0.035291 0.000701 -0.078774
v -0.036106 0.001462 -0.080582
v -0.018169 0.710693 0.112903
v -0.006116 0.708584 0.119662
v -0.005891 0.713799 0.115388
v 0.005967 0.718750 0.110260
v 0.018099 0.713799 0.110345
v 0.017303 0.718750 0.105442
v -0.052466 0.330529 0.182346
v -0.053638 0.321277 0.186408
v -0.058567 0.259517 0.203480
v -0.059058 0.242620 0.205183
v -0.036130 0.259517 0.223459
v 0.105450 0.330529 0.000000
v 0.077581 0.399727 0.000000
v 0.089653 0.374973 0.000000
v 0.087698 0.374973 -0.037208
v 0.107495 0.259517 -0.095566
v 0.116218 0.234161 -0.049332
v -0.005723 0.004141 0.112190
v 0.005965 0.002761 0.110216
v -0.030389 0.012098 0.105869
v -0.018031 0.008082 0.112048
v -0.019325 0.016178 0.120014
v 0.011177 0.330529 -0.209402
v 0.011642 0.311957 -0.218246
v -0.011297 0.311957 -0.218246
v 0.012012 0.293173 -0.225281
v -0.012025 0.267952 -0.232104
v -0.011666 0.293173 -0.225281
v 0.049847 0.432867 0.072181
v 0.053015 0.441513 0.047054
v 0.024185 0.476707 0.083182
v 0.033368 0.468240 0.073735
v 0.032308 0.476707 0.071379
v 0.011422 0.321277 0.214066
v 0.009908 0.366567 0.185254
v 0.010272 0.357733 0.192178
v 0.030030 0.357733 0.183779
v -0.047230 0.480974 0.000000
v -0.048586 0.472462 0.000000
v -0.047520 0.472462 0.020275
v 0.072564 0.374973 0.105191
v 0.004944 0.523291 0.090788
v 0.014231 0.512895 0.086535
v 0.014278 0.523291 0.086821
v -0.014184 0.489554 0.088370
v -0.004847 0.476707 0.095524
v -0.004728 0.485257 0.093253
v -0.050872 0.016178 0.074173
v -0.040727 0.012098 0.090847
v -0.043231 0.020312 0.096410
v -0.039244 0.008082 0.087554
v -0.027907 0.003787 0.097273
v -0.029281 0.008082 0.102031
v -0.103410 0.143292 -0.044035
v -0.097336 0.122598 -0.041452
v -0.101662 0.129477 0.000000
v -0.077229 0.056736 0.000000
v -0.067806 0.028698 0.000000
v -0.064854 0.024489 0.027644
v 0.110380 0.171245 0.046850
v 0.112842 0.171245 0.000000
v 0.116190 0.191527 0.000000
v -0.040796 0.705371 0.091002
v -0.041744 0.699809 0.093106
v -0.031258 0.698683 0.108880
v -0.004204 0.000107 -0.083280
v -0.041512 0.000139 -0.060572
v -0.012766 0.000107 -0.079640
v -0.047809 0.727846 -0.020398
v -0.051118 0.723445 -0.021804
v -0.032192 0.741487 -0.013758
v -0.032915 0.741487 0.000000
v -0.050782 0.587669 -0.021661
v -0.048462 0.571336 -0.020675
v -0.048855 0.565886 0.000000
v -0.046194 0.480974 -0.019711
v -0.048586 0.472462 0.000000
v -0.047230 0.480974 0.000000
v -0.013991 0.528485 -0.087181
v -0.031546 0.480974 -0.070454
v -0.032453 0.472462 -0.072469
v -0.039274 0.472462 -0.057319
v 0.058531 0.688218 -0.051965
v 0.051865 0.674547 -0.075113
v 0.051884 0.687043 -0.075140
v 0.049146 0.707520 -0.071162
v 0.047105 0.713799 -0.068196
v -0.055614 0.715806 -0.023715
v -0.057466 0.711736 -0.024503
v -0.059595 0.709642 0.000000
v -0.056571 0.713799 0.024123
v -0.059039 0.707520 0.025172
v -0.053659 0.711736 0.047936
v 0.054737 0.391521 -0.121199
v 0.060047 0.374973 -0.132994
v 0.040945 0.391521 -0.141240
v 0.072564 0.374973 -0.105191
v -0.093623 0.339699 0.083521
v -0.098145 0.321277 0.087548
v -0.100256 0.339699 0.042694
v 0.051711 0.691743 0.074890
v 0.042848 0.690569 0.094791
v 0.051865 0.674547 0.075114
v -0.032360 0.330529 -0.200250
v -0.021197 0.416169 -0.131539
v -0.099619 0.348772 0.000000
v -0.102500 0.339699 0.000000
v -0.107450 0.321277 0.000000
v -0.105098 0.321277 0.044752
v 0.096113 0.225698 0.139409
v 0.108038 0.251073 0.096049
v 0.108394 0.242620 0.096366
v 0.116046 0.242620 0.049259
v 0.057270 0.624832 -0.024272
v 0.047762 0.587669 -0.042376
v 0.055272 0.637232 -0.049063
v 0.041000 0.576783 -0.059325
v 0.032550 0.560432 -0.071916
v 0.033443 0.571336 -0.073900
v 0.036819 0.225698 0.225568
v 0.034530 0.164207 0.211483
v 0.054948 0.157205 0.189745
v 0.056507 0.171245 0.195149
v 0.004392 0.736386 0.080290
v 0.014174 0.731932 0.086182
v 0.012106 0.737755 0.073454
v -0.011485 0.738417 0.071757
v -0.004224 0.734956 0.083673
v -0.003676 0.739062 0.073240
v -0.015422 0.576783 0.095991
v -0.014779 0.560432 0.092036
v -0.019572 0.674547 0.121536
v -0.006304 0.649648 -0.123252
v -0.006132 0.637232 -0.119966
v -0.018465 0.637232 -0.114723
v -0.015192 0.571336 -0.094576
v -0.047416 0.587669 0.042376
v -0.044616 0.565886 0.039883
v -0.040654 0.576783 0.059326
v -0.080476 0.122598 0.117189
v -0.088751 0.096000 0.037803
v -0.070537 0.056736 0.062964
v -0.085910 0.105856 0.076653
v -0.027002 0.744636 0.000000
v -0.032915 0.741487 0.000000
v -0.028372 0.743651 0.012135
v -0.015980 0.748433 0.006867
v -0.014994 0.747851 0.022038
v -0.018748 0.705371 0.116462
v -0.019253 0.698683 0.119571
v -0.006375 0.699809 0.124601
v -0.039544 0.710693 0.088221
v -0.030603 0.704269 0.106611
v -0.029066 0.712772 0.101288
v 0.008190 0.749316 0.017807
v 0.013532 0.748433 0.019413
v 0.014118 0.748916 0.005929
v 0.000460 0.750353 -0.005458
v 0.001186 0.749645 -0.019270
v -0.001079 0.749316 -0.023830
v 0.028876 0.734221 -0.063756
v 0.045020 0.718750 -0.065166
v 0.060707 0.707520 0.000001
v 0.062695 0.687043 0.026579
v 0.064068 0.674547 0.000001
v 0.063950 0.690569 0.000001
v 0.045628 0.096000 0.157461
v 0.061004 0.096000 0.135119
v 0.042392 0.016178 0.093778
v 0.012370 0.267952 -0.232104
v 0.012555 0.242620 -0.235627
v 0.012300 0.191527 -0.230763
v 0.012199 0.184739 -0.228840
v -0.011853 0.184739 -0.228840
v -0.068528 0.339699 0.152601
v -0.048136 0.357733 0.167348
v -0.046396 0.366567 0.161318
v 0.046038 0.498174 0.000000
v 0.046632 0.489554 0.000000
v 0.045035 0.498174 -0.019072
v 0.041766 0.518095 0.037037
v 0.044720 0.507693 0.018938
v 0.044707 0.518095 0.018932
v 0.019193 0.704269 -0.117077
v 0.006721 0.699809 -0.124600
v 0.006639 0.703162 -0.123033
v -0.006418 0.697553 -0.125424
v -0.042046 0.016178 -0.093778
v -0.047484 0.008082 -0.069250
v -0.050872 0.016178 -0.074173
v -0.051355 0.004141 -0.045883
v -0.019325 0.016178 -0.120014
v -0.031375 0.016178 -0.109284
v -0.006216 0.012098 -0.121577
v -0.017257 0.004141 -0.107286
v -0.018715 0.012098 -0.116264
v -0.060331 0.703162 0.025721
v -0.057590 0.696419 0.051436
v -0.056335 0.703162 0.050318
v -0.049361 0.705371 0.071978
v -0.047137 0.712772 0.068746
v -0.076064 0.177977 0.169339
v -0.055419 0.164207 0.192575
v -0.056794 0.177977 0.197340
v 0.042132 0.734221 -0.017837
v 0.049227 0.727846 0.000001
v -0.018689 0.738417 -0.065341
v 0.004579 0.748916 -0.027118
v 0.002245 0.747529 -0.039432
v -0.001553 0.748433 -0.032845
v 0.018811 0.637232 -0.114723
v 0.018211 0.624832 -0.111032
v 0.040530 0.637232 -0.089643
v 0.029359 0.624832 -0.101105
v 0.030330 0.637232 -0.104466
v 0.047830 0.008082 -0.069250
v 0.041072 0.012098 -0.090847
v 0.026881 0.000908 0.092520
v 0.026673 0.000701 0.091799
v 0.035477 0.000597 0.078417
v 0.027486 0.001850 -0.094617
v 0.026972 0.001013 -0.092837
v 0.016883 0.001344 -0.102856
v -0.008774 0.383280 0.170248
v -0.005249 0.459201 0.103169
v -0.005539 0.450292 0.108679
v 0.005733 0.454730 0.105806
v -0.038929 0.728690 -0.056818
v -0.046536 0.725241 -0.041592
v -0.043310 0.729520 -0.038719
v 0.022435 0.000065 0.032348
v 0.025936 0.000139 0.089245
v 0.017797 0.715806 -0.108483
v 0.018763 0.708584 -0.114431
v 0.006500 0.707520 -0.120405
v 0.027314 0.720664 -0.094018
v 0.048198 0.476707 0.000000
v 0.048699 0.468240 -0.020629
v 0.047148 0.476707 -0.019970
v 0.043477 0.480974 -0.038561
v 0.045494 0.468240 -0.040356
v 0.040308 0.468240 -0.058320
v -0.005652 0.000040 -0.035853
v -0.041971 0.587669 -0.061239
v -0.044616 0.565886 -0.039883
v -0.047416 0.587669 -0.042376
v -0.050958 0.662084 -0.074298
v -0.057565 0.662084 -0.051413
v 0.079383 0.218849 -0.175944
v 0.078254 0.267952 -0.173437
v -0.049392 0.046951 -0.110095
v -0.033817 0.028698 -0.117743
v 0.019061 0.012098 -0.116264
v 0.004991 0.533674 0.091681
v 0.052266 0.587669 0.000000
v 0.004933 0.507693 -0.090586
v 0.004967 0.498174 -0.091227
v -0.004621 0.498174 -0.091227
v 0.024185 0.476707 -0.083182
v -0.047211 0.459201 -0.042194
v -0.051859 0.454730 -0.022120
v -0.049390 0.463704 -0.021070
v -0.059886 0.432867 -0.025532
v -0.068981 0.416169 0.000000
v -0.061228 0.432867 0.000000
v -0.049671 0.122598 0.172663
v -0.034185 0.164207 0.211483
v 0.107515 0.205163 -0.095583
v 0.106160 0.191527 -0.094377
v 0.093250 0.184739 -0.135250
v -0.090978 0.171245 -0.132450
v -0.099905 0.157205 -0.089115
v 0.019456 0.700932 0.118697
v 0.019659 0.697553 0.119943
v 0.031494 0.699809 0.108502
v 0.006854 0.687043 0.127137
v 0.006852 0.674547 0.127091
v 0.019918 0.674547 0.121536
v -0.096569 0.143292 -0.086145
v -0.045230 0.538859 -0.019301
v -0.045357 0.518095 0.000000
v -0.046245 0.538859 0.000000
v -0.046245 0.538859 0.000000
v -0.045357 0.518095 0.000000
v -0.044362 0.518095 0.018932
v 0.049523 0.726121 -0.020979
v 0.044986 0.727846 -0.039904
v 0.043655 0.729520 -0.038719
v 0.035538 0.733472 -0.051388
v 0.040990 0.726121 -0.059310
v 0.033932 0.726121 -0.074987
v -0.036488 0.234161 0.225662
v -0.034827 0.293173 0.215435
v -0.028086 0.716797 -0.097891
v -0.029711 0.709642 -0.103520
v -0.039257 0.711736 -0.087582
v 0.068874 0.339699 0.152601
v 0.085344 0.330529 0.123761
v 0.080906 0.348772 0.117312
v 0.085258 0.366567 0.075764
v 0.088438 0.357733 0.078597
v 0.094680 0.357733 0.040176
v 0.023972 0.729520 0.082442
v 0.025738 0.725241 0.088559
v 0.033469 0.726990 0.073960
v 0.028690 0.715806 0.098785
v -0.107150 0.259517 0.095566
v -0.033097 0.571336 0.073900
v -0.031458 0.549508 0.070259
v -0.023463 0.549508 0.081876
v -0.038972 0.560432 0.056882
v -0.063722 0.674547 0.000000
v -0.061967 0.702049 0.000000
v -0.048160 0.728690 0.000000
v -0.048501 0.726990 0.020692
v -0.046385 0.729520 0.019793
v -0.041050 0.735678 0.000000
v -0.042585 0.733472 0.018177
v -0.037600 0.737755 0.016058
v 0.024978 0.468240 0.085927
v 0.025508 0.463704 0.087764
v 0.034078 0.463704 0.075311
v 0.004933 0.507693 0.090586
v 0.004994 0.493860 0.091739
v 0.014529 0.489554 0.088370
v -0.071841 0.321277 -0.159958
v 0.061889 0.016178 0.026236
v 0.063268 0.016178 -0.000000
v 0.057793 0.008082 0.024495
v 0.031900 0.339699 -0.195295
v 0.028954 0.366567 -0.177157
v 0.025372 0.391521 -0.155108
v 0.048145 0.000496 0.042717
v 0.047920 0.000401 0.042517
v 0.027210 0.001344 0.093660
v 0.036451 0.001462 0.080582
v -0.026424 0.454730 0.092136
v -0.016712 0.450292 0.103929
v -0.015855 0.459201 0.098660
v 0.054390 0.001462 -0.000000
v 0.052766 0.001120 -0.022358
v 0.053205 0.001462 -0.022545
v 0.050320 0.002136 -0.044654
v 0.049572 0.001344 -0.043988
v 0.044035 0.001462 -0.063736
v -0.046100 0.416169 -0.102783
v -0.034534 0.459201 -0.077091
v -0.036388 0.450292 -0.081209
v -0.042862 0.454730 -0.062534
v 0.011838 0.302584 0.221974
v 0.035172 0.293173 0.215435
v 0.012574 0.234161 0.235975
v 0.041766 0.518095 -0.037037
v 0.042281 0.533674 -0.037495
v 0.047398 0.624832 -0.068621
v 0.034636 0.738417 0.030689
v 0.009497 0.743135 0.057392
v 0.014264 0.744151 0.048815
v 0.034389 0.740304 0.014547
v 0.037073 0.738417 0.015687
v 0.035154 0.740304 0.000001
v 0.042931 0.733472 0.018178
v 0.046258 0.731141 0.000001
v 0.043886 0.733472 0.000001
v 0.034078 0.463704 -0.075311
v 0.025508 0.463704 -0.087763
v 0.049847 0.432867 -0.072181
v 0.056120 0.416169 -0.081295
v 0.046446 0.416169 -0.102783
v -0.025054 0.726121 -0.087386
v -0.034482 0.724349 -0.076976
v -0.017605 0.714807 -0.109431
v 0.048482 0.357733 0.167348
v 0.050069 0.348772 0.172844
v 0.066946 0.348772 0.148319
v 0.031010 0.348772 0.189815
v -0.021967 0.741487 0.049178
v -0.025070 0.738417 0.056070
v -0.018238 0.739062 0.063777
v 0.006573 0.705371 0.121785
v 0.006332 0.711736 0.117208
v 0.005713 0.000701 -0.105420
v -0.005266 0.000316 -0.103501
v -0.005430 0.001013 -0.106611
v -0.027907 0.003787 -0.097273
v -0.026936 0.001462 -0.093907
v 0.029636 0.711736 -0.102064
v 0.091324 0.171245 -0.132451
v 0.075563 0.171245 -0.167459
v 0.094033 0.191527 0.136386
v 0.093791 0.276374 -0.136035
v -0.014000 0.498173 0.087240
v -0.004648 0.493860 0.091739
v -0.047364 0.000316 0.042330
v -0.041512 0.000139 0.060572
v -0.041925 0.000316 0.061172
v -0.036558 0.002136 0.081587
v -0.035805 0.001120 0.079915
v -0.026711 0.001120 0.093129
v -0.031812 0.554973 -0.071045
v -0.013901 0.507693 -0.086627
v -0.022598 0.507693 -0.078882
v -0.019354 0.743651 -0.043373
v -0.025817 0.742053 -0.037766
v -0.022628 0.744151 -0.033131
v -0.007587 0.745563 -0.047767
v -0.013415 0.744636 -0.047068
v -0.011862 0.745999 -0.041690
v 0.042927 0.674547 0.094967
v 0.048967 0.637232 0.070903
v 0.115106 0.205163 -0.048859
v 0.108553 0.234161 -0.096508
v -0.103296 0.293173 -0.092135
v -0.113968 0.267952 -0.048523
v -0.110613 0.293173 -0.047097
v 0.096791 0.357733 0.000000
v 0.099964 0.348772 0.000000
v 0.097784 0.348772 -0.041496
v 0.097784 0.348772 0.041496
v -0.047211 0.459201 0.042194
v -0.049742 0.450292 0.044447
v -0.044031 0.450292 0.064232
v -0.050498 0.463704 0.000000
v -0.051859 0.454730 0.022120
v -0.049390 0.463704 0.021070
v -0.043690 0.001462 -0.063736
v -0.048246 0.000701 -0.043114
v -0.049731 0.001850 -0.044438
v -0.052995 0.001586 -0.022603
v -0.052077 0.000908 -0.022212
v -0.053244 0.000908 0.000000
v -0.115546 0.276374 0.000000
v -0.102804 0.330529 -0.043777
v -0.107450 0.321277 0.000000
v -0.102500 0.339699 0.000000
v -0.035586 0.276374 -0.220110
v -0.010832 0.330529 -0.209401
v 0.065401 0.115733 0.144886
v 0.005587 0.724349 -0.103014
v 0.005070 0.730337 -0.093183
v -0.003770 0.738417 -0.075036
v 0.053618 0.450292 -0.022720
v 0.056751 0.441513 -0.024052
v 0.056265 0.432867 -0.049948
v 0.051506 0.445886 -0.045710
v 0.058184 0.713799 0.000001
v 0.052609 0.723445 0.000001
v 0.005595 0.459201 -0.103169
v 0.005884 0.450292 -0.108679
v -0.005539 0.450292 -0.108679
v 0.006591 0.432867 -0.122129
v -0.006640 0.424470 -0.129644
v -0.005873 0.441513 -0.115051
v -0.042232 0.538859 -0.037759
v -0.041420 0.518095 -0.037037
v -0.044362 0.518095 -0.018932
v -0.037380 0.538859 -0.054567
v -0.112496 0.171245 0.000000
v -0.109376 0.157205 0.000000
v -0.075537 0.056736 0.032186
v -0.046245 0.538859 0.000000
v -0.045230 0.538859 0.019302
v -0.043012 0.549508 0.038454
v -0.041698 0.528485 0.037284
v -0.037380 0.538859 0.054567
v 0.022944 0.507693 -0.078882
v 0.014346 0.498174 -0.087240
v 0.014231 0.512895 -0.086535
v 0.023090 0.528485 -0.079386
v -0.063604 0.690569 0.000000
v -0.062326 0.674547 0.026569
v -0.059595 0.709642 0.000000
v -0.061967 0.702049 0.000000
v 0.103150 0.330529 -0.043777
v 0.026163 0.742053 -0.037766
v 0.029962 0.739062 -0.043285
v 0.022950 0.740904 -0.050592
v 0.012208 0.745999 -0.041690
v -0.015749 0.000139 0.098008
v -0.008536 0.744151 0.053607
v 0.118761 0.225698 0.000000
v -0.069088 0.037173 -0.029444
v -0.067806 0.028698 0.000000
v -0.077229 0.056736 0.000000
v -0.058735 0.008082 0.000000
v -0.012228 0.234161 -0.235975
v -0.012201 0.218849 -0.235459
v -0.036408 0.218849 -0.225168
v 0.012569 0.225698 -0.235877
v 0.053169 0.713799 0.047192
v 0.050445 0.702049 0.073050
v 0.057779 0.697553 0.051296
v -0.006486 0.691743 -0.126711
v 0.006850 0.688218 -0.127063
v 0.089096 0.096000 -0.037803
v -0.019568 0.688218 -0.121509
v -0.030755 0.703162 -0.107137
v -0.042581 0.674547 0.094967
v -0.050507 0.699809 0.073642
v -0.025162 0.463704 -0.087764
v -0.014080 0.493860 -0.087729
v -0.023057 0.489554 -0.080469
v -0.022760 0.498174 -0.079440
v -0.041790 0.459201 0.060975
v -0.035421 0.454730 0.079063
v -0.033732 0.463704 0.075311
v 0.040165 0.709642 0.088833
v -0.040600 0.391521 -0.141240
v -0.031676 0.729520 -0.070743
v -0.036482 0.731932 -0.053262
v -0.042759 0.722531 -0.062383
v 0.035725 0.184739 0.218839
v 0.058590 0.198337 0.202363
v 0.038522 0.480974 0.055725
v 0.044716 0.472462 0.039664
v 0.043477 0.480974 0.038561
v 0.040308 0.468240 0.058320
v 0.042135 0.459201 0.060975
v 0.046462 0.463704 0.041219
v 0.102123 0.302584 -0.090782
v 0.115085 0.259517 -0.048851
v -0.029616 0.739062 0.043286
v -0.025817 0.742053 0.037766
v -0.023371 0.745999 0.010009
v -0.058198 0.674547 -0.051977
v -0.055666 0.012098 0.049722
v -0.038461 0.737078 -0.016424
v -0.044905 0.731141 -0.019163
v -0.041050 0.735678 0.000000
v 0.024583 0.743135 0.035471
v 0.026163 0.742053 0.037767
v 0.029521 0.742053 0.026134
v 0.019565 0.747529 0.008244
v -0.006216 0.012098 0.121577
v -0.001080 0.749316 0.023831
v 0.001545 0.750353 0.004754
v 0.006917 0.749919 0.006006
v -0.090929 0.366567 -0.038728
v -0.067470 0.416169 -0.028756
v 0.012717 0.747851 -0.027863
v 0.017299 0.747851 -0.015249
v 0.006917 0.749919 -0.006005
v 0.011707 0.748916 -0.016759
v 0.002393 0.750353 -0.003225
v 0.096349 0.330529 0.085641
v -0.054454 0.001850 0.000000
v -0.054520 0.003437 0.023250
v -0.051669 0.000701 0.022039
v -0.051435 0.000597 0.021939
v -0.047799 0.000496 0.042717
v 0.056507 0.171245 -0.195149
v 0.055764 0.164207 -0.192575
v 0.034530 0.164207 -0.211483
v 0.054098 0.001230 -0.000000
v 0.052933 0.000597 -0.000000
v 0.083223 0.096000 -0.073953
v 0.063622 0.020312 -0.026973
v 0.016551 0.000701 -0.100813
v 0.006986 0.424470 0.129644
v -0.005873 0.441513 0.115052
v 0.006219 0.441513 0.115052
v 0.006721 0.699809 0.124601
v 0.023219 0.533674 0.079835
v 0.030841 0.528485 0.068122
v 0.031804 0.549508 0.070259
v 0.015323 0.565886 0.093256
v 0.014780 0.549508 0.089916
v 0.023574 0.544038 0.081065
v -0.046942 0.105856 -0.163210
v -0.030664 0.348772 -0.189815
v 0.005073 0.485257 0.093253
v 0.014821 0.480974 0.090165
v 0.005359 0.468240 0.098677
v 0.005469 0.463704 0.100786
v 0.015503 0.468240 0.094364
v 0.005810 0.001230 0.107260
v 0.016618 0.000804 0.101226
v 0.017217 0.002441 0.104910
v -0.085420 0.383280 0.000000
v 0.066144 0.391521 0.095862
v 0.081917 0.374973 0.072790
v 0.075522 0.366567 0.109489
v -0.036661 0.518095 0.053523
v -0.030496 0.528485 0.068122
v -0.030301 0.507693 0.067690
v -0.022599 0.507693 0.078882
v 0.095696 0.251073 0.138803
v -0.102756 0.171245 -0.091653
v -0.004397 0.733472 0.086948
v -0.005029 0.726990 0.098977
v 0.043357 0.549508 0.038454
v 0.042281 0.533674 0.037495
v 0.045258 0.533674 0.019167
v 0.037253 0.528485 0.053881
v 0.037725 0.538859 0.054567
v -0.079038 0.218849 -0.175944
v -0.078450 0.205163 -0.174640
v -0.095304 0.212002 -0.138735
v -0.058835 0.212002 -0.204408
v 0.047830 0.008082 0.069250
v 0.044036 0.001462 0.063736
v 0.042857 0.000597 0.062024
v -0.034305 0.000139 0.076582
v -0.025590 0.000139 0.089245
v -0.025960 0.000401 0.090527
v -0.028749 0.441513 0.100186
v -0.032417 0.424470 0.112894
v -0.019969 0.424470 0.123978
v -0.040912 0.432867 0.091260
v -0.041925 0.000316 -0.061172
v -0.107971 0.218848 0.096297
v -0.107169 0.205163 0.095583
v -0.095303 0.212002 0.138735
v -0.115618 0.218848 0.049224
v -0.036137 0.205164 -0.223499
v 0.049783 0.468240 0.000000
v 0.050843 0.463704 0.000000
v -0.016537 0.001344 0.102856
v -0.016334 0.000908 0.101604
v -0.005390 0.000804 0.105853
v 0.048967 0.637232 -0.070902
v -0.015627 0.725241 -0.097254
v -0.011604 0.171245 0.224104
v -0.011093 0.150234 0.214384
v 0.011795 0.164207 0.221148
v -0.030887 0.538859 -0.068990
v -0.030292 0.518095 -0.067670
v -0.036661 0.518095 -0.053523
v -0.023036 0.538859 -0.080397
v -0.059595 0.709642 0.000000
v -0.050957 0.725241 0.000000
v -0.055811 0.717778 0.000000
v 0.037914 0.004141 -0.083833
v 0.035310 0.000496 -0.078047
v 0.036544 0.001586 -0.080789
v 0.046463 0.463704 -0.041219
v 0.043208 0.454730 -0.062534
v 0.041166 0.463704 -0.059566
v 0.043786 0.424470 -0.096875
v 0.038877 0.441513 -0.085971
v 0.020784 0.735678 0.071400
v -0.041407 0.702049 -0.092357
v -0.077993 0.357733 0.113582
v -0.080560 0.348772 0.117312
v -0.066601 0.348772 0.148319
v 0.072293 0.150234 -0.160196
v 0.069702 0.136374 -0.154440
v 0.051090 0.129477 -0.176383
v 0.087371 0.150234 -0.126706
v 0.044377 0.450292 0.064232
v 0.046968 0.441513 0.067998
v 0.040945 0.391521 0.141240
v -0.009151 0.743135 -0.057391
v 0.003531 0.742053 -0.063899
v 0.002798 0.745563 -0.049950
v 0.078339 0.357733 -0.113582
v 0.066144 0.391521 -0.095862
v -0.005985 0.008082 -0.117169
v -0.015978 0.000401 -0.099415
v -0.016054 0.000496 -0.099883
v -0.014315 0.485257 -0.089177
v -0.014668 0.476707 -0.091349
v -0.023528 0.480974 -0.082104
v -0.004583 0.512895 -0.090490
v 0.024687 0.565886 -0.084918
v 0.023574 0.544038 -0.081065
v -0.040820 0.463704 -0.059566
v -0.049742 0.450292 -0.044447
v 0.026782 0.000804 -0.092176
v 0.023614 0.485257 -0.081204
v 0.014821 0.480974 -0.090165
v -0.059121 0.225698 -0.205400
v 0.020236 0.746810 -0.017865
v 0.023782 0.743651 -0.034305
v 0.022313 0.741487 -0.049177
v 0.018356 0.744636 -0.040389
v 0.011439 0.150234 -0.214384
v 0.010817 0.129477 -0.202553
v -0.010897 0.143292 -0.210634
v 0.032897 0.143292 -0.201429
v -0.019300 0.745999 0.028296
v -0.027391 0.743135 0.024545
v -0.030054 0.741487 0.026916
v 0.011439 0.150234 0.214384
v 0.032897 0.143292 0.201429
v -0.032551 0.143292 0.201429
v -0.029684 0.357733 0.183779
v -0.051163 0.339699 0.177834
v -0.053022 0.454730 0.000000
v -0.053022 0.454730 0.000000
v -0.022744 0.528485 0.079386
v -0.014171 0.538859 0.088291
v -0.013897 0.518095 0.086602
v -0.004586 0.518095 0.090560
v -0.117842 0.212002 0.000000
v -0.118415 0.225698 0.000000
v -0.117842 0.212002 0.000000
v 0.100602 0.339699 -0.042694
v -0.088093 0.357733 0.078597
v 0.030490 0.731932 -0.067340
v 0.072628 0.046951 -0.030802
v -0.063604 0.690569 0.000000
v -0.063722 0.674547 0.000000
v 0.096915 0.143292 0.086145
v 0.103756 0.143292 0.044035
v -0.062148 0.366567 -0.138428
v -0.064478 0.357733 -0.143603
v -0.077993 0.357733 -0.113582
v -0.046396 0.366567 -0.161318
v 0.019700 0.743651 0.043374
v 0.009546 0.747851 0.032471
v 0.017940 0.746810 0.025818
v -0.061648 0.662084 -0.026280
v -0.004588 0.507693 0.090586
v -0.004679 0.538859 0.092327
v -0.049958 0.649648 0.072845
v -0.040185 0.637232 0.089644
v -0.041290 0.649648 0.092099
v -0.009740 0.747529 -0.034338
v -0.016733 0.747181 -0.024565
v -0.013187 0.748433 -0.019412
v -0.015933 0.745999 -0.035775
v -0.079178 0.225698 0.176256
v -0.078795 0.212002 0.175405
v -0.095767 0.225698 0.139409
v -0.059121 0.225698 0.205401
v -0.007056 0.416169 0.137551
v 0.007401 0.416169 0.137551
v -0.043454 0.001230 0.063393
v -0.040496 0.732709 -0.036213
v -0.036703 0.736386 -0.032836
v 0.031374 0.700932 -0.108083
v 0.031788 0.696419 -0.109516
v 0.019659 0.697553 -0.119942
v 0.042089 0.699809 -0.093106
v 0.083895 0.383280 0.035592
v -0.093687 0.191527 0.136386
v -0.078004 0.198337 0.173649
v -0.108208 0.234161 -0.096508
v -0.115701 0.242620 -0.049259
v 0.059491 0.234161 -0.205486
v -0.015925 0.587669 -0.099087
v -0.025874 0.587669 -0.090227
v -0.031428 0.662084 -0.109468
v -0.045135 0.731932 0.000000
v -0.041050 0.735678 0.000000
v -0.045135 0.731932 0.000000
v -0.006304 0.649648 0.123252
v 0.006477 0.637232 0.119967
v 0.055455 0.716797 0.023502
v 0.056690 0.716797 0.000001
v 0.035767 0.454730 0.079063
v 0.037772 0.445886 0.083517
v -0.014068 0.731141 0.087660
v -0.012301 0.736386 0.076781
v -0.114760 0.205163 -0.048859
v -0.112363 0.184739 -0.047841
v -0.116661 0.198337 0.000000
v -0.106560 0.198337 -0.095041
v 0.042072 0.724349 0.060884
v 0.045715 0.507693 0.000000
v -0.002123 0.746810 0.043683
v 0.090122 0.164207 -0.130704
v 0.047244 0.000139 0.041915
v 0.050573 0.000139 0.021425
v -0.005213 0.000139 -0.102487
v -0.015750 0.000139 -0.098008
v -0.005213 0.000139 0.102487
v 0.016095 0.000139 -0.098008
v -0.033734 0.311957 0.208708
v -0.055626 0.302584 0.193294
v -0.020438 0.735678 0.071400
v -0.025611 0.000152 -0.089316
v -0.029281 0.008082 -0.102031
v -0.016581 0.001462 -0.103127
v -0.049357 0.001462 0.044104
v -0.052720 0.001344 0.022486
v 0.053987 0.008082 -0.047920
v 0.048482 0.357733 -0.167348
v 0.031010 0.348772 -0.189815
v 0.044491 0.731932 -0.018840
v 0.014430 0.748916 0.000001
v 0.021070 0.747181 0.000001
v -0.046760 0.713799 -0.068196
v -0.049416 0.720664 -0.044156
v -0.115872 0.234161 0.049332
v -0.118415 0.225698 0.000000
v -0.054454 0.001850 0.000000
v -0.053244 0.000908 0.000000
v 0.014764 0.743651 -0.050545
v 0.018584 0.739062 -0.063776
v 0.012378 0.737078 -0.075128
v 0.075522 0.366567 -0.109489
v 0.085258 0.366567 -0.075764
v -0.028608 0.366567 -0.177157
v -0.029684 0.357733 -0.183779
v -0.048136 0.357733 -0.167348
v -0.009563 0.366567 -0.185253
v -0.049723 0.348772 -0.172844
v -0.066601 0.348772 -0.148319
v 0.005612 0.000316 0.103501
v 0.016095 0.000139 0.098008
v 0.047866 0.472462 0.020275
v 0.046540 0.480974 0.019711
v 0.016177 0.724349 0.098513
v 0.073593 0.311957 -0.163082
v 0.059467 0.225698 0.205401
v 0.059180 0.212002 0.204408
v 0.079140 0.212002 0.175405
v -0.059886 0.432867 0.025532
v -0.067470 0.416169 0.028756
v -0.063003 0.416169 0.056255
v -0.059371 0.424470 -0.053021
v 0.041142 0.705371 -0.091001
v 0.030618 0.706448 -0.105465
v 0.010604 0.348772 -0.198490
v 0.030030 0.357733 -0.183779
v -0.090991 0.348772 -0.081178
v 0.058191 0.694086 -0.051662
v 0.051639 0.692915 -0.074785
v 0.005359 0.468240 -0.098676
v 0.041752 0.702049 0.092358
v 0.053122 0.143292 0.183420
v 0.039318 0.560432 -0.056881
v 0.037725 0.538859 -0.054567
v 0.031490 0.544038 -0.069562
v 0.045596 0.571336 -0.040447
v 0.043357 0.549508 -0.038454
v -0.005024 0.571336 -0.098898
v -0.014435 0.549509 -0.089915
v -0.023371 0.745999 -0.010009
v -0.020267 0.747181 -0.008689
v -0.019652 0.747529 0.000000
v -0.022592 0.518095 -0.078859
v 0.051304 0.662084 -0.074298
v 0.036819 0.225698 -0.225568
v 0.012509 0.212002 -0.234737
v 0.050908 0.459201 0.021568
v 0.048699 0.468240 0.020629
v 0.070617 0.330529 0.156473
v 0.051509 0.339699 0.177834
v -0.054520 0.003437 -0.023250
v 0.016201 0.459201 0.098660
v 0.017057 0.450292 0.103929
v 0.026770 0.454730 0.092136
v 0.035767 0.454730 -0.079062
v 0.033368 0.468240 -0.073735
v -0.025162 0.463704 0.087764
v -0.015158 0.468240 0.094364
v -0.077229 0.056736 0.000000
v -0.041290 0.649648 -0.092098
v -0.040185 0.637232 -0.089643
v -0.048622 0.637232 -0.070902
v -0.030810 0.649648 -0.107327
v -0.006132 0.637232 0.119967
v -0.005929 0.624832 0.116107
v -0.018465 0.637232 0.114723
v 0.039670 0.737078 0.000001
v 0.041258 0.432867 0.091260
v 0.046446 0.416169 0.102783
v 0.056120 0.416169 0.081296
v -0.024206 0.472462 -0.084452
v -0.057943 0.692915 -0.051750
v -0.051538 0.687043 -0.075140
v -0.005249 0.459201 -0.103169
v -0.010017 0.115733 -0.193896
v -0.031937 0.136374 -0.197648
v -0.011853 0.184739 0.228840
v -0.060331 0.703162 -0.025721
v -0.061507 0.697553 -0.026220
v -0.056594 0.702049 -0.050548
v 0.078350 0.198337 0.173649
v 0.077156 0.184739 0.170998
v 0.005193 0.476707 0.095524
v -0.005013 0.468240 0.098677
v 0.051327 0.696419 0.074331
v 0.058191 0.694086 0.051663
v 0.042366 0.697553 0.093722
v -0.011077 0.321277 0.214066
v 0.010905 0.339699 0.204220
v -0.009454 0.742602 -0.059258
v -0.016371 0.741487 -0.057309
v -0.015890 0.742053 -0.055643
v -0.003217 0.750150 0.007531
v -0.002334 0.750353 0.002233
v -0.011808 0.749316 0.000000
v 0.023402 0.489554 0.080469
v 0.014246 0.507693 0.086627
v -0.083550 0.383280 -0.035591
v -0.092964 0.366567 0.000000
v -0.085420 0.383280 0.000000
v -0.092964 0.366567 0.000000
v -0.031258 0.698683 -0.108880
v -0.031635 0.692915 -0.110186
v -0.042021 0.697553 -0.093721
v -0.019366 0.696419 -0.120269
v -0.052385 0.714807 0.046801
v -0.042625 0.730337 0.038110
v 0.059717 0.424470 -0.053021
v 0.026013 0.737755 -0.057395
v 0.096915 0.143292 -0.086145
v -0.058244 0.198337 -0.202363
v -0.057352 0.184739 -0.199273
v -0.077458 0.191527 -0.172435
v -0.035678 0.191527 -0.220678
v -0.046100 0.416169 0.102783
v -0.034404 0.416169 0.119778
v -0.052558 0.424470 0.076623
v -0.049502 0.432867 -0.072181
v -0.055774 0.416169 -0.081295
v -0.063003 0.416169 -0.056255
v -0.043441 0.424470 -0.096875
v -0.006419 0.697553 0.125425
v 0.042072 0.724349 -0.060883
v -0.061675 0.696419 0.026293
v -0.062689 0.698683 0.000000
v 0.037946 0.737755 0.016058
v 0.045035 0.498174 0.019072
v 0.025399 0.726121 -0.087386
v -0.031428 0.662084 0.109469
v -0.029984 0.637232 0.104466
v -0.107450 0.321277 0.000000
v -0.022086 0.732709 0.077107
v -0.023626 0.729520 0.082442
v -0.029077 0.733472 0.064971
v 0.046928 0.554973 0.019877
v 0.046590 0.538859 0.000000
v 0.115085 0.259517 0.048851
v 0.090458 0.302584 -0.131192
v 0.076836 0.284782 -0.170287
v 0.107328 0.157205 0.045553
v 0.106070 0.143292 0.000000
v 0.003631 0.741487 0.065814
v 0.024978 0.468240 -0.085927
v 0.015503 0.468240 -0.094364
v 0.015240 0.472462 -0.092744
v -0.015157 0.468240 -0.094364
v -0.004782 0.480974 -0.094286
v 0.041636 0.649648 -0.092098
v 0.050304 0.649648 -0.072844
v -0.029984 0.637232 -0.104466
v -0.018975 0.649648 -0.117865
v -0.048586 0.472462 0.000000
v -0.050498 0.463704 0.000000
v 0.014517 0.538859 0.088291
v -0.007056 0.416169 -0.137550
v -0.027478 0.374973 -0.170202
v -0.017292 0.716797 0.107503
v 0.003167 0.749645 -0.018427
v -0.009367 0.748916 -0.021190
v 0.099860 0.122598 0.000000
v -0.061228 0.432867 0.000000
v -0.061228 0.432867 0.000000
v -0.068981 0.416169 0.000000
v 0.036232 0.267952 0.221960
v 0.058518 0.267952 0.202115
v 0.070889 0.399727 0.062970
v 0.009526 0.374973 0.177981
v 0.027824 0.374973 0.170202
v -0.034313 0.302584 -0.212272
v -0.056458 0.293173 -0.196174
v -0.036933 0.498174 0.053918
v -0.037413 0.489554 0.054616
v -0.030914 0.489554 0.069051
v -0.090112 0.302584 -0.131191
v -0.093446 0.276374 -0.136035
v -0.074501 0.302584 -0.165867
v -0.057687 0.276374 0.200431
v -0.074501 0.302584 0.165867
v -0.101777 0.302584 0.090782
v -0.105541 0.276374 0.094134
v -0.091457 0.293173 0.133146
v -0.108987 0.302584 0.046405
v -0.113017 0.276374 0.048119
v -0.111425 0.302584 0.000000
v -0.077258 0.276374 0.171992
v -0.077258 0.276374 -0.171991
v -0.111425 0.302584 0.000000
v -0.115546 0.276374 0.000000
v 0.034659 0.302584 -0.212272
v 0.035932 0.276374 -0.220110
v 0.056803 0.293173 -0.196174
v -0.006075 0.709642 -0.118880
v -0.006261 0.704269 -0.122428
v -0.002877 0.743651 -0.058044
v -0.003484 0.740304 -0.069578
v 0.091337 0.348772 -0.081178
v 0.093969 0.339699 -0.083521
v 0.083237 0.339699 -0.120699
v -0.017865 0.624832 0.111033
v 0.001185 0.749645 0.019271
v 0.001663 0.748916 0.028358
v 0.113434 0.293173 0.000000
v 0.116864 0.267952 0.000000
v 0.113363 0.276374 -0.048119
v -0.106430 0.267952 -0.094925
v -0.094232 0.267952 0.137179
v 0.056803 0.293173 0.196174
v 0.077604 0.276374 0.171992
v 0.058518 0.267952 -0.202115
v 0.015240 0.472462 0.092744
v 0.112709 0.184739 -0.047841
v 0.117673 0.205163 0.000000
v -0.105254 0.150234 0.044818
v -0.097336 0.122598 0.041452
v -0.096569 0.143292 0.086145
v -0.105725 0.143292 0.000000
v 0.079557 0.234161 -0.176329
v -0.014068 0.731141 -0.087659
v -0.004644 0.731141 -0.091665
v 0.115964 0.218848 -0.049224
v 0.108317 0.218848 0.096297
v 0.095943 0.218849 -0.139162
v 0.095649 0.212002 0.138735
v 0.107515 0.205163 0.095583
v 0.005586 0.724349 0.103015
v 0.022313 0.741487 0.049179
v -0.044690 0.498174 -0.019072
v -0.046286 0.489554 0.000000
v -0.045692 0.498174 0.000000
v -0.045271 0.489554 -0.019319
v 0.054064 0.150234 -0.186684
v -0.046583 0.554973 -0.019876
v -0.047627 0.554973 0.000000
v -0.047627 0.554973 0.000000
v -0.046245 0.538859 0.000000
v -0.048622 0.637232 0.070903
v -0.041971 0.587669 0.061239
v -0.038886 0.624832 0.086760
v -0.053154 0.624832 0.047485
v 0.108317 0.218849 -0.096297
v 0.062138 0.649648 0.000001
v 0.060486 0.637232 0.000001
v 0.059168 0.637232 -0.025079
v 0.060784 0.649648 0.025767
v 0.050088 0.450292 0.044447
v -0.038645 0.713799 0.086223
v -0.028086 0.716797 0.097892
v -0.018917 0.747181 0.016999
v -0.023436 0.743651 0.034306
v -0.021812 0.744636 0.031946
v 0.005114 0.549508 0.094025
v -0.037728 0.730337 0.055074
v -0.050227 0.000139 -0.021426
v 0.048526 0.709642 0.070262
v 0.054773 0.709642 0.048620
v -0.002011 0.747181 -0.041564
v -0.031175 0.730337 0.069631
v -0.014668 0.476707 0.091349
v -0.114760 0.205163 0.048859
v -0.112363 0.184739 0.047841
v -0.105814 0.191527 0.094377
v -0.116661 0.198337 0.000000
v -0.012109 0.205164 -0.233713
v 0.057140 0.177977 0.197339
v -0.113761 0.177977 0.000000
v -0.116661 0.198337 0.000000
v -0.113761 0.177977 0.000000
v -0.094348 0.198337 -0.137347
v -0.092002 0.177977 -0.133937
v -0.104931 0.184739 -0.093590
v -0.041727 0.498174 0.037310
v -0.042269 0.489554 0.037793
v 0.023782 0.743651 0.034306
v 0.024060 0.745108 0.021271
v 0.011683 0.746415 0.039872
v 0.017669 0.745108 0.038864
v 0.018796 0.746415 0.027062
v 0.039837 0.565886 0.057636
v 0.038844 0.554973 0.056192
v 0.044376 0.560432 0.039361
v 0.033443 0.571336 0.073901
v -0.075218 0.171245 -0.167459
v -0.023251 0.730337 -0.081143
v -0.052669 0.441513 0.047053
v -0.059371 0.424470 0.053022
v -0.052669 0.441513 -0.047053
v 0.019035 0.738417 -0.065341
v 0.017663 0.740304 -0.060588
v 0.030400 0.741487 -0.026915
v 0.021655 0.746810 -0.009132
v 0.024998 0.744636 -0.022106
v 0.032411 0.000087 0.028706
v 0.009752 0.000012 -0.000000
v -0.006608 0.020312 -0.129022
v 0.006953 0.020312 -0.129022
v -0.034305 0.000139 0.076582
v -0.017702 0.441513 0.110023
v -0.006640 0.424470 0.129644
v -0.046623 0.441513 0.067998
v -0.038531 0.441513 -0.085971
v 0.050852 0.699809 -0.073641
v 0.042669 0.694086 -0.094392
v 0.057779 0.697553 -0.051295
v -0.034305 0.000139 -0.076582
v -0.025590 0.000139 -0.089245
v -0.045692 0.498174 0.000000
v -0.045271 0.489554 0.019319
v -0.044690 0.498174 0.019072
v -0.045692 0.498174 0.000000
v -0.046286 0.489554 0.000000
v -0.030517 0.498174 -0.068169
v -0.037413 0.489554 -0.054616
v -0.036933 0.498174 -0.053917
v -0.030914 0.489554 -0.069051
v -0.041727 0.498174 -0.037310
v -0.042269 0.489554 -0.037793
v -0.005735 0.716797 0.112416
v -0.016782 0.719712 0.104362
v -0.061929 0.028698 -0.055299
v -0.057468 0.016178 -0.051326
v -0.064854 0.024489 -0.027644
v -0.054823 0.028698 -0.079914
v 0.063035 0.698683 0.000001
v 0.061447 0.699809 -0.026048
v -0.054823 0.028698 0.079914
v -0.060559 0.024489 0.054080
v -0.053244 0.000908 0.000000
v -0.051103 0.695254 -0.074508
v 0.041778 0.507693 -0.037048
v -0.005592 0.002441 0.109704
v -0.005464 0.001230 0.107260
v -0.017182 0.003787 0.106824
v 0.091274 0.366567 0.038729
v 0.046741 0.366567 -0.161318
v -0.018418 0.708584 -0.114431
v -0.005891 0.713799 -0.115387
v 0.048559 0.560432 0.000000
v 0.045953 0.544038 -0.019461
v -0.057839 0.713799 0.000000
v -0.057839 0.713799 0.000000
v -0.059595 0.709642 0.000000
v 0.006811 0.694086 0.126323
v 0.021180 0.028698 0.129304
v 0.007279 0.028698 0.135213
v -0.050227 0.000139 0.021426
v -0.051353 0.000139 0.000000
v -0.046898 0.000139 0.041915
v 0.050908 0.459201 -0.021568
v 0.034205 0.734956 -0.049452
v 0.014517 0.538859 -0.088291
v 0.014278 0.523291 -0.086820
v 0.061993 0.662084 0.026281
v 0.057910 0.662084 0.051413
v -0.030810 0.649648 0.107328
v -0.018976 0.649648 0.117866
v -0.057565 0.662084 0.051413
v -0.056435 0.649648 0.050408
v -0.061648 0.662084 0.026281
v -0.060439 0.649648 0.025767
v -0.063029 0.662084 0.000000
v -0.051782 0.136374 -0.179977
v -0.066531 0.122598 -0.148164
v 0.105887 0.276374 -0.094134
v 0.031927 0.694086 0.110001
v -0.007570 0.046951 0.147336
v 0.002132 0.747851 0.037289
v -0.108208 0.234161 0.096508
v -0.079211 0.234161 -0.176329
v -0.036488 0.234161 -0.225662
v 0.030978 0.122598 -0.189616
v -0.058173 0.267952 -0.202115
v -0.034646 0.000316 0.077340
v -0.012169 0.251073 0.234852
v 0.012453 0.259517 0.233671
v 0.048768 0.454730 -0.043272
v 0.026219 0.587669 0.090228
v 0.024687 0.565886 0.084918
v 0.016270 0.587669 0.099087
v 0.051700 0.004141 0.045883
v 0.044367 0.001850 0.064218
v 0.074847 0.302584 -0.165867
v 0.056577 0.004141 -0.000000
v 0.054373 0.002761 -0.023042
v -0.034800 0.000401 -0.077682
v 0.005618 0.587669 -0.103615
v 0.005298 0.565886 -0.097518
v 0.016271 0.587669 -0.099087
v -0.056925 0.624832 -0.024273
v -0.051920 0.587669 0.000000
v -0.058200 0.624832 0.000000
v -0.058200 0.624832 0.000000
v 0.078782 0.259517 0.174608
v 0.095215 0.259517 0.138105
v 0.005559 0.000139 0.102487
v 0.037759 0.489554 -0.054616
v 0.042307 0.493860 -0.037519
v -0.019453 0.694086 0.120802
v -0.042237 0.695254 0.094203
v 0.114454 0.198337 0.048582
v -0.071948 0.150234 0.160196
v -0.067968 0.129477 0.151356
v -0.051782 0.136374 0.179977
v -0.085500 0.143292 0.124490
v -0.053718 0.150234 0.186684
v -0.057839 0.713799 0.000000
v 0.105600 0.150234 -0.044818
v 0.101812 0.136374 -0.043208
v -0.015749 0.000139 0.098008
v -0.036473 0.225698 0.225568
v -0.094056 0.105856 0.000000
v -0.101662 0.129477 0.000000
v -0.094056 0.105856 0.000000
v -0.090991 0.348772 0.081178
v -0.082891 0.339699 0.120699
v -0.097438 0.348772 0.041496
v -0.102500 0.339699 0.000000
v -0.099619 0.348772 0.000000
v -0.099619 0.348772 0.000000
v -0.080560 0.348772 -0.117312
v -0.093623 0.339699 -0.083521
v 0.010905 0.339699 -0.204220
v -0.050981 0.696419 0.074331
v -0.051538 0.687043 0.075141
v 0.064823 0.357733 0.143603
v 0.034162 0.028698 0.117743
v 0.046031 0.485257 -0.019495
v 0.019193 0.704269 0.117078
v 0.025936 0.000139 -0.089245
v 0.034650 0.000139 -0.076582
v 0.006768 0.016178 0.125499
v -0.006776 0.024489 0.132231
v -0.025590 0.000139 0.089245
v 0.007401 0.416169 -0.137550
v 0.005559 0.000139 0.102487
v 0.051699 0.000139 -0.000000
v 0.050573 0.000139 -0.021426
v 0.034650 0.000139 0.076582
v 0.041858 0.000139 0.060572
v 0.016095 0.000139 0.098008
v 0.005559 0.000139 -0.102487
v 0.045002 0.002761 -0.065140
v -0.045459 0.004141 -0.066307
v 0.060100 0.046951 -0.087079
v 0.047244 0.000139 -0.041915
v -0.046898 0.000139 -0.041915
v -0.033123 0.740904 -0.014154
v -0.041050 0.735678 0.000000
v -0.032915 0.741487 0.000000
v -0.034044 0.740304 0.014546
v 0.100602 0.339699 0.042694
v 0.103150 0.330529 0.043777
v 0.093969 0.339699 0.083521
v 0.055606 0.718750 0.000001
v -0.058244 0.198337 0.202363
v -0.035380 0.184739 0.218839
v -0.023528 0.480974 0.082104
v 0.011950 0.171245 0.224104
v 0.034990 0.171245 0.214310
v -0.056162 0.171245 -0.195149
v 0.107955 0.150234 0.000000
v -0.061948 0.694086 -0.026408
v -0.063604 0.690569 0.000000
v -0.063208 0.695254 0.000000
v -0.063208 0.695254 0.000000
v -0.005272 0.587669 -0.103615
v 0.005618 0.587669 0.103616
v 0.004570 0.734956 -0.083672
v -0.056435 0.649648 -0.050407
v -0.054926 0.637232 -0.049063
v -0.058823 0.637232 -0.025079
v -0.049958 0.649648 -0.072844
v -0.034644 0.171245 0.214310
v -0.010808 0.746810 0.038039
v -0.007907 0.745108 0.049737
v -0.002560 0.745108 0.052010
v -0.003084 0.742602 0.061967
v -0.041512 0.000139 0.060572
v -0.012210 0.242620 -0.235627
v 0.091274 0.366567 -0.038728
v 0.041858 0.000139 -0.060572
v -0.032260 0.020312 0.112352
v 0.012515 0.251073 0.234852
v -0.085500 0.143292 -0.124490
v -0.069356 0.136374 -0.154440
v -0.090896 0.122598 0.081093
v 0.045660 0.028698 -0.101037
v 0.042392 0.016178 -0.093778
v 0.031720 0.016178 -0.109284
v 0.053956 0.024489 -0.078152
v 0.056781 0.649648 0.050408
v 0.051304 0.662084 0.074299
v -0.057590 0.696419 -0.051435
v -0.050842 0.697553 -0.074128
v 0.042463 0.662084 0.093937
v 0.041636 0.649648 0.092099
v 0.050304 0.649648 0.072845
v 0.031774 0.662084 0.109469
v 0.061993 0.662084 -0.026280
v 0.060784 0.649648 -0.025766
v 0.056781 0.649648 -0.050407
v 0.063375 0.662084 0.000001
v -0.019358 0.662084 0.120217
v 0.031774 0.662084 -0.109468
v 0.031156 0.649648 -0.107327
v 0.042463 0.662084 -0.093936
v 0.019703 0.662084 -0.120216
v -0.006434 0.662084 0.125711
v 0.034162 0.028698 -0.117743
v 0.020716 0.024489 -0.126452
v 0.057812 0.711736 0.024504
v 0.037759 0.489554 0.054616
v 0.031544 0.485257 0.069682
v 0.061852 0.697553 0.026221
v 0.061574 0.432867 0.000000
v 0.063928 0.424470 -0.027103
v 0.006562 0.012098 -0.121577
v -0.022769 0.745563 0.020429
v -0.034684 0.587669 -0.077425
v -0.006571 0.749919 -0.006005
v -0.011808 0.749316 0.000000
v -0.002334 0.750353 0.002233
v 0.002009 0.750353 -0.004078
v 0.021543 0.416169 -0.131539
v 0.037420 0.003094 0.082734
v 0.088438 0.357733 -0.078596
v 0.069702 0.136374 0.154440
v 0.084238 0.136374 0.122153
v 0.014529 0.489554 -0.088370
v 0.005128 0.480974 -0.094286
v -0.004683 0.489554 -0.092409
v 0.005029 0.489554 -0.092409
v -0.062922 0.016178 0.000000
v -0.067806 0.028698 0.000000
v -0.062922 0.016178 0.000000
v -0.027002 0.744636 0.000000
v -0.027002 0.744636 0.000000
v -0.029014 0.624832 0.101106
v -0.054926 0.637232 0.049064
v -0.056925 0.624832 0.024273
v -0.060141 0.637232 0.000000
v -0.015980 0.748433 -0.006866
v -0.019652 0.747529 0.000000
v 0.035030 0.587669 -0.077425
v -0.046898 0.000139 -0.041915
v -0.050227 0.000139 -0.021426
v 0.030647 0.507693 -0.067689
v 0.031035 0.493860 -0.068551
v 0.023234 0.493860 -0.079886
v 0.037278 0.498174 -0.053917
v 0.045616 0.489554 0.019319
v -0.007576 0.000012 -0.011260
v -0.009196 0.000012 0.003983
v 0.000173 -0.000016 -0.000000
v -0.006236 0.000012 0.014237
v 0.040842 0.732709 -0.036213
v -0.041432 0.507693 0.037048
v -0.036672 0.507693 0.053539
v -0.013901 0.507693 0.086627
v 0.026219 0.587669 -0.090227
v -0.028127 0.740304 -0.041122
v -0.032629 0.739691 -0.029209
v -0.050957 0.725241 0.000000
v 0.099782 0.129477 0.042345
v 0.091241 0.122598 0.081093
v -0.017780 0.739691 -0.062192
v -0.046583 0.554973 0.019876
v -0.047627 0.554973 0.000000
v -0.044311 0.024489 -0.098808
v -0.020371 0.024489 -0.126452
v -0.005537 0.001850 -0.108655
v 0.062485 0.691743 0.026490
v 0.013760 0.744636 -0.047068
v 0.087241 0.321277 0.126518
v -0.006422 0.016178 0.125499
v -0.020370 0.024489 0.126452
v -0.105725 0.143292 0.000000
v -0.109376 0.157205 0.000000
v 0.008190 0.749316 -0.017806
v 0.019646 0.745999 0.028297
v -0.035586 0.276374 0.220110
v 0.036476 0.259517 0.223459
v -0.063604 0.690569 0.000000
v -0.118289 0.242620 0.000000
v -0.118415 0.225698 0.000000
v -0.054791 0.445886 -0.023366
v -0.056019 0.445886 0.000000
v -0.056019 0.445886 0.000000
v -0.061228 0.432867 0.000000
v -0.037427 0.445886 0.083517
v -0.027923 0.445886 -0.097326
v -0.017191 0.445886 -0.106883
v -0.054791 0.445886 0.023366
v -0.056019 0.445886 0.000000
v -0.045287 0.445886 -0.066057
v 0.045633 0.445886 -0.066057
v 0.019798 0.694086 -0.120801
v 0.004932 0.518095 -0.090560
v -0.054275 0.003094 0.023147
v -0.054454 0.001850 0.000000
v 0.047526 0.000243 -0.042166
v 0.047379 0.000188 -0.042035
v 0.050573 0.000139 -0.021426
v 0.028954 0.366567 0.177157
v 0.046741 0.366567 0.161318
v 0.028005 0.003094 0.096414
v 0.028269 0.445886 -0.097326
v 0.015258 0.748433 0.013434
v -0.054786 0.708584 0.048939
v 0.002468 0.746810 -0.043682
v 0.002579 0.746415 -0.045786
v -0.002452 0.745563 -0.049950
v 0.006219 0.441513 -0.115051
v 0.020490 0.745563 -0.029522
v -0.014522 0.746810 -0.032641
v -0.015230 0.746415 -0.034213
v 0.018047 0.441513 0.110023
v 0.052438 0.000401 -0.000000
v 0.036642 0.212002 0.224478
v 0.017451 0.003437 -0.106355
v 0.084238 0.136374 -0.122153
v -0.016341 0.748433 0.000000
v -0.048160 0.728690 0.000000
v -0.050957 0.725241 0.000000
v 0.106775 0.267952 0.094925
v 0.054219 0.066532 0.120049
v 0.011034 0.136374 0.206681
v -0.044448 0.002441 0.064838
v -0.029077 0.733472 -0.064970
v -0.032168 0.728690 0.071836
v -0.027784 0.003437 0.096846
v -0.027274 0.002136 0.095077
v 0.060232 0.432867 -0.025532
v 0.068063 0.032930 -0.028861
v 0.066653 0.024489 -0.000000
v -0.051920 0.587669 0.000000
v -0.048855 0.565886 0.000000
v -0.110034 0.171245 -0.046850
v 0.103101 0.171245 -0.091653
v 0.014155 0.747181 0.031059
v 0.005574 0.000188 -0.102781
v 0.005559 0.000139 -0.102487
v -0.005213 0.000139 -0.102487
v 0.016095 0.000139 -0.098008
v -0.053520 0.002136 -0.022826
v 0.035030 0.587669 0.077426
v 0.041640 0.582227 0.060256
v -0.063208 0.695254 0.000000
v -0.010258 0.348772 0.198490
v -0.010559 0.339699 0.204220
v -0.030665 0.348772 0.189815
v -0.049723 0.348772 0.172844
v 0.080906 0.348772 -0.117312
v 0.068874 0.339699 -0.152601
v -0.031555 0.339699 -0.195295
v -0.051163 0.339699 -0.177834
v 0.010604 0.348772 0.198490
v 0.031900 0.339699 0.195295
v 0.091337 0.348772 0.081178
v 0.010362 0.115733 -0.193896
v -0.041050 0.735678 0.000000
v -0.075177 0.366567 0.109489
v 0.062494 0.366567 -0.138428
v 0.093310 0.366567 0.000000
v 0.042615 0.489554 0.037793
v -0.015933 0.745999 0.035776
v 0.025936 0.000139 -0.089245
v 0.094680 0.357733 -0.040176
v -0.033023 0.468240 -0.073735
v -0.039963 0.468240 0.058320
v -0.045148 0.468240 0.040357
v -0.045148 0.468240 -0.040356
v -0.045314 0.028698 0.101036
v -0.094056 0.105856 0.000000
v 0.078339 0.357733 0.113582
v 0.038874 0.056736 0.134064
v -0.100256 0.339699 -0.042694
v -0.102500 0.339699 0.000000
v 0.051509 0.339699 -0.177834
v -0.010559 0.339699 -0.204220
v 0.063348 0.416169 0.056255
v -0.064478 0.357733 0.143603
v -0.096446 0.357733 0.000000
v -0.092964 0.366567 0.000000
v -0.096446 0.357733 0.000000
v -0.094334 0.357733 0.040176
v -0.092964 0.366567 0.000000
v -0.006293 0.703162 0.123034
v 0.034650 0.000139 0.076582
v 0.041891 0.000152 0.060620
v 0.025936 0.000139 0.089245
v -0.034531 0.032930 0.120217
v 0.032538 0.741487 0.013759
v -0.050498 0.463704 0.000000
v -0.048586 0.472462 0.000000
v -0.050498 0.463704 0.000000
v -0.004767 0.749919 -0.010972
v -0.002047 0.750353 -0.003226
v -0.002571 0.750353 0.000000
v -0.058735 0.008082 0.000000
v -0.062922 0.016178 0.000000
v -0.000246 0.750543 0.000000
v 0.050573 0.000139 0.021425
v 0.006798 0.695254 -0.126067
v 0.059080 0.008082 -0.000000
v -0.047033 0.000188 0.042035
v -0.046936 0.000152 0.041948
v -0.050227 0.000139 0.021426
v -0.019300 0.745999 -0.028296
v -0.111425 0.302584 0.000000
v -0.107450 0.321277 0.000000
v 0.007428 0.032930 -0.138055
v 0.026090 0.000243 0.089779
v -0.038528 0.056736 0.134064
v -0.062689 0.698683 0.000000
v -0.061967 0.702049 0.000000
v 0.044656 0.024489 0.098808
v 0.019703 0.662084 0.120217
v -0.006434 0.662084 -0.125711
v -0.063029 0.662084 0.000000
v -0.063722 0.674547 0.000000
v 0.006779 0.662084 -0.125711
v 0.006779 0.662084 0.125711
v -0.042117 0.662084 -0.093936
v -0.111425 0.302584 0.000000
v -0.005272 0.587669 0.103615
v 0.066876 0.122598 -0.148164
v 0.048914 0.115733 -0.168844
v 0.007922 0.000012 0.011260
v 0.000173 -0.000016 -0.000000
v -0.016341 0.748433 0.000000
v -0.011808 0.749316 0.000000
v -0.011808 0.749316 0.000000
v -0.118289 0.242620 0.000000
v 0.053956 0.024489 0.078151
v -0.048855 0.565886 0.000000
v 0.023580 0.740304 -0.051991
v -0.051882 0.000804 -0.022129
v -0.050951 0.000401 -0.021733
v -0.051353 0.000139 0.000000
v -0.059595 0.709642 0.000000
v -0.085420 0.383280 0.000000
v -0.068981 0.416169 0.000000
v -0.085420 0.383280 0.000000
v -0.068981 0.416169 0.000000
v 0.012208 0.745999 0.041691
v -0.030301 0.507693 -0.067689
v -0.036672 0.507693 -0.053538
v -0.041432 0.507693 -0.037048
v -0.044375 0.507693 0.018938
v -0.045357 0.518095 0.000000
v -0.044375 0.507693 -0.018938
v -0.045370 0.507693 0.000000
v -0.045357 0.518095 0.000000
v -0.045370 0.507693 0.000000
v -0.115546 0.276374 0.000000
v -0.115546 0.276374 0.000000
v -0.117306 0.259517 0.000000
v -0.035570 0.000908 0.079392
v -0.026083 0.000496 0.090953
v 0.034690 0.000087 0.014674
v 0.031599 0.000123 0.069804
v 0.048790 0.000804 -0.043292
v -0.015925 0.587669 0.099087
v 0.042317 0.587669 -0.061239
v -0.053244 0.000908 0.000000
v -0.051353 0.000139 0.000000
v -0.063722 0.674547 0.000000
v -0.063029 0.662084 0.000000
v -0.048160 0.728690 0.000000
v -0.000675 0.750353 0.005220
v -0.113761 0.177977 0.000000
v -0.117842 0.212002 0.000000
v -0.077229 0.056736 0.000000
v -0.094056 0.105856 0.000000
v -0.113761 0.177977 0.000000
v -0.112496 0.171245 0.000000
v -0.117842 0.212002 0.000000
v -0.116661 0.198337 0.000000
v -0.054454 0.001850 0.000000
v -0.026790 0.001230 -0.093402
v -0.027002 0.744636 0.000000
v -0.019652 0.747529 0.000000
v -0.019652 0.747529 0.000000
v -0.002773 0.744151 -0.056057
v -0.041512 0.000139 -0.060572
v -0.034404 0.000188 -0.076802
v -0.109376 0.157205 0.000000
v 0.011892 0.749316 0.004982
v -0.009196 0.000012 0.003983
v -0.035116 0.000088 0.000000
v -0.035116 0.000088 0.000000
v -0.051353 0.000139 0.000000
v -0.035116 0.000088 0.000000
v -0.058200 0.624832 0.000000
v -0.051920 0.587669 0.000000
v -0.048855 0.565886 0.000000
v -0.047627 0.554973 0.000000
v -0.000246 0.750543 0.000000
v 0.047526 0.000243 0.042166
v -0.048160 0.728690 0.000000
v -0.045135 0.731932 0.000000
v 0.048076 0.723445 -0.042655
v -0.002334 0.750353 0.002233
v 0.009542 0.000012 0.003983
v -0.063029 0.662084 0.000000
v -0.061793 0.649648 0.000000
v -0.025590 0.000139 -0.089245
v -0.034305 0.000139 -0.076582
v -0.053022 0.454730 0.000000
v -0.056019 0.445886 0.000000
v -0.053022 0.454730 0.000000
v 0.052007 0.000243 -0.000000
v 0.051699 0.000139 -0.000000
v -0.019652 0.747529 0.000000
v -0.016341 0.748433 0.000000
v 0.000173 -0.000016 -0.000000
v 0.000173 -0.000016 -0.000000
v 0.000173 -0.000016 -0.000000
v 0.022827 0.731932 0.078476
v -0.015750 0.000139 -0.098008
v -0.000246 0.750543 0.000000
v -0.000246 0.750543 0.000000
v -0.000246 0.750543 0.000000
v 0.003861 0.000088 -0.070191
v -0.046286 0.489554 0.000000
v -0.047230 0.480974 0.000000
v -0.046286 0.489554 0.000000
v -0.047230 0.480974 0.000000
v -0.000246 0.750543 0.000000
v -0.000246 0.750543 0.000000
v -0.002571 0.750353 0.000000
v -0.105725 0.143292 0.000000
v -0.101662 0.129477 0.000000
v -0.054454 0.001850 0.000000
v -0.062689 0.698683 0.000000
v -0.063208 0.695254 0.000000
v -0.055811 0.717778 0.000000
v -0.057839 0.713799 0.000000
v 0.047244 0.000139 0.041915
v 0.000173 -0.000016 -0.000000
v -0.009406 0.000012 0.000000
v -0.009196 0.000012 0.003983
v -0.009406 0.000012 0.000000
v 0.000173 -0.000016 -0.000000
v 0.000173 -0.000016 -0.000000
v 0.008923 0.000012 0.007792
v 0.000173 -0.000016 -0.000000
v 0.000173 -0.000016 -0.000000
v -0.025404 0.745108 -0.010873
v -0.027002 0.744636 0.000000
v -0.016847 0.740904 0.058959
v -0.096446 0.357733 0.000000
v -0.099619 0.348772 0.000000
v -0.096446 0.357733 0.000000
v -0.000246 0.750543 0.000000
v -0.005229 0.000188 -0.102781
v 0.041858 0.000139 0.060572
v -0.032915 0.741487 0.000000
v -0.027002 0.744636 0.000000
v -0.013810 0.747181 -0.031058
v -0.102500 0.339699 0.000000
v -0.011808 0.749316 0.000000
v -0.046898 0.000139 0.041915
v -0.035116 0.000088 0.000000
v 0.034749 0.000188 -0.076802
v 0.034650 0.000139 -0.076582
v -0.061793 0.649648 0.000000
v -0.060141 0.637232 0.000000
v -0.058200 0.624832 0.000000
v -0.045370 0.507693 0.000000
v -0.045692 0.498174 0.000000
v -0.045370 0.507693 0.000000
v -0.067806 0.028698 0.000000
v 0.047244 0.000139 -0.041915
v -0.016341 0.748433 0.000000
v -0.051353 0.000139 0.000000
v 0.038168 0.000123 0.055211
vt 0.564527 0.500000
vt 0.586638 0.533333
vt 0.564527 0.533333
vt 0.728481 0.066667
vt 0.745118 0.100000
vt 0.728481 0.100000
vt 0.542434 0.933333
vt 0.564527 0.933333
vt 0.564527 0.966667
vt 0.509400 0.633333
vt 0.520396 0.633333
vt 0.520396 0.666667
vt 0.542434 0.666667
vt 0.564527 0.666667
vt 0.553475 0.700000
vt 0.807120 0.266667
vt 0.879137 0.266667
vt 0.831177 0.300000
vt 0.531407 0.200000
vt 0.542434 0.200000
vt 0.542434 0.233333
vt 0.158686 0.966667
vt 0.173174 1.000000
vt 0.158686 1.000000
vt 0.250382 0.500000
vt 0.256737 0.533333
vt 0.231291 0.533333
vt 0.231291 0.133333
vt 0.256737 0.166667
vt 0.231291 0.166667
vt 0.158686 0.266667
vt 0.173174 0.300000
vt 0.158686 0.300000
vt 0.052522 0.666667
vt 0.062780 0.666667
vt 0.057651 0.700000
vt 0.807120 0.866667
vt 0.867181 0.900000
vt 0.807120 0.900000
vt 0.736801 0.966667
vt 0.745118 1.000000
vt 0.728481 1.000000
vt 0.712629 0.666667
vt 0.728481 0.700000
vt 0.712629 0.700000
vt 0.819151 0.466667
vt 0.879137 0.500000
vt 0.831177 0.500000
vt 0.111255 0.633333
vt 0.129791 0.666667
vt 0.113976 0.666667
vt 0.250382 0.900000
vt 0.269440 0.900000
vt 0.269440 0.933333
vt 0.062780 0.200000
vt 0.070488 0.200000
vt 0.071772 0.233333
vt 0.044813 0.866667
vt 0.052522 0.866667
vt 0.046098 0.900000
vt 0.575583 0.233333
vt 0.606278 0.233333
vt 0.606278 0.266667
vt 0.786752 0.200000
vt 0.807120 0.233333
vt 0.778415 0.233333
vt 0.906565 0.466667
vt 0.173174 0.433333
vt 0.187692 0.433333
vt 0.187692 0.466667
vt 0.066634 0.433333
vt 0.067918 0.466667
vt 0.061498 0.466667
vt 0.542434 0.100000
vt 0.564527 0.100000
vt 0.553475 0.133333
vt 0.509400 0.933333
vt 0.520396 0.966667
vt 0.509400 0.966667
vt 0.736801 0.033333
vt 0.745118 0.066667
vt 0.487812 0.333333
vt 0.498416 0.366667
vt 0.466583 0.366667
vt 0.173174 0.366667
vt 0.187692 0.366667
vt 0.187692 0.400000
vt 0.111255 0.033333
vt 0.129791 0.066667
vt 0.109894 0.066667
vt 0.067918 0.066667
vt 0.076933 0.100000
vt 0.067918 0.100000
vt 0.728481 0.766667
vt 0.745118 0.766667
vt 0.728481 0.800000
vt 0.625883 0.800000
vt 0.645464 0.833333
vt 0.625883 0.833333
vt 0.542434 0.333333
vt 0.564527 0.333333
vt 0.564527 0.366667
vt 0.728481 0.366667
vt 0.745118 0.366667
vt 0.728481 0.400000
vt 0.386349 0.666667
vt 0.397152 0.700000
vt 0.386349 0.700000
vt 0.158686 0.700000
vt 0.173174 0.733333
vt 0.158686 0.733333
vt 0.819151 0.666667
vt 0.879137 0.700000
vt 0.807120 0.700000
vt 0.129791 0.766667
vt 0.144229 0.800000
vt 0.129791 0.800000
vt 0.053804 0.833333
vt 0.043529 0.300000
vt 0.047383 0.333333
vt 0.035789 0.333333
vt 0.013453 0.133333
vt 0.021465 0.133333
vt 0.021465 0.200000
vt 0.129791 0.533333
vt 0.144229 0.566667
vt 0.129791 0.566667
vt 0.073057 0.533333
vt 0.078225 0.533333
vt 0.075641 0.566667
vt 0.645464 0.066667
vt 0.655251 0.100000
vt 0.635676 0.100000
vt 0.635676 0.966667
vt 0.645464 1.000000
vt 0.625883 1.000000
vt 0.413374 0.800000
vt 0.434671 0.833333
vt 0.413374 0.833333
vt 0.509400 0.733333
vt 0.520396 0.766667
vt 0.509400 0.766667
vt 0.542434 0.566667
vt 0.564527 0.566667
vt 0.553475 0.600000
vt 0.786752 0.533333
vt 0.795092 0.566667
vt 0.778415 0.566667
vt 0.655251 0.433333
vt 0.672967 0.466667
vt 0.655251 0.466667
vt 0.586638 0.366667
vt 0.606278 0.400000
vt 0.575583 0.400000
vt 0.043529 0.533333
vt 0.051237 0.566667
vt 0.042245 0.566667
vt 0.025375 0.266667
vt 0.029295 0.266667
vt 0.025375 0.300000
vt 0.819151 0.166667
vt 0.879137 0.200000
vt 0.807120 0.200000
vt 0.959180 0.566667
vt 0.988920 0.700000
vt 0.951568 0.600000
vt 0.819151 0.600000
vt 0.786752 0.600000
vt 0.466583 0.066667
vt 0.487812 0.100000
vt 0.434671 0.100000
vt 0.158686 0.000000
vt 0.173174 0.000000
vt 0.173174 0.033333
vt 0.424025 0.433333
vt 0.434671 0.466667
vt 0.407966 0.466667
vt 0.306180 0.500000
vt 0.324225 0.533333
vt 0.306180 0.533333
vt 0.066634 0.700000
vt 0.097820 0.766667
vt 0.099148 0.800000
vt 0.093835 0.800000
vt 0.173174 0.333333
vt 0.158686 0.333333
vt 0.073057 0.433333
vt 0.080809 0.433333
vt 0.073057 0.466667
vt 0.665040 0.666667
vt 0.688831 0.666667
vt 0.688831 0.700000
vt 0.645464 0.566667
vt 0.655251 0.600000
vt 0.635676 0.600000
vt 0.753437 0.800000
vt 0.753437 0.833333
vt 0.736801 0.833333
vt 0.867181 0.766667
vt 0.901396 0.766667
vt 0.879137 0.800000
vt 0.075641 0.033333
vt 0.075641 0.066667
vt 0.074349 0.966667
vt 0.078225 1.000000
vt 0.067918 1.000000
vt 0.680898 0.200000
vt 0.696764 0.200000
vt 0.688831 0.233333
vt 0.645464 0.133333
vt 0.625883 0.133333
vt 0.655251 0.233333
vt 0.672967 0.233333
vt 0.665040 0.266667
vt 0.778415 0.300000
vt 0.413374 0.300000
vt 0.434671 0.300000
vt 0.424025 0.333333
vt 0.498416 0.200000
vt 0.509400 0.233333
vt 0.498416 0.233333
vt 0.736801 0.866667
vt 0.753437 0.866667
vt 0.745118 0.900000
vt 0.625883 0.866667
vt 0.645464 0.866667
vt 0.645464 0.900000
vt 0.786752 0.933333
vt 0.831177 0.933333
vt 0.807120 0.966667
vt 0.030603 0.500000
vt 0.035789 0.533333
vt 0.031911 0.533333
vt 0.010774 0.933333
vt 0.010774 0.833333
vt 0.013453 0.933333
vt 0.477203 0.900000
vt 0.498416 0.933333
vt 0.477203 0.933333
vt 0.355223 0.033333
vt 0.365195 0.066667
vt 0.355223 0.066667
vt 0.879137 0.400000
vt 0.901396 0.433333
vt 0.867181 0.433333
vt 0.916947 0.333333
vt 0.927494 0.333333
vt 0.927494 0.366667
vt 0.056369 0.266667
vt 0.062780 0.266667
vt 0.060216 0.300000
vt 0.087307 0.300000
vt 0.093835 0.333333
vt 0.086002 0.333333
vt 0.542434 0.600000
vt 0.424025 0.500000
vt 0.129791 0.100000
vt 0.144229 0.100000
vt 0.144229 0.133333
vt 0.067918 0.133333
vt 0.075641 0.133333
vt 0.075641 0.166667
vt 0.073057 0.833333
vt 0.079517 0.866667
vt 0.075641 0.866667
vt 0.084697 0.933333
vt 0.089918 0.933333
vt 0.089918 0.966667
vt 0.477203 0.033333
vt 0.498416 0.033333
vt 0.498416 0.066667
vt 0.625883 0.000000
vt 0.645464 0.033333
vt 0.625883 0.033333
vt 0.375565 0.800000
vt 0.386349 0.800000
vt 0.386349 0.833333
vt 0.365195 0.733333
vt 0.370176 0.766667
vt 0.365195 0.766667
vt 0.355223 0.133333
vt 0.365195 0.133333
vt 0.365195 0.166667
vt 0.355223 0.100000
vt 0.365195 0.100000
vt 0.819151 0.100000
vt 0.831177 0.133333
vt 0.795092 0.133333
vt 0.932895 0.066667
vt 0.932895 0.100000
vt 0.927494 0.100000
vt 0.477203 0.866667
vt 0.498416 0.900000
vt 0.553475 0.800000
vt 0.564527 0.833333
vt 0.542434 0.833333
vt 0.945673 0.533333
vt 0.244023 0.233333
vt 0.269440 0.233333
vt 0.250382 0.266667
vt 0.318208 0.333333
vt 0.335243 0.333333
vt 0.340241 0.366667
vt 0.635676 0.766667
vt 0.645464 0.800000
vt 0.635676 0.666667
vt 0.645464 0.700000
vt 0.625883 0.700000
vt 0.037081 0.700000
vt 0.051237 0.733333
vt 0.039663 0.733333
vt 0.022767 0.666667
vt 0.026681 0.633333
vt 0.025375 0.700000
vt 0.680898 0.266667
vt 0.704698 0.266667
vt 0.696764 0.300000
vt 0.645464 0.366667
vt 0.665040 0.366667
vt 0.655251 0.400000
vt 0.819151 0.633333
vt 0.879137 0.633333
vt 0.879137 0.666667
vt 0.927494 0.733333
vt 0.935801 0.733333
vt 0.933886 0.766667
vt 0.115337 0.833333
vt 0.129791 0.833333
vt 0.129791 0.866667
vt 0.089918 0.866667
vt 0.097820 0.900000
vt 0.089918 0.900000
vt 0.655251 0.966667
vt 0.672967 0.966667
vt 0.665040 1.000000
vt 0.625883 0.900000
vt 0.635676 0.933333
vt 0.044813 0.400000
vt 0.056369 0.400000
vt 0.053804 0.433333
vt 0.033204 0.466667
vt 0.038372 0.500000
vt 0.064065 0.166667
vt 0.037081 0.133333
vt 0.039663 0.166667
vt 0.031911 0.166667
vt 0.129791 0.633333
vt 0.300168 0.600000
vt 0.318208 0.600000
vt 0.318208 0.633333
vt 0.927494 0.000000
vt 0.927494 0.033333
vt 0.916947 0.033333
vt 0.927494 0.966667
vt 0.936253 1.000000
vt 0.927494 1.000000
vt 0.807120 0.800000
vt 0.867181 0.833333
vt 0.922188 0.833333
vt 0.932895 0.866667
vt 0.922188 0.866667
vt 0.026681 0.933333
vt 0.033204 0.933333
vt 0.034497 0.966667
vt 0.047383 0.066667
vt 0.056369 0.066667
vt 0.052522 0.100000
vt 0.086002 0.533333
vt 0.089918 0.566667
vt 0.080809 0.566667
vt 0.075641 0.633333
vt 0.084697 0.633333
vt 0.080809 0.666667
vt 0.680898 0.166667
vt 0.736801 0.133333
vt 0.927494 0.266667
vt 0.927494 0.300000
vt 0.916947 0.300000
vt 0.939185 0.200000
vt 0.940398 0.233333
vt 0.938572 0.233333
vt 0.635676 0.500000
vt 0.655251 0.500000
vt 0.645464 0.533333
vt 0.728481 0.533333
vt 0.736801 0.533333
vt 0.736801 0.566667
vt 0.318208 0.366667
vt 0.391748 0.466667
vt 0.402558 0.500000
vt 0.386349 0.500000
vt 0.553475 0.433333
vt 0.575583 0.466667
vt 0.553475 0.466667
vt 0.575583 0.433333
vt 0.596462 0.433333
vt 0.606278 0.466667
vt 0.115337 0.133333
vt 0.129791 0.166667
vt 0.109894 0.166667
vt 0.115337 0.200000
vt 0.129791 0.233333
vt 0.109894 0.233333
vt 0.477203 0.166667
vt 0.487812 0.200000
vt 0.434671 0.200000
vt 0.498416 0.133333
vt 0.477203 0.133333
vt 0.745118 0.400000
vt 0.745118 0.433333
vt 0.704698 0.433333
vt 0.728481 0.433333
vt 0.720558 0.466667
vt 0.688831 0.600000
vt 0.704698 0.633333
vt 0.688831 0.633333
vt 0.355223 0.933333
vt 0.365195 0.933333
vt 0.365195 0.966667
vt 0.355223 0.900000
vt 0.244023 0.833333
vt 0.263090 0.833333
vt 0.244023 0.866667
vt 0.288149 0.733333
vt 0.300168 0.766667
vt 0.275791 0.766667
vt 0.075641 0.700000
vt 0.082100 0.733333
vt 0.075641 0.733333
vt 0.113976 0.700000
vt 0.129791 0.700000
vt 0.129791 0.733333
vt 0.115337 0.433333
vt 0.129791 0.433333
vt 0.129791 0.466667
vt 0.109894 0.533333
vt 0.911744 0.400000
vt 0.927494 0.433333
vt 0.911744 0.433333
vt 0.937337 0.433333
vt 0.939490 0.466667
vt 0.935801 0.466667
vt 0.786752 0.900000
vt 0.665040 0.900000
vt 0.680898 0.933333
vt 0.665040 0.933333
vt 0.335243 0.133333
vt 0.345238 0.166667
vt 0.335243 0.166667
vt 0.402558 0.333333
vt 0.951568 0.266667
vt 0.988920 0.300000
vt 0.978196 0.333333
vt 0.922188 0.666667
vt 0.933392 0.666667
vt 0.927494 0.700000
vt 0.938572 0.566667
vt 0.940398 0.600000
vt 0.939185 0.600000
vt 0.115337 0.933333
vt 0.129791 0.966667
vt 0.115337 0.966667
vt 0.109894 0.866667
vt 0.129791 0.900000
vt 0.413374 0.666667
vt 0.434671 0.666667
vt 0.413374 0.700000
vt 0.477203 0.733333
vt 0.498416 0.733333
vt 0.487812 0.766667
vt 0.625883 0.000000
vt 0.645464 0.000000
vt 0.728481 0.000000
vt 0.728481 0.033333
vt 0.355223 0.600000
vt 0.360211 0.633333
vt 0.350233 0.633333
vt 0.455953 0.533333
vt 0.487812 0.566667
vt 0.466583 0.566667
vt 0.542434 0.300000
vt 0.564527 0.300000
vt 0.645464 0.300000
vt 0.655251 0.333333
vt 0.635676 0.333333
vt 0.250382 0.700000
vt 0.275791 0.700000
vt 0.269440 0.733333
vt 0.300168 0.633333
vt 0.553475 0.900000
vt 0.531407 0.866667
vt 0.531407 0.900000
vt 0.052522 0.366667
vt 0.046098 0.366667
vt 0.074349 0.333333
vt 0.083392 0.366667
vt 0.074349 0.366667
vt 0.237659 0.433333
vt 0.250382 0.466667
vt 0.231291 0.466667
vt 0.318208 0.400000
vt 0.335243 0.400000
vt 0.335243 0.433333
vt 0.906565 0.566667
vt 0.922188 0.566667
vt 0.916947 0.600000
vt 0.922188 0.500000
vt 0.927494 0.533333
vt 0.922188 0.533333
vt 0.728481 0.733333
vt 0.819151 0.733333
vt 0.867181 0.733333
vt 0.795092 0.333333
vt 0.786752 0.400000
vt 0.831177 0.400000
vt 0.819151 0.433333
vt 0.111255 0.300000
vt 0.129791 0.333333
vt 0.113976 0.333333
vt 0.082100 0.400000
vt 0.076933 0.400000
vt 0.095163 0.433333
vt 0.099148 0.466667
vt 0.089918 0.466667
vt 0.096492 0.533333
vt 0.096492 0.566667
vt 0.048667 0.766667
vt 0.052522 0.800000
vt 0.044813 0.800000
vt 0.070488 0.766667
vt 0.076933 0.766667
vt 0.073057 0.800000
vt 0.542434 0.633333
vt 0.635676 0.633333
vt 0.231291 0.000000
vt 0.250382 0.033333
vt 0.231291 0.033333
vt 0.927494 0.933333
vt 0.922188 0.966667
vt 0.937559 0.833333
vt 0.938572 0.866667
vt 0.936905 0.866667
vt 0.087307 0.200000
vt 0.089918 0.233333
vt 0.083392 0.233333
vt 0.076933 0.266667
vt 0.083392 0.300000
vt 0.076933 0.300000
vt 0.542434 0.166667
vt 0.553475 0.166667
vt 0.625883 0.166667
vt 0.645464 0.166667
vt 0.625883 0.200000
vt 0.542434 0.500000
vt 0.455953 0.500000
vt 0.487812 0.500000
vt 0.487812 0.533333
vt 0.625883 0.566667
vt 0.655251 0.533333
vt 0.932895 0.233333
vt 0.934861 0.266667
vt 0.922188 0.166667
vt 0.927494 0.200000
vt 0.916947 0.200000
vt 0.542434 0.733333
vt 0.564527 0.733333
vt 0.564527 0.766667
vt 0.586638 0.733333
vt 0.616085 0.766667
vt 0.586638 0.766667
vt 0.413374 0.400000
vt 0.402558 0.433333
vt 0.360211 0.333333
vt 0.370176 0.366667
vt 0.360211 0.366667
vt 0.553475 0.266667
vt 0.498416 0.266667
vt 0.509400 0.266667
vt 0.509400 0.300000
vt 0.355223 0.000000
vt 0.365195 0.000000
vt 0.365195 0.033333
vt 0.487812 0.400000
vt 0.306180 0.266667
vt 0.318208 0.300000
vt 0.306180 0.300000
vt 0.345238 0.200000
vt 0.360211 0.233333
vt 0.350233 0.233333
vt 0.916947 0.100000
vt 0.922188 0.133333
vt 0.911744 0.133333
vt 0.927494 0.133333
vt 0.933392 0.166667
vt 0.927494 0.166667
vt 0.761758 0.966667
vt 0.786752 0.966667
vt 0.778415 1.000000
vt 0.867181 0.000000
vt 0.901396 0.000000
vt 0.906565 0.033333
vt 0.728481 0.466667
vt 0.728481 0.500000
vt 0.704698 0.500000
vt 0.093835 0.133333
vt 0.100476 0.133333
vt 0.101803 0.166667
vt 0.951568 0.766667
vt 0.940398 0.900000
vt 0.951568 0.800000
vt 0.064065 0.966667
vt 0.070488 0.966667
vt 0.039663 0.966667
vt 0.039663 1.000000
vt 0.231291 0.966667
vt 0.250382 0.966667
vt 0.256737 1.000000
vt 0.355223 0.966667
vt 0.365195 1.000000
vt 0.355223 1.000000
vt 0.300168 0.800000
vt 0.355223 0.866667
vt 0.365195 0.866667
vt 0.365195 0.900000
vt 0.113976 0.566667
vt 0.129791 0.600000
vt 0.115337 0.600000
vt 0.091223 0.600000
vt 0.083392 0.600000
vt 0.080809 0.966667
vt 0.086002 0.966667
vt 0.088612 1.000000
vt 0.083392 0.033333
vt 0.091223 0.033333
vt 0.086002 0.066667
vt 0.466583 0.633333
vt 0.487812 0.633333
vt 0.466583 0.666667
vt 0.487812 0.600000
vt 0.531407 0.066667
vt 0.553475 0.066667
vt 0.531407 0.033333
vt 0.109894 0.400000
vt 0.111255 0.366667
vt 0.129791 0.400000
vt 0.542434 0.800000
vt 0.434671 0.800000
vt 0.520396 1.000000
vt 0.531407 0.000000
vt 0.553475 0.000000
vt 0.553475 0.033333
vt 0.665040 0.400000
vt 0.635676 0.433333
vt 0.645464 0.433333
vt 0.645464 0.466667
vt 0.187692 0.533333
vt 0.231291 0.566667
vt 0.173174 0.566667
vt 0.244023 0.600000
vt 0.263090 0.633333
vt 0.250382 0.633333
vt 0.665040 0.300000
vt 0.736801 0.300000
vt 0.745118 0.333333
vt 0.728481 0.333333
vt 0.049952 0.266667
vt 0.057651 0.300000
vt 0.047383 0.300000
vt 0.046098 0.200000
vt 0.052522 0.233333
vt 0.044813 0.233333
vt 0.244023 0.200000
vt 0.263090 0.200000
vt 0.129791 0.200000
vt 0.158686 0.766667
vt 0.173174 0.766667
vt 0.173174 0.800000
vt 0.250382 0.800000
vt 0.231291 0.066667
vt 0.256737 0.066667
vt 0.244023 0.100000
vt 0.786752 0.100000
vt 0.819151 0.033333
vt 0.867181 0.066667
vt 0.807120 0.066667
vt 0.031911 0.000000
vt 0.039663 0.000000
vt 0.034497 0.033333
vt 0.018795 0.033333
vt 0.021465 0.100000
vt 0.093835 0.200000
vt 0.101803 0.200000
vt 0.100476 0.233333
vt 0.087307 0.133333
vt 0.095163 0.166667
vt 0.084697 0.166667
vt 0.013453 0.366667
vt 0.018795 0.400000
vt 0.016126 0.466667
vt 0.002699 0.733333
vt 0.010774 0.733333
vt 0.013453 0.766667
vt 0.053804 0.633333
vt 0.076933 0.600000
vt 0.091223 0.500000
vt 0.115337 0.466667
vt 0.129791 0.500000
vt 0.111255 0.500000
vt 0.819151 0.333333
vt 0.819151 0.366667
vt 0.916947 0.366667
vt 0.616085 0.733333
vt 0.645464 0.733333
vt 0.704698 0.733333
vt 0.712629 0.733333
vt 0.712629 0.766667
vt 0.531407 0.133333
vt 0.509400 0.166667
vt 0.498416 0.166667
vt 0.335243 0.500000
vt 0.345238 0.500000
vt 0.335243 0.533333
vt 0.312193 0.433333
vt 0.324225 0.466667
vt 0.312193 0.466667
vt 0.095163 0.700000
vt 0.100476 0.733333
vt 0.096492 0.733333
vt 0.103130 0.766667
vt 0.916947 0.866667
vt 0.927494 0.900000
vt 0.916947 0.900000
vt 0.932895 0.933333
vt 0.916947 0.800000
vt 0.916947 0.833333
vt 0.922188 0.766667
vt 0.932895 0.800000
vt 0.922188 0.800000
vt 0.096492 0.033333
vt 0.104456 0.066667
vt 0.096492 0.066667
vt 0.093835 0.100000
vt 0.084697 0.100000
vt 0.720558 0.133333
vt 0.736801 0.166667
vt 0.720558 0.166667
vt 0.053804 0.533333
vt 0.064065 0.500000
vt 0.046098 0.833333
vt 0.016126 0.700000
vt 0.022767 0.733333
vt 0.018795 0.766667
vt 0.173174 0.700000
vt 0.187692 0.700000
vt 0.173174 0.633333
vt 0.187692 0.666667
vt 0.173174 0.666667
vt 0.927494 0.600000
vt 0.922188 0.633333
vt 0.938034 0.333333
vt 0.938572 0.333333
vt 0.938874 0.366667
vt 0.936253 0.666667
vt 0.937791 0.666667
vt 0.937120 0.700000
vt 0.477203 0.233333
vt 0.380955 0.233333
vt 0.391748 0.233333
vt 0.386349 0.266667
vt 0.062780 0.900000
vt 0.067918 0.933333
vt 0.061498 0.933333
vt 0.968170 0.400000
vt 0.940398 0.333333
vt 0.080809 0.700000
vt 0.089918 0.700000
vt 0.091223 0.733333
vt 0.074349 0.666667
vt 0.360211 0.500000
vt 0.370176 0.533333
vt 0.360211 0.533333
vt 0.355223 0.566667
vt 0.370176 0.566667
vt 0.370176 0.600000
vt 0.978196 0.800000
vt 0.231291 0.900000
vt 0.256737 0.933333
vt 0.231291 0.933333
vt 0.144229 0.900000
vt 0.144229 0.933333
vt 0.672967 0.633333
vt 0.616085 0.633333
vt 0.879137 0.866667
vt 0.901396 0.833333
vt 0.922188 0.700000
vt 0.294158 0.266667
vt 0.231291 0.500000
vt 0.324225 0.733333
vt 0.335243 0.733333
vt 0.335243 0.766667
vt 0.360211 0.666667
vt 0.380955 0.933333
vt 0.386349 0.966667
vt 0.375565 0.966667
vt 0.413374 0.966667
vt 0.434671 1.000000
vt 0.413374 1.000000
vt 0.786752 0.166667
vt 0.736801 0.200000
vt 0.688831 0.566667
vt 0.704698 0.566667
vt 0.712629 0.600000
vt 0.728481 0.900000
vt 0.745118 0.933333
vt 0.099148 0.300000
vt 0.103130 0.300000
vt 0.100476 0.333333
vt 0.115337 0.266667
vt 0.129791 0.266667
vt 0.129791 0.300000
vt 0.761758 0.933333
vt 0.288149 0.966667
vt 0.312193 1.000000
vt 0.288149 1.000000
vt 0.288149 0.000000
vt 0.312193 0.000000
vt 0.312193 0.033333
vt 0.066634 0.533333
vt 0.064065 0.566667
vt 0.061498 0.566667
vt 0.055087 0.600000
vt 0.066634 0.600000
vt 0.066634 0.633333
vt 0.655251 0.200000
vt 0.586638 0.200000
vt 0.079517 0.833333
vt 0.088612 0.833333
vt 0.086002 0.866667
vt 0.531407 0.366667
vt 0.542434 0.400000
vt 0.520396 0.400000
vt 0.498416 0.433333
vt 0.509400 0.433333
vt 0.509400 0.466667
vt 0.061498 0.333333
vt 0.067918 0.333333
vt 0.065349 0.366667
vt 0.080809 0.333333
vt 0.625883 0.066667
vt 0.250382 0.133333
vt 0.275791 0.133333
vt 0.275791 0.166667
vt 0.263090 0.100000
vt 0.129791 1.000000
vt 0.097820 1.000000
vt 0.062780 0.000000
vt 0.065349 0.033333
vt 0.061498 0.033333
vt 0.051237 0.000000
vt 0.055087 0.033333
vt 0.047383 0.033333
vt 0.370176 0.333333
vt 0.375565 0.333333
vt 0.375565 0.366667
vt 0.324225 0.266667
vt 0.340241 0.266667
vt 0.345238 0.300000
vt 0.553475 0.866667
vt 0.916947 0.466667
vt 0.916947 0.500000
vt 0.927494 0.466667
vt 0.531407 0.700000
vt 0.498416 0.700000
vt 0.466583 0.700000
vt 0.939185 0.433333
vt 0.939490 0.433333
vt 0.937120 0.333333
vt 0.936905 0.366667
vt 0.386349 0.166667
vt 0.391748 0.200000
vt 0.380955 0.200000
vt 0.936905 0.500000
vt 0.937559 0.533333
vt 0.936905 0.533333
vt 0.935801 0.566667
vt 0.937120 0.566667
vt 0.936905 0.600000
vt 0.434671 0.866667
vt 0.380955 0.866667
vt 0.391748 0.866667
vt 0.386349 0.900000
vt 0.575583 0.266667
vt 0.586638 0.300000
vt 0.655251 0.266667
vt 0.312193 0.566667
vt 0.294158 0.566667
vt 0.187692 0.600000
vt 0.046098 0.433333
vt 0.035789 0.300000
vt 0.033204 0.333333
vt 0.042245 0.466667
vt 0.046098 0.466667
vt 0.042245 0.500000
vt 0.055087 0.466667
vt 0.058934 0.500000
vt 0.055087 0.500000
vt 0.375565 0.633333
vt 0.375565 0.666667
vt 0.413374 0.600000
vt 0.434671 0.600000
vt 0.434671 0.633333
vt 0.066634 0.833333
vt 0.069203 0.866667
vt 0.082100 0.800000
vt 0.509400 0.333333
vt 0.520396 0.333333
vt 0.520396 0.366667
vt 0.520396 0.300000
vt 0.039663 0.133333
vt 0.046098 0.133333
vt 0.044813 0.166667
vt 0.093835 0.266667
vt 0.086002 0.266667
vt 0.938572 0.733333
vt 0.939774 0.766667
vt 0.937791 0.766667
vt 0.933392 0.833333
vt 0.936905 0.833333
vt 0.086002 0.666667
vt 0.728481 0.600000
vt 0.728481 0.633333
vt 0.704698 0.400000
vt 0.606278 0.600000
vt 0.335243 0.200000
vt 0.340241 0.233333
vt 0.939774 0.066667
vt 0.940398 0.100000
vt 0.939774 0.100000
vt 0.935801 0.133333
vt 0.937559 0.133333
vt 0.937559 0.166667
vt 0.269440 0.866667
vt 0.324225 0.800000
vt 0.324225 0.833333
vt 0.034497 0.866667
vt 0.038372 0.900000
vt 0.033204 0.900000
vt 0.029295 0.800000
vt 0.031911 0.833333
vt 0.027988 0.833333
vt 0.129791 0.366667
vt 0.173174 0.400000
vt 0.688831 0.533333
vt 0.655251 0.566667
vt 0.586638 0.933333
vt 0.616085 0.966667
vt 0.586638 0.966667
vt 0.509400 0.500000
vt 0.520396 0.500000
vt 0.520396 0.533333
vt 0.520396 0.466667
vt 0.380955 0.066667
vt 0.391748 0.066667
vt 0.391748 0.100000
vt 0.375565 0.000000
vt 0.386349 0.033333
vt 0.375565 0.033333
vt 0.936905 0.900000
vt 0.938572 0.933333
vt 0.936253 0.933333
vt 0.936690 0.966667
vt 0.938034 0.966667
vt 0.938034 1.000000
vt 0.606278 1.000000
vt 0.542434 0.966667
vt 0.553475 1.000000
vt 0.531407 1.000000
vt 0.606278 0.800000
vt 0.542434 0.766667
vt 0.795092 0.366667
vt 0.069203 0.733333
vt 0.060216 0.733333
vt 0.046098 0.766667
vt 0.391748 0.533333
vt 0.402558 0.533333
vt 0.413374 0.566667
vt 0.397152 0.566667
vt 0.083392 0.500000
vt 0.070488 0.500000
vt 0.380955 0.733333
vt 0.391748 0.733333
vt 0.391748 0.766667
vt 0.413374 0.733333
vt 0.424025 0.766667
vt 0.402558 0.766667
vt 0.288149 0.933333
vt 0.312193 0.933333
vt 0.312193 0.966667
vt 0.288149 0.900000
vt 0.728481 0.000000
vt 0.745118 0.000000
vt 0.867181 0.033333
vt 0.288149 0.000000
vt 0.288149 0.033333
vt 0.275791 0.066667
vt 0.300168 0.066667
vt 0.288149 0.100000
vt 0.324225 0.666667
vt 0.335243 0.700000
vt 0.318208 0.700000
vt 0.300168 0.666667
vt 0.111255 0.000000
vt 0.129791 0.033333
vt 0.088612 0.000000
vt 0.097820 0.000000
vt 0.542434 0.533333
vt 0.038372 0.600000
vt 0.044813 0.600000
vt 0.040954 0.633333
vt 0.027988 0.666667
vt 0.940398 0.200000
vt 0.033204 0.200000
vt 0.665040 0.500000
vt 0.891061 0.966667
vt 0.901396 1.000000
vt 0.867181 1.000000
vt 0.927494 1.000000
vt 0.655251 0.766667
vt 0.672967 0.766667
vt 0.672967 0.800000
vt 0.665040 0.733333
vt 0.083392 0.433333
vt 0.097820 0.400000
vt 0.103130 0.433333
vt 0.109894 0.766667
vt 0.113976 0.733333
vt 0.819151 0.533333
vt 0.113976 0.800000
vt 0.096492 0.833333
vt 0.129791 0.133333
vt 0.100476 0.100000
vt 0.375565 0.833333
vt 0.340241 0.800000
vt 0.345238 0.833333
vt 0.335243 0.833333
vt 0.380955 0.100000
vt 0.386349 0.133333
vt 0.375565 0.133333
vt 0.088612 0.366667
vt 0.466583 0.833333
vt 0.061498 0.866667
vt 0.057651 0.900000
vt 0.071772 0.900000
vt 0.712629 0.300000
vt 0.696764 0.333333
vt 0.355223 0.400000
vt 0.365195 0.433333
vt 0.355223 0.433333
vt 0.370176 0.400000
vt 0.380955 0.400000
vt 0.375565 0.433333
vt 0.575583 0.566667
vt 0.625883 0.533333
vt 0.044813 0.100000
vt 0.038372 0.100000
vt 0.027988 0.033333
vt 0.129791 0.933333
vt 0.922188 0.066667
vt 0.048667 0.966667
vt 0.058934 0.966667
vt 0.051237 1.000000
vt 0.035789 0.400000
vt 0.038372 0.400000
vt 0.038372 0.433333
vt 0.022767 0.466667
vt 0.922188 0.233333
vt 0.013453 0.233333
vt 0.002699 0.333333
vt 0.008088 0.433333
vt 0.498416 0.966667
vt 0.434671 0.966667
vt 0.021465 0.633333
vt 0.021465 0.566667
vt 0.008088 0.566667
vt 0.016126 0.600000
vt 0.002699 0.600000
vt 0.542434 0.433333
vt 0.936253 0.000000
vt 0.933886 0.033333
vt 0.938572 0.033333
vt 0.938874 0.033333
vt 0.939185 0.066667
vt 0.728481 0.666667
vt 0.736801 0.666667
vt 0.736801 0.700000
vt 0.937337 0.500000
vt 0.938874 0.500000
vt 0.819151 0.566667
vt 0.911744 0.533333
vt 0.938572 0.700000
vt 0.424025 0.266667
vt 0.402558 0.233333
vt 0.402558 0.266667
vt 0.100476 0.266667
vt 0.294158 0.333333
vt 0.300168 0.366667
vt 0.275791 0.366667
vt 0.256737 0.300000
vt 0.275791 0.300000
vt 0.282142 0.333333
vt 0.807120 0.833333
vt 0.520396 0.800000
vt 0.350233 0.266667
vt 0.355223 0.300000
vt 0.370176 0.266667
vt 0.375565 0.266667
vt 0.370176 0.300000
vt 0.937337 0.266667
vt 0.938293 0.300000
vt 0.935337 0.300000
vt 0.477203 0.000000
vt 0.466583 0.400000
vt 0.487812 0.433333
vt 0.498416 0.400000
vt 0.312193 0.100000
vt 0.300168 0.133333
vt 0.324225 0.133333
vt 0.324225 0.166667
vt 0.635676 0.400000
vt 0.728481 0.933333
vt 0.055087 0.233333
vt 0.065349 0.233333
vt 0.275791 0.433333
vt 0.294158 0.433333
vt 0.294158 0.466667
vt 0.300168 0.400000
vt 0.288149 0.400000
vt 0.672967 0.866667
vt 0.688831 0.866667
vt 0.680898 0.900000
vt 0.680898 0.833333
vt 0.927494 0.400000
vt 0.936905 0.400000
vt 0.938874 0.400000
vt 0.940398 0.133333
vt 0.940398 0.166667
vt 0.939490 0.166667
vt 0.402558 0.166667
vt 0.424025 0.166667
vt 0.424025 0.200000
vt 0.413374 0.133333
vt 0.939774 0.900000
vt 0.672967 0.066667
vt 0.688831 0.066667
vt 0.680898 0.100000
vt 0.672967 0.033333
vt 0.688831 0.800000
vt 0.370176 0.500000
vt 0.375565 0.500000
vt 0.937120 0.200000
vt 0.938034 0.200000
vt 0.938293 0.233333
vt 0.173174 0.600000
vt 0.067918 0.800000
vt 0.728481 0.233333
vt 0.753437 0.233333
vt 0.736801 0.266667
vt 0.288149 0.866667
vt 0.312193 0.866667
vt 0.312193 0.900000
vt 0.288149 0.833333
vt 0.088612 0.000000
vt 0.067918 0.000000
vt 0.078225 0.000000
vt 0.932895 0.633333
vt 0.939185 0.633333
vt 0.936690 0.633333
vt 0.375565 0.566667
vt 0.386349 0.600000
vt 0.375565 0.600000
vt 0.424025 0.633333
vt 0.402558 0.633333
vt 0.051237 0.333333
vt 0.097820 0.866667
vt 0.509400 0.100000
vt 0.520396 0.100000
vt 0.520396 0.133333
vt 0.753437 0.633333
vt 0.770084 0.633333
vt 0.778415 0.666667
vt 0.753437 0.600000
vt 0.391748 0.400000
vt 0.402558 0.400000
vt 0.466583 0.333333
vt 0.035789 0.800000
vt 0.038372 0.733333
vt 0.029295 0.733333
vt 0.509400 0.600000
vt 0.466583 0.600000
vt 0.927494 0.766667
vt 0.939490 0.800000
vt 0.939185 0.800000
vt 0.350233 0.800000
vt 0.360211 0.800000
vt 0.355223 0.833333
vt 0.318208 0.766667
vt 0.256737 0.666667
vt 0.282142 0.666667
vt 0.375565 0.900000
vt 0.391748 0.933333
vt 0.938293 0.666667
vt 0.350233 0.666667
vt 0.355223 0.700000
vt 0.665040 0.833333
vt 0.025375 0.566667
vt 0.034497 0.600000
vt 0.039663 0.633333
vt 0.031911 0.633333
vt 0.753437 0.733333
vt 0.778415 0.733333
vt 0.761758 0.766667
vt 0.761758 0.700000
vt 0.027988 0.100000
vt 0.035789 0.066667
vt 0.039663 0.066667
vt 0.753437 0.266667
vt 0.761758 0.300000
vt 0.761758 0.200000
vt 0.509400 0.200000
vt 0.531407 0.166667
vt 0.386349 1.000000
vt 0.386349 0.000000
vt 0.300168 0.166667
vt 0.288149 0.200000
vt 0.312193 0.200000
vt 0.312193 0.233333
vt 0.680898 1.000000
vt 0.665040 0.000000
vt 0.680898 0.000000
vt 0.531407 0.533333
vt 0.509400 0.066667
vt 0.057651 0.633333
vt 0.879137 0.533333
vt 0.111255 1.000000
vt 0.129791 0.000000
vt 0.761758 0.433333
vt 0.761758 0.466667
vt 0.498416 0.866667
vt 0.509400 0.866667
vt 0.509400 0.900000
vt 0.498416 0.833333
vt 0.034497 0.366667
vt 0.021465 0.333333
vt 0.025375 0.400000
vt 0.144229 0.966667
vt 0.324225 0.233333
vt 0.288149 0.233333
vt 0.158686 0.100000
vt 0.173174 0.133333
vt 0.158686 0.133333
vt 0.022767 0.833333
vt 0.024070 0.900000
vt 0.018795 0.900000
vt 0.027988 0.866667
vt 0.665040 0.133333
vt 0.680898 0.133333
vt 0.665040 0.100000
vt 0.665040 0.166667
vt 0.434671 0.233333
vt 0.434671 0.266667
vt 0.937337 0.100000
vt 0.056369 0.933333
vt 0.049952 0.933333
vt 0.099148 0.666667
vt 0.104456 0.666667
vt 0.103130 0.700000
vt 0.100476 0.633333
vt 0.477203 0.466667
vt 0.704698 0.100000
vt 0.696764 0.133333
vt 0.655251 0.933333
vt 0.645464 0.966667
vt 0.655251 0.666667
vt 0.231291 0.800000
vt 0.231291 0.833333
vt 0.144229 0.833333
vt 0.057651 1.000000
vt 0.051237 1.000000
vt 0.057651 0.000000
vt 0.158686 0.233333
vt 0.173174 0.266667
vt 0.079517 0.466667
vt 0.079517 0.500000
vt 0.386349 0.366667
vt 0.397152 0.366667
vt 0.058934 0.200000
vt 0.049952 0.200000
vt 0.688831 0.966667
vt 0.712629 0.966667
vt 0.696764 1.000000
vt 0.696764 0.933333
vt 0.069203 0.400000
vt 0.324225 0.500000
vt 0.025375 0.233333
vt 0.736801 0.600000
vt 0.940398 0.433333
vt 0.940398 0.466667
vt 0.940398 0.766667
vt 0.940398 0.800000
vt 0.940398 0.233333
vt 0.940398 0.700000
vt 0.564527 0.200000
vt 0.575583 0.166667
vt 0.051237 0.166667
vt 0.940348 0.833333
vt 0.927494 0.833333
vt 0.936905 0.800000
vt 0.936905 0.066667
vt 0.937120 0.033333
vt 0.927494 0.566667
vt 0.509400 0.666667
vt 0.520396 0.700000
vt 0.057651 0.533333
vt 0.016126 0.500000
vt 0.024070 0.500000
vt 0.083392 0.900000
vt 0.074349 0.933333
vt 0.655251 0.033333
vt 0.665040 0.000000
vt 0.936253 0.000000
vt 0.938034 0.000000
vt 0.034497 0.666667
vt 0.044813 0.666667
vt 0.048667 0.700000
vt 0.498416 0.600000
vt 0.498416 0.566667
vt 0.498416 0.800000
vt 0.509400 0.800000
vt 0.509400 0.833333
vt 0.498416 0.766667
vt 0.520396 0.833333
vt 0.520396 0.866667
vt 0.939774 0.266667
vt 0.940398 0.300000
vt 0.365195 0.466667
vt 0.355223 0.466667
vt 0.069203 0.300000
vt 0.564527 0.633333
vt 0.665040 0.333333
vt 0.680898 0.333333
vt 0.680898 0.366667
vt 0.413374 0.033333
vt 0.434671 0.033333
vt 0.434671 0.066667
vt 0.424025 0.933333
vt 0.093835 0.633333
vt 0.092529 0.666667
vt 0.520396 0.733333
vt 0.509400 0.700000
vt 0.520396 0.933333
vt 0.107175 0.566667
vt 0.108534 0.600000
vt 0.370176 0.733333
vt 0.097820 0.366667
vt 0.761758 0.333333
vt 0.263090 0.600000
vt 0.288149 0.600000
vt 0.282142 0.633333
vt 0.250382 0.566667
vt 0.275791 0.566667
vt 0.250382 0.766667
vt 0.275791 0.800000
vt 0.027988 0.966667
vt 0.024070 0.966667
vt 0.022767 0.000000
vt 0.312193 0.833333
vt 0.144229 0.600000
vt 0.665040 0.700000
vt 0.680898 0.733333
vt 0.380955 0.466667
vt 0.370176 0.466667
vt 0.542434 0.366667
vt 0.531407 0.333333
vt 0.933886 0.966667
vt 0.380955 0.300000
vt 0.391748 0.300000
vt 0.386349 0.333333
vt 0.386349 0.633333
vt 0.370176 0.633333
vt 0.375565 0.166667
vt 0.370176 0.200000
vt 0.867181 1.000000
vt 0.158686 0.866667
vt 0.173174 0.866667
vt 0.173174 0.900000
vt 0.158686 0.833333
vt 0.173174 0.233333
vt 0.187692 0.233333
vt 0.173174 0.200000
vt 0.048667 0.500000
vt 0.413374 0.366667
vt 0.434671 0.366667
vt 0.434671 0.400000
vt 0.365195 0.833333
vt 0.108534 0.933333
vt 0.115337 0.900000
vt 0.380955 0.766667
vt 0.795092 0.766667
vt 0.770084 0.800000
vt 0.712629 0.233333
vt 0.096492 0.966667
vt 0.103130 0.966667
vt 0.097820 0.933333
vt 0.696764 0.366667
vt 0.712629 0.366667
vt 0.360211 0.266667
vt 0.370176 0.233333
vt 0.104456 0.400000
vt 0.107175 0.433333
vt 0.103130 0.366667
vt 0.553475 0.233333
vt 0.531407 0.266667
vt 0.037081 0.800000
vt 0.039663 0.833333
vt 0.038372 0.833333
vt 0.005396 0.133333
vt 0.002699 0.066667
vt 0.013453 0.000000
vt 0.345238 0.333333
vt 0.324225 0.300000
vt 0.477203 0.966667
vt 0.498416 1.000000
vt 0.477203 1.000000
vt 0.498416 0.000000
vt 0.101803 0.833333
vt 0.108534 0.833333
vt 0.103130 0.866667
vt 0.104456 0.800000
vt 0.082100 0.066667
vt 0.060216 0.066667
vt 0.424025 0.566667
vt 0.047383 0.633333
vt 0.761758 0.566667
vt 0.696764 0.833333
vt 0.712629 0.833333
vt 0.704698 0.866667
vt 0.704698 0.800000
vt 0.434671 0.133333
vt 0.434671 0.166667
vt 0.424025 0.100000
vt 0.413374 0.900000
vt 0.434671 0.900000
vt 0.434671 0.933333
vt 0.424025 0.866667
vt 0.103130 0.233333
vt 0.069203 0.600000
vt 0.104456 0.033333
vt 0.101803 0.000000
vt 0.047383 0.466667
vt 0.335243 0.466667
vt 0.066634 0.666667
vt 0.144229 0.166667
vt 0.173174 0.166667
vt 0.553475 1.000000
vt 0.056369 0.166667
vt 0.061498 0.166667
vt 0.055087 0.133333
vt 0.269440 0.466667
vt 0.288149 0.500000
vt 0.625883 0.466667
vt 0.575583 0.600000
vt 0.596462 0.633333
vt 0.745118 0.466667
vt 0.761758 0.500000
vt 0.039663 0.266667
vt 0.370176 0.666667
vt 0.370176 0.700000
vt 0.365195 0.700000
vt 0.370176 0.800000
vt 0.355223 0.766667
vt 0.158686 0.633333
vt 0.158686 0.600000
vt 0.173174 0.833333
vt 0.158686 0.800000
vt 0.365195 1.000000
vt 0.375565 1.000000
vt 0.288149 0.300000
vt 0.434671 0.766667
vt 0.487812 0.800000
vt 0.079517 0.200000
vt 0.010774 0.700000
vt 0.016126 0.866667
vt 0.786752 0.500000
vt 0.413374 0.000000
vt 0.413374 0.000000
vt 0.434671 0.000000
vt 0.616085 0.300000
vt 0.616085 0.333333
vt 0.455953 0.433333
vt 0.487812 0.266667
vt 0.487812 0.300000
vt 0.575583 0.800000
vt 0.586638 0.833333
vt 0.335243 0.100000
vt 0.345238 0.100000
vt 0.345238 0.133333
vt 0.575583 0.900000
vt 0.606278 0.900000
vt 0.575583 0.866667
vt 0.606278 0.166667
vt 0.575583 0.133333
vt 0.575583 0.066667
vt 0.606278 0.066667
vt 0.586638 0.100000
vt 0.575583 0.033333
vt 0.606278 0.033333
vt 0.575583 0.000000
vt 0.606278 0.133333
vt 0.606278 0.866667
vt 0.575583 1.000000
vt 0.606278 0.000000
vt 0.575583 0.700000
vt 0.606278 0.700000
vt 0.586638 0.666667
vt 0.088612 0.766667
vt 0.095163 0.766667
vt 0.034497 0.766667
vt 0.042245 0.766667
vt 0.520396 0.566667
vt 0.531407 0.566667
vt 0.531407 0.600000
vt 0.187692 0.200000
vt 0.010774 0.266667
vt 0.016126 0.266667
vt 0.586638 0.500000
vt 0.616085 0.500000
vt 0.606278 0.533333
vt 0.616085 0.933333
vt 0.616085 0.100000
vt 0.586638 0.333333
vt 0.606278 0.366667
vt 0.616085 0.666667
vt 0.365195 0.300000
vt 0.712629 0.533333
vt 0.688831 0.500000
vt 0.753437 0.033333
vt 0.786752 0.033333
vt 0.761758 0.066667
vt 0.761758 0.000000
vt 0.655251 0.633333
vt 0.058934 0.800000
vt 0.058934 0.766667
vt 0.672967 0.533333
vt 0.672967 0.433333
vt 0.672967 0.600000
vt 0.680898 0.400000
vt 0.688831 0.433333
vt 0.069203 0.266667
vt 0.039663 0.366667
vt 0.335243 0.966667
vt 0.345238 1.000000
vt 0.335243 1.000000
vt 0.345238 0.966667
vt 0.753437 0.666667
vt 0.269440 0.966667
vt 0.269440 1.000000
vt 0.269440 0.000000
vt 0.288149 0.000000
vt 0.173174 0.100000
vt 0.231291 0.100000
vt 0.187692 0.133333
vt 0.187692 0.066667
vt 0.672967 0.566667
vt 0.158686 0.500000
vt 0.173174 0.500000
vt 0.173174 0.533333
vt 0.158686 0.466667
vt 0.391748 0.433333
vt 0.083392 0.133333
vt 0.079517 0.166667
vt 0.024070 0.066667
vt 0.034497 0.100000
vt 0.031911 0.100000
vt 0.275791 0.266667
vt 0.060216 0.100000
vt 0.940398 0.966667
vt 0.088612 0.400000
vt 0.088612 0.433333
vt 0.024070 0.766667
vt 0.060216 0.133333
vt 0.360211 0.200000
vt 0.688831 0.033333
vt 0.712629 0.033333
vt 0.704698 0.066667
vt 0.696764 0.000000
vt 0.688831 0.766667
vt 0.720558 0.333333
vt 0.720558 1.000000
vt 0.696764 0.000000
vt 0.720558 0.000000
vt 0.696764 0.900000
vt 0.720558 0.900000
vt 0.712629 0.933333
vt 0.335243 0.066667
vt 0.345238 0.066667
vt 0.034497 0.400000
vt 0.030603 0.433333
vt 0.026681 0.333333
vt 0.030603 0.366667
vt 0.026681 0.400000
vt 0.256737 0.400000
vt 0.269440 0.400000
vt 0.263090 0.433333
vt 0.250382 0.366667
vt 0.728481 0.866667
vt 0.060216 0.833333
vt 0.402558 0.066667
vt 0.424025 0.066667
vt 0.402558 0.933333
vt 0.046098 0.666667
vt 0.042245 0.666667
vt 0.039663 0.566667
vt 0.025375 0.533333
vt 0.031911 0.566667
vt 0.959180 0.433333
vt 0.988920 0.500000
vt 0.911744 0.766667
vt 0.911744 0.733333
vt 0.940398 0.133333
vt 0.402558 0.200000
vt 0.424025 0.233333
vt 0.402558 0.100000
vt 0.402558 0.866667
vt 0.100476 0.600000
vt 0.107175 0.633333
vt 0.103130 0.566667
vt 0.940398 0.866667
vt 0.940398 0.833333
vt 0.335243 0.000000
vt 0.345238 0.033333
vt 0.335243 0.033333
vt 0.335243 0.000000
vt 0.345238 0.000000
vt 0.335243 0.866667
vt 0.345238 0.900000
vt 0.335243 0.900000
vt 0.345238 0.866667
vt 0.335243 0.933333
vt 0.345238 0.933333
vt 0.079517 0.233333
vt 0.075641 0.200000
vt 0.901396 0.933333
vt 0.916947 0.933333
vt 0.906565 0.966667
vt 0.901396 0.900000
vt 0.101803 0.500000
vt 0.100476 0.533333
vt 0.901396 0.100000
vt 0.906565 0.066667
vt 0.938034 0.000000
vt 0.105815 0.900000
vt 0.324225 0.566667
vt 0.935337 0.233333
vt 0.937337 0.233333
vt 0.933392 0.200000
vt 0.498416 0.466667
vt 0.498416 0.666667
vt 0.089918 0.800000
vt 0.083392 0.766667
vt 0.263090 0.500000
vt 0.282142 0.533333
vt 0.083392 1.000000
vt 0.083392 0.000000
vt 0.088612 0.000000
vt 0.107175 0.266667
vt 0.901396 0.300000
vt 0.901396 0.266667
vt 0.940398 0.033333
vt 0.940398 0.000000
vt 0.940398 0.066667
vt 0.380955 0.533333
vt 0.052522 0.600000
vt 0.288149 0.700000
vt 0.306180 0.700000
vt 0.144229 0.466667
vt 0.144229 0.433333
vt 0.158686 0.166667
vt 0.158686 0.200000
vt 0.144229 0.066667
vt 0.158686 0.066667
vt 0.144229 0.033333
vt 0.158686 0.033333
vt 0.144229 0.000000
vt 0.770084 0.833333
vt 0.786752 0.866667
vt 0.606278 0.566667
vt 0.107175 0.333333
vt 0.879137 0.233333
vt 0.021465 0.266667
vt 0.655251 0.066667
vt 0.655251 0.866667
vt 0.655251 0.800000
vt 0.786752 0.700000
vt 0.616085 0.833333
vt 0.939774 0.133333
vt 0.635676 0.233333
vt 0.625883 0.266667
vt 0.386349 0.566667
vt 0.231291 0.333333
vt 0.256737 0.333333
vt 0.231291 0.300000
vt 0.932895 0.433333
vt 0.936253 0.400000
vt 0.575583 0.633333
vt 0.932895 0.500000
vt 0.934861 0.533333
vt 0.939490 0.866667
vt 0.231291 0.733333
vt 0.256737 0.733333
vt 0.231291 0.700000
vt 0.187692 0.966667
vt 0.231291 1.000000
vt 0.187692 1.000000
vt 0.187692 0.000000
vt 0.625883 0.366667
vt 0.625883 0.400000
vt 0.940398 0.266667
vt 0.345238 0.600000
vt 0.340241 0.566667
vt 0.107175 0.200000
vt 0.105815 0.133333
vt 0.696764 0.466667
vt 0.753437 0.133333
vt 0.778415 0.133333
vt 0.770084 0.166667
vt 0.761758 0.100000
vt 0.753437 0.166667
vt 0.083392 0.000000
vt 0.753437 0.533333
vt 0.770084 0.533333
vt 0.940398 0.200000
vt 0.665040 0.200000
vt 0.807120 1.000000
vt 0.778415 0.000000
vt 0.807120 0.000000
vt 0.520396 0.066667
vt 0.531407 0.100000
vt 0.520396 0.033333
vt 0.531407 1.000000
vt 0.520396 0.000000
vt 0.520396 0.000000
vt 0.520396 0.900000
vt 0.531407 0.933333
vt 0.531407 0.733333
vt 0.104456 0.100000
vt 0.115337 0.100000
vt 0.509400 0.366667
vt 0.901396 0.333333
vt 0.350233 0.533333
vt 0.095163 0.300000
vt 0.940398 0.666667
vt 0.940398 0.633333
vt 0.916947 0.266667
vt 0.906565 0.233333
vt 0.940398 0.166667
vt 0.434671 0.733333
vt 0.940398 0.266667
vt 0.940398 0.500000
vt 0.940398 0.533333
vt 0.940398 0.366667
vt 0.940398 0.400000
vt 0.940398 0.300000
vt 0.940398 0.733333
vt 0.934861 0.600000
vt 0.932895 0.900000
vt 0.879137 0.600000
vt 0.940398 0.566667
vt 0.940398 0.933333
vt 0.040954 0.966667
vt 0.051237 1.000000
vt 0.039663 0.000000
vt 0.042245 0.033333
vt 0.531407 0.466667
vt 0.542434 0.466667
vt 0.531407 0.433333
vt 0.076933 0.500000
vt 0.696764 0.166667
vt 0.712629 0.200000
vt 0.355223 0.166667
vt 0.728481 0.266667
vt 0.728481 0.300000
vt 0.728481 0.833333
vt 0.753437 0.500000
vt 0.107175 0.966667
vt 0.111255 1.000000
vt 0.105815 1.000000
vt 0.105815 0.000000
vt 0.231291 0.766667
vt 0.231291 0.266667
vt 0.052522 0.733333
vt 0.158686 0.933333
vt 0.173174 0.933333
vt 0.173174 0.966667
vt 0.158686 0.900000
vt 0.728481 0.200000
vt 0.025375 0.166667
vt 0.030603 0.200000
vt 0.030603 0.233333
vt 0.037081 0.233333
vt 0.940398 0.100000
vt 0.645464 0.766667
vt 0.498416 0.533333
vt 0.940398 0.600000
vt 0.911744 0.166667
vt 0.635676 0.266667
vt 0.761758 0.900000
vt 0.770084 0.866667
vt 0.786752 0.066667
vt 0.901396 0.633333
vt 0.916947 0.633333
vt 0.916947 0.666667
vt 0.906565 0.600000
vt 0.158686 0.433333
vt 0.144229 0.400000
vt 0.104456 0.933333
vt 0.103130 0.900000
vt 0.144229 0.366667
vt 0.158686 0.366667
vt 0.158686 0.400000
vt 0.144229 0.333333
vt 0.144229 0.533333
vt 0.158686 0.533333
vt 0.158686 0.566667
vt 0.144229 0.500000
vt 0.144229 0.200000
vt 0.144229 0.666667
vt 0.158686 0.666667
vt 0.144229 0.633333
vt 0.144229 0.700000
vt 0.144229 0.233333
vt 0.901396 0.666667
vt 0.906565 0.700000
vt 0.086002 0.466667
vt 0.345238 0.400000
vt 0.350233 0.366667
vt 0.103130 0.466667
vt 0.413374 0.500000
vt 0.424025 0.533333
vt 0.922188 0.733333
vt 0.029295 0.066667
vt 0.231291 0.866667
vt 0.008088 0.933333
vt 0.013453 1.000000
vt 0.008088 1.000000
vt 0.002699 0.633333
vt 0.434671 0.700000
vt 0.934377 0.366667
vt 0.509400 0.566667
vt 0.770084 0.366667
vt 0.770084 0.400000
vt 0.345238 0.700000
vt 0.355223 0.733333
vt 0.345238 0.766667
vt 0.345238 0.733333
vt 0.916947 1.000000
vt 0.901396 1.000000
vt 0.916947 0.000000
vt 0.031911 1.000000
vt 0.031911 1.000000
vt 0.187692 0.166667
vt 0.173174 0.066667
vt 0.187692 0.033333
vt 0.173174 0.000000
vt 0.018795 0.966667
vt 0.022767 1.000000
vt 0.231291 0.633333
vt 0.940398 0.933333
vt 0.940398 0.966667
vt 0.324225 0.633333
vt 0.340241 0.633333
vt 0.340241 0.666667
vt 0.335243 0.600000
vt 0.345238 0.466667
vt 0.988920 0.900000
vt 0.988920 0.033333
vt 1.000000 0.100000
vt 0.988920 0.133333
vt 0.056369 0.566667
vt 0.324225 0.066667
vt 0.324225 0.100000
vt 0.324225 0.200000
vt 0.231291 0.666667
vt 0.042245 0.900000
vt 0.043529 0.933333
vt 0.067918 0.000000
vt 0.778415 0.466667
vt 0.786752 0.433333
vt 0.043529 0.833333
vt 0.269440 0.033333
vt 0.269440 0.000000
vt 0.906565 0.866667
vt 0.906565 0.800000
vt 0.936253 0.766667
vt 0.109894 0.466667
vt 0.031911 0.666667
vt 0.553475 0.400000
vt 0.916947 0.233333
vt 0.906565 0.200000
vt 0.761758 1.000000
vt 0.745118 0.000000
vt 0.013453 0.633333
vt 0.027988 0.400000
vt 0.606278 0.200000
vt 0.625883 0.300000
vt 0.111255 1.000000
vt 0.645464 0.000000
vt 0.665040 0.000000
vt 0.397152 0.966667
vt 0.397152 1.000000
vt 0.397152 0.000000
vt 0.413374 0.000000
vt 0.397152 0.133333
vt 0.397152 0.833333
vt 0.397152 0.800000
vt 0.397152 0.033333
vt 0.397152 0.000000
vt 0.397152 0.900000
vt 0.397152 0.600000
vt 0.107175 0.700000
vt 0.312193 0.733333
vt 0.934377 0.033333
vt 0.936253 0.000000
vt 0.940021 0.566667
vt 0.940218 0.566667
vt 0.940398 0.533333
vt 0.498416 0.300000
vt 0.498416 0.333333
vt 0.934377 0.333333
vt 0.397152 0.666667
vt 0.018795 0.433333
vt 0.089918 0.066667
vt 0.025375 0.733333
vt 0.026681 0.733333
vt 0.029295 0.766667
vt 0.402558 0.733333
vt 0.029295 0.600000
vt 0.025375 0.866667
vt 0.026681 0.866667
vt 0.402558 0.300000
vt 0.939490 0.500000
vt 0.680898 0.300000
vt 0.933886 0.700000
vt 0.770084 0.600000
vt 0.018795 0.000000
vt 0.062780 1.000000
vt 0.067918 0.000000
vt 0.616085 0.433333
vt 0.855198 0.366667
vt 0.770084 0.266667
vt 0.935337 0.100000
vt 0.055087 0.866667
vt 0.062780 0.133333
vt 0.933886 0.166667
vt 0.935801 0.166667
vt 0.413374 0.533333
vt 0.896230 0.533333
vt 0.906565 0.500000
vt 0.231291 1.000000
vt 0.256737 0.000000
vt 0.728481 0.966667
vt 0.728481 0.566667
vt 0.024070 0.366667
vt 0.940218 0.733333
vt 0.940398 0.733333
vt 0.940398 0.766667
vt 0.940398 0.700000
vt 0.935801 0.966667
vt 0.231291 0.366667
vt 0.237659 0.400000
vt 0.105815 0.000000
vt 0.520396 0.233333
vt 0.531407 0.233333
vt 0.520396 0.200000
vt 0.520396 0.166667
vt 0.520396 0.600000
vt 0.531407 0.633333
vt 0.531407 0.800000
vt 0.531407 0.833333
vt 0.520396 0.266667
vt 0.531407 0.300000
vt 0.520396 0.433333
vt 0.795092 0.733333
vt 0.051237 1.000000
vt 0.498416 0.100000
vt 0.498416 0.633333
vt 0.498416 0.500000
vt 0.345238 0.433333
vt 0.027988 0.133333
vt 0.940398 0.666667
vt 0.509400 0.533333
vt 0.370176 0.866667
vt 0.370176 0.100000
vt 0.370176 0.066667
vt 0.370176 0.933333
vt 0.901396 0.133333
vt 0.807120 0.000000
vt 0.509400 0.400000
vt 0.867181 0.333333
vt 0.531407 0.966667
vt 0.531407 1.000000
vt 0.531407 0.666667
vt 0.531407 0.766667
vt 0.434671 0.433333
vt 0.509400 0.133333
vt 0.509400 1.000000
vt 0.498416 0.000000
vt 0.509400 0.000000
vt 0.509400 0.033333
vt 0.498416 0.000000
vt 0.096492 0.233333
vt 0.940398 0.366667
vt 0.940348 0.400000
vt 0.940398 0.333333
vt 0.896230 0.166667
vt 0.039663 0.466667
vt 0.375565 1.000000
vt 0.365195 1.000000
vt 0.375565 1.000000
vt 0.008088 0.866667
vt 0.002699 0.900000
vt 0.002699 1.000000
vt 0.927494 1.000000
vt 0.916947 0.000000
vt 0.000000 0.600000
vt 0.940398 0.466667
vt 0.105815 0.733333
vt 0.927494 0.500000
vt 0.940218 0.066667
vt 0.940348 0.066667
vt 0.940398 0.033333
vt 0.027988 0.900000
vt 0.575583 1.000000
vt 0.553475 1.000000
vt 0.896230 0.733333
vt 0.940021 0.333333
vt 0.867181 0.166667
vt 0.101803 1.000000
vt 0.097820 0.000000
vt 0.906565 0.366667
vt 0.144229 0.300000
vt 0.144229 0.766667
vt 0.144229 1.000000
vt 0.129791 0.000000
vt 0.144229 0.733333
vt 0.144229 0.266667
vt 0.144229 0.866667
vt 0.575583 1.000000
vt 0.231291 0.233333
vt 0.786752 0.633333
vt 0.795092 0.666667
vt 0.988920 0.400000
vt 1.000000 0.233333
vt 0.018795 1.000000
vt 0.013453 1.000000
vt 0.013453 1.000000
vt 0.645464 0.000000
vt 0.906565 0.400000
vt 0.256737 0.000000
vt 0.042245 0.633333
vt 0.938293 0.966667
vt 0.939490 0.966667
vt 0.940398 1.000000
vt 0.088612 0.000000
vt 0.477203 1.000000
vt 0.434671 0.000000
vt 0.477203 1.000000
vt 0.434671 0.000000
vt 0.027988 0.333333
vt 0.324225 0.866667
vt 0.324225 0.900000
vt 0.324225 0.933333
vt 0.324225 0.033333
vt 0.312193 0.000000
vt 0.324225 0.966667
vt 0.324225 1.000000
vt 0.312193 0.000000
vt 0.324225 0.000000
vt 0.606278 0.000000
vt 0.606278 0.000000
vt 0.625883 0.000000
vt 0.938034 0.133333
vt 0.939185 0.166667
vt 0.959180 0.466667
vt 0.945673 0.366667
vt 0.938293 0.566667
vt 0.231291 0.200000
vt 0.231291 0.600000
vt 0.938034 0.000000
vt 0.940398 0.000000
vt 0.129791 0.000000
vt 0.144229 1.000000
vt 0.062780 1.000000
vt 0.002699 0.200000
vt 0.720558 0.000000
vt 0.680898 0.000000
vt 0.867181 1.000000
vt 0.807120 0.000000
vt 0.720558 0.000000
vt 0.728481 0.000000
vt 0.680898 0.000000
vt 0.696764 0.000000
vt 0.936253 0.000000
vt 0.937337 0.833333
vt 0.031911 1.000000
vt 0.022767 1.000000
vt 0.022767 1.000000
vt 0.033204 0.766667
vt 0.940398 0.900000
vt 0.940218 0.866667
vt 0.745118 0.000000
vt 0.013453 0.466667
vt 0.978196 1.000000
vt 0.959180 1.000000
vt 0.959180 0.000000
vt 0.940398 1.000000
vt 0.959180 0.000000
vt 0.187692 0.000000
vt 0.231291 1.000000
vt 0.256737 0.000000
vt 0.269440 0.000000
vt 0.000000 0.800000
vt 0.940021 0.433333
vt 0.062780 1.000000
vt 0.057651 0.000000
vt 0.070488 0.566667
vt 0.008088 1.000000
vt 0.988920 0.466667
vt 0.144229 1.000000
vt 0.158686 0.000000
vt 0.940398 0.833333
vt 0.940398 0.866667
vt 0.386349 0.000000
vt 0.397152 0.000000
vt 0.386349 0.000000
vt 0.940021 0.500000
vt 0.940398 0.500000
vt 0.022767 1.000000
vt 0.018795 1.000000
vt 1.000000 0.400000
vt 1.000000 0.900000
vt 1.000000 0.533333
vt 0.057651 0.333333
vt 0.940398 0.800000
vt 0.000000 0.100000
vt 0.000000 0.366667
vt 0.000000 0.300000
vt 0.959180 0.733333
vt 0.345238 0.000000
vt 0.355223 1.000000
vt 0.345238 0.000000
vt 0.355223 1.000000
vt 0.000000 0.933333
vt 0.000000 0.000000
vt 0.002699 0.000000
vt 0.761758 1.000000
vt 0.778415 0.000000
vt 0.936253 0.000000
vt 0.101803 1.000000
vt 0.105815 0.000000
vt 0.078225 0.000000
vt 0.083392 0.000000
vt 0.940398 0.433333
vt 1.000000 1.000000
vt 0.988920 1.000000
vt 0.978196 1.000000
vt 0.988920 0.000000
vt 1.000000 0.033333
vt 1.000000 0.500000
vt 0.988920 0.433333
vt 1.000000 0.466667
vt 1.000000 0.433333
vt 0.030603 0.966667
vt 0.031911 1.000000
vt 0.040954 0.166667
vt 0.509400 0.000000
vt 0.520396 0.000000
vt 0.509400 0.000000
vt 0.000000 0.700000
vt 0.940218 0.766667
vt 0.940398 0.400000
vt 0.039663 0.000000
vt 0.031911 1.000000
vt 0.024070 0.866667
vt 0.531407 1.000000
vt 0.013453 1.000000
vt 0.940398 0.066667
vt 0.959180 0.000000
vt 0.940218 0.633333
vt 0.940398 0.633333
vt 0.158686 0.000000
vt 0.173174 0.000000
vt 0.187692 0.000000
vt 0.324225 0.000000
vt 0.335243 0.000000
vt 0.324225 0.000000
vt 0.901396 1.000000
vt 0.940398 0.566667
vt 0.018795 1.000000
vt 0.940398 0.000000
vt 0.945673 0.400000
vn 0.9780 0.2088 -0.0009
vn 0.9803 0.1671 -0.1051
vn 0.9716 0.2126 -0.1038
vn -0.9550 -0.2029 0.2162
vn -0.9036 -0.2713 0.3314
vn -0.9159 -0.2198 0.3357
vn -0.9395 0.2698 -0.2110
vn -0.9514 0.2225 -0.2130
vn -0.9726 0.2125 -0.0939
vn 0.7827 0.4401 -0.4402
vn 0.7977 0.4028 -0.4488
vn 0.6689 0.4539 -0.5887
vn 0.6970 0.3698 -0.6144
vn 0.7134 0.3087 -0.6291
vn 0.4933 0.3900 -0.7775
vn 0.1722 -0.5449 0.8206
vn 0.1632 -0.5551 0.8156
vn 0.4597 -0.5146 0.7238
vn -0.4741 0.4690 0.7452
vn -0.4861 0.4214 0.7656
vn -0.1759 0.4665 0.8668
vn -0.9874 -0.1173 -0.1060
vn -0.9884 -0.1430 -0.0519
vn -0.9920 -0.1152 -0.0521
vn 0.9911 -0.1329 0.0002
vn 0.9869 -0.1225 -0.1048
vn 0.9821 -0.1565 -0.1052
vn -0.8546 -0.2011 0.4788
vn -0.7356 -0.1835 0.6521
vn -0.7293 -0.2310 0.6440
vn 0.1944 -0.2221 0.9554
vn 0.5172 -0.2553 0.8169
vn 0.5237 -0.2012 0.8278
vn 0.3860 0.8598 -0.3342
vn 0.4494 0.8042 -0.3890
vn 0.2718 0.8672 -0.4172
vn -0.7984 -0.4013 -0.4489
vn -0.8723 -0.3683 -0.3216
vn -0.8765 -0.3608 -0.3187
vn -0.9680 -0.2284 -0.1038
vn -0.9705 -0.2355 -0.0507
vn -0.9785 -0.1999 -0.0507
vn 0.7316 -0.2205 -0.6451
vn 0.5065 -0.3238 -0.7991
vn 0.5186 -0.2540 -0.8164
vn 0.9412 -0.3226 0.1007
vn 0.9466 -0.3223 -0.0002
vn 0.9471 -0.3210 -0.0002
vn 0.8678 0.0567 -0.4936
vn 0.7485 -0.0404 -0.6619
vn 0.7484 0.0571 -0.6608
vn -0.9282 -0.1506 -0.3402
vn -0.9326 -0.1182 -0.3411
vn -0.9704 -0.1060 -0.2171
vn -0.2974 0.8314 0.4695
vn -0.3380 0.7824 0.5232
vn -0.1241 0.7946 0.5943
vn -0.4144 0.8809 -0.2288
vn -0.4743 0.8403 -0.2624
vn -0.5182 0.8342 -0.1886
vn -0.1844 0.3406 0.9219
vn -0.1915 0.2392 0.9519
vn 0.1916 0.2472 0.9498
vn -0.4688 -0.4856 0.7378
vn -0.1677 -0.5471 0.8201
vn -0.1710 -0.5142 0.8404
vn 0.9300 -0.3541 0.0988
vn 0.9643 -0.1530 0.2160
vn 0.9614 -0.1707 0.2158
vn 0.9817 -0.1594 0.1042
vn 0.7370 0.6553 0.1659
vn 0.7868 0.6114 0.0846
vn 0.7327 0.6758 0.0811
vn -0.8974 0.2925 0.3302
vn -0.9108 0.2412 0.3349
vn -0.8300 0.3010 0.4696
vn -0.9059 0.3712 -0.2036
vn -0.9410 0.3229 -0.1009
vn -0.9294 0.3553 -0.0997
vn -0.9697 -0.2247 0.0958
vn -0.9443 -0.2509 0.2131
vn 0.6158 0.5730 0.5408
vn 0.7622 0.4865 0.4271
vn 0.7350 0.5376 0.4132
vn 0.8558 -0.1866 0.4824
vn 0.8506 -0.2096 0.4822
vn 0.9222 -0.1856 0.3392
vn -0.9929 0.0508 0.1074
vn -0.9751 -0.0241 0.2203
vn -0.9737 0.0608 0.2196
vn -0.7603 0.6266 0.1712
vn -0.7772 0.5610 0.2850
vn -0.7110 0.6541 0.2581
vn -0.1862 -0.3633 -0.9129
vn -0.1810 -0.4275 -0.8857
vn -0.5067 -0.3286 -0.7970
vn -0.5296 0.1413 -0.8364
vn -0.7470 0.0504 -0.6629
vn -0.7441 0.1144 -0.6581
vn 0.6970 0.3690 0.6148
vn 0.7129 0.3085 0.6297
vn 0.8380 0.2701 0.4741
vn 0.8429 -0.2532 0.4747
vn 0.8297 -0.3064 0.4666
vn 0.9157 -0.2203 0.3362
vn 0.6800 0.4261 -0.5967
vn 0.4488 0.5489 -0.7052
vn 0.4717 0.4761 -0.7421
vn 0.5237 -0.2012 -0.8278
vn 0.1899 -0.2794 -0.9412
vn 0.1944 -0.2221 -0.9554
vn 0.6674 -0.4574 -0.5877
vn 0.4618 -0.5144 -0.7226
vn 0.4628 -0.5085 -0.7262
vn -0.2007 -0.0459 -0.9786
vn -0.5291 -0.1356 -0.8377
vn -0.5307 -0.0454 -0.8464
vn -0.3870 0.8595 -0.3340
vn 0.1905 0.9350 0.2991
vn 0.3341 0.8988 0.2837
vn 0.2624 0.9369 0.2310
vn -0.1125 0.9919 0.0592
vn -0.2258 0.9669 0.1192
vn -0.0843 0.9874 0.1339
vn 0.9940 -0.0229 -0.1073
vn 0.9722 -0.0826 -0.2190
vn 0.9754 -0.0282 -0.2187
vn 0.8268 0.5558 -0.0869
vn 0.8703 0.4838 -0.0919
vn 0.8200 0.5416 -0.1853
vn -0.9748 0.0417 0.2191
vn -0.9383 0.0151 0.3455
vn -0.9363 0.0670 0.3447
vn -0.9922 0.0646 -0.1069
vn -0.9982 0.0320 -0.0515
vn -0.9954 0.0809 -0.0508
vn -0.4283 0.6084 -0.6681
vn -0.6062 0.5919 -0.5312
vn -0.6289 0.5487 -0.5508
vn 0.1625 0.5912 -0.7900
vn -0.1680 0.5499 -0.8182
vn -0.1625 0.5912 -0.7900
vn 0.9396 0.2698 -0.2107
vn 0.9500 0.2280 -0.2132
vn 0.9054 0.2625 -0.3336
vn 0.9462 -0.3077 -0.1002
vn 0.9215 -0.3286 -0.2068
vn 0.9279 -0.3097 -0.2077
vn 0.9757 0.0024 0.2192
vn 0.9931 -0.0466 0.1076
vn 0.9942 0.0022 0.1072
vn 0.8508 0.2138 0.4800
vn 0.9278 0.1493 0.3419
vn 0.9175 0.2111 0.3370
vn 0.5534 0.8306 -0.0626
vn 0.5971 0.7915 -0.1307
vn 0.5223 0.8446 -0.1179
vn 0.0377 0.9833 0.1780
vn 0.0537 0.9749 0.2161
vn 0.1132 0.9784 0.1729
vn -0.6679 -0.4564 0.5878
vn -0.4600 -0.5154 0.7230
vn -0.4631 -0.5082 0.7261
vn 0.0027 -1.0000 -0.0005
vn 0.0004 -1.0000 -0.0013
vn 0.0029 -1.0000 -0.0010
vn 0.8738 -0.3652 -0.3210
vn 0.8801 -0.3475 -0.3237
vn -0.8653 0.4613 0.1961
vn -0.8277 0.4728 0.3023
vn -0.8161 0.4943 0.2994
vn -0.9899 -0.1317 0.0520
vn -0.9797 -0.1259 0.1557
vn 0.8765 0.4390 0.1975
vn 0.8932 0.4391 0.0965
vn 0.9164 0.3885 0.0966
vn 0.9996 -0.0283 0.0010
vn 0.9941 0.0146 -0.1071
vn 0.9938 -0.0307 -0.1072
vn 0.3226 0.8049 -0.4980
vn -0.1831 0.4179 -0.8898
vn -0.4975 0.3659 -0.7865
vn -0.4737 0.4671 -0.7466
vn 0.7302 -0.2204 0.6467
vn 0.7378 -0.1739 0.6522
vn 0.8045 0.5662 0.1794
vn 0.8493 0.4921 0.1912
vn 0.8322 0.5471 0.0900
vn 0.7473 -0.0437 -0.6631
vn 0.7411 -0.1309 -0.6585
vn 0.5297 -0.1503 -0.8348
vn 0.9748 0.0417 -0.2191
vn 0.9381 0.0092 -0.3462
vn 0.9353 0.0731 -0.3462
vn -0.4885 -0.4133 -0.7685
vn -0.6972 -0.3687 -0.6147
vn -0.7082 -0.3263 -0.6261
vn -0.1676 -0.5562 -0.8140
vn -0.1670 -0.5710 -0.8038
vn -0.4619 -0.5137 -0.7230
vn -0.8458 0.5280 0.0761
vn -0.8179 0.5451 0.1843
vn -0.8427 0.5307 -0.0908
vn -0.8663 0.4978 -0.0420
vn -0.8076 0.5884 -0.0390
vn -0.5321 -0.1123 0.8392
vn -0.5244 -0.1895 0.8302
vn -0.1947 -0.1754 0.9650
vn -0.8693 0.0431 0.4925
vn -0.8653 0.1062 0.4899
vn -0.2029 0.0200 0.9790
vn -0.1993 -0.0785 0.9768
vn 0.1993 -0.0456 0.9789
vn 0.4713 -0.4805 0.7396
vn 0.4285 0.6100 0.6666
vn 0.4049 0.6510 0.6421
vn 0.6149 0.5761 0.5385
vn -0.4345 0.5901 0.6804
vn -0.1625 0.5912 0.7900
vn -0.1562 0.6348 0.7567
vn -0.8349 -0.2854 -0.4707
vn -0.8238 -0.3245 -0.4649
vn -0.9036 -0.2713 -0.3314
vn -0.8663 0.1053 -0.4883
vn -0.8704 0.0506 -0.4898
vn -0.9373 0.0382 -0.3464
vn -0.9242 -0.3203 -0.2082
vn -0.9172 -0.3405 -0.2069
vn -0.9416 -0.3212 -0.1010
vn 0.4105 0.9118 0.0030
vn 0.4736 0.8789 -0.0574
vn 0.4108 0.9107 -0.0430
vn -0.1165 0.9928 -0.0271
vn -0.0680 0.9960 -0.0583
vn -0.1514 0.9879 -0.0346
vn -0.8216 0.4840 -0.3013
vn -0.8892 0.4115 -0.1999
vn -0.8699 0.4530 -0.1953
vn -0.9851 0.1357 0.1053
vn -0.9581 0.1896 0.2148
vn -0.9658 0.1425 0.2165
vn 0.8729 -0.3682 0.3201
vn 0.9133 -0.3520 0.2046
vn 0.9166 -0.3424 0.2063
vn 0.6205 -0.5633 0.5456
vn 0.5657 -0.6592 0.4954
vn 0.6946 -0.6048 0.3897
vn 0.0895 0.8956 0.4358
vn 0.1032 0.8620 0.4963
vn 0.2902 0.8446 0.4500
vn 0.4443 0.5623 0.6974
vn 0.6798 0.4211 0.6005
vn 0.6367 0.5294 0.5607
vn 0.8958 0.2986 -0.3292
vn 0.9048 0.4258 -0.0007
vn -0.9384 -0.0320 0.3441
vn -0.9346 -0.0899 0.3441
vn -0.8663 -0.1011 0.4891
vn -0.6274 0.6946 0.3519
vn -0.6855 0.6186 0.3840
vn -0.5478 0.6882 0.4757
vn -0.5377 0.6986 -0.4721
vn -0.7186 0.5660 -0.4041
vn -0.6849 0.6214 -0.3804
vn -0.8744 0.4434 -0.1971
vn -0.9130 0.3519 -0.2062
vn -0.9365 0.3361 -0.1005
vn -0.8955 0.4346 0.0962
vn -0.9137 0.3944 0.0980
vn -0.8880 0.4146 0.1987
vn -0.9969 0.0580 0.0524
vn -0.9943 0.0401 0.0987
vn -0.9917 0.0824 0.0984
vn -0.4892 0.4143 -0.7675
vn -0.4697 0.4826 -0.7392
vn -0.6813 0.4256 -0.5956
vn 0.1892 0.3360 -0.9227
vn -0.1862 0.4058 -0.8948
vn -0.1894 0.3371 -0.9222
vn -0.8588 0.1738 0.4820
vn -0.8475 0.2391 0.4740
vn -0.7208 0.2761 0.6358
vn -0.9277 0.1548 0.3398
vn -0.9189 0.2056 0.3367
vn -0.8742 -0.3647 0.3207
vn -0.7957 -0.4072 0.4485
vn -0.8014 -0.3932 0.4507
vn -0.7860 -0.5941 0.1712
vn -0.7344 -0.6217 0.2722
vn -0.7770 -0.5598 0.2879
vn -0.7393 0.5268 -0.4194
vn -0.8425 0.4411 -0.3093
vn -0.4946 0.3826 -0.7804
vn -0.7132 0.3081 -0.6296
vn -0.6968 0.3708 -0.6140
vn 0.0031 -1.0000 -0.0002
vn -0.1940 -0.2626 0.9452
vn -0.1936 -0.1971 0.9611
vn 0.1937 -0.2476 0.9493
vn 0.7469 -0.0001 0.6649
vn 0.7486 0.0698 0.6594
vn 0.8694 0.0802 0.4876
vn -0.1946 0.1236 -0.9731
vn -0.5358 0.0665 -0.8417
vn 0.7471 0.0871 -0.6590
vn 0.5311 0.0579 -0.8453
vn 0.5266 0.1410 -0.8383
vn 0.1645 0.9520 -0.2582
vn 0.0804 0.9253 -0.3706
vn 0.0823 0.9477 -0.3085
vn 0.1473 0.9792 -0.1399
vn 0.2445 0.9601 -0.1356
vn 0.1073 0.9812 -0.1602
vn 0.1985 -0.1323 0.9711
vn 0.1926 -0.2487 0.9492
vn 0.5246 -0.1876 0.8304
vn 0.8700 0.0431 0.4912
vn 0.8705 -0.0238 0.4916
vn 0.9383 0.0151 0.3455
vn 0.7976 -0.4040 -0.4480
vn 0.7969 -0.4061 -0.4471
vn 0.6680 -0.4574 -0.5870
vn 0.1331 -0.7638 -0.6315
vn 0.1057 -0.8662 -0.4884
vn -0.1175 -0.8151 -0.5673
vn -0.7485 0.0361 -0.6622
vn -0.7475 -0.0431 -0.6629
vn -0.8709 -0.0309 -0.4904
vn -0.7938 0.4131 -0.4464
vn -0.9001 0.2823 -0.3318
vn -0.8675 0.3819 -0.3187
vn -0.9944 0.0032 -0.1055
vn -0.9934 -0.0412 -0.1067
vn -0.9985 -0.0167 -0.0517
vn -0.9339 0.0943 -0.3449
vn -0.9738 0.0618 -0.2189
vn 0.4985 0.8479 0.1806
vn 0.6074 0.7633 0.2198
vn 0.6384 0.7556 0.1466
vn 0.4231 0.9050 0.0439
vn 0.4918 0.8707 -0.0011
vn -0.4811 0.7684 0.4219
vn -0.3294 0.9267 0.1808
vn -0.2619 0.9346 0.2408
vn -0.2330 0.9535 0.1914
vn 0.8695 -0.0325 -0.4929
vn 0.9381 -0.0457 -0.3432
vn 0.9392 0.0010 -0.3434
vn 0.8729 -0.0086 -0.4879
vn -0.8588 -0.5106 0.0422
vn -0.8580 -0.5045 0.0967
vn -0.8996 -0.4255 0.0980
vn -0.8498 -0.5195 -0.0894
vn -0.7302 -0.6823 -0.0368
vn -0.8235 -0.5656 -0.0433
vn -0.4629 -0.5053 -0.7283
vn -0.6670 -0.4593 -0.5867
vn -0.5929 -0.6173 -0.5170
vn -0.6442 -0.6738 -0.3620
vn -0.7181 -0.5705 -0.3985
vn -0.3256 0.9428 -0.0709
vn -0.4164 0.9044 -0.0929
vn -0.4483 0.8925 -0.0509
vn -0.5647 0.8159 0.1245
vn -0.6453 0.7506 0.1423
vn -0.5638 0.7998 0.2060
vn 0.9170 0.3863 -0.0996
vn 0.9088 0.3656 -0.2011
vn 0.8629 0.4664 -0.1944
vn 0.6857 0.6179 -0.3847
vn 0.7548 0.5006 -0.4239
vn 0.5930 0.6142 -0.5207
vn -0.7453 -0.0969 0.6597
vn -0.8360 -0.2792 0.4724
vn 0.1348 -0.7496 0.6481
vn 0.3772 -0.7158 0.5876
vn 0.4222 -0.6200 0.6613
vn -0.1269 -0.9733 0.1912
vn -0.0413 -0.9818 0.1855
vn -0.0431 -0.9762 0.2123
vn 0.9983 0.0575 0.0000
vn 0.9999 0.0131 -0.0000
vn 0.9935 0.0397 -0.1070
vn 0.9758 -0.1924 -0.1038
vn 0.9686 -0.2258 -0.1045
vn 0.9473 -0.2400 -0.2124
vn 0.8733 0.0046 0.4871
vn 0.9395 0.3283 0.0978
vn 0.9339 0.3577 0.0000
vn 0.9536 0.3012 -0.0000
vn 0.9467 0.2417 0.2130
vn 0.9770 0.1848 0.1062
vn 0.9674 0.2308 0.1042
vn 0.9565 0.1979 0.2143
vn 0.9639 0.1561 0.2159
vn 0.9856 0.1317 0.1061
vn -0.8700 0.0409 0.4913
vn -0.7465 -0.0354 0.6644
vn -0.7435 0.0994 0.6613
vn -0.5355 0.0435 0.8434
vn -0.1954 -0.0461 0.9796
vn -0.1955 0.1190 0.9735
vn -0.6073 0.5864 0.5360
vn -0.4190 0.6295 0.6543
vn -0.4078 0.6542 0.6370
vn -0.7626 0.4837 0.4295
vn -0.7395 0.5298 0.4152
vn 0.9021 -0.2753 0.3323
vn 0.9444 -0.2507 0.2125
vn 0.9651 -0.1446 0.2183
vn 0.9550 -0.2032 0.2160
vn 0.9804 -0.1664 0.1053
vn 0.9334 -0.1057 -0.3429
vn 0.8561 -0.1747 -0.4864
vn 0.8643 -0.1142 -0.4898
vn -0.9658 0.1425 -0.2165
vn -0.9581 0.1896 -0.2148
vn -0.9771 0.1899 -0.0959
vn -0.9277 0.1548 -0.3398
vn -0.7341 -0.2070 -0.6467
vn -0.7402 -0.1660 -0.6515
vn -0.8577 -0.1768 -0.4829
vn 0.2038 -0.1286 -0.9705
vn -0.2023 -0.0875 -0.9754
vn -0.1943 -0.1762 -0.9650
vn 0.3703 0.7319 -0.5720
vn 0.1550 0.6770 -0.7195
vn 0.1336 0.7601 -0.6359
vn 0.5323 0.0567 -0.8446
vn 0.5328 -0.0481 -0.8449
vn 0.1984 -0.0532 -0.9787
vn 0.9745 0.0276 0.2226
vn 0.9748 -0.0293 0.2213
vn 0.9939 -0.0292 0.1068
vn 0.9918 0.0713 -0.1063
vn 0.8395 -0.4492 0.3056
vn 0.8379 -0.5122 0.1884
vn 0.8869 -0.4162 0.2002
vn 0.5876 -0.7986 0.1302
vn 0.4378 -0.8978 0.0466
vn 0.6985 -0.7117 0.0740
vn -0.8821 -0.3432 -0.3226
vn -0.9382 -0.0201 -0.3456
vn -0.9731 -0.0684 -0.2199
vn -0.9752 -0.0252 -0.2198
vn -0.8698 0.0672 0.4887
vn -0.7440 0.1347 0.6544
vn -0.7484 0.0779 0.6586
vn 0.6463 0.5100 0.5676
vn 0.0002 -1.0000 0.0018
vn 0.0006 -1.0000 0.0014
vn 0.0016 -1.0000 0.0013
vn 0.5872 -0.6279 -0.5108
vn 0.5208 -0.7224 -0.4548
vn 0.3707 -0.7261 -0.5791
vn 0.3681 -0.9263 -0.0804
vn 0.2880 -0.9528 -0.0956
vn 0.3499 -0.9282 -0.1264
vn -0.9752 0.0265 -0.2198
vn -0.9939 -0.0292 -0.1068
vn -0.9939 0.0279 -0.1067
vn -0.8681 0.0808 -0.4899
vn -0.9372 -0.0317 -0.3472
vn 0.6299 0.5475 -0.5509
vn 0.6065 0.5923 -0.5303
vn 0.4280 0.6081 -0.6686
vn 0.1550 0.6804 -0.7163
vn 0.1586 0.6371 -0.7543
vn -0.1505 0.6703 -0.7267
vn -0.9860 0.0545 0.1579
vn -0.9771 -0.2063 0.0514
vn -0.9758 -0.1935 0.1015
vn 0.9258 0.1620 -0.3414
vn 0.8511 0.2088 -0.4816
vn 0.8631 0.1424 -0.4846
vn 0.8899 0.4463 -0.0942
vn 0.8766 0.4394 -0.1962
vn 0.8655 0.4624 -0.1926
vn 0.4867 0.4202 0.7659
vn 0.5027 0.3520 0.7895
vn 0.5323 0.0589 0.8445
vn 0.7488 0.0194 0.6625
vn 0.7456 0.0880 0.6605
vn 0.5245 -0.2285 -0.8202
vn 0.5281 -0.1657 -0.8329
vn 0.1966 -0.1995 -0.9600
vn 0.8710 -0.0543 -0.4883
vn -0.9033 0.2698 -0.3336
vn -0.8137 0.3590 -0.4572
vn -0.8878 0.3235 -0.3274
vn 0.4978 0.8221 0.2765
vn 0.4271 0.8727 0.2366
vn 0.5515 0.6839 0.4776
vn 0.7382 0.5321 0.4147
vn 0.6761 0.6312 0.3801
vn 0.9636 -0.1584 0.2154
vn 0.9855 -0.1329 0.1051
vn 0.9818 -0.1583 0.1049
vn 0.9389 0.0030 0.3442
vn 0.9379 0.0540 0.3428
vn 0.9748 0.0482 0.2180
vn 0.9032 -0.3784 -0.2026
vn 0.8630 -0.4662 -0.1945
vn 0.8289 -0.4703 -0.3028
vn 0.8885 -0.4590 0.0003
vn 0.8475 -0.5227 -0.0923
vn 0.8851 -0.4554 -0.0959
vn 0.1856 -0.3679 -0.9112
vn 0.1489 -0.5541 -0.8190
vn 0.1676 -0.5568 -0.8136
vn 0.6734 -0.4382 0.5954
vn 0.8801 -0.3481 0.3230
vn 0.8729 -0.3677 0.3206
vn 0.9179 -0.3389 0.2064
vn 0.5320 0.0954 0.8414
vn 0.7470 -0.0401 0.6636
vn 0.7464 0.0459 0.6639
vn 0.8182 0.4899 0.3010
vn 0.7761 0.5630 0.2840
vn 0.9341 0.2865 0.2128
vn 0.9657 0.2384 0.1033
vn 0.9391 0.3290 0.0994
vn 0.9554 0.2775 -0.1007
vn 0.9391 0.2720 -0.2100
vn -0.0778 0.9239 -0.3747
vn -0.2400 0.8963 -0.3730
vn -0.2082 0.9262 -0.3142
vn -0.1171 0.8140 -0.5690
vn -0.1362 0.7470 -0.6507
vn -0.3652 0.7416 -0.5627
vn 0.8233 0.3253 -0.4651
vn 0.8688 0.0764 -0.4893
vn -0.9867 -0.1538 0.0528
vn -0.9854 -0.1340 0.1046
vn -0.9820 -0.1571 0.1045
vn -0.8307 -0.5242 -0.1878
vn -0.8889 -0.4480 -0.0957
vn -0.2730 -0.9335 -0.2325
vn -0.3277 -0.9281 -0.1766
vn -0.5007 -0.8213 -0.2735
vn -0.4426 0.5775 0.6860
vn -0.1640 0.5749 0.8016
vn -0.1484 0.6668 0.7303
vn 0.1366 0.7434 0.6547
vn 0.4114 0.6417 0.6473
vn 0.3757 0.7150 0.5896
vn -0.6981 0.3753 0.6097
vn -0.7076 0.3352 0.6220
vn -0.7432 0.1225 0.6578
vn -0.7475 0.0508 0.6623
vn -0.5267 0.1336 0.8395
vn 0.9656 0.2602 -0.0013
vn 0.8971 0.4417 0.0000
vn 0.9085 0.4179 -0.0006
vn 0.9004 0.4242 -0.0965
vn 0.9719 0.0870 -0.2188
vn 0.9942 0.0022 -0.1072
vn -0.1233 -0.7919 0.5981
vn 0.1150 -0.8366 0.5357
vn -0.5983 -0.6056 0.5246
vn -0.3764 -0.7133 0.5912
vn -0.4197 -0.6265 0.6568
vn 0.1775 0.4575 -0.8713
vn 0.1824 0.3858 -0.9044
vn -0.1824 0.3858 -0.9044
vn 0.1888 0.3027 -0.9342
vn -0.1917 0.2074 -0.9593
vn -0.1888 0.3027 -0.9342
vn 0.8386 0.4514 0.3051
vn 0.8987 0.3889 0.2026
vn 0.7292 0.2300 0.6446
vn 0.8392 0.2679 0.4733
vn 0.8546 0.2040 0.4776
vn 0.1808 0.4239 0.8874
vn 0.1567 0.6305 0.7602
vn 0.1625 0.5912 0.7900
vn 0.4488 0.5507 0.7038
vn -0.9897 0.1333 0.0520
vn -0.9813 0.1853 0.0516
vn -0.9765 0.1880 0.1051
vn 0.8283 0.4698 0.3053
vn 0.2061 -0.0566 0.9769
vn 0.5386 -0.0049 0.8426
vn 0.5313 -0.0540 0.8455
vn -0.5296 0.1650 0.8320
vn -0.1893 0.2996 0.9351
vn -0.1884 0.2197 0.9572
vn -0.8314 -0.4649 0.3043
vn -0.7272 -0.5507 0.4098
vn -0.7670 -0.4749 0.4316
vn -0.6841 -0.6220 0.3810
vn -0.5292 -0.7128 0.4603
vn -0.5596 -0.6685 0.4899
vn -0.9571 -0.2709 -0.1031
vn -0.9474 -0.3035 -0.1019
vn -0.9547 -0.2934 -0.0498
vn -0.9455 -0.3219 0.0500
vn -0.9393 -0.3394 0.0503
vn -0.9297 -0.3549 0.0983
vn 0.9733 -0.2046 0.1037
vn 0.9809 -0.1946 -0.0000
vn 0.9909 -0.1344 -0.0019
vn -0.8087 0.3686 0.4585
vn -0.8389 0.2644 0.4757
vn -0.7222 0.2620 0.6402
vn -0.0010 -1.0000 -0.0031
vn -0.0018 -1.0000 -0.0009
vn -0.0001 -1.0000 0.0010
vn -0.7592 0.6458 -0.0812
vn -0.8062 0.5853 -0.0859
vn -0.4953 0.8665 -0.0613
vn -0.5282 0.8488 -0.0227
vn -0.9819 -0.1573 -0.1056
vn -0.9853 -0.1338 -0.1067
vn -0.9910 -0.1240 -0.0506
vn -0.9819 0.1163 -0.1497
vn -0.9862 0.1571 -0.0518
vn -0.5340 -0.0743 -0.8422
vn -0.8588 0.1738 -0.4820
vn -0.8485 0.2303 -0.4764
vn -0.9175 0.2132 -0.3358
vn 0.9754 0.0328 -0.2180
vn 0.9379 -0.0332 -0.3453
vn 0.9380 0.0280 -0.3456
vn 0.8734 0.3651 -0.3223
vn 0.8267 0.4727 -0.3052
vn -0.8817 0.4624 -0.0942
vn -0.9119 0.3988 -0.0970
vn -0.9372 0.3452 -0.0499
vn -0.8993 0.4276 0.0917
vn -0.9372 0.3345 0.0993
vn -0.8896 0.4101 0.2010
vn 0.7334 0.5411 -0.4115
vn 0.7469 0.5141 -0.4218
vn 0.6037 0.5933 -0.5325
vn 0.8289 0.4695 -0.3041
vn -0.9311 0.2993 0.2087
vn -0.9452 0.2487 0.2115
vn -0.9530 0.2853 0.1023
vn 0.9357 0.0663 0.3466
vn 0.8692 0.0713 0.4893
vn 0.9381 -0.0264 0.3454
vn -0.4846 0.4288 -0.7624
vn -0.4069 0.6503 -0.6415
vn -0.9469 0.3177 -0.0498
vn -0.9585 0.2806 0.0504
vn -0.9711 0.2333 0.0510
vn -0.9659 0.2374 0.1037
vn 0.9380 -0.0274 0.3456
vn 0.9734 0.0675 0.2189
vn 0.9750 0.0357 0.2195
vn 0.9935 0.0394 0.1065
vn 0.9809 -0.1637 -0.1053
vn 0.9622 -0.1656 -0.2164
vn 0.9637 -0.1562 -0.2166
vn 0.9269 -0.1597 -0.3397
vn 0.8630 -0.1424 -0.4846
vn 0.8592 -0.1731 -0.4815
vn 0.5336 -0.0325 0.8451
vn 0.4956 -0.3786 0.7817
vn 0.7014 -0.3478 0.6222
vn 0.7166 -0.2964 0.6313
vn 0.0835 0.9241 0.3729
vn 0.2632 0.8761 0.4041
vn 0.2125 0.9159 0.3406
vn -0.2026 0.9282 0.3120
vn -0.0849 0.9163 0.3913
vn -0.0681 0.9421 0.3282
vn -0.5192 -0.2390 0.8206
vn -0.5291 -0.1924 0.8265
vn -0.5351 -0.0479 0.8434
vn -0.1944 -0.2221 -0.9554
vn -0.1916 -0.2812 -0.9403
vn -0.5172 -0.2553 -0.8169
vn -0.5246 -0.2230 -0.8216
vn -0.9623 -0.1643 0.2169
vn -0.9671 -0.1315 0.2175
vn -0.9265 -0.1601 0.3407
vn -0.8817 -0.3439 0.3231
vn -0.9404 -0.3247 0.1008
vn -0.9172 -0.3422 0.2042
vn -0.9190 -0.3361 0.2063
vn -0.4222 0.9064 0.0151
vn -0.4700 0.8825 0.0185
vn -0.4514 0.8907 0.0527
vn -0.2244 0.9740 0.0321
vn -0.2674 0.9573 0.1101
vn -0.4768 0.4626 0.7474
vn -0.5077 0.3176 0.8009
vn -0.1870 0.3805 0.9057
vn -0.7754 0.4554 0.4374
vn -0.6866 0.4046 0.6040
vn -0.6306 0.5405 0.5569
vn 0.1095 0.9918 0.0658
vn 0.1764 0.9790 0.1024
vn 0.1957 0.9804 0.0248
vn 0.0044 0.9989 -0.0461
vn 0.0032 0.9977 -0.0673
vn -0.0164 0.9957 -0.0908
vn 0.4887 0.8278 -0.2755
vn 0.7770 0.5607 -0.2862
vn 0.9494 0.3142 -0.0002
vn 0.9941 0.0220 0.1066
vn 0.9997 -0.0247 -0.0008
vn 0.9982 0.0596 -0.0013
vn 0.6672 -0.4566 0.5886
vn 0.7976 -0.4049 0.4471
vn 0.7455 -0.5165 0.4213
vn 0.1929 0.1993 -0.9608
vn 0.2008 0.0720 -0.9770
vn 0.1937 -0.2318 -0.9533
vn 0.1906 -0.2983 -0.9353
vn -0.1926 -0.2815 -0.9400
vn -0.8126 0.3595 0.4586
vn -0.6532 0.4934 0.5744
vn -0.6345 0.5374 0.5555
vn 0.9987 0.0513 -0.0000
vn 0.9956 0.0941 0.0010
vn 0.9928 0.0558 -0.1058
vn 0.9757 -0.0123 0.2188
vn 0.9943 0.0178 0.1050
vn 0.9942 -0.0171 0.1061
vn 0.4824 0.4334 -0.7612
vn 0.1880 0.3623 -0.9129
vn 0.1801 0.4627 -0.8680
vn -0.1912 0.2927 -0.9369
vn -0.7534 -0.5031 -0.4234
vn -0.7807 -0.5553 -0.2866
vn -0.8310 -0.4656 -0.3044
vn -0.7799 -0.6006 -0.1759
vn -0.4227 -0.6150 -0.6657
vn -0.6278 -0.5510 -0.5498
vn -0.1442 -0.7035 -0.6959
vn -0.3431 -0.7722 -0.5347
vn -0.3920 -0.6844 -0.6148
vn -0.9635 0.2502 0.0949
vn -0.9633 0.1594 0.2159
vn -0.9409 0.2650 0.2109
vn -0.8824 0.3401 0.3252
vn -0.8363 0.4541 0.3072
vn -0.8491 -0.2193 0.4806
vn -0.7090 -0.3206 0.6281
vn -0.7260 -0.2520 0.6399
vn 0.6463 0.7598 -0.0703
vn 0.7689 0.6393 -0.0034
vn -0.3421 0.8922 -0.2949
vn 0.0621 0.9938 -0.0928
vn 0.0365 0.9888 -0.1447
vn -0.0385 0.9913 -0.1255
vn 0.5184 -0.2480 -0.8184
vn 0.5100 -0.2783 -0.8139
vn 0.8554 -0.1901 -0.4818
vn 0.7295 -0.2405 -0.6403
vn 0.7321 -0.2148 -0.6464
vn 0.7761 -0.5630 -0.2841
vn 0.7133 -0.5743 -0.4016
vn 0.2757 -0.9311 0.2387
vn 0.2156 -0.9587 0.1855
vn 0.3063 -0.9371 0.1675
vn 0.4292 -0.8230 -0.3720
vn 0.3128 -0.9113 -0.2677
vn 0.2463 -0.8950 -0.3719
vn -0.1463 0.6861 0.7126
vn -0.1739 0.4852 0.8569
vn -0.1692 0.5567 0.8133
vn 0.1714 0.5285 0.8314
vn -0.6685 0.7022 -0.2450
vn -0.7603 0.6269 -0.1702
vn -0.7061 0.6902 -0.1583
vn 0.0023 -1.0000 0.0011
vn 0.0010 -1.0000 0.0013
vn 0.4030 0.6556 -0.6386
vn 0.4440 0.5524 -0.7054
vn 0.1677 0.5685 -0.8054
vn 0.5423 0.6919 -0.4767
vn 0.9882 0.1531 0.0016
vn 0.9709 0.2158 -0.1037
vn 0.9813 0.1605 -0.1061
vn 0.9662 0.1438 -0.2139
vn 0.9536 0.2134 -0.2125
vn 0.9138 0.2304 -0.3345
vn -0.0011 -1.0000 -0.0010
vn -0.9234 -0.1782 -0.3399
vn -0.9674 -0.1325 -0.2156
vn -0.9627 -0.1628 -0.2160
vn -0.9346 -0.0899 -0.3441
vn -0.9722 -0.0826 -0.2190
vn 0.8696 -0.0537 -0.4909
vn 0.8641 0.1331 -0.4854
vn -0.7970 -0.4059 -0.4472
vn -0.6604 -0.4784 -0.5787
vn 0.4034 -0.6545 -0.6394
vn 0.2031 -0.1084 0.9731
vn 0.9880 -0.1547 -0.0000
vn 0.1957 0.0411 -0.9798
vn 0.1972 0.0985 -0.9754
vn -0.1983 0.0952 -0.9755
vn 0.7285 0.2371 -0.6427
vn -0.9346 0.2874 -0.2095
vn -0.9481 0.3009 -0.1024
vn -0.9636 0.2463 -0.1042
vn -0.9101 0.4025 -0.0981
vn -0.8997 0.4339 -0.0473
vn -0.9168 0.3963 -0.0482
vn -0.6760 -0.4344 0.5952
vn -0.4978 -0.3760 0.7815
vn 0.9711 -0.0929 -0.2198
vn 0.9651 -0.1434 -0.2192
vn 0.9251 -0.1713 -0.3389
vn -0.9132 -0.2317 -0.3352
vn -0.9443 -0.2511 -0.2127
vn 0.4968 0.3696 0.7852
vn 0.5161 0.2541 0.8180
vn 0.7158 0.2932 0.6338
vn 0.1907 0.0466 0.9805
vn 0.1950 -0.0522 0.9794
vn 0.5344 -0.0444 0.8441
vn -0.9343 -0.2879 -0.2101
vn -0.9922 -0.0652 -0.1061
vn -0.9984 -0.0207 -0.0525
vn -0.9966 -0.0641 -0.0524
vn -0.9977 -0.0427 0.0524
vn -0.9891 0.0007 0.1473
vn 0.7759 0.6255 -0.0819
vn 0.7352 0.6579 -0.1634
vn 0.6975 0.6991 -0.1573
vn 0.6073 0.7623 -0.2238
vn 0.6771 0.6931 -0.2473
vn 0.6126 0.7132 -0.3408
vn -0.5301 0.0317 0.8474
vn -0.5132 0.2810 0.8110
vn -0.5858 0.6221 -0.5195
vn -0.6491 0.5026 -0.5711
vn -0.7580 0.4929 -0.4272
vn 0.8109 0.3668 0.4559
vn 0.8940 0.3058 0.3275
vn 0.8772 0.3564 0.3218
vn 0.8921 0.4050 0.2004
vn 0.9059 0.3712 0.2036
vn 0.9294 0.3553 0.0997
vn 0.4515 0.8019 0.3913
vn 0.4962 0.7520 0.4339
vn 0.5962 0.7320 0.3298
vn 0.5950 0.6142 0.5184
vn -0.9721 0.0865 0.2180
vn -0.8608 -0.1684 0.4803
vn -0.8664 -0.1174 0.4853
vn -0.7435 -0.1351 0.6550
vn -0.9316 -0.1273 0.3405
vn -0.9984 -0.0253 -0.0509
vn -0.9663 0.2523 -0.0505
vn -0.7543 0.6555 0.0381
vn -0.7800 0.6201 0.0845
vn -0.7275 0.6819 0.0765
vn -0.6354 0.7715 0.0331
vn -0.6728 0.7367 0.0680
vn -0.5988 0.7985 0.0623
vn 0.7141 0.3061 0.6296
vn 0.6997 0.3636 0.6150
vn 0.8262 0.3178 0.4651
vn 0.1987 0.0422 0.9792
vn 0.1920 0.1222 0.9738
vn 0.5312 0.1442 0.8349
vn -0.8317 0.3000 -0.4671
vn 0.8991 -0.4261 0.1005
vn 0.9137 -0.4064 0.0005
vn 0.8527 -0.5138 0.0945
vn 0.4758 0.4615 -0.7488
vn 0.4297 0.6022 -0.6728
vn 0.4100 0.6499 -0.6400
vn 0.3819 -0.9204 0.0837
vn 0.3234 -0.9435 0.0722
vn 0.3722 -0.8682 0.3282
vn 0.4764 -0.8387 0.2639
vn -0.6757 0.4335 0.5963
vn -0.4608 0.5147 0.7230
vn -0.4838 0.4446 0.7538
vn 0.7032 -0.7110 0.0010
vn 0.5019 -0.8633 -0.0529
vn 0.6656 -0.7430 -0.0704
vn 0.7287 -0.6651 -0.1632
vn 0.5789 -0.8049 -0.1307
vn 0.5360 -0.8214 -0.1952
vn -0.7367 0.5374 -0.4105
vn -0.8185 0.3452 -0.4592
vn -0.7973 0.4053 -0.4473
vn -0.8832 0.3396 -0.3235
vn 0.1844 0.3406 0.9219
vn 0.5151 0.2748 0.8119
vn 0.1982 0.0258 0.9798
vn 0.9755 -0.0178 -0.2191
vn 0.9737 -0.0593 -0.2198
vn 0.9219 -0.1870 -0.3393
vn 0.5498 0.8260 0.1241
vn 0.1555 0.9570 0.2451
vn 0.2209 0.9550 0.1981
vn 0.5398 0.8395 0.0617
vn 0.5697 0.8195 0.0627
vn 0.5519 0.8339 -0.0012
vn 0.6702 0.7386 0.0723
vn 0.7232 0.6906 -0.0014
vn 0.6762 0.7367 0.0013
vn 0.8263 0.3199 -0.4636
vn 0.7013 0.3644 -0.6126
vn 0.8394 0.4491 -0.3062
vn 0.8179 0.4910 -0.2999
vn 0.7334 0.5404 -0.4124
vn -0.4841 0.7647 -0.4253
vn -0.6311 0.6912 -0.3520
vn -0.4114 0.6505 -0.6384
vn 0.6532 0.4933 0.5744
vn 0.6689 0.4539 0.5887
vn 0.7977 0.4028 0.4488
vn 0.4621 0.5098 0.7256
vn -0.3785 0.9022 0.2067
vn -0.4322 0.8695 0.2390
vn -0.3212 0.9047 0.2798
vn 0.1740 0.5111 0.8417
vn 0.1564 0.6364 0.7553
vn 0.0586 -0.9589 -0.2776
vn -0.0422 -0.9796 -0.1964
vn -0.0630 -0.9496 -0.3069
vn -0.5065 -0.7403 -0.4421
vn -0.4161 -0.8350 -0.3601
vn 0.6359 0.5331 -0.5580
vn 0.9162 -0.2190 -0.3357
vn 0.8426 -0.2511 -0.4764
vn 0.9279 -0.1514 0.3408
vn 0.9287 0.1439 -0.3417
vn -0.5353 0.0894 0.8399
vn -0.2020 0.1286 0.9709
vn -0.3167 -0.9459 0.0701
vn -0.2755 -0.9569 0.0923
vn -0.3170 -0.9414 0.1150
vn -0.5825 -0.7456 0.3237
vn -0.4366 -0.8665 0.2418
vn -0.3216 -0.9062 0.2746
vn -0.8653 -0.1322 -0.4836
vn -0.5358 0.0251 -0.8439
vn -0.7528 0.0225 -0.6579
vn -0.3269 0.9273 -0.1825
vn -0.4283 0.8918 -0.1460
vn -0.3664 0.9210 -0.1323
vn -0.1279 0.9719 -0.1975
vn -0.2283 0.9532 -0.1985
vn -0.1911 0.9670 -0.1684
vn 0.8705 -0.0325 0.4911
vn 0.9255 -0.1662 0.3403
vn 0.9901 -0.0925 -0.1057
vn 0.9756 0.0020 -0.2197
vn -0.9615 0.1707 -0.2155
vn -0.9882 0.1097 -0.1073
vn -0.9809 0.1627 -0.1063
vn 0.9367 0.3501 0.0000
vn 0.9503 0.3113 -0.0005
vn 0.9410 0.3229 -0.1009
vn 0.9410 0.3229 0.1009
vn -0.9350 0.2870 0.2082
vn -0.9180 0.3397 0.2047
vn -0.8733 0.3665 0.3210
vn -0.9689 0.2421 0.0509
vn -0.9481 0.3009 0.1024
vn -0.9636 0.2463 0.1042
vn -0.5505 -0.8107 -0.1994
vn -0.4398 -0.8929 -0.0967
vn -0.6552 -0.7410 -0.1469
vn -0.6439 -0.7619 -0.0695
vn -0.5181 -0.8535 -0.0558
vn -0.5033 -0.8638 -0.0251
vn -0.9904 0.1288 -0.0503
vn -0.9546 0.2546 -0.1547
vn -0.9646 0.2592 -0.0476
vn -0.5207 0.2236 -0.8239
vn -0.1762 0.4574 -0.8716
vn 0.8025 -0.3894 0.4521
vn 0.1156 0.8215 -0.5584
vn 0.0966 0.8725 -0.4790
vn -0.0579 0.9397 -0.3370
vn 0.9401 0.3256 -0.1014
vn 0.9247 0.3677 -0.0990
vn 0.8883 0.4142 -0.1984
vn 0.9081 0.3669 -0.2020
vn 0.9118 0.4106 -0.0007
vn 0.8188 0.5740 -0.0031
vn 0.1750 0.4829 -0.8580
vn 0.1697 0.5552 -0.8142
vn -0.1697 0.5552 -0.8142
vn 0.1548 0.6521 -0.7422
vn -0.1571 0.6732 -0.7225
vn -0.1586 0.6145 -0.7728
vn -0.9735 -0.0686 -0.2183
vn -0.9755 -0.0222 -0.2187
vn -0.9941 -0.0211 -0.1063
vn -0.9363 -0.0746 -0.3431
vn -0.9750 -0.2167 0.0496
vn -0.9628 -0.2217 0.1543
vn -0.9393 -0.3280 0.1006
vn -0.9955 -0.0220 0.0921
vn -0.9933 -0.0676 0.0938
vn -0.9716 -0.0946 0.2171
vn -0.9750 -0.0437 0.2179
vn -0.9361 -0.0783 0.3429
vn 0.7508 0.0245 -0.6600
vn 0.5356 0.0835 -0.8403
vn 0.5321 0.0053 -0.8466
vn 0.7489 -0.0610 -0.6599
vn -0.9976 0.0457 0.0524
vn -0.9940 -0.0245 0.1069
vn -0.9534 0.2978 0.0477
vn -0.9537 0.2563 0.1573
vn 0.9608 0.2578 -0.1019
vn 0.4234 0.8928 -0.1540
vn 0.4914 0.8526 -0.1778
vn 0.3787 0.9017 -0.2087
vn 0.1886 0.9680 -0.1658
vn -0.0005 -1.0000 0.0009
vn -0.1536 0.9586 0.2398
vn 0.9996 -0.0284 -0.0000
vn -0.9365 -0.3185 -0.1466
vn -0.9467 -0.3182 -0.0504
vn -0.8746 -0.4826 -0.0460
vn -0.1995 0.0049 -0.9799
vn -0.2004 -0.0792 -0.9765
vn -0.5310 -0.0715 -0.8444
vn 0.2009 -0.0340 -0.9790
vn 0.8762 0.4389 0.1989
vn 0.9000 0.2817 0.3327
vn 0.9588 0.1845 0.2160
vn -0.1997 0.1190 -0.9726
vn 0.1957 0.0667 -0.9784
vn 0.9410 -0.3232 -0.0999
vn -0.5264 0.0632 -0.8479
vn -0.6939 0.3805 -0.6113
vn -0.8700 -0.0377 0.4916
vn -0.9106 0.2407 0.3360
vn -0.7025 0.3557 -0.6164
vn -0.5327 0.1165 -0.8383
vn -0.7429 0.1348 -0.6556
vn -0.7489 0.0769 -0.6582
vn -0.8921 0.3107 0.3281
vn -0.8092 0.3769 0.4506
vn -0.8299 0.3105 0.4636
vn 0.7865 0.4323 0.4411
vn -0.6023 0.5939 -0.5334
vn -0.5668 0.7601 -0.3178
vn -0.6029 0.7678 -0.2169
vn -0.7444 0.6096 -0.2724
vn 0.5126 -0.2650 0.8167
vn 0.7384 -0.1688 0.6529
vn 0.9266 0.1609 0.3399
vn 0.9569 0.1966 0.2135
vn 0.9658 0.1425 0.2165
vn 0.9118 0.2404 0.3330
vn 0.8924 0.3103 0.3276
vn 0.9407 0.2651 0.2115
vn 0.9580 0.1882 -0.2165
vn 0.9908 0.0824 -0.1072
vn -0.4863 0.8555 0.1776
vn -0.4306 0.8893 0.1541
vn -0.3631 0.9310 0.0372
vn -0.9751 -0.0307 -0.2197
vn -0.8567 -0.4802 0.1883
vn -0.6131 0.7875 -0.0627
vn -0.6997 0.7115 -0.0645
vn -0.6673 0.7436 -0.0418
vn 0.3951 0.9074 0.1432
vn 0.4300 0.8894 0.1551
vn 0.4687 0.8773 0.1032
vn 0.3025 0.9526 0.0328
vn -0.1327 -0.7166 0.6847
vn -0.0342 0.9959 0.0837
vn 0.0456 0.9985 0.0316
vn 0.1037 0.9943 0.0239
vn -0.9137 0.3944 -0.0980
vn -0.8924 0.4409 -0.0963
vn 0.1925 0.9767 -0.0954
vn 0.2135 0.9755 -0.0529
vn 0.1000 0.9944 -0.0351
vn 0.2319 0.9712 -0.0555
vn 0.0735 0.9972 -0.0165
vn 0.9369 0.2777 0.2123
vn -0.8237 -0.5658 0.0363
vn -0.8157 -0.5720 0.0859
vn -0.4536 -0.8900 0.0457
vn -0.3674 -0.9293 0.0376
vn -0.3948 -0.9147 0.0869
vn 0.7206 -0.2806 -0.6340
vn 0.7077 -0.3281 -0.6257
vn 0.4960 -0.3774 -0.7820
vn 0.5548 -0.8320 0.0021
vn 0.4248 -0.9053 -0.0002
vn 0.9178 -0.3395 -0.2058
vn 0.9185 -0.3827 -0.0999
vn 0.1489 -0.9623 -0.2277
vn 0.1497 0.6694 0.7276
vn -0.1589 0.6180 0.7699
vn 0.1627 0.6124 0.7737
vn 0.1862 0.3655 0.9120
vn 0.7462 -0.0781 0.6611
vn 0.8720 -0.0553 0.4864
vn 0.8661 -0.1180 0.4857
vn 0.5270 -0.2090 0.8238
vn 0.5257 -0.1686 0.8338
vn 0.7430 -0.1256 0.6574
vn -0.6699 -0.4489 -0.5913
vn -0.4621 0.5098 -0.7256
vn 0.1981 0.2139 0.9565
vn 0.5204 0.2309 0.8221
vn 0.1871 0.3853 0.9036
vn 0.1800 0.4504 0.8745
vn 0.4997 0.3689 0.7837
vn 0.0789 -0.9303 0.3582
vn 0.1825 -0.9428 0.2789
vn 0.3035 -0.8316 0.4650
vn -0.9022 0.4286 0.0474
vn 0.8154 0.4962 0.2982
vn 0.8758 0.4408 0.1964
vn 0.8456 0.4343 0.3103
vn -0.9371 -0.0184 0.3485
vn -0.8715 -0.0541 0.4874
vn -0.8728 0.0148 0.4878
vn -0.7509 0.0151 0.6602
vn 0.9366 0.0612 0.3449
vn -0.9542 -0.2084 -0.2147
vn -0.0922 0.8958 0.4347
vn -0.1162 0.8462 0.5200
vn 0.9712 -0.0939 0.2189
vn 0.9737 -0.0592 0.2199
vn 0.9927 -0.0582 0.1056
vn 0.9387 -0.0477 0.3414
vn 0.9382 -0.0787 0.3372
vn -0.8696 -0.0533 -0.4909
vn -0.8654 -0.1126 -0.4883
vn -0.9361 -0.0744 -0.3437
vn -0.7455 -0.0969 -0.6594
vn 0.7800 -0.5579 0.2835
vn 0.5177 -0.8349 0.1870
vn 0.3616 -0.9231 0.1308
vn -0.2332 -0.9650 0.1199
vn -0.1822 -0.9724 0.1460
vn -0.1805 -0.9711 0.1559
vn -0.6469 0.5105 0.5665
vn -0.6134 0.5723 0.5442
vn -0.4199 0.6274 0.6558
vn -0.7594 0.4929 0.4246
vn -0.3298 -0.9363 -0.1204
vn -0.9748 -0.0433 0.2187
vn -0.9714 -0.0923 0.2186
vn -0.9353 -0.0798 0.3448
vn -0.9941 -0.0412 0.1000
vn -0.5267 -0.1509 -0.8365
vn 0.9785 0.2065 0.0006
vn 0.9686 0.2485 -0.0000
vn -0.2490 -0.8867 0.3895
vn -0.1681 -0.9518 0.2564
vn -0.0542 -0.9641 0.2601
vn 0.9255 -0.1662 -0.3403
vn -0.3195 0.8053 -0.4995
vn -0.1861 -0.3676 0.9112
vn -0.1797 -0.4533 0.8730
vn 0.1826 -0.4088 0.8942
vn -0.8693 -0.0850 -0.4870
vn -0.8716 -0.0272 -0.4895
vn -0.9387 -0.0241 -0.3439
vn -0.7466 -0.1021 -0.6574
vn -0.9265 0.3728 0.0519
vn -0.8376 0.5449 0.0389
vn -0.8387 0.5266 0.1388
vn 0.6463 -0.6701 -0.3650
vn 0.3047 -0.9379 -0.1659
vn 0.4958 -0.8244 -0.2731
vn 0.9411 0.2649 -0.2103
vn 0.8833 0.3394 -0.3233
vn 0.8995 0.2871 -0.3294
vn 0.7441 0.5176 -0.4224
vn 0.7766 0.4555 -0.4353
vn 0.3699 0.8703 0.3252
vn -0.8274 0.3138 -0.4658
vn -0.8607 0.3991 0.3160
vn -0.8743 0.3640 0.3211
vn -0.7977 0.4028 0.4488
vn 0.8246 -0.3208 -0.4660
vn 0.8125 -0.3587 -0.4596
vn 0.6829 -0.4169 -0.5998
vn 0.8980 -0.2909 -0.3301
vn 0.8733 0.3665 0.3210
vn 0.8556 0.4132 0.3118
vn 0.5910 0.5978 0.5416
vn -0.1538 0.9588 -0.2389
vn 0.0396 0.9644 -0.2613
vn 0.0594 0.9740 -0.2185
vn 0.8607 0.3991 -0.3160
vn 0.8152 0.4962 -0.2988
vn -0.1457 -0.7546 -0.6398
vn -0.1124 -0.9782 -0.1744
vn -0.1415 -0.9654 -0.2191
vn -0.5266 0.1929 -0.8279
vn -0.5167 0.2732 -0.8114
vn -0.7346 0.2007 -0.6481
vn -0.1937 -0.0001 -0.9811
vn 0.7395 -0.1816 -0.6482
vn 0.7438 -0.1225 -0.6571
vn -0.9017 0.2792 -0.3302
vn -0.9176 0.3401 -0.2057
vn 0.2331 -0.9526 -0.1953
vn 0.7394 0.1665 -0.6524
vn 0.5242 0.2317 -0.8195
vn -0.7481 -0.0258 -0.6631
vn 0.3128 0.9468 -0.0759
vn 0.3823 0.9141 -0.1352
vn 0.3549 0.9140 -0.1969
vn 0.3016 0.9386 -0.1675
vn 0.1800 -0.4533 -0.8730
vn 0.1707 -0.5112 -0.8423
vn -0.1749 -0.4848 -0.8570
vn 0.4827 -0.4381 -0.7583
vn -0.2790 0.9541 0.1090
vn -0.4323 0.8969 0.0929
vn -0.5022 0.8591 0.0987
vn 0.1828 -0.4534 0.8724
vn 0.4841 -0.4341 0.7597
vn -0.4822 -0.4380 0.7587
vn -0.4488 0.5507 0.7038
vn -0.6827 0.4152 0.6013
vn -0.9539 0.2958 -0.0501
vn -0.9614 0.2704 0.0505
vn -0.7496 -0.0620 0.6590
vn -0.5338 -0.1181 0.8374
vn -0.5247 -0.0281 0.8509
vn -0.2000 -0.0372 0.9791
vn -0.9967 -0.0638 -0.0511
vn -0.9978 -0.0417 0.0509
vn -0.9864 -0.0407 0.1591
vn 0.9515 0.2911 -0.0999
vn -0.9059 0.3712 0.2036
vn 0.5406 0.7849 -0.3028
vn 0.9401 -0.3258 -0.1006
vn -0.9988 0.0074 -0.0481
vn -0.9986 0.0074 0.0525
vn 0.9345 -0.2872 0.2102
vn 0.9567 -0.2725 0.1022
vn -0.7606 0.4868 -0.4296
vn -0.7827 0.4401 -0.4402
vn -0.8607 0.3991 -0.3160
vn -0.6333 0.5416 -0.5528
vn 0.3185 0.9311 0.1780
vn 0.1338 0.9847 0.1120
vn 0.2564 0.9622 0.0915
vn -0.9912 -0.0785 -0.1065
vn -0.2021 0.0407 0.9785
vn -0.1949 -0.1300 0.9722
vn -0.9300 -0.1341 0.3422
vn -0.8559 -0.1866 0.4824
vn -0.8610 -0.1507 0.4857
vn -0.1357 0.9822 -0.1295
vn -0.2872 0.9513 -0.1120
vn -0.1955 0.9786 -0.0638
vn -0.2715 0.9506 -0.1505
vn -0.8701 -0.0231 0.4924
vn -0.8677 -0.0838 0.4900
vn -0.9380 -0.0274 0.3456
vn -0.7492 -0.0270 0.6618
vn -0.1457 0.6944 0.7046
vn 0.1472 0.6928 0.7060
vn -0.4952 -0.8502 0.1788
vn -0.6473 0.7478 -0.1477
vn -0.5935 0.7935 -0.1345
vn 0.7082 0.3260 -0.6262
vn 0.7339 0.1960 -0.6504
vn 0.5107 0.2938 -0.8080
vn 0.8423 0.2561 -0.4743
vn 0.8949 0.4359 0.0961
vn -0.9277 -0.1514 0.3411
vn -0.8609 -0.1477 0.4869
vn -0.9755 0.0139 -0.2197
vn -0.9938 0.0332 -0.1059
vn 0.7492 0.0200 -0.6621
vn -0.5176 -0.2665 -0.8131
vn -0.7298 -0.2332 -0.6427
vn -0.7437 -0.1169 -0.6582
vn -0.6962 0.7094 -0.1098
vn -0.7032 0.7100 -0.0377
vn -0.6754 0.7365 -0.0385
vn -0.6751 0.7362 0.0471
vn -0.1944 -0.2221 0.9554
vn 0.1937 -0.2790 0.9406
vn 0.8742 0.4762 0.0946
vn 0.8849 0.4657 0.0004
vn 0.8089 0.3760 0.4520
vn 0.7859 0.4351 0.4394
vn -0.2688 0.8661 0.4215
vn -0.2307 0.9040 0.3600
vn -0.9900 -0.0925 -0.1063
vn -0.9831 -0.1495 -0.1058
vn -0.9923 -0.1129 -0.0506
vn -0.9690 -0.1158 -0.2184
vn 0.7093 0.6559 0.2582
vn 0.9999 0.0143 0.0007
vn -0.0687 0.9812 0.1803
vn 0.9072 -0.2558 -0.3340
vn 0.0015 -1.0000 0.0004
vn 0.0015 -1.0000 0.0002
vn -0.0002 -1.0000 -0.0011
vn -0.0000 -1.0000 -0.0000
vn 0.0006 -1.0000 -0.0010
vn -0.5011 0.3524 0.7904
vn -0.7231 0.2699 0.6358
vn -0.3666 0.8741 0.3188
vn -0.1835 -0.9702 -0.1586
vn -0.5674 -0.6637 -0.4875
vn -0.2522 -0.8896 -0.3808
vn -0.6118 -0.7797 0.1335
vn -0.6258 -0.7770 0.0683
vn 0.8169 -0.5468 -0.1834
vn 0.6532 0.4933 -0.5744
vn 0.4622 0.5098 -0.7256
vn 0.7083 0.7017 -0.0766
vn 0.1975 0.9803 -0.0074
vn 0.3122 0.9500 0.0009
vn -0.8190 0.4898 -0.2990
vn -0.8180 0.5448 -0.1847
vn -0.9952 0.0022 0.0977
vn -0.9984 -0.0169 0.0544
vn -0.6140 -0.7885 0.0365
vn -0.4564 -0.8867 0.0740
vn 0.2468 0.9446 -0.2163
vn 0.3044 0.9120 -0.2749
vn 0.2075 0.9183 -0.3371
vn 0.8456 0.4344 -0.3103
vn 0.8921 0.4050 -0.2004
vn -0.4345 0.5901 -0.6804
vn -0.4488 0.5507 -0.7038
vn -0.6532 0.4934 -0.5744
vn -0.1567 0.6305 -0.7602
vn -0.6689 0.4539 -0.5887
vn -0.7977 0.4028 -0.4488
vn 0.0465 -0.9778 0.2045
vn 0.1241 -0.9751 0.1840
vn 0.9780 0.1810 0.1042
vn 0.9852 0.1351 0.1052
vn 0.3333 0.7875 0.5185
vn 0.8385 0.2748 -0.4706
vn 0.7485 -0.0362 0.6622
vn 0.7453 -0.0969 0.6597
vn 0.8677 -0.0838 0.4900
vn -0.9119 0.4011 0.0873
vn -0.8943 0.4394 0.0840
vn -0.8641 0.4641 0.1948
vn -0.8767 0.4401 -0.1944
vn 0.8071 0.3767 -0.4546
vn 0.6756 0.4382 -0.5930
vn 0.1680 0.5499 -0.8182
vn 0.4488 0.5507 -0.7038
vn -0.9183 0.3378 -0.2064
vn 0.9703 0.1044 -0.2183
vn 0.9325 0.1105 -0.3440
vn 0.1837 0.4075 -0.8945
vn 0.8273 0.3172 0.4636
vn 0.6900 -0.3927 0.6080
vn 0.9311 -0.1274 -0.3417
vn 0.9358 -0.0838 -0.3424
vn 0.8669 -0.1045 -0.4874
vn 0.9662 -0.1377 -0.2178
vn 0.9710 -0.0990 -0.2177
vn -0.1949 -0.2493 -0.9486
vn -0.5305 -0.1580 -0.8328
vn -0.3655 0.9302 -0.0340
vn -0.2892 0.9572 -0.0145
vn -0.3128 0.9497 0.0162
vn -0.9859 0.1372 -0.0961
vn -0.7593 -0.0234 -0.6504
vn 0.9346 -0.0899 -0.3441
vn 0.5334 -0.0393 -0.8450
vn 0.1994 -0.1321 -0.9710
vn 0.9560 0.2760 0.0991
vn 0.9694 0.2227 0.1034
vn 0.8233 0.3253 0.4651
vn 0.6827 0.4152 0.6013
vn -0.8070 -0.5847 -0.0835
vn 0.4816 0.4456 0.7547
vn 0.4611 0.5162 0.7218
vn 0.6775 0.4317 0.5955
vn 0.8068 0.3808 -0.4518
vn 0.8402 0.2647 -0.4733
vn -0.7011 0.3555 0.6181
vn -0.5036 0.3605 0.7851
vn -0.9420 -0.3264 -0.0787
vn -0.9455 -0.3221 -0.0474
vn -0.8610 -0.1507 -0.4857
vn -0.8548 -0.1924 -0.4820
vn -0.9246 -0.1714 -0.3401
vn -0.7378 -0.1739 -0.6522
vn -0.1921 -0.2734 0.9425
vn -0.1846 -0.3063 0.9339
vn -0.5184 -0.2480 0.8184
vn 0.6180 0.7861 0.0004
vn 0.7584 0.4935 0.4257
vn 0.7360 0.5369 0.4123
vn 0.8185 0.4907 0.2988
vn -0.7221 0.2748 -0.6349
vn -0.9719 0.0858 -0.2191
vn -0.9366 0.0336 -0.3488
vn -0.1786 0.4846 -0.8563
vn -0.1713 -0.5364 -0.8264
vn -0.4751 -0.4654 -0.7468
vn -0.1902 -0.2814 0.9405
vn -0.9605 0.2588 -0.1029
vn -0.9795 0.1717 -0.1054
vn -0.9429 0.2560 -0.2132
vn 0.8621 -0.1409 0.4868
vn 0.8537 -0.1975 0.4818
vn 0.1940 0.3017 0.9334
vn -0.1826 0.3950 0.9004
vn 0.9242 0.1685 0.3427
vn 0.9706 0.1006 0.2185
vn 0.8540 0.1978 0.4811
vn -0.1813 0.4166 0.8908
vn 0.1737 0.5003 0.8483
vn -0.1585 0.9518 -0.2625
vn -0.2857 0.9264 -0.2451
vn -0.2743 0.9347 -0.2260
vn -0.0892 0.9955 0.0334
vn -0.0939 0.9955 0.0150
vn -0.1516 0.9882 0.0224
vn 0.7433 0.1420 0.6538
vn 0.5369 0.0500 0.8422
vn -0.8953 0.4350 -0.0959
vn -0.9202 0.3884 -0.0484
vn -0.9104 0.4109 -0.0478
vn -0.9104 0.4109 0.0478
vn -0.7234 0.2597 -0.6397
vn -0.7413 0.1356 -0.6573
vn -0.8524 0.2026 -0.4821
vn -0.5193 0.2260 -0.8242
vn -0.8615 0.4696 0.1933
vn -0.6995 0.6971 0.1573
vn 0.8708 0.4511 -0.1954
vn 0.4484 0.8598 -0.2443
vn 0.9366 -0.2811 -0.2091
vn -0.7392 -0.1629 -0.6535
vn -0.7269 -0.2309 -0.6468
vn -0.8576 -0.1757 -0.4834
vn -0.5191 -0.2330 -0.8223
vn -0.7376 0.5346 0.4126
vn -0.6033 0.5957 0.5303
vn -0.8288 0.4694 0.3044
vn -0.8385 0.4500 -0.3073
vn -0.8179 0.4906 -0.3007
vn -0.8658 0.4620 -0.1924
vn -0.7488 0.5155 -0.4166
vn -0.1905 0.2782 0.9414
vn 0.7272 0.6327 -0.2662
vn -0.9831 0.1485 0.1071
vn -0.9822 0.1802 0.0522
vn 0.6103 0.7895 0.0646
vn 0.9930 0.0522 0.1062
vn 0.4964 0.7527 -0.4323
vn -0.7437 -0.1169 0.6582
vn -0.7321 -0.2148 0.6464
vn -0.9619 0.2577 -0.0918
vn -0.9710 0.2328 -0.0539
vn -0.4050 0.8430 0.3540
vn -0.4428 0.8101 0.3842
vn -0.5043 0.8173 0.2787
vn 0.9892 -0.1004 0.1067
vn 0.9976 -0.0696 0.0005
vn 0.9909 0.0824 0.1064
vn 0.9175 0.2106 -0.3374
vn 0.8553 0.1884 -0.4826
vn 0.9658 -0.2382 0.1023
vn 0.9617 -0.2742 0.0006
vn 0.0611 0.9548 0.2908
vn 0.7141 0.3061 -0.6296
vn 0.4992 0.3774 -0.7800
vn 0.5118 0.3057 -0.8029
vn -0.5016 0.3523 -0.7901
vn -0.1963 0.2568 -0.9463
vn 0.8610 -0.1507 -0.4857
vn 0.9300 -0.1341 -0.3422
vn -0.7308 -0.2214 -0.6457
vn -0.5237 -0.2012 -0.8278
vn -0.9614 0.2704 -0.0505
vn 0.5342 -0.1171 0.8372
vn -0.1494 0.6908 -0.7075
vn -0.4185 0.6321 -0.6521
vn -0.3992 0.6722 0.6235
vn 0.1677 0.9846 -0.0485
vn -0.1246 0.9896 -0.0726
vn 0.9535 -0.3015 -0.0002
vn -0.9060 0.4206 0.0476
vn -0.9060 0.4207 0.0476
vn -0.8806 0.4547 0.1335
vn 0.5272 0.1947 0.8271
vn 0.7375 0.1629 0.6554
vn 0.8618 0.4691 0.1929
vn 0.1505 0.6703 0.7267
vn 0.4173 0.6326 0.6525
vn -0.5085 0.3110 -0.8029
vn -0.7274 0.2394 -0.6431
vn -0.9372 0.0597 0.3436
vn -0.9339 0.1036 0.3422
vn -0.8660 0.1165 0.4863
vn -0.9168 0.2109 -0.3391
vn -0.9274 0.1504 -0.3426
vn -0.8474 0.2354 -0.4759
vn -0.7360 0.1929 0.6489
vn -0.8454 0.2362 0.4792
vn -0.9574 0.1939 0.2141
vn -0.9664 0.1380 0.2167
vn -0.9221 0.1858 0.3394
vn -0.9772 0.1846 0.1050
vn -0.9856 0.1317 0.1059
vn -0.9821 0.1813 0.0516
vn -0.8577 0.1689 0.4856
vn -0.8590 0.1682 -0.4835
vn -0.9867 0.1551 -0.0480
vn -0.9865 0.1551 0.0518
vn 0.5085 0.3110 -0.8029
vn 0.5207 0.2236 -0.8239
vn 0.7268 0.2395 -0.6437
vn -0.1612 0.5944 -0.7878
vn -0.1755 0.5007 -0.8477
vn -0.0181 0.9637 -0.2662
vn -0.0563 0.9504 -0.3059
vn 0.9183 0.3378 -0.2064
vn 0.9288 0.3061 -0.2088
vn 0.8859 0.3304 -0.3255
vn -0.5147 -0.2768 0.8115
vn 0.0169 0.9980 0.0617
vn 0.0166 0.9943 0.1054
vn 0.9870 0.1605 -0.0002
vn 0.9942 0.1076 -0.0000
vn 0.9863 0.1267 -0.1061
vn -0.9694 0.1152 -0.2170
vn -0.9311 0.1250 0.3426
vn 0.7263 0.2401 0.6441
vn 0.8592 0.1628 0.4850
vn 0.7400 0.1612 -0.6530
vn 0.5110 0.3073 0.8028
vn 0.9832 -0.1500 -0.1041
vn 0.9966 -0.0819 -0.0010
vn -0.9595 -0.2622 0.1029
vn -0.9491 -0.3028 0.0868
vn -0.9342 -0.2882 0.2101
vn -0.9618 -0.2688 0.0516
vn 0.8710 0.0114 -0.4912
vn -0.2788 0.8567 -0.4341
vn -0.0975 0.8788 -0.4672
vn 0.9934 -0.0414 -0.1070
vn 0.9750 -0.0440 0.2178
vn 0.9373 -0.0471 -0.3452
vn 0.9353 -0.0798 0.3448
vn 0.9718 -0.0912 0.2176
vn 0.1212 0.8139 0.5682
vn 0.3681 0.9061 0.2086
vn -0.9930 0.0522 -0.1062
vn -0.9947 0.0890 -0.0523
vn -0.9973 0.0513 -0.0524
vn -0.9902 0.0906 -0.1059
vn 0.6954 -0.3707 -0.6156
vn -0.9890 -0.1024 -0.1063
vn -0.9937 -0.0996 -0.0511
vn -0.9950 -0.0854 0.0523
vn -0.9878 -0.0447 0.1492
vn -0.9250 -0.1696 0.3399
vn -0.9232 -0.1818 0.3387
vn -0.8529 -0.2091 0.4783
vn -0.9608 -0.1719 0.2175
vn 0.9746 -0.0433 -0.2196
vn 0.9933 -0.1154 0.0000
vn 0.9892 -0.1463 0.0008
vn 0.9837 -0.1456 -0.1055
vn 0.9869 -0.1213 0.1059
vn 0.9187 0.3355 0.2084
vn -0.7391 0.5314 0.4139
vn -0.5879 0.6232 0.5158
vn -0.2871 0.9557 0.0641
vn -0.3787 0.9149 0.1400
vn -0.3398 0.9311 0.1329
vn 0.1966 -0.1815 0.9635
vn -0.6397 0.7329 0.2317
vn -0.0029 -1.0000 -0.0003
vn 0.8619 0.3957 0.3170
vn 0.9049 0.3726 0.2057
vn -0.0481 0.9879 -0.1471
vn -0.5469 0.7791 0.3063
vn -0.5212 0.2645 0.8114
vn -0.9908 -0.0924 0.0992
vn -0.9842 -0.1496 0.0944
vn -0.9652 -0.1443 0.2180
vn -0.9913 -0.1191 0.0552
vn -0.1958 -0.1746 -0.9650
vn 0.7264 -0.2453 0.6420
vn -0.9852 -0.1635 -0.0505
vn -0.9888 -0.1408 0.0488
vn -0.9770 -0.1423 0.1587
vn -0.9305 -0.1309 -0.3420
vn -0.9212 -0.1900 -0.3395
vn -0.9628 -0.1618 -0.2166
vn -0.9743 0.0549 0.2185
vn -0.9713 0.0952 0.2178
vn 0.3713 0.9192 0.1312
vn 0.3746 0.9238 0.0791
vn 0.1888 0.9700 0.1530
vn 0.2786 0.9481 0.1532
vn 0.2884 0.9512 0.1093
vn 0.9295 -0.1423 0.3402
vn 0.9331 -0.1164 0.3403
vn 0.9683 -0.1231 0.2175
vn 0.8598 -0.1683 0.4822
vn -0.8452 -0.2410 -0.4770
vn -0.4375 0.8143 -0.3814
vn -0.8988 0.3903 0.1997
vn -0.8759 0.4397 0.1985
vn -0.8985 0.3901 -0.2011
vn 0.3376 0.8945 -0.2930
vn 0.2858 0.9220 -0.2610
vn 0.4671 0.8786 -0.0993
vn 0.3259 0.9449 -0.0321
vn 0.4037 0.9109 -0.0854
vn 0.0030 -1.0000 0.0006
vn 0.0030 -1.0000 -0.0003
vn -0.1653 -0.6221 -0.7653
vn 0.1631 -0.6263 -0.7624
vn -0.0008 -1.0000 0.0004
vn -0.4405 0.5762 0.6885
vn -0.1506 0.6682 0.7286
vn -0.8518 0.4199 0.3132
vn -0.7745 0.4605 -0.4337
vn 0.9122 0.2327 -0.3372
vn 0.8610 0.1456 -0.4873
vn 0.9600 0.1787 -0.2157
vn -0.9963 0.0687 0.0524
vn -0.9913 0.0893 0.0963
vn -0.9941 0.0510 0.0959
vn -0.9963 0.0686 0.0524
vn -0.9827 0.1083 0.1502
vn -0.8698 0.0672 -0.4887
vn -0.9339 0.1036 -0.3422
vn -0.9372 0.0597 -0.3436
vn -0.8660 0.1165 -0.4863
vn -0.9743 0.0549 -0.2185
vn -0.9713 0.0952 -0.2178
vn -0.1356 0.7270 0.6731
vn -0.3693 0.7295 0.5757
vn -0.9092 -0.3623 -0.2052
vn -0.8780 -0.4352 -0.1991
vn -0.9263 -0.3635 -0.0993
vn -0.8658 -0.3873 -0.3170
vn 0.9831 0.1829 -0.0007
vn 0.9773 0.1852 -0.1026
vn -0.8658 -0.3880 0.3160
vn -0.9033 -0.3780 0.2026
vn -0.3991 -0.9167 0.0199
vn -0.9314 0.1202 -0.3435
vn 0.9755 0.0222 -0.2187
vn -0.1104 -0.8586 0.5007
vn -0.0867 -0.9229 0.3751
vn -0.3319 -0.7897 0.5160
vn 0.9141 0.3934 0.0979
vn 0.6294 0.5438 -0.5551
vn -0.4496 0.5487 -0.7048
vn -0.1498 0.6728 -0.7245
vn 0.9942 -0.1073 0.0003
vn 0.9910 -0.0805 -0.1068
vn -0.9067 0.4189 -0.0496
vn -0.9201 0.3887 0.0483
vn -0.8978 0.4163 0.1439
vn 0.1952 0.1981 0.9606
vn 0.4524 -0.5393 0.7103
vn 0.1655 -0.5752 0.8011
vn -0.0031 -1.0000 0.0003
vn -0.0021 -1.0000 0.0009
vn 0.9562 0.2744 -0.1022
vn 0.5504 0.8102 -0.2016
vn 0.5332 -0.1147 -0.8382
vn 0.5356 -0.0547 -0.8427
vn 0.9912 -0.0785 0.1065
vn 0.9722 -0.0826 0.2190
vn -0.7378 -0.1739 0.6522
vn -0.5237 -0.2012 0.8278
vn -0.9722 -0.0826 0.2190
vn -0.9682 -0.1233 0.2179
vn -0.9912 -0.0785 0.1065
vn -0.9874 -0.1173 0.1060
vn -0.9956 -0.0771 0.0523
vn -0.6832 -0.4118 -0.6030
vn -0.8045 -0.3832 -0.4537
vn 0.9661 0.1379 -0.2184
vn 0.7388 0.1595 0.6548
vn -0.1682 -0.5559 0.8141
vn 0.0275 0.9906 0.1339
vn -0.9757 0.0024 0.2192
vn -0.8717 0.0045 -0.4901
vn -0.5360 0.0059 -0.8442
vn 0.4697 -0.4849 -0.7378
vn -0.7386 0.1690 -0.6526
vn -0.2533 -0.9576 0.1374
vn -0.2044 0.1144 0.9722
vn 0.1954 0.1660 0.9666
vn 0.9265 0.3145 -0.2064
vn 0.7308 -0.2286 0.6432
vn 0.7391 -0.1806 0.6489
vn 0.5166 -0.2637 0.8146
vn 0.7686 -0.6162 0.1719
vn 0.6666 -0.7043 0.2440
vn 0.8474 0.2352 -0.4761
vn 0.8123 -0.5832 0.0002
vn 0.7802 -0.6198 -0.0848
vn -0.2478 -0.9589 -0.1382
vn 0.1898 -0.2922 -0.9373
vn 0.1948 -0.2354 -0.9522
vn 0.5180 -0.2668 -0.8127
vn -0.9808 -0.1635 -0.1064
vn -0.9847 -0.1664 -0.0517
vn -0.9857 -0.1604 -0.0518
vn -0.9847 -0.1664 0.0517
vn 0.8661 0.1065 0.4884
vn 0.9336 0.1009 0.3439
vn 0.0368 -0.9846 0.1708
vn 0.9339 0.1033 -0.3422
vn 0.9730 0.0758 -0.2180
vn -0.5261 0.1732 0.8326
vn -0.8619 0.1465 0.4854
vn 0.9883 -0.1093 0.1067
vn -0.8231 -0.3273 0.4640
vn -0.8103 -0.3684 0.4557
vn -0.6857 -0.4066 0.6038
vn -0.8923 -0.3108 0.3273
vn -0.6962 -0.3671 0.6169
vn -0.8819 0.4692 0.0463
vn 0.9608 -0.2564 -0.1050
vn 0.9529 -0.2853 -0.1025
vn -0.1171 -0.9790 0.1671
vn -0.5316 -0.0393 0.8461
vn -0.9477 -0.3153 -0.0492
vn -0.9508 -0.3061 0.0484
vn -0.9395 -0.3077 0.1508
vn -0.9183 0.3378 0.2064
vn -0.8859 0.3304 0.3255
vn -0.9415 0.3231 0.0956
vn -0.9519 0.3023 -0.0500
vn -0.9519 0.3023 0.0500
vn -0.9519 0.3022 0.0500
vn -0.8743 0.3640 -0.3211
vn -0.9288 0.3061 -0.2088
vn 0.1730 0.5081 -0.8438
vn -0.9281 0.1426 0.3440
vn -0.9380 0.0391 0.3443
vn 0.7827 0.4401 0.4402
vn 0.6591 -0.4806 0.5784
vn 0.9881 0.1096 -0.1079
vn 0.4761 0.4604 0.7492
vn 0.0014 -1.0000 -0.0011
vn 0.1543 -0.6602 0.7351
vn -0.1620 -0.5893 0.7915
vn 0.1461 0.6898 -0.7091
vn 0.0032 -1.0000 -0.0005
vn 0.0026 -1.0000 0.0011
vn 0.6991 -0.6687 -0.2533
vn -0.7201 -0.6418 -0.2635
vn 0.8723 -0.3689 -0.3208
vn -0.5361 0.8421 -0.0589
vn -0.5809 0.8136 -0.0250
vn -0.5810 0.8137 0.0210
vn -0.5266 0.8479 0.0612
vn 0.9509 0.2923 0.1017
vn 0.9592 0.2635 0.1029
vn 0.9286 0.3051 0.2111
vn 0.8598 0.5106 0.0008
vn -0.7389 -0.1695 0.6521
vn -0.5162 -0.2613 0.8156
vn -0.7366 0.1993 0.6463
vn 0.1894 -0.3469 0.9186
vn 0.5039 -0.3229 0.8011
vn -0.7183 -0.2810 -0.6365
vn 0.9695 -0.2451 0.0012
vn -0.9897 0.0954 -0.1066
vn -0.9951 0.0841 -0.0512
vn -0.9918 0.1167 -0.0512
vn -0.9951 0.0841 0.0523
vn -0.1916 -0.2934 -0.9366
vn 0.1915 -0.2956 0.9359
vn 0.0829 0.9088 -0.4089
vn -0.9681 -0.1233 -0.2179
vn -0.9633 -0.1572 -0.2176
vn -0.9837 -0.1456 -0.1055
vn -0.9300 -0.1341 -0.3422
vn -0.5071 -0.3256 0.7981
vn -0.1704 0.9735 0.1528
vn -0.1226 0.9738 0.1914
vn -0.0434 0.9744 0.2204
vn -0.0736 0.9596 0.2716
vn -0.0023 -1.0000 0.0007
vn -0.1988 0.0654 -0.9779
vn 0.9164 0.3881 -0.0982
vn -0.6404 -0.5240 0.5615
vn 0.2005 0.1044 0.9741
vn -0.8925 -0.3107 -0.3270
vn -0.8133 -0.3590 -0.4579
vn -0.9252 -0.3174 0.2079
vn 0.7884 -0.4266 -0.4432
vn 0.7555 -0.4969 -0.4270
vn 0.6263 -0.5511 -0.5515
vn 0.8611 -0.3976 -0.3169
vn 0.9682 -0.1233 0.2179
vn 0.9346 -0.0899 0.3441
vn -0.9630 0.1597 -0.2171
vn -0.9200 0.1967 -0.3390
vn 0.8663 -0.1011 0.4891
vn 0.8610 -0.1507 0.4857
vn 0.9300 -0.1341 0.3422
vn 0.7437 -0.1169 0.6582
vn 0.9912 -0.0785 -0.1065
vn 0.9874 -0.1173 -0.1060
vn 0.9682 -0.1233 -0.2179
vn 0.9970 -0.0772 0.0000
vn -0.5291 -0.1356 0.8377
vn 0.7437 -0.1169 -0.6582
vn 0.7378 -0.1739 -0.6522
vn 0.8663 -0.1011 -0.4891
vn 0.5291 -0.1356 -0.8377
vn -0.1968 -0.1499 0.9689
vn 0.6603 -0.4782 -0.5791
vn 0.4454 -0.5587 -0.6996
vn 0.9109 0.4012 0.0963
vn 0.9335 0.1036 0.3433
vn 0.8648 0.1463 0.4804
vn 0.9827 0.1529 0.1047
vn 0.9180 0.3966 -0.0009
vn 0.8963 0.4330 -0.0956
vn 0.1495 -0.6965 -0.7018
vn -0.3702 0.9256 0.0784
vn -0.8536 -0.2026 -0.4800
vn -0.0653 0.9908 -0.1186
vn -0.1098 0.9939 0.0040
vn 0.0650 0.9972 -0.0369
vn 0.4097 0.6505 -0.6395
vn 0.6200 -0.7037 0.3469
vn 0.9059 0.3712 -0.2036
vn 0.8128 -0.3582 0.4595
vn 0.8894 -0.3191 0.3274
vn 0.5315 0.1563 -0.8325
vn 0.1940 0.2572 -0.9467
vn -0.1994 0.1737 -0.9644
vn 0.1974 0.1741 -0.9647
vn -0.9106 -0.4109 -0.0449
vn -0.9307 -0.3631 -0.0441
vn -0.9305 -0.3630 0.0489
vn -0.3553 0.9347 -0.0015
vn -0.4700 0.8825 -0.0185
vn -0.7280 -0.2401 0.6422
vn -0.9641 -0.1530 0.2169
vn -0.9847 -0.1457 0.0953
vn -0.9820 -0.1634 0.0948
vn -0.9866 -0.1544 0.0519
vn -0.2790 0.9593 -0.0432
vn -0.3870 0.9180 -0.0861
vn 0.8546 -0.2005 -0.4789
vn -0.3322 -0.9408 -0.0676
vn -0.3282 -0.9440 -0.0325
vn 0.8714 0.0327 -0.4896
vn 0.8677 0.0877 -0.4893
vn 0.7455 0.0995 -0.6590
vn 0.9379 0.0568 -0.3423
vn 0.9902 0.0906 0.1059
vn -0.0022 -1.0000 -0.0018
vn -0.0029 -1.0000 0.0005
vn -0.0027 -1.0000 0.0008
vn -0.0020 -1.0000 0.0015
vn 0.6550 0.7412 -0.1465
vn -0.9760 0.0119 0.2172
vn -0.9380 0.0181 0.3463
vn -0.5330 0.0269 0.8457
vn 0.7299 -0.2304 -0.6436
vn -0.4552 0.8747 -0.1661
vn -0.5136 0.8505 -0.1134
vn -0.8170 0.5746 0.0484
vn 0.9488 -0.2994 0.1010
vn 0.9244 -0.3199 0.2076
vn -0.3019 0.9159 -0.2645
vn -0.9901 -0.1034 0.0953
vn -0.7796 -0.4425 -0.4431
vn -0.4430 -0.5540 -0.7049
vn -0.0980 -0.8842 -0.4568
vn 0.9912 0.0794 0.1057
vn 0.2060 0.9587 -0.1962
vn 0.9058 0.2622 0.3327
vn -0.1486 -0.6588 0.7375
vn -0.4484 -0.5483 0.7059
vn -0.9660 -0.2535 -0.0508
vn -0.9661 -0.2536 0.0494
vn 0.0953 0.9935 -0.0621
vn 0.3198 0.9401 0.1183
vn -0.5218 0.2160 0.8253
vn 0.5308 0.1351 0.8367
vn -0.9968 0.0581 -0.0548
vn -0.9987 0.0074 0.0502
vn -0.9873 0.0022 0.1590
vn -0.9307 0.3517 -0.1007
vn -0.9369 0.3462 -0.0492
vn -0.9273 0.3711 0.0487
vn -0.8988 0.4174 0.1337
vn -0.7892 0.4315 0.4371
vn -0.6577 0.4882 -0.5737
vn -0.4484 0.5482 -0.7060
vn -0.9321 0.3502 0.0921
vn -0.8629 0.3945 -0.3158
vn 0.8629 0.3944 -0.3160
vn 0.5264 0.1670 -0.8337
vn 0.2025 -0.0372 -0.9786
vn -0.7665 -0.6368 0.0833
vn -0.7390 -0.6724 0.0418
vn 0.3217 -0.9443 -0.0698
vn 0.2948 -0.9533 -0.0656
vn 0.3928 -0.9188 -0.0392
vn 0.4345 0.5901 0.6804
vn 0.6361 0.5320 0.5589
vn 0.4958 -0.7541 0.4306
vn 0.6570 0.4877 -0.5749
vn 0.2272 0.9720 0.0599
vn -0.9119 0.3542 0.2073
vn 0.0381 0.9843 -0.1722
vn 0.0404 0.9807 -0.1912
vn -0.0475 0.9765 -0.2101
vn 0.1544 0.6117 -0.7759
vn 0.3161 0.9421 -0.1117
vn -0.2433 0.9614 -0.1286
vn -0.2429 0.9608 -0.1339
vn 0.4438 0.5669 0.6940
vn 0.3568 -0.9342 -0.0013
vn 0.5305 -0.1125 0.8402
vn 0.3286 -0.7927 -0.5135
vn 0.8882 -0.3230 -0.3268
vn -0.2285 0.9735 0.0120
vn -0.7761 0.6293 -0.0394
vn -0.7761 0.6294 0.0389
vn 0.9696 0.1104 0.2183
vn 0.7949 -0.4100 0.4473
vn 0.1720 -0.5031 0.8469
vn -0.6647 -0.7066 0.2426
vn -0.5155 0.8068 -0.2887
vn -0.5830 0.7449 0.3244
vn -0.5029 -0.7461 0.4365
vn -0.4418 -0.8111 0.3832
vn 0.9108 0.4013 -0.0974
vn 0.9384 -0.3304 -0.1014
vn 0.9373 -0.3484 0.0009
vn -0.9889 -0.1392 -0.0520
vn -0.9887 -0.1391 0.0555
vn -0.9755 -0.1935 -0.1051
vn 0.9562 -0.1977 -0.2160
vn 0.2393 0.9639 0.1164
vn 0.0377 -0.9835 -0.1768
vn 0.0368 -0.9862 -0.1615
vn -0.0376 -0.9861 -0.1616
vn 0.1237 -0.9767 -0.1755
vn -0.7437 -0.6638 -0.0794
vn 0.8533 -0.2026 0.4804
vn 0.9242 -0.1739 0.3400
vn -0.9942 0.0931 0.0539
vn -0.1680 0.5499 0.8182
vn -0.1730 0.5081 0.8438
vn -0.4622 0.5098 0.7256
vn -0.6689 0.4539 0.5887
vn 0.8743 0.3640 -0.3211
vn 0.8107 0.3668 -0.4563
vn -0.4741 0.4690 -0.7452
vn -0.6827 0.4152 -0.6013
vn 0.1680 0.5499 0.8182
vn 0.4741 0.4690 0.7452
vn 0.9183 0.3378 0.2064
vn 0.1675 -0.5402 -0.8247
vn -0.5764 0.8169 -0.0212
vn -0.8456 0.4343 0.3103
vn 0.7661 0.4771 -0.4306
vn 0.9239 0.3826 0.0000
vn 0.9713 0.0952 0.2178
vn -0.3250 0.9327 0.1564
vn 0.1994 -0.9666 -0.1611
vn 0.9294 0.3553 -0.0997
vn -0.8368 0.2821 -0.4693
vn -0.9081 0.2536 0.3331
vn -0.9488 0.2340 0.2120
vn -0.9488 0.2335 -0.2125
vn -0.7894 -0.4224 0.4454
vn -0.9483 -0.3131 0.0514
vn 0.8607 0.3991 0.3160
vn 0.6695 -0.4587 0.5843
vn -0.9509 0.2923 -0.1020
vn -0.9607 0.2729 -0.0505
vn 0.6827 0.4152 -0.6013
vn -0.1730 0.5081 -0.8438
vn 0.8643 0.4642 0.1935
vn -0.7827 0.4401 0.4401
vn -0.9356 0.3497 -0.0492
vn -0.9293 0.3662 0.0488
vn -0.9208 0.3612 0.1474
vn -0.9299 0.3555 0.0942
vn -0.9292 0.3662 0.0488
vn -0.1811 0.4657 0.8662
vn 0.2484 -0.9602 0.1278
vn 0.2673 -0.9587 0.0968
vn 0.1772 -0.9742 0.1398
vn -0.6646 -0.4643 0.5854
vn 0.4966 0.8664 0.0530
vn -0.9745 0.1677 -0.1488
vn -0.9757 0.2130 -0.0513
vn -0.0712 0.9965 -0.0431
vn -0.0688 0.9972 -0.0292
vn -0.0739 0.9970 -0.0216
vn -0.1081 0.9941 0.0014
vn -0.8874 -0.4590 -0.0418
vn -0.8872 -0.4589 0.0466
vn 0.0462 0.9987 -0.0208
vn 0.3280 -0.9441 0.0318
vn 0.1941 0.2205 -0.9559
vn 0.8605 -0.5094 -0.0000
vn -0.2996 -0.9517 0.0667
vn -0.2838 -0.9568 0.0631
vn -0.3420 -0.9391 0.0330
vn -0.2902 0.9519 -0.0982
vn -0.9651 0.2097 -0.1568
vn -0.9770 0.2078 -0.0488
vn 0.1692 -0.5608 -0.8105
vn 0.1788 -0.9717 0.1542
vn -0.6657 -0.4600 0.5875
vn -0.9763 0.2096 -0.0531
vn -0.9764 0.2096 0.0530
vn 0.7799 -0.4415 0.4437
vn 0.5291 -0.1356 0.8377
vn -0.1968 -0.1499 -0.9689
vn -0.9971 -0.0555 -0.0524
vn -0.9971 -0.0555 0.0524
vn 0.1968 -0.1499 -0.9689
vn 0.1968 -0.1499 0.9689
vn -0.8663 -0.1011 -0.4891
vn -0.9813 0.1849 -0.0539
vn -0.1912 -0.2998 0.9346
vn 0.8045 -0.3841 -0.4531
vn 0.6746 -0.4414 -0.5917
vn 0.0022 -1.0000 0.0010
vn -0.0019 -1.0000 0.0008
vn -0.0007 -1.0000 0.0017
vn -0.1578 0.9856 -0.0615
vn -0.1911 0.9814 -0.0203
vn -0.1422 0.9897 -0.0151
vn -0.9984 0.0207 0.0525
vn 0.8646 -0.3889 0.3183
vn -0.9920 -0.1164 0.0495
vn 0.3975 0.8907 -0.2205
vn -0.4197 -0.9066 -0.0440
vn -0.3560 -0.9338 -0.0373
vn -0.3760 -0.9264 -0.0188
vn -0.9562 0.2893 0.0455
vn -0.8935 0.4466 -0.0470
vn -0.8935 0.4466 0.0470
vn 0.2002 0.9628 0.1814
vn -0.8715 0.0230 -0.4898
vn -0.9387 0.0204 -0.3442
vn -0.9756 0.0188 -0.2188
vn -0.9953 0.0167 0.0954
vn -0.9986 0.0013 0.0525
vn -0.9942 0.0179 -0.1064
vn -0.9985 0.0175 -0.0525
vn -0.9878 0.0378 0.1513
vn -0.9932 0.1037 0.0522
vn -0.9827 0.0961 0.1580
vn -0.3249 -0.9290 0.1773
vn -0.2133 -0.9594 0.1844
vn 0.0054 -1.0000 -0.0003
vn 0.0027 -1.0000 0.0016
vn 0.4475 -0.8886 -0.1007
vn -0.5162 -0.2717 0.8122
vn 0.9231 -0.1823 -0.3386
vn -0.3766 -0.9262 0.0179
vn -0.3691 -0.9275 0.0598
vn -0.7420 0.6692 -0.0404
vn -0.0224 0.9991 0.0355
vn -0.9834 -0.1736 0.0533
vn -0.9965 -0.0640 0.0539
vn -0.9449 -0.3237 -0.0497
vn -0.9449 -0.3237 0.0482
vn -0.9815 -0.1844 0.0516
vn -0.9706 -0.1841 0.1548
vn -0.9950 -0.0860 0.0507
vn -0.9833 -0.0907 0.1580
vn -0.5153 -0.8567 0.0204
vn -0.3351 -0.8962 -0.2908
vn -0.2927 0.9546 -0.0549
vn -0.3663 0.9304 -0.0113
vn -0.2096 0.9775 -0.0243
vn -0.0445 0.9712 -0.2341
vn -0.2754 -0.9569 -0.0923
vn -0.2238 -0.9667 -0.1241
vn -0.9703 -0.2363 0.0525
vn 0.1387 0.9898 0.0317
vn -0.0026 -1.0000 -0.0006
vn -0.0028 -1.0000 -0.0004
vn -0.0030 -1.0000 0.0009
vn -0.0032 -1.0000 -0.0002
vn -0.0032 -1.0000 0.0003
vn -0.9924 -0.1116 0.0522
vn -0.9850 -0.0819 0.1520
vn -0.0348 0.9986 -0.0391
vn 0.3057 -0.9497 0.0679
vn -0.7306 0.6818 -0.0369
vn -0.7306 0.6818 0.0369
vn 0.7785 0.6032 -0.1738
vn -0.1283 0.9916 0.0139
vn 0.0029 -1.0000 0.0003
vn -0.9937 -0.0988 -0.0522
vn -0.9937 -0.0988 0.0522
vn -0.1620 -0.9781 -0.1307
vn -0.2229 -0.9681 -0.1145
vn -0.9459 0.3205 0.0497
vn -0.9204 0.3647 0.1411
vn 0.3322 -0.9432 -0.0000
vn 0.3205 -0.9473 -0.0000
vn -0.2927 0.9532 -0.0758
vn -0.2633 0.9646 -0.0138
vn 0.0018 -1.0000 0.0012
vn -0.0011 -1.0000 -0.0017
vn 0.0029 -1.0000 -0.0011
vn 0.4245 0.8327 0.3555
vn -0.1150 -0.9798 -0.1636
vn -0.0567 0.9979 0.0315
vn -0.0233 0.9983 0.0535
vn 0.0821 0.9966 0.0087
vn 0.0077 0.9993 0.0368
vn -0.0224 0.9991 0.0354
vn 0.0456 0.9985 0.0315
vn 0.0008 -1.0000 -0.0015
vn -0.9927 0.1092 0.0522
vn -0.9927 0.1092 -0.0522
vn -0.0811 0.9966 -0.0132
vn -0.0811 0.9967 0.0086
vn -0.0843 0.9959 0.0321
vn -0.9582 -0.2818 -0.0504
vn -0.9580 -0.2817 0.0532
vn -0.8086 -0.5871 0.0378
vn -0.9875 0.1494 -0.0510
vn -0.9875 0.1494 0.0510
vn -0.8898 0.4534 0.0519
vn -0.8489 0.5100 0.1388
vn 0.2991 -0.9523 0.0611
vn -0.0029 -1.0000 -0.0005
vn -0.0030 -1.0000 -0.0002
vn -0.0032 -1.0000 0.0002
vn -0.0029 -1.0000 0.0002
vn -0.0028 -1.0000 0.0011
vn 0.0029 -1.0000 0.0002
vn 0.0028 -1.0000 0.0006
vn 0.0028 -1.0000 0.0005
vn 0.0025 -1.0000 0.0007
vn -0.4059 0.9126 -0.0491
vn -0.4323 0.9014 -0.0243
vn -0.2857 0.9234 0.2565
vn -0.9415 0.3334 0.0495
vn -0.9324 0.3292 0.1491
vn 0.0277 0.9991 -0.0311
vn -0.0357 -0.9852 -0.1678
vn 0.2508 -0.9644 0.0840
vn -0.4979 0.8667 0.0318
vn -0.3949 0.9185 -0.0181
vn -0.1892 0.9772 -0.0962
vn -0.9519 0.3022 -0.0500
vn -0.1225 0.9924 -0.0072
vn -0.2779 -0.9589 0.0567
vn -0.0028 -1.0000 0.0004
vn 0.2266 -0.9659 -0.1254
vn 0.2227 -0.9682 -0.1144
vn -0.9776 -0.1431 0.1544
vn -0.9981 0.0338 0.0525
vn -0.9860 0.0712 0.1510
vn -0.9981 0.0338 0.0524
vn -0.9451 -0.3228 -0.0518
vn 0.2916 -0.9547 -0.0595
vn -0.1720 0.9851 -0.0090
vn -0.3477 -0.9374 0.0183
vn 0.0028 -1.0000 0.0008
usemtl Material__25
s 1
f 1/1/1 2/2/2 3/3/3
f 4/4/4 5/5/5 6/6/6
f 7/7/7 8/8/8 9/9/9
f 10/10/10 11/11/11 12/12/12
f 13/13/13 14/14/14 15/15/15
f 16/16/16 17/17/17 18/18/18
f 19/19/19 20/20/20 21/21/21
f 22/22/22 23/23/23 24/24/24
f 25/25/25 26/26/26 27/27/27
f 28/28/28 29/29/29 30/30/30
f 31/31/31 32/32/32 33/33/33
f 34/34/34 35/35/35 36/36/36
f 37/37/37 38/38/38 39/39/39
f 40/40/40 41/41/41 42/42/42
f 43/43/43 44/44/44 45/45/45
f 46/46/46 47/47/47 48/48/48
f 49/49/49 50/50/50 51/51/51
f 52/52/52 53/53/53 54/54/54
f 55/55/55 56/56/56 57/57/57
f 58/58/58 59/59/59 60/60/60
f 61/61/61 62/62/62 63/63/63
f 64/64/64 65/65/65 66/66/66
f 46/46/46 67/67/67 47/47/47
f 68/68/68 69/69/69 70/70/70
f 71/71/71 72/72/72 73/73/73
f 74/74/74 75/75/75 76/76/76
f 77/77/77 78/78/78 79/79/79
f 80/80/80 81/81/81 4/4/4
f 82/82/82 83/83/83 84/84/84
f 85/85/85 86/86/86 87/87/87
f 88/88/88 89/89/89 90/90/90
f 91/91/91 92/92/92 93/93/93
f 94/94/94 95/95/95 96/96/96
f 97/97/97 98/98/98 99/99/99
f 100/100/100 101/101/101 102/102/102
f 103/103/103 104/104/104 105/105/105
f 106/106/106 107/107/107 108/108/108
f 109/109/109 110/110/110 111/111/111
f 112/112/112 113/113/113 114/114/114
f 115/115/115 116/116/116 117/117/117
f 118/118/118 59/59/59 58/58/58
f 119/119/119 120/120/120 121/121/121
f 122/122/122 123/123/123 124/124/124
f 125/125/125 126/126/126 127/127/127
f 128/128/128 129/129/129 130/130/130
f 131/131/131 132/132/132 133/133/133
f 134/134/134 135/135/135 136/136/136
f 137/137/137 138/138/138 139/139/139
f 140/140/140 141/141/141 142/142/142
f 143/143/143 144/144/144 145/145/145
f 146/146/146 147/147/147 148/148/148
f 149/149/149 150/150/150 151/151/151
f 152/152/152 153/153/153 154/154/154
f 155/155/155 156/156/156 157/157/157
f 158/158/158 159/159/159 160/160/160
f 161/161/161 162/162/162 163/163/163
f 164/164/164 165/165/165 166/166/166
f 147/147/147 167/167/167 168/168/168
f 169/169/169 170/170/170 171/171/171
f 172/172/172 173/173/172 174/174/173
f 175/175/174 176/176/175 177/177/176
f 178/178/177 179/179/178 180/180/179
f 35/35/35 181/181/180 36/36/36
f 182/182/181 183/183/182 184/184/183
f 33/33/33 185/185/184 186/186/185
f 187/187/186 188/188/187 189/189/188
f 190/190/189 191/191/190 192/192/191
f 193/193/192 194/194/193 195/195/194
f 196/196/195 197/197/196 198/198/197
f 199/199/198 200/200/199 201/201/200
f 202/202/201 203/203/202 91/91/91
f 204/204/203 205/205/204 206/206/205
f 207/207/206 208/208/207 209/209/208
f 133/133/133 210/210/209 211/211/210
f 212/212/211 213/213/212 214/214/213
f 16/16/16 18/18/18 215/215/214
f 216/216/215 217/217/216 218/218/217
f 219/219/218 220/220/219 221/221/220
f 222/222/221 223/223/222 224/224/223
f 225/225/224 226/226/225 227/227/226
f 228/228/227 229/229/228 230/230/229
f 231/231/230 232/232/231 233/233/232
f 234/234/233 235/235/234 236/236/235
f 237/237/236 238/238/237 239/239/238
f 240/240/239 241/241/240 242/242/241
f 243/243/242 244/244/243 245/245/244
f 246/246/245 247/247/246 248/248/247
f 249/249/248 250/250/249 251/251/250
f 252/252/251 253/253/252 254/254/253
f 143/143/143 145/145/145 255/255/254
f 177/177/176 176/176/175 256/256/255
f 257/257/256 258/258/257 259/259/258
f 260/260/259 261/261/260 262/262/261
f 263/263/262 264/264/263 265/265/264
f 266/266/265 267/267/266 268/268/267
f 269/269/268 270/270/269 271/271/270
f 272/272/271 273/273/272 274/274/273
f 275/275/274 276/276/275 277/277/276
f 278/278/277 279/279/278 280/280/279
f 281/281/280 282/282/281 283/283/282
f 284/284/283 285/285/284 282/282/281
f 286/286/285 287/287/286 288/288/287
f 289/289/288 290/290/289 291/291/290
f 292/292/291 293/293/292 237/237/236
f 294/294/293 295/295/294 296/296/295
f 297/297/296 164/164/164 166/166/166
f 298/298/297 299/299/298 300/300/299
f 301/301/300 302/302/301 303/303/302
f 304/304/303 305/305/304 97/97/97
f 306/306/305 307/307/306 308/308/307
f 309/309/308 310/310/309 311/311/310
f 312/312/311 313/313/312 314/314/313
f 315/315/314 316/316/315 317/317/316
f 318/318/317 319/319/318 320/320/319
f 321/321/320 322/322/321 323/323/322
f 324/324/323 325/325/324 326/326/325
f 327/327/326 328/328/327 329/329/328
f 330/330/329 331/331/330 332/332/331
f 333/333/332 334/334/333 335/335/334
f 336/336/335 227/227/226 337/337/336
f 338/338/337 339/339/338 340/340/339
f 341/341/340 342/342/341 231/231/230
f 343/343/342 56/56/56 55/55/55
f 344/344/343 345/345/344 346/346/345
f 49/49/49 347/347/346 50/50/50
f 348/348/347 349/349/348 350/350/349
f 351/351/350 352/352/351 353/353/352
f 354/354/353 355/355/354 356/356/355
f 357/357/356 201/201/200 358/358/357
f 359/359/358 360/360/359 361/361/360
f 362/362/361 363/363/362 364/364/363
f 365/365/364 366/366/365 367/367/366
f 368/368/367 369/369/368 370/370/369
f 371/371/370 372/372/371 373/373/372
f 374/374/373 208/208/207 207/207/206
f 6/6/6 5/5/5 375/375/374
f 376/376/375 377/377/376 378/378/377
f 379/379/378 380/380/379 381/381/380
f 382/382/381 383/383/382 384/384/383
f 385/385/384 386/386/385 387/387/386
f 301/301/300 303/303/302 388/388/387
f 389/389/388 390/390/389 391/391/390
f 392/392/391 393/393/392 394/394/393
f 395/395/394 396/396/395 397/397/396
f 398/398/397 399/399/398 400/400/399
f 401/401/400 402/402/401 403/403/402
f 404/404/403 405/405/404 406/406/405
f 170/170/170 407/407/406 408/408/407
f 105/105/105 409/409/408 410/410/409
f 411/411/410 412/412/411 413/413/412
f 414/414/413 415/415/414 416/416/415
f 168/168/168 167/167/167 321/321/320
f 417/417/416 418/418/417 419/419/418
f 420/420/419 418/418/417 417/417/416
f 421/421/420 422/422/421 423/423/422
f 424/424/423 425/425/424 426/426/425
f 427/427/426 428/428/427 429/429/428
f 430/430/429 431/431/430 432/432/431
f 433/433/432 434/434/433 435/435/434
f 436/436/435 125/125/125 127/127/127
f 437/437/436 438/438/437 439/439/438
f 440/440/439 441/441/440 442/442/441
f 443/443/442 229/229/228 228/228/227
f 444/444/443 445/445/444 446/446/445
f 447/447/446 448/448/447 449/449/448
f 216/216/215 218/218/217 450/450/449
f 451/451/450 452/452/451 453/453/452
f 454/454/453 455/455/454 456/456/455
f 457/457/456 458/458/457 459/459/458
f 460/460/459 461/461/460 462/462/461
f 463/463/462 329/329/328 464/464/463
f 465/465/464 466/466/465 467/467/466
f 468/468/467 469/469/468 470/470/469
f 471/471/271 472/472/271 273/273/470
f 473/473/471 80/80/80 474/474/472
f 475/475/473 476/476/474 477/477/475
f 478/478/476 479/479/477 480/480/478
f 481/481/479 482/482/480 101/101/101
f 483/483/481 484/484/482 485/485/483
f 486/486/484 487/487/485 488/488/486
f 348/348/347 350/350/349 489/489/487
f 490/490/488 8/8/8 7/7/7
f 491/491/489 490/490/488 492/492/490
f 120/120/120 493/493/491 494/494/492
f 495/495/493 496/496/494 497/497/495
f 498/498/496 499/499/497 500/500/498
f 501/501/499 502/502/500 503/503/501
f 504/504/502 505/505/503 506/506/504
f 507/507/505 508/508/506 509/509/507
f 510/510/508 95/95/95 94/94/94
f 511/511/509 512/512/510 199/199/198
f 215/215/214 18/18/18 513/513/511
f 514/514/512 515/515/513 516/516/514
f 517/517/515 518/518/516 519/519/517
f 496/496/494 520/520/518 521/521/519
f 522/522/520 523/523/521 524/524/522
f 368/368/367 525/525/523 526/526/524
f 527/527/525 528/528/526 529/529/527
f 530/530/528 531/531/529 532/532/530
f 533/533/531 14/14/14 13/13/13
f 195/195/194 194/194/193 534/534/532
f 89/89/89 258/258/257 257/257/256
f 535/535/533 536/536/534 537/537/535
f 538/538/536 354/354/353 539/539/537
f 540/540/538 541/541/539 542/542/540
f 543/543/541 544/544/542 545/545/543
f 546/546/544 547/547/545 548/548/546
f 549/549/547 550/550/548 20/20/20
f 551/551/549 552/552/550 553/553/551
f 554/554/552 1/1/1 3/3/3
f 555/555/553 556/556/554 557/557/555
f 558/558/556 193/193/192 195/195/194
f 383/383/382 559/559/557 384/384/383
f 560/560/558 561/561/559 376/376/375
f 562/562/560 563/563/561 564/564/562
f 565/565/563 566/566/564 567/567/565
f 568/568/566 569/569/567 570/570/568
f 571/571/569 175/175/174 572/572/570
f 573/573/571 574/574/572 575/575/573
f 576/576/574 482/482/480 481/481/479
f 577/577/575 578/578/576 579/579/577
f 580/580/578 581/581/579 582/582/580
f 269/269/268 271/271/270 169/169/169
f 84/84/84 83/83/83 583/583/581
f 102/102/102 152/152/152 154/154/154
f 584/584/582 585/585/583 586/586/584
f 587/587/585 588/588/586 589/589/587
f 590/590/588 591/591/589 592/592/590
f 593/593/591 594/594/592 595/595/593
f 596/596/594 597/597/595 598/598/596
f 599/599/597 600/600/598 601/601/599
f 413/413/412 602/602/600 603/603/601
f 604/604/602 603/603/601 385/385/384
f 91/91/91 203/203/202 92/92/92
f 605/605/603 606/606/604 607/607/605
f 608/608/606 609/609/607 610/610/608
f 611/611/609 612/612/610 206/206/205
f 364/364/363 613/613/611 614/614/612
f 615/615/613 616/616/614 617/617/615
f 618/618/616 619/619/617 620/620/617
f 426/426/425 425/425/424 621/621/618
f 622/622/619 623/623/620 624/624/621
f 625/625/622 626/626/623 627/627/624
f 369/369/368 628/628/625 629/629/626
f 630/630/627 631/631/628 632/632/629
f 633/633/630 634/634/631 635/635/632
f 636/636/633 637/637/634 638/638/635
f 480/480/478 479/479/477 639/639/636
f 640/640/637 641/641/638 74/74/74
f 642/642/639 641/641/638 640/640/637
f 643/643/640 434/434/433 433/433/432
f 644/644/641 645/645/642 643/643/640
f 646/646/643 294/294/293 296/296/295
f 137/137/137 647/647/644 138/138/138
f 79/79/79 78/78/78 648/648/645
f 649/649/646 650/650/647 651/651/648
f 319/319/318 652/652/649 320/320/319
f 653/653/650 654/654/651 655/655/652
f 656/656/653 657/657/654 658/658/655
f 659/659/656 660/660/657 661/661/658
f 483/483/481 662/662/659 484/484/482
f 663/663/660 664/664/661 665/665/662
f 666/666/663 667/667/664 668/668/665
f 669/669/666 670/670/667 671/671/668
f 672/672/669 673/673/670 298/298/297
f 401/401/400 674/674/671 402/402/401
f 675/675/672 676/676/673 677/677/674
f 678/678/675 422/422/421 421/421/420
f 679/679/676 680/680/677 681/681/678
f 284/284/283 282/282/281 281/281/280
f 682/682/679 286/286/285 288/288/287
f 683/683/680 684/684/681 685/685/682
f 686/686/683 687/687/684 688/688/685
f 689/689/686 690/690/687 122/122/122
f 691/691/688 692/692/689 693/693/690
f 694/694/691 695/695/692 696/696/693
f 697/697/694 698/698/695 699/699/696
f 700/700/697 701/701/698 702/702/699
f 703/703/700 35/35/35 34/34/34
f 704/704/701 372/372/371 371/371/370
f 524/524/522 523/523/521 705/705/702
f 706/706/703 707/707/704 708/708/705
f 99/99/99 98/98/98 226/226/225
f 198/198/197 223/223/222 222/222/221
f 513/513/511 709/709/706 710/710/707
f 246/246/245 248/248/247 711/711/708
f 712/712/709 713/713/710 304/304/303
f 714/714/711 715/715/712 716/716/713
f 717/717/714 550/550/548 549/549/547
f 407/407/406 718/718/715 719/719/716
f 720/720/717 721/721/718 722/722/719
f 723/723/720 724/724/721 725/725/722
f 726/726/723 727/727/724 728/728/725
f 182/182/181 729/729/726 183/183/182
f 730/730/727 731/731/728 732/732/729
f 731/731/728 733/733/730 538/538/536
f 734/734/731 359/359/358 735/735/732
f 736/736/733 737/737/734 738/738/735
f 739/739/736 740/740/737 741/741/738
f 635/635/632 742/742/739 743/743/740
f 211/211/210 210/210/209 552/552/550
f 744/744/741 745/745/742 746/746/743
f 155/155/155 747/747/744 156/156/156
f 73/73/73 72/72/72 748/748/745
f 529/529/527 118/118/118 749/749/746
f 750/750/747 751/751/748 752/752/749
f 753/753/750 754/754/751 110/110/110
f 755/755/752 756/756/753 757/757/754
f 505/505/503 758/758/755 506/506/504
f 759/759/756 455/455/454 454/454/453
f 760/760/757 761/761/758 762/762/759
f 376/376/375 561/561/559 377/377/376
f 353/353/352 352/352/351 289/289/288
f 763/763/760 764/764/761 765/765/762
f 406/406/405 405/405/404 766/766/763
f 767/767/764 768/768/765 769/769/766
f 332/332/331 267/267/266 266/266/265
f 770/770/767 771/771/768 772/772/769
f 451/451/450 773/773/770 774/774/771
f 775/775/772 776/776/773 777/777/774
f 778/778/775 373/373/372 775/775/772
f 779/779/776 780/780/777 781/781/778
f 782/782/779 783/783/780 784/784/781
f 609/609/607 785/785/782 165/165/165
f 786/786/783 787/787/784 788/788/785
f 464/464/463 789/789/786 790/790/787
f 791/791/788 191/191/190 190/190/189
f 792/792/789 534/534/532 306/306/305
f 37/37/37 793/793/790 38/38/38
f 201/201/200 794/794/791 358/358/357
f 795/795/792 456/456/455 324/324/323
f 114/114/114 113/113/113 512/512/510
f 796/796/793 584/584/582 586/586/584
f 33/33/33 32/32/32 185/185/184
f 66/66/66 65/65/65 16/16/16
f 209/209/208 316/316/315 315/315/314
f 797/797/794 25/25/25 27/27/27
f 708/708/705 707/707/704 125/125/125
f 798/798/795 799/799/796 800/800/797
f 477/477/475 476/476/474 801/801/798
f 802/802/799 803/803/800 804/804/801
f 805/805/802 806/806/803 807/807/804
f 808/808/805 161/161/161 163/163/163
f 746/746/743 745/745/742 809/809/806
f 810/810/807 811/811/808 812/812/809
f 148/148/148 147/147/147 168/168/168
f 813/813/810 224/224/223 814/814/811
f 222/222/221 224/224/223 813/813/810
f 815/815/812 816/816/813 817/817/814
f 818/818/815 819/819/816 820/820/817
f 416/416/415 415/415/414 43/43/43
f 321/321/320 323/323/322 112/112/112
f 97/97/97 305/305/304 98/98/98
f 96/96/96 196/196/195 198/198/197
f 821/821/818 597/597/595 596/596/594
f 446/446/445 445/445/444 334/334/333
f 822/822/819 823/823/820 824/824/821
f 825/825/822 826/826/822 827/827/823
f 828/828/824 829/829/825 830/830/826
f 831/831/827 832/832/828 833/833/829
f 552/552/550 834/834/830 553/553/551
f 835/835/831 62/62/62 61/61/61
f 327/327/326 329/329/328 463/463/462
f 836/836/832 837/837/833 838/838/834
f 839/839/835 840/840/836 841/841/837
f 842/842/838 843/843/839 844/844/840
f 845/845/841 846/846/842 847/847/843
f 548/548/546 547/547/545 848/848/844
f 274/274/273 273/273/272 131/131/131
f 474/474/472 80/80/80 4/4/4
f 849/849/845 131/131/131 133/133/133
f 641/641/638 75/75/75 74/74/74
f 850/850/846 851/851/847 852/852/848
f 680/680/677 853/853/849 681/681/678
f 133/133/133 132/132/132 210/210/209
f 6/6/6 375/375/374 744/744/741
f 462/462/461 461/461/460 854/854/850
f 268/268/267 855/855/851 632/632/629
f 856/856/852 857/857/853 858/858/854
f 859/859/855 860/860/856 861/861/857
f 862/862/858 863/863/859 864/864/860
f 865/865/861 866/866/862 867/867/863
f 225/225/224 227/227/226 336/336/335
f 491/491/489 868/868/864 490/490/488
f 869/869/865 507/507/505 870/870/866
f 439/439/438 438/438/437 871/871/867
f 13/13/13 15/15/15 872/872/868
f 638/638/635 873/873/869 874/874/870
f 875/875/871 876/876/872 441/441/440
f 877/877/873 762/762/759 878/878/874
f 879/879/875 880/880/876 881/881/877
f 881/881/877 768/768/765 767/767/764
f 882/882/878 883/883/879 884/884/880
f 885/885/881 886/886/882 887/887/883
f 888/888/884 292/292/291 237/237/236
f 889/889/885 890/890/886 891/891/887
f 892/892/888 63/63/63 893/893/889
f 894/894/890 662/662/659 483/483/481
f 180/180/179 895/895/891 896/896/892
f 658/658/655 657/657/654 897/897/893
f 338/338/337 340/340/339 898/898/894
f 899/899/895 121/121/121 900/900/896
f 901/901/897 902/902/898 903/903/899
f 904/904/900 905/905/901 906/906/902
f 412/412/411 602/602/600 413/413/412
f 245/245/244 67/67/67 46/46/46
f 907/907/903 106/106/106 908/908/904
f 909/909/905 910/910/906 911/911/907
f 912/912/908 263/263/262 913/913/909
f 531/531/529 914/914/910 532/532/530
f 45/45/45 44/44/44 715/715/712
f 114/114/114 512/512/510 511/511/509
f 915/915/911 916/916/912 917/917/913
f 578/578/576 918/918/914 579/579/577
f 919/919/915 920/920/916 921/921/917
f 260/260/259 262/262/261 343/343/342
f 403/403/402 819/819/816 818/818/815
f 544/544/542 922/922/918 923/923/919
f 924/924/920 925/925/921 926/926/922
f 927/927/923 928/928/924 542/542/540
f 484/484/482 319/319/318 318/318/317
f 665/665/662 104/104/104 103/103/103
f 51/51/51 431/431/430 430/430/429
f 929/929/925 776/776/773 775/775/772
f 812/812/809 930/930/926 931/931/927
f 811/811/808 930/930/926 812/812/809
f 308/308/307 307/307/306 713/713/710
f 45/45/45 715/715/712 714/714/711
f 320/320/319 652/652/649 149/149/149
f 932/932/928 412/412/411 411/411/410
f 255/255/254 145/145/145 533/533/531
f 933/933/929 534/534/532 792/792/789
f 934/934/930 587/587/585 935/935/931
f 673/673/670 299/299/298 298/298/297
f 936/936/932 937/937/933 938/938/934
f 939/939/935 940/940/936 941/941/937
f 422/422/421 942/942/938 423/423/422
f 621/621/618 943/943/939 944/944/940
f 945/945/941 946/946/942 947/947/943
f 948/948/944 949/949/945 950/950/946
f 644/644/641 951/951/947 645/645/642
f 85/85/85 87/87/87 952/952/948
f 953/953/949 811/811/808 810/810/807
f 384/384/383 559/559/557 954/954/950
f 446/446/445 334/334/333 333/333/332
f 955/955/951 956/956/952 957/957/953
f 958/958/954 959/959/955 960/960/956
f 843/843/839 961/961/957 844/844/840
f 962/962/958 963/963/959 964/964/960
f 965/965/961 966/966/962 967/967/963
f 968/968/964 969/969/965 970/970/966
f 971/971/967 972/972/968 973/973/969
f 957/957/953 956/956/952 974/974/970
f 975/975/971 976/976/972 977/977/972
f 570/570/568 569/569/567 978/978/973
f 979/979/974 294/294/293 646/646/643
f 665/665/662 664/664/661 104/104/104
f 513/513/511 710/710/707 980/980/975
f 181/181/180 981/981/976 982/982/977
f 310/310/309 527/527/525 983/983/978
f 391/391/390 390/390/389 984/984/979
f 985/985/980 986/986/981 987/987/982
f 524/524/522 705/705/702 988/988/983
f 72/72/72 989/989/984 748/748/745
f 990/990/985 991/991/986 992/992/987
f 993/993/988 994/994/989 995/995/990
f 996/996/991 997/997/992 998/998/993
f 999/999/994 997/997/992 996/996/991
f 1000/1000/995 1001/1001/995 80/80/996
f 599/599/597 1002/1002/997 683/683/680
f 1003/1003/822 827/827/998 1004/1004/999
f 1005/1005/1000 1006/1006/1001 1007/1007/1002
f 553/553/551 834/834/830 212/212/211
f 834/834/830 213/213/212 212/212/211
f 1008/1008/1003 1009/1009/1004 1010/1010/1005
f 1011/1011/1006 1008/1008/1003 1010/1010/1005
f 1012/1012/1007 1013/1013/1008 88/88/88
f 1014/1014/1009 1015/1015/1009 739/739/1010
f 1016/1016/1011 144/144/144 143/143/143
f 478/478/476 557/557/555 479/479/477
f 1017/1017/1012 1018/1018/1013 1019/1019/1014
f 1020/1020/1015 309/309/308 314/314/313
f 774/774/771 1021/1021/1016 451/451/450
f 211/211/210 552/552/550 551/551/549
f 717/717/714 76/76/76 550/550/548
f 274/274/273 131/131/131 849/849/845
f 642/642/639 651/651/648 641/641/638
f 655/655/652 383/383/382 382/382/381
f 394/394/393 393/393/392 1/1/1
f 159/159/159 899/899/895 160/160/160
f 1022/1022/1017 669/669/666 671/671/668
f 61/61/61 63/63/63 892/892/888
f 221/221/220 220/220/219 578/578/576
f 151/151/151 150/150/150 1023/1023/1018
f 413/413/412 603/603/601 604/604/602
f 1024/1024/1019 1025/1025/1020 1026/1026/1020
f 539/539/537 354/354/353 1027/1027/1021
f 1028/1028/1022 1029/1029/1023 1030/1030/1024
f 1031/1031/1025 1029/1029/1023 1028/1028/1022
f 521/521/519 520/520/518 1032/1032/1026
f 1033/1033/1027 1034/1034/1028 522/522/520
f 1035/1035/1029 115/115/115 117/117/117
f 430/430/429 432/432/431 1036/1036/1030
f 308/308/307 713/713/710 712/712/709
f 15/15/15 566/566/564 565/565/563
f 99/99/99 226/226/225 225/225/224
f 296/296/295 295/295/294 868/868/864
f 629/629/626 628/628/625 372/372/371
f 627/627/624 347/347/346 49/49/49
f 48/48/48 1037/1037/1031 146/146/146
f 603/603/601 386/386/385 385/385/384
f 1038/1038/1032 328/328/327 327/327/326
f 184/184/183 183/183/182 1039/1039/1033
f 95/95/95 196/196/195 96/96/96
f 199/199/198 201/201/200 357/357/356
f 257/257/256 259/259/258 1040/1040/1034
f 1041/1041/1035 606/606/604 605/605/603
f 275/275/274 277/277/276 1042/1042/1036
f 1043/1043/1037 1044/1044/1038 1045/1045/1039
f 408/408/407 407/407/406 719/719/716
f 1046/1046/1040 1047/1047/1041 1048/1048/1042
f 339/339/338 71/71/71 340/340/339
f 497/497/495 496/496/494 521/521/519
f 254/254/253 253/253/252 1049/1049/1043
f 519/519/517 951/951/947 644/644/641
f 1050/1050/1044 292/292/291 888/888/884
f 296/296/295 868/868/864 491/491/489
f 1051/1051/1045 770/770/767 1052/1052/1046
f 265/265/264 264/264/263 1053/1053/1047
f 317/317/316 1054/1054/1048 1055/1055/1049
f 316/316/315 1054/1054/1048 317/317/316
f 101/101/101 152/152/152 102/102/102
f 485/485/483 484/484/482 318/318/317
f 288/288/287 161/161/161 808/808/805
f 744/744/741 375/375/374 745/745/742
f 1056/1056/1050 1057/1057/1051 1058/1058/1052
f 1059/1059/1053 1060/1060/1054 1061/1061/1055
f 3/3/3 2/2/2 1062/1062/1056
f 1063/1063/1057 193/193/192 558/558/556
f 365/365/364 1064/1064/1058 1065/1065/1059
f 686/686/683 688/688/685 1066/1066/1060
f 464/464/463 790/790/787 1067/1067/1061
f 332/332/331 331/331/330 267/267/266
f 685/685/682 684/684/681 286/286/285
f 1068/1068/1062 289/289/288 291/291/290
f 1052/1052/1046 770/770/767 772/772/769
f 1069/1069/1063 1070/1070/1064 1071/1071/1065
f 1072/1072/1066 1073/1073/1067 1074/1074/1068
f 1075/1075/1069 341/341/340 231/231/230
f 65/65/65 17/17/17 16/16/16
f 1076/1076/1070 560/560/558 376/376/375
f 122/122/122 124/124/124 1077/1077/1071
f 1078/1078/1072 697/697/694 1079/1079/1073
f 239/239/238 238/238/237 1080/1080/1074
f 805/805/802 1081/1081/1075 806/806/803
f 1082/1082/1076 1083/1083/1077 313/313/312
f 1084/1084/1078 1085/1085/1079 1086/1086/1080
f 154/154/154 396/396/395 395/395/394
f 841/841/837 840/840/836 1087/1087/1081
f 351/351/350 1088/1088/1082 1089/1089/1083
f 1090/1090/1084 1091/1091/1085 1092/1092/1086
f 1093/1093/1087 1094/1094/1088 1095/1095/1089
f 931/931/927 1094/1094/1088 1093/1093/1087
f 1096/1096/1090 1097/1097/1091 883/883/879
f 146/146/146 1037/1037/1031 1098/1098/1092
f 1099/1099/1093 505/505/503 504/504/502
f 456/456/455 325/325/324 324/324/323
f 765/765/762 1100/1100/1094 924/924/920
f 1101/1101/1095 217/217/216 216/216/215
f 1102/1102/1096 1101/1101/1095 1103/1103/1097
f 923/923/919 922/922/918 252/252/251
f 1104/1104/1098 816/816/813 815/815/812
f 1105/1105/1099 1106/1106/1100 1107/1107/1101
f 1108/1108/1102 1109/1109/1103 1110/1110/1104
f 872/872/868 15/15/15 565/565/563
f 874/874/870 873/873/869 469/469/468
f 492/492/490 490/490/488 7/7/7
f 237/237/236 293/293/292 238/238/237
f 1111/1111/1105 793/793/790 37/37/37
f 198/198/197 197/197/196 223/223/222
f 142/142/142 141/141/141 1112/1112/1106
f 994/994/989 647/647/644 137/137/137
f 705/705/702 525/525/523 368/368/367
f 708/708/705 125/125/125 436/436/435
f 1113/1113/1107 1114/1114/1108 867/867/863
f 1115/1115/1109 1116/1116/1110 1117/1117/1111
f 1118/1118/1112 1119/1119/1113 1120/1120/1114
f 728/728/725 727/727/724 182/182/181
f 429/429/428 428/428/427 531/531/529
f 685/685/682 286/286/285 682/682/679
f 4/4/4 81/81/81 5/5/5
f 1121/1121/1115 270/270/269 269/269/268
f 649/649/646 651/651/648 642/642/639
f 1122/1122/1116 583/583/581 1123/1123/1117
f 1124/1124/1118 843/843/839 842/842/838
f 1006/1006/1001 1125/1125/1119 1007/1007/1002
f 1126/1126/1120 1127/1127/1121 1128/1128/1122
f 154/154/154 153/153/153 396/396/395
f 1129/1129/1123 654/654/651 653/653/650
f 104/104/104 409/409/408 105/105/105
f 980/980/975 515/515/513 514/514/512
f 1130/1130/1124 814/814/811 40/40/40
f 813/813/810 814/814/811 1130/1130/1124
f 423/423/422 53/53/53 52/52/52
f 329/329/328 789/789/786 464/464/463
f 1131/1131/1125 1132/1132/1126 250/250/249
f 545/545/543 544/544/542 923/923/919
f 370/370/369 369/369/368 629/629/626
f 830/830/826 829/829/825 832/832/828
f 1133/1133/1127 1134/1134/1128 1135/1135/1129
f 1107/1107/1101 1136/1136/1130 1137/1137/1131
f 1138/1138/1132 1139/1139/1133 1140/1140/1134
f 1141/1141/1135 1139/1139/1133 1138/1138/1132
f 400/400/399 674/674/671 401/401/400
f 695/695/692 692/692/689 691/691/688
f 437/437/436 1142/1142/1136 438/438/437
f 1143/1143/1137 1144/1144/1138 440/440/439
f 1145/1145/1139 1146/1146/1140 1147/1147/1141
f 1148/1148/1142 1149/1149/1143 1150/1150/1144
f 1151/1151/1145 1149/1149/1143 1148/1148/1142
f 968/968/964 1152/1152/1146 969/969/965
f 1153/1153/1147 1154/1154/1148 1155/1155/1149
f 1156/1156/1150 1154/1154/1148 1153/1153/1147
f 1030/1030/1024 1157/1157/1151 1141/1141/1135
f 1029/1029/1023 1157/1157/1151 1030/1030/1024
f 723/723/720 503/503/501 724/724/721
f 1158/1158/1152 1159/1159/1153 780/780/777
f 563/563/561 560/560/558 1076/1076/1070
f 1160/1160/1154 1161/1161/1155 1162/1162/1156
f 1163/1163/1157 897/897/893 755/755/752
f 627/627/624 626/626/623 347/347/346
f 529/529/527 528/528/526 118/118/118
f 1164/1164/1158 263/263/262 912/912/908
f 378/378/377 247/247/246 246/246/245
f 18/18/18 709/709/706 513/513/511
f 1165/1165/1159 1166/1166/1160 1167/1167/1161
f 809/809/806 1166/1166/1160 1165/1165/1159
f 1168/1168/1162 1169/1169/1163 1170/1170/1164
f 1171/1171/1165 1169/1169/1163 1168/1168/1162
f 1172/1172/1166 634/634/631 633/633/630
f 1173/1173/1167 1174/1174/1167 202/202/1168
f 758/758/755 1175/1175/1169 759/759/756
f 459/459/458 1176/1176/1170 1177/1177/1171
f 93/93/93 92/92/92 261/261/260
f 743/743/740 742/742/739 694/694/691
f 1178/1178/1172 1179/1179/1173 1180/1180/1174
f 909/909/905 1181/1181/1175 1182/1182/1176
f 668/668/665 667/667/664 1183/1183/1177
f 251/251/250 846/846/842 845/845/841
f 330/330/329 1184/1184/1178 331/331/330
f 1039/1039/1033 1184/1184/1178 330/330/329
f 74/74/74 76/76/76 717/717/714
f 1185/1185/1179 1186/1186/1180 1187/1187/1181
f 1188/1188/1182 1189/1189/1183 1190/1190/1184
f 1191/1191/1185 1189/1189/1183 1188/1188/1182
f 1192/1192/1186 1193/1193/1187 572/572/570
f 1194/1194/1188 82/82/82 84/84/84
f 433/433/432 435/435/434 706/706/703
f 522/522/520 1034/1034/1028 523/523/521
f 948/948/944 1195/1195/1189 949/949/945
f 309/309/308 1196/1196/1190 1197/1197/1191
f 30/30/30 29/29/29 672/672/669
f 400/400/399 399/399/398 674/674/671
f 696/696/693 695/695/692 543/543/541
f 343/343/342 262/262/261 56/56/56
f 90/90/90 89/89/89 257/257/256
f 741/741/738 740/740/737 1041/1041/1035
f 39/39/39 38/38/38 229/229/228
f 732/732/729 731/731/728 538/538/536
f 1198/1198/1192 11/11/11 10/10/10
f 1199/1199/1193 637/637/634 636/636/633
f 1200/1200/1194 326/326/325 737/737/734
f 926/926/922 1201/1201/1195 1202/1202/1196
f 844/844/840 961/961/957 959/959/955
f 394/394/393 1/1/1 554/554/552
f 1203/1203/1197 1204/1204/1198 1205/1205/1199
f 798/798/795 800/800/797 1206/1206/1200
f 980/980/975 710/710/707 515/515/513
f 711/711/708 1142/1142/1136 437/437/436
f 1207/1207/1201 1208/1208/1202 487/487/485
f 661/661/658 660/660/657 1207/1207/1201
f 889/889/885 891/891/887 1209/1209/1203
f 891/891/887 1210/1210/1204 802/802/799
f 1177/1177/1171 1176/1176/1170 1211/1211/1205
f 108/108/108 991/991/986 990/990/985
f 1212/1212/1206 801/801/798 1213/1213/1207
f 488/488/486 424/424/423 426/426/425
f 111/111/111 110/110/110 676/676/673
f 1214/1214/1208 1141/1141/1135 1138/1138/1132
f 1030/1030/1024 1141/1141/1135 1214/1214/1208
f 894/894/890 214/214/213 662/662/659
f 212/212/211 214/214/213 894/894/890
f 592/592/590 591/591/589 562/562/560
f 288/288/287 287/287/286 161/161/161
f 1036/1036/1030 115/115/115 1035/1035/1029
f 727/727/724 729/729/726 182/182/181
f 167/167/167 322/322/321 321/321/320
f 506/506/504 758/758/755 759/759/756
f 1083/1083/1077 1215/1215/1209 313/313/312
f 1216/1216/1210 1217/1217/1211 1218/1218/1212
f 112/112/112 323/323/322 113/113/113
f 454/454/453 456/456/455 795/795/792
f 88/88/88 1013/1013/1008 89/89/89
f 537/537/535 680/680/677 679/679/676
f 500/500/498 25/25/25 797/797/794
f 706/706/703 435/435/434 707/707/704
f 1219/1219/1213 1220/1220/1214 1221/1221/1215
f 1222/1222/1216 1220/1220/1214 1219/1219/1213
f 1223/1223/1217 344/344/343 346/346/345
f 1224/1224/1218 1225/1225/1219 1065/1065/1059
f 1167/1167/1161 1226/1226/1220 1227/1227/1221
f 1166/1166/1160 1226/1226/1220 1167/1167/1161
f 809/809/806 1228/1228/1222 1166/1166/1160
f 745/745/742 1228/1228/1222 809/809/806
f 163/163/163 162/162/162 65/65/65
f 564/564/562 563/563/561 1076/1076/1070
f 719/719/716 718/718/715 1229/1229/1223
f 1230/1230/1224 20/20/20 19/19/19
f 1065/1065/1059 1064/1064/1058 920/920/916
f 93/93/93 261/261/260 260/260/259
f 579/579/577 918/918/914 916/916/912
f 481/481/479 101/101/101 100/100/100
f 804/804/801 803/803/800 1231/1231/1225
f 965/965/961 1232/1232/1226 966/966/962
f 851/851/847 1233/1233/1227 852/852/848
f 1234/1234/1228 1235/1235/1229 1236/1236/1230
f 334/334/333 1237/1237/1231 335/335/334
f 1238/1238/1232 1239/1239/1232 1156/1156/1233
f 444/444/443 1140/1140/1134 445/445/444
f 1138/1138/1132 1140/1140/1134 444/444/443
f 1240/1240/1234 1016/1016/1011 143/143/143
f 959/959/955 1016/1016/1011 1240/1240/1234
f 989/989/984 129/129/129 128/128/128
f 988/988/983 705/705/702 368/368/367
f 1241/1241/1235 1186/1186/1180 1185/1185/1179
f 169/169/169 271/271/270 170/170/170
f 371/371/370 373/373/372 778/778/775
f 1242/1242/1236 833/833/829 35/35/35
f 48/48/48 47/47/47 1243/1243/1237
f 870/870/866 507/507/505 509/509/507
f 462/462/461 854/854/850 1244/1244/1238
f 1012/1012/1007 1245/1245/1239 1013/1013/1008
f 429/429/428 531/531/529 530/530/528
f 982/982/977 981/981/976 530/530/528
f 353/353/352 289/289/288 1068/1068/1062
f 683/683/680 1002/1002/997 684/684/681
f 410/410/409 1246/1246/1240 1247/1247/1241
f 409/409/408 1246/1246/1240 410/410/409
f 1248/1248/1242 1249/1249/1243 1250/1250/1244
f 1251/1251/1245 1249/1249/1243 1248/1248/1242
f 900/900/896 121/121/121 1252/1252/1246
f 1253/1253/1247 1254/1254/1248 697/697/694
f 266/266/265 631/631/628 630/630/627
f 771/771/768 612/612/610 611/611/609
f 1067/1067/1061 790/790/787 1255/1255/1249
f 788/788/785 616/616/614 615/615/613
f 1256/1256/1250 866/866/862 865/865/861
f 1234/1234/1228 1236/1236/1230 1257/1257/1251
f 681/681/678 853/853/849 850/850/846
f 1258/1258/1252 1259/1259/1253 1260/1260/1254
f 1261/1261/1255 1262/1262/1256 1263/1263/1257
f 950/950/946 949/949/945 1264/1264/1258
f 512/512/510 200/200/199 199/199/198
f 324/324/323 326/326/325 1200/1200/1194
f 1265/1265/1259 1266/1266/1260 374/374/373
f 1267/1267/1261 1266/1266/1260 1265/1265/1259
f 1268/1268/1262 374/374/373 207/207/206
f 1265/1265/1259 374/374/373 1268/1268/1262
f 532/532/530 914/914/910 263/263/262
f 914/914/910 837/837/833 836/836/832
f 1269/1269/1263 766/766/763 1270/1270/1264
f 221/221/220 578/578/576 577/577/575
f 291/291/290 290/290/289 939/939/935
f 1271/1271/1265 940/940/936 939/939/935
f 947/947/943 946/946/942 363/363/362
f 60/60/60 1272/1272/1266 1273/1273/1267
f 1274/1274/1268 1275/1275/1269 1276/1276/1270
f 1277/1277/1271 1275/1275/1269 1274/1274/1268
f 1278/1278/1272 556/556/554 555/555/553
f 844/844/840 959/959/955 958/958/954
f 1155/1155/1149 1279/1279/1273 1280/1280/1274
f 1154/1154/1148 1279/1279/1273 1155/1155/1149
f 337/337/336 1281/1281/1275 1282/1282/1276
f 227/227/226 1281/1281/1275 337/337/336
f 306/306/305 1283/1283/1277 307/307/306
f 534/534/532 1283/1283/1277 306/306/305
f 869/869/865 871/871/867 507/507/505
f 442/442/441 441/441/440 1096/1096/1090
f 895/895/891 349/349/348 348/348/347
f 782/782/779 784/784/781 475/475/473
f 677/677/674 1284/1284/1278 1285/1285/1279
f 117/117/117 116/116/116 1286/1286/1280
f 171/171/171 170/170/170 408/408/407
f 1046/1046/1040 964/964/960 1047/1047/1041
f 1070/1070/1281 1287/1287/1282 1288/1288/1283
f 859/859/855 1289/1289/1284 858/858/854
f 595/595/593 594/594/592 563/563/561
f 941/941/937 1161/1161/1155 1160/1160/1154
f 403/403/402 402/402/401 819/819/816
f 1290/1290/1285 1291/1291/1286 31/31/31
f 189/189/188 1292/1292/1287 1293/1293/1288
f 188/188/187 1292/1292/1287 189/189/188
f 863/863/859 1294/1294/1289 864/864/860
f 1295/1295/1290 1193/1193/1187 1192/1192/1186
f 361/361/360 360/360/359 731/731/728
f 542/542/540 1152/1152/1146 968/968/964
f 579/579/577 916/916/912 915/915/911
f 217/217/216 82/82/82 1194/1194/1188
f 1296/1296/1291 1132/1132/1126 1131/1131/1125
f 1297/1297/1292 1296/1296/1291 1131/1131/1125
f 1298/1298/1293 1299/1299/1294 1300/1300/1295
f 1301/1301/1296 1299/1299/1294 1298/1298/1293
f 845/845/841 847/847/843 493/493/491
f 847/847/843 1302/1302/1297 339/339/338
f 711/711/708 248/248/247 1142/1142/1136
f 878/878/874 762/762/759 1143/1143/1137
f 500/500/498 499/499/497 25/25/25
f 178/178/177 1303/1303/1298 179/179/178
f 346/346/345 345/345/344 1022/1022/1017
f 1304/1304/1299 159/159/159 158/158/158
f 31/31/31 1291/1291/1286 32/32/32
f 300/300/299 1109/1109/1103 1108/1108/1102
f 1305/1305/1300 1191/1191/1185 1188/1188/1182
f 387/387/386 1191/1191/1185 1305/1305/1300
f 1306/1306/1301 297/297/296 1307/1307/1302
f 1308/1308/1303 609/609/607 1309/1309/1304
f 1021/1021/1016 774/774/771 1310/1310/1304
f 735/735/732 359/359/358 361/361/360
f 358/358/357 794/794/791 793/793/790
f 1311/1311/1305 608/608/606 610/610/608
f 1312/1312/1306 835/835/831 61/61/61
f 1313/1313/1307 835/835/831 1312/1312/1306
f 874/874/870 469/469/468 468/468/467
f 108/108/108 107/107/107 991/991/986
f 157/157/157 156/156/156 1018/1018/1013
f 830/830/826 832/832/828 831/831/827
f 920/920/916 1314/1314/1308 921/921/917
f 1314/1314/1308 1296/1296/1291 1297/1297/1292
f 378/378/377 377/377/376 247/247/246
f 1120/1120/1114 1119/1119/1113 760/760/757
f 1202/1202/1196 1201/1201/1195 1315/1315/1309
f 185/185/184 86/86/86 85/85/85
f 1110/1110/1104 1105/1105/1099 1107/1107/1101
f 738/738/735 737/737/734 1316/1316/1310
f 1317/1317/1311 928/928/924 927/927/923
f 1318/1318/1312 1092/1092/1086 1271/1271/1265
f 1319/1319/1313 1092/1092/1086 1318/1318/1312
f 509/509/507 508/508/506 1320/1320/1314
f 884/884/880 886/886/882 885/885/881
f 1321/1321/1315 12/12/12 1322/1322/1316
f 10/10/10 12/12/12 1321/1321/1315
f 906/906/902 905/905/901 1323/1323/1317
f 748/748/745 989/989/984 128/128/128
f 952/952/948 87/87/87 69/69/69
f 1137/1137/1131 1134/1134/1128 1133/1133/1127
f 390/390/389 985/985/980 984/984/979
f 555/555/553 557/557/555 478/478/476
f 881/881/877 880/880/876 768/768/765
f 406/406/405 766/766/763 1269/1269/1263
f 759/759/756 1175/1175/1169 455/455/454
f 1177/1177/1171 764/764/761 763/763/760
f 1324/1324/1318 1083/1083/1077 1082/1082/1076
f 699/699/696 1075/1075/1069 1325/1325/1319
f 1053/1053/1047 1326/1326/1320 1327/1327/1321
f 264/264/263 1326/1326/1320 1053/1053/1047
f 1328/1328/1322 1156/1156/1150 1153/1153/1147
f 1329/1329/1323 1156/1156/1150 1328/1328/1322
f 971/971/967 973/973/969 355/355/354
f 1330/1330/1324 1331/1331/1324 1090/1090/1325
f 1218/1218/1212 1217/1217/1211 1332/1332/1326
f 1333/1333/1327 1334/1334/1328 309/309/308
f 245/245/244 244/244/243 67/67/67
f 439/439/438 871/871/867 869/869/865
f 521/521/519 188/188/187 187/187/186
f 339/339/338 1302/1302/1297 71/71/71
f 1335/1335/1329 1198/1198/1192 10/10/10
f 1336/1336/1330 1198/1198/1192 1335/1335/1329
f 1337/1337/1331 1338/1338/1332 1339/1339/1333
f 1340/1340/1334 1338/1338/1332 1337/1337/1331
f 1339/1339/1333 1341/1341/1335 1342/1342/1336
f 1338/1338/1332 1341/1341/1335 1339/1339/1333
f 1118/1118/1112 1343/1343/1337 1344/1344/1338
f 381/381/380 1343/1343/1337 1118/1118/1112
f 1058/1058/1052 1345/1345/1339 1346/1346/1340
f 1058/1058/1052 1057/1057/1051 1345/1345/1339
f 251/251/250 1347/1347/1341 846/846/842
f 250/250/249 1347/1347/1341 251/251/250
f 533/533/531 1348/1348/1342 14/14/14
f 145/145/145 1348/1348/1342 533/533/531
f 1349/1349/1343 1350/1350/1344 1351/1351/1345
f 662/662/659 1350/1350/1344 1349/1349/1343
f 966/966/962 963/963/959 962/962/958
f 1352/1352/1346 1353/1353/1347 1354/1354/1348
f 802/802/799 1210/1210/1204 803/803/800
f 1355/1355/1349 1081/1081/1075 805/805/802
f 643/643/640 645/645/642 434/434/433
f 952/952/948 69/69/69 68/68/68
f 51/51/51 50/50/50 431/431/430
f 757/757/754 754/754/751 753/753/750
f 962/962/958 964/964/960 1046/1046/1040
f 242/242/241 241/241/240 285/285/284
f 372/372/371 1356/1356/1350 1357/1357/1351
f 628/628/625 1356/1356/1350 372/372/371
f 140/140/140 1358/1358/1352 141/141/141
f 1359/1359/1353 1358/1358/1352 140/140/140
f 77/77/77 1360/1360/1354 78/78/78
f 1250/1250/1244 1360/1360/1354 77/77/77
f 242/242/241 285/285/284 284/284/283
f 1004/1004/999 827/827/998 1006/1006/1001
f 1361/1361/1355 625/625/622 1362/1362/1356
f 436/436/435 625/625/622 1361/1361/1355
f 278/278/277 1363/1363/1357 279/279/278
f 1010/1010/1005 1009/1009/1004 799/799/796
f 1049/1049/1043 1364/1364/1358 1033/1033/1027
f 253/253/252 1364/1364/1358 1049/1049/1043
f 663/663/660 1227/1227/1221 1365/1365/1359
f 1167/1167/1161 1227/1227/1221 663/663/660
f 1366/1366/1360 1367/1367/1361 1368/1368/1362
f 1369/1369/1363 1370/1370/1364 1366/1366/1360
f 676/676/673 1284/1284/1278 677/677/674
f 1371/1371/1365 1372/1372/1366 678/678/675
f 325/325/324 924/924/920 926/926/922
f 765/765/762 924/924/920 325/325/324
f 362/362/361 1373/1373/1367 1374/1374/1368
f 1375/1375/1369 686/686/683 1066/1066/1060
f 822/822/819 998/998/993 823/823/820
f 580/580/578 582/582/580 240/240/239
f 417/417/416 419/419/418 618/618/1370
f 999/999/994 1170/1170/1164 997/997/992
f 622/622/619 624/624/621 420/420/419
f 1171/1171/1165 1376/1376/1371 1169/1169/1163
f 1107/1107/1101 1106/1106/1100 1136/1136/1130
f 388/388/387 502/502/500 501/501/499
f 519/519/517 518/518/516 951/951/947
f 186/186/185 185/185/184 85/85/85
f 127/127/127 126/126/126 1377/1377/1372
f 658/658/655 897/897/893 1163/1163/1157
f 1378/1378/1373 192/192/191 1379/1379/1374
f 190/190/189 192/192/191 1378/1378/1373
f 788/788/785 787/787/784 616/616/614
f 996/996/991 998/998/993 822/822/819
f 572/572/570 175/175/174 177/177/176
f 1061/1061/1055 1380/1380/1375 1381/1381/1376
f 180/180/179 179/179/178 895/895/891
f 781/781/778 783/783/780 782/782/779
f 839/839/835 1382/1382/1377 840/840/836
f 1383/1383/1378 1382/1382/1377 839/839/835
f 538/538/536 733/733/730 1384/1384/1379
f 970/970/966 969/969/965 971/971/967
f 1117/1117/1111 863/863/859 862/862/858
f 1385/1385/1380 1386/1386/1381 1387/1387/1382
f 139/139/139 138/138/138 888/888/884
f 277/277/276 890/890/886 889/889/885
f 757/757/754 756/756/753 754/754/751
f 1207/1207/1201 487/487/485 486/486/484
f 1180/1180/1174 1179/1179/1173 1388/1388/1383
f 1389/1389/1384 907/907/903 908/908/904
f 449/449/448 448/448/447 587/587/585
f 283/283/282 1390/1390/1385 1391/1391/1386
f 230/230/229 1024/1024/1387 1392/1392/1388
f 229/229/228 1024/1024/1387 230/230/229
f 1051/1051/1045 913/913/909 770/770/767
f 912/912/908 913/913/909 1051/1051/1045
f 1393/1393/1389 1394/1394/1390 1395/1395/1391
f 1396/1396/1392 1394/1394/1390 1393/1393/1389
f 1004/1004/999 1006/1006/1001 1005/1005/1000
f 537/537/535 536/536/534 680/680/677
f 984/984/979 985/985/980 987/987/982
f 781/781/778 780/780/777 783/783/780
f 36/36/36 181/181/180 982/982/977
f 309/309/308 1334/1334/1328 310/310/309
f 1397/1397/1393 1398/1398/1394 1291/1291/1286
f 1399/1399/1395 1398/1398/1394 1397/1397/1393
f 231/231/230 342/342/341 232/232/231
f 1400/1400/1396 747/747/744 155/155/155
f 1010/1010/1005 799/799/796 798/798/795
f 487/487/485 424/424/423 488/488/486
f 762/762/759 1144/1144/1138 1143/1143/1137
f 84/84/84 583/583/581 1122/1122/1116
f 1401/1401/1397 1402/1402/1398 1403/1403/1399
f 1204/1204/1198 1404/1404/1400 1205/1205/1199
f 1042/1042/1036 277/277/276 889/889/885
f 1405/1405/1401 460/460/459 462/462/461
f 1406/1406/1402 460/460/459 1405/1405/1401
f 995/995/990 994/994/989 137/137/137
f 1407/1407/1403 276/276/275 275/275/274
f 1221/1221/1215 1408/1408/1404 1409/1409/1405
f 1220/1220/1214 1408/1408/1404 1221/1221/1215
f 209/209/208 1410/1410/1406 316/316/315
f 208/208/207 1410/1410/1406 209/209/208
f 1411/1411/1407 1412/1412/1408 855/855/851
f 1413/1413/1409 1412/1412/1408 1411/1411/1407
f 1414/1414/1410 1415/1415/1411 932/932/928
f 1055/1055/1049 1415/1415/1411 1414/1414/1410
f 589/589/587 588/588/586 1416/1416/1412
f 1417/1417/1413 1116/1116/1110 1115/1115/1109
f 1418/1418/1414 643/643/640 1419/1419/1415
f 1420/1420/1416 643/643/640 1418/1418/1414
f 21/21/21 1421/1421/1417 576/576/574
f 20/20/20 1421/1421/1417 21/21/21
f 1422/1422/1418 576/576/574 481/481/479
f 21/21/21 576/576/574 1422/1422/1418
f 1395/1395/1391 786/786/783 788/788/785
f 1394/1394/1390 786/786/783 1395/1395/1391
f 1087/1087/1081 392/392/391 394/394/393
f 840/840/836 392/392/391 1087/1087/1081
f 1423/1423/1419 1424/1424/1420 1425/1425/1421
f 945/945/941 58/58/58 946/946/942
f 1426/1426/1422 122/122/122 1077/1077/1071
f 1427/1427/1423 1428/1428/1424 122/122/122
f 884/884/880 883/883/879 886/886/882
f 867/867/863 1114/1114/1108 1429/1429/1425
f 1430/1430/1426 302/302/301 301/301/300
f 1431/1431/1427 1432/1432/1428 1433/1433/1429
f 1121/1121/1115 1434/1434/1430 270/270/269
f 1435/1435/1431 1436/1436/1432 1437/1437/1433
f 1438/1438/1434 1436/1436/1432 1435/1435/1431
f 1439/1439/1435 635/635/632 743/743/740
f 633/633/630 635/635/632 1439/1439/1435
f 860/860/856 366/366/365 365/365/364
f 858/858/854 857/857/853 1440/1440/1436
f 27/27/27 26/26/26 1369/1369/1363
f 26/26/26 1370/1370/1364 1369/1369/1363
f 388/388/387 303/303/302 502/502/500
f 575/575/573 574/574/572 1059/1059/1053
f 350/350/349 1008/1008/1003 1011/1011/1006
f 477/477/475 801/801/798 1212/1212/1206
f 1036/1036/1030 432/432/431 115/115/115
f 111/111/111 676/676/673 675/675/672
f 987/987/982 986/986/981 909/909/905
f 1441/1441/1437 910/910/906 909/909/905
f 1018/1018/1013 703/703/700 1442/1442/1438
f 831/831/827 833/833/829 1242/1242/1236
f 387/387/386 1443/1443/1439 1191/1191/1185
f 386/386/385 1443/1443/1439 387/387/386
f 678/678/675 1372/1372/1366 422/422/421
f 621/621/618 1376/1376/1371 1171/1171/1165
f 1444/1444/1440 1445/1445/1441 1446/1446/1442
f 1447/1447/1443 1445/1445/1441 1444/1444/1440
f 517/517/515 820/820/817 518/518/516
f 818/818/815 820/820/817 517/517/515
f 1151/1151/1145 1448/1448/1444 1449/1449/1445
f 1450/1450/1446 1448/1448/1444 1151/1151/1145
f 1451/1451/1447 1452/1452/1448 1453/1453/1449
f 1454/1454/1450 1452/1452/1448 1451/1451/1447
f 423/423/422 942/942/938 53/53/53
f 1168/1168/1162 1170/1170/1164 999/999/994
f 693/693/690 1455/1455/1451 1104/1104/1098
f 692/692/689 1455/1455/1451 693/693/690
f 1456/1456/1452 704/704/701 371/371/370
f 130/130/130 704/704/701 1456/1456/1452
f 29/29/29 673/673/670 672/672/669
f 852/852/848 1233/1233/1227 1234/1234/1228
f 739/739/736 1457/1457/1453 740/740/737
f 1458/1458/1454 1457/1457/1453 739/739/736
f 489/489/487 350/350/349 1011/1011/1006
f 660/660/657 1208/1208/1202 1207/1207/1201
f 898/898/894 340/340/339 1459/1459/1455
f 340/340/339 71/71/71 73/73/73
f 1460/1460/1456 721/721/718 720/720/717
f 1346/1346/1340 1345/1345/1339 779/779/776
f 181/181/180 427/427/426 981/981/976
f 1461/1461/1457 427/427/426 181/181/180
f 853/853/849 851/851/847 850/850/846
f 1007/1007/1002 1125/1125/1119 1126/1126/1120
f 1233/1233/1227 1235/1235/1229 1234/1234/1228
f 449/449/448 587/587/585 934/934/930
f 1040/1040/1034 259/259/258 1462/1462/1458
f 1260/1260/1254 1259/1259/1253 1463/1463/1459
f 979/979/974 567/567/565 294/294/293
f 565/565/563 567/567/565 979/979/974
f 975/975/1460 9/9/9 1464/1464/1461
f 7/7/7 9/9/9 975/975/1460
f 1465/1465/1462 1466/1466/1463 1296/1296/1291
f 1467/1467/1464 1466/1466/1463 1465/1465/1462
f 1468/1468/1465 1135/1135/1129 1469/1469/1466
f 1133/1133/1127 1135/1135/1129 1468/1468/1465
f 1470/1470/1467 655/655/652 382/382/381
f 653/653/650 655/655/652 1470/1470/1467
f 1471/1471/1468 933/933/929 1472/1472/1469
f 1062/1062/1056 933/933/929 1471/1471/1468
f 1473/1473/1470 1247/1247/1241 1474/1474/1471
f 410/410/409 1247/1247/1241 1473/1473/1470
f 159/159/159 1475/1475/1472 899/899/895
f 1475/1475/1472 666/666/663 668/668/665
f 1131/1131/1125 250/250/249 249/249/248
f 671/671/668 670/670/667 666/666/663
f 1476/1476/1473 1477/1477/1474 1478/1478/1475
f 908/908/904 106/106/106 108/108/108
f 280/280/279 279/279/278 1479/1479/1476
f 1480/1480/1477 1204/1204/1198 1203/1203/1197
f 1481/1481/1478 755/755/752 757/757/754
f 1482/1482/1479 755/755/752 1481/1481/1478
f 1396/1396/1392 1483/1483/1480 1394/1394/1390
f 1484/1484/1481 1483/1483/1480 1396/1396/1392
f 1209/1209/1203 891/891/887 802/802/799
f 420/420/419 624/624/621 418/418/417
f 967/967/963 966/966/962 962/962/958
f 240/240/239 582/582/580 241/241/240
f 1103/1103/1097 1101/1101/1095 216/216/215
f 769/769/766 1386/1386/1381 1385/1385/1380
f 772/772/769 771/771/768 611/611/609
f 1272/1272/1266 1070/1070/1064 1069/1069/1063
f 618/618/1370 419/419/418 1485/1485/617
f 804/804/801 1231/1231/1225 1486/1486/1482
f 1487/1487/1483 1105/1105/1099 1110/1110/1104
f 586/586/584 585/585/583 301/301/300
f 1488/1488/1484 470/470/469 1489/1489/1485
f 468/468/467 470/470/469 1488/1488/1484
f 1181/1181/1175 466/466/465 465/465/464
f 1182/1182/1176 1181/1181/1175 465/465/464
f 218/218/217 1402/1402/1398 1401/1401/1397
f 450/450/449 218/218/217 1401/1401/1397
f 1490/1490/1486 543/543/541 545/545/543
f 696/696/693 543/543/541 1490/1490/1486
f 1491/1491/1487 752/752/749 702/702/699
f 1492/1492/1488 1261/1261/1255 1263/1263/1257
f 495/495/493 848/848/844 496/496/494
f 548/548/546 848/848/844 495/495/493
f 1137/1137/1131 1136/1136/1130 1134/1134/1128
f 501/501/499 503/503/501 723/723/720
f 1474/1474/1471 1493/1493/1489 146/146/146
f 1247/1247/1241 1493/1493/1489 1474/1474/1471
f 1494/1494/1490 1353/1353/1347 1352/1352/1346
f 1495/1495/1491 1496/1496/1491 1353/1353/1492
f 893/893/889 1497/1497/1493 1498/1498/1494
f 63/63/63 1497/1497/1493 893/893/889
f 1499/1499/1495 1123/1123/1117 1278/1278/1272
f 1122/1122/1116 1123/1123/1117 1499/1499/1495
f 1270/1270/1264 1500/1500/1496 1501/1501/1497
f 766/766/763 1500/1500/1496 1270/1270/1264
f 1031/1031/1025 1379/1379/1374 1029/1029/1023
f 1378/1378/1373 1379/1379/1374 1031/1031/1025
f 282/282/281 1390/1390/1385 283/283/282
f 1048/1048/1042 1047/1047/1041 879/879/875
f 1502/1502/1498 978/978/973 1503/1503/1499
f 570/570/568 978/978/973 1502/1502/1498
f 1125/1125/1119 1127/1127/1121 1126/1126/1120
f 1504/1504/1500 1505/1505/1501 1506/1506/1502
f 1507/1507/1503 1508/1508/1504 955/955/951
f 1509/1509/1505 1508/1508/1504 1507/1507/1503
f 1313/1313/1307 1510/1510/1506 835/835/831
f 1511/1511/1507 1510/1510/1506 1313/1313/1307
f 1512/1512/1508 1513/1513/1509 1514/1514/1510
f 1515/1515/1511 1513/1513/1509 1512/1512/1508
f 1515/1515/1511 1516/1516/1512 1513/1513/1509
f 1517/1517/1513 1516/1516/1512 1515/1515/1511
f 1511/1511/1507 1518/1518/1514 1510/1510/1506
f 1514/1514/1510 1518/1518/1514 1511/1511/1507
f 1509/1509/1505 1519/1519/1515 1508/1508/1504
f 1503/1503/1499 1519/1519/1515 1509/1509/1505
f 957/957/953 974/974/970 1520/1520/1516
f 1517/1517/1513 1521/1521/1517 1516/1516/1512
f 1522/1522/1518 1523/1523/1519 568/568/566
f 1524/1524/1520 1523/1523/1519 1522/1522/1518
f 1525/1525/1521 1526/1526/1522 184/184/183
f 777/777/774 1526/1526/1522 1525/1525/1521
f 742/742/739 1041/1041/1035 605/605/603
f 741/741/738 1041/1041/1035 742/742/739
f 1527/1527/1523 1528/1528/1524 1195/1195/1189
f 983/983/978 527/527/525 529/529/527
f 1529/1529/1525 1530/1530/1526 1531/1531/1527
f 960/960/956 1530/1530/1526 1529/1529/1525
f 1095/1095/1089 1222/1222/1216 1219/1219/1213
f 1094/1094/1088 1222/1222/1216 1095/1095/1089
f 1206/1206/1200 800/800/797 943/943/939
f 1206/1206/1200 943/943/939 621/621/618
f 1399/1399/1395 1532/1532/1528 1398/1398/1394
f 1463/1463/1459 1532/1532/1528 1399/1399/1395
f 1533/1533/1529 697/697/694 1078/1078/1072
f 1534/1534/1530 1253/1253/1247 697/697/694
f 1535/1535/1531 1536/1536/1532 1537/1537/1533
f 397/397/396 1536/1536/1532 1535/1535/1531
f 955/955/951 1538/1538/1534 956/956/952
f 1508/1508/1504 1538/1538/1534 955/955/951
f 1514/1514/1510 1539/1539/1535 1518/1518/1514
f 1513/1513/1509 1539/1539/1535 1514/1514/1510
f 1540/1540/1536 1498/1498/1494 1541/1541/1537
f 893/893/889 1498/1498/1494 1540/1540/1536
f 1524/1524/1520 1542/1542/1538 1523/1523/1519
f 1472/1472/1469 1542/1542/1538 1524/1524/1520
f 493/493/491 847/847/843 339/339/338
f 493/493/491 339/339/338 338/338/337
f 1543/1543/1539 1117/1117/1111 862/862/858
f 1115/1115/1109 1117/1117/1111 1543/1543/1539
f 1323/1323/1317 828/828/824 830/830/826
f 905/905/901 828/828/824 1323/1323/1317
f 953/953/949 1544/1544/1540 811/811/808
f 1545/1545/1541 1544/1544/1540 953/953/949
f 1257/1257/1251 584/584/582 796/796/793
f 1257/1257/1251 1236/1236/1230 584/584/582
f 1546/1546/1542 1547/1547/1543 1548/1548/1544
f 1549/1549/1545 1547/1547/1543 1546/1546/1542
f 1550/1550/1546 791/791/788 190/190/189
f 194/194/193 791/791/788 1550/1550/1546
f 1551/1551/1547 1164/1164/1158 912/912/908
f 1552/1552/1548 1164/1164/1158 1551/1551/1547
f 1023/1023/1018 1545/1545/1541 1553/1553/1549
f 150/150/150 1545/1545/1541 1023/1023/1018
f 149/149/149 1554/1554/1550 150/150/150
f 652/652/649 1554/1554/1550 149/149/149
f 194/194/193 1555/1555/1551 791/791/788
f 954/954/950 1555/1555/1551 194/194/193
f 1556/1556/1552 932/932/928 1557/1557/1553
f 1414/1414/1410 932/932/928 1556/1556/1552
f 969/969/965 972/972/968 971/971/967
f 1449/1449/1445 404/404/403 406/406/405
f 1448/1448/1444 404/404/403 1449/1449/1445
f 1558/1558/1554 546/546/544 1347/1347/1341
f 57/57/57 546/546/544 1558/1558/1554
f 1364/1364/1358 1420/1420/1416 1418/1418/1414
f 817/817/814 1420/1420/1416 1364/1364/1358
f 574/574/572 1060/1060/1054 1059/1059/1053
f 864/864/860 1294/1294/1289 1060/1060/1054
f 494/494/492 493/493/491 338/338/337
f 1559/1559/1555 1073/1073/1067 1072/1072/1066
f 896/896/892 895/895/891 348/348/347
f 1370/1370/1364 1367/1367/1361 1366/1366/1360
f 363/363/362 613/613/611 364/364/363
f 1273/1273/1267 1272/1272/1266 1069/1069/1063
f 1560/1560/1556 1561/1561/1557 1562/1562/1558
f 1560/1560/1556 1563/1563/1559 1561/1561/1557
f 1564/1564/1560 1190/1190/1184 1222/1222/1216
f 1188/1188/1182 1190/1190/1184 1564/1564/1560
f 1565/1565/1561 824/824/821 1566/1566/1562
f 1567/1567/1563 1568/1568/1563 1004/1004/1564
f 1569/1569/1565 1570/1570/1566 1571/1571/1567
f 1572/1572/1568 1570/1570/1566 1569/1569/1565
f 954/954/950 1573/1573/1569 1555/1555/1551
f 559/559/557 1573/1573/1569 954/954/950
f 1574/1574/1570 1575/1575/1571 1576/1576/1572
f 1577/1577/1573 1575/1575/1571 1574/1574/1570
f 726/726/723 1276/1276/1270 727/727/724
f 1274/1274/1268 1276/1276/1270 726/726/723
f 1263/1263/1257 1262/1262/1256 1374/1374/1368
f 1428/1428/1424 689/689/686 122/122/122
f 1478/1478/1475 1363/1363/1357 278/278/277
f 1478/1478/1475 1477/1477/1474 1363/1363/1357
f 1061/1061/1055 1578/1578/1574 389/389/388
f 1060/1060/1054 1578/1578/1574 1061/1061/1055
f 1552/1552/1548 530/530/528 1164/1164/1158
f 982/982/977 530/530/528 1552/1552/1548
f 261/261/260 1579/1579/1575 1580/1580/1576
f 92/92/92 1579/1579/1575 261/261/260
f 688/688/685 1225/1225/1219 1224/1224/1218
f 861/861/857 860/860/856 365/365/364
f 1375/1375/1369 1066/1066/1060 1581/1581/1577
f 1224/1224/1218 1582/1582/1578 1583/1583/1579
f 300/300/299 1584/1584/1580 1109/1109/1103
f 299/299/298 1584/1584/1580 300/300/299
f 367/367/366 1585/1585/1581 1467/1467/1464
f 366/366/365 1585/1585/1581 367/367/366
f 475/475/473 784/784/781 1389/1389/1384
f 784/784/781 907/907/903 1389/1389/1384
f 764/764/761 1100/1100/1094 765/765/762
f 609/609/607 165/165/165 1586/1586/1582
f 1587/1587/1583 1033/1033/1027 1588/1588/1584
f 1049/1049/1043 1033/1033/1027 1587/1587/1583
f 751/751/748 1589/1589/1585 1261/1261/1255
f 1197/1197/1191 1528/1528/1524 1527/1527/1523
f 1467/1467/1464 1590/1590/1586 1466/1466/1463
f 1585/1585/1581 1590/1590/1586 1467/1467/1464
f 1591/1591/1587 1391/1391/1386 1417/1417/1413
f 283/283/282 1391/1391/1386 1591/1591/1587
f 1592/1592/1588 1593/1593/1589 1594/1594/1590
f 1595/1595/1591 1593/1593/1589 1592/1592/1588
f 1596/1596/1592 716/716/713 1447/1447/1443
f 714/714/711 716/716/713 1596/1596/1592
f 1055/1055/1049 1597/1597/1593 1415/1415/1411
f 1054/1054/1048 1597/1597/1593 1055/1055/1049
f 1299/1299/1294 1598/1598/1594 1300/1300/1295
f 1599/1599/1595 1600/1600/1595 1593/1593/1596
f 1601/1601/1597 1602/1602/1598 1603/1603/1599
f 1446/1446/1442 1602/1602/1598 1601/1601/1597
f 1604/1604/1600 1505/1505/1501 1504/1504/1500
f 1604/1604/1600 1605/1605/1601 1505/1505/1501
f 130/130/130 370/370/369 704/704/701
f 129/129/129 370/370/369 130/130/130
f 1606/1606/1602 1074/1074/1068 1607/1607/1603
f 1608/1608/1604 1609/1609/1605 1610/1610/1606
f 1381/1381/1376 1380/1380/1375 1159/1159/1153
f 1381/1381/1376 1159/1159/1153 1158/1158/1152
f 1611/1611/1607 1612/1612/1608 1613/1613/1609
f 1614/1614/1610 1612/1612/1608 1611/1611/1607
f 1446/1446/1442 1615/1615/1611 1602/1602/1598
f 1445/1445/1441 1615/1615/1611 1446/1446/1442
f 1324/1324/1318 1082/1082/1076 1085/1085/1079
f 750/750/747 312/312/311 751/751/748
f 1616/1616/1612 912/912/908 1051/1051/1045
f 1551/1551/1547 912/912/908 1616/1616/1612
f 1074/1074/1068 902/902/898 901/901/897
f 1607/1607/1603 1074/1074/1068 341/341/340
f 1205/1205/1199 623/623/620 622/622/619
f 1205/1205/1199 1404/1404/1400 623/623/620
f 1617/1617/1613 1618/1618/1614 1450/1450/1446
f 1352/1352/1346 1618/1618/1614 1617/1617/1613
f 1619/1619/1615 1355/1355/1349 805/805/802
f 1451/1451/1447 1355/1355/1349 1619/1619/1615
f 35/35/35 1461/1461/1457 181/181/180
f 833/833/829 1461/1461/1457 35/35/35
f 441/441/440 1097/1097/1091 1096/1096/1090
f 921/921/917 1314/1314/1308 669/669/666
f 345/345/344 669/669/666 1022/1022/1017
f 1119/1119/1113 761/761/758 760/760/757
f 1442/1442/1438 703/703/700 1620/1620/1616
f 1217/1217/1211 1621/1621/1617 1332/1332/1326
f 1622/1622/1618 1018/1018/1013 1017/1017/1012
f 1623/1623/1619 1624/1624/1620 1215/1215/1209
f 725/725/722 1303/1303/1298 178/178/177
f 725/725/722 724/724/721 1303/1303/1298
f 542/542/540 541/541/539 1152/1152/1146
f 1576/1576/1572 656/656/653 658/658/655
f 1575/1575/1571 656/656/653 1576/1576/1572
f 1625/1625/1621 1626/1626/1622 164/164/164
f 60/60/60 1052/1052/1046 1272/1272/1266
f 59/59/59 1052/1052/1046 60/60/60
f 1627/1627/1623 736/736/733 734/734/731
f 1628/1628/1624 736/736/733 1627/1627/1623
f 1629/1629/1625 451/451/450 1021/1021/1016
f 1630/1630/1626 1150/1150/1144 1631/1631/1627
f 1148/1148/1142 1150/1150/1144 1630/1630/1626
f 1632/1632/1628 1450/1450/1446 1151/1151/1145
f 1617/1617/1613 1450/1450/1446 1632/1632/1628
f 1102/1102/1096 1631/1631/1627 1101/1101/1095
f 1630/1630/1626 1631/1631/1627 1102/1102/1096
f 1633/1633/1629 1454/1454/1450 1451/1451/1447
f 139/139/139 1454/1454/1450 1633/1633/1629
f 1634/1634/1630 1362/1362/1356 1635/1635/1631
f 1636/1636/1632 1362/1362/1356 1634/1634/1630
f 1637/1637/1304 1638/1638/1304 609/609/607
f 1327/1327/1321 266/266/265 630/630/627
f 1326/1326/1320 266/266/265 1327/1327/1321
f 1639/1639/1633 1640/1640/1634 1641/1641/1635
f 1642/1642/1636 1643/1643/1636 1640/1640/1637
f 1641/1641/1635 1605/1605/1601 1604/1604/1600
f 1641/1641/1635 1640/1640/1634 1605/1605/1601
f 1644/1644/1638 1645/1645/1639 1646/1646/1640
f 1644/1644/1638 1647/1647/1641 1645/1645/1639
f 1648/1648/1642 1563/1563/1559 1560/1560/1556
f 1648/1648/1642 1649/1649/1643 1563/1563/1559
f 1045/1045/1039 1647/1647/1641 1644/1644/1638
f 1045/1045/1039 1044/1044/1038 1647/1647/1641
f 1646/1646/1640 1649/1649/1643 1648/1648/1642
f 1646/1646/1640 1645/1645/1639 1649/1649/1643
f 57/57/57 1650/1650/1644 546/546/544
f 1651/1651/1645 1650/1650/1644 57/57/57
f 1652/1652/1646 1653/1653/1647 1654/1654/1648
f 1655/1655/1649 1653/1653/1647 1652/1652/1646
f 705/705/702 1656/1656/1650 1657/1657/1651
f 523/523/521 1656/1656/1650 705/705/702
f 1658/1658/1652 590/590/588 592/592/590
f 1659/1659/1653 590/590/588 1658/1658/1652
f 1660/1660/1654 1091/1091/1085 1090/1090/1084
f 1371/1371/1365 426/426/425 1372/1372/1366
f 488/488/486 426/426/425 1371/1371/1365
f 1661/1661/1655 1406/1406/1402 1405/1405/1401
f 463/463/462 1406/1406/1402 1661/1661/1655
f 1277/1277/1271 1635/1635/1631 1275/1275/1269
f 1634/1634/1630 1635/1635/1631 1277/1277/1271
f 40/40/40 596/596/594 41/41/41
f 814/814/811 596/596/594 40/40/40
f 428/428/427 777/777/774 1525/1525/1521
f 775/775/772 777/777/774 428/428/427
f 895/895/891 1662/1662/1656 349/349/348
f 179/179/178 1662/1662/1656 895/895/891
f 1144/1144/1138 876/876/872 875/875/871
f 1663/1663/1657 1664/1664/1658 1118/1118/1112
f 1665/1665/1659 1664/1664/1658 1663/1663/1657
f 1320/1320/1314 885/885/881 758/758/755
f 508/508/506 885/885/881 1320/1320/1314
f 593/593/591 939/939/935 594/594/592
f 291/291/290 939/939/935 593/593/591
f 1278/1278/1272 1666/1666/1660 556/556/554
f 1123/1123/1117 1666/1666/1660 1278/1278/1272
f 638/638/635 1667/1667/1661 873/873/869
f 637/637/634 1667/1667/1661 638/638/635
f 459/459/458 458/458/457 1176/1176/1170
f 903/903/899 1400/1400/1396 155/155/155
f 902/902/898 1400/1400/1396 903/903/899
f 914/914/910 1668/1668/1662 837/837/833
f 1669/1669/1663 1668/1668/1662 914/914/910
f 1670/1670/1664 1469/1469/1466 1671/1671/1665
f 1468/1468/1465 1469/1469/1466 1670/1670/1664
f 630/630/627 632/632/629 1672/1672/1666
f 1673/1673/1667 1674/1674/1667 633/633/1668
f 1580/1580/1576 696/696/693 1490/1490/1486
f 1579/1579/1575 696/696/693 1580/1580/1576
f 1104/1104/1098 1675/1675/1669 816/816/813
f 1455/1455/1451 1675/1675/1669 1104/1104/1098
f 1676/1676/1670 378/378/377 246/246/245
f 1677/1677/1671 378/378/377 1676/1676/1670
f 498/498/496 1613/1613/1609 499/499/497
f 1611/1611/1607 1613/1613/1609 498/498/496
f 1678/1678/1304 1679/1679/1672 1680/1680/1673
f 780/780/777 1681/1681/1674 1178/1178/1172
f 1159/1159/1153 1681/1681/1674 780/780/777
f 1682/1682/1675 831/831/827 703/703/700
f 156/156/156 831/831/827 1682/1682/1675
f 120/120/120 1183/1183/1177 493/493/491
f 668/668/665 1183/1183/1177 120/120/120
f 1683/1683/1676 1684/1684/1677 424/424/423
f 1011/1011/1006 1684/1684/1677 1683/1683/1676
f 1685/1685/1678 1577/1577/1573 1574/1574/1570
f 1686/1686/1679 1577/1577/1573 1685/1685/1678
f 1462/1462/1458 1687/1687/1680 1688/1688/1681
f 259/259/258 1687/1687/1680 1462/1462/1458
f 1689/1689/1682 1690/1690/1683 1258/1258/1252
f 1691/1691/1684 1690/1690/1683 1689/1689/1682
f 1691/1691/1684 1692/1692/1685 1690/1690/1683
f 1693/1693/1686 1692/1692/1685 1691/1691/1684
f 1255/1255/1249 22/22/22 24/24/24
f 790/790/787 22/22/22 1255/1255/1249
f 1694/1694/1687 1111/1111/1105 1695/1695/1688
f 1409/1409/1405 1111/1111/1105 1694/1694/1687
f 1062/1062/1056 1696/1696/1689 933/933/929
f 2/2/2 1696/1696/1689 1062/1062/1056
f 817/817/814 1697/1697/1690 1420/1420/1416
f 816/816/813 1697/1697/1690 817/817/814
f 1657/1657/1651 436/436/435 1636/1636/1632
f 1656/1656/1650 436/436/435 1657/1657/1651
f 65/65/65 1698/1698/1691 17/17/17
f 162/162/162 1698/1698/1691 65/65/65
f 1534/1534/1530 1699/1699/1692 1253/1253/1247
f 1077/1077/1071 124/124/124 1699/1699/1692
f 131/131/131 1700/1700/1693 132/132/132
f 273/273/272 1700/1700/1693 131/131/131
f 1701/1701/1694 1138/1138/1132 444/444/443
f 1214/1214/1208 1138/1138/1132 1701/1701/1694
f 1702/1702/1695 1030/1030/1024 1214/1214/1208
f 1028/1028/1022 1030/1030/1024 1702/1702/1695
f 1429/1429/1425 573/573/571 575/575/573
f 1114/1114/1108 573/573/571 1429/1429/1425
f 1222/1222/1216 1703/1703/1696 1220/1220/1214
f 1190/1190/1184 1703/1703/1696 1222/1222/1216
f 926/926/922 925/925/921 1201/1201/1195
f 54/54/54 996/996/991 822/822/819
f 53/53/53 996/996/991 54/54/54
f 1503/1503/1499 1704/1704/1697 1519/1519/1515
f 978/978/973 1704/1704/1697 1503/1503/1499
f 568/568/566 712/712/709 569/569/567
f 1523/1523/1519 712/712/709 568/568/566
f 938/938/934 937/937/933 1705/1705/1698
f 62/62/62 1706/1706/1699 1707/1707/1700
f 553/553/551 1706/1706/1699 62/62/62
f 1178/1178/1172 1708/1708/1701 1179/1179/1173
f 1681/1681/1674 1708/1708/1701 1178/1178/1172
f 1709/1709/1702 1710/1710/1703 1614/1614/1610
f 1711/1711/1704 1710/1710/1703 1709/1709/1702
f 1712/1712/1705 440/440/439 442/442/441
f 1713/1713/1706 440/440/439 1712/1712/1705
f 1714/1714/1707 1472/1472/1469 1524/1524/1520
f 1471/1471/1468 1472/1472/1469 1714/1714/1707
f 1715/1715/1708 882/882/878 1716/1716/1709
f 442/442/441 882/882/878 1715/1715/1708
f 749/749/746 118/118/118 58/58/58
f 1425/1425/1421 1424/1424/1420 58/58/58
f 540/540/538 1315/1315/1309 1717/1717/1710
f 1202/1202/1196 1315/1315/1309 540/540/538
f 1537/1537/1533 1063/1063/1057 558/558/556
f 1536/1536/1532 1063/1063/1057 1537/1537/1533
f 1718/1718/1711 1719/1719/1712 1371/1371/1365
f 1720/1720/1713 1719/1719/1712 1718/1718/1711
f 1721/1721/1714 1722/1722/1715 1723/1723/1716
f 1724/1724/1717 535/535/533 537/537/535
f 1541/1541/1537 1725/1725/1718 1726/1726/1719
f 1498/1498/1494 1725/1725/1718 1541/1541/1537
f 381/381/380 380/380/379 1727/1727/1720
f 697/697/694 1254/1254/1248 698/698/695
f 1075/1075/1069 1607/1607/1603 341/341/340
f 1728/1728/1721 475/475/473 477/477/475
f 1729/1729/1722 475/475/473 1728/1728/1721
f 607/607/605 400/400/399 1730/1730/1723
f 1731/1731/1724 400/400/399 607/607/605
f 150/150/150 1732/1732/1725 1545/1545/1541
f 1554/1554/1550 1732/1732/1725 150/150/150
f 659/659/656 1366/1366/1360 660/660/657
f 1369/1369/1363 1366/1366/1360 659/659/656
f 1733/1733/1726 1734/1734/1727 1735/1735/1728
f 1736/1736/1729 1734/1734/1727 1733/1733/1726
f 1737/1737/1730 1735/1735/1728 1228/1228/1222
f 1733/1733/1726 1735/1735/1728 1737/1737/1730
f 752/752/749 751/751/748 1261/1261/1255
f 702/702/699 752/752/749 1261/1261/1255
f 563/563/561 1665/1665/1659 560/560/558
f 594/594/592 1665/1665/1659 563/563/561
f 202/202/201 633/633/630 1439/1439/1435
f 1738/1738/1731 633/633/630 202/202/201
f 132/132/132 1267/1267/1261 1265/1265/1259
f 1700/1700/1693 1267/1267/1261 132/132/132
f 1739/1739/1732 1740/1740/1733 148/148/148
f 1474/1474/1471 1740/1740/1733 1739/1739/1732
f 1147/1147/1141 1146/1146/1140 1741/1741/1734
f 834/834/830 1742/1742/1735 213/213/212
f 1268/1268/1262 1742/1742/1735 834/834/830
f 929/929/925 1357/1357/1351 776/776/773
f 372/372/371 1357/1357/1351 929/929/925
f 1301/1301/1296 1603/1603/1599 1299/1299/1294
f 1601/1601/1597 1603/1603/1599 1301/1301/1296
f 597/597/595 1743/1743/1736 598/598/596
f 1744/1744/1737 1745/1745/1737 1547/1547/1738
f 1407/1407/1403 992/992/987 276/276/275
f 990/990/985 992/992/987 1407/1407/1403
f 1187/1187/1181 717/717/714 1230/1230/1224
f 1186/1186/1180 717/717/714 1187/1187/1181
f 1746/1746/1739 640/640/637 1747/1747/1740
f 1748/1748/1741 640/640/637 1746/1746/1739
f 78/78/78 1749/1749/1742 648/648/645
f 1750/1750/1743 649/649/646 642/642/639
f 1748/1748/1741 642/642/639 640/640/637
f 1751/1751/1744 642/642/639 1748/1748/1741
f 1752/1752/1745 492/492/490 1753/1753/1746
f 1342/1342/1336 492/492/490 1752/1752/1745
f 1322/1322/1316 872/872/868 1754/1754/1747
f 12/12/12 872/872/868 1322/1322/1316
f 1755/1755/1748 1756/1756/1749 398/398/397
f 90/90/90 1756/1756/1749 1755/1755/1748
f 1438/1438/1434 1038/1038/1032 1436/1436/1432
f 1035/1035/1029 1038/1038/1032 1438/1438/1434
f 1757/1757/1750 917/917/913 841/841/837
f 915/915/911 917/917/913 1757/1757/1750
f 1758/1758/1751 246/246/245 711/711/708
f 1676/1676/1670 246/246/245 1758/1758/1751
f 1614/1614/1610 1107/1107/1101 1612/1612/1608
f 1710/1710/1703 1107/1107/1101 1614/1614/1610
f 559/559/557 1553/1553/1549 1573/1573/1569
f 1023/1023/1018 1553/1553/1549 559/559/557
f 722/722/719 1759/1759/1752 1729/1729/1722
f 721/721/718 1759/1759/1752 722/722/719
f 264/264/263 838/838/834 1326/1326/1320
f 836/836/832 838/838/834 264/264/263
f 252/252/251 1760/1760/1753 253/253/252
f 922/922/918 1760/1760/1753 252/252/251
f 1761/1761/1304 1762/1762/1754 1311/1311/1305
f 1050/1050/1044 1251/1251/1245 1248/1248/1242
f 1489/1489/1485 1251/1251/1245 1050/1050/1044
f 1431/1431/1427 1080/1080/1074 1432/1432/1428
f 239/239/238 1080/1080/1074 1431/1431/1427
f 1677/1677/1671 1763/1763/1755 378/378/377
f 1764/1764/1756 1763/1763/1755 1677/1677/1671
f 1765/1765/1304 1629/1629/1625 1021/1021/1016
f 993/993/988 1766/1766/1757 1488/1488/1484
f 467/467/466 1766/1766/1757 993/993/988
f 1310/1310/1304 774/774/771 1767/1767/1304
f 1768/1768/1304 1307/1307/1302 1769/1769/1758
f 546/546/544 923/923/919 547/547/545
f 1650/1650/1644 923/923/919 546/546/544
f 833/833/829 371/371/370 1461/1461/1457
f 1456/1456/1452 371/371/370 833/833/829
f 1770/1770/1304 774/774/771 1771/1771/1759
f 1772/1772/1304 1767/1767/1304 774/774/771
f 1065/1065/1059 920/920/916 919/919/915
f 1583/1583/1579 1582/1582/1578 344/344/343
f 1638/1638/1304 1309/1309/1304 609/609/607
f 1773/1773/1304 1311/1311/1305 1308/1308/1303
f 526/526/524 1636/1636/1632 1634/1634/1630
f 1657/1657/1651 1636/1636/1632 526/526/524
f 758/758/755 1774/1774/1760 1175/1175/1169
f 885/885/881 1774/1774/1760 758/758/755
f 1775/1775/1761 968/968/964 733/733/730
f 360/360/359 968/968/964 1775/1775/1761
f 1098/1098/1092 504/504/502 1776/1776/1762
f 1243/1243/1237 504/504/502 1098/1098/1092
f 1769/1769/1758 1762/1762/1754 1777/1777/1304
f 1778/1778/1304 609/609/607 1586/1586/1582
f 1779/1779/1763 1780/1780/1764 614/614/612
f 1781/1781/1765 859/859/855 1782/1782/1766
f 1783/1783/1767 1784/1784/1768 554/554/552
f 1785/1785/1769 1784/1784/1768 1783/1783/1767
f 1786/1786/1770 1293/1293/1288 129/129/129
f 189/189/188 1293/1293/1288 1786/1786/1770
f 1624/1624/1620 1622/1622/1618 1017/1017/1012
f 155/155/155 1622/1622/1618 1624/1624/1620
f 847/847/843 497/497/495 1302/1302/1297
f 846/846/842 497/497/495 847/847/843
f 1787/1787/1771 746/746/743 1788/1788/1772
f 1280/1280/1274 746/746/743 1787/1787/1771
f 1789/1789/1773 283/283/282 1591/1591/1587
f 281/281/280 283/283/282 1789/1789/1773
f 1280/1280/1274 744/744/741 746/746/743
f 1279/1279/1273 744/744/741 1280/1280/1274
f 191/191/190 43/43/43 45/45/45
f 416/416/415 43/43/43 191/191/190
f 1594/1594/1590 4/4/4 6/6/6
f 1593/1593/1589 4/4/4 1594/1594/1590
f 316/316/315 1790/1790/1774 1791/1791/1775
f 1410/1410/1406 1790/1790/1774 316/316/315
f 1447/1447/1443 96/96/96 1792/1792/1776
f 716/716/713 96/96/96 1447/1447/1443
f 603/603/601 1793/1793/1777 386/386/385
f 602/602/600 1793/1793/1777 603/603/601
f 1794/1794/1778 1795/1795/1779 1796/1796/1780
f 1797/1797/1781 1012/1012/1007 88/88/88
f 676/676/673 1798/1798/1782 1284/1284/1278
f 110/110/110 1798/1798/1782 676/676/673
f 1571/1571/1567 28/28/28 30/30/30
f 1570/1570/1566 28/28/28 1571/1571/1567
f 1291/1291/1286 1799/1799/1783 1711/1711/1704
f 1398/1398/1394 1799/1799/1783 1291/1291/1286
f 1334/1334/1328 36/36/36 1800/1800/1784
f 34/34/34 36/36/36 1334/1334/1328
f 1801/1801/1785 1802/1802/1786 1803/1803/1787
f 1804/1804/1788 1802/1802/1786 1801/1801/1785
f 1788/1788/1772 1805/1805/1789 1410/1410/1406
f 746/746/743 1805/1805/1789 1788/1788/1772
f 1800/1800/1784 982/982/977 1552/1552/1548
f 36/36/36 982/982/977 1800/1800/1784
f 1806/1806/1790 1807/1807/1791 1808/1808/1792
f 1022/1022/1017 1809/1809/1793 1808/1808/1792
f 1810/1810/1304 1680/1680/1794 1629/1629/1625
f 1811/1811/1795 1028/1028/1022 1702/1702/1695
f 713/713/710 1028/1028/1022 1811/1811/1795
f 1282/1282/1276 333/333/332 335/335/334
f 1281/1281/1275 333/333/332 1282/1282/1276
f 557/557/555 1812/1812/1796 1336/1336/1330
f 556/556/554 1812/1812/1796 557/557/555
f 405/405/404 219/219/218 221/221/220
f 719/719/716 219/219/218 405/405/404
f 583/583/581 1124/1124/1118 842/842/838
f 83/83/83 1124/1124/1118 583/583/581
f 1777/1777/1304 1762/1762/1754 1813/1813/1304
f 932/932/928 105/105/105 412/412/411
f 1415/1415/1411 105/105/105 932/932/928
f 1279/1279/1273 6/6/6 744/744/741
f 1594/1594/1590 6/6/6 1279/1279/1273
f 1256/1256/1250 935/935/931 866/866/862
f 934/934/930 935/935/931 1256/1256/1250
f 32/32/32 1711/1711/1704 1709/1709/1702
f 1291/1291/1286 1711/1711/1704 32/32/32
f 931/931/927 1188/1188/1182 1094/1094/1088
f 1305/1305/1300 1188/1188/1182 931/931/927
f 1814/1814/1797 562/562/560 564/564/562
f 592/592/590 562/562/560 1814/1814/1797
f 121/121/121 1559/1559/1555 1252/1252/1246
f 121/121/121 120/120/120 1559/1559/1555
f 1815/1815/1798 894/894/890 483/483/481
f 1706/1706/1699 894/894/890 1815/1815/1798
f 1816/1816/1799 443/443/442 228/228/227
f 1817/1817/1800 443/443/442 1816/1816/1799
f 1548/1548/1544 1818/1818/1801 682/682/679
f 1547/1547/1543 1818/1818/1801 1548/1548/1544
f 1129/1129/1123 320/320/319 654/654/651
f 318/318/317 320/320/319 1129/1129/1123
f 1819/1819/1802 1820/1820/1803 1821/1821/1804
f 1822/1822/1805 1820/1820/1803 1819/1819/1802
f 1686/1686/1679 1823/1823/1806 1577/1577/1573
f 1824/1824/1807 1823/1823/1806 1686/1686/1679
f 1413/1413/1409 1825/1825/1808 1412/1412/1408
f 1826/1826/1809 1825/1825/1808 1413/1413/1409
f 1827/1827/1810 1828/1828/1811 1829/1829/1812
f 1830/1830/1813 1828/1828/1811 1827/1827/1810
f 1831/1831/1814 1832/1832/1815 1833/1833/1816
f 1834/1834/1817 1832/1832/1815 1831/1831/1814
f 1835/1835/1818 1688/1688/1681 1290/1290/1285
f 1462/1462/1458 1688/1688/1681 1835/1835/1818
f 1836/1836/1819 1837/1837/1820 109/109/109
f 1838/1838/1821 1837/1837/1820 1836/1836/1819
f 1839/1839/1822 109/109/109 111/111/111
f 1836/1836/1819 109/109/109 1839/1839/1822
f 1824/1824/1807 1829/1829/1812 1823/1823/1806
f 1827/1827/1810 1829/1829/1812 1824/1824/1807
f 1840/1840/1823 1290/1290/1285 31/31/31
f 1835/1835/1818 1290/1290/1285 1840/1840/1823
f 1377/1377/1372 1482/1482/1479 1481/1481/1478
f 126/126/126 1482/1482/1479 1377/1377/1372
f 1841/1841/1824 1821/1821/1804 1842/1842/1825
f 1819/1819/1802 1821/1821/1804 1841/1841/1824
f 1032/1032/1026 1588/1588/1584 1843/1843/1826
f 1587/1587/1583 1588/1588/1584 1032/1032/1026
f 1671/1671/1665 180/180/179 896/896/892
f 1469/1469/1466 180/180/179 1671/1671/1665
f 1844/1844/1827 1056/1056/1050 1058/1058/1052
f 1845/1845/1828 1056/1056/1050 1844/1844/1827
f 1113/1113/1107 1416/1416/1412 1114/1114/1108
f 589/589/587 1416/1416/1412 1113/1113/1107
f 1656/1656/1650 708/708/705 436/436/435
f 1846/1846/1829 708/708/705 1656/1656/1650
f 1731/1731/1724 398/398/397 400/400/399
f 1755/1755/1748 398/398/397 1731/1731/1724
f 1847/1847/1830 256/256/255 1848/1848/1831
f 177/177/176 256/256/255 1847/1847/1830
f 1628/1628/1624 1849/1849/1832 736/736/733
f 1842/1842/1825 1849/1849/1832 1628/1628/1624
f 1581/1581/1577 1850/1850/1833 1223/1223/1217
f 1581/1581/1577 1223/1223/1217 1806/1806/1790
f 1808/1808/1792 1809/1809/1793 1475/1475/1472
f 671/671/668 666/666/663 1475/1475/1472
f 1394/1394/1390 1851/1851/1834 786/786/783
f 1483/1483/1480 1851/1851/1834 1394/1394/1390
f 1852/1852/1835 1853/1853/1836 1854/1854/1836
f 1855/1855/1837 1086/1086/1080 1491/1491/1487
f 1409/1409/1405 357/357/356 1111/1111/1105
f 1408/1408/1404 357/357/356 1409/1409/1405
f 1084/1084/1078 1324/1324/1318 1085/1085/1079
f 697/697/694 699/699/696 1079/1079/1073
f 1197/1197/1191 1196/1196/1190 1528/1528/1524
f 311/311/310 310/310/309 1528/1528/1524
f 467/467/466 1856/1856/1838 1766/1766/1757
f 466/466/465 1856/1856/1838 467/467/466
f 1142/1142/1136 1713/1713/1706 1712/1712/1705
f 1857/1857/1839 1713/1713/1706 1142/1142/1136
f 1324/1324/1318 1325/1325/1319 1083/1083/1077
f 1083/1083/1077 1623/1623/1619 1215/1215/1209
f 1459/1459/1455 904/904/900 906/906/902
f 340/340/339 904/904/900 1459/1459/1455
f 1336/1336/1330 1858/1858/1840 1198/1198/1192
f 1812/1812/1796 1858/1858/1840 1336/1336/1330
f 104/104/104 1859/1859/1841 1860/1860/1842
f 1365/1365/1359 1859/1859/1841 104/104/104
f 1861/1861/1843 1213/1213/1207 1862/1862/1844
f 1212/1212/1206 1213/1213/1207 1861/1861/1843
f 1863/1863/1845 1480/1480/1477 1203/1203/1197
f 1864/1864/1846 1480/1480/1477 1863/1863/1845
f 1864/1864/1846 1862/1862/1844 1480/1480/1477
f 1861/1861/1843 1862/1862/1844 1864/1864/1846
f 1654/1654/1648 1865/1865/1847 1866/1866/1848
f 600/600/598 1867/1867/1849 353/353/352
f 510/510/508 1219/1219/1213 95/95/95
f 1095/1095/1089 1219/1219/1213 510/510/508
f 837/837/833 1039/1039/1033 330/330/329
f 184/184/183 1039/1039/1033 837/837/833
f 1374/1374/1368 1373/1373/1367 1868/1868/1850
f 364/364/363 614/614/612 1869/1869/1851
f 628/628/625 1634/1634/1630 1356/1356/1350
f 526/526/524 1634/1634/1630 628/628/625
f 1577/1577/1573 70/70/70 1575/1575/1571
f 68/68/68 70/70/70 1577/1577/1573
f 1463/1463/1459 1870/1870/1852 1532/1532/1528
f 1259/1259/1253 1870/1870/1852 1463/1463/1459
f 1871/1871/1853 1572/1572/1568 1569/1569/1565
f 174/174/1854 1572/1572/1568 1871/1871/1853
f 174/174/1854 1872/1872/1855 1572/1572/1568
f 1873/1873/1856 1872/1872/1855 174/174/1854
f 1803/1803/1787 1721/1721/1714 1723/1723/1716
f 1802/1802/1786 1721/1721/1714 1803/1803/1787
f 235/235/234 1263/1263/1257 236/236/235
f 1874/1874/1857 1263/1263/1257 1875/1875/1858
f 755/755/752 1876/1876/1859 756/756/753
f 897/897/893 1876/1876/1859 755/755/752
f 1483/1483/1480 1285/1285/1279 1851/1851/1834
f 677/677/674 1285/1285/1279 1483/1483/1480
f 969/969/965 1877/1877/1860 1878/1878/1861
f 1152/1152/1146 1877/1877/1860 969/969/965
f 1699/1699/1692 160/160/160 1253/1253/1247
f 160/160/160 899/899/895 900/900/896
f 1879/1879/1862 1880/1880/1863 1881/1881/1864
f 1882/1882/1865 1880/1880/1863 1879/1879/1862
f 1460/1460/1456 1883/1883/1866 721/721/718
f 503/503/501 1883/1883/1866 1460/1460/1456
f 447/447/446 1506/1506/1502 448/448/447
f 1504/1504/1500 1506/1506/1502 447/447/446
f 165/165/165 1884/1884/1867 1586/1586/1582
f 1885/1885/1868 1886/1886/1869 1887/1887/1870
f 56/56/56 1651/1651/1645 57/57/57
f 262/262/261 1651/1651/1645 56/56/56
f 156/156/156 1888/1888/1871 831/831/827
f 1323/1323/1317 1888/1888/1871 156/156/156
f 1006/1006/1001 1889/1889/1872 1890/1890/1873
f 827/827/998 1889/1889/1872 1006/1006/1001
f 1233/1233/1227 1128/1128/1122 1891/1891/1874
f 1126/1126/1120 1128/1128/1122 1233/1233/1227
f 1302/1302/1297 521/521/519 187/187/186
f 497/497/495 521/521/519 1302/1302/1297
f 1437/1437/1433 463/463/462 1661/1661/1655
f 1436/1436/1432 463/463/462 1437/1437/1433
f 1476/1476/1473 908/908/904 1477/1477/1474
f 1389/1389/1384 908/908/904 1476/1476/1473
f 1479/1479/1476 275/275/274 1042/1042/1036
f 279/279/278 275/275/274 1479/1479/1476
f 1892/1892/1875 1207/1207/1201 486/486/484
f 1876/1876/1859 1207/1207/1201 1892/1892/1875
f 846/846/842 495/495/493 497/497/495
f 1347/1347/1341 495/495/493 846/846/842
f 124/124/124 1806/1806/1790 1808/1808/1792
f 123/123/123 1806/1806/1790 124/124/124
f 527/527/525 1552/1552/1548 528/528/526
f 1800/1800/1784 1552/1552/1548 527/527/525
f 1893/1893/1876 60/60/60 1894/1894/1877
f 58/58/58 60/60/60 1893/1893/1876
f 857/857/853 202/202/201 91/91/91
f 1895/1895/1878 202/202/201 857/857/853
f 1896/1896/1879 46/46/46 1493/1493/1489
f 1897/1897/1880 46/46/46 1896/1896/1879
f 1423/1423/1419 529/529/527 1898/1898/1881
f 1528/1528/1524 529/529/527 1423/1423/1419
f 1565/1565/1561 822/822/819 824/824/821
f 54/54/54 822/822/819 1565/1565/1561
f 1899/1899/1882 1004/1004/999 1005/1005/1000
f 1900/1900/1563 1004/1004/999 1899/1899/1882
f 1901/1901/1883 730/730/727 732/732/729
f 794/794/791 730/730/727 1901/1901/1883
f 871/871/867 442/442/441 1715/1715/1708
f 1712/1712/1705 442/442/441 871/871/867
f 1902/1902/1884 734/734/731 735/735/732
f 200/200/199 734/734/731 1902/1902/1884
f 326/326/325 1903/1903/1885 1317/1317/1311
f 325/325/324 1903/1903/1885 326/326/325
f 1484/1484/1481 677/677/674 1483/1483/1480
f 675/675/672 677/677/674 1484/1484/1481
f 1258/1258/1252 1569/1569/1565 1259/1259/1253
f 1690/1690/1683 1569/1569/1565 1258/1258/1252
f 1804/1804/1788 1395/1395/1391 1802/1802/1786
f 1393/1393/1389 1395/1395/1391 1804/1804/1788
f 1833/1833/1816 658/658/655 1163/1163/1157
f 1832/1832/1815 658/658/655 1833/1833/1816
f 1846/1846/1829 1904/1904/1886 708/708/705
f 1419/1419/1415 1904/1904/1886 1846/1846/1829
f 1659/1659/1653 1068/1068/1062 590/590/588
f 353/353/352 1068/1068/1062 1659/1659/1653
f 363/363/362 1894/1894/1877 1779/1779/1763
f 1893/1893/1876 1894/1894/1877 363/363/362
f 1332/1332/1326 1621/1621/1617 309/309/308
f 1905/1905/1887 1332/1332/1326 309/309/308
f 1906/1906/1888 154/154/154 395/395/394
f 102/102/102 154/154/154 1906/1906/1888
f 1764/1764/1756 1907/1907/1889 1763/1763/1755
f 1908/1908/1890 1907/1907/1889 1764/1764/1756
f 596/596/594 1909/1909/1891 41/41/41
f 1910/1910/1892 1549/1549/1545 1546/1546/1542
f 1086/1086/1080 1911/1911/1893 750/750/747
f 1085/1085/1079 1082/1082/1076 750/750/747
f 1842/1842/1825 795/795/792 1849/1849/1832
f 1821/1821/1804 795/795/792 1842/1842/1825
f 1252/1252/1246 1559/1559/1555 1072/1072/1066
f 1609/1609/1605 1606/1606/1602 1912/1912/1894
f 1105/1105/1099 301/301/300 388/388/387
f 586/586/584 301/301/300 1105/1105/1099
f 601/601/599 353/353/352 1659/1659/1653
f 600/600/598 353/353/352 601/601/599
f 1654/1654/1648 539/539/537 1865/1865/1847
f 1653/1653/1647 539/539/537 1654/1654/1648
f 1913/1913/1895 553/553/551 62/62/62
f 1510/1510/1506 553/553/551 1913/1913/1895
f 571/571/569 1403/1403/1399 175/175/174
f 1401/1401/1397 1403/1403/1399 571/571/569
f 1914/1914/1896 483/483/481 485/485/483
f 1707/1707/1700 483/483/481 1914/1914/1896
f 534/534/532 1550/1550/1546 1283/1283/1277
f 194/194/193 1550/1550/1546 534/534/532
f 210/210/209 1265/1265/1259 1268/1268/1262
f 132/132/132 1265/1265/1259 210/210/209
f 1794/1794/1778 462/462/461 1915/1915/1897
f 1405/1405/1401 462/462/461 1794/1794/1778
f 227/227/226 444/444/443 1281/1281/1275
f 226/226/225 444/444/443 227/227/226
f 1282/1282/1276 335/335/334 135/135/135
f 1916/1916/1898 1917/1917/1898 1328/1328/1899
f 713/713/710 1031/1031/1025 1028/1028/1022
f 307/307/306 1031/1031/1025 713/713/710
f 98/98/98 1214/1214/1208 1701/1701/1694
f 305/305/304 1214/1214/1208 98/98/98
f 552/552/550 1268/1268/1262 834/834/830
f 210/210/209 1268/1268/1262 552/552/550
f 307/307/306 1378/1378/1373 1031/1031/1025
f 1283/1283/1277 1378/1378/1373 307/307/306
f 1419/1419/1415 433/433/432 1904/1904/1886
f 643/643/640 433/433/432 1419/1419/1415
f 1918/1918/1900 807/807/804 1919/1919/1901
f 1920/1920/1902 1921/1921/1902 1352/1352/1903
f 1922/1922/1904 1151/1151/1145 1148/1148/1142
f 1632/1632/1628 1151/1151/1145 1922/1922/1904
f 1918/1918/1900 805/805/802 807/807/804
f 1619/1619/1615 805/805/802 1918/1918/1900
f 1923/1923/1905 139/139/139 1633/1633/1629
f 1924/1924/1906 139/139/139 1923/1923/1905
f 1925/1925/1907 1352/1352/1346 1617/1617/1613
f 1926/1926/1902 1352/1352/1346 1925/1925/1907
f 1927/1927/1908 1451/1451/1447 1619/1619/1615
f 1633/1633/1629 1451/1451/1447 1927/1927/1908
f 1924/1924/1906 137/137/137 139/139/139
f 995/995/990 137/137/137 1924/1924/1906
f 1928/1928/1909 909/909/905 1182/1182/1176
f 987/987/982 909/909/905 1928/1928/1909
f 1075/1075/1069 231/231/230 1325/1325/1319
f 231/231/230 233/233/232 1623/1623/1619
f 1929/1929/1910 430/430/429 1036/1036/1030
f 51/51/51 430/430/429 1929/1929/1910
f 424/424/423 1930/1930/1911 425/425/424
f 1684/1684/1677 1930/1930/1911 424/424/423
f 1729/1729/1722 782/782/779 475/475/473
f 1759/1759/1752 782/782/779 1729/1729/1722
f 1931/1931/1912 1319/1319/1313 289/289/288
f 1932/1932/1913 1319/1319/1313 1931/1931/1912
f 393/393/392 397/397/396 1535/1535/1531
f 395/395/394 397/397/396 393/393/392
f 1933/1933/1914 1934/1934/1915 458/458/457
f 1935/1935/1916 1934/1934/1915 1933/1933/1914
f 1501/1501/1497 1936/1936/1917 1937/1937/1918
f 1500/1500/1496 1936/1936/1917 1501/1501/1497
f 1365/1365/1359 513/513/511 980/980/975
f 215/215/214 513/513/511 1365/1365/1359
f 933/933/929 195/195/194 534/534/532
f 558/558/556 195/195/194 933/933/929
f 899/899/895 119/119/119 121/121/121
f 1475/1475/1472 119/119/119 899/899/895
f 769/769/766 1103/1103/1097 1386/1386/1381
f 768/768/765 1103/1103/1097 769/769/766
f 1938/1938/1919 877/877/873 1857/1857/1839
f 1120/1120/1114 877/877/873 1938/1938/1919
f 879/879/875 1148/1148/1142 880/880/876
f 1047/1047/1041 1148/1148/1142 879/879/875
f 1388/1388/1383 1182/1182/1176 1939/1939/1920
f 1928/1928/1909 1182/1182/1176 1388/1388/1383
f 1387/1387/1382 450/450/449 1295/1295/1290
f 1386/1386/1381 450/450/449 1387/1387/1382
f 1940/1940/1921 1075/1075/1069 699/699/696
f 698/698/695 1254/1254/1248 1075/1075/1069
f 248/248/247 1857/1857/1839 1142/1142/1136
f 247/247/246 1857/1857/1839 248/248/247
f 1941/1941/1922 741/741/738 742/742/739
f 634/634/631 741/741/738 1941/1941/1922
f 312/312/311 314/314/313 1942/1942/1923
f 1943/1943/1924 1197/1197/1191 1944/1944/1925
f 1228/1228/1222 64/64/64 66/66/66
f 1735/1735/1728 64/64/64 1228/1228/1222
f 1575/1575/1571 797/797/794 656/656/653
f 70/70/70 797/797/794 1575/1575/1571
f 185/185/184 1709/1709/1702 86/86/86
f 32/32/32 1709/1709/1702 185/185/184
f 1945/1945/1926 993/993/988 995/995/990
f 107/107/107 993/993/988 1945/1945/1926
f 1802/1802/1786 788/788/785 1721/1721/1714
f 1395/1395/1391 788/788/785 1802/1802/1786
f 110/110/110 1718/1718/1711 1798/1798/1782
f 754/754/751 1718/1718/1711 110/110/110
f 1946/1946/1927 1218/1218/1212 313/313/312
f 1218/1218/1212 1332/1332/1326 1905/1905/1887
f 1947/1947/1928 1948/1948/1929 362/362/361
f 947/947/943 363/363/362 362/362/361
f 1949/1949/1930 216/216/215 450/450/449
f 1103/1103/1097 216/216/215 1949/1949/1930
f 883/883/879 1935/1935/1916 1933/1933/1914
f 1950/1950/1931 1935/1935/1916 883/883/879
f 662/662/659 1951/1951/1932 1350/1350/1344
f 214/214/213 1951/1951/1932 662/662/659
f 695/695/692 607/607/605 692/692/689
f 605/605/603 607/607/605 695/695/692
f 319/319/318 1351/1351/1345 1556/1556/1552
f 1349/1349/1343 1351/1351/1345 319/319/318
f 956/956/952 134/134/134 136/136/136
f 1538/1538/1534 134/134/134 956/956/952
f 569/569/567 304/304/303 97/97/97
f 712/712/709 304/304/303 569/569/567
f 1356/1356/1350 1277/1277/1271 1274/1274/1268
f 1634/1634/1630 1277/1277/1271 1356/1356/1350
f 389/389/388 177/177/176 390/390/389
f 1578/1578/1574 177/177/176 389/389/388
f 1946/1946/1927 1216/1216/1210 1218/1218/1212
f 1624/1624/1620 1216/1216/1210 1946/1946/1927
f 737/737/734 1317/1317/1311 927/927/923
f 326/326/325 1317/1317/1311 737/737/734
f 1440/1440/1436 91/91/91 93/93/93
f 857/857/853 91/91/91 1440/1440/1436
f 1952/1952/1933 765/765/762 325/325/324
f 455/455/454 765/765/762 1952/1952/1933
f 1372/1372/1366 621/621/618 1171/1171/1165
f 426/426/425 621/621/618 1372/1372/1366
f 851/851/847 1126/1126/1120 1233/1233/1227
f 1007/1007/1002 1126/1126/1120 851/851/847
f 1655/1655/1649 732/732/729 1653/1653/1647
f 1901/1901/1883 732/732/729 1655/1655/1649
f 1953/1953/1934 168/168/168 1189/1189/1183
f 148/148/148 168/168/168 1953/1953/1934
f 92/92/92 743/743/740 1579/1579/1575
f 1439/1439/1435 743/743/740 92/92/92
f 694/694/691 605/605/603 695/695/692
f 742/742/739 605/605/603 694/694/691
f 1425/1425/1421 58/58/58 945/945/941
f 949/949/945 945/945/941 1264/1264/1258
f 1132/1132/1126 57/57/57 1558/1558/1554
f 55/55/55 57/57/57 1132/1132/1126
f 129/129/129 368/368/367 370/370/369
f 1293/1293/1288 368/368/367 129/129/129
f 1428/1428/1424 1954/1954/1935 689/689/686
f 1375/1375/1369 1581/1581/1577 689/689/686
f 611/611/609 206/206/205 1955/1955/1936
f 856/856/852 1956/1956/1937 857/857/853
f 1843/1843/1826 524/524/522 988/988/983
f 1588/1588/1584 524/524/522 1843/1843/1826
f 771/771/768 1327/1327/1321 204/204/203
f 1053/1053/1047 1327/1327/1321 771/771/768
f 721/721/718 779/779/776 781/781/778
f 1346/1346/1340 779/779/776 721/721/718
f 63/63/63 1707/1707/1700 1497/1497/1493
f 62/62/62 1707/1707/1700 63/63/63
f 1897/1897/1880 516/516/514 46/46/46
f 514/514/512 516/516/514 1897/1897/1880
f 1817/1817/1800 1695/1695/1688 443/443/442
f 1694/1694/1687 1695/1695/1688 1817/1817/1800
f 153/153/153 1726/1726/1719 1957/1957/1938
f 1541/1541/1537 1726/1726/1719 153/153/153
f 515/515/513 243/243/242 245/245/244
f 1958/1958/1939 243/243/242 515/515/513
f 710/710/707 1958/1958/1939 515/515/513
f 709/709/706 1958/1958/1939 710/710/707
f 1959/1959/1940 16/16/16 215/215/214
f 66/66/66 16/16/16 1959/1959/1940
f 853/853/849 1007/1007/1002 851/851/847
f 1005/1005/1000 1007/1007/1002 853/853/849
f 422/422/421 1171/1171/1165 1168/1168/1162
f 1372/1372/1366 1171/1171/1165 422/422/421
f 673/673/670 1234/1234/1228 1257/1257/1251
f 852/852/848 1234/1234/1228 673/673/670
f 1417/1417/1413 767/767/764 1116/1116/1110
f 1391/1391/1386 767/767/764 1417/1417/1413
f 770/770/767 1053/1053/1047 771/771/768
f 913/913/909 1053/1053/1047 770/770/767
f 692/692/689 1730/1730/1723 1455/1455/1451
f 607/607/605 1730/1730/1723 692/692/689
f 1960/1960/1941 1271/1271/1265 939/939/935
f 1318/1318/1312 1271/1271/1265 1960/1960/1941
f 1961/1961/1942 1051/1051/1045 1052/1052/1046
f 118/118/118 1051/1051/1045 1961/1961/1942
f 1585/1585/1581 93/93/93 1962/1962/1943
f 1440/1440/1436 93/93/93 1585/1585/1581
f 26/26/26 1671/1671/1665 1370/1370/1364
f 1670/1670/1664 1671/1671/1665 26/26/26
f 1557/1557/1553 411/411/410 1732/1732/1725
f 932/932/928 411/411/410 1557/1557/1553
f 1963/1963/1944 1964/1964/1945 1665/1665/1659
f 939/939/935 1964/1964/1945 1963/1963/1944
f 1965/1965/1946 1848/1848/1831 1441/1441/1437
f 1847/1847/1830 1848/1848/1831 1965/1965/1946
f 1966/1966/1947 1099/1099/1093 504/504/502
f 1967/1967/1948 1099/1099/1093 1966/1966/1947
f 615/615/613 617/617/615 1968/1968/1949
f 535/535/533 1969/1969/1950 536/536/534
f 1304/1304/1299 1808/1808/1792 159/159/159
f 1808/1808/1792 1475/1475/1472 159/159/159
f 794/794/791 735/735/732 730/730/727
f 1902/1902/1884 735/735/732 794/794/791
f 414/414/413 812/812/809 415/415/414
f 810/810/807 812/812/809 414/414/413
f 1299/1299/1294 1970/1970/1951 1598/1598/1594
f 1603/1603/1599 1970/1970/1951 1299/1299/1294
f 1368/1368/1362 489/489/487 1011/1011/1006
f 1367/1367/1361 489/489/487 1368/1368/1362
f 232/232/231 155/155/155 1624/1624/1620
f 342/342/341 155/155/155 232/232/231
f 1054/1054/1048 1791/1791/1775 1597/1597/1593
f 316/316/315 1791/1791/1775 1054/1054/1048
f 1430/1430/1426 867/867/863 302/302/301
f 865/865/861 867/867/863 1430/1430/1426
f 811/811/808 1971/1971/1952 930/930/926
f 1544/1544/1540 1971/1971/1952 811/811/808
f 680/680/677 1005/1005/1000 853/853/849
f 1899/1899/1882 1005/1005/1000 680/680/677
f 29/29/29 852/852/848 673/673/670
f 850/850/846 852/852/848 29/29/29
f 360/360/359 542/542/540 968/968/964
f 927/927/923 542/542/540 360/360/359
f 1453/1453/1449 239/239/238 1431/1431/1427
f 1452/1452/1448 239/239/238 1453/1453/1449
f 1354/1354/1348 169/169/169 171/171/171
f 1353/1353/1347 169/169/169 1354/1354/1348
f 561/561/559 1118/1118/1112 1120/1120/1114
f 1663/1663/1657 1118/1118/1112 561/561/559
f 1943/1943/1924 1944/1944/1925 1589/1589/1585
f 1944/1944/1925 1195/1195/1189 948/948/944
f 204/204/203 630/630/627 205/205/204
f 1327/1327/1321 630/630/627 204/204/203
f 1253/1253/1247 1972/1972/1953 1254/1254/1248
f 160/160/160 1608/1608/1604 1253/1253/1247
f 289/289/288 1318/1318/1312 1960/1960/1941
f 1319/1319/1313 1318/1318/1312 289/289/288
f 920/920/916 1467/1467/1464 1314/1314/1308
f 367/367/366 1467/1467/1464 920/920/916
f 666/666/663 249/249/248 667/667/664
f 670/670/667 249/249/248 666/666/663
f 1973/1973/1954 1974/1974/1955 1975/1975/1956
f 1976/1976/1957 1974/1974/1955 1973/1973/1954
f 1384/1384/1379 1977/1977/1958 355/355/354
f 970/970/966 1977/1977/1958 1384/1384/1379
f 1711/1711/1704 1108/1108/1102 1710/1710/1703
f 300/300/299 1108/1108/1102 1711/1711/1704
f 213/213/212 209/209/208 315/315/314
f 207/207/206 209/209/208 213/213/212
f 1225/1225/1219 365/365/364 1065/1065/1059
f 688/688/685 365/365/364 1225/1225/1219
f 1545/1545/1541 604/604/602 1544/1544/1540
f 1732/1732/1725 604/604/602 1545/1545/1541
f 1410/1410/1406 1165/1165/1159 1790/1790/1774
f 1805/1805/1789 1165/1165/1159 1410/1410/1406
f 1603/1603/1599 1130/1130/1124 1970/1970/1951
f 1602/1602/1598 1130/1130/1124 1603/1603/1599
f 192/192/191 45/45/45 714/714/711
f 191/191/190 45/45/45 192/192/191
f 1732/1732/1725 413/413/412 604/604/602
f 411/411/410 413/413/412 1732/1732/1725
f 1379/1379/1374 714/714/711 1596/1596/1592
f 192/192/191 714/714/711 1379/1379/1374
f 1166/1166/1160 66/66/66 1959/1959/1940
f 1228/1228/1222 66/66/66 1166/1166/1160
f 1978/1978/1959 1614/1614/1610 1979/1979/1960
f 1709/1709/1702 1614/1614/1610 1978/1978/1959
f 1066/1066/1060 688/688/685 1224/1224/1218
f 1066/1066/1060 1850/1850/1833 1581/1581/1577
f 816/816/813 517/517/515 1697/1697/1690
f 1675/1675/1669 517/517/515 816/816/813
f 415/415/414 931/931/927 1093/1093/1087
f 812/812/809 931/931/927 415/415/414
f 1275/1275/1269 51/51/51 1929/1929/1910
f 1635/1635/1631 51/51/51 1275/1275/1269
f 1720/1720/1713 486/486/484 1719/1719/1712
f 1892/1892/1875 486/486/484 1720/1720/1713
f 303/303/302 1845/1845/1828 1844/1844/1827
f 1429/1429/1425 1845/1845/1828 303/303/302
f 1457/1457/1453 88/88/88 740/740/737
f 1980/1980/1961 88/88/88 1457/1457/1453
f 349/349/348 1882/1882/1865 1879/1879/1862
f 1662/1662/1656 1882/1882/1865 349/349/348
f 1981/1981/1962 1982/1982/1963 1422/1422/1418
f 1983/1983/1964 1982/1982/1963 1981/1981/1962
f 1984/1984/1965 1230/1230/1224 19/19/19
f 1187/1187/1181 1230/1230/1224 1984/1984/1965
f 1985/1985/1966 1531/1531/1527 1986/1986/1967
f 1529/1529/1525 1531/1531/1527 1985/1985/1966
f 1112/1112/1106 1987/1987/1968 1988/1988/1969
f 141/141/141 1987/1987/1968 1112/1112/1106
f 1342/1342/1336 491/491/489 492/492/490
f 1341/1341/1335 491/491/489 1342/1342/1336
f 1989/1989/1970 1422/1422/1418 1990/1990/1971
f 1981/1981/1962 1422/1422/1418 1989/1989/1970
f 1991/1991/1972 1785/1785/1769 1783/1783/1767
f 841/841/837 1785/1785/1769 1991/1991/1972
f 1220/1220/1214 1992/1992/1973 1408/1408/1404
f 1703/1703/1696 1992/1992/1973 1220/1220/1214
f 1779/1779/1763 1069/1069/1063 1993/1993/1974
f 1894/1894/1877 1069/1069/1063 1779/1779/1763
f 331/331/330 1826/1826/1809 1413/1413/1409
f 1184/1184/1178 1826/1826/1809 331/331/330
f 1008/1008/1003 1881/1881/1864 1009/1009/1004
f 1879/1879/1862 1881/1881/1864 1008/1008/1003
f 82/82/82 1937/1937/1918 83/83/83
f 1501/1501/1497 1937/1937/1918 82/82/82
f 170/170/170 1994/1994/1975 407/407/406
f 271/271/270 1994/1994/1975 170/170/170
f 637/637/634 1995/1995/1976 1667/1667/1661
f 639/639/636 1995/1995/1976 637/637/634
f 470/470/469 1340/1340/1334 1337/1337/1331
f 469/469/468 1340/1340/1334 470/470/469
f 943/943/939 1043/1043/1037 1045/1045/1039
f 800/800/797 1043/1043/1037 943/943/939
f 556/556/554 1996/1996/1977 1812/1812/1796
f 1666/1666/1660 1996/1996/1977 556/556/554
f 229/229/228 1652/1652/1646 1024/1024/1387
f 38/38/38 1652/1652/1646 229/229/228
f 503/503/501 1997/1997/1978 1883/1883/1866
f 502/502/500 1997/1997/1978 503/503/501
f 1998/1998/1979 1223/1223/1217 346/346/345
f 1806/1806/1790 346/346/345 1807/1807/1791
f 1211/1211/1205 1999/1999/1980 1100/1100/1094
f 1176/1176/1170 1999/1999/1980 1211/1211/1205
f 584/584/582 865/865/861 585/585/583
f 1236/1236/1230 865/865/861 584/584/582
f 2000/2000/1981 960/960/956 1529/1529/1525
f 958/958/954 960/960/956 2000/2000/1981
f 1581/1581/1577 1806/1806/1790 123/123/123
f 689/689/686 1581/1581/1577 690/690/687
f 2001/2001/1982 889/889/885 1209/1209/1203
f 1042/1042/1036 889/889/885 2001/2001/1982
f 2002/2002/1983 1046/1046/1040 1048/1048/1042
f 2003/2003/1984 1046/1046/1040 2002/2002/1983
f 2003/2003/1984 962/962/958 1046/1046/1040
f 967/967/963 962/962/958 2003/2003/1984
f 2004/2004/1985 802/802/799 804/804/801
f 1209/1209/1203 802/802/799 2004/2004/1985
f 286/286/285 1658/1658/1652 2005/2005/1986
f 684/684/681 1658/1658/1652 286/286/285
f 1547/1547/1543 683/683/680 685/685/682
f 2006/2006/1987 683/683/680 1547/1547/1543
f 1229/1229/1223 1983/1983/1964 1981/1981/1962
f 718/718/715 1983/1983/1964 1229/1229/1223
f 1175/1175/1169 1177/1177/1171 455/455/454
f 1774/1774/1760 1177/1177/1171 1175/1175/1169
f 647/647/644 1489/1489/1485 1050/1050/1044
f 1488/1488/1484 1489/1489/1485 647/647/644
f 1199/1199/1193 639/639/636 637/637/634
f 480/480/478 639/639/636 1199/1199/1193
f 1477/1477/1474 108/108/108 990/990/985
f 908/908/904 108/108/108 1477/1477/1474
f 409/409/408 1860/1860/1842 1246/1246/1240
f 104/104/104 1860/1860/1842 409/409/408
f 2007/2007/1988 841/841/837 1991/1991/1972
f 1757/1757/1750 841/841/837 2007/2007/1988
f 1990/1990/1971 481/481/479 100/100/100
f 1422/1422/1418 481/481/479 1990/1990/1971
f 1912/1912/1894 1606/1606/1602 1607/1607/1603
f 1254/1254/1248 1607/1607/1603 1075/1075/1069
f 1988/1988/1969 296/296/295 491/491/489
f 1987/1987/1968 296/296/295 1988/1988/1969
f 466/466/465 638/638/635 874/874/870
f 911/911/907 638/638/635 466/466/465
f 1986/1986/1967 533/533/531 13/13/13
f 1531/1531/1527 533/533/531 1986/1986/1967
f 18/18/18 1676/1676/1670 2008/2008/1989
f 17/17/17 1676/1676/1670 18/18/18
f 2009/2009/1990 975/975/1460 2010/2010/1991
f 1753/1753/1746 975/975/1460 2009/2009/1990
f 1754/1754/1747 565/565/563 979/979/974
f 872/872/868 565/565/563 1754/1754/1747
f 1747/1747/1740 74/74/74 717/717/714
f 640/640/637 74/74/74 1747/1747/1740
f 1753/1753/1746 7/7/7 975/975/1460
f 492/492/490 7/7/7 1753/1753/1746
f 2011/2011/1992 13/13/13 872/872/868
f 1986/1986/1967 13/13/13 2011/2011/1992
f 412/412/411 410/410/409 602/602/600
f 105/105/105 410/410/409 412/412/411
f 2012/2012/1993 979/979/974 646/646/643
f 1754/1754/1747 979/979/974 2012/2012/1993
f 1402/1402/1398 84/84/84 1122/1122/1116
f 1194/1194/1188 84/84/84 1402/1402/1398
f 176/176/175 1278/1278/1272 555/555/553
f 2013/2013/1994 1278/1278/1272 176/176/175
f 1383/1383/1378 100/100/100 1382/1382/1377
f 1990/1990/1971 100/100/100 1383/1383/1378
f 959/959/955 554/554/552 1016/1016/1011
f 1783/1783/1767 554/554/552 959/959/955
f 821/821/818 228/228/227 597/597/595
f 1816/1816/1799 228/228/227 821/821/818
f 1736/1736/1729 682/682/679 1734/1734/1727
f 1548/1548/1544 682/682/679 1736/1736/1729
f 1469/1469/1466 178/178/177 180/180/179
f 1135/1135/1129 178/178/177 1469/1469/1466
f 407/407/406 2014/2014/1995 718/718/715
f 1994/1994/1975 2014/2014/1995 407/407/406
f 271/271/270 1241/1241/1235 1185/1185/1179
f 270/270/269 1241/1241/1235 271/271/270
f 1080/1080/1074 2015/2015/1996 1432/1432/1428
f 2016/2016/1997 2017/2017/1997 2018/2018/1998
f 270/270/269 2018/2018/1999 1241/1241/1235
f 2019/2019/2000 2018/2018/1999 270/270/269
f 293/293/292 1250/1250/1244 77/77/77
f 1248/1248/1242 1250/1250/1244 293/293/292
f 496/496/494 1049/1049/1043 1587/1587/1583
f 254/254/253 1049/1049/1043 496/496/494
f 873/873/869 1359/1359/1353 140/140/140
f 1667/1667/1661 1359/1359/1353 873/873/869
f 217/217/216 1501/1501/1497 82/82/82
f 1270/1270/1264 1501/1501/1497 217/217/216
f 1798/1798/1782 1371/1371/1365 678/678/675
f 1718/1718/1711 1371/1371/1365 1798/1798/1782
f 1284/1284/1278 678/678/675 421/421/420
f 1798/1798/1782 678/678/675 1284/1284/1278
f 1799/1799/1783 300/300/299 1711/1711/1704
f 298/298/297 300/300/299 1799/1799/1783
f 544/544/542 2020/2020/2001 922/922/918
f 691/691/688 2020/2020/2001 544/544/542
f 263/263/262 836/836/832 264/264/263
f 914/914/910 836/836/832 263/263/262
f 425/425/424 1206/1206/1200 621/621/618
f 1930/1930/1911 1206/1206/1200 425/425/424
f 762/762/759 2021/2021/2002 2022/2022/2003
f 2023/2023/2004 2021/2021/2002 762/762/759
f 1316/1316/1310 927/927/923 360/360/359
f 737/737/734 927/927/923 1316/1316/1310
f 1106/1106/1100 388/388/387 501/501/499
f 1105/1105/1099 388/388/387 1106/1106/1100
f 922/922/918 1104/1104/1098 815/815/812
f 2020/2020/2001 1104/1104/1098 922/922/918
f 1136/1136/1130 501/501/499 723/723/720
f 1106/1106/1100 501/501/499 1136/1136/1130
f 1391/1391/1386 881/881/877 767/767/764
f 1390/1390/1385 881/881/877 1391/1391/1386
f 2024/2024/2005 1814/1814/1797 1908/1908/1890
f 2005/2005/1986 1814/1814/1797 2024/2024/2005
f 1326/1326/1320 332/332/331 266/266/265
f 838/838/834 332/332/331 1326/1326/1320
f 341/341/340 2025/2025/2006 342/342/341
f 1074/1074/1068 2025/2025/2006 341/341/340
f 766/766/763 221/221/220 1500/1500/1496
f 405/405/404 221/221/220 766/766/763
f 292/292/291 1248/1248/1242 293/293/292
f 1050/1050/1044 1248/1248/1242 292/292/291
f 404/404/403 719/719/716 405/405/404
f 408/408/407 719/719/716 404/404/403
f 1404/1404/1400 1042/1042/1036 2001/2001/1982
f 1479/1479/1476 1042/1042/1036 1404/1404/1400
f 624/624/621 1209/1209/1203 2004/2004/1985
f 2001/2001/1982 1209/1209/1203 624/624/621
f 582/582/580 967/967/963 2003/2003/1984
f 581/581/579 967/967/963 582/582/580
f 419/419/2007 2026/2026/2008 2027/2027/2008
f 581/581/579 965/965/961 967/967/963
f 419/419/418 804/804/801 2028/2028/2008
f 2004/2004/1985 804/804/801 419/419/418
f 282/282/281 1048/1048/1042 1390/1390/1385
f 2002/2002/1983 1048/1048/1042 282/282/281
f 543/543/541 691/691/688 544/544/542
f 695/695/692 691/691/688 543/543/541
f 1057/1057/1051 1061/1061/1055 1381/1381/1376
f 1059/1059/1053 1061/1061/1055 1057/1057/1051
f 700/700/697 235/235/234 2029/2029/2009
f 2030/2030/2010 1852/1852/2011 2031/2031/2012
f 1588/1588/1584 522/522/520 524/524/522
f 1033/1033/1027 522/522/520 1588/1588/1584
f 1134/1134/1128 723/723/720 725/725/722
f 1136/1136/1130 723/723/720 1134/1134/1128
f 1370/1370/1364 896/896/892 1367/1367/1361
f 1671/1671/1665 896/896/892 1370/1370/1364
f 196/196/195 1409/1409/1405 1694/1694/1687
f 1221/1221/1215 1409/1409/1405 196/196/195
f 71/71/71 187/187/186 72/72/72
f 1302/1302/1297 187/187/186 71/71/71
f 1056/1056/1050 1059/1059/1053 1057/1057/1051
f 575/575/573 1059/1059/1053 1056/1056/1050
f 72/72/72 189/189/188 989/989/984
f 187/187/186 189/189/188 72/72/72
f 1016/1016/1011 3/3/3 144/144/144
f 554/554/552 3/3/3 1016/1016/1011
f 539/539/537 2032/2032/2013 1865/1865/1847
f 2033/2033/2014 351/351/350 353/353/352
f 369/369/368 526/526/524 628/628/625
f 368/368/367 526/526/524 369/369/368
f 1086/1086/1080 1078/1078/1072 1079/1079/1073
f 2034/2034/2015 1086/1086/1080 1855/1855/1837
f 1653/1653/1647 538/538/536 539/539/537
f 732/732/729 538/538/536 1653/1653/1647
f 20/20/20 1312/1312/1306 1421/1421/1417
f 550/550/548 1312/1312/1306 20/20/20
f 1382/1382/1377 102/102/102 1906/1906/1888
f 100/100/100 102/102/102 1382/1382/1377
f 1763/1763/1755 376/376/375 378/378/377
f 1907/1907/1889 376/376/375 1763/1763/1755
f 1776/1776/1762 1822/1822/1805 322/322/321
f 504/504/502 1822/1822/1805 1776/1776/1762
f 1347/1347/1341 548/548/546 495/495/493
f 546/546/544 548/548/546 1347/1347/1341
f 1620/1620/1616 34/34/34 1334/1334/1328
f 703/703/700 34/34/34 1620/1620/1616
f 441/441/440 2035/2035/2016 1950/1950/1931
f 876/876/872 2035/2035/2016 441/441/440
f 590/590/588 291/291/290 591/591/589
f 1068/1068/1062 291/291/290 590/590/588
f 2036/2036/2017 1036/1036/1030 1035/1035/1029
f 1929/1929/1910 1036/1036/1030 2036/2036/2017
f 1208/1208/1202 1011/1011/1006 1683/1683/1676
f 1368/1368/1362 1011/1011/1006 1208/1208/1202
f 1957/1957/1938 653/653/650 1470/1470/1467
f 1726/1726/1719 653/653/650 1957/1957/1938
f 1908/1908/1890 564/564/562 1907/1907/1889
f 1814/1814/1797 564/564/562 1908/1908/1890
f 1060/1060/1054 1192/1192/1186 1578/1578/1574
f 1294/1294/1289 1192/1192/1186 1060/1060/1054
f 2037/2037/2018 1715/1715/1708 508/508/506
f 871/871/867 1715/1715/1708 2037/2037/2018
f 2038/2038/2019 2039/2039/2020 937/937/933
f 2040/2040/2021 2039/2039/2020 2038/2038/2019
f 588/588/586 1417/1417/1413 1115/1115/1109
f 1591/1591/1587 1417/1417/1413 588/588/586
f 1264/1264/1258 945/945/941 947/947/943
f 1948/1948/1929 2041/2041/2022 362/362/361
f 1227/1227/1221 215/215/214 1365/1365/1359
f 1959/1959/1940 215/215/214 1227/1227/1221
f 740/740/737 90/90/90 1755/1755/1748
f 88/88/88 90/90/90 740/740/737
f 294/294/293 1502/1502/1498 295/295/294
f 567/567/565 1502/1502/1498 294/294/293
f 1421/1421/1417 61/61/61 892/892/888
f 1312/1312/1306 61/61/61 1421/1421/1417
f 868/868/864 1509/1509/1505 1507/1507/1503
f 295/295/294 1509/1509/1505 868/868/864
f 576/576/574 892/892/888 482/482/480
f 1421/1421/1417 892/892/888 576/576/574
f 490/490/488 1507/1507/1503 8/8/8
f 868/868/864 1507/1507/1503 490/490/488
f 76/76/76 1511/1511/1507 1313/1313/1307
f 75/75/75 1511/1511/1507 76/76/76
f 550/550/548 1313/1313/1307 1312/1312/1306
f 76/76/76 1313/1313/1307 550/550/548
f 641/641/638 1512/1512/1508 75/75/75
f 651/651/648 1512/1512/1508 641/641/638
f 9/9/2023 2042/2042/2024 2043/2043/2024
f 650/650/647 1517/1517/1513 1515/1515/1511
f 651/651/648 1515/1515/1511 1512/1512/1508
f 650/650/647 1515/1515/1511 651/651/648
f 1710/1710/1703 1110/1110/1104 1107/1107/1101
f 1108/1108/1102 1110/1110/1104 1710/1710/1703
f 15/15/15 1522/1522/1518 566/566/564
f 14/14/14 1522/1522/1518 15/15/15
f 1082/1082/1076 313/313/312 312/312/311
f 1082/1082/1076 312/312/311 750/750/747
f 729/729/726 1035/1035/1029 1438/1438/1434
f 2036/2036/2017 1035/1035/1029 729/729/726
f 299/299/298 1257/1257/1251 1584/1584/1580
f 673/673/670 1257/1257/1251 299/299/298
f 145/145/145 1471/1471/1468 1714/1714/1707
f 144/144/144 1471/1471/1468 145/145/145
f 53/53/53 999/999/994 996/996/991
f 942/942/938 999/999/994 53/53/53
f 942/942/938 1168/1168/1162 999/999/994
f 422/422/421 1168/1168/1162 942/942/938
f 392/392/391 395/395/394 393/393/392
f 1906/1906/1888 395/395/394 392/392/391
f 2044/2044/2025 1628/1628/1624 200/200/199
f 1842/1842/1825 1628/1628/1624 2044/2044/2025
f 1033/1033/1027 1418/1418/1414 1034/1034/1028
f 1364/1364/1358 1418/1418/1414 1033/1033/1027
f 1119/1119/1113 1344/1344/1338 2045/2045/2026
f 1118/1118/1112 1344/1344/1338 1119/1119/1113
f 1262/1262/1256 362/362/361 1374/1374/1368
f 1947/1947/1928 362/362/361 1262/1262/1256
f 455/455/454 763/763/760 765/765/762
f 1177/1177/1171 763/763/760 455/455/454
f 1939/1939/1920 465/465/464 467/467/466
f 1182/1182/1176 465/465/464 1939/1939/1920
f 1079/1079/1073 1084/1084/1078 1086/1086/1080
f 1079/1079/1073 1324/1324/1318 1084/1084/1078
f 1295/1295/1290 1401/1401/1397 571/571/569
f 450/450/449 1401/1401/1397 1295/1295/1290
f 95/95/95 1221/1221/1215 196/196/195
f 1219/1219/1213 1221/1221/1215 95/95/95
f 1408/1408/1404 199/199/198 357/357/356
f 1992/1992/1973 199/199/198 1408/1408/1404
f 287/287/286 2005/2005/1986 2046/2046/2027
f 286/286/285 2005/2005/1986 287/287/286
f 1412/1412/1408 2047/2047/2028 855/855/851
f 2048/2048/2029 1458/1458/1454 739/739/736
f 986/986/981 1441/1441/1437 909/909/905
f 1965/1965/1946 1441/1441/1437 986/986/981
f 2049/2049/2030 711/711/708 437/437/436
f 1758/1758/1751 711/711/708 2049/2049/2030
f 820/820/817 2050/2050/2031 1830/1830/1813
f 819/819/816 2050/2050/2031 820/820/817
f 587/587/585 1591/1591/1587 588/588/586
f 1789/1789/1773 1591/1591/1587 587/587/585
f 518/518/516 1830/1830/1813 1827/1827/1810
f 820/820/817 1830/1830/1813 518/518/516
f 707/707/704 1834/1834/1817 1831/1831/1814
f 435/435/434 1834/1834/1817 707/707/704
f 115/115/115 2051/2051/2032 116/116/116
f 432/432/431 2051/2051/2032 115/115/115
f 461/461/460 2052/2052/2033 854/854/850
f 2053/2053/2034 1693/1693/1686 1691/1691/1684
f 432/432/431 2054/2054/2035 2051/2051/2032
f 431/431/430 2054/2054/2035 432/432/431
f 819/819/816 2055/2055/2036 2050/2050/2031
f 402/402/401 2055/2055/2036 819/819/816
f 329/329/328 2056/2056/2037 789/789/786
f 328/328/327 2056/2056/2037 329/329/328
f 328/328/327 1286/1286/1280 2056/2056/2037
f 117/117/117 1286/1286/1280 328/328/327
f 1589/1589/1585 948/948/944 1261/1261/1255
f 1589/1589/1585 1944/1944/1925 948/948/944
f 347/347/346 1838/1838/1821 1836/1836/1819
f 626/626/623 1838/1838/1821 347/347/346
f 1967/1967/1948 870/870/866 1099/1099/1093
f 67/67/67 870/870/866 1967/1967/1948
f 660/660/657 1368/1368/1362 1208/1208/1202
f 1366/1366/1360 1368/1368/1362 660/660/657
f 1038/1038/1032 117/117/117 328/328/327
f 1035/1035/1029 117/117/117 1038/1038/1032
f 625/625/622 127/127/127 626/626/623
f 436/436/435 127/127/127 625/625/622
f 1420/1420/1416 644/644/641 643/643/640
f 1697/1697/1690 644/644/641 1420/1420/1416
f 567/567/565 570/570/568 1502/1502/1498
f 566/566/564 570/570/568 567/567/565
f 1782/1782/1766 861/861/857 365/365/364
f 859/859/855 861/861/857 1782/1782/1766
f 75/75/75 1514/1514/1510 1511/1511/1507
f 1512/1512/1508 1514/1514/1510 75/75/75
f 9/9/9 957/957/953 2057/2057/2038
f 8/8/8 957/957/953 9/9/9
f 8/8/8 955/955/951 957/957/953
f 1507/1507/1503 955/955/951 8/8/8
f 1398/1398/1394 2058/2058/2039 1799/1799/1783
f 1532/1532/1528 2058/2058/2039 1398/1398/1394
f 566/566/564 568/568/566 570/570/568
f 1522/1522/1518 568/568/566 566/566/564
f 295/295/294 1503/1503/1499 1509/1509/1505
f 1502/1502/1498 1503/1503/1499 295/295/294
f 670/670/667 1131/1131/1125 249/249/248
f 1297/1297/1292 1131/1131/1125 670/670/667
f 1184/1184/1178 1437/1437/1433 1826/1826/1809
f 1435/1435/1431 1437/1437/1433 1184/1184/1178
f 1706/1706/1699 212/212/211 894/894/890
f 553/553/551 212/212/211 1706/1706/1699
f 482/482/480 893/893/889 1540/1540/1536
f 892/892/888 893/893/889 482/482/480
f 101/101/101 1540/1540/1536 152/152/152
f 482/482/480 1540/1540/1536 101/101/101
f 1/1/1 1535/1535/1531 2/2/2
f 393/393/392 1535/1535/1531 1/1/1
f 499/499/497 1468/1468/1465 1670/1670/1664
f 1613/1613/1609 1468/1468/1465 499/499/497
f 1099/1099/1093 509/509/507 505/505/503
f 870/870/866 509/509/507 1099/1099/1093
f 14/14/14 1524/1524/1520 1522/1522/1518
f 1714/1714/1707 1524/1524/1520 14/14/14
f 28/28/28 850/850/846 29/29/29
f 681/681/678 850/850/846 28/28/28
f 268/268/267 1411/1411/1407 855/855/851
f 267/267/266 1411/1411/1407 268/268/267
f 342/342/341 903/903/899 155/155/155
f 2025/2025/2006 903/903/899 342/342/341
f 2059/2059/2040 321/321/320 2060/2060/2041
f 168/168/168 321/321/320 2059/2059/2040
f 773/773/770 452/452/451 2061/2061/2042
f 1887/1887/2043 2062/2062/2044 452/452/451
f 107/107/107 467/467/466 993/993/988
f 1939/1939/1920 467/467/466 107/107/107
f 236/236/2045 2063/2063/2046 2064/2064/2046
f 234/234/233 236/236/235 2065/2065/2047
f 273/273/272 1328/1328/1322 1700/1700/1693
f 2066/2066/2048 1328/1328/1322 273/273/272
f 244/244/243 439/439/438 67/67/67
f 2067/2067/2049 439/439/438 244/244/243
f 1559/1559/1555 494/494/492 338/338/337
f 120/120/120 494/494/492 1559/1559/1555
f 313/313/312 1020/1020/1015 314/314/313
f 313/313/312 1218/1218/1212 1020/1020/1015
f 525/525/523 1657/1657/1651 526/526/524
f 705/705/702 1657/1657/1651 525/525/523
f 193/193/192 954/954/950 194/194/193
f 384/384/383 954/954/950 193/193/192
f 1857/1857/1839 878/878/874 1713/1713/1706
f 877/877/873 878/878/874 1857/1857/1839
f 1063/1063/1057 384/384/383 193/193/192
f 382/382/381 384/384/383 1063/1063/1057
f 2008/2008/1989 1758/1758/1751 2049/2049/2030
f 1676/1676/1670 1758/1758/1751 2008/2008/1989
f 1578/1578/1574 572/572/570 177/177/176
f 1192/1192/1186 572/572/570 1578/1578/1574
f 531/531/529 1669/1669/1663 914/914/910
f 428/428/427 1669/1669/1663 531/531/529
f 536/536/534 1899/1899/1882 680/680/677
f 2068/2068/2050 1899/1899/1882 536/536/534
f 616/616/614 1565/1565/1561 1566/1566/1562
f 787/787/784 1565/1565/1561 616/616/614
f 119/119/119 668/668/665 120/120/120
f 1475/1475/1472 668/668/665 119/119/119
f 1725/1725/1718 318/318/317 1129/1129/1123
f 485/485/483 318/318/317 1725/1725/1718
f 1357/1357/1351 1274/1274/1268 726/726/723
f 1356/1356/1350 1274/1274/1268 1357/1357/1351
f 1246/1246/1240 1897/1897/1880 1896/1896/1879
f 1860/1860/1842 1897/1897/1880 1246/1246/1240
f 2069/2069/2051 1442/1442/1438 1333/1333/1327
f 1018/1018/1013 1442/1442/1438 2069/2069/2051
f 253/253/252 817/817/814 1364/1364/1358
f 815/815/812 817/817/814 253/253/252
f 777/777/774 728/728/725 1526/1526/1522
f 726/726/723 728/728/725 777/777/774
f 203/203/202 1439/1439/1435 92/92/92
f 202/202/201 1439/1439/1435 203/203/202
f 1962/1962/1943 260/260/259 343/343/342
f 93/93/93 260/260/259 1962/1962/1943
f 427/427/426 775/775/772 428/428/427
f 778/778/775 775/775/772 427/427/426
f 1164/1164/1158 532/532/530 263/263/262
f 530/530/528 532/532/530 1164/1164/1158
f 2070/2070/2052 2071/2071/2053 2072/2072/2054
f 969/969/965 2071/2071/2053 2070/2070/2052
f 1406/1406/1402 464/464/463 1067/1067/1061
f 463/463/462 464/464/463 1406/1406/1402
f 1542/1542/1538 306/306/305 308/308/307
f 792/792/789 306/306/305 1542/1542/1538
f 1792/1792/1776 198/198/197 222/222/221
f 96/96/96 198/198/197 1792/1792/1776
f 786/786/783 52/52/52 787/787/784
f 423/423/422 52/52/52 786/786/783
f 747/747/744 1323/1323/1317 156/156/156
f 906/906/902 1323/1323/1317 747/747/744
f 377/377/376 1120/1120/1114 1938/1938/1919
f 561/561/559 1120/1120/1114 377/377/376
f 1538/1538/1534 337/337/336 134/134/134
f 336/336/335 337/337/336 1538/1538/1534
f 657/657/654 1369/1369/1363 659/659/656
f 27/27/27 1369/1369/1363 657/657/654
f 1539/1539/1535 133/133/133 211/211/210
f 849/849/845 133/133/133 1539/1539/1535
f 1498/1498/1494 485/485/483 1725/1725/1718
f 1497/1497/1493 485/485/483 1498/1498/1494
f 1487/1487/1483 586/586/584 1105/1105/1099
f 796/796/793 586/586/584 1487/1487/1483
f 634/634/631 739/739/736 741/741/738
f 2073/2073/2055 739/739/736 634/634/631
f 1283/1283/1277 190/190/189 1378/1378/1373
f 1550/1550/1546 190/190/189 1283/1283/1277
f 1756/1756/1749 257/257/256 1040/1040/1034
f 90/90/90 257/257/256 1756/1756/1749
f 460/460/459 1067/1067/1061 461/461/460
f 1406/1406/1402 1067/1067/1061 460/460/459
f 398/398/397 1040/1040/1034 399/399/398
f 1756/1756/1749 1040/1040/1034 398/398/397
f 267/267/266 1413/1413/1409 1411/1411/1407
f 331/331/330 1413/1413/1409 267/267/266
f 1766/1766/1757 468/468/467 1488/1488/1484
f 874/874/870 468/468/467 1766/1766/1757
f 484/484/482 1349/1349/1343 319/319/318
f 662/662/659 1349/1349/1343 484/484/482
f 1448/1448/1444 408/408/407 404/404/403
f 171/171/171 408/408/407 1448/1448/1444
f 1452/1452/1448 237/237/236 239/239/238
f 888/888/884 237/237/236 1452/1452/1448
f 1536/1536/1532 382/382/381 1063/1063/1057
f 1470/1470/1467 382/382/381 1536/1536/1532
f 1081/1081/1075 1431/1431/1427 2074/2074/2056
f 1453/1453/1449 1431/1431/1427 1081/1081/1075
f 1353/1353/1347 269/269/268 169/169/169
f 2075/2075/2057 269/269/268 1353/1353/1347
f 528/528/526 1551/1551/1547 118/118/118
f 1552/1552/1548 1551/1551/1547 528/528/526
f 1081/1081/1075 2076/2076/2056 806/806/803
f 2077/2077/2057 1121/1121/1115 269/269/268
f 1281/1281/1275 446/446/445 333/333/332
f 444/444/443 446/446/445 1281/1281/1275
f 1608/1608/1604 2078/2078/2058 1609/1609/1605
f 160/160/160 2078/2078/2058 1608/1608/1604
f 397/397/396 1470/1470/1467 1536/1536/1532
f 1957/1957/1938 1470/1470/1467 397/397/396
f 1064/1064/1058 367/367/366 920/920/916
f 365/365/364 367/367/366 1064/1064/1058
f 383/383/382 1023/1023/1018 559/559/557
f 151/151/151 1023/1023/1018 383/383/382
f 1215/1215/1209 1946/1946/1927 313/313/312
f 1215/1215/1209 1624/1624/1620 1946/1946/1927
f 250/250/249 1558/1558/1554 1347/1347/1341
f 1132/1132/1126 1558/1558/1554 250/250/249
f 1510/1510/1506 551/551/549 553/553/551
f 1518/1518/1514 551/551/549 1510/1510/1506
f 1508/1508/1504 336/336/335 1538/1538/1534
f 1519/1519/1515 336/336/335 1508/1508/1504
f 1523/1523/1519 308/308/307 712/712/709
f 1542/1542/1538 308/308/307 1523/1523/1519
f 1519/1519/1515 225/225/224 336/336/335
f 1704/1704/1697 225/225/224 1519/1519/1515
f 1169/1169/1163 2079/2079/2059 2080/2080/2060
f 1376/1376/1371 2079/2079/2059 1169/1169/1163
f 1170/1170/1164 2080/2080/2060 2081/2081/2061
f 1169/1169/1163 2080/2080/2060 1170/1170/1164
f 827/827/998 2082/2082/2062 1889/1889/1872
f 2083/2083/2063 2082/2082/2062 827/827/998
f 998/998/993 2084/2084/2064 2085/2085/2065
f 997/997/992 2084/2084/2064 998/998/993
f 997/997/992 2081/2081/2061 2084/2084/2064
f 1170/1170/1164 2081/2081/2061 997/997/992
f 1235/1235/1229 1891/1891/1874 1256/1256/1250
f 1233/1233/1227 1891/1891/1874 1235/1235/1229
f 87/87/87 1979/1979/1960 498/498/496
f 1978/1978/1959 1979/1979/1960 87/87/87
f 998/998/993 2085/2085/2065 823/823/820
f 2086/2086/2063 2087/2087/2063 2082/2082/2066
f 1513/1513/1509 849/849/845 1539/1539/1535
f 1516/1516/1512 849/849/845 1513/1513/1509
f 1376/1376/1371 944/944/940 2079/2079/2059
f 621/621/618 944/944/940 1376/1376/1371
f 1696/1696/1689 558/558/556 933/933/929
f 1537/1537/1533 558/558/556 1696/1696/1689
f 1518/1518/1514 211/211/210 551/551/549
f 1539/1539/1535 211/211/210 1518/1518/1514
f 1125/1125/1119 1890/1890/1873 1127/1127/1121
f 1006/1006/1001 1890/1890/1873 1125/1125/1119
f 1516/1516/1512 274/274/273 849/849/845
f 2088/2088/2067 274/274/273 1516/1516/1512
f 612/612/610 204/204/203 206/206/205
f 771/771/768 204/204/203 612/612/610
f 1086/1086/1080 750/750/747 1491/1491/1487
f 1491/1491/1487 750/750/747 752/752/749
f 978/978/973 97/97/97 1704/1704/1697
f 569/569/567 97/97/97 978/978/973
f 1074/1074/1068 898/898/894 902/902/898
f 1073/1073/1067 898/898/894 1074/1074/1068
f 956/956/952 136/136/136 974/974/970
f 2089/2089/2067 2090/2090/2067 274/274/2068
f 1700/1700/1693 1153/1153/1147 1267/1267/1261
f 1328/1328/1322 1153/1153/1147 1700/1700/1693
f 2067/2067/2049 437/437/436 439/439/438
f 2049/2049/2030 437/437/436 2067/2067/2049
f 1493/1493/1489 48/48/48 146/146/146
f 46/46/46 48/48/48 1493/1493/1489
f 2091/2091/2069 1705/1705/1698 2092/2092/2070
f 1271/1271/1265 1705/1705/1698 2091/2091/2069
f 904/904/900 73/73/73 905/905/901
f 340/340/339 73/73/73 904/904/900
f 776/776/773 726/726/723 777/777/774
f 1357/1357/1351 726/726/723 776/776/773
f 1190/1190/1184 2060/2060/2041 1703/1703/1696
f 1189/1189/1183 2060/2060/2041 1190/1190/1184
f 366/366/365 1440/1440/1436 1585/1585/1581
f 858/858/854 1440/1440/1436 366/366/365
f 1822/1822/1805 506/506/504 1820/1820/1803
f 504/504/502 506/506/504 1822/1822/1805
f 597/597/595 230/230/229 1743/1743/1736
f 228/228/227 230/230/229 597/597/595
f 17/17/17 1677/1677/1671 1676/1676/1670
f 1698/1698/1691 1677/1677/1671 17/17/17
f 828/828/824 128/128/128 829/829/825
f 748/748/745 128/128/128 828/828/824
f 314/314/313 1197/1197/1191 1943/1943/1924
f 314/314/313 309/309/308 1197/1197/1191
f 1100/1100/1094 1976/1976/1957 1973/1973/1954
f 1999/1999/1980 1976/1976/1957 1100/1100/1094
f 2093/2093/2071 1625/1625/1621 164/164/164
f 774/774/771 1625/1625/1621 2094/2094/2072
f 1851/1851/1834 423/423/422 786/786/783
f 1285/1285/1279 423/423/422 1851/1851/1834
f 2095/2095/2073 457/457/456 459/459/458
f 883/883/879 457/457/456 2095/2095/2073
f 322/322/321 1819/1819/1802 1841/1841/1824
f 1822/1822/1805 1819/1819/1802 322/322/321
f 38/38/38 1655/1655/1649 1652/1652/1646
f 793/793/790 1655/1655/1649 38/38/38
f 1665/1665/1659 1160/1160/1154 1664/1664/1658
f 1964/1964/1945 1160/1160/1154 1665/1665/1659
f 175/175/174 2013/2013/1994 176/176/175
f 1403/1403/1399 2013/2013/1994 175/175/174
f 1697/1697/1690 519/519/517 644/644/641
f 517/517/515 519/519/517 1697/1697/1690
f 1236/1236/1230 1256/1256/1250 865/865/861
f 1235/1235/1229 1256/1256/1250 1236/1236/1230
f 1532/1532/1528 2096/2096/2074 2058/2058/2039
f 1870/1870/1852 2096/2096/2074 1532/1532/1528
f 1041/1041/1035 1755/1755/1748 606/606/604
f 740/740/737 1755/1755/1748 1041/1041/1035
f 1181/1181/1175 911/911/907 466/466/465
f 909/909/905 911/911/907 1181/1181/1175
f 994/994/989 1488/1488/1484 647/647/644
f 993/993/988 1488/1488/1484 994/994/989
f 438/438/437 1712/1712/1705 871/871/867
f 1142/1142/1136 1712/1712/1705 438/438/437
f 897/897/893 2097/2097/2075 1876/1876/1859
f 657/657/654 2097/2097/2075 897/897/893
f 1150/1150/1144 406/406/405 1269/1269/1263
f 1149/1149/1143 406/406/405 1150/1150/1144
f 379/379/378 1741/1741/1734 380/380/379
f 1147/1147/1141 1741/1741/1734 379/379/378
f 1101/1101/1095 1270/1270/1264 217/217/216
f 1631/1631/1627 1270/1270/1264 1101/1101/1095
f 67/67/67 869/869/865 870/870/866
f 439/439/438 869/869/865 67/67/67
f 1450/1450/1446 171/171/171 1448/1448/1444
f 1618/1618/1614 171/171/171 1450/1450/1446
f 179/179/178 722/722/719 1662/1662/1656
f 1303/1303/1298 722/722/719 179/179/178
f 1809/1809/1793 671/671/668 1475/1475/1472
f 1022/1022/1017 671/671/668 1809/1809/1793
f 1296/1296/1291 55/55/55 1132/1132/1126
f 1466/1466/1463 55/55/55 1296/1296/1291
f 162/162/162 1908/1908/1890 1764/1764/1756
f 2024/2024/2005 1908/1908/1890 162/162/162
f 733/733/730 970/970/966 1384/1384/1379
f 968/968/964 970/970/966 733/733/730
f 138/138/138 1050/1050/1044 888/888/884
f 647/647/644 1050/1050/1044 138/138/138
f 1455/1455/1451 403/403/402 1675/1675/1669
f 1730/1730/1723 403/403/402 1455/1455/1451
f 1703/1703/1696 114/114/114 1992/1992/1973
f 2060/2060/2041 114/114/114 1703/1703/1696
f 323/323/322 1841/1841/1824 113/113/113
f 322/322/321 1841/1841/1824 323/323/322
f 396/396/395 1957/1957/1938 397/397/396
f 153/153/153 1957/1957/1938 396/396/395
f 218/218/217 1194/1194/1188 1402/1402/1398
f 217/217/216 1194/1194/1188 218/218/217
f 2046/2046/2027 2024/2024/2005 162/162/162
f 2005/2005/1986 2024/2024/2005 2046/2046/2027
f 152/152/152 1541/1541/1537 153/153/153
f 1540/1540/1536 1541/1541/1537 152/152/152
f 1856/1856/1838 874/874/870 1766/1766/1757
f 466/466/465 874/874/870 1856/1856/1838
f 1684/1684/1677 1010/1010/1005 1930/1930/1911
f 1011/1011/1006 1010/1010/1005 1684/1684/1677
f 69/69/69 498/498/496 500/500/498
f 87/87/87 498/498/496 69/69/69
f 2070/2070/2052 2072/2072/2054 973/973/969
f 2098/2098/2076 2099/2099/2076 1091/1091/2077
f 1730/1730/1723 401/401/400 403/403/402
f 400/400/399 401/401/400 1730/1730/1723
f 1675/1675/1669 818/818/815 517/517/515
f 403/403/402 818/818/815 1675/1675/1669
f 1742/1742/1735 207/207/206 213/213/212
f 1268/1268/1262 207/207/206 1742/1742/1735
f 1135/1135/1129 725/725/722 178/178/177
f 1134/1134/1128 725/725/722 1135/1135/1129
f 1544/1544/1540 385/385/384 1971/1971/1952
f 604/604/602 385/385/384 1544/1544/1540
f 835/835/831 1913/1913/1895 62/62/62
f 1510/1510/1506 1913/1913/1895 835/835/831
f 2/2/2 1537/1537/1533 1696/1696/1689
f 1535/1535/1531 1537/1537/1533 2/2/2
f 652/652/649 1556/1556/1552 1554/1554/1550
f 319/319/318 1556/1556/1552 652/652/649
f 1441/1441/1437 480/480/478 910/910/906
f 1848/1848/1831 480/480/478 1441/1441/1437
f 302/302/301 1429/1429/1425 303/303/302
f 867/867/863 1429/1429/1425 302/302/301
f 860/860/856 858/858/854 366/366/365
f 859/859/855 858/858/854 860/860/856
f 1472/1472/1469 792/792/789 1542/1542/1538
f 933/933/929 792/792/789 1472/1472/1469
f 434/434/433 1686/1686/1679 1685/1685/1678
f 645/645/642 1686/1686/1679 434/434/433
f 1662/1662/1656 1729/1729/1722 1882/1882/1865
f 722/722/719 1729/1729/1722 1662/1662/1656
f 1848/1848/1831 478/478/476 480/480/478
f 256/256/255 478/478/476 1848/1848/1831
f 684/684/681 1659/1659/1653 1658/1658/1652
f 1002/1002/997 1659/1659/1653 684/684/681
f 704/704/701 629/629/626 372/372/371
f 370/370/369 629/629/626 704/704/701
f 1267/1267/1261 1155/1155/1149 1266/1266/1260
f 1153/1153/1147 1155/1155/1149 1267/1267/1261
f 1350/1350/1344 1055/1055/1049 1414/1414/1410
f 317/317/316 1055/1055/1049 1350/1350/1344
f 1443/1443/1439 148/148/148 1953/1953/1934
f 1739/1739/1732 148/148/148 1443/1443/1439
f 183/183/182 1438/1438/1434 1435/1435/1431
f 729/729/726 1438/1438/1434 183/183/182
f 1039/1039/1033 1435/1435/1431 1184/1184/1178
f 183/183/182 1435/1435/1431 1039/1039/1033
f 626/626/623 1377/1377/1372 1838/1838/1821
f 127/127/127 1377/1377/1372 626/626/623
f 214/214/213 315/315/314 1951/1951/1932
f 213/213/212 315/315/314 214/214/213
f 606/606/604 1731/1731/1724 607/607/605
f 1755/1755/1748 1731/1731/1724 606/606/604
f 951/951/947 1827/1827/1810 1824/1824/1807
f 518/518/516 1827/1827/1810 951/951/947
f 1013/1013/1008 1691/1691/1684 1689/1689/1682
f 2100/2100/2034 1691/1691/1684 1013/1013/1008
f 674/674/671 1835/1835/1818 1840/1840/1823
f 399/399/398 1835/1835/1818 674/674/671
f 461/461/460 1255/1255/1249 2101/2101/2033
f 1067/1067/1061 1255/1255/1249 461/461/460
f 89/89/89 1689/1689/1682 258/258/257
f 1013/1013/1008 1689/1689/1682 89/89/89
f 645/645/642 1824/1824/1807 1686/1686/1679
f 951/951/947 1824/1824/1807 645/645/642
f 431/431/430 1839/1839/1822 2054/2054/2035
f 50/50/50 1839/1839/1822 431/431/430
f 399/399/398 1462/1462/1458 1835/1835/1818
f 1040/1040/1034 1462/1462/1458 399/399/398
f 50/50/50 1836/1836/1819 1839/1839/1822
f 347/347/346 1836/1836/1819 50/50/50
f 1415/1415/1411 103/103/103 105/105/105
f 1597/1597/1593 103/103/103 1415/1415/1411
f 402/402/401 1840/1840/1823 2055/2055/2036
f 674/674/671 1840/1840/1823 402/402/401
f 1216/1216/1210 1017/1017/1012 1217/1217/1211
f 1624/1624/1620 1017/1017/1012 1216/1216/1210
f 43/43/43 1093/1093/1087 44/44/44
f 415/415/414 1093/1093/1087 43/43/43
f 1461/1461/1457 778/778/775 427/427/426
f 371/371/370 778/778/775 1461/1461/1457
f 125/125/125 1831/1831/1814 126/126/126
f 707/707/704 1831/1831/1814 125/125/125
f 435/435/434 1685/1685/1678 1834/1834/1817
f 434/434/433 1685/1685/1678 435/435/434
f 1070/1070/1064 611/611/609 2102/2102/2078
f 772/772/769 611/611/609 1070/1070/1064
f 1554/1554/1550 1557/1557/1553 1732/1732/1725
f 1556/1556/1552 1557/1557/1553 1554/1554/1550
f 1533/1533/1529 1534/1534/1530 697/697/694
f 2103/2103/2079 1077/1077/1071 1533/1533/1529
f 1573/1573/1569 810/810/807 1555/1555/1551
f 1553/1553/1549 810/810/807 1573/1573/1569
f 1593/1593/1589 474/474/472 4/4/4
f 2104/2104/2080 474/474/472 1593/1593/1589
f 247/247/246 1938/1938/1919 1857/1857/1839
f 377/377/376 1938/1938/1919 247/247/246
f 1942/1942/1923 1943/1943/1924 1589/1589/1585
f 314/314/313 1943/1943/1924 1942/1942/1923
f 1156/1156/1150 1592/1592/1588 1154/1154/1148
f 2105/2105/2081 1592/1592/1588 1156/1156/1150
f 230/230/229 2106/2106/2082 1743/1743/1736
f 2107/2107/2083 599/599/597 683/683/680
f 1454/1454/1450 888/888/884 1452/1452/1448
f 139/139/139 888/888/884 1454/1454/1450
f 334/334/333 1298/1298/1293 1237/1237/1231
f 445/445/444 1298/1298/1293 334/334/333
f 1553/1553/1549 953/953/949 810/810/807
f 1545/1545/1541 953/953/949 1553/1553/1549
f 344/344/343 919/919/915 345/345/344
f 1065/1065/1059 919/919/915 344/344/343
f 1141/1141/1135 1444/1444/1440 1139/1139/1133
f 1157/1157/1151 1444/1444/1440 1141/1141/1135
f 1970/1970/1951 42/42/42 1598/1598/1594
f 2108/2108/2084 2109/2109/2084 474/474/2085
f 1140/1140/1134 1601/1601/1597 1301/1301/1296
f 1139/1139/1133 1601/1601/1597 1140/1140/1134
f 1149/1149/1143 1449/1449/1445 406/406/405
f 1151/1151/1145 1449/1449/1445 1149/1149/1143
f 1355/1355/1349 1453/1453/1449 1081/1081/1075
f 1451/1451/1447 1453/1453/1449 1355/1355/1349
f 1631/1631/1627 1269/1269/1263 1270/1270/1264
f 1150/1150/1144 1269/1269/1263 1631/1631/1627
f 1139/1139/1133 1446/1446/1442 1601/1601/1597
f 1444/1444/1440 1446/1446/1442 1139/1139/1133
f 1298/1298/1293 1300/1300/1295 1237/1237/1231
f 2110/2110/2086 2111/2111/2086 1592/1592/2087
f 1319/1319/1313 1090/1090/1084 1092/1092/1086
f 2112/2112/2088 1090/1090/1084 1319/1319/1313
f 1154/1154/1148 1594/1594/1590 1279/1279/1273
f 1592/1592/1588 1594/1594/1590 1154/1154/1148
f 2113/2113/2089 540/540/538 542/542/540
f 1317/1317/1311 540/540/538 2113/2113/2089
f 793/793/790 1901/1901/1883 1655/1655/1649
f 794/794/791 1901/1901/1883 793/793/790
f 374/374/373 1787/1787/1771 208/208/207
f 1266/1266/1260 1787/1787/1771 374/374/373
f 1266/1266/1260 1280/1280/1274 1787/1787/1771
f 1155/1155/1149 1280/1280/1274 1266/1266/1260
f 1602/1602/1598 813/813/810 1130/1130/1124
f 1615/1615/1611 813/813/810 1602/1602/1598
f 602/602/600 1473/1473/1470 1793/1793/1777
f 410/410/409 1473/1473/1470 602/602/600
f 1029/1029/1023 1596/1596/1592 1157/1157/1151
f 1379/1379/1374 1596/1596/1592 1029/1029/1023
f 1597/1597/1593 665/665/662 103/103/103
f 1791/1791/1775 665/665/662 1597/1597/1593
f 1343/1343/1337 1727/1727/1720 1344/1344/1338
f 381/381/380 1727/1727/1720 1343/1343/1337
f 1951/1951/1932 317/317/316 1350/1350/1344
f 315/315/314 317/317/316 1951/1951/1932
f 1073/1073/1067 338/338/337 898/898/894
f 1559/1559/1555 338/338/337 1073/1073/1067
f 1555/1555/1551 414/414/413 416/416/415
f 810/810/807 414/414/413 1555/1555/1551
f 1157/1157/1151 1447/1447/1443 1444/1444/1440
f 1596/1596/1592 1447/1447/1443 1157/1157/1151
f 201/201/200 1902/1902/1884 794/794/791
f 200/200/199 1902/1902/1884 201/201/200
f 791/791/788 416/416/415 191/191/190
f 1555/1555/1551 416/416/415 791/791/788
f 1445/1445/1441 1792/1792/1776 1615/1615/1611
f 1447/1447/1443 1792/1792/1776 1445/1445/1441
f 930/930/926 1305/1305/1300 931/931/927
f 1971/1971/1952 1305/1305/1300 930/930/926
f 656/656/653 27/27/27 657/657/654
f 797/797/794 27/27/27 656/656/653
f 1790/1790/1774 1167/1167/1161 663/663/660
f 1165/1165/1159 1167/1167/1161 1790/1790/1774
f 1374/1374/2090 2114/2114/2091 2115/2115/2091
f 1263/1263/1257 1374/1374/1368 2116/2116/2092
f 512/512/510 2044/2044/2025 200/200/199
f 113/113/113 2044/2044/2025 512/512/510
f 1888/1888/1871 830/830/826 831/831/827
f 1323/1323/1317 830/830/826 1888/1888/1871
f 445/445/444 1301/1301/1296 1298/1298/1293
f 1140/1140/1134 1301/1301/1296 445/445/444
f 715/715/712 510/510/508 94/94/94
f 44/44/44 510/510/508 715/715/712
f 1223/1223/1217 1998/1998/1979 1806/1806/1790
f 1998/1998/1979 346/346/345 1806/1806/1790
f 386/386/385 1739/1739/1732 1443/1443/1439
f 1793/1793/1777 1739/1739/1732 386/386/385
f 200/200/199 1627/1627/1623 734/734/731
f 1628/1628/1624 1627/1627/1623 200/200/199
f 1351/1351/1345 1414/1414/1410 1556/1556/1552
f 1350/1350/1344 1414/1414/1410 1351/1351/1345
f 1944/1944/1925 2117/2117/2093 1195/1195/1189
f 1197/1197/1191 2117/2117/2093 1944/1944/1925
f 1615/1615/1611 222/222/221 813/813/810
f 1792/1792/1776 222/222/221 1615/1615/1611
f 1306/1306/1301 1771/1771/1759 164/164/164
f 1306/1306/1301 164/164/164 297/297/296
f 716/716/713 94/94/94 96/96/96
f 715/715/712 94/94/94 716/716/713
f 882/882/878 1096/1096/1090 883/883/879
f 442/442/441 1096/1096/1090 882/882/878
f 745/745/742 1737/1737/1730 1228/1228/1222
f 375/375/374 1737/1737/1730 745/745/742
f 1152/1152/1146 2118/2118/2094 1877/1877/1860
f 2119/2119/2095 2118/2118/2094 1152/1152/1146
f 523/523/521 1846/1846/1829 1656/1656/1650
f 1034/1034/1028 1846/1846/1829 523/523/521
f 256/256/255 555/555/553 478/478/476
f 176/176/175 555/555/553 256/256/255
f 1970/1970/1951 40/40/40 42/42/42
f 1130/1130/1124 40/40/40 1970/1970/1951
f 86/86/86 1978/1978/1959 87/87/87
f 1709/1709/1702 1978/1978/1959 86/86/86
f 1412/1412/1408 1794/1794/1778 1796/1796/1780
f 1825/1825/1808 1794/1794/1778 1412/1412/1408
f 703/703/700 1242/1242/1236 35/35/35
f 831/831/827 1242/1242/1236 703/703/700
f 208/208/207 1788/1788/1772 1410/1410/1406
f 1787/1787/1771 1788/1788/1772 208/208/207
f 70/70/70 500/500/498 797/797/794
f 69/69/69 500/500/498 70/70/70
f 1791/1791/1775 663/663/660 665/665/662
f 1790/1790/1774 663/663/660 1791/1791/1775
f 279/279/278 1407/1407/1403 275/275/274
f 1363/1363/1357 1407/1407/1403 279/279/278
f 1317/1317/1311 1202/1202/1196 540/540/538
f 926/926/922 1202/1202/1196 1317/1317/1311
f 1363/1363/1357 990/990/985 1407/1407/1403
f 1477/1477/1474 990/990/985 1363/1363/1357
f 1094/1094/1088 1564/1564/1560 1222/1222/1216
f 1188/1188/1182 1564/1564/1560 1094/1094/1088
f 80/80/80 1546/1546/1542 81/81/81
f 2120/2120/2096 1546/1546/1542 80/80/80
f 1805/1805/1789 809/809/806 1165/1165/1159
f 746/746/743 809/809/806 1805/1805/1789
f 373/373/372 929/929/925 775/775/772
f 372/372/371 929/929/925 373/373/372
f 1162/1162/1156 381/381/380 1118/1118/1112
f 379/379/378 381/381/380 1162/1162/1156
f 1664/1664/1658 1162/1162/1156 1118/1118/1112
f 1160/1160/1154 1162/1162/1156 1664/1664/1658
f 667/667/664 251/251/250 845/845/841
f 249/249/248 251/251/250 667/667/664
f 516/516/514 245/245/244 46/46/46
f 515/515/513 245/245/244 516/516/514
f 1079/1079/1073 2121/2121/2097 1324/1324/1318
f 699/699/696 1325/1325/1319 1324/1324/1318
f 1586/1586/2098 2122/2122/2099 2123/2123/1582
f 2124/2124/2100 1885/1885/1868 1887/1887/1870
f 1586/1586/2098 2123/2123/1582 2125/2125/2101
f 1679/1679/1672 2126/2126/2102 1680/1680/1673
f 375/375/374 1733/1733/1726 1737/1737/1730
f 5/5/5 1733/1733/1726 375/375/374
f 44/44/44 1095/1095/1089 510/510/508
f 1093/1093/1087 1095/1095/1089 44/44/44
f 1572/1572/1568 679/679/676 1570/1570/1566
f 1872/1872/1855 679/679/676 1572/1572/1568
f 1872/1872/1855 537/537/535 679/679/676
f 2127/2127/1717 537/537/535 1872/1872/1855
f 1859/1859/1841 980/980/975 514/514/512
f 1365/1365/1359 980/980/975 1859/1859/1841
f 756/756/753 1892/1892/1875 1720/1720/1713
f 1876/1876/1859 1892/1892/1875 756/756/753
f 1117/1117/1111 1385/1385/1380 863/863/859
f 1116/1116/1110 1385/1385/1380 1117/1117/1111
f 754/754/751 1720/1720/1713 1718/1718/1711
f 756/756/753 1720/1720/1713 754/754/751
f 1721/1721/1714 615/615/613 2128/2128/1715
f 788/788/785 615/615/613 1721/1721/1714
f 1870/1870/1852 30/30/30 2096/2096/2074
f 1571/1571/1567 30/30/30 1870/1870/1852
f 1860/1860/1842 514/514/512 1897/1897/1880
f 1859/1859/1841 514/514/512 1860/1860/1842
f 1584/1584/1580 796/796/793 1487/1487/1483
f 1257/1257/1251 796/796/793 1584/1584/1580
f 669/669/666 1297/1297/1292 670/670/667
f 1314/1314/1308 1297/1297/1292 669/669/666
f 1272/1272/1266 772/772/769 1070/1070/1064
f 1052/1052/1046 772/772/769 1272/1272/1266
f 1018/1018/1013 1682/1682/1675 703/703/700
f 156/156/156 1682/1682/1675 1018/1018/1013
f 1971/1971/1952 387/387/386 1305/1305/1300
f 385/385/384 387/387/386 1971/1971/1952
f 1159/1159/1153 391/391/390 1681/1681/1674
f 1380/1380/1375 391/391/390 1159/1159/1153
f 1116/1116/1110 769/769/766 1385/1385/1380
f 767/767/764 769/769/766 1116/1116/1110
f 731/731/728 1775/1775/1761 733/733/730
f 360/360/359 1775/1775/1761 731/731/728
f 1898/1898/1881 749/749/746 58/58/58
f 529/529/527 749/749/746 1898/1898/1881
f 863/863/859 1387/1387/1382 1294/1294/1289
f 1385/1385/1380 1387/1387/1382 863/863/859
f 1771/1771/1759 2093/2093/2071 164/164/164
f 1771/1771/1759 1625/1625/1621 2093/2093/2071
f 1367/1367/1361 348/348/347 489/489/487
f 896/896/892 348/348/347 1367/1367/1361
f 1390/1390/1385 879/879/875 881/881/877
f 1048/1048/1042 879/879/875 1390/1390/1385
f 907/907/903 1388/1388/1383 106/106/106
f 1180/1180/1174 1388/1388/1383 907/907/903
f 1651/1651/1645 1490/1490/1486 1650/1650/1644
f 1580/1580/1576 1490/1490/1486 1651/1651/1645
f 664/664/661 1365/1365/1359 104/104/104
f 663/663/660 1365/1365/1359 664/664/661
f 262/262/261 1580/1580/1576 1651/1651/1645
f 261/261/260 1580/1580/1576 262/262/261
f 616/616/614 1566/1566/1562 617/617/615
f 2129/2129/2103 2130/2130/2103 1899/1899/2104
f 1719/1719/1712 488/488/486 1371/1371/1365
f 486/486/484 488/488/486 1719/1719/1712
f 1037/1037/1031 1243/1243/1237 1098/1098/1092
f 48/48/48 1243/1243/1237 1037/1037/1031
f 1612/1612/1608 1137/1137/1131 1133/1133/1127
f 1107/1107/1101 1137/1137/1131 1612/1612/1608
f 787/787/784 54/54/54 1565/1565/1561
f 52/52/52 54/54/54 787/787/784
f 2030/2030/2010 700/700/697 2029/2029/2009
f 2131/2131/2105 700/700/697 2030/2030/2010
f 1713/1713/1706 1143/1143/1137 440/440/439
f 878/878/874 1143/1143/1137 1713/1713/1706
f 1716/1716/1709 884/884/880 885/885/881
f 882/882/878 884/884/880 1716/1716/1709
f 508/508/506 1716/1716/1709 885/885/881
f 1715/1715/1708 1716/1716/1709 508/508/506
f 1144/1144/1138 2022/2022/2003 2132/2132/2106
f 762/762/759 2022/2022/2003 1144/1144/1138
f 783/783/780 1178/1178/1172 1180/1180/1174
f 780/780/777 1178/1178/1172 783/783/780
f 1650/1650/1644 545/545/543 923/923/919
f 1490/1490/1486 545/545/543 1650/1650/1644
f 574/574/572 864/864/860 1060/1060/1054
f 862/862/858 864/864/860 574/574/572
f 224/224/223 1816/1816/1799 821/821/818
f 223/223/222 1816/1816/1799 224/224/223
f 113/113/113 1842/1842/1825 2044/2044/2025
f 1841/1841/1824 1842/1842/1825 113/113/113
f 1070/1070/1281 2133/2133/2107 1287/1287/1282
f 2134/2134/2108 856/856/852 858/858/854
f 2058/2058/2039 298/298/297 1799/1799/1783
f 2096/2096/2074 298/298/297 2058/2058/2039
f 2005/2005/1986 592/592/590 1814/1814/1797
f 1658/1658/1652 592/592/590 2005/2005/1986
f 829/829/825 2135/2135/2109 1456/1456/1452
f 128/128/128 2135/2135/2109 829/829/825
f 47/47/47 1967/1967/1948 1966/1966/1947
f 67/67/67 1967/1967/1948 47/47/47
f 814/814/811 821/821/818 596/596/594
f 224/224/223 821/821/818 814/814/811
f 1466/1466/1463 343/343/342 55/55/55
f 1962/1962/1943 343/343/342 1466/1466/1463
f 1666/1666/1660 844/844/840 958/958/954
f 842/842/838 844/844/840 1666/1666/1660
f 1034/1034/1028 1419/1419/1415 1846/1846/1829
f 1418/1418/1414 1419/1419/1415 1034/1034/1028
f 1699/1699/1692 1304/1304/1299 158/158/158
f 1699/1699/1692 158/158/158 160/160/160
f 5/5/5 1736/1736/1729 1733/1733/1726
f 81/81/81 1736/1736/1729 5/5/5
f 784/784/781 1180/1180/1174 907/907/903
f 783/783/780 1180/1180/1174 784/784/781
f 1204/1204/1198 1479/1479/1476 1404/1404/1400
f 280/280/279 1479/1479/1476 1204/1204/1198
f 487/487/485 1683/1683/1676 424/424/423
f 1208/1208/1202 1683/1683/1676 487/487/485
f 1253/1253/1247 1608/1608/1604 1972/1972/1953
f 1972/1972/1953 1608/1608/1604 1254/1254/1248
f 1416/1416/1412 1115/1115/1109 1543/1543/1539
f 588/588/586 1115/1115/1109 1416/1416/1412
f 476/476/474 1389/1389/1384 1476/1476/1473
f 475/475/473 1389/1389/1384 476/476/474
f 832/832/828 1456/1456/1452 833/833/829
f 829/829/825 1456/1456/1452 832/832/828
f 801/801/798 1476/1476/1473 1478/1478/1475
f 476/476/474 1476/1476/1473 801/801/798
f 1109/1109/1103 1487/1487/1483 1110/1110/1104
f 1584/1584/1580 1487/1487/1483 1109/1109/1103
f 1380/1380/1375 389/389/388 391/391/390
f 1061/1061/1055 389/389/388 1380/1380/1375
f 1276/1276/1270 1929/1929/1910 2036/2036/2017
f 1275/1275/1269 1929/1929/1910 1276/1276/1270
f 81/81/81 1548/1548/1544 1736/1736/1729
f 1546/1546/1542 1548/1548/1544 81/81/81
f 2103/2103/2079 1533/1533/1529 1078/1078/1072
f 1852/1852/2011 2136/2136/2110 2031/2031/2012
f 774/774/771 773/773/770 1625/1625/1621
f 1625/1625/1621 773/773/770 2137/2137/2111
f 453/453/452 452/452/451 773/773/770
f 451/451/450 453/453/452 773/773/770
f 573/573/571 862/862/858 574/574/572
f 1543/1543/1539 862/862/858 573/573/571
f 1681/1681/1674 984/984/979 1708/1708/1701
f 391/391/390 984/984/979 1681/1681/1674
f 1325/1325/1319 231/231/230 1623/1623/1619
f 1325/1325/1319 1623/1623/1619 1083/1083/1077
f 1251/1251/1245 1339/1339/1333 1249/1249/1243
f 1337/1337/1331 1339/1339/1333 1251/1251/1245
f 2050/2050/2031 33/33/33 186/186/185
f 2055/2055/2036 33/33/33 2050/2050/2031
f 238/238/237 77/77/77 79/79/79
f 293/293/292 77/77/77 238/238/237
f 1080/1080/1074 79/79/79 2015/2015/1996
f 238/238/237 79/79/79 1080/1080/1074
f 779/779/776 1158/1158/1152 780/780/777
f 1345/1345/1339 1158/1158/1152 779/779/776
f 1830/1830/1813 186/186/185 1828/1828/1811
f 2050/2050/2031 186/186/185 1830/1830/1813
f 1092/1092/1086 936/936/932 938/938/934
f 2040/2040/2021 936/936/932 1092/1092/1086
f 1613/1613/1609 1133/1133/1127 1468/1468/1465
f 1612/1612/1608 1133/1133/1127 1613/1613/1609
f 116/116/116 1484/1484/1481 1396/1396/1392
f 2051/2051/2032 1484/1484/1481 116/116/116
f 1669/1669/1663 1525/1525/1521 1668/1668/1662
f 428/428/427 1525/1525/1521 1669/1669/1663
f 2121/2121/2097 699/699/696 1324/1324/1318
f 1079/1079/1073 699/699/696 2121/2121/2097
f 2055/2055/2036 31/31/31 33/33/33
f 1840/1840/1823 31/31/31 2055/2055/2036
f 258/258/257 1258/1258/1252 1260/1260/1254
f 1689/1689/1682 1258/1258/1252 258/258/257
f 2051/2051/2032 675/675/672 1484/1484/1481
f 2054/2054/2035 675/675/672 2051/2051/2032
f 1255/1255/1249 24/24/24 2138/2138/2112
f 1693/1693/1686 2139/2139/2113 1692/1692/1685
f 259/259/258 1260/1260/1254 1687/1687/1680
f 258/258/257 1260/1260/1254 259/259/258
f 789/789/786 1804/1804/1788 1801/1801/1785
f 2056/2056/2037 1804/1804/1788 789/789/786
f 1286/1286/1280 1396/1396/1392 1393/1393/1389
f 116/116/116 1396/1396/1392 1286/1286/1280
f 2056/2056/2037 1393/1393/1389 1804/1804/1788
f 1286/1286/1280 1393/1393/1389 2056/2056/2037
f 790/790/787 1801/1801/1785 22/22/22
f 789/789/786 1801/1801/1785 790/790/787
f 2054/2054/2035 111/111/111 675/675/672
f 1839/1839/1822 111/111/111 2054/2054/2035
f 690/690/687 1581/1581/1577 123/123/123
f 122/122/122 690/690/687 123/123/123
f 469/469/468 140/140/140 142/142/142
f 873/873/869 140/140/140 469/469/468
f 848/848/844 254/254/253 496/496/494
f 547/547/545 254/254/253 848/848/844
f 913/913/909 265/265/264 1053/1053/1047
f 263/263/262 265/265/264 913/913/909
f 949/949/945 1425/1425/1421 945/945/941
f 1195/1195/1189 1425/1425/1421 949/949/945
f 1834/1834/1817 1574/1574/1570 1832/1832/1815
f 1685/1685/1678 1574/1574/1570 1834/1834/1817
f 981/981/976 429/429/428 530/530/528
f 427/427/426 429/429/428 981/981/976
f 623/623/620 2001/2001/1982 624/624/621
f 1404/1404/1400 2001/2001/1982 623/623/620
f 1345/1345/1339 1381/1381/1376 1158/1158/1152
f 1057/1057/1051 1381/1381/1376 1345/1345/1339
f 1705/1705/1698 1145/1145/1139 1147/1147/1141
f 937/937/933 1145/1145/1139 1705/1705/1698
f 418/418/417 2004/2004/1985 419/419/418
f 624/624/621 2004/2004/1985 418/418/417
f 1838/1838/1821 1481/1481/1478 1837/1837/1820
f 1377/1377/1372 1481/1481/1478 1838/1838/1821
f 241/241/240 2003/2003/1984 2002/2002/1983
f 582/582/580 2003/2003/1984 241/241/240
f 1667/1667/1661 1321/1321/1315 1359/1359/1353
f 1995/1995/1976 1321/1321/1315 1667/1667/1661
f 1315/1315/1309 2140/2140/2114 2141/2141/2115
f 1201/1201/1195 2140/2140/2114 1315/1315/1309
f 285/285/284 2002/2002/1983 282/282/281
f 241/241/240 2002/2002/1983 285/285/284
f 1734/1734/1727 288/288/287 808/808/805
f 682/682/679 288/288/287 1734/1734/1727
f 83/83/83 1757/1757/1750 2007/2007/1988
f 1937/1937/1918 1757/1757/1750 83/83/83
f 126/126/126 1833/1833/1816 1482/1482/1479
f 1831/1831/1814 1833/1833/1816 126/126/126
f 223/223/222 1817/1817/1800 1816/1816/1799
f 1694/1694/1687 1817/1817/1800 223/223/222
f 1708/1708/1701 987/987/982 1928/1928/1909
f 984/984/979 987/987/982 1708/1708/1701
f 905/905/901 748/748/745 828/828/824
f 73/73/73 748/748/745 905/905/901
f 1226/1226/1220 1959/1959/1940 1227/1227/1221
f 1166/1166/1160 1959/1959/1940 1226/1226/1220
f 1862/1862/1844 278/278/277 280/280/279
f 1213/1213/1207 278/278/277 1862/1862/1844
f 803/803/800 1919/1919/1901 1231/1231/1225
f 2142/2142/2116 2143/2143/2116 1925/1925/2117
f 803/803/800 1918/1918/1900 1919/1919/1901
f 1210/1210/1204 1918/1918/1900 803/803/800
f 1047/1047/1041 1922/1922/1904 1148/1148/1142
f 964/964/960 1922/1922/1904 1047/1047/1041
f 966/966/962 1925/1925/1907 963/963/959
f 2144/2144/2116 1925/1925/1907 966/966/962
f 891/891/887 1927/1927/1908 1210/1210/1204
f 890/890/886 1927/1927/1908 891/891/887
f 1436/1436/1432 327/327/326 463/463/462
f 1038/1038/1032 327/327/326 1436/1436/1432
f 277/277/276 1923/1923/1905 890/890/886
f 276/276/275 1923/1923/1905 277/277/276
f 167/167/167 1776/1776/1762 322/322/321
f 1098/1098/1092 1776/1776/1762 167/167/167
f 1668/1668/1662 184/184/183 837/837/833
f 1525/1525/1521 184/184/183 1668/1668/1662
f 1294/1294/1289 1295/1295/1290 1192/1192/1186
f 1387/1387/1382 1295/1295/1290 1294/1294/1289
f 1179/1179/1173 1928/1928/1909 1388/1388/1383
f 1708/1708/1701 1928/1928/1909 1179/1179/1173
f 276/276/275 1924/1924/1906 1923/1923/1905
f 992/992/987 1924/1924/1906 276/276/275
f 1400/1400/1396 906/906/902 747/747/744
f 1459/1459/1455 906/906/902 1400/1400/1396
f 440/440/439 875/875/871 441/441/440
f 1144/1144/1138 875/875/871 440/440/439
f 1480/1480/1477 280/280/279 1204/1204/1198
f 1862/1862/1844 280/280/279 1480/1480/1477
f 106/106/106 1939/1939/1920 107/107/107
f 1388/1388/1383 1939/1939/1920 106/106/106
f 1292/1292/1287 1843/1843/1826 988/988/983
f 1032/1032/1026 1843/1843/1826 1292/1292/1287
f 1618/1618/1614 1354/1354/1348 171/171/171
f 1352/1352/1346 1354/1354/1348 1618/1618/1614
f 1213/1213/1207 1478/1478/1475 278/278/277
f 801/801/798 1478/1478/1475 1213/1213/1207
f 1530/1530/1526 143/143/143 255/255/254
f 1240/1240/1234 143/143/143 1530/1530/1526
f 1314/1314/1308 1465/1465/1462 1296/1296/1291
f 1467/1467/1464 1465/1465/1462 1314/1314/1308
f 1114/1114/1108 1543/1543/1539 573/573/571
f 1416/1416/1412 1543/1543/1539 1114/1114/1108
f 702/702/699 1261/1261/1255 1492/1492/1488
f 235/235/234 1492/1492/1488 1263/1263/1257
f 702/702/699 1492/1492/1488 235/235/234
f 700/700/697 702/702/699 235/235/234
f 902/902/898 1459/1459/1455 1400/1400/1396
f 898/898/894 1459/1459/1455 902/902/898
f 1097/1097/1091 1950/1950/1931 883/883/879
f 441/441/440 1950/1950/1931 1097/1097/1091
f 2145/2145/2118 2146/2146/2119 1935/1935/1916
f 2035/2035/2016 2146/2146/2119 2145/2145/2118
f 1950/1950/1931 2145/2145/2118 1935/1935/1916
f 2035/2035/2016 2145/2145/2118 1950/1950/1931
f 1698/1698/1691 1764/1764/1756 1677/1677/1671
f 162/162/162 1764/1764/1756 1698/1698/1691
f 736/736/733 1200/1200/1194 737/737/734
f 1849/1849/1832 1200/1200/1194 736/736/733
f 1894/1894/1877 1273/1273/1267 1069/1069/1063
f 60/60/60 1273/1273/1267 1894/1894/1877
f 197/197/196 1694/1694/1687 223/223/222
f 196/196/195 1694/1694/1687 197/197/196
f 1621/1621/1617 1333/1333/1327 309/309/308
f 2069/2069/2051 1333/1333/1327 1621/1621/1617
f 709/709/706 2008/2008/1989 1958/1958/1939
f 18/18/18 2008/2008/1989 709/709/706
f 1271/1271/1265 938/938/934 1705/1705/1698
f 1092/1092/1086 938/938/934 1271/1271/1265
f 443/443/442 39/39/39 229/229/228
f 1695/1695/1688 39/39/39 443/443/442
f 591/591/589 593/593/591 595/595/593
f 291/291/290 593/593/591 591/591/589
f 1570/1570/1566 681/681/678 28/28/28
f 679/679/676 681/681/678 1570/1570/1566
f 1958/1958/1939 2049/2049/2030 243/243/242
f 2008/2008/1989 2049/2049/2030 1958/1958/1939
f 1876/1876/1859 661/661/658 1207/1207/1201
f 659/659/656 661/661/658 1876/1876/1859
f 1759/1759/1752 781/781/778 782/782/779
f 721/721/718 781/781/778 1759/1759/1752
f 1285/1285/1279 421/421/420 423/423/422
f 1284/1284/1278 421/421/420 1285/1285/1279
f 354/354/353 1384/1384/1379 355/355/354
f 538/538/536 1384/1384/1379 354/354/353
f 1362/1362/1356 627/627/624 49/49/49
f 625/625/622 627/627/624 1362/1362/1356
f 1874/1874/2120 2147/2147/2121 2148/2148/2121
f 1954/1954/1935 1375/1375/1369 689/689/686
f 452/452/451 2149/2149/2122 2061/2061/2042
f 165/165/165 2150/2150/2123 1884/1884/1867
f 1626/1626/1622 2151/2151/2124 165/165/165
f 164/164/164 1626/1626/1622 165/165/165
f 992/992/987 995/995/990 1924/1924/1906
f 991/991/986 995/995/990 992/992/987
f 25/25/25 1670/1670/1664 26/26/26
f 499/499/497 1670/1670/1664 25/25/25
f 1818/1818/1801 685/685/682 682/682/679
f 1547/1547/1543 685/685/682 1818/1818/1801
f 1210/1210/1204 1619/1619/1615 1918/1918/1900
f 1927/1927/1908 1619/1619/1615 1210/1210/1204
f 963/963/959 1617/1617/1613 1632/1632/1628
f 1925/1925/1907 1617/1617/1613 963/963/959
f 880/880/876 1630/1630/1626 1102/1102/1096
f 1148/1148/1142 1630/1630/1626 880/880/876
f 64/64/64 163/163/163 65/65/65
f 808/808/805 163/163/163 64/64/64
f 1183/1183/1177 2152/2152/2125 493/493/491
f 667/667/664 2152/2152/2125 1183/1183/1177
f 964/964/960 1632/1632/1628 1922/1922/1904
f 963/963/959 1632/1632/1628 964/964/960
f 890/890/886 1633/1633/1629 1927/1927/1908
f 1923/1923/1905 1633/1633/1629 890/890/886
f 541/541/539 1717/1717/1710 1152/1152/1146
f 540/540/538 1717/1717/1710 541/541/539
f 1201/1201/1195 2153/2153/2126 2140/2140/2114
f 1975/1975/1956 2153/2153/2126 1201/1201/1195
f 840/840/836 1906/1906/1888 392/392/391
f 1382/1382/1377 1906/1906/1888 840/840/836
f 1426/1426/1422 1077/1077/1071 2103/2103/2079
f 2154/2154/2127 1427/1427/2127 2103/2103/2128
f 1427/1427/1423 1426/1426/1422 2103/2103/2079
f 1427/1427/1423 122/122/122 1426/1426/1422
f 768/768/765 1102/1102/1096 1103/1103/1097
f 880/880/876 1102/1102/1096 768/768/765
f 1845/1845/1828 575/575/573 1056/1056/1050
f 1429/1429/1425 575/575/573 1845/1845/1828
f 2096/2096/2074 672/672/669 298/298/297
f 30/30/30 672/672/669 2096/2096/2074
f 2097/2097/2075 659/659/656 1876/1876/1859
f 657/657/654 659/659/656 2097/2097/2075
f 2117/2117/2093 1527/1527/1523 1195/1195/1189
f 1197/1197/1191 1527/1527/1523 2117/2117/2093
f 147/147/147 1098/1098/1092 167/167/167
f 146/146/146 1098/1098/1092 147/147/147
f 2155/2155/2129 1078/1078/1072 1086/1086/1080
f 2156/2156/2130 2103/2103/2131 1078/1078/2132
f 1610/1610/1606 1912/1912/1894 1607/1607/1603
f 1609/1609/1605 1912/1912/1894 1610/1610/1606
f 639/639/636 1335/1335/1329 1995/1995/1976
f 479/479/477 1335/1335/1329 639/639/636
f 1247/1247/1241 1896/1896/1879 1493/1493/1489
f 1246/1246/1240 1896/1896/1879 1247/1247/1241
f 1979/1979/1960 1611/1611/1607 498/498/496
f 1614/1614/1610 1611/1611/1607 1979/1979/1960
f 1489/1489/1485 1337/1337/1331 1251/1251/1245
f 470/470/469 1337/1337/1331 1489/1489/1485
f 1403/1403/1399 1122/1122/1116 1499/1499/1495
f 1402/1402/1398 1122/1122/1116 1403/1403/1399
f 479/479/477 1336/1336/1330 1335/1335/1329
f 557/557/555 1336/1336/1330 479/479/477
f 1123/1123/1117 842/842/838 1666/1666/1660
f 583/583/581 842/842/838 1123/1123/1117
f 1807/1807/1791 1022/1022/1017 1808/1808/1792
f 346/346/345 1022/1022/1017 1807/1807/1791
f 928/928/924 2113/2113/2089 542/542/540
f 1317/1317/1311 2113/2113/2089 928/928/924
f 456/456/455 1952/1952/1933 325/325/324
f 455/455/454 1952/1952/1933 456/456/455
f 1500/1500/1496 577/577/575 1936/1936/1917
f 221/221/220 577/577/575 1500/1500/1496
f 734/734/731 738/738/735 359/359/358
f 736/736/733 738/738/735 734/734/731
f 1622/1622/1618 157/157/157 1018/1018/1013
f 155/155/155 157/157/157 1622/1622/1618
f 166/166/166 165/165/165 1762/1762/1754
f 297/297/296 166/166/166 1762/1762/1754
f 608/608/606 785/785/782 609/609/607
f 1762/1762/1754 165/165/165 785/785/782
f 1762/1762/1754 608/608/606 1311/1311/1305
f 2157/2157/2133 1762/1762/1754 785/785/782
f 608/608/606 1762/1762/1754 2157/2157/2133
f 608/608/606 2157/2157/2133 785/785/782
f 1195/1195/1189 1423/1423/1419 1425/1425/1421
f 1528/1528/1524 1423/1423/1419 1195/1195/1189
f 1812/1812/1796 2000/2000/1981 1858/1858/1840
f 1996/1996/1977 2000/2000/1981 1812/1812/1796
f 1526/1526/1522 182/182/181 184/184/183
f 728/728/725 182/182/181 1526/1526/1522
f 1820/1820/1803 759/759/756 454/454/453
f 506/506/504 759/759/756 1820/1820/1803
f 505/505/503 1320/1320/1314 758/758/755
f 509/509/507 1320/1320/1314 505/505/503
f 118/118/118 1616/1616/1612 1051/1051/1045
f 1551/1551/1547 1616/1616/1612 118/118/118
f 751/751/748 1942/1942/1923 1589/1589/1585
f 312/312/311 1942/1942/1923 751/751/748
f 547/547/545 252/252/251 254/254/253
f 923/923/919 252/252/251 547/547/545
f 448/448/447 1789/1789/1773 587/587/585
f 1506/1506/1502 1789/1789/1773 448/448/447
f 1996/1996/1977 958/958/954 2000/2000/1981
f 1666/1666/1660 958/958/954 1996/1996/1977
f 1640/1640/1634 240/240/239 242/242/241
f 2158/2158/2134 240/240/239 1640/1640/1634
f 1506/1506/1502 281/281/280 1789/1789/1773
f 1505/1505/1501 281/281/280 1506/1506/1502
f 1605/1605/1601 242/242/241 284/284/283
f 1640/1640/1634 242/242/241 1605/1605/1601
f 1563/1563/1559 2159/2159/2135 1561/1561/1557
f 2160/2160/2134 580/580/578 240/240/239
f 1645/1645/1639 420/420/419 417/417/416
f 1647/1647/1641 420/420/419 1645/1645/1639
f 1563/1563/1559 618/618/1370 2161/2161/2135
f 1649/1649/1643 618/618/1370 1563/1563/1559
f 1044/1044/1038 1205/1205/1199 622/622/619
f 1203/1203/1197 1205/1205/1199 1044/1044/1038
f 560/560/558 1663/1663/1657 561/561/559
f 1665/1665/1659 1663/1663/1657 560/560/558
f 1649/1649/1643 417/417/416 618/618/1370
f 1645/1645/1639 417/417/416 1649/1649/1643
f 1505/1505/1501 284/284/283 281/281/280
f 1605/1605/1601 284/284/283 1505/1505/1501
f 2092/2092/2070 1147/1147/1141 379/379/378
f 1705/1705/1698 1147/1147/1141 2092/2092/2070
f 941/941/937 2092/2092/2070 379/379/378
f 2091/2091/2069 2092/2092/2070 941/941/937
f 1937/1937/1918 915/915/911 1757/1757/1750
f 1936/1936/1917 915/915/911 1937/1937/1918
f 1647/1647/1641 622/622/619 420/420/419
f 1044/1044/1038 622/622/619 1647/1647/1641
f 520/520/518 1587/1587/1583 1032/1032/1026
f 496/496/494 1587/1587/1583 520/520/518
f 1774/1774/1760 887/887/883 1177/1177/1171
f 885/885/881 887/887/883 1774/1774/1760
f 887/887/883 459/459/458 1177/1177/1171
f 886/886/882 459/459/458 887/887/883
f 1995/1995/1976 10/10/10 1321/1321/1315
f 1335/1335/1329 10/10/10 1995/1995/1976
f 972/972/968 2070/2070/2052 973/973/969
f 969/969/965 2070/2070/2052 972/972/968
f 2041/2041/2022 947/947/943 362/362/361
f 1264/1264/1258 947/947/943 2041/2041/2022
f 1997/1997/1978 1058/1058/1052 1346/1346/1340
f 1844/1844/1827 1058/1058/1052 1997/1997/1978
f 1491/1491/1487 701/701/698 700/700/697
f 1491/1491/1487 702/702/699 701/701/698
f 924/924/920 1973/1973/1954 925/925/921
f 1100/1100/1094 1973/1973/1954 924/924/920
f 59/59/59 1961/1961/1942 1052/1052/1046
f 118/118/118 1961/1961/1942 59/59/59
f 838/838/834 330/330/329 332/332/331
f 837/837/833 330/330/329 838/838/834
f 1189/1189/1183 2059/2059/2040 2060/2060/2041
f 168/168/168 2059/2059/2040 1189/1189/1183
f 1124/1124/1118 2007/2007/1988 843/843/839
f 83/83/83 2007/2007/1988 1124/1124/1118
f 233/233/232 232/232/231 1624/1624/1620
f 1623/1623/1619 233/233/232 1624/1624/1620
f 2060/2060/2041 112/112/112 114/114/114
f 321/321/320 112/112/112 2060/2060/2041
f 1994/1994/1975 1185/1185/1179 2014/2014/1995
f 271/271/270 1185/1185/1179 1994/1994/1975
f 1243/1243/1237 1966/1966/1947 504/504/502
f 47/47/47 1966/1966/1947 1243/1243/1237
f 1936/1936/1917 579/579/577 915/915/911
f 577/577/575 579/579/577 1936/1936/1917
f 219/219/218 1229/1229/1223 220/220/219
f 719/719/716 1229/1229/1223 219/219/218
f 2135/2135/2109 130/130/130 1456/1456/1452
f 128/128/128 130/130/130 2135/2135/2109
f 1340/1340/1334 142/142/142 1338/1338/1332
f 469/469/468 142/142/142 1340/1340/1334
f 1590/1590/1586 1962/1962/1943 1466/1466/1463
f 1585/1585/1581 1962/1962/1943 1590/1590/1586
f 1903/1903/1885 926/926/922 1317/1317/1311
f 325/325/324 926/926/922 1903/1903/1885
f 2078/2078/2058 900/900/896 1252/1252/1246
f 160/160/160 900/900/896 2078/2078/2058
f 1883/1883/1866 1346/1346/1340 721/721/718
f 1997/1997/1978 1346/1346/1340 1883/1883/1866
f 1636/1636/1632 1361/1361/1355 1362/1362/1356
f 436/436/435 1361/1361/1355 1636/1636/1632
f 1020/1020/1015 1905/1905/1887 309/309/308
f 1218/1218/1212 1905/1905/1887 1020/1020/1015
f 2162/2162/2136 2030/2030/2010 2031/2031/2012
f 2163/2163/2137 2164/2164/2137 1427/1427/2138
f 596/596/594 598/598/596 2165/2165/2139
f 1549/1549/1545 2166/2166/2140 1547/1547/1543
f 1784/1784/1768 394/394/393 554/554/552
f 1087/1087/1081 394/394/393 1784/1784/1768
f 1992/1992/1973 511/511/509 199/199/198
f 114/114/114 511/511/509 1992/1992/1973
f 1254/1254/1248 1610/1610/1606 1607/1607/1603
f 1608/1608/1604 1610/1610/1606 1254/1254/1248
f 698/698/695 1075/1075/1069 1940/1940/1921
f 698/698/695 1940/1940/1921 699/699/696
f 352/352/351 1089/1089/1083 289/289/288
f 351/351/350 1089/1089/1083 352/352/351
f 1089/1089/1083 1931/1931/1912 289/289/288
f 2167/2167/2141 1931/1931/1912 1089/1089/1083
f 1412/1412/1408 1796/1796/1780 2168/2168/2142
f 1458/1458/1454 2169/2169/2143 1457/1457/1453
f 2045/2045/2026 2023/2023/2004 762/762/759
f 1344/1344/1338 2023/2023/2004 2045/2045/2026
f 761/761/758 2045/2045/2026 762/762/759
f 1119/1119/1113 2045/2045/2026 761/761/758
f 390/390/389 1847/1847/1830 1965/1965/1946
f 177/177/176 1847/1847/1830 390/390/389
f 1635/1635/1631 49/49/49 51/51/51
f 1362/1362/1356 49/49/49 1635/1635/1631
f 630/630/627 1672/1672/1666 205/205/204
f 2170/2170/2144 2171/2171/2144 202/202/2145
f 1880/1880/1863 477/477/475 1212/1212/1206
f 1882/1882/1865 477/477/475 1880/1880/1863
f 2025/2025/2006 901/901/897 903/903/899
f 1074/1074/1068 901/901/897 2025/2025/2006
f 1528/1528/1524 983/983/978 529/529/527
f 310/310/309 983/983/978 1528/1528/1524
f 876/876/872 2132/2132/2106 2035/2035/2016
f 1144/1144/1138 2132/2132/2106 876/876/872
f 2132/2132/2106 2172/2172/2146 2035/2035/2016
f 2022/2022/2003 2172/2172/2146 2132/2132/2106
f 1884/1884/1867 2173/2173/2147 2174/2174/2148
f 1586/1586/1582 1884/1884/1867 2174/2174/2148
f 1586/1586/1582 2174/2174/2148 2175/2175/2149
f 2176/2176/2150 2177/2177/2150 1885/1885/2151
f 1333/1333/1327 1620/1620/1616 1334/1334/1328
f 1442/1442/1438 1620/1620/1616 1333/1333/1327
f 562/562/560 595/595/593 563/563/561
f 591/591/589 595/595/593 562/562/560
f 991/991/986 1945/1945/1926 995/995/990
f 107/107/107 1945/1945/1926 991/991/986
f 578/578/576 1989/1989/1970 918/918/914
f 220/220/219 1989/1989/1970 578/578/576
f 220/220/219 1981/1981/1962 1989/1989/1970
f 1229/1229/1223 1981/1981/1962 220/220/219
f 1881/1881/1864 1212/1212/1206 1861/1861/1843
f 1880/1880/1863 1212/1212/1206 1881/1881/1864
f 2137/2137/2111 1626/1626/1622 1625/1625/1621
f 2137/2137/2111 2178/2178/2152 1626/1626/1622
f 773/773/770 2179/2179/2153 2137/2137/2111
f 2179/2179/2153 2180/2180/2154 2137/2137/2111
f 2061/2061/2042 2181/2181/2155 2179/2179/2153
f 773/773/770 2061/2061/2042 2179/2179/2153
f 1348/1348/1342 1714/1714/1707 14/14/14
f 145/145/145 1714/1714/1707 1348/1348/1342
f 1043/1043/1037 1203/1203/1197 1044/1044/1038
f 1863/1863/1845 1203/1203/1197 1043/1043/1037
f 1850/1850/1833 1224/1224/1218 1583/1583/1579
f 1066/1066/1060 1224/1224/1218 1850/1850/1833
f 1193/1193/1187 571/571/569 572/572/570
f 1295/1295/1290 571/571/569 1193/1193/1187
f 2014/2014/1995 1187/1187/1181 1984/1984/1965
f 1185/1185/1179 1187/1187/1181 2014/2014/1995
f 457/457/456 1933/1933/1914 458/458/457
f 883/883/879 1933/1933/1914 457/457/456
f 2152/2152/2125 845/845/841 493/493/491
f 667/667/664 845/845/841 2152/2152/2125
f 1793/1793/1777 1474/1474/1471 1739/1739/1732
f 1473/1473/1470 1474/1474/1471 1793/1793/1777
f 1760/1760/1753 815/815/812 253/253/252
f 922/922/918 815/815/812 1760/1760/1753
f 1249/1249/1243 1342/1342/1336 1752/1752/1745
f 1339/1339/1333 1342/1342/1336 1249/1249/1243
f 2182/2182/2156 364/364/363 2183/2183/2157
f 362/362/361 364/364/363 2182/2182/2156
f 935/935/931 589/589/587 1113/1113/1107
f 587/587/585 589/589/587 935/935/931
f 2184/2184/2158 921/921/917 669/669/666
f 919/919/915 921/921/917 2184/2184/2158
f 345/345/344 2184/2184/2158 669/669/666
f 919/919/915 2184/2184/2158 345/345/344
f 1338/1338/1332 1112/1112/1106 1341/1341/1335
f 142/142/142 1112/1112/1106 1338/1338/1332
f 866/866/862 1113/1113/1107 867/867/863
f 935/935/931 1113/1113/1107 866/866/862
f 1241/1241/1235 1746/1746/1739 1186/1186/1180
f 2018/2018/1999 1746/1746/1739 1241/1241/1235
f 161/161/161 2046/2046/2027 162/162/162
f 287/287/286 2046/2046/2027 161/161/161
f 79/79/79 648/648/645 2015/2015/1996
f 2185/2185/2159 2186/2186/2159 1748/1748/2160
f 1111/1111/1105 358/358/357 793/793/790
f 357/357/356 358/358/357 1111/1111/1105
f 843/843/839 1991/1991/1972 961/961/957
f 2007/2007/1988 1991/1991/1972 843/843/839
f 2018/2018/1999 1748/1748/1741 1746/1746/1739
f 2187/2187/2159 1748/1748/1741 2018/2018/1999
f 1250/1250/1244 1752/1752/1745 1360/1360/1354
f 1249/1249/1243 1752/1752/1745 1250/1250/1244
f 1359/1359/1353 1322/1322/1316 1358/1358/1352
f 1321/1321/1315 1322/1322/1316 1359/1359/1353
f 718/718/715 1984/1984/1965 1983/1983/1964
f 2014/2014/1995 1984/1984/1965 718/718/715
f 1386/1386/1381 1949/1949/1930 450/450/449
f 1103/1103/1097 1949/1949/1930 1386/1386/1381
f 727/727/724 2036/2036/2017 729/729/726
f 1276/1276/1270 2036/2036/2017 727/727/724
f 1855/1855/1837 1491/1491/1487 700/700/697
f 2188/2188/2161 1855/1855/1837 700/700/697
f 226/226/225 1701/1701/1694 444/444/443
f 98/98/98 1701/1701/1694 226/226/225
f 1826/1826/1809 1661/1661/1655 1825/1825/1808
f 1437/1437/1433 1661/1661/1655 1826/1826/1809
f 1308/1308/1303 610/610/608 609/609/607
f 1311/1311/1305 610/610/608 1308/1308/1303
f 925/925/921 2189/2189/2162 1201/1201/1195
f 1973/1973/1954 2189/2189/2162 925/925/921
f 1887/1887/2043 452/452/451 451/451/450
f 1629/1629/1625 1680/1680/1794 451/451/450
f 936/936/932 2038/2038/2019 937/937/933
f 2040/2040/2021 2038/2038/2019 936/936/932
f 1858/1858/1840 1529/1529/1525 1985/1985/1966
f 2000/2000/1981 1529/1529/1525 1858/1858/1840
f 243/243/242 2067/2067/2049 244/244/243
f 2049/2049/2030 2067/2067/2049 243/243/242
f 2119/2119/2095 2141/2141/2115 2118/2118/2094
f 1315/1315/1309 2141/2141/2115 2119/2119/2095
f 1717/1717/1710 2119/2119/2095 1152/1152/1146
f 1315/1315/1309 2119/2119/2095 1717/1717/1710
f 1198/1198/1192 1985/1985/1966 11/11/11
f 1858/1858/1840 1985/1985/1966 1198/1198/1192
f 2022/2022/2003 2190/2190/2163 2172/2172/2146
f 2021/2021/2002 2190/2190/2163 2022/2022/2003
f 1849/1849/1832 324/324/323 1200/1200/1194
f 795/795/792 324/324/323 1849/1849/1832
f 613/613/611 1779/1779/1763 614/614/612
f 363/363/362 1779/1779/1763 613/613/611
f 940/940/936 2091/2091/2069 941/941/937
f 1271/1271/1265 2091/2091/2069 940/940/936
f 1196/1196/1190 311/311/310 1528/1528/1524
f 309/309/308 311/311/310 1196/1196/1190
f 1948/1948/1929 1264/1264/1258 2041/2041/2022
f 950/950/946 1264/1264/1258 1948/1948/1929
f 1930/1930/1911 798/798/795 1206/1206/1200
f 1010/1010/1005 798/798/795 1930/1930/1911
f 960/960/956 1240/1240/1234 1530/1530/1526
f 959/959/955 1240/1240/1234 960/960/956
f 1977/1977/1958 971/971/967 355/355/354
f 970/970/966 971/971/967 1977/1977/1958
f 1303/1303/1298 720/720/717 722/722/719
f 724/724/721 720/720/717 1303/1303/1298
f 688/688/685 1782/1782/1766 365/365/364
f 2191/2191/2164 1782/1782/1766 688/688/685
f 1358/1358/1352 1754/1754/1747 2012/2012/1993
f 1322/1322/1316 1754/1754/1747 1358/1358/1352
f 918/918/914 1990/1990/1971 1383/1383/1378
f 1989/1989/1970 1990/1990/1971 918/918/914
f 305/305/304 1702/1702/1695 1214/1214/1208
f 1811/1811/1795 1702/1702/1695 305/305/304
f 886/886/882 2095/2095/2073 459/459/458
f 883/883/879 2095/2095/2073 886/886/882
f 1740/1740/1733 146/146/146 148/148/148
f 1474/1474/1471 146/146/146 1740/1740/1733
f 1373/1373/1367 2182/2182/2156 2192/2192/2165
f 362/362/361 2182/2182/2156 1373/1373/1367
f 594/594/592 1963/1963/1944 1665/1665/1659
f 939/939/935 1963/1963/1944 594/594/592
f 1579/1579/1575 694/694/691 696/696/693
f 743/743/740 694/694/691 1579/1579/1575
f 1424/1424/1420 1898/1898/1881 58/58/58
f 1423/1423/1419 1898/1898/1881 1424/1424/1420
f 1726/1726/1719 1129/1129/1123 653/653/650
f 1725/1725/1718 1129/1129/1123 1726/1726/1719
f 2071/2071/2053 1878/1878/1861 2072/2072/2054
f 969/969/965 1878/1878/1861 2071/2071/2053
f 1217/1217/1211 1019/1019/1014 1621/1621/1617
f 1017/1017/1012 1019/1019/1014 1217/1217/1211
f 1019/1019/1014 2069/2069/2051 1621/1621/1617
f 1018/1018/1013 2069/2069/2051 1019/1019/1014
f 310/310/309 1800/1800/1784 527/527/525
f 1334/1334/1328 1800/1800/1784 310/310/309
f 985/985/980 1965/1965/1946 986/986/981
f 390/390/389 1965/1965/1946 985/985/980
f 1983/1983/1964 19/19/19 1982/1982/1963
f 1984/1984/1965 19/19/19 1983/1983/1964
f 1261/1261/1255 948/948/944 950/950/946
f 1261/1261/1255 950/950/946 1948/1948/1929
f 2193/2193/2166 1947/1947/1928 1262/1262/1256
f 1261/1261/1255 1948/1948/1929 1947/1947/1928
f 1261/1261/1255 2193/2193/2166 1262/1262/1256
f 1261/1261/1255 1947/1947/1928 2193/2193/2166
f 1769/1769/1758 297/297/296 1762/1762/1754
f 1307/1307/1302 297/297/296 1769/1769/1758
f 144/144/144 1062/1062/1056 1471/1471/1468
f 3/3/3 1062/1062/1056 144/144/144
f 1882/1882/1865 1728/1728/1721 477/477/475
f 1729/1729/1722 1728/1728/1721 1882/1882/1865
f 11/11/11 1986/1986/1967 2011/2011/1992
f 1985/1985/1966 1986/1986/1967 11/11/11
f 78/78/78 2009/2009/1990 2194/2194/2167
f 1360/1360/1354 2009/2009/1990 78/78/78
f 188/188/187 1032/1032/1026 1292/1292/1287
f 521/521/519 1032/1032/1026 188/188/187
f 2030/2030/2010 234/234/233 1852/1852/2011
f 1852/1852/2011 234/234/233 2195/2195/2168
f 2029/2029/2009 235/235/234 234/234/233
f 2030/2030/2010 2029/2029/2009 234/234/233
f 141/141/141 2012/2012/1993 1987/1987/1968
f 1358/1358/1352 2012/2012/1993 141/141/141
f 946/946/942 1893/1893/1876 363/363/362
f 58/58/58 1893/1893/1876 946/946/942
f 1223/1223/1217 1583/1583/1579 344/344/343
f 1850/1850/1833 1583/1583/1579 1223/1223/1217
f 1191/1191/1185 1953/1953/1934 1189/1189/1183
f 1443/1443/1439 1953/1953/1934 1191/1191/1185
f 917/917/913 839/839/835 841/841/837
f 916/916/912 839/839/835 917/917/913
f 1360/1360/1354 1753/1753/1746 2009/2009/1990
f 1752/1752/1745 1753/1753/1746 1360/1360/1354
f 655/655/652 151/151/151 383/383/382
f 654/654/651 151/151/151 655/655/652
f 1186/1186/1180 1747/1747/1740 717/717/714
f 1746/1746/1739 1747/1747/1740 1186/1186/1180
f 1823/1823/1806 68/68/68 1577/1577/1573
f 1829/1829/1812 68/68/68 1823/1823/1806
f 916/916/912 1383/1383/1378 839/839/835
f 918/918/914 1383/1383/1378 916/916/912
f 1707/1707/1700 1815/1815/1798 483/483/481
f 1706/1706/1699 1815/1815/1798 1707/1707/1700
f 1341/1341/1335 1988/1988/1969 491/491/489
f 1112/1112/1106 1988/1988/1969 1341/1341/1335
f 2039/2039/2020 2196/2196/2169 937/937/933
f 2040/2040/2021 2196/2196/2169 2039/2039/2020
f 764/764/761 1211/1211/1205 1100/1100/1094
f 1177/1177/1171 1211/1211/1205 764/764/761
f 134/134/134 1282/1282/1276 135/135/135
f 337/337/336 1282/1282/1276 134/134/134
f 1828/1828/1811 85/85/85 952/952/948
f 186/186/185 85/85/85 1828/1828/1811
f 1002/1002/997 601/601/599 1659/1659/1653
f 599/599/597 601/601/599 1002/1002/997
f 1680/1680/1794 1887/1887/2043 451/451/450
f 2197/2197/2170 1887/1887/2043 1680/1680/1794
f 730/730/727 361/361/360 731/731/728
f 735/735/732 361/361/360 730/730/727
f 1688/1688/1681 1399/1399/1395 1397/1397/1393
f 1687/1687/1680 1399/1399/1395 1688/1688/1681
f 1176/1176/1170 2198/2198/2171 1999/1999/1980
f 458/458/457 2198/2198/2171 1176/1176/1170
f 2198/2198/2171 2199/2199/2172 1999/1999/1980
f 458/458/457 2199/2199/2172 2198/2198/2171
f 1829/1829/1812 952/952/948 68/68/68
f 1828/1828/1811 952/952/948 1829/1829/1812
f 1077/1077/1071 1699/1699/1692 1534/1534/1530
f 1077/1077/1071 1534/1534/1530 1533/1533/1529
f 1690/1690/1683 1871/1871/1853 1569/1569/1565
f 1692/1692/1685 1871/1871/1853 1690/1690/1683
f 1687/1687/1680 1463/1463/1459 1399/1399/1395
f 1260/1260/1254 1463/1463/1459 1687/1687/1680
f 961/961/957 1783/1783/1767 959/959/955
f 1991/1991/1972 1783/1783/1767 961/961/957
f 22/22/22 1803/1803/1787 23/23/23
f 1801/1801/1785 1803/1803/1787 22/22/22
f 989/989/984 1786/1786/1770 129/129/129
f 189/189/188 1786/1786/1770 989/989/984
f 1259/1259/1253 1571/1571/1567 1870/1870/1852
f 1569/1569/1565 1571/1571/1567 1259/1259/1253
f 1692/1692/1685 174/174/1854 1871/1871/1853
f 2200/2200/172 174/174/1854 1692/1692/1685
f 1127/1127/1121 447/447/446 449/449/448
f 1890/1890/1873 447/447/446 1127/1127/1121
f 1832/1832/1815 1576/1576/1572 658/658/655
f 1574/1574/1570 1576/1576/1572 1832/1832/1815
f 1982/1982/1963 21/21/21 1422/1422/1418
f 19/19/19 21/21/21 1982/1982/1963
f 724/724/721 1460/1460/1456 720/720/717
f 503/503/501 1460/1460/1456 724/724/721
f 1803/1803/1787 1723/1723/1716 23/23/23
f 2201/2201/1856 2202/2202/1856 1872/1872/2173
f 1891/1891/1874 934/934/930 1256/1256/1250
f 1128/1128/1122 934/934/930 1891/1891/1874
f 1837/1837/1820 757/757/754 753/753/750
f 1481/1481/1478 757/757/754 1837/1837/1820
f 1009/1009/1004 1861/1861/1843 1864/1864/1846
f 1881/1881/1864 1861/1861/1843 1009/1009/1004
f 2079/2079/2059 1644/1644/1638 1646/1646/1640
f 944/944/940 1644/1644/1638 2079/2079/2059
f 1482/1482/1479 1163/1163/1157 755/755/752
f 1833/1833/1816 1163/1163/1157 1482/1482/1479
f 507/507/505 2037/2037/2018 508/508/506
f 871/871/867 2037/2037/2018 507/507/505
f 910/910/906 1199/1199/1193 636/636/633
f 480/480/478 1199/1199/1193 910/910/906
f 2081/2081/2061 1648/1648/1642 1560/1560/1556
f 2080/2080/2060 1648/1648/1642 2081/2081/2061
f 2084/2084/2064 1562/1562/1558 2085/2085/2065
f 2203/2203/2174 2204/2204/2174 1641/1641/2175
f 2082/2082/2062 1641/1641/1635 1604/1604/1600
f 2205/2205/2176 1641/1641/1635 2082/2082/2062
f 1889/1889/1872 1604/1604/1600 1504/1504/1500
f 2082/2082/2062 1604/1604/1600 1889/1889/1872
f 1024/1024/1387 1654/1654/1648 2206/2206/2177
f 1652/1652/1646 1654/1654/1648 1024/1024/1387
f 2080/2080/2060 1646/1646/1640 1648/1648/1642
f 2079/2079/2059 1646/1646/1640 2080/2080/2060
f 1293/1293/1288 988/988/983 368/368/367
f 1292/1292/1287 988/988/983 1293/1293/1288
f 2084/2084/2064 1560/1560/1556 1562/1562/1558
f 2081/2081/2061 1560/1560/1556 2084/2084/2064
f 1582/1582/1578 1065/1065/1059 344/344/343
f 1224/1224/1218 1065/1065/1059 1582/1582/1578
f 290/290/289 1960/1960/1941 939/939/935
f 289/289/288 1960/1960/1941 290/290/289
f 124/124/124 1808/1808/1792 1304/1304/1299
f 124/124/124 1304/1304/1299 1699/1699/1692
f 1890/1890/1873 1504/1504/1500 447/447/446
f 1889/1889/1872 1504/1504/1500 1890/1890/1873
f 1497/1497/1493 1914/1914/1896 485/485/483
f 1707/1707/1700 1914/1914/1896 1497/1497/1493
f 944/944/940 1045/1045/1039 1644/1644/1638
f 943/943/939 1045/1045/1039 944/944/940
f 1934/1934/1915 2207/2207/2178 458/458/457
f 1935/1935/1916 2207/2207/2178 1934/1934/1915
f 1735/1735/1728 808/808/805 64/64/64
f 1734/1734/1727 808/808/805 1735/1735/1728
f 800/800/797 1863/1863/1845 1043/1043/1037
f 799/799/796 1863/1863/1845 800/800/797
f 109/109/109 753/753/750 110/110/110
f 1837/1837/1820 753/753/750 109/109/109
f 1128/1128/1122 449/449/448 934/934/930
f 1127/1127/1121 449/449/448 1128/1128/1122
f 2020/2020/2001 693/693/690 1104/1104/1098
f 691/691/688 693/693/690 2020/2020/2001
f 1911/1911/1893 1085/1085/1079 750/750/747
f 1086/1086/1080 1085/1085/1079 1911/1911/1893
f 236/236/235 1874/1874/1857 2208/2208/2179
f 1263/1263/1257 1874/1874/1857 236/236/235
f 1290/1290/1285 1397/1397/1393 1291/1291/1286
f 1688/1688/1681 1397/1397/1393 1290/1290/1285
f 502/502/500 1844/1844/1827 1997/1997/1978
f 303/303/302 1844/1844/1827 502/502/500
f 799/799/796 1864/1864/1846 1863/1863/1845
f 1009/1009/1004 1864/1864/1846 799/799/796
f 1606/1606/1602 1072/1072/1066 1074/1074/1068
f 1252/1252/1246 1072/1072/1066 1606/1606/1602
f 1230/1230/1224 549/549/547 20/20/20
f 717/717/714 549/549/547 1230/1230/1224
f 304/304/303 1811/1811/1795 305/305/304
f 713/713/710 1811/1811/1795 304/304/303
f 1161/1161/1155 379/379/378 1162/1162/1156
f 941/941/937 379/379/378 1161/1161/1155
f 1904/1904/1886 706/706/703 708/708/705
f 433/433/432 706/706/703 1904/1904/1886
f 1609/1609/1605 1252/1252/1246 1606/1606/1602
f 2078/2078/2058 1252/1252/1246 1609/1609/1605
f 631/631/628 268/268/267 632/632/629
f 266/266/265 268/268/267 631/631/628
f 585/585/583 1430/1430/1426 301/301/300
f 865/865/861 1430/1430/1426 585/585/583
f 1695/1695/1688 37/37/37 39/39/39
f 1111/1111/1105 37/37/37 1695/1695/1688
f 2013/2013/1994 1499/1499/1495 1278/1278/1272
f 1403/1403/1399 1499/1499/1495 2013/2013/1994
f 1907/1907/1889 1076/1076/1070 376/376/375
f 564/564/562 1076/1076/1070 1907/1907/1889
f 2189/2189/2162 1975/1975/1956 1201/1201/1195
f 1973/1973/1954 1975/1975/1956 2189/2189/2162
f 1987/1987/1968 646/646/643 296/296/295
f 2012/2012/1993 646/646/643 1987/1987/1968
f 1785/1785/1769 1087/1087/1081 1784/1784/1768
f 841/841/837 1087/1087/1081 1785/1785/1769
f 1821/1821/1804 454/454/453 795/795/792
f 1820/1820/1803 454/454/453 1821/1821/1804
f 1964/1964/1945 941/941/937 1160/1160/1154
f 939/939/935 941/941/937 1964/1964/1945
f 1704/1704/1697 99/99/99 225/225/224
f 97/97/97 99/99/99 1704/1704/1697
f 1531/1531/1527 255/255/254 533/533/531
f 1530/1530/1526 255/255/254 1531/1531/1527
f 635/635/632 1941/1941/1922 742/742/739
f 634/634/631 1941/1941/1922 635/635/632
f 911/911/907 636/636/633 638/638/635
f 910/910/906 636/636/633 911/911/907
f 12/12/12 2011/2011/1992 872/872/868
f 11/11/11 2011/2011/1992 12/12/12
f 877/877/873 760/760/757 762/762/759
f 1120/1120/1114 760/760/757 877/877/873
f 350/350/349 1879/1879/1862 1008/1008/1003
f 349/349/348 1879/1879/1862 350/350/349
f 1825/1825/1808 1405/1405/1401 1794/1794/1778
f 1661/1661/1655 1405/1405/1401 1825/1825/1808
f 359/359/358 1316/1316/1310 360/360/359
f 738/738/735 1316/1316/1310 359/359/358
f 654/654/651 149/149/149 151/151/151
f 320/320/319 149/149/149 654/654/651
f 1091/1091/1085 2040/2040/2021 1092/1092/1086
f 2209/2209/2180 2040/2040/2021 1091/1091/1085
f 2094/2094/2072 1625/1625/1621 2210/2210/2181
f 774/774/771 2094/2094/2072 2210/2210/2181
f 2210/2210/2181 1625/1625/1621 1771/1771/1759
f 774/774/771 2210/2210/2181 1771/1771/1759
