# Blender v3.0.0 OBJ File: ''
# www.blender.org
mtllib chair.mtl
o office_chair.lwo
v -0.023441 -0.777644 0.603473
v -0.023441 -0.791556 0.600989
v -0.016583 -0.810510 0.703687
v -0.016583 -0.803236 0.708119
v -0.030150 -0.760660 0.504897
v -0.030150 -0.778844 0.503337
v -0.037008 -0.749116 0.403791
v -0.037008 -0.770474 0.402887
v -0.043718 -0.741444 0.304529
v -0.043718 -0.766562 0.304529
v -0.050576 -0.767542 0.203635
v -0.050576 -0.738750 0.203635
v -0.016583 -0.828348 0.727621
v -0.016583 -0.828386 0.705629
v 0.000097 -0.828386 0.705629
v 0.000097 -0.828348 0.727621
v 0.000097 -0.810510 0.703687
v 0.000097 -0.791556 0.600989
v 0.000097 -0.803236 0.708119
v 0.000097 -0.777644 0.603473
v 0.000097 -0.778844 0.503337
v 0.000097 -0.760660 0.504897
v 0.000097 -0.770474 0.402887
v 0.000097 -0.749116 0.403791
v 0.000097 -0.766562 0.304529
v -0.000087 -0.767542 0.213193
v 0.000097 -0.741444 0.304529
v -0.000087 -0.738750 0.213193
v 0.016777 -0.810510 0.703687
v 0.023635 -0.791556 0.600989
v 0.023635 -0.777644 0.603473
v 0.016777 -0.803236 0.708119
v 0.030344 -0.778844 0.503337
v 0.030344 -0.760660 0.504897
v 0.037202 -0.770474 0.402887
v 0.037202 -0.749116 0.403791
v 0.043911 -0.766562 0.304529
v 0.043911 -0.741444 0.304529
v 0.050770 -0.767542 0.203635
v 0.050770 -0.738750 0.203635
v 0.016777 -0.828348 0.727621
v 0.016777 -0.828386 0.705629
v -0.016583 -0.814436 0.703687
v -0.023441 -0.795484 0.600989
v -0.023441 -0.810512 0.600989
v -0.016583 -0.822290 0.703687
v -0.030150 -0.782770 0.503337
v -0.030150 -0.803642 0.503337
v -0.037008 -0.774400 0.402887
v -0.037008 -0.801678 0.402887
v -0.043718 -0.770488 0.304529
v -0.043718 -0.801678 0.304529
v -0.050576 -0.771468 0.203635
v -0.050576 -0.804622 0.203635
v 0.000097 -0.814436 0.703687
v 0.000097 -0.795484 0.600989
v 0.000097 -0.822290 0.703687
v 0.000097 -0.810512 0.600989
v 0.000097 -0.782770 0.503337
v 0.000097 -0.803642 0.503337
v 0.000097 -0.774400 0.402887
v 0.000097 -0.801678 0.402887
v 0.000097 -0.770488 0.304529
v 0.000097 -0.801678 0.304529
v -0.000087 -0.771468 0.213193
v -0.000087 -0.804622 0.213193
v 0.023635 -0.810512 0.600989
v 0.023635 -0.795484 0.600989
v 0.016777 -0.814436 0.703687
v 0.016777 -0.822290 0.703687
v 0.030344 -0.803642 0.503337
v 0.030344 -0.782770 0.503337
v 0.037202 -0.801678 0.402887
v 0.037202 -0.774400 0.402887
v 0.043911 -0.801678 0.304529
v 0.043911 -0.770488 0.304529
v 0.050770 -0.771468 0.203635
v 0.050770 -0.804622 0.203635
v -0.489037 -0.777644 0.230995
v -0.486675 -0.791556 0.230227
v -0.582227 -0.810510 0.268485
v -0.586441 -0.803236 0.269855
v -0.397361 -0.760660 0.194153
v -0.395877 -0.778844 0.193669
v -0.303321 -0.749116 0.156385
v -0.302461 -0.770474 0.156107
v -0.210991 -0.741444 0.119331
v -0.210991 -0.766562 0.119331
v -0.117155 -0.767542 0.081631
v -0.117155 -0.738750 0.081631
v -0.604991 -0.828348 0.275881
v -0.584075 -0.828386 0.269085
v -0.578921 -0.828386 0.284949
v -0.599837 -0.828348 0.291745
v -0.577073 -0.810510 0.284349
v -0.479403 -0.791556 0.252613
v -0.581287 -0.803236 0.285717
v -0.481763 -0.777644 0.253379
v -0.386529 -0.778844 0.222437
v -0.388013 -0.760660 0.222919
v -0.290995 -0.770474 0.191395
v -0.291855 -0.749116 0.191675
v -0.197453 -0.766562 0.161001
v -0.112856 -0.767542 0.132739
v -0.197453 -0.741444 0.161001
v -0.112856 -0.738750 0.132739
v -0.571919 -0.810510 0.300211
v -0.472129 -0.791556 0.274999
v -0.474491 -0.777644 0.275765
v -0.576133 -0.803236 0.301581
v -0.377183 -0.778844 0.251203
v -0.378667 -0.760660 0.251685
v -0.279529 -0.770474 0.226685
v -0.280389 -0.749116 0.226965
v -0.183913 -0.766562 0.202671
v -0.183913 -0.741444 0.202671
v -0.085837 -0.767542 0.178017
v -0.085837 -0.738750 0.178017
v -0.594683 -0.828348 0.307607
v -0.573767 -0.828386 0.300811
v -0.582227 -0.814436 0.268485
v -0.486675 -0.795484 0.230227
v -0.486675 -0.810512 0.230227
v -0.582227 -0.822290 0.268485
v -0.395877 -0.782770 0.193669
v -0.395877 -0.803642 0.193669
v -0.302461 -0.774400 0.156107
v -0.302461 -0.801678 0.156107
v -0.210991 -0.770488 0.119331
v -0.210991 -0.801678 0.119331
v -0.117155 -0.771468 0.081631
v -0.117155 -0.804622 0.081631
v -0.577073 -0.814436 0.284349
v -0.479403 -0.795484 0.252613
v -0.577073 -0.822290 0.284349
v -0.479403 -0.810512 0.252613
v -0.386529 -0.782770 0.222437
v -0.386529 -0.803642 0.222437
v -0.290995 -0.774400 0.191395
v -0.290995 -0.801678 0.191395
v -0.197453 -0.770488 0.161001
v -0.197453 -0.801678 0.161001
v -0.112856 -0.771468 0.132739
v -0.112856 -0.804622 0.132739
v -0.472129 -0.810512 0.274999
v -0.472129 -0.795484 0.274999
v -0.571919 -0.814436 0.300211
v -0.571919 -0.822290 0.300211
v -0.377183 -0.803642 0.251203
v -0.377183 -0.782770 0.251203
v -0.279529 -0.801678 0.226685
v -0.279529 -0.774400 0.226685
v -0.183913 -0.801678 0.202671
v -0.183913 -0.770488 0.202671
v -0.085837 -0.771468 0.178017
v -0.085837 -0.804622 0.178017
v -0.278667 -0.777644 -0.326917
v -0.277207 -0.791556 -0.324907
v -0.343119 -0.810510 -0.403961
v -0.345725 -0.803236 -0.407545
v -0.215299 -0.760660 -0.251111
v -0.214381 -0.778844 -0.249849
v -0.150320 -0.749116 -0.173345
v -0.149789 -0.770474 -0.172613
v -0.086549 -0.741444 -0.096985
v -0.086549 -0.766562 -0.096985
v -0.021696 -0.767542 -0.019391
v -0.021696 -0.738750 -0.019391
v -0.357189 -0.828348 -0.423325
v -0.344261 -0.828386 -0.405533
v -0.357757 -0.828386 -0.395729
v -0.370683 -0.828348 -0.413521
v -0.356615 -0.810510 -0.394157
v -0.296249 -0.791556 -0.311073
v -0.359219 -0.803236 -0.397741
v -0.297709 -0.777644 -0.313081
v -0.238851 -0.778844 -0.232071
v -0.239769 -0.760660 -0.233333
v -0.179808 -0.770474 -0.150803
v -0.180339 -0.749116 -0.151535
v -0.121995 -0.766562 -0.071231
v -0.069782 -0.767542 0.002561
v -0.121995 -0.741444 -0.071231
v -0.069782 -0.738750 0.002561
v -0.370109 -0.810510 -0.384353
v -0.315293 -0.791556 -0.297237
v -0.316751 -0.777644 -0.299245
v -0.372713 -0.803236 -0.387937
v -0.263321 -0.778844 -0.214291
v -0.264239 -0.760660 -0.215553
v -0.209827 -0.770474 -0.128993
v -0.210359 -0.749116 -0.129725
v -0.157442 -0.766562 -0.045479
v -0.157442 -0.741444 -0.045479
v -0.103686 -0.767542 0.040179
v -0.103686 -0.738750 0.040179
v -0.384177 -0.828348 -0.403717
v -0.371251 -0.828386 -0.385925
v -0.343119 -0.814436 -0.403961
v -0.277207 -0.795484 -0.324907
v -0.277207 -0.810512 -0.324907
v -0.343119 -0.822290 -0.403961
v -0.214381 -0.782770 -0.249849
v -0.214381 -0.803642 -0.249849
v -0.149789 -0.774400 -0.172613
v -0.149789 -0.801678 -0.172613
v -0.086549 -0.770488 -0.096985
v -0.086549 -0.801678 -0.096985
v -0.021696 -0.771468 -0.019391
v -0.021696 -0.804622 -0.019391
v -0.356615 -0.814436 -0.394157
v -0.296249 -0.795484 -0.311073
v -0.356615 -0.822290 -0.394157
v -0.296249 -0.810512 -0.311073
v -0.238851 -0.782770 -0.232071
v -0.238851 -0.803642 -0.232071
v -0.179808 -0.774400 -0.150803
v -0.179808 -0.801678 -0.150803
v -0.121995 -0.770488 -0.071231
v -0.121995 -0.801678 -0.071231
v -0.069782 -0.771468 0.002561
v -0.069782 -0.804622 0.002561
v -0.315293 -0.810512 -0.297237
v -0.315293 -0.795484 -0.297237
v -0.370109 -0.814436 -0.384353
v -0.370109 -0.822290 -0.384353
v -0.263321 -0.803642 -0.214291
v -0.263321 -0.782770 -0.214291
v -0.209827 -0.801678 -0.128993
v -0.209827 -0.774400 -0.128993
v -0.157442 -0.801678 -0.045479
v -0.157442 -0.770488 -0.045479
v -0.103686 -0.771468 0.040179
v -0.103686 -0.804622 0.040179
v 0.316945 -0.777644 -0.299245
v 0.315487 -0.791556 -0.297237
v 0.370303 -0.810510 -0.384353
v 0.372907 -0.803236 -0.387937
v 0.264433 -0.760660 -0.215553
v 0.263515 -0.778844 -0.214291
v 0.210551 -0.749116 -0.129725
v 0.210021 -0.770474 -0.128993
v 0.157636 -0.741444 -0.045479
v 0.157636 -0.766562 -0.045479
v 0.103880 -0.767542 0.040179
v 0.103880 -0.738750 0.040179
v 0.384371 -0.828348 -0.403717
v 0.371445 -0.828386 -0.385925
v 0.357949 -0.828386 -0.395729
v 0.370877 -0.828348 -0.413521
v 0.356809 -0.810510 -0.394157
v 0.296443 -0.791556 -0.311073
v 0.359413 -0.803236 -0.397741
v 0.297903 -0.777644 -0.313081
v 0.239045 -0.778844 -0.232071
v 0.239963 -0.760660 -0.233333
v 0.180002 -0.770474 -0.150803
v 0.180533 -0.749116 -0.151535
v 0.122189 -0.766562 -0.071231
v 0.069607 -0.767542 0.002561
v 0.122189 -0.741444 -0.071231
v 0.069607 -0.738750 0.002561
v 0.343313 -0.810510 -0.403961
v 0.277401 -0.791556 -0.324907
v 0.278861 -0.777644 -0.326917
v 0.345919 -0.803236 -0.407545
v 0.214575 -0.778844 -0.249849
v 0.215493 -0.760660 -0.251111
v 0.149983 -0.770474 -0.172613
v 0.150514 -0.749116 -0.173345
v 0.086743 -0.766562 -0.096985
v 0.086743 -0.741444 -0.096985
v 0.021890 -0.767542 -0.019391
v 0.021890 -0.738750 -0.019391
v 0.357383 -0.828348 -0.423325
v 0.344455 -0.828386 -0.405533
v 0.370303 -0.814436 -0.384353
v 0.315487 -0.795484 -0.297237
v 0.315487 -0.810512 -0.297237
v 0.370303 -0.822290 -0.384353
v 0.263515 -0.782770 -0.214291
v 0.263515 -0.803642 -0.214291
v 0.210021 -0.774400 -0.128993
v 0.210021 -0.801678 -0.128993
v 0.157636 -0.770488 -0.045479
v 0.157636 -0.801678 -0.045479
v 0.103880 -0.771468 0.040179
v 0.103880 -0.804622 0.040179
v 0.356809 -0.814436 -0.394157
v 0.296443 -0.795484 -0.311073
v 0.356809 -0.822290 -0.394157
v 0.296443 -0.810512 -0.311073
v 0.239045 -0.782770 -0.232071
v 0.239045 -0.803642 -0.232071
v 0.180002 -0.774400 -0.150803
v 0.180002 -0.801678 -0.150803
v 0.122189 -0.770488 -0.071231
v 0.122189 -0.801678 -0.071231
v 0.069607 -0.771468 0.002561
v 0.069607 -0.804622 0.002561
v 0.277401 -0.810512 -0.324907
v 0.277401 -0.795484 -0.324907
v 0.343313 -0.814436 -0.403961
v 0.343313 -0.822290 -0.403961
v 0.214575 -0.803642 -0.249849
v 0.214575 -0.782770 -0.249849
v 0.149983 -0.801678 -0.172613
v 0.149983 -0.774400 -0.172613
v 0.086743 -0.801678 -0.096985
v 0.086743 -0.770488 -0.096985
v 0.021890 -0.771468 -0.019391
v 0.021890 -0.804622 -0.019391
v 0.474683 -0.777644 0.275765
v 0.472323 -0.791556 0.274999
v 0.572113 -0.810510 0.300211
v 0.576327 -0.803236 0.301581
v 0.378861 -0.760660 0.251685
v 0.377377 -0.778844 0.251203
v 0.280583 -0.749116 0.226965
v 0.279723 -0.770474 0.226685
v 0.184107 -0.741444 0.202671
v 0.184107 -0.766562 0.202671
v 0.086031 -0.767542 0.178017
v 0.086031 -0.738750 0.178017
v 0.594877 -0.828348 0.307607
v 0.573961 -0.828386 0.300811
v 0.579115 -0.828386 0.284949
v 0.600031 -0.828348 0.291745
v 0.577267 -0.810510 0.284349
v 0.479597 -0.791556 0.252613
v 0.581481 -0.803236 0.285717
v 0.481957 -0.777644 0.253379
v 0.386723 -0.778844 0.222437
v 0.388207 -0.760660 0.222919
v 0.291189 -0.770474 0.191395
v 0.292049 -0.749116 0.191675
v 0.197646 -0.766562 0.161001
v 0.112681 -0.767542 0.132739
v 0.197646 -0.741444 0.161001
v 0.112681 -0.738750 0.132739
v 0.582421 -0.810510 0.268485
v 0.486869 -0.791556 0.230227
v 0.489231 -0.777644 0.230995
v 0.586637 -0.803236 0.269855
v 0.396071 -0.778844 0.193669
v 0.397555 -0.760660 0.194153
v 0.302655 -0.770474 0.156107
v 0.303515 -0.749116 0.156385
v 0.211185 -0.766562 0.119331
v 0.211185 -0.741444 0.119331
v 0.117349 -0.767542 0.081631
v 0.117349 -0.738750 0.081631
v 0.605185 -0.828348 0.275881
v 0.584269 -0.828386 0.269085
v 0.572113 -0.814436 0.300211
v 0.472323 -0.795484 0.274999
v 0.472323 -0.810512 0.274999
v 0.572113 -0.822290 0.300211
v 0.377377 -0.782770 0.251203
v 0.377377 -0.803642 0.251203
v 0.279723 -0.774400 0.226685
v 0.279723 -0.801678 0.226685
v 0.184107 -0.770488 0.202671
v 0.184107 -0.801678 0.202671
v 0.086031 -0.771468 0.178017
v 0.086031 -0.804622 0.178017
v 0.577267 -0.814436 0.284349
v 0.479597 -0.795484 0.252613
v 0.577267 -0.822290 0.284349
v 0.479597 -0.810512 0.252613
v 0.386723 -0.782770 0.222437
v 0.386723 -0.803642 0.222437
v 0.291189 -0.774400 0.191395
v 0.291189 -0.801678 0.191395
v 0.197646 -0.770488 0.161001
v 0.197646 -0.801678 0.161001
v 0.112681 -0.771468 0.132739
v 0.112681 -0.804622 0.132739
v 0.486869 -0.810512 0.230227
v 0.486869 -0.795484 0.230227
v 0.582421 -0.814436 0.268485
v 0.582421 -0.822290 0.268485
v 0.396071 -0.803642 0.193669
v 0.396071 -0.782770 0.193669
v 0.302655 -0.801678 0.156107
v 0.302655 -0.774400 0.156107
v 0.211185 -0.801678 0.119331
v 0.211185 -0.770488 0.119331
v 0.117349 -0.771468 0.081631
v 0.117349 -0.804622 0.081631
v 0.045900 -0.738750 0.192341
v 0.076957 -0.738750 0.169777
v -0.000079 -0.738750 0.200983
v -0.045699 -0.738750 0.192345
v -0.076793 -0.738750 0.169755
v -0.101130 -0.738750 0.128971
v -0.104994 -0.738750 0.083037
v -0.093063 -0.738750 0.046315
v -0.062535 -0.738750 0.012443
v -0.019086 -0.738750 -0.007391
v 0.019262 -0.738750 -0.007391
v 0.062378 -0.738750 0.012443
v 0.093267 -0.738750 0.046347
v 0.105174 -0.738750 0.082995
v 0.100975 -0.738750 0.128969
v -0.051532 -0.226566 0.113805
v -0.039959 -0.226566 0.133851
v -0.021232 -0.226566 0.147457
v 0.001410 -0.226566 0.152269
v 0.024051 -0.226566 0.147457
v 0.042778 -0.226566 0.133851
v 0.054351 -0.226566 0.113805
v 0.056771 -0.226566 0.090785
v 0.049618 -0.226566 0.068771
v 0.034129 -0.226566 0.051569
v 0.012983 -0.226566 0.042153
v -0.010164 -0.226566 0.042153
v -0.031310 -0.226566 0.051569
v -0.046799 -0.226566 0.068771
v -0.053952 -0.226566 0.090785
v 0.081314 -0.738750 0.050471
v 0.055642 -0.738750 0.021959
v 0.020593 -0.738750 0.006353
v -0.017774 -0.738750 0.006353
v 0.093170 -0.738750 0.086959
v 0.089160 -0.738750 0.125115
v 0.069977 -0.738750 0.158341
v 0.038937 -0.738750 0.180893
v 0.001410 -0.738750 0.188869
v -0.036119 -0.738750 0.180893
v -0.067158 -0.738750 0.158341
v -0.086341 -0.738750 0.125115
v -0.090351 -0.738750 0.086959
v -0.078495 -0.738750 0.050471
v -0.052823 -0.738750 0.021959
v -0.037726 -0.738750 0.109319
v -0.039514 -0.738750 0.092301
v -0.034227 -0.738750 0.076029
v -0.022777 -0.738750 0.063313
v -0.007146 -0.738750 0.056353
v 0.009965 -0.738750 0.056353
v 0.025596 -0.738750 0.063313
v 0.037046 -0.738750 0.076029
v 0.042333 -0.738750 0.092301
v 0.040545 -0.738750 0.109319
v 0.031989 -0.738750 0.124137
v 0.018146 -0.738750 0.134195
v 0.001410 -0.738750 0.137753
v -0.015327 -0.738750 0.134195
v -0.029170 -0.738750 0.124137
v -0.037726 -0.671204 0.109319
v -0.039514 -0.671204 0.092301
v -0.034227 -0.671204 0.076029
v -0.022777 -0.671204 0.063313
v -0.007146 -0.671204 0.056353
v 0.009965 -0.671204 0.056353
v 0.025596 -0.671204 0.063313
v 0.037046 -0.671204 0.076029
v 0.042333 -0.671204 0.092301
v 0.040545 -0.671204 0.109319
v 0.031989 -0.671204 0.124137
v 0.018146 -0.671204 0.134195
v 0.001410 -0.671204 0.137753
v -0.015327 -0.671204 0.134195
v -0.029170 -0.671204 0.124137
v -0.050949 -0.671204 0.113615
v -0.053342 -0.671204 0.090849
v -0.046268 -0.671204 0.069077
v -0.030950 -0.671204 0.052065
v -0.010037 -0.671204 0.042753
v 0.012856 -0.671204 0.042753
v 0.033769 -0.671204 0.052065
v 0.049087 -0.671204 0.069077
v 0.056161 -0.671204 0.090849
v 0.053768 -0.671204 0.113615
v 0.042322 -0.671204 0.133441
v 0.023802 -0.671204 0.146897
v 0.001410 -0.671204 0.151657
v -0.020983 -0.671204 0.146897
v -0.039503 -0.671204 0.133441
v -0.051532 -0.670604 0.113805
v -0.053952 -0.670604 0.090785
v -0.046799 -0.670604 0.068771
v -0.031310 -0.670604 0.051569
v -0.010164 -0.670604 0.042153
v 0.012983 -0.670604 0.042153
v 0.034129 -0.670604 0.051569
v 0.049618 -0.670604 0.068771
v 0.056771 -0.670604 0.090785
v 0.054351 -0.670604 0.113805
v 0.042778 -0.670604 0.133851
v 0.024051 -0.670604 0.147457
v 0.001410 -0.670604 0.152269
v -0.021232 -0.670604 0.147457
v -0.039959 -0.670604 0.133851
v 0.021422 -0.874736 0.737283
v 0.021422 -0.880408 0.733161
v 0.021422 -0.883914 0.727089
v 0.021422 -0.884648 0.720115
v 0.021422 -0.882480 0.713445
v 0.021422 -0.877788 0.708235
v 0.021422 -0.871382 0.705383
v 0.021422 -0.864370 0.705383
v 0.021422 -0.857964 0.708235
v 0.021422 -0.853272 0.713445
v 0.021422 -0.851104 0.720115
v 0.021422 -0.851838 0.727089
v 0.021422 -0.855344 0.733161
v 0.021422 -0.861016 0.737283
v 0.021422 -0.867876 0.738741
v 0.015422 -0.867876 0.746921
v 0.015422 -0.857690 0.744755
v -0.015754 -0.857690 0.744755
v -0.015754 -0.867876 0.746921
v 0.015422 -0.849266 0.738635
v -0.015754 -0.849266 0.738635
v 0.015422 -0.844060 0.729617
v -0.015754 -0.844060 0.729617
v 0.015422 -0.842970 0.719259
v -0.015754 -0.842970 0.719259
v 0.015422 -0.846188 0.709357
v -0.015754 -0.846188 0.709357
v 0.015422 -0.853156 0.701617
v -0.015754 -0.853156 0.701617
v 0.015422 -0.862670 0.697383
v -0.015754 -0.862670 0.697383
v 0.015422 -0.873082 0.697383
v -0.015754 -0.873082 0.697383
v 0.015422 -0.882596 0.701617
v -0.015754 -0.882596 0.701617
v 0.015422 -0.889564 0.709357
v -0.015754 -0.889564 0.709357
v 0.015422 -0.892782 0.719259
v -0.015754 -0.892782 0.719259
v 0.015422 -0.891692 0.729617
v -0.015754 -0.891692 0.729617
v 0.015422 -0.886486 0.738635
v -0.015754 -0.886486 0.738635
v 0.015422 -0.878062 0.744755
v -0.015754 -0.878062 0.744755
v -0.021754 -0.861016 0.737283
v -0.021754 -0.855344 0.733161
v -0.021754 -0.851838 0.727089
v -0.021754 -0.851104 0.720115
v -0.021754 -0.853272 0.713445
v -0.021754 -0.857964 0.708235
v -0.021754 -0.864370 0.705383
v -0.021754 -0.871382 0.705383
v -0.021754 -0.877788 0.708235
v -0.021754 -0.882480 0.713445
v -0.021754 -0.884648 0.720115
v -0.021754 -0.883914 0.727089
v -0.021754 -0.880408 0.733161
v -0.021754 -0.874736 0.737283
v -0.021754 -0.867876 0.738741
v 0.019422 -0.877230 0.742887
v 0.019422 -0.867876 0.744875
v 0.019422 -0.858522 0.742887
v 0.019422 -0.850786 0.737267
v 0.019422 -0.846004 0.728985
v 0.019422 -0.845004 0.719473
v 0.019422 -0.847960 0.710379
v 0.019422 -0.854358 0.703271
v 0.019422 -0.863094 0.699383
v 0.019422 -0.872658 0.699383
v 0.019422 -0.881394 0.703271
v 0.019422 -0.887792 0.710379
v 0.019422 -0.890748 0.719473
v 0.019422 -0.889748 0.728985
v 0.019422 -0.884966 0.737267
v -0.019754 -0.858522 0.742887
v -0.019754 -0.867876 0.744875
v -0.019754 -0.877230 0.742887
v -0.019754 -0.884966 0.737267
v -0.019754 -0.889748 0.728985
v -0.019754 -0.890748 0.719473
v -0.019754 -0.887792 0.710379
v -0.019754 -0.881394 0.703271
v -0.019754 -0.872658 0.699383
v -0.019754 -0.863094 0.699383
v -0.019754 -0.854358 0.703271
v -0.019754 -0.847960 0.710379
v -0.019754 -0.845004 0.719473
v -0.019754 -0.846004 0.728985
v -0.019754 -0.850786 0.737267
v -0.016357 -0.839736 0.721969
v -0.015369 -0.841398 0.732085
v -0.015256 -0.833780 0.733181
v -0.016527 -0.831328 0.720855
v -0.014532 -0.846670 0.740207
v -0.014178 -0.840762 0.743631
v -0.013972 -0.853758 0.745633
v -0.013458 -0.851212 0.750613
v -0.013775 -0.862358 0.748613
v -0.013205 -0.861392 0.753333
v -0.018742 -0.852686 0.698573
v -0.018183 -0.846134 0.704535
v -0.018876 -0.840762 0.698079
v -0.019597 -0.848262 0.692169
v -0.017345 -0.841130 0.712925
v -0.017799 -0.833780 0.708529
v 0.000097 -0.839736 0.721969
v 0.000097 -0.841398 0.732085
v 0.000097 -0.833780 0.733181
v 0.000097 -0.831328 0.720855
v 0.000097 -0.846670 0.740207
v 0.000097 -0.840762 0.743631
v 0.000097 -0.853758 0.745633
v 0.000097 -0.851212 0.750613
v 0.000097 -0.862358 0.748613
v 0.000097 -0.861392 0.753333
v 0.000097 -0.852686 0.698573
v 0.000097 -0.846134 0.704535
v 0.000097 -0.840762 0.698079
v 0.000097 -0.848262 0.692169
v 0.000097 -0.841130 0.712925
v 0.000097 -0.833780 0.708529
v 0.015450 -0.833780 0.733181
v 0.015563 -0.841398 0.732085
v 0.016551 -0.839736 0.721969
v 0.016721 -0.831328 0.720855
v 0.014372 -0.840762 0.743631
v 0.014726 -0.846670 0.740207
v 0.013652 -0.851212 0.750613
v 0.014166 -0.853758 0.745633
v 0.013399 -0.861392 0.753333
v 0.013969 -0.862358 0.748613
v 0.019070 -0.840762 0.698079
v 0.018377 -0.846134 0.704535
v 0.018936 -0.852686 0.698573
v 0.019790 -0.848262 0.692169
v 0.017993 -0.833780 0.708529
v 0.017539 -0.841130 0.712925
v -0.602435 -0.874736 0.315011
v -0.598515 -0.880408 0.313737
v -0.592741 -0.883914 0.311861
v -0.586107 -0.884648 0.309705
v -0.579765 -0.882480 0.307645
v -0.574809 -0.877788 0.306035
v -0.572095 -0.871382 0.305153
v -0.572095 -0.864370 0.305153
v -0.574809 -0.857964 0.306035
v -0.579765 -0.853272 0.307645
v -0.586107 -0.851104 0.309705
v -0.592741 -0.851838 0.311861
v -0.598515 -0.855344 0.313737
v -0.602435 -0.861016 0.315011
v -0.603823 -0.867876 0.315461
v -0.613455 -0.867876 0.312283
v -0.611395 -0.857690 0.311613
v -0.621029 -0.857690 0.281965
v -0.623089 -0.867876 0.282633
v -0.605575 -0.849266 0.309723
v -0.615209 -0.849266 0.280073
v -0.596999 -0.844060 0.306935
v -0.606631 -0.844060 0.277285
v -0.587149 -0.842970 0.303735
v -0.596783 -0.842970 0.274085
v -0.577729 -0.846188 0.300675
v -0.587363 -0.846188 0.271025
v -0.570369 -0.853156 0.298283
v -0.580003 -0.853156 0.268633
v -0.566341 -0.862670 0.296975
v -0.575975 -0.862670 0.267325
v -0.566341 -0.873082 0.296975
v -0.575975 -0.873082 0.267325
v -0.570369 -0.882596 0.298283
v -0.580003 -0.882596 0.268633
v -0.577729 -0.889564 0.300675
v -0.587363 -0.889564 0.271025
v -0.587149 -0.892782 0.303735
v -0.596783 -0.892782 0.274085
v -0.596999 -0.891692 0.306935
v -0.606631 -0.891692 0.277285
v -0.605575 -0.886486 0.309723
v -0.615209 -0.886486 0.280073
v -0.611395 -0.878062 0.311613
v -0.621029 -0.878062 0.281965
v -0.615777 -0.861016 0.273949
v -0.611857 -0.855344 0.272675
v -0.606083 -0.851838 0.270799
v -0.599449 -0.851104 0.268643
v -0.593107 -0.853272 0.266583
v -0.588151 -0.857964 0.264973
v -0.585437 -0.864370 0.264091
v -0.585437 -0.871382 0.264091
v -0.588151 -0.877788 0.264973
v -0.593107 -0.882480 0.266583
v -0.599449 -0.884648 0.268643
v -0.606083 -0.883914 0.270799
v -0.611857 -0.880408 0.272675
v -0.615777 -0.874736 0.273949
v -0.617165 -0.867876 0.274399
v -0.608383 -0.877230 0.314841
v -0.610275 -0.867876 0.315455
v -0.608383 -0.858522 0.314841
v -0.603037 -0.850786 0.313103
v -0.595161 -0.846004 0.310545
v -0.586115 -0.845004 0.307605
v -0.577465 -0.847960 0.304795
v -0.570707 -0.854358 0.302599
v -0.567007 -0.863094 0.301397
v -0.567007 -0.872658 0.301397
v -0.570707 -0.881394 0.302599
v -0.577465 -0.887792 0.304795
v -0.586115 -0.890748 0.307605
v -0.595161 -0.889748 0.310545
v -0.603037 -0.884966 0.313103
v -0.620489 -0.858522 0.277583
v -0.622381 -0.867876 0.278197
v -0.620489 -0.877230 0.277583
v -0.615143 -0.884966 0.275845
v -0.607267 -0.889748 0.273287
v -0.598221 -0.890748 0.270347
v -0.589571 -0.887792 0.267537
v -0.582813 -0.881394 0.265341
v -0.579113 -0.872658 0.264139
v -0.579113 -0.863094 0.264139
v -0.582813 -0.854358 0.265341
v -0.589571 -0.847960 0.267537
v -0.598221 -0.845004 0.270347
v -0.607267 -0.846004 0.273287
v -0.615143 -0.850786 0.275845
v -0.599545 -0.839736 0.274349
v -0.608861 -0.841398 0.278415
v -0.609869 -0.833780 0.278861
v -0.598539 -0.831328 0.273843
v -0.616327 -0.846670 0.281721
v -0.619475 -0.840762 0.283115
v -0.621315 -0.853758 0.283929
v -0.625893 -0.851212 0.285957
v -0.624087 -0.862358 0.285037
v -0.628401 -0.861392 0.287039
v -0.578031 -0.852686 0.264851
v -0.583529 -0.846134 0.267225
v -0.577603 -0.840762 0.264571
v -0.572205 -0.848262 0.262059
v -0.591249 -0.841130 0.270615
v -0.587209 -0.833780 0.268825
v -0.594461 -0.839736 0.289997
v -0.604081 -0.841398 0.293123
v -0.605125 -0.833780 0.293463
v -0.593401 -0.831328 0.289653
v -0.611805 -0.846670 0.295633
v -0.615063 -0.840762 0.296691
v -0.616967 -0.853758 0.297311
v -0.621703 -0.851212 0.298849
v -0.619799 -0.862358 0.298231
v -0.624291 -0.861392 0.299689
v -0.572209 -0.852686 0.282767
v -0.577881 -0.846134 0.284611
v -0.571741 -0.840762 0.282615
v -0.566121 -0.848262 0.280789
v -0.585859 -0.841130 0.287203
v -0.581679 -0.833780 0.285845
v -0.600381 -0.833780 0.308065
v -0.599303 -0.841398 0.307833
v -0.589375 -0.839736 0.305647
v -0.588265 -0.831328 0.305465
v -0.610651 -0.840762 0.310269
v -0.607285 -0.846670 0.309545
v -0.617515 -0.851212 0.311741
v -0.612619 -0.853758 0.310691
v -0.620179 -0.861392 0.312341
v -0.615513 -0.862358 0.311423
v -0.565877 -0.840762 0.300659
v -0.572233 -0.846134 0.301995
v -0.566387 -0.852686 0.300685
v -0.560035 -0.848262 0.299519
v -0.576149 -0.833780 0.302865
v -0.580469 -0.841130 0.303791
v -0.393613 -0.874736 -0.408803
v -0.391191 -0.880408 -0.405467
v -0.387621 -0.883914 -0.400555
v -0.383523 -0.884648 -0.394913
v -0.379603 -0.882480 -0.389517
v -0.376539 -0.877788 -0.385301
v -0.374863 -0.871382 -0.382993
v -0.374863 -0.864370 -0.382993
v -0.376539 -0.857964 -0.385301
v -0.379603 -0.853272 -0.389517
v -0.383523 -0.851104 -0.394913
v -0.387621 -0.851838 -0.400555
v -0.391191 -0.855344 -0.405467
v -0.393613 -0.861016 -0.408803
v -0.394471 -0.867876 -0.409981
v -0.394423 -0.867876 -0.420125
v -0.393151 -0.857690 -0.418373
v -0.367929 -0.857690 -0.436699
v -0.369203 -0.867876 -0.438449
v -0.389553 -0.849266 -0.413421
v -0.364333 -0.849266 -0.431747
v -0.384253 -0.844060 -0.406125
v -0.359031 -0.844060 -0.424451
v -0.378165 -0.842970 -0.397747
v -0.352945 -0.842970 -0.416073
v -0.372345 -0.846188 -0.389735
v -0.347123 -0.846188 -0.408059
v -0.367795 -0.853156 -0.383475
v -0.342575 -0.853156 -0.401799
v -0.365307 -0.862670 -0.380049
v -0.340085 -0.862670 -0.398373
v -0.365307 -0.873082 -0.380049
v -0.340085 -0.873082 -0.398373
v -0.367795 -0.882596 -0.383475
v -0.342575 -0.882596 -0.401799
v -0.372345 -0.889564 -0.389735
v -0.347123 -0.889564 -0.408059
v -0.378165 -0.892782 -0.397747
v -0.352945 -0.892782 -0.416073
v -0.384253 -0.891692 -0.406125
v -0.359031 -0.891692 -0.424451
v -0.389553 -0.886486 -0.413421
v -0.364333 -0.886486 -0.431747
v -0.393151 -0.878062 -0.418373
v -0.367929 -0.878062 -0.436699
v -0.358685 -0.861016 -0.434181
v -0.356261 -0.855344 -0.430845
v -0.352691 -0.851838 -0.425933
v -0.348593 -0.851104 -0.420291
v -0.344673 -0.853272 -0.414895
v -0.341609 -0.857964 -0.410679
v -0.339933 -0.864370 -0.408371
v -0.339933 -0.871382 -0.408371
v -0.341609 -0.877788 -0.410679
v -0.344673 -0.882480 -0.414895
v -0.348593 -0.884648 -0.420291
v -0.352691 -0.883914 -0.425933
v -0.356261 -0.880408 -0.430845
v -0.358685 -0.874736 -0.434181
v -0.359541 -0.867876 -0.435359
v -0.395289 -0.877230 -0.414511
v -0.396459 -0.867876 -0.416119
v -0.395289 -0.858522 -0.414511
v -0.391985 -0.850786 -0.409963
v -0.387117 -0.846004 -0.403263
v -0.381527 -0.845004 -0.395569
v -0.376181 -0.847960 -0.388211
v -0.372005 -0.854358 -0.382461
v -0.369717 -0.863094 -0.379315
v -0.369717 -0.872658 -0.379315
v -0.372005 -0.881394 -0.382461
v -0.376181 -0.887792 -0.388211
v -0.381527 -0.890748 -0.395569
v -0.387117 -0.889748 -0.403263
v -0.391985 -0.884966 -0.409963
v -0.363595 -0.858522 -0.437539
v -0.364765 -0.867876 -0.439147
v -0.363595 -0.877230 -0.437539
v -0.360293 -0.884966 -0.432991
v -0.355425 -0.889748 -0.426291
v -0.349833 -0.890748 -0.418597
v -0.344487 -0.887792 -0.411239
v -0.340311 -0.881394 -0.405489
v -0.338025 -0.872658 -0.402341
v -0.338025 -0.863094 -0.402341
v -0.340311 -0.854358 -0.405489
v -0.344487 -0.847960 -0.411239
v -0.349833 -0.845004 -0.418597
v -0.355425 -0.846004 -0.426291
v -0.360293 -0.850786 -0.432991
v -0.354049 -0.839736 -0.418619
v -0.360793 -0.841398 -0.426223
v -0.361529 -0.833780 -0.427043
v -0.353255 -0.831328 -0.417817
v -0.366245 -0.846670 -0.432301
v -0.368543 -0.840762 -0.434863
v -0.369887 -0.853758 -0.436361
v -0.373231 -0.851212 -0.440089
v -0.371797 -0.862358 -0.438655
v -0.375033 -0.861392 -0.442141
v -0.338367 -0.852686 -0.401093
v -0.342325 -0.846134 -0.405587
v -0.337969 -0.840762 -0.400773
v -0.333913 -0.848262 -0.396415
v -0.347933 -0.841130 -0.411883
v -0.344983 -0.833780 -0.408593
v -0.367359 -0.839736 -0.408947
v -0.373307 -0.841398 -0.417131
v -0.373951 -0.833780 -0.418019
v -0.366705 -0.831328 -0.408047
v -0.378079 -0.846670 -0.423701
v -0.380093 -0.840762 -0.426473
v -0.381269 -0.853758 -0.428091
v -0.384197 -0.851212 -0.432121
v -0.383021 -0.862358 -0.430501
v -0.385795 -0.861392 -0.434321
v -0.353607 -0.852686 -0.390019
v -0.357113 -0.846134 -0.394843
v -0.353317 -0.840762 -0.389619
v -0.349845 -0.848262 -0.384839
v -0.362045 -0.841130 -0.401631
v -0.359461 -0.833780 -0.398075
v -0.386371 -0.833780 -0.408995
v -0.385819 -0.841398 -0.408041
v -0.380671 -0.839736 -0.399275
v -0.380155 -0.831328 -0.398275
v -0.391641 -0.840762 -0.418081
v -0.389915 -0.846670 -0.415103
v -0.395163 -0.851212 -0.424153
v -0.392651 -0.853758 -0.419823
v -0.396557 -0.861392 -0.426503
v -0.394243 -0.862358 -0.422347
v -0.368667 -0.840762 -0.378467
v -0.371901 -0.846134 -0.384099
v -0.368849 -0.852686 -0.378945
v -0.365777 -0.848262 -0.373263
v -0.373937 -0.833780 -0.387555
v -0.376155 -0.841130 -0.391379
v 0.359303 -0.874736 -0.433871
v 0.356881 -0.880408 -0.430537
v 0.353311 -0.883914 -0.425623
v 0.349211 -0.884648 -0.419981
v 0.345291 -0.882480 -0.414587
v 0.342229 -0.877788 -0.410371
v 0.340553 -0.871382 -0.408063
v 0.340553 -0.864370 -0.408063
v 0.342229 -0.857964 -0.410371
v 0.345291 -0.853272 -0.414587
v 0.349211 -0.851104 -0.419981
v 0.353311 -0.851838 -0.425623
v 0.356881 -0.855344 -0.430537
v 0.359303 -0.861016 -0.433871
v 0.360161 -0.867876 -0.435051
v 0.369821 -0.867876 -0.438141
v 0.368549 -0.857690 -0.436389
v 0.393771 -0.857690 -0.418065
v 0.395043 -0.867876 -0.419817
v 0.364951 -0.849266 -0.431437
v 0.390173 -0.849266 -0.413113
v 0.359651 -0.844060 -0.424141
v 0.384873 -0.844060 -0.405817
v 0.353563 -0.842970 -0.415763
v 0.378785 -0.842970 -0.397439
v 0.347743 -0.846188 -0.407751
v 0.372963 -0.846188 -0.389427
v 0.343193 -0.853156 -0.401491
v 0.368415 -0.853156 -0.383165
v 0.340703 -0.862670 -0.398063
v 0.365925 -0.862670 -0.379739
v 0.340703 -0.873082 -0.398063
v 0.365925 -0.873082 -0.379739
v 0.343193 -0.882596 -0.401491
v 0.368415 -0.882596 -0.383165
v 0.347743 -0.889564 -0.407751
v 0.372963 -0.889564 -0.389427
v 0.353563 -0.892782 -0.415763
v 0.378785 -0.892782 -0.397439
v 0.359651 -0.891692 -0.424141
v 0.384873 -0.891692 -0.405817
v 0.364951 -0.886486 -0.431437
v 0.390173 -0.886486 -0.413113
v 0.368549 -0.878062 -0.436389
v 0.393771 -0.878062 -0.418065
v 0.394233 -0.861016 -0.408493
v 0.391811 -0.855344 -0.405159
v 0.388241 -0.851838 -0.400245
v 0.384141 -0.851104 -0.394603
v 0.380221 -0.853272 -0.389209
v 0.377159 -0.857964 -0.384993
v 0.375481 -0.864370 -0.382685
v 0.375481 -0.871382 -0.382685
v 0.377159 -0.877788 -0.384993
v 0.380221 -0.882480 -0.389209
v 0.384141 -0.884648 -0.394603
v 0.388241 -0.883914 -0.400245
v 0.391811 -0.880408 -0.405159
v 0.394233 -0.874736 -0.408493
v 0.395089 -0.867876 -0.409673
v 0.364215 -0.877230 -0.437229
v 0.365383 -0.867876 -0.438837
v 0.364215 -0.858522 -0.437229
v 0.360911 -0.850786 -0.432681
v 0.356043 -0.846004 -0.425981
v 0.350453 -0.845004 -0.418287
v 0.345107 -0.847960 -0.410929
v 0.340929 -0.854358 -0.405179
v 0.338643 -0.863094 -0.402033
v 0.338643 -0.872658 -0.402033
v 0.340929 -0.881394 -0.405179
v 0.345107 -0.887792 -0.410929
v 0.350453 -0.890748 -0.418287
v 0.356043 -0.889748 -0.425981
v 0.360911 -0.884966 -0.432681
v 0.395909 -0.858522 -0.414203
v 0.397077 -0.867876 -0.415811
v 0.395909 -0.877230 -0.414203
v 0.392605 -0.884966 -0.409655
v 0.387737 -0.889748 -0.402955
v 0.382147 -0.890748 -0.395261
v 0.376801 -0.887792 -0.387903
v 0.372623 -0.881394 -0.382153
v 0.370337 -0.872658 -0.379007
v 0.370337 -0.863094 -0.379007
v 0.372623 -0.854358 -0.382153
v 0.376801 -0.847960 -0.387903
v 0.382147 -0.845004 -0.395261
v 0.387737 -0.846004 -0.402955
v 0.392605 -0.850786 -0.409655
v 0.380865 -0.839736 -0.399275
v 0.386013 -0.841398 -0.408041
v 0.386565 -0.833780 -0.408995
v 0.380349 -0.831328 -0.398275
v 0.390109 -0.846670 -0.415103
v 0.391835 -0.840762 -0.418081
v 0.392845 -0.853758 -0.419823
v 0.395357 -0.851212 -0.424153
v 0.394437 -0.862358 -0.422347
v 0.396751 -0.861392 -0.426503
v 0.369043 -0.852686 -0.378945
v 0.372095 -0.846134 -0.384099
v 0.368861 -0.840762 -0.378467
v 0.365971 -0.848262 -0.373263
v 0.376349 -0.841130 -0.391379
v 0.374131 -0.833780 -0.387555
v 0.367553 -0.839736 -0.408947
v 0.373501 -0.841398 -0.417131
v 0.374145 -0.833780 -0.418019
v 0.366899 -0.831328 -0.408047
v 0.378273 -0.846670 -0.423701
v 0.380287 -0.840762 -0.426473
v 0.381463 -0.853758 -0.428091
v 0.384391 -0.851212 -0.432121
v 0.383215 -0.862358 -0.430501
v 0.385989 -0.861392 -0.434321
v 0.353801 -0.852686 -0.390019
v 0.357307 -0.846134 -0.394843
v 0.353511 -0.840762 -0.389619
v 0.350039 -0.848262 -0.384839
v 0.362239 -0.841130 -0.401631
v 0.359655 -0.833780 -0.398075
v 0.361723 -0.833780 -0.427043
v 0.360987 -0.841398 -0.426223
v 0.354243 -0.839736 -0.418619
v 0.353449 -0.831328 -0.417817
v 0.368737 -0.840762 -0.434863
v 0.366439 -0.846670 -0.432301
v 0.373425 -0.851212 -0.440089
v 0.370081 -0.853758 -0.436361
v 0.375227 -0.861392 -0.442141
v 0.371991 -0.862358 -0.438655
v 0.338163 -0.840762 -0.400773
v 0.342519 -0.846134 -0.405587
v 0.338561 -0.852686 -0.401093
v 0.334107 -0.848262 -0.396415
v 0.345177 -0.833780 -0.408593
v 0.348127 -0.841130 -0.411883
v 0.615809 -0.874736 0.274449
v 0.611889 -0.880408 0.273175
v 0.606113 -0.883914 0.271299
v 0.599481 -0.884648 0.269143
v 0.593139 -0.882480 0.267083
v 0.588183 -0.877788 0.265471
v 0.585469 -0.871382 0.264591
v 0.585469 -0.864370 0.264591
v 0.588183 -0.857964 0.265471
v 0.593139 -0.853272 0.267083
v 0.599481 -0.851104 0.269143
v 0.606113 -0.851838 0.271299
v 0.611889 -0.855344 0.273175
v 0.615809 -0.861016 0.274449
v 0.617197 -0.867876 0.274899
v 0.623121 -0.867876 0.283133
v 0.621061 -0.857690 0.282463
v 0.611427 -0.857690 0.312113
v 0.613487 -0.867876 0.312783
v 0.615241 -0.849266 0.280573
v 0.605607 -0.849266 0.310223
v 0.606663 -0.844060 0.277785
v 0.597029 -0.844060 0.307435
v 0.596813 -0.842970 0.274585
v 0.587181 -0.842970 0.304235
v 0.587395 -0.846188 0.271525
v 0.577761 -0.846188 0.301175
v 0.580035 -0.853156 0.269133
v 0.570401 -0.853156 0.298783
v 0.576007 -0.862670 0.267825
v 0.566373 -0.862670 0.297475
v 0.576007 -0.873082 0.267825
v 0.566373 -0.873082 0.297475
v 0.580035 -0.882596 0.269133
v 0.570401 -0.882596 0.298783
v 0.587395 -0.889564 0.271525
v 0.577761 -0.889564 0.301175
v 0.596813 -0.892782 0.274585
v 0.587181 -0.892782 0.304235
v 0.606663 -0.891692 0.277785
v 0.597029 -0.891692 0.307435
v 0.615241 -0.886486 0.280573
v 0.605607 -0.886486 0.310223
v 0.621061 -0.878062 0.282463
v 0.611427 -0.878062 0.312113
v 0.602467 -0.861016 0.315511
v 0.598547 -0.855344 0.314237
v 0.592771 -0.851838 0.312361
v 0.586139 -0.851104 0.310205
v 0.579797 -0.853272 0.308145
v 0.574841 -0.857964 0.306535
v 0.572127 -0.864370 0.305653
v 0.572127 -0.871382 0.305653
v 0.574841 -0.877788 0.306535
v 0.579797 -0.882480 0.308145
v 0.586139 -0.884648 0.310205
v 0.592771 -0.883914 0.312361
v 0.598547 -0.880408 0.314237
v 0.602467 -0.874736 0.315511
v 0.603855 -0.867876 0.315961
v 0.620521 -0.877230 0.278083
v 0.622411 -0.867876 0.278697
v 0.620521 -0.858522 0.278083
v 0.615175 -0.850786 0.276345
v 0.607299 -0.846004 0.273787
v 0.598253 -0.845004 0.270847
v 0.589603 -0.847960 0.268037
v 0.582845 -0.854358 0.265841
v 0.579145 -0.863094 0.264639
v 0.579145 -0.872658 0.264639
v 0.582845 -0.881394 0.265841
v 0.589603 -0.887792 0.268037
v 0.598253 -0.890748 0.270847
v 0.607299 -0.889748 0.273787
v 0.615175 -0.884966 0.276345
v 0.608415 -0.858522 0.315341
v 0.610305 -0.867876 0.315955
v 0.608415 -0.877230 0.315341
v 0.603069 -0.884966 0.313603
v 0.595193 -0.889748 0.311045
v 0.586147 -0.890748 0.308105
v 0.577497 -0.887792 0.305295
v 0.570739 -0.881394 0.303099
v 0.567039 -0.872658 0.301897
v 0.567039 -0.863094 0.301897
v 0.570739 -0.854358 0.303099
v 0.577497 -0.847960 0.305295
v 0.586147 -0.845004 0.308105
v 0.595193 -0.846004 0.311045
v 0.603069 -0.850786 0.313603
v 0.589571 -0.839736 0.305647
v 0.599497 -0.841398 0.307833
v 0.600575 -0.833780 0.308065
v 0.588459 -0.831328 0.305465
v 0.607479 -0.846670 0.309545
v 0.610845 -0.840762 0.310269
v 0.612813 -0.853758 0.310691
v 0.617709 -0.851212 0.311741
v 0.615707 -0.862358 0.311423
v 0.620373 -0.861392 0.312341
v 0.566581 -0.852686 0.300685
v 0.572425 -0.846134 0.301995
v 0.566071 -0.840762 0.300659
v 0.560229 -0.848262 0.299519
v 0.580663 -0.841130 0.303791
v 0.576343 -0.833780 0.302865
v 0.594655 -0.839736 0.289997
v 0.604275 -0.841398 0.293123
v 0.605319 -0.833780 0.293463
v 0.593595 -0.831328 0.289653
v 0.611999 -0.846670 0.295633
v 0.615257 -0.840762 0.296691
v 0.617161 -0.853758 0.297311
v 0.621897 -0.851212 0.298849
v 0.619993 -0.862358 0.298231
v 0.624485 -0.861392 0.299689
v 0.572403 -0.852686 0.282767
v 0.578075 -0.846134 0.284611
v 0.571935 -0.840762 0.282615
v 0.566315 -0.848262 0.280789
v 0.586053 -0.841130 0.287203
v 0.581873 -0.833780 0.285845
v 0.610063 -0.833780 0.278861
v 0.609055 -0.841398 0.278415
v 0.599739 -0.839736 0.274349
v 0.598733 -0.831328 0.273843
v 0.619669 -0.840762 0.283115
v 0.616521 -0.846670 0.281721
v 0.626087 -0.851212 0.285957
v 0.621509 -0.853758 0.283929
v 0.628595 -0.861392 0.287039
v 0.624281 -0.862358 0.285037
v 0.577797 -0.840762 0.264571
v 0.583723 -0.846134 0.267225
v 0.578225 -0.852686 0.264851
v 0.572399 -0.848262 0.262059
v 0.587403 -0.833780 0.268825
v 0.591443 -0.841130 0.270615
v -0.174264 -0.223606 0.242889
v -0.174264 -0.136313 0.242889
v -0.174264 -0.136313 -0.136313
v -0.174264 -0.223606 -0.136313
v -0.094865 -0.152313 -0.136313
v -0.094865 -0.207606 -0.136313
v -0.094865 -0.152313 -0.275999
v -0.094865 -0.207606 -0.275999
v -0.094865 -0.152313 -0.291999
v -0.094865 -0.207606 -0.291999
v -0.080865 -0.166313 -0.291999
v -0.080865 -0.193606 -0.291999
v -0.080865 -0.165155 -0.301439
v -0.080865 -0.190961 -0.310325
v -0.094865 -0.151918 -0.296881
v -0.094865 -0.204198 -0.314883
v -0.094865 -0.145407 -0.315791
v -0.094865 -0.197687 -0.333793
v -0.080865 -0.158644 -0.320349
v -0.080865 -0.184450 -0.329235
v -0.080865 -0.154131 -0.327917
v -0.080865 -0.175342 -0.345091
v -0.094865 -0.143251 -0.319105
v -0.094865 -0.186222 -0.353903
v -0.094865 -0.130665 -0.334649
v -0.094865 -0.173636 -0.369445
v -0.080865 -0.141545 -0.343459
v -0.080865 -0.162755 -0.360635
v -0.080865 -0.135301 -0.348609
v -0.080865 -0.149764 -0.371755
v -0.094865 -0.127882 -0.336735
v -0.094865 -0.157182 -0.383627
v -0.094865 -0.110921 -0.347333
v -0.094865 -0.140221 -0.394225
v -0.080865 -0.118340 -0.359207
v -0.080865 -0.132803 -0.382353
v -0.080865 -0.110902 -0.362051
v -0.080865 -0.117504 -0.388533
v -0.094865 -0.107515 -0.348467
v -0.094865 -0.120891 -0.402117
v -0.094865 -0.088109 -0.353305
v -0.094865 -0.101485 -0.406955
v -0.080865 -0.091496 -0.366889
v -0.080865 -0.098098 -0.393371
v -0.080865 -0.081847 -0.366119
v -0.080865 -0.081847 -0.393411
v -0.094865 -0.081847 -0.352119
v -0.094865 -0.081847 -0.407411
v -0.094865 -0.061847 -0.352119
v -0.094865 -0.061847 -0.407411
v -0.043758 -0.061847 -0.372119
v -0.043758 -0.061847 -0.387411
v -0.043758 0.556244 -0.372119
v -0.043758 0.556244 -0.387411
v -0.003758 0.104912 -0.372119
v -0.003758 0.525710 -0.372119
v -0.003758 0.525710 -0.387411
v -0.003758 0.104912 -0.387411
v -0.003758 0.525710 -0.379519
v -0.003758 0.104912 -0.379519
v -0.003758 0.525710 -0.380011
v -0.003758 0.104912 -0.380011
v 0.000097 -0.223606 -0.136313
v 0.000097 -0.223606 0.242889
v 0.000097 0.556244 -0.372119
v 0.000097 0.556244 -0.387411
v 0.000097 -0.136313 0.242889
v 0.000097 -0.136313 -0.136313
v 0.000097 -0.207606 -0.136313
v 0.000097 -0.152313 -0.136313
v 0.000097 -0.207606 -0.275999
v 0.000097 -0.152313 -0.275999
v 0.000097 -0.207606 -0.291999
v 0.000097 -0.152313 -0.291999
v 0.000097 -0.193606 -0.291999
v 0.000097 -0.166313 -0.291999
v 0.000097 -0.190961 -0.310325
v 0.000097 -0.165155 -0.301439
v 0.000097 -0.204198 -0.314883
v 0.000097 -0.151918 -0.296881
v 0.000097 -0.197687 -0.333793
v 0.000097 -0.145407 -0.315791
v 0.000097 -0.184450 -0.329235
v 0.000097 -0.158644 -0.320349
v 0.000097 -0.175342 -0.345091
v 0.000097 -0.154131 -0.327917
v 0.000097 -0.186222 -0.353903
v 0.000097 -0.143251 -0.319105
v 0.000097 -0.173636 -0.369445
v 0.000097 -0.130665 -0.334649
v 0.000097 -0.162755 -0.360635
v 0.000097 -0.141545 -0.343459
v 0.000097 -0.149764 -0.371755
v 0.000097 -0.135301 -0.348609
v 0.000097 -0.157182 -0.383627
v 0.000097 -0.127882 -0.336735
v 0.000097 -0.140221 -0.394225
v 0.000097 -0.110921 -0.347333
v 0.000097 -0.132803 -0.382353
v 0.000097 -0.118340 -0.359207
v 0.000097 -0.117504 -0.388533
v 0.000097 -0.110902 -0.362051
v 0.000097 -0.120891 -0.402117
v 0.000097 -0.107515 -0.348467
v 0.000097 -0.101485 -0.406955
v 0.000097 -0.088109 -0.353305
v 0.000097 -0.098098 -0.393371
v 0.000097 -0.091496 -0.366889
v 0.000097 -0.081847 -0.393411
v 0.000097 -0.081847 -0.366119
v 0.000097 -0.081847 -0.407411
v 0.000097 -0.081847 -0.352119
v 0.000097 -0.061847 -0.407411
v 0.000097 -0.061847 -0.352119
v 0.000097 -0.061847 -0.387411
v 0.000097 -0.061847 -0.372119
v 0.000097 0.525710 -0.372119
v 0.000097 0.104912 -0.372119
v 0.000097 0.525710 -0.387411
v 0.000097 0.104912 -0.387411
v 0.000097 0.525710 -0.379519
v 0.000097 0.104912 -0.379519
v 0.000097 0.525710 -0.380011
v 0.000097 0.104912 -0.380011
v 0.174458 -0.136313 -0.136313
v 0.174458 -0.136313 0.242889
v 0.174458 -0.223606 0.242889
v 0.174458 -0.223606 -0.136313
v 0.095059 -0.207606 -0.136313
v 0.095059 -0.152313 -0.136313
v 0.095059 -0.152313 -0.275999
v 0.095059 -0.207606 -0.275999
v 0.095059 -0.152313 -0.291999
v 0.095059 -0.207606 -0.291999
v 0.081059 -0.193606 -0.291999
v 0.081059 -0.166313 -0.291999
v 0.081059 -0.165155 -0.301439
v 0.081059 -0.190961 -0.310325
v 0.095059 -0.151918 -0.296881
v 0.095059 -0.204198 -0.314883
v 0.095059 -0.145407 -0.315791
v 0.095059 -0.197687 -0.333793
v 0.081059 -0.184450 -0.329235
v 0.081059 -0.158644 -0.320349
v 0.081059 -0.154131 -0.327917
v 0.081059 -0.175342 -0.345091
v 0.095059 -0.143251 -0.319105
v 0.095059 -0.186222 -0.353903
v 0.095059 -0.130665 -0.334649
v 0.095059 -0.173636 -0.369445
v 0.081059 -0.162755 -0.360635
v 0.081059 -0.141545 -0.343459
v 0.081059 -0.149764 -0.371755
v 0.081059 -0.135301 -0.348609
v 0.095059 -0.127882 -0.336735
v 0.095059 -0.157182 -0.383627
v 0.095059 -0.140221 -0.394225
v 0.095059 -0.110921 -0.347333
v 0.081059 -0.132803 -0.382353
v 0.081059 -0.118340 -0.359207
v 0.081059 -0.117504 -0.388533
v 0.081059 -0.110902 -0.362051
v 0.095059 -0.107515 -0.348467
v 0.095059 -0.120891 -0.402117
v 0.095059 -0.101485 -0.406955
v 0.095059 -0.088109 -0.353305
v 0.081059 -0.098098 -0.393371
v 0.081059 -0.091496 -0.366889
v 0.081059 -0.081847 -0.393411
v 0.081059 -0.081847 -0.366119
v 0.095059 -0.081847 -0.352119
v 0.095059 -0.081847 -0.407411
v 0.095059 -0.061847 -0.407411
v 0.095059 -0.061847 -0.352119
v 0.043952 -0.061847 -0.387411
v 0.043952 -0.061847 -0.372119
v 0.043952 0.556244 -0.372119
v 0.043952 0.556244 -0.387411
v 0.003952 0.525710 -0.372119
v 0.003952 0.104912 -0.372119
v 0.003952 0.104912 -0.387411
v 0.003952 0.525710 -0.387411
v 0.003952 0.525710 -0.379519
v 0.003952 0.104912 -0.379519
v 0.003952 0.104912 -0.380011
v 0.003952 0.525710 -0.380011
v 0.015881 0.530250 -0.425721
v 0.030298 0.521926 -0.425721
v 0.040998 0.509174 -0.425721
v 0.046692 0.493530 -0.425721
v 0.046692 0.476884 -0.425721
v 0.040998 0.461240 -0.425721
v 0.030298 0.448486 -0.425721
v 0.015881 0.440164 -0.425721
v -0.000514 0.437272 -0.425721
v -0.016909 0.440164 -0.425721
v -0.031326 0.448486 -0.425721
v -0.042026 0.461240 -0.425721
v -0.047720 0.476884 -0.425721
v -0.047720 0.493530 -0.425721
v -0.042026 0.509174 -0.425721
v -0.031326 0.521926 -0.425721
v -0.016909 0.530250 -0.425721
v -0.000514 0.533142 -0.425721
v -0.016909 0.530250 -0.400605
v -0.000514 0.533142 -0.400605
v -0.031298 0.528032 -0.403681
v -0.022209 0.533280 -0.403681
v -0.022209 0.533280 -0.422645
v -0.031298 0.528032 -0.422645
v -0.042026 0.509174 -0.400605
v -0.031326 0.521926 -0.400605
v -0.051623 0.498224 -0.403681
v -0.048033 0.508088 -0.403681
v -0.048033 0.508088 -0.422645
v -0.051623 0.498224 -0.422645
v -0.047720 0.476884 -0.400605
v -0.047720 0.493530 -0.400605
v -0.048033 0.462326 -0.403681
v -0.051623 0.472190 -0.403681
v -0.051623 0.472190 -0.422645
v -0.048033 0.462326 -0.422645
v -0.031326 0.448486 -0.400605
v -0.042026 0.461240 -0.400605
v -0.022209 0.437134 -0.403681
v -0.031298 0.442382 -0.403681
v -0.031298 0.442382 -0.422645
v -0.022209 0.437134 -0.422645
v -0.000514 0.437272 -0.400605
v -0.016909 0.440164 -0.400605
v 0.013767 0.434436 -0.422645
v 0.013767 0.434436 -0.403681
v 0.003431 0.432614 -0.403681
v 0.003431 0.432614 -0.422645
v 0.030298 0.448486 -0.400605
v 0.015881 0.440164 -0.400605
v 0.043061 0.455494 -0.422645
v 0.043061 0.455494 -0.403681
v 0.036314 0.447454 -0.403681
v 0.036314 0.447454 -0.422645
v 0.046692 0.476884 -0.400605
v 0.040998 0.461240 -0.400605
v 0.051965 0.490454 -0.422645
v 0.051965 0.490454 -0.403681
v 0.051965 0.479958 -0.403681
v 0.051965 0.479958 -0.422645
v 0.040998 0.509174 -0.400605
v 0.046692 0.493530 -0.400605
v 0.036314 0.522960 -0.422645
v 0.036314 0.522960 -0.403681
v 0.043061 0.514920 -0.403681
v 0.043061 0.514920 -0.422645
v 0.015881 0.530250 -0.400605
v 0.030298 0.521926 -0.400605
v 0.003431 0.537800 -0.422645
v 0.003431 0.537800 -0.403681
v 0.013767 0.535978 -0.403681
v 0.013767 0.535978 -0.422645
v -0.000514 0.497448 -0.400605
v -0.004700 0.496708 -0.400605
v 0.003672 0.496708 -0.400605
v 0.007354 0.494584 -0.400605
v 0.010086 0.491326 -0.400605
v 0.011540 0.487332 -0.400605
v 0.011540 0.483082 -0.400605
v 0.010086 0.479086 -0.400605
v 0.007354 0.475830 -0.400605
v 0.003672 0.473704 -0.400605
v -0.000514 0.472966 -0.400605
v -0.004700 0.473704 -0.400605
v -0.008382 0.475830 -0.400605
v -0.011114 0.479086 -0.400605
v -0.012568 0.483082 -0.400605
v -0.012568 0.487332 -0.400605
v -0.011114 0.491326 -0.400605
v -0.008382 0.494584 -0.400605
v -0.004700 0.496708 -0.387423
v -0.000514 0.497448 -0.387423
v 0.003672 0.496708 -0.387423
v 0.007354 0.494584 -0.387423
v 0.010086 0.491326 -0.387423
v 0.011540 0.487332 -0.387423
v 0.011540 0.483082 -0.387423
v 0.010086 0.479086 -0.387423
v 0.007354 0.475830 -0.387423
v 0.003672 0.473704 -0.387423
v -0.000514 0.472966 -0.387423
v -0.004700 0.473704 -0.387423
v -0.008382 0.475830 -0.387423
v -0.011114 0.479086 -0.387423
v -0.012568 0.483082 -0.387423
v -0.012568 0.487332 -0.387423
v -0.011114 0.491326 -0.387423
v -0.008382 0.494584 -0.387423
v 0.190345 -0.208135 0.057257
v 0.168667 -0.208135 0.057257
v 0.168667 -0.208135 0.026203
v 0.190345 -0.208135 0.026203
v 0.168667 -0.206135 0.024203
v 0.168667 -0.155314 0.024203
v 0.190345 -0.155314 0.024203
v 0.190345 -0.206135 0.024203
v 0.190345 -0.155314 0.059257
v 0.168667 -0.155314 0.059257
v 0.168667 -0.206135 0.059257
v 0.190345 -0.206135 0.059257
v 0.192345 -0.155314 0.026203
v 0.192345 -0.155314 0.057257
v 0.192345 -0.206135 0.057257
v 0.192345 -0.206135 0.026203
v 0.168667 -0.153314 0.026203
v 0.168667 -0.153314 0.057257
v 0.190345 -0.153314 0.057257
v 0.190345 -0.153314 0.026203
v 0.191345 -0.207135 0.025203
v 0.191345 -0.207135 0.058257
v 0.167667 -0.207135 0.025203
v 0.167667 -0.207135 0.058257
v 0.191345 -0.154314 0.025203
v 0.167667 -0.154314 0.025203
v 0.191345 -0.154314 0.058257
v 0.167667 -0.154314 0.058257
v 0.388339 -0.173995 0.044943
v 0.391095 -0.167651 0.046667
v 0.391095 -0.167187 0.043095
v 0.388339 -0.173754 0.043095
v 0.388339 -0.174699 0.046667
v 0.391095 -0.169011 0.049993
v 0.388339 -0.175819 0.048145
v 0.391095 -0.171175 0.052851
v 0.388339 -0.177278 0.049281
v 0.391095 -0.173995 0.055045
v 0.388339 -0.178978 0.049993
v 0.391095 -0.177278 0.056423
v 0.388339 -0.180802 0.050237
v 0.391095 -0.180802 0.056893
v 0.391095 -0.184326 0.056423
v 0.388339 -0.182627 0.049993
v 0.391095 -0.187610 0.055045
v 0.388339 -0.184326 0.049281
v 0.391095 -0.190430 0.052851
v 0.388339 -0.185786 0.048145
v 0.391095 -0.192594 0.049993
v 0.388339 -0.186906 0.046667
v 0.391095 -0.193954 0.046667
v 0.388339 -0.187610 0.044943
v 0.391095 -0.194418 0.043095
v 0.388339 -0.187850 0.043095
v 0.391095 -0.193954 0.039523
v 0.388339 -0.187610 0.041247
v 0.391095 -0.192594 0.036195
v 0.388339 -0.186906 0.039523
v 0.391095 -0.190430 0.033339
v 0.388339 -0.185786 0.038045
v 0.391095 -0.187610 0.031145
v 0.388339 -0.184326 0.036909
v 0.391095 -0.184326 0.029767
v 0.388339 -0.182627 0.036195
v 0.391095 -0.180802 0.029297
v 0.388339 -0.180802 0.035953
v 0.388339 -0.178978 0.036195
v 0.391095 -0.177278 0.029767
v 0.388339 -0.177278 0.036909
v 0.391095 -0.173995 0.031145
v 0.388339 -0.175819 0.038045
v 0.391095 -0.171175 0.033339
v 0.388339 -0.174699 0.039523
v 0.391095 -0.169011 0.036195
v 0.388339 -0.173995 0.041247
v 0.391095 -0.167651 0.039523
v 0.395481 -0.162203 0.048145
v 0.395481 -0.161547 0.043095
v 0.395481 -0.164127 0.052851
v 0.395481 -0.167187 0.056893
v 0.395481 -0.171175 0.059993
v 0.395481 -0.175819 0.061943
v 0.395481 -0.180802 0.062609
v 0.395481 -0.185786 0.061943
v 0.395481 -0.190430 0.059993
v 0.395481 -0.194418 0.056893
v 0.395481 -0.197478 0.052851
v 0.395481 -0.199402 0.048145
v 0.395481 -0.200058 0.043095
v 0.395481 -0.199402 0.038045
v 0.395481 -0.197478 0.033339
v 0.395481 -0.194418 0.029297
v 0.395481 -0.190430 0.026197
v 0.395481 -0.185786 0.024247
v 0.395481 -0.180802 0.023581
v 0.395481 -0.175819 0.024247
v 0.395481 -0.171175 0.026197
v 0.395481 -0.167187 0.029297
v 0.395481 -0.164127 0.033339
v 0.395481 -0.162203 0.038045
v 0.401195 -0.158023 0.049281
v 0.401195 -0.157219 0.043095
v 0.401195 -0.160379 0.055045
v 0.401195 -0.164127 0.059993
v 0.401195 -0.169011 0.063791
v 0.401195 -0.174699 0.066179
v 0.401195 -0.180802 0.066993
v 0.401195 -0.186906 0.066179
v 0.401195 -0.192594 0.063791
v 0.401195 -0.197478 0.059993
v 0.401195 -0.201226 0.055045
v 0.401195 -0.203582 0.049281
v 0.401195 -0.204385 0.043095
v 0.401195 -0.203582 0.036909
v 0.401195 -0.201226 0.031145
v 0.401195 -0.197478 0.026197
v 0.401195 -0.192594 0.022399
v 0.401195 -0.186906 0.020011
v 0.401195 -0.180802 0.019197
v 0.401195 -0.174699 0.020011
v 0.401195 -0.169011 0.022399
v 0.401195 -0.164127 0.026197
v 0.401195 -0.160379 0.031145
v 0.401195 -0.158023 0.036909
v 0.407851 -0.155395 0.049993
v 0.407851 -0.154499 0.043095
v 0.407851 -0.158023 0.056423
v 0.407851 -0.162203 0.061943
v 0.407851 -0.167651 0.066179
v 0.407851 -0.173995 0.068843
v 0.407851 -0.180802 0.069751
v 0.407851 -0.187610 0.068843
v 0.407851 -0.193954 0.066179
v 0.407851 -0.199402 0.061943
v 0.407851 -0.203582 0.056423
v 0.407851 -0.206210 0.049993
v 0.407851 -0.207106 0.043095
v 0.407851 -0.206210 0.036195
v 0.407851 -0.203582 0.029767
v 0.407851 -0.199402 0.024247
v 0.407851 -0.193954 0.020011
v 0.407851 -0.187610 0.017347
v 0.407851 -0.180802 0.016439
v 0.407851 -0.173995 0.017347
v 0.407851 -0.167651 0.020011
v 0.407851 -0.162203 0.024247
v 0.407851 -0.158023 0.029767
v 0.407851 -0.155395 0.036195
v 0.414993 -0.154499 0.050237
v 0.414993 -0.153571 0.043095
v 0.414993 -0.157219 0.056893
v 0.414993 -0.161547 0.062609
v 0.414993 -0.167187 0.066993
v 0.414993 -0.173754 0.069751
v 0.414993 -0.180802 0.070691
v 0.414993 -0.187850 0.069751
v 0.414993 -0.194418 0.066993
v 0.414993 -0.200058 0.062609
v 0.414993 -0.204385 0.056893
v 0.414993 -0.207106 0.050237
v 0.414993 -0.208034 0.043095
v 0.414993 -0.207106 0.035953
v 0.414993 -0.204385 0.029297
v 0.414993 -0.200058 0.023581
v 0.414993 -0.194418 0.019197
v 0.414993 -0.187850 0.016439
v 0.414993 -0.180802 0.015499
v 0.414993 -0.173754 0.016439
v 0.414993 -0.167187 0.019197
v 0.414993 -0.161547 0.023581
v 0.414993 -0.157219 0.029297
v 0.414993 -0.154499 0.035953
v 0.422135 -0.155395 0.049993
v 0.422135 -0.154499 0.043095
v 0.422135 -0.158023 0.056423
v 0.422135 -0.162203 0.061943
v 0.422135 -0.167651 0.066179
v 0.422135 -0.173995 0.068843
v 0.422135 -0.180802 0.069751
v 0.422135 -0.187610 0.068843
v 0.422135 -0.193954 0.066179
v 0.422135 -0.199402 0.061943
v 0.422135 -0.203582 0.056423
v 0.422135 -0.206210 0.049993
v 0.422135 -0.207106 0.043095
v 0.422135 -0.206210 0.036195
v 0.422135 -0.203582 0.029767
v 0.422135 -0.199402 0.024247
v 0.422135 -0.193954 0.020011
v 0.422135 -0.187610 0.017347
v 0.422135 -0.180802 0.016439
v 0.422135 -0.173995 0.017347
v 0.422135 -0.167651 0.020011
v 0.422135 -0.162203 0.024247
v 0.422135 -0.158023 0.029767
v 0.422135 -0.155395 0.036195
v 0.428791 -0.158023 0.049281
v 0.428791 -0.157219 0.043095
v 0.428791 -0.160379 0.055045
v 0.428791 -0.164127 0.059993
v 0.428791 -0.169011 0.063791
v 0.428791 -0.174699 0.066179
v 0.428791 -0.180802 0.066993
v 0.428791 -0.186906 0.066179
v 0.428791 -0.192594 0.063791
v 0.428791 -0.197478 0.059993
v 0.428791 -0.201226 0.055045
v 0.428791 -0.203582 0.049281
v 0.428791 -0.204385 0.043095
v 0.428791 -0.203582 0.036909
v 0.428791 -0.201226 0.031145
v 0.428791 -0.197478 0.026197
v 0.428791 -0.192594 0.022399
v 0.428791 -0.186906 0.020011
v 0.428791 -0.180802 0.019197
v 0.428791 -0.174699 0.020011
v 0.428791 -0.169011 0.022399
v 0.428791 -0.164127 0.026197
v 0.428791 -0.160379 0.031145
v 0.428791 -0.158023 0.036909
v 0.434507 -0.162203 0.048145
v 0.434507 -0.161547 0.043095
v 0.434507 -0.164127 0.052851
v 0.434507 -0.167187 0.056893
v 0.434507 -0.171175 0.059993
v 0.434507 -0.175819 0.061943
v 0.434507 -0.180802 0.062609
v 0.434507 -0.185786 0.061943
v 0.434507 -0.190430 0.059993
v 0.434507 -0.194418 0.056893
v 0.434507 -0.197478 0.052851
v 0.434507 -0.199402 0.048145
v 0.434507 -0.200058 0.043095
v 0.434507 -0.199402 0.038045
v 0.434507 -0.197478 0.033339
v 0.434507 -0.194418 0.029297
v 0.434507 -0.190430 0.026197
v 0.434507 -0.185786 0.024247
v 0.434507 -0.180802 0.023581
v 0.434507 -0.175819 0.024247
v 0.434507 -0.171175 0.026197
v 0.434507 -0.167187 0.029297
v 0.434507 -0.164127 0.033339
v 0.434507 -0.162203 0.038045
v 0.438893 -0.167651 0.046667
v 0.438893 -0.167187 0.043095
v 0.438893 -0.169011 0.049993
v 0.438893 -0.171175 0.052851
v 0.438893 -0.173995 0.055045
v 0.438893 -0.177278 0.056423
v 0.438893 -0.180802 0.056893
v 0.438893 -0.184326 0.056423
v 0.438893 -0.187610 0.055045
v 0.438893 -0.190430 0.052851
v 0.438893 -0.192594 0.049993
v 0.438893 -0.193954 0.046667
v 0.438893 -0.194418 0.043095
v 0.438893 -0.193954 0.039523
v 0.438893 -0.192594 0.036195
v 0.438893 -0.190430 0.033339
v 0.438893 -0.187610 0.031145
v 0.438893 -0.184326 0.029767
v 0.438893 -0.180802 0.029297
v 0.438893 -0.177278 0.029767
v 0.438893 -0.173995 0.031145
v 0.438893 -0.171175 0.033339
v 0.438893 -0.169011 0.036195
v 0.438893 -0.167651 0.039523
v 0.441649 -0.173995 0.044943
v 0.441649 -0.173754 0.043095
v 0.441649 -0.174699 0.046667
v 0.441649 -0.175819 0.048145
v 0.441649 -0.177278 0.049281
v 0.441649 -0.178978 0.049993
v 0.441649 -0.180802 0.050237
v 0.441649 -0.182627 0.049993
v 0.441649 -0.184326 0.049281
v 0.441649 -0.185786 0.048145
v 0.441649 -0.186906 0.046667
v 0.441649 -0.187610 0.044943
v 0.441649 -0.187850 0.043095
v 0.441649 -0.187610 0.041247
v 0.441649 -0.186906 0.039523
v 0.441649 -0.185786 0.038045
v 0.441649 -0.184326 0.036909
v 0.441649 -0.182627 0.036195
v 0.441649 -0.180802 0.035953
v 0.441649 -0.178978 0.036195
v 0.441649 -0.177278 0.036909
v 0.441649 -0.175819 0.038045
v 0.441649 -0.174699 0.039523
v 0.441649 -0.173995 0.041247
v 0.442589 -0.180802 0.043095
v 0.191578 -0.173754 0.043095
v 0.191578 -0.173995 0.044943
v 0.191578 -0.174699 0.046667
v 0.191578 -0.175819 0.048145
v 0.191578 -0.177278 0.049281
v 0.191578 -0.178978 0.049993
v 0.191578 -0.180802 0.050237
v 0.191578 -0.182627 0.049993
v 0.191578 -0.184326 0.049281
v 0.191578 -0.185786 0.048145
v 0.191578 -0.186906 0.046667
v 0.191578 -0.187610 0.044943
v 0.191578 -0.187850 0.043095
v 0.191578 -0.187610 0.041247
v 0.191578 -0.186906 0.039523
v 0.191578 -0.185786 0.038045
v 0.191578 -0.184326 0.036909
v 0.191578 -0.182627 0.036195
v 0.191578 -0.180802 0.035953
v 0.191578 -0.178978 0.036195
v 0.191578 -0.177278 0.036909
v 0.191578 -0.175819 0.038045
v 0.191578 -0.174699 0.039523
v 0.191578 -0.173995 0.041247
v 0.100562 -0.132771 -0.226737
v 0.104777 -0.135401 -0.167517
v 0.000121 -0.135746 -0.168859
v 0.000105 -0.133174 -0.229043
v 0.190441 -0.130864 -0.219283
v 0.197563 -0.133520 -0.163215
v 0.109480 -0.134517 -0.090553
v 0.000136 -0.134788 -0.090997
v 0.206059 -0.132793 -0.089135
v 0.112316 -0.133873 -0.000909
v 0.000140 -0.134112 -0.000941
v 0.210957 -0.132229 -0.000771
v 0.113163 -0.133782 0.095529
v 0.000140 -0.134015 0.095713
v 0.212301 -0.132148 0.095223
v 0.279809 -0.128300 -0.086991
v 0.285519 -0.127788 -0.000519
v 0.331701 -0.119896 -0.085895
v 0.337687 -0.119183 -0.000383
v 0.286799 -0.127715 0.095085
v 0.338705 -0.119082 0.095067
v 0.318245 -0.121399 -0.152249
v 0.268865 -0.129001 -0.156565
v 0.259943 -0.126881 -0.206801
v 0.302447 -0.122147 -0.193069
v -0.104512 -0.135401 -0.167517
v -0.100345 -0.132771 -0.226737
v -0.109170 -0.134517 -0.090553
v -0.197273 -0.133520 -0.163215
v -0.190215 -0.130864 -0.219283
v -0.205711 -0.132793 -0.089135
v -0.259725 -0.126881 -0.206801
v -0.268603 -0.129001 -0.156565
v -0.318027 -0.121399 -0.152249
v -0.302243 -0.122147 -0.193069
v -0.279503 -0.128300 -0.086991
v -0.331469 -0.119896 -0.085895
v -0.210589 -0.132229 -0.000771
v -0.285201 -0.127788 -0.000519
v -0.211935 -0.132148 0.095223
v -0.286481 -0.127715 0.095085
v -0.337451 -0.119183 -0.000383
v -0.338467 -0.119082 0.095067
v -0.111992 -0.133873 -0.000909
v -0.112840 -0.133782 0.095529
v 0.000140 -0.134163 0.192929
v -0.111992 -0.133924 0.192349
v 0.000136 -0.135200 0.283023
v -0.109170 -0.134921 0.281851
v -0.210589 -0.132276 0.191297
v -0.205711 -0.133173 0.279225
v -0.285201 -0.127831 0.190627
v -0.279503 -0.128643 0.276531
v -0.337451 -0.119224 0.190437
v -0.331469 -0.120219 0.275377
v -0.197273 -0.134678 0.351755
v -0.268603 -0.130043 0.344741
v -0.190215 -0.132910 0.406205
v -0.259725 -0.128709 0.393665
v -0.318027 -0.122366 0.340447
v -0.302243 -0.123739 0.380159
v 0.000121 -0.137002 0.358771
v -0.104512 -0.136634 0.356909
v 0.000105 -0.135390 0.416413
v -0.100345 -0.134947 0.413931
v 0.112316 -0.133924 0.192349
v 0.210957 -0.132276 0.191297
v 0.109480 -0.134921 0.281851
v 0.206059 -0.133173 0.279225
v 0.104777 -0.136634 0.356909
v 0.197563 -0.134678 0.351755
v 0.100562 -0.134947 0.413931
v 0.190441 -0.132910 0.406205
v 0.279809 -0.128643 0.276531
v 0.268865 -0.130043 0.344741
v 0.331701 -0.120219 0.275377
v 0.318245 -0.122366 0.340447
v 0.259943 -0.128709 0.393665
v 0.302447 -0.123739 0.380159
v 0.285519 -0.127831 0.190627
v 0.337687 -0.119224 0.190437
v 0.000098 -0.123744 -0.268021
v 0.098965 -0.123350 -0.265153
v 0.000097 -0.109568 -0.290007
v 0.098969 -0.109212 -0.286913
v 0.189113 -0.121715 -0.255743
v 0.190777 -0.107916 -0.276609
v 0.262793 -0.118422 -0.237977
v 0.316133 -0.114117 -0.207673
v 0.268825 -0.105355 -0.256651
v 0.327881 -0.101278 -0.220993
v 0.191722 -0.092330 -0.287069
v 0.271695 -0.090038 -0.266335
v 0.191857 -0.076921 -0.291389
v 0.272105 -0.074332 -0.270543
v 0.332879 -0.085922 -0.228815
v 0.333593 -0.069528 -0.232489
v 0.000097 -0.093829 -0.300853
v 0.099087 -0.093490 -0.297685
v 0.000097 -0.078540 -0.305213
v 0.099104 -0.078185 -0.302035
v -0.098768 -0.123350 -0.265153
v -0.188916 -0.121715 -0.255743
v -0.098775 -0.109212 -0.286913
v -0.190583 -0.107916 -0.276609
v -0.098893 -0.093490 -0.297685
v -0.191529 -0.092330 -0.287069
v -0.098910 -0.078185 -0.302035
v -0.191663 -0.076921 -0.291389
v -0.268631 -0.105355 -0.256651
v -0.271501 -0.090038 -0.266335
v -0.327687 -0.101278 -0.220993
v -0.332685 -0.085922 -0.228815
v -0.271911 -0.074332 -0.270543
v -0.333399 -0.069528 -0.232489
v -0.315937 -0.114117 -0.207673
v -0.262595 -0.118422 -0.237977
v -0.347939 -0.110157 -0.157335
v -0.365157 -0.107031 -0.087267
v -0.364685 -0.095917 -0.164539
v -0.383733 -0.091347 -0.089599
v -0.371051 -0.079866 -0.169141
v -0.390759 -0.074460 -0.091181
v -0.371961 -0.062307 -0.171645
v -0.391761 -0.055692 -0.092423
v -0.390759 -0.089406 -0.000843
v -0.398019 -0.072104 -0.001087
v -0.391761 -0.089128 0.095069
v -0.399057 -0.071724 0.095051
v -0.399057 -0.052530 -0.001561
v -0.400099 -0.051735 0.094915
v -0.372593 -0.105537 0.095069
v -0.371647 -0.105724 -0.000553
v -0.371647 -0.105767 0.190611
v -0.365157 -0.107376 0.276757
v -0.390759 -0.089452 0.190889
v -0.383733 -0.091716 0.278983
v -0.398019 -0.072069 0.191041
v -0.390759 -0.074631 0.280223
v -0.399057 -0.051935 0.191091
v -0.391761 -0.054537 0.280759
v -0.364685 -0.097041 0.352409
v -0.371051 -0.080620 0.356161
v -0.327687 -0.103258 0.407335
v -0.332685 -0.087368 0.413817
v -0.371961 -0.060666 0.357775
v -0.333399 -0.067534 0.416539
v -0.315937 -0.115950 0.394573
v -0.347939 -0.111206 0.345527
v 0.098965 -0.126173 0.451381
v 0.000098 -0.126617 0.454263
v 0.189113 -0.124374 0.441963
v 0.098969 -0.112312 0.472393
v 0.000097 -0.112722 0.475479
v 0.190777 -0.110837 0.462113
v 0.099087 -0.096082 0.481589
v 0.000097 -0.096540 0.484743
v 0.191722 -0.094642 0.471005
v 0.099104 -0.077393 0.484913
v 0.000097 -0.078318 0.488019
v 0.191857 -0.075194 0.474381
v 0.332879 -0.087368 0.413817
v 0.271695 -0.091994 0.450435
v 0.268825 -0.107931 0.442291
v 0.327881 -0.103258 0.407335
v 0.333593 -0.067534 0.416539
v 0.272105 -0.072223 0.453701
v 0.316133 -0.115950 0.394573
v 0.262793 -0.120773 0.424307
v -0.098768 -0.126173 0.451381
v -0.098775 -0.112312 0.472393
v -0.188916 -0.124374 0.441963
v -0.190583 -0.110837 0.462113
v -0.262595 -0.120773 0.424307
v -0.268631 -0.107931 0.442291
v -0.271501 -0.091994 0.450435
v -0.191529 -0.094642 0.471005
v -0.271911 -0.072223 0.453701
v -0.191663 -0.075194 0.474381
v -0.098893 -0.096082 0.481589
v -0.098910 -0.077393 0.484913
v 0.348135 -0.110157 -0.157335
v 0.364879 -0.095917 -0.164539
v 0.365355 -0.107031 -0.087267
v 0.383927 -0.091347 -0.089599
v 0.371845 -0.105724 -0.000553
v 0.372793 -0.105537 0.095069
v 0.390951 -0.089406 -0.000843
v 0.391955 -0.089128 0.095069
v 0.390951 -0.074460 -0.091181
v 0.398213 -0.072104 -0.001087
v 0.391955 -0.055692 -0.092423
v 0.399251 -0.052530 -0.001561
v 0.399251 -0.071724 0.095051
v 0.400293 -0.051735 0.094915
v 0.371245 -0.079866 -0.169141
v 0.372155 -0.062307 -0.171645
v 0.371845 -0.105767 0.190609
v 0.390951 -0.089452 0.190889
v 0.365355 -0.107376 0.276757
v 0.383927 -0.091716 0.278983
v 0.348135 -0.111206 0.345527
v 0.364879 -0.097041 0.352409
v 0.390951 -0.074631 0.280223
v 0.371245 -0.080620 0.356161
v 0.391955 -0.054537 0.280759
v 0.372155 -0.060666 0.357775
v 0.398213 -0.072069 0.191041
v 0.399251 -0.051935 0.191091
v 0.000026 0.120720 -0.328459
v 0.084096 0.120740 -0.328331
v 0.077071 0.063994 -0.329839
v 0.000073 0.063916 -0.329941
v -0.000021 0.184488 -0.325143
v 0.090707 0.184504 -0.325001
v 0.160111 0.122156 -0.327433
v 0.149090 0.066510 -0.329131
v 0.170952 0.185046 -0.324015
v 0.210185 0.074020 -0.327301
v 0.221349 0.125950 -0.325013
v 0.265993 0.128876 -0.320395
v 0.250403 0.085644 -0.324217
v 0.232745 0.186464 -0.321343
v 0.277469 0.187504 -0.316151
v 0.172672 0.243878 -0.324681
v 0.233841 0.244350 -0.321923
v 0.164177 0.313660 -0.330399
v 0.223825 0.313966 -0.327645
v 0.277807 0.245060 -0.316559
v 0.267571 0.314626 -0.322309
v -0.000042 0.243702 -0.325847
v 0.091930 0.243712 -0.325701
v -0.000045 0.313652 -0.331599
v 0.087055 0.313620 -0.331437
v -0.000042 0.407742 -0.341609
v 0.076844 0.407586 -0.341417
v -0.000021 0.504988 -0.352659
v 0.063689 0.504566 -0.352451
v 0.146916 0.407350 -0.340341
v 0.124663 0.503368 -0.351319
v 0.204699 0.407362 -0.337611
v 0.179986 0.501790 -0.348531
v 0.249235 0.407886 -0.332401
v 0.225319 0.501404 -0.343475
v 0.102233 0.577270 -0.359785
v 0.154531 0.572008 -0.356839
v 0.086279 0.627666 -0.363097
v 0.136921 0.617612 -0.360251
v 0.199112 0.568662 -0.352047
v 0.176927 0.605926 -0.356489
v 0.000026 0.581260 -0.361151
v 0.050527 0.580400 -0.360965
v 0.000073 0.634210 -0.364389
v 0.040854 0.632896 -0.364243
v 0.074178 0.028195 -0.324235
v 0.000094 0.027971 -0.324293
v 0.145943 0.031679 -0.323827
v 0.073996 0.009854 -0.313285
v 0.000097 0.009482 -0.313305
v 0.147346 0.013992 -0.313151
v 0.074114 0.001774 -0.300493
v 0.000097 0.001337 -0.300497
v 0.148292 0.006175 -0.300465
v 0.074131 -0.000655 -0.289243
v 0.000097 -0.001104 -0.289255
v 0.148427 0.003782 -0.289151
v 0.217721 0.027561 -0.312427
v 0.220591 0.020406 -0.299969
v 0.275175 0.060752 -0.309217
v 0.280175 0.055249 -0.296881
v 0.221001 0.018137 -0.288477
v 0.280889 0.053499 -0.285009
v 0.263509 0.071640 -0.319051
v 0.211857 0.043430 -0.322529
v 0.294197 0.124516 -0.312979
v 0.308335 0.187072 -0.307863
v 0.310701 0.119268 -0.302585
v 0.326509 0.186308 -0.296907
v 0.317067 0.116674 -0.290079
v 0.333533 0.186460 -0.284127
v 0.317975 0.116030 -0.277593
v 0.334537 0.186998 -0.271013
v 0.327403 0.247046 -0.296819
v 0.334663 0.248416 -0.283909
v 0.317301 0.317070 -0.302695
v 0.324597 0.318648 -0.289875
v 0.335701 0.249674 -0.270389
v 0.325639 0.320226 -0.276271
v 0.298579 0.315688 -0.313799
v 0.308755 0.245934 -0.308003
v 0.280721 0.409068 -0.324139
v 0.256969 0.503418 -0.335731
v 0.299445 0.410656 -0.313343
v 0.275253 0.506422 -0.325531
v 0.306707 0.412350 -0.300823
v 0.282277 0.508782 -0.313377
v 0.307745 0.414058 -0.287443
v 0.283281 0.510602 -0.300195
v 0.244331 0.579834 -0.336045
v 0.250697 0.583730 -0.324163
v 0.200876 0.629424 -0.343797
v 0.205874 0.635032 -0.331993
v 0.251607 0.585768 -0.310861
v 0.206588 0.637310 -0.318439
v 0.189313 0.618534 -0.352271
v 0.227765 0.573424 -0.345361
v 0.000094 0.667254 -0.360695
v 0.037088 0.665626 -0.360587
v 0.000097 0.685090 -0.351623
v 0.036781 0.683296 -0.351537
v 0.081460 0.658998 -0.359615
v 0.082624 0.675952 -0.350757
v 0.136525 0.644530 -0.356943
v 0.142092 0.659690 -0.348475
v 0.144963 0.666434 -0.336531
v 0.083570 0.683284 -0.338647
v 0.145373 0.668868 -0.322869
v 0.083705 0.685774 -0.325167
v 0.000097 0.692734 -0.339531
v 0.036899 0.690882 -0.339413
v 0.000097 0.695174 -0.326825
v 0.036916 0.693348 -0.326413
v -0.076948 0.063994 -0.329839
v -0.084115 0.120740 -0.328331
v -0.148990 0.066510 -0.329131
v -0.160201 0.122156 -0.327433
v -0.090869 0.184504 -0.325001
v -0.171232 0.185046 -0.324015
v -0.265871 0.128876 -0.320395
v -0.221359 0.125950 -0.325013
v -0.210059 0.074020 -0.327301
v -0.250241 0.085644 -0.324217
v -0.277393 0.187504 -0.316151
v -0.232891 0.186464 -0.321343
v -0.234047 0.244350 -0.321923
v -0.173035 0.243878 -0.324681
v -0.277753 0.245060 -0.316559
v -0.224041 0.313966 -0.327645
v -0.164552 0.313660 -0.330399
v -0.267521 0.314626 -0.322309
v -0.092154 0.243712 -0.325701
v -0.087287 0.313620 -0.331437
v -0.077067 0.407586 -0.341417
v -0.147279 0.407350 -0.340341
v -0.063850 0.504566 -0.352451
v -0.124943 0.503368 -0.351319
v -0.204905 0.407362 -0.337611
v -0.249181 0.407886 -0.332401
v -0.180133 0.501790 -0.348531
v -0.225243 0.501404 -0.343475
v -0.154541 0.572008 -0.356839
v -0.102323 0.577270 -0.359785
v -0.198991 0.568662 -0.352047
v -0.136796 0.617612 -0.360251
v -0.086180 0.627666 -0.363097
v -0.176765 0.605926 -0.356489
v -0.050546 0.580400 -0.360965
v -0.040731 0.632896 -0.364243
v -0.073993 0.028195 -0.324235
v -0.073802 0.009854 -0.313285
v -0.145761 0.031679 -0.323827
v -0.147153 0.013992 -0.313151
v -0.073921 0.001774 -0.300493
v -0.073937 -0.000655 -0.289243
v -0.148098 0.006175 -0.300465
v -0.148233 0.003782 -0.289151
v -0.220397 0.020406 -0.299969
v -0.217527 0.027561 -0.312427
v -0.220807 0.018137 -0.288477
v -0.279981 0.055249 -0.296881
v -0.274981 0.060752 -0.309217
v -0.280695 0.053499 -0.285009
v -0.211671 0.043430 -0.322529
v -0.263319 0.071640 -0.319051
v -0.294013 0.124516 -0.312979
v -0.310507 0.119268 -0.302585
v -0.308157 0.187072 -0.307863
v -0.326315 0.186308 -0.296907
v -0.316873 0.116674 -0.290079
v -0.317783 0.116030 -0.277593
v -0.333339 0.186460 -0.284127
v -0.334343 0.186998 -0.271013
v -0.334471 0.248416 -0.283909
v -0.327209 0.247046 -0.296819
v -0.335507 0.249674 -0.270389
v -0.324403 0.318648 -0.289875
v -0.317107 0.317070 -0.302695
v -0.325445 0.320226 -0.276271
v -0.308579 0.245934 -0.308003
v -0.298403 0.315688 -0.313799
v -0.280545 0.409068 -0.324139
v -0.299251 0.410656 -0.313343
v -0.256789 0.503418 -0.335731
v -0.275059 0.506422 -0.325531
v -0.306513 0.412350 -0.300823
v -0.307551 0.414058 -0.287443
v -0.282083 0.508782 -0.313377
v -0.283087 0.510602 -0.300195
v -0.250503 0.583730 -0.324163
v -0.244137 0.579834 -0.336045
v -0.251413 0.585768 -0.310861
v -0.205681 0.635032 -0.331993
v -0.200681 0.629424 -0.343797
v -0.206395 0.637310 -0.318439
v -0.227579 0.573424 -0.345361
v -0.189123 0.618534 -0.352271
v -0.036903 0.665626 -0.360587
v -0.081278 0.658998 -0.359615
v -0.036587 0.683296 -0.351537
v -0.082430 0.675952 -0.350757
v -0.136339 0.644530 -0.356943
v -0.141898 0.659690 -0.348475
v -0.144769 0.666434 -0.336531
v -0.145179 0.668868 -0.322869
v -0.083376 0.683284 -0.338647
v -0.083511 0.685774 -0.325167
v -0.036705 0.690882 -0.339413
v -0.036722 0.693348 -0.326413
v 0.483859 0.183722 0.174595
v 0.484425 0.183648 0.133221
v 0.498257 0.183646 0.133167
v 0.498257 0.183722 0.174167
v 0.463449 0.183722 0.177599
v 0.467979 0.183672 0.133597
v 0.483859 0.183120 0.084439
v 0.498257 0.183094 0.084437
v 0.463449 0.183304 0.084441
v 0.483745 0.180600 0.001741
v 0.483969 0.181840 0.036577
v 0.464603 0.181860 0.036491
v 0.464769 0.180574 0.001045
v 0.496025 0.180784 0.006607
v 0.497979 0.181860 0.037187
v 0.444675 0.180574 0.001045
v 0.444677 0.181840 0.034929
v 0.424769 0.181860 0.036491
v 0.424581 0.180574 0.001045
v 0.444699 0.183148 0.071937
v 0.426089 0.183304 0.084441
v 0.405513 0.183722 0.174595
v 0.404955 0.183648 0.133221
v 0.421631 0.183672 0.133597
v 0.426089 0.183722 0.177599
v 0.391091 0.183722 0.174167
v 0.391091 0.183646 0.133167
v 0.405513 0.183120 0.084439
v 0.391091 0.183094 0.084437
v 0.405603 0.180600 0.001741
v 0.405383 0.181840 0.036577
v 0.391371 0.181860 0.037187
v 0.393325 0.180784 0.006607
v 0.484025 0.204230 -0.013549
v 0.484025 0.193922 -0.013549
v 0.464769 0.193830 -0.015635
v 0.464769 0.204130 -0.015635
v 0.498257 0.204934 0.001045
v 0.498257 0.194564 0.001045
v 0.484025 0.186560 -0.013549
v 0.464769 0.186476 -0.015635
v 0.498257 0.187142 0.001045
v 0.484025 0.180712 -0.013549
v 0.484025 0.182476 -0.013549
v 0.498257 0.183032 0.001045
v 0.498257 0.181264 0.001045
v 0.464769 0.180634 -0.015635
v 0.464769 0.182396 -0.015635
v 0.444675 0.204130 -0.015635
v 0.444675 0.193830 -0.015635
v 0.424581 0.193830 -0.015635
v 0.424581 0.204130 -0.015635
v 0.444675 0.186476 -0.015635
v 0.424581 0.186476 -0.015635
v 0.444675 0.180634 -0.015635
v 0.444675 0.182396 -0.015635
v 0.424581 0.180634 -0.015635
v 0.424581 0.182396 -0.015635
v 0.405325 0.204230 -0.013549
v 0.405325 0.193922 -0.013549
v 0.391091 0.194564 0.001045
v 0.391091 0.204934 0.001045
v 0.405325 0.186560 -0.013549
v 0.391091 0.187142 0.001045
v 0.405325 0.180712 -0.013549
v 0.405325 0.182476 -0.013549
v 0.391091 0.181264 0.001045
v 0.391091 0.183032 0.001045
v 0.391091 0.192002 0.274315
v 0.405325 0.190922 0.283147
v 0.405325 0.201844 0.283981
v 0.391091 0.202890 0.275151
v 0.391091 0.183922 0.273685
v 0.405325 0.182784 0.282517
v 0.424581 0.190768 0.284407
v 0.424581 0.201694 0.285243
v 0.424581 0.182622 0.283777
v 0.405325 0.176542 0.282049
v 0.405325 0.178354 0.282181
v 0.391091 0.179518 0.273349
v 0.391091 0.177712 0.273219
v 0.424581 0.176376 0.283311
v 0.424581 0.178186 0.283441
v 0.444675 0.190768 0.284407
v 0.444675 0.201694 0.285243
v 0.444675 0.182622 0.283777
v 0.464769 0.190768 0.284407
v 0.464769 0.201694 0.285243
v 0.464769 0.182622 0.283777
v 0.444675 0.176376 0.283311
v 0.444675 0.178186 0.283441
v 0.464769 0.176376 0.283311
v 0.464769 0.178186 0.283441
v 0.484025 0.190922 0.283147
v 0.484025 0.201844 0.283981
v 0.484025 0.182784 0.282517
v 0.498257 0.192002 0.274315
v 0.498257 0.202890 0.275151
v 0.498257 0.183922 0.273685
v 0.484025 0.176542 0.282049
v 0.484025 0.178354 0.282181
v 0.498257 0.177712 0.273219
v 0.498257 0.179518 0.273349
v 0.384393 0.197506 0.084437
v 0.384393 0.198148 0.133191
v 0.384393 0.208858 0.133209
v 0.384393 0.208154 0.084437
v 0.384393 0.189802 0.084437
v 0.384393 0.190382 0.133179
v 0.384393 0.198230 0.174357
v 0.384393 0.208944 0.174497
v 0.384393 0.190460 0.174253
v 0.384393 0.184334 0.133169
v 0.384393 0.186124 0.133171
v 0.384393 0.185570 0.084437
v 0.384393 0.183784 0.084437
v 0.384393 0.184410 0.174175
v 0.384393 0.186198 0.174197
v 0.385231 0.184300 0.036491
v 0.385231 0.182524 0.036491
v 0.385231 0.188472 0.036491
v 0.385231 0.206544 0.036491
v 0.385231 0.196036 0.036491
v 0.504955 0.185570 0.084437
v 0.504955 0.186124 0.133171
v 0.504955 0.184334 0.133169
v 0.504955 0.183784 0.084437
v 0.504955 0.189802 0.084437
v 0.504955 0.190382 0.133179
v 0.504955 0.186198 0.174197
v 0.504955 0.184410 0.174175
v 0.504955 0.190460 0.174253
v 0.504955 0.208858 0.133209
v 0.504955 0.198148 0.133191
v 0.504955 0.197506 0.084437
v 0.504955 0.208154 0.084437
v 0.504955 0.208944 0.174497
v 0.504955 0.198230 0.174357
v 0.504117 0.196036 0.036491
v 0.504117 0.206544 0.036491
v 0.504117 0.188472 0.036491
v 0.504117 0.182524 0.036491
v 0.504117 0.184300 0.036491
v 0.458919 0.179760 0.099033
v 0.459485 0.179806 0.134349
v 0.454881 0.152430 0.134455
v 0.454881 0.152430 0.101119
v 0.458919 0.179812 0.169019
v 0.454881 0.152430 0.167793
v 0.436287 0.179812 0.084449
v 0.445101 0.179812 0.084449
v 0.445383 0.152430 0.084449
v 0.439053 0.152430 0.084449
v 0.435585 0.183724 0.084449
v 0.444829 0.183724 0.084449
v 0.453925 0.179812 0.084449
v 0.451715 0.152430 0.084449
v 0.454143 0.183724 0.084449
v 0.435887 0.152430 0.134455
v 0.430713 0.179806 0.134349
v 0.431269 0.179760 0.099033
v 0.435887 0.152430 0.101119
v 0.435887 0.152430 0.167793
v 0.431269 0.179812 0.169019
v 0.445383 0.152430 0.184463
v 0.445101 0.179812 0.184463
v 0.436287 0.179812 0.184463
v 0.439051 0.152430 0.184463
v 0.451715 0.152430 0.184463
v 0.453925 0.179812 0.184463
v 0.444829 0.183724 0.184463
v 0.435585 0.183724 0.184463
v 0.454143 0.183724 0.184463
v 0.452973 0.089154 0.101119
v 0.452973 0.089154 0.134455
v 0.451479 0.021758 0.134455
v 0.451479 0.021758 0.101119
v 0.452973 0.089154 0.167793
v 0.451479 0.021758 0.167793
v 0.440273 0.089288 0.084449
v 0.445353 0.089236 0.084449
v 0.444283 0.022398 0.084449
v 0.439487 0.022826 0.084449
v 0.450433 0.089182 0.084449
v 0.449081 0.021971 0.084449
v 0.437089 0.023039 0.134455
v 0.437733 0.089316 0.134455
v 0.437733 0.089316 0.101119
v 0.437089 0.023039 0.101119
v 0.437089 0.023039 0.167793
v 0.437733 0.089316 0.167793
v 0.444283 0.022398 0.184463
v 0.445353 0.089236 0.184463
v 0.440273 0.089288 0.184463
v 0.439487 0.022826 0.184463
v 0.449081 0.021971 0.184463
v 0.450433 0.089182 0.184463
v 0.448225 -0.017138 0.101119
v 0.448225 -0.017138 0.134455
v 0.442561 -0.035693 0.134455
v 0.442561 -0.035693 0.101119
v 0.448225 -0.017138 0.167793
v 0.442561 -0.035693 0.167793
v 0.436947 -0.013863 0.084449
v 0.441457 -0.015173 0.084449
v 0.436587 -0.032149 0.084449
v 0.432603 -0.029787 0.084449
v 0.445969 -0.016483 0.084449
v 0.440569 -0.034511 0.084449
v 0.430611 -0.028606 0.134455
v 0.434691 -0.013208 0.134455
v 0.434691 -0.013208 0.101119
v 0.430611 -0.028606 0.101119
v 0.430611 -0.028606 0.167793
v 0.434691 -0.013208 0.167793
v 0.436587 -0.032149 0.184463
v 0.441457 -0.015173 0.184463
v 0.436947 -0.013863 0.184463
v 0.432603 -0.029787 0.184463
v 0.440569 -0.034511 0.184463
v 0.445969 -0.016483 0.184463
v 0.434345 -0.049129 0.101119
v 0.434345 -0.049129 0.134455
v 0.423969 -0.060125 0.134455
v 0.423969 -0.060125 0.101119
v 0.434345 -0.049129 0.167793
v 0.423969 -0.060125 0.167793
v 0.420543 -0.054312 0.084449
v 0.429557 -0.044313 0.084449
v 0.432749 -0.047523 0.084449
v 0.422827 -0.058187 0.084449
v 0.418259 -0.050436 0.084449
v 0.426365 -0.041102 0.084449
v 0.417115 -0.048498 0.134455
v 0.424769 -0.039497 0.134455
v 0.424769 -0.039497 0.101119
v 0.417115 -0.048498 0.101119
v 0.417115 -0.048498 0.167793
v 0.424769 -0.039497 0.167793
v 0.432749 -0.047523 0.184463
v 0.429557 -0.044313 0.184463
v 0.420543 -0.054312 0.184463
v 0.422827 -0.058187 0.184463
v 0.426365 -0.041102 0.184463
v 0.418259 -0.050436 0.184463
v 0.412013 -0.068543 0.101119
v 0.412013 -0.068543 0.134455
v 0.399241 -0.075513 0.134455
v 0.399241 -0.075513 0.101119
v 0.412013 -0.068543 0.167793
v 0.399241 -0.075513 0.167793
v 0.398373 -0.067990 0.084449
v 0.409893 -0.061850 0.084449
v 0.411307 -0.066312 0.084449
v 0.398951 -0.073005 0.084449
v 0.397795 -0.062974 0.084449
v 0.408479 -0.057389 0.084449
v 0.397505 -0.060466 0.134455
v 0.407773 -0.055158 0.134455
v 0.407773 -0.055158 0.101119
v 0.397505 -0.060466 0.101119
v 0.397505 -0.060466 0.167793
v 0.407773 -0.055158 0.167793
v 0.411307 -0.066312 0.184463
v 0.409893 -0.061850 0.184463
v 0.398373 -0.067990 0.184463
v 0.398951 -0.073005 0.184463
v 0.408479 -0.057389 0.184463
v 0.397795 -0.062974 0.184463
v 0.498257 0.183546 0.202761
v 0.484003 0.183546 0.202815
v 0.498257 0.182370 0.226423
v 0.484025 0.182370 0.226423
v 0.464603 0.183548 0.203191
v 0.464769 0.182370 0.226423
v 0.483745 0.177080 0.272749
v 0.483989 0.179702 0.252135
v 0.497979 0.179752 0.251767
v 0.496025 0.177470 0.269805
v 0.464769 0.177024 0.273171
v 0.464769 0.179696 0.252187
v 0.444677 0.183546 0.204431
v 0.444699 0.183722 0.187527
v 0.444675 0.182370 0.226423
v 0.424769 0.183548 0.203191
v 0.424581 0.182370 0.226423
v 0.444675 0.177024 0.273171
v 0.444675 0.179696 0.252187
v 0.424581 0.177024 0.273171
v 0.424581 0.179696 0.252187
v 0.405349 0.183546 0.202815
v 0.405325 0.182370 0.226423
v 0.391091 0.183546 0.202761
v 0.391091 0.182370 0.226423
v 0.405603 0.177080 0.272749
v 0.405359 0.179702 0.252135
v 0.393325 0.177470 0.269805
v 0.391371 0.179752 0.251767
v 0.385231 0.186526 0.252691
v 0.385231 0.182182 0.252363
v 0.384393 0.189132 0.226853
v 0.384393 0.184848 0.226573
v 0.385231 0.180384 0.252235
v 0.384393 0.183058 0.226465
v 0.384393 0.186024 0.202851
v 0.384393 0.190284 0.203019
v 0.384393 0.184234 0.202785
v 0.384393 0.198056 0.203333
v 0.384393 0.196954 0.227377
v 0.384393 0.208764 0.203751
v 0.384393 0.207688 0.228075
v 0.385231 0.194474 0.253307
v 0.385231 0.205284 0.254127
v 0.504117 0.182182 0.252363
v 0.504117 0.186526 0.252691
v 0.504117 0.180384 0.252235
v 0.504955 0.184848 0.226573
v 0.504955 0.189132 0.226853
v 0.504955 0.183058 0.226465
v 0.504955 0.186024 0.202851
v 0.504955 0.184234 0.202785
v 0.504955 0.190284 0.203019
v 0.504117 0.194474 0.253307
v 0.504955 0.196954 0.227377
v 0.504117 0.205284 0.254127
v 0.504955 0.207688 0.228075
v 0.504955 0.198056 0.203333
v 0.504955 0.208764 0.203751
v 0.504117 0.183180 0.084437
v 0.504117 0.183732 0.133167
v 0.504117 0.183808 0.174169
v 0.497979 0.180686 0.001741
v 0.503351 0.181924 0.036577
v 0.464769 0.180110 -0.013549
v 0.483989 0.180182 -0.011639
v 0.444723 0.183652 0.082885
v 0.432863 0.183672 0.084449
v 0.456769 0.183672 0.084449
v 0.424581 0.180110 -0.013549
v 0.444675 0.180110 -0.013549
v 0.385231 0.183732 0.133167
v 0.385231 0.183180 0.084437
v 0.385231 0.183808 0.174169
v 0.385999 0.181924 0.036577
v 0.391371 0.180686 0.001741
v 0.405359 0.180182 -0.011639
v 0.457605 0.179812 0.182531
v 0.454485 0.152430 0.182379
v 0.456769 0.183724 0.183605
v 0.454485 0.152430 0.086533
v 0.457605 0.179806 0.086273
v 0.432595 0.179806 0.086273
v 0.436281 0.152430 0.086533
v 0.432595 0.179812 0.182531
v 0.432863 0.183724 0.183605
v 0.436281 0.152430 0.182379
v 0.452655 0.089158 0.182379
v 0.451179 0.021784 0.182379
v 0.451179 0.021784 0.086533
v 0.452655 0.089158 0.086533
v 0.438049 0.089312 0.086533
v 0.437389 0.023013 0.086533
v 0.437389 0.023013 0.182379
v 0.438049 0.089312 0.182379
v 0.447943 -0.017056 0.182379
v 0.442313 -0.035545 0.182379
v 0.442313 -0.035545 0.086533
v 0.447943 -0.017056 0.086533
v 0.434973 -0.013289 0.086533
v 0.430861 -0.028753 0.086533
v 0.430861 -0.028753 0.182379
v 0.434973 -0.013289 0.182379
v 0.434145 -0.048928 0.182379
v 0.423827 -0.059883 0.182379
v 0.423827 -0.059883 0.086533
v 0.434145 -0.048928 0.086533
v 0.424969 -0.039698 0.086533
v 0.417259 -0.048741 0.086533
v 0.417259 -0.048741 0.182379
v 0.424969 -0.039698 0.182379
v 0.411925 -0.068264 0.182379
v 0.399205 -0.075200 0.182379
v 0.399205 -0.075200 0.086533
v 0.411925 -0.068264 0.086533
v 0.407861 -0.055437 0.086533
v 0.397541 -0.060779 0.086533
v 0.397541 -0.060779 0.182379
v 0.407861 -0.055437 0.182379
v 0.504117 0.183632 0.202765
v 0.504117 0.182456 0.226429
v 0.503351 0.179788 0.252141
v 0.497979 0.177166 0.272755
v 0.483989 0.176094 0.280851
v 0.464769 0.175940 0.282007
v 0.444723 0.183724 0.184845
v 0.444675 0.175940 0.282007
v 0.424581 0.175940 0.282007
v 0.385231 0.182456 0.226429
v 0.385231 0.183632 0.202765
v 0.391371 0.177166 0.272755
v 0.385999 0.179788 0.252141
v 0.405359 0.176094 0.280851
v -0.504761 0.183672 0.133597
v -0.484929 0.183658 0.133383
v -0.483945 0.183722 0.175883
v -0.504761 0.183722 0.177599
v -0.504761 0.183304 0.084441
v -0.483945 0.183200 0.084439
v -0.466669 0.183724 0.134455
v -0.458791 0.183724 0.184463
v -0.458791 0.183724 0.084449
v -0.463851 0.181834 0.034407
v -0.484507 0.181776 0.034579
v -0.484109 0.179996 -0.014245
v -0.464575 0.179944 -0.015635
v -0.504203 0.181834 0.035797
v -0.500295 0.180364 -0.004515
v -0.425133 0.181834 0.034407
v -0.444483 0.181834 0.034407
v -0.444481 0.179944 -0.015635
v -0.424387 0.179944 -0.015635
v -0.430359 0.183724 0.084449
v -0.444505 0.183724 0.084449
v -0.422553 0.183724 0.134455
v -0.404065 0.183658 0.133383
v -0.405041 0.183722 0.175883
v -0.430359 0.183724 0.184463
v -0.405041 0.183200 0.084439
v -0.384201 0.183672 0.133597
v -0.384201 0.183722 0.177599
v -0.384201 0.183304 0.084441
v -0.384759 0.181834 0.035797
v -0.404457 0.181776 0.034579
v -0.404851 0.179996 -0.014245
v -0.388665 0.180364 -0.004515
v -0.464575 0.193830 -0.015635
v -0.483831 0.193922 -0.013549
v -0.483831 0.204230 -0.013549
v -0.464575 0.204130 -0.015635
v -0.464575 0.186476 -0.015635
v -0.483831 0.186560 -0.013549
v -0.498063 0.194564 0.001045
v -0.498063 0.204934 0.001045
v -0.498063 0.187142 0.001045
v -0.498343 0.182918 0.000351
v -0.483865 0.182386 -0.013637
v -0.464575 0.182310 -0.015635
v -0.424387 0.193830 -0.015635
v -0.444481 0.193830 -0.015635
v -0.444481 0.204130 -0.015635
v -0.424387 0.204130 -0.015635
v -0.424387 0.186476 -0.015635
v -0.444481 0.186476 -0.015635
v -0.444481 0.182310 -0.015635
v -0.424387 0.182310 -0.015635
v -0.390897 0.194564 0.001045
v -0.405131 0.193922 -0.013549
v -0.405131 0.204230 -0.013549
v -0.390897 0.204934 0.001045
v -0.390897 0.187142 0.001045
v -0.405131 0.186560 -0.013549
v -0.405095 0.182386 -0.013637
v -0.390619 0.182918 0.000351
v -0.405131 0.201844 0.283981
v -0.405131 0.190922 0.283147
v -0.390897 0.192002 0.274315
v -0.390897 0.202890 0.275151
v -0.424387 0.201694 0.285243
v -0.424387 0.190768 0.284407
v -0.405131 0.182784 0.282517
v -0.390897 0.183922 0.273685
v -0.424387 0.182622 0.283777
v -0.390619 0.179376 0.273763
v -0.405095 0.178260 0.282227
v -0.404851 0.175800 0.282423
v -0.388665 0.176578 0.276535
v -0.424387 0.178102 0.283435
v -0.424387 0.175688 0.283263
v -0.444481 0.201694 0.285243
v -0.444481 0.190768 0.284407
v -0.464575 0.201694 0.285243
v -0.464575 0.190768 0.284407
v -0.444481 0.182622 0.283777
v -0.464575 0.182622 0.283777
v -0.444481 0.178102 0.283435
v -0.444481 0.175688 0.283263
v -0.464575 0.178102 0.283435
v -0.464575 0.175688 0.283263
v -0.483831 0.201844 0.283981
v -0.483831 0.190922 0.283147
v -0.498063 0.202890 0.275151
v -0.498063 0.192002 0.274315
v -0.483831 0.182784 0.282517
v -0.498063 0.183922 0.273685
v -0.483865 0.178260 0.282227
v -0.484109 0.175800 0.282423
v -0.498343 0.179376 0.273763
v -0.500295 0.176578 0.276535
v -0.384201 0.208858 0.133209
v -0.384201 0.198148 0.133191
v -0.384201 0.197506 0.084437
v -0.384201 0.208154 0.084437
v -0.384201 0.208944 0.174497
v -0.384201 0.198230 0.174357
v -0.384201 0.190382 0.133179
v -0.384201 0.189802 0.084437
v -0.384201 0.190460 0.174253
v -0.384201 0.185510 0.084439
v -0.384201 0.186040 0.133225
v -0.384201 0.186114 0.174625
v -0.385003 0.184214 0.036405
v -0.385037 0.188472 0.036491
v -0.385037 0.196036 0.036491
v -0.385037 0.206544 0.036491
v -0.504761 0.186040 0.133225
v -0.504761 0.185510 0.084439
v -0.504761 0.186114 0.174625
v -0.504761 0.190382 0.133179
v -0.504761 0.189802 0.084437
v -0.504761 0.190460 0.174253
v -0.504761 0.197506 0.084437
v -0.504761 0.198148 0.133191
v -0.504761 0.208858 0.133209
v -0.504761 0.208154 0.084437
v -0.504761 0.198230 0.174357
v -0.504761 0.208944 0.174497
v -0.503923 0.206544 0.036491
v -0.503923 0.196036 0.036491
v -0.503923 0.188472 0.036491
v -0.503959 0.184214 0.036405
v -0.454523 0.155038 0.134455
v -0.459131 0.180138 0.134455
v -0.458083 0.181116 0.084449
v -0.454029 0.162862 0.084449
v -0.454029 0.162862 0.184463
v -0.458083 0.181116 0.184463
v -0.445201 0.155038 0.084449
v -0.444893 0.180138 0.084449
v -0.431729 0.181116 0.084449
v -0.436445 0.162862 0.084449
v -0.430681 0.180138 0.134455
v -0.435881 0.155038 0.134455
v -0.431729 0.181116 0.184463
v -0.436445 0.162862 0.184463
v -0.444893 0.180138 0.184463
v -0.445201 0.155038 0.184463
v -0.444505 0.183724 0.184463
v -0.451403 0.019608 0.134455
v -0.452773 0.089212 0.134455
v -0.452755 0.089384 0.084449
v -0.451759 0.013158 0.084449
v -0.451759 0.013158 0.184463
v -0.452755 0.089384 0.184463
v -0.444193 0.020195 0.084449
v -0.445173 0.089286 0.084449
v -0.437677 0.089490 0.084449
v -0.437247 0.014013 0.084449
v -0.437573 0.089360 0.134455
v -0.436983 0.020783 0.134455
v -0.437677 0.089490 0.184463
v -0.437247 0.014013 0.184463
v -0.445173 0.089286 0.184463
v -0.444193 0.020195 0.184463
v -0.442517 -0.035803 0.134455
v -0.448065 -0.017420 0.134455
v -0.448165 -0.018268 0.084449
v -0.442963 -0.036133 0.084449
v -0.442963 -0.036133 0.184463
v -0.448165 -0.018268 0.184463
v -0.436517 -0.032234 0.084449
v -0.441293 -0.015459 0.084449
v -0.434589 -0.014366 0.084449
v -0.430811 -0.028845 0.084449
v -0.434519 -0.013497 0.134455
v -0.430517 -0.028666 0.134455
v -0.434589 -0.014366 0.184463
v -0.430811 -0.028845 0.184463
v -0.441293 -0.015459 0.184463
v -0.436517 -0.032234 0.184463
v -0.423867 -0.060286 0.134455
v -0.434181 -0.049163 0.134455
v -0.434271 -0.049264 0.084449
v -0.424139 -0.060769 0.084449
v -0.424139 -0.060769 0.184463
v -0.434271 -0.049264 0.184463
v -0.429391 -0.044343 0.084449
v -0.420445 -0.054467 0.084449
v -0.424677 -0.039602 0.084449
v -0.417333 -0.049099 0.084449
v -0.424601 -0.039523 0.134455
v -0.417025 -0.048648 0.134455
v -0.424677 -0.039602 0.184463
v -0.417333 -0.049099 0.184463
v -0.420445 -0.054467 0.184463
v -0.429391 -0.044343 0.184463
v -0.399715 -0.074722 0.134455
v -0.411913 -0.068464 0.134455
v -0.412199 -0.068228 0.085839
v -0.401723 -0.072346 0.095563
v -0.401723 -0.072346 0.173349
v -0.412199 -0.068228 0.183073
v -0.409793 -0.061829 0.084797
v -0.398827 -0.067661 0.087227
v -0.407945 -0.055301 0.085839
v -0.399821 -0.061008 0.095563
v -0.407671 -0.055193 0.134455
v -0.397939 -0.060601 0.134455
v -0.407945 -0.055301 0.183073
v -0.399821 -0.061008 0.173349
v -0.398827 -0.067661 0.181685
v -0.409793 -0.061829 0.184115
v -0.484577 0.183554 0.202957
v -0.504761 0.183602 0.203035
v -0.463851 0.183548 0.204049
v -0.484667 0.182426 0.226269
v -0.504761 0.182814 0.225185
v -0.464575 0.182370 0.226423
v -0.504203 0.179696 0.252453
v -0.484597 0.179550 0.253325
v -0.464575 0.179530 0.253449
v -0.444483 0.183548 0.204049
v -0.425133 0.183548 0.204049
v -0.444481 0.182370 0.226423
v -0.424387 0.182370 0.226423
v -0.444481 0.179530 0.253449
v -0.424387 0.179530 0.253449
v -0.404387 0.183554 0.202957
v -0.384201 0.183602 0.203035
v -0.404293 0.182426 0.226269
v -0.384201 0.182814 0.225185
v -0.404363 0.179550 0.253325
v -0.384759 0.179696 0.252453
v -0.385003 0.182096 0.252389
v -0.385037 0.186526 0.252691
v -0.384201 0.184818 0.226413
v -0.384201 0.189132 0.226853
v -0.384201 0.190284 0.203019
v -0.384201 0.185944 0.202881
v -0.384201 0.198056 0.203333
v -0.384201 0.208764 0.203751
v -0.384201 0.196954 0.227377
v -0.384201 0.207688 0.228075
v -0.385037 0.194474 0.253307
v -0.385037 0.205284 0.254127
v -0.503923 0.186526 0.252691
v -0.503959 0.182096 0.252389
v -0.504761 0.189132 0.226853
v -0.504761 0.184818 0.226413
v -0.504761 0.185944 0.202881
v -0.504761 0.190284 0.203019
v -0.503923 0.194474 0.253307
v -0.503923 0.205284 0.254127
v -0.504761 0.196954 0.227377
v -0.504761 0.207688 0.228075
v -0.504761 0.198056 0.203333
v -0.504761 0.208764 0.203751
v -0.504761 0.183724 0.182747
v -0.504761 0.183712 0.134241
v -0.504761 0.183620 0.084447
v -0.504621 0.181834 0.034755
v -0.503645 0.180050 -0.012855
v -0.484529 0.179958 -0.015287
v -0.444487 0.183724 0.084449
v -0.425881 0.183724 0.084449
v -0.463129 0.183724 0.084449
v -0.384201 0.183620 0.084447
v -0.384201 0.183712 0.134241
v -0.384201 0.183724 0.182747
v -0.384339 0.181834 0.034755
v -0.385317 0.180050 -0.012855
v -0.404433 0.179958 -0.015287
v -0.458503 0.183072 0.184463
v -0.453039 0.178508 0.184463
v -0.463129 0.183724 0.184463
v -0.458503 0.183072 0.084449
v -0.453039 0.178508 0.084449
v -0.431309 0.183072 0.084449
v -0.437577 0.178508 0.084449
v -0.431309 0.183072 0.184463
v -0.425881 0.183724 0.184463
v -0.437577 0.178508 0.184463
v -0.452473 0.000259 0.184463
v -0.452721 0.089728 0.184463
v -0.452721 0.089728 0.084449
v -0.452473 0.000259 0.084449
v -0.437777 0.000472 0.084449
v -0.437885 0.089754 0.084449
v -0.437885 0.089754 0.184463
v -0.437777 0.000472 0.184463
v -0.443859 -0.036794 0.184463
v -0.448367 -0.019963 0.184463
v -0.448367 -0.019963 0.084449
v -0.443859 -0.036794 0.084449
v -0.434729 -0.016103 0.084449
v -0.431403 -0.029204 0.084449
v -0.434729 -0.016103 0.184463
v -0.431403 -0.029204 0.184463
v -0.434451 -0.049467 0.184463
v -0.424681 -0.061734 0.184463
v -0.434451 -0.049467 0.084449
v -0.424681 -0.061734 0.084449
v -0.417949 -0.050000 0.084449
v -0.424827 -0.039759 0.084449
v -0.424827 -0.039759 0.184463
v -0.417949 -0.050000 0.184463
v -0.412823 -0.068225 0.184115
v -0.406169 -0.071357 0.181685
v -0.412823 -0.068225 0.084797
v -0.406169 -0.071357 0.087227
v -0.403149 -0.058060 0.087227
v -0.408437 -0.055045 0.084797
v -0.408437 -0.055045 0.184115
v -0.403149 -0.058060 0.181685
v -0.504761 0.183686 0.203447
v -0.504761 0.183482 0.223325
v -0.504621 0.179696 0.252851
v -0.503645 0.175910 0.281581
v -0.484529 0.175716 0.283053
v -0.444487 0.183724 0.184463
v -0.384201 0.183686 0.203447
v -0.384201 0.183482 0.223325
v -0.384339 0.179696 0.252851
v -0.385317 0.175910 0.281581
v -0.404433 0.175716 0.283053
v 0.000097 -0.064942 -0.306171
v 0.099087 -0.064514 -0.303003
v 0.000097 -0.052374 -0.301715
v 0.098969 -0.051686 -0.298635
v 0.191722 -0.062934 -0.292433
v 0.190777 -0.049599 -0.288389
v 0.271695 -0.059600 -0.271769
v 0.268825 -0.045717 -0.268399
v 0.332879 -0.053307 -0.233951
v 0.327881 -0.038200 -0.231861
v 0.189113 -0.035477 -0.274911
v 0.262793 -0.031929 -0.256781
v 0.190441 -0.018437 -0.242241
v 0.259943 -0.016469 -0.229177
v 0.316133 -0.025130 -0.224739
v 0.302447 -0.015231 -0.213775
v 0.000098 -0.039427 -0.287135
v 0.098965 -0.038199 -0.284311
v 0.000105 -0.023606 -0.252011
v 0.100562 -0.021723 -0.249761
v -0.098893 -0.064514 -0.303003
v -0.191529 -0.062934 -0.292433
v -0.098775 -0.051686 -0.298635
v -0.190583 -0.049599 -0.288389
v -0.098768 -0.038199 -0.284311
v -0.188916 -0.035477 -0.274911
v -0.100345 -0.021723 -0.249761
v -0.190215 -0.018437 -0.242241
v -0.268631 -0.045717 -0.268399
v -0.262595 -0.031929 -0.256781
v -0.327687 -0.038200 -0.231861
v -0.315937 -0.025130 -0.224739
v -0.259725 -0.016469 -0.229177
v -0.302243 -0.015231 -0.213775
v -0.271501 -0.059600 -0.271769
v -0.332685 -0.053307 -0.233951
v -0.371051 -0.043726 -0.173293
v -0.390759 -0.034656 -0.093953
v -0.364685 -0.026217 -0.173089
v -0.383733 -0.014415 -0.095135
v -0.347939 -0.011973 -0.170491
v -0.365157 0.001761 -0.095457
v -0.318027 -0.001980 -0.169003
v -0.331469 0.013241 -0.096203
v -0.390759 -0.007436 -0.003631
v -0.371647 0.010446 -0.004541
v -0.391761 -0.004432 0.094187
v -0.372593 0.014577 0.093821
v -0.337451 0.023251 -0.005301
v -0.338467 0.028199 0.093539
v -0.398019 -0.029753 -0.002517
v -0.399057 -0.027987 0.094595
v -0.398019 -0.027824 0.191099
v -0.390759 -0.030409 0.281143
v -0.390759 -0.003801 0.191017
v -0.383733 -0.006409 0.280891
v -0.371647 0.015631 0.190825
v -0.365157 0.012897 0.279719
v -0.337451 0.029530 0.190725
v -0.331469 0.026527 0.279209
v -0.364685 -0.012793 0.358137
v -0.347939 0.006129 0.354397
v -0.327687 -0.019708 0.416931
v -0.315937 -0.000847 0.409269
v -0.318027 0.019003 0.351693
v -0.302243 0.011040 0.397301
v -0.371051 -0.036614 0.358925
v -0.332685 -0.043533 0.418429
v 0.000097 -0.057991 0.489641
v -0.098893 -0.056000 0.486675
v 0.000097 -0.036850 0.486109
v -0.098775 -0.033823 0.483343
v -0.191529 -0.052047 0.476399
v -0.190583 -0.028306 0.473559
v -0.271501 -0.048307 0.455845
v -0.268631 -0.024208 0.453637
v -0.262595 -0.003980 0.441645
v -0.188916 -0.007237 0.459679
v -0.259725 0.012203 0.412617
v -0.190215 0.010788 0.425569
v 0.000098 -0.016411 0.471141
v -0.098768 -0.013004 0.468617
v 0.000105 0.002273 0.435135
v -0.100345 0.005615 0.432953
v 0.099087 -0.056000 0.486675
v 0.191722 -0.052047 0.476399
v 0.098969 -0.033823 0.483343
v 0.190777 -0.028306 0.473559
v 0.098965 -0.013004 0.468617
v 0.189113 -0.007237 0.459679
v 0.100562 0.005615 0.432953
v 0.190441 0.010788 0.425569
v 0.316133 -0.000847 0.409269
v 0.262793 -0.003980 0.441645
v 0.268825 -0.024208 0.453637
v 0.327881 -0.019708 0.416931
v 0.302447 0.011040 0.397301
v 0.259943 0.012203 0.412617
v 0.271695 -0.048307 0.455845
v 0.332879 -0.043533 0.418429
v 0.399251 -0.027987 0.094595
v 0.398213 -0.027824 0.191099
v 0.391955 -0.004432 0.094187
v 0.390951 -0.003801 0.191017
v 0.390951 -0.030409 0.281143
v 0.383927 -0.006409 0.280891
v 0.371245 -0.036614 0.358925
v 0.364879 -0.012793 0.358137
v 0.365355 0.012897 0.279719
v 0.348135 0.006129 0.354399
v 0.331701 0.026527 0.279209
v 0.318245 0.019003 0.351693
v 0.372793 0.014577 0.093821
v 0.371845 0.015631 0.190825
v 0.338705 0.028199 0.093539
v 0.337687 0.029530 0.190725
v 0.371245 -0.043726 -0.173293
v 0.364879 -0.026217 -0.173089
v 0.390951 -0.034656 -0.093953
v 0.383927 -0.014415 -0.095135
v 0.398213 -0.029753 -0.002517
v 0.390951 -0.007436 -0.003631
v 0.365355 0.001761 -0.095457
v 0.371845 0.010446 -0.004541
v 0.331701 0.013241 -0.096203
v 0.337687 0.023251 -0.005301
v 0.348135 -0.011973 -0.170491
v 0.318245 -0.001980 -0.169003
v 0.104777 -0.001339 -0.186987
v 0.197563 0.002261 -0.182557
v 0.000121 -0.003790 -0.188301
v 0.109480 0.017397 -0.102731
v 0.206059 0.021121 -0.101167
v 0.000136 0.014566 -0.103179
v 0.268865 0.002336 -0.175221
v 0.279809 0.019913 -0.098511
v 0.285519 0.030960 -0.006005
v 0.210957 0.032726 -0.006535
v 0.286799 0.036320 0.093381
v 0.212301 0.038209 0.093429
v 0.000140 0.025981 -0.006813
v 0.112316 0.028964 -0.006769
v 0.000140 0.031442 0.093881
v 0.113163 0.034446 0.093703
v 0.000140 0.032780 0.193235
v 0.112316 0.035791 0.192663
v 0.000136 0.028741 0.287307
v 0.109480 0.031804 0.286195
v 0.210957 0.039582 0.191623
v 0.206059 0.035798 0.283625
v 0.285519 0.037724 0.190949
v 0.279809 0.034318 0.280815
v 0.268865 0.025244 0.357287
v 0.197563 0.025707 0.364627
v 0.104777 0.021218 0.369601
v 0.000121 0.018030 0.371287
v -0.112840 0.034446 0.093703
v -0.111992 0.035791 0.192663
v -0.211935 0.038209 0.093429
v -0.210589 0.039582 0.191623
v -0.109170 0.031804 0.286195
v -0.205711 0.035798 0.283625
v -0.104512 0.021218 0.369601
v -0.197273 0.025707 0.364627
v -0.268603 0.025244 0.357287
v -0.279503 0.034318 0.280815
v -0.285201 0.037724 0.190949
v -0.286481 0.036320 0.093381
v -0.197273 0.002261 -0.182557
v -0.104512 -0.001339 -0.186987
v -0.205711 0.021121 -0.101167
v -0.109170 0.017397 -0.102731
v -0.111992 0.028964 -0.006769
v -0.210589 0.032726 -0.006535
v -0.285201 0.030960 -0.006005
v -0.279503 0.019913 -0.098511
v -0.268603 0.002336 -0.175221
v 0.074114 -0.000241 -0.281939
v 0.000097 -0.000686 -0.281953
v 0.148292 0.004158 -0.281689
v 0.073996 0.004824 -0.277207
v 0.000097 0.004433 -0.277067
v 0.147346 0.008985 -0.276939
v 0.074178 0.019107 -0.272543
v 0.000094 0.018843 -0.272079
v 0.145943 0.022682 -0.272431
v 0.077071 0.053590 -0.264729
v 0.000073 0.053431 -0.264379
v 0.149090 0.056285 -0.263989
v 0.217721 0.022683 -0.274927
v 0.211857 0.034753 -0.269521
v 0.275175 0.056824 -0.268637
v 0.263509 0.064546 -0.261757
v 0.210185 0.064124 -0.260387
v 0.250403 0.076848 -0.255819
v 0.220591 0.018415 -0.280475
v 0.280175 0.053646 -0.275931
v 0.317067 0.116088 -0.266903
v 0.333533 0.187230 -0.258715
v 0.310701 0.117654 -0.257045
v 0.326509 0.187638 -0.246375
v 0.294197 0.121248 -0.247447
v 0.308335 0.188628 -0.233951
v 0.265993 0.124216 -0.241811
v 0.277469 0.189150 -0.226673
v 0.327403 0.251008 -0.243175
v 0.308755 0.251514 -0.229081
v 0.317301 0.322842 -0.248045
v 0.298579 0.323876 -0.233337
v 0.277807 0.251878 -0.220641
v 0.267571 0.324670 -0.224473
v 0.334663 0.250474 -0.257047
v 0.324597 0.321630 -0.262523
v 0.306707 0.415718 -0.273803
v 0.282277 0.512226 -0.286753
v 0.299445 0.417196 -0.259389
v 0.275253 0.513208 -0.272781
v 0.280721 0.418372 -0.244775
v 0.256969 0.513280 -0.258957
v 0.249235 0.419318 -0.236001
v 0.225319 0.513684 -0.250807
v 0.244331 0.586912 -0.283921
v 0.227765 0.584162 -0.271523
v 0.200876 0.636812 -0.291881
v 0.189313 0.630126 -0.280931
v 0.199112 0.582294 -0.264343
v 0.176927 0.620296 -0.273799
v 0.250697 0.587206 -0.297339
v 0.205874 0.638540 -0.304737
v 0.000097 0.695854 -0.315525
v 0.036899 0.694120 -0.314435
v 0.000097 0.692066 -0.306077
v 0.036781 0.690474 -0.304295
v 0.083570 0.686718 -0.312047
v 0.082624 0.683444 -0.300645
v 0.144963 0.669948 -0.309189
v 0.142092 0.667252 -0.296913
v 0.136525 0.656686 -0.286827
v 0.081460 0.671244 -0.291595
v 0.136921 0.632886 -0.277505
v 0.086279 0.643216 -0.282981
v 0.000094 0.678962 -0.298197
v 0.037088 0.677566 -0.296079
v 0.000073 0.649294 -0.290257
v 0.040854 0.648204 -0.288031
v 0.087055 0.325022 -0.240069
v 0.076844 0.420628 -0.251611
v -0.000042 0.420568 -0.254027
v -0.000045 0.324838 -0.242499
v 0.164177 0.325256 -0.233829
v 0.146916 0.420562 -0.245391
v 0.063689 0.518576 -0.265907
v -0.000021 0.518782 -0.268285
v 0.124663 0.517552 -0.259865
v 0.050527 0.595808 -0.278231
v 0.102233 0.592874 -0.272627
v 0.000026 0.596450 -0.280539
v 0.154531 0.587156 -0.266319
v 0.179986 0.515486 -0.252739
v 0.204699 0.420094 -0.237949
v 0.223825 0.325150 -0.226383
v 0.160111 0.116594 -0.249327
v 0.084096 0.114924 -0.252173
v 0.170952 0.186842 -0.235447
v 0.090707 0.186020 -0.240541
v 0.000026 0.114760 -0.252839
v -0.000021 0.185802 -0.242377
v 0.091930 0.251304 -0.236075
v -0.000042 0.251072 -0.238433
v 0.172672 0.251714 -0.229983
v 0.233841 0.251942 -0.222647
v 0.232745 0.188252 -0.228799
v 0.221349 0.120618 -0.244253
v -0.073921 -0.000241 -0.281939
v -0.073802 0.004824 -0.277207
v -0.148098 0.004158 -0.281689
v -0.147153 0.008985 -0.276939
v -0.073993 0.019107 -0.272543
v -0.076948 0.053590 -0.264729
v -0.145761 0.022682 -0.272431
v -0.148990 0.056285 -0.263989
v -0.211671 0.034753 -0.269521
v -0.217527 0.022683 -0.274927
v -0.210059 0.064124 -0.260387
v -0.263319 0.064546 -0.261757
v -0.274981 0.056824 -0.268637
v -0.250241 0.076848 -0.255819
v -0.220397 0.018415 -0.280475
v -0.279981 0.053646 -0.275931
v -0.316873 0.116088 -0.266903
v -0.310507 0.117654 -0.257045
v -0.333339 0.187230 -0.258715
v -0.326315 0.187638 -0.246375
v -0.294013 0.121248 -0.247447
v -0.265871 0.124216 -0.241811
v -0.308157 0.188628 -0.233951
v -0.277393 0.189150 -0.226673
v -0.308579 0.251514 -0.229081
v -0.327209 0.251008 -0.243175
v -0.277753 0.251878 -0.220641
v -0.298403 0.323876 -0.233337
v -0.317107 0.322842 -0.248045
v -0.267521 0.324670 -0.224473
v -0.334471 0.250474 -0.257047
v -0.324403 0.321630 -0.262523
v -0.306513 0.415718 -0.273803
v -0.299251 0.417196 -0.259389
v -0.282083 0.512226 -0.286753
v -0.275059 0.513208 -0.272781
v -0.280545 0.418372 -0.244775
v -0.249181 0.419318 -0.236001
v -0.256789 0.513280 -0.258957
v -0.225243 0.513684 -0.250807
v -0.227579 0.584162 -0.271523
v -0.244137 0.586912 -0.283921
v -0.198991 0.582294 -0.264343
v -0.189123 0.630124 -0.280931
v -0.200681 0.636812 -0.291881
v -0.176765 0.620296 -0.273799
v -0.250503 0.587206 -0.297339
v -0.205681 0.638540 -0.304737
v -0.036705 0.694120 -0.314435
v -0.083376 0.686718 -0.312047
v -0.036587 0.690474 -0.304295
v -0.082430 0.683444 -0.300645
v -0.144769 0.669948 -0.309189
v -0.141898 0.667252 -0.296913
v -0.136339 0.656686 -0.286827
v -0.136796 0.632886 -0.277505
v -0.081278 0.671244 -0.291595
v -0.086180 0.643216 -0.282981
v -0.036903 0.677566 -0.296079
v -0.040731 0.648204 -0.288031
v -0.077067 0.420628 -0.251611
v -0.087287 0.325022 -0.240069
v -0.063850 0.518576 -0.265907
v -0.147279 0.420562 -0.245391
v -0.164552 0.325256 -0.233829
v -0.124943 0.517552 -0.259865
v -0.102323 0.592874 -0.272627
v -0.050546 0.595808 -0.278231
v -0.180133 0.515486 -0.252739
v -0.154541 0.587156 -0.266319
v -0.204905 0.420094 -0.237949
v -0.224041 0.325150 -0.226383
v -0.084115 0.114924 -0.252173
v -0.160201 0.116594 -0.249327
v -0.090869 0.186020 -0.240541
v -0.171232 0.186842 -0.235447
v -0.092154 0.251304 -0.236075
v -0.173035 0.251714 -0.229983
v -0.232891 0.188252 -0.228799
v -0.234047 0.251942 -0.222647
v -0.221359 0.120618 -0.244253
v 0.483989 0.216240 -0.011639
v 0.497979 0.216740 0.001741
v 0.464769 0.216168 -0.013549
v 0.483745 0.226364 0.001741
v 0.496025 0.225262 0.006607
v 0.464769 0.226520 0.001045
v 0.444675 0.216168 -0.013549
v 0.424581 0.216168 -0.013549
v 0.444675 0.226520 0.001045
v 0.424581 0.226520 0.001045
v 0.405359 0.216240 -0.011639
v 0.391371 0.216740 0.001741
v 0.405603 0.226364 0.001741
v 0.393325 0.225262 0.006607
v 0.424581 0.213710 0.284865
v 0.405359 0.213828 0.283707
v 0.424581 0.224106 0.276713
v 0.405603 0.223974 0.276279
v 0.391371 0.214650 0.275601
v 0.393325 0.223040 0.273241
v 0.464769 0.213710 0.284865
v 0.444675 0.213710 0.284865
v 0.464769 0.224106 0.276713
v 0.444675 0.224106 0.276713
v 0.497979 0.214650 0.275601
v 0.483989 0.213828 0.283707
v 0.496025 0.223040 0.273241
v 0.483745 0.223974 0.276279
v 0.385231 0.221056 0.174645
v 0.385231 0.220970 0.133227
v 0.391091 0.230696 0.174757
v 0.391091 0.230614 0.133241
v 0.385231 0.220242 0.084437
v 0.391091 0.229880 0.084437
v 0.385999 0.218550 0.036577
v 0.391371 0.228044 0.037187
v 0.504117 0.221056 0.174645
v 0.504117 0.220970 0.133227
v 0.498257 0.230614 0.133241
v 0.498257 0.230696 0.174757
v 0.504117 0.220242 0.084437
v 0.498257 0.229880 0.084437
v 0.503351 0.218550 0.036577
v 0.497979 0.228044 0.037187
v 0.484025 0.234734 0.174805
v 0.484025 0.234652 0.133247
v 0.464769 0.235228 0.133249
v 0.464769 0.235312 0.174811
v 0.484025 0.233920 0.084437
v 0.464769 0.234498 0.084437
v 0.483989 0.231716 0.036577
v 0.464769 0.232240 0.036491
v 0.444675 0.235312 0.174811
v 0.444675 0.235228 0.133249
v 0.424581 0.235228 0.133249
v 0.424581 0.235312 0.174811
v 0.444675 0.234498 0.084437
v 0.424581 0.234498 0.084437
v 0.444675 0.232240 0.036491
v 0.424581 0.232240 0.036491
v 0.405325 0.234734 0.174805
v 0.405325 0.234652 0.133247
v 0.405325 0.233920 0.084437
v 0.405359 0.231716 0.036577
v 0.385231 0.220862 0.204193
v 0.385231 0.219740 0.228811
v 0.391091 0.230486 0.204533
v 0.391091 0.229300 0.229375
v 0.385999 0.217236 0.254937
v 0.391371 0.226548 0.255221
v 0.504117 0.220862 0.204193
v 0.498257 0.230486 0.204533
v 0.504117 0.219740 0.228811
v 0.498257 0.229300 0.229375
v 0.503351 0.217236 0.254937
v 0.497979 0.226548 0.255221
v 0.484025 0.234516 0.204673
v 0.464769 0.235092 0.204693
v 0.484025 0.233300 0.229611
v 0.464769 0.233870 0.229645
v 0.483989 0.230118 0.255841
v 0.464769 0.230628 0.255931
v 0.444675 0.235092 0.204693
v 0.424581 0.235092 0.204693
v 0.444675 0.233870 0.229645
v 0.424581 0.233870 0.229645
v 0.444675 0.230628 0.255931
v 0.424581 0.230628 0.255931
v 0.405325 0.234516 0.204673
v 0.405325 0.233300 0.229611
v 0.405359 0.230118 0.255841
v -0.497785 0.216740 0.001741
v -0.483795 0.216240 -0.011639
v -0.495831 0.225262 0.006607
v -0.483551 0.226364 0.001741
v -0.464575 0.216168 -0.013549
v -0.464575 0.226520 0.001045
v -0.444481 0.216168 -0.013549
v -0.444481 0.226520 0.001045
v -0.424387 0.216168 -0.013549
v -0.424387 0.226520 0.001045
v -0.405165 0.216240 -0.011639
v -0.405409 0.226364 0.001741
v -0.391177 0.216740 0.001741
v -0.393131 0.225262 0.006607
v -0.405165 0.213828 0.283707
v -0.424387 0.213710 0.284865
v -0.391177 0.214650 0.275601
v -0.405409 0.223974 0.276279
v -0.424387 0.224106 0.276713
v -0.393131 0.223040 0.273241
v -0.444481 0.213710 0.284865
v -0.464575 0.213710 0.284865
v -0.444481 0.224106 0.276713
v -0.464575 0.224106 0.276713
v -0.483795 0.213828 0.283707
v -0.497785 0.214650 0.275601
v -0.483551 0.223974 0.276279
v -0.495831 0.223040 0.273241
v -0.385037 0.220970 0.133227
v -0.385037 0.221056 0.174645
v -0.385037 0.220242 0.084437
v -0.390897 0.230614 0.133241
v -0.390897 0.230696 0.174757
v -0.390897 0.229880 0.084437
v -0.391177 0.228044 0.037187
v -0.385805 0.218550 0.036577
v -0.498063 0.230614 0.133241
v -0.503923 0.220970 0.133227
v -0.503923 0.221056 0.174645
v -0.498063 0.230696 0.174757
v -0.498063 0.229880 0.084437
v -0.503923 0.220242 0.084437
v -0.503157 0.218550 0.036577
v -0.497785 0.228044 0.037187
v -0.464575 0.235228 0.133249
v -0.483831 0.234652 0.133247
v -0.483831 0.234734 0.174805
v -0.464575 0.235312 0.174811
v -0.464575 0.234498 0.084437
v -0.483831 0.233920 0.084437
v -0.483795 0.231716 0.036577
v -0.464575 0.232240 0.036491
v -0.424387 0.235228 0.133249
v -0.444481 0.235228 0.133249
v -0.444481 0.235312 0.174811
v -0.424387 0.235312 0.174811
v -0.424387 0.234498 0.084437
v -0.444481 0.234498 0.084437
v -0.444481 0.232240 0.036491
v -0.424387 0.232240 0.036491
v -0.405131 0.234652 0.133247
v -0.405131 0.234734 0.174805
v -0.405131 0.233920 0.084437
v -0.405165 0.231716 0.036577
v -0.385037 0.220862 0.204193
v -0.390897 0.230486 0.204533
v -0.385037 0.219740 0.228811
v -0.390897 0.229300 0.229375
v -0.385805 0.217236 0.254937
v -0.391177 0.226548 0.255221
v -0.503923 0.220862 0.204193
v -0.503923 0.219740 0.228811
v -0.498063 0.230486 0.204533
v -0.498063 0.229300 0.229375
v -0.497785 0.226548 0.255221
v -0.503157 0.217236 0.254937
v -0.483831 0.234516 0.204673
v -0.483831 0.233300 0.229611
v -0.464575 0.235092 0.204693
v -0.464575 0.233870 0.229645
v -0.464575 0.230628 0.255931
v -0.483795 0.230118 0.255841
v -0.444481 0.235092 0.204693
v -0.444481 0.233870 0.229645
v -0.424387 0.235092 0.204693
v -0.424387 0.233870 0.229645
v -0.424387 0.230628 0.255931
v -0.444481 0.230628 0.255931
v -0.405131 0.234516 0.204673
v -0.405131 0.233300 0.229611
v -0.405165 0.230118 0.255841
vn -0.9978 -0.0141 0.0644
vn -0.9979 -0.0201 0.0617
vn -0.9977 -0.0060 0.0673
vn -0.9978 -0.0142 0.0643
vn -0.9977 -0.0056 0.0673
vn -0.9977 -0.0030 0.0677
vn -0.9977 -0.0026 0.0676
vn -0.9977 -0.0007 0.0677
vn -0.9977 0.0000 0.0678
vn -0.9977 -0.0005 0.0677
vn -1.0000 -0.0000 0.0000
vn 0.0000 -1.0000 0.0017
vn 0.0000 -0.9834 -0.1815
vn 0.0000 0.9714 0.2376
vn 0.0000 -0.9916 -0.1291
vn 0.0000 0.9855 0.1698
vn 0.0000 -0.9965 -0.0830
vn 0.0000 0.9935 0.1134
vn 0.0000 -0.9992 -0.0397
vn -0.0006 -0.9999 0.0105
vn -0.0000 -0.9999 0.0101
vn 0.0000 -0.9999 0.0107
vn 0.0000 0.9970 0.0771
vn -0.0027 0.9996 0.0282
vn -0.0000 0.9996 0.0277
vn -0.0029 0.9996 0.0281
vn 0.0000 -0.1080 -0.9942
vn 0.0000 0.6134 0.7898
vn 0.9979 -0.0201 0.0617
vn 0.9978 -0.0143 0.0643
vn 0.9977 -0.0060 0.0673
vn 0.9978 -0.0142 0.0643
vn 0.9977 -0.0030 0.0677
vn 0.9977 -0.0059 0.0672
vn 0.9977 -0.0002 0.0677
vn 0.9977 -0.0026 0.0676
vn 0.9977 -0.0005 0.0677
vn 0.9977 0.0000 0.0678
vn 1.0000 -0.0000 0.0000
vn 0.0009 -0.9999 0.0103
vn 0.0012 -0.9999 0.0101
vn 0.0027 0.9996 0.0282
vn 0.0029 0.9996 0.0281
vn -0.9978 0.0000 0.0666
vn -0.9977 0.0000 0.0675
vn -0.9977 0.0000 0.0672
vn -0.9977 0.0000 0.0683
vn -0.9977 0.0000 0.0681
vn -0.9977 0.0000 0.0679
vn 0.0000 0.9834 0.1815
vn 0.0000 -0.9935 -0.1139
vn 0.0000 0.9916 0.1291
vn 0.0000 -0.9975 -0.0702
vn 0.0000 0.9965 0.0830
vn 0.0000 -0.9998 -0.0195
vn 0.0000 0.9992 0.0397
vn 0.0000 -1.0000 0.0000
vn 0.0006 0.9999 -0.0105
vn 0.0000 0.9999 -0.0101
vn 0.0014 0.9999 -0.0100
vn -0.0031 -0.9995 0.0307
vn -0.0000 -0.9995 0.0306
vn -0.0000 -0.9995 0.0307
vn 0.9977 0.0000 0.0675
vn 0.9978 0.0000 0.0666
vn 0.9977 0.0000 0.0683
vn 0.9977 0.0000 0.0672
vn 0.9977 0.0000 0.0681
vn 0.9977 0.0000 0.0679
vn -0.0009 0.9999 -0.0103
vn -0.0012 0.9999 -0.0102
vn 0.0031 -0.9995 0.0307
vn 0.0032 -0.9995 0.0307
vn -0.3666 -0.0197 -0.9302
vn -0.3670 -0.0201 -0.9300
vn -0.3722 -0.0063 -0.9281
vn -0.3664 -0.0196 -0.9303
vn -0.3723 -0.0058 -0.9281
vn -0.3727 -0.0031 -0.9280
vn -0.3726 -0.0027 -0.9280
vn -0.3727 -0.0002 -0.9280
vn -0.3728 0.0000 -0.9279
vn -0.3727 -0.0005 -0.9279
vn -0.3090 0.0000 -0.9511
vn -0.3090 0.0001 -0.9510
vn -0.0016 -1.0000 0.0005
vn 0.1726 -0.9834 -0.0561
vn -0.2259 0.9714 0.0734
vn 0.1228 -0.9916 -0.0399
vn -0.1615 0.9855 0.0525
vn 0.0790 -0.9965 -0.0257
vn -0.1079 0.9935 0.0351
vn 0.0378 -0.9992 -0.0123
vn -0.0103 -0.9999 0.0023
vn -0.0097 -0.9999 0.0031
vn -0.0101 -0.9999 0.0033
vn -0.0733 0.9970 0.0238
vn -0.0282 0.9996 0.0055
vn -0.0266 0.9996 0.0085
vn -0.0282 0.9996 0.0053
vn 0.9455 -0.1081 -0.3072
vn -0.7511 0.6134 0.2440
vn 0.2497 -0.0201 0.9681
vn 0.2489 -0.0203 0.9683
vn 0.2443 -0.0060 0.9697
vn 0.2471 -0.0141 0.9689
vn 0.2440 -0.0031 0.9698
vn 0.2444 -0.0060 0.9697
vn 0.2439 -0.0008 0.9698
vn 0.2440 -0.0027 0.9698
vn 0.2439 -0.0005 0.9698
vn 0.2438 0.0000 0.9698
vn 0.3090 -0.0001 0.9510
vn 0.3090 -0.0000 0.9511
vn -0.0099 -0.9999 0.0040
vn -0.0093 -0.9999 0.0046
vn -0.0260 0.9996 0.0121
vn -0.3717 0.0000 -0.9284
vn -0.3725 0.0000 -0.9280
vn -0.3727 0.0000 -0.9280
vn -0.3733 0.0000 -0.9277
vn -0.3730 0.0000 -0.9278
vn -0.3729 0.0000 -0.9279
vn -0.1726 0.9834 0.0561
vn 0.1084 -0.9935 -0.0352
vn -0.1228 0.9916 0.0399
vn 0.0667 -0.9975 -0.0217
vn -0.0790 0.9965 0.0257
vn 0.0186 -0.9998 -0.0060
vn -0.0378 0.9992 0.0123
vn 0.0103 0.9999 -0.0023
vn 0.0097 0.9999 -0.0031
vn 0.0102 0.9999 -0.0019
vn -0.0308 -0.9995 0.0059
vn -0.0297 -0.9995 0.0096
vn -0.0296 -0.9995 0.0096
vn 0.2441 0.0000 0.9698
vn 0.2450 0.0000 0.9695
vn 0.2433 0.0000 0.9699
vn 0.2446 0.0000 0.9696
vn 0.2435 -0.0000 0.9699
vn 0.2437 -0.0000 0.9699
vn 0.2436 -0.0000 0.9699
vn 0.0099 0.9999 -0.0040
vn 0.0093 0.9999 -0.0046
vn -0.0284 -0.9995 0.0133
vn -0.0284 -0.9995 0.0132
vn 0.7699 -0.0204 -0.6379
vn 0.7710 -0.0201 -0.6365
vn 0.7676 -0.0060 -0.6409
vn 0.7694 -0.0142 -0.6386
vn 0.7677 -0.0064 -0.6408
vn 0.7674 -0.0031 -0.6412
vn 0.7674 -0.0027 -0.6411
vn 0.7674 -0.0002 -0.6412
vn 0.7673 0.0000 -0.6413
vn 0.7674 -0.0005 -0.6412
vn 0.8090 0.0000 -0.5878
vn 0.8090 0.0001 -0.5879
vn -0.0010 -1.0000 -0.0014
vn 0.1067 -0.9834 0.1468
vn -0.1396 0.9714 -0.1922
vn 0.0759 -0.9916 0.1044
vn -0.0998 0.9855 -0.1374
vn 0.0488 -0.9965 0.0672
vn -0.0667 0.9935 -0.0918
vn 0.0234 -0.9992 0.0322
vn -0.0057 -0.9999 -0.0089
vn -0.0060 -0.9999 -0.0081
vn -0.0064 -0.9999 -0.0088
vn -0.0453 0.9970 -0.0623
vn -0.0141 0.9996 -0.0247
vn -0.0164 0.9996 -0.0224
vn -0.0140 0.9996 -0.0247
vn 0.5843 -0.1081 0.8043
vn -0.4642 0.6134 -0.6389
vn -0.8436 -0.0201 0.5366
vn -0.8451 -0.0141 0.5344
vn -0.8467 -0.0061 0.5320
vn -0.8451 -0.0142 0.5344
vn -0.8469 -0.0027 0.5318
vn -0.8467 -0.0056 0.5320
vn -0.8469 -0.0002 0.5317
vn -0.8469 -0.0026 0.5317
vn -0.8469 -0.0000 0.5317
vn -0.8470 -0.0000 0.5316
vn -0.8090 -0.0000 0.5878
vn -0.0069 -0.9999 -0.0078
vn -0.0070 -0.9999 -0.0077
vn -0.0192 0.9996 -0.0211
vn -0.0192 0.9996 -0.0210
vn 0.7681 0.0000 -0.6404
vn 0.7675 0.0000 -0.6411
vn 0.7674 0.0000 -0.6412
vn 0.7670 0.0000 -0.6417
vn 0.7671 0.0000 -0.6415
vn 0.7672 0.0000 -0.6414
vn -0.1067 0.9834 -0.1468
vn 0.0670 -0.9935 0.0922
vn -0.0759 0.9916 -0.1045
vn -0.0759 0.9916 -0.1044
vn 0.0412 -0.9975 0.0568
vn 0.0413 -0.9975 0.0568
vn -0.0488 0.9965 -0.0672
vn 0.0115 -0.9998 0.0158
vn -0.0234 0.9992 -0.0322
vn 0.0057 0.9999 0.0089
vn 0.0060 0.9999 0.0081
vn 0.0052 0.9999 0.0090
vn -0.0153 -0.9995 -0.0270
vn -0.0180 -0.9995 -0.0245
vn -0.0182 -0.9995 -0.0251
vn -0.8469 0.0000 0.5318
vn -0.8464 0.0000 0.5326
vn -0.8473 0.0000 0.5311
vn -0.8464 0.0000 0.5325
vn -0.8472 -0.0000 0.5313
vn -0.8471 -0.0000 0.5315
vn 0.0069 0.9999 0.0078
vn 0.0070 0.9999 0.0077
vn -0.0209 -0.9995 -0.0231
vn -0.0210 -0.9995 -0.0229
vn 0.8451 -0.0141 0.5344
vn 0.8436 -0.0201 0.5366
vn 0.8467 -0.0061 0.5320
vn 0.8467 -0.0063 0.5321
vn 0.8469 -0.0030 0.5317
vn 0.8469 -0.0026 0.5317
vn 0.8470 -0.0007 0.5316
vn 0.8470 -0.0000 0.5316
vn 0.8469 -0.0000 0.5317
vn 0.8090 -0.0000 0.5878
vn 0.0010 -1.0000 -0.0014
vn -0.1067 -0.9834 0.1468
vn 0.1396 0.9714 -0.1922
vn -0.0759 -0.9916 0.1044
vn 0.0998 0.9855 -0.1374
vn -0.0488 -0.9965 0.0672
vn 0.0667 0.9935 -0.0918
vn -0.0234 -0.9992 0.0322
vn 0.0070 -0.9999 -0.0076
vn 0.0060 -0.9999 -0.0081
vn 0.0060 -0.9999 -0.0082
vn 0.0453 0.9970 -0.0623
vn 0.0191 0.9996 -0.0210
vn 0.0166 0.9996 -0.0228
vn -0.5843 -0.1080 0.8043
vn -0.5843 -0.1081 0.8043
vn 0.4642 0.6134 -0.6389
vn -0.7710 -0.0201 -0.6365
vn -0.7698 -0.0205 -0.6379
vn -0.7676 -0.0060 -0.6409
vn -0.7694 -0.0142 -0.6386
vn -0.7675 -0.0026 -0.6411
vn -0.7676 -0.0060 -0.6408
vn -0.7673 -0.0007 -0.6412
vn -0.7674 -0.0027 -0.6411
vn -0.7674 -0.0005 -0.6412
vn -0.7673 0.0000 -0.6413
vn -0.8090 0.0001 -0.5879
vn -0.8090 0.0001 -0.5878
vn -0.8090 0.0000 -0.5878
vn 0.0051 -0.9999 -0.0090
vn 0.0141 0.9996 -0.0246
vn 0.0140 0.9996 -0.0246
vn 0.8464 0.0000 0.5326
vn 0.8469 0.0000 0.5318
vn 0.8464 0.0000 0.5325
vn 0.8473 0.0000 0.5311
vn 0.8472 -0.0000 0.5313
vn 0.8471 -0.0000 0.5315
vn 0.1067 0.9834 -0.1468
vn -0.0670 -0.9935 0.0922
vn 0.0759 0.9916 -0.1045
vn 0.0759 0.9916 -0.1044
vn -0.0413 -0.9975 0.0568
vn -0.0412 -0.9975 0.0568
vn 0.0488 0.9965 -0.0672
vn -0.0115 -0.9998 0.0158
vn 0.0234 0.9992 -0.0322
vn -0.0070 0.9999 0.0075
vn -0.0060 0.9999 0.0081
vn -0.0070 0.9999 0.0076
vn 0.0209 -0.9995 -0.0230
vn 0.0179 -0.9995 -0.0245
vn 0.0182 -0.9995 -0.0251
vn -0.7675 0.0000 -0.6411
vn -0.7681 0.0000 -0.6404
vn -0.7670 0.0000 -0.6417
vn -0.7674 0.0000 -0.6412
vn -0.7671 0.0000 -0.6415
vn -0.7672 0.0000 -0.6414
vn -0.0057 0.9999 0.0089
vn -0.0050 0.9999 0.0090
vn 0.0154 -0.9995 -0.0269
vn -0.2471 -0.0141 0.9689
vn -0.2497 -0.0201 0.9681
vn -0.2443 -0.0060 0.9697
vn -0.2443 -0.0056 0.9697
vn -0.2440 -0.0031 0.9698
vn -0.2440 -0.0027 0.9698
vn -0.2440 -0.0002 0.9698
vn -0.2438 0.0000 0.9698
vn -0.2439 -0.0007 0.9698
vn -0.3090 -0.0000 0.9511
vn -0.3090 -0.0001 0.9510
vn 0.0016 -1.0000 0.0005
vn -0.1726 -0.9834 -0.0561
vn 0.2259 0.9714 0.0734
vn -0.1228 -0.9916 -0.0399
vn 0.1615 0.9855 0.0525
vn -0.0790 -0.9965 -0.0257
vn 0.1079 0.9935 0.0351
vn -0.0378 -0.9992 -0.0123
vn 0.0095 -0.9999 0.0043
vn 0.0097 -0.9999 0.0031
vn 0.0104 -0.9999 0.0034
vn 0.0733 0.9970 0.0238
vn 0.0261 0.9996 0.0119
vn 0.0272 0.9996 0.0088
vn 0.0260 0.9996 0.0120
vn -0.9455 -0.1081 -0.3072
vn 0.7511 0.6134 0.2440
vn 0.7511 0.6134 0.2441
vn 0.3670 -0.0201 -0.9300
vn 0.3664 -0.0196 -0.9303
vn 0.3723 -0.0060 -0.9281
vn 0.3696 -0.0142 -0.9291
vn 0.3727 -0.0031 -0.9280
vn 0.3723 -0.0058 -0.9281
vn 0.3727 -0.0007 -0.9279
vn 0.3726 -0.0027 -0.9280
vn 0.3727 -0.0005 -0.9279
vn 0.3728 0.0000 -0.9279
vn 0.3090 0.0000 -0.9511
vn 0.0102 -0.9999 0.0021
vn 0.0102 -0.9999 0.0019
vn 0.0281 0.9996 0.0055
vn -0.2450 0.0000 0.9695
vn -0.2441 0.0000 0.9698
vn -0.2448 0.0000 0.9696
vn -0.2433 0.0000 0.9699
vn -0.2435 -0.0000 0.9699
vn -0.2436 -0.0000 0.9699
vn -0.2437 -0.0000 0.9699
vn 0.1726 0.9834 0.0561
vn -0.1084 -0.9935 -0.0352
vn 0.1228 0.9916 0.0399
vn -0.0667 -0.9975 -0.0217
vn 0.0790 0.9965 0.0257
vn -0.0186 -0.9998 -0.0060
vn 0.0378 0.9992 0.0123
vn -0.0095 0.9999 -0.0043
vn -0.0097 0.9999 -0.0031
vn -0.0093 0.9999 -0.0045
vn 0.0284 -0.9995 0.0131
vn 0.0295 -0.9995 0.0095
vn 0.0296 -0.9995 0.0096
vn 0.3725 0.0000 -0.9280
vn 0.3717 0.0000 -0.9284
vn 0.3733 0.0000 -0.9277
vn 0.3727 0.0000 -0.9280
vn 0.3730 0.0000 -0.9278
vn 0.3729 0.0000 -0.9279
vn -0.0102 0.9999 -0.0021
vn -0.0102 0.9999 -0.0019
vn 0.0307 -0.9995 0.0061
vn 0.0307 -0.9995 0.0060
vn 0.0000 0.0000 -1.0000
vn -0.9511 0.0000 -0.3090
vn -0.5878 0.0000 0.8090
vn 0.5878 -0.0000 0.8090
vn 0.9511 -0.0000 -0.3090
vn 0.0000 1.0000 -0.0000
vn -0.9945 -0.0000 0.1045
vn -0.7431 0.0000 -0.6691
vn -0.4068 0.0000 -0.9135
vn 0.4068 0.0000 -0.9135
vn 0.7431 0.0000 -0.6691
vn 0.9945 -0.0000 0.1045
vn 0.8660 -0.0000 0.5000
vn 0.2079 -0.0000 0.9781
vn -0.2079 -0.0000 0.9781
vn -0.8660 -0.0000 0.5000
vn -0.7034 -0.7069 0.0739
vn -0.7032 -0.7071 0.0739
vn -0.6725 -0.7071 -0.2185
vn -0.6727 -0.7069 -0.2186
vn -0.5258 -0.7068 -0.4734
vn -0.5257 -0.7068 -0.4734
vn -0.2877 -0.7068 -0.6462
vn -0.2877 -0.7070 -0.6461
vn 0.0000 -0.7071 -0.7071
vn 0.0000 -0.7072 -0.7071
vn 0.2877 -0.7069 -0.6462
vn 0.2877 -0.7070 -0.6461
vn 0.5257 -0.7068 -0.4734
vn 0.5257 -0.7067 -0.4734
vn 0.6727 -0.7069 -0.2186
vn 0.6725 -0.7071 -0.2185
vn 0.6724 -0.7072 -0.2185
vn 0.7032 -0.7071 0.0739
vn 0.7034 -0.7069 0.0739
vn 0.6124 -0.7070 0.3536
vn 0.6124 -0.7071 0.3536
vn 0.4158 -0.7068 0.5723
vn 0.4157 -0.7070 0.5721
vn 0.1471 -0.7068 0.6919
vn 0.1472 -0.7063 0.6924
vn -0.1472 -0.7063 0.6924
vn -0.1471 -0.7068 0.6919
vn -0.1471 -0.7065 0.6923
vn -0.4158 -0.7067 0.5724
vn -0.4157 -0.7070 0.5721
vn -0.6124 -0.7071 0.3535
vn -0.6124 -0.7070 0.3536
vn -0.9945 -0.0000 0.1046
vn 0.9945 -0.0000 0.1046
vn 0.2079 -0.0000 0.9782
vn -0.2079 -0.0000 0.9782
vn -0.0014 -0.9999 0.0100
vn -0.0000 0.9996 0.0282
vn 0.0000 0.9999 -0.0107
vn -0.0102 -0.9999 0.0019
vn -0.0272 0.9996 0.0088
vn 0.3091 -0.0001 0.9510
vn 0.0101 0.9999 -0.0033
vn -0.0308 -0.9995 0.0058
vn 0.8089 0.0001 -0.5879
vn -0.0052 -0.9999 -0.0090
vn -0.0166 0.9996 -0.0229
vn 0.0064 0.9999 0.0088
vn -0.0154 -0.9995 -0.0270
vn 0.0167 0.9996 -0.0230
vn -0.8089 0.0001 -0.5879
vn -0.0060 0.9999 0.0082
vn 0.0209 -0.9995 -0.0229
vn -0.3091 -0.0001 0.9510
vn 0.0093 -0.9999 0.0045
vn 0.0271 0.9996 0.0088
vn 0.7512 0.6134 0.2440
vn -0.0104 0.9999 -0.0034
vn -0.1471 -0.7069 0.6919
vn 0.0000 0.2080 0.9781
vn 0.0000 0.5878 0.8090
vn 0.0000 0.8660 0.5000
vn 0.0000 0.8661 0.5000
vn 0.0000 0.9945 0.1046
vn 0.0000 0.9945 0.1047
vn 0.0000 0.9510 -0.3091
vn 0.0000 0.7432 -0.6691
vn 0.0000 0.4066 -0.9136
vn 0.0000 -0.4066 -0.9136
vn 0.0000 -0.7432 -0.6691
vn 0.0000 -0.9510 -0.3091
vn 0.0000 -0.9945 0.1047
vn 0.0000 -0.8660 0.5000
vn 0.0000 -0.5878 0.8090
vn 0.0000 -0.2080 0.9781
vn 0.4473 -0.1860 0.8748
vn 0.4474 -0.1860 0.8748
vn 0.4473 0.1860 0.8748
vn 0.4474 0.1860 0.8748
vn 0.4472 0.1859 0.8749
vn 0.4473 0.5257 0.7236
vn 0.4472 0.7746 0.4472
vn 0.4471 0.7746 0.4473
vn 0.4472 0.8895 0.0936
vn 0.4472 0.8895 0.0935
vn 0.4471 0.8896 0.0935
vn 0.4474 0.8505 -0.2765
vn 0.4473 0.8506 -0.2764
vn 0.4472 0.6648 -0.5984
vn 0.4473 0.6647 -0.5984
vn 0.4472 0.3637 -0.8172
vn 0.4471 0.3637 -0.8172
vn 0.4472 0.0000 -0.8944
vn 0.4471 -0.3637 -0.8172
vn 0.4472 -0.3637 -0.8172
vn 0.4472 -0.6648 -0.5984
vn 0.4473 -0.6647 -0.5984
vn 0.4474 -0.6647 -0.5984
vn 0.4474 -0.8505 -0.2764
vn 0.4474 -0.8506 -0.2764
vn 0.4473 -0.8506 -0.2764
vn 0.4473 -0.8895 0.0936
vn 0.4472 -0.8895 0.0935
vn 0.4472 -0.7746 0.4472
vn 0.4471 -0.7746 0.4473
vn 0.4472 -0.5257 0.7236
vn 0.4473 -0.5257 0.7236
vn -0.4473 0.1860 0.8748
vn -0.4474 0.1860 0.8748
vn -0.4474 -0.1860 0.8748
vn -0.4473 -0.1860 0.8748
vn -0.4472 -0.1860 0.8748
vn -0.4473 -0.5257 0.7236
vn -0.4472 -0.5257 0.7236
vn -0.4472 -0.7746 0.4472
vn -0.4473 -0.7746 0.4472
vn -0.4472 -0.8895 0.0935
vn -0.4473 -0.8895 0.0936
vn -0.4474 -0.8506 -0.2764
vn -0.4474 -0.8505 -0.2764
vn -0.4473 -0.8506 -0.2764
vn -0.4473 -0.6647 -0.5984
vn -0.4472 -0.6648 -0.5984
vn -0.4471 -0.3637 -0.8172
vn -0.4472 -0.3637 -0.8172
vn -0.4472 0.0000 -0.8944
vn -0.4472 0.3637 -0.8172
vn -0.4471 0.3637 -0.8172
vn -0.4473 0.6647 -0.5984
vn -0.4472 0.6648 -0.5984
vn -0.4473 0.8506 -0.2764
vn -0.4474 0.8505 -0.2765
vn -0.4472 0.8895 0.0935
vn -0.4472 0.8895 0.0936
vn -0.4471 0.8896 0.0935
vn -0.4472 0.7746 0.4472
vn -0.4473 0.7746 0.4472
vn -0.4473 0.5257 0.7236
vn 0.9487 -0.0657 0.3093
vn 0.9487 0.0657 0.3093
vn 0.9487 0.1859 0.2558
vn 0.9487 0.2738 0.1581
vn 0.9487 0.3145 0.0331
vn 0.9487 0.3008 -0.0978
vn 0.9487 0.2350 -0.2116
vn 0.9487 0.2350 -0.2115
vn 0.9487 0.1286 -0.2889
vn 0.9487 0.0000 -0.3162
vn 0.9487 -0.1286 -0.2889
vn 0.9487 -0.1286 -0.2888
vn 0.9487 -0.2350 -0.2116
vn 0.9487 -0.2350 -0.2115
vn 0.9487 -0.3008 -0.0978
vn 0.9487 -0.3145 0.0331
vn 0.9487 -0.2738 0.1581
vn 0.9487 -0.1859 0.2558
vn -0.9487 0.0657 0.3093
vn -0.9487 -0.0657 0.3093
vn -0.9487 -0.1859 0.2558
vn -0.9487 -0.1859 0.2559
vn -0.9487 -0.2738 0.1581
vn -0.9487 -0.3145 0.0331
vn -0.9487 -0.3008 -0.0978
vn -0.9487 -0.2350 -0.2116
vn -0.9487 -0.1286 -0.2889
vn -0.9487 -0.1286 -0.2888
vn -0.9487 0.0000 -0.3162
vn -0.9487 0.1286 -0.2889
vn -0.9487 0.2350 -0.2116
vn -0.9487 0.3008 -0.0978
vn -0.9487 0.3145 0.0331
vn -0.9487 0.2738 0.1581
vn -0.9487 0.1859 0.2558
vn -0.9487 0.1859 0.2559
vn -0.9944 -0.0020 0.1052
vn -0.9948 -0.0003 0.1023
vn -0.9950 -0.0030 0.0998
vn -0.9947 0.0001 0.1026
vn -0.9950 -0.0032 0.0997
vn -0.9947 0.0001 0.1027
vn -0.9944 0.0095 0.1055
vn -0.9944 0.0044 0.1052
vn -0.9941 0.0089 0.1078
vn -0.9941 0.0089 0.1079
vn -0.9934 -0.0064 0.1145
vn -0.9947 -0.0023 0.1031
vn -0.9934 -0.0064 0.1147
vn -0.9935 -0.0061 0.1141
vn -0.9944 -0.0020 0.1055
vn -0.9947 -0.0018 0.1030
vn 0.0000 -0.9868 -0.1621
vn 0.0000 0.9808 0.1951
vn 0.0000 -0.8388 -0.5445
vn 0.0000 0.8315 0.5555
vn 0.0000 -0.6079 -0.7940
vn 0.0000 0.5555 0.8315
vn 0.0000 -0.3274 -0.9449
vn 0.0000 0.2581 0.9661
vn 0.0000 -0.6730 0.7396
vn 0.0000 0.6189 -0.7854
vn 0.0000 -0.8588 0.5122
vn 0.0000 0.8315 -0.5556
vn 0.0000 0.8315 -0.5555
vn 0.0000 -0.9883 0.1523
vn 0.0000 0.9808 -0.1951
vn 0.0000 -0.9797 0.2005
vn 0.9948 -0.0003 0.1023
vn 0.9944 -0.0019 0.1053
vn 0.9950 -0.0030 0.0997
vn 0.9947 0.0001 0.1026
vn 0.9950 -0.0032 0.0997
vn 0.9944 0.0094 0.1055
vn 0.9947 0.0001 0.1027
vn 0.9941 0.0089 0.1079
vn 0.9944 0.0044 0.1052
vn 0.9947 -0.0021 0.1032
vn 0.9934 -0.0064 0.1149
vn 0.9934 -0.0064 0.1146
vn 0.9944 -0.0021 0.1054
vn 0.9935 -0.0060 0.1141
vn 0.9947 -0.0018 0.1030
vn 0.0000 0.5556 0.8315
vn 0.0000 -0.8228 -0.5684
vn -0.9302 0.2080 0.3023
vn -0.9303 0.2080 0.3023
vn -0.7695 0.5877 0.2500
vn -0.7694 0.5877 0.2500
vn -0.7694 0.5878 0.2500
vn -0.4755 0.8661 0.1545
vn -0.4754 0.8661 0.1545
vn -0.4755 0.8660 0.1545
vn -0.0995 0.9945 0.0323
vn -0.0996 0.9945 0.0323
vn 0.2939 0.9511 -0.0955
vn 0.6364 0.7432 -0.2068
vn 0.6364 0.7431 -0.2068
vn 0.8689 0.4067 -0.2823
vn 0.8689 -0.4067 -0.2823
vn 0.6364 -0.7432 -0.2068
vn 0.2939 -0.9511 -0.0955
vn -0.0996 -0.9945 0.0323
vn -0.4755 -0.8660 0.1545
vn -0.4754 -0.8661 0.1545
vn -0.4754 -0.8661 0.1544
vn -0.7695 -0.5877 0.2500
vn -0.7694 -0.5877 0.2500
vn -0.9302 -0.2080 0.3023
vn -0.9303 -0.2080 0.3023
vn -0.6940 -0.1861 0.6956
vn -0.6939 -0.1860 0.6956
vn -0.6940 -0.1861 0.6955
vn -0.6940 0.1861 0.6956
vn -0.6939 0.1860 0.6956
vn -0.5499 0.5256 0.6491
vn -0.5500 0.5258 0.6489
vn -0.2872 0.7746 0.5635
vn -0.2870 0.7745 0.5637
vn -0.2873 0.7746 0.5634
vn 0.0493 0.8895 0.4542
vn 0.0491 0.8896 0.4541
vn 0.0493 0.8895 0.4543
vn 0.4011 0.8506 0.3401
vn 0.4010 0.8506 0.3400
vn 0.4011 0.8505 0.3401
vn 0.7074 0.6646 0.2405
vn 0.9153 0.3638 0.1729
vn 0.9153 0.3638 0.1728
vn 0.9153 0.3638 0.1727
vn 0.9888 0.0000 0.1489
vn 0.9153 -0.3638 0.1728
vn 0.9153 -0.3638 0.1729
vn 0.9153 -0.3638 0.1727
vn 0.7074 -0.6646 0.2405
vn 0.4011 -0.8506 0.3401
vn 0.4011 -0.8506 0.3400
vn 0.4010 -0.8506 0.3400
vn 0.0491 -0.8896 0.4541
vn 0.0493 -0.8895 0.4543
vn 0.0490 -0.8896 0.4540
vn -0.2870 -0.7745 0.5636
vn -0.2872 -0.7746 0.5635
vn -0.2870 -0.7745 0.5637
vn -0.5499 -0.5256 0.6491
vn -0.5500 -0.5258 0.6489
vn -0.5499 -0.5255 0.6492
vn -0.9703 0.1861 -0.1549
vn -0.9703 0.1861 -0.1548
vn -0.9703 -0.1861 -0.1549
vn -0.8264 -0.5257 -0.2017
vn -0.8264 -0.5257 -0.2018
vn -0.5635 -0.7746 -0.2872
vn -0.5635 -0.7746 -0.2871
vn -0.5634 -0.7747 -0.2870
vn -0.2272 -0.8895 -0.3964
vn -0.2272 -0.8895 -0.3965
vn -0.2273 -0.8895 -0.3963
vn 0.1246 -0.8506 -0.5109
vn 0.1246 -0.8505 -0.5109
vn 0.1246 -0.8506 -0.5108
vn 0.4309 -0.6646 -0.6104
vn 0.4309 -0.6647 -0.6104
vn 0.6389 -0.3637 -0.6778
vn 0.6388 -0.3638 -0.6780
vn 0.6387 -0.3638 -0.6780
vn 0.7125 0.0000 -0.7017
vn 0.6388 0.3638 -0.6779
vn 0.6389 0.3637 -0.6778
vn 0.6391 0.3637 -0.6777
vn 0.4309 0.6646 -0.6104
vn 0.4308 0.6646 -0.6105
vn 0.1246 0.8506 -0.5109
vn 0.1246 0.8505 -0.5109
vn 0.1246 0.8505 -0.5110
vn -0.2272 0.8895 -0.3965
vn -0.2272 0.8895 -0.3964
vn -0.2273 0.8895 -0.3964
vn -0.5635 0.7746 -0.2872
vn -0.5635 0.7746 -0.2871
vn -0.5636 0.7745 -0.2872
vn -0.8264 0.5257 -0.2018
vn -0.8264 0.5257 -0.2017
vn -0.0009 -0.0657 0.9978
vn -0.0010 -0.0657 0.9978
vn -0.0010 0.0657 0.9978
vn -0.0009 0.0657 0.9978
vn 0.0499 0.1860 0.9813
vn 0.1427 0.2738 0.9511
vn 0.1427 0.2739 0.9511
vn 0.2618 0.3144 0.9125
vn 0.3861 0.3007 0.8721
vn 0.4944 0.2350 0.8369
vn 0.5679 0.1287 0.8130
vn 0.5939 0.0000 0.8045
vn 0.5679 -0.1287 0.8130
vn 0.4944 -0.2350 0.8369
vn 0.3861 -0.3007 0.8721
vn 0.2618 -0.3145 0.9125
vn 0.2618 -0.3144 0.9125
vn 0.1427 -0.2738 0.9511
vn 0.1427 -0.2738 0.9512
vn 0.0499 -0.1860 0.9813
vn -0.5873 0.0659 -0.8067
vn -0.5873 -0.0659 -0.8067
vn -0.5873 -0.0659 -0.8066
vn -0.5365 -0.1858 -0.8232
vn -0.4435 -0.2738 -0.8534
vn -0.4435 -0.2739 -0.8534
vn -0.3247 -0.3145 -0.8920
vn -0.2001 -0.3007 -0.9325
vn -0.2001 -0.3008 -0.9325
vn -0.0920 -0.2350 -0.9676
vn -0.0919 -0.2350 -0.9676
vn -0.0185 -0.1286 -0.9915
vn -0.0185 -0.1287 -0.9915
vn 0.0076 0.0000 -1.0000
vn -0.0185 0.1286 -0.9915
vn -0.0185 0.1287 -0.9915
vn -0.0920 0.2350 -0.9676
vn -0.0919 0.2350 -0.9676
vn -0.2001 0.3007 -0.9325
vn -0.3247 0.3145 -0.8920
vn -0.4435 0.2739 -0.8534
vn -0.4435 0.2738 -0.8534
vn -0.5365 0.1858 -0.8232
vn -0.4075 -0.0026 -0.9132
vn -0.4045 -0.0002 -0.9145
vn -0.4024 -0.0035 -0.9155
vn -0.4049 -0.0000 -0.9144
vn -0.4022 -0.0031 -0.9156
vn -0.4092 0.0091 -0.9124
vn -0.4073 0.0043 -0.9133
vn -0.4099 0.0089 -0.9121
vn -0.4161 -0.0064 -0.9093
vn -0.4055 -0.0022 -0.9141
vn -0.4155 -0.0060 -0.9096
vn -0.4076 -0.0024 -0.9132
vn -0.4053 -0.0019 -0.9142
vn 0.1542 -0.9868 -0.0501
vn -0.1855 0.9808 0.0603
vn -0.1856 0.9808 0.0603
vn 0.5178 -0.8388 -0.1683
vn -0.5284 0.8315 0.1717
vn -0.5283 0.8315 0.1717
vn 0.7551 -0.6080 -0.2454
vn 0.7551 -0.6079 -0.2454
vn -0.7908 0.5555 0.2570
vn -0.7908 0.5556 0.2570
vn 0.8987 -0.3272 -0.2920
vn 0.8987 -0.3273 -0.2920
vn -0.9188 0.2581 0.2986
vn -0.9188 0.2582 0.2986
vn -0.7033 -0.6731 0.2285
vn -0.7034 -0.6731 0.2285
vn -0.7034 -0.6731 0.2286
vn 0.7470 0.6189 -0.2427
vn 0.7470 0.6189 -0.2426
vn -0.4872 -0.8588 0.1583
vn 0.5284 0.8315 -0.1717
vn 0.5284 0.8315 -0.1716
vn -0.1449 -0.9883 0.0471
vn 0.1856 0.9808 -0.0603
vn -0.1906 -0.9797 0.0619
vn 0.2103 -0.0004 0.9776
vn 0.2071 -0.0026 0.9783
vn 0.2125 -0.0035 0.9772
vn 0.2099 -0.0002 0.9777
vn 0.2127 -0.0031 0.9771
vn 0.2044 0.0084 0.9789
vn 0.2047 0.0089 0.9788
vn 0.2073 0.0044 0.9783
vn 0.2093 -0.0024 0.9779
vn 0.1976 -0.0063 0.9803
vn 0.1979 -0.0063 0.9802
vn 0.2072 -0.0024 0.9783
vn 0.1985 -0.0060 0.9801
vn 0.2095 -0.0019 0.9778
vn 0.5179 -0.8388 -0.1682
vn -0.5284 0.8314 0.1717
vn -0.7908 0.5556 0.2569
vn -0.7907 0.5556 0.2569
vn -0.9188 0.2581 0.2985
vn -0.9189 0.2581 0.2985
vn -0.7033 -0.6732 0.2285
vn 0.7471 0.6188 -0.2428
vn 0.7471 0.6188 -0.2427
vn 0.5283 0.8315 -0.1717
vn 0.5407 -0.8227 -0.1757
vn 0.5406 -0.8227 -0.1756
vn -0.8091 -0.0001 0.5877
vn -0.5750 0.2079 -0.7913
vn -0.4756 0.5878 -0.6545
vn -0.2939 0.8661 -0.4045
vn -0.2939 0.8661 -0.4044
vn -0.0615 0.9945 -0.0847
vn 0.1816 0.9511 0.2500
vn 0.3933 0.7431 0.5414
vn 0.3933 0.7431 0.5413
vn 0.5370 0.4066 0.7391
vn 0.5370 0.4067 0.7391
vn 0.5370 -0.4067 0.7391
vn 0.5370 -0.4066 0.7391
vn 0.3933 -0.7431 0.5413
vn 0.3933 -0.7431 0.5414
vn 0.1816 -0.9511 0.2500
vn 0.1816 -0.9510 0.2500
vn -0.0615 -0.9945 -0.0847
vn -0.2939 -0.8661 -0.4045
vn -0.2939 -0.8661 -0.4044
vn -0.2939 -0.8660 -0.4045
vn -0.4756 -0.5878 -0.6545
vn -0.5750 -0.2079 -0.7913
vn 0.8090 -0.0001 -0.5878
vn -0.8760 -0.1860 -0.4450
vn -0.8759 -0.1860 -0.4451
vn -0.8759 -0.1861 -0.4452
vn -0.8760 0.1860 -0.4450
vn -0.8759 0.1860 -0.4451
vn -0.8759 0.1861 -0.4452
vn -0.7871 0.5258 -0.3225
vn -0.6247 0.7746 -0.0989
vn -0.4168 0.8895 0.1872
vn -0.1995 0.8505 0.4866
vn -0.1995 0.8506 0.4865
vn -0.1995 0.8505 0.4867
vn -0.0100 0.6648 0.7470
vn -0.0101 0.6646 0.7471
vn -0.0099 0.6648 0.7469
vn 0.1187 0.3638 0.9239
vn 0.1188 0.3638 0.9239
vn 0.1642 0.0000 0.9864
vn 0.1188 -0.3638 0.9239
vn 0.1187 -0.3638 0.9239
vn -0.0100 -0.6647 0.7470
vn -0.0101 -0.6647 0.7471
vn -0.0102 -0.6646 0.7471
vn -0.1995 -0.8505 0.4866
vn -0.1995 -0.8506 0.4866
vn -0.1994 -0.8506 0.4865
vn -0.4168 -0.8895 0.1872
vn -0.4169 -0.8895 0.1872
vn -0.6247 -0.7746 -0.0989
vn -0.6247 -0.7746 -0.0990
vn -0.7871 -0.5258 -0.3225
vn -0.1525 0.1859 -0.9707
vn -0.1526 0.1859 -0.9706
vn -0.1527 0.1859 -0.9706
vn -0.1526 -0.1859 -0.9707
vn -0.1525 -0.1859 -0.9707
vn -0.1527 -0.1859 -0.9706
vn -0.0634 -0.5258 -0.8483
vn -0.0634 -0.5257 -0.8483
vn 0.0990 -0.7746 -0.6247
vn 0.0989 -0.7746 -0.6246
vn 0.0989 -0.7747 -0.6246
vn 0.3068 -0.8895 -0.3386
vn 0.5243 -0.8507 -0.0393
vn 0.5243 -0.8506 -0.0393
vn 0.5242 -0.8507 -0.0392
vn 0.7136 -0.6646 0.2213
vn 0.7137 -0.6646 0.2213
vn 0.7137 -0.6646 0.2212
vn 0.8421 -0.3638 0.3982
vn 0.8875 0.0000 0.4608
vn 0.8421 0.3638 0.3982
vn 0.8421 0.3638 0.3981
vn 0.7137 0.6646 0.2213
vn 0.7136 0.6646 0.2213
vn 0.7137 0.6646 0.2212
vn 0.5242 0.8507 -0.0392
vn 0.5243 0.8506 -0.0393
vn 0.5244 0.8506 -0.0393
vn 0.3068 0.8895 -0.3386
vn 0.0990 0.7746 -0.6247
vn 0.0989 0.7746 -0.6246
vn 0.0990 0.7745 -0.6247
vn -0.0635 0.5258 -0.8483
vn -0.0634 0.5257 -0.8483
vn -0.9493 -0.0659 0.3075
vn -0.9493 0.0659 0.3075
vn -0.9179 0.1858 0.3506
vn -0.9179 0.1858 0.3505
vn -0.8604 0.2739 0.4297
vn -0.8604 0.2740 0.4297
vn -0.7870 0.3145 0.5308
vn -0.7871 0.3144 0.5308
vn -0.7100 0.3008 0.6367
vn -0.6432 0.2350 0.7288
vn -0.6432 0.2350 0.7287
vn -0.6433 0.2350 0.7287
vn -0.5977 0.1286 0.7914
vn -0.5977 0.1285 0.7913
vn -0.5976 0.1288 0.7914
vn -0.5815 0.0000 0.8136
vn -0.5977 -0.1286 0.7914
vn -0.5977 -0.1285 0.7913
vn -0.5978 -0.1284 0.7913
vn -0.6432 -0.2350 0.7287
vn -0.6432 -0.2350 0.7288
vn -0.6429 -0.2351 0.7290
vn -0.7100 -0.3008 0.6367
vn -0.7870 -0.3145 0.5308
vn -0.7869 -0.3146 0.5308
vn -0.8604 -0.2739 0.4297
vn -0.8604 -0.2738 0.4298
vn -0.9179 -0.1858 0.3506
vn -0.9179 -0.1858 0.3505
vn 0.5858 0.0656 -0.8078
vn 0.5858 -0.0656 -0.8078
vn 0.6172 -0.1859 -0.7645
vn 0.6173 -0.1859 -0.7645
vn 0.6745 -0.2739 -0.6856
vn 0.6744 -0.2739 -0.6856
vn 0.7480 -0.3146 -0.5844
vn 0.7480 -0.3145 -0.5844
vn 0.7480 -0.3144 -0.5845
vn 0.8250 -0.3006 -0.4786
vn 0.8919 -0.2349 -0.3865
vn 0.8919 -0.2350 -0.3865
vn 0.8919 -0.2348 -0.3865
vn 0.9373 -0.1286 -0.3238
vn 0.9534 0.0000 -0.3017
vn 0.9373 0.1286 -0.3238
vn 0.8919 0.2349 -0.3865
vn 0.8918 0.2349 -0.3867
vn 0.8250 0.3006 -0.4786
vn 0.8250 0.3005 -0.4786
vn 0.7480 0.3145 -0.5844
vn 0.7480 0.3147 -0.5843
vn 0.6744 0.2739 -0.6856
vn 0.6745 0.2739 -0.6856
vn 0.6172 0.1859 -0.7645
vn 0.6173 0.1860 -0.7645
vn 0.7427 -0.0021 -0.6696
vn 0.7447 -0.0003 -0.6674
vn 0.7464 -0.0030 -0.6655
vn 0.7444 0.0000 -0.6677
vn 0.7464 -0.0031 -0.6654
vn 0.7413 0.0090 -0.6711
vn 0.7427 0.0044 -0.6696
vn 0.7410 0.0089 -0.6715
vn 0.7362 -0.0064 -0.6768
vn 0.7442 -0.0025 -0.6680
vn 0.7362 -0.0064 -0.6767
vn 0.7367 -0.0063 -0.6762
vn 0.7426 -0.0024 -0.6697
vn 0.7444 -0.0021 -0.6678
vn 0.0953 -0.9868 0.1311
vn 0.0953 -0.9868 0.1312
vn -0.1147 0.9808 -0.1578
vn 0.3201 -0.8388 0.4405
vn 0.3200 -0.8388 0.4405
vn -0.3265 0.8315 -0.4495
vn -0.3266 0.8315 -0.4495
vn 0.4667 -0.6079 0.6424
vn 0.4668 -0.6078 0.6424
vn -0.4887 0.5556 -0.6727
vn -0.4886 0.5556 -0.6727
vn 0.5554 -0.3273 0.7645
vn 0.5554 -0.3273 0.7644
vn -0.5679 0.2581 -0.7816
vn -0.4347 -0.6731 -0.5983
vn -0.4348 -0.6730 -0.5983
vn 0.4617 0.6189 0.6354
vn 0.4618 0.6188 0.6355
vn -0.3011 -0.8589 -0.4144
vn -0.3011 -0.8588 -0.4144
vn 0.3266 0.8315 0.4494
vn 0.3265 0.8315 0.4494
vn -0.0896 -0.9883 -0.1233
vn -0.0895 -0.9883 -0.1233
vn -0.0895 -0.9883 -0.1232
vn 0.1147 0.9808 0.1579
vn 0.1147 0.9808 0.1578
vn -0.1178 -0.9797 -0.1621
vn -0.1178 -0.9797 -0.1622
vn -0.8650 -0.0003 0.5018
vn -0.8664 -0.0029 0.4993
vn -0.8637 -0.0036 0.5040
vn -0.8651 0.0001 0.5016
vn -0.8637 -0.0033 0.5039
vn -0.8675 0.0088 0.4974
vn -0.8676 0.0089 0.4971
vn -0.8663 0.0044 0.4994
vn -0.8653 -0.0025 0.5012
vn -0.8711 -0.0064 0.4910
vn -0.8711 -0.0064 0.4911
vn -0.8664 -0.0026 0.4993
vn -0.8708 -0.0062 0.4916
vn -0.8652 -0.0021 0.5015
vn 0.3200 -0.8387 0.4405
vn 0.3201 -0.8387 0.4405
vn -0.3266 0.8314 -0.4495
vn -0.4888 0.5556 -0.6726
vn 0.5554 -0.3274 0.7644
vn -0.5679 0.2582 -0.7816
vn 0.4617 0.6188 0.6355
vn 0.4617 0.6189 0.6355
vn 0.3265 0.8315 0.4495
vn 0.3342 -0.8227 0.4599
vn 0.5749 0.2079 -0.7914
vn 0.4755 0.5878 -0.6545
vn 0.2939 0.8660 -0.4045
vn 0.0615 0.9945 -0.0847
vn -0.1816 0.9511 0.2500
vn -0.3933 0.7432 0.5413
vn -0.5369 0.4068 0.7391
vn -0.5370 0.4067 0.7391
vn -0.5370 -0.4067 0.7391
vn -0.5369 -0.4068 0.7391
vn -0.3933 -0.7432 0.5413
vn -0.1817 -0.9510 0.2500
vn -0.1816 -0.9511 0.2500
vn 0.0615 -0.9945 -0.0847
vn 0.2939 -0.8660 -0.4045
vn 0.4755 -0.5878 -0.6545
vn 0.5749 -0.2079 -0.7914
vn 0.8090 0.0001 0.5878
vn 0.1524 -0.1860 -0.9707
vn 0.1523 -0.1859 -0.9707
vn 0.1524 0.1860 -0.9707
vn 0.1523 0.1859 -0.9707
vn 0.1522 0.1859 -0.9707
vn 0.0634 0.5257 -0.8483
vn 0.0634 0.5258 -0.8483
vn 0.0635 0.5258 -0.8482
vn -0.0989 0.7746 -0.6247
vn -0.0990 0.7746 -0.6247
vn -0.0988 0.7746 -0.6247
vn -0.3068 0.8895 -0.3386
vn -0.3067 0.8895 -0.3386
vn -0.3069 0.8895 -0.3386
vn -0.5244 0.8506 -0.0393
vn -0.7135 0.6648 0.2213
vn -0.7136 0.6647 0.2213
vn -0.8420 0.3638 0.3983
vn -0.8421 0.3638 0.3982
vn -0.8421 0.3638 0.3981
vn -0.8876 0.0000 0.4606
vn -0.8421 -0.3638 0.3982
vn -0.8420 -0.3638 0.3983
vn -0.8421 -0.3638 0.3981
vn -0.7135 -0.6648 0.2213
vn -0.7135 -0.6647 0.2213
vn -0.7136 -0.6647 0.2213
vn -0.5244 -0.8506 -0.0393
vn -0.3068 -0.8895 -0.3386
vn -0.3067 -0.8896 -0.3385
vn -0.3069 -0.8895 -0.3387
vn -0.0990 -0.7746 -0.6247
vn -0.0989 -0.7746 -0.6247
vn -0.0988 -0.7746 -0.6247
vn 0.0634 -0.5258 -0.8483
vn 0.0634 -0.5257 -0.8483
vn 0.8761 0.1859 -0.4449
vn 0.8761 0.1859 -0.4448
vn 0.8761 -0.1859 -0.4449
vn 0.7871 -0.5258 -0.3225
vn 0.6247 -0.7746 -0.0989
vn 0.6247 -0.7746 -0.0990
vn 0.4168 -0.8895 0.1872
vn 0.4169 -0.8895 0.1872
vn 0.1995 -0.8506 0.4866
vn 0.1994 -0.8506 0.4866
vn 0.0102 -0.6647 0.7470
vn -0.1184 -0.3637 0.9240
vn -0.1183 -0.3637 0.9240
vn -0.1637 0.0000 0.9865
vn -0.1183 0.3637 0.9240
vn 0.0102 0.6647 0.7470
vn 0.0103 0.6647 0.7470
vn 0.1994 0.8506 0.4866
vn 0.1995 0.8506 0.4866
vn 0.4168 0.8895 0.1872
vn 0.6247 0.7746 -0.0989
vn 0.7871 0.5258 -0.3225
vn -0.5857 -0.0657 -0.8079
vn -0.5857 0.0657 -0.8079
vn -0.6171 0.1859 -0.7646
vn -0.6746 0.2739 -0.6855
vn -0.6746 0.2740 -0.6855
vn -0.7480 0.3145 -0.5844
vn -0.7480 0.3144 -0.5845
vn -0.8249 0.3009 -0.4785
vn -0.8249 0.3010 -0.4785
vn -0.8919 0.2350 -0.3864
vn -0.8918 0.2350 -0.3865
vn -0.9373 0.1285 -0.3240
vn -0.9373 0.1285 -0.3241
vn -0.9533 0.0000 -0.3020
vn -0.9373 -0.1285 -0.3240
vn -0.9373 -0.1285 -0.3241
vn -0.8919 -0.2350 -0.3864
vn -0.8918 -0.2350 -0.3865
vn -0.8249 -0.3009 -0.4785
vn -0.8249 -0.3008 -0.4785
vn -0.7480 -0.3145 -0.5844
vn -0.7480 -0.3146 -0.5844
vn -0.6746 -0.2739 -0.6855
vn -0.6746 -0.2738 -0.6856
vn -0.6171 -0.1859 -0.7646
vn 0.9493 0.0656 0.3074
vn 0.9493 0.0657 0.3074
vn 0.9493 0.0657 0.3075
vn 0.9493 -0.0657 0.3074
vn 0.9493 -0.0656 0.3074
vn 0.9493 -0.0657 0.3075
vn 0.9179 -0.1859 0.3506
vn 0.8604 -0.2739 0.4297
vn 0.7869 -0.3146 0.5309
vn 0.7869 -0.3145 0.5309
vn 0.7869 -0.3146 0.5308
vn 0.7100 -0.3007 0.6367
vn 0.7100 -0.3007 0.6368
vn 0.7100 -0.3008 0.6367
vn 0.6432 -0.2350 0.7288
vn 0.6433 -0.2350 0.7287
vn 0.5977 -0.1286 0.7913
vn 0.5977 -0.1286 0.7914
vn 0.5816 0.0000 0.8135
vn 0.5977 0.1286 0.7914
vn 0.5977 0.1286 0.7913
vn 0.6432 0.2350 0.7287
vn 0.6432 0.2350 0.7288
vn 0.7100 0.3007 0.6367
vn 0.7100 0.3007 0.6368
vn 0.7100 0.3006 0.6368
vn 0.7869 0.3145 0.5309
vn 0.7869 0.3146 0.5308
vn 0.8604 0.2739 0.4297
vn 0.9179 0.1859 0.3506
vn 0.8664 -0.0029 0.4993
vn 0.8650 -0.0004 0.5018
vn 0.8637 -0.0036 0.5040
vn 0.8651 0.0001 0.5016
vn 0.8637 -0.0032 0.5039
vn 0.8675 0.0089 0.4974
vn 0.8663 0.0043 0.4995
vn 0.8676 0.0089 0.4971
vn 0.8676 0.0090 0.4971
vn 0.8711 -0.0064 0.4910
vn 0.8653 -0.0025 0.5012
vn 0.8711 -0.0064 0.4911
vn 0.8708 -0.0062 0.4916
vn 0.8664 -0.0026 0.4993
vn 0.8651 -0.0024 0.5016
vn -0.0953 -0.9868 0.1311
vn 0.1147 0.9808 -0.1578
vn 0.1147 0.9808 -0.1579
vn -0.3201 -0.8387 0.4405
vn -0.3200 -0.8387 0.4405
vn -0.3200 -0.8388 0.4405
vn 0.3266 0.8315 -0.4495
vn 0.3266 0.8314 -0.4495
vn -0.4667 -0.6079 0.6424
vn 0.4888 0.5556 -0.6726
vn 0.4887 0.5556 -0.6727
vn -0.5554 -0.3273 0.7645
vn -0.5554 -0.3272 0.7645
vn 0.5679 0.2581 -0.7816
vn 0.5679 0.2582 -0.7816
vn 0.4347 -0.6731 -0.5983
vn -0.4617 0.6188 0.6355
vn -0.4618 0.6188 0.6355
vn -0.4617 0.6189 0.6355
vn 0.3011 -0.8589 -0.4144
vn -0.3265 0.8315 0.4494
vn -0.3265 0.8315 0.4495
vn 0.0896 -0.9883 -0.1233
vn -0.1147 0.9808 0.1578
vn 0.1178 -0.9797 -0.1621
vn 0.1178 -0.9797 -0.1622
vn -0.7446 -0.0003 -0.6675
vn -0.7427 -0.0021 -0.6696
vn -0.7464 -0.0030 -0.6655
vn -0.7444 -0.0000 -0.6677
vn -0.7464 -0.0031 -0.6654
vn -0.7414 0.0090 -0.6710
vn -0.7410 0.0089 -0.6715
vn -0.7427 0.0044 -0.6696
vn -0.7442 -0.0025 -0.6680
vn -0.7362 -0.0064 -0.6768
vn -0.7362 -0.0064 -0.6767
vn -0.7426 -0.0024 -0.6698
vn -0.7367 -0.0063 -0.6762
vn -0.7444 -0.0023 -0.6677
vn -0.0953 -0.9868 0.1312
vn -0.3201 -0.8388 0.4405
vn 0.3265 0.8315 -0.4495
vn -0.4668 -0.6078 0.6424
vn 0.4886 0.5556 -0.6727
vn -0.5554 -0.3274 0.7644
vn -0.4617 0.6189 0.6354
vn 0.3011 -0.8588 -0.4144
vn -0.3266 0.8315 0.4494
vn 0.0895 -0.9883 -0.1233
vn -0.1147 0.9808 0.1579
vn -0.3342 -0.8227 0.4599
vn -0.3341 -0.8227 0.4599
vn 0.3091 -0.0000 -0.9510
vn 0.9302 0.2080 0.3023
vn 0.9303 0.2080 0.3023
vn 0.7695 0.5877 0.2500
vn 0.4754 0.8661 0.1545
vn 0.0995 0.9945 0.0323
vn 0.0996 0.9945 0.0323
vn 0.0996 0.9945 0.0324
vn -0.2939 0.9511 -0.0955
vn -0.2939 0.9510 -0.0955
vn -0.6364 0.7432 -0.2068
vn -0.6364 0.7431 -0.2068
vn -0.8689 0.4067 -0.2823
vn -0.8689 -0.4067 -0.2823
vn -0.6364 -0.7432 -0.2068
vn -0.2939 -0.9510 -0.0955
vn -0.2939 -0.9511 -0.0955
vn 0.0996 -0.9945 0.0323
vn 0.0996 -0.9945 0.0324
vn 0.4754 -0.8661 0.1545
vn 0.7695 -0.5877 0.2500
vn 0.9303 -0.2080 0.3023
vn 0.9302 -0.2080 0.3023
vn 0.9702 -0.1860 -0.1550
vn 0.9702 -0.1859 -0.1552
vn 0.9702 -0.1860 -0.1549
vn 0.9702 0.1860 -0.1550
vn 0.9702 0.1859 -0.1552
vn 0.9702 0.1858 -0.1553
vn 0.8264 0.5257 -0.2019
vn 0.8264 0.5257 -0.2018
vn 0.5635 0.7746 -0.2871
vn 0.5635 0.7746 -0.2872
vn 0.5635 0.7745 -0.2872
vn 0.2272 0.8895 -0.3964
vn -0.1246 0.8505 -0.5110
vn -0.1246 0.8506 -0.5109
vn -0.4309 0.6646 -0.6104
vn -0.6388 0.3638 -0.6779
vn -0.6389 0.3637 -0.6778
vn -0.6390 0.3637 -0.6778
vn -0.7125 0.0000 -0.7017
vn -0.6389 -0.3637 -0.6778
vn -0.6388 -0.3638 -0.6780
vn -0.6390 -0.3637 -0.6778
vn -0.4308 -0.6646 -0.6104
vn -0.4309 -0.6647 -0.6104
vn -0.1247 -0.8505 -0.5109
vn -0.1246 -0.8505 -0.5109
vn -0.1246 -0.8506 -0.5109
vn 0.2272 -0.8895 -0.3965
vn 0.2272 -0.8895 -0.3964
vn 0.5635 -0.7746 -0.2871
vn 0.5635 -0.7746 -0.2872
vn 0.5635 -0.7747 -0.2871
vn 0.8264 -0.5257 -0.2018
vn 0.8264 -0.5256 -0.2019
vn 0.6938 0.1859 0.6958
vn 0.6939 0.1860 0.6956
vn 0.6937 0.1858 0.6959
vn 0.6938 -0.1859 0.6958
vn 0.6939 -0.1860 0.6956
vn 0.6940 -0.1861 0.6955
vn 0.5498 -0.5255 0.6492
vn 0.5499 -0.5256 0.6491
vn 0.5499 -0.5255 0.6492
vn 0.2870 -0.7746 0.5636
vn 0.2872 -0.7746 0.5634
vn 0.2869 -0.7746 0.5637
vn -0.0492 -0.8896 0.4541
vn -0.0492 -0.8895 0.4543
vn -0.4011 -0.8506 0.3400
vn -0.4011 -0.8506 0.3401
vn -0.4010 -0.8506 0.3400
vn -0.7074 -0.6646 0.2405
vn -0.9153 -0.3638 0.1728
vn -0.9153 -0.3638 0.1729
vn -0.9153 -0.3638 0.1730
vn -0.9888 0.0000 0.1489
vn -0.9153 0.3638 0.1729
vn -0.9153 0.3638 0.1728
vn -0.9153 0.3638 0.1727
vn -0.7074 0.6646 0.2405
vn -0.4011 0.8506 0.3400
vn -0.4011 0.8506 0.3401
vn -0.4011 0.8505 0.3401
vn -0.0492 0.8896 0.4541
vn -0.0492 0.8895 0.4543
vn -0.0492 0.8896 0.4540
vn 0.2872 0.7746 0.5634
vn 0.2870 0.7746 0.5636
vn 0.2868 0.7745 0.5637
vn 0.5500 0.5258 0.6489
vn 0.5499 0.5256 0.6491
vn 0.5874 -0.0658 -0.8066
vn 0.5876 -0.0657 -0.8065
vn 0.5874 0.0658 -0.8066
vn 0.5876 0.0657 -0.8065
vn 0.5365 0.1858 -0.8232
vn 0.5364 0.1858 -0.8232
vn 0.4434 0.2738 -0.8535
vn 0.4434 0.2738 -0.8534
vn 0.3247 0.3145 -0.8920
vn 0.3248 0.3146 -0.8919
vn 0.2001 0.3007 -0.9325
vn 0.0920 0.2351 -0.9676
vn 0.0919 0.2351 -0.9676
vn 0.0918 0.2352 -0.9676
vn 0.0183 0.1286 -0.9915
vn 0.0184 0.1286 -0.9915
vn -0.0076 0.0000 -1.0000
vn 0.0183 -0.1286 -0.9915
vn 0.0184 -0.1286 -0.9915
vn 0.0919 -0.2351 -0.9676
vn 0.0920 -0.2351 -0.9676
vn 0.0918 -0.2352 -0.9676
vn 0.2001 -0.3007 -0.9325
vn 0.2001 -0.3008 -0.9325
vn 0.3247 -0.3145 -0.8920
vn 0.3248 -0.3146 -0.8920
vn 0.4434 -0.2738 -0.8534
vn 0.4434 -0.2738 -0.8535
vn 0.5365 -0.1858 -0.8232
vn 0.5364 -0.1858 -0.8232
vn 0.0010 0.0657 0.9978
vn 0.0009 0.0657 0.9978
vn 0.0010 -0.0657 0.9978
vn 0.0009 -0.0657 0.9978
vn -0.0499 -0.1860 0.9813
vn -0.1427 -0.2738 0.9511
vn -0.1426 -0.2738 0.9511
vn -0.2618 -0.3145 0.9124
vn -0.2618 -0.3145 0.9125
vn -0.3861 -0.3007 0.8721
vn -0.4944 -0.2350 0.8369
vn -0.4943 -0.2350 0.8369
vn -0.5679 -0.1287 0.8130
vn -0.5939 0.0000 0.8045
vn -0.5679 0.1287 0.8130
vn -0.4944 0.2350 0.8369
vn -0.4943 0.2350 0.8369
vn -0.3861 0.3007 0.8721
vn -0.2618 0.3145 0.9124
vn -0.1427 0.2738 0.9511
vn -0.1426 0.2738 0.9511
vn -0.0499 0.1860 0.9813
vn -0.2072 -0.0024 0.9783
vn -0.2103 -0.0004 0.9776
vn -0.2125 -0.0033 0.9772
vn -0.2099 -0.0002 0.9777
vn -0.2128 -0.0032 0.9771
vn -0.2045 0.0085 0.9788
vn -0.2075 0.0042 0.9782
vn -0.2047 0.0088 0.9788
vn -0.1979 -0.0063 0.9802
vn -0.2093 -0.0024 0.9779
vn -0.1986 -0.0061 0.9801
vn -0.2071 -0.0025 0.9783
vn -0.2096 -0.0022 0.9778
vn -0.1542 -0.9868 -0.0501
vn 0.1855 0.9808 0.0603
vn 0.1856 0.9808 0.0603
vn -0.5178 -0.8388 -0.1683
vn -0.5179 -0.8388 -0.1682
vn -0.5179 -0.8387 -0.1682
vn 0.5284 0.8315 0.1717
vn 0.5284 0.8314 0.1717
vn -0.7551 -0.6080 -0.2454
vn -0.7551 -0.6080 -0.2453
vn -0.7551 -0.6079 -0.2453
vn 0.7908 0.5556 0.2569
vn 0.7908 0.5556 0.2570
vn -0.8987 -0.3272 -0.2920
vn -0.8987 -0.3273 -0.2920
vn 0.9188 0.2581 0.2985
vn 0.9188 0.2582 0.2986
vn 0.9189 0.2581 0.2985
vn 0.7033 -0.6731 0.2285
vn 0.7034 -0.6731 0.2286
vn 0.7034 -0.6731 0.2285
vn -0.7471 0.6188 -0.2428
vn -0.7470 0.6189 -0.2427
vn -0.7471 0.6188 -0.2427
vn 0.4872 -0.8588 0.1583
vn -0.5283 0.8315 -0.1717
vn -0.5284 0.8315 -0.1717
vn 0.1449 -0.9883 0.0471
vn -0.1856 0.9808 -0.0603
vn 0.1906 -0.9797 0.0619
vn 0.4045 -0.0003 -0.9145
vn 0.4075 -0.0026 -0.9132
vn 0.4024 -0.0035 -0.9155
vn 0.4049 -0.0000 -0.9144
vn 0.4022 -0.0031 -0.9156
vn 0.4092 0.0091 -0.9124
vn 0.4099 0.0089 -0.9121
vn 0.4073 0.0044 -0.9133
vn 0.4055 -0.0022 -0.9141
vn 0.4161 -0.0064 -0.9093
vn 0.4075 -0.0025 -0.9132
vn 0.4155 -0.0060 -0.9096
vn 0.4053 -0.0019 -0.9142
vn -0.7551 -0.6079 -0.2454
vn 0.9188 0.2581 0.2986
vn 0.7033 -0.6732 0.2285
vn -0.7470 0.6189 -0.2426
vn -0.5406 -0.8227 -0.1756
vn -0.5407 -0.8227 -0.1757
vn 0.0000 -0.3256 0.9455
vn 0.0000 0.3256 -0.9455
vn 0.0000 -0.6294 0.7771
vn -0.0000 -0.6293 0.7771
vn -0.0001 -0.6293 0.7771
vn -0.0000 0.6293 -0.7772
vn 0.0000 -0.8481 0.5299
vn -0.0000 0.8481 -0.5299
vn 0.0000 -0.9703 0.2419
vn 0.0000 0.9703 -0.2419
vn -0.0000 -0.0000 1.0000
vn 0.0000 -0.9897 -0.1429
vn 0.0000 0.9926 0.1218
vn 0.0000 -0.9455 -0.3256
vn 0.0000 0.9455 0.3256
vn 0.0000 -0.8671 -0.4981
vn 0.0000 0.8589 0.5122
vn 0.0000 -0.7771 -0.6293
vn 0.0000 0.7772 0.6293
vn 0.0000 -0.6503 -0.7597
vn 0.0000 0.6363 0.7715
vn 0.0000 -0.5299 -0.8481
vn 0.0000 0.5299 0.8481
vn 0.0000 -0.3745 -0.9272
vn 0.0000 0.3571 0.9340
vn 0.0000 -0.2419 -0.9703
vn 0.0000 0.2419 0.9703
vn 0.0000 -0.0025 -1.0000
vn 0.0000 -0.0796 0.9968
vn 0.0001 -0.6293 0.7771
vn -0.1737 0.9848 0.0000
vn -0.5000 0.8660 0.0000
vn -0.7661 0.6428 0.0000
vn -0.9397 0.3420 0.0000
vn -0.9397 -0.3420 0.0000
vn -0.7661 -0.6427 0.0000
vn -0.5000 -0.8660 0.0000
vn -0.1737 -0.9848 0.0000
vn 0.1736 -0.9848 0.0000
vn 0.4999 -0.8661 0.0000
vn 0.7660 -0.6428 0.0000
vn 0.9397 -0.3420 0.0000
vn 0.9397 0.3420 0.0000
vn 0.7660 0.6428 0.0000
vn 0.5000 0.8660 0.0000
vn 0.1736 0.9848 0.0000
vn -1.0000 0.0046 0.0000
vn -0.2519 0.4363 -0.8638
vn 0.4963 0.8681 0.0000
vn -0.2519 0.4363 0.8638
vn -0.7689 -0.6393 0.0000
vn -0.4735 0.1723 -0.8638
vn -0.1779 0.9840 0.0000
vn -0.4735 0.1723 0.8638
vn -0.1779 -0.9840 0.0000
vn -0.4735 -0.1723 -0.8638
vn -0.7689 0.6393 0.0000
vn -0.4735 -0.1723 0.8638
vn 0.4963 -0.8681 0.0000
vn -0.2519 -0.4364 -0.8638
vn -0.2519 -0.4363 -0.8638
vn -1.0000 -0.0046 0.0000
vn -0.2519 -0.4363 0.8638
vn -0.2519 -0.4364 0.8638
vn 0.0875 -0.4962 -0.8638
vn 0.0875 -0.4963 -0.8637
vn -0.7631 -0.6463 0.0000
vn 0.0875 -0.4962 0.8638
vn 0.9381 -0.3462 0.0000
vn 0.3860 -0.3239 -0.8638
vn 0.3860 -0.3239 -0.8637
vn 0.3861 -0.3239 -0.8637
vn -0.1691 -0.9856 0.0000
vn 0.3860 -0.3239 0.8638
vn 0.3859 -0.3239 0.8638
vn 0.9412 0.3379 0.0000
vn 0.5039 0.0000 -0.8638
vn 0.5036 -0.8639 0.0000
vn 0.5039 0.0000 0.8638
vn 0.5039 0.8638 0.0000
vn 0.3860 0.3239 -0.8638
vn 0.9412 -0.3379 0.0000
vn 0.3860 0.3239 0.8638
vn 0.3860 0.3238 0.8638
vn -0.1694 0.9855 0.0000
vn 0.0875 0.4962 -0.8638
vn 0.0875 0.4963 -0.8638
vn 0.9381 0.3462 0.0000
vn 0.0875 0.4962 0.8638
vn -0.7631 0.6463 0.0000
vn -0.1741 0.9847 0.0000
vn 0.1741 0.9847 0.0000
vn 0.4997 0.8662 0.0000
vn 0.7662 0.6425 0.0000
vn 0.9397 0.3421 0.0000
vn 0.9397 -0.3419 0.0000
vn 0.7661 -0.6428 0.0000
vn 0.5000 -0.8660 0.0000
vn -0.1736 -0.9848 0.0000
vn -0.7661 -0.6428 0.0000
vn -0.9397 -0.3419 0.0000
vn -0.9397 0.3421 0.0000
vn -0.7662 0.6425 0.0000
vn -0.4997 0.8662 0.0000
vn 0.7071 -0.7071 -0.0000
vn -0.7071 -0.7071 -0.0000
vn 0.0000 -0.7071 0.7071
vn 0.7071 0.0000 -0.7071
vn 0.0000 0.7071 -0.7071
vn -0.7071 0.0000 -0.7071
vn 0.7071 -0.0000 0.7071
vn -0.7071 -0.0000 0.7071
vn 0.0000 0.7071 0.7071
vn 0.7071 0.7071 0.0000
vn -0.7071 0.7071 0.0000
vn -0.9209 0.3865 0.0503
vn -0.9209 0.3865 0.0502
vn -0.9209 0.3865 0.0504
vn -0.9212 0.3602 0.1471
vn -0.9212 0.3602 0.1473
vn -0.9216 0.3094 0.2344
vn -0.9216 0.3095 0.2343
vn -0.9216 0.3095 0.2342
vn -0.9221 0.2377 0.3054
vn -0.9221 0.2377 0.3055
vn -0.9225 0.1492 0.3561
vn -0.9225 0.1493 0.3559
vn -0.9225 0.1491 0.3561
vn -0.9227 0.0511 0.3820
vn -0.9227 0.0510 0.3821
vn -0.9227 -0.0510 0.3821
vn -0.9227 -0.0510 0.3820
vn -0.9227 -0.0511 0.3820
vn -0.9225 -0.1493 0.3560
vn -0.9225 -0.1492 0.3561
vn -0.9221 -0.2377 0.3055
vn -0.9221 -0.2377 0.3054
vn -0.9216 -0.3095 0.2344
vn -0.9216 -0.3094 0.2344
vn -0.9216 -0.3094 0.2345
vn -0.9212 -0.3602 0.1473
vn -0.9212 -0.3602 0.1472
vn -0.9212 -0.3602 0.1471
vn -0.9209 -0.3864 0.0502
vn -0.9209 -0.3864 -0.0502
vn -0.9212 -0.3602 -0.1472
vn -0.9212 -0.3602 -0.1471
vn -0.9216 -0.3094 -0.2344
vn -0.9221 -0.2377 -0.3055
vn -0.9225 -0.1494 -0.3560
vn -0.9225 -0.1495 -0.3559
vn -0.9227 -0.0509 -0.3821
vn -0.9227 -0.0508 -0.3822
vn -0.9227 -0.0510 -0.3821
vn -0.9227 0.0509 -0.3821
vn -0.9227 0.0508 -0.3822
vn -0.9227 0.0507 -0.3822
vn -0.9225 0.1494 -0.3560
vn -0.9225 0.1495 -0.3559
vn -0.9221 0.2377 -0.3055
vn -0.9221 0.2377 -0.3054
vn -0.9221 0.2378 -0.3054
vn -0.9216 0.3094 -0.2344
vn -0.9212 0.3602 -0.1472
vn -0.9212 0.3602 -0.1471
vn -0.9209 0.3865 -0.0502
vn -0.9209 0.3865 -0.0503
vn -0.9209 0.3865 -0.0504
vn -0.7869 0.6119 0.0795
vn -0.7874 0.5706 0.2333
vn -0.7883 0.4906 0.3714
vn -0.7893 0.3770 0.4847
vn -0.7893 0.3769 0.4847
vn -0.7893 0.3770 0.4846
vn -0.7901 0.2372 0.5652
vn -0.7901 0.2373 0.5651
vn -0.7907 0.0810 0.6068
vn -0.7907 0.0809 0.6069
vn -0.7907 -0.0810 0.6068
vn -0.7907 -0.0809 0.6068
vn -0.7902 -0.2372 0.5651
vn -0.7901 -0.2372 0.5652
vn -0.7893 -0.3769 0.4847
vn -0.7893 -0.3770 0.4846
vn -0.7883 -0.4906 0.3714
vn -0.7874 -0.5706 0.2333
vn -0.7869 -0.6119 0.0795
vn -0.7869 -0.6119 -0.0795
vn -0.7874 -0.5706 -0.2333
vn -0.7874 -0.5706 -0.2332
vn -0.7883 -0.4905 -0.3715
vn -0.7882 -0.4905 -0.3715
vn -0.7882 -0.4905 -0.3717
vn -0.7893 -0.3769 -0.4847
vn -0.7893 -0.3769 -0.4848
vn -0.7902 -0.2372 -0.5651
vn -0.7901 -0.2372 -0.5652
vn -0.7902 -0.2373 -0.5651
vn -0.7907 -0.0810 -0.6068
vn -0.7907 -0.0811 -0.6068
vn -0.7907 0.0811 -0.6068
vn -0.7907 0.0810 -0.6068
vn -0.7907 0.0809 -0.6068
vn -0.7901 0.2373 -0.5651
vn -0.7901 0.2373 -0.5652
vn -0.7901 0.2372 -0.5652
vn -0.7893 0.3769 -0.4847
vn -0.7893 0.3770 -0.4846
vn -0.7883 0.4905 -0.3715
vn -0.7882 0.4905 -0.3715
vn -0.7882 0.4905 -0.3717
vn -0.7874 0.5706 -0.2333
vn -0.7874 0.5706 -0.2332
vn -0.7869 0.6119 -0.0795
vn -0.6006 0.7929 0.1030
vn -0.6012 0.7397 0.3024
vn -0.6024 0.6364 0.4819
vn -0.6023 0.6364 0.4819
vn -0.6022 0.6363 0.4822
vn -0.6036 0.4894 0.6294
vn -0.6036 0.4893 0.6295
vn -0.6048 0.3083 0.7343
vn -0.6054 0.1053 0.7889
vn -0.6055 0.1054 0.7888
vn -0.6054 -0.1053 0.7889
vn -0.6055 -0.1054 0.7889
vn -0.6048 -0.3083 0.7343
vn -0.6036 -0.4894 0.6294
vn -0.6036 -0.4893 0.6295
vn -0.6023 -0.6364 0.4819
vn -0.6024 -0.6364 0.4819
vn -0.6024 -0.6364 0.4818
vn -0.6012 -0.7397 0.3024
vn -0.6005 -0.7930 0.1030
vn -0.6005 -0.7930 -0.1030
vn -0.6005 -0.7929 -0.1029
vn -0.6012 -0.7397 -0.3024
vn -0.6012 -0.7397 -0.3023
vn -0.6023 -0.6364 -0.4819
vn -0.6024 -0.6364 -0.4819
vn -0.6023 -0.6363 -0.4820
vn -0.6036 -0.4894 -0.6294
vn -0.6037 -0.4894 -0.6293
vn -0.6048 -0.3083 -0.7343
vn -0.6054 -0.1053 -0.7889
vn -0.6053 -0.1052 -0.7890
vn -0.6054 0.1053 -0.7889
vn -0.6055 0.1054 -0.7889
vn -0.6048 0.3083 -0.7343
vn -0.6036 0.4894 -0.6294
vn -0.6036 0.4893 -0.6295
vn -0.6023 0.6364 -0.4819
vn -0.6024 0.6364 -0.4819
vn -0.6024 0.6364 -0.4818
vn -0.6012 0.7397 -0.3024
vn -0.6006 0.7929 -0.1030
vn -0.3756 0.9191 0.1194
vn -0.3756 0.9191 0.1195
vn -0.3762 0.8577 0.3506
vn -0.3761 0.8577 0.3506
vn -0.3772 0.7383 0.5592
vn -0.3771 0.7383 0.5592
vn -0.3783 0.5682 0.7308
vn -0.3783 0.5682 0.7307
vn -0.3793 0.3582 0.8531
vn -0.3799 0.1223 0.9169
vn -0.3799 -0.1223 0.9169
vn -0.3793 -0.3582 0.8531
vn -0.3783 -0.5682 0.7308
vn -0.3783 -0.5682 0.7307
vn -0.3772 -0.7383 0.5592
vn -0.3771 -0.7383 0.5592
vn -0.3762 -0.8577 0.3506
vn -0.3761 -0.8577 0.3506
vn -0.3757 -0.9190 0.1193
vn -0.3757 -0.9190 -0.1193
vn -0.3762 -0.8576 -0.3506
vn -0.3772 -0.7383 -0.5592
vn -0.3772 -0.7383 -0.5591
vn -0.3783 -0.5682 -0.7308
vn -0.3793 -0.3582 -0.8531
vn -0.3799 -0.1223 -0.9169
vn -0.3799 0.1223 -0.9169
vn -0.3793 0.3582 -0.8531
vn -0.3783 0.5682 -0.7308
vn -0.3783 0.5682 -0.7307
vn -0.3772 0.7383 -0.5592
vn -0.3771 0.7383 -0.5592
vn -0.3762 0.8576 -0.3506
vn -0.3756 0.9190 -0.1194
vn -0.3756 0.9191 -0.1195
vn -0.1278 0.9835 0.1278
vn -0.1280 0.9181 0.3752
vn -0.1284 0.7906 0.5987
vn -0.1288 0.6086 0.7829
vn -0.1289 0.6087 0.7829
vn -0.1292 0.3839 0.9143
vn -0.1292 0.3840 0.9143
vn -0.1291 0.3839 0.9143
vn -0.1294 0.1311 0.9829
vn -0.1294 -0.1311 0.9829
vn -0.1291 -0.3839 0.9143
vn -0.1288 -0.6086 0.7829
vn -0.1288 -0.6087 0.7829
vn -0.1289 -0.6087 0.7829
vn -0.1284 -0.7907 0.5986
vn -0.1283 -0.7906 0.5987
vn -0.1280 -0.9180 0.3753
vn -0.1280 -0.9181 0.3752
vn -0.1278 -0.9835 0.1278
vn -0.1278 -0.9835 -0.1278
vn -0.1277 -0.9835 -0.1278
vn -0.1279 -0.9180 -0.3753
vn -0.1284 -0.7907 -0.5986
vn -0.1288 -0.6086 -0.7829
vn -0.1288 -0.6087 -0.7829
vn -0.1288 -0.6086 -0.7830
vn -0.1291 -0.3839 -0.9143
vn -0.1294 -0.1311 -0.9829
vn -0.1294 0.1311 -0.9829
vn -0.1292 0.3839 -0.9143
vn -0.1291 0.3839 -0.9143
vn -0.1288 0.6087 -0.7829
vn -0.1289 0.6087 -0.7829
vn -0.1284 0.7906 -0.5987
vn -0.1280 0.9180 -0.3752
vn -0.1279 0.9180 -0.3753
vn -0.1278 0.9835 -0.1278
vn -0.1278 0.9835 -0.1277
vn 0.1278 0.9835 0.1278
vn 0.1280 0.9181 0.3752
vn 0.1284 0.7906 0.5987
vn 0.1288 0.6087 0.7829
vn 0.1288 0.6086 0.7829
vn 0.1288 0.6086 0.7830
vn 0.1292 0.3840 0.9143
vn 0.1294 0.1311 0.9829
vn 0.1294 -0.1311 0.9829
vn 0.1291 -0.3839 0.9143
vn 0.1288 -0.6087 0.7829
vn 0.1288 -0.6086 0.7829
vn 0.1289 -0.6087 0.7829
vn 0.1284 -0.7907 0.5986
vn 0.1283 -0.7906 0.5987
vn 0.1280 -0.9180 0.3753
vn 0.1280 -0.9181 0.3752
vn 0.1278 -0.9835 0.1278
vn 0.1278 -0.9835 -0.1278
vn 0.1277 -0.9835 -0.1278
vn 0.1279 -0.9180 -0.3753
vn 0.1284 -0.7907 -0.5986
vn 0.1288 -0.6086 -0.7829
vn 0.1288 -0.6086 -0.7830
vn 0.1291 -0.3839 -0.9143
vn 0.1294 -0.1311 -0.9829
vn 0.1294 0.1311 -0.9829
vn 0.1292 0.3839 -0.9143
vn 0.1292 0.3840 -0.9143
vn 0.1288 0.6086 -0.7829
vn 0.1288 0.6087 -0.7829
vn 0.1288 0.6086 -0.7830
vn 0.1284 0.7906 -0.5987
vn 0.1280 0.9180 -0.3752
vn 0.1280 0.9181 -0.3752
vn 0.1278 0.9835 -0.1278
vn 0.1277 0.9835 -0.1278
vn 0.3756 0.9191 0.1194
vn 0.3756 0.9190 0.1194
vn 0.3762 0.8577 0.3506
vn 0.3762 0.8577 0.3505
vn 0.3772 0.7383 0.5592
vn 0.3772 0.7383 0.5591
vn 0.3783 0.5682 0.7308
vn 0.3793 0.3582 0.8531
vn 0.3799 0.1223 0.9169
vn 0.3799 -0.1223 0.9169
vn 0.3793 -0.3582 0.8531
vn 0.3783 -0.5682 0.7308
vn 0.3783 -0.5682 0.7307
vn 0.3772 -0.7383 0.5592
vn 0.3771 -0.7383 0.5592
vn 0.3762 -0.8577 0.3506
vn 0.3761 -0.8577 0.3506
vn 0.3757 -0.9190 0.1193
vn 0.3757 -0.9190 -0.1193
vn 0.3762 -0.8576 -0.3506
vn 0.3772 -0.7383 -0.5592
vn 0.3772 -0.7383 -0.5591
vn 0.3783 -0.5682 -0.7308
vn 0.3793 -0.3582 -0.8531
vn 0.3799 -0.1223 -0.9169
vn 0.3799 0.1223 -0.9169
vn 0.3793 0.3582 -0.8531
vn 0.3783 0.5682 -0.7308
vn 0.3772 0.7383 -0.5592
vn 0.3772 0.7383 -0.5591
vn 0.3762 0.8576 -0.3506
vn 0.3756 0.9190 -0.1194
vn 0.3757 0.9190 -0.1193
vn 0.6004 0.7930 0.1030
vn 0.6004 0.7930 0.1031
vn 0.6011 0.7398 0.3024
vn 0.6022 0.6364 0.4819
vn 0.6022 0.6364 0.4820
vn 0.6023 0.6365 0.4818
vn 0.6035 0.4894 0.6295
vn 0.6035 0.4895 0.6294
vn 0.6047 0.3083 0.7344
vn 0.6053 0.1054 0.7890
vn 0.6053 0.1053 0.7890
vn 0.6052 0.1052 0.7891
vn 0.6053 -0.1053 0.7890
vn 0.6053 -0.1054 0.7890
vn 0.6047 -0.3083 0.7344
vn 0.6047 -0.3084 0.7344
vn 0.6035 -0.4894 0.6295
vn 0.6034 -0.4894 0.6296
vn 0.6022 -0.6364 0.4819
vn 0.6022 -0.6364 0.4820
vn 0.6023 -0.6365 0.4818
vn 0.6011 -0.7398 0.3024
vn 0.6004 -0.7931 0.1030
vn 0.6003 -0.7931 0.1030
vn 0.6004 -0.7931 -0.1030
vn 0.6004 -0.7930 -0.1029
vn 0.6011 -0.7398 -0.3024
vn 0.6022 -0.6364 -0.4819
vn 0.6022 -0.6364 -0.4820
vn 0.6024 -0.6365 -0.4817
vn 0.6035 -0.4894 -0.6295
vn 0.6035 -0.4895 -0.6294
vn 0.6047 -0.3083 -0.7344
vn 0.6053 -0.1053 -0.7890
vn 0.6052 -0.1052 -0.7891
vn 0.6053 0.1053 -0.7890
vn 0.6053 0.1054 -0.7890
vn 0.6052 0.1052 -0.7891
vn 0.6047 0.3083 -0.7344
vn 0.6035 0.4894 -0.6295
vn 0.6035 0.4895 -0.6294
vn 0.6022 0.6364 -0.4820
vn 0.6022 0.6364 -0.4819
vn 0.6024 0.6365 -0.4817
vn 0.6011 0.7398 -0.3024
vn 0.6011 0.7397 -0.3024
vn 0.6004 0.7930 -0.1030
vn 0.6004 0.7930 -0.1031
vn 0.7869 0.6119 0.0795
vn 0.7874 0.5706 0.2333
vn 0.7883 0.4906 0.3714
vn 0.7893 0.3769 0.4847
vn 0.7893 0.3769 0.4848
vn 0.7901 0.2373 0.5652
vn 0.7901 0.2373 0.5651
vn 0.7902 0.2373 0.5651
vn 0.7907 0.0810 0.6068
vn 0.7907 0.0811 0.6068
vn 0.7907 -0.0810 0.6068
vn 0.7907 -0.0809 0.6068
vn 0.7901 -0.2372 0.5652
vn 0.7902 -0.2372 0.5651
vn 0.7893 -0.3770 0.4847
vn 0.7893 -0.3769 0.4847
vn 0.7893 -0.3770 0.4846
vn 0.7883 -0.4906 0.3714
vn 0.7874 -0.5706 0.2333
vn 0.7869 -0.6119 0.0795
vn 0.7869 -0.6119 -0.0795
vn 0.7874 -0.5706 -0.2332
vn 0.7874 -0.5706 -0.2333
vn 0.7882 -0.4905 -0.3715
vn 0.7883 -0.4905 -0.3715
vn 0.7882 -0.4905 -0.3717
vn 0.7893 -0.3769 -0.4847
vn 0.7893 -0.3769 -0.4848
vn 0.7901 -0.2372 -0.5652
vn 0.7902 -0.2372 -0.5651
vn 0.7902 -0.2373 -0.5651
vn 0.7907 -0.0810 -0.6068
vn 0.7907 -0.0811 -0.6068
vn 0.7907 0.0810 -0.6068
vn 0.7907 0.0811 -0.6068
vn 0.7901 0.2373 -0.5651
vn 0.7901 0.2373 -0.5652
vn 0.7902 0.2373 -0.5651
vn 0.7893 0.3769 -0.4847
vn 0.7894 0.3771 -0.4844
vn 0.7883 0.4905 -0.3715
vn 0.7882 0.4905 -0.3715
vn 0.7883 0.4906 -0.3714
vn 0.7874 0.5706 -0.2333
vn 0.7874 0.5706 -0.2332
vn 0.7869 0.6119 -0.0795
vn 0.9209 0.3865 0.0503
vn 0.9209 0.3864 0.0502
vn 0.9212 0.3602 0.1471
vn 0.9212 0.3602 0.1473
vn 0.9216 0.3094 0.2344
vn 0.9216 0.3095 0.2343
vn 0.9221 0.2377 0.3054
vn 0.9221 0.2377 0.3055
vn 0.9225 0.1492 0.3561
vn 0.9225 0.1493 0.3559
vn 0.9225 0.1494 0.3559
vn 0.9227 0.0511 0.3820
vn 0.9227 0.0510 0.3821
vn 0.9227 0.0509 0.3821
vn 0.9227 -0.0510 0.3820
vn 0.9227 -0.0510 0.3821
vn 0.9227 -0.0511 0.3820
vn 0.9225 -0.1493 0.3560
vn 0.9225 -0.1492 0.3561
vn 0.9221 -0.2377 0.3055
vn 0.9221 -0.2377 0.3054
vn 0.9216 -0.3094 0.2344
vn 0.9216 -0.3095 0.2344
vn 0.9216 -0.3094 0.2345
vn 0.9212 -0.3602 0.1472
vn 0.9212 -0.3602 0.1473
vn 0.9212 -0.3602 0.1471
vn 0.9209 -0.3864 0.0502
vn 0.9209 -0.3864 -0.0502
vn 0.9212 -0.3602 -0.1471
vn 0.9212 -0.3602 -0.1472
vn 0.9216 -0.3094 -0.2344
vn 0.9221 -0.2377 -0.3055
vn 0.9225 -0.1495 -0.3559
vn 0.9225 -0.1494 -0.3560
vn 0.9227 -0.0508 -0.3822
vn 0.9227 -0.0509 -0.3821
vn 0.9227 -0.0510 -0.3821
vn 0.9227 0.0509 -0.3821
vn 0.9227 0.0508 -0.3822
vn 0.9227 0.0510 -0.3821
vn 0.9225 0.1494 -0.3560
vn 0.9225 0.1495 -0.3559
vn 0.9221 0.2377 -0.3055
vn 0.9221 0.2377 -0.3054
vn 0.9216 0.3094 -0.2344
vn 0.9212 0.3602 -0.1472
vn 0.9212 0.3602 -0.1471
vn 0.9209 0.3865 -0.0502
vn 0.9209 0.3865 -0.0503
vn 0.9209 0.3864 -0.0502
vn 0.9911 0.1322 0.0172
vn 0.9911 0.1232 0.0503
vn 0.9912 0.1057 0.0801
vn 0.9912 0.0813 0.1043
vn 0.9913 0.0510 0.1216
vn 0.9913 0.0174 0.1305
vn 0.9913 -0.0174 0.1305
vn 0.9913 -0.0510 0.1216
vn 0.9912 -0.0812 0.1044
vn 0.9912 -0.1057 0.0801
vn 0.9911 -0.1232 0.0503
vn 0.9911 -0.1322 0.0172
vn 0.9911 -0.1322 -0.0172
vn 0.9911 -0.1232 -0.0503
vn 0.9912 -0.1057 -0.0801
vn 0.9912 -0.0812 -0.1044
vn 0.9913 -0.0511 -0.1215
vn 0.9913 -0.0173 -0.1305
vn 0.9913 0.0173 -0.1305
vn 0.9913 0.0510 -0.1215
vn 0.9912 0.0813 -0.1043
vn 0.9912 0.1058 -0.0801
vn 0.9911 0.1232 -0.0503
vn 0.9911 0.1322 -0.0172
vn -0.0000 0.9917 0.1286
vn -0.0000 0.9917 0.1287
vn 0.0000 0.9258 0.3781
vn 0.0000 0.7970 0.6040
vn 0.0000 0.6143 0.7890
vn 0.0000 0.3863 0.9224
vn 0.0000 0.1326 0.9912
vn 0.0000 -0.1325 0.9912
vn 0.0000 -0.3865 0.9223
vn 0.0000 -0.6141 0.7892
vn 0.0000 -0.7970 0.6040
vn 0.0000 -0.9258 0.3780
vn -0.0000 -0.9916 0.1293
vn 0.0000 -0.9917 -0.1288
vn 0.0000 -0.9258 -0.3780
vn 0.0000 -0.7970 -0.6040
vn 0.0000 -0.6141 -0.7893
vn -0.0000 -0.3869 -0.9221
vn 0.0000 -0.1315 -0.9913
vn 0.0000 0.1316 -0.9913
vn 0.0000 0.3872 -0.9220
vn 0.0000 0.6143 -0.7891
vn 0.0000 0.6143 -0.7890
vn 0.0000 0.7970 -0.6040
vn 0.0000 0.9258 -0.3780
vn -0.0000 0.9916 -0.1290
vn 0.0000 0.9916 -0.1293
vn 0.0042 -0.9990 -0.0440
vn 0.0000 -0.9991 -0.0434
vn -0.0000 -0.9991 -0.0435
vn 0.0238 -0.9986 -0.0482
vn 0.0239 -0.9986 -0.0480
vn 0.0238 -0.9986 -0.0481
vn 0.0027 -0.9999 0.0117
vn -0.0000 -1.0000 0.0097
vn -0.0000 -0.9999 0.0123
vn 0.0186 -0.9998 0.0088
vn 0.0180 -0.9998 0.0075
vn 0.0188 -0.9998 0.0091
vn 0.0023 -1.0000 0.0092
vn -0.0000 -1.0000 0.0042
vn 0.0176 -0.9998 0.0071
vn 0.0170 -0.9999 0.0035
vn 0.0021 -1.0000 0.0040
vn -0.0000 -1.0000 -0.0003
vn 0.0166 -0.9999 0.0030
vn 0.0166 -0.9999 -0.0003
vn 0.0609 -0.9981 0.0020
vn 0.0597 -0.9982 0.0013
vn 0.0609 -0.9981 0.0019
vn 0.1568 -0.9876 -0.0117
vn 0.1623 -0.9867 -0.0026
vn 0.1610 -0.9869 -0.0042
vn 0.0594 -0.9982 0.0010
vn 0.0594 -0.9982 -0.0002
vn 0.1626 -0.9867 -0.0024
vn 0.1636 -0.9865 -0.0002
vn 0.1433 -0.9882 -0.0537
vn 0.1434 -0.9882 -0.0537
vn 0.1433 -0.9882 -0.0538
vn 0.1564 -0.9876 -0.0123
vn 0.0675 -0.9962 -0.0551
vn 0.0677 -0.9962 -0.0548
vn 0.0676 -0.9962 -0.0551
vn 0.0619 -0.9981 0.0015
vn -0.0044 -0.9990 -0.0437
vn -0.0027 -0.9999 0.0117
vn -0.0238 -0.9986 -0.0481
vn -0.0239 -0.9986 -0.0480
vn -0.0238 -0.9986 -0.0480
vn -0.0180 -0.9998 0.0076
vn -0.0186 -0.9998 0.0089
vn -0.0188 -0.9998 0.0091
vn -0.1432 -0.9882 -0.0536
vn -0.1433 -0.9882 -0.0535
vn -0.1431 -0.9882 -0.0537
vn -0.0675 -0.9962 -0.0550
vn -0.0677 -0.9962 -0.0547
vn -0.0675 -0.9962 -0.0551
vn -0.1610 -0.9869 -0.0043
vn -0.1564 -0.9876 -0.0121
vn -0.1565 -0.9876 -0.0121
vn -0.0613 -0.9981 0.0023
vn -0.0619 -0.9981 0.0016
vn -0.0597 -0.9982 0.0013
vn -0.0617 -0.9981 0.0018
vn -0.0594 -0.9982 -0.0002
vn -0.0594 -0.9982 0.0010
vn -0.1620 -0.9868 -0.0026
vn -0.1568 -0.9876 -0.0116
vn -0.1634 -0.9866 -0.0002
vn -0.1624 -0.9867 -0.0023
vn -0.0023 -1.0000 0.0092
vn -0.0021 -1.0000 0.0040
vn -0.0170 -0.9999 0.0035
vn -0.0180 -0.9998 0.0075
vn -0.0166 -0.9999 -0.0003
vn -0.0166 -0.9999 0.0030
vn -0.0021 -1.0000 -0.0062
vn -0.0000 -1.0000 -0.0064
vn -0.0034 -0.9997 -0.0229
vn -0.0000 -0.9998 -0.0175
vn -0.0172 -0.9998 -0.0098
vn -0.0166 -0.9999 -0.0013
vn -0.0184 -0.9996 -0.0197
vn -0.0169 -0.9998 -0.0102
vn -0.0597 -0.9982 -0.0031
vn -0.0598 -0.9982 -0.0034
vn -0.0620 -0.9980 -0.0118
vn -0.0602 -0.9982 -0.0064
vn -0.1625 -0.9867 0.0005
vn -0.1621 -0.9868 0.0007
vn -0.1573 -0.9875 0.0025
vn -0.1612 -0.9869 0.0009
vn -0.0622 -0.9980 -0.0120
vn -0.0623 -0.9980 -0.0121
vn -0.0680 -0.9969 0.0406
vn -0.0681 -0.9969 0.0406
vn -0.0680 -0.9969 0.0407
vn -0.1570 -0.9876 0.0024
vn -0.1438 -0.9888 0.0394
vn -0.1435 -0.9889 0.0397
vn -0.1437 -0.9888 0.0396
vn -0.0030 -0.9997 -0.0236
vn -0.0000 -0.9997 -0.0234
vn -0.0044 -0.9996 0.0293
vn 0.0000 -0.9996 0.0286
vn -0.0000 -0.9996 0.0289
vn -0.0188 -0.9996 -0.0202
vn -0.0241 -0.9991 0.0336
vn -0.0243 -0.9992 0.0332
vn -0.0242 -0.9991 0.0334
vn 0.0021 -1.0000 -0.0062
vn 0.0021 -1.0000 -0.0003
vn 0.0174 -0.9998 -0.0097
vn 0.0165 -0.9999 -0.0002
vn 0.0035 -0.9997 -0.0229
vn 0.0185 -0.9996 -0.0198
vn 0.0169 -0.9999 -0.0013
vn 0.0029 -0.9997 -0.0235
vn 0.0185 -0.9996 -0.0199
vn 0.0170 -0.9998 -0.0102
vn 0.0044 -0.9996 0.0293
vn 0.0046 -0.9996 0.0289
vn 0.0241 -0.9991 0.0336
vn 0.0242 -0.9991 0.0334
vn 0.0242 -0.9991 0.0335
vn 0.0622 -0.9980 -0.0120
vn 0.0609 -0.9981 -0.0062
vn 0.0625 -0.9980 -0.0115
vn 0.1570 -0.9876 0.0026
vn 0.1611 -0.9869 0.0005
vn 0.1573 -0.9875 0.0022
vn 0.0683 -0.9968 0.0403
vn 0.0681 -0.9969 0.0406
vn 0.0684 -0.9968 0.0402
vn 0.1442 -0.9888 0.0393
vn 0.1436 -0.9888 0.0398
vn 0.1438 -0.9888 0.0397
vn 0.0595 -0.9982 -0.0029
vn 0.1630 -0.9866 0.0003
vn 0.0599 -0.9982 -0.0034
vn 0.1623 -0.9867 0.0007
vn 0.0100 -0.9715 -0.2369
vn 0.0101 -0.9715 -0.2367
vn 0.0100 -0.9715 -0.2368
vn 0.0195 -0.8393 -0.5433
vn 0.0196 -0.8393 -0.5432
vn 0.0417 -0.9694 -0.2421
vn 0.0418 -0.9694 -0.2420
vn 0.0725 -0.8355 -0.5448
vn 0.0725 -0.8355 -0.5447
vn 0.2098 -0.9416 -0.2634
vn 0.1014 -0.9633 -0.2486
vn 0.1014 -0.9633 -0.2485
vn 0.1015 -0.9633 -0.2485
vn 0.3376 -0.8145 -0.4718
vn 0.1644 -0.8305 -0.5322
vn 0.1644 -0.8304 -0.5323
vn 0.1644 -0.8305 -0.5323
vn 0.2239 -0.5514 -0.8036
vn 0.2239 -0.5515 -0.8036
vn 0.2239 -0.5516 -0.8035
vn 0.2500 -0.2601 -0.9327
vn 0.2500 -0.2599 -0.9327
vn 0.2500 -0.2600 -0.9327
vn 0.4682 -0.5255 -0.7104
vn 0.5232 -0.2204 -0.8232
vn 0.5232 -0.2205 -0.8232
vn 0.0280 -0.5661 -0.8239
vn 0.0281 -0.5663 -0.8237
vn 0.0281 -0.5662 -0.8238
vn 0.0317 -0.2734 -0.9614
vn 0.0318 -0.2737 -0.9613
vn 0.0318 -0.2741 -0.9612
vn 0.1007 -0.5607 -0.8219
vn 0.1007 -0.5608 -0.8218
vn 0.1132 -0.2703 -0.9561
vn 0.1132 -0.2707 -0.9560
vn -0.0100 -0.9715 -0.2369
vn -0.0101 -0.9715 -0.2366
vn -0.0417 -0.9693 -0.2422
vn -0.0418 -0.9694 -0.2419
vn -0.0417 -0.9694 -0.2420
vn -0.0195 -0.8393 -0.5433
vn -0.0196 -0.8393 -0.5433
vn -0.0724 -0.8354 -0.5449
vn -0.0725 -0.8354 -0.5448
vn -0.0724 -0.8354 -0.5448
vn -0.0280 -0.5661 -0.8239
vn -0.0281 -0.5663 -0.8237
vn -0.1007 -0.5607 -0.8219
vn -0.1007 -0.5608 -0.8218
vn -0.0317 -0.2734 -0.9614
vn -0.0318 -0.2740 -0.9612
vn -0.0317 -0.2733 -0.9614
vn -0.1132 -0.2704 -0.9561
vn -0.1132 -0.2705 -0.9561
vn -0.2239 -0.5514 -0.8037
vn -0.2239 -0.5515 -0.8036
vn -0.4682 -0.5255 -0.7104
vn -0.2500 -0.2600 -0.9327
vn -0.2500 -0.2599 -0.9327
vn -0.5232 -0.2204 -0.8232
vn -0.5232 -0.2205 -0.8232
vn -0.2097 -0.9416 -0.2633
vn -0.2097 -0.9417 -0.2633
vn -0.3376 -0.8145 -0.4718
vn -0.1014 -0.9633 -0.2485
vn -0.1014 -0.9633 -0.2484
vn -0.1644 -0.8305 -0.5322
vn -0.1644 -0.8304 -0.5323
vn -0.1644 -0.8305 -0.5323
vn -0.3489 -0.9274 -0.1350
vn -0.3499 -0.9356 -0.0469
vn -0.3498 -0.9356 -0.0469
vn -0.5453 -0.7888 -0.2835
vn -0.5454 -0.7888 -0.2835
vn -0.6239 -0.7730 -0.1150
vn -0.6238 -0.7730 -0.1150
vn -0.7663 -0.4562 -0.4524
vn -0.8939 -0.4011 -0.2004
vn -0.8419 -0.1353 -0.5225
vn -0.9684 -0.0755 -0.2376
vn -0.9196 -0.3876 -0.0641
vn -0.9195 -0.3878 -0.0642
vn -0.9222 -0.3867 -0.0084
vn -0.9221 -0.3870 -0.0085
vn -0.9220 -0.3870 -0.0085
vn -0.9953 -0.0564 -0.0784
vn -0.9986 -0.0526 -0.0105
vn -0.9986 -0.0527 -0.0104
vn -0.9986 -0.0521 -0.0106
vn -0.3676 -0.9300 -0.0024
vn -0.3677 -0.9299 -0.0002
vn -0.6498 -0.7601 -0.0048
vn -0.6501 -0.7598 -0.0002
vn -0.6501 -0.7599 -0.0002
vn -0.3612 -0.9324 -0.0152
vn -0.6454 -0.7630 -0.0356
vn -0.3607 -0.9326 0.0117
vn -0.3669 -0.9302 0.0017
vn -0.3610 -0.9325 0.0121
vn -0.6494 -0.7604 0.0045
vn -0.6497 -0.7602 0.0044
vn -0.6453 -0.7632 0.0331
vn -0.9225 -0.3859 0.0084
vn -0.9223 -0.3865 0.0086
vn -0.9225 -0.3860 0.0085
vn -0.9213 -0.3837 0.0637
vn -0.9208 -0.3849 0.0639
vn -0.9211 -0.3841 0.0637
vn -0.9986 -0.0516 0.0106
vn -0.9986 -0.0519 0.0107
vn -0.9986 -0.0515 0.0106
vn -0.9955 -0.0517 0.0795
vn -0.9955 -0.0516 0.0795
vn -0.9955 -0.0518 0.0796
vn -0.8983 -0.3894 0.2036
vn -0.7752 -0.4217 0.4704
vn -0.7752 -0.4216 0.4704
vn -0.9676 -0.0594 0.2452
vn -0.8357 -0.0931 0.5413
vn -0.3485 -0.9291 0.1236
vn -0.5485 -0.7875 0.2810
vn -0.3494 -0.9362 0.0383
vn -0.3495 -0.9361 0.0382
vn -0.3494 -0.9362 0.0382
vn -0.6246 -0.7732 0.1095
vn 0.0103 -0.9737 0.2274
vn 0.0105 -0.9739 0.2269
vn 0.0104 -0.9738 0.2272
vn 0.0427 -0.9719 0.2315
vn 0.0427 -0.9719 0.2316
vn 0.0428 -0.9719 0.2315
vn 0.0202 -0.8354 0.5492
vn 0.0202 -0.8356 0.5489
vn 0.0202 -0.8355 0.5492
vn 0.0745 -0.8314 0.5506
vn 0.0746 -0.8317 0.5503
vn 0.0745 -0.8315 0.5505
vn 0.0295 -0.4947 0.8686
vn 0.0296 -0.4947 0.8685
vn 0.1058 -0.4871 0.8669
vn 0.0324 -0.1756 0.9839
vn 0.0323 -0.1760 0.9839
vn 0.0323 -0.1763 0.9838
vn 0.1149 -0.1721 0.9784
vn 0.1148 -0.1724 0.9783
vn 0.4798 -0.4615 0.7462
vn 0.4799 -0.4615 0.7462
vn 0.5181 -0.1422 0.8434
vn 0.2333 -0.4771 0.8473
vn 0.2334 -0.4769 0.8474
vn 0.2513 -0.1651 0.9537
vn 0.2513 -0.1650 0.9537
vn 0.2104 -0.9445 0.2524
vn 0.3421 -0.8106 0.4753
vn 0.3421 -0.8106 0.4754
vn 0.1027 -0.9660 0.2374
vn 0.1027 -0.9660 0.2373
vn 0.1682 -0.8263 0.5376
vn 0.1682 -0.8262 0.5377
vn 0.1682 -0.8263 0.5375
vn -0.0104 -0.9738 0.2272
vn -0.0104 -0.9738 0.2273
vn -0.0104 -0.9738 0.2271
vn -0.0202 -0.8355 0.5491
vn -0.0427 -0.9719 0.2315
vn -0.0428 -0.9719 0.2313
vn -0.0428 -0.9719 0.2314
vn -0.0745 -0.8315 0.5505
vn -0.0746 -0.8315 0.5504
vn -0.2103 -0.9445 0.2523
vn -0.1027 -0.9660 0.2371
vn -0.1027 -0.9660 0.2372
vn -0.3421 -0.8106 0.4753
vn -0.3420 -0.8106 0.4753
vn -0.1682 -0.8263 0.5376
vn -0.1682 -0.8263 0.5375
vn -0.4798 -0.4615 0.7462
vn -0.4798 -0.4615 0.7461
vn -0.2333 -0.4771 0.8473
vn -0.2334 -0.4768 0.8474
vn -0.5181 -0.1422 0.8434
vn -0.2513 -0.1651 0.9537
vn -0.2514 -0.1649 0.9537
vn -0.2513 -0.1650 0.9537
vn -0.0295 -0.4947 0.8686
vn -0.0296 -0.4949 0.8685
vn -0.0296 -0.4947 0.8685
vn -0.0323 -0.1760 0.9839
vn -0.0324 -0.1756 0.9839
vn -0.0323 -0.1763 0.9838
vn -0.1058 -0.4871 0.8669
vn -0.1058 -0.4872 0.8669
vn -0.1148 -0.1724 0.9783
vn -0.1148 -0.1723 0.9783
vn 0.3491 -0.9273 -0.1351
vn 0.3491 -0.9273 -0.1352
vn 0.5454 -0.7887 -0.2836
vn 0.5454 -0.7888 -0.2835
vn 0.3501 -0.9355 -0.0470
vn 0.3502 -0.9355 -0.0470
vn 0.6239 -0.7730 -0.1150
vn 0.3675 -0.9300 -0.0026
vn 0.3683 -0.9297 -0.0002
vn 0.3679 -0.9299 -0.0024
vn 0.3615 -0.9323 -0.0153
vn 0.3616 -0.9322 -0.0152
vn 0.3615 -0.9322 -0.0153
vn 0.6499 -0.7600 -0.0048
vn 0.6503 -0.7597 -0.0002
vn 0.6497 -0.7601 -0.0048
vn 0.6455 -0.7629 -0.0356
vn 0.6456 -0.7629 -0.0356
vn 0.9193 -0.3882 -0.0642
vn 0.9198 -0.3872 -0.0641
vn 0.9195 -0.3878 -0.0642
vn 0.9953 -0.0564 -0.0784
vn 0.9953 -0.0565 -0.0784
vn 0.9953 -0.0565 -0.0783
vn 0.9220 -0.3870 -0.0085
vn 0.9222 -0.3867 -0.0084
vn 0.9220 -0.3871 -0.0085
vn 0.9986 -0.0526 -0.0105
vn 0.9986 -0.0527 -0.0104
vn 0.9985 -0.0529 -0.0104
vn 0.7663 -0.4562 -0.4524
vn 0.7663 -0.4563 -0.4524
vn 0.8419 -0.1353 -0.5225
vn 0.8939 -0.4010 -0.2004
vn 0.9684 -0.0755 -0.2376
vn 0.9684 -0.0756 -0.2376
vn 0.3613 -0.9324 0.0120
vn 0.3679 -0.9299 -0.0002
vn 0.6495 -0.7603 0.0046
vn 0.6504 -0.7596 -0.0002
vn 0.3613 -0.9324 0.0122
vn 0.3647 -0.9311 0.0071
vn 0.6454 -0.7631 0.0331
vn 0.6455 -0.7631 0.0331
vn 0.3486 -0.9291 0.1237
vn 0.3487 -0.9290 0.1237
vn 0.3498 -0.9360 0.0383
vn 0.3497 -0.9361 0.0383
vn 0.3497 -0.9361 0.0384
vn 0.5487 -0.7874 0.2810
vn 0.5484 -0.7876 0.2810
vn 0.6247 -0.7732 0.1096
vn 0.6247 -0.7731 0.1096
vn 0.8983 -0.3893 0.2036
vn 0.9676 -0.0594 0.2452
vn 0.9677 -0.0594 0.2452
vn 0.7752 -0.4216 0.4704
vn 0.8357 -0.0931 0.5413
vn 0.9226 -0.3857 0.0084
vn 0.9223 -0.3865 0.0086
vn 0.9222 -0.3866 0.0086
vn 0.9986 -0.0516 0.0106
vn 0.9986 -0.0519 0.0107
vn 0.9986 -0.0520 0.0107
vn 0.9211 -0.3841 0.0637
vn 0.9210 -0.3844 0.0638
vn 0.9210 -0.3843 0.0638
vn 0.9955 -0.0518 0.0796
vn 0.9955 -0.0516 0.0795
vn 0.9955 -0.0515 0.0795
vn -0.0000 0.0262 -0.9997
vn 0.0098 0.0267 -0.9996
vn 0.0000 0.0261 -0.9997
vn 0.0000 0.0520 -0.9986
vn 0.0110 0.0517 -0.9986
vn 0.0000 0.0519 -0.9987
vn 0.0018 0.0261 -0.9997
vn 0.0100 0.0268 -0.9996
vn 0.0018 0.0520 -0.9986
vn 0.0115 0.0517 -0.9986
vn 0.0834 0.0405 -0.9957
vn 0.0834 0.0404 -0.9957
vn 0.0315 0.0301 -0.9990
vn 0.0319 0.0305 -0.9990
vn 0.0319 0.0304 -0.9990
vn 0.1071 0.0455 -0.9932
vn 0.1069 0.0454 -0.9932
vn 0.1070 0.0454 -0.9932
vn 0.0392 0.0503 -0.9980
vn 0.0392 0.0502 -0.9980
vn 0.0443 -0.0118 -0.9990
vn 0.0443 -0.0117 -0.9989
vn 0.0442 -0.0118 -0.9990
vn 0.0460 -0.0757 -0.9961
vn 0.0459 -0.0756 -0.9961
vn 0.1186 -0.0098 -0.9929
vn 0.1179 -0.0103 -0.9930
vn 0.1184 -0.0100 -0.9929
vn 0.1218 -0.0639 -0.9905
vn 0.0000 -0.0119 -0.9999
vn 0.0069 -0.0120 -0.9999
vn 0.0129 -0.0808 -0.9966
vn 0.0000 -0.0818 -0.9966
vn 0.0000 -0.0816 -0.9967
vn 0.0071 -0.0119 -0.9999
vn 0.0125 -0.0118 -0.9999
vn 0.0131 -0.0804 -0.9967
vn 0.0021 -0.0821 -0.9966
vn 0.0024 -0.1125 -0.9937
vn 0.0000 -0.1056 -0.9944
vn 0.0000 -0.1093 -0.9940
vn 0.0023 -0.1117 -0.9937
vn 0.0000 -0.1119 -0.9937
vn 0.0152 -0.1101 -0.9938
vn 0.0140 -0.1034 -0.9945
vn 0.0138 -0.1040 -0.9945
vn 0.0161 -0.1091 -0.9939
vn 0.0472 -0.1021 -0.9936
vn 0.0466 -0.0967 -0.9942
vn 0.0469 -0.0972 -0.9942
vn 0.0468 -0.1004 -0.9939
vn 0.0471 -0.1022 -0.9936
vn 0.1137 -0.0862 -0.9898
vn 0.1193 -0.0824 -0.9894
vn 0.1188 -0.0826 -0.9895
vn 0.1059 -0.0826 -0.9909
vn 0.1125 -0.0861 -0.9899
vn 0.0464 -0.1001 -0.9939
vn 0.0465 -0.1001 -0.9939
vn 0.0483 -0.0531 -0.9974
vn 0.0482 -0.0530 -0.9974
vn 0.1052 -0.0822 -0.9911
vn 0.1051 -0.0822 -0.9911
vn 0.0914 -0.0501 -0.9946
vn 0.0917 -0.0503 -0.9945
vn 0.0916 -0.0502 -0.9945
vn 0.0153 -0.1091 -0.9939
vn 0.0000 -0.1107 -0.9939
vn 0.0021 -0.0614 -0.9981
vn 0.0000 -0.0615 -0.9981
vn 0.0000 -0.0610 -0.9981
vn 0.0162 -0.1088 -0.9939
vn 0.0188 -0.0592 -0.9981
vn 0.0188 -0.0593 -0.9981
vn 0.0187 -0.0591 -0.9981
vn 0.0136 -0.1540 -0.9880
vn -0.0000 -0.1551 -0.9879
vn 0.0018 -0.1552 -0.9879
vn 0.0142 -0.1536 -0.9880
vn 0.0141 -0.1537 -0.9880
vn 0.0025 -0.5119 -0.8590
vn -0.0000 -0.5116 -0.8592
vn 0.0025 -0.5117 -0.8591
vn 0.0301 -0.5138 -0.8574
vn 0.0302 -0.5135 -0.8576
vn 0.0302 -0.5137 -0.8575
vn 0.0047 -0.8447 -0.5352
vn -0.0000 -0.8446 -0.5355
vn -0.0000 -0.8446 -0.5354
vn 0.0496 -0.8464 -0.5302
vn 0.0496 -0.8464 -0.5303
vn 0.0058 -0.9774 -0.2112
vn 0.0000 -0.9773 -0.2117
vn 0.0058 -0.9775 -0.2111
vn 0.0583 -0.9762 -0.2090
vn 0.0583 -0.9762 -0.2089
vn 0.1673 -0.8357 -0.5230
vn 0.1673 -0.8357 -0.5231
vn 0.4513 -0.7286 -0.5152
vn 0.4513 -0.7286 -0.5153
vn 0.1912 -0.9608 -0.2009
vn 0.1912 -0.9607 -0.2011
vn 0.1912 -0.9608 -0.2010
vn 0.5062 -0.8455 -0.1698
vn 0.1433 -0.1698 -0.9750
vn 0.2980 -0.4370 -0.8487
vn 0.2980 -0.4371 -0.8486
vn 0.0476 -0.1529 -0.9871
vn 0.0475 -0.1532 -0.9870
vn 0.0476 -0.1530 -0.9871
vn 0.1068 -0.5065 -0.8556
vn 0.1067 -0.5064 -0.8557
vn 0.2771 -0.0346 -0.9602
vn 0.2584 0.0200 -0.9658
vn 0.2581 0.0199 -0.9659
vn 0.2583 0.0200 -0.9659
vn 0.4946 -0.1975 -0.8464
vn 0.5175 -0.0484 -0.8543
vn 0.5176 -0.0484 -0.8542
vn 0.7709 -0.4110 -0.4866
vn 0.7709 -0.4109 -0.4867
vn 0.8653 -0.1638 -0.4737
vn 0.8650 -0.1638 -0.4742
vn 0.8650 -0.1638 -0.4743
vn 0.8592 -0.5005 -0.1064
vn 0.8591 -0.5005 -0.1064
vn 0.9724 -0.2216 -0.0735
vn 0.8742 -0.0132 -0.4853
vn 0.8743 -0.0132 -0.4853
vn 0.8634 0.0821 -0.4978
vn 0.8634 0.0821 -0.4979
vn 0.9970 -0.0178 -0.0750
vn 0.9970 -0.0179 -0.0755
vn 0.9970 -0.0179 -0.0756
vn 0.9870 0.1336 -0.0896
vn 0.9870 0.1336 -0.0895
vn 0.2661 -0.0406 -0.9631
vn 0.2669 -0.0409 -0.9629
vn 0.2666 -0.0408 -0.9630
vn 0.5052 -0.0004 -0.8630
vn 0.5138 -0.0017 -0.8579
vn 0.5118 0.0023 -0.8591
vn 0.2630 -0.0062 -0.9648
vn 0.2629 -0.0063 -0.9648
vn 0.5158 -0.0059 -0.8567
vn 0.5121 0.0025 -0.8589
vn 0.2487 -0.0540 -0.9671
vn 0.2607 -0.0550 -0.9638
vn 0.2599 -0.0550 -0.9641
vn 0.2479 -0.0538 -0.9673
vn 0.5049 -0.0005 -0.8632
vn 0.4920 0.0152 -0.8705
vn 0.8563 0.1051 -0.5056
vn 0.8564 0.1052 -0.5055
vn 0.8452 0.1477 -0.5137
vn 0.8452 0.1477 -0.5136
vn 0.9797 0.1755 -0.0970
vn 0.9797 0.1755 -0.0969
vn 0.9672 0.2313 -0.1055
vn 0.9672 0.2313 -0.1046
vn 0.9671 0.2313 -0.1056
vn 0.8107 0.2667 -0.5211
vn 0.8108 0.2668 -0.5211
vn 0.8107 0.2667 -0.5212
vn 0.6771 0.5106 -0.5299
vn 0.6770 0.5106 -0.5300
vn 0.6773 0.5108 -0.5295
vn 0.9209 0.3708 -0.1204
vn 0.9209 0.3708 -0.1206
vn 0.9209 0.3708 -0.1205
vn 0.7557 0.6379 -0.1481
vn 0.7557 0.6379 -0.1484
vn 0.2396 0.0427 -0.9699
vn 0.4180 0.2253 -0.8800
vn 0.4180 0.2253 -0.8801
vn 0.4181 0.2253 -0.8800
vn 0.2361 -0.0335 -0.9711
vn 0.2362 -0.0335 -0.9711
vn 0.4718 0.0744 -0.8786
vn 0.4719 0.0744 -0.8785
vn 0.0074 0.1115 -0.9937
vn 0.0075 0.1114 -0.9937
vn 0.0076 0.1113 -0.9938
vn 0.0234 0.4547 -0.8903
vn 0.0235 0.4546 -0.8904
vn 0.0386 0.1159 -0.9925
vn 0.0388 0.1157 -0.9925
vn 0.0388 0.1156 -0.9925
vn 0.0877 0.4562 -0.8855
vn 0.0878 0.4559 -0.8857
vn 0.0879 0.4557 -0.8858
vn 0.1466 0.1419 -0.9790
vn 0.0801 0.1224 -0.9892
vn 0.0800 0.1226 -0.9892
vn 0.0800 0.1227 -0.9892
vn 0.2717 0.3927 -0.8786
vn 0.2717 0.3928 -0.8786
vn 0.2716 0.3927 -0.8786
vn 0.1571 0.4432 -0.8825
vn 0.4215 0.7398 -0.5244
vn 0.2435 0.8198 -0.5183
vn 0.2434 0.8197 -0.5184
vn 0.4614 0.8708 -0.1695
vn 0.4614 0.8708 -0.1700
vn 0.4614 0.8708 -0.1699
vn 0.2663 0.9475 -0.1771
vn 0.2663 0.9475 -0.1769
vn 0.2662 0.9475 -0.1774
vn 0.0434 0.8457 -0.5320
vn 0.0434 0.8456 -0.5320
vn 0.0501 0.9811 -0.1867
vn 0.0504 0.9810 -0.1874
vn 0.1444 0.8398 -0.5234
vn 0.1444 0.8398 -0.5233
vn 0.1613 0.9699 -0.1822
vn 0.1614 0.9699 -0.1825
vn 0.1614 0.9698 -0.1826
vn -0.0097 0.0269 -0.9996
vn -0.0100 0.0267 -0.9996
vn -0.0018 0.0263 -0.9997
vn -0.0110 0.0519 -0.9986
vn -0.0114 0.0517 -0.9986
vn -0.0019 0.0522 -0.9986
vn -0.0837 0.0403 -0.9957
vn -0.0836 0.0402 -0.9957
vn -0.0836 0.0403 -0.9957
vn -0.1076 0.0452 -0.9932
vn -0.1075 0.0452 -0.9932
vn -0.1074 0.0452 -0.9932
vn -0.0318 0.0302 -0.9990
vn -0.0319 0.0303 -0.9990
vn -0.0393 0.0502 -0.9980
vn -0.0392 0.0501 -0.9980
vn -0.0444 -0.0118 -0.9989
vn -0.1190 -0.0101 -0.9928
vn -0.1192 -0.0099 -0.9928
vn -0.0461 -0.0757 -0.9961
vn -0.0460 -0.0756 -0.9961
vn -0.0459 -0.0755 -0.9961
vn -0.1225 -0.0638 -0.9904
vn -0.1226 -0.0638 -0.9904
vn -0.0123 -0.0127 -0.9998
vn -0.0125 -0.0119 -0.9999
vn -0.0071 -0.0119 -0.9999
vn -0.0129 -0.0808 -0.9966
vn -0.0020 -0.0821 -0.9966
vn -0.0131 -0.0804 -0.9967
vn -0.0130 -0.0804 -0.9967
vn -0.0137 -0.1035 -0.9945
vn -0.0024 -0.1055 -0.9944
vn -0.0143 -0.1036 -0.9945
vn -0.0142 -0.1036 -0.9945
vn -0.0024 -0.1112 -0.9938
vn -0.0022 -0.1127 -0.9936
vn -0.0161 -0.1091 -0.9939
vn -0.0153 -0.1104 -0.9938
vn -0.0152 -0.1103 -0.9938
vn -0.0472 -0.1020 -0.9937
vn -0.0467 -0.0966 -0.9942
vn -0.0465 -0.0966 -0.9942
vn -0.1142 -0.0859 -0.9897
vn -0.1200 -0.0822 -0.9894
vn -0.0468 -0.1004 -0.9938
vn -0.0469 -0.0971 -0.9942
vn -0.1064 -0.0823 -0.9909
vn -0.1195 -0.0824 -0.9894
vn -0.0465 -0.1000 -0.9939
vn -0.0472 -0.1023 -0.9936
vn -0.1056 -0.0819 -0.9910
vn -0.1131 -0.0859 -0.9899
vn -0.0484 -0.0529 -0.9974
vn -0.0483 -0.0528 -0.9974
vn -0.0919 -0.0500 -0.9945
vn -0.0919 -0.0499 -0.9945
vn -0.0021 -0.1109 -0.9938
vn -0.0162 -0.1088 -0.9939
vn -0.0162 -0.1097 -0.9938
vn -0.0021 -0.0614 -0.9981
vn -0.0026 -0.0618 -0.9981
vn -0.0188 -0.0592 -0.9981
vn -0.0192 -0.0595 -0.9980
vn -0.0136 -0.1538 -0.9880
vn 0.0000 -0.1552 -0.9879
vn -0.0025 -0.5119 -0.8590
vn -0.0141 -0.1538 -0.9880
vn -0.0018 -0.1549 -0.9879
vn -0.0302 -0.5136 -0.8575
vn -0.0302 -0.5137 -0.8574
vn -0.0302 -0.5137 -0.8575
vn -0.0047 -0.8446 -0.5353
vn -0.0059 -0.9773 -0.2117
vn -0.0000 -0.9773 -0.2119
vn -0.0496 -0.8464 -0.5302
vn -0.0583 -0.9762 -0.2091
vn -0.0583 -0.9762 -0.2090
vn -0.1673 -0.8357 -0.5231
vn -0.1673 -0.8357 -0.5230
vn -0.1912 -0.9608 -0.2010
vn -0.4513 -0.7286 -0.5153
vn -0.4513 -0.7286 -0.5152
vn -0.5062 -0.8455 -0.1698
vn -0.1434 -0.1700 -0.9750
vn -0.1434 -0.1700 -0.9749
vn -0.0473 -0.1538 -0.9870
vn -0.0477 -0.1529 -0.9871
vn -0.0476 -0.1532 -0.9871
vn -0.2980 -0.4371 -0.8486
vn -0.1069 -0.5067 -0.8555
vn -0.1067 -0.5065 -0.8556
vn -0.1068 -0.5067 -0.8555
vn -0.2775 -0.0349 -0.9601
vn -0.4948 -0.1976 -0.8463
vn -0.4947 -0.1976 -0.8463
vn -0.2591 0.0197 -0.9656
vn -0.2592 0.0198 -0.9656
vn -0.2590 0.0197 -0.9657
vn -0.5178 -0.0485 -0.8541
vn -0.7709 -0.4109 -0.4867
vn -0.7709 -0.4109 -0.4866
vn -0.8591 -0.5005 -0.1065
vn -0.8652 -0.1638 -0.4739
vn -0.8653 -0.1638 -0.4737
vn -0.9724 -0.2216 -0.0736
vn -0.8742 -0.0132 -0.4853
vn -0.8742 -0.0132 -0.4854
vn -0.9970 -0.0179 -0.0755
vn -0.9970 -0.0178 -0.0749
vn -0.9970 -0.0179 -0.0753
vn -0.8633 0.0821 -0.4979
vn -0.8634 0.0821 -0.4978
vn -0.9870 0.1336 -0.0896
vn -0.2679 -0.0407 -0.9626
vn -0.2671 -0.0405 -0.9628
vn -0.2672 -0.0405 -0.9628
vn -0.2638 -0.0063 -0.9645
vn -0.2639 -0.0063 -0.9645
vn -0.5141 -0.0017 -0.8577
vn -0.5057 -0.0006 -0.8627
vn -0.5122 0.0021 -0.8588
vn -0.5161 -0.0059 -0.8565
vn -0.5159 -0.0060 -0.8566
vn -0.2496 -0.0537 -0.9669
vn -0.2616 -0.0548 -0.9636
vn -0.5052 -0.0004 -0.8630
vn -0.2488 -0.0535 -0.9671
vn -0.2608 -0.0548 -0.9638
vn -0.4923 0.0153 -0.8703
vn -0.8564 0.1052 -0.5055
vn -0.8564 0.1051 -0.5056
vn -0.9797 0.1755 -0.0970
vn -0.9797 0.1755 -0.0967
vn -0.9797 0.1755 -0.0968
vn -0.8451 0.1477 -0.5137
vn -0.8452 0.1477 -0.5136
vn -0.8452 0.1477 -0.5137
vn -0.9672 0.2313 -0.1055
vn -0.9672 0.2313 -0.1046
vn -0.9673 0.2313 -0.1046
vn -0.8105 0.2667 -0.5215
vn -0.8108 0.2668 -0.5211
vn -0.8106 0.2667 -0.5213
vn -0.9209 0.3708 -0.1203
vn -0.9208 0.3708 -0.1208
vn -0.9209 0.3708 -0.1206
vn -0.6773 0.5107 -0.5296
vn -0.6770 0.5106 -0.5300
vn -0.6770 0.5106 -0.5301
vn -0.7557 0.6379 -0.1485
vn -0.7557 0.6379 -0.1481
vn -0.7557 0.6379 -0.1482
vn -0.2400 0.0431 -0.9698
vn -0.2368 -0.0331 -0.9710
vn -0.2367 -0.0331 -0.9710
vn -0.4181 0.2254 -0.8800
vn -0.4720 0.0745 -0.8784
vn -0.0074 0.1115 -0.9937
vn -0.0075 0.1114 -0.9937
vn -0.0076 0.1113 -0.9938
vn -0.0386 0.1160 -0.9925
vn -0.0388 0.1158 -0.9925
vn -0.0384 0.1163 -0.9925
vn -0.0232 0.4552 -0.8901
vn -0.0236 0.4544 -0.8905
vn -0.0234 0.4547 -0.8903
vn -0.0877 0.4563 -0.8855
vn -0.0878 0.4561 -0.8856
vn -0.0878 0.4559 -0.8857
vn -0.1468 0.1422 -0.9789
vn -0.2716 0.3927 -0.8787
vn -0.2719 0.3930 -0.8784
vn -0.2718 0.3929 -0.8785
vn -0.0801 0.1228 -0.9892
vn -0.0801 0.1226 -0.9892
vn -0.0800 0.1229 -0.9892
vn -0.1571 0.4433 -0.8825
vn -0.4215 0.7398 -0.5244
vn -0.4215 0.7397 -0.5246
vn -0.4215 0.7398 -0.5245
vn -0.4614 0.8708 -0.1697
vn -0.4614 0.8708 -0.1700
vn -0.4613 0.8708 -0.1701
vn -0.2435 0.8198 -0.5183
vn -0.2434 0.8198 -0.5184
vn -0.2663 0.9475 -0.1771
vn -0.2662 0.9475 -0.1772
vn -0.2662 0.9474 -0.1775
vn -0.0434 0.8456 -0.5320
vn -0.1444 0.8398 -0.5234
vn -0.1444 0.8398 -0.5233
vn -0.0501 0.9811 -0.1867
vn -0.0505 0.9810 -0.1876
vn -0.0503 0.9810 -0.1872
vn -0.1613 0.9699 -0.1822
vn -0.1614 0.9699 -0.1825
vn -0.1614 0.9699 -0.1824
vn -0.0015 -1.0000 0.0061
vn -0.0001 -1.0000 -0.0021
vn 0.0001 -1.0000 -0.0062
vn -0.0029 -1.0000 0.0054
vn -0.0012 -1.0000 -0.0041
vn -0.0010 -0.9999 0.0111
vn -0.0001 -1.0000 0.0066
vn -0.0033 -0.9999 0.0102
vn -0.0007 -0.9994 0.0354
vn -0.0030 -0.9994 0.0333
vn -0.0000 -0.9994 0.0341
vn 0.0057 -0.9996 0.0294
vn -0.0015 -0.9995 0.0315
vn -0.0030 -0.9996 0.0274
vn 0.0003 -0.9994 0.0352
vn -0.0059 -0.9994 0.0336
vn 0.0000 -0.9994 0.0346
vn 0.0073 -0.9995 0.0322
vn 0.0034 -0.9994 0.0333
vn 0.0072 -0.9995 0.0323
vn -0.0072 -0.9995 0.0323
vn -0.0000 -1.0000 -0.0062
vn 0.0028 -1.0000 0.0054
vn 0.0012 -1.0000 -0.0040
vn 0.0001 -1.0000 -0.0021
vn 0.0013 -1.0000 0.0062
vn 0.0034 -0.9999 0.0102
vn 0.0015 -0.9999 0.0109
vn 0.0001 -1.0000 0.0066
vn 0.0015 -0.9995 0.0316
vn -0.0057 -0.9996 0.0294
vn 0.0008 -0.9994 0.0354
vn 0.0029 -0.9996 0.0274
vn -0.0002 -0.9994 0.0352
vn 0.1077 0.0000 -0.9942
vn 0.7159 0.0000 -0.6982
vn -0.7159 0.0000 -0.6982
vn -0.1077 0.0000 -0.9942
vn -0.5296 -0.0654 0.8457
vn -0.5296 -0.0647 0.8458
vn -0.5295 -0.0649 0.8458
vn -0.5298 -0.0652 0.8456
vn -0.5298 -0.0651 0.8457
vn -0.0657 -0.0765 0.9949
vn -0.0657 -0.0761 0.9949
vn -0.0658 -0.0760 0.9949
vn -0.0657 -0.0762 0.9949
vn -0.5299 -0.0628 0.8457
vn -0.5298 -0.0609 0.8459
vn -0.5298 -0.0611 0.8459
vn -0.0658 -0.0734 0.9951
vn -0.0658 -0.0725 0.9952
vn -0.0658 -0.0715 0.9953
vn -0.5299 -0.0648 0.8456
vn -0.5299 -0.0627 0.8458
vn -0.0658 -0.0762 0.9949
vn -0.0657 -0.0740 0.9951
vn 0.0000 -0.0767 0.9971
vn 0.0000 -0.0763 0.9971
vn 0.0000 -0.0736 0.9973
vn 0.0000 -0.0716 0.9974
vn 0.0657 -0.0765 0.9949
vn 0.0657 -0.0761 0.9949
vn 0.0657 -0.0762 0.9949
vn 0.0658 -0.0762 0.9949
vn 0.5297 -0.0654 0.8457
vn 0.5297 -0.0647 0.8457
vn 0.5298 -0.0651 0.8456
vn 0.5299 -0.0652 0.8456
vn 0.5300 -0.0648 0.8455
vn 0.0658 -0.0725 0.9952
vn 0.0658 -0.0734 0.9951
vn 0.0658 -0.0715 0.9953
vn 0.5299 -0.0609 0.8459
vn 0.5299 -0.0628 0.8457
vn 0.5299 -0.0611 0.8459
vn 0.0657 -0.0740 0.9951
vn 0.5299 -0.0627 0.8457
vn -0.9998 0.0000 -0.0175
vn -0.9866 0.0000 -0.1631
vn 0.9998 0.0000 -0.0175
vn 0.9866 0.0000 -0.1631
vn 0.9877 -0.1563 -0.0080
vn 0.9877 -0.1563 -0.0081
vn 0.4727 -0.8809 -0.0242
vn 0.9877 -0.1560 0.0082
vn 0.9877 -0.1560 0.0083
vn 0.9877 -0.1561 0.0082
vn 0.4977 -0.8667 0.0329
vn -0.9843 -0.1765 -0.0078
vn -0.9843 -0.1764 -0.0079
vn -0.9843 -0.1765 -0.0079
vn -0.9843 -0.1761 0.0081
vn -0.9843 -0.1763 0.0079
vn -0.9843 -0.1762 0.0081
vn -0.4423 -0.8966 -0.0219
vn -0.4656 -0.8845 0.0303
vn 0.9997 -0.0262 -0.0000
vn 0.9998 -0.0222 -0.0000
vn 0.9995 -0.0301 -0.0000
vn -1.0000 0.0097 0.0000
vn -0.9996 -0.0292 -0.0000
vn 0.9564 -0.2920 -0.0000
vn 0.9965 -0.0834 -0.0000
vn -0.9666 0.2561 0.0000
vn -0.9978 0.0660 0.0000
vn 0.7273 -0.6863 -0.0000
vn 0.8531 -0.5217 -0.0000
vn -0.7618 0.6478 0.0000
vn -0.8812 0.4727 0.0000
vn 0.4790 -0.8778 -0.0000
vn 0.5757 -0.8177 -0.0000
vn -0.4592 0.8883 0.0000
vn -0.5805 0.8143 0.0000
vn -0.0001 -1.0000 -0.0062
vn -0.0001 -0.9988 -0.0497
vn -0.0006 -0.9988 -0.0497
vn -0.0002 -0.9988 -0.0496
vn -0.0003 -1.0000 -0.0064
vn -0.0002 -0.9987 -0.0500
vn -0.0010 -0.9987 -0.0511
vn 0.0008 -0.9920 -0.1263
vn 0.0034 -0.9926 -0.1214
vn -0.0006 -0.9920 -0.1259
vn 0.0000 -0.9920 -0.1263
vn 0.0002 -0.9923 -0.1240
vn 0.0001 -0.9947 -0.1031
vn 0.0073 -0.9947 -0.1029
vn 0.0004 -0.9947 -0.1032
vn 0.0000 -0.9947 -0.1032
vn -0.0012 -1.0000 -0.0076
vn 0.0000 -1.0000 -0.0083
vn -0.0007 -0.9987 -0.0514
vn 0.0000 -0.9987 -0.0519
vn 0.0012 -1.0000 -0.0076
vn 0.0000 -1.0000 -0.0082
vn 0.0007 -0.9987 -0.0514
vn 0.0000 -0.9986 -0.0520
vn 0.0000 -0.9923 -0.1240
vn -0.0002 -0.9923 -0.1240
vn 0.0003 -1.0000 -0.0064
vn 0.0002 -0.9987 -0.0500
vn 0.0010 -0.9987 -0.0511
vn 0.0001 -0.9988 -0.0497
vn 0.0006 -0.9988 -0.0497
vn 0.0006 -0.9920 -0.1259
vn -0.0034 -0.9926 -0.1215
vn -0.0003 -0.9920 -0.1260
vn -0.0004 -0.9947 -0.1032
vn -0.0073 -0.9947 -0.1029
vn -0.0001 -0.9947 -0.1031
vn -0.9636 -0.0196 0.2666
vn -0.9636 -0.0205 0.2664
vn -0.9636 -0.0204 0.2664
vn -0.9995 -0.0021 0.0322
vn -0.9995 -0.0024 0.0322
vn -0.9995 -0.0026 0.0322
vn -0.9636 -0.0190 0.2667
vn -0.9636 -0.0198 0.2666
vn -0.9995 -0.0020 0.0323
vn -0.9636 -0.0206 0.2664
vn -0.9637 -0.0204 0.2664
vn -0.9637 -0.0205 0.2664
vn -0.9995 -0.0024 0.0321
vn -0.9995 -0.0023 0.0320
vn -0.9995 -0.0022 0.0320
vn 0.9636 -0.0196 0.2666
vn 0.9636 -0.0205 0.2664
vn 0.9636 -0.0197 0.2666
vn 0.9636 -0.0190 0.2667
vn 0.9636 -0.0192 0.2667
vn 0.9995 -0.0021 0.0322
vn 0.9995 -0.0024 0.0322
vn 0.9995 -0.0023 0.0322
vn 0.9995 -0.0020 0.0323
vn 0.9995 -0.0023 0.0323
vn 0.9636 -0.0204 0.2664
vn 0.9636 -0.0206 0.2664
vn 0.9995 -0.0025 0.0322
vn 0.9995 -0.0024 0.0321
vn 0.9637 -0.0205 0.2664
vn 0.9637 -0.0204 0.2664
vn 0.9995 -0.0022 0.0320
vn 0.9995 -0.0023 0.0320
vn 0.0147 -0.9998 0.0113
vn 0.0147 -0.9999 0.0066
vn 0.5844 -0.8114 0.0092
vn 0.5834 -0.8121 0.0053
vn 0.5842 -0.8115 0.0092
vn 0.0147 -0.9999 -0.0022
vn 0.5835 -0.8121 -0.0017
vn 0.0174 -0.9994 0.0296
vn 0.0201 -0.9992 0.0331
vn 0.7151 -0.6932 -0.0896
vn 0.7151 -0.6933 -0.0896
vn 0.0147 -0.9996 0.0260
vn 0.0201 -0.9993 0.0327
vn 0.6007 -0.7994 0.0109
vn 0.6006 -0.7994 0.0109
vn 0.6006 -0.7995 0.0109
vn 0.0051 -0.9996 0.0294
vn 0.0003 -0.9995 0.0318
vn 0.0302 -0.9666 -0.2547
vn 0.0303 -0.9665 -0.2547
vn 0.0060 -0.9996 0.0290
vn 0.3582 -0.8740 -0.3284
vn 0.0240 -0.9976 0.0645
vn -0.0239 -0.9976 0.0649
vn -0.0041 -0.9975 0.0710
vn 0.0043 -0.9974 0.0713
vn -0.0043 -0.9974 0.0721
vn 0.0000 -0.9995 0.0318
vn -0.0003 -0.9995 0.0318
vn 0.0000 -0.9699 -0.2436
vn -0.0147 -0.9999 0.0066
vn -0.0147 -0.9998 0.0113
vn -0.0147 -0.9999 -0.0022
vn -0.5835 -0.8121 0.0053
vn -0.5844 -0.8114 0.0092
vn -0.5835 -0.8121 -0.0017
vn -0.5834 -0.8121 0.0053
vn -0.0174 -0.9994 0.0296
vn -0.0201 -0.9993 0.0331
vn -0.0201 -0.9993 0.0327
vn -0.0147 -0.9996 0.0260
vn -0.7139 -0.6945 -0.0894
vn -0.7140 -0.6944 -0.0894
vn -0.6001 -0.7998 0.0109
vn -0.6002 -0.7998 0.0109
vn -0.0060 -0.9996 0.0289
vn -0.3582 -0.8739 -0.3285
vn -0.3582 -0.8740 -0.3284
vn -0.0052 -0.9996 0.0293
vn -0.0302 -0.9666 -0.2547
vn -0.0302 -0.9665 -0.2547
vn 0.9896 -0.1309 0.0602
vn 0.6862 -0.6710 0.2811
vn 0.6850 -0.6717 0.2821
vn 0.5278 -0.0537 0.8477
vn 0.4029 -0.0932 0.9105
vn 0.4030 -0.0933 0.9104
vn 0.4028 -0.0932 0.9105
vn 0.9893 -0.1321 -0.0621
vn 0.5174 -0.0544 -0.8540
vn 0.4220 -0.8582 -0.2924
vn 0.4220 -0.8581 -0.2924
vn 0.2706 -0.1994 -0.9418
vn -0.3930 -0.8765 -0.2780
vn -0.3930 -0.8765 -0.2781
vn -0.2640 -0.2342 -0.9357
vn -0.9864 -0.1524 -0.0623
vn -0.5162 -0.0649 -0.8540
vn -0.5163 -0.0649 -0.8540
vn -0.6359 -0.7252 0.2640
vn -0.6360 -0.7252 0.2640
vn -0.9867 -0.1511 0.0604
vn -0.3946 -0.1464 0.9071
vn -0.5268 -0.0644 0.8476
vn -0.5267 -0.0644 0.8476
vn 0.9994 -0.0257 0.0226
vn 0.9995 -0.0221 0.0208
vn 0.9995 -0.0221 0.0211
vn 0.9993 -0.0295 0.0244
vn 0.9993 -0.0295 0.0245
vn 0.6939 -0.0146 0.7199
vn 0.6408 -0.0158 0.7675
vn 0.6408 -0.0158 0.7676
vn 0.9995 -0.0221 -0.0208
vn 0.9994 -0.0257 -0.0226
vn 0.9995 -0.0222 -0.0206
vn 0.6939 -0.0146 -0.7199
vn 0.6939 -0.0145 -0.7199
vn 0.9993 -0.0295 -0.0244
vn 0.6408 -0.0158 -0.7676
vn -0.9997 0.0097 -0.0215
vn -0.9997 0.0098 -0.0211
vn -0.9997 0.0098 -0.0212
vn -0.9993 -0.0286 -0.0244
vn -0.9993 -0.0286 -0.0242
vn -0.9993 -0.0286 -0.0243
vn -0.6939 0.0076 -0.7200
vn -0.6940 0.0076 -0.7200
vn -0.6406 -0.0152 -0.7677
vn -0.9997 0.0098 0.0212
vn -0.9997 0.0099 0.0207
vn -0.9997 0.0100 0.0206
vn -0.6939 0.0076 0.7200
vn -0.6940 0.0074 0.7200
vn -0.9993 -0.0286 0.0243
vn -0.9993 -0.0286 0.0241
vn -0.6407 -0.0152 0.7676
vn -0.6408 -0.0152 0.7676
vn 0.9564 -0.2915 0.0198
vn 0.9563 -0.2916 0.0196
vn 0.9563 -0.2919 0.0192
vn 0.9963 -0.0832 0.0201
vn 0.9963 -0.0833 0.0199
vn 0.9963 -0.0834 0.0197
vn 0.6887 -0.2080 0.6946
vn 0.6887 -0.2080 0.6945
vn 0.7088 -0.0582 0.7030
vn 0.7087 -0.0582 0.7031
vn 0.9563 -0.2916 -0.0196
vn 0.9564 -0.2915 -0.0198
vn 0.9563 -0.2919 -0.0192
vn 0.6887 -0.2080 -0.6945
vn 0.6887 -0.2080 -0.6946
vn 0.9963 -0.0833 -0.0199
vn 0.9963 -0.0831 -0.0204
vn 0.9963 -0.0832 -0.0200
vn 0.7087 -0.0582 -0.7031
vn 0.7088 -0.0582 -0.7030
vn -0.9663 0.2565 -0.0197
vn -0.9663 0.2565 -0.0196
vn -0.9976 0.0661 -0.0204
vn -0.9976 0.0663 -0.0199
vn -0.9976 0.0660 -0.0206
vn -0.6961 0.1875 -0.6930
vn -0.7100 0.0482 -0.7025
vn -0.7101 0.0482 -0.7025
vn -0.9663 0.2565 0.0197
vn -0.9663 0.2565 0.0196
vn -0.9663 0.2566 0.0196
vn -0.6962 0.1875 0.6930
vn -0.6961 0.1875 0.6930
vn -0.9976 0.0661 0.0204
vn -0.9976 0.0663 0.0199
vn -0.9976 0.0663 0.0200
vn -0.7100 0.0482 0.7025
vn -0.7101 0.0482 0.7025
vn 0.7275 -0.6858 0.0190
vn 0.7275 -0.6859 0.0189
vn 0.7274 -0.6859 0.0188
vn 0.8532 -0.5212 0.0194
vn 0.8532 -0.5212 0.0193
vn 0.8531 -0.5213 0.0192
vn 0.5351 -0.5009 0.6803
vn 0.6209 -0.3761 0.6878
vn 0.7275 -0.6859 -0.0189
vn 0.7275 -0.6858 -0.0190
vn 0.7274 -0.6859 -0.0188
vn 0.5351 -0.5009 -0.6803
vn 0.8532 -0.5212 -0.0193
vn 0.8532 -0.5212 -0.0194
vn 0.8530 -0.5216 -0.0189
vn 0.6209 -0.3761 -0.6878
vn -0.7612 0.6482 -0.0188
vn -0.7613 0.6481 -0.0189
vn -0.8807 0.4733 -0.0192
vn -0.8807 0.4732 -0.0193
vn -0.5576 0.4799 -0.6773
vn -0.5576 0.4799 -0.6774
vn -0.6395 0.3485 -0.6853
vn -0.7612 0.6483 0.0188
vn -0.7613 0.6481 0.0189
vn -0.7613 0.6482 0.0189
vn -0.5576 0.4799 0.6773
vn -0.5576 0.4799 0.6774
vn -0.8807 0.4733 0.0192
vn -0.8807 0.4732 0.0193
vn -0.6395 0.3485 0.6853
vn 0.4788 -0.8777 0.0198
vn 0.4789 -0.8776 0.0200
vn 0.5756 -0.8175 0.0191
vn 0.3421 -0.6294 0.6977
vn 0.3421 -0.6294 0.6978
vn 0.4199 -0.5959 0.6845
vn 0.4200 -0.5960 0.6844
vn 0.4788 -0.8777 -0.0198
vn 0.4789 -0.8776 -0.0200
vn 0.3421 -0.6293 -0.6978
vn 0.3421 -0.6294 -0.6977
vn 0.5756 -0.8175 -0.0191
vn 0.4199 -0.5958 -0.6846
vn 0.4199 -0.5959 -0.6845
vn -0.4594 0.8880 -0.0200
vn -0.4593 0.8880 -0.0199
vn -0.5803 0.8142 -0.0192
vn -0.5804 0.8141 -0.0193
vn -0.3298 0.6339 -0.6996
vn -0.4229 0.5943 -0.6841
vn -0.4229 0.5943 -0.6840
vn -0.4594 0.8880 0.0200
vn -0.4593 0.8880 0.0199
vn -0.4596 0.8879 0.0202
vn -0.3298 0.6339 0.6996
vn -0.5803 0.8142 0.0192
vn -0.5802 0.8143 0.0191
vn -0.4229 0.5943 0.6841
vn -0.4229 0.5943 0.6840
vn -0.4230 0.5944 0.6840
vn 0.0147 -0.9987 -0.0496
vn 0.0147 -0.9999 -0.0062
vn 0.5836 -0.8110 -0.0403
vn 0.5840 -0.8107 -0.0403
vn 0.5835 -0.8121 -0.0018
vn 0.5835 -0.8121 -0.0050
vn 0.0192 -0.9923 -0.1223
vn 0.0143 -0.9946 -0.1027
vn 0.0074 -0.9947 -0.1027
vn 0.7087 -0.6980 0.1025
vn 0.7087 -0.6980 0.1026
vn 0.6005 -0.7971 -0.0642
vn 0.6005 -0.7971 -0.0640
vn 0.0054 -0.9931 -0.1173
vn 0.0061 -0.9931 -0.1171
vn 0.0287 -0.9426 0.3326
vn 0.3292 -0.8365 0.4381
vn 0.0004 1.0000 -0.0012
vn 0.0001 1.0000 -0.0045
vn 0.0017 1.0000 -0.0048
vn 0.0001 1.0000 0.0004
vn -0.0016 1.0000 -0.0044
vn -0.0004 1.0000 -0.0012
vn 0.0000 -0.9926 -0.1218
vn 0.0003 -0.9926 -0.1218
vn 0.0000 -0.9484 0.3171
vn -0.0147 -0.9987 -0.0496
vn -0.5841 -0.8107 -0.0403
vn -0.5836 -0.8111 -0.0403
vn -0.0147 -0.9999 -0.0062
vn -0.5835 -0.8121 -0.0018
vn -0.5835 -0.8121 -0.0050
vn -0.0192 -0.9923 -0.1223
vn -0.7076 -0.6992 0.1021
vn -0.7077 -0.6991 0.1021
vn -0.0141 -0.9946 -0.1027
vn -0.0138 -0.9946 -0.1028
vn -0.6000 -0.7974 -0.0640
vn -0.0061 -0.9931 -0.1171
vn -0.0054 -0.9931 -0.1173
vn -0.3292 -0.8365 0.4381
vn -0.0289 -0.9426 0.3327
vn -0.0287 -0.9426 0.3327
vn -0.0014 -1.0000 0.0048
vn -0.0001 -1.0000 -0.0061
vn -0.0003 -1.0000 0.0011
vn -0.0030 -1.0000 0.0085
vn 0.0029 -1.0000 0.0041
vn 0.0128 -0.9999 0.0065
vn 0.0135 -0.9999 0.0058
vn -0.0018 -0.9993 0.0377
vn 0.0016 -0.9993 0.0371
vn 0.0008 -0.9993 0.0374
vn 0.0128 -0.9994 0.0324
vn -0.0035 -0.9995 0.0298
vn -0.0008 -0.9993 0.0364
vn -0.0033 -0.9996 0.0294
vn -0.0011 -0.9993 0.0361
vn 0.0017 -0.9993 0.0380
vn 0.0000 -0.9993 0.0377
vn -0.0009 -0.9993 0.0374
vn -0.0123 -0.9994 0.0324
vn -0.0127 -0.9999 0.0065
vn 0.0001 -1.0000 -0.0061
vn -0.0013 -1.0000 -0.0001
vn -0.0134 -0.9999 0.0058
vn -0.0133 -0.9999 0.0058
vn 0.0014 -1.0000 0.0048
vn 0.0015 -1.0000 0.0049
vn 0.0028 -1.0000 0.0084
vn 0.0029 -1.0000 0.0084
vn -0.0025 -0.9994 0.0338
vn 0.0008 -0.9993 0.0364
vn 0.0011 -0.9993 0.0361
vn 0.0033 -0.9996 0.0294
vn 0.0032 -0.9996 0.0294
vn 0.0002 -0.9993 0.0367
vn -0.0127 -0.9994 0.0324
vn -0.1065 0.0055 -0.9943
vn -0.1065 0.0054 -0.9943
vn -0.3863 0.7563 -0.5281
vn -0.7007 0.0921 -0.7075
vn -0.0858 0.1307 -0.9877
vn -0.1053 0.0110 -0.9944
vn 0.1065 0.0054 -0.9943
vn 0.0858 0.1307 -0.9877
vn 0.1065 0.0055 -0.9943
vn 0.1053 0.0110 -0.9944
vn 0.1053 0.0109 -0.9944
vn 0.3862 0.7563 -0.5280
vn 0.7007 0.0921 -0.7075
vn 0.5296 -0.0647 0.8458
vn 0.5296 -0.0654 0.8457
vn 0.5295 -0.0649 0.8458
vn 0.0658 -0.0760 0.9949
vn 0.5298 -0.0651 0.8457
vn 0.5298 -0.0658 0.8456
vn 0.0650 -0.0730 0.9952
vn 0.3213 0.5638 0.7609
vn 0.3213 0.5638 0.7608
vn 0.5162 -0.0022 0.8565
vn 0.5162 -0.0021 0.8565
vn 0.0526 0.0075 0.9986
vn 0.0526 0.0076 0.9986
vn 0.0643 -0.0693 0.9955
vn 0.0000 -0.0733 0.9973
vn 0.0000 -0.0711 0.9975
vn -0.5297 -0.0654 0.8457
vn -0.5297 -0.0647 0.8457
vn -0.0650 -0.0732 0.9952
vn -0.5298 -0.0658 0.8456
vn -0.5298 -0.0651 0.8456
vn -0.0526 0.0075 0.9986
vn -0.0526 0.0076 0.9986
vn -0.0643 -0.0693 0.9955
vn -0.3213 0.5637 0.7609
vn -0.5162 -0.0022 0.8565
vn -0.5162 -0.0021 0.8565
vn 0.9984 0.0552 -0.0156
vn 0.8477 0.5156 -0.1244
vn 0.8477 0.5157 -0.1244
vn 0.9998 0.0022 -0.0173
vn 0.9998 0.0041 -0.0172
vn 0.9998 0.0042 -0.0172
vn 0.9858 0.0510 -0.1601
vn 0.9998 -0.0000 -0.0174
vn 0.9998 0.0019 -0.0173
vn -0.9998 0.0020 -0.0173
vn -0.9984 0.0552 -0.0156
vn -0.9998 0.0023 -0.0173
vn -0.9998 0.0043 -0.0172
vn -0.8479 0.5154 -0.1244
vn -0.8478 0.5155 -0.1244
vn -0.9858 0.0514 -0.1601
vn -0.9858 0.0515 -0.1601
vn -0.9801 -0.1958 -0.0324
vn -0.9801 -0.1959 -0.0323
vn -0.9801 -0.1959 0.0323
vn -0.9801 -0.1958 0.0324
vn -0.9801 -0.1958 0.0323
vn -0.5995 -0.7981 -0.0613
vn -0.5995 -0.7981 0.0613
vn 0.9742 -0.2228 -0.0353
vn 0.5454 -0.8363 -0.0564
vn 0.5454 -0.8363 -0.0565
vn 0.5453 -0.8363 -0.0564
vn 0.9742 -0.2228 0.0353
vn 0.5454 -0.8363 0.0564
vn 0.5454 -0.8363 0.0565
vn -0.9999 -0.0158 0.0000
vn -0.9998 -0.0192 -0.0012
vn -0.9999 -0.0162 0.0044
vn -0.9998 -0.0192 0.0012
vn -0.9999 -0.0162 -0.0044
vn -0.9998 -0.0217 -0.0000
vn -0.9998 -0.0190 -0.0000
vn 1.0000 0.0072 -0.0040
vn 1.0000 0.0068 -0.0000
vn 1.0000 0.0071 -0.0042
vn 0.9997 -0.0209 -0.0085
vn 0.9997 -0.0211 -0.0082
vn 0.9997 -0.0210 -0.0083
vn 1.0000 0.0072 0.0039
vn 1.0000 0.0071 -0.0000
vn 0.9997 -0.0210 0.0084
vn 0.9997 -0.0211 0.0083
vn 0.9997 -0.0210 0.0083
vn -0.9587 -0.2843 0.0086
vn -0.9587 -0.2842 0.0086
vn -0.9587 -0.2842 -0.0086
vn -0.9587 -0.2844 -0.0086
vn -0.9587 -0.2843 -0.0086
vn -0.9948 -0.1007 0.0119
vn -0.9948 -0.1008 0.0119
vn -0.9948 -0.1007 -0.0119
vn -0.9948 -0.1008 -0.0119
vn 0.9672 0.2538 -0.0062
vn 0.9673 0.2538 -0.0000
vn 0.9966 0.0815 -0.0096
vn 0.9966 0.0815 -0.0095
vn 0.9672 0.2538 0.0062
vn 0.9672 0.2538 -0.0000
vn 0.9966 0.0815 0.0096
vn 0.9966 0.0814 0.0096
vn 0.9966 0.0815 0.0095
vn -0.7420 -0.6704 -0.0000
vn -0.7420 -0.6704 0.0066
vn -0.7419 -0.6704 -0.0066
vn -0.7420 -0.6704 -0.0066
vn -0.8412 -0.5407 0.0000
vn -0.8412 -0.5407 0.0068
vn -0.8412 -0.5407 -0.0068
vn 0.7804 0.6253 -0.0063
vn 0.7804 0.6253 -0.0000
vn 0.7804 0.6252 -0.0063
vn 0.8734 0.4870 -0.0045
vn 0.8734 0.4869 -0.0000
vn 0.7804 0.6252 0.0063
vn 0.8734 0.4869 0.0045
vn -0.4102 -0.9118 -0.0165
vn -0.4102 -0.9118 0.0165
vn -0.5478 -0.8366 -0.0000
vn -0.5478 -0.8366 0.0052
vn -0.5478 -0.8366 -0.0052
vn 0.1046 -0.6711 -0.7340
vn 0.1046 -0.6710 -0.7340
vn 0.0175 -0.0901 -0.9958
vn 0.6532 0.4104 -0.6363
vn 0.1131 0.0398 -0.9928
vn 0.5355 0.8443 -0.0182
vn 0.5355 0.8444 -0.0182
vn 0.5628 0.8266 -0.0080
vn 0.5627 0.8266 -0.0080
vn 0.5355 0.8443 0.0182
vn 0.5355 0.8444 0.0182
vn 0.5628 0.8266 0.0080
vn 0.1046 -0.6710 0.7340
vn 0.1046 -0.6711 0.7340
vn 0.6532 0.4104 0.6363
vn 0.0175 -0.0901 0.9958
vn 0.1131 0.0398 0.9928
vn -0.0001 -1.0000 -0.0064
vn 0.0012 -1.0000 -0.0018
vn -0.0049 -0.9989 -0.0461
vn -0.0100 -0.9991 -0.0423
vn -0.0098 -0.9991 -0.0421
vn 0.0001 -0.9987 -0.0514
vn -0.0098 -0.9991 -0.0424
vn -0.0009 -0.9918 -0.1279
vn -0.0014 -0.9918 -0.1279
vn -0.0017 -0.9918 -0.1281
vn -0.0047 -0.9942 -0.1074
vn -0.0080 -0.9939 -0.1096
vn -0.0001 -0.9918 -0.1278
vn -0.0006 -0.9918 -0.1278
vn -0.0007 -0.9945 -0.1049
vn -0.0045 -0.9942 -0.1073
vn 0.0000 -1.0000 -0.0090
vn 0.0000 -0.9986 -0.0526
vn -0.0001 -0.9987 -0.0514
vn 0.0000 -0.9918 -0.1278
vn 0.0000 -0.9945 -0.1045
vn -0.0002 -0.9945 -0.1045
vn 0.0001 -0.9918 -0.1278
vn 0.0007 -0.9945 -0.1049
vn 0.0001 -1.0000 -0.0063
vn 0.0004 -1.0000 0.0011
vn 0.0098 -0.9991 -0.0424
vn 0.0049 -0.9989 -0.0462
vn 0.0098 -0.9991 -0.0422
vn 0.0098 -0.9991 -0.0421
vn 0.0006 -0.9918 -0.1278
vn 0.0045 -0.9942 -0.1073
vn 0.0004 -0.9945 -0.1047
vn 0.0009 -0.9918 -0.1279
vn 0.0014 -0.9918 -0.1279
vn 0.0047 -0.9942 -0.1074
vn 0.0078 -0.9940 -0.1095
vn 0.9640 0.0269 0.2645
vn 0.8421 0.4858 0.2342
vn 0.8409 0.4857 0.2385
vn 0.9995 0.0012 0.0317
vn 0.9995 -0.0005 0.0319
vn 0.9984 0.0472 0.0307
vn 0.9636 -0.0207 0.2664
vn 0.9636 -0.0208 0.2664
vn 0.9995 -0.0008 0.0319
vn 0.9995 -0.0024 0.0320
vn -0.9640 0.0273 0.2645
vn -0.9995 0.0014 0.0318
vn -0.9995 -0.0003 0.0319
vn -0.9995 -0.0005 0.0320
vn -0.8410 0.4855 0.2386
vn -0.8411 0.4855 0.2386
vn -0.8410 0.4856 0.2386
vn -0.9984 0.0472 0.0307
vn -0.9984 0.0473 0.0307
vn -0.9636 -0.0207 0.2664
vn -0.9636 -0.0208 0.2664
vn -0.9637 -0.0205 0.2663
vn -1.0000 -0.0016 -0.0000
vn 1.0000 0.0001 0.0000
vn 0.0078 0.9993 -0.0366
vn 0.0077 0.9993 -0.0366
vn 0.6356 0.7717 -0.0210
vn 0.6356 0.7718 -0.0210
vn -0.0000 -0.9993 0.0376
vn -0.0001 -0.9993 0.0375
vn 1.0000 -0.0001 0.0000
vn 0.9969 -0.0792 0.0000
vn -0.0078 0.9993 -0.0366
vn -0.0077 0.9993 -0.0365
vn -0.0077 0.9993 -0.0366
vn 0.6338 -0.7732 0.0211
vn 0.0002 -0.9993 0.0374
vn 0.0003 -0.9993 0.0373
vn 0.0004 0.0001 1.0000
vn -0.0004 -0.0001 -1.0000
vn -0.0003 0.0000 -1.0000
vn -0.0003 0.0000 1.0000
vn -0.0001 0.0000 -1.0000
vn 0.0001 0.0000 -1.0000
vn 0.0001 -0.0000 1.0000
vn -0.0001 -0.0000 1.0000
vn 0.4846 0.8578 0.1712
vn 0.3369 0.4733 0.8139
vn 0.3368 0.4733 0.8140
vn -0.3368 -0.4733 0.8139
vn -0.3369 -0.4733 0.8139
vn 0.4845 0.8579 -0.1712
vn 0.4846 0.8578 -0.1712
vn 0.4725 0.8749 0.1065
vn 0.4725 0.8749 0.1064
vn -0.3946 -0.5350 0.7471
vn -0.3892 -0.5386 0.7473
vn -0.4725 -0.8749 0.1064
vn -0.4725 -0.8749 0.1065
vn -0.3892 -0.5386 -0.7473
vn 1.0000 0.0003 0.0000
vn -1.0000 -0.0012 -0.0000
vn -1.0000 0.0004 0.0000
vn 0.0102 0.9916 0.1287
vn 0.0101 0.9916 0.1287
vn 0.7732 0.6306 0.0672
vn 0.7730 0.6308 0.0672
vn 0.7731 0.6308 0.0672
vn -0.0000 -0.9914 -0.1311
vn 0.0001 -0.9914 -0.1312
vn 0.0000 -0.9914 -0.1312
vn 1.0000 -0.0031 0.0000
vn 1.0000 -0.0004 -0.0000
vn 0.7715 -0.6327 -0.0675
vn -0.0102 0.9916 0.1287
vn -0.0003 0.9914 0.1310
vn -0.0089 0.9916 0.1290
vn 0.0001 0.9913 0.1314
vn 0.0000 -0.8661 0.5000
vn 0.4475 -0.1859 0.8748
vn 0.4473 0.7746 0.4472
vn 0.4473 0.8895 0.0936
vn 0.4474 0.6647 -0.5984
vn 0.4474 -0.8505 -0.2765
vn 0.4471 -0.8896 0.0935
vn 0.4473 -0.7746 0.4472
vn -0.4472 0.1859 0.8749
vn -0.4475 -0.1859 0.8748
vn -0.4471 -0.7746 0.4473
vn -0.4471 -0.8896 0.0935
vn -0.4474 -0.8505 -0.2765
vn -0.4474 0.6647 -0.5984
vn -0.4473 0.8895 0.0936
vn -0.4471 0.7746 0.4473
vn -0.4472 0.5257 0.7236
vn 0.9487 0.1859 0.2559
vn 0.9487 -0.1859 0.2559
vn -0.9487 -0.2350 -0.2115
vn -0.9487 0.2350 -0.2115
vn 0.3084 0.0000 0.9513
vn 0.3091 0.0002 0.9510
vn 0.3090 -0.0002 0.9511
vn 0.3090 -0.0001 0.9511
vn 0.3090 0.0000 0.9510
vn 0.3090 0.0004 0.9510
vn 0.3090 0.0001 0.9511
vn -0.4754 0.8661 0.1544
vn -0.7694 -0.5878 0.2500
vn -0.3089 -0.0000 -0.9511
vn -0.3090 0.0000 -0.9510
vn -0.3091 0.0002 -0.9510
vn -0.3090 -0.0002 -0.9511
vn -0.3090 -0.0001 -0.9511
vn -0.3091 0.0000 -0.9510
vn -0.3090 0.0004 -0.9510
vn -0.3090 0.0001 -0.9511
vn -0.6940 0.1861 0.6955
vn -0.5498 0.5255 0.6492
vn -0.2869 0.7745 0.5638
vn 0.4010 0.8507 0.3399
vn 0.9153 0.3638 0.1730
vn 0.9153 -0.3638 0.1730
vn 0.4011 -0.8505 0.3401
vn -0.2869 -0.7745 0.5637
vn -0.5500 -0.5259 0.6488
vn -0.8264 -0.5257 -0.2019
vn -0.5636 -0.7745 -0.2872
vn -0.2272 -0.8894 -0.3966
vn 0.1246 -0.8505 -0.5110
vn 0.4308 -0.6646 -0.6105
vn 0.6390 -0.3637 -0.6778
vn 0.6390 0.3637 -0.6778
vn 0.4309 0.6647 -0.6104
vn 0.1246 0.8506 -0.5108
vn -0.2272 0.8894 -0.3966
vn -0.5634 0.7747 -0.2871
vn -0.8264 0.5257 -0.2019
vn 0.1427 0.2737 0.9512
vn 0.2618 0.3145 0.9125
vn 0.4943 0.2350 0.8369
vn 0.4943 -0.2350 0.8369
vn 0.1427 -0.2739 0.9511
vn -0.5364 -0.1858 -0.8232
vn -0.0920 -0.2349 -0.9676
vn -0.0184 -0.1286 -0.9915
vn -0.0184 0.1286 -0.9915
vn -0.2001 0.3008 -0.9325
vn -0.5364 0.1858 -0.8232
vn -0.1906 -0.9797 0.0620
vn 0.2047 0.0088 0.9788
vn 0.5179 -0.8387 -0.1682
vn 0.7551 -0.6079 -0.2453
vn -0.4873 -0.8588 0.1583
vn -0.8088 0.0001 0.5880
vn -0.8091 -0.0006 0.5876
vn -0.8090 -0.0001 0.5878
vn -0.8090 0.0001 0.5878
vn -0.8092 0.0000 0.5876
vn -0.8091 -0.0002 0.5877
vn -0.8091 0.0003 0.5877
vn -0.8090 -0.0002 0.5878
vn -0.2939 0.8660 -0.4045
vn 0.1816 0.9510 0.2500
vn 0.3933 -0.7432 0.5413
vn 0.1817 -0.9510 0.2500
vn 0.8090 -0.0002 -0.5877
vn 0.8091 -0.0001 -0.5877
vn 0.8090 0.0001 -0.5878
vn 0.8091 -0.0000 -0.5877
vn 0.8089 0.0002 -0.5879
vn 0.8090 0.0003 -0.5877
vn -0.8760 0.1859 -0.4449
vn -0.4169 0.8895 0.1872
vn -0.1994 0.8506 0.4865
vn -0.0102 0.6646 0.7471
vn 0.1186 -0.3638 0.9239
vn -0.0099 -0.6648 0.7470
vn -0.1995 -0.8505 0.4867
vn -0.4167 -0.8895 0.1872
vn -0.1524 -0.1859 -0.9707
vn 0.0990 -0.7745 -0.6247
vn 0.5244 -0.8506 -0.0393
vn 0.8420 -0.3638 0.3983
vn 0.8420 0.3638 0.3983
vn -0.9179 0.1858 0.3507
vn -0.8604 0.2738 0.4297
vn -0.7869 0.3146 0.5308
vn -0.6430 0.2350 0.7289
vn -0.5975 0.1289 0.7914
vn -0.5976 -0.1288 0.7914
vn -0.6430 -0.2350 0.7289
vn -0.7868 -0.3148 0.5309
vn -0.8604 -0.2740 0.4297
vn -0.9179 -0.1858 0.3507
vn 0.6171 -0.1859 -0.7646
vn 0.6744 -0.2740 -0.6857
vn 0.7481 -0.3147 -0.5843
vn 0.8250 -0.3005 -0.4786
vn 0.8918 -0.2351 -0.3864
vn 0.9374 0.1286 -0.3238
vn 0.8919 0.2350 -0.3863
vn 0.7480 0.3144 -0.5845
vn 0.6744 0.2740 -0.6857
vn 0.6171 0.1859 -0.7646
vn -0.4888 0.5555 -0.6727
vn 0.5554 -0.3272 0.7645
vn 0.3341 -0.8227 0.4599
vn -0.8091 0.0000 -0.5877
vn -0.8091 -0.0003 -0.5877
vn -0.8090 0.0002 -0.5879
vn -0.8092 0.0000 -0.5876
vn -0.8090 0.0000 -0.5879
vn -0.8091 0.0000 -0.5876
vn -0.1816 0.9510 0.2500
vn 0.8089 -0.0002 0.5880
vn 0.8090 -0.0001 0.5878
vn 0.8090 0.0002 0.5879
vn 0.8089 0.0005 0.5880
vn 0.8088 0.0000 0.5880
vn 0.8091 0.0000 0.5877
vn 0.8090 0.0001 0.5879
vn 0.1522 -0.1859 -0.9707
vn -0.0991 0.7746 -0.6247
vn -0.3067 0.8896 -0.3386
vn -0.7136 0.6647 0.2212
vn -0.0991 -0.7746 -0.6247
vn 0.0635 -0.5258 -0.8482
vn 0.8761 -0.1859 -0.4448
vn 0.4167 -0.8895 0.1872
vn -0.1184 0.3637 0.9240
vn 0.4169 0.8895 0.1872
vn -0.6746 0.2738 -0.6855
vn -0.7480 0.3146 -0.5844
vn -0.8249 0.3008 -0.4785
vn -0.8920 0.2351 -0.3862
vn -0.9373 0.1285 -0.3239
vn -0.9373 -0.1285 -0.3239
vn -0.8920 -0.2351 -0.3862
vn -0.7480 -0.3144 -0.5845
vn -0.6745 -0.2739 -0.6855
vn 0.9493 0.0656 0.3073
vn 0.9493 -0.0656 0.3073
vn 0.7100 -0.3006 0.6368
vn 0.6431 -0.2350 0.7288
vn 0.6431 0.2350 0.7288
vn 0.7100 0.3008 0.6367
vn 0.4888 0.5555 -0.6727
vn 0.4348 -0.6730 -0.5983
vn 0.0895 -0.9883 -0.1232
vn 0.3087 0.0000 -0.9511
vn 0.3091 -0.0002 -0.9510
vn 0.3090 0.0001 -0.9511
vn 0.3090 -0.0002 -0.9511
vn 0.3088 0.0000 -0.9511
vn 0.3084 0.0000 -0.9512
vn 0.3092 0.0000 -0.9510
vn 0.3091 -0.0006 -0.9510
vn 0.3090 0.0002 -0.9510
vn -0.8689 -0.4066 -0.2823
vn -0.3084 0.0000 0.9512
vn -0.3090 -0.0001 0.9511
vn -0.3091 0.0003 0.9510
vn -0.3089 -0.0000 0.9511
vn -0.3091 0.0000 0.9510
vn -0.3090 0.0002 0.9510
vn 0.9702 -0.1858 -0.1553
vn 0.8264 0.5256 -0.2019
vn 0.5635 0.7747 -0.2871
vn 0.2272 0.8895 -0.3965
vn -0.4309 0.6647 -0.6104
vn -0.6387 0.3638 -0.6780
vn -0.6387 -0.3638 -0.6780
vn -0.4308 -0.6646 -0.6105
vn -0.1247 -0.8505 -0.5110
vn 0.5635 -0.7745 -0.2872
vn 0.8264 -0.5257 -0.2017
vn 0.6938 0.1859 0.6957
vn 0.6937 -0.1858 0.6959
vn 0.5501 -0.5259 0.6488
vn 0.2874 -0.7747 0.5633
vn -0.0492 -0.8896 0.4540
vn -0.4011 -0.8505 0.3401
vn -0.9153 -0.3638 0.1727
vn -0.4010 0.8507 0.3399
vn 0.2874 0.7747 0.5633
vn 0.5498 0.5255 0.6492
vn 0.5875 -0.0658 -0.8065
vn 0.5875 0.0658 -0.8065
vn 0.4435 0.2739 -0.8534
vn 0.3247 0.3144 -0.8920
vn 0.2001 0.3008 -0.9325
vn 0.0921 0.2351 -0.9676
vn 0.0181 0.1285 -0.9915
vn 0.0181 -0.1285 -0.9915
vn 0.0921 -0.2351 -0.9676
vn 0.3247 -0.3144 -0.8920
vn 0.4435 -0.2739 -0.8534
vn -0.2618 0.3145 0.9125
vn 0.7908 0.5555 0.2570
vn -0.7551 -0.6079 -0.2455
vn 0.0875 -0.4963 0.8637
vn 0.3859 -0.3239 -0.8638
vn 0.3861 -0.3239 0.8637
vn 0.0875 0.4963 0.8638
vn -0.9209 0.3864 0.0502
vn -0.9225 0.1494 0.3559
vn -0.9225 -0.1494 0.3559
vn -0.9216 -0.3095 0.2343
vn -0.9225 -0.1496 -0.3559
vn -0.9227 -0.0507 -0.3822
vn -0.9227 0.0510 -0.3821
vn -0.9209 0.3864 -0.0502
vn -0.7893 0.3769 0.4848
vn -0.7902 0.2373 0.5651
vn -0.7907 0.0811 0.6068
vn -0.7907 -0.0811 0.6068
vn -0.7902 -0.2373 0.5651
vn -0.7893 -0.3769 0.4848
vn -0.7893 -0.3770 -0.4846
vn -0.7907 -0.0809 -0.6068
vn -0.7902 0.2373 -0.5651
vn -0.7893 0.3769 -0.4848
vn -0.7883 0.4906 -0.3714
vn -0.6005 0.7929 0.1031
vn -0.6012 0.7397 0.3023
vn -0.6023 0.6363 0.4820
vn -0.6037 0.4894 0.6293
vn -0.6053 0.1052 0.7890
vn -0.6053 -0.1052 0.7890
vn -0.6037 -0.4894 0.6293
vn -0.6023 -0.6363 0.4820
vn -0.6013 -0.7397 0.3023
vn -0.6005 -0.7929 0.1029
vn -0.6024 -0.6364 -0.4818
vn -0.6036 -0.4893 -0.6295
vn -0.6055 -0.1054 -0.7889
vn -0.6053 0.1052 -0.7890
vn -0.6037 0.4894 -0.6293
vn -0.6023 0.6363 -0.4820
vn -0.6012 0.7397 -0.3023
vn -0.6005 0.7929 -0.1031
vn -0.3756 0.9190 0.1194
vn -0.3762 0.8577 0.3505
vn -0.3772 0.7383 0.5591
vn -0.3772 -0.7383 0.5591
vn -0.3762 -0.8577 0.3505
vn -0.3756 -0.9190 0.1194
vn -0.3771 -0.7383 -0.5592
vn -0.3783 -0.5682 -0.7307
vn -0.3772 0.7383 -0.5591
vn -0.3757 0.9190 -0.1193
vn -0.1288 0.6086 0.7830
vn -0.1288 -0.6086 0.7830
vn -0.1279 -0.9180 0.3753
vn -0.1278 -0.9835 -0.1277
vn -0.1283 -0.7906 -0.5987
vn -0.1289 -0.6087 -0.7829
vn -0.1292 0.3840 -0.9143
vn -0.1288 0.6086 -0.7830
vn -0.1280 0.9181 -0.3752
vn -0.1277 0.9835 -0.1278
vn 0.1289 0.6087 0.7829
vn 0.1291 0.3839 0.9143
vn 0.1288 -0.6086 0.7830
vn 0.1279 -0.9180 0.3753
vn 0.1278 -0.9835 -0.1277
vn 0.1283 -0.7906 -0.5987
vn 0.1289 -0.6087 -0.7829
vn 0.1291 0.3839 -0.9143
vn 0.1289 0.6087 -0.7829
vn 0.1279 0.9180 -0.3753
vn 0.1278 0.9835 -0.1277
vn 0.3761 0.8577 0.3506
vn 0.3771 0.7383 0.5592
vn 0.3783 0.5682 0.7307
vn 0.3772 -0.7383 0.5591
vn 0.3762 -0.8577 0.3505
vn 0.3756 -0.9190 0.1194
vn 0.3771 -0.7383 -0.5592
vn 0.3783 -0.5682 -0.7307
vn 0.3783 0.5682 -0.7307
vn 0.3771 0.7383 -0.5592
vn 0.3756 0.9191 -0.1195
vn 0.6034 0.4894 0.6296
vn 0.6053 0.1055 0.7889
vn 0.6052 -0.1052 0.7891
vn 0.6035 -0.4895 0.6294
vn 0.6004 -0.7930 0.1029
vn 0.6003 -0.7931 -0.1030
vn 0.6023 -0.6365 -0.4818
vn 0.6034 -0.4894 -0.6296
vn 0.6047 -0.3084 -0.7343
vn 0.6053 -0.1054 -0.7890
vn 0.6047 0.3084 -0.7344
vn 0.6034 0.4894 -0.6296
vn 0.6023 0.6365 -0.4818
vn 0.7893 0.3770 0.4846
vn 0.7901 0.2372 0.5652
vn 0.7907 0.0809 0.6069
vn 0.7907 -0.0811 0.6068
vn 0.7902 -0.2373 0.5651
vn 0.7893 -0.3769 0.4848
vn 0.7893 -0.3770 -0.4846
vn 0.7907 -0.0809 -0.6068
vn 0.7901 0.2372 -0.5652
vn 0.7893 0.3770 -0.4846
vn 0.7882 0.4905 -0.3717
vn 0.9209 0.3865 0.0504
vn 0.9216 0.3094 0.2345
vn 0.9225 0.1491 0.3561
vn 0.9227 -0.0509 0.3821
vn 0.9225 -0.1494 0.3559
vn 0.9216 -0.3095 0.2343
vn 0.9225 -0.1496 -0.3559
vn 0.9227 -0.0507 -0.3822
vn 0.9227 0.0507 -0.3822
vn 0.9221 0.2378 -0.3054
vn 0.9210 0.3864 -0.0501
vn 0.0000 0.9917 0.1288
vn 0.0000 0.9258 0.3780
vn 0.0044 -0.9990 -0.0437
vn 0.1432 -0.9882 -0.0538
vn 0.1567 -0.9876 -0.0121
vn 0.0676 -0.9962 -0.0549
vn 0.0620 -0.9981 0.0016
vn -0.0045 -0.9990 -0.0436
vn -0.1633 -0.9866 -0.0002
vn -0.0021 -1.0000 -0.0003
vn -0.0165 -0.9999 -0.0002
vn -0.1437 -0.9888 0.0395
vn -0.0045 -0.9996 0.0290
vn -0.0242 -0.9991 0.0335
vn 0.0188 -0.9996 -0.0202
vn 0.0243 -0.9992 0.0333
vn 0.0623 -0.9980 -0.0120
vn 0.1572 -0.9876 0.0025
vn 0.0681 -0.9969 0.0407
vn 0.0725 -0.8354 -0.5448
vn 0.0280 -0.5660 -0.8239
vn 0.0317 -0.2733 -0.9614
vn -0.0100 -0.9715 -0.2368
vn -0.0725 -0.8356 -0.5446
vn -0.0281 -0.5662 -0.8238
vn -0.1007 -0.5607 -0.8218
vn -0.0318 -0.2741 -0.9612
vn -0.1132 -0.2705 -0.9560
vn -0.2239 -0.5515 -0.8035
vn -0.2500 -0.2601 -0.9327
vn -0.9196 -0.3875 -0.0641
vn -0.9222 -0.3866 -0.0084
vn -0.9953 -0.0564 -0.0783
vn -0.3675 -0.9300 -0.0024
vn -0.6497 -0.7602 -0.0048
vn -0.9222 -0.3866 0.0086
vn -0.9209 -0.3846 0.0638
vn -0.9986 -0.0520 0.0107
vn -0.9955 -0.0520 0.0796
vn -0.5486 -0.7875 0.2810
vn 0.0104 -0.9738 0.2271
vn 0.0428 -0.9719 0.2314
vn 0.0202 -0.8355 0.5491
vn 0.0746 -0.8316 0.5503
vn 0.0323 -0.1759 0.9839
vn 0.1149 -0.1722 0.9784
vn 0.4798 -0.4615 0.7461
vn 0.2334 -0.4770 0.8474
vn 0.1682 -0.8262 0.5376
vn -0.0202 -0.8354 0.5492
vn -0.0427 -0.9719 0.2317
vn -0.0746 -0.8316 0.5504
vn -0.1026 -0.9660 0.2373
vn -0.1682 -0.8262 0.5376
vn -0.4799 -0.4615 0.7462
vn -0.2333 -0.4770 0.8473
vn -0.0324 -0.1758 0.9839
vn -0.1148 -0.1722 0.9783
vn 0.9199 -0.3870 -0.0640
vn 0.9222 -0.3866 -0.0084
vn 0.6496 -0.7603 0.0045
vn 0.6454 -0.7632 0.0331
vn 0.5485 -0.7875 0.2810
vn 0.9227 -0.3855 0.0084
vn 0.9986 -0.0515 0.0106
vn 0.9212 -0.3839 0.0637
vn 0.9955 -0.0519 0.0796
vn 0.0101 0.0269 -0.9996
vn 0.0116 0.0519 -0.9986
vn 0.1219 -0.0639 -0.9905
vn 0.0127 -0.0117 -0.9999
vn 0.0128 -0.0801 -0.9967
vn 0.0018 -0.1054 -0.9944
vn 0.0142 -0.1036 -0.9945
vn 0.0464 -0.0966 -0.9942
vn 0.0483 -0.0530 -0.9974
vn 0.0026 -0.0618 -0.9981
vn 0.0186 -0.0591 -0.9981
vn 0.0302 -0.5138 -0.8574
vn 0.0047 -0.8447 -0.5353
vn 0.0583 -0.9762 -0.2091
vn 0.0475 -0.1531 -0.9871
vn 0.1069 -0.5067 -0.8555
vn 0.2585 0.0200 -0.9658
vn 0.8651 -0.1638 -0.4741
vn 0.9970 -0.0178 -0.0749
vn 0.2667 -0.0408 -0.9629
vn 0.5156 -0.0059 -0.8568
vn 0.2607 -0.0550 -0.9639
vn 0.9797 0.1755 -0.0968
vn 0.8108 0.2668 -0.5210
vn 0.6772 0.5107 -0.5297
vn 0.7557 0.6379 -0.1482
vn 0.4718 0.0744 -0.8785
vn 0.0072 0.1118 -0.9937
vn 0.0387 0.1157 -0.9925
vn 0.0878 0.4560 -0.8856
vn 0.0801 0.1223 -0.9893
vn 0.2662 0.9474 -0.1775
vn 0.0503 0.9810 -0.1872
vn 0.1613 0.9699 -0.1823
vn -0.0101 0.0269 -0.9996
vn -0.0115 0.0518 -0.9986
vn -0.1190 -0.0100 -0.9928
vn -0.0126 -0.0117 -0.9999
vn -0.0161 -0.1088 -0.9939
vn -0.0184 -0.0589 -0.9981
vn -0.0025 -0.5118 -0.8591
vn -0.0140 -0.1539 -0.9880
vn -0.0059 -0.9774 -0.2115
vn -0.0475 -0.1533 -0.9870
vn -0.2981 -0.4371 -0.8486
vn -0.2591 0.0197 -0.9657
vn -0.8651 -0.1638 -0.4741
vn -0.9970 -0.0179 -0.0752
vn -0.8633 0.0821 -0.4980
vn -0.2677 -0.0406 -0.9626
vn -0.5143 -0.0018 -0.8576
vn -0.8563 0.1051 -0.5056
vn -0.9672 0.2313 -0.1050
vn -0.8107 0.2667 -0.5211
vn -0.9209 0.3708 -0.1204
vn -0.6773 0.5107 -0.5295
vn -0.7557 0.6379 -0.1483
vn -0.4721 0.0745 -0.8784
vn -0.0075 0.1115 -0.9937
vn -0.0390 0.1154 -0.9926
vn -0.0235 0.4546 -0.8904
vn -0.0878 0.4560 -0.8856
vn -0.2717 0.3928 -0.8786
vn -0.0802 0.1225 -0.9892
vn -0.4615 0.8708 -0.1695
vn -0.0504 0.9810 -0.1873
vn -0.0055 -0.9999 0.0094
vn -0.0070 -0.9995 0.0319
vn -0.0008 -0.9997 0.0264
vn 0.0071 -0.9995 0.0319
vn 0.0055 -0.9999 0.0094
vn 0.0009 -0.9997 0.0264
vn 0.9877 -0.1564 -0.0080
vn 0.0007 -0.9921 -0.1258
vn 0.0002 -0.9988 -0.0496
vn -0.0007 -0.9921 -0.1258
vn -0.0074 -0.9947 -0.1027
vn -0.9636 -0.0192 0.2667
vn -0.9995 -0.0023 0.0323
vn -0.9637 -0.0202 0.2663
vn -0.9995 -0.0021 0.0320
vn 0.9637 -0.0202 0.2663
vn 0.9995 -0.0021 0.0320
vn 0.3583 -0.8739 -0.3284
vn -0.0239 -0.9976 0.0648
vn 0.0039 -0.9975 0.0703
vn -0.0201 -0.9992 0.0331
vn 0.9896 -0.1308 0.0602
vn 0.4028 -0.0931 0.9105
vn -0.3929 -0.8765 -0.2781
vn -0.2640 -0.2341 -0.9357
vn 0.9993 -0.0295 -0.0245
vn -0.9997 0.0099 -0.0209
vn -0.6406 -0.0152 -0.7678
vn -0.9997 0.0097 0.0217
vn -0.9993 -0.0286 0.0242
vn 0.9564 -0.2912 0.0201
vn 0.9963 -0.0831 0.0203
vn 0.9564 -0.2912 -0.0201
vn 0.9963 -0.0831 -0.0203
vn -0.9663 0.2567 -0.0194
vn -0.9976 0.0664 -0.0197
vn -0.9664 0.2563 0.0199
vn -0.9976 0.0660 0.0206
vn 0.8534 -0.5209 0.0198
vn 0.7277 -0.6857 -0.0192
vn 0.8533 -0.5211 -0.0196
vn -0.7611 0.6484 -0.0186
vn -0.8806 0.4735 -0.0190
vn -0.7614 0.6480 0.0190
vn 0.4786 -0.8778 0.0197
vn 0.5756 -0.8175 0.0192
vn 0.4786 -0.8778 -0.0197
vn 0.3421 -0.6294 -0.6978
vn 0.5756 -0.8175 -0.0192
vn -0.4596 0.8879 -0.0202
vn -0.5802 0.8143 -0.0191
vn -0.3297 0.6338 -0.6997
vn -0.4230 0.5944 -0.6840
vn -0.4591 0.8882 0.0198
vn -0.5804 0.8141 0.0193
vn -0.4229 0.5942 0.6842
vn 0.0138 -0.9946 -0.1028
vn -0.0003 -0.9926 -0.1218
vn -0.0030 -1.0000 0.0084
vn 0.0134 -0.9999 0.0058
vn 0.0072 -0.9994 0.0348
vn -0.0031 -0.9996 0.0294
vn -0.0014 -1.0000 0.0013
vn -0.1053 0.0109 -0.9944
vn 0.5299 -0.0655 0.8455
vn 0.0650 -0.0731 0.9952
vn 0.5161 -0.0022 0.8565
vn -0.5297 -0.0661 0.8456
vn 0.9858 0.0509 -0.1601
vn -0.9998 0.0044 -0.0172
vn -0.9801 -0.1958 -0.0323
vn -0.5994 -0.7981 -0.0613
vn -0.5994 -0.7981 0.0613
vn -0.9997 -0.0217 -0.0068
vn -0.9997 -0.0217 0.0069
vn 0.9997 -0.0210 -0.0084
vn 1.0000 0.0071 0.0042
vn -0.9587 -0.2844 0.0086
vn 0.9672 0.2539 0.0062
vn 0.8734 0.4870 0.0045
vn -0.0016 -1.0000 -0.0054
vn 0.0001 -1.0000 -0.0090
vn -0.0000 -0.9987 -0.0515
vn -0.0014 -1.0000 -0.0073
vn 0.0015 -1.0000 -0.0054
vn 0.0017 -0.9918 -0.1281
vn 0.0080 -0.9939 -0.1096
vn 0.8409 0.4857 0.2386
vn 0.9995 -0.0021 0.0319
vn -0.9995 0.0015 0.0318
vn -0.0003 -0.9993 0.0372
vn 0.3369 0.4733 0.8140
vn -0.3369 -0.4733 0.8140
vn 1.0000 -0.0005 -0.0000
vn 0.7715 -0.6326 -0.0675
vn 0.0001 0.9913 0.1313
vn 0.0323 -0.0703 -0.9970
vn 0.0322 -0.0705 -0.9970
vn 0.0323 -0.0702 -0.9970
vn 0.0280 0.3282 -0.9442
vn 0.1145 -0.0714 -0.9909
vn 0.1145 -0.0716 -0.9908
vn 0.1145 -0.0715 -0.9908
vn 0.1006 0.3083 -0.9460
vn 0.1006 0.3082 -0.9460
vn 0.2526 -0.0715 -0.9649
vn 0.2526 -0.0713 -0.9649
vn 0.2526 -0.0714 -0.9649
vn 0.2265 0.2854 -0.9312
vn 0.5288 -0.0544 -0.8470
vn 0.5288 -0.0541 -0.8470
vn 0.5288 -0.0543 -0.8470
vn 0.4799 0.2864 -0.8292
vn 0.1462 0.6834 -0.7152
vn 0.0690 0.8788 -0.4721
vn 0.0690 0.8788 -0.4722
vn 0.3196 0.6753 -0.6647
vn 0.3195 0.6753 -0.6647
vn 0.1705 0.8553 -0.4893
vn 0.0130 0.7379 -0.6748
vn -0.0000 0.9073 -0.4205
vn -0.0035 0.9073 -0.4205
vn 0.0570 0.7101 -0.7018
vn 0.0121 0.8947 -0.4466
vn 0.0121 0.8946 -0.4466
vn -0.0322 -0.0705 -0.9970
vn -0.0323 -0.0703 -0.9970
vn -0.0323 -0.0702 -0.9970
vn -0.1145 -0.0715 -0.9908
vn -0.1145 -0.0714 -0.9909
vn -0.0280 0.3282 -0.9442
vn -0.1006 0.3082 -0.9460
vn -0.1006 0.3083 -0.9460
vn -0.0130 0.7379 -0.6748
vn -0.0570 0.7101 -0.7018
vn -0.0570 0.7101 -0.7017
vn 0.0035 0.9073 -0.4205
vn -0.0121 0.8947 -0.4466
vn -0.1462 0.6835 -0.7152
vn -0.3195 0.6754 -0.6647
vn -0.0690 0.8789 -0.4721
vn -0.0690 0.8788 -0.4721
vn -0.1704 0.8554 -0.4892
vn -0.1704 0.8553 -0.4892
vn -0.2526 -0.0715 -0.9649
vn -0.2526 -0.0713 -0.9649
vn -0.5288 -0.0543 -0.8470
vn -0.5288 -0.0544 -0.8470
vn -0.2265 0.2854 -0.9312
vn -0.4799 0.2864 -0.8292
vn -0.8454 -0.0083 -0.5341
vn -0.9693 0.0274 -0.2442
vn -0.9693 0.0271 -0.2442
vn -0.7780 0.3095 -0.5468
vn -0.9106 0.3161 -0.2663
vn -0.5191 0.7106 -0.4750
vn -0.6183 0.7382 -0.2698
vn -0.6183 0.7381 -0.2698
vn -0.2935 0.8789 -0.3761
vn -0.2935 0.8789 -0.3760
vn -0.3077 0.9197 -0.2439
vn -0.6682 0.7354 -0.1127
vn -0.6941 0.7191 -0.0330
vn -0.3368 0.9340 -0.1191
vn -0.3610 0.9314 -0.0465
vn -0.9958 0.0419 -0.0814
vn -0.9958 0.0416 -0.0813
vn -0.9958 0.0420 -0.0814
vn -0.9990 0.0443 -0.0113
vn -0.9989 0.0445 -0.0114
vn -0.9990 0.0440 -0.0112
vn -0.9453 0.3123 -0.0941
vn -0.9532 0.3019 -0.0174
vn -0.9990 0.0432 0.0109
vn -0.9990 0.0435 0.0108
vn -0.9958 0.0412 0.0819
vn -0.9958 0.0415 0.0818
vn -0.9958 0.0414 0.0819
vn -0.9562 0.2925 0.0089
vn -0.9562 0.2927 0.0089
vn -0.9562 0.2926 0.0089
vn -0.9550 0.2846 0.0841
vn -0.9549 0.2847 0.0840
vn -0.7086 0.7056 0.0010
vn -0.7134 0.6967 0.0748
vn -0.7134 0.6968 0.0748
vn -0.3736 0.9275 -0.0076
vn -0.3736 0.9276 -0.0076
vn -0.3747 0.9254 0.0563
vn -0.3749 0.9254 0.0562
vn -0.3748 0.9254 0.0563
vn -0.7008 0.6766 0.2259
vn -0.7009 0.6766 0.2259
vn -0.6357 0.6187 0.4615
vn -0.3722 0.9132 0.1662
vn -0.3721 0.9132 0.1662
vn -0.3871 0.8673 0.3131
vn -0.3871 0.8673 0.3130
vn -0.9679 0.0304 0.2495
vn -0.9679 0.0305 0.2495
vn -0.8386 -0.0061 0.5447
vn -0.9299 0.2659 0.2541
vn -0.8110 0.2194 0.5423
vn -0.8110 0.2195 0.5423
vn -0.0318 -0.0803 0.9963
vn -0.0317 -0.0808 0.9962
vn -0.0318 -0.0807 0.9962
vn -0.0246 0.1566 0.9874
vn -0.0246 0.1565 0.9874
vn -0.1139 -0.0836 0.9900
vn -0.1003 0.1349 0.9858
vn -0.1003 0.1348 0.9858
vn -0.2516 -0.0825 0.9643
vn -0.2517 -0.0822 0.9643
vn -0.2516 -0.0826 0.9643
vn -0.2407 0.1208 0.9631
vn -0.2407 0.1209 0.9631
vn -0.5219 -0.0594 0.8509
vn -0.5105 0.1493 0.8468
vn -0.4091 0.5518 0.7267
vn -0.4093 0.5515 0.7268
vn -0.1783 0.5460 0.8186
vn -0.1783 0.5461 0.8185
vn -0.2249 0.8440 0.4870
vn -0.2249 0.8439 0.4870
vn -0.0739 0.8776 0.4737
vn -0.0739 0.8776 0.4736
vn -0.0000 0.5842 0.8116
vn -0.0027 0.5841 0.8116
vn 0.0000 0.5841 0.8116
vn 0.0191 0.8871 0.4612
vn 0.0120 0.8856 0.4643
vn -0.0498 0.5646 0.8238
vn 0.0187 0.8871 0.4613
vn 0.0117 0.8855 0.4645
vn 0.0317 -0.0808 0.9962
vn 0.0318 -0.0803 0.9963
vn 0.0318 -0.0807 0.9962
vn 0.1139 -0.0836 0.9900
vn 0.1139 -0.0835 0.9900
vn 0.0246 0.1565 0.9874
vn 0.0246 0.1566 0.9874
vn 0.1003 0.1348 0.9858
vn 0.1003 0.1349 0.9858
vn 0.0027 0.5841 0.8116
vn 0.0498 0.5646 0.8239
vn 0.0498 0.5646 0.8238
vn -0.0119 0.8857 0.4641
vn -0.0191 0.8871 0.4613
vn -0.0191 0.8872 0.4611
vn -0.0117 0.8855 0.4646
vn -0.0186 0.8872 0.4611
vn 0.4094 0.5514 0.7269
vn 0.4091 0.5517 0.7268
vn 0.4092 0.5516 0.7268
vn 0.2250 0.8439 0.4871
vn 0.1783 0.5461 0.8185
vn 0.1783 0.5460 0.8186
vn 0.0739 0.8776 0.4737
vn 0.2517 -0.0822 0.9643
vn 0.2516 -0.0825 0.9643
vn 0.2516 -0.0826 0.9643
vn 0.5219 -0.0593 0.8509
vn 0.5219 -0.0595 0.8509
vn 0.5219 -0.0594 0.8509
vn 0.2407 0.1208 0.9631
vn 0.5105 0.1493 0.8468
vn 0.9990 0.0432 0.0109
vn 0.9990 0.0435 0.0108
vn 0.9990 0.0437 0.0108
vn 0.9562 0.2926 0.0089
vn 0.9562 0.2927 0.0089
vn 0.9958 0.0415 0.0819
vn 0.9958 0.0416 0.0818
vn 0.9550 0.2846 0.0841
vn 0.9549 0.2847 0.0840
vn 0.9679 0.0305 0.2495
vn 0.9679 0.0306 0.2494
vn 0.9679 0.0305 0.2494
vn 0.9299 0.2659 0.2541
vn 0.8386 -0.0061 0.5447
vn 0.8110 0.2194 0.5423
vn 0.8110 0.2195 0.5423
vn 0.7009 0.6765 0.2259
vn 0.7010 0.6765 0.2259
vn 0.3724 0.9130 0.1663
vn 0.3724 0.9131 0.1663
vn 0.6358 0.6187 0.4616
vn 0.3873 0.8672 0.3132
vn 0.3873 0.8671 0.3132
vn 0.7087 0.7055 0.0010
vn 0.3740 0.9274 -0.0076
vn 0.3741 0.9274 -0.0076
vn 0.7135 0.6967 0.0748
vn 0.7136 0.6966 0.0747
vn 0.7135 0.6966 0.0748
vn 0.3754 0.9252 0.0562
vn 0.3749 0.9254 0.0564
vn 0.3751 0.9253 0.0563
vn 0.8454 -0.0084 -0.5341
vn 0.8454 -0.0083 -0.5341
vn 0.7780 0.3095 -0.5468
vn 0.9693 0.0272 -0.2442
vn 0.9693 0.0274 -0.2442
vn 0.9693 0.0271 -0.2442
vn 0.9106 0.3161 -0.2663
vn 0.9958 0.0419 -0.0814
vn 0.9958 0.0417 -0.0813
vn 0.9958 0.0422 -0.0815
vn 0.9453 0.3123 -0.0941
vn 0.9990 0.0443 -0.0113
vn 0.9989 0.0448 -0.0114
vn 0.9989 0.0446 -0.0114
vn 0.9532 0.3018 -0.0173
vn 0.9532 0.3019 -0.0174
vn 0.6683 0.7353 -0.1127
vn 0.3371 0.9339 -0.1192
vn 0.6942 0.7190 -0.0331
vn 0.3613 0.9313 -0.0465
vn 0.5191 0.7105 -0.4750
vn 0.2937 0.8788 -0.3761
vn 0.6184 0.7381 -0.2698
vn 0.3079 0.9196 -0.2440
vn -0.0150 0.9484 -0.3167
vn -0.0150 0.9484 -0.3168
vn -0.0148 0.9531 -0.3023
vn -0.0149 0.9531 -0.3024
vn -0.0226 0.9767 -0.2133
vn -0.0310 0.9752 -0.2191
vn -0.0306 0.9753 -0.2187
vn -0.0221 0.9768 -0.2129
vn -0.0223 0.9767 -0.2132
vn 0.0346 0.9425 -0.3324
vn 0.0344 0.9424 -0.3327
vn 0.0233 0.9736 -0.2272
vn 0.0232 0.9736 -0.2273
vn 0.0232 0.9735 -0.2273
vn 0.1095 0.9371 -0.3316
vn 0.1093 0.9370 -0.3317
vn 0.1094 0.9370 -0.3316
vn 0.1243 0.9648 -0.2319
vn 0.1242 0.9648 -0.2319
vn 0.1393 0.9827 -0.1217
vn 0.0228 0.9924 -0.1212
vn 0.0222 0.9923 -0.1216
vn 0.0225 0.9924 -0.1214
vn 0.1506 0.9872 -0.0531
vn 0.0248 0.9982 -0.0545
vn 0.0245 0.9982 -0.0547
vn 0.0247 0.9982 -0.0546
vn -0.0257 0.9927 -0.1182
vn -0.0368 0.9923 -0.1180
vn -0.0266 0.9982 -0.0542
vn -0.0322 0.9980 -0.0542
vn -0.0265 0.9982 -0.0541
vn -0.0318 0.9924 -0.1190
vn -0.0370 0.9922 -0.1191
vn -0.0323 0.9980 -0.0542
vn -0.0380 0.9978 -0.0542
vn -0.0326 0.9994 -0.0138
vn -0.0268 0.9995 -0.0136
vn -0.0269 0.9995 -0.0135
vn -0.0389 0.9984 0.0403
vn -0.0271 0.9987 0.0424
vn -0.0272 0.9987 0.0425
vn -0.0383 0.9992 -0.0142
vn -0.0325 0.9994 -0.0140
vn -0.0390 0.9984 0.0402
vn -0.0273 0.9987 0.0424
vn 0.1524 0.9873 0.0455
vn 0.1525 0.9873 0.0454
vn 0.1525 0.9873 0.0455
vn 0.1548 0.9879 -0.0120
vn 0.1549 0.9878 -0.0121
vn 0.1546 0.9879 -0.0119
vn 0.0234 0.9989 0.0409
vn 0.0236 0.9989 0.0407
vn 0.0235 0.9989 0.0408
vn 0.0251 0.9996 -0.0139
vn 0.0250 0.9996 -0.0138
vn 0.0253 0.9996 -0.0141
vn 0.1453 0.9804 0.1330
vn 0.1453 0.9804 0.1331
vn 0.0221 0.9921 0.1233
vn 0.0218 0.9921 0.1236
vn 0.0219 0.9921 0.1234
vn 0.1306 0.9638 0.2325
vn 0.1305 0.9638 0.2326
vn 0.0274 0.9710 0.2376
vn 0.0278 0.9711 0.2371
vn 0.0276 0.9710 0.2373
vn -0.0269 0.9707 0.2388
vn -0.0355 0.9713 0.2353
vn -0.0354 0.9713 0.2352
vn -0.0278 0.9917 0.1256
vn -0.0394 0.9918 0.1214
vn -0.0395 0.9918 0.1215
vn -0.0266 0.9707 0.2388
vn -0.0352 0.9712 0.2358
vn -0.0275 0.9917 0.1256
vn -0.0393 0.9918 0.1219
vn 0.0326 0.9994 -0.0138
vn 0.0268 0.9995 -0.0136
vn 0.0325 0.9994 -0.0140
vn 0.0383 0.9992 -0.0142
vn 0.0380 0.9992 -0.0145
vn 0.0389 0.9984 0.0401
vn 0.0271 0.9987 0.0424
vn 0.0272 0.9987 0.0421
vn 0.0391 0.9984 0.0402
vn 0.0391 0.9984 0.0403
vn 0.0268 0.9708 0.2385
vn 0.0354 0.9713 0.2352
vn 0.0351 0.9712 0.2355
vn 0.0264 0.9708 0.2385
vn 0.0265 0.9707 0.2387
vn 0.0276 0.9917 0.1253
vn 0.0394 0.9918 0.1214
vn 0.0392 0.9918 0.1216
vn 0.0275 0.9917 0.1256
vn 0.0273 0.9917 0.1254
vn -0.1451 0.9804 0.1330
vn -0.1452 0.9804 0.1329
vn -0.1305 0.9638 0.2324
vn -0.0218 0.9921 0.1236
vn -0.0221 0.9921 0.1233
vn -0.0219 0.9921 0.1234
vn -0.0277 0.9711 0.2372
vn -0.0278 0.9711 0.2371
vn -0.0276 0.9710 0.2373
vn -0.1522 0.9873 0.0455
vn -0.1521 0.9873 0.0455
vn -0.0237 0.9989 0.0407
vn -0.0232 0.9989 0.0410
vn -0.0234 0.9989 0.0409
vn -0.1545 0.9879 -0.0120
vn -0.1547 0.9879 -0.0121
vn -0.1546 0.9879 -0.0120
vn -0.0251 0.9996 -0.0139
vn -0.0250 0.9996 -0.0138
vn -0.0252 0.9996 -0.0139
vn 0.0150 0.9484 -0.3167
vn 0.0150 0.9484 -0.3168
vn 0.0227 0.9767 -0.2132
vn 0.0310 0.9752 -0.2192
vn 0.0308 0.9753 -0.2189
vn 0.0148 0.9531 -0.3024
vn 0.0149 0.9531 -0.3024
vn 0.0223 0.9768 -0.2132
vn 0.0306 0.9753 -0.2186
vn 0.0368 0.9923 -0.1180
vn 0.0257 0.9927 -0.1182
vn 0.0257 0.9927 -0.1181
vn 0.0370 0.9922 -0.1191
vn 0.0264 0.9928 -0.1166
vn 0.0322 0.9980 -0.0542
vn 0.0266 0.9982 -0.0542
vn 0.0265 0.9982 -0.0541
vn 0.0380 0.9978 -0.0542
vn 0.0323 0.9980 -0.0542
vn -0.1391 0.9828 -0.1217
vn -0.1392 0.9828 -0.1217
vn -0.1505 0.9872 -0.0530
vn -0.1503 0.9872 -0.0531
vn -0.1504 0.9872 -0.0531
vn -0.0228 0.9924 -0.1212
vn -0.0222 0.9923 -0.1216
vn -0.0226 0.9924 -0.1213
vn -0.0248 0.9982 -0.0545
vn -0.0245 0.9982 -0.0547
vn -0.0253 0.9982 -0.0542
vn -0.0343 0.9424 -0.3326
vn -0.0344 0.9424 -0.3326
vn -0.0346 0.9425 -0.3323
vn -0.1093 0.9371 -0.3316
vn -0.1094 0.9371 -0.3315
vn -0.0232 0.9736 -0.2273
vn -0.0233 0.9736 -0.2272
vn -0.0232 0.9736 -0.2272
vn -0.1241 0.9648 -0.2318
vn -0.1240 0.9648 -0.2319
vn 0.0060 -0.9984 0.0566
vn 0.0000 -0.9984 0.0565
vn 0.0592 -0.9968 0.0540
vn 0.0592 -0.9968 0.0539
vn 0.0045 -0.6866 0.7270
vn 0.0000 -0.6866 0.7270
vn 0.0045 -0.6866 0.7271
vn 0.0375 -0.6894 0.7234
vn 0.0374 -0.6894 0.7234
vn 0.0145 -0.3117 0.9501
vn -0.0000 -0.3188 0.9478
vn 0.0000 -0.3189 0.9478
vn 0.0140 -0.3112 0.9502
vn 0.0062 -0.3195 0.9476
vn 0.0048 -0.2321 0.9727
vn -0.0000 -0.2193 0.9757
vn 0.0000 -0.2194 0.9756
vn 0.0044 -0.2326 0.9726
vn 0.0062 -0.2199 0.9755
vn 0.0325 -0.3509 0.9359
vn 0.0326 -0.3509 0.9358
vn 0.1379 -0.4313 0.8916
vn -0.0073 -0.2687 0.9632
vn 0.0269 -0.3316 0.9431
vn 0.0269 -0.3315 0.9431
vn 0.1929 -0.9800 0.0482
vn 0.1929 -0.9800 0.0481
vn 0.5052 -0.8613 0.0544
vn 0.5052 -0.8612 0.0550
vn 0.5052 -0.8612 0.0549
vn 0.1256 -0.7200 0.6825
vn 0.1257 -0.7200 0.6825
vn 0.3557 -0.6973 0.6223
vn 0.8537 -0.5153 0.0753
vn 0.8537 -0.5153 0.0755
vn 0.9687 -0.2338 0.0835
vn 0.6616 -0.4844 0.5724
vn 0.6620 -0.4838 0.5724
vn 0.8175 -0.2559 0.5159
vn 0.3465 -0.3838 0.8559
vn 0.4943 -0.2540 0.8313
vn 0.4944 -0.2540 0.8313
vn 0.1445 -0.3191 0.9366
vn 0.1444 -0.3191 0.9367
vn 0.1934 -0.2432 0.9505
vn 0.1935 -0.2431 0.9505
vn 0.5819 -0.0579 0.8112
vn 0.6083 0.1350 0.7821
vn 0.6084 0.1350 0.7821
vn 0.2444 -0.0853 0.9659
vn 0.2695 0.0913 0.9587
vn 0.2694 0.0913 0.9587
vn 0.9966 -0.0196 0.0801
vn 0.9966 -0.0196 0.0802
vn 0.9873 0.1454 0.0640
vn 0.8771 -0.0324 0.4792
vn 0.8825 0.1566 0.4435
vn 0.9798 0.1929 0.0528
vn 0.9798 0.1929 0.0529
vn 0.9672 0.2505 0.0421
vn 0.9671 0.2507 0.0430
vn 0.9671 0.2507 0.0428
vn 0.8797 0.2176 0.4229
vn 0.8796 0.2176 0.4230
vn 0.8680 0.2757 0.4130
vn 0.8680 0.2757 0.4129
vn 0.6104 0.2077 0.7644
vn 0.6112 0.2076 0.7638
vn 0.6107 0.2077 0.7642
vn 0.5940 0.2592 0.7616
vn 0.2721 0.1671 0.9476
vn 0.2722 0.1671 0.9476
vn 0.2573 0.2093 0.9434
vn 0.2574 0.2093 0.9434
vn 0.5455 0.3516 0.7608
vn 0.5454 0.3516 0.7608
vn 0.4412 0.5107 0.7380
vn 0.2313 0.2670 0.9355
vn 0.2145 0.3590 0.9084
vn 0.9203 0.3907 0.0210
vn 0.9202 0.3908 0.0214
vn 0.9202 0.3908 0.0215
vn 0.7545 0.6560 -0.0195
vn 0.7544 0.6561 -0.0191
vn 0.7544 0.6561 -0.0190
vn 0.8256 0.4045 0.3934
vn 0.6811 0.6462 0.3443
vn 0.0495 0.9968 -0.0622
vn 0.0494 0.9968 -0.0622
vn 0.0495 0.9968 -0.0621
vn 0.0284 0.9345 0.3548
vn 0.1604 0.9848 -0.0664
vn 0.1604 0.9848 -0.0663
vn 0.1269 0.9426 0.3090
vn 0.1269 0.9425 0.3091
vn 0.2660 0.9616 -0.0672
vn 0.2660 0.9616 -0.0673
vn 0.2660 0.9616 -0.0669
vn 0.2392 0.9317 0.2735
vn 0.4608 0.8858 -0.0559
vn 0.4608 0.8857 -0.0560
vn 0.4608 0.8857 -0.0561
vn 0.4223 0.8609 0.2838
vn 0.2537 0.6363 0.7285
vn 0.1090 0.6205 0.7766
vn 0.0811 0.4145 0.9064
vn 0.0811 0.4146 0.9064
vn -0.0149 0.3257 0.9454
vn -0.0237 0.5259 0.8502
vn -0.0237 0.5258 0.8502
vn -0.0456 0.2584 0.9650
vn -0.0457 0.2585 0.9649
vn -0.0455 0.2583 0.9650
vn 0.0095 0.5664 0.8241
vn -0.0681 0.2687 0.9608
vn -0.0682 0.2688 0.9608
vn -0.0295 0.1181 0.9926
vn -0.0294 0.1180 0.9926
vn -0.0296 0.1181 0.9926
vn -0.0842 0.1080 0.9906
vn -0.0834 0.1074 0.9907
vn -0.0840 0.1078 0.9906
vn -0.0392 0.1527 0.9875
vn -0.0334 0.1416 0.9894
vn -0.0336 0.1418 0.9893
vn -0.0966 0.1385 0.9856
vn -0.0913 0.1291 0.9874
vn -0.0937 0.1690 0.9812
vn -0.0939 0.1691 0.9811
vn -0.0938 0.1691 0.9811
vn -0.0452 0.1780 0.9830
vn -0.0459 0.1785 0.9829
vn -0.0454 0.1781 0.9830
vn -0.0918 0.1296 0.9873
vn -0.0971 0.1395 0.9854
vn -0.0970 0.1395 0.9855
vn -0.0366 0.1477 0.9884
vn -0.0394 0.1533 0.9874
vn -0.0294 0.1792 0.9834
vn -0.0295 0.1792 0.9834
vn -0.0176 0.2314 0.9727
vn -0.0179 0.2316 0.9726
vn -0.1127 0.1396 0.9838
vn -0.0825 0.1908 0.9782
vn -0.0823 0.1906 0.9782
vn -0.0384 0.1443 0.9888
vn -0.0386 0.1443 0.9888
vn -0.0386 0.1444 0.9888
vn -0.1245 0.1196 0.9850
vn -0.1241 0.1195 0.9851
vn -0.1241 0.1195 0.9850
vn -0.0415 0.1126 0.9928
vn -0.0416 0.1126 0.9928
vn -0.0419 0.1127 0.9927
vn -0.1248 0.0962 0.9875
vn -0.1253 0.0964 0.9874
vn -0.0172 -0.2158 0.9763
vn -0.0173 -0.2159 0.9763
vn -0.0472 -0.1717 0.9840
vn -0.0476 -0.1721 0.9839
vn -0.0472 -0.1718 0.9840
vn 0.0000 -0.1926 0.9813
vn -0.0017 -0.1929 0.9812
vn -0.0016 -0.1927 0.9813
vn -0.0138 -0.1529 0.9881
vn -0.0139 -0.1530 0.9881
vn -0.0138 -0.1530 0.9881
vn -0.0228 -0.0641 0.9977
vn -0.0227 -0.0640 0.9977
vn -0.0685 -0.0743 0.9949
vn -0.0686 -0.0743 0.9949
vn -0.0267 0.0535 0.9982
vn -0.0270 0.0538 0.9982
vn -0.0268 0.0537 0.9982
vn -0.0779 0.0458 0.9959
vn -0.0778 0.0457 0.9959
vn -0.0780 0.0460 0.9959
vn -0.0454 -0.0953 0.9944
vn -0.0455 -0.0954 0.9944
vn -0.0443 0.0456 0.9980
vn -0.0441 0.0455 0.9980
vn -0.0442 0.0456 0.9980
vn -0.1116 -0.0872 0.9899
vn -0.1113 -0.0869 0.9900
vn -0.1114 -0.0870 0.9900
vn -0.1217 0.0362 0.9919
vn -0.1211 0.0357 0.9920
vn -0.1213 0.0359 0.9920
vn -0.0450 -0.2469 0.9680
vn -0.0449 -0.2469 0.9680
vn -0.0447 -0.2467 0.9681
vn -0.0271 -0.2722 0.9619
vn -0.0272 -0.2722 0.9619
vn -0.0845 -0.1943 0.9773
vn -0.0388 -0.2183 0.9751
vn -0.0390 -0.2184 0.9751
vn -0.0060 -0.9984 0.0566
vn -0.0000 -0.9984 0.0567
vn -0.0045 -0.6866 0.7270
vn -0.0592 -0.9968 0.0539
vn -0.0592 -0.9968 0.0540
vn -0.0375 -0.6894 0.7234
vn -0.0144 -0.3116 0.9501
vn -0.0048 -0.2322 0.9727
vn -0.0098 -0.3148 0.9491
vn -0.0140 -0.3112 0.9502
vn -0.0062 -0.2199 0.9755
vn -0.0044 -0.2326 0.9726
vn -0.0325 -0.3509 0.9358
vn -0.0326 -0.3509 0.9358
vn 0.0073 -0.2687 0.9632
vn -0.1379 -0.4314 0.8916
vn -0.0269 -0.3316 0.9430
vn -0.1929 -0.9800 0.0482
vn -0.1929 -0.9800 0.0483
vn -0.1256 -0.7200 0.6825
vn -0.5052 -0.8612 0.0548
vn -0.5052 -0.8613 0.0547
vn -0.3557 -0.6973 0.6223
vn -0.8537 -0.5153 0.0755
vn -0.6616 -0.4844 0.5724
vn -0.9687 -0.2338 0.0837
vn -0.9687 -0.2338 0.0835
vn -0.9687 -0.2338 0.0834
vn -0.8175 -0.2559 0.5159
vn -0.3466 -0.3839 0.8559
vn -0.1447 -0.3192 0.9366
vn -0.1447 -0.3193 0.9365
vn -0.4946 -0.2541 0.8312
vn -0.4946 -0.2541 0.8311
vn -0.1939 -0.2433 0.9504
vn -0.5822 -0.0579 0.8110
vn -0.2452 -0.0854 0.9657
vn -0.2452 -0.0853 0.9657
vn -0.6087 0.1351 0.7818
vn -0.2705 0.0914 0.9584
vn -0.9966 -0.0196 0.0801
vn -0.8771 -0.0325 0.4792
vn -0.9873 0.1454 0.0639
vn -0.9873 0.1454 0.0638
vn -0.8825 0.1566 0.4435
vn -0.9798 0.1929 0.0529
vn -0.8796 0.2176 0.4229
vn -0.8797 0.2176 0.4229
vn -0.8796 0.2177 0.4231
vn -0.9671 0.2507 0.0430
vn -0.9672 0.2505 0.0421
vn -0.9671 0.2506 0.0426
vn -0.8680 0.2757 0.4129
vn -0.8680 0.2757 0.4130
vn -0.6111 0.2077 0.7638
vn -0.6105 0.2078 0.7643
vn -0.2732 0.1673 0.9473
vn -0.2731 0.1673 0.9473
vn -0.5943 0.2592 0.7613
vn -0.2582 0.2095 0.9431
vn -0.5457 0.3516 0.7607
vn -0.5457 0.3517 0.7607
vn -0.5457 0.3516 0.7606
vn -0.2319 0.2672 0.9353
vn -0.4413 0.5107 0.7378
vn -0.4413 0.5107 0.7379
vn -0.2148 0.3593 0.9082
vn -0.9202 0.3908 0.0214
vn -0.9204 0.3906 0.0205
vn -0.9202 0.3908 0.0215
vn -0.8256 0.4045 0.3934
vn -0.8255 0.4045 0.3935
vn -0.7544 0.6561 -0.0191
vn -0.7545 0.6560 -0.0195
vn -0.7544 0.6561 -0.0190
vn -0.6811 0.6462 0.3443
vn -0.6811 0.6462 0.3444
vn -0.0494 0.9968 -0.0622
vn -0.0495 0.9968 -0.0622
vn -0.1604 0.9848 -0.0663
vn -0.1604 0.9848 -0.0664
vn -0.0284 0.9345 0.3548
vn -0.1269 0.9425 0.3091
vn -0.1269 0.9426 0.3090
vn -0.2659 0.9616 -0.0674
vn -0.2661 0.9616 -0.0666
vn -0.2660 0.9616 -0.0672
vn -0.4608 0.8857 -0.0561
vn -0.4608 0.8857 -0.0560
vn -0.4607 0.8858 -0.0555
vn -0.2392 0.9317 0.2735
vn -0.4224 0.8609 0.2837
vn -0.4223 0.8609 0.2839
vn -0.4224 0.8609 0.2838
vn -0.2538 0.6364 0.7284
vn -0.2538 0.6364 0.7285
vn -0.0812 0.4147 0.9063
vn -0.1090 0.6206 0.7765
vn 0.0149 0.3256 0.9454
vn 0.0150 0.3256 0.9454
vn 0.0237 0.5259 0.8502
vn 0.0237 0.5258 0.8503
vn -0.0095 0.5664 0.8241
vn 0.0456 0.2584 0.9650
vn 0.0455 0.2582 0.9650
vn 0.0682 0.2686 0.9608
vn 0.0292 0.1179 0.9926
vn 0.0293 0.1180 0.9926
vn 0.0295 0.1181 0.9926
vn 0.0390 0.1528 0.9875
vn 0.0331 0.1415 0.9894
vn 0.0364 0.1475 0.9884
vn 0.0840 0.1079 0.9906
vn 0.0836 0.1077 0.9907
vn 0.0838 0.1078 0.9906
vn 0.0962 0.1384 0.9857
vn 0.0910 0.1290 0.9875
vn 0.0913 0.1298 0.9873
vn 0.0939 0.1689 0.9812
vn 0.0935 0.1686 0.9812
vn 0.0937 0.1687 0.9812
vn 0.0968 0.1393 0.9855
vn 0.0452 0.1779 0.9830
vn 0.0453 0.1780 0.9830
vn 0.0454 0.1780 0.9830
vn 0.0394 0.1533 0.9874
vn 0.0296 0.1792 0.9834
vn 0.1130 0.1393 0.9838
vn 0.1129 0.1393 0.9838
vn 0.0177 0.2314 0.9727
vn 0.0176 0.2314 0.9727
vn 0.0179 0.2315 0.9727
vn 0.0825 0.1903 0.9783
vn 0.0826 0.1904 0.9782
vn 0.0824 0.1903 0.9783
vn 0.0392 0.1444 0.9887
vn 0.0388 0.1443 0.9888
vn 0.0419 0.1126 0.9928
vn 0.0422 0.1127 0.9927
vn 0.0424 0.1127 0.9927
vn 0.1246 0.1194 0.9850
vn 0.1244 0.1193 0.9850
vn 0.1252 0.0961 0.9875
vn 0.1256 0.0963 0.9874
vn 0.1250 0.0961 0.9875
vn 0.0172 -0.2158 0.9763
vn 0.0173 -0.2159 0.9763
vn 0.0173 -0.2158 0.9763
vn 0.0016 -0.1927 0.9813
vn -0.0000 -0.1927 0.9813
vn 0.0471 -0.1716 0.9840
vn 0.0473 -0.1718 0.9840
vn 0.0472 -0.1717 0.9840
vn 0.0137 -0.1528 0.9882
vn 0.0138 -0.1529 0.9881
vn 0.0227 -0.0640 0.9977
vn 0.0228 -0.0641 0.9977
vn 0.0227 -0.0641 0.9977
vn 0.0266 0.0535 0.9982
vn 0.0269 0.0538 0.9982
vn 0.0268 0.0537 0.9982
vn 0.0684 -0.0743 0.9949
vn 0.0685 -0.0743 0.9949
vn 0.0777 0.0459 0.9959
vn 0.0780 0.0461 0.9959
vn 0.0779 0.0460 0.9959
vn 0.0457 -0.0953 0.9944
vn 0.0456 -0.0952 0.9944
vn 0.1119 -0.0871 0.9899
vn 0.1115 -0.0867 0.9900
vn 0.1117 -0.0869 0.9899
vn 0.0449 0.0457 0.9979
vn 0.0441 0.0454 0.9980
vn 0.0446 0.0456 0.9980
vn 0.1217 0.0359 0.9919
vn 0.1218 0.0359 0.9919
vn 0.0449 -0.2467 0.9680
vn 0.0445 -0.2464 0.9681
vn 0.0448 -0.2466 0.9681
vn 0.0847 -0.1941 0.9773
vn 0.0847 -0.1940 0.9773
vn 0.0274 -0.2723 0.9618
vn 0.0269 -0.2720 0.9619
vn 0.0272 -0.2721 0.9619
vn 0.0389 -0.2182 0.9751
vn 0.0387 -0.2181 0.9752
vn 0.0390 -0.2182 0.9751
vn 0.6995 0.0869 -0.7094
vn 0.6994 0.0868 -0.7094
vn 0.1012 0.1632 -0.9814
vn 0.4418 0.6535 -0.6146
vn 0.0421 0.8064 -0.5898
vn 0.0419 0.8063 -0.5900
vn 0.0420 0.8064 -0.5899
vn 0.0000 0.1707 -0.9853
vn 0.0000 0.8156 -0.5786
vn -0.1012 0.1632 -0.9814
vn -0.1012 0.1633 -0.9814
vn -0.6994 0.0868 -0.7094
vn -0.6995 0.0869 -0.7094
vn -0.0419 0.8063 -0.5900
vn -0.0421 0.8064 -0.5898
vn -0.0420 0.8064 -0.5899
vn -0.4419 0.6535 -0.6146
vn -0.0626 0.0273 0.9977
vn -0.0625 0.0271 0.9977
vn -0.0626 0.0272 0.9977
vn -0.0334 0.6042 0.7961
vn -0.0334 0.6042 0.7962
vn -0.5145 0.0005 0.8575
vn -0.5145 0.0004 0.8575
vn -0.3465 0.4698 0.8119
vn 0.0000 0.0314 0.9995
vn 0.0000 0.6171 0.7869
vn 0.5145 0.0005 0.8575
vn 0.5145 0.0004 0.8575
vn 0.3464 0.4698 0.8119
vn 0.0626 0.0273 0.9977
vn 0.0625 0.0270 0.9977
vn 0.0625 0.0272 0.9977
vn 0.0334 0.6042 0.7961
vn 0.0334 0.6042 0.7962
vn -0.9976 0.0690 -0.0006
vn -0.9976 0.0690 0.0001
vn -0.8546 0.5193 -0.0044
vn -0.8545 0.5194 0.0012
vn -0.8545 0.5195 0.0012
vn -0.9976 0.0691 -0.0010
vn -0.8545 0.5195 -0.0078
vn -0.8546 0.5193 -0.0045
vn -0.9041 0.4071 -0.1298
vn -0.9859 0.0487 -0.1599
vn -0.9859 0.0486 -0.1599
vn -0.8616 0.5068 -0.0283
vn -0.9976 0.0666 -0.0190
vn 0.8545 0.5194 0.0012
vn 0.8546 0.5193 -0.0044
vn 0.8545 0.5195 0.0012
vn 0.9976 0.0690 0.0001
vn 0.9976 0.0690 -0.0006
vn 0.8546 0.5193 -0.0045
vn 0.8544 0.5195 -0.0078
vn 0.9976 0.0691 -0.0010
vn 0.9859 0.0485 -0.1599
vn 0.9041 0.4071 -0.1298
vn 0.9976 0.0665 -0.0190
vn 0.9976 0.0666 -0.0190
vn 0.9976 0.0664 -0.0190
vn 0.8616 0.5067 -0.0283
vn 0.8616 0.5068 -0.0283
vn 0.0300 0.9995 0.0026
vn 0.0299 0.9995 -0.0085
vn 0.2730 0.9620 0.0024
vn 0.2729 0.9620 -0.0082
vn 0.2729 0.9620 0.0025
vn 0.0300 0.9994 -0.0150
vn 0.2730 0.9620 -0.0082
vn 0.2730 0.9619 -0.0145
vn 0.2030 0.9708 -0.1275
vn 0.0207 0.9876 -0.1557
vn 0.0208 0.9876 -0.1556
vn 0.2642 0.9636 -0.0418
vn 0.0290 0.9985 -0.0464
vn 0.0286 0.9985 -0.0466
vn 0.0000 1.0000 -0.0085
vn 0.0000 1.0000 0.0027
vn 0.0000 0.9999 -0.0150
vn 0.0000 0.9872 -0.1593
vn 0.0000 0.9989 -0.0470
vn -0.2729 0.9620 -0.0082
vn -0.2729 0.9620 0.0024
vn -0.2729 0.9621 0.0025
vn -0.0299 0.9995 -0.0085
vn -0.0300 0.9995 0.0026
vn -0.2730 0.9619 -0.0145
vn -0.0300 0.9994 -0.0150
vn -0.0208 0.9876 -0.1556
vn -0.0207 0.9876 -0.1557
vn -0.2030 0.9708 -0.1275
vn -0.0287 0.9985 -0.0465
vn -0.0289 0.9985 -0.0464
vn -0.0286 0.9985 -0.0465
vn -0.2642 0.9636 -0.0418
vn -0.9976 0.0690 0.0017
vn -0.9976 0.0691 0.0031
vn -0.9976 0.0691 0.0018
vn -0.8543 0.5198 0.0036
vn -0.8536 0.5203 0.0243
vn -0.8537 0.5201 0.0242
vn -0.9643 0.0286 0.2632
vn -0.8892 0.3951 0.2306
vn -0.9973 0.0642 0.0368
vn -0.9972 0.0645 0.0367
vn -0.9973 0.0643 0.0368
vn -0.8587 0.5079 0.0687
vn -0.8586 0.5079 0.0687
vn -0.8586 0.5080 0.0687
vn 0.9976 0.0690 0.0017
vn 0.8543 0.5198 0.0036
vn 0.9976 0.0691 0.0018
vn 0.9976 0.0691 0.0031
vn 0.8537 0.5202 0.0242
vn 0.8535 0.5205 0.0243
vn 0.8536 0.5203 0.0243
vn 0.8892 0.3951 0.2306
vn 0.8892 0.3950 0.2306
vn 0.9643 0.0285 0.2632
vn 0.8586 0.5080 0.0686
vn 0.8587 0.5079 0.0686
vn 0.9973 0.0642 0.0367
vn 0.9973 0.0643 0.0367
vn 0.2726 0.9621 0.0070
vn 0.0299 0.9995 0.0073
vn 0.2715 0.9613 0.0462
vn 0.2720 0.9612 0.0465
vn 0.2718 0.9612 0.0464
vn 0.0298 0.9984 0.0488
vn 0.0299 0.9984 0.0489
vn 0.0196 0.9555 0.2942
vn 0.0203 0.9557 0.2936
vn 0.0201 0.9557 0.2938
vn 0.1973 0.9481 0.2492
vn 0.1972 0.9481 0.2492
vn 0.0280 0.9922 0.1216
vn 0.0285 0.9922 0.1212
vn 0.0282 0.9922 0.1214
vn 0.2606 0.9591 0.1109
vn 0.0000 1.0000 0.0074
vn 0.0000 0.9988 0.0489
vn 0.0000 0.9541 0.2994
vn 0.0000 0.9925 0.1224
vn -0.0299 0.9995 0.0073
vn -0.2726 0.9621 0.0070
vn -0.0298 0.9984 0.0488
vn -0.0299 0.9984 0.0489
vn -0.2720 0.9612 0.0465
vn -0.2715 0.9613 0.0462
vn -0.2717 0.9613 0.0463
vn -0.1973 0.9481 0.2492
vn -0.0202 0.9557 0.2937
vn -0.0199 0.9556 0.2939
vn -0.0201 0.9557 0.2938
vn -0.2606 0.9591 0.1108
vn -0.2606 0.9591 0.1109
vn -0.0280 0.9922 0.1215
vn -0.0284 0.9922 0.1213
vn -0.0283 0.9922 0.1214
vn -0.4418 0.6535 -0.6146
vn 0.1012 0.1633 -0.9814
vn 0.4419 0.6535 -0.6146
vn 0.0625 0.0271 0.9977
vn 0.0626 0.0272 0.9977
vn 0.3465 0.4698 0.8119
vn -0.5146 0.0005 0.8574
vn -0.3464 0.4698 0.8119
vn -0.3464 0.4698 0.8120
vn 0.9976 0.0689 -0.0006
vn 0.9976 0.0689 0.0001
vn 0.9976 0.0690 -0.0010
vn 0.8545 0.5195 -0.0078
vn 0.9859 0.0487 -0.1599
vn 0.9859 0.0486 -0.1599
vn -0.9859 0.0485 -0.1599
vn -0.9976 0.0664 -0.0190
vn -0.9976 0.0665 -0.0190
vn -0.2730 0.9620 0.0024
vn -0.2729 0.9620 0.0025
vn -0.2730 0.9620 -0.0082
vn -0.0284 0.9985 -0.0467
vn -0.0288 0.9985 -0.0465
vn 0.2729 0.9620 0.0024
vn 0.0289 0.9985 -0.0464
vn 0.0288 0.9985 -0.0465
vn 0.0286 0.9985 -0.0465
vn 0.9976 0.0689 0.0017
vn 0.9976 0.0689 0.0018
vn 0.9976 0.0690 0.0031
vn 0.8536 0.5204 0.0243
vn 0.9643 0.0286 0.2632
vn 0.9973 0.0644 0.0367
vn 0.8586 0.5079 0.0687
vn 0.8587 0.5079 0.0687
vn -0.8533 0.5208 0.0246
vn -0.8535 0.5205 0.0243
vn -0.8586 0.5080 0.0686
vn -0.8587 0.5079 0.0686
vn -0.9643 0.0285 0.2632
vn -0.9973 0.0642 0.0367
vn -0.9973 0.0643 0.0367
vn -0.2716 0.9613 0.0463
vn -0.0296 0.9984 0.0487
vn -0.0203 0.9557 0.2936
vn -0.0285 0.9922 0.1212
vn -0.0280 0.9922 0.1216
vn -0.1972 0.9481 0.2492
vn -0.2607 0.9590 0.1108
vn 0.0299 0.9995 0.0074
vn 0.2729 0.9621 0.0025
vn 0.2725 0.9621 0.0070
vn 0.2717 0.9613 0.0463
vn 0.2606 0.9591 0.1108
vn 0.0202 0.9557 0.2937
vn 0.0199 0.9556 0.2939
vn 0.0280 0.9922 0.1215
vn 0.0282 0.9922 0.1215
vn 0.0322 -0.0706 -0.9970
vn -0.0322 -0.0706 -0.9970
vn -0.0121 0.8946 -0.4466
vn -0.2526 -0.0714 -0.9649
vn -0.5288 -0.0541 -0.8470
vn -0.2266 0.2854 -0.9312
vn -0.9693 0.0272 -0.2442
vn -0.3076 0.9197 -0.2439
vn -0.9958 0.0415 -0.0813
vn -0.9989 0.0446 -0.0114
vn -0.9990 0.0436 0.0108
vn -0.3737 0.9275 -0.0076
vn -0.0317 -0.0810 0.9962
vn -0.1139 -0.0837 0.9900
vn -0.2517 -0.0821 0.9643
vn -0.4092 0.5517 0.7268
vn -0.0498 0.5646 0.8239
vn 0.0117 0.8855 0.4646
vn 0.0317 -0.0810 0.9962
vn -0.0117 0.8855 0.4645
vn 0.4093 0.5516 0.7268
vn 0.1783 0.5461 0.8186
vn 0.0739 0.8776 0.4736
vn 0.2517 -0.0821 0.9643
vn 0.3752 0.9252 0.0563
vn 0.9958 0.0420 -0.0814
vn 0.9453 0.3122 -0.0941
vn 0.9990 0.0440 -0.0112
vn 0.6683 0.7353 -0.1126
vn 0.3614 0.9313 -0.0465
vn 0.5191 0.7106 -0.4750
vn 0.2937 0.8788 -0.3762
vn -0.0308 0.9753 -0.2189
vn 0.0345 0.9425 -0.3325
vn 0.0225 0.9923 -0.1214
vn -0.0369 0.9922 -0.1191
vn -0.0380 0.9992 -0.0145
vn -0.0391 0.9984 0.0402
vn 0.1551 0.9878 -0.0122
vn 0.0248 0.9996 -0.0136
vn -0.0264 0.9708 0.2385
vn -0.0273 0.9917 0.1254
vn 0.0269 0.9995 -0.0135
vn 0.0270 0.9987 0.0422
vn 0.0395 0.9918 0.1215
vn -0.1305 0.9638 0.2325
vn -0.0219 0.9921 0.1235
vn -0.1523 0.9873 0.0454
vn -0.1544 0.9879 -0.0119
vn 0.0223 0.9767 -0.2133
vn 0.0376 0.9921 -0.1197
vn -0.0225 0.9923 -0.1214
vn -0.0344 0.9425 -0.3325
vn 0.0140 -0.3113 0.9502
vn 0.1929 -0.9800 0.0483
vn 0.5052 -0.8613 0.0546
vn 0.1934 -0.2431 0.9505
vn 0.6083 0.1351 0.7821
vn 0.8771 -0.0324 0.4791
vn 0.9798 0.1929 0.0527
vn 0.9672 0.2506 0.0423
vn 0.8796 0.2176 0.4229
vn 0.6105 0.2077 0.7643
vn 0.4412 0.5107 0.7379
vn 0.7545 0.6560 -0.0196
vn 0.0284 0.9345 0.3549
vn 0.1269 0.9425 0.3090
vn 0.2659 0.9616 -0.0675
vn 0.2392 0.9317 0.2734
vn 0.4607 0.8858 -0.0555
vn -0.0237 0.5258 0.8503
vn -0.0458 0.2586 0.9649
vn -0.0682 0.2687 0.9608
vn -0.0841 0.1078 0.9906
vn -0.0173 0.2313 0.9727
vn -0.0387 0.1444 0.9888
vn -0.1242 0.1195 0.9850
vn -0.0421 0.1128 0.9927
vn -0.1246 0.0961 0.9875
vn -0.0473 -0.1718 0.9840
vn -0.0269 0.0538 0.9982
vn -0.0780 0.0459 0.9959
vn -0.1214 0.0360 0.9919
vn -0.0447 -0.2467 0.9680
vn -0.0389 -0.2183 0.9751
vn -0.0140 -0.3113 0.9502
vn 0.0073 -0.2686 0.9632
vn -0.2704 0.0914 0.9584
vn -0.9966 -0.0196 0.0800
vn -0.9798 0.1929 0.0528
vn -0.8796 0.2176 0.4230
vn -0.9672 0.2505 0.0420
vn -0.6110 0.2077 0.7639
vn -0.5456 0.3516 0.7607
vn -0.9204 0.3905 0.0204
vn -0.0284 0.9345 0.3549
vn -0.2659 0.9616 -0.0675
vn -0.4223 0.8609 0.2838
vn 0.0457 0.2585 0.9649
vn 0.0294 0.1181 0.9926
vn 0.0335 0.1417 0.9893
vn 0.0911 0.1291 0.9874
vn 0.0937 0.1688 0.9812
vn 0.0969 0.1393 0.9855
vn 0.0454 0.1781 0.9830
vn 0.0393 0.1533 0.9874
vn 0.1129 0.1392 0.9838
vn 0.0174 0.2312 0.9728
vn 0.0824 0.1902 0.9783
vn 0.0387 0.1443 0.9888
vn 0.0420 0.1126 0.9927
vn 0.1245 0.1193 0.9850
vn 0.1251 0.0961 0.9875
vn 0.0015 -0.1927 0.9813
vn 0.0778 0.0460 0.9959
vn 0.0458 -0.0954 0.9944
vn 0.0445 0.0455 0.9980
vn 0.0273 -0.2722 0.9619
vn 0.3464 0.4698 0.8120
vn -0.9976 0.0692 -0.0010
vn -0.8544 0.5195 -0.0078
vn -0.8616 0.5067 -0.0283
vn 0.9976 0.0692 -0.0010
vn 0.2731 0.9619 -0.0145
vn -0.9976 0.0692 0.0032
vn -0.8542 0.5200 0.0037
vn -0.8536 0.5204 0.0243
vn -0.9972 0.0644 0.0367
vn 0.8543 0.5197 0.0035
vn 0.9976 0.0692 0.0032
vn 0.2717 0.9613 0.0464
vn 0.0296 0.9984 0.0487
vn -0.0299 0.9995 0.0074
vn -0.2725 0.9621 0.0070
vn -0.0281 0.9922 0.1215
vn -0.0208 0.9876 -0.1557
vn 0.8542 0.5200 0.0037
vn -0.8892 0.3950 0.2306
vn -0.2719 0.9612 0.0465
vn -0.0283 0.9922 0.1213
vn 0.2716 0.9613 0.0463
vn 0.0283 0.9922 0.1214
usemtl surf1
s 1
f 1//1 3//2 4//2
f 1//1 6//3 2//4
f 5//5 8//6 6//3
f 7//7 10//8 8//6
f 11//9 9//10 12//9
f 13//11 3//11 14//11
f 15//12 13//12 14//12
f 3//13 18//13 17//13
f 4//14 20//14 1//14
f 2//15 21//15 18//15
f 1//16 22//16 5//16
f 6//17 23//17 21//17
f 5//18 24//18 7//18
f 8//19 25//19 23//19
f 10//20 26//21 25//22
f 7//23 27//23 9//23
f 9//24 28//25 12//26
f 17//27 14//27 3//27
f 16//28 4//28 13//28
f 29//29 31//30 32//29
f 33//31 31//30 30//32
f 35//33 34//34 33//31
f 37//35 36//36 35//33
f 38//37 39//38 40//38
f 29//39 41//39 42//39
f 15//12 41//12 16//12
f 29//13 18//13 30//13
f 20//14 32//14 31//14
f 30//15 21//15 33//15
f 22//16 31//16 34//16
f 33//17 23//17 35//17
f 24//18 34//18 36//18
f 35//19 25//19 37//19
f 37//40 26//21 39//41
f 27//23 36//23 38//23
f 28//25 38//42 40//43
f 17//27 42//27 15//27
f 16//28 32//28 19//28
f 43//44 45//45 46//44
f 44//46 48//47 45//45
f 47//47 50//48 48//47
f 49//48 52//49 50//48
f 52//49 53//9 54//9
f 43//50 56//50 44//50
f 46//51 58//51 57//51
f 44//52 59//52 47//52
f 45//53 60//53 58//53
f 47//54 61//54 49//54
f 48//55 62//55 60//55
f 49//56 63//56 51//56
f 50//57 64//57 62//57
f 51//58 65//59 53//60
f 52//61 66//62 64//63
f 67//64 69//65 70//65
f 71//66 68//67 67//64
f 73//68 72//66 71//66
f 75//69 74//68 73//68
f 77//38 75//69 78//38
f 56//50 69//50 68//50
f 70//51 58//51 67//51
f 59//52 68//52 72//52
f 67//53 60//53 71//53
f 61//54 72//54 74//54
f 71//55 62//55 73//55
f 63//56 74//56 76//56
f 73//57 64//57 75//57
f 65//59 76//70 77//71
f 75//72 66//62 78//73
f 79//74 81//75 82//75
f 79//74 84//76 80//77
f 83//78 86//79 84//76
f 85//80 88//81 86//79
f 89//82 87//83 90//82
f 91//84 81//85 92//84
f 93//86 91//86 92//86
f 81//87 96//87 95//87
f 82//88 98//88 79//88
f 80//89 99//89 96//89
f 79//90 100//90 83//90
f 84//91 101//91 99//91
f 83//92 102//92 85//92
f 86//93 103//93 101//93
f 88//94 104//95 103//96
f 85//97 105//97 87//97
f 87//98 106//99 90//100
f 81//101 93//101 92//101
f 94//102 82//102 91//102
f 107//103 109//104 110//103
f 111//105 109//104 108//106
f 113//107 112//108 111//105
f 115//109 114//110 113//107
f 116//111 117//112 118//112
f 107//113 119//114 120//114
f 93//86 119//86 94//86
f 107//87 96//87 108//87
f 98//88 110//88 109//88
f 108//89 99//89 111//89
f 100//90 109//90 112//90
f 111//91 101//91 113//91
f 102//92 112//92 114//92
f 113//93 103//93 115//93
f 115//115 104//95 117//116
f 105//97 114//97 116//97
f 106//99 116//117 118//117
f 95//101 120//101 93//101
f 97//102 119//102 110//102
f 121//118 123//119 124//118
f 122//120 126//121 123//119
f 125//121 128//122 126//121
f 127//122 130//123 128//122
f 130//123 131//82 132//82
f 121//124 134//124 122//124
f 124//125 136//125 135//125
f 122//126 137//126 125//126
f 123//127 138//127 136//127
f 125//128 139//128 127//128
f 126//129 140//129 138//129
f 127//130 141//130 129//130
f 128//57 142//57 140//57
f 129//131 143//132 131//133
f 130//134 144//135 142//136
f 145//137 147//138 148//138
f 149//139 146//140 145//137
f 151//141 150//139 149//139
f 153//142 152//143 151//141
f 155//112 153//142 156//112
f 134//124 147//124 146//124
f 148//125 136//125 145//125
f 137//126 146//126 150//126
f 145//127 138//127 149//127
f 139//128 150//128 152//128
f 149//129 140//129 151//129
f 141//130 152//130 154//130
f 151//57 142//57 153//57
f 143//132 154//144 155//145
f 153//146 144//135 156//147
f 157//148 159//149 160//149
f 157//148 162//150 158//151
f 161//152 164//153 162//150
f 163//154 166//155 164//153
f 167//156 165//157 168//156
f 169//158 159//159 170//158
f 171//160 169//160 170//160
f 159//161 174//161 173//161
f 160//162 176//162 157//162
f 158//163 177//163 174//163
f 157//164 178//164 161//164
f 162//165 179//165 177//165
f 161//166 180//166 163//166
f 164//167 181//167 179//167
f 166//168 182//169 181//170
f 163//171 183//171 165//171
f 165//172 184//173 168//174
f 173//175 170//175 159//175
f 172//176 160//176 169//176
f 185//177 187//178 188//177
f 189//179 187//178 186//180
f 191//181 190//182 189//179
f 193//183 192//184 191//181
f 194//185 195//186 196//186
f 185//187 197//187 198//187
f 171//160 197//160 172//160
f 185//161 174//161 186//161
f 176//162 188//162 187//162
f 186//163 177//163 189//163
f 178//164 187//164 190//164
f 189//165 179//165 191//165
f 180//166 190//166 192//166
f 191//167 181//167 193//167
f 193//188 182//169 195//189
f 183//171 192//171 194//171
f 184//173 194//190 196//191
f 173//175 198//175 171//175
f 175//176 197//176 188//176
f 199//192 201//193 202//192
f 200//194 204//195 201//193
f 203//195 206//196 204//195
f 205//196 208//197 206//196
f 208//197 209//156 210//156
f 199//198 212//198 200//198
f 202//199 214//199 213//199
f 200//200 215//201 203//200
f 201//202 216//203 214//202
f 203//204 217//204 205//204
f 204//205 218//205 216//205
f 205//206 219//206 207//206
f 206//57 220//57 218//57
f 207//207 221//208 209//209
f 208//210 222//211 220//212
f 223//213 225//214 226//214
f 227//215 224//216 223//213
f 229//217 228//215 227//215
f 231//218 230//217 229//217
f 233//186 231//218 234//186
f 212//198 225//198 224//198
f 226//199 214//199 223//199
f 215//201 224//200 228//201
f 223//203 216//203 227//203
f 217//204 228//204 230//204
f 227//205 218//205 229//205
f 219//206 230//206 232//206
f 229//57 220//57 231//57
f 221//208 232//219 233//220
f 231//221 222//211 234//222
f 235//223 237//224 238//224
f 235//223 240//225 236//223
f 239//226 242//227 240//225
f 241//228 244//229 242//227
f 245//230 243//231 246//230
f 247//232 237//232 248//232
f 248//233 250//233 247//233
f 237//234 252//234 251//234
f 238//235 254//235 235//235
f 236//236 255//236 252//236
f 235//237 256//237 239//237
f 240//238 257//238 255//238
f 239//239 258//239 241//239
f 242//240 259//240 257//240
f 244//241 260//242 259//243
f 241//244 261//244 243//244
f 243//245 262//246 246//245
f 251//247 248//247 237//248
f 247//249 253//249 238//249
f 263//250 265//251 266//250
f 267//252 265//251 264//253
f 269//254 268//255 267//252
f 271//256 270//257 269//254
f 272//258 273//259 274//259
f 263//260 275//261 276//262
f 249//233 275//233 250//233
f 263//234 252//234 264//234
f 254//235 266//235 265//235
f 264//236 255//236 267//236
f 256//237 265//237 268//237
f 267//238 257//238 269//238
f 258//239 268//239 270//239
f 269//240 259//240 271//240
f 271//263 260//242 273//263
f 261//244 270//244 272//244
f 262//246 272//264 274//265
f 249//247 263//247 276//248
f 250//249 266//249 253//249
f 277//266 279//267 280//266
f 278//268 282//269 279//267
f 281//269 284//270 282//269
f 283//270 286//271 284//270
f 286//271 287//230 288//230
f 277//272 290//272 278//272
f 280//273 292//273 291//273
f 278//274 293//275 281//275
f 279//276 294//276 292//277
f 281//278 295//278 283//278
f 282//279 296//279 294//279
f 283//280 297//280 285//280
f 284//57 298//57 296//57
f 285//281 299//282 287//283
f 286//284 300//285 298//286
f 301//287 303//288 304//288
f 305//289 302//290 301//287
f 307//291 306//289 305//289
f 309//292 308//291 307//291
f 311//259 309//292 312//259
f 290//272 303//272 302//272
f 304//273 292//273 301//273
f 293//275 302//274 306//274
f 301//277 294//276 305//277
f 295//278 306//278 308//278
f 305//279 296//279 307//279
f 297//280 308//280 310//280
f 307//57 298//57 309//57
f 299//282 310//293 311//294
f 309//295 300//285 312//295
f 313//296 315//297 316//297
f 313//296 318//298 314//296
f 317//299 320//300 318//298
f 319//301 322//302 320//300
f 323//303 321//304 324//303
f 325//305 315//306 326//305
f 327//307 325//307 326//307
f 315//308 330//308 329//308
f 316//309 332//309 313//309
f 314//310 333//310 330//310
f 313//311 334//311 317//311
f 318//312 335//312 333//312
f 317//313 336//313 319//313
f 320//314 337//314 335//314
f 322//315 338//316 337//317
f 319//318 339//318 321//318
f 321//319 340//320 324//321
f 329//322 326//322 315//322
f 325//323 331//324 316//323
f 341//325 343//326 344//325
f 345//327 343//326 342//328
f 347//329 346//330 345//327
f 349//331 348//332 347//329
f 350//333 351//334 352//334
f 341//335 353//335 354//335
f 327//307 353//307 328//307
f 341//308 330//308 342//308
f 332//309 344//309 343//309
f 342//310 333//310 345//310
f 334//311 343//311 346//311
f 345//312 335//312 347//312
f 336//313 346//313 348//313
f 347//314 337//314 349//314
f 349//336 338//316 351//337
f 339//318 348//318 350//318
f 340//320 350//338 352//338
f 327//322 341//322 354//322
f 328//324 344//324 331//324
f 355//339 357//340 358//339
f 356//341 360//342 357//340
f 359//342 362//343 360//342
f 361//344 364//345 362//343
f 364//345 365//303 366//303
f 355//346 368//346 356//346
f 358//347 370//347 369//347
f 356//348 371//348 359//348
f 357//349 372//349 370//349
f 359//350 373//350 361//350
f 360//351 374//351 372//351
f 361//352 375//352 363//352
f 362//57 376//57 374//57
f 363//353 377//354 365//355
f 364//356 378//357 376//358
f 379//359 381//360 382//360
f 383//361 380//362 379//359
f 385//363 384//361 383//361
f 387//364 386//363 385//363
f 389//334 387//364 390//334
f 368//346 381//346 380//346
f 382//347 370//347 379//347
f 371//348 380//348 384//348
f 379//349 372//349 383//349
f 373//350 384//350 386//350
f 383//351 374//351 385//351
f 375//352 386//352 388//352
f 385//57 376//57 387//57
f 377//354 388//365 389//366
f 387//367 378//357 390//368
f 273//369 168//369 274//369
f 210//369 311//369 312//369
f 89//370 196//370 195//370
f 132//370 233//370 234//370
f 11//371 118//371 117//371
f 54//371 155//371 156//371
f 366//372 77//372 78//372
f 323//372 40//372 39//372
f 245//373 352//373 351//373
f 288//373 389//373 390//373
f 391//374 324//374 392//374
f 28//374 391//374 393//374
f 28//374 394//374 12//374
f 118//374 394//374 395//374
f 118//374 396//374 106//374
f 396//374 90//374 106//374
f 90//374 398//374 196//374
f 398//374 184//374 196//374
f 184//374 400//374 168//374
f 401//374 168//374 400//374
f 401//374 262//374 274//374
f 403//374 262//374 402//374
f 403//374 352//374 246//374
f 405//374 352//374 404//374
f 324//374 405//374 392//374
f 411//374 415//374 419//374
f 421//374 402//374 422//374
f 402//374 423//374 422//374
f 401//374 424//374 423//374
f 421//374 404//374 403//374
f 425//374 405//374 404//374
f 427//374 405//374 426//374
f 392//374 428//374 391//374
f 428//374 393//374 391//374
f 394//374 431//374 395//374
f 393//374 430//374 394//374
f 396//374 433//374 397//374
f 396//374 431//374 432//374
f 433//374 398//374 397//374
f 434//374 399//374 398//374
f 435//374 400//374 399//374
f 436//374 433//374 432//374
f 437//374 434//374 433//374
f 438//374 435//374 434//374
f 435//374 440//374 424//374
f 441//374 424//374 440//374
f 441//374 422//374 423//374
f 443//374 422//374 442//374
f 444//374 421//374 443//374
f 445//374 425//374 444//374
f 427//374 445//374 446//374
f 447//374 427//374 446//374
f 448//374 428//374 447//374
f 429//374 449//374 430//374
f 431//374 449//374 450//374
f 431//374 436//374 432//374
f 451//375 437//375 436//375
f 452//370 438//370 437//370
f 453//376 439//376 438//376
f 454//377 440//377 439//377
f 456//369 440//369 455//369
f 457//378 441//378 456//378
f 458//379 442//379 457//379
f 459//373 443//373 458//373
f 460//380 444//380 459//380
f 461//381 445//381 460//381
f 462//372 446//372 461//372
f 463//382 447//382 462//382
f 463//383 449//383 448//383
f 464//371 450//371 449//371
f 465//384 436//384 450//384
f 451//57 467//57 452//57
f 452//57 468//57 453//57
f 453//57 469//57 454//57
f 455//57 469//57 470//57
f 456//57 470//57 471//57
f 472//57 456//57 471//57
f 458//57 472//57 473//57
f 459//57 473//57 474//57
f 460//57 474//57 475//57
f 476//57 460//57 475//57
f 477//57 461//57 476//57
f 477//57 463//57 462//57
f 478//57 464//57 463//57
f 479//57 465//57 464//57
f 480//57 451//57 465//57
f 466//385 482//386 467//386
f 467//387 483//388 468//388
f 468//389 484//390 469//390
f 484//391 470//392 469//391
f 486//393 470//394 485//394
f 487//395 471//396 486//396
f 487//397 473//398 472//397
f 488//399 474//400 473//401
f 489//402 475//403 474//402
f 490//404 476//405 475//404
f 492//406 476//407 491//407
f 492//408 478//409 477//408
f 478//410 494//411 479//412
f 494//413 480//414 479//413
f 480//415 481//416 466//416
f 406//375 482//375 481//417
f 420//370 483//370 482//370
f 419//376 484//376 483//376
f 418//377 485//377 484//377
f 416//369 485//369 417//369
f 415//378 486//378 416//378
f 414//379 487//379 415//379
f 413//373 488//373 414//373
f 412//380 489//380 413//418
f 411//381 490//381 412//381
f 410//372 491//372 411//372
f 409//419 492//419 410//419
f 409//420 494//420 493//420
f 408//371 495//371 494//371
f 407//384 481//384 495//384
f 1//1 2//4 3//2
f 1//1 5//5 6//3
f 5//5 7//7 8//6
f 7//7 9//10 10//8
f 11//9 10//8 9//10
f 13//11 4//11 3//11
f 15//12 16//12 13//12
f 3//13 2//13 18//13
f 4//14 19//14 20//14
f 2//15 6//15 21//15
f 1//16 20//16 22//16
f 6//17 8//17 23//17
f 5//18 22//18 24//18
f 8//19 10//19 25//19
f 10//20 11//421 26//21
f 7//23 24//23 27//23
f 9//24 27//422 28//25
f 17//27 15//27 14//27
f 16//28 19//28 4//28
f 29//29 30//32 31//30
f 33//31 34//34 31//30
f 35//33 36//36 34//34
f 37//35 38//37 36//36
f 38//37 37//35 39//38
f 29//39 32//39 41//39
f 15//12 42//12 41//12
f 29//13 17//13 18//13
f 20//14 19//14 32//14
f 30//15 18//15 21//15
f 22//16 20//16 31//16
f 33//17 21//17 23//17
f 24//18 22//18 34//18
f 35//19 23//19 25//19
f 37//40 25//22 26//21
f 27//23 24//23 36//23
f 28//25 27//422 38//42
f 17//27 29//27 42//27
f 16//28 41//28 32//28
f 43//44 44//46 45//45
f 44//46 47//47 48//47
f 47//47 49//48 50//48
f 49//48 51//49 52//49
f 52//49 51//49 53//9
f 43//50 55//50 56//50
f 46//51 45//51 58//51
f 44//52 56//52 59//52
f 45//53 48//53 60//53
f 47//54 59//54 61//54
f 48//55 50//55 62//55
f 49//56 61//56 63//56
f 50//57 52//57 64//57
f 51//58 63//423 65//59
f 52//61 54//61 66//62
f 67//64 68//67 69//65
f 71//66 72//66 68//67
f 73//68 74//68 72//66
f 75//69 76//69 74//68
f 77//38 76//69 75//69
f 56//50 55//50 69//50
f 70//51 57//51 58//51
f 59//52 56//52 68//52
f 67//53 58//53 60//53
f 61//54 59//54 72//54
f 71//55 60//55 62//55
f 63//56 61//56 74//56
f 73//57 62//57 64//57
f 65//59 63//423 76//70
f 75//72 64//63 66//62
f 79//74 80//77 81//75
f 79//74 83//78 84//76
f 83//78 85//80 86//79
f 85//80 87//83 88//81
f 89//82 88//81 87//83
f 91//84 82//85 81//85
f 93//86 94//86 91//86
f 81//87 80//87 96//87
f 82//88 97//88 98//88
f 80//89 84//89 99//89
f 79//90 98//90 100//90
f 84//91 86//91 101//91
f 83//92 100//92 102//92
f 86//93 88//93 103//93
f 88//94 89//424 104//95
f 85//97 102//97 105//97
f 87//98 105//425 106//99
f 81//101 95//101 93//101
f 94//102 97//102 82//102
f 107//103 108//106 109//104
f 111//105 112//108 109//104
f 113//107 114//110 112//108
f 115//109 116//111 114//110
f 116//111 115//109 117//112
f 107//113 110//426 119//114
f 93//86 120//86 119//86
f 107//87 95//87 96//87
f 98//88 97//88 110//88
f 108//89 96//89 99//89
f 100//90 98//90 109//90
f 111//91 99//91 101//91
f 102//92 100//92 112//92
f 113//93 101//93 103//93
f 115//115 103//96 104//95
f 105//97 102//97 114//97
f 106//99 105//425 116//117
f 95//101 107//101 120//101
f 97//102 94//102 119//102
f 121//118 122//120 123//119
f 122//120 125//121 126//121
f 125//121 127//122 128//122
f 127//122 129//123 130//123
f 130//123 129//123 131//82
f 121//124 133//124 134//124
f 124//125 123//125 136//125
f 122//126 134//126 137//126
f 123//127 126//127 138//127
f 125//128 137//128 139//128
f 126//129 128//129 140//129
f 127//130 139//130 141//130
f 128//57 130//57 142//57
f 129//131 141//427 143//132
f 130//134 132//428 144//135
f 145//137 146//140 147//138
f 149//139 150//139 146//140
f 151//141 152//143 150//139
f 153//142 154//142 152//143
f 155//112 154//142 153//142
f 134//124 133//124 147//124
f 148//125 135//125 136//125
f 137//126 134//126 146//126
f 145//127 136//127 138//127
f 139//128 137//128 150//128
f 149//129 138//129 140//129
f 141//130 139//130 152//130
f 151//57 140//57 142//57
f 143//132 141//427 154//144
f 153//146 142//136 144//135
f 157//148 158//151 159//149
f 157//148 161//152 162//150
f 161//152 163//154 164//153
f 163//154 165//157 166//155
f 167//156 166//155 165//157
f 169//158 160//429 159//159
f 171//160 172//160 169//160
f 159//161 158//161 174//161
f 160//162 175//162 176//162
f 158//163 162//163 177//163
f 157//164 176//164 178//164
f 162//165 164//165 179//165
f 161//166 178//166 180//166
f 164//167 166//167 181//167
f 166//168 167//430 182//169
f 163//171 180//171 183//171
f 165//172 183//431 184//173
f 173//175 171//175 170//175
f 172//176 175//176 160//176
f 185//177 186//180 187//178
f 189//179 190//182 187//178
f 191//181 192//184 190//182
f 193//183 194//185 192//184
f 194//185 193//183 195//186
f 185//187 188//187 197//187
f 171//160 198//160 197//160
f 185//161 173//161 174//161
f 176//162 175//162 188//162
f 186//163 174//163 177//163
f 178//164 176//164 187//164
f 189//165 177//165 179//165
f 180//166 178//166 190//166
f 191//167 179//167 181//167
f 193//188 181//170 182//169
f 183//171 180//171 192//171
f 184//173 183//431 194//190
f 173//175 185//175 198//175
f 175//176 172//176 197//176
f 199//192 200//194 201//193
f 200//194 203//195 204//195
f 203//195 205//196 206//196
f 205//196 207//197 208//197
f 208//197 207//197 209//156
f 199//198 211//198 212//198
f 202//199 201//199 214//199
f 200//200 212//200 215//201
f 201//202 204//202 216//203
f 203//204 215//204 217//204
f 204//205 206//205 218//205
f 205//206 217//206 219//206
f 206//57 208//57 220//57
f 207//207 219//432 221//208
f 208//210 210//433 222//211
f 223//213 224//216 225//214
f 227//215 228//215 224//216
f 229//217 230//217 228//215
f 231//218 232//218 230//217
f 233//186 232//218 231//218
f 212//198 211//198 225//198
f 226//199 213//199 214//199
f 215//201 212//200 224//200
f 223//203 214//202 216//203
f 217//204 215//204 228//204
f 227//205 216//205 218//205
f 219//206 217//206 230//206
f 229//57 218//57 220//57
f 221//208 219//432 232//219
f 231//221 220//212 222//211
f 235//223 236//223 237//224
f 235//223 239//226 240//225
f 239//226 241//228 242//227
f 241//228 243//231 244//229
f 245//230 244//229 243//231
f 247//232 238//232 237//232
f 248//233 249//233 250//233
f 237//234 236//234 252//234
f 238//235 253//235 254//235
f 236//236 240//236 255//236
f 235//237 254//237 256//237
f 240//238 242//238 257//238
f 239//239 256//239 258//239
f 242//240 244//240 259//240
f 244//241 245//241 260//242
f 241//244 258//244 261//244
f 243//245 261//434 262//246
f 251//247 249//247 248//247
f 247//249 250//249 253//249
f 263//250 264//253 265//251
f 267//252 268//255 265//251
f 269//254 270//257 268//255
f 271//256 272//258 270//257
f 272//258 271//256 273//259
f 263//260 266//435 275//261
f 249//233 276//233 275//233
f 263//234 251//234 252//234
f 254//235 253//235 266//235
f 264//236 252//236 255//236
f 256//237 254//237 265//237
f 267//238 255//238 257//238
f 258//239 256//239 268//239
f 269//240 257//240 259//240
f 271//263 259//243 260//242
f 261//244 258//244 270//244
f 262//246 261//434 272//264
f 249//247 251//247 263//247
f 250//249 275//249 266//249
f 277//266 278//268 279//267
f 278//268 281//269 282//269
f 281//269 283//270 284//270
f 283//270 285//271 286//271
f 286//271 285//271 287//230
f 277//272 289//272 290//272
f 280//273 279//273 292//273
f 278//274 290//274 293//275
f 279//276 282//276 294//276
f 281//278 293//278 295//278
f 282//279 284//279 296//279
f 283//280 295//280 297//280
f 284//57 286//57 298//57
f 285//281 297//436 299//282
f 286//284 288//437 300//285
f 301//287 302//290 303//288
f 305//289 306//289 302//290
f 307//291 308//291 306//289
f 309//292 310//292 308//291
f 311//259 310//292 309//292
f 290//272 289//272 303//272
f 304//273 291//273 292//273
f 293//275 290//274 302//274
f 301//277 292//277 294//276
f 295//278 293//278 306//278
f 305//279 294//279 296//279
f 297//280 295//280 308//280
f 307//57 296//57 298//57
f 299//282 297//436 310//293
f 309//295 298//286 300//285
f 313//296 314//296 315//297
f 313//296 317//299 318//298
f 317//299 319//301 320//300
f 319//301 321//304 322//302
f 323//303 322//302 321//304
f 325//305 316//438 315//306
f 327//307 328//307 325//307
f 315//308 314//308 330//308
f 316//309 331//309 332//309
f 314//310 318//310 333//310
f 313//311 332//311 334//311
f 318//312 320//312 335//312
f 317//313 334//313 336//313
f 320//314 322//314 337//314
f 322//315 323//439 338//316
f 319//318 336//318 339//318
f 321//319 339//440 340//320
f 329//322 327//322 326//322
f 325//323 328//324 331//324
f 341//325 342//328 343//326
f 345//327 346//330 343//326
f 347//329 348//332 346//330
f 349//331 350//333 348//332
f 350//333 349//331 351//334
f 341//335 344//335 353//335
f 327//307 354//307 353//307
f 341//308 329//308 330//308
f 332//309 331//309 344//309
f 342//310 330//310 333//310
f 334//311 332//311 343//311
f 345//312 333//312 335//312
f 336//313 334//313 346//313
f 347//314 335//314 337//314
f 349//336 337//317 338//316
f 339//318 336//318 348//318
f 340//320 339//440 350//338
f 327//322 329//322 341//322
f 328//324 353//441 344//324
f 355//339 356//341 357//340
f 356//341 359//342 360//342
f 359//342 361//344 362//343
f 361//344 363//345 364//345
f 364//345 363//345 365//303
f 355//346 367//346 368//346
f 358//347 357//347 370//347
f 356//348 368//348 371//348
f 357//349 360//349 372//349
f 359//350 371//350 373//350
f 360//351 362//351 374//351
f 361//352 373//352 375//352
f 362//57 364//57 376//57
f 363//353 375//442 377//354
f 364//356 366//356 378//357
f 379//359 380//362 381//360
f 383//361 384//361 380//362
f 385//363 386//363 384//361
f 387//364 388//364 386//363
f 389//334 388//364 387//364
f 368//346 367//346 381//346
f 382//347 369//347 370//347
f 371//348 368//348 380//348
f 379//349 370//349 372//349
f 373//350 371//350 384//350
f 383//351 372//351 374//351
f 375//352 373//352 386//352
f 385//57 374//57 376//57
f 377//354 375//442 388//365
f 387//367 376//358 378//357
f 273//369 167//369 168//369
f 210//369 209//369 311//369
f 89//370 90//370 196//370
f 132//370 131//370 233//370
f 11//371 12//371 118//371
f 54//371 53//371 155//371
f 366//372 365//372 77//372
f 323//372 324//372 40//372
f 245//373 246//373 352//373
f 288//373 287//373 389//373
f 391//374 40//374 324//374
f 28//374 40//374 391//374
f 28//374 393//374 394//374
f 118//374 12//374 394//374
f 118//374 395//374 396//374
f 396//374 397//374 90//374
f 90//374 397//374 398//374
f 398//374 399//374 184//374
f 184//374 399//374 400//374
f 401//374 274//374 168//374
f 401//374 402//374 262//374
f 403//374 246//374 262//374
f 403//374 404//374 352//374
f 405//374 340//374 352//374
f 324//374 340//374 405//374
f 420//374 406//374 419//374
f 406//374 407//374 419//374
f 407//374 408//374 409//374
f 409//374 410//374 411//374
f 411//374 412//374 415//374
f 412//374 413//374 415//374
f 413//374 414//374 415//374
f 415//374 416//374 417//374
f 417//374 418//374 415//374
f 418//374 419//374 415//374
f 407//374 409//374 419//374
f 409//374 411//374 419//374
f 421//374 403//374 402//374
f 402//374 401//374 423//374
f 401//374 400//374 424//374
f 421//374 425//374 404//374
f 425//374 426//374 405//374
f 427//374 392//374 405//374
f 392//374 427//374 428//374
f 428//374 429//374 393//374
f 394//374 430//374 431//374
f 393//374 429//374 430//374
f 396//374 432//374 433//374
f 396//374 395//374 431//374
f 433//374 434//374 398//374
f 434//374 435//374 399//374
f 435//374 424//374 400//374
f 436//374 437//374 433//374
f 437//374 438//374 434//374
f 438//374 439//374 435//374
f 435//374 439//374 440//374
f 441//374 423//374 424//374
f 441//374 442//374 422//374
f 443//374 421//374 422//374
f 444//374 425//374 421//374
f 445//374 426//374 425//374
f 427//374 426//374 445//374
f 447//374 428//374 427//374
f 448//374 429//374 428//374
f 429//374 448//374 449//374
f 431//374 430//374 449//374
f 431//374 450//374 436//374
f 451//375 452//375 437//375
f 452//370 453//370 438//370
f 453//376 454//376 439//376
f 454//377 455//377 440//377
f 456//369 441//369 440//369
f 457//378 442//378 441//378
f 458//379 443//379 442//379
f 459//373 444//373 443//373
f 460//380 445//380 444//380
f 461//381 446//381 445//381
f 462//372 447//372 446//372
f 463//382 448//382 447//382
f 463//383 464//383 449//383
f 464//371 465//371 450//371
f 465//384 451//384 436//384
f 451//57 466//57 467//57
f 452//57 467//57 468//57
f 453//57 468//57 469//57
f 455//57 454//57 469//57
f 456//57 455//57 470//57
f 472//57 457//57 456//57
f 458//57 457//57 472//57
f 459//57 458//57 473//57
f 460//57 459//57 474//57
f 476//57 461//57 460//57
f 477//57 462//57 461//57
f 477//57 478//57 463//57
f 478//57 479//57 464//57
f 479//57 480//57 465//57
f 480//57 466//57 451//57
f 466//385 481//385 482//386
f 467//387 482//387 483//388
f 468//389 483//389 484//390
f 484//391 485//392 470//392
f 486//393 471//393 470//394
f 487//395 472//395 471//396
f 487//397 488//398 473//398
f 488//399 489//400 474//400
f 489//402 490//403 475//403
f 490//404 491//405 476//405
f 492//406 477//406 476//407
f 492//408 493//409 478//409
f 478//410 493//443 494//411
f 494//413 495//414 480//414
f 480//415 495//415 481//416
f 406//375 420//417 482//375
f 420//370 419//370 483//370
f 419//376 418//376 484//376
f 418//377 417//377 485//377
f 416//369 486//369 485//369
f 415//378 487//378 486//378
f 414//379 488//379 487//379
f 413//373 489//373 488//373
f 412//380 490//418 489//380
f 411//381 491//381 490//381
f 410//372 492//372 491//372
f 409//419 493//419 492//419
f 409//420 408//420 494//420
f 408//371 407//371 495//371
f 407//384 406//384 481//384
usemtl surf3
f 507//39 509//39 501//39
f 512//444 514//444 511//444
f 515//445 513//445 512//445
f 517//446 516//446 515//447
f 519//448 518//449 517//448
f 519//450 522//450 520//450
f 521//451 524//451 522//451
f 523//452 526//452 524//452
f 525//369 528//369 526//369
f 527//453 530//453 528//453
f 529//454 532//454 530//454
f 531//455 534//455 532//455
f 535//456 534//456 533//456
f 537//457 536//457 535//457
f 539//458 538//458 537//458
f 511//459 540//459 539//459
f 548//11 550//11 554//11
f 556//460 511//461 539//460
f 512//462 557//463 558//464
f 559//465 512//465 558//465
f 517//466 559//466 560//467
f 561//468 517//469 560//470
f 521//471 561//472 562//471
f 523//473 562//474 563//473
f 523//475 564//476 525//476
f 564//477 527//477 525//477
f 565//478 529//479 527//478
f 529//480 567//481 531//482
f 531//483 568//484 533//485
f 568//486 535//487 533//486
f 570//488 535//488 569//489
f 570//490 539//491 537//490
f 513//492 572//493 514//493
f 514//494 573//495 540//496
f 540//497 574//498 538//498
f 574//499 536//499 538//500
f 536//501 576//502 534//502
f 576//503 532//504 534//505
f 577//506 530//507 532//506
f 579//508 530//509 578//509
f 580//510 528//510 579//510
f 524//511 580//512 581//511
f 582//513 524//514 581//514
f 583//515 522//516 582//516
f 518//517 583//518 584//519
f 518//520 585//520 516//521
f 513//522 585//522 571//522
f 510//523 556//523 496//523
f 558//524 510//524 509//524
f 559//525 509//525 508//525
f 560//526 508//526 507//526
f 506//527 560//527 507//527
f 562//528 506//528 505//528
f 562//529 504//529 563//530
f 564//531 504//531 503//531
f 503//532 565//532 564//532
f 565//533 501//533 566//534
f 501//535 567//535 566//536
f 567//537 499//537 568//537
f 499//538 569//538 568//538
f 497//539 569//539 498//539
f 496//540 570//540 497//540
f 571//541 555//541 572//541
f 555//542 573//542 572//542
f 554//543 574//543 573//544
f 553//545 575//545 574//545
f 575//546 551//546 576//546
f 551//547 577//547 576//547
f 549//548 577//548 550//548
f 549//549 579//549 578//550
f 547//551 579//551 548//551
f 546//552 580//552 547//552
f 582//553 546//553 545//553
f 544//554 582//554 545//554
f 584//555 544//555 543//555
f 584//556 542//556 585//556
f 585//557 541//557 571//558
f 586//559 588//560 589//561
f 591//562 587//563 590//564
f 593//565 590//564 592//566
f 595//567 592//566 594//568
f 596//569 598//570 599//571
f 597//572 601//573 598//570
f 600//574 589//561 601//573
f 602//575 587//575 586//575
f 588//576 605//576 589//576
f 603//577 590//577 587//577
f 591//578 604//578 588//578
f 606//579 592//579 590//579
f 593//580 607//580 591//580
f 608//581 594//581 592//581
f 595//582 609//582 593//582
f 612//583 597//583 596//583
f 598//584 615//584 599//584
f 613//585 600//585 597//585
f 601//586 614//587 598//586
f 616//588 586//588 600//588
f 589//589 617//589 601//589
f 595//590 610//590 611//590
f 618//591 620//592 621//593
f 622//594 619//595 618//591
f 624//596 623//597 622//594
f 626//598 625//599 624//596
f 628//600 630//601 631//602
f 632//603 629//604 628//600
f 621//593 633//605 632//603
f 602//575 619//575 603//575
f 605//576 618//576 621//576
f 603//577 623//577 606//577
f 604//578 622//578 618//578
f 606//579 625//579 608//579
f 607//580 624//580 622//606
f 608//581 627//581 610//581
f 609//582 626//582 624//582
f 612//583 629//583 613//583
f 615//584 628//584 631//584
f 613//585 633//585 616//585
f 614//587 632//586 628//586
f 616//588 620//588 602//588
f 617//589 621//589 632//589
f 626//590 610//590 627//590
f 630//607 615//607 631//607
f 596//607 615//607 612//607
f 635//114 639//114 643//114
f 649//608 651//609 652//609
f 650//610 654//611 651//612
f 655//613 654//614 653//615
f 657//616 656//617 655//616
f 657//618 660//618 658//618
f 660//619 661//620 662//619
f 661//621 664//621 662//621
f 663//373 666//373 664//373
f 666//622 667//622 668//622
f 667//623 670//623 668//623
f 670//624 671//624 672//624
f 671//625 674//625 672//625
f 673//626 676//627 674//628
f 677//629 676//630 675//629
f 649//631 678//632 677//631
f 680//84 684//84 688//84
f 694//633 649//634 677//635
f 696//636 649//637 695//637
f 697//638 650//639 696//638
f 655//640 697//641 698//642
f 657//643 698//644 699//645
f 659//646 699//647 700//648
f 661//649 700//649 701//649
f 661//650 702//651 663//652
f 702//653 665//653 663//653
f 703//654 667//655 665//656
f 667//657 705//657 669//657
f 669//658 706//659 671//660
f 707//661 671//662 706//663
f 708//664 673//665 707//666
f 708//667 677//668 675//669
f 652//670 709//670 710//671
f 652//672 711//672 678//672
f 711//673 676//674 678//673
f 676//675 713//676 674//677
f 713//678 672//679 674//680
f 714//681 670//682 672//683
f 715//684 668//684 670//685
f 717//686 668//687 716//688
f 718//689 666//689 717//689
f 662//690 718//691 719//692
f 720//693 662//693 719//694
f 721//695 660//696 720//697
f 658//698 722//699 656//700
f 654//701 722//702 723//703
f 654//704 709//705 651//705
f 648//706 694//707 634//707
f 696//708 648//709 647//708
f 697//710 647//710 646//710
f 645//711 697//711 646//712
f 644//713 698//713 645//713
f 700//714 644//714 643//714
f 700//715 642//715 701//715
f 701//716 641//716 702//716
f 641//717 703//717 702//717
f 640//718 704//718 703//718
f 639//719 705//719 704//719
f 705//720 637//720 706//720
f 637//721 707//722 706//721
f 636//723 708//723 707//724
f 634//725 708//725 635//725
f 709//726 693//726 710//726
f 693//727 711//727 710//728
f 692//729 712//729 711//729
f 712//730 690//731 713//731
f 713//732 689//732 714//732
f 689//733 715//733 714//734
f 687//735 715//735 688//736
f 686//737 716//737 687//738
f 685//739 717//739 686//739
f 719//740 685//740 684//741
f 720//742 684//742 683//743
f 682//744 720//744 683//744
f 722//745 682//745 681//745
f 723//746 681//746 680//747
f 723//748 679//748 709//748
f 724//749 726//750 727//751
f 729//752 725//753 728//752
f 731//754 728//752 730//755
f 733//756 730//755 732//756
f 734//757 736//758 737//757
f 735//759 739//760 736//758
f 738//761 727//751 739//760
f 740//762 725//762 724//762
f 726//763 743//763 727//764
f 741//765 728//765 725//765
f 729//766 742//766 726//767
f 744//768 730//769 728//769
f 731//770 745//771 729//771
f 746//772 732//773 730//773
f 733//774 747//775 731//774
f 750//776 735//777 734//778
f 736//779 753//779 737//780
f 751//781 738//781 735//781
f 739//782 752//782 736//783
f 754//784 724//784 738//784
f 727//785 755//785 739//785
f 733//786 748//786 749//786
f 756//787 758//788 759//789
f 760//790 757//791 756//787
f 762//792 761//790 760//790
f 764//793 763//794 762//792
f 766//795 768//796 769//797
f 770//798 767//799 766//795
f 759//789 771//800 770//798
f 740//762 757//762 741//762
f 743//763 756//763 759//764
f 741//765 761//801 744//765
f 742//766 760//766 756//802
f 744//768 763//768 746//768
f 745//771 762//803 760//804
f 746//772 765//772 748//772
f 747//775 764//805 762//806
f 750//776 767//807 751//807
f 753//779 766//808 769//809
f 751//781 771//781 754//781
f 752//782 770//810 766//810
f 754//784 758//784 740//784
f 755//785 759//785 770//785
f 764//786 748//786 765//786
f 768//811 753//811 769//811
f 734//812 753//811 750//811
f 773//813 777//187 781//187
f 788//814 790//814 787//814
f 788//815 792//815 789//815
f 791//816 794//817 792//817
f 793//818 796//818 794//818
f 795//819 798//819 796//819
f 798//820 799//821 800//820
f 799//822 802//823 800//823
f 801//372 804//372 802//372
f 804//824 805//825 806//824
f 805//826 808//827 806//827
f 808//828 809//829 810//828
f 811//830 810//830 809//830
f 813//831 812//832 811//833
f 815//834 814//834 813//834
f 815//835 790//835 816//835
f 818//836 822//158 826//158
f 832//837 787//838 815//839
f 834//840 787//841 833//842
f 835//843 788//843 834//843
f 793//844 835//844 836//844
f 837//845 793//845 836//845
f 797//846 837//847 838//848
f 799//849 838//850 839//851
f 799//852 840//853 801//853
f 840//854 803//854 801//854
f 841//855 805//856 803//855
f 805//857 843//858 807//859
f 807//860 844//861 809//862
f 844//863 811//863 809//864
f 846//865 811//866 845//866
f 846//867 815//867 813//867
f 789//868 848//869 790//870
f 848//871 816//872 790//873
f 816//874 850//875 814//875
f 814//876 851//877 812//878
f 851//879 810//879 812//879
f 852//880 808//881 810//882
f 854//883 808//884 853//885
f 855//886 806//886 854//886
f 856//887 804//887 855//887
f 800//888 856//888 857//889
f 798//890 857//891 858//892
f 859//893 798//894 858//895
f 796//896 860//896 794//896
f 792//897 860//898 861//899
f 789//900 861//901 847//900
f 772//902 833//902 832//902
f 785//903 833//903 786//903
f 835//904 785//904 784//905
f 783//906 835//906 784//907
f 782//908 836//908 783//909
f 837//910 781//910 838//910
f 838//911 780//912 839//913
f 840//914 780//915 779//916
f 840//917 778//917 841//917
f 841//918 777//919 842//920
f 777//921 843//922 842//923
f 776//924 844//924 843//924
f 775//925 845//925 844//926
f 774//927 846//927 845//928
f 772//929 846//929 773//930
f 848//931 817//931 831//931
f 848//932 830//932 849//932
f 830//933 850//933 849//934
f 829//935 851//936 850//935
f 851//937 827//938 852//939
f 827//940 853//940 852//940
f 826//941 854//942 853//943
f 825//944 855//944 854//944
f 823//945 855//945 824//945
f 822//946 856//946 823//946
f 858//947 822//947 821//948
f 820//949 858//949 821//950
f 860//951 820//951 819//952
f 860//953 818//954 861//954
f 861//955 817//955 847//956
f 862//957 864//958 865//959
f 867//960 863//961 866//960
f 869//962 866//960 868//963
f 871//964 868//963 870//964
f 872//965 874//966 875//967
f 873//968 877//969 874//966
f 876//970 865//959 877//969
f 878//971 863//972 862//972
f 864//973 881//973 865//973
f 879//974 866//974 863//975
f 867//976 880//977 864//976
f 882//978 868//979 866//979
f 869//980 883//980 867//981
f 884//982 870//982 868//983
f 871//984 885//984 869//984
f 888//985 873//985 872//986
f 874//987 891//988 875//987
f 889//989 876//989 873//990
f 877//991 890//992 874//991
f 892//993 862//994 876//995
f 865//996 893//997 877//996
f 871//998 886//999 887//999
f 894//1000 896//1001 897//1002
f 898//1003 895//1004 894//1000
f 900//1005 899//1003 898//1003
f 902//1006 901//1007 900//1005
f 904//1008 906//1009 907//1010
f 908//1011 905//1012 904//1008
f 897//1002 909//1013 908//1011
f 878//971 895//971 879//971
f 881//973 894//973 897//973
f 879//974 899//1014 882//1015
f 880//977 898//977 894//1016
f 882//978 901//978 884//978
f 883//980 900//1017 898//1017
f 884//982 903//982 886//1018
f 885//984 902//984 900//1019
f 888//985 905//985 889//985
f 891//988 904//1020 907//1021
f 889//989 909//989 892//989
f 890//992 908//992 904//1022
f 892//993 896//993 878//993
f 893//997 897//997 908//997
f 902//998 886//999 903//998
f 906//1023 891//1023 907//1023
f 872//1023 891//1023 888//1023
f 923//262 911//262 915//262
f 926//1024 928//1024 925//1024
f 926//1025 930//1025 927//1025
f 931//1026 930//1026 929//1026
f 931//1027 934//1027 932//1027
f 934//1028 935//1028 936//1028
f 936//1029 937//1029 938//1029
f 937//1030 940//1031 938//1031
f 939//371 942//371 940//371
f 942//1032 943//1033 944//1032
f 943//1034 946//1034 944//1034
f 945//1035 948//1036 946//1036
f 949//1037 948//1037 947//1037
f 949//1038 952//1038 950//1038
f 953//1039 952//1039 951//1039
f 953//1040 928//1040 954//1040
f 966//232 968//1041 960//232
f 970//1042 925//1043 953//1042
f 972//1044 925//1045 971//1046
f 973//1047 926//1048 972//1049
f 931//1050 973//1051 974//1052
f 933//1053 974//1054 975//1055
f 935//1056 975//1056 976//1056
f 937//1057 976//1058 977//1057
f 937//1059 978//1060 939//1061
f 978//1062 941//1062 939//1062
f 979//1063 943//1064 941//1065
f 943//1066 981//1067 945//1068
f 945//1069 982//1069 947//1069
f 982//1070 949//1071 947//1072
f 984//1073 949//1074 983//1075
f 984//1076 953//1076 951//1077
f 928//1078 985//1078 986//1079
f 928//1080 987//1080 954//1080
f 954//1081 988//1081 952//1081
f 988//1082 950//1083 952//1082
f 950//1084 990//1084 948//1085
f 991//1086 948//1087 990//1087
f 991//1088 944//1088 946//1088
f 993//1089 944//1090 992//1090
f 994//1091 942//1091 993//1091
f 938//1092 994//1092 995//1092
f 936//1093 995//1093 996//1094
f 934//1095 996//1096 997//1095
f 932//1097 997//1097 998//1097
f 932//1098 999//1098 930//1098
f 927//1099 999//1099 985//1099
f 924//1100 970//1100 910//1100
f 972//1101 924//1101 923//1101
f 973//1102 923//1102 922//1102
f 921//1103 973//1103 922//1104
f 920//1105 974//1105 921//1106
f 976//1107 920//1107 919//1108
f 976//1109 918//1109 977//1110
f 977//1111 917//1111 978//1112
f 917//1113 979//1113 978//1113
f 916//1114 980//1114 979//1115
f 915//1116 981//1116 980//1117
f 981//1118 913//1118 982//1119
f 913//1120 983//1120 982//1121
f 912//1122 984//1122 983//1123
f 910//1124 984//1124 911//1124
f 985//1125 969//1126 986//1127
f 969//1128 987//1129 986//1130
f 968//1131 988//1131 987//1131
f 967//1132 989//1132 988//1132
f 966//1133 990//1134 989//1135
f 965//1136 991//1137 990//1138
f 963//1139 991//1139 964//1140
f 962//1141 992//1141 963//1142
f 961//1143 993//1143 962//1143
f 995//1144 961//1145 960//1144
f 996//1146 960//1147 959//1146
f 958//1148 996//1149 959//1150
f 997//1151 957//1151 998//1152
f 998//1153 956//1153 999//1153
f 999//1154 955//1154 985//1154
f 1000//1155 1002//1156 1003//1157
f 1005//1158 1001//1159 1004//1158
f 1007//1160 1004//1158 1006//1161
f 1009//1162 1006//1161 1008//1163
f 1010//1164 1012//1165 1013//1166
f 1011//1167 1015//1168 1012//1165
f 1014//1169 1003//1157 1015//1168
f 1016//1170 1001//1170 1000//1170
f 1002//1171 1019//1171 1003//1172
f 1017//1173 1004//1174 1001//1175
f 1005//1176 1018//1176 1002//1177
f 1020//1178 1006//1178 1004//1178
f 1007//1179 1021//1180 1005//1179
f 1022//1181 1008//1181 1006//1182
f 1009//1183 1023//1183 1007//1184
f 1026//1185 1011//1185 1010//1185
f 1012//1186 1029//1187 1013//1188
f 1027//1189 1014//1189 1011//1189
f 1015//1190 1028//1190 1012//1191
f 1030//1192 1000//1192 1014//1192
f 1003//1193 1031//1193 1015//1193
f 1009//1194 1024//1195 1025//1195
f 1032//1196 1034//1197 1035//1198
f 1036//1199 1033//1200 1032//1196
f 1038//1201 1037//1199 1036//1199
f 1040//1202 1039//1203 1038//1201
f 1042//1204 1044//1205 1045//1206
f 1046//1207 1043//1208 1042//1204
f 1035//1198 1047//1209 1046//1207
f 1016//1170 1033//1210 1017//1170
f 1019//1171 1032//1171 1035//1171
f 1017//1173 1037//1211 1020//1173
f 1018//1176 1036//1212 1032//1212
f 1020//1178 1039//1213 1022//1178
f 1021//1180 1038//1180 1036//1214
f 1022//1181 1041//1181 1024//1215
f 1023//1183 1040//1183 1038//1183
f 1026//1185 1043//1185 1027//1185
f 1029//1187 1042//1216 1045//1216
f 1027//1189 1047//1217 1030//1189
f 1028//1190 1046//1218 1042//1218
f 1030//1192 1034//1219 1016//1192
f 1031//1193 1035//1220 1046//1220
f 1040//1194 1024//1195 1041//1194
f 1044//1221 1029//1221 1045//1222
f 1010//1221 1029//1221 1026//1221
f 1049//1223 1053//335 1057//1223
f 1063//1224 1065//1225 1066//1225
f 1067//1226 1065//1226 1064//1226
f 1067//1227 1070//1227 1068//1227
f 1069//1228 1072//1229 1070//1230
f 1072//1231 1073//1232 1074//1231
f 1073//1233 1076//1233 1074//1234
f 1076//1235 1077//1235 1078//1235
f 1077//370 1080//370 1078//370
f 1079//1236 1082//1236 1080//1236
f 1082//1237 1083//1237 1084//1237
f 1083//1238 1086//1239 1084//1239
f 1087//1240 1086//1241 1085//1240
f 1089//1242 1088//1242 1087//1242
f 1089//1243 1092//1243 1090//1243
f 1063//1244 1092//1244 1091//1245
f 1094//305 1098//305 1102//305
f 1108//1246 1063//1247 1091//1248
f 1110//1249 1063//1250 1109//1251
f 1111//1252 1064//1253 1110//1253
f 1112//1254 1067//1255 1111//1256
f 1113//1257 1069//1257 1112//1257
f 1073//1258 1113//1259 1114//1258
f 1075//1260 1114//1260 1115//1260
f 1075//1261 1116//1262 1077//1263
f 1116//1264 1079//1264 1077//1264
f 1117//1265 1081//1266 1079//1267
f 1081//1268 1119//1269 1083//1269
f 1083//1270 1120//1271 1085//1272
f 1120//1273 1087//1274 1085//1273
f 1121//1275 1089//1276 1087//1277
f 1122//1278 1091//1278 1089//1279
f 1066//1280 1123//1281 1124//1282
f 1066//1283 1125//1284 1092//1285
f 1092//1286 1126//1287 1090//1288
f 1126//1289 1088//1290 1090//1291
f 1088//1292 1128//1293 1086//1293
f 1128//1294 1084//1295 1086//1296
f 1129//1297 1082//1297 1084//1297
f 1131//1298 1082//1299 1130//1300
f 1132//1301 1080//1301 1131//1301
f 1076//1302 1132//1303 1133//1304
f 1134//1305 1076//1305 1133//1305
f 1135//1306 1074//1307 1134//1308
f 1070//1309 1135//1310 1136//1311
f 1070//1312 1137//1313 1068//1314
f 1065//1315 1137//1316 1123//1316
f 1062//1317 1108//1317 1048//1318
f 1110//1319 1062//1319 1061//1320
f 1111//1321 1061//1321 1060//1322
f 1112//1323 1060//1324 1059//1323
f 1113//1325 1059//1325 1058//1326
f 1114//1327 1058//1327 1057//1327
f 1114//1328 1056//1329 1115//1330
f 1115//1331 1055//1331 1116//1332
f 1055//1333 1117//1333 1116//1333
f 1054//1334 1118//1334 1117//1335
f 1053//1336 1119//1337 1118//1338
f 1119//1339 1051//1339 1120//1340
f 1050//1341 1120//1341 1051//1342
f 1049//1343 1121//1343 1050//1344
f 1048//1345 1122//1345 1049//1346
f 1123//1347 1107//1347 1124//1348
f 1107//1349 1125//1349 1124//1350
f 1106//1351 1126//1351 1125//1351
f 1105//1352 1127//1352 1126//1353
f 1127//1354 1103//1354 1128//1355
f 1103//1356 1129//1356 1128//1356
f 1101//1357 1129//1357 1102//1358
f 1100//1359 1130//1359 1101//1359
f 1099//1360 1131//1360 1100//1360
f 1133//1361 1099//1361 1098//1361
f 1134//1362 1098//1362 1097//1363
f 1096//1364 1134//1364 1097//1364
f 1136//1365 1096//1365 1095//1365
f 1136//1366 1094//1366 1137//1367
f 1137//1368 1093//1368 1123//1368
f 1138//1369 1140//1370 1141//1371
f 1143//1372 1139//1373 1142//1372
f 1145//1374 1142//1372 1144//1375
f 1147//1376 1144//1375 1146//1376
f 1148//1377 1150//1378 1151//1377
f 1149//1379 1153//1380 1150//1378
f 1152//1381 1141//1371 1153//1380
f 1154//1382 1139//1382 1138//1382
f 1140//1383 1157//1383 1141//1384
f 1155//1385 1142//1386 1139//1387
f 1143//1388 1156//1388 1140//1389
f 1158//1390 1144//1391 1142//1392
f 1145//1393 1159//1394 1143//1393
f 1160//1395 1146//1395 1144//1396
f 1147//1397 1161//1398 1145//1399
f 1164//1400 1149//1401 1148//1402
f 1150//1403 1167//1404 1151//1405
f 1165//1406 1152//1406 1149//1406
f 1153//1407 1166//1408 1150//1407
f 1168//1409 1138//1409 1152//1409
f 1141//1410 1169//1410 1153//1410
f 1147//1411 1162//1411 1163//1411
f 1170//1412 1172//1413 1173//1414
f 1174//1415 1171//1416 1170//1412
f 1176//1417 1175//1415 1174//1415
f 1178//1418 1177//1419 1176//1417
f 1180//1420 1182//1421 1183//1421
f 1184//1422 1181//1423 1180//1420
f 1173//1414 1185//1424 1184//1422
f 1154//1382 1171//1382 1155//1382
f 1157//1383 1170//1383 1173//1384
f 1155//1385 1175//1385 1158//1385
f 1156//1388 1174//1388 1170//1388
f 1158//1390 1177//1425 1160//1390
f 1159//1394 1176//1394 1174//1394
f 1160//1395 1179//1395 1162//1395
f 1161//1398 1178//1398 1176//1426
f 1164//1400 1181//1402 1165//1427
f 1167//1404 1180//1404 1183//1428
f 1165//1406 1185//1406 1168//1406
f 1166//1408 1184//1408 1180//1408
f 1168//1409 1172//1409 1154//1409
f 1169//1410 1173//1410 1184//1410
f 1178//1411 1162//1411 1179//1411
f 1182//1429 1167//1430 1183//1429
f 1148//1430 1167//1430 1164//1430
f 1187//11 1189//11 1186//11
f 1190//369 1189//369 1188//369
f 1190//11 1193//11 1191//11
f 1192//11 1195//11 1193//11
f 1196//369 1195//369 1194//369
f 1197//11 1198//11 1199//11
f 1199//1431 1200//1431 1201//1431
f 1201//11 1202//11 1203//11
f 1204//1432 1203//1432 1202//1432
f 1204//11 1207//11 1205//11
f 1206//1433 1209//1434 1207//1435
f 1209//11 1210//11 1211//11
f 1210//1436 1213//1436 1211//1436
f 1212//11 1215//11 1213//11
f 1214//1437 1217//1437 1215//1437
f 1218//11 1217//11 1216//11
f 1220//1438 1219//1438 1218//1438
f 1220//11 1223//11 1221//11
f 1223//1439 1224//1439 1225//1439
f 1224//11 1227//11 1225//11
f 1228//1440 1227//1440 1226//1440
f 1228//11 1231//11 1229//11
f 1230//57 1233//57 1231//57
f 1234//11 1233//11 1232//11
f 1236//374 1235//374 1234//374
f 1236//11 1239//11 1237//11
f 1240//1441 1238//1441 1236//1441
f 1239//369 1243//369 1237//369
f 1241//39 1245//39 1244//39
f 1246//39 1243//39 1242//39
f 1248//57 1186//57 1189//57
f 1251//374 1238//374 1250//374
f 1249//1441 1187//1441 1186//1441
f 1253//374 1187//374 1252//374
f 1191//369 1248//369 1189//369
f 1190//369 1253//369 1255//369
f 1256//57 1191//57 1193//57
f 1255//374 1192//374 1190//374
f 1258//57 1193//57 1195//57
f 1257//374 1194//374 1192//374
f 1197//369 1258//369 1195//369
f 1196//369 1259//369 1261//369
f 1262//1442 1197//1442 1199//1442
f 1261//1443 1198//1443 1196//1443
f 1199//1431 1264//1431 1262//1431
f 1198//1431 1265//1431 1200//1431
f 1266//1444 1201//1444 1203//1444
f 1265//1445 1202//1445 1200//1445
f 1205//1432 1266//1432 1203//1432
f 1204//1432 1267//1432 1269//1432
f 1270//1446 1205//1446 1207//1446
f 1269//1447 1206//1447 1204//1447
f 1207//1435 1272//1433 1270//1433
f 1206//1433 1273//1433 1208//1433
f 1274//1448 1209//1448 1211//1448
f 1273//1449 1210//1449 1208//1449
f 1213//1436 1274//1436 1211//1436
f 1212//1436 1275//1436 1277//1436
f 1278//1450 1213//1450 1215//1450
f 1277//1451 1214//1451 1212//1451
f 1215//1437 1280//1437 1278//1437
f 1214//1437 1281//1437 1216//1437
f 1282//1452 1217//1452 1219//1452
f 1281//1453 1218//1453 1216//1453
f 1221//1438 1282//1438 1219//1438
f 1220//1438 1283//1438 1285//1438
f 1286//1454 1221//1454 1223//1454
f 1285//1455 1222//1455 1220//1455
f 1223//1439 1288//1439 1286//1439
f 1222//1439 1289//1439 1224//1439
f 1290//1456 1225//1456 1227//1456
f 1289//1457 1226//1457 1224//1457
f 1229//1440 1290//1440 1227//1440
f 1228//1440 1291//1440 1293//1440
f 1294//1458 1229//1458 1231//1458
f 1293//1459 1230//1459 1228//1459
f 1231//57 1296//57 1294//57
f 1230//57 1297//57 1232//57
f 1298//369 1233//369 1235//369
f 1297//1441 1234//1441 1232//1441
f 1237//374 1298//374 1235//374
f 1236//374 1299//374 1301//374
f 1241//1441 1250//1441 1238//1441
f 1240//1441 1301//1441 1303//1441
f 1242//369 1251//369 1304//369
f 1243//369 1300//369 1237//369
f 1306//57 1241//57 1244//57
f 1303//374 1245//374 1240//374
f 1304//57 1246//57 1242//57
f 1309//374 1243//374 1247//374
f 1311//39 1313//39 1310//39
f 1315//369 1313//369 1314//369
f 1315//39 1317//39 1316//39
f 1316//39 1319//39 1318//39
f 1321//369 1319//369 1320//369
f 1322//39 1320//39 1323//39
f 1324//1431 1323//1431 1325//1431
f 1326//39 1325//39 1327//39
f 1329//1432 1327//1432 1328//1432
f 1329//39 1331//39 1330//39
f 1330//1433 1333//1434 1332//1433
f 1334//39 1333//39 1335//39
f 1336//1436 1334//1436 1335//1436
f 1338//39 1337//39 1336//39
f 1339//1437 1341//1437 1340//1437
f 1343//39 1341//39 1342//39
f 1345//1438 1342//1438 1344//1438
f 1346//39 1345//39 1344//39
f 1348//1439 1346//1439 1349//1439
f 1350//39 1348//39 1349//39
f 1353//1440 1350//1440 1352//1440
f 1354//39 1353//39 1352//39
f 1355//57 1357//57 1356//57
f 1359//39 1357//39 1358//39
f 1361//374 1358//374 1360//374
f 1361//39 1363//39 1362//39
f 1362//1441 1365//1441 1361//1441
f 1366//369 1363//369 1360//369
f 1364//11 1369//11 1365//11
f 1371//11 1366//11 1370//11
f 1248//57 1312//57 1249//57
f 1251//374 1362//374 1363//374
f 1249//1441 1311//1441 1252//1441
f 1253//374 1311//374 1310//374
f 1248//369 1314//369 1313//369
f 1315//369 1253//369 1310//369
f 1256//57 1314//57 1254//57
f 1255//374 1316//374 1257//374
f 1258//57 1317//57 1256//57
f 1257//374 1318//374 1259//374
f 1258//369 1320//369 1319//369
f 1321//369 1259//369 1318//369
f 1262//1442 1320//1442 1260//1442
f 1261//1443 1322//1443 1263//1443
f 1323//1431 1264//1431 1325//1431
f 1265//1431 1322//1431 1324//1431
f 1266//1444 1325//1444 1264//1444
f 1265//1445 1326//1445 1267//1445
f 1266//1432 1328//1432 1327//1432
f 1329//1432 1267//1432 1326//1432
f 1270//1446 1328//1446 1268//1446
f 1269//1447 1330//1447 1271//1447
f 1331//1460 1272//1433 1333//1434
f 1273//1433 1330//1433 1332//1433
f 1274//1448 1333//1448 1272//1448
f 1273//1449 1334//1449 1275//1449
f 1274//1436 1336//1436 1335//1436
f 1337//1436 1275//1436 1334//1436
f 1278//1450 1336//1450 1276//1450
f 1277//1451 1339//1451 1279//1451
f 1338//1437 1280//1437 1341//1437
f 1281//1437 1339//1437 1340//1437
f 1282//1452 1341//1452 1280//1452
f 1281//1453 1343//1453 1283//1453
f 1282//1438 1344//1438 1342//1438
f 1345//1438 1283//1438 1343//1438
f 1286//1454 1344//1454 1284//1454
f 1285//1455 1347//1455 1287//1455
f 1346//1439 1288//1439 1349//1439
f 1289//1439 1347//1439 1348//1439
f 1290//1456 1349//1456 1288//1456
f 1289//1457 1351//1457 1291//1457
f 1290//1440 1352//1440 1350//1440
f 1353//1440 1291//1440 1351//1440
f 1294//1458 1352//1458 1292//1458
f 1293//1459 1355//1459 1295//1459
f 1354//57 1296//57 1357//57
f 1297//57 1355//57 1356//57
f 1298//369 1357//369 1296//369
f 1297//1441 1359//1441 1299//1441
f 1298//374 1360//374 1358//374
f 1361//374 1299//374 1359//374
f 1250//1441 1364//1441 1362//1441
f 1365//1441 1301//1441 1361//1441
f 1367//369 1251//369 1363//369
f 1300//369 1366//369 1360//369
f 1306//57 1364//57 1302//57
f 1303//374 1369//374 1307//374
f 1304//57 1371//57 1308//57
f 1309//374 1366//374 1305//374
f 1375//369 1383//369 1387//369
f 1391//1461 1388//1461 1390//1461
f 1393//1462 1395//1462 1392//1462
f 1397//1463 1386//1463 1396//1463
f 1399//1464 1401//1464 1398//1464
f 1403//11 1384//11 1402//11
f 1405//1465 1407//1465 1404//1465
f 1409//1466 1382//1466 1408//1466
f 1411//1467 1413//1467 1410//1467
f 1415//1468 1380//1468 1414//1468
f 1417//1469 1419//1469 1416//1469
f 1420//1470 1379//1470 1378//1470
f 1423//1471 1425//1471 1422//1471
f 1426//1472 1377//1472 1376//1472
f 1429//39 1431//39 1428//39
f 1432//1473 1375//1473 1374//1473
f 1435//1474 1437//1474 1434//1474
f 1438//1475 1373//1475 1372//1475
f 1441//1476 1443//1476 1440//1476
f 1397//1477 1395//1477 1387//1477
f 1395//1478 1388//1478 1387//1478
f 1394//1479 1390//1479 1388//1479
f 1390//1480 1392//1480 1397//1480
f 1403//1481 1401//1481 1385//1481
f 1401//1482 1386//1482 1385//1482
f 1396//1483 1400//1483 1399//1483
f 1396//1484 1398//1484 1403//1484
f 1409//1485 1407//1485 1383//1485
f 1406//1486 1383//1486 1407//1486
f 1402//1487 1406//1487 1405//1487
f 1405//1488 1409//1488 1402//1488
f 1415//1489 1413//1489 1381//1489
f 1412//1490 1381//1491 1413//1491
f 1408//1492 1412//1492 1411//1492
f 1415//1493 1411//1494 1410//1493
f 1379//1495 1419//1495 1380//1496
f 1414//1497 1419//1497 1418//1497
f 1421//1498 1418//1498 1417//1498
f 1421//1499 1416//1499 1379//1499
f 1377//1500 1425//1501 1378//1502
f 1420//1503 1425//1503 1424//1503
f 1427//1504 1424//1504 1423//1505
f 1427//1506 1422//1506 1377//1506
f 1428//1507 1376//1507 1375//1507
f 1431//1508 1426//1508 1376//1508
f 1429//1509 1426//1509 1430//1509
f 1433//1510 1428//1510 1375//1510
f 1373//1511 1437//1511 1374//1511
f 1437//1512 1432//1512 1374//1512
f 1436//1513 1439//1513 1432//1514
f 1439//1515 1434//1515 1373//1515
f 1440//1516 1372//1516 1389//1517
f 1443//1518 1438//1518 1372//1518
f 1441//1519 1438//1519 1442//1519
f 1391//1520 1440//1520 1389//1520
f 1444//1441 1390//1441 1445//1441
f 1438//1441 1444//1441 1446//1441
f 1438//1441 1447//1441 1439//1441
f 1432//1441 1447//1441 1448//1441
f 1432//1441 1449//1441 1433//1441
f 1449//1441 1426//1441 1433//1441
f 1426//1441 1451//1441 1427//1441
f 1427//1441 1452//1441 1420//1441
f 1452//1441 1421//1441 1420//1441
f 1453//1441 1414//1441 1421//1441
f 1455//1441 1414//1441 1454//1441
f 1456//1441 1415//1441 1455//1441
f 1456//1441 1409//1441 1408//1441
f 1457//1441 1402//1441 1409//1441
f 1459//1441 1402//1441 1458//1441
f 1396//1441 1459//1441 1460//1441
f 1461//1441 1396//1441 1460//1441
f 1390//1441 1461//1441 1445//1441
f 1463//1521 1445//1521 1462//1521
f 1463//1522 1446//1522 1444//1522
f 1464//1523 1447//1523 1446//1523
f 1465//1524 1448//1524 1447//1524
f 1466//1525 1449//1525 1448//1525
f 1467//39 1450//39 1449//39
f 1468//1526 1451//1526 1450//1526
f 1469//1527 1452//1527 1451//1527
f 1470//1528 1453//1528 1452//1528
f 1471//1469 1454//1469 1453//1469
f 1473//1529 1454//1529 1472//1529
f 1474//1467 1455//1467 1473//1467
f 1475//1530 1456//1530 1474//1530
f 1476//1531 1457//1531 1475//1531
f 1477//11 1458//11 1476//11
f 1478//1532 1459//1532 1477//1532
f 1479//1533 1460//1533 1478//1533
f 1462//1534 1461//1534 1479//1534
f 1481//57 1483//57 1480//57
f 1485//369 1487//369 1484//369
f 1489//1441 1491//1441 1488//1441
f 1493//39 1495//39 1492//39
f 1497//374 1499//374 1496//374
f 1501//1535 1483//1535 1500//1535
f 1502//393 1483//393 1482//393
f 1503//1536 1482//1536 1481//1536
f 1480//1537 1503//1537 1481//1537
f 1487//393 1502//393 1484//393
f 1486//1538 1500//1538 1487//1538
f 1505//1539 1486//1539 1485//1539
f 1485//1540 1502//1540 1505//1540
f 1488//1541 1501//1541 1506//1541
f 1491//1537 1503//1537 1501//1537
f 1489//1542 1503//1542 1490//1542
f 1488//1543 1507//1543 1489//1543
f 1492//1538 1500//1538 1504//1538
f 1494//1535 1500//1535 1495//1535
f 1493//1541 1501//1541 1494//1541
f 1506//1544 1492//1544 1504//1544
f 1499//1539 1505//1539 1496//1539
f 1498//1544 1504//1544 1499//1544
f 1498//1543 1507//1543 1506//1543
f 1497//1545 1505//1545 1507//1545
f 1508//1546 1510//1547 1511//1548
f 1512//1549 1509//1550 1508//1549
f 1514//1551 1513//1552 1512//1553
f 1516//1554 1515//1555 1514//1554
f 1518//1556 1517//1557 1516//1558
f 1520//1559 1519//1560 1518//1559
f 1522//1561 1520//1562 1523//1563
f 1524//1564 1523//1564 1525//1565
f 1526//1566 1525//1566 1527//1567
f 1528//1568 1527//1569 1529//1570
f 1530//1571 1529//1572 1531//1573
f 1532//1574 1531//1574 1533//1574
f 1532//1575 1535//1575 1534//1575
f 1534//1576 1537//1577 1536//1576
f 1536//1578 1539//1578 1538//1578
f 1538//1579 1541//1579 1540//1579
f 1540//1580 1543//1581 1542//1580
f 1542//1582 1545//1583 1544//1584
f 1547//1585 1545//1586 1546//1587
f 1549//1588 1546//1589 1548//1589
f 1551//1590 1548//1591 1550//1592
f 1553//1593 1550//1593 1552//1593
f 1555//1594 1552//1595 1554//1595
f 1510//1596 1554//1597 1511//1598
f 1509//1599 1557//1599 1510//1599
f 1513//1600 1556//1600 1509//1600
f 1515//1601 1558//1601 1513//1601
f 1517//1602 1559//1603 1515//1604
f 1519//1605 1560//1606 1517//1605
f 1521//1607 1561//1607 1519//1608
f 1563//1609 1521//1609 1522//1610
f 1564//1611 1522//1612 1524//1612
f 1565//1613 1524//1613 1526//1614
f 1566//1615 1526//1615 1528//1615
f 1567//1616 1528//1616 1530//1616
f 1568//1617 1530//1617 1532//1617
f 1568//1618 1534//1618 1569//1618
f 1569//1619 1536//1620 1570//1619
f 1570//1621 1538//1622 1571//1623
f 1571//1624 1540//1624 1572//1625
f 1572//1626 1542//1627 1573//1628
f 1573//1629 1544//1629 1574//1630
f 1575//1631 1544//1632 1547//1633
f 1576//1634 1547//1635 1549//1636
f 1577//1637 1549//1637 1551//1638
f 1578//1639 1551//1640 1553//1641
f 1579//1642 1553//1643 1555//1643
f 1557//1644 1555//1644 1510//1644
f 1556//1645 1581//1645 1557//1645
f 1558//1646 1580//1646 1556//1646
f 1559//1647 1582//1648 1558//1649
f 1560//1650 1583//1650 1559//1651
f 1561//1652 1584//1652 1560//1652
f 1562//1653 1585//1653 1561//1654
f 1587//1655 1562//1655 1563//1656
f 1588//1657 1563//1657 1564//1657
f 1589//1658 1564//1658 1565//1659
f 1590//1660 1565//1661 1566//1662
f 1591//1663 1566//1663 1567//1663
f 1592//1664 1567//1664 1568//1664
f 1592//1665 1569//1665 1593//1666
f 1593//1667 1570//1667 1594//1668
f 1594//1669 1571//1670 1595//1671
f 1595//1672 1572//1672 1596//1673
f 1596//1674 1573//1674 1597//1674
f 1597//1675 1574//1675 1598//1676
f 1599//1677 1574//1677 1575//1678
f 1600//1679 1575//1679 1576//1679
f 1601//1680 1576//1680 1577//1681
f 1602//1682 1577//1683 1578//1684
f 1603//1685 1578//1685 1579//1685
f 1581//1686 1579//1686 1557//1686
f 1580//1687 1605//1687 1581//1688
f 1582//1689 1604//1689 1580//1690
f 1583//1691 1606//1691 1582//1692
f 1584//1693 1607//1693 1583//1694
f 1585//1695 1608//1695 1584//1695
f 1586//1696 1609//1696 1585//1696
f 1611//1697 1586//1697 1587//1697
f 1612//1698 1587//1698 1588//1698
f 1613//1699 1588//1699 1589//1700
f 1614//1701 1589//1701 1590//1702
f 1615//1703 1590//1703 1591//1704
f 1616//1705 1591//1705 1592//1705
f 1616//1706 1593//1706 1617//1706
f 1617//1707 1594//1707 1618//1707
f 1618//1708 1595//1708 1619//1709
f 1619//1710 1596//1710 1620//1710
f 1620//1711 1597//1711 1621//1711
f 1621//1712 1598//1712 1622//1712
f 1623//1713 1598//1713 1599//1713
f 1624//1714 1599//1714 1600//1714
f 1625//1715 1600//1715 1601//1716
f 1626//1717 1601//1717 1602//1718
f 1627//1719 1602//1719 1603//1719
f 1605//1720 1603//1720 1581//1721
f 1604//1722 1629//1722 1605//1722
f 1606//1723 1628//1723 1604//1723
f 1607//1724 1630//1724 1606//1724
f 1608//1725 1631//1725 1607//1726
f 1609//1727 1632//1728 1608//1729
f 1610//1730 1633//1730 1609//1730
f 1635//1731 1610//1731 1611//1731
f 1636//1732 1611//1732 1612//1732
f 1637//1733 1612//1734 1613//1735
f 1638//1736 1613//1736 1614//1737
f 1639//1738 1614//1738 1615//1739
f 1640//1740 1615//1740 1616//1740
f 1640//1741 1617//1741 1641//1742
f 1641//1743 1618//1743 1642//1743
f 1642//1744 1619//1744 1643//1744
f 1643//1745 1620//1746 1644//1747
f 1644//1748 1621//1748 1645//1748
f 1645//1749 1622//1749 1646//1749
f 1647//1750 1622//1750 1623//1750
f 1648//1751 1623//1751 1624//1752
f 1649//1753 1624//1753 1625//1754
f 1650//1755 1625//1755 1626//1755
f 1651//1756 1626//1756 1627//1757
f 1629//1758 1627//1758 1605//1759
f 1652//1760 1629//1760 1628//1760
f 1654//1761 1628//1761 1630//1761
f 1655//1762 1630//1762 1631//1762
f 1656//1763 1631//1764 1632//1765
f 1657//1766 1632//1766 1633//1766
f 1658//1767 1633//1767 1634//1767
f 1658//1768 1635//1768 1659//1768
f 1659//1769 1636//1769 1660//1769
f 1660//1770 1637//1771 1661//1772
f 1661//1773 1638//1773 1662//1774
f 1662//1775 1639//1775 1663//1776
f 1663//1777 1640//1777 1664//1777
f 1665//1778 1640//1778 1641//1779
f 1666//1780 1641//1780 1642//1780
f 1667//1781 1642//1781 1643//1781
f 1668//1782 1643//1782 1644//1783
f 1669//1784 1644//1784 1645//1784
f 1670//1785 1645//1785 1646//1785
f 1647//1786 1670//1786 1646//1786
f 1648//1787 1671//1787 1647//1788
f 1649//1789 1672//1790 1648//1791
f 1650//1792 1673//1792 1649//1792
f 1651//1793 1674//1793 1650//1794
f 1629//1795 1675//1795 1651//1796
f 1676//1797 1653//1797 1652//1798
f 1678//1799 1652//1799 1654//1800
f 1679//1801 1654//1801 1655//1802
f 1680//1803 1655//1803 1656//1803
f 1681//1804 1656//1804 1657//1804
f 1682//1805 1657//1805 1658//1805
f 1682//1806 1659//1806 1683//1806
f 1683//1807 1660//1807 1684//1807
f 1684//1808 1661//1808 1685//1809
f 1685//1810 1662//1810 1686//1811
f 1686//1812 1663//1812 1687//1813
f 1687//1814 1664//1814 1688//1814
f 1689//1815 1664//1815 1665//1815
f 1690//1816 1665//1816 1666//1816
f 1691//1817 1666//1817 1667//1818
f 1692//1819 1667//1819 1668//1819
f 1693//1820 1668//1820 1669//1820
f 1694//1821 1669//1821 1670//1821
f 1671//1822 1694//1822 1670//1822
f 1672//1823 1695//1823 1671//1823
f 1673//1824 1696//1824 1672//1824
f 1674//1825 1697//1825 1673//1826
f 1675//1827 1698//1827 1674//1827
f 1653//1828 1699//1828 1675//1829
f 1700//1830 1677//1830 1676//1831
f 1702//1832 1676//1832 1678//1832
f 1703//1833 1678//1834 1679//1835
f 1704//1836 1679//1836 1680//1837
f 1705//1838 1680//1838 1681//1838
f 1706//1839 1681//1840 1682//1841
f 1706//1842 1683//1842 1707//1843
f 1707//1844 1684//1844 1708//1845
f 1708//1846 1685//1846 1709//1847
f 1709//1848 1686//1849 1710//1850
f 1710//1851 1687//1851 1711//1851
f 1711//1852 1688//1852 1712//1853
f 1713//1854 1688//1854 1689//1855
f 1714//1856 1689//1856 1690//1856
f 1715//1857 1690//1858 1691//1859
f 1716//1860 1691//1860 1692//1861
f 1717//1862 1692//1862 1693//1862
f 1718//1863 1693//1863 1694//1864
f 1695//1865 1718//1866 1694//1867
f 1696//1868 1719//1868 1695//1868
f 1697//1869 1720//1869 1696//1870
f 1698//1871 1721//1872 1697//1873
f 1699//1874 1722//1874 1698//1875
f 1677//1876 1723//1876 1699//1877
f 1724//1878 1701//1878 1700//1878
f 1726//1879 1700//1879 1702//1879
f 1727//1880 1702//1880 1703//1880
f 1728//1881 1703//1881 1704//1882
f 1729//1883 1704//1884 1705//1885
f 1730//1886 1705//1887 1706//1887
f 1730//1888 1707//1888 1731//1889
f 1731//1890 1708//1891 1732//1890
f 1732//1892 1709//1893 1733//1894
f 1733//1895 1710//1895 1734//1895
f 1734//1896 1711//1896 1735//1896
f 1735//1897 1712//1897 1736//1897
f 1737//1898 1712//1898 1713//1898
f 1738//1899 1713//1900 1714//1900
f 1739//1901 1714//1902 1715//1903
f 1740//1904 1715//1904 1716//1905
f 1741//1906 1716//1907 1717//1908
f 1742//1909 1717//1909 1718//1910
f 1719//1911 1742//1911 1718//1912
f 1720//1913 1743//1914 1719//1915
f 1721//1916 1744//1916 1720//1917
f 1722//1918 1745//1919 1721//1920
f 1723//1921 1746//1922 1722//1921
f 1701//1923 1747//1923 1723//1923
f 1748//1924 1725//1925 1724//1925
f 1750//1926 1724//1927 1726//1927
f 1751//1928 1726//1929 1727//1929
f 1752//1930 1727//1931 1728//1931
f 1753//1932 1728//1933 1729//1934
f 1754//1935 1729//1936 1730//1937
f 1754//1938 1731//1939 1755//1940
f 1755//1941 1732//1941 1756//1942
f 1756//1943 1733//1943 1757//1944
f 1757//1945 1734//1946 1758//1947
f 1758//1948 1735//1949 1759//1950
f 1759//1951 1736//1951 1760//1951
f 1761//1952 1736//1952 1737//1952
f 1762//1953 1737//1954 1738//1954
f 1763//1955 1738//1955 1739//1955
f 1764//1956 1739//1956 1740//1956
f 1765//1957 1740//1958 1741//1958
f 1766//1959 1741//1960 1742//1961
f 1743//1962 1766//1963 1742//1964
f 1744//1965 1767//1966 1743//1965
f 1745//1967 1768//1968 1744//1967
f 1746//1969 1769//1969 1745//1969
f 1747//1970 1770//1971 1746//1970
f 1725//1972 1771//1973 1747//1974
f 1748//1975 1772//1975 1749//1975
f 1750//1976 1772//1976 1748//1976
f 1751//1977 1772//1977 1750//1977
f 1752//1978 1772//1978 1751//1978
f 1753//1979 1772//1979 1752//1979
f 1754//1980 1772//1980 1753//1980
f 1772//1981 1754//1981 1755//1981
f 1772//1982 1755//1982 1756//1982
f 1772//1983 1756//1983 1757//1983
f 1772//1984 1757//1984 1758//1984
f 1772//1985 1758//1985 1759//1985
f 1772//1986 1759//1986 1760//1986
f 1772//1987 1760//1987 1761//1987
f 1772//1988 1761//1988 1762//1988
f 1772//1989 1762//1989 1763//1989
f 1772//1990 1763//1990 1764//1990
f 1772//1991 1764//1991 1765//1991
f 1772//1992 1765//1992 1766//1992
f 1767//1993 1772//1993 1766//1993
f 1768//1994 1772//1994 1767//1994
f 1769//1995 1772//1995 1768//1995
f 1770//1996 1772//1996 1769//1996
f 1771//1997 1772//1997 1770//1997
f 1749//1998 1772//1998 1771//1998
f 1511//1999 1774//2000 1508//2000
f 1508//2001 1775//2001 1512//2001
f 1512//2002 1776//2002 1514//2002
f 1514//2003 1777//2003 1516//2003
f 1516//2004 1778//2004 1518//2004
f 1518//2005 1779//2005 1520//2005
f 1520//2006 1780//2006 1523//2006
f 1523//2007 1781//2007 1525//2007
f 1525//2008 1782//2008 1527//2008
f 1527//2009 1783//2009 1529//2009
f 1529//2010 1784//2010 1531//2010
f 1531//2011 1785//2011 1533//2011
f 1535//2012 1785//2012 1786//2012
f 1537//2013 1786//2013 1787//2013
f 1539//2014 1787//2014 1788//2014
f 1541//2015 1788//2015 1789//2015
f 1543//2016 1789//2016 1790//2016
f 1545//2017 1790//2017 1791//2017
f 1546//2018 1791//2018 1792//2018
f 1548//2019 1792//2019 1793//2019
f 1550//2020 1793//2021 1794//2021
f 1552//2022 1794//2022 1795//2022
f 1554//2023 1795//2023 1796//2023
f 1511//2024 1796//2024 1773//2025
f 1797//2026 1799//2027 1800//2028
f 1801//2029 1798//2030 1797//2031
f 1798//2032 1804//2033 1799//2034
f 1802//2035 1803//2036 1798//2037
f 1803//2038 1807//2039 1804//2033
f 1805//2040 1806//2041 1803//2036
f 1806//2042 1810//2043 1807//2039
f 1808//2044 1809//2045 1806//2041
f 1812//2046 1808//2047 1805//2048
f 1814//2049 1813//2050 1812//2051
f 1813//2052 1811//2053 1808//2047
f 1815//2054 1816//2055 1813//2050
f 1819//2056 1821//2057 1818//2058
f 1812//2051 1818//2059 1814//2049
f 1802//2060 1820//2061 1819//2062
f 1805//2048 1819//2063 1812//2046
f 1799//2027 1823//2064 1800//2028
f 1804//2033 1822//2065 1799//2034
f 1822//2066 1826//2067 1823//2068
f 1824//2069 1825//2070 1822//2071
f 1829//2072 1831//2073 1828//2074
f 1825//2075 1828//2076 1826//2077
f 1832//2078 1830//2079 1829//2080
f 1827//2081 1829//2082 1825//2082
f 1834//2083 1832//2084 1827//2081
f 1836//2085 1835//2086 1834//2083
f 1835//2087 1833//2088 1832//2078
f 1837//2089 1838//2090 1835//2087
f 1807//2039 1824//2091 1804//2033
f 1810//2043 1840//2092 1807//2039
f 1840//2093 1827//2094 1824//2069
f 1841//2095 1834//2096 1840//2093
f 1843//2097 1810//2043 1842//2098
f 1845//2099 1842//2098 1844//2100
f 1846//2101 1841//2095 1843//2102
f 1847//2103 1843//2102 1845//2104
f 1848//2105 1836//2085 1846//2106
f 1849//2107 1846//2106 1847//2108
f 1850//2109 1837//2089 1848//2110
f 1851//2111 1848//2110 1849//2112
f 1853//2113 1847//2108 1852//2114
f 1855//2115 1852//2116 1854//2117
f 1856//2118 1849//2112 1853//2118
f 1857//2119 1853//2120 1855//2121
f 1859//2122 1844//2100 1858//2123
f 1861//2124 1858//2125 1860//2126
f 1852//2127 1845//2104 1859//2127
f 1854//2128 1859//2129 1861//2130
f 1862//2131 1810//2043 1809//2132
f 1863//2133 1809//2045 1811//2134
f 1864//2135 1842//2098 1862//2131
f 1865//2136 1862//2137 1863//2133
f 1866//2138 1844//2100 1864//2135
f 1867//2139 1864//2140 1865//2136
f 1868//2141 1858//2125 1866//2142
f 1869//2143 1866//2144 1867//2145
f 1871//2146 1865//2147 1870//2148
f 1873//2149 1870//2150 1872//2151
f 1874//2152 1867//2153 1871//2154
f 1875//2155 1871//2156 1873//2157
f 1876//2158 1811//2053 1816//2053
f 1877//2159 1816//2055 1817//2055
f 1870//2148 1863//2160 1876//2158
f 1872//2151 1876//2161 1877//2159
f 1879//2162 1800//2163 1878//2164
f 1881//2165 1878//2166 1880//2166
f 1882//2167 1797//2168 1879//2168
f 1883//2169 1879//2170 1881//2169
f 1884//2171 1821//2171 1820//2171
f 1801//2172 1884//2173 1820//2174
f 1886//2175 1885//2175 1884//2175
f 1882//2176 1886//2177 1884//2178
f 1889//2179 1883//2180 1888//2181
f 1891//2182 1888//2183 1890//2184
f 1892//2185 1886//2185 1889//2185
f 1893//2186 1889//2187 1891//2187
f 1895//2188 1880//2189 1894//2190
f 1897//2191 1894//2192 1896//2193
f 1888//2194 1881//2195 1895//2195
f 1890//2196 1895//2197 1897//2196
f 1898//2198 1800//2199 1823//2198
f 1899//2200 1823//2201 1826//2202
f 1900//2203 1878//2204 1898//2204
f 1901//2205 1898//2206 1899//2207
f 1902//2208 1880//2209 1900//2208
f 1903//2210 1900//2211 1901//2210
f 1904//2212 1894//2213 1902//2214
f 1905//2215 1902//2216 1903//2215
f 1907//2217 1901//2218 1906//2218
f 1909//2219 1906//2219 1908//2219
f 1910//2220 1903//2220 1907//2221
f 1911//2222 1907//2223 1909//2223
f 1913//2224 1831//2225 1912//2224
f 1906//2226 1912//2226 1908//2226
f 1913//2227 1826//2228 1828//2228
f 1906//2229 1899//2230 1913//2231
f 1914//2232 1831//2232 1830//2232
f 1833//2233 1914//2234 1830//2233
f 1916//2235 1912//2235 1914//2236
f 1915//2237 1916//2237 1914//2238
f 1918//2239 1908//2239 1916//2239
f 1919//2240 1916//2240 1917//2240
f 1920//2241 1909//2241 1918//2241
f 1921//2242 1918//2242 1919//2242
f 1922//2243 1919//2244 1917//2244
f 1924//2245 1923//2246 1922//2247
f 1926//2248 1919//2248 1923//2248
f 1927//2249 1923//2250 1925//2251
f 1929//2252 1839//2253 1928//2253
f 1922//2254 1928//2255 1924//2256
f 1915//2257 1838//2257 1929//2257
f 1917//2258 1929//2258 1922//2258
f 1930//2259 1839//2253 1850//2260
f 1931//2261 1850//2260 1851//2261
f 1932//2262 1928//2255 1930//2263
f 1933//2264 1930//2264 1931//2264
f 1934//2265 1924//2266 1932//2267
f 1935//2268 1932//2269 1933//2270
f 1936//2271 1925//2272 1934//2273
f 1937//2274 1934//2275 1935//2276
f 1939//2277 1933//2277 1938//2277
f 1941//2278 1938//2279 1940//2279
f 1942//2280 1935//2280 1939//2280
f 1943//2281 1939//2281 1941//2281
f 1944//2282 1856//2282 1857//2282
f 1940//2283 1945//2283 1944//2283
f 1945//2284 1851//2285 1856//2286
f 1938//2287 1931//2287 1945//2287
f 1946//2288 1860//2289 1868//2290
f 1948//2291 1868//2292 1869//2293
f 1949//2294 1947//2295 1946//2296
f 1951//2297 1946//2298 1948//2299
f 1952//2300 1950//2301 1949//2301
f 1954//2302 1949//2302 1951//2302
f 1952//2303 1956//2304 1953//2305
f 1954//2306 1955//2307 1952//2307
f 1959//2308 1961//2308 1958//2309
f 1963//2310 1958//2310 1962//2310
f 1954//2311 1960//2312 1959//2312
f 1957//2313 1959//2314 1963//2314
f 1965//2315 1875//2315 1964//2315
f 1960//2316 1964//2317 1961//2316
f 1965//2318 1869//2319 1874//2319
f 1960//2320 1948//2321 1965//2322
f 1966//2323 1860//2324 1947//2325
f 1967//2326 1947//2326 1950//2326
f 1968//2327 1861//2328 1966//2329
f 1969//2330 1966//2330 1967//2331
f 1970//2332 1857//2332 1855//2332
f 1854//2333 1970//2334 1855//2334
f 1971//2335 1944//2335 1970//2336
f 1968//2337 1971//2338 1970//2337
f 1972//2339 1940//2340 1971//2340
f 1973//2341 1971//2342 1969//2341
f 1974//2343 1941//2343 1972//2343
f 1975//2344 1972//2345 1973//2346
f 1976//2347 1950//2348 1953//2349
f 1956//2350 1976//2351 1953//2352
f 1973//2353 1967//2354 1976//2353
f 1977//2355 1973//2355 1976//2356
f 1978//2357 1821//2358 1885//2358
f 1979//2359 1885//2360 1887//2360
f 1978//2361 1814//2362 1818//2361
f 1979//2363 1980//2363 1978//2363
f 1982//2364 1817//2365 1815//2366
f 1980//2367 1815//2368 1814//2369
f 1984//2370 1983//2371 1982//2372
f 1981//2373 1982//2374 1980//2373
f 1986//2375 1984//2376 1981//2377
f 1989//2378 1986//2379 1988//2380
f 1987//2381 1985//2382 1984//2383
f 1991//2384 1987//2385 1989//2386
f 1992//2387 1887//2388 1892//2387
f 1993//2389 1892//2389 1893//2389
f 1986//2390 1979//2390 1992//2390
f 1988//2391 1992//2392 1993//2391
f 1994//2393 1817//2365 1983//2394
f 1995//2395 1983//2371 1985//2396
f 1996//2397 1877//2398 1994//2393
f 1997//2399 1994//2400 1995//2399
f 1873//2401 1964//2402 1875//2401
f 1872//2403 1998//2404 1873//2405
f 1998//2406 1961//2407 1964//2407
f 1996//2408 1999//2408 1998//2409
f 2001//2410 1997//2410 2000//2410
f 2003//2411 2000//2412 2002//2411
f 1958//2413 1999//2413 2001//2413
f 1962//2414 2001//2414 2003//2414
f 2004//2415 1985//2416 1990//2417
f 2005//2418 1990//2419 1991//2420
f 2000//2421 1995//2422 2004//2423
f 2002//2424 2004//2425 2005//2426
f 2006//2427 2008//2428 2009//2429
f 2010//2430 2007//2431 2006//2432
f 2007//2433 2013//2434 2008//2428
f 2011//2435 2012//2436 2007//2431
f 2016//2437 2018//2438 2015//2437
f 2012//2439 2015//2440 2013//2441
f 2019//2442 2017//2443 2016//2444
f 2014//2445 2016//2446 2012//2445
f 2021//2447 2019//2448 2014//2449
f 2024//2450 2021//2451 2023//2450
f 2022//2452 2020//2453 2019//2454
f 2026//2455 2022//2455 2024//2455
f 2027//2456 2011//2457 2010//2456
f 2030//2458 2027//2459 2029//2460
f 2028//2461 2014//2462 2011//2457
f 2023//2463 2028//2464 2030//2458
f 2032//2465 2029//2466 2031//2467
f 2034//2468 2031//2467 2033//2469
f 2035//2470 2030//2471 2032//2472
f 2036//2473 2032//2472 2034//2468
f 2037//2474 2023//2475 2035//2476
f 2038//2477 2035//2476 2036//2478
f 2039//2479 2024//2480 2037//2481
f 2040//2482 2037//2481 2038//2483
f 2042//2484 2036//2478 2041//2485
f 2044//2486 2041//2487 2043//2487
f 2045//2488 2038//2483 2042//2489
f 2046//2490 2042//2491 2044//2492
f 2048//2493 2033//2469 2047//2494
f 2050//2495 2047//2496 2049//2497
f 2041//2498 2034//2468 2048//2493
f 2043//2499 2048//2500 2050//2501
f 2051//2502 2009//2503 2008//2504
f 2053//2505 2008//2504 2013//2506
f 2054//2507 2052//2508 2051//2509
f 2056//2510 2051//2511 2053//2512
f 2054//2513 2058//2514 2055//2515
f 2056//2516 2057//2517 2054//2516
f 2060//2518 2058//2519 2057//2520
f 2062//2521 2057//2521 2059//2522
f 2063//2523 2059//2524 2056//2523
f 2065//2525 2064//2526 2063//2525
f 2067//2527 2059//2528 2064//2529
f 2066//2530 2067//2530 2064//2530
f 2070//2531 2018//2531 2069//2531
f 2063//2532 2069//2533 2065//2533
f 2070//2534 2013//2535 2015//2536
f 2056//2537 2070//2538 2063//2537
f 2071//2539 2018//2539 2017//2539
f 2020//2540 2071//2541 2017//2542
f 2071//2543 2065//2543 2069//2543
f 2072//2544 2073//2545 2071//2545
f 2073//2546 2066//2547 2065//2547
f 2074//2548 2075//2549 2073//2550
f 2075//2551 2068//2551 2066//2552
f 2076//2553 2077//2553 2075//2553
f 2079//2554 2076//2555 2074//2554
f 2082//2556 2079//2556 2081//2557
f 2080//2558 2078//2559 2076//2560
f 2082//2561 2083//2562 2080//2561
f 2085//2563 2025//2564 2026//2565
f 2081//2566 2086//2567 2085//2568
f 2072//2569 2025//2570 2086//2569
f 2074//2571 2086//2567 2079//2572
f 2087//2573 2026//2574 2039//2575
f 2088//2576 2039//2575 2040//2576
f 2089//2577 2085//2568 2087//2577
f 2090//2578 2087//2578 2088//2578
f 2091//2579 2081//2580 2089//2579
f 2092//2581 2089//2582 2090//2581
f 2093//2583 2082//2584 2091//2584
f 2094//2585 2091//2586 2092//2587
f 2096//2588 2090//2589 2095//2590
f 2098//2591 2095//2592 2097//2593
f 2099//2594 2092//2595 2096//2596
f 2100//2597 2096//2598 2098//2597
f 2101//2599 2045//2599 2046//2599
f 2097//2600 2102//2601 2101//2602
f 2102//2603 2040//2604 2045//2603
f 2095//2605 2088//2606 2102//2606
f 2104//2607 2049//2608 2103//2609
f 2106//2610 2103//2611 2105//2611
f 2107//2612 2050//2613 2104//2614
f 2108//2615 2104//2616 2106//2617
f 2109//2618 2046//2618 2044//2618
f 2043//2619 2109//2620 2044//2621
f 2110//2622 2101//2623 2109//2624
f 2107//2625 2110//2625 2109//2625
f 2111//2626 2097//2626 2110//2626
f 2112//2627 2110//2628 2108//2627
f 2113//2629 2098//2630 2111//2631
f 2114//2632 2111//2633 2112//2634
f 2116//2635 2105//2636 2115//2636
f 2118//2637 2115//2638 2117//2638
f 2112//2639 2106//2640 2116//2640
f 2114//2641 2116//2642 2118//2643
f 2119//2644 2006//2427 2009//2429
f 2121//2645 2120//2646 2119//2644
f 2120//2647 2010//2430 2006//2432
f 2122//2648 2123//2649 2120//2647
f 2126//2650 2128//2651 2125//2652
f 2130//2653 2125//2654 2129//2655
f 2122//2656 2127//2657 2126//2657
f 2124//2658 2126//2659 2130//2658
f 2130//2660 2132//2660 2124//2660
f 2129//2661 2131//2662 2130//2661
f 2134//2663 2132//2664 2131//2665
f 2136//2666 2131//2667 2133//2667
f 2123//2668 2027//2456 2010//2456
f 2124//2669 2137//2670 2123//2668
f 2138//2671 2027//2459 2137//2672
f 2135//2673 2137//2672 2132//2674
f 2139//2675 2029//2466 2138//2676
f 2140//2677 2138//2676 2135//2678
f 2141//2679 2031//2467 2139//2680
f 2142//2681 2139//2682 2140//2683
f 2143//2684 2135//2685 2134//2686
f 2144//2687 2134//2688 2136//2688
f 2145//2689 2140//2690 2143//2684
f 2146//2691 2143//2692 2144//2687
f 2147//2693 2142//2694 2145//2689
f 2149//2695 2145//2696 2146//2691
f 2150//2697 2148//2698 2147//2698
f 2152//2699 2147//2699 2149//2700
f 2153//2701 2033//2469 2141//2679
f 2148//2702 2141//2703 2142//2681
f 2154//2704 2047//2496 2153//2705
f 2151//2706 2153//2706 2148//2707
f 2155//2708 2009//2503 2052//2709
f 2156//2710 2052//2508 2055//2508
f 2157//2711 2119//2712 2155//2708
f 2158//2713 2155//2714 2156//2715
f 2058//2514 2156//2716 2055//2515
f 2160//2717 2058//2519 2061//2718
f 2159//2719 2158//2719 2156//2719
f 2162//2720 2159//2720 2160//2721
f 2161//2722 2164//2723 2158//2723
f 2165//2724 2161//2724 2162//2724
f 2163//2725 2167//2726 2164//2725
f 2165//2727 2166//2727 2163//2727
f 2169//2728 2128//2729 2127//2728
f 2121//2730 2169//2731 2127//2732
f 2164//2733 2170//2733 2169//2733
f 2158//2734 2169//2735 2157//2736
f 2171//2737 2128//2737 2170//2737
f 2167//2738 2171//2738 2170//2739
f 2171//2740 2129//2741 2125//2742
f 2172//2743 2173//2743 2171//2743
f 2166//2744 2172//2745 2167//2744
f 2168//2746 2175//2746 2166//2746
f 2175//2747 2174//2748 2172//2747
f 2176//2749 2177//2749 2175//2749
f 2177//2750 2180//2751 2174//2750
f 2178//2752 2179//2753 2177//2754
f 2182//2755 2180//2756 2179//2756
f 2181//2757 2182//2757 2179//2757
f 2133//2758 2186//2759 2136//2760
f 2173//2761 2133//2762 2129//2761
f 2185//2763 2183//2764 2186//2765
f 2174//2766 2185//2763 2173//2767
f 2187//2768 2136//2769 2186//2769
f 2188//2770 2186//2765 2183//2764
f 2189//2771 2144//2772 2187//2768
f 2190//2773 2187//2773 2188//2773
f 2191//2774 2183//2774 2182//2775
f 2192//2776 2182//2777 2184//2778
f 2193//2779 2188//2780 2191//2781
f 2194//2782 2191//2783 2192//2784
f 2195//2785 2190//2786 2193//2787
f 2197//2788 2193//2789 2194//2790
f 2198//2791 2196//2792 2195//2793
f 2200//2794 2195//2795 2197//2796
f 2149//2797 2202//2797 2152//2797
f 2146//2798 2201//2798 2149//2799
f 2201//2800 2199//2800 2202//2800
f 2189//2801 2196//2801 2201//2801
f 2203//2802 2049//2803 2154//2804
f 2204//2805 2154//2806 2151//2807
f 2205//2808 2103//2809 2203//2810
f 2206//2811 2203//2812 2204//2813
f 2207//2814 2152//2814 2202//2814
f 2208//2815 2202//2816 2199//2817
f 2207//2818 2151//2819 2150//2820
f 2208//2821 2204//2821 2207//2821
f 2209//2822 2199//2823 2198//2824
f 2210//2825 2198//2826 2200//2827
f 2211//2828 2208//2829 2209//2829
f 2212//2830 2209//2831 2210//2832
f 2213//2833 2105//2833 2205//2833
f 2211//2834 2205//2835 2206//2835
f 2214//2836 2115//2837 2213//2838
f 2212//2839 2213//2840 2211//2841
f 2216//2842 2218//2843 2215//2844
f 2220//2845 2215//2844 2219//2846
f 2216//2842 2222//2847 2217//2848
f 2220//2845 2221//2849 2216//2842
f 2224//2850 2226//2851 2227//2852
f 2228//2853 2225//2854 2224//2850
f 2221//2855 2226//2851 2225//2854
f 2229//2856 2221//2855 2225//2854
f 2231//2857 2233//2852 2230//2858
f 2227//2852 2231//2857 2230//2858
f 2234//2859 2232//2860 2231//2861
f 2226//2851 2234//2862 2231//2857
f 2236//2863 2238//2864 2239//2865
f 2240//2866 2237//2867 2236//2863
f 2242//2868 2238//2864 2237//2867
f 2243//2869 2237//2867 2241//2870
f 2245//2871 2247//2872 2244//2873
f 2232//2860 2244//2873 2233//2852
f 2242//2874 2246//2875 2245//2871
f 2232//2860 2242//2874 2245//2871
f 2249//2876 2251//2876 2248//2876
f 2253//2877 2248//2877 2252//2877
f 2254//2876 2250//2876 2249//2876
f 2256//2877 2249//2877 2253//2877
f 2258//2877 2260//2877 2257//2877
f 2262//2876 2257//2876 2261//2876
f 2254//2877 2259//2877 2258//2877
f 2255//2876 2258//2876 2262//2876
f 2264//369 2266//369 2263//369
f 2250//369 2263//369 2251//369
f 2267//369 2265//369 2264//369
f 2255//369 2264//369 2250//369
f 2270//369 2261//369 2269//369
f 2272//369 2269//369 2271//369
f 2267//369 2262//369 2270//369
f 2268//369 2270//369 2272//369
f 2273//2878 2275//2878 2276//2878
f 2266//2879 2274//2879 2273//2879
f 2274//2878 2278//2878 2275//2878
f 2265//2879 2277//2879 2274//2879
f 2279//2879 2272//2879 2271//2879
f 2281//2878 2280//2878 2279//2878
f 2280//2879 2268//2879 2272//2879
f 2282//2878 2277//2878 2280//2878
f 2283//2880 2285//2881 2286//2882
f 2287//2883 2284//2884 2283//2880
f 2284//2885 2290//2886 2285//2887
f 2288//2888 2289//2885 2284//2885
f 2293//2889 2295//2890 2292//2891
f 2297//2892 2292//2893 2296//2894
f 2288//2895 2294//2896 2293//2889
f 2291//2897 2293//2898 2297//2892
f 2298//2899 2290//2900 2289//2899
f 2300//2900 2289//2899 2291//2900
f 2301//2899 2299//2900 2298//2899
f 2303//2900 2298//2899 2300//2900
f 2305//2901 2296//2902 2304//2902
f 2307//2901 2304//2902 2306//2902
f 2300//2900 2297//2901 2305//2901
f 2303//2900 2305//2901 2307//2901
f 2308//2903 2302//2904 2301//2903
f 2310//2905 2301//2903 2303//2906
f 2311//2907 2309//2908 2308//2909
f 2313//2910 2308//2909 2310//2911
f 2314//2912 2307//2913 2306//2914
f 2316//2915 2315//2916 2314//2917
f 2315//2918 2303//2906 2307//2913
f 2317//2919 2310//2911 2315//2916
f 2319//11 2321//11 2318//11
f 2323//11 2318//11 2322//11
f 2324//11 2320//11 2319//11
f 2326//11 2319//11 2323//11
f 2327//11 2329//11 2330//11
f 2331//11 2328//11 2327//11
f 2328//11 2322//11 2329//11
f 2332//11 2323//11 2328//11
f 2333//2920 2330//2920 2329//2920
f 2335//2920 2329//2920 2322//2920
f 2282//2921 2334//2921 2333//2921
f 2278//2921 2333//2921 2335//2921
f 2336//2920 2318//2920 2321//2920
f 2276//2921 2337//2921 2336//2921
f 2337//2920 2322//2920 2318//2920
f 2275//2921 2335//2921 2337//2921
f 2338//39 2340//39 2341//39
f 2342//39 2339//39 2338//39
f 2339//39 2345//39 2340//39
f 2343//39 2344//39 2339//39
f 2348//39 2350//39 2347//39
f 2352//39 2347//39 2351//39
f 2343//39 2349//39 2348//39
f 2346//39 2348//39 2352//39
f 2349//2922 2354//2922 2350//2922
f 2342//2922 2353//2922 2349//2922
f 2353//2923 2252//2923 2354//2923
f 2355//2923 2253//2923 2353//2923
f 2357//2922 2341//2922 2356//2922
f 2259//2923 2356//2923 2260//2923
f 2355//2922 2338//2922 2357//2922
f 2256//2923 2357//2923 2259//2923
f 2359//2924 2361//2925 2358//2924
f 2220//2926 2358//2926 2223//2926
f 2359//2927 2363//2928 2360//2929
f 2220//2930 2362//2930 2359//2930
f 2365//369 2367//369 2364//369
f 2369//369 2364//369 2368//369
f 2365//369 2371//369 2366//369
f 2372//369 2365//369 2369//369
f 2374//2931 2376//2932 2373//2933
f 2377//2934 2374//2935 2373//2936
f 2238//2937 2375//2937 2374//2937
f 2378//2938 2238//2938 2374//2938
f 2380//1441 2382//1441 2379//1441
f 2383//1441 2380//1441 2379//1441
f 2385//1441 2381//1441 2380//1441
f 2387//1441 2380//1441 2384//1441
f 2389//2939 2391//2940 2388//2939
f 2360//2941 2388//2939 2361//2941
f 2392//2939 2390//2940 2389//2939
f 2363//2941 2389//2939 2360//2941
f 2395//369 2397//369 2394//369
f 2366//369 2394//369 2367//369
f 2398//369 2396//369 2395//369
f 2366//369 2398//369 2395//369
f 2401//2942 2403//2942 2400//2942
f 2405//2942 2400//2942 2404//2942
f 2373//2943 2402//2943 2401//2943
f 2377//2943 2401//2943 2405//2943
f 2407//1441 2409//1441 2406//1441
f 2411//1441 2406//1441 2410//1441
f 2379//1441 2408//1441 2407//1441
f 2411//1441 2379//1441 2407//1441
f 2413//2944 2415//2944 2412//2944
f 2390//2945 2412//2945 2391//2945
f 2416//2944 2414//2944 2413//2944
f 2393//2945 2413//2945 2390//2945
f 2419//369 2421//369 2418//369
f 2396//369 2418//369 2397//369
f 2422//369 2420//369 2419//369
f 2399//369 2419//369 2396//369
f 2425//2946 2427//2946 2424//2946
f 2429//2946 2424//2946 2428//2946
f 2400//2947 2426//2947 2425//2947
f 2404//2947 2425//2947 2429//2947
f 2431//1441 2433//1441 2430//1441
f 2435//1441 2430//1441 2434//1441
f 2406//1441 2432//1441 2431//1441
f 2410//1441 2431//1441 2435//1441
f 2437//2948 2439//2948 2436//2948
f 2414//2949 2436//2949 2415//2949
f 2440//2948 2438//2948 2437//2948
f 2417//2949 2437//2949 2414//2949
f 2442//369 2444//369 2445//369
f 2446//369 2443//369 2442//369
f 2443//369 2423//369 2444//369
f 2447//369 2420//369 2443//369
f 2449//2950 2451//2950 2448//2950
f 2453//2950 2448//2950 2452//2950
f 2424//2951 2450//2951 2449//2951
f 2428//2951 2449//2951 2453//2951
f 2454//1441 2456//1441 2457//1441
f 2434//1441 2455//1441 2454//1441
f 2455//1441 2459//1441 2456//1441
f 2430//1441 2458//1441 2455//1441
f 2461//2952 2463//2952 2460//2952
f 2438//2953 2460//2953 2439//2953
f 2464//2952 2462//2952 2461//2952
f 2441//2953 2461//2953 2438//2953
f 2466//369 2468//369 2469//369
f 2470//369 2467//369 2466//369
f 2467//369 2445//369 2468//369
f 2471//369 2442//369 2467//369
f 2473//2954 2475//2954 2472//2954
f 2477//2954 2472//2954 2476//2954
f 2448//2955 2474//2955 2473//2955
f 2452//2955 2473//2955 2477//2955
f 2478//1441 2480//1441 2481//1441
f 2457//1441 2479//1441 2478//1441
f 2479//1441 2483//1441 2480//1441
f 2456//1441 2482//1441 2479//1441
f 2484//2956 2215//2844 2218//2843
f 2486//2957 2485//2958 2484//2959
f 2485//2960 2219//2846 2215//2844
f 2487//2961 2488//2962 2485//2958
f 2491//2963 2493//2964 2490//2965
f 2495//2966 2490//2965 2494//2967
f 2487//2968 2492//2969 2491//2970
f 2489//2971 2491//2970 2495//2971
f 2488//2972 2497//2973 2219//2846
f 2489//2974 2496//2975 2488//2962
f 2499//2976 2497//2973 2496//2977
f 2500//2978 2496//2975 2498//2979
f 2502//2966 2494//2967 2501//2980
f 2504//2966 2501//2980 2503//2981
f 2498//2971 2495//2971 2502//2971
f 2500//2971 2502//2971 2504//2971
f 2505//2982 2239//2865 2499//2976
f 2506//2983 2499//2984 2500//2978
f 2507//2844 2236//2863 2505//2982
f 2508//2985 2505//2986 2506//2983
f 2509//2987 2504//2966 2503//2981
f 2511//2988 2510//2989 2509//2987
f 2510//2990 2500//2971 2504//2971
f 2512//2991 2506//2992 2510//2990
f 2514//2993 2287//2994 2513//2995
f 2516//2996 2513//2997 2515//2998
f 2517//2999 2294//3000 2514//2993
f 2518//3001 2514//2997 2516//2996
f 2519//11 2326//11 2332//11
f 2521//11 2332//11 2331//11
f 2516//11 2520//11 2519//11
f 2521//11 2516//11 2519//11
f 2520//11 2324//11 2326//11
f 2515//11 2522//11 2520//11
f 2522//11 2325//11 2324//11
f 2523//11 2524//11 2522//11
f 2283//3002 2513//2995 2287//2994
f 2286//3003 2526//3004 2283//3002
f 2526//3005 2515//2998 2513//2997
f 2527//3006 2523//3007 2526//3005
f 2528//3008 2313//3009 2317//3010
f 2530//3011 2317//3010 2316//3012
f 2531//3013 2529//3014 2528//3015
f 2533//3016 2528//3015 2530//3017
f 2344//39 2535//39 2345//39
f 2346//39 2534//39 2344//39
f 2531//39 2535//39 2534//39
f 2536//39 2531//39 2534//39
f 2529//3018 2311//3019 2313//3009
f 2532//3020 2537//3021 2529//3014
f 2537//3022 2312//3023 2311//3019
f 2538//3024 2539//3025 2537//3021
f 2352//39 2536//39 2346//39
f 2351//39 2541//39 2352//39
f 2541//39 2532//39 2536//39
f 2542//39 2538//39 2541//39
f 2543//3026 2217//3027 2222//3026
f 2341//3028 2544//3029 2543//3030
f 2544//3027 2218//3031 2217//3027
f 2340//3029 2545//3032 2544//3029
f 2547//3033 2228//3034 2546//3034
f 2356//3035 2546//3036 2260//3036
f 2543//3037 2229//3038 2547//3033
f 2341//3039 2547//3040 2356//3041
f 2549//3042 2227//2852 2548//3043
f 2257//3044 2548//3045 2261//3044
f 2546//3046 2224//2850 2549//3042
f 2260//3047 2549//3047 2257//3047
f 2234//3048 2551//3048 2235//3048
f 2552//3049 2234//3049 2223//3049
f 2550//3050 2368//3051 2551//3051
f 2372//3052 2550//3050 2552//3052
f 2554//3053 2233//2852 2553//3054
f 2269//3055 2553//3055 2271//3055
f 2548//3043 2230//2858 2554//3053
f 2261//3055 2554//3055 2269//3055
f 2241//3056 2556//3057 2243//3057
f 2240//3058 2555//3056 2241//3056
f 2555//3059 2330//3060 2556//3060
f 2557//3061 2327//3062 2555//3059
f 2558//3063 2247//3064 2246//3065
f 2556//3066 2246//3065 2243//3066
f 2334//3067 2559//3068 2558//3067
f 2330//3069 2558//3070 2556//3070
f 2559//3071 2244//2873 2247//2872
f 2281//3072 2560//3073 2559//3073
f 2560//3074 2233//2852 2244//2873
f 2279//3075 2553//3076 2560//3075
f 2362//3077 2562//3077 2363//3077
f 2219//3078 2561//3078 2362//3079
f 2384//3080 2562//3080 2561//3080
f 2563//3081 2384//3082 2561//3083
f 2564//3084 2358//3084 2361//3084
f 2370//3085 2564//3085 2371//3085
f 2565//3086 2223//3086 2358//3087
f 2370//3088 2552//3088 2565//3088
f 2566//3089 2235//3090 2551//3089
f 2364//3091 2551//3091 2368//3091
f 2567//3092 2375//3092 2566//3092
f 2364//3093 2567//3094 2566//3094
f 2568//3095 2239//3096 2378//3095
f 2570//3097 2378//3097 2377//3097
f 2568//3098 2386//3098 2569//3098
f 2570//3099 2381//3100 2568//3100
f 2392//3101 2572//3102 2393//3103
f 2562//3104 2392//3101 2363//3105
f 2571//3106 2410//3106 2572//3106
f 2383//3107 2571//3108 2562//3108
f 2573//3109 2388//3110 2391//3111
f 2399//3112 2574//3112 2573//3113
f 2564//3114 2388//3110 2574//3110
f 2371//3115 2574//3115 2398//3115
f 2575//3116 2403//3117 2402//3118
f 2567//3119 2402//3120 2376//3121
f 2394//3122 2576//3123 2575//3122
f 2367//3124 2575//3124 2567//3124
f 2578//3125 2404//3126 2577//3127
f 2408//3128 2577//3129 2409//3128
f 2570//3130 2405//3131 2578//3130
f 2382//3132 2578//3133 2408//3133
f 2416//3134 2580//3135 2417//3136
f 2393//3137 2579//3138 2416//3139
f 2579//3140 2434//3141 2580//3141
f 2572//3142 2435//3143 2579//3142
f 2581//3144 2412//3145 2415//3146
f 2423//3147 2582//3148 2581//3147
f 2582//3149 2391//3150 2412//3151
f 2422//3152 2573//3153 2582//3153
f 2583//3154 2427//3155 2426//3155
f 2576//3156 2426//3157 2403//3158
f 2418//3159 2584//3159 2583//3159
f 2397//3160 2583//3160 2576//3161
f 2586//3162 2428//3163 2585//3164
f 2432//3165 2585//3165 2433//3166
f 2577//3167 2429//3168 2586//3169
f 2409//3170 2586//3170 2432//3171
f 2440//3172 2588//3173 2441//3174
f 2417//3175 2587//3176 2440//3177
f 2587//3178 2457//3178 2588//3178
f 2580//3179 2454//3179 2587//3179
f 2589//3180 2436//3181 2439//3182
f 2445//3183 2590//3183 2589//3183
f 2590//3184 2415//3185 2436//3186
f 2444//3187 2581//3187 2590//3187
f 2591//3188 2451//3189 2450//3189
f 2584//3190 2450//3191 2427//3191
f 2447//3192 2592//3193 2591//3192
f 2421//3194 2591//3194 2584//3194
f 2594//3195 2452//3196 2593//3197
f 2458//3198 2593//3199 2459//3198
f 2585//3200 2453//3201 2594//3200
f 2433//3202 2594//3202 2458//3202
f 2464//3203 2596//3203 2465//3204
f 2441//3205 2595//3205 2464//3205
f 2595//3206 2481//3207 2596//3207
f 2588//3208 2478//3209 2595//3209
f 2597//3210 2460//3210 2463//3211
f 2469//3212 2598//3213 2597//3212
f 2598//3214 2439//3214 2460//3214
f 2468//3215 2589//3216 2598//3215
f 2599//3217 2475//3218 2474//3217
f 2592//3219 2474//3219 2451//3220
f 2471//3221 2600//3221 2599//3221
f 2446//3222 2599//3223 2592//3222
f 2602//3224 2476//3225 2601//3226
f 2482//3227 2601//3227 2483//3227
f 2593//3228 2477//3228 2602//3229
f 2459//3230 2602//3231 2482//3232
f 2603//3233 2486//3233 2484//3233
f 2545//3031 2484//3234 2218//3031
f 2603//3235 2533//3236 2604//3236
f 2345//3237 2603//3238 2545//3032
f 2605//3239 2493//3239 2492//3239
f 2604//3240 2492//2969 2486//3241
f 2530//3242 2606//3243 2605//3242
f 2604//3244 2530//3245 2605//3245
f 2607//3246 2494//2967 2490//2965
f 2606//3247 2490//2965 2493//2964
f 2314//3248 2608//3248 2607//3248
f 2316//3249 2607//3249 2606//3249
f 2569//3250 2497//3251 2239//3252
f 2386//374 2609//3253 2569//3250
f 2609//3253 2219//3254 2497//3251
f 2385//374 2563//3255 2609//3253
f 2610//3256 2503//2981 2501//2980
f 2608//3257 2501//2980 2494//2967
f 2304//3258 2611//3258 2610//3258
f 2306//3258 2610//3258 2608//3258
f 2613//3259 2508//3259 2612//3259
f 2518//3260 2613//3261 2612//3260
f 2557//3058 2507//3262 2613//3262
f 2331//3263 2613//3264 2521//3264
f 2615//3265 2511//3265 2614//3265
f 2517//3266 2614//3266 2295//3267
f 2612//3268 2512//2991 2615//3269
f 2517//3270 2612//3270 2615//3270
f 2509//2987 2614//3271 2511//2988
f 2503//2981 2616//3272 2509//2987
f 2616//3273 2295//3273 2614//3273
f 2611//3274 2292//3275 2616//3275
f 2617//3276 2619//3277 2620//3278
f 2621//3279 2618//3280 2617//3276
f 2623//3281 2619//3277 2618//3280
f 2622//3282 2623//3281 2618//3280
f 2626//3283 2628//3284 2629//3285
f 2622//3286 2626//3283 2625//3286
f 2627//3287 2631//3288 2628//3288
f 2622//3289 2630//3290 2627//3287
f 2632//3291 2634//3292 2635//3293
f 2636//3294 2633//3292 2632//3291
f 2626//3283 2634//3292 2633//3292
f 2625//3292 2633//3292 2637//3292
f 2638//3295 2640//3296 2641//3297
f 2642//3298 2638//3295 2636//3299
f 2643//3300 2640//3296 2639//3301
f 2645//3302 2639//3301 2642//3303
f 2647//3304 2649//3305 2646//3306
f 2642//3307 2646//3306 2645//3308
f 2632//3291 2648//3309 2647//3304
f 2642//3310 2632//3291 2647//3304
f 2651//2879 2653//2879 2650//2879
f 2655//3311 2650//2879 2654//3312
f 2656//2878 2652//2878 2651//2878
f 2658//2878 2651//2878 2655//2878
f 2660//3313 2631//3313 2659//3313
f 2655//3314 2659//3314 2658//3314
f 2660//3315 2629//3315 2628//3315
f 2654//3312 2660//3316 2655//3311
f 2663//369 2665//369 2662//369
f 2667//369 2662//369 2666//369
f 2650//369 2664//369 2663//369
f 2654//369 2663//369 2667//369
f 2668//369 2629//369 2661//369
f 2667//369 2661//369 2654//369
f 2669//369 2634//369 2668//369
f 2666//369 2668//369 2667//369
f 2670//2877 2672//2877 2673//2877
f 2674//2877 2671//2877 2670//2877
f 2671//2876 2665//2876 2672//2876
f 2675//3317 2662//2876 2671//2876
f 2676//3318 2635//3318 2669//3318
f 2666//3319 2676//3320 2669//3321
f 2676//3322 2649//3322 2648//3322
f 2675//3323 2677//3323 2676//3323
f 2678//3324 2680//3325 2681//3326
f 2682//2904 2679//2903 2678//3327
f 2679//3328 2685//3329 2680//3325
f 2683//2903 2684//3330 2679//2903
f 2687//3331 2689//3332 2690//3331
f 2684//3333 2687//3333 2685//3334
f 2688//3335 2692//3336 2689//3335
f 2684//3330 2691//3337 2688//3337
f 2694//2899 2682//2900 2693//2900
f 2696//2899 2693//2900 2695//2900
f 2697//2900 2683//2899 2694//2899
f 2698//2900 2694//2899 2696//2899
f 2699//3338 2692//3339 2691//3338
f 2697//2900 2691//3338 2686//2900
f 2701//3338 2700//3339 2699//3338
f 2698//2900 2699//3338 2697//2900
f 2704//2885 2695//2886 2703//2887
f 2706//3340 2703//3341 2705//2882
f 2707//3342 2696//2885 2704//2885
f 2708//3343 2704//3344 2706//3340
f 2709//3345 2702//3346 2701//3346
f 2698//3342 2709//3347 2701//3347
f 2711//3348 2710//3348 2709//3348
f 2707//3349 2711//3350 2709//3349
f 2714//39 2716//39 2713//39
f 2718//39 2713//39 2717//39
f 2719//39 2715//39 2714//39
f 2721//39 2714//39 2718//39
f 2723//39 2645//39 2722//39
f 2720//39 2723//39 2722//39
f 2724//39 2643//39 2723//39
f 2721//39 2723//39 2719//39
f 2725//3351 2645//3351 2646//3351
f 2677//3352 2646//3353 2649//3352
f 2726//3354 2722//3355 2725//3356
f 2674//3357 2725//3357 2677//3357
f 2715//3358 2728//3358 2716//3358
f 2720//3359 2727//3358 2715//3358
f 2727//2923 2673//2923 2728//2923
f 2726//2923 2670//2923 2727//2923
f 2729//11 2621//11 2617//11
f 2731//11 2617//11 2620//11
f 2729//11 2733//11 2730//11
f 2734//11 2729//11 2731//11
f 2736//11 2738//11 2735//11
f 2732//11 2735//11 2733//11
f 2739//11 2737//11 2736//11
f 2734//11 2736//11 2732//11
f 2741//2920 2735//2920 2738//2920
f 2657//2921 2742//2921 2741//2921
f 2742//2920 2733//3360 2735//2920
f 2656//2921 2743//2921 2742//2921
f 2744//3361 2621//3361 2730//3361
f 2743//3362 2730//3363 2733//3360
f 2659//3364 2630//3365 2744//3365
f 2658//3366 2744//3367 2743//3367
f 2746//3368 2748//3369 2745//3368
f 2749//3370 2746//3371 2745//3372
f 2746//3373 2625//3373 2747//3373
f 2624//3374 2746//3374 2750//3374
f 2752//369 2754//369 2751//369
f 2748//369 2752//369 2751//369
f 2637//369 2753//369 2752//369
f 2747//369 2637//369 2752//369
f 2755//3375 2754//3375 2753//3375
f 2636//3376 2755//3377 2753//3378
f 2755//3379 2758//3379 2756//3379
f 2641//3380 2755//3381 2638//3381
f 2759//1441 2758//1441 2757//1441
f 2761//1441 2757//1441 2641//1441
f 2759//1441 2749//1441 2760//1441
f 2761//1441 2750//1441 2759//1441
f 2762//3382 2764//3383 2765//3384
f 2767//3385 2762//3382 2766//3386
f 2745//3387 2764//3383 2763//3388
f 2767//3385 2745//3387 2763//3388
f 2768//369 2770//369 2771//369
f 2764//369 2768//369 2765//369
f 2751//369 2770//369 2769//369
f 2764//369 2751//369 2769//369
f 2770//3389 2773//3390 2771//3391
f 2756//3392 2770//3393 2754//3394
f 2774//3395 2773//3390 2772//3396
f 2756//3397 2774//3398 2772//3399
f 2774//1441 2777//1441 2775//1441
f 2760//1441 2774//1441 2758//1441
f 2767//1441 2777//1441 2776//1441
f 2760//1441 2767//1441 2776//1441
f 2778//3400 2780//3401 2781//3400
f 2783//3402 2778//3403 2782//3404
f 2779//3405 2765//3405 2780//3406
f 2766//3407 2779//3408 2783//3408
f 2785//369 2787//369 2784//369
f 2780//369 2784//369 2781//369
f 2785//369 2771//369 2786//369
f 2765//369 2785//369 2780//369
f 2786//3409 2789//3410 2787//3409
f 2771//3411 2788//3412 2786//3411
f 2790//3413 2789//3410 2788//3414
f 2775//3415 2788//3416 2773//3417
f 2792//1441 2791//1441 2790//1441
f 2775//1441 2792//1441 2790//1441
f 2783//1441 2793//1441 2792//1441
f 2766//1441 2792//1441 2777//1441
f 2794//3418 2796//3419 2797//3419
f 2799//3420 2794//3418 2798//3421
f 2795//3422 2781//3423 2796//3423
f 2782//3424 2795//3422 2799//3424
f 2796//369 2801//369 2797//369
f 2781//369 2800//369 2796//369
f 2800//369 2803//369 2801//369
f 2784//369 2802//369 2800//369
f 2802//3425 2805//3426 2803//3427
f 2787//3428 2804//3429 2802//3428
f 2806//3430 2805//3426 2804//3426
f 2791//3431 2804//3429 2789//3429
f 2808//1441 2799//1441 2798//1441
f 2807//1441 2809//1441 2808//1441
f 2809//1441 2782//1441 2799//1441
f 2806//1441 2793//1441 2809//1441
f 2811//3432 2813//3432 2810//3432
f 2814//3433 2811//3433 2810//3433
f 2794//3434 2812//3435 2811//3434
f 2815//3436 2794//3434 2811//3434
f 2812//3437 2817//3438 2813//3437
f 2797//3439 2816//3439 2812//3439
f 2816//3440 2819//3440 2817//3440
f 2801//3441 2818//3441 2816//3441
f 2820//3442 2819//3443 2818//3442
f 2805//3444 2818//3444 2803//3445
f 2820//3446 2823//3447 2821//3447
f 2805//3448 2822//3448 2820//3448
f 2824//3449 2815//3450 2814//3450
f 2823//3451 2825//3451 2824//3451
f 2825//3452 2798//3452 2815//3452
f 2822//3453 2808//3453 2825//3453
f 2826//3454 2620//3278 2619//3277
f 2624//3455 2826//3454 2619//3277
f 2826//3456 2830//3457 2827//3458
f 2828//3459 2829//3460 2826//3456
f 2833//3461 2712//3462 2832//3463
f 2829//3464 2832//3465 2830//3465
f 2834//3466 2710//3467 2833//3461
f 2831//3468 2833//3469 2829//3464
f 2835//3470 2624//3455 2761//3470
f 2641//3470 2835//3470 2761//3470
f 2837//3471 2828//3459 2835//3471
f 2836//3472 2837//3471 2835//3471
f 2839//3473 2702//3466 2834//3466
f 2837//3474 2834//3475 2831//3468
f 2840//3476 2700//3473 2839//3473
f 2838//3477 2839//3474 2837//3474
f 2841//3478 2641//3297 2640//3296
f 2644//3479 2841//3478 2640//3296
f 2843//3480 2836//3472 2841//3481
f 2844//3482 2841//3481 2842//3483
f 2840//3476 2689//3484 2692//3476
f 2838//3477 2845//3485 2840//3486
f 2845//3487 2690//3488 2689//3484
f 2843//3489 2846//3490 2845//3485
f 2847//3491 2685//3491 2687//3491
f 2846//3492 2687//3493 2690//3493
f 2849//3494 2848//3495 2847//3494
f 2846//3496 2849//3496 2847//3496
f 2851//39 2724//39 2721//39
f 2849//39 2851//39 2850//39
f 2852//39 2644//39 2724//39
f 2844//39 2852//39 2849//39
f 2718//39 2851//39 2721//39
f 2717//39 2853//39 2718//39
f 2853//39 2850//39 2851//39
f 2854//39 2855//39 2853//39
f 2848//3497 2680//3019 2685//3498
f 2850//3499 2857//3500 2848//3495
f 2857//3022 2681//3023 2680//3019
f 2855//3024 2858//3025 2857//3500
f 2860//3501 2708//3501 2859//3501
f 2862//3502 2859//3503 2861//3504
f 2832//3505 2711//3506 2860//3507
f 2862//3508 2832//3509 2860//3509
f 2863//11 2620//11 2827//11
f 2830//11 2863//11 2827//11
f 2864//11 2731//11 2863//11
f 2862//11 2864//11 2863//11
f 2706//3002 2859//3510 2708//3511
f 2705//3003 2865//3512 2706//3002
f 2865//3005 2861//3504 2859//3503
f 2866//3006 2867//3007 2865//3005
f 2864//11 2739//11 2734//11
f 2861//11 2869//11 2864//11
f 2869//11 2740//11 2739//11
f 2867//11 2870//11 2869//11
f 2620//3513 2872//11 2617//11
f 2617//39 2873//3514 2872//39
f 2874//3515 2631//3515 2875//3516
f 2873//3517 2630//3518 2874//3518
f 2631//3519 2876//3520 2628//3520
f 2636//1441 2877//369 2878//1441
f 2877//369 2625//1441 2637//1441
f 2880//39 2643//3521 2645//39
f 2881//39 2644//3522 2643//3521
f 2649//3523 2883//3524 2884//3525
f 2880//3526 2646//3526 2883//3526
f 2885//3527 2649//3519 2648//3528
f 2750//369 2887//369 2749//369
f 2750//3529 2888//1441 2886//1441
f 2747//1441 2890//1441 2889//1441
f 2879//369 2747//3530 2889//369
f 2891//3531 2636//3531 2878//3531
f 2892//1441 2753//1441 2891//1441
f 2641//3531 2893//1441 2894//3532
f 2895//1441 2757//1441 2893//1441
f 2896//369 2767//3533 2766//369
f 2749//369 2897//3534 2767//3534
f 2898//369 2765//369 2899//369
f 2748//1441 2898//3535 2890//1441
f 2901//369 2771//369 2900//369
f 2754//1441 2901//3536 2770//3536
f 2902//1441 2775//1441 2774//1441
f 2758//369 2902//369 2895//369
f 2905//369 2782//369 2904//369
f 2896//369 2783//369 2905//369
f 2906//1441 2781//1441 2780//1441
f 2899//1441 2780//1441 2765//1441
f 2787//1441 2908//1441 2909//1441
f 2786//1441 2900//1441 2908//1441
f 2910//1441 2791//1441 2790//1441
f 2903//369 2790//369 2910//369
f 2798//1441 2912//1441 2913//1441
f 2904//369 2799//369 2912//369
f 2914//369 2797//369 2915//369
f 2907//369 2796//369 2914//369
f 2917//369 2803//369 2916//369
f 2802//1441 2909//1441 2917//1441
f 2918//1441 2807//1441 2806//1441
f 2911//369 2806//369 2918//369
f 2815//3537 2921//3537 2814//3537
f 2798//3538 2920//3538 2815//3539
f 2797//3540 2922//3541 2812//3541
f 2812//3542 2923//3543 2922//3543
f 2924//3544 2818//3544 2819//3545
f 2803//3546 2925//3547 2818//3547
f 2822//3548 2927//3549 2926//3548
f 2807//3550 2926//3550 2919//3550
f 2830//39 2928//3551 2929//39
f 2871//3552 2827//3553 2928//3553
f 2712//3554 2930//3555 2931//3555
f 2830//3556 2930//3557 2832//3558
f 2932//3559 2712//3560 2710//3561
f 2933//1441 2641//3531 2894//3532
f 2888//1441 2761//1441 2933//1441
f 2882//3562 2842//3563 2644//3522
f 2934//11 2844//11 2935//11
f 2844//3564 2936//3564 2846//3564
f 2936//3565 2690//3566 2937//3567
f 2690//3566 2938//3568 2937//3567
f 510//39 496//39 497//39
f 497//39 498//39 501//39
f 498//39 499//39 501//39
f 499//39 500//39 501//39
f 501//39 502//39 503//39
f 503//39 504//39 501//39
f 504//39 505//39 501//39
f 505//39 506//39 507//39
f 507//39 508//39 509//39
f 509//39 510//39 501//39
f 510//39 497//39 501//39
f 505//39 507//39 501//39
f 512//444 513//444 514//444
f 515//445 516//445 513//445
f 517//446 518//446 516//446
f 519//448 520//449 518//449
f 519//450 521//450 522//450
f 521//451 523//451 524//451
f 523//452 525//452 526//452
f 525//369 527//369 528//369
f 527//453 529//453 530//453
f 529//454 531//454 532//454
f 531//455 533//455 534//455
f 535//456 536//456 534//456
f 537//457 538//3569 536//457
f 539//458 540//458 538//458
f 511//459 514//459 540//459
f 555//11 541//11 542//11
f 542//11 543//11 546//11
f 543//11 544//11 546//11
f 544//11 545//11 546//11
f 546//11 547//11 548//11
f 548//11 549//11 550//11
f 550//11 551//11 552//11
f 552//11 553//11 550//11
f 553//11 554//11 550//11
f 554//11 555//11 546//11
f 555//11 542//11 546//11
f 546//11 548//11 554//11
f 556//460 557//3570 511//461
f 512//462 511//463 557//463
f 559//465 515//465 512//465
f 517//466 515//3571 559//466
f 561//468 519//3572 517//469
f 521//471 519//472 561//472
f 523//473 521//3573 562//474
f 523//475 563//475 564//476
f 564//477 565//477 527//477
f 565//478 566//479 529//479
f 529//480 566//480 567//481
f 531//483 567//3574 568//484
f 568//486 569//3575 535//487
f 570//488 537//3576 535//488
f 570//490 556//491 539//491
f 513//492 571//3577 572//493
f 514//494 572//3578 573//495
f 540//497 573//497 574//498
f 574//499 575//3579 536//499
f 536//501 575//3580 576//502
f 576//503 577//3581 532//504
f 577//506 578//507 530//507
f 579//508 528//508 530//509
f 580//510 526//510 528//510
f 524//511 526//512 580//512
f 582//513 522//3582 524//514
f 583//515 520//515 522//516
f 518//517 520//3583 583//518
f 518//520 584//3584 585//520
f 513//522 516//3585 585//522
f 510//523 557//523 556//523
f 558//524 557//524 510//524
f 559//525 558//3586 509//525
f 560//526 559//526 508//526
f 506//527 561//527 560//527
f 562//528 561//528 506//528
f 562//529 505//529 504//529
f 564//531 563//531 504//531
f 503//532 502//532 565//532
f 565//533 502//533 501//533
f 501//535 500//535 567//535
f 567//537 500//537 499//537
f 499//538 498//538 569//538
f 497//539 570//539 569//539
f 496//540 556//3587 570//540
f 571//541 541//541 555//541
f 555//542 554//542 573//542
f 554//543 553//543 574//543
f 553//545 552//545 575//545
f 575//546 552//546 551//546
f 551//547 550//547 577//547
f 549//548 578//3588 577//548
f 549//549 548//549 579//549
f 547//551 580//551 579//551
f 546//552 581//552 580//552
f 582//553 581//3589 546//553
f 544//554 583//554 582//554
f 584//555 583//555 544//555
f 584//556 543//556 542//556
f 585//557 542//557 541//557
f 586//559 587//563 588//560
f 591//562 588//560 587//563
f 593//565 591//562 590//564
f 595//567 593//565 592//566
f 596//569 597//572 598//570
f 597//572 600//574 601//573
f 600//574 586//559 589//561
f 602//575 603//575 587//575
f 588//576 604//576 605//576
f 603//577 606//577 590//577
f 591//578 607//578 604//578
f 606//579 608//579 592//579
f 593//580 609//580 607//580
f 608//581 610//581 594//581
f 595//582 611//582 609//582
f 612//583 613//583 597//583
f 598//584 614//584 615//584
f 613//585 616//585 600//585
f 601//586 617//587 614//587
f 616//588 602//588 586//588
f 589//589 605//589 617//589
f 595//590 594//590 610//590
f 618//591 619//595 620//592
f 622//594 623//597 619//595
f 624//596 625//599 623//597
f 626//598 627//598 625//599
f 628//600 629//604 630//601
f 632//603 633//605 629//604
f 621//593 620//592 633//605
f 602//575 620//575 619//575
f 605//576 604//576 618//576
f 603//577 619//577 623//577
f 604//578 607//578 622//578
f 606//579 623//579 625//579
f 607//580 609//580 624//580
f 608//581 625//581 627//581
f 609//582 611//582 626//582
f 612//583 630//583 629//583
f 615//584 614//584 628//584
f 613//585 629//585 633//585
f 614//587 617//587 632//586
f 616//588 633//588 620//588
f 617//589 605//589 621//589
f 626//590 611//590 610//590
f 630//607 612//607 615//607
f 596//607 599//607 615//607
f 648//3590 634//114 647//114
f 634//114 635//114 647//114
f 635//114 636//3591 637//3592
f 637//3592 638//3593 635//114
f 638//3593 639//114 635//114
f 639//114 640//114 641//3594
f 641//3594 642//114 639//114
f 642//114 643//114 639//114
f 643//114 644//3595 645//114
f 645//114 646//3596 643//114
f 646//3596 647//114 643//114
f 647//114 635//114 643//114
f 649//608 650//608 651//609
f 650//610 653//610 654//611
f 655//613 656//3597 654//614
f 657//616 658//617 656//617
f 657//618 659//618 660//618
f 660//619 659//620 661//620
f 661//621 663//621 664//621
f 663//373 665//373 666//373
f 666//622 665//622 667//622
f 667//623 669//623 670//623
f 670//624 669//624 671//624
f 671//625 673//625 674//625
f 673//626 675//626 676//627
f 677//629 678//3598 676//630
f 649//631 652//632 678//632
f 693//3599 679//3600 692//84
f 679//3600 680//84 692//84
f 680//84 681//3601 682//3602
f 682//3602 683//3603 680//84
f 683//3603 684//84 680//84
f 684//84 685//3604 686//3604
f 686//3604 687//84 684//84
f 687//84 688//84 684//84
f 688//84 689//3605 690//84
f 690//84 691//3606 688//84
f 691//3606 692//84 688//84
f 692//84 680//84 688//84
f 694//633 695//634 649//634
f 696//636 650//3607 649//637
f 697//638 653//3608 650//639
f 655//640 653//3609 697//641
f 657//643 655//644 698//644
f 659//646 657//3610 699//647
f 661//649 659//649 700//649
f 661//650 701//3611 702//651
f 702//653 703//653 665//653
f 703//654 704//3612 667//655
f 667//657 704//657 705//657
f 669//658 705//3613 706//659
f 707//661 673//661 671//662
f 708//664 675//3614 673//665
f 708//667 694//3615 677//668
f 652//670 651//670 709//670
f 652//672 710//672 711//672
f 711//673 712//3616 676//674
f 676//675 712//3617 713//676
f 713//678 714//3618 672//679
f 714//681 715//3619 670//682
f 715//684 716//3620 668//684
f 717//686 666//3621 668//687
f 718//689 664//689 666//689
f 662//690 664//3622 718//691
f 720//693 660//3623 662//693
f 721//695 658//3624 660//696
f 658//698 721//3625 722//699
f 654//701 656//3626 722//702
f 654//704 723//3627 709//705
f 648//706 695//706 694//707
f 696//708 695//709 648//709
f 697//710 696//710 647//710
f 645//711 698//3628 697//711
f 644//713 699//3629 698//713
f 700//714 699//714 644//714
f 700//715 643//3630 642//715
f 701//716 642//716 641//716
f 641//717 640//717 703//717
f 640//718 639//718 704//718
f 639//719 638//3631 705//719
f 705//720 638//720 637//720
f 637//721 636//722 707//722
f 636//723 635//3632 708//723
f 634//725 694//725 708//725
f 709//726 679//726 693//726
f 693//727 692//727 711//727
f 692//729 691//3633 712//729
f 712//730 691//730 690//731
f 713//732 690//732 689//732
f 689//733 688//733 715//733
f 687//735 716//3634 715//735
f 686//737 717//3635 716//737
f 685//739 718//739 717//739
f 719//740 718//3636 685//740
f 720//742 719//742 684//742
f 682//744 721//3637 720//744
f 722//745 721//745 682//745
f 723//746 722//746 681//746
f 723//748 680//3638 679//748
f 724//749 725//753 726//750
f 729//752 726//750 725//753
f 731//754 729//752 728//752
f 733//756 731//754 730//755
f 734//757 735//759 736//758
f 735//759 738//761 739//760
f 738//761 724//749 727//751
f 740//762 741//762 725//762
f 726//763 742//763 743//763
f 741//765 744//765 728//765
f 729//766 745//766 742//766
f 744//768 746//768 730//769
f 731//770 747//770 745//771
f 746//772 748//772 732//773
f 733//774 749//775 747//775
f 750//776 751//807 735//777
f 736//779 752//779 753//779
f 751//781 754//781 738//781
f 739//782 755//782 752//782
f 754//784 740//784 724//784
f 727//785 743//785 755//785
f 733//786 732//3639 748//786
f 756//787 757//791 758//788
f 760//790 761//790 757//791
f 762//792 763//794 761//790
f 764//793 765//3640 763//794
f 766//795 767//799 768//796
f 770//798 771//800 767//799
f 759//789 758//788 771//800
f 740//762 758//762 757//762
f 743//763 742//763 756//763
f 741//765 757//3641 761//801
f 742//766 745//766 760//766
f 744//768 761//3642 763//768
f 745//771 747//770 762//803
f 746//772 763//773 765//772
f 747//775 749//775 764//805
f 750//776 768//807 767//807
f 753//779 752//779 766//808
f 751//781 767//3643 771//781
f 752//782 755//782 770//810
f 754//784 771//784 758//784
f 755//785 743//785 759//785
f 764//786 749//786 748//786
f 768//811 750//811 753//811
f 734//812 737//812 753//811
f 786//3644 772//813 773//813
f 773//813 774//3645 775//3646
f 775//3646 776//3647 773//813
f 776//3647 777//187 773//813
f 777//187 778//3648 779//3648
f 779//3648 780//187 777//187
f 780//187 781//187 777//187
f 781//187 782//3649 783//3650
f 783//3650 784//3651 781//187
f 784//3651 785//187 781//187
f 785//187 786//3644 773//813
f 785//187 773//813 781//187
f 788//814 789//814 790//814
f 788//815 791//815 792//815
f 791//816 793//3652 794//817
f 793//818 795//818 796//818
f 795//819 797//3653 798//819
f 798//820 797//821 799//821
f 799//822 801//822 802//823
f 801//372 803//372 804//372
f 804//824 803//825 805//825
f 805//826 807//3654 808//827
f 808//828 807//3655 809//829
f 811//830 812//830 810//830
f 813//831 814//832 812//832
f 815//834 816//834 814//834
f 815//835 787//835 790//835
f 831//158 817//158 818//836
f 818//836 819//3656 820//3657
f 820//3657 821//3658 818//836
f 821//3658 822//158 818//836
f 822//158 823//3659 826//158
f 823//3659 824//158 826//158
f 824//158 825//429 826//158
f 826//158 827//3660 828//3661
f 828//3661 829//3658 826//158
f 829//3658 830//158 826//158
f 830//158 831//158 818//836
f 830//158 818//836 826//158
f 832//837 833//839 787//838
f 834//840 788//3662 787//841
f 835//843 791//843 788//843
f 793//844 791//844 835//844
f 837//845 795//3663 793//845
f 797//846 795//3664 837//847
f 799//849 797//3665 838//850
f 799//852 839//852 840//853
f 840//854 841//854 803//854
f 841//855 842//3666 805//856
f 805//857 842//3667 843//858
f 807//860 843//3668 844//861
f 844//863 845//3669 811//863
f 846//865 813//865 811//866
f 846//867 832//867 815//867
f 789//868 847//868 848//869
f 848//871 849//3670 816//872
f 816//874 849//874 850//875
f 814//876 850//3671 851//877
f 851//879 852//879 810//879
f 852//880 853//3672 808//881
f 854//883 806//883 808//884
f 855//886 804//3673 806//886
f 856//887 802//887 804//887
f 800//888 802//3674 856//888
f 798//890 800//891 857//891
f 859//893 796//893 798//894
f 796//896 859//896 860//896
f 792//897 794//898 860//898
f 789//900 792//901 861//901
f 772//902 786//902 833//902
f 785//903 834//903 833//903
f 835//904 834//3675 785//904
f 783//906 836//3676 835//906
f 782//908 837//3677 836//908
f 837//910 782//910 781//910
f 838//911 781//3678 780//912
f 840//914 839//3679 780//915
f 840//917 779//917 778//917
f 841//918 778//3680 777//919
f 777//921 776//3681 843//922
f 776//924 775//924 844//924
f 775//925 774//3682 845//925
f 774//927 773//3683 846//927
f 772//929 832//3684 846//929
f 848//931 847//931 817//931
f 848//932 831//932 830//932
f 830//933 829//3685 850//933
f 829//935 828//3686 851//936
f 851//937 828//3687 827//938
f 827//940 826//3688 853//940
f 826//941 825//3689 854//942
f 825//944 824//944 855//944
f 823//945 856//945 855//945
f 822//946 857//3690 856//946
f 858//947 857//3691 822//947
f 820//949 859//949 858//949
f 860//951 859//3692 820//951
f 860//953 819//3693 818//954
f 861//955 818//3694 817//955
f 862//957 863//961 864//958
f 867//960 864//958 863//961
f 869//962 867//960 866//960
f 871//964 869//962 868//963
f 872//965 873//968 874//966
f 873//968 876//970 877//969
f 876//970 862//957 865//959
f 878//971 879//971 863//972
f 864//973 880//973 881//973
f 879//974 882//1015 866//974
f 867//976 883//977 880//977
f 882//978 884//978 868//979
f 869//980 885//3695 883//980
f 884//982 886//1018 870//982
f 871//984 887//984 885//984
f 888//985 889//985 873//985
f 874//987 890//988 891//988
f 889//989 892//989 876//989
f 877//991 893//992 890//992
f 892//993 878//993 862//994
f 865//996 881//996 893//997
f 871//998 870//998 886//999
f 894//1000 895//1004 896//1001
f 898//1003 899//1003 895//1004
f 900//1005 901//1007 899//1003
f 902//1006 903//1006 901//1007
f 904//1008 905//1012 906//1009
f 908//1011 909//1013 905//1012
f 897//1002 896//1001 909//1013
f 878//971 896//971 895//971
f 881//973 880//973 894//973
f 879//974 895//975 899//1014
f 880//977 883//977 898//977
f 882//978 899//978 901//978
f 883//980 885//3695 900//1017
f 884//982 901//3696 903//982
f 885//984 887//984 902//984
f 888//985 906//985 905//985
f 891//988 890//988 904//1020
f 889//989 905//989 909//989
f 890//992 893//992 908//992
f 892//993 909//993 896//993
f 893//997 881//996 897//997
f 902//998 887//999 886//999
f 906//1023 888//1023 891//1023
f 872//1023 875//3697 891//1023
f 924//3698 910//262 923//262
f 910//262 911//262 923//262
f 911//262 912//262 915//262
f 912//262 913//3699 915//262
f 913//3699 914//3700 915//262
f 915//262 916//3701 917//3702
f 917//3702 918//3703 915//262
f 918//3703 919//262 915//262
f 919//262 920//260 921//262
f 921//262 922//262 923//262
f 919//262 921//262 915//262
f 921//262 923//262 915//262
f 926//1024 927//1024 928//1024
f 926//1025 929//1025 930//1025
f 931//1026 932//1026 930//1026
f 931//1027 933//1027 934//1027
f 934//1028 933//3704 935//1028
f 936//1029 935//1029 937//1029
f 937//1030 939//1030 940//1031
f 939//371 941//371 942//371
f 942//1032 941//1033 943//1033
f 943//1034 945//1034 946//1034
f 945//1035 947//1035 948//1036
f 949//1037 950//1037 948//1037
f 949//1038 951//1038 952//1038
f 953//1039 954//1039 952//1039
f 953//1040 925//1040 928//1040
f 969//232 955//3705 956//3706
f 956//3706 957//232 960//232
f 957//232 958//3707 960//232
f 958//3707 959//3708 960//232
f 960//232 961//3709 962//3709
f 962//3709 963//3710 960//232
f 963//3710 964//232 960//232
f 964//232 965//3711 966//232
f 966//232 967//232 968//1041
f 968//1041 969//232 960//232
f 969//232 956//3706 960//232
f 964//232 966//232 960//232
f 970//1042 971//3712 925//1043
f 972//1044 926//1044 925//1045
f 973//1047 929//1047 926//1048
f 931//1050 929//3713 973//1051
f 933//1053 931//3714 974//1054
f 935//1056 933//1056 975//1056
f 937//1057 935//3715 976//1058
f 937//1059 977//1059 978//1060
f 978//1062 979//1062 941//1062
f 979//1063 980//1064 943//1064
f 943//1066 980//1066 981//1067
f 945//1069 981//1069 982//1069
f 982//1070 983//1071 949//1071
f 984//1073 951//3716 949//1074
f 984//1076 970//3717 953//1076
f 928//1078 927//1078 985//1078
f 928//1080 986//3718 987//1080
f 954//1081 987//1081 988//1081
f 988//1082 989//1083 950//1083
f 950//1084 989//3719 990//1084
f 991//1086 946//1086 948//1087
f 991//1088 992//1088 944//1088
f 993//1089 942//1089 944//1090
f 994//1091 940//1091 942//1091
f 938//1092 940//3720 994//1092
f 936//1093 938//1093 995//1093
f 934//1095 936//1096 996//1096
f 932//1097 934//3721 997//1097
f 932//1098 998//1098 999//1098
f 927//1099 930//1099 999//1099
f 924//1100 971//1100 970//1100
f 972//1101 971//1101 924//1101
f 973//1102 972//1102 923//1102
f 921//1103 974//3722 973//1103
f 920//1105 975//3723 974//1105
f 976//1107 975//3724 920//1107
f 976//1109 919//3725 918//1109
f 977//1111 918//3726 917//1111
f 917//1113 916//1113 979//1113
f 916//1114 915//3727 980//1114
f 915//1116 914//3728 981//1116
f 981//1118 914//1118 913//1118
f 913//1120 912//3729 983//1120
f 912//1122 911//3730 984//1122
f 910//1124 970//1124 984//1124
f 985//1125 955//3731 969//1126
f 969//1128 968//3732 987//1129
f 968//1131 967//1131 988//1131
f 967//1132 966//1132 989//1132
f 966//1133 965//1134 990//1134
f 965//1136 964//3733 991//1137
f 963//1139 992//3734 991//1139
f 962//1141 993//1141 992//1141
f 961//1143 994//1143 993//1143
f 995//1144 994//1145 961//1145
f 996//1146 995//3735 960//1147
f 958//1148 997//3736 996//1149
f 997//1151 958//1151 957//1151
f 998//1153 957//1153 956//1153
f 999//1154 956//1154 955//1154
f 1000//1155 1001//1159 1002//1156
f 1005//1158 1002//1156 1001//1159
f 1007//1160 1005//1158 1004//1158
f 1009//1162 1007//1160 1006//1161
f 1010//1164 1011//1167 1012//1165
f 1011//1167 1014//1169 1015//1168
f 1014//1169 1000//1155 1003//1157
f 1016//1170 1017//1170 1001//1170
f 1002//1171 1018//1171 1019//1171
f 1017//1173 1020//1173 1004//1174
f 1005//1176 1021//1176 1018//1176
f 1020//1178 1022//1178 1006//1178
f 1007//1179 1023//3737 1021//1180
f 1022//1181 1024//1215 1008//1181
f 1009//1183 1025//1183 1023//1183
f 1026//1185 1027//1185 1011//1185
f 1012//1186 1028//1187 1029//1187
f 1027//1189 1030//1189 1014//1189
f 1015//1190 1031//1190 1028//1190
f 1030//1192 1016//1192 1000//1192
f 1003//1193 1019//1220 1031//1193
f 1009//1194 1008//1194 1024//1195
f 1032//1196 1033//1200 1034//1197
f 1036//1199 1037//1199 1033//1200
f 1038//1201 1039//1203 1037//1199
f 1040//1202 1041//1202 1039//1203
f 1042//1204 1043//1208 1044//1205
f 1046//1207 1047//1209 1043//1208
f 1035//1198 1034//1197 1047//1209
f 1016//1170 1034//1210 1033//1210
f 1019//1171 1018//1171 1032//1171
f 1017//1173 1033//1175 1037//1211
f 1018//1176 1021//1176 1036//1212
f 1020//1178 1037//1213 1039//1213
f 1021//1180 1023//3737 1038//1180
f 1022//1181 1039//1181 1041//1181
f 1023//1183 1025//1183 1040//1183
f 1026//1185 1044//3738 1043//1185
f 1029//1187 1028//1187 1042//1216
f 1027//1189 1043//1217 1047//1217
f 1028//1190 1031//1190 1046//1218
f 1030//1192 1047//3739 1034//1219
f 1031//1193 1019//1220 1035//1220
f 1040//1194 1025//1195 1024//1195
f 1044//1221 1026//1221 1029//1221
f 1010//1221 1013//1221 1029//1221
f 1062//3740 1048//335 1061//335
f 1048//335 1049//1223 1061//335
f 1049//1223 1050//3741 1051//3742
f 1051//3742 1052//3743 1049//1223
f 1052//3743 1053//335 1049//1223
f 1053//335 1054//3744 1055//3745
f 1055//3745 1056//3746 1053//335
f 1056//3746 1057//1223 1053//335
f 1057//1223 1058//3747 1059//3748
f 1059//3748 1060//335 1057//1223
f 1060//335 1061//335 1057//1223
f 1061//335 1049//1223 1057//1223
f 1063//1224 1064//1224 1065//1225
f 1067//1226 1068//1226 1065//1226
f 1067//1227 1069//1227 1070//1227
f 1069//1228 1071//1228 1072//1229
f 1072//1231 1071//1232 1073//1232
f 1073//1233 1075//1233 1076//1233
f 1076//1235 1075//1235 1077//1235
f 1077//370 1079//370 1080//370
f 1079//1236 1081//3749 1082//1236
f 1082//1237 1081//1237 1083//1237
f 1083//1238 1085//1238 1086//1239
f 1087//1240 1088//1241 1086//1241
f 1089//1242 1090//1242 1088//1242
f 1089//1243 1091//1243 1092//1243
f 1063//1244 1066//1244 1092//1244
f 1107//3750 1093//305 1106//305
f 1093//305 1094//305 1106//305
f 1094//305 1095//3751 1098//305
f 1095//3751 1096//3752 1098//305
f 1096//3752 1097//3753 1098//305
f 1098//305 1099//3754 1100//3754
f 1100//3754 1101//305 1098//305
f 1101//305 1102//305 1098//305
f 1102//305 1103//3751 1104//3755
f 1104//3755 1105//305 1102//305
f 1105//305 1106//305 1102//305
f 1106//305 1094//305 1102//305
f 1108//1246 1109//3756 1063//1247
f 1110//1249 1064//1250 1063//1250
f 1111//1252 1067//3757 1064//1253
f 1112//1254 1069//3758 1067//1255
f 1113//1257 1071//3759 1069//1257
f 1073//1258 1071//1259 1113//1259
f 1075//1260 1073//3760 1114//1260
f 1075//1261 1115//3761 1116//1262
f 1116//1264 1117//1264 1079//1264
f 1117//1265 1118//3762 1081//1266
f 1081//1268 1118//3763 1119//1269
f 1083//1270 1119//3764 1120//1271
f 1120//1273 1121//1274 1087//1274
f 1121//1275 1122//3765 1089//1276
f 1122//1278 1108//3766 1091//1278
f 1066//1280 1065//3767 1123//1281
f 1066//1283 1124//3768 1125//1284
f 1092//1286 1125//3769 1126//1287
f 1126//1289 1127//3770 1088//1290
f 1088//1292 1127//3771 1128//1293
f 1128//1294 1129//3772 1084//1295
f 1129//1297 1130//1297 1082//1297
f 1131//1298 1080//3773 1082//1299
f 1132//1301 1078//1301 1080//1301
f 1076//1302 1078//1303 1132//1303
f 1134//1305 1074//1305 1076//1305
f 1135//1306 1072//3774 1074//1307
f 1070//1309 1072//1310 1135//1310
f 1070//1312 1136//3775 1137//1313
f 1065//1315 1068//3776 1137//1316
f 1062//1317 1109//3777 1108//1317
f 1110//1319 1109//3778 1062//1319
f 1111//1321 1110//1321 1061//1321
f 1112//1323 1111//3779 1060//1324
f 1113//1325 1112//3780 1059//1325
f 1114//1327 1113//3781 1058//1327
f 1114//1328 1057//3782 1056//1329
f 1115//1331 1056//3783 1055//1331
f 1055//1333 1054//1333 1117//1333
f 1054//1334 1053//3784 1118//1334
f 1053//1336 1052//3785 1119//1337
f 1119//1339 1052//1339 1051//1339
f 1050//1341 1121//3786 1120//1341
f 1049//1343 1122//3787 1121//1343
f 1048//1345 1108//1345 1122//1345
f 1123//1347 1093//1347 1107//1347
f 1107//1349 1106//1349 1125//1349
f 1106//1351 1105//1351 1126//1351
f 1105//1352 1104//1352 1127//1352
f 1127//1354 1104//1354 1103//1354
f 1103//1356 1102//1356 1129//1356
f 1101//1357 1130//1357 1129//1357
f 1100//1359 1131//1359 1130//1359
f 1099//1360 1132//1360 1131//1360
f 1133//1361 1132//1361 1099//1361
f 1134//1362 1133//1362 1098//1362
f 1096//1364 1135//1364 1134//1364
f 1136//1365 1135//3788 1096//1365
f 1136//1366 1095//1366 1094//1366
f 1137//1368 1094//1368 1093//1368
f 1138//1369 1139//1373 1140//1370
f 1143//1372 1140//1370 1139//1373
f 1145//1374 1143//1372 1142//1372
f 1147//1376 1145//1374 1144//1375
f 1148//1377 1149//1379 1150//1378
f 1149//1379 1152//1381 1153//1380
f 1152//1381 1138//1369 1141//1371
f 1154//1382 1155//1382 1139//1382
f 1140//1383 1156//1383 1157//1383
f 1155//1385 1158//1385 1142//1386
f 1143//1388 1159//1388 1156//1388
f 1158//1390 1160//1390 1144//1391
f 1145//1393 1161//3789 1159//1394
f 1160//1395 1162//1395 1146//1395
f 1147//1397 1163//1398 1161//1398
f 1164//1400 1165//1427 1149//1401
f 1150//1403 1166//1404 1167//1404
f 1165//1406 1168//1406 1152//1406
f 1153//1407 1169//1408 1166//1408
f 1168//1409 1154//1409 1138//1409
f 1141//1410 1157//1410 1169//1410
f 1147//1411 1146//1411 1162//1411
f 1170//1412 1171//1416 1172//1413
f 1174//1415 1175//1415 1171//1416
f 1176//1417 1177//1419 1175//1415
f 1178//1418 1179//1418 1177//1419
f 1180//1420 1181//1423 1182//1421
f 1184//1422 1185//1424 1181//1423
f 1173//1414 1172//1413 1185//1424
f 1154//1382 1172//1382 1171//1382
f 1157//1383 1156//1383 1170//1383
f 1155//1385 1171//1385 1175//1385
f 1156//1388 1159//1388 1174//1388
f 1158//1390 1175//3790 1177//1425
f 1159//1394 1161//3789 1176//1394
f 1160//1395 1177//1396 1179//1395
f 1161//1398 1163//1398 1178//1398
f 1164//1400 1182//1401 1181//1402
f 1167//1404 1166//1404 1180//1404
f 1165//1406 1181//1406 1185//1406
f 1166//1408 1169//1408 1184//1408
f 1168//1409 1185//1409 1172//1409
f 1169//1410 1157//1410 1173//1410
f 1178//1411 1163//1411 1162//1411
f 1182//1429 1164//1430 1167//1430
f 1148//1430 1151//1430 1167//1430
f 1187//11 1188//11 1189//11
f 1190//369 1191//369 1189//369
f 1190//11 1192//11 1193//11
f 1192//11 1194//11 1195//11
f 1196//369 1197//369 1195//369
f 1197//11 1196//11 1198//11
f 1199//1431 1198//1431 1200//1431
f 1201//11 1200//11 1202//11
f 1204//1432 1205//1432 1203//1432
f 1204//11 1206//11 1207//11
f 1206//1433 1208//1433 1209//1434
f 1209//11 1208//11 1210//11
f 1210//1436 1212//1436 1213//1436
f 1212//11 1214//11 1215//11
f 1214//1437 1216//1437 1217//1437
f 1218//11 1219//11 1217//11
f 1220//1438 1221//1438 1219//1438
f 1220//11 1222//11 1223//11
f 1223//1439 1222//1439 1224//1439
f 1224//11 1226//11 1227//11
f 1228//1440 1229//1440 1227//1440
f 1228//11 1230//11 1231//11
f 1230//57 1232//57 1233//57
f 1234//11 1235//11 1233//11
f 1236//374 1237//374 1235//374
f 1236//11 1238//11 1239//11
f 1240//1441 1241//1441 1238//1441
f 1239//369 1242//369 1243//369
f 1241//39 1240//39 1245//39
f 1246//39 1247//39 1243//39
f 1248//57 1249//57 1186//57
f 1251//374 1239//374 1238//374
f 1249//1441 1252//1441 1187//1441
f 1253//374 1188//374 1187//374
f 1191//369 1254//369 1248//369
f 1190//369 1188//369 1253//369
f 1256//57 1254//57 1191//57
f 1255//374 1257//374 1192//374
f 1258//57 1256//57 1193//57
f 1257//374 1259//374 1194//374
f 1197//369 1260//369 1258//369
f 1196//369 1194//369 1259//369
f 1262//1442 1260//1442 1197//1442
f 1261//1443 1263//1443 1198//1443
f 1199//1431 1201//1431 1264//1431
f 1198//1431 1263//1431 1265//1431
f 1266//1444 1264//1444 1201//1444
f 1265//1445 1267//1445 1202//1445
f 1205//1432 1268//1432 1266//1432
f 1204//1432 1202//1432 1267//1432
f 1270//1446 1268//1446 1205//1446
f 1269//1447 1271//1447 1206//1447
f 1207//1435 1209//1434 1272//1433
f 1206//1433 1271//1433 1273//1433
f 1274//1448 1272//1448 1209//1448
f 1273//1449 1275//1449 1210//1449
f 1213//1436 1276//1436 1274//1436
f 1212//1436 1210//1436 1275//1436
f 1278//1450 1276//1450 1213//1450
f 1277//1451 1279//1451 1214//1451
f 1215//1437 1217//1437 1280//1437
f 1214//1437 1279//1437 1281//1437
f 1282//1452 1280//1452 1217//1452
f 1281//1453 1283//1453 1218//1453
f 1221//1438 1284//1438 1282//1438
f 1220//1438 1218//1438 1283//1438
f 1286//1454 1284//1454 1221//1454
f 1285//1455 1287//1455 1222//1455
f 1223//1439 1225//1439 1288//1439
f 1222//1439 1287//1439 1289//1439
f 1290//1456 1288//1456 1225//1456
f 1289//1457 1291//1457 1226//1457
f 1229//1440 1292//1440 1290//1440
f 1228//1440 1226//1440 1291//1440
f 1294//1458 1292//1458 1229//1458
f 1293//1459 1295//1459 1230//1459
f 1231//57 1233//57 1296//57
f 1230//57 1295//57 1297//57
f 1298//369 1296//369 1233//369
f 1297//1441 1299//1441 1234//1441
f 1237//374 1300//374 1298//374
f 1236//374 1234//374 1299//374
f 1241//1441 1302//1441 1250//1441
f 1240//1441 1236//1441 1301//1441
f 1242//369 1239//369 1251//369
f 1243//369 1305//369 1300//369
f 1306//57 1302//57 1241//57
f 1303//374 1307//374 1245//374
f 1304//57 1308//57 1246//57
f 1309//374 1305//374 1243//374
f 1311//39 1312//39 1313//39
f 1315//369 1310//369 1313//369
f 1315//39 1314//39 1317//39
f 1316//39 1317//39 1319//39
f 1321//369 1318//369 1319//369
f 1322//39 1321//39 1320//39
f 1324//1431 1322//1431 1323//1431
f 1326//39 1324//39 1325//39
f 1329//1432 1326//1432 1327//1432
f 1329//39 1328//39 1331//39
f 1330//1433 1331//1460 1333//1434
f 1334//39 1332//39 1333//39
f 1336//1436 1337//1436 1334//1436
f 1338//39 1339//39 1337//39
f 1339//1437 1338//1437 1341//1437
f 1343//39 1340//39 1341//39
f 1345//1438 1343//1438 1342//1438
f 1346//39 1347//39 1345//39
f 1348//1439 1347//1439 1346//1439
f 1350//39 1351//39 1348//39
f 1353//1440 1351//1440 1350//1440
f 1354//39 1355//39 1353//39
f 1355//57 1354//57 1357//57
f 1359//39 1356//39 1357//39
f 1361//374 1359//374 1358//374
f 1361//39 1360//39 1363//39
f 1362//1441 1364//1441 1365//1441
f 1366//369 1367//369 1363//369
f 1364//11 1368//11 1369//11
f 1371//11 1367//11 1366//11
f 1248//57 1313//57 1312//57
f 1251//374 1250//374 1362//374
f 1249//1441 1312//1441 1311//1441
f 1253//374 1252//374 1311//374
f 1248//369 1254//369 1314//369
f 1315//369 1255//369 1253//369
f 1256//57 1317//57 1314//57
f 1255//374 1315//374 1316//374
f 1258//57 1319//57 1317//57
f 1257//374 1316//374 1318//374
f 1258//369 1260//369 1320//369
f 1321//369 1261//369 1259//369
f 1262//1442 1323//1442 1320//1442
f 1261//1443 1321//1443 1322//1443
f 1323//1431 1262//1431 1264//1431
f 1265//1431 1263//1431 1322//1431
f 1266//1444 1327//1444 1325//1444
f 1265//1445 1324//1445 1326//1445
f 1266//1432 1268//1432 1328//1432
f 1329//1432 1269//1432 1267//1432
f 1270//1446 1331//1446 1328//1446
f 1269//1447 1329//1447 1330//1447
f 1331//1460 1270//1433 1272//1433
f 1273//1433 1271//1433 1330//1433
f 1274//1448 1335//1448 1333//1448
f 1273//1449 1332//1449 1334//1449
f 1274//1436 1276//1436 1336//1436
f 1337//1436 1277//1436 1275//1436
f 1278//1450 1338//1450 1336//1450
f 1277//1451 1337//1451 1339//1451
f 1338//1437 1278//1437 1280//1437
f 1281//1437 1279//1437 1339//1437
f 1282//1452 1342//1452 1341//1452
f 1281//1453 1340//1453 1343//1453
f 1282//1438 1284//1438 1344//1438
f 1345//1438 1285//1438 1283//1438
f 1286//1454 1346//1454 1344//1454
f 1285//1455 1345//1455 1347//1455
f 1346//1439 1286//1439 1288//1439
f 1289//1439 1287//1439 1347//1439
f 1290//1456 1350//1456 1349//1456
f 1289//1457 1348//1457 1351//1457
f 1290//1440 1292//1440 1352//1440
f 1353//1440 1293//1440 1291//1440
f 1294//1458 1354//1458 1352//1458
f 1293//1459 1353//1459 1355//1459
f 1354//57 1294//57 1296//57
f 1297//57 1295//57 1355//57
f 1298//369 1358//369 1357//369
f 1297//1441 1356//1441 1359//1441
f 1298//374 1300//374 1360//374
f 1361//374 1301//374 1299//374
f 1250//1441 1302//1441 1364//1441
f 1365//1441 1303//1441 1301//1441
f 1367//369 1304//369 1251//369
f 1300//369 1305//369 1366//369
f 1306//57 1368//57 1364//57
f 1303//374 1365//374 1369//374
f 1304//57 1367//57 1371//57
f 1309//374 1370//374 1366//374
f 1389//369 1372//369 1373//369
f 1373//369 1374//369 1375//369
f 1375//369 1376//369 1377//369
f 1377//369 1378//369 1379//369
f 1379//369 1380//369 1381//369
f 1381//369 1382//369 1383//369
f 1383//369 1384//369 1385//369
f 1385//369 1386//369 1383//369
f 1386//369 1387//369 1383//369
f 1387//369 1388//369 1389//369
f 1389//369 1373//369 1387//369
f 1373//369 1375//369 1387//369
f 1375//369 1377//369 1383//369
f 1377//369 1379//369 1383//369
f 1379//369 1381//369 1383//369
f 1391//1461 1389//1461 1388//1461
f 1393//1462 1394//1462 1395//1462
f 1397//1463 1387//1463 1386//1463
f 1399//1464 1400//1464 1401//1464
f 1403//11 1385//11 1384//11
f 1405//1465 1406//1465 1407//1465
f 1409//1466 1383//1466 1382//1466
f 1411//1467 1412//1467 1413//1467
f 1415//1468 1381//1468 1380//1468
f 1417//1469 1418//1469 1419//1469
f 1420//1470 1421//1470 1379//1470
f 1423//1471 1424//1471 1425//1471
f 1426//1472 1427//1472 1377//1472
f 1429//39 1430//39 1431//39
f 1432//1473 1433//1473 1375//1473
f 1435//1474 1436//1474 1437//1474
f 1438//1475 1439//1475 1373//1475
f 1441//1476 1442//1476 1443//1476
f 1397//1477 1392//1477 1395//1477
f 1395//1478 1394//1478 1388//1478
f 1394//1479 1393//1479 1390//1479
f 1390//1480 1393//1480 1392//1480
f 1403//1481 1398//1481 1401//1481
f 1401//1482 1400//1482 1386//1482
f 1396//1483 1386//1483 1400//1483
f 1396//1484 1399//1484 1398//1484
f 1409//1485 1404//1485 1407//1485
f 1406//1486 1384//1486 1383//1486
f 1402//1487 1384//1487 1406//1487
f 1405//1488 1404//1488 1409//1488
f 1415//1489 1410//1489 1413//1489
f 1412//1490 1382//1490 1381//1491
f 1408//1492 1382//1492 1412//1492
f 1415//1493 1408//1494 1411//1494
f 1379//1495 1416//1495 1419//1495
f 1414//1497 1380//1497 1419//1497
f 1421//1498 1414//3791 1418//1498
f 1421//1499 1417//1499 1416//1499
f 1377//1500 1422//3792 1425//1501
f 1420//1503 1378//1503 1425//1503
f 1427//1504 1420//3793 1424//1504
f 1427//1506 1423//1506 1422//1506
f 1428//1507 1431//1507 1376//1507
f 1431//1508 1430//1508 1426//1508
f 1429//1509 1433//1509 1426//1509
f 1433//1510 1429//1510 1428//1510
f 1373//1511 1434//1511 1437//1511
f 1437//1512 1436//1512 1432//1512
f 1436//1513 1435//1513 1439//1513
f 1439//1515 1435//1515 1434//1515
f 1440//1516 1443//1516 1372//1516
f 1443//1518 1442//1518 1438//1518
f 1441//1519 1391//3794 1438//1519
f 1391//1520 1441//1520 1440//1520
f 1444//1441 1391//1441 1390//1441
f 1438//1441 1391//1441 1444//1441
f 1438//1441 1446//1441 1447//1441
f 1432//1441 1439//1441 1447//1441
f 1432//1441 1448//1441 1449//1441
f 1449//1441 1450//1441 1426//1441
f 1426//1441 1450//1441 1451//1441
f 1427//1441 1451//1441 1452//1441
f 1452//1441 1453//1441 1421//1441
f 1453//1441 1454//1441 1414//1441
f 1455//1441 1415//1441 1414//1441
f 1456//1441 1408//1441 1415//1441
f 1456//1441 1457//1441 1409//1441
f 1457//1441 1458//1441 1402//1441
f 1459//1441 1403//1441 1402//1441
f 1396//1441 1403//1441 1459//1441
f 1461//1441 1397//1441 1396//1441
f 1390//1441 1397//1441 1461//1441
f 1463//1521 1444//1521 1445//1521
f 1463//1522 1464//1522 1446//1522
f 1464//1523 1465//1523 1447//1523
f 1465//1524 1466//1524 1448//1524
f 1466//1525 1467//1525 1449//1525
f 1467//39 1468//39 1450//39
f 1468//1526 1469//1526 1451//1526
f 1469//1527 1470//1527 1452//1527
f 1470//1528 1471//1528 1453//1528
f 1471//1469 1472//1469 1454//1469
f 1473//1529 1455//1529 1454//1529
f 1474//1467 1456//1467 1455//1467
f 1475//1530 1457//1530 1456//1530
f 1476//1531 1458//1531 1457//1531
f 1477//11 1459//11 1458//11
f 1478//1532 1460//1532 1459//1532
f 1479//1533 1461//1533 1460//1533
f 1462//1534 1445//1534 1461//1534
f 1481//57 1482//57 1483//57
f 1485//369 1486//369 1487//369
f 1489//1441 1490//1441 1491//1441
f 1493//39 1494//39 1495//39
f 1497//374 1498//374 1499//374
f 1501//1535 1480//1535 1483//1535
f 1502//393 1500//393 1483//393
f 1503//1536 1502//1536 1482//1536
f 1480//1537 1501//1537 1503//1537
f 1487//393 1500//393 1502//393
f 1486//1538 1504//1538 1500//1538
f 1505//1539 1504//1539 1486//1539
f 1485//1540 1484//1540 1502//1540
f 1488//1541 1491//1541 1501//1541
f 1491//1537 1490//1537 1503//1537
f 1489//1542 1507//1542 1503//1542
f 1488//1543 1506//1543 1507//1543
f 1492//1538 1495//1538 1500//1538
f 1494//1535 1501//1535 1500//1535
f 1493//1541 1506//1541 1501//1541
f 1506//1544 1493//1544 1492//1544
f 1499//1539 1504//1539 1505//1539
f 1498//1544 1506//1544 1504//1544
f 1498//1543 1497//1543 1507//1543
f 1497//1545 1496//1545 1505//1545
f 1508//1546 1509//3795 1510//1547
f 1512//1549 1513//1550 1509//1550
f 1514//1551 1515//1552 1513//1552
f 1516//1554 1517//1555 1515//1555
f 1518//1556 1519//3796 1517//1557
f 1520//1559 1521//1560 1519//1560
f 1522//1561 1521//1561 1520//1562
f 1524//1564 1522//3797 1523//1564
f 1526//1566 1524//1566 1525//1566
f 1528//1568 1526//3798 1527//1569
f 1530//1571 1528//1571 1529//1572
f 1532//1574 1530//1574 1531//1574
f 1532//1575 1533//1575 1535//1575
f 1534//1576 1535//1577 1537//1577
f 1536//1578 1537//1578 1539//1578
f 1538//1579 1539//1579 1541//1579
f 1540//1580 1541//3799 1543//1581
f 1542//1582 1543//3800 1545//1583
f 1547//1585 1544//3801 1545//1586
f 1549//1588 1547//1588 1546//1589
f 1551//1590 1549//1590 1548//1591
f 1553//1593 1551//1593 1550//1593
f 1555//1594 1553//1594 1552//1595
f 1510//1596 1555//3802 1554//1597
f 1509//1599 1556//1599 1557//1599
f 1513//1600 1558//1600 1556//1600
f 1515//1601 1559//1601 1558//1601
f 1517//1602 1560//3803 1559//1603
f 1519//1605 1561//3804 1560//1606
f 1521//1607 1562//3805 1561//1607
f 1563//1609 1562//3806 1521//1609
f 1564//1611 1563//3807 1522//1612
f 1565//1613 1564//3808 1524//1613
f 1566//1615 1565//1615 1526//1615
f 1567//1616 1566//1616 1528//1616
f 1568//1617 1567//1617 1530//1617
f 1568//1618 1532//1618 1534//1618
f 1569//1619 1534//1620 1536//1620
f 1570//1621 1536//1623 1538//1622
f 1571//1624 1538//3809 1540//1624
f 1572//1626 1540//1627 1542//1627
f 1573//1629 1542//3810 1544//1629
f 1575//1631 1574//1631 1544//1632
f 1576//1634 1575//3811 1547//1635
f 1577//1637 1576//3812 1549//1637
f 1578//1639 1577//3813 1551//1640
f 1579//1642 1578//1642 1553//1643
f 1557//1644 1579//1644 1555//1644
f 1556//1645 1580//3814 1581//1645
f 1558//1646 1582//3815 1580//1646
f 1559//1647 1583//3816 1582//1648
f 1560//1650 1584//3817 1583//1650
f 1561//1652 1585//1652 1584//1652
f 1562//1653 1586//3818 1585//1653
f 1587//1655 1586//3819 1562//1655
f 1588//1657 1587//1657 1563//1657
f 1589//1658 1588//3820 1564//1658
f 1590//1660 1589//3821 1565//1661
f 1591//1663 1590//3822 1566//1663
f 1592//1664 1591//3823 1567//1664
f 1592//1665 1568//1665 1569//1665
f 1593//1667 1569//1667 1570//1667
f 1594//1669 1570//3824 1571//1670
f 1595//1672 1571//3825 1572//1672
f 1596//1674 1572//1674 1573//1674
f 1597//1675 1573//3826 1574//1675
f 1599//1677 1598//3827 1574//1677
f 1600//1679 1599//1679 1575//1679
f 1601//1680 1600//3828 1576//1680
f 1602//1682 1601//3829 1577//1683
f 1603//1685 1602//3830 1578//1685
f 1581//1686 1603//3831 1579//1686
f 1580//1687 1604//3832 1605//1687
f 1582//1689 1606//3833 1604//1689
f 1583//1691 1607//3834 1606//1691
f 1584//1693 1608//1693 1607//1693
f 1585//1695 1609//1695 1608//1695
f 1586//1696 1610//1696 1609//1696
f 1611//1697 1610//1697 1586//1697
f 1612//1698 1611//1698 1587//1698
f 1613//1699 1612//1699 1588//1699
f 1614//1701 1613//3835 1589//1701
f 1615//1703 1614//3836 1590//1703
f 1616//1705 1615//3837 1591//1705
f 1616//1706 1592//1706 1593//1706
f 1617//1707 1593//1707 1594//1707
f 1618//1708 1594//3838 1595//1708
f 1619//1710 1595//3839 1596//1710
f 1620//1711 1596//1711 1597//1711
f 1621//1712 1597//1712 1598//1712
f 1623//1713 1622//1713 1598//1713
f 1624//1714 1623//1714 1599//1714
f 1625//1715 1624//1715 1600//1715
f 1626//1717 1625//3840 1601//1717
f 1627//1719 1626//1719 1602//1719
f 1605//1720 1627//3841 1603//1720
f 1604//1722 1628//1722 1629//1722
f 1606//1723 1630//1723 1628//1723
f 1607//1724 1631//1724 1630//1724
f 1608//1725 1632//3842 1631//1725
f 1609//1727 1633//1728 1632//1728
f 1610//1730 1634//1730 1633//1730
f 1635//1731 1634//1731 1610//1731
f 1636//1732 1635//1732 1611//1732
f 1637//1733 1636//3843 1612//1734
f 1638//1736 1637//1736 1613//1736
f 1639//1738 1638//3844 1614//1738
f 1640//1740 1639//1740 1615//1740
f 1640//1741 1616//3845 1617//1741
f 1641//1743 1617//1743 1618//1743
f 1642//1744 1618//3846 1619//1744
f 1643//1745 1619//3847 1620//1746
f 1644//1748 1620//1748 1621//1748
f 1645//1749 1621//1749 1622//1749
f 1647//1750 1646//1750 1622//1750
f 1648//1751 1647//3848 1623//1751
f 1649//1753 1648//3849 1624//1753
f 1650//1755 1649//1755 1625//1755
f 1651//1756 1650//3850 1626//1756
f 1629//1758 1651//3851 1627//1758
f 1652//1760 1653//1760 1629//1760
f 1654//1761 1652//1761 1628//1761
f 1655//1762 1654//1762 1630//1762
f 1656//1763 1655//3852 1631//1764
f 1657//1766 1656//3853 1632//1766
f 1658//1767 1657//1767 1633//1767
f 1658//1768 1634//1768 1635//1768
f 1659//1769 1635//1769 1636//1769
f 1660//1770 1636//3854 1637//1771
f 1661//1773 1637//1773 1638//1773
f 1662//1775 1638//3855 1639//1775
f 1663//1777 1639//1777 1640//1777
f 1665//1778 1664//3856 1640//1778
f 1666//1780 1665//1780 1641//1780
f 1667//1781 1666//3857 1642//1781
f 1668//1782 1667//3858 1643//1782
f 1669//1784 1668//1784 1644//1784
f 1670//1785 1669//1785 1645//1785
f 1647//1786 1671//1786 1670//1786
f 1648//1787 1672//3859 1671//1787
f 1649//1789 1673//3860 1672//1790
f 1650//1792 1674//1792 1673//1792
f 1651//1793 1675//3861 1674//1793
f 1629//1795 1653//3862 1675//1795
f 1676//1797 1677//1797 1653//1797
f 1678//1799 1676//3863 1652//1799
f 1679//1801 1678//3864 1654//1801
f 1680//1803 1679//3865 1655//1803
f 1681//1804 1680//1804 1656//1804
f 1682//1805 1681//1805 1657//1805
f 1682//1806 1658//1806 1659//1806
f 1683//1807 1659//1807 1660//1807
f 1684//1808 1660//1808 1661//1808
f 1685//1810 1661//3866 1662//1810
f 1686//1812 1662//3867 1663//1812
f 1687//1814 1663//3868 1664//1814
f 1689//1815 1688//1815 1664//1815
f 1690//1816 1689//1816 1665//1816
f 1691//1817 1690//3869 1666//1817
f 1692//1819 1691//3870 1667//1819
f 1693//1820 1692//1820 1668//1820
f 1694//1821 1693//1821 1669//1821
f 1671//1822 1695//1822 1694//1822
f 1672//1823 1696//1823 1695//1823
f 1673//1824 1697//3871 1696//1824
f 1674//1825 1698//3872 1697//1825
f 1675//1827 1699//1827 1698//1827
f 1653//1828 1677//3873 1699//1828
f 1700//1830 1701//1830 1677//1830
f 1702//1832 1700//1832 1676//1832
f 1703//1833 1702//1835 1678//1834
f 1704//1836 1703//3874 1679//1836
f 1705//1838 1704//1838 1680//1838
f 1706//1839 1705//3875 1681//1840
f 1706//1842 1682//3876 1683//1842
f 1707//1844 1683//1844 1684//1844
f 1708//1846 1684//3877 1685//1846
f 1709//1848 1685//1850 1686//1849
f 1710//1851 1686//1851 1687//1851
f 1711//1852 1687//3878 1688//1852
f 1713//1854 1712//3879 1688//1854
f 1714//1856 1713//1856 1689//1856
f 1715//1857 1714//3880 1690//1858
f 1716//1860 1715//3881 1691//1860
f 1717//1862 1716//3882 1692//1862
f 1718//1863 1717//3883 1693//1863
f 1695//1865 1719//1866 1718//1866
f 1696//1868 1720//3884 1719//1868
f 1697//1869 1721//3885 1720//1869
f 1698//1871 1722//3886 1721//1872
f 1699//1874 1723//1874 1722//1874
f 1677//1876 1701//1876 1723//1876
f 1724//1878 1725//1878 1701//1878
f 1726//1879 1724//1879 1700//1879
f 1727//1880 1726//1880 1702//1880
f 1728//1881 1727//3887 1703//1881
f 1729//1883 1728//3888 1704//1884
f 1730//1886 1729//3889 1705//1887
f 1730//1888 1706//3890 1707//1888
f 1731//1890 1707//3891 1708//1891
f 1732//1892 1708//3892 1709//1893
f 1733//1895 1709//1895 1710//1895
f 1734//1896 1710//1896 1711//1896
f 1735//1897 1711//1897 1712//1897
f 1737//1898 1736//1898 1712//1898
f 1738//1899 1737//1899 1713//1900
f 1739//1901 1738//1903 1714//1902
f 1740//1904 1739//3893 1715//1904
f 1741//1906 1740//1906 1716//1907
f 1742//1909 1741//3894 1717//1909
f 1719//1911 1743//1911 1742//1911
f 1720//1913 1744//3895 1743//1914
f 1721//1916 1745//3896 1744//1916
f 1722//1918 1746//3897 1745//1919
f 1723//1921 1747//1922 1746//1922
f 1701//1923 1725//1923 1747//1923
f 1748//1924 1749//3898 1725//1925
f 1750//1926 1748//1926 1724//1927
f 1751//1928 1750//3899 1726//1929
f 1752//1930 1751//1930 1727//1931
f 1753//1932 1752//3900 1728//1933
f 1754//1935 1753//1935 1729//1936
f 1754//1938 1730//3901 1731//1939
f 1755//1941 1731//3902 1732//1941
f 1756//1943 1732//1943 1733//1943
f 1757//1945 1733//3903 1734//1946
f 1758//1948 1734//1949 1735//1949
f 1759//1951 1735//1951 1736//1951
f 1761//1952 1760//1952 1736//1952
f 1762//1953 1761//1953 1737//1954
f 1763//1955 1762//1955 1738//1955
f 1764//1956 1763//1956 1739//1956
f 1765//1957 1764//3904 1740//1958
f 1766//1959 1765//3905 1741//1960
f 1743//1962 1767//3906 1766//1963
f 1744//1965 1768//1966 1767//1966
f 1745//1967 1769//3907 1768//1968
f 1746//1969 1770//1969 1769//1969
f 1747//1970 1771//1971 1770//1971
f 1725//1972 1749//3908 1771//1973
f 1511//1999 1773//3909 1774//2000
f 1508//2001 1774//3910 1775//2001
f 1512//2002 1775//2002 1776//2002
f 1514//2003 1776//2003 1777//2003
f 1516//2004 1777//2004 1778//2004
f 1518//2005 1778//2005 1779//2005
f 1520//2006 1779//2006 1780//2006
f 1523//2007 1780//2007 1781//2007
f 1525//2008 1781//2008 1782//2008
f 1527//2009 1782//2009 1783//2009
f 1529//2010 1783//2010 1784//2010
f 1531//2011 1784//2011 1785//2011
f 1535//2012 1533//2012 1785//2012
f 1537//2013 1535//2013 1786//2013
f 1539//2014 1537//2014 1787//2014
f 1541//2015 1539//2015 1788//2015
f 1543//2016 1541//2016 1789//2016
f 1545//2017 1543//2017 1790//2017
f 1546//2018 1545//2018 1791//2018
f 1548//2019 1546//2019 1792//2019
f 1550//2020 1548//2020 1793//2021
f 1552//2022 1550//2022 1794//2022
f 1554//2023 1552//2023 1795//2023
f 1511//2024 1554//2025 1796//2024
f 1797//2026 1798//3911 1799//2027
f 1801//2029 1802//2029 1798//2030
f 1798//2032 1803//2038 1804//2033
f 1802//2035 1805//2040 1803//2036
f 1803//2038 1806//2042 1807//2039
f 1805//2040 1808//2044 1806//2041
f 1806//2042 1809//2132 1810//2043
f 1808//2044 1811//2134 1809//2045
f 1812//2046 1813//2052 1808//2047
f 1814//2049 1815//2054 1813//2050
f 1813//2052 1816//2053 1811//2053
f 1815//2054 1817//2055 1816//2055
f 1819//2056 1820//3912 1821//2057
f 1812//2051 1819//3913 1818//2059
f 1802//2060 1801//3914 1820//2061
f 1805//2048 1802//3915 1819//2063
f 1799//2027 1822//3916 1823//2064
f 1804//2033 1824//2091 1822//2065
f 1822//2066 1825//2066 1826//2067
f 1824//2069 1827//2094 1825//2070
f 1829//2072 1830//2074 1831//2073
f 1825//2075 1829//2076 1828//2076
f 1832//2078 1833//2088 1830//2079
f 1827//2081 1832//2084 1829//2082
f 1834//2083 1835//2086 1832//2084
f 1836//2085 1837//2085 1835//2086
f 1835//2087 1838//2090 1833//2088
f 1837//2089 1839//3917 1838//2090
f 1807//2039 1840//2092 1824//2091
f 1810//2043 1841//3918 1840//2092
f 1840//2093 1834//2096 1827//2094
f 1841//2095 1836//3919 1834//2096
f 1843//2097 1841//3918 1810//2043
f 1845//2099 1843//2097 1842//2098
f 1846//2101 1836//3919 1841//2095
f 1847//2103 1846//2101 1843//2102
f 1848//2105 1837//2085 1836//2085
f 1849//2107 1848//2105 1846//2106
f 1850//2109 1839//3917 1837//2089
f 1851//2111 1850//2109 1848//2110
f 1853//2113 1849//2107 1847//2108
f 1855//2115 1853//2115 1852//2116
f 1856//2118 1851//2111 1849//2112
f 1857//2119 1856//3920 1853//2120
f 1859//2122 1845//2099 1844//2100
f 1861//2124 1859//3921 1858//2125
f 1852//2127 1847//2103 1845//2104
f 1854//2128 1852//3922 1859//2129
f 1862//2131 1842//2098 1810//2043
f 1863//2133 1862//2137 1809//2045
f 1864//2135 1844//2100 1842//2098
f 1865//2136 1864//2140 1862//2137
f 1866//2138 1858//2123 1844//2100
f 1867//2139 1866//3923 1864//2140
f 1868//2141 1860//2126 1858//2125
f 1869//2143 1868//3924 1866//2144
f 1871//2146 1867//3925 1865//2147
f 1873//2149 1871//3926 1870//2150
f 1874//2152 1869//3927 1867//2153
f 1875//2155 1874//2157 1871//2156
f 1876//2158 1863//2160 1811//2053
f 1877//2159 1876//2161 1816//2055
f 1870//2148 1865//2147 1863//2160
f 1872//2151 1870//2150 1876//2161
f 1879//2162 1797//2164 1800//2163
f 1881//2165 1879//2165 1878//2166
f 1882//2167 1801//2168 1797//2168
f 1883//2169 1882//3928 1879//2170
f 1884//2171 1885//2171 1821//2171
f 1801//2172 1882//2174 1884//2173
f 1886//2175 1887//2175 1885//2175
f 1882//2176 1883//2177 1886//2177
f 1889//2179 1886//2179 1883//2180
f 1891//2182 1889//2184 1888//2183
f 1892//2185 1887//2185 1886//2185
f 1893//2186 1892//2187 1889//2187
f 1895//2188 1881//3929 1880//2189
f 1897//2191 1895//3930 1894//2192
f 1888//2194 1883//2194 1881//2195
f 1890//2196 1888//2196 1895//2197
f 1898//2198 1878//3931 1800//2199
f 1899//2200 1898//2202 1823//2201
f 1900//2203 1880//2204 1878//2204
f 1901//2205 1900//3932 1898//2206
f 1902//2208 1894//3933 1880//2209
f 1903//2210 1902//3934 1900//2211
f 1904//2212 1896//3935 1894//2213
f 1905//2215 1904//3936 1902//2216
f 1907//2217 1903//3937 1901//2218
f 1909//2219 1907//2219 1906//2219
f 1910//2220 1905//3938 1903//2220
f 1911//2222 1910//2223 1907//2223
f 1913//2224 1828//2224 1831//2225
f 1906//2226 1913//2226 1912//2226
f 1913//2227 1899//2228 1826//2228
f 1906//2229 1901//2230 1899//2230
f 1914//2232 1912//2232 1831//2232
f 1833//2233 1915//2233 1914//2234
f 1916//2235 1908//2236 1912//2235
f 1915//2237 1917//2237 1916//2237
f 1918//2239 1909//2239 1908//2239
f 1919//2240 1918//2240 1916//2240
f 1920//2241 1911//2241 1909//2241
f 1921//2242 1920//2242 1918//2242
f 1922//2243 1923//3939 1919//2244
f 1924//2245 1925//3940 1923//2246
f 1926//2248 1921//3941 1919//2248
f 1927//2249 1926//2250 1923//2250
f 1929//2252 1838//3942 1839//2253
f 1922//2254 1929//3943 1928//2255
f 1915//2257 1833//2257 1838//2257
f 1917//2258 1915//2258 1929//2258
f 1930//2259 1928//2253 1839//2253
f 1931//2261 1930//2259 1850//2260
f 1932//2262 1924//2256 1928//2255
f 1933//2264 1932//2264 1930//2264
f 1934//2265 1925//3944 1924//2266
f 1935//2268 1934//3945 1932//2269
f 1936//2271 1927//3946 1925//2272
f 1937//2274 1936//3947 1934//2275
f 1939//2277 1935//2277 1933//2277
f 1941//2278 1939//2279 1938//2279
f 1942//2280 1937//2280 1935//2280
f 1943//2281 1942//2281 1939//2281
f 1944//2282 1945//2282 1856//2282
f 1940//2283 1938//3948 1945//2283
f 1945//2284 1931//2286 1851//2285
f 1938//2287 1933//2287 1931//2287
f 1946//2288 1947//3949 1860//2289
f 1948//2291 1946//3950 1868//2292
f 1949//2294 1950//3951 1947//2295
f 1951//2297 1949//3952 1946//2298
f 1952//2300 1953//2301 1950//2301
f 1954//2302 1952//2302 1949//2302
f 1952//2303 1955//3953 1956//2304
f 1954//2306 1957//3954 1955//2307
f 1959//2308 1960//3955 1961//2308
f 1963//2310 1959//2310 1958//2310
f 1954//2311 1951//3956 1960//2312
f 1957//2313 1954//2313 1959//2314
f 1965//2315 1874//2315 1875//2315
f 1960//2316 1965//2316 1964//2317
f 1965//2318 1948//2319 1869//2319
f 1960//2320 1951//3957 1948//2321
f 1966//2323 1861//2325 1860//2324
f 1967//2326 1966//3958 1947//2326
f 1968//2327 1854//3959 1861//2328
f 1969//2330 1968//3960 1966//2330
f 1970//2332 1944//2332 1857//2332
f 1854//2333 1968//3961 1970//2334
f 1971//2335 1940//2335 1944//2335
f 1968//2337 1969//3962 1971//2338
f 1972//2339 1941//3963 1940//2340
f 1973//2341 1972//3964 1971//2342
f 1974//2343 1943//2343 1941//2343
f 1975//2344 1974//2346 1972//2345
f 1976//2347 1967//2349 1950//2348
f 1956//2350 1977//3965 1976//2351
f 1973//2353 1969//2353 1967//2354
f 1977//2355 1975//3966 1973//2355
f 1978//2357 1818//2357 1821//2358
f 1979//2359 1978//2360 1885//2360
f 1978//2361 1980//2361 1814//2362
f 1979//2363 1981//2363 1980//2363
f 1982//2364 1983//2394 1817//2365
f 1980//2367 1982//2368 1815//2368
f 1984//2370 1985//2396 1983//2371
f 1981//2373 1984//2373 1982//2374
f 1986//2375 1987//3967 1984//2376
f 1989//2378 1987//2378 1986//2379
f 1987//2381 1990//3968 1985//2382
f 1991//2384 1990//2384 1987//2385
f 1992//2387 1979//2387 1887//2388
f 1993//2389 1992//2389 1892//2389
f 1986//2390 1981//2390 1979//2390
f 1988//2391 1986//2391 1992//2392
f 1994//2393 1877//2398 1817//2365
f 1995//2395 1994//3969 1983//2371
f 1996//2397 1872//2397 1877//2398
f 1997//2399 1996//3970 1994//2400
f 1873//2401 1998//2402 1964//2402
f 1872//2403 1996//2404 1998//2404
f 1998//2406 1999//3971 1961//2407
f 1996//2408 1997//2408 1999//2408
f 2001//2410 1999//2410 1997//2410
f 2003//2411 2001//2411 2000//2412
f 1958//2413 1961//2413 1999//2413
f 1962//2414 1958//2414 2001//2414
f 2004//2415 1995//3972 1985//2416
f 2005//2418 2004//3973 1990//2419
f 2000//2421 1997//3974 1995//2422
f 2002//2424 2000//3975 2004//2425
f 2006//2427 2007//2433 2008//2428
f 2010//2430 2011//2435 2007//2431
f 2007//2433 2012//3976 2013//2434
f 2011//2435 2014//3977 2012//2436
f 2016//2437 2017//2437 2018//2438
f 2012//2439 2016//2441 2015//2440
f 2019//2442 2020//2444 2017//2443
f 2014//2445 2019//2445 2016//2446
f 2021//2447 2022//2448 2019//2448
f 2024//2450 2022//2451 2021//2451
f 2022//2452 2025//2454 2020//2453
f 2026//2455 2025//3978 2022//2455
f 2027//2456 2028//2461 2011//2457
f 2030//2458 2028//2464 2027//2459
f 2028//2461 2021//3979 2014//2462
f 2023//2463 2021//3980 2028//2464
f 2032//2465 2030//3981 2029//2466
f 2034//2468 2032//2465 2031//2467
f 2035//2470 2023//3982 2030//2471
f 2036//2473 2035//2470 2032//2472
f 2037//2474 2024//3983 2023//2475
f 2038//2477 2037//2474 2035//2476
f 2039//2479 2026//2480 2024//2480
f 2040//2482 2039//2479 2037//2481
f 2042//2484 2038//2477 2036//2478
f 2044//2486 2042//3984 2041//2487
f 2045//2488 2040//2482 2038//2483
f 2046//2490 2045//2492 2042//2491
f 2048//2493 2034//2468 2033//2469
f 2050//2495 2048//3985 2047//2496
f 2041//2498 2036//2473 2034//2468
f 2043//2499 2041//3986 2048//2500
f 2051//2502 2052//2709 2009//2503
f 2053//2505 2051//2502 2008//2504
f 2054//2507 2055//2508 2052//2508
f 2056//2510 2054//3987 2051//2511
f 2054//2513 2057//3988 2058//2514
f 2056//2516 2059//2516 2057//2517
f 2060//2518 2061//2718 2058//2519
f 2062//2521 2060//3989 2057//2521
f 2063//2523 2064//2524 2059//2524
f 2065//2525 2066//2525 2064//2526
f 2067//2527 2062//2529 2059//2528
f 2066//2530 2068//2530 2067//2530
f 2070//2531 2015//2531 2018//2531
f 2063//2532 2070//2533 2069//2533
f 2070//2534 2053//3990 2013//2535
f 2056//2537 2053//3991 2070//2538
f 2071//2539 2069//2539 2018//2539
f 2020//2540 2072//3992 2071//2541
f 2071//2543 2073//2543 2065//2543
f 2072//2544 2074//2544 2073//2545
f 2073//2546 2075//2547 2066//2547
f 2074//2548 2076//3993 2075//2549
f 2075//2551 2077//2551 2068//2551
f 2076//2553 2078//2553 2077//2553
f 2079//2554 2080//2554 2076//2555
f 2082//2556 2080//2556 2079//2556
f 2080//2558 2083//3994 2078//2559
f 2082//2561 2084//2561 2083//2562
f 2085//2563 2086//3995 2025//2564
f 2081//2566 2079//2572 2086//2567
f 2072//2569 2020//2570 2025//2570
f 2074//2571 2072//3996 2086//2567
f 2087//2573 2085//3997 2026//2574
f 2088//2576 2087//2573 2039//2575
f 2089//2577 2081//2566 2085//2568
f 2090//2578 2089//2578 2087//2578
f 2091//2579 2082//2580 2081//2580
f 2092//2581 2091//2581 2089//2582
f 2093//2583 2084//3998 2082//2584
f 2094//2585 2093//2586 2091//2586
f 2096//2588 2092//3999 2090//2589
f 2098//2591 2096//4000 2095//2592
f 2099//2594 2094//2595 2092//2595
f 2100//2597 2099//4001 2096//2598
f 2101//2599 2102//2599 2045//2599
f 2097//2600 2095//2601 2102//2601
f 2102//2603 2088//2604 2040//2604
f 2095//2605 2090//4002 2088//2606
f 2104//2607 2050//4003 2049//2608
f 2106//2610 2104//2611 2103//2611
f 2107//2612 2043//4004 2050//2613
f 2108//2615 2107//4005 2104//2616
f 2109//2618 2101//2618 2046//2618
f 2043//2619 2107//4006 2109//2620
f 2110//2622 2097//2624 2101//2623
f 2107//2625 2108//2625 2110//2625
f 2111//2626 2098//2626 2097//2626
f 2112//2627 2111//2628 2110//2628
f 2113//2629 2100//2631 2098//2630
f 2114//2632 2113//4007 2111//2633
f 2116//2635 2106//2636 2105//2636
f 2118//2637 2116//4008 2115//2638
f 2112//2639 2108//2640 2106//2640
f 2114//2641 2112//4009 2116//2642
f 2119//2644 2120//2646 2006//2427
f 2121//2645 2122//4010 2120//2646
f 2120//2647 2123//2649 2010//2430
f 2122//2648 2124//4011 2123//2649
f 2126//2650 2127//2652 2128//2651
f 2130//2653 2126//2655 2125//2654
f 2122//2656 2121//2657 2127//2657
f 2124//2658 2122//2659 2126//2659
f 2130//2660 2131//2660 2132//2660
f 2129//2661 2133//4012 2131//2662
f 2134//2663 2135//2663 2132//2664
f 2136//2666 2134//2666 2131//2667
f 2123//2668 2137//2670 2027//2456
f 2124//2669 2132//4013 2137//2670
f 2138//2671 2029//2460 2027//2459
f 2135//2673 2138//2671 2137//2672
f 2139//2675 2031//2467 2029//2466
f 2140//2677 2139//2675 2138//2676
f 2141//2679 2033//2469 2031//2467
f 2142//2681 2141//2703 2139//2682
f 2143//2684 2140//2690 2135//2685
f 2144//2687 2143//2692 2134//2688
f 2145//2689 2142//2694 2140//2690
f 2146//2691 2145//2696 2143//2692
f 2147//2693 2148//2693 2142//2694
f 2149//2695 2147//2695 2145//2696
f 2150//2697 2151//2698 2148//2698
f 2152//2699 2150//2700 2147//2699
f 2153//2701 2047//2494 2033//2469
f 2148//2702 2153//4014 2141//2703
f 2154//2704 2049//2497 2047//2496
f 2151//2706 2154//4015 2153//2706
f 2155//2708 2119//2712 2009//2503
f 2156//2710 2155//4016 2052//2508
f 2157//2711 2121//4017 2119//2712
f 2158//2713 2157//2714 2155//2714
f 2058//2514 2159//2716 2156//2716
f 2160//2717 2159//4018 2058//2519
f 2159//2719 2161//2719 2158//2719
f 2162//2720 2161//2721 2159//2720
f 2161//2722 2163//2723 2164//2723
f 2165//2724 2163//2724 2161//2724
f 2163//2725 2166//2726 2167//2726
f 2165//2727 2168//2727 2166//2727
f 2169//2728 2170//2729 2128//2729
f 2121//2730 2157//4019 2169//2731
f 2164//2733 2167//4020 2170//2733
f 2158//2734 2164//2736 2169//2735
f 2171//2737 2125//2737 2128//2737
f 2167//2738 2172//2738 2171//2738
f 2171//2740 2173//4021 2129//2741
f 2172//2743 2174//2743 2173//2743
f 2166//2744 2175//2744 2172//2745
f 2168//2746 2176//2746 2175//2746
f 2175//2747 2177//4022 2174//2748
f 2176//2749 2178//2749 2177//2749
f 2177//2750 2179//2751 2180//2751
f 2178//2752 2181//4023 2179//2753
f 2182//2755 2183//4024 2180//2756
f 2181//2757 2184//2757 2182//2757
f 2133//2758 2185//4025 2186//2759
f 2173//2761 2185//2762 2133//2762
f 2185//2763 2180//4026 2183//2764
f 2174//2766 2180//4026 2185//2763
f 2187//2768 2144//2772 2136//2769
f 2188//2770 2187//2770 2186//2765
f 2189//2771 2146//2771 2144//2772
f 2190//2773 2189//2773 2187//2773
f 2191//2774 2188//4027 2183//2774
f 2192//2776 2191//2778 2182//2777
f 2193//2779 2190//2781 2188//2780
f 2194//2782 2193//4028 2191//2783
f 2195//2785 2196//4029 2190//2786
f 2197//2788 2195//4030 2193//2789
f 2198//2791 2199//4031 2196//2792
f 2200//2794 2198//4032 2195//2795
f 2149//2797 2201//2797 2202//2797
f 2146//2798 2189//2799 2201//2798
f 2201//2800 2196//2800 2199//2800
f 2189//2801 2190//4033 2196//2801
f 2203//2802 2103//4034 2049//2803
f 2204//2805 2203//4035 2154//2806
f 2205//2808 2105//4036 2103//2809
f 2206//2811 2205//4037 2203//2812
f 2207//2814 2150//2814 2152//2814
f 2208//2815 2207//4038 2202//2816
f 2207//2818 2204//4039 2151//2819
f 2208//2821 2206//2821 2204//2821
f 2209//2822 2208//2824 2199//2823
f 2210//2825 2209//4040 2198//2826
f 2211//2828 2206//2828 2208//2829
f 2212//2830 2211//2830 2209//2831
f 2213//2833 2115//2833 2105//2833
f 2211//2834 2213//2835 2205//2835
f 2214//2836 2117//4041 2115//2837
f 2212//2839 2214//2840 2213//2840
f 2216//2842 2217//2848 2218//2843
f 2220//2845 2216//2842 2215//2844
f 2216//2842 2221//2849 2222//2847
f 2220//2845 2223//4042 2221//2849
f 2224//2850 2225//2854 2226//2851
f 2228//2853 2229//2856 2225//2854
f 2221//2855 2223//4043 2226//2851
f 2229//2856 2222//4044 2221//2855
f 2231//2857 2232//2860 2233//2852
f 2227//2852 2226//2851 2231//2857
f 2234//2859 2235//4045 2232//2860
f 2226//2851 2223//4043 2234//2862
f 2236//2863 2237//2867 2238//2864
f 2240//2866 2241//2870 2237//2867
f 2242//2868 2235//4046 2238//2864
f 2243//2869 2242//2868 2237//2867
f 2245//2871 2246//2875 2247//2872
f 2232//2860 2245//2871 2244//2873
f 2242//2874 2243//4047 2246//2875
f 2232//2860 2235//4045 2242//2874
f 2249//2876 2250//2876 2251//2876
f 2253//2877 2249//2877 2248//2877
f 2254//2876 2255//2876 2250//2876
f 2256//2877 2254//2877 2249//2877
f 2258//2877 2259//2877 2260//2877
f 2262//2876 2258//2876 2257//2876
f 2254//2877 2256//2877 2259//2877
f 2255//2876 2254//2876 2258//2876
f 2264//369 2265//369 2266//369
f 2250//369 2264//369 2263//369
f 2267//369 2268//369 2265//369
f 2255//369 2267//369 2264//369
f 2270//369 2262//369 2261//369
f 2272//369 2270//369 2269//369
f 2267//369 2255//369 2262//369
f 2268//369 2267//369 2270//369
f 2273//2878 2274//2878 2275//2878
f 2266//2879 2265//2879 2274//2879
f 2274//2878 2277//2878 2278//2878
f 2265//2879 2268//2879 2277//2879
f 2279//2879 2280//2879 2272//2879
f 2281//2878 2282//2878 2280//2878
f 2280//2879 2277//2879 2268//2879
f 2282//2878 2278//2878 2277//2878
f 2283//2880 2284//2884 2285//2881
f 2287//2883 2288//2895 2284//2884
f 2284//2885 2289//2885 2290//2886
f 2288//2888 2291//2897 2289//2885
f 2293//2889 2294//2896 2295//2890
f 2297//2892 2293//2898 2292//2893
f 2288//2895 2287//2883 2294//2896
f 2291//2897 2288//2888 2293//2898
f 2298//2899 2299//2900 2290//2900
f 2300//2900 2298//2899 2289//2899
f 2301//2899 2302//2900 2299//2900
f 2303//2900 2301//2899 2298//2899
f 2305//2901 2297//2901 2296//2902
f 2307//2901 2305//2901 2304//2902
f 2300//2900 2291//2900 2297//2901
f 2303//2900 2300//2900 2305//2901
f 2308//2903 2309//3327 2302//2904
f 2310//2905 2308//2903 2301//2903
f 2311//2907 2312//3326 2309//2908
f 2313//2910 2311//2907 2308//2909
f 2314//2912 2315//2918 2307//2913
f 2316//2915 2317//2919 2315//2916
f 2315//2918 2310//2905 2303//2906
f 2317//2919 2313//2910 2310//2911
f 2319//11 2320//11 2321//11
f 2323//11 2319//11 2318//11
f 2324//11 2325//11 2320//11
f 2326//11 2324//11 2319//11
f 2327//11 2328//11 2329//11
f 2331//11 2332//11 2328//11
f 2328//11 2323//11 2322//11
f 2332//11 2326//11 2323//11
f 2333//2920 2334//2920 2330//2920
f 2335//2920 2333//2920 2329//2920
f 2282//2921 2281//2921 2334//2921
f 2278//2921 2282//2921 2333//2921
f 2336//2920 2337//2920 2318//2920
f 2276//2921 2275//2921 2337//2921
f 2337//2920 2335//2920 2322//2920
f 2275//2921 2278//2921 2335//2921
f 2338//39 2339//39 2340//39
f 2342//39 2343//39 2339//39
f 2339//39 2344//39 2345//39
f 2343//39 2346//39 2344//39
f 2348//39 2349//39 2350//39
f 2352//39 2348//39 2347//39
f 2343//39 2342//39 2349//39
f 2346//39 2343//39 2348//39
f 2349//2922 2353//2922 2354//2922
f 2342//2922 2355//2922 2353//2922
f 2353//2923 2253//2923 2252//2923
f 2355//2923 2256//2923 2253//2923
f 2357//2922 2338//2922 2341//2922
f 2259//2923 2357//2923 2356//2923
f 2355//2922 2342//2922 2338//2922
f 2256//2923 2355//2923 2357//2923
f 2359//2924 2360//4048 2361//2925
f 2220//2926 2359//2926 2358//2926
f 2359//2927 2362//2927 2363//2928
f 2220//2930 2219//2930 2362//2930
f 2365//369 2366//369 2367//369
f 2369//369 2365//369 2364//369
f 2365//369 2370//369 2371//369
f 2372//369 2370//369 2365//369
f 2374//2931 2375//2931 2376//2932
f 2377//2934 2378//2936 2374//2935
f 2238//2937 2235//2937 2375//2937
f 2378//2938 2239//2938 2238//2938
f 2380//1441 2381//1441 2382//1441
f 2383//1441 2384//1441 2380//1441
f 2385//1441 2386//1441 2381//1441
f 2387//1441 2385//1441 2380//1441
f 2389//2939 2390//2940 2391//2940
f 2360//2941 2389//2939 2388//2939
f 2392//2939 2393//2940 2390//2940
f 2363//2941 2392//2939 2389//2939
f 2395//369 2396//369 2397//369
f 2366//369 2395//369 2394//369
f 2398//369 2399//369 2396//369
f 2366//369 2371//369 2398//369
f 2401//2942 2402//2942 2403//2942
f 2405//2942 2401//2942 2400//2942
f 2373//2943 2376//2943 2402//2943
f 2377//2943 2373//2943 2401//2943
f 2407//1441 2408//1441 2409//1441
f 2411//1441 2407//1441 2406//1441
f 2379//1441 2382//1441 2408//1441
f 2411//1441 2383//1441 2379//1441
f 2413//2944 2414//2944 2415//2944
f 2390//2945 2413//2945 2412//2945
f 2416//2944 2417//2944 2414//2944
f 2393//2945 2416//2945 2413//2945
f 2419//369 2420//369 2421//369
f 2396//369 2419//369 2418//369
f 2422//369 2423//369 2420//369
f 2399//369 2422//369 2419//369
f 2425//2946 2426//2946 2427//2946
f 2429//2946 2425//2946 2424//2946
f 2400//2947 2403//2947 2426//2947
f 2404//2947 2400//2947 2425//2947
f 2431//1441 2432//1441 2433//1441
f 2435//1441 2431//1441 2430//1441
f 2406//1441 2409//1441 2432//1441
f 2410//1441 2406//1441 2431//1441
f 2437//2948 2438//2948 2439//2948
f 2414//2949 2437//2949 2436//2949
f 2440//2948 2441//2948 2438//2948
f 2417//2949 2440//2949 2437//2949
f 2442//369 2443//369 2444//369
f 2446//369 2447//369 2443//369
f 2443//369 2420//369 2423//369
f 2447//369 2421//369 2420//369
f 2449//2950 2450//2950 2451//2950
f 2453//2950 2449//2950 2448//2950
f 2424//2951 2427//2951 2450//2951
f 2428//2951 2424//2951 2449//2951
f 2454//1441 2455//1441 2456//1441
f 2434//1441 2430//1441 2455//1441
f 2455//1441 2458//1441 2459//1441
f 2430//1441 2433//1441 2458//1441
f 2461//2952 2462//2952 2463//2952
f 2438//2953 2461//2953 2460//2953
f 2464//2952 2465//2952 2462//2952
f 2441//2953 2464//2953 2461//2953
f 2466//369 2467//369 2468//369
f 2470//369 2471//369 2467//369
f 2467//369 2442//369 2445//369
f 2471//369 2446//369 2442//369
f 2473//2954 2474//2954 2475//2954
f 2477//2954 2473//2954 2472//2954
f 2448//2955 2451//2955 2474//2955
f 2452//2955 2448//2955 2473//2955
f 2478//1441 2479//1441 2480//1441
f 2457//1441 2456//1441 2479//1441
f 2479//1441 2482//1441 2483//1441
f 2456//1441 2459//1441 2482//1441
f 2484//2956 2485//2960 2215//2844
f 2486//2957 2487//2961 2485//2958
f 2485//2960 2488//2972 2219//2846
f 2487//2961 2489//2974 2488//2962
f 2491//2963 2492//4049 2493//2964
f 2495//2966 2491//2963 2490//2965
f 2487//2968 2486//3241 2492//2969
f 2489//2971 2487//2968 2491//2970
f 2488//2972 2496//2977 2497//2973
f 2489//2974 2498//2979 2496//2975
f 2499//2976 2239//2865 2497//2973
f 2500//2978 2499//2984 2496//2975
f 2502//2966 2495//2966 2494//2967
f 2504//2966 2502//2966 2501//2980
f 2498//2971 2489//2971 2495//2971
f 2500//2971 2498//2971 2502//2971
f 2505//2982 2236//2863 2239//2865
f 2506//2983 2505//2986 2499//2984
f 2507//2844 2240//2866 2236//2863
f 2508//2985 2507//4050 2505//2986
f 2509//2987 2510//2989 2504//2966
f 2511//2988 2512//4051 2510//2989
f 2510//2990 2506//2992 2500//2971
f 2512//2991 2508//4052 2506//2992
f 2514//2993 2294//3000 2287//2994
f 2516//2996 2514//2997 2513//2997
f 2517//2999 2295//4053 2294//3000
f 2518//3001 2517//4054 2514//2997
f 2519//11 2520//11 2326//11
f 2521//11 2519//11 2332//11
f 2516//11 2515//11 2520//11
f 2521//11 2518//11 2516//11
f 2520//11 2522//11 2324//11
f 2515//11 2523//11 2522//11
f 2522//11 2524//11 2325//11
f 2523//11 2525//11 2524//11
f 2283//3002 2526//3004 2513//2995
f 2286//3003 2527//4055 2526//3004
f 2526//3005 2523//3007 2515//2998
f 2527//3006 2525//4056 2523//3007
f 2528//3008 2529//3018 2313//3009
f 2530//3011 2528//3008 2317//3010
f 2531//3013 2532//3020 2529//3014
f 2533//3016 2531//3013 2528//3015
f 2344//39 2534//39 2535//39
f 2346//39 2536//39 2534//39
f 2531//39 2533//39 2535//39
f 2536//39 2532//39 2531//39
f 2529//3018 2537//3022 2311//3019
f 2532//3020 2538//3024 2537//3021
f 2537//3022 2539//4057 2312//3023
f 2538//3024 2540//4058 2539//3025
f 2352//39 2541//39 2536//39
f 2351//39 2542//39 2541//39
f 2541//39 2538//39 2532//39
f 2542//39 2540//39 2538//39
f 2543//3026 2544//3027 2217//3027
f 2341//3028 2340//3029 2544//3029
f 2544//3027 2545//3031 2218//3031
f 2340//3029 2345//3237 2545//3032
f 2547//3033 2229//3038 2228//3034
f 2356//3035 2547//3035 2546//3036
f 2543//3037 2222//3037 2229//3038
f 2341//3039 2543//3040 2547//3040
f 2549//3042 2224//2850 2227//2852
f 2257//3044 2549//3044 2548//3045
f 2546//3046 2228//2853 2224//2850
f 2260//3047 2546//4059 2549//3047
f 2234//3048 2550//3048 2551//3048
f 2552//3049 2550//4060 2234//3049
f 2550//3050 2369//4061 2368//3051
f 2372//3052 2369//4061 2550//3050
f 2554//3053 2230//2858 2233//2852
f 2269//3055 2554//3055 2553//3055
f 2548//3043 2227//2852 2230//2858
f 2261//3055 2548//3055 2554//3055
f 2241//3056 2555//3056 2556//3057
f 2240//3058 2557//3058 2555//3056
f 2555//3059 2327//3062 2330//3060
f 2557//3061 2331//3263 2327//3062
f 2558//3063 2559//4062 2247//3064
f 2556//3066 2558//3063 2246//3065
f 2334//3067 2281//3068 2559//3068
f 2330//3069 2334//3070 2558//3070
f 2559//3071 2560//3074 2244//2873
f 2281//3072 2279//3073 2560//3073
f 2560//3074 2553//3054 2233//2852
f 2279//3075 2271//3075 2553//3076
f 2362//3077 2561//4063 2562//3077
f 2219//3078 2563//3078 2561//3078
f 2384//3080 2383//3080 2562//3080
f 2563//3081 2387//4064 2384//3082
f 2564//3084 2565//3084 2358//3084
f 2370//3085 2565//3085 2564//3085
f 2565//3086 2552//3086 2223//3086
f 2370//3088 2372//3088 2552//3088
f 2566//3089 2375//4065 2235//3090
f 2364//3091 2566//4066 2551//3091
f 2567//3092 2376//3092 2375//3092
f 2364//3093 2367//3093 2567//3094
f 2568//3095 2569//3095 2239//3096
f 2570//3097 2568//3097 2378//3097
f 2568//3098 2381//3098 2386//3098
f 2570//3099 2382//3099 2381//3100
f 2392//3101 2571//3101 2572//3102
f 2562//3104 2571//3101 2392//3101
f 2571//3106 2411//3106 2410//3106
f 2383//3107 2411//3108 2571//3108
f 2573//3109 2574//3110 2388//3110
f 2399//3112 2398//3112 2574//3112
f 2564//3114 2361//4067 2388//3110
f 2371//3115 2564//3115 2574//3115
f 2575//3116 2576//4068 2403//3117
f 2567//3119 2575//3120 2402//3120
f 2394//3122 2397//3123 2576//3123
f 2367//3124 2394//4069 2575//3124
f 2578//3125 2405//4070 2404//3126
f 2408//3128 2578//3128 2577//3129
f 2570//3130 2377//4071 2405//3131
f 2382//3132 2570//3132 2578//3133
f 2416//3134 2579//4072 2580//3135
f 2393//3137 2572//4073 2579//3138
f 2579//3140 2435//3141 2434//3141
f 2572//3142 2410//3142 2435//3143
f 2581//3144 2582//4074 2412//3145
f 2423//3147 2422//3147 2582//3148
f 2582//3149 2573//4075 2391//3150
f 2422//3152 2399//3153 2573//3153
f 2583//3154 2584//4076 2427//3155
f 2576//3156 2583//4077 2426//3157
f 2418//3159 2421//3159 2584//3159
f 2397//3160 2418//3161 2583//3160
f 2586//3162 2429//4078 2428//3163
f 2432//3165 2586//3166 2585//3165
f 2577//3167 2404//4079 2429//3168
f 2409//3170 2577//3171 2586//3170
f 2440//3172 2587//3174 2588//3173
f 2417//3175 2580//4080 2587//3176
f 2587//3178 2454//3178 2457//3178
f 2580//3179 2434//3179 2454//3179
f 2589//3180 2590//4081 2436//3181
f 2445//3183 2444//3183 2590//3183
f 2590//3184 2581//4082 2415//3185
f 2444//3187 2423//3187 2581//3187
f 2591//3188 2592//4083 2451//3189
f 2584//3190 2591//4084 2450//3191
f 2447//3192 2446//3192 2592//3193
f 2421//3194 2447//3194 2591//3194
f 2594//3195 2453//4085 2452//3196
f 2458//3198 2594//3198 2593//3199
f 2585//3200 2428//3201 2453//3201
f 2433//3202 2585//3202 2594//3202
f 2464//3203 2595//4086 2596//3203
f 2441//3205 2588//4087 2595//3205
f 2595//3206 2478//3207 2481//3207
f 2588//3208 2457//3208 2478//3209
f 2597//3210 2598//4088 2460//3210
f 2469//3212 2468//4089 2598//3213
f 2598//3214 2589//4090 2439//3214
f 2468//3215 2445//3216 2589//3216
f 2599//3217 2600//4091 2475//3218
f 2592//3219 2599//4092 2474//3219
f 2471//3221 2470//4093 2600//3221
f 2446//3222 2471//4094 2599//3223
f 2602//3224 2477//4095 2476//3225
f 2482//3227 2602//3227 2601//3227
f 2593//3228 2452//4096 2477//3228
f 2459//3230 2593//4097 2602//3231
f 2603//3233 2604//3233 2486//3233
f 2545//3031 2603//3234 2484//3234
f 2603//3235 2535//3235 2533//3236
f 2345//3237 2535//3238 2603//3238
f 2605//3239 2606//3239 2493//3239
f 2604//3240 2605//4098 2492//2969
f 2530//3242 2316//3243 2606//3243
f 2604//3244 2533//3245 2530//3245
f 2607//3246 2608//3257 2494//2967
f 2606//3247 2607//3246 2490//2965
f 2314//3248 2306//3248 2608//3248
f 2316//3249 2314//3249 2607//3249
f 2569//3250 2609//3253 2497//3251
f 2386//374 2385//374 2609//3253
f 2609//3253 2563//3255 2219//3254
f 2385//374 2387//374 2563//3255
f 2610//3256 2611//4099 2503//2981
f 2608//3257 2610//3256 2501//2980
f 2304//3258 2296//3258 2611//3258
f 2306//3258 2304//3258 2610//3258
f 2613//3259 2507//3259 2508//3259
f 2518//3260 2521//3261 2613//3261
f 2557//3058 2240//3058 2507//3262
f 2331//3263 2557//3061 2613//3264
f 2615//3265 2512//3265 2511//3265
f 2517//3266 2615//3266 2614//3266
f 2612//3268 2508//4052 2512//2991
f 2517//3270 2518//3270 2612//3270
f 2509//2987 2616//3272 2614//3271
f 2503//2981 2611//4099 2616//3272
f 2616//3273 2292//3273 2295//3273
f 2611//3274 2296//3275 2292//3275
f 2617//3276 2618//3280 2619//3277
f 2621//3279 2622//4100 2618//3280
f 2623//3281 2624//3455 2619//3277
f 2622//3282 2625//4101 2623//3281
f 2626//3283 2627//4102 2628//3284
f 2622//3286 2627//4102 2626//3283
f 2627//3287 2630//3290 2631//3288
f 2622//3289 2621//4103 2630//3290
f 2632//3291 2633//3292 2634//3292
f 2636//3294 2637//3292 2633//3292
f 2626//3283 2629//3285 2634//3292
f 2625//3292 2626//3283 2633//3292
f 2638//3295 2639//4104 2640//3296
f 2642//3298 2639//4104 2638//3295
f 2643//3300 2644//3479 2640//3296
f 2645//3302 2643//3300 2639//3301
f 2647//3304 2648//3309 2649//3305
f 2642//3307 2647//3304 2646//3306
f 2632//3291 2635//3293 2648//3309
f 2642//3310 2636//3294 2632//3291
f 2651//2879 2652//2879 2653//2879
f 2655//3311 2651//2879 2650//2879
f 2656//2878 2657//2878 2652//2878
f 2658//2878 2656//2878 2651//2878
f 2660//3313 2628//3313 2631//3313
f 2655//3314 2660//3314 2659//3314
f 2660//3315 2661//3315 2629//3315
f 2654//3312 2661//4105 2660//3316
f 2663//369 2664//369 2665//369
f 2667//369 2663//369 2662//369
f 2650//369 2653//369 2664//369
f 2654//369 2650//369 2663//369
f 2668//369 2634//369 2629//369
f 2667//369 2668//369 2661//369
f 2669//369 2635//369 2634//369
f 2666//369 2669//369 2668//369
f 2670//2877 2671//2877 2672//2877
f 2674//2877 2675//2877 2671//2877
f 2671//2876 2662//2876 2665//2876
f 2675//3317 2666//3319 2662//2876
f 2676//3318 2648//3318 2635//3318
f 2666//3319 2675//3317 2676//3320
f 2676//3322 2677//3322 2649//3322
f 2675//3323 2674//3323 2677//3323
f 2678//3324 2679//3328 2680//3325
f 2682//2904 2683//2903 2679//2903
f 2679//3328 2684//4106 2685//3329
f 2683//2903 2686//4107 2684//3330
f 2687//3331 2688//3332 2689//3332
f 2684//3333 2688//4108 2687//3333
f 2688//3335 2691//3336 2692//3336
f 2684//3330 2686//4107 2691//3337
f 2694//2899 2683//2899 2682//2900
f 2696//2899 2694//2899 2693//2900
f 2697//2900 2686//2900 2683//2899
f 2698//2900 2697//2900 2694//2899
f 2699//3338 2700//3339 2692//3339
f 2697//2900 2699//3338 2691//3338
f 2701//3338 2702//3339 2700//3339
f 2698//2900 2701//3338 2699//3338
f 2704//2885 2696//2885 2695//2886
f 2706//3340 2704//3344 2703//3341
f 2707//3342 2698//3342 2696//2885
f 2708//3343 2707//4109 2704//3344
f 2709//3345 2710//3345 2702//3346
f 2698//3342 2707//3342 2709//3347
f 2711//3348 2712//3348 2710//3348
f 2707//3349 2708//3350 2711//3350
f 2714//39 2715//39 2716//39
f 2718//39 2714//39 2713//39
f 2719//39 2720//39 2715//39
f 2721//39 2719//39 2714//39
f 2723//39 2643//39 2645//39
f 2720//39 2719//39 2723//39
f 2724//39 2644//39 2643//39
f 2721//39 2724//39 2723//39
f 2725//3351 2722//3351 2645//3351
f 2677//3352 2725//3353 2646//3353
f 2726//3354 2720//3359 2722//3355
f 2674//3357 2726//4110 2725//3357
f 2715//3358 2727//3358 2728//3358
f 2720//3359 2726//3354 2727//3358
f 2727//2923 2670//2923 2673//2923
f 2726//2923 2674//2923 2670//2923
f 2729//11 2730//11 2621//11
f 2731//11 2729//11 2617//11
f 2729//11 2732//11 2733//11
f 2734//11 2732//11 2729//11
f 2736//11 2737//11 2738//11
f 2732//11 2736//11 2735//11
f 2739//11 2740//11 2737//11
f 2734//11 2739//11 2736//11
f 2741//2920 2742//2920 2735//2920
f 2657//2921 2656//2921 2742//2921
f 2742//2920 2743//3362 2733//3360
f 2656//2921 2658//2921 2743//2921
f 2744//3361 2630//3361 2621//3361
f 2743//3362 2744//4111 2730//3363
f 2659//3364 2631//3364 2630//3365
f 2658//3366 2659//3366 2744//3367
f 2746//3368 2747//4112 2748//3369
f 2749//3370 2750//3372 2746//3371
f 2746//3373 2623//4113 2625//3373
f 2624//3374 2623//4114 2746//3374
f 2752//369 2753//369 2754//369
f 2748//369 2747//369 2752//369
f 2637//369 2636//369 2753//369
f 2747//369 2625//369 2637//369
f 2755//3375 2756//3375 2754//3375
f 2636//3376 2638//3377 2755//3377
f 2755//3379 2757//3379 2758//3379
f 2641//3380 2757//3380 2755//3381
f 2759//1441 2760//1441 2758//1441
f 2761//1441 2759//1441 2757//1441
f 2759//1441 2750//1441 2749//1441
f 2761//1441 2624//1441 2750//1441
f 2762//3382 2763//3388 2764//3383
f 2767//3385 2763//3388 2762//3382
f 2745//3387 2748//4115 2764//3383
f 2767//3385 2749//4116 2745//3387
f 2768//369 2769//369 2770//369
f 2764//369 2769//369 2768//369
f 2751//369 2754//369 2770//369
f 2764//369 2748//369 2751//369
f 2770//3389 2772//3396 2773//3390
f 2756//3392 2772//4117 2770//3393
f 2774//3395 2775//4118 2773//3390
f 2756//3397 2758//3397 2774//3398
f 2774//1441 2776//1441 2777//1441
f 2760//1441 2776//1441 2774//1441
f 2767//1441 2766//1441 2777//1441
f 2760//1441 2749//1441 2767//1441
f 2778//3400 2779//4119 2780//3401
f 2783//3402 2779//3403 2778//3403
f 2779//3405 2762//3405 2765//3405
f 2766//3407 2762//3407 2779//3408
f 2785//369 2786//369 2787//369
f 2780//369 2785//369 2784//369
f 2785//369 2768//369 2771//369
f 2765//369 2768//369 2785//369
f 2786//3409 2788//3414 2789//3410
f 2771//3411 2773//3412 2788//3412
f 2790//3413 2791//4120 2789//3410
f 2775//3415 2790//3415 2788//3416
f 2792//1441 2793//1441 2791//1441
f 2775//1441 2777//1441 2792//1441
f 2783//1441 2782//1441 2793//1441
f 2766//1441 2783//1441 2792//1441
f 2794//3418 2795//3418 2796//3419
f 2799//3420 2795//3418 2794//3418
f 2795//3422 2778//3422 2781//3423
f 2782//3424 2778//3422 2795//3422
f 2796//369 2800//369 2801//369
f 2781//369 2784//369 2800//369
f 2800//369 2802//369 2803//369
f 2784//369 2787//369 2802//369
f 2802//3425 2804//3426 2805//3426
f 2787//3428 2789//3429 2804//3429
f 2806//3430 2807//3430 2805//3426
f 2791//3431 2806//4121 2804//3429
f 2808//1441 2809//1441 2799//1441
f 2807//1441 2806//1441 2809//1441
f 2809//1441 2793//1441 2782//1441
f 2806//1441 2791//1441 2793//1441
f 2811//3432 2812//3432 2813//3432
f 2814//3433 2815//3433 2811//3433
f 2794//3434 2797//3435 2812//3435
f 2815//3436 2798//3436 2794//3434
f 2812//3437 2816//3437 2817//3438
f 2797//3439 2801//3439 2816//3439
f 2816//3440 2818//3440 2819//3440
f 2801//3441 2803//3441 2818//3441
f 2820//3442 2821//3443 2819//3443
f 2805//3444 2820//3444 2818//3444
f 2820//3446 2822//3446 2823//3447
f 2805//3448 2807//3448 2822//3448
f 2824//3449 2825//3450 2815//3450
f 2823//3451 2822//3451 2825//3451
f 2825//3452 2808//3452 2798//3452
f 2822//3453 2807//3453 2808//3453
f 2826//3454 2827//4122 2620//3278
f 2624//3455 2828//4123 2826//3454
f 2826//3456 2829//3460 2830//3457
f 2828//3459 2831//4124 2829//3460
f 2833//3461 2710//3467 2712//3462
f 2829//3464 2833//3469 2832//3465
f 2834//3466 2702//3466 2710//3467
f 2831//3468 2834//3475 2833//3469
f 2835//3470 2828//4123 2624//3455
f 2641//3470 2836//3470 2835//3470
f 2837//3471 2831//4124 2828//3459
f 2836//3472 2838//4124 2837//3471
f 2839//3473 2700//3473 2702//3466
f 2837//3474 2839//3474 2834//3475
f 2840//3476 2692//3476 2700//3473
f 2838//3477 2840//3486 2839//3474
f 2841//3478 2836//4125 2641//3297
f 2644//3479 2842//4126 2841//3478
f 2843//3480 2838//4124 2836//3472
f 2844//3482 2843//3480 2841//3481
f 2840//3476 2845//3487 2689//3484
f 2838//3477 2843//3489 2845//3485
f 2845//3487 2846//4127 2690//3488
f 2843//3489 2844//4128 2846//3490
f 2847//3491 2848//3491 2685//3491
f 2846//3492 2847//4129 2687//3493
f 2849//3494 2850//3499 2848//3495
f 2846//3496 2844//3496 2849//3496
f 2851//39 2852//39 2724//39
f 2849//39 2852//39 2851//39
f 2852//39 2842//39 2644//39
f 2844//39 2842//39 2852//39
f 2718//39 2853//39 2851//39
f 2717//39 2854//39 2853//39
f 2853//39 2855//39 2850//39
f 2854//39 2856//39 2855//39
f 2848//3497 2857//3022 2680//3019
f 2850//3499 2855//3024 2857//3500
f 2857//3022 2858//4057 2681//3023
f 2855//3024 2856//4130 2858//3025
f 2860//3501 2711//3501 2708//3501
f 2862//3502 2860//4131 2859//3503
f 2832//3505 2712//3506 2711//3506
f 2862//3508 2830//3508 2832//3509
f 2863//11 2731//11 2620//11
f 2830//11 2862//11 2863//11
f 2864//11 2734//11 2731//11
f 2862//11 2861//11 2864//11
f 2706//3002 2865//3512 2859//3510
f 2705//3003 2866//4055 2865//3512
f 2865//3005 2867//3007 2861//3504
f 2866//3006 2868//4056 2867//3007
f 2864//11 2869//11 2739//11
f 2861//11 2867//11 2869//11
f 2869//11 2870//11 2740//11
f 2867//11 2868//11 2870//11
f 2620//3513 2871//3552 2872//11
f 2617//39 2621//3514 2873//3514
f 2874//3515 2630//3516 2631//3515
f 2873//3517 2621//3517 2630//3518
f 2631//3519 2875//4132 2876//3520
f 2636//1441 2637//369 2877//369
f 2877//369 2879//1441 2625//1441
f 2880//39 2881//39 2643//3521
f 2881//39 2882//3562 2644//3522
f 2649//3523 2646//3524 2883//3524
f 2880//3526 2645//3526 2646//3526
f 2885//3527 2884//3519 2649//3519
f 2750//369 2886//369 2887//369
f 2750//3529 2624//1441 2888//1441
f 2747//1441 2748//1441 2890//1441
f 2879//369 2625//369 2747//3530
f 2891//3531 2753//3531 2636//3531
f 2892//1441 2754//1441 2753//1441
f 2641//3531 2757//1441 2893//1441
f 2895//1441 2758//1441 2757//1441
f 2896//369 2897//3533 2767//3533
f 2749//369 2887//369 2897//3534
f 2898//369 2764//369 2765//369
f 2748//1441 2764//3535 2898//3535
f 2901//369 2770//369 2771//369
f 2754//1441 2892//1441 2901//3536
f 2902//1441 2903//1441 2775//1441
f 2758//369 2774//369 2902//369
f 2905//369 2783//369 2782//369
f 2896//369 2766//369 2783//369
f 2906//1441 2907//1441 2781//1441
f 2899//1441 2906//1441 2780//1441
f 2787//1441 2786//1441 2908//1441
f 2786//1441 2771//1441 2900//1441
f 2910//1441 2911//1441 2791//1441
f 2903//369 2775//369 2790//369
f 2798//1441 2799//1441 2912//1441
f 2904//369 2782//369 2799//369
f 2914//369 2796//369 2797//369
f 2907//369 2781//369 2796//369
f 2917//369 2802//369 2803//369
f 2802//1441 2787//1441 2909//1441
f 2918//1441 2919//1441 2807//1441
f 2911//369 2791//369 2806//369
f 2815//3537 2920//3537 2921//3537
f 2798//3538 2913//4133 2920//3538
f 2797//3540 2915//4134 2922//3541
f 2812//3542 2813//3543 2923//3543
f 2924//3544 2925//3544 2818//3544
f 2803//3546 2916//3547 2925//3547
f 2822//3548 2823//3548 2927//3549
f 2807//3550 2822//3550 2926//3550
f 2830//39 2827//3551 2928//3551
f 2871//3552 2620//3513 2827//3553
f 2712//3554 2832//3554 2930//3555
f 2830//3556 2929//3556 2930//3557
f 2932//3559 2931//3561 2712//3560
f 2933//1441 2761//1441 2641//3531
f 2888//1441 2624//369 2761//1441
f 2882//3562 2934//4135 2842//3563
f 2934//11 2842//11 2844//11
f 2844//3564 2935//4136 2936//3564
f 2936//3565 2846//3565 2690//3566
f 2690//3566 2689//4137 2938//3568
usemtl surf2
f 2939//4138 1897//4139 1896//4140
f 2941//4141 2940//4141 2939//4141
f 2940//4142 1890//4143 1897//4144
f 2942//4145 2943//4146 2940//4146
f 2945//4147 1890//4148 2943//4149
f 2946//4150 2943//4150 2944//4150
f 2945//4151 1893//4152 1891//4153
f 2948//4154 2945//4154 2946//4154
f 2950//4155 2944//4155 2949//4155
f 2951//4156 2950//4157 2949//4156
f 2953//4158 2946//4159 2950//4158
f 2954//4160 2950//4160 2952//4160
f 2955//4161 2942//4161 2941//4161
f 2957//4162 2956//4163 2955//4162
f 2956//4164 2944//4164 2942//4164
f 2958//4165 2949//4165 2956//4166
f 1904//4167 2939//4168 1896//4169
f 1905//4170 2959//4171 1904//4170
f 2959//4172 2941//4172 2939//4172
f 2960//4173 2961//4174 2959//4174
f 2961//4175 2955//4175 2941//4175
f 2962//4176 2963//4177 2961//4176
f 2963//4178 2957//4162 2955//4162
f 2964//4179 2965//4179 2963//4179
f 2968//4180 2962//4180 2967//4180
f 2970//4181 2967//4181 2969//4181
f 2968//4182 2966//4183 2964//4183
f 2972//4184 2968//4185 2970//4184
f 2973//4186 1905//4187 1910//4186
f 1911//4188 2973//4188 1910//4189
f 2967//4190 2960//4190 2973//4190
f 2969//4191 2973//4191 2974//4191
f 1920//4192 2974//4192 1911//4192
f 1921//4193 2975//4194 1920//4194
f 2975//4195 2969//4195 2974//4195
f 2976//4196 2977//4196 2975//4196
f 2979//4197 2969//4197 2977//4197
f 2980//4198 2977//4199 2978//4199
f 2979//4200 2972//4201 2970//4201
f 2982//4202 2979//4202 2980//4202
f 2984//4203 2978//4203 2983//4203
f 2986//4204 2983//4204 2985//4204
f 2987//4205 2980//4205 2984//4205
f 2988//4206 2984//4206 2986//4206
f 2989//4207 1921//4208 1926//4209
f 2990//4210 1926//4211 1927//4212
f 2983//4213 2976//4213 2989//4213
f 2985//4214 2989//4214 2990//4214
f 2991//4215 1927//4216 1936//4216
f 2992//4217 1936//4218 1937//4219
f 2993//4220 2990//4221 2991//4222
f 2994//4223 2991//4224 2992//4223
f 2993//4225 2986//4225 2985//4225
f 2994//4226 2995//4226 2993//4227
f 2995//4228 2988//4229 2986//4229
f 2996//4230 2997//4231 2995//4232
f 2999//4233 2996//4234 2994//4233
f 3001//4235 3000//4235 2999//4235
f 3000//4236 2998//4237 2996//4237
f 3004//4238 3000//4239 3002//4238
f 3005//4240 1937//4241 1942//4241
f 3006//4242 1942//4242 1943//4242
f 2999//4243 2992//4243 3005//4243
f 3001//4244 3005//4245 3006//4244
f 3007//4246 1977//4247 1956//4248
f 3009//4249 3008//4250 3007//4250
f 3008//4251 1975//4251 1977//4251
f 3010//4252 3011//4253 3008//4253
f 3011//4254 1974//4255 1975//4256
f 3014//4257 3011//4258 3012//4258
f 3013//4259 1943//4259 1974//4259
f 3001//4260 3013//4260 3014//4260
f 3014//4261 3002//4261 3001//4262
f 3016//4263 3014//4263 3012//4264
f 3015//4265 3004//4266 3002//4265
f 3018//4267 3015//4268 3016//4268
f 3019//4269 3010//4270 3009//4271
f 3021//4272 3020//4273 3019//4272
f 3020//4274 3012//4274 3010//4274
f 3022//4275 3016//4276 3020//4273
f 1955//4277 3007//4278 1956//4279
f 1957//4280 3023//4281 1955//4280
f 3023//4282 3009//4283 3007//4282
f 3024//4284 3025//4285 3023//4284
f 3025//4286 3019//4269 3009//4271
f 3026//4287 3027//4288 3025//4288
f 3027//4289 3021//4290 3019//4291
f 3028//4292 3029//4293 3027//4289
f 3031//4294 3033//4295 3034//4296
f 3035//4297 3032//4297 3031//4297
f 3028//4298 3033//4299 3032//4299
f 3030//4300 3032//4300 3036//4300
f 1963//4301 3024//4302 1957//4303
f 1962//4304 3037//4305 1963//4306
f 3033//4307 3024//4307 3037//4307
f 3034//4308 3037//4308 3038//4308
f 3040//4309 1991//4310 3039//4311
f 3042//4312 3039//4313 3041//4313
f 3043//4314 2005//4315 3040//4315
f 3044//4316 3040//4317 3042//4317
f 3045//4318 2002//4319 3043//4320
f 3046//4321 3043//4321 3044//4321
f 3038//4322 2003//4322 3045//4322
f 3034//4323 3045//4324 3046//4323
f 3047//4325 3046//4326 3044//4325
f 3049//4327 3048//4327 3047//4328
f 3048//4329 3034//4329 3046//4329
f 3035//4330 3048//4330 3050//4331
f 3051//4332 3042//4332 3041//4332
f 3053//4333 3052//4334 3051//4333
f 3052//4335 3044//4336 3042//4337
f 3054//4338 3047//4339 3052//4340
f 2947//4341 1993//4342 1893//4342
f 2948//4343 3055//4343 2947//4343
f 3055//4344 1988//4345 1993//4346
f 3056//4347 3057//4347 3055//4347
f 3059//4348 1988//4349 3057//4350
f 3060//4351 3057//4351 3058//4351
f 3039//4352 1989//4353 3059//4354
f 3041//4355 3059//4356 3060//4356
f 3062//4357 3058//4357 3061//4357
f 3064//4358 3061//4358 3063//4358
f 3051//4359 3060//4359 3062//4359
f 3053//4360 3062//4360 3064//4360
f 3065//4361 2948//4361 2953//4361
f 2954//4362 3065//4362 2953//4362
f 3061//4363 3056//4363 3065//4363
f 3063//4364 3065//4364 3066//4364
f 3067//4365 2951//4365 2958//4366
f 3069//4367 2958//4368 2957//4368
f 3070//4369 3068//4370 3067//4371
f 3072//4372 3067//4371 3069//4373
f 3068//4374 2952//4375 2951//4374
f 3071//4376 3073//4377 3068//4378
f 3073//4379 2954//4380 2952//4381
f 3074//4382 3066//4383 3073//4383
f 3075//4384 3063//4384 3074//4384
f 3076//4385 3074//4386 3071//4387
f 3077//4388 3064//4388 3075//4388
f 3078//4389 3075//4390 3076//4391
f 3079//4392 3070//4393 3072//4392
f 3081//4394 3080//4395 3079//4396
f 3080//4397 3071//4398 3070//4393
f 3082//4399 3076//4400 3080//4395
f 3084//4401 3081//4402 3083//4403
f 3086//4404 3083//4405 3085//4406
f 3087//4407 3082//4408 3084//4401
f 3088//4409 3084//4410 3086//4404
f 3089//4411 3049//4412 3054//4413
f 3077//4414 3054//4415 3053//4416
f 3087//4417 3090//4418 3089//4419
f 3078//4420 3089//4421 3077//4422
f 3090//4423 3050//4424 3049//4423
f 3088//4425 3091//4426 3090//4427
f 3091//4428 3035//4429 3050//4428
f 3092//4430 3036//4431 3091//4432
f 3093//4433 3030//4434 3092//4435
f 3086//4436 3092//4437 3088//4438
f 3094//4439 3029//4440 3093//4433
f 3085//4441 3093//4442 3086//4436
f 3096//4443 3081//4444 3095//4445
f 3098//4446 3095//4445 3097//4447
f 3099//4448 3083//4449 3096//4450
f 3100//4451 3096//4450 3098//4452
f 3101//4453 3018//4454 3022//4455
f 3094//4456 3022//4455 3021//4457
f 3099//4458 3102//4459 3101//4460
f 3085//4461 3101//4460 3094//4462
f 3003//4463 3104//4464 2998//4463
f 3004//4465 3103//4465 3003//4465
f 3103//4466 3100//4467 3104//4468
f 3017//4469 3102//4470 3103//4471
f 3105//4472 2998//4473 3104//4472
f 3098//4474 3104//4475 3100//4476
f 3106//4477 2997//4478 3105//4479
f 3097//4480 3105//4481 3098//4482
f 3108//4483 2966//4484 3107//4484
f 3110//4485 3107//4486 3109//4487
f 3069//4488 2965//4489 3108//4489
f 3072//4490 3108//4491 3110//4485
f 3110//4492 3079//4493 3072//4494
f 3109//4495 3111//4496 3110//4492
f 3111//4497 3081//4498 3079//4499
f 3112//4500 3095//4501 3111//4497
f 3113//4502 2982//4503 2987//4502
f 3106//4504 2987//4505 2988//4506
f 3112//4507 3114//4508 3113//4509
f 3097//4510 3113//4511 3106//4512
f 2971//4513 3107//4514 2966//4515
f 2972//4516 3115//4517 2971//4516
f 3115//4518 3109//4519 3107//4520
f 2981//4521 3114//4521 3115//4522
f 3116//4523 2061//4524 2060//4523
f 3118//4525 2060//4525 2062//4526
f 3119//4527 3117//4528 3116//4529
f 3121//4530 3116//4530 3118//4531
f 3119//4532 3123//4533 3120//4534
f 3121//4535 3122//4536 3119//4532
f 3122//4537 3126//4538 3123//4539
f 3124//4540 3125//4541 3122//4537
f 3129//4542 3121//4542 3128//4543
f 3131//4544 3128//4544 3130//4544
f 3129//4545 3127//4545 3124//4545
f 3131//4546 3132//4547 3129//4546
f 3134//4548 2062//4548 2067//4549
f 2068//4550 3134//4551 2067//4552
f 3128//4553 3118//4554 3134//4553
f 3130//4555 3134//4555 3135//4555
f 2077//4556 3135//4557 2068//4557
f 2078//4558 3136//4558 2077//4558
f 3136//4559 3130//4560 3135//4559
f 3137//4561 3138//4561 3136//4561
f 3140//4562 3130//4562 3138//4562
f 3139//4563 3140//4563 3138//4564
f 3140//4565 3133//4565 3131//4566
f 3143//4567 3140//4567 3141//4568
f 3144//4569 3141//4569 3139//4569
f 3146//4570 3145//4570 3144//4571
f 3145//4572 3143//4572 3141//4572
f 3147//4573 3148//4574 3145//4574
f 2083//4575 3137//4576 2078//4575
f 2084//4577 3150//4577 2083//4577
f 3150//4578 3139//4578 3137//4578
f 3151//4579 3144//4579 3150//4579
f 2093//4580 3151//4580 2084//4581
f 2094//4582 3152//4583 2093//4584
f 3152//4585 3146//4586 3151//4586
f 3153//4587 3154//4588 3152//4588
f 3154//4589 3147//4590 3146//4591
f 3155//4592 3156//4592 3154//4592
f 3156//4593 3149//4593 3147//4594
f 3157//4595 3158//4596 3156//4596
f 3160//4597 3157//4597 3155//4598
f 3162//4599 3161//4599 3160//4599
f 3161//4600 3159//4600 3157//4600
f 3163//4601 3164//4601 3161//4601
f 2099//4602 3153//4603 2094//4604
f 2100//4605 3166//4606 2099//4607
f 3166//4608 3155//4608 3153//4608
f 3167//4609 3160//4609 3166//4609
f 3168//4610 2118//4611 2117//4612
f 3170//4613 3169//4613 3168//4613
f 3169//4614 2114//4615 2118//4615
f 3171//4616 3172//4617 3169//4617
f 3172//4618 2113//4619 2114//4620
f 3175//4621 3172//4621 3173//4621
f 3167//4622 2113//4623 3174//4624
f 3162//4625 3174//4625 3175//4625
f 3175//4626 3163//4626 3162//4626
f 3177//4627 3175//4627 3173//4627
f 3176//4628 3165//4629 3163//4629
f 3179//4630 3176//4630 3177//4630
f 3180//4631 3171//4631 3170//4632
f 3182//4633 3181//4634 3180//4635
f 3181//4636 3173//4636 3171//4636
f 3183//4637 3177//4638 3181//4638
f 3185//4639 3187//4640 3184//4641
f 3189//4642 3184//4643 3188//4644
f 3190//4645 3186//4646 3185//4647
f 3192//4648 3185//4649 3189//4649
f 3193//4650 3179//4651 3183//4652
f 3195//4653 3183//4654 3182//4655
f 3190//4656 3194//4657 3193//4658
f 3191//4659 3193//4660 3195//4660
f 3164//4661 3197//4662 3159//4662
f 3165//4663 3196//4663 3164//4664
f 3196//4665 3192//4665 3197//4665
f 3178//4666 3194//4667 3196//4667
f 3198//4668 3159//4669 3197//4670
f 3189//4671 3197//4672 3192//4673
f 3199//4674 3158//4675 3198//4676
f 3188//4677 3198//4678 3189//4677
f 3201//4679 3127//4680 3200//4680
f 3203//4681 3200//4682 3202//4683
f 3204//4684 3125//4685 3201//4686
f 3205//4687 3201//4688 3203//4689
f 3203//4690 3207//4691 3205//4691
f 3202//4692 3206//4693 3203//4693
f 3184//4694 3207//4695 3206//4696
f 3188//4697 3206//4698 3208//4699
f 3209//4700 3143//4700 3148//4701
f 3149//4702 3209//4703 3148//4704
f 3208//4705 3210//4706 3209//4707
f 3199//4708 3208//4709 3209//4710
f 3132//4711 3200//4712 3127//4713
f 3133//4714 3211//4715 3132//4714
f 3211//4716 3202//4716 3200//4716
f 3142//4717 3210//4718 3211//4717
f 3212//4719 2061//4524 3117//4720
f 3213//4721 3117//4528 3120//4528
f 3214//4722 2160//4723 3212//4723
f 3215//4724 3212//4724 3213//4724
f 3123//4533 3213//4725 3120//4534
f 3126//4538 3216//4726 3123//4539
f 3216//4727 3215//4728 3213//4725
f 3217//4729 3218//4730 3216//4726
f 3220//4731 3215//4732 3218//4732
f 3219//4733 3220//4733 3218//4733
f 3223//4734 3221//4734 3220//4734
f 3222//4735 3223//4735 3220//4735
f 3226//4736 2162//4736 3214//4737
f 3221//4738 3214//4738 3215//4738
f 3226//4739 2168//4740 2165//4739
f 3224//4741 3226//4741 3221//4741
f 3227//4742 2176//4742 2168//4742
f 3224//4743 3228//4743 3227//4743
f 3228//4744 2178//4745 2176//4746
f 3229//4747 3230//4747 3228//4747
f 3232//4748 3224//4748 3223//4748
f 3225//4749 3232//4750 3223//4749
f 3232//4751 3231//4752 3229//4751
f 3235//4753 3232//4753 3233//4753
f 3234//4754 3237//4754 3231//4754
f 3235//4755 3236//4756 3234//4756
f 3236//4757 3240//4757 3237//4757
f 3238//4758 3239//4758 3236//4758
f 3230//4759 2181//4759 2178//4759
f 3231//4760 3242//4760 3230//4760
f 3242//4761 2184//4762 2181//4761
f 3237//4763 3243//4763 3242//4763
f 3243//4764 2192//4764 2184//4764
f 3240//4765 3244//4766 3243//4767
f 3244//4768 2194//4769 2192//4770
f 3245//4771 3246//4772 3244//4771
f 3239//4773 3245//4774 3240//4773
f 3241//4775 3248//4776 3239//4775
f 3248//4777 3247//4777 3245//4777
f 3249//4778 3250//4778 3248//4778
f 3250//4779 3253//4780 3247//4781
f 3251//4782 3252//4782 3250//4782
f 3252//4783 3256//4784 3253//4784
f 3254//4785 3255//4785 3252//4785
f 3246//4786 2197//4787 2194//4788
f 3247//4789 3258//4790 3246//4789
f 3258//4791 2200//4792 2197//4793
f 3253//4794 3259//4795 3258//4794
f 2214//4796 3168//4797 2117//4797
f 2212//4798 3260//4799 2214//4798
f 3260//4800 3170//4800 3168//4800
f 3261//4801 3262//4802 3260//4801
f 2210//4803 3261//4804 2212//4805
f 3259//4806 2210//4807 2200//4808
f 3265//4809 3261//4809 3264//4809
f 3256//4810 3264//4811 3259//4812
f 3255//4813 3265//4814 3256//4814
f 3257//4815 3266//4815 3255//4815
f 3268//4816 3265//4816 3266//4816
f 3269//4817 3266//4818 3267//4818
f 3262//4819 3180//4820 3170//4820
f 3263//4821 3270//4821 3262//4821
f 3270//4822 3182//4822 3180//4823
f 3268//4824 3271//4824 3270//4824
f 3272//4825 3187//4826 3186//4827
f 3274//4828 3186//4829 3191//4830
f 3275//4831 3273//4832 3272//4833
f 3277//4834 3272//4835 3274//4836
f 3279//4837 3269//4838 3278//4839
f 3274//4836 3278//4840 3277//4834
f 3195//4841 3271//4842 3279//4843
f 3191//4830 3279//4844 3274//4828
f 3280//4845 3254//4845 3251//4845
f 3277//4846 3281//4847 3280//4846
f 3281//4848 3257//4849 3254//4850
f 3278//4851 3267//4852 3281//4853
f 3282//4854 3251//4855 3249//4855
f 3283//4856 3249//4857 3241//4858
f 3275//4859 3280//4860 3282//4859
f 3276//4861 3282//4862 3283//4863
f 3284//4864 3219//4865 3217//4866
f 3204//4684 3217//4867 3126//4868
f 3286//4869 3285//4870 3284//4871
f 3205//4872 3284//4873 3204//4873
f 3207//4874 3286//4875 3205//4876
f 3273//4877 3207//4878 3187//4879
f 3288//4880 3287//4881 3286//4880
f 3276//4882 3288//4883 3273//4884
f 3291//4885 3235//4885 3290//4886
f 3289//4887 3290//4888 3287//4889
f 3291//4890 3241//4891 3238//4892
f 3289//4893 3283//4894 3291//4893
f 3285//4895 3222//4896 3219//4897
f 3287//4898 3292//4899 3285//4898
f 3292//4900 3225//4901 3222//4902
f 3290//4903 3233//4904 3292//4905
f 3293//4906 2252//4907 2248//4907
f 3295//4908 2248//4908 2251//4908
f 3296//4909 3294//4909 3293//4909
f 3298//4910 3293//4911 3295//4912
f 3299//4913 2251//4913 2263//4913
f 3300//4913 2263//4913 2266//4913
f 3301//4914 3295//4914 3299//4914
f 3302//4914 3299//4914 3300//4914
f 2273//4915 3300//4916 2266//4915
f 2276//4917 3303//4918 2273//4917
f 3303//4919 3302//4920 3300//4921
f 3304//4922 3305//4922 3303//4922
f 3307//4923 2285//4924 2290//4925
f 3309//4926 3308//4927 3307//4926
f 3308//4928 2286//4929 2285//4928
f 3310//4930 3311//4930 3308//4930
f 3314//4931 2302//4931 3313//4931
f 3316//4932 3313//4932 3315//4932
f 3307//4931 2299//4931 3314//4931
f 3309//4932 3314//4932 3316//4932
f 3318//4933 2312//4934 3317//4933
f 3320//4935 3317//4935 3319//4935
f 3313//4936 2309//4937 3318//4938
f 3315//4939 3318//4940 3320//4939
f 3322//4941 2325//4942 3321//4942
f 3324//4943 3321//4944 3323//4945
f 3325//4946 2320//4941 3322//4941
f 3326//4947 3322//4948 3324//4943
f 3327//4949 3306//4949 3304//4949
f 2336//4950 3304//4951 2276//4951
f 3325//4952 3328//4952 3327//4952
f 2321//4953 3327//4953 2336//4953
f 3329//4954 3331//4955 3332//4956
f 2351//4957 3330//4958 3329//4957
f 3330//4959 3334//4960 3331//4955
f 2347//4958 3333//4961 3330//4958
f 3294//4962 2354//4962 2252//4962
f 3297//4963 3335//4963 3294//4963
f 3335//4964 2350//4965 2354//4966
f 3336//4967 3333//4968 3335//4968
f 3337//4969 3339//4970 3340//4969
f 3332//4971 3338//4972 3337//4973
f 3338//4970 3342//4974 3339//4970
f 3331//4975 3341//4976 3338//4972
f 3343//4977 3297//4977 3296//4977
f 3344//4978 3296//4979 3298//4979
f 3341//4980 3336//4980 3343//4980
f 3342//4981 3343//4982 3344//4982
f 3346//4983 3348//4984 3345//4984
f 3339//4983 3345//4984 3340//4984
f 3349//4985 3347//4983 3346//4983
f 3342//4985 3346//4983 3339//4983
f 3351//4986 3298//4986 3301//4986
f 3352//4986 3301//4986 3302//4986
f 3349//4987 3344//4987 3351//4987
f 3350//4987 3351//4987 3352//4987
f 3354//4988 3323//4989 3353//4990
f 3347//4991 3353//4992 3348//4992
f 3355//4993 3324//4988 3354//4988
f 3350//4994 3354//4991 3347//4991
f 3305//4995 3352//4995 3302//4996
f 3306//4997 3356//4997 3305//4997
f 3356//4998 3350//4999 3352//5000
f 3328//5001 3355//5001 3356//5001
f 2524//5002 3321//4942 2325//4942
f 2525//5003 3357//5004 2524//5002
f 3357//5005 3323//4945 3321//4944
f 3358//5006 3359//5007 3357//5006
f 3311//5008 2527//5008 2286//5008
f 3312//5009 3361//5009 3311//5009
f 3361//5010 2525//5011 2527//5012
f 3362//5013 3358//5014 3361//5015
f 3329//4957 2542//5016 2351//4957
f 3332//4956 3363//5017 3329//4954
f 3363//5018 2540//5019 2542//5016
f 3364//5020 3365//5021 3363//5022
f 3367//5023 3319//5023 3317//5024
f 2539//5025 3317//5025 2312//5025
f 3365//5026 3368//5027 3367//5026
f 2540//5028 3367//5029 2539//5029
f 3337//4973 3364//5030 3332//4971
f 3340//4969 3369//5031 3337//4969
f 3371//5032 3364//5033 3369//5034
f 3372//5035 3369//5035 3370//5036
f 3320//5037 3374//5038 3315//5039
f 3319//5040 3373//5041 3320//5040
f 3373//5042 3372//5043 3374//5044
f 3368//5045 3371//5045 3373//5045
f 3375//5046 3340//4984 3345//4984
f 3376//5046 3345//4984 3348//4984
f 3377//5047 3370//5047 3375//5047
f 3378//5047 3375//5047 3376//5047
f 3379//5048 3309//5048 3316//5048
f 3374//5048 3316//5048 3315//5048
f 3377//5049 3380//5049 3379//5049
f 3372//5049 3379//5049 3374//5049
f 3381//5050 3348//4992 3353//4992
f 3359//5051 3353//4990 3323//4989
f 3381//5052 3378//5052 3376//5053
f 3359//5054 3382//5055 3381//5056
f 3383//5057 3312//5057 3310//5057
f 3380//5058 3310//5059 3309//5060
f 3382//5061 3362//5062 3383//5062
f 3378//5063 3383//5064 3380//5065
f 3385//4918 2657//4917 3384//4917
f 3387//5066 3384//5066 3386//4922
f 3388//4916 2652//4915 3385//4915
f 3389//4920 3385//4919 3387//4921
f 3390//4913 2653//4913 3388//4913
f 3391//4914 3388//4914 3389//4914
f 3392//4913 2664//4913 3390//4913
f 3393//4914 3390//4914 3391//4914
f 3392//5067 2672//4908 2665//4908
f 3393//4910 3394//4912 3392//4912
f 3394//4906 2673//4907 2672//4907
f 3395//5068 3396//5068 3394//5068
f 2678//5069 3399//4936 2682//5070
f 2681//4934 3398//4933 2678//4933
f 3398//4939 3402//4939 3399//4939
f 3400//5071 3401//5071 3398//5071
f 3404//4931 2695//4931 2693//4931
f 3399//4931 2693//4931 2682//4931
f 3406//4932 3405//4932 3404//4932
f 3402//4932 3404//4932 3399//4932
f 3408//5072 2705//4929 2703//4928
f 3405//4925 2703//4924 2695//4925
f 3410//5073 3409//5073 3408//5074
f 3407//4926 3408//4926 3405//4926
f 3412//5075 2717//5076 2713//5075
f 3414//5077 2713//5075 2716//5077
f 3415//4955 3413//4954 3412//4959
f 3417//5078 3412//4959 3414//4960
f 3419//4963 3397//4963 3418//4963
f 3414//4968 3418//4968 3417//4967
f 2728//5079 3396//5080 3419//5080
f 2716//4964 3419//4964 3414//4965
f 3420//4943 3422//4944 3423//4945
f 3424//4947 3421//4948 3420//4943
f 3421//4941 2740//4942 3422//4942
f 3425//4946 2737//4941 3421//4941
f 2741//5081 3384//5081 2657//5081
f 2738//4953 3426//5082 2741//5083
f 3426//4949 3386//4949 3384//4949
f 3425//4952 3427//4952 3426//4952
f 3428//4991 3430//4992 3431//4992
f 3432//4994 3429//4991 3428//4991
f 3429//4988 3423//5084 3430//5085
f 3433//4993 3420//5086 3429//4988
f 3434//4997 3386//4997 3427//4997
f 3433//5001 3427//5001 3424//5001
f 3435//4995 3387//4996 3434//4995
f 3432//4999 3434//5087 3433//5088
f 3437//4983 3439//4984 3436//4983
f 3441//4985 3436//4983 3440//4985
f 3428//4983 3438//4984 3437//4983
f 3432//4985 3437//4983 3441//4985
f 3442//4986 3389//4986 3435//4986
f 3441//4987 3435//4987 3432//4987
f 3443//4986 3391//4986 3442//4986
f 3440//4987 3442//4987 3441//4987
f 3444//4972 3416//5089 3415//4972
f 3446//4976 3415//4972 3417//4976
f 3436//4970 3445//4969 3444//4970
f 3440//4974 3444//4970 3446//4974
f 3443//4979 3395//4979 3393//4978
f 3440//5090 3447//5091 3443//5092
f 3447//4977 3397//4977 3395//4977
f 3446//4980 3418//4980 3447//4980
f 3413//5076 2854//5093 2717//5076
f 3416//4956 3448//5017 3413//4954
f 3448//5094 2856//5095 2854//5093
f 3449//5020 3450//5096 3448//5022
f 2858//5097 3400//5097 2681//5097
f 2856//5098 3452//5029 2858//5029
f 3452//5023 3403//5023 3400//5024
f 3450//5099 3453//5100 3452//5099
f 2870//5002 3422//4942 2740//4942
f 2868//5003 3454//5004 2870//5002
f 3454//5005 3423//4945 3422//4944
f 3455//5101 3456//5102 3454//5006
f 3459//5009 3411//5009 3458//5009
f 3455//5103 3458//5103 3457//5104
f 2866//5105 3409//5105 3459//5105
f 2868//5106 3459//5107 3455//5107
f 3456//5051 3430//5085 3423//5084
f 3461//5055 3456//5054 3457//5108
f 3460//5050 3431//4992 3430//4992
f 3463//5052 3460//5052 3461//5109
f 3464//5110 3410//5060 3407//5060
f 3463//5111 3465//5112 3464//5065
f 3465//5113 3411//5057 3410//5057
f 3461//5114 3458//5062 3465//5062
f 3466//5046 3431//4984 3462//5046
f 3467//5047 3462//5047 3463//5047
f 3468//5046 3438//4984 3466//5046
f 3469//5047 3466//5047 3467//5047
f 3471//5048 3402//5048 3470//5048
f 3467//5049 3470//5049 3469//5049
f 3464//5048 3406//5048 3471//5048
f 3463//5049 3471//5049 3467//5049
f 3472//5031 3439//4969 3468//5115
f 3469//5035 3472//5035 3468//5036
f 3449//5030 3445//5116 3472//5117
f 3473//5032 3449//5033 3472//5118
f 3474//5040 3403//5040 3453//5040
f 3473//5045 3453//5045 3451//5119
f 3470//5120 3401//5121 3474//5039
f 3469//5122 3474//5044 3473//5123
f 2939//4138 2940//5124 1897//4139
f 2941//4141 2942//4141 2940//4141
f 2940//4142 2943//4142 1890//4143
f 2942//4145 2944//4146 2943//4146
f 2945//4147 1891//4147 1890//4148
f 2946//4150 2945//4150 2943//4150
f 2945//4151 2947//4153 1893//4152
f 2948//4154 2947//4154 2945//4154
f 2950//4155 2946//4155 2944//4155
f 2951//4156 2952//4157 2950//4157
f 2953//4158 2948//4159 2946//4159
f 2954//4160 2953//4160 2950//4160
f 2955//4161 2956//4161 2942//4161
f 2957//4162 2958//4163 2956//4163
f 2956//4164 2949//4164 2944//4164
f 2958//4165 2951//4166 2949//4165
f 1904//4167 2959//5125 2939//4168
f 1905//4170 2960//4171 2959//4171
f 2959//4172 2961//4172 2941//4172
f 2960//4173 2962//4173 2961//4174
f 2961//4175 2963//4175 2955//4175
f 2962//4176 2964//4177 2963//4177
f 2963//4178 2965//4178 2957//4162
f 2964//4179 2966//5126 2965//4179
f 2968//4180 2964//4180 2962//4180
f 2970//4181 2968//4181 2967//4181
f 2968//4182 2971//4182 2966//4183
f 2972//4184 2971//4185 2968//4185
f 2973//4186 2960//5127 1905//4187
f 1911//4188 2974//5128 2973//4188
f 2967//4190 2962//5129 2960//4190
f 2969//4191 2967//4191 2973//4191
f 1920//4192 2975//4192 2974//4192
f 1921//4193 2976//5130 2975//4194
f 2975//4195 2977//4195 2969//4195
f 2976//4196 2978//4196 2977//4196
f 2979//4197 2970//4197 2969//4197
f 2980//4198 2979//4198 2977//4199
f 2979//4200 2981//4201 2972//4201
f 2982//4202 2981//5131 2979//4202
f 2984//4203 2980//4203 2978//4203
f 2986//4204 2984//4204 2983//4204
f 2987//4205 2982//4205 2980//4205
f 2988//4206 2987//4206 2984//4206
f 2989//4207 2976//5132 1921//4208
f 2990//4210 2989//5133 1926//4211
f 2983//4213 2978//4213 2976//4213
f 2985//4214 2983//4214 2989//4214
f 2991//4215 2990//5134 1927//4216
f 2992//4217 2991//4219 1936//4218
f 2993//4220 2985//4222 2990//4221
f 2994//4223 2993//4224 2991//4224
f 2993//4225 2995//4225 2986//4225
f 2994//4226 2996//4226 2995//4226
f 2995//4228 2997//5135 2988//4229
f 2996//4230 2998//4232 2997//4231
f 2999//4233 3000//4234 2996//4234
f 3001//4235 3002//4235 3000//4235
f 3000//4236 3003//4236 2998//4237
f 3004//4238 3003//4238 3000//4239
f 3005//4240 2992//4241 1937//4241
f 3006//4242 3005//4242 1942//4242
f 2999//4243 2994//4243 2992//4243
f 3001//4244 2999//4244 3005//4245
f 3007//4246 3008//5136 1977//4247
f 3009//4249 3010//4250 3008//4250
f 3008//4251 3011//5137 1975//4251
f 3010//4252 3012//4253 3011//4253
f 3011//4254 3013//5138 1974//4255
f 3014//4257 3013//4257 3011//4258
f 3013//4259 3006//4259 1943//4259
f 3001//4260 3006//4260 3013//4260
f 3014//4261 3015//5139 3002//4261
f 3016//4263 3015//4264 3014//4263
f 3015//4265 3017//4265 3004//4266
f 3018//4267 3017//4268 3015//4268
f 3019//4269 3020//4270 3010//4270
f 3021//4272 3022//4275 3020//4273
f 3020//4274 3016//5140 3012//4274
f 3022//4275 3018//5141 3016//4276
f 1955//4277 3023//5142 3007//4278
f 1957//4280 3024//4280 3023//4281
f 3023//4282 3025//4282 3009//4283
f 3024//4284 3026//4284 3025//4285
f 3025//4286 3027//4286 3019//4269
f 3026//4287 3028//4287 3027//4288
f 3027//4289 3029//4293 3021//4290
f 3028//4292 3030//5143 3029//4293
f 3031//4294 3032//5144 3033//4295
f 3035//4297 3036//4297 3032//4297
f 3028//4298 3026//5145 3033//4299
f 3030//4300 3028//5146 3032//4300
f 1963//4301 3037//5147 3024//4302
f 1962//4304 3038//4306 3037//4305
f 3033//4307 3026//4307 3024//4307
f 3034//4308 3033//4308 3037//4308
f 3040//4309 2005//4310 1991//4310
f 3042//4312 3040//4313 3039//4313
f 3043//4314 2002//4314 2005//4315
f 3044//4316 3043//4317 3040//4317
f 3045//4318 2003//4320 2002//4319
f 3046//4321 3045//4321 3043//4321
f 3038//4322 1962//4322 2003//4322
f 3034//4323 3038//4323 3045//4324
f 3047//4325 3048//4325 3046//4326
f 3049//4327 3050//4327 3048//4327
f 3048//4329 3031//4329 3034//4329
f 3035//4330 3031//4330 3048//4330
f 3051//4332 3052//4332 3042//4332
f 3053//4333 3054//4333 3052//4334
f 3052//4335 3047//4337 3044//4336
f 3054//4338 3049//5148 3047//4339
f 2947//4341 3055//4342 1993//4342
f 2948//4343 3056//4343 3055//4343
f 3055//4344 3057//4345 1988//4345
f 3056//4347 3058//4347 3057//4347
f 3059//4348 1989//5149 1988//4349
f 3060//4351 3059//5150 3057//4351
f 3039//4352 1991//5151 1989//4353
f 3041//4355 3039//4356 3059//4356
f 3062//4357 3060//5152 3058//4357
f 3064//4358 3062//4358 3061//4358
f 3051//4359 3041//4359 3060//4359
f 3053//4360 3051//5153 3062//4360
f 3065//4361 3056//5154 2948//4361
f 2954//4362 3066//5155 3065//4362
f 3061//4363 3058//4363 3056//4363
f 3063//4364 3061//4364 3065//4364
f 3067//4365 3068//4366 2951//4365
f 3069//4367 3067//4368 2958//4368
f 3070//4369 3071//5156 3068//4370
f 3072//4372 3070//4369 3067//4371
f 3068//4374 3073//5157 2952//4375
f 3071//4376 3074//4376 3073//4377
f 3073//4379 3066//4381 2954//4380
f 3074//4382 3063//4383 3066//4383
f 3075//4384 3064//4384 3063//4384
f 3076//4385 3075//5158 3074//4386
f 3077//4388 3053//4388 3064//4388
f 3078//4389 3077//4391 3075//4390
f 3079//4392 3080//4397 3070//4393
f 3081//4394 3082//4399 3080//4395
f 3080//4397 3076//5159 3071//4398
f 3082//4399 3078//4400 3076//4400
f 3084//4401 3082//4408 3081//4402
f 3086//4404 3084//4410 3083//4405
f 3087//4407 3078//5160 3082//4408
f 3088//4409 3087//5161 3084//4410
f 3089//4411 3090//4411 3049//4412
f 3077//4414 3089//5162 3054//4415
f 3087//4417 3088//4417 3090//4418
f 3078//4420 3087//5163 3089//4421
f 3090//4423 3091//4423 3050//4424
f 3088//4425 3092//4427 3091//4426
f 3091//4428 3036//4428 3035//4429
f 3092//4430 3030//4432 3036//4431
f 3093//4433 3029//4440 3030//4434
f 3086//4436 3093//4442 3092//4437
f 3094//4439 3021//5164 3029//4440
f 3085//4441 3094//5165 3093//4442
f 3096//4443 3083//5166 3081//4444
f 3098//4446 3096//4443 3095//4445
f 3099//4448 3085//5167 3083//4449
f 3100//4451 3099//4448 3096//4450
f 3101//4453 3102//4454 3018//4454
f 3094//4456 3101//4453 3022//4455
f 3099//4458 3100//5168 3102//4459
f 3085//4461 3099//4458 3101//4460
f 3003//4463 3103//4463 3104//4464
f 3004//4465 3017//5169 3103//4465
f 3103//4466 3102//5170 3100//4467
f 3017//4469 3018//4471 3102//4470
f 3105//4472 2997//5171 2998//4473
f 3098//4474 3105//4476 3104//4475
f 3106//4477 2988//5172 2997//4478
f 3097//4480 3106//4480 3105//4481
f 3108//4483 2965//4484 2966//4484
f 3110//4485 3108//4491 3107//4486
f 3069//4488 2957//4489 2965//4489
f 3072//4490 3069//5173 3108//4491
f 3110//4492 3111//4496 3079//4493
f 3109//4495 3112//5174 3111//4496
f 3111//4497 3095//4501 3081//4498
f 3112//4500 3097//4500 3095//4501
f 3113//4502 3114//4502 2982//4503
f 3106//4504 3113//4505 2987//4505
f 3112//4507 3109//5175 3114//4508
f 3097//4510 3112//4511 3113//4511
f 2971//4513 3115//5176 3107//4514
f 2972//4516 2981//4516 3115//4517
f 3115//4518 3114//4518 3109//4519
f 2981//4521 2982//4522 3114//4521
f 3116//4523 3117//4720 2061//4524
f 3118//4525 3116//4525 2060//4525
f 3119//4527 3120//4528 3117//4528
f 3121//4530 3119//4530 3116//4530
f 3119//4532 3122//4536 3123//4533
f 3121//4535 3124//5177 3122//4536
f 3122//4537 3125//4541 3126//4538
f 3124//4540 3127//4540 3125//4541
f 3129//4542 3124//4542 3121//4542
f 3131//4544 3129//4544 3128//4544
f 3129//4545 3132//4545 3127//4545
f 3131//4546 3133//4546 3132//4547
f 3134//4548 3118//5178 2062//4548
f 2068//4550 3135//5179 3134//4551
f 3128//4553 3121//4553 3118//4554
f 3130//4555 3128//4555 3134//4555
f 2077//4556 3136//4556 3135//4557
f 2078//4558 3137//4558 3136//4558
f 3136//4559 3138//4559 3130//4560
f 3137//4561 3139//4561 3138//4561
f 3140//4562 3131//4562 3130//4562
f 3139//4563 3141//4564 3140//4563
f 3140//4565 3142//4565 3133//4565
f 3143//4567 3142//5180 3140//4567
f 3144//4569 3145//4569 3141//4569
f 3146//4570 3147//5181 3145//4570
f 3145//4572 3148//4572 3143//4572
f 3147//4573 3149//4573 3148//4574
f 2083//4575 3150//4576 3137//4576
f 2084//4577 3151//4577 3150//4577
f 3150//4578 3144//5182 3139//4578
f 3151//4579 3146//4579 3144//4579
f 2093//4580 3152//5183 3151//4580
f 2094//4582 3153//5184 3152//4583
f 3152//4585 3154//5185 3146//4586
f 3153//4587 3155//4587 3154//4588
f 3154//4589 3156//5186 3147//4590
f 3155//4592 3157//4592 3156//4592
f 3156//4593 3158//4593 3149//4593
f 3157//4595 3159//4596 3158//4596
f 3160//4597 3161//4597 3157//4597
f 3162//4599 3163//5187 3161//4599
f 3161//4600 3164//4600 3159//4600
f 3163//4601 3165//4601 3164//4601
f 2099//4602 3166//4602 3153//4603
f 2100//4605 3167//5188 3166//4606
f 3166//4608 3160//4608 3155//4608
f 3167//4609 3162//4609 3160//4609
f 3168//4610 3169//4610 2118//4611
f 3170//4613 3171//5189 3169//4613
f 3169//4614 3172//4615 2114//4615
f 3171//4616 3173//5190 3172//4617
f 3172//4618 3174//5191 2113//4619
f 3175//4621 3174//5192 3172//4621
f 3167//4622 2100//5193 2113//4623
f 3162//4625 3167//4625 3174//4625
f 3175//4626 3176//4626 3163//4626
f 3177//4627 3176//4627 3175//4627
f 3176//4628 3178//4628 3165//4629
f 3179//4630 3178//4630 3176//4630
f 3180//4631 3181//5194 3171//4631
f 3182//4633 3183//5195 3181//4634
f 3181//4636 3177//4636 3173//4636
f 3183//4637 3179//5196 3177//4638
f 3185//4639 3186//4639 3187//4640
f 3189//4642 3185//5197 3184//4643
f 3190//4645 3191//4659 3186//4646
f 3192//4648 3190//4656 3185//4649
f 3193//4650 3194//4651 3179//4651
f 3195//4653 3193//4655 3183//4654
f 3190//4656 3192//4648 3194//4657
f 3191//4659 3190//4645 3193//4660
f 3164//4661 3196//4662 3197//4662
f 3165//4663 3178//5198 3196//4663
f 3196//4665 3194//4665 3192//4665
f 3178//4666 3179//4667 3194//4667
f 3198//4668 3158//5199 3159//4669
f 3189//4671 3198//5200 3197//4672
f 3199//4674 3149//5201 3158//4675
f 3188//4677 3199//5202 3198//4678
f 3201//4679 3125//4680 3127//4680
f 3203//4681 3201//5203 3200//4682
f 3204//4684 3126//4868 3125//4685
f 3205//4687 3204//4687 3201//4688
f 3203//4690 3206//4690 3207//4691
f 3202//4692 3208//4693 3206//4693
f 3184//4694 3187//5204 3207//4695
f 3188//4697 3184//5205 3206//4698
f 3209//4700 3210//4700 3143//4700
f 3149//4702 3199//4704 3209//4703
f 3208//4705 3202//4707 3210//4706
f 3199//4708 3188//5206 3208//4709
f 3132//4711 3211//5207 3200//4712
f 3133//4714 3142//4715 3211//4715
f 3211//4716 3210//4716 3202//4716
f 3142//4717 3143//5208 3210//4718
f 3212//4719 2160//4719 2061//4524
f 3213//4721 3212//4721 3117//4528
f 3214//4722 2162//4722 2160//4723
f 3215//4724 3214//4724 3212//4724
f 3123//4533 3216//4727 3213//4725
f 3126//4538 3217//4729 3216//4726
f 3216//4727 3218//5209 3215//4728
f 3217//4729 3219//4730 3218//4730
f 3220//4731 3221//4731 3215//4732
f 3219//4733 3222//5210 3220//4733
f 3223//4734 3224//4734 3221//4734
f 3222//4735 3225//4735 3223//4735
f 3226//4736 2165//4736 2162//4736
f 3221//4738 3226//4738 3214//4738
f 3226//4739 3227//4739 2168//4740
f 3224//4741 3227//4741 3226//4741
f 3227//4742 3228//4742 2176//4742
f 3224//4743 3229//4743 3228//4743
f 3228//4744 3230//4745 2178//4745
f 3229//4747 3231//4747 3230//4747
f 3232//4748 3229//4748 3224//4748
f 3225//4749 3233//4749 3232//4750
f 3232//4751 3234//4751 3231//4752
f 3235//4753 3234//4753 3232//4753
f 3234//4754 3236//4754 3237//4754
f 3235//4755 3238//4756 3236//4756
f 3236//4757 3239//4757 3240//4757
f 3238//4758 3241//5211 3239//4758
f 3230//4759 3242//5212 2181//4759
f 3231//4760 3237//4760 3242//4760
f 3242//4761 3243//4761 2184//4762
f 3237//4763 3240//4763 3243//4763
f 3243//4764 3244//5213 2192//4764
f 3240//4765 3245//5214 3244//4766
f 3244//4768 3246//5215 2194//4769
f 3245//4771 3247//4772 3246//4772
f 3239//4773 3248//5216 3245//4774
f 3241//4775 3249//4776 3248//4776
f 3248//4777 3250//4777 3247//4777
f 3249//4778 3251//4778 3250//4778
f 3250//4779 3252//5217 3253//4780
f 3251//4782 3254//4782 3252//4782
f 3252//4783 3255//4783 3256//4784
f 3254//4785 3257//4785 3255//4785
f 3246//4786 3258//5218 2197//4787
f 3247//4789 3253//4789 3258//4790
f 3258//4791 3259//4791 2200//4792
f 3253//4794 3256//4795 3259//4795
f 2214//4796 3260//4797 3168//4797
f 2212//4798 3261//4799 3260//4799
f 3260//4800 3262//5219 3170//4800
f 3261//4801 3263//4802 3262//4802
f 2210//4803 3264//5220 3261//4804
f 3259//4806 3264//4808 2210//4807
f 3265//4809 3263//4809 3261//4809
f 3256//4810 3265//5221 3264//4811
f 3255//4813 3266//4814 3265//4814
f 3257//4815 3267//4815 3266//4815
f 3268//4816 3263//4816 3265//4816
f 3269//4817 3268//4818 3266//4818
f 3262//4819 3270//4820 3180//4820
f 3263//4821 3268//4821 3270//4821
f 3270//4822 3271//5222 3182//4822
f 3268//4824 3269//4824 3271//4824
f 3272//4825 3273//5223 3187//4826
f 3274//4828 3272//5224 3186//4829
f 3275//4831 3276//4833 3273//4832
f 3277//4834 3275//5225 3272//4835
f 3279//4837 3271//5226 3269//4838
f 3274//4836 3279//5227 3278//4840
f 3195//4841 3182//5228 3271//4842
f 3191//4830 3195//5229 3279//4844
f 3280//4845 3281//4845 3254//4845
f 3277//4846 3278//5230 3281//4847
f 3281//4848 3267//5231 3257//4849
f 3278//4851 3269//5232 3267//4852
f 3282//4854 3280//5233 3251//4855
f 3283//4856 3282//5234 3249//4857
f 3275//4859 3277//5235 3280//4860
f 3276//4861 3275//5236 3282//4862
f 3284//4864 3285//4866 3219//4865
f 3204//4684 3284//5237 3217//4867
f 3286//4869 3287//4871 3285//4870
f 3205//4872 3286//4873 3284//4873
f 3207//4874 3288//4876 3286//4875
f 3273//4877 3288//4879 3207//4878
f 3288//4880 3289//4881 3287//4881
f 3276//4882 3289//5238 3288//4883
f 3291//4885 3238//5239 3235//4885
f 3289//4887 3291//4889 3290//4888
f 3291//4890 3283//5240 3241//4891
f 3289//4893 3276//4893 3283//4894
f 3285//4895 3292//4897 3222//4896
f 3287//4898 3290//4898 3292//4899
f 3292//4900 3233//5241 3225//4901
f 3290//4903 3235//4905 3233//4904
f 3293//4906 3294//4907 2252//4907
f 3295//4908 3293//4908 2248//4908
f 3296//4909 3297//5068 3294//4909
f 3298//4910 3296//4912 3293//4911
f 3299//4913 3295//4913 2251//4913
f 3300//4913 3299//4913 2263//4913
f 3301//4914 3298//4914 3295//4914
f 3302//4914 3301//4914 3299//4914
f 2273//4915 3303//4915 3300//4916
f 2276//4917 3304//4917 3303//4918
f 3303//4919 3305//4921 3302//4920
f 3304//4922 3306//4922 3305//4922
f 3307//4923 3308//4924 2285//4924
f 3309//4926 3310//4926 3308//4927
f 3308//4928 3311//4928 2286//4929
f 3310//4930 3312//4930 3311//4930
f 3314//4931 2299//4931 2302//4931
f 3316//4932 3314//4932 3313//4932
f 3307//4931 2290//4931 2299//4931
f 3309//4932 3307//4932 3314//4932
f 3318//4933 2309//4934 2312//4934
f 3320//4935 3318//5242 3317//4935
f 3313//4936 2302//5070 2309//4937
f 3315//4939 3313//4939 3318//4940
f 3322//4941 2320//4941 2325//4942
f 3324//4943 3322//4948 3321//4944
f 3325//4946 2321//5243 2320//4941
f 3326//4947 3325//5244 3322//4948
f 3327//4949 3328//4949 3306//4949
f 2336//4950 3327//4951 3304//4951
f 3325//4952 3326//5245 3328//4952
f 2321//4953 3325//4953 3327//4953
f 3329//4954 3330//4959 3331//4955
f 2351//4957 2347//4958 3330//4958
f 3330//4959 3333//4960 3334//4960
f 2347//4958 2350//5246 3333//4961
f 3294//4962 3335//4962 2354//4962
f 3297//4963 3336//4963 3335//4963
f 3335//4964 3333//4964 2350//4965
f 3336//4967 3334//4967 3333//4968
f 3337//4969 3338//4970 3339//4970
f 3332//4971 3331//4975 3338//4972
f 3338//4970 3341//4974 3342//4974
f 3331//4975 3334//5247 3341//4976
f 3343//4977 3336//4977 3297//4977
f 3344//4978 3343//4979 3296//4979
f 3341//4980 3334//4980 3336//4980
f 3342//4981 3341//5091 3343//4982
f 3346//4983 3347//4983 3348//4984
f 3339//4983 3346//4983 3345//4984
f 3349//4985 3350//4985 3347//4983
f 3342//4985 3349//4985 3346//4983
f 3351//4986 3344//4986 3298//4986
f 3352//4986 3351//4986 3301//4986
f 3349//4987 3342//4987 3344//4987
f 3350//4987 3349//4987 3351//4987
f 3354//4988 3324//4988 3323//4989
f 3347//4991 3354//4991 3353//4992
f 3355//4993 3326//4993 3324//4988
f 3350//4994 3355//4994 3354//4991
f 3305//4995 3356//4995 3352//4995
f 3306//4997 3328//4997 3356//4997
f 3356//4998 3355//5088 3350//4999
f 3328//5001 3326//5001 3355//5001
f 2524//5002 3357//5004 3321//4942
f 2525//5003 3358//5248 3357//5004
f 3357//5005 3359//5249 3323//4945
f 3358//5006 3360//5250 3359//5007
f 3311//5008 3361//5008 2527//5008
f 3312//5009 3362//5009 3361//5009
f 3361//5010 3358//5251 2525//5011
f 3362//5013 3360//5014 3358//5014
f 3329//4957 3363//5018 2542//5016
f 3332//4956 3364//5252 3363//5017
f 3363//5018 3365//5253 2540//5019
f 3364//5020 3366//5022 3365//5021
f 3367//5023 3368//5024 3319//5023
f 2539//5025 3367//5025 3317//5025
f 3365//5026 3366//5027 3368//5027
f 2540//5028 3365//5029 3367//5029
f 3337//4973 3369//5117 3364//5030
f 3340//4969 3370//5115 3369//5031
f 3371//5032 3366//5254 3364//5033
f 3372//5035 3371//5255 3369//5035
f 3320//5037 3373//5039 3374//5038
f 3319//5040 3368//5040 3373//5041
f 3373//5042 3371//5044 3372//5043
f 3368//5045 3366//5119 3371//5045
f 3375//5046 3370//5046 3340//4984
f 3376//5046 3375//5046 3345//4984
f 3377//5047 3372//5047 3370//5047
f 3378//5047 3377//5047 3375//5047
f 3379//5048 3380//5048 3309//5048
f 3374//5048 3379//5048 3316//5048
f 3377//5049 3378//5049 3380//5049
f 3372//5049 3377//5049 3379//5049
f 3381//5050 3376//5256 3348//4992
f 3359//5051 3381//5257 3353//4990
f 3381//5052 3382//5109 3378//5052
f 3359//5054 3360//5056 3382//5055
f 3383//5057 3362//5057 3312//5057
f 3380//5058 3383//5060 3310//5059
f 3382//5061 3360//5061 3362//5062
f 3378//5063 3382//5258 3383//5064
f 3385//4918 2652//4917 2657//4917
f 3387//5066 3385//5066 3384//5066
f 3388//4916 2653//4915 2652//4915
f 3389//4920 3388//4921 3385//4919
f 3390//4913 2664//4913 2653//4913
f 3391//4914 3390//4914 3388//4914
f 3392//4913 2665//4913 2664//4913
f 3393//4914 3392//4914 3390//4914
f 3392//5067 3394//4908 2672//4908
f 3393//4910 3395//4912 3394//4912
f 3394//4906 3396//4907 2673//4907
f 3395//5068 3397//5068 3396//5068
f 2678//5069 3398//5069 3399//4936
f 2681//4934 3400//4933 3398//4933
f 3398//4939 3401//4939 3402//4939
f 3400//5071 3403//5071 3401//5071
f 3404//4931 3405//4931 2695//4931
f 3399//4931 3404//4931 2693//4931
f 3406//4932 3407//4932 3405//4932
f 3402//4932 3406//4932 3404//4932
f 3408//5072 3409//4928 2705//4929
f 3405//4925 3408//4925 2703//4924
f 3410//5073 3411//5073 3409//5073
f 3407//4926 3410//4926 3408//4926
f 3412//5075 3413//5076 2717//5076
f 3414//5077 3412//5075 2713//5075
f 3415//4955 3416//4956 3413//4954
f 3417//5078 3415//4955 3412//4959
f 3419//4963 3396//4963 3397//4963
f 3414//4968 3419//4968 3418//4968
f 2728//5079 2673//5080 3396//5080
f 2716//4964 2728//4966 3419//4964
f 3420//4943 3421//4948 3422//4944
f 3424//4947 3425//5244 3421//4948
f 3421//4941 2737//4941 2740//4942
f 3425//4946 2738//5243 2737//4941
f 2741//5081 3426//5081 3384//5081
f 2738//4953 3425//5083 3426//5082
f 3426//4949 3427//4949 3386//4949
f 3425//4952 3424//5245 3427//4952
f 3428//4991 3429//4991 3430//4992
f 3432//4994 3433//4994 3429//4991
f 3429//4988 3420//5086 3423//5084
f 3433//4993 3424//4993 3420//5086
f 3434//4997 3387//4997 3386//4997
f 3433//5001 3434//5001 3427//5001
f 3435//4995 3389//5259 3387//4996
f 3432//4999 3435//5000 3434//5087
f 3437//4983 3438//4984 3439//4984
f 3441//4985 3437//4983 3436//4983
f 3428//4983 3431//4984 3438//4984
f 3432//4985 3428//4983 3437//4983
f 3442//4986 3391//4986 3389//4986
f 3441//4987 3442//4987 3435//4987
f 3443//4986 3393//4986 3391//4986
f 3440//4987 3443//4987 3442//4987
f 3444//4972 3445//5116 3416//5089
f 3446//4976 3444//4972 3415//4972
f 3436//4970 3439//4969 3445//4969
f 3440//4974 3436//4970 3444//4970
f 3443//4979 3447//4979 3395//4979
f 3440//5090 3446//5091 3447//5091
f 3447//4977 3418//4977 3397//4977
f 3446//4980 3417//4980 3418//4980
f 3413//5076 3448//5094 2854//5093
f 3416//4956 3449//5260 3448//5017
f 3448//5094 3450//5095 2856//5095
f 3449//5020 3451//5096 3450//5096
f 2858//5097 3452//5097 3400//5097
f 2856//5098 3450//5029 3452//5029
f 3452//5023 3453//5023 3403//5023
f 3450//5099 3451//5100 3453//5100
f 2870//5002 3454//5004 3422//4942
f 2868//5003 3455//5248 3454//5004
f 3454//5005 3456//5249 3423//4945
f 3455//5101 3457//5250 3456//5102
f 3459//5009 3409//5261 3411//5009
f 3455//5103 3459//5103 3458//5103
f 2866//5105 2705//5105 3409//5105
f 2868//5106 2866//5106 3459//5107
f 3456//5051 3460//5257 3430//5085
f 3461//5055 3460//5262 3456//5054
f 3460//5050 3462//5256 3431//4992
f 3463//5052 3462//5053 3460//5052
f 3464//5110 3465//5060 3410//5060
f 3463//5111 3461//5263 3465//5112
f 3465//5113 3458//5057 3411//5057
f 3461//5114 3457//5061 3458//5062
f 3466//5046 3438//4984 3431//4984
f 3467//5047 3466//5047 3462//5047
f 3468//5046 3439//4984 3438//4984
f 3469//5047 3468//5047 3466//5047
f 3471//5048 3406//5048 3402//5048
f 3467//5049 3471//5049 3470//5049
f 3464//5048 3407//5048 3406//5048
f 3463//5049 3464//5049 3471//5049
f 3472//5031 3445//4969 3439//4969
f 3469//5035 3473//5255 3472//5035
f 3449//5030 3416//5089 3445//5116
f 3473//5032 3451//5264 3449//5033
f 3474//5040 3401//5040 3403//5040
f 3473//5045 3474//5045 3453//5045
f 3470//5120 3402//5039 3401//5121
f 3469//5122 3470//5265 3474//5044
