# Blender v3.0.0 OBJ File: ''
# www.blender.org
mtllib knot.mtl
o texturedknot
v 0.022563 0.143443 -0.382784
v 0.037524 0.157425 -0.397779
v 0.054346 0.196587 -0.370540
v 0.038181 0.177602 -0.348903
v 0.048162 0.243629 -0.353004
v 0.031099 0.221123 -0.324115
v 0.020627 0.285945 -0.349871
v 0.003216 0.262345 -0.315062
v -0.020880 0.312198 -0.361981
v -0.037999 0.290221 -0.324169
v -0.065237 0.315353 -0.386087
v -0.081500 0.297284 -0.348997
v -0.100560 0.294564 -0.415732
v -0.115633 0.281639 -0.382892
v -0.117382 0.255402 -0.442971
v -0.131250 0.247480 -0.416773
v -0.111198 0.208360 -0.460507
v -0.124169 0.203959 -0.441561
v -0.083663 0.166043 -0.463640
v -0.096285 0.162738 -0.450615
v -0.042156 0.139790 -0.451530
v -0.055071 0.134861 -0.441507
v 0.002201 0.136636 -0.427424
v -0.011569 0.127799 -0.416679
v 0.051706 0.168058 -0.417044
v 0.070586 0.211225 -0.398636
v 0.065942 0.260808 -0.389770
v 0.039018 0.303522 -0.392823
v -0.002970 0.327922 -0.406976
v -0.048773 0.327469 -0.428437
v -0.086117 0.302285 -0.451455
v -0.104997 0.259118 -0.469863
v -0.100353 0.209535 -0.478728
v -0.073429 0.166821 -0.475676
v -0.031441 0.142421 -0.461523
v 0.014362 0.142874 -0.440062
v 0.064419 0.173595 -0.441341
v 0.085872 0.218779 -0.433806
v 0.083143 0.269279 -0.434788
v 0.056962 0.311563 -0.444026
v 0.014346 0.334301 -0.459042
v -0.033288 0.331400 -0.475815
v -0.073175 0.303638 -0.489849
v -0.094628 0.258454 -0.497384
v -0.091898 0.207953 -0.496401
v -0.065718 0.165670 -0.487164
v -0.023101 0.142932 -0.472147
v 0.024532 0.145833 -0.455375
v 0.074664 0.171990 -0.470924
v 0.098471 0.216391 -0.475448
v 0.097468 0.265681 -0.486767
v 0.071924 0.306654 -0.501847
v 0.028684 0.328331 -0.516647
v -0.020667 0.324903 -0.527203
v -0.062905 0.297289 -0.530684
v -0.086712 0.252888 -0.526160
v -0.085709 0.203598 -0.514841
v -0.060165 0.162625 -0.499761
v -0.016924 0.140948 -0.484961
v 0.032427 0.144376 -0.474406
v 0.081095 0.161174 -0.505345
v 0.106250 0.201908 -0.521672
v 0.106197 0.247886 -0.542761
v 0.080950 0.286786 -0.562962
v 0.037275 0.308186 -0.576860
v -0.013126 0.306351 -0.580733
v -0.056749 0.281774 -0.573543
v -0.081904 0.241039 -0.557215
v -0.081851 0.195062 -0.536126
v -0.056604 0.156162 -0.515926
v -0.012929 0.134762 -0.502027
v 0.037472 0.136596 -0.498154
v 0.082085 0.139389 -0.543377
v 0.107215 0.174346 -0.569933
v 0.107068 0.215531 -0.599300
v 0.081684 0.251909 -0.623610
v 0.037865 0.273731 -0.636349
v -0.012649 0.275152 -0.634105
v -0.056321 0.255789 -0.617477
v -0.081451 0.220832 -0.590922
v -0.081304 0.179647 -0.561555
v -0.055920 0.143270 -0.537245
v -0.012101 0.121447 -0.524505
v 0.038413 0.120026 -0.526750
v 0.075967 0.105692 -0.582904
v 0.099804 0.133827 -0.617530
v 0.098609 0.169556 -0.653316
v 0.072704 0.203307 -0.680673
v 0.029029 0.226036 -0.692273
v -0.020714 0.231652 -0.685005
v -0.063195 0.218651 -0.660818
v -0.087032 0.190517 -0.626193
v -0.085838 0.154788 -0.590407
v -0.059932 0.121037 -0.563049
v -0.016257 0.098308 -0.551450
v 0.033486 0.092692 -0.558717
v 0.061412 0.060469 -0.621023
v 0.082987 0.081520 -0.661644
v 0.080032 0.111728 -0.702109
v 0.053338 0.142998 -0.731576
v 0.010059 0.166952 -0.742149
v -0.038209 0.177171 -0.730996
v -0.078533 0.170916 -0.701104
v -0.100108 0.149865 -0.660484
v -0.097153 0.119657 -0.620018
v -0.070460 0.088387 -0.590551
v -0.027181 0.064434 -0.579978
v 0.021088 0.054215 -0.591131
v 0.037920 0.005878 -0.654342
v 0.056506 0.019940 -0.699237
v 0.051278 0.044827 -0.742963
v 0.023638 0.073869 -0.773805
v -0.019008 0.099286 -0.783498
v -0.065234 0.114266 -0.769446
v -0.102652 0.114796 -0.735413
v -0.121238 0.100734 -0.690519
v -0.116010 0.075847 -0.646792
v -0.088370 0.046805 -0.615950
v -0.045724 0.021388 -0.606257
v 0.000501 0.006408 -0.620309
v 0.006168 -0.054205 -0.679639
v 0.021140 -0.046985 -0.727413
v 0.013233 -0.027175 -0.773280
v -0.015435 -0.000083 -0.804948
v -0.057182 0.027030 -0.813933
v -0.100821 0.046901 -0.797828
v -0.134661 0.054205 -0.760947
v -0.149633 0.046985 -0.713172
v -0.141725 0.027175 -0.667306
v -0.113058 0.000084 -0.635638
v -0.071311 -0.027030 -0.626653
v -0.027672 -0.046901 -0.642758
v -0.031952 -0.114801 -0.694593
v -0.021243 -0.114351 -0.744028
v -0.032225 -0.099428 -0.791095
v -0.061957 -0.074031 -0.823185
v -0.102470 -0.044965 -0.831697
v -0.142910 -0.020017 -0.814351
v -0.172441 -0.005873 -0.775796
v -0.183151 -0.006323 -0.726361
v -0.172168 -0.021245 -0.679293
v -0.142437 -0.046643 -0.647204
v -0.101924 -0.075709 -0.638692
v -0.061483 -0.100657 -0.656038
v -0.073729 -0.170926 -0.698325
v -0.068070 -0.177261 -0.748190
v -0.082591 -0.167100 -0.795566
v -0.113402 -0.143164 -0.827760
v -0.152246 -0.111867 -0.836145
v -0.188715 -0.081595 -0.818474
v -0.213038 -0.060459 -0.779482
v -0.218697 -0.054124 -0.729617
v -0.204175 -0.064285 -0.682241
v -0.173365 -0.088221 -0.650047
v -0.134521 -0.119518 -0.641662
v -0.098051 -0.149790 -0.659333
v -0.116301 -0.218674 -0.691460
v -0.116673 -0.231753 -0.740322
v -0.135301 -0.226188 -0.787020
v -0.167195 -0.203470 -0.819041
v -0.203807 -0.169686 -0.827806
v -0.235329 -0.133888 -0.810965
v -0.253313 -0.105669 -0.773032
v -0.252941 -0.092590 -0.724171
v -0.234313 -0.098155 -0.677473
v -0.202419 -0.120873 -0.645452
v -0.165807 -0.154657 -0.636687
v -0.134285 -0.190455 -0.653527
v -0.157275 -0.255810 -0.675739
v -0.164802 -0.275243 -0.721830
v -0.188174 -0.273868 -0.766668
v -0.221130 -0.252054 -0.798240
v -0.254837 -0.215647 -0.808085
v -0.280266 -0.174400 -0.793566
v -0.290601 -0.139367 -0.758572
v -0.283074 -0.119935 -0.712481
v -0.259701 -0.121310 -0.667642
v -0.226746 -0.143123 -0.636071
v -0.193038 -0.179531 -0.626226
v -0.167610 -0.220777 -0.640745
v -0.195121 -0.281800 -0.653393
v -0.210805 -0.306427 -0.694698
v -0.239422 -0.308292 -0.736366
v -0.273306 -0.286893 -0.767232
v -0.303377 -0.247965 -0.779023
v -0.321577 -0.201939 -0.768583
v -0.323031 -0.161147 -0.738706
v -0.307347 -0.136520 -0.697401
v -0.278730 -0.134656 -0.655733
v -0.244846 -0.156054 -0.624867
v -0.214775 -0.194982 -0.613076
v -0.196574 -0.241008 -0.623516
v -0.229172 -0.297316 -0.626623
v -0.253407 -0.324950 -0.661375
v -0.287284 -0.328385 -0.698781
v -0.321726 -0.306701 -0.728818
v -0.347504 -0.265708 -0.743438
v -0.357711 -0.216390 -0.738723
v -0.349613 -0.171962 -0.715936
v -0.325378 -0.144328 -0.681184
v -0.291501 -0.140893 -0.643778
v -0.257059 -0.162577 -0.613741
v -0.231280 -0.203570 -0.599122
v -0.221073 -0.252888 -0.603837
v -0.259420 -0.303666 -0.597299
v -0.291603 -0.331412 -0.624742
v -0.329990 -0.334293 -0.657557
v -0.364294 -0.311538 -0.686951
v -0.385325 -0.269243 -0.705049
v -0.387447 -0.218742 -0.707001
v -0.370092 -0.173567 -0.692284
v -0.337909 -0.145821 -0.664842
v -0.299522 -0.142939 -0.632027
v -0.265217 -0.165695 -0.602632
v -0.244186 -0.207989 -0.584534
v -0.242064 -0.258490 -0.582582
v -0.286214 -0.302308 -0.566884
v -0.324888 -0.327446 -0.587644
v -0.366404 -0.327860 -0.616540
v -0.399635 -0.303438 -0.645830
v -0.415678 -0.260724 -0.667666
v -0.410234 -0.211163 -0.676196
v -0.384762 -0.168035 -0.669136
v -0.346087 -0.142897 -0.648376
v -0.304572 -0.142483 -0.619480
v -0.271341 -0.166905 -0.590190
v -0.255298 -0.209619 -0.568354
v -0.260742 -0.259180 -0.559823
v -0.309933 -0.294575 -0.536514
v -0.353313 -0.315306 -0.552232
v -0.396379 -0.312107 -0.578571
v -0.427592 -0.285833 -0.608472
v -0.438588 -0.243525 -0.633925
v -0.426421 -0.196521 -0.648108
v -0.394351 -0.157413 -0.647222
v -0.350971 -0.136682 -0.631504
v -0.307905 -0.139882 -0.605165
v -0.276692 -0.166155 -0.575263
v -0.265696 -0.208463 -0.549811
v -0.277863 -0.255468 -0.535627
v -0.330847 -0.281639 -0.507035
v -0.377296 -0.297220 -0.519621
v -0.420543 -0.290112 -0.544876
v -0.449000 -0.262218 -0.576034
v -0.455042 -0.221014 -0.604745
v -0.437051 -0.177539 -0.623317
v -0.399846 -0.143443 -0.626774
v -0.353397 -0.127862 -0.614188
v -0.310150 -0.134971 -0.588933
v -0.281693 -0.162864 -0.557775
v -0.275651 -0.204069 -0.529064
v -0.293642 -0.247543 -0.510491
v -0.348965 -0.264558 -0.479092
v -0.397183 -0.275091 -0.490168
v -0.439649 -0.264429 -0.515500
v -0.464982 -0.235429 -0.548301
v -0.466395 -0.195860 -0.579781
v -0.443509 -0.156326 -0.601505
v -0.402457 -0.127419 -0.607653
v -0.354239 -0.116886 -0.596577
v -0.311774 -0.127547 -0.571245
v -0.286440 -0.156548 -0.538445
v -0.285027 -0.196117 -0.506965
v -0.307913 -0.235651 -0.485240
v -0.364224 -0.244356 -0.453051
v -0.413291 -0.250449 -0.463724
v -0.454451 -0.236927 -0.489834
v -0.476673 -0.207412 -0.524384
v -0.474005 -0.169813 -0.558116
v -0.447160 -0.134206 -0.581993
v -0.403332 -0.110130 -0.589617
v -0.354264 -0.104037 -0.578944
v -0.313105 -0.117559 -0.552834
v -0.290882 -0.147074 -0.518284
v -0.293551 -0.184672 -0.484551
v -0.320396 -0.220280 -0.460674
v -0.376608 -0.222005 -0.429024
v -0.425948 -0.224479 -0.439890
v -0.465658 -0.208867 -0.467058
v -0.485097 -0.179353 -0.503248
v -0.479056 -0.143844 -0.538762
v -0.449155 -0.111855 -0.564086
v -0.403404 -0.091958 -0.572433
v -0.354064 -0.089483 -0.561567
v -0.314354 -0.105095 -0.534399
v -0.294915 -0.134610 -0.498209
v -0.300956 -0.170119 -0.462695
v -0.330858 -0.202107 -0.437371
v -0.386260 -0.198342 -0.406915
v -0.435572 -0.198020 -0.418182
v -0.473951 -0.180999 -0.446395
v -0.491114 -0.151838 -0.483995
v -0.482461 -0.118352 -0.520907
v -0.450313 -0.089513 -0.547240
v -0.403282 -0.073048 -0.555939
v -0.353970 -0.073370 -0.544672
v -0.315591 -0.090391 -0.516458
v -0.298429 -0.119552 -0.478858
v -0.307081 -0.153038 -0.441946
v -0.339229 -0.181877 -0.415613
v -0.393437 -0.174037 -0.386525
v -0.442607 -0.171644 -0.398156
v -0.479924 -0.153735 -0.427231
v -0.495389 -0.125108 -0.465961
v -0.484858 -0.093433 -0.503967
v -0.451152 -0.067197 -0.531065
v -0.403305 -0.053431 -0.539996
v -0.354135 -0.055823 -0.528365
v -0.316818 -0.073733 -0.499290
v -0.301353 -0.102360 -0.460560
v -0.311884 -0.134035 -0.422554
v -0.345589 -0.160271 -0.395456
v -0.398530 -0.149532 -0.367581
v -0.447553 -0.145622 -0.379419
v -0.484112 -0.127166 -0.409109
v -0.498411 -0.099111 -0.448695
v -0.486620 -0.068974 -0.487571
v -0.451896 -0.044829 -0.515320
v -0.403546 -0.033147 -0.524507
v -0.354523 -0.037058 -0.512669
v -0.317963 -0.055513 -0.482979
v -0.303664 -0.083569 -0.443392
v -0.315456 -0.113706 -0.404516
v -0.350179 -0.137850 -0.376767
v -0.401891 -0.125161 -0.349851
v -0.450812 -0.120142 -0.361693
v -0.486907 -0.101333 -0.391726
v -0.500505 -0.073774 -0.431904
v -0.487963 -0.044850 -0.471461
v -0.452640 -0.022310 -0.499797
v -0.404002 -0.012194 -0.509319
v -0.355081 -0.017213 -0.497477
v -0.318986 -0.036021 -0.467443
v -0.305388 -0.063580 -0.427265
v -0.317931 -0.092505 -0.387709
v -0.353253 -0.115045 -0.359373
v -0.403914 -0.101081 -0.333073
v -0.452784 -0.095211 -0.344733
v -0.488642 -0.076116 -0.374870
v -0.501881 -0.048913 -0.415408
v -0.488953 -0.020891 -0.455487
v -0.453323 0.000442 -0.484366
v -0.404536 0.009370 -0.494308
v -0.355666 0.003499 -0.482649
v -0.319808 -0.015595 -0.452512
v -0.306569 -0.042798 -0.411973
v -0.319496 -0.070820 -0.371895
v -0.355127 -0.092153 -0.343015
v -0.404920 -0.077408 -0.317035
v -0.453778 -0.070825 -0.328361
v -0.489554 -0.051413 -0.358392
v -0.502664 -0.024374 -0.399082
v -0.489593 0.003048 -0.439528
v -0.453845 0.023505 -0.468893
v -0.404998 0.031514 -0.479307
v -0.356140 0.024931 -0.467982
v -0.320364 0.005519 -0.437950
v -0.307254 -0.021520 -0.397260
v -0.320325 -0.048942 -0.356815
v -0.356073 -0.069398 -0.327450
v -0.405198 -0.054198 -0.301526
v -0.454058 -0.046932 -0.312417
v -0.489826 -0.027091 -0.342177
v -0.502917 0.000009 -0.382832
v -0.489826 0.027107 -0.423489
v -0.454058 0.046941 -0.453254
v -0.405198 0.054198 -0.464151
v -0.356338 0.046932 -0.453260
v -0.320571 0.027091 -0.423500
v -0.307479 -0.000010 -0.382845
v -0.320571 -0.027107 -0.342188
v -0.356338 -0.046942 -0.312423
v -0.404999 -0.031521 -0.286374
v -0.453846 -0.023500 -0.296782
v -0.489593 -0.003035 -0.326141
v -0.502663 0.024393 -0.366583
v -0.489553 0.051433 -0.407273
v -0.453776 0.070840 -0.437307
v -0.404919 0.077414 -0.448637
v -0.356072 0.069394 -0.438229
v -0.320324 0.048928 -0.408870
v -0.307255 0.021501 -0.368428
v -0.320365 -0.005539 -0.327738
v -0.356141 -0.024946 -0.297704
v -0.404542 -0.009382 -0.271377
v -0.453327 -0.000442 -0.281314
v -0.488956 0.020903 -0.310187
v -0.501881 0.048934 -0.350260
v -0.488639 0.076140 -0.390796
v -0.452779 0.095231 -0.420933
v -0.403908 0.101093 -0.432595
v -0.355123 0.092153 -0.422659
v -0.319494 0.070808 -0.393785
v -0.306569 0.042777 -0.353712
v -0.319811 0.015571 -0.313176
v -0.355671 -0.003521 -0.283040
v -0.404014 0.012176 -0.256370
v -0.452650 0.022307 -0.265889
v -0.487968 0.044864 -0.294218
v -0.500504 0.073801 -0.333768
v -0.486900 0.101365 -0.373940
v -0.450801 0.120170 -0.403971
v -0.401879 0.125178 -0.415814
v -0.353243 0.115047 -0.406295
v -0.317926 0.092490 -0.377966
v -0.305389 0.063553 -0.338417
v -0.318993 0.035989 -0.298244
v -0.355093 0.017184 -0.268213
v -0.403569 0.033123 -0.241189
v -0.451915 0.044828 -0.250371
v -0.486629 0.068995 -0.278112
v -0.498408 0.099150 -0.316979
v -0.484098 0.127211 -0.356556
v -0.447531 0.145661 -0.386241
v -0.398507 0.149556 -0.398078
v -0.350160 0.137851 -0.388895
v -0.315447 0.113684 -0.361154
v -0.303667 0.083529 -0.322288
v -0.317978 0.055468 -0.282710
v -0.354544 0.037018 -0.253025
v -0.403340 0.053404 -0.225704
v -0.451180 0.067196 -0.234634
v -0.484871 0.093458 -0.261725
v -0.495383 0.125152 -0.299720
v -0.479902 0.153787 -0.338438
v -0.442574 0.171690 -0.367503
v -0.393402 0.174063 -0.379129
v -0.345562 0.160271 -0.370199
v -0.311871 0.134010 -0.343108
v -0.301359 0.102315 -0.305113
v -0.316840 0.073680 -0.266395
v -0.354168 0.055778 -0.237330
v -0.403337 0.073017 -0.209771
v -0.450354 0.089522 -0.218466
v -0.482478 0.118399 -0.244787
v -0.491101 0.151911 -0.281683
v -0.473913 0.181077 -0.319266
v -0.435518 0.198083 -0.347467
v -0.386206 0.198373 -0.358730
v -0.339188 0.181868 -0.350035
v -0.307064 0.152991 -0.323714
v -0.298441 0.119479 -0.286818
v -0.315629 0.090313 -0.249234
v -0.354024 0.073306 -0.221033
v -0.403469 0.091931 -0.193280
v -0.449201 0.111873 -0.201621
v -0.479071 0.143902 -0.226930
v -0.485077 0.179435 -0.262426
v -0.465609 0.208952 -0.298598
v -0.425883 0.224543 -0.325754
v -0.376544 0.222031 -0.336617
v -0.330812 0.202089 -0.328276
v -0.300941 0.170060 -0.302967
v -0.294935 0.134527 -0.267471
v -0.314403 0.105010 -0.231299
v -0.354129 0.089419 -0.204143
v -0.403408 0.110109 -0.176102
v -0.447210 0.134236 -0.183714
v -0.474015 0.169888 -0.207570
v -0.476641 0.207509 -0.241280
v -0.454385 0.237021 -0.275811
v -0.413209 0.250515 -0.301910
v -0.364148 0.244376 -0.312584
v -0.320346 0.220249 -0.304973
v -0.293541 0.184597 -0.281116
v -0.290915 0.146976 -0.247406
v -0.313171 0.117464 -0.212875
v -0.354347 0.103970 -0.186776
v -0.402556 0.127406 -0.158079
v -0.443567 0.156376 -0.164205
v -0.466396 0.195960 -0.185898
v -0.464926 0.235552 -0.217347
v -0.439551 0.264543 -0.250123
v -0.397070 0.275164 -0.275446
v -0.348866 0.264571 -0.286529
v -0.307855 0.235601 -0.280403
v -0.285027 0.196016 -0.258710
v -0.286497 0.156424 -0.227262
v -0.311872 0.127434 -0.194485
v -0.354353 0.116812 -0.169163
v -0.399940 0.143443 -0.138957
v -0.437091 0.177601 -0.142372
v -0.455019 0.221121 -0.160899
v -0.448919 0.262343 -0.189574
v -0.420426 0.290219 -0.220714
v -0.377174 0.297282 -0.245975
v -0.330754 0.281639 -0.258588
v -0.293602 0.247481 -0.255173
v -0.275675 0.203961 -0.236646
v -0.281775 0.162739 -0.207971
v -0.310268 0.134863 -0.176831
v -0.353519 0.127800 -0.151570
v -0.394435 0.157424 -0.118505
v -0.426437 0.196587 -0.117555
v -0.438531 0.243628 -0.131678
v -0.427478 0.285945 -0.157090
v -0.396238 0.312198 -0.186983
v -0.353183 0.315352 -0.213345
v -0.309849 0.294564 -0.229114
v -0.277848 0.255402 -0.230064
v -0.265753 0.208360 -0.215941
v -0.276807 0.166043 -0.190528
v -0.308046 0.139790 -0.160636
v -0.351101 0.136636 -0.134274
v -0.384848 0.168059 -0.096593
v -0.410229 0.211227 -0.089447
v -0.415582 0.260810 -0.097902
v -0.399475 0.303524 -0.119690
v -0.366222 0.327923 -0.148976
v -0.324734 0.327469 -0.177911
v -0.286128 0.302284 -0.198742
v -0.260748 0.259116 -0.205887
v -0.255394 0.209533 -0.197433
v -0.271501 0.166819 -0.175644
v -0.304754 0.142420 -0.146359
v -0.346242 0.142874 -0.117424
v -0.370152 0.173592 -0.073429
v -0.387406 0.218776 -0.058617
v -0.385193 0.269276 -0.060489
v -0.364107 0.311561 -0.078545
v -0.329798 0.334300 -0.107946
v -0.291458 0.331402 -0.140814
v -0.259360 0.303641 -0.168343
v -0.242107 0.258457 -0.183155
v -0.244319 0.207957 -0.181282
v -0.265406 0.165672 -0.163226
v -0.299715 0.142933 -0.133825
v -0.338055 0.145831 -0.100957
v -0.349658 0.171988 -0.049766
v -0.357649 0.216390 -0.026891
v -0.347351 0.265682 -0.022104
v -0.321523 0.306656 -0.036688
v -0.287086 0.328333 -0.066736
v -0.253267 0.324906 -0.104195
v -0.229128 0.297291 -0.139029
v -0.221137 0.252889 -0.161904
v -0.231435 0.203597 -0.166691
v -0.257263 0.162623 -0.152107
v -0.291700 0.140946 -0.122060
v -0.325519 0.144373 -0.084601
v -0.323071 0.161176 -0.026990
v -0.321504 0.201909 0.002961
v -0.303210 0.247884 0.013462
v -0.273091 0.286783 0.001699
v -0.239216 0.308182 -0.029176
v -0.210663 0.306348 -0.070889
v -0.195083 0.281773 -0.112265
v -0.196649 0.241040 -0.142216
v -0.214943 0.195065 -0.152717
v -0.245063 0.156166 -0.140954
v -0.278937 0.134766 -0.110080
v -0.307490 0.136600 -0.068366
v -0.290633 0.139395 -0.007117
v -0.280196 0.174349 0.027925
v -0.254685 0.215531 0.042483
v -0.220935 0.251905 0.032657
v -0.187991 0.273725 0.001079
v -0.164678 0.275145 -0.043790
v -0.157244 0.255785 -0.089926
v -0.167681 0.220831 -0.124968
v -0.193193 0.179649 -0.139527
v -0.226942 0.143275 -0.129700
v -0.259887 0.121455 -0.098122
v -0.283200 0.120035 -0.053254
v -0.253330 0.105687 0.007351
v -0.235264 0.133823 0.045307
v -0.203678 0.169555 0.062165
v -0.167036 0.203310 0.053408
v -0.135156 0.226041 0.021383
v -0.116580 0.231660 -0.025329
v -0.116286 0.218659 -0.074212
v -0.134353 0.190523 -0.112168
v -0.165938 0.154791 -0.129026
v -0.202580 0.121036 -0.120269
v -0.234460 0.098305 -0.088244
v -0.253036 0.092686 -0.041532
v -0.213044 0.060466 0.013805
v -0.188654 0.081519 0.052800
v -0.152134 0.111728 0.070473
v -0.113269 0.143001 0.062089
v -0.082474 0.166956 0.029895
v -0.068000 0.177176 -0.017484
v -0.073725 0.170922 -0.067351
v -0.098116 0.149869 -0.106346
v -0.134636 0.119660 -0.124019
v -0.173500 0.088388 -0.115635
v -0.204295 0.064432 -0.083441
v -0.218769 0.054212 -0.036063
v -0.172449 0.005884 0.010121
v -0.142862 0.019945 0.048663
v -0.102378 0.044830 0.065999
v -0.061847 0.073870 0.057483
v -0.032127 0.099285 0.025396
v -0.021183 0.114264 -0.021662
v -0.031947 0.114794 -0.071084
v -0.061535 0.100732 -0.109627
v -0.102018 0.075848 -0.126962
v -0.142549 0.046808 -0.118446
v -0.172269 0.021393 -0.086360
v -0.183213 0.006414 -0.039301
v -0.134664 -0.054198 -0.004728
v -0.100777 -0.046977 0.032126
v -0.057102 -0.027168 0.048211
v -0.015341 -0.000078 0.039218
v 0.013315 0.027033 0.007556
v 0.021188 0.046901 -0.038291
v 0.006169 0.054202 -0.086038
v -0.027718 0.046981 -0.122892
v -0.071393 0.027172 -0.138977
v -0.113154 0.000082 -0.129984
v -0.141810 -0.027028 -0.098322
v -0.149683 -0.046897 -0.052475
v -0.102648 -0.114805 -0.030268
v -0.065191 -0.114357 0.003723
v -0.018938 -0.099433 0.017746
v 0.023716 -0.074033 0.008044
v 0.051343 -0.044963 -0.022783
v 0.056540 -0.020012 -0.066476
v 0.037914 -0.005865 -0.111327
v 0.000457 -0.006313 -0.145319
v -0.045796 -0.021237 -0.159342
v -0.088450 -0.046637 -0.149640
v -0.116077 -0.075707 -0.118813
v -0.121274 -0.100658 -0.075119
v -0.078528 -0.170930 -0.064583
v -0.038174 -0.177266 -0.034750
v 0.010116 -0.167102 -0.023636
v 0.053400 -0.143163 -0.034219
v 0.080083 -0.111863 -0.063664
v 0.083013 -0.081588 -0.104081
v 0.061406 -0.060452 -0.144640
v 0.021051 -0.054116 -0.174474
v -0.027238 -0.064279 -0.185588
v -0.070523 -0.088218 -0.175004
v -0.097205 -0.119519 -0.145559
v -0.100135 -0.149793 -0.105142
v -0.063193 -0.218657 -0.104864
v -0.020693 -0.231733 -0.080752
v 0.029063 -0.226170 -0.073537
v 0.072743 -0.203458 -0.085153
v 0.098642 -0.169683 -0.112488
v 0.099821 -0.133896 -0.148216
v 0.075964 -0.105684 -0.182764
v 0.033464 -0.092607 -0.206876
v -0.016292 -0.098170 -0.214091
v -0.059972 -0.120882 -0.202475
v -0.085871 -0.154657 -0.175140
v -0.087050 -0.190445 -0.139412
v -0.056317 -0.255813 -0.148229
v -0.012637 -0.275247 -0.131705
v 0.037881 -0.273873 -0.129527
v 0.081700 -0.252058 -0.142280
v 0.107080 -0.215648 -0.166546
v 0.107219 -0.174398 -0.195823
v 0.082081 -0.139363 -0.222267
v 0.038401 -0.119928 -0.238791
v -0.012117 -0.121303 -0.240968
v -0.055936 -0.143118 -0.228215
v -0.081316 -0.179528 -0.203949
v -0.081455 -0.220777 -0.174672
v -0.056746 -0.281802 -0.192178
v -0.013133 -0.306433 -0.185115
v 0.037261 -0.308298 -0.189069
v 0.080933 -0.286899 -0.202980
v 0.106180 -0.247969 -0.223122
v 0.106239 -0.201939 -0.244096
v 0.081092 -0.161144 -0.260284
v 0.037479 -0.136513 -0.267347
v -0.012915 -0.134648 -0.263394
v -0.056587 -0.156047 -0.249482
v -0.081834 -0.194977 -0.229341
v -0.081893 -0.241007 -0.208366
v -0.062904 -0.297318 -0.235051
v -0.020690 -0.324952 -0.238667
v 0.028642 -0.328387 -0.249304
v 0.071876 -0.306702 -0.264113
v 0.097426 -0.265708 -0.279124
v 0.098447 -0.216389 -0.290316
v 0.074664 -0.171960 -0.294690
v 0.032451 -0.144326 -0.291075
v -0.016882 -0.140891 -0.280437
v -0.060116 -0.162576 -0.265629
v -0.085666 -0.203570 -0.250618
v -0.086686 -0.252889 -0.239426
v -0.073175 -0.303668 -0.275910
v -0.033319 -0.331413 -0.290066
v 0.014292 -0.334293 -0.306905
v 0.056901 -0.311536 -0.321915
v 0.083090 -0.269241 -0.331075
v 0.085842 -0.218740 -0.331930
v 0.064421 -0.173565 -0.324251
v 0.024564 -0.145820 -0.310095
v -0.023047 -0.142940 -0.293256
v -0.065655 -0.165697 -0.278246
v -0.091845 -0.207992 -0.269086
v -0.094597 -0.258493 -0.268231
v -0.086118 -0.302305 -0.314302
v -0.048800 -0.327449 -0.337407
v -0.003017 -0.327867 -0.358909
v 0.038965 -0.303448 -0.373047
v 0.065897 -0.260734 -0.376033
v 0.070561 -0.211171 -0.367066
v 0.051708 -0.168039 -0.348550
v 0.014391 -0.142895 -0.325445
v -0.031393 -0.142476 -0.303943
v -0.073375 -0.166895 -0.289805
v -0.100306 -0.209609 -0.286819
v -0.104971 -0.259172 -0.295786
v -0.100560 -0.294577 -0.350051
v -0.065257 -0.315305 -0.379761
v -0.020913 -0.312103 -0.403887
v 0.020589 -0.285828 -0.415963
v 0.048130 -0.243521 -0.412755
v 0.054329 -0.196518 -0.395122
v 0.037526 -0.157413 -0.367789
v 0.002222 -0.136684 -0.338079
v -0.042122 -0.139887 -0.313953
v -0.083624 -0.166161 -0.301876
v -0.111164 -0.208468 -0.305084
v -0.117364 -0.255472 -0.322718
v -0.115632 -0.281640 -0.382892
v -0.081509 -0.297222 -0.416825
v -0.038014 -0.290114 -0.441652
v 0.003198 -0.262220 -0.450719
v 0.031084 -0.221016 -0.441597
v 0.038173 -0.177540 -0.416731
v 0.022564 -0.143444 -0.382783
v -0.011559 -0.127862 -0.348850
v -0.055054 -0.134970 -0.324023
v -0.096266 -0.162864 -0.314956
v -0.124152 -0.204068 -0.324077
v -0.131240 -0.247543 -0.348944
v -0.130772 -0.264558 -0.412562
v -0.097070 -0.275090 -0.448782
v -0.053899 -0.264427 -0.472890
v -0.012826 -0.235426 -0.478427
v 0.015143 -0.195858 -0.463908
v 0.022513 -0.156325 -0.433224
v 0.007311 -0.127421 -0.394596
v -0.026391 -0.116889 -0.358376
v -0.069563 -0.127552 -0.334268
v -0.110635 -0.156553 -0.328732
v -0.138604 -0.196120 -0.343251
v -0.145975 -0.235653 -0.373935
v -0.145695 -0.244358 -0.438787
v -0.111919 -0.250452 -0.475945
v -0.068728 -0.236931 -0.498537
v -0.027696 -0.207416 -0.500510
v 0.000183 -0.169817 -0.481334
v 0.007440 -0.134207 -0.446149
v -0.007872 -0.110130 -0.404382
v -0.041648 -0.104035 -0.367225
v -0.084839 -0.117557 -0.344633
v -0.125871 -0.147071 -0.342660
v -0.153750 -0.184671 -0.361835
v -0.161007 -0.220280 -0.397020
v -0.160311 -0.222006 -0.461529
v -0.126232 -0.224480 -0.498827
v -0.082850 -0.208867 -0.519634
v -0.041789 -0.179352 -0.518374
v -0.014053 -0.143843 -0.495386
v -0.007072 -0.111855 -0.456829
v -0.022717 -0.091958 -0.413034
v -0.056797 -0.089484 -0.375736
v -0.100179 -0.105097 -0.354929
v -0.141239 -0.134612 -0.356189
v -0.168976 -0.170121 -0.379177
v -0.175957 -0.202109 -0.417734
v -0.174632 -0.198348 -0.480934
v -0.140220 -0.198030 -0.518007
v -0.096598 -0.181010 -0.537141
v -0.055455 -0.151848 -0.533210
v -0.027814 -0.118358 -0.507266
v -0.021082 -0.089514 -0.466261
v -0.037063 -0.073044 -0.421183
v -0.071475 -0.073362 -0.384111
v -0.115097 -0.090382 -0.364977
v -0.156240 -0.119544 -0.368908
v -0.183881 -0.153034 -0.394852
v -0.190613 -0.181878 -0.435856
v -0.188702 -0.174039 -0.497352
v -0.154046 -0.171646 -0.534121
v -0.110208 -0.153736 -0.551902
v -0.068936 -0.125107 -0.545931
v -0.041287 -0.093431 -0.517809
v -0.034670 -0.067196 -0.475071
v -0.050859 -0.053431 -0.429167
v -0.085515 -0.055824 -0.392399
v -0.129352 -0.073734 -0.374618
v -0.170625 -0.102363 -0.380588
v -0.198273 -0.134038 -0.408710
v -0.204890 -0.160274 -0.451449
v -0.202562 -0.149528 -0.511244
v -0.167797 -0.145617 -0.547778
v -0.123803 -0.127164 -0.564591
v -0.082369 -0.099111 -0.557177
v -0.054597 -0.068977 -0.527524
v -0.047929 -0.044835 -0.483577
v -0.064151 -0.033154 -0.437111
v -0.098917 -0.037064 -0.400577
v -0.142911 -0.055518 -0.383765
v -0.184345 -0.083570 -0.391178
v -0.212116 -0.113705 -0.420831
v -0.218785 -0.137847 -0.464778
v -0.216235 -0.125164 -0.523011
v -0.181519 -0.120146 -0.559457
v -0.137462 -0.101338 -0.575700
v -0.095868 -0.073778 -0.567389
v -0.067883 -0.044852 -0.536749
v -0.061005 -0.022310 -0.491992
v -0.077077 -0.012193 -0.445109
v -0.111793 -0.017210 -0.408664
v -0.155851 -0.036019 -0.392420
v -0.197445 -0.063578 -0.400732
v -0.225430 -0.092504 -0.431371
v -0.232308 -0.115046 -0.476129
v -0.229753 -0.101084 -0.533152
v -0.195223 -0.095211 -0.569646
v -0.151196 -0.076114 -0.585634
v -0.109469 -0.048910 -0.576831
v -0.081224 -0.020887 -0.545596
v -0.074029 0.000445 -0.500299
v -0.089810 0.009370 -0.453077
v -0.124341 0.003498 -0.416582
v -0.168368 -0.015599 -0.400595
v -0.210094 -0.042804 -0.409398
v -0.238339 -0.070826 -0.440633
v -0.245535 -0.092158 -0.485930
v -0.243148 -0.077393 -0.542053
v -0.208909 -0.070811 -0.578700
v -0.165009 -0.051404 -0.594664
v -0.123212 -0.024372 -0.585668
v -0.094716 0.003041 -0.554121
v -0.087158 0.023491 -0.508478
v -0.102562 0.031497 -0.460967
v -0.136801 0.024915 -0.424319
v -0.180701 0.005508 -0.408355
v -0.222498 -0.021524 -0.417352
v -0.250994 -0.048937 -0.448898
v -0.258552 -0.069387 -0.494542
v -0.256426 -0.054211 -0.550035
v -0.222565 -0.046944 -0.586904
v -0.178910 -0.027099 -0.603001
v -0.137159 0.000006 -0.594013
v -0.108498 0.027110 -0.562349
v -0.100608 0.046950 -0.516493
v -0.115603 0.054208 -0.468731
v -0.149464 0.046942 -0.431863
v -0.193118 0.027097 -0.415766
v -0.234869 -0.000009 -0.424753
v -0.263530 -0.027113 -0.456418
v -0.271420 -0.046952 -0.502274
v -0.269653 -0.031524 -0.557443
v -0.236216 -0.023503 -0.594541
v -0.192917 -0.003037 -0.610820
v -0.151359 0.024392 -0.601918
v -0.122676 0.051433 -0.570220
v -0.114555 0.070841 -0.524219
v -0.129172 0.077415 -0.476242
v -0.162609 0.069395 -0.439144
v -0.205908 0.048928 -0.422865
v -0.247466 0.021499 -0.431767
v -0.276148 -0.005542 -0.463465
v -0.284269 -0.024949 -0.509466
v -0.282869 -0.009386 -0.564546
v -0.249870 -0.000446 -0.601826
v -0.207051 0.020900 -0.618245
v -0.165885 0.048933 -0.609401
v -0.137402 0.076140 -0.577666
v -0.129235 0.095233 -0.531542
v -0.143571 0.101094 -0.483388
v -0.176569 0.092154 -0.446107
v -0.219388 0.070808 -0.429689
v -0.260554 0.042776 -0.438532
v -0.289037 0.015569 -0.470268
v -0.297204 -0.003524 -0.516392
v -0.296129 0.012173 -0.571593
v -0.263568 0.022306 -0.608953
v -0.221376 0.044864 -0.625374
v -0.180858 0.073802 -0.616456
v -0.152871 0.101367 -0.584588
v -0.144913 0.120172 -0.538310
v -0.159118 0.125179 -0.490021
v -0.191678 0.115046 -0.452660
v -0.233870 0.092488 -0.436239
v -0.274389 0.063550 -0.445157
v -0.302376 0.035985 -0.477025
v -0.310333 0.017180 -0.523304
v -0.309509 0.033129 -0.578794
v -0.277384 0.044831 -0.616074
v -0.236001 0.068994 -0.632268
v -0.196449 0.099145 -0.623038
v -0.169324 0.127204 -0.590857
v -0.161896 0.145653 -0.544347
v -0.176155 0.149548 -0.495972
v -0.208279 0.137846 -0.458692
v -0.249662 0.113683 -0.442498
v -0.289214 0.083532 -0.451728
v -0.316339 0.055473 -0.483909
v -0.323767 0.037024 -0.530419
v -0.323023 0.053402 -0.586342
v -0.291369 0.067195 -0.623308
v -0.251063 0.093457 -0.638938
v -0.212903 0.125152 -0.629045
v -0.187114 0.153788 -0.596278
v -0.180608 0.171690 -0.549418
v -0.195127 0.174063 -0.501022
v -0.226780 0.160271 -0.464056
v -0.267087 0.134008 -0.448426
v -0.305247 0.102313 -0.458319
v -0.331035 0.073678 -0.491086
v -0.337542 0.055775 -0.537945
v -0.336824 0.073015 -0.594306
v -0.305786 0.089522 -0.630677
v -0.266929 0.118400 -0.645336
v -0.230666 0.151912 -0.634356
v -0.206713 0.181079 -0.600678
v -0.201488 0.198085 -0.553326
v -0.216391 0.198373 -0.504989
v -0.247428 0.181866 -0.468618
v -0.286285 0.152988 -0.453959
v -0.322548 0.119476 -0.464939
v -0.346502 0.090309 -0.498617
v -0.351727 0.073303 -0.545969
v -0.351059 0.091938 -0.602654
v -0.320970 0.111871 -0.638093
v -0.284110 0.143890 -0.651314
v -0.250358 0.179417 -0.638774
v -0.228756 0.208933 -0.603832
v -0.225094 0.224527 -0.555852
v -0.240351 0.222022 -0.507690
v -0.270441 0.202089 -0.472251
v -0.307300 0.170070 -0.459030
v -0.341053 0.134542 -0.471570
v -0.362654 0.105027 -0.506512
v -0.366317 0.089433 -0.554492
v -0.365941 0.110106 -0.611205
v -0.337449 0.134237 -0.645331
v -0.303388 0.169891 -0.656615
v -0.272884 0.207514 -0.642032
v -0.254111 0.237026 -0.605490
v -0.252099 0.250519 -0.556781
v -0.267388 0.244377 -0.508956
v -0.295879 0.220246 -0.474830
v -0.329940 0.184593 -0.463547
v -0.360444 0.146969 -0.478130
v -0.379217 0.117457 -0.514671
v -0.381229 0.103965 -0.563380
v -0.381978 0.127405 -0.619477
v -0.356169 0.156376 -0.651930
v -0.325968 0.195962 -0.660852
v -0.299470 0.235554 -0.643854
v -0.283774 0.264545 -0.605489
v -0.283085 0.275165 -0.556038
v -0.297589 0.264571 -0.508751
v -0.323399 0.235599 -0.476299
v -0.353599 0.196014 -0.467376
v -0.380098 0.156421 -0.484375
v -0.395794 0.127431 -0.522739
v -0.396482 0.116810 -0.572190
v -0.399849 0.143443 -0.626771
v -0.378315 0.177600 -0.657237
v -0.353306 0.221120 -0.663499
v -0.331522 0.262341 -0.643878
v -0.318802 0.290218 -0.603632
v -0.318552 0.297282 -0.553545
v -0.330841 0.281639 -0.507038
v -0.352375 0.247481 -0.476571
v -0.377385 0.203961 -0.470310
v -0.399168 0.162740 -0.489931
v -0.411889 0.134863 -0.530176
v -0.412138 0.127800 -0.580263
v -0.420307 0.157425 -0.632234
v -0.405131 0.196590 -0.660421
v -0.386856 0.243633 -0.663830
v -0.370379 0.285950 -0.641549
v -0.360115 0.312202 -0.599547
v -0.358814 0.315354 -0.549079
v -0.366825 0.294562 -0.503667
v -0.382002 0.255398 -0.475480
v -0.400277 0.208355 -0.472071
v -0.416754 0.166038 -0.494352
v -0.427018 0.139786 -0.536354
v -0.428318 0.136634 -0.586822
v -0.444090 0.168057 -0.634880
v -0.437589 0.211224 -0.660434
v -0.427590 0.260807 -0.660846
v -0.416771 0.303522 -0.636004
v -0.408032 0.327921 -0.592565
v -0.403715 0.327469 -0.542168
v -0.404976 0.302285 -0.498318
v -0.411477 0.259119 -0.472763
v -0.421476 0.209535 -0.472352
v -0.432295 0.166821 -0.497194
v -0.441034 0.142421 -0.540633
v -0.445351 0.142874 -0.591029
v -0.471504 0.173587 -0.633732
v -0.475697 0.218770 -0.656085
v -0.475173 0.269270 -0.653237
v -0.470073 0.311557 -0.625951
v -0.461762 0.334299 -0.581540
v -0.452468 0.331403 -0.531902
v -0.444681 0.303645 -0.490339
v -0.440488 0.258463 -0.467986
v -0.441012 0.207963 -0.470834
v -0.446113 0.165676 -0.498119
v -0.454423 0.142934 -0.542531
v -0.463717 0.145829 -0.592169
v -0.502228 0.171991 -0.627824
v -0.518049 0.216392 -0.646179
v -0.527350 0.265682 -0.639651
v -0.527637 0.306655 -0.609989
v -0.518835 0.328331 -0.565141
v -0.503302 0.324903 -0.517124
v -0.485199 0.297289 -0.478804
v -0.469378 0.252888 -0.460449
v -0.460078 0.203597 -0.466977
v -0.459790 0.162624 -0.496639
v -0.468593 0.140948 -0.541487
v -0.484126 0.144376 -0.589504
v -0.535236 0.161188 -0.616194
v -0.561967 0.201917 -0.629806
v -0.580219 0.247886 -0.619206
v -0.585101 0.286778 -0.587234
v -0.575306 0.308173 -0.542457
v -0.553458 0.306336 -0.496873
v -0.525411 0.281761 -0.462695
v -0.498680 0.241032 -0.449083
v -0.480428 0.195063 -0.459682
v -0.475546 0.156171 -0.491654
v -0.485341 0.134776 -0.536432
v -0.507189 0.136613 -0.582016
v -0.568685 0.139391 -0.598025
v -0.604248 0.174348 -0.606510
v -0.629607 0.215533 -0.591699
v -0.637969 0.251910 -0.557560
v -0.627093 0.273732 -0.513241
v -0.599893 0.275152 -0.470617
v -0.563657 0.255789 -0.441109
v -0.528094 0.220832 -0.432624
v -0.502735 0.179648 -0.447435
v -0.494373 0.143271 -0.481574
v -0.505249 0.121448 -0.525893
v -0.532449 0.120028 -0.568517
v -0.599872 0.105674 -0.572948
v -0.641771 0.133816 -0.576284
v -0.672158 0.169556 -0.557365
v -0.682890 0.203318 -0.521259
v -0.671092 0.226055 -0.477641
v -0.639925 0.231675 -0.438199
v -0.597740 0.218672 -0.413501
v -0.555840 0.190530 -0.410164
v -0.525453 0.154789 -0.429084
v -0.514721 0.121028 -0.465190
v -0.526520 0.098291 -0.508807
v -0.557687 0.092671 -0.548250
v -0.625593 0.060472 -0.541298
v -0.671559 0.081523 -0.539672
v -0.705125 0.111730 -0.516880
v -0.717298 0.142999 -0.479029
v -0.704816 0.166952 -0.436261
v -0.671022 0.177171 -0.400036
v -0.624973 0.170916 -0.380060
v -0.579008 0.149865 -0.381686
v -0.545441 0.119658 -0.404478
v -0.533268 0.088389 -0.442329
v -0.545751 0.064436 -0.485097
v -0.579544 0.054217 -0.521322
v -0.642699 0.005898 -0.504306
v -0.690872 0.019955 -0.497951
v -0.726129 0.044832 -0.471554
v -0.739021 0.073864 -0.432189
v -0.726094 0.099272 -0.390404
v -0.690813 0.114248 -0.357395
v -0.642631 0.114779 -0.342006
v -0.594457 0.100722 -0.348361
v -0.559201 0.075845 -0.374758
v -0.546308 0.046813 -0.414122
v -0.559235 0.021405 -0.455908
v -0.594516 0.006429 -0.488917
v -0.648735 -0.054204 -0.464146
v -0.697595 -0.046982 -0.453226
v -0.733362 -0.027171 -0.423446
v -0.746454 -0.000080 -0.382785
v -0.733362 0.027034 -0.342139
v -0.697595 0.046904 -0.312398
v -0.648735 0.054206 -0.301532
v -0.599875 0.046984 -0.312452
v -0.564108 0.027174 -0.342232
v -0.551016 0.000082 -0.382893
v -0.564108 -0.027031 -0.423539
v -0.599875 -0.046901 -0.453280
v -0.642621 -0.114820 -0.423643
v -0.690787 -0.114370 -0.408201
v -0.726059 -0.099442 -0.375160
v -0.738986 -0.074035 -0.333373
v -0.726103 -0.044958 -0.294039
v -0.690863 -0.020002 -0.267695
v -0.642709 -0.005853 -0.261401
v -0.594543 -0.006303 -0.276844
v -0.559271 -0.021231 -0.309884
v -0.546344 -0.046637 -0.351671
v -0.559227 -0.075714 -0.391005
v -0.594466 -0.100671 -0.417349
v -0.624969 -0.170927 -0.385610
v -0.670982 -0.177263 -0.365577
v -0.704750 -0.167102 -0.329313
v -0.717226 -0.143165 -0.286534
v -0.705066 -0.111867 -0.248702
v -0.671528 -0.081594 -0.225955
v -0.625600 -0.060457 -0.224388
v -0.579586 -0.054121 -0.244420
v -0.545818 -0.064282 -0.280685
v -0.533342 -0.088219 -0.323464
v -0.545502 -0.119517 -0.361295
v -0.579040 -0.149790 -0.384042
v -0.597753 -0.218653 -0.352189
v -0.639885 -0.231729 -0.327439
v -0.671010 -0.226168 -0.287955
v -0.682788 -0.203458 -0.244317
v -0.672064 -0.169686 -0.208219
v -0.641710 -0.133900 -0.189332
v -0.599861 -0.105690 -0.192718
v -0.557729 -0.092613 -0.217468
v -0.526604 -0.098175 -0.256952
v -0.514826 -0.120884 -0.300589
v -0.525550 -0.154657 -0.336688
v -0.555903 -0.190442 -0.355574
v -0.563635 -0.255811 -0.324550
v -0.599786 -0.275245 -0.294985
v -0.626930 -0.273871 -0.252324
v -0.637794 -0.252058 -0.207997
v -0.629467 -0.215649 -0.173884
v -0.604180 -0.174401 -0.159123
v -0.568709 -0.139367 -0.167670
v -0.532559 -0.119933 -0.197236
v -0.505415 -0.121306 -0.239897
v -0.494551 -0.143120 -0.284223
v -0.502878 -0.179529 -0.318337
v -0.528164 -0.220776 -0.333098
v -0.525340 -0.281815 -0.302934
v -0.553259 -0.306446 -0.268692
v -0.575033 -0.308309 -0.223073
v -0.584827 -0.286904 -0.178301
v -0.580018 -0.247967 -0.146372
v -0.561893 -0.201932 -0.135841
v -0.535310 -0.161133 -0.149531
v -0.507390 -0.136502 -0.183773
v -0.485617 -0.134639 -0.229392
v -0.475822 -0.156044 -0.274164
v -0.480632 -0.194980 -0.306094
v -0.498756 -0.241016 -0.316624
v -0.485151 -0.297316 -0.286843
v -0.503129 -0.324950 -0.248479
v -0.518584 -0.328386 -0.200437
v -0.527375 -0.306702 -0.155591
v -0.527148 -0.265709 -0.125957
v -0.517962 -0.216391 -0.119475
v -0.502279 -0.171962 -0.137882
v -0.484302 -0.144328 -0.176247
v -0.468847 -0.140893 -0.224289
v -0.460055 -0.162577 -0.269135
v -0.460283 -0.203570 -0.298769
v -0.469469 -0.252888 -0.305251
v -0.444648 -0.303660 -0.275319
v -0.452327 -0.331409 -0.233730
v -0.461551 -0.334295 -0.184078
v -0.469849 -0.311544 -0.139669
v -0.474997 -0.269252 -0.112401
v -0.475616 -0.218751 -0.109581
v -0.471540 -0.173573 -0.131964
v -0.463861 -0.145823 -0.173553
v -0.454637 -0.142938 -0.223205
v -0.446339 -0.165689 -0.267614
v -0.441191 -0.207981 -0.294882
v -0.440572 -0.258482 -0.297702
v -0.404899 -0.302307 -0.267316
v -0.403547 -0.327448 -0.223444
v -0.407818 -0.327864 -0.173043
v -0.416569 -0.303443 -0.129618
v -0.427454 -0.260729 -0.104805
v -0.437556 -0.211166 -0.105252
v -0.444170 -0.168036 -0.130840
v -0.445521 -0.142895 -0.174712
v -0.441250 -0.142479 -0.225113
v -0.432499 -0.166900 -0.268538
v -0.421615 -0.209614 -0.293351
v -0.411512 -0.259176 -0.292904
v -0.366720 -0.294577 -0.261950
v -0.358642 -0.315303 -0.216520
v -0.359922 -0.312099 -0.166055
v -0.370217 -0.285823 -0.124076
v -0.386769 -0.243516 -0.101831
v -0.405142 -0.196514 -0.105281
v -0.420415 -0.157411 -0.133502
v -0.428493 -0.136685 -0.178932
v -0.427213 -0.139890 -0.229397
v -0.416918 -0.166166 -0.271376
v -0.400366 -0.208472 -0.293621
v -0.381992 -0.255474 -0.290171
v -0.330749 -0.281639 -0.258585
v -0.318423 -0.297220 -0.212067
v -0.318670 -0.290112 -0.161986
v -0.331424 -0.262218 -0.121762
v -0.353267 -0.221014 -0.102173
v -0.378347 -0.177539 -0.108468
v -0.399943 -0.143443 -0.138959
v -0.412269 -0.127862 -0.185477
v -0.412022 -0.134970 -0.235558
v -0.399269 -0.162864 -0.275782
v -0.377426 -0.204068 -0.295371
v -0.352346 -0.247543 -0.289077
v -0.297484 -0.264557 -0.256862
v -0.282969 -0.275089 -0.209565
v -0.283677 -0.264427 -0.160123
v -0.299420 -0.235426 -0.121785
v -0.325978 -0.195858 -0.104823
v -0.356235 -0.156325 -0.113782
v -0.382085 -0.127420 -0.146262
v -0.396600 -0.116887 -0.193559
v -0.395892 -0.127549 -0.243001
v -0.380150 -0.156550 -0.281339
v -0.353592 -0.196118 -0.298301
v -0.323334 -0.235651 -0.289342
v -0.267292 -0.244351 -0.256662
v -0.252005 -0.250439 -0.208830
v -0.254044 -0.236913 -0.160131
v -0.272862 -0.207399 -0.123614
v -0.303417 -0.169805 -0.109064
v -0.337522 -0.134203 -0.120380
v -0.366039 -0.110134 -0.154529
v -0.381325 -0.104046 -0.202361
v -0.379286 -0.117571 -0.251060
v -0.360468 -0.147085 -0.287577
v -0.329913 -0.184680 -0.302127
v -0.295808 -0.220282 -0.290811
v -0.240323 -0.222010 -0.257969
v -0.225057 -0.224488 -0.209808
v -0.228722 -0.208878 -0.161833
v -0.250335 -0.179361 -0.126900
v -0.284105 -0.143848 -0.114369
v -0.320984 -0.111853 -0.127597
v -0.351089 -0.091951 -0.163040
v -0.366355 -0.089473 -0.211201
v -0.362690 -0.105083 -0.259175
v -0.341077 -0.134600 -0.294108
v -0.307307 -0.170113 -0.306640
v -0.270428 -0.202108 -0.293412
v -0.216319 -0.198333 -0.260647
v -0.201425 -0.198007 -0.212307
v -0.206677 -0.180984 -0.164964
v -0.230667 -0.151826 -0.131304
v -0.266966 -0.118346 -0.120346
v -0.305849 -0.089514 -0.135026
v -0.336897 -0.073056 -0.171411
v -0.351790 -0.073382 -0.219751
v -0.346539 -0.090405 -0.267093
v -0.322549 -0.119562 -0.300753
v -0.286250 -0.153043 -0.311711
v -0.247367 -0.181875 -0.297031
v -0.195066 -0.174020 -0.264624
v -0.180560 -0.171623 -0.216224
v -0.187093 -0.153713 -0.169371
v -0.212914 -0.125092 -0.136618
v -0.251103 -0.093426 -0.126741
v -0.291428 -0.067202 -0.142388
v -0.323085 -0.053446 -0.179365
v -0.337590 -0.055844 -0.227764
v -0.331057 -0.073753 -0.274618
v -0.305237 -0.102375 -0.307371
v -0.267048 -0.134040 -0.317247
v -0.226722 -0.160264 -0.301601
v -0.176160 -0.149553 -0.269707
v -0.161893 -0.145648 -0.221335
v -0.169313 -0.127191 -0.174827
v -0.196432 -0.099127 -0.142646
v -0.235984 -0.068977 -0.133414
v -0.277371 -0.044818 -0.149605
v -0.309504 -0.033125 -0.186880
v -0.323771 -0.037030 -0.235252
v -0.316351 -0.055487 -0.281759
v -0.289232 -0.083550 -0.313941
v -0.249680 -0.113701 -0.323173
v -0.208293 -0.137860 -0.306982
v -0.159114 -0.125175 -0.275655
v -0.144903 -0.120156 -0.227369
v -0.152857 -0.101343 -0.181093
v -0.180845 -0.073777 -0.149226
v -0.221367 -0.044844 -0.140308
v -0.263565 -0.022297 -0.156727
v -0.296133 -0.012178 -0.194085
v -0.310344 -0.017197 -0.242370
v -0.302390 -0.036010 -0.288646
v -0.274402 -0.063576 -0.320513
v -0.233880 -0.092508 -0.329432
v -0.191682 -0.115055 -0.313012
v -0.143571 -0.101095 -0.282289
v -0.129229 -0.095224 -0.234138
v -0.137392 -0.076125 -0.188016
v -0.165873 -0.048914 -0.156281
v -0.207041 -0.020884 -0.147437
v -0.249864 0.000456 -0.163853
v -0.282868 0.009386 -0.201131
v -0.297210 0.003515 -0.249281
v -0.289047 -0.015585 -0.295403
v -0.260566 -0.042795 -0.327138
v -0.219399 -0.070825 -0.335982
v -0.176576 -0.092165 -0.319566
v -0.129151 -0.077385 -0.289438
v -0.114534 -0.070803 -0.241463
v -0.122660 -0.051398 -0.195462
v -0.151351 -0.024369 -0.163762
v -0.192921 0.003042 -0.154857
v -0.236230 0.023489 -0.171133
v -0.269674 0.031493 -0.208229
v -0.284291 0.024911 -0.256205
v -0.276165 0.005506 -0.302206
v -0.247474 -0.021523 -0.333905
v -0.205904 -0.048933 -0.342810
v -0.162595 -0.069380 -0.326534
v -0.115589 -0.054185 -0.296953
v -0.100592 -0.046921 -0.249193
v -0.108483 -0.027084 -0.203336
v -0.137149 0.000010 -0.171669
v -0.178908 0.027102 -0.162676
v -0.222571 0.046933 -0.178768
v -0.256439 0.054188 -0.215633
v -0.271436 0.046923 -0.263393
v -0.263545 0.027086 -0.309250
v -0.234879 -0.000008 -0.340917
v -0.193120 -0.027100 -0.349910
v -0.149457 -0.046930 -0.333818
v -0.102580 -0.031535 -0.304689
v -0.087172 -0.023513 -0.257183
v -0.094722 -0.003042 -0.211547
v -0.123208 0.024394 -0.180011
v -0.164997 0.051442 -0.171025
v -0.208891 0.070855 -0.186996
v -0.243130 0.077432 -0.223644
v -0.258538 0.069410 -0.271151
v -0.250988 0.048938 -0.316786
v -0.222502 0.021503 -0.348322
v -0.180713 -0.005545 -0.357309
v -0.136819 -0.024959 -0.341338
v -0.089806 -0.009360 -0.312608
v -0.074017 -0.000426 -0.265390
v -0.081208 0.020910 -0.220094
v -0.109453 0.048930 -0.188856
v -0.151184 0.076126 -0.180048
v -0.195218 0.095212 -0.196029
v -0.229757 0.101073 -0.232516
v -0.245546 0.092139 -0.279734
v -0.238355 0.070804 -0.325031
v -0.210110 0.042784 -0.356268
v -0.168380 0.015588 -0.365077
v -0.124345 -0.003498 -0.349096
v -0.077076 0.012197 -0.320572
v -0.060998 0.022322 -0.273693
v -0.067872 0.044868 -0.228937
v -0.095856 0.073794 -0.198296
v -0.137452 0.101350 -0.189981
v -0.181514 0.120151 -0.206220
v -0.216236 0.125160 -0.242661
v -0.232315 0.115035 -0.289540
v -0.225441 0.092489 -0.334296
v -0.197456 0.063563 -0.364936
v -0.155860 0.036008 -0.373251
v -0.111798 0.017206 -0.357013
v -0.064160 0.033103 -0.328501
v -0.047944 0.044820 -0.282043
v -0.054614 0.069002 -0.238118
v -0.082383 0.099170 -0.208496
v -0.123810 0.127240 -0.201115
v -0.167796 0.145692 -0.217953
v -0.202553 0.149580 -0.254497
v -0.218770 0.137863 -0.300955
v -0.212100 0.113681 -0.344880
v -0.184330 0.083513 -0.374502
v -0.142903 0.055442 -0.381883
v -0.098918 0.036991 -0.365045
v -0.050862 0.053395 -0.336453
v -0.034678 0.067194 -0.290558
v -0.041297 0.093463 -0.247840
v -0.068946 0.125165 -0.219747
v -0.110216 0.153803 -0.213805
v -0.154048 0.171706 -0.231606
v -0.188698 0.174076 -0.268381
v -0.204882 0.160277 -0.314276
v -0.198262 0.134008 -0.356994
v -0.170614 0.102307 -0.385087
v -0.129344 0.073668 -0.391029
v -0.085512 0.055765 -0.373228
v -0.037064 0.073010 -0.344421
v -0.021089 0.089521 -0.299356
v -0.027826 0.118405 -0.258380
v -0.055468 0.151922 -0.232473
v -0.096609 0.181092 -0.228577
v -0.140226 0.198098 -0.247735
v -0.174631 0.198384 -0.284814
v -0.190605 0.181873 -0.329880
v -0.183869 0.152989 -0.370855
v -0.156227 0.119472 -0.396762
v -0.115086 0.090302 -0.400659
v -0.071469 0.073296 -0.381501
v -0.022716 0.091940 -0.352591
v -0.007070 0.111874 -0.308813
v -0.014050 0.143894 -0.270283
v -0.041786 0.179422 -0.247323
v -0.082847 0.208937 -0.246087
v -0.126230 0.224531 -0.266905
v -0.160311 0.222025 -0.304200
v -0.175958 0.202092 -0.347978
v -0.168978 0.170071 -0.386508
v -0.141241 0.134543 -0.409468
v -0.100180 0.105028 -0.410704
v -0.056797 0.089434 -0.389886
v -0.007870 0.110114 -0.361226
v 0.007443 0.134237 -0.319486
v 0.000187 0.169884 -0.284339
v -0.027693 0.207503 -0.265202
v -0.068726 0.237015 -0.267205
v -0.111918 0.250510 -0.289809
v -0.145696 0.244375 -0.326959
v -0.161009 0.220252 -0.368699
v -0.153753 0.184605 -0.403846
v -0.125874 0.146986 -0.422982
v -0.084840 0.117474 -0.420980
v -0.041648 0.103978 -0.398376
v 0.007313 0.127407 -0.370961
v 0.022514 0.156379 -0.332383
v 0.015142 0.195964 -0.301768
v -0.012828 0.235557 -0.287318
v -0.053901 0.264547 -0.292905
v -0.097072 0.275168 -0.317032
v -0.130773 0.264573 -0.353235
v -0.145974 0.235601 -0.391813
v -0.138602 0.196016 -0.422428
v -0.110633 0.156423 -0.436879
v -0.069559 0.127433 -0.431291
v -0.026388 0.116812 -0.407164
vt 0.000000 0.000000
vt 0.266667 0.000000
vt 0.266667 0.166667
vt 0.000000 0.166667
vt 0.266667 0.333333
vt 0.000000 0.333333
vt 0.266667 0.500000
vt 0.000000 0.500000
vt 0.266667 0.666667
vt 0.000000 0.666667
vt 0.266667 0.833333
vt 0.000000 0.833333
vt 0.266667 1.000000
vt 0.000000 1.000000
vt 0.266667 1.166667
vt 0.000000 1.166667
vt 0.266667 1.333333
vt 0.000000 1.333333
vt 0.266667 1.500000
vt 0.000000 1.500000
vt 0.266667 1.666666
vt 0.000000 1.666666
vt 0.266667 1.833333
vt 0.000000 1.833333
vt 0.266667 2.000000
vt 0.000000 2.000000
vt 0.533333 0.000000
vt 0.533333 0.166667
vt 0.533333 0.333333
vt 0.533333 0.500000
vt 0.533333 0.666667
vt 0.533333 0.833333
vt 0.533333 1.000000
vt 0.533333 1.166667
vt 0.533333 1.333333
vt 0.533333 1.500000
vt 0.533333 1.666666
vt 0.533333 1.833333
vt 0.533333 2.000000
vt 0.800000 0.000000
vt 0.800000 0.166667
vt 0.800000 0.333333
vt 0.800000 0.500000
vt 0.800000 0.666667
vt 0.800000 0.833333
vt 0.800000 1.000000
vt 0.800000 1.166667
vt 0.800000 1.333333
vt 0.800000 1.500000
vt 0.800000 1.666666
vt 0.800000 1.833333
vt 0.800000 2.000000
vt 1.066667 0.000000
vt 1.066667 0.166667
vt 1.066667 0.333333
vt 1.066667 0.500000
vt 1.066667 0.666667
vt 1.066667 0.833333
vt 1.066667 1.000000
vt 1.066667 1.166667
vt 1.066667 1.333333
vt 1.066667 1.500000
vt 1.066667 1.666666
vt 1.066667 1.833333
vt 1.066667 2.000000
vt 1.333333 0.000000
vt 1.333333 0.166667
vt 1.333333 0.333333
vt 1.333333 0.500000
vt 1.333333 0.666667
vt 1.333333 0.833333
vt 1.333333 1.000000
vt 1.333333 1.166667
vt 1.333333 1.333333
vt 1.333333 1.500000
vt 1.333333 1.666666
vt 1.333333 1.833333
vt 1.333333 2.000000
vt 1.600000 0.000000
vt 1.600000 0.166667
vt 1.600000 0.333333
vt 1.600000 0.500000
vt 1.600000 0.666667
vt 1.600000 0.833333
vt 1.600000 1.000000
vt 1.600000 1.166667
vt 1.600000 1.333333
vt 1.600000 1.500000
vt 1.600000 1.666666
vt 1.600000 1.833333
vt 1.600000 2.000000
vt 1.866667 0.000000
vt 1.866667 0.166667
vt 1.866667 0.333333
vt 1.866667 0.500000
vt 1.866667 0.666667
vt 1.866667 0.833333
vt 1.866667 1.000000
vt 1.866667 1.166667
vt 1.866667 1.333333
vt 1.866667 1.500000
vt 1.866667 1.666666
vt 1.866667 1.833333
vt 1.866667 2.000000
vt 2.133333 0.000000
vt 2.133333 0.166667
vt 2.133333 0.333333
vt 2.133333 0.500000
vt 2.133333 0.666667
vt 2.133333 0.833333
vt 2.133333 1.000000
vt 2.133333 1.166667
vt 2.133333 1.333333
vt 2.133333 1.500000
vt 2.133333 1.666666
vt 2.133333 1.833333
vt 2.133333 2.000000
vt 2.400000 0.000000
vt 2.400000 0.166667
vt 2.400000 0.333333
vt 2.400000 0.500000
vt 2.400000 0.666667
vt 2.400000 0.833333
vt 2.400000 1.000000
vt 2.400000 1.166667
vt 2.400000 1.333333
vt 2.400000 1.500000
vt 2.400000 1.666666
vt 2.400000 1.833333
vt 2.400000 2.000000
vt 2.666667 0.000000
vt 2.666667 0.166667
vt 2.666667 0.333333
vt 2.666667 0.500000
vt 2.666667 0.666667
vt 2.666667 0.833333
vt 2.666667 1.000000
vt 2.666667 1.166667
vt 2.666667 1.333333
vt 2.666667 1.500000
vt 2.666667 1.666666
vt 2.666667 1.833333
vt 2.666667 2.000000
vt 2.933333 0.000000
vt 2.933333 0.166667
vt 2.933333 0.333333
vt 2.933333 0.500000
vt 2.933333 0.666667
vt 2.933333 0.833333
vt 2.933333 1.000000
vt 2.933333 1.166667
vt 2.933333 1.333333
vt 2.933333 1.500000
vt 2.933333 1.666666
vt 2.933333 1.833333
vt 2.933333 2.000000
vt 3.200000 0.000000
vt 3.200000 0.166667
vt 3.200000 0.333333
vt 3.200000 0.500000
vt 3.200000 0.666667
vt 3.200000 0.833333
vt 3.200000 1.000000
vt 3.200000 1.166667
vt 3.200000 1.333333
vt 3.200000 1.500000
vt 3.200000 1.666666
vt 3.200000 1.833333
vt 3.200000 2.000000
vt 3.466667 0.000000
vt 3.466667 0.166667
vt 3.466667 0.333333
vt 3.466667 0.500000
vt 3.466667 0.666667
vt 3.466667 0.833333
vt 3.466667 1.000000
vt 3.466667 1.166667
vt 3.466667 1.333333
vt 3.466667 1.500000
vt 3.466667 1.666666
vt 3.466667 1.833333
vt 3.466667 2.000000
vt 3.733333 0.000000
vt 3.733333 0.166667
vt 3.733333 0.333333
vt 3.733333 0.500000
vt 3.733333 0.666667
vt 3.733333 0.833333
vt 3.733333 1.000000
vt 3.733333 1.166667
vt 3.733333 1.333333
vt 3.733333 1.500000
vt 3.733333 1.666666
vt 3.733333 1.833333
vt 3.733333 2.000000
vt 4.000000 0.000000
vt 4.000000 0.166667
vt 4.000000 0.333333
vt 4.000000 0.500000
vt 4.000000 0.666667
vt 4.000000 0.833333
vt 4.000000 1.000000
vt 4.000000 1.166667
vt 4.000000 1.333333
vt 4.000000 1.500000
vt 4.000000 1.666666
vt 4.000000 1.833333
vt 4.000000 2.000000
vt 4.266666 0.000000
vt 4.266666 0.166667
vt 4.266666 0.333333
vt 4.266666 0.500000
vt 4.266666 0.666667
vt 4.266666 0.833333
vt 4.266666 1.000000
vt 4.266666 1.166667
vt 4.266666 1.333333
vt 4.266666 1.500000
vt 4.266666 1.666666
vt 4.266666 1.833333
vt 4.266666 2.000000
vt 4.533333 0.000000
vt 4.533333 0.166667
vt 4.533333 0.333333
vt 4.533333 0.500000
vt 4.533333 0.666667
vt 4.533333 0.833333
vt 4.533333 1.000000
vt 4.533333 1.166667
vt 4.533333 1.333333
vt 4.533333 1.500000
vt 4.533333 1.666666
vt 4.533333 1.833333
vt 4.533333 2.000000
vt 4.800000 0.000000
vt 4.800000 0.166667
vt 4.800000 0.333333
vt 4.800000 0.500000
vt 4.800000 0.666667
vt 4.800000 0.833333
vt 4.800000 1.000000
vt 4.800000 1.166667
vt 4.800000 1.333333
vt 4.800000 1.500000
vt 4.800000 1.666666
vt 4.800000 1.833333
vt 4.800000 2.000000
vt 5.066667 0.000000
vt 5.066667 0.166667
vt 5.066667 0.333333
vt 5.066667 0.500000
vt 5.066667 0.666667
vt 5.066667 0.833333
vt 5.066667 1.000000
vt 5.066667 1.166667
vt 5.066667 1.333333
vt 5.066667 1.500000
vt 5.066667 1.666666
vt 5.066667 1.833333
vt 5.066667 2.000000
vt 5.333333 0.000000
vt 5.333333 0.166667
vt 5.333333 0.333333
vt 5.333333 0.500000
vt 5.333333 0.666667
vt 5.333333 0.833333
vt 5.333333 1.000000
vt 5.333333 1.166667
vt 5.333333 1.333333
vt 5.333333 1.500000
vt 5.333333 1.666666
vt 5.333333 1.833333
vt 5.333333 2.000000
vt 5.599999 0.000000
vt 5.599999 0.166667
vt 5.599999 0.333333
vt 5.599999 0.500000
vt 5.599999 0.666667
vt 5.599999 0.833333
vt 5.599999 1.000000
vt 5.599999 1.166667
vt 5.599999 1.333333
vt 5.599999 1.500000
vt 5.599999 1.666666
vt 5.599999 1.833333
vt 5.599999 2.000000
vt 5.866666 0.000000
vt 5.866666 0.166667
vt 5.866666 0.333333
vt 5.866666 0.500000
vt 5.866666 0.666667
vt 5.866666 0.833333
vt 5.866666 1.000000
vt 5.866666 1.166667
vt 5.866666 1.333333
vt 5.866666 1.500000
vt 5.866666 1.666666
vt 5.866666 1.833333
vt 5.866666 2.000000
vt 6.133332 0.000000
vt 6.133332 0.166667
vt 6.133332 0.333333
vt 6.133332 0.500000
vt 6.133332 0.666667
vt 6.133332 0.833333
vt 6.133332 1.000000
vt 6.133332 1.166667
vt 6.133332 1.333333
vt 6.133332 1.500000
vt 6.133332 1.666666
vt 6.133332 1.833333
vt 6.133332 2.000000
vt 6.399999 0.000000
vt 6.399999 0.166667
vt 6.399999 0.333333
vt 6.399999 0.500000
vt 6.399999 0.666667
vt 6.399999 0.833333
vt 6.399999 1.000000
vt 6.399999 1.166667
vt 6.399999 1.333333
vt 6.399999 1.500000
vt 6.399999 1.666666
vt 6.399999 1.833333
vt 6.399999 2.000000
vt 6.666665 0.000000
vt 6.666665 0.166667
vt 6.666665 0.333333
vt 6.666665 0.500000
vt 6.666665 0.666667
vt 6.666665 0.833333
vt 6.666665 1.000000
vt 6.666665 1.166667
vt 6.666665 1.333333
vt 6.666665 1.500000
vt 6.666665 1.666666
vt 6.666665 1.833333
vt 6.666665 2.000000
vt 6.933331 0.000000
vt 6.933331 0.166667
vt 6.933331 0.333333
vt 6.933331 0.500000
vt 6.933331 0.666667
vt 6.933331 0.833333
vt 6.933331 1.000000
vt 6.933331 1.166667
vt 6.933331 1.333333
vt 6.933331 1.500000
vt 6.933331 1.666666
vt 6.933331 1.833333
vt 6.933331 2.000000
vt 7.199998 0.000000
vt 7.199998 0.166667
vt 7.199998 0.333333
vt 7.199998 0.500000
vt 7.199998 0.666667
vt 7.199998 0.833333
vt 7.199998 1.000000
vt 7.199998 1.166667
vt 7.199998 1.333333
vt 7.199998 1.500000
vt 7.199998 1.666666
vt 7.199998 1.833333
vt 7.199998 2.000000
vt 7.466664 0.000000
vt 7.466664 0.166667
vt 7.466664 0.333333
vt 7.466664 0.500000
vt 7.466664 0.666667
vt 7.466664 0.833333
vt 7.466664 1.000000
vt 7.466664 1.166667
vt 7.466664 1.333333
vt 7.466664 1.500000
vt 7.466664 1.666666
vt 7.466664 1.833333
vt 7.466664 2.000000
vt 7.733331 0.000000
vt 7.733331 0.166667
vt 7.733331 0.333333
vt 7.733331 0.500000
vt 7.733331 0.666667
vt 7.733331 0.833333
vt 7.733331 1.000000
vt 7.733331 1.166667
vt 7.733331 1.333333
vt 7.733331 1.500000
vt 7.733331 1.666666
vt 7.733331 1.833333
vt 7.733331 2.000000
vt 7.999997 0.000000
vt 7.999997 0.166667
vt 7.999997 0.333333
vt 7.999997 0.500000
vt 7.999997 0.666667
vt 7.999997 0.833333
vt 7.999997 1.000000
vt 7.999997 1.166667
vt 7.999997 1.333333
vt 7.999997 1.500000
vt 7.999997 1.666666
vt 7.999997 1.833333
vt 7.999997 2.000000
vt 8.266664 0.000000
vt 8.266664 0.166667
vt 8.266664 0.333333
vt 8.266664 0.500000
vt 8.266664 0.666667
vt 8.266664 0.833333
vt 8.266664 1.000000
vt 8.266664 1.166667
vt 8.266664 1.333333
vt 8.266664 1.500000
vt 8.266664 1.666666
vt 8.266664 1.833333
vt 8.266664 2.000000
vt 8.533330 0.000000
vt 8.533330 0.166667
vt 8.533330 0.333333
vt 8.533330 0.500000
vt 8.533330 0.666667
vt 8.533330 0.833333
vt 8.533330 1.000000
vt 8.533330 1.166667
vt 8.533330 1.333333
vt 8.533330 1.500000
vt 8.533330 1.666666
vt 8.533330 1.833333
vt 8.533330 2.000000
vt 8.799996 0.000000
vt 8.799996 0.166667
vt 8.799996 0.333333
vt 8.799996 0.500000
vt 8.799996 0.666667
vt 8.799996 0.833333
vt 8.799996 1.000000
vt 8.799996 1.166667
vt 8.799996 1.333333
vt 8.799996 1.500000
vt 8.799996 1.666666
vt 8.799996 1.833333
vt 8.799996 2.000000
vt 9.066662 0.000000
vt 9.066662 0.166667
vt 9.066662 0.333333
vt 9.066662 0.500000
vt 9.066662 0.666667
vt 9.066662 0.833333
vt 9.066662 1.000000
vt 9.066662 1.166667
vt 9.066662 1.333333
vt 9.066662 1.500000
vt 9.066662 1.666666
vt 9.066662 1.833333
vt 9.066662 2.000000
vt 9.333328 0.000000
vt 9.333328 0.166667
vt 9.333328 0.333333
vt 9.333328 0.500000
vt 9.333328 0.666667
vt 9.333328 0.833333
vt 9.333328 1.000000
vt 9.333328 1.166667
vt 9.333328 1.333333
vt 9.333328 1.500000
vt 9.333328 1.666666
vt 9.333328 1.833333
vt 9.333328 2.000000
vt 9.599995 0.000000
vt 9.599995 0.166667
vt 9.599995 0.333333
vt 9.599995 0.500000
vt 9.599995 0.666667
vt 9.599995 0.833333
vt 9.599995 1.000000
vt 9.599995 1.166667
vt 9.599995 1.333333
vt 9.599995 1.500000
vt 9.599995 1.666666
vt 9.599995 1.833333
vt 9.599995 2.000000
vt 9.866661 0.000000
vt 9.866661 0.166667
vt 9.866661 0.333333
vt 9.866661 0.500000
vt 9.866661 0.666667
vt 9.866661 0.833333
vt 9.866661 1.000000
vt 9.866661 1.166667
vt 9.866661 1.333333
vt 9.866661 1.500000
vt 9.866661 1.666666
vt 9.866661 1.833333
vt 9.866661 2.000000
vt 10.133327 0.000000
vt 10.133327 0.166667
vt 10.133327 0.333333
vt 10.133327 0.500000
vt 10.133327 0.666667
vt 10.133327 0.833333
vt 10.133327 1.000000
vt 10.133327 1.166667
vt 10.133327 1.333333
vt 10.133327 1.500000
vt 10.133327 1.666666
vt 10.133327 1.833333
vt 10.133327 2.000000
vt 10.399994 0.000000
vt 10.399994 0.166667
vt 10.399994 0.333333
vt 10.399994 0.500000
vt 10.399994 0.666667
vt 10.399994 0.833333
vt 10.399994 1.000000
vt 10.399994 1.166667
vt 10.399994 1.333333
vt 10.399994 1.500000
vt 10.399994 1.666666
vt 10.399994 1.833333
vt 10.399994 2.000000
vt 10.666660 0.000000
vt 10.666660 0.166667
vt 10.666660 0.333333
vt 10.666660 0.500000
vt 10.666660 0.666667
vt 10.666660 0.833333
vt 10.666660 1.000000
vt 10.666660 1.166667
vt 10.666660 1.333333
vt 10.666660 1.500000
vt 10.666660 1.666666
vt 10.666660 1.833333
vt 10.666660 2.000000
vt 10.933327 0.000000
vt 10.933327 0.166667
vt 10.933327 0.333333
vt 10.933327 0.500000
vt 10.933327 0.666667
vt 10.933327 0.833333
vt 10.933327 1.000000
vt 10.933327 1.166667
vt 10.933327 1.333333
vt 10.933327 1.500000
vt 10.933327 1.666666
vt 10.933327 1.833333
vt 10.933327 2.000000
vt 11.199993 0.000000
vt 11.199993 0.166667
vt 11.199993 0.333333
vt 11.199993 0.500000
vt 11.199993 0.666667
vt 11.199993 0.833333
vt 11.199993 1.000000
vt 11.199993 1.166667
vt 11.199993 1.333333
vt 11.199993 1.500000
vt 11.199993 1.666666
vt 11.199993 1.833333
vt 11.199993 2.000000
vt 11.466660 0.000000
vt 11.466660 0.166667
vt 11.466660 0.333333
vt 11.466660 0.500000
vt 11.466660 0.666667
vt 11.466660 0.833333
vt 11.466660 1.000000
vt 11.466660 1.166667
vt 11.466660 1.333333
vt 11.466660 1.500000
vt 11.466660 1.666666
vt 11.466660 1.833333
vt 11.466660 2.000000
vt 11.733326 0.000000
vt 11.733326 0.166667
vt 11.733326 0.333333
vt 11.733326 0.500000
vt 11.733326 0.666667
vt 11.733326 0.833333
vt 11.733326 1.000000
vt 11.733326 1.166667
vt 11.733326 1.333333
vt 11.733326 1.500000
vt 11.733326 1.666666
vt 11.733326 1.833333
vt 11.733326 2.000000
vt 11.999992 0.000000
vt 11.999992 0.166667
vt 11.999992 0.333333
vt 11.999992 0.500000
vt 11.999992 0.666667
vt 11.999992 0.833333
vt 11.999992 1.000000
vt 11.999992 1.166667
vt 11.999992 1.333333
vt 11.999992 1.500000
vt 11.999992 1.666666
vt 11.999992 1.833333
vt 11.999992 2.000000
vt 12.266659 0.000000
vt 12.266659 0.166667
vt 12.266659 0.333333
vt 12.266659 0.500000
vt 12.266659 0.666667
vt 12.266659 0.833333
vt 12.266659 1.000000
vt 12.266659 1.166667
vt 12.266659 1.333333
vt 12.266659 1.500000
vt 12.266659 1.666666
vt 12.266659 1.833333
vt 12.266659 2.000000
vt 12.533325 0.000000
vt 12.533325 0.166667
vt 12.533325 0.333333
vt 12.533325 0.500000
vt 12.533325 0.666667
vt 12.533325 0.833333
vt 12.533325 1.000000
vt 12.533325 1.166667
vt 12.533325 1.333333
vt 12.533325 1.500000
vt 12.533325 1.666666
vt 12.533325 1.833333
vt 12.533325 2.000000
vt 12.799992 0.000000
vt 12.799992 0.166667
vt 12.799992 0.333333
vt 12.799992 0.500000
vt 12.799992 0.666667
vt 12.799992 0.833333
vt 12.799992 1.000000
vt 12.799992 1.166667
vt 12.799992 1.333333
vt 12.799992 1.500000
vt 12.799992 1.666666
vt 12.799992 1.833333
vt 12.799992 2.000000
vt 13.066658 0.000000
vt 13.066658 0.166667
vt 13.066658 0.333333
vt 13.066658 0.500000
vt 13.066658 0.666667
vt 13.066658 0.833333
vt 13.066658 1.000000
vt 13.066658 1.166667
vt 13.066658 1.333333
vt 13.066658 1.500000
vt 13.066658 1.666666
vt 13.066658 1.833333
vt 13.066658 2.000000
vt 13.333324 0.000000
vt 13.333324 0.166667
vt 13.333324 0.333333
vt 13.333324 0.500000
vt 13.333324 0.666667
vt 13.333324 0.833333
vt 13.333324 1.000000
vt 13.333324 1.166667
vt 13.333324 1.333333
vt 13.333324 1.500000
vt 13.333324 1.666666
vt 13.333324 1.833333
vt 13.333324 2.000000
vt 13.599991 0.000000
vt 13.599991 0.166667
vt 13.599991 0.333333
vt 13.599991 0.500000
vt 13.599991 0.666667
vt 13.599991 0.833333
vt 13.599991 1.000000
vt 13.599991 1.166667
vt 13.599991 1.333333
vt 13.599991 1.500000
vt 13.599991 1.666666
vt 13.599991 1.833333
vt 13.599991 2.000000
vt 13.866656 0.000000
vt 13.866656 0.166667
vt 13.866656 0.333333
vt 13.866656 0.500000
vt 13.866656 0.666667
vt 13.866656 0.833333
vt 13.866656 1.000000
vt 13.866656 1.166667
vt 13.866656 1.333333
vt 13.866656 1.500000
vt 13.866656 1.666666
vt 13.866656 1.833333
vt 13.866656 2.000000
vt 14.133323 0.000000
vt 14.133323 0.166667
vt 14.133323 0.333333
vt 14.133323 0.500000
vt 14.133323 0.666667
vt 14.133323 0.833333
vt 14.133323 1.000000
vt 14.133323 1.166667
vt 14.133323 1.333333
vt 14.133323 1.500000
vt 14.133323 1.666666
vt 14.133323 1.833333
vt 14.133323 2.000000
vt 14.399989 0.000000
vt 14.399989 0.166667
vt 14.399989 0.333333
vt 14.399989 0.500000
vt 14.399989 0.666667
vt 14.399989 0.833333
vt 14.399989 1.000000
vt 14.399989 1.166667
vt 14.399989 1.333333
vt 14.399989 1.500000
vt 14.399989 1.666666
vt 14.399989 1.833333
vt 14.399989 2.000000
vt 14.666656 0.000000
vt 14.666656 0.166667
vt 14.666656 0.333333
vt 14.666656 0.500000
vt 14.666656 0.666667
vt 14.666656 0.833333
vt 14.666656 1.000000
vt 14.666656 1.166667
vt 14.666656 1.333333
vt 14.666656 1.500000
vt 14.666656 1.666666
vt 14.666656 1.833333
vt 14.666656 2.000000
vt 14.933322 0.000000
vt 14.933322 0.166667
vt 14.933322 0.333333
vt 14.933322 0.500000
vt 14.933322 0.666667
vt 14.933322 0.833333
vt 14.933322 1.000000
vt 14.933322 1.166667
vt 14.933322 1.333333
vt 14.933322 1.500000
vt 14.933322 1.666666
vt 14.933322 1.833333
vt 14.933322 2.000000
vt 15.199988 0.000000
vt 15.199988 0.166667
vt 15.199988 0.333333
vt 15.199988 0.500000
vt 15.199988 0.666667
vt 15.199988 0.833333
vt 15.199988 1.000000
vt 15.199988 1.166667
vt 15.199988 1.333333
vt 15.199988 1.500000
vt 15.199988 1.666666
vt 15.199988 1.833333
vt 15.199988 2.000000
vt 15.466655 0.000000
vt 15.466655 0.166667
vt 15.466655 0.333333
vt 15.466655 0.500000
vt 15.466655 0.666667
vt 15.466655 0.833333
vt 15.466655 1.000000
vt 15.466655 1.166667
vt 15.466655 1.333333
vt 15.466655 1.500000
vt 15.466655 1.666666
vt 15.466655 1.833333
vt 15.466655 2.000000
vt 15.733321 0.000000
vt 15.733321 0.166667
vt 15.733321 0.333333
vt 15.733321 0.500000
vt 15.733321 0.666667
vt 15.733321 0.833333
vt 15.733321 1.000000
vt 15.733321 1.166667
vt 15.733321 1.333333
vt 15.733321 1.500000
vt 15.733321 1.666666
vt 15.733321 1.833333
vt 15.733321 2.000000
vt 15.999988 0.000000
vt 15.999988 0.166667
vt 15.999988 0.333333
vt 15.999988 0.500000
vt 15.999988 0.666667
vt 15.999988 0.833333
vt 15.999988 1.000000
vt 15.999988 1.166667
vt 15.999988 1.333333
vt 15.999988 1.500000
vt 15.999988 1.666666
vt 15.999988 1.833333
vt 15.999988 2.000000
vt 16.266655 0.000000
vt 16.266655 0.166667
vt 16.266655 0.333333
vt 16.266655 0.500000
vt 16.266655 0.666667
vt 16.266655 0.833333
vt 16.266655 1.000000
vt 16.266655 1.166667
vt 16.266655 1.333333
vt 16.266655 1.500000
vt 16.266655 1.666666
vt 16.266655 1.833333
vt 16.266655 2.000000
vt 16.533319 0.000000
vt 16.533319 0.166667
vt 16.533319 0.333333
vt 16.533319 0.500000
vt 16.533319 0.666667
vt 16.533319 0.833333
vt 16.533319 1.000000
vt 16.533319 1.166667
vt 16.533319 1.333333
vt 16.533319 1.500000
vt 16.533319 1.666666
vt 16.533319 1.833333
vt 16.533319 2.000000
vt 16.799986 0.000000
vt 16.799986 0.166667
vt 16.799986 0.333333
vt 16.799986 0.500000
vt 16.799986 0.666667
vt 16.799986 0.833333
vt 16.799986 1.000000
vt 16.799986 1.166667
vt 16.799986 1.333333
vt 16.799986 1.500000
vt 16.799986 1.666666
vt 16.799986 1.833333
vt 16.799986 2.000000
vt 17.066652 0.000000
vt 17.066652 0.166667
vt 17.066652 0.333333
vt 17.066652 0.500000
vt 17.066652 0.666667
vt 17.066652 0.833333
vt 17.066652 1.000000
vt 17.066652 1.166667
vt 17.066652 1.333333
vt 17.066652 1.500000
vt 17.066652 1.666666
vt 17.066652 1.833333
vt 17.066652 2.000000
vt 17.333319 0.000000
vt 17.333319 0.166667
vt 17.333319 0.333333
vt 17.333319 0.500000
vt 17.333319 0.666667
vt 17.333319 0.833333
vt 17.333319 1.000000
vt 17.333319 1.166667
vt 17.333319 1.333333
vt 17.333319 1.500000
vt 17.333319 1.666666
vt 17.333319 1.833333
vt 17.333319 2.000000
vt 17.599985 0.000000
vt 17.599985 0.166667
vt 17.599985 0.333333
vt 17.599985 0.500000
vt 17.599985 0.666667
vt 17.599985 0.833333
vt 17.599985 1.000000
vt 17.599985 1.166667
vt 17.599985 1.333333
vt 17.599985 1.500000
vt 17.599985 1.666666
vt 17.599985 1.833333
vt 17.599985 2.000000
vt 17.866652 0.000000
vt 17.866652 0.166667
vt 17.866652 0.333333
vt 17.866652 0.500000
vt 17.866652 0.666667
vt 17.866652 0.833333
vt 17.866652 1.000000
vt 17.866652 1.166667
vt 17.866652 1.333333
vt 17.866652 1.500000
vt 17.866652 1.666666
vt 17.866652 1.833333
vt 17.866652 2.000000
vt 18.133318 0.000000
vt 18.133318 0.166667
vt 18.133318 0.333333
vt 18.133318 0.500000
vt 18.133318 0.666667
vt 18.133318 0.833333
vt 18.133318 1.000000
vt 18.133318 1.166667
vt 18.133318 1.333333
vt 18.133318 1.500000
vt 18.133318 1.666666
vt 18.133318 1.833333
vt 18.133318 2.000000
vt 18.399984 0.000000
vt 18.399984 0.166667
vt 18.399984 0.333333
vt 18.399984 0.500000
vt 18.399984 0.666667
vt 18.399984 0.833333
vt 18.399984 1.000000
vt 18.399984 1.166667
vt 18.399984 1.333333
vt 18.399984 1.500000
vt 18.399984 1.666666
vt 18.399984 1.833333
vt 18.399984 2.000000
vt 18.666651 0.000000
vt 18.666651 0.166667
vt 18.666651 0.333333
vt 18.666651 0.500000
vt 18.666651 0.666667
vt 18.666651 0.833333
vt 18.666651 1.000000
vt 18.666651 1.166667
vt 18.666651 1.333333
vt 18.666651 1.500000
vt 18.666651 1.666666
vt 18.666651 1.833333
vt 18.666651 2.000000
vt 18.933317 0.000000
vt 18.933317 0.166667
vt 18.933317 0.333333
vt 18.933317 0.500000
vt 18.933317 0.666667
vt 18.933317 0.833333
vt 18.933317 1.000000
vt 18.933317 1.166667
vt 18.933317 1.333333
vt 18.933317 1.500000
vt 18.933317 1.666666
vt 18.933317 1.833333
vt 18.933317 2.000000
vt 19.199984 0.000000
vt 19.199984 0.166667
vt 19.199984 0.333333
vt 19.199984 0.500000
vt 19.199984 0.666667
vt 19.199984 0.833333
vt 19.199984 1.000000
vt 19.199984 1.166667
vt 19.199984 1.333333
vt 19.199984 1.500000
vt 19.199984 1.666666
vt 19.199984 1.833333
vt 19.199984 2.000000
vt 19.466650 0.000000
vt 19.466650 0.166667
vt 19.466650 0.333333
vt 19.466650 0.500000
vt 19.466650 0.666667
vt 19.466650 0.833333
vt 19.466650 1.000000
vt 19.466650 1.166667
vt 19.466650 1.333333
vt 19.466650 1.500000
vt 19.466650 1.666666
vt 19.466650 1.833333
vt 19.466650 2.000000
vt 19.733316 0.000000
vt 19.733316 0.166667
vt 19.733316 0.333333
vt 19.733316 0.500000
vt 19.733316 0.666667
vt 19.733316 0.833333
vt 19.733316 1.000000
vt 19.733316 1.166667
vt 19.733316 1.333333
vt 19.733316 1.500000
vt 19.733316 1.666666
vt 19.733316 1.833333
vt 19.733316 2.000000
vt 19.999983 0.000000
vt 19.999983 0.166667
vt 19.999983 0.333333
vt 19.999983 0.500000
vt 19.999983 0.666667
vt 19.999983 0.833333
vt 19.999983 1.000000
vt 19.999983 1.166667
vt 19.999983 1.333333
vt 19.999983 1.500000
vt 19.999983 1.666666
vt 19.999983 1.833333
vt 19.999983 2.000000
vt 20.266649 0.000000
vt 20.266649 0.166667
vt 20.266649 0.333333
vt 20.266649 0.500000
vt 20.266649 0.666667
vt 20.266649 0.833333
vt 20.266649 1.000000
vt 20.266649 1.166667
vt 20.266649 1.333333
vt 20.266649 1.500000
vt 20.266649 1.666666
vt 20.266649 1.833333
vt 20.266649 2.000000
vt 20.533316 0.000000
vt 20.533316 0.166667
vt 20.533316 0.333333
vt 20.533316 0.500000
vt 20.533316 0.666667
vt 20.533316 0.833333
vt 20.533316 1.000000
vt 20.533316 1.166667
vt 20.533316 1.333333
vt 20.533316 1.500000
vt 20.533316 1.666666
vt 20.533316 1.833333
vt 20.533316 2.000000
vt 20.799984 0.000000
vt 20.799984 0.166667
vt 20.799984 0.333333
vt 20.799984 0.500000
vt 20.799984 0.666667
vt 20.799984 0.833333
vt 20.799984 1.000000
vt 20.799984 1.166667
vt 20.799984 1.333333
vt 20.799984 1.500000
vt 20.799984 1.666666
vt 20.799984 1.833333
vt 20.799984 2.000000
vt 21.066650 0.000000
vt 21.066650 0.166667
vt 21.066650 0.333333
vt 21.066650 0.500000
vt 21.066650 0.666667
vt 21.066650 0.833333
vt 21.066650 1.000000
vt 21.066650 1.166667
vt 21.066650 1.333333
vt 21.066650 1.500000
vt 21.066650 1.666666
vt 21.066650 1.833333
vt 21.066650 2.000000
vt 21.333319 0.000000
vt 21.333319 0.166667
vt 21.333319 0.333333
vt 21.333319 0.500000
vt 21.333319 0.666667
vt 21.333319 0.833333
vt 21.333319 1.000000
vt 21.333319 1.166667
vt 21.333319 1.333333
vt 21.333319 1.500000
vt 21.333319 1.666666
vt 21.333319 1.833333
vt 21.333319 2.000000
vt 21.599985 0.000000
vt 21.599985 0.166667
vt 21.599985 0.333333
vt 21.599985 0.500000
vt 21.599985 0.666667
vt 21.599985 0.833333
vt 21.599985 1.000000
vt 21.599985 1.166667
vt 21.599985 1.333333
vt 21.599985 1.500000
vt 21.599985 1.666666
vt 21.599985 1.833333
vt 21.599985 2.000000
vt 21.866653 0.000000
vt 21.866653 0.166667
vt 21.866653 0.333333
vt 21.866653 0.500000
vt 21.866653 0.666667
vt 21.866653 0.833333
vt 21.866653 1.000000
vt 21.866653 1.166667
vt 21.866653 1.333333
vt 21.866653 1.500000
vt 21.866653 1.666666
vt 21.866653 1.833333
vt 21.866653 2.000000
vt 22.133322 0.000000
vt 22.133322 0.166667
vt 22.133322 0.333333
vt 22.133322 0.500000
vt 22.133322 0.666667
vt 22.133322 0.833333
vt 22.133322 1.000000
vt 22.133322 1.166667
vt 22.133322 1.333333
vt 22.133322 1.500000
vt 22.133322 1.666666
vt 22.133322 1.833333
vt 22.133322 2.000000
vt 22.399988 0.000000
vt 22.399988 0.166667
vt 22.399988 0.333333
vt 22.399988 0.500000
vt 22.399988 0.666667
vt 22.399988 0.833333
vt 22.399988 1.000000
vt 22.399988 1.166667
vt 22.399988 1.333333
vt 22.399988 1.500000
vt 22.399988 1.666666
vt 22.399988 1.833333
vt 22.399988 2.000000
vt 22.666656 0.000000
vt 22.666656 0.166667
vt 22.666656 0.333333
vt 22.666656 0.500000
vt 22.666656 0.666667
vt 22.666656 0.833333
vt 22.666656 1.000000
vt 22.666656 1.166667
vt 22.666656 1.333333
vt 22.666656 1.500000
vt 22.666656 1.666666
vt 22.666656 1.833333
vt 22.666656 2.000000
vt 22.933325 0.000000
vt 22.933325 0.166667
vt 22.933325 0.333333
vt 22.933325 0.500000
vt 22.933325 0.666667
vt 22.933325 0.833333
vt 22.933325 1.000000
vt 22.933325 1.166667
vt 22.933325 1.333333
vt 22.933325 1.500000
vt 22.933325 1.666666
vt 22.933325 1.833333
vt 22.933325 2.000000
vt 23.199991 0.000000
vt 23.199991 0.166667
vt 23.199991 0.333333
vt 23.199991 0.500000
vt 23.199991 0.666667
vt 23.199991 0.833333
vt 23.199991 1.000000
vt 23.199991 1.166667
vt 23.199991 1.333333
vt 23.199991 1.500000
vt 23.199991 1.666666
vt 23.199991 1.833333
vt 23.199991 2.000000
vt 23.466660 0.000000
vt 23.466660 0.166667
vt 23.466660 0.333333
vt 23.466660 0.500000
vt 23.466660 0.666667
vt 23.466660 0.833333
vt 23.466660 1.000000
vt 23.466660 1.166667
vt 23.466660 1.333333
vt 23.466660 1.500000
vt 23.466660 1.666666
vt 23.466660 1.833333
vt 23.466660 2.000000
vt 23.733326 0.000000
vt 23.733326 0.166667
vt 23.733326 0.333333
vt 23.733326 0.500000
vt 23.733326 0.666667
vt 23.733326 0.833333
vt 23.733326 1.000000
vt 23.733326 1.166667
vt 23.733326 1.333333
vt 23.733326 1.500000
vt 23.733326 1.666666
vt 23.733326 1.833333
vt 23.733326 2.000000
vt 23.999994 0.000000
vt 23.999994 0.166667
vt 23.999994 0.333333
vt 23.999994 0.500000
vt 23.999994 0.666667
vt 23.999994 0.833333
vt 23.999994 1.000000
vt 23.999994 1.166667
vt 23.999994 1.333333
vt 23.999994 1.500000
vt 23.999994 1.666666
vt 23.999994 1.833333
vt 23.999994 2.000000
vt 24.266663 0.000000
vt 24.266663 0.166667
vt 24.266663 0.333333
vt 24.266663 0.500000
vt 24.266663 0.666667
vt 24.266663 0.833333
vt 24.266663 1.000000
vt 24.266663 1.166667
vt 24.266663 1.333333
vt 24.266663 1.500000
vt 24.266663 1.666666
vt 24.266663 1.833333
vt 24.266663 2.000000
vt 24.533329 0.000000
vt 24.533329 0.166667
vt 24.533329 0.333333
vt 24.533329 0.500000
vt 24.533329 0.666667
vt 24.533329 0.833333
vt 24.533329 1.000000
vt 24.533329 1.166667
vt 24.533329 1.333333
vt 24.533329 1.500000
vt 24.533329 1.666666
vt 24.533329 1.833333
vt 24.533329 2.000000
vt 24.799997 0.000000
vt 24.799997 0.166667
vt 24.799997 0.333333
vt 24.799997 0.500000
vt 24.799997 0.666667
vt 24.799997 0.833333
vt 24.799997 1.000000
vt 24.799997 1.166667
vt 24.799997 1.333333
vt 24.799997 1.500000
vt 24.799997 1.666666
vt 24.799997 1.833333
vt 24.799997 2.000000
vt 25.066664 0.000000
vt 25.066664 0.166667
vt 25.066664 0.333333
vt 25.066664 0.500000
vt 25.066664 0.666667
vt 25.066664 0.833333
vt 25.066664 1.000000
vt 25.066664 1.166667
vt 25.066664 1.333333
vt 25.066664 1.500000
vt 25.066664 1.666666
vt 25.066664 1.833333
vt 25.066664 2.000000
vt 25.333332 0.000000
vt 25.333332 0.166667
vt 25.333332 0.333333
vt 25.333332 0.500000
vt 25.333332 0.666667
vt 25.333332 0.833333
vt 25.333332 1.000000
vt 25.333332 1.166667
vt 25.333332 1.333333
vt 25.333332 1.500000
vt 25.333332 1.666666
vt 25.333332 1.833333
vt 25.333332 2.000000
vt 25.600000 0.000000
vt 25.600000 0.166667
vt 25.600000 0.333333
vt 25.600000 0.500000
vt 25.600000 0.666667
vt 25.600000 0.833333
vt 25.600000 1.000000
vt 25.600000 1.166667
vt 25.600000 1.333333
vt 25.600000 1.500000
vt 25.600000 1.666666
vt 25.600000 1.833333
vt 25.600000 2.000000
vt 25.866667 0.000000
vt 25.866667 0.166667
vt 25.866667 0.333333
vt 25.866667 0.500000
vt 25.866667 0.666667
vt 25.866667 0.833333
vt 25.866667 1.000000
vt 25.866667 1.166667
vt 25.866667 1.333333
vt 25.866667 1.500000
vt 25.866667 1.666666
vt 25.866667 1.833333
vt 25.866667 2.000000
vt 26.133335 0.000000
vt 26.133335 0.166667
vt 26.133335 0.333333
vt 26.133335 0.500000
vt 26.133335 0.666667
vt 26.133335 0.833333
vt 26.133335 1.000000
vt 26.133335 1.166667
vt 26.133335 1.333333
vt 26.133335 1.500000
vt 26.133335 1.666666
vt 26.133335 1.833333
vt 26.133335 2.000000
vt 26.400002 0.000000
vt 26.400002 0.166667
vt 26.400002 0.333333
vt 26.400002 0.500000
vt 26.400002 0.666667
vt 26.400002 0.833333
vt 26.400002 1.000000
vt 26.400002 1.166667
vt 26.400002 1.333333
vt 26.400002 1.500000
vt 26.400002 1.666666
vt 26.400002 1.833333
vt 26.400002 2.000000
vt 26.666670 0.000000
vt 26.666670 0.166667
vt 26.666670 0.333333
vt 26.666670 0.500000
vt 26.666670 0.666667
vt 26.666670 0.833333
vt 26.666670 1.000000
vt 26.666670 1.166667
vt 26.666670 1.333333
vt 26.666670 1.500000
vt 26.666670 1.666666
vt 26.666670 1.833333
vt 26.666670 2.000000
vt 26.933338 0.000000
vt 26.933338 0.166667
vt 26.933338 0.333333
vt 26.933338 0.500000
vt 26.933338 0.666667
vt 26.933338 0.833333
vt 26.933338 1.000000
vt 26.933338 1.166667
vt 26.933338 1.333333
vt 26.933338 1.500000
vt 26.933338 1.666666
vt 26.933338 1.833333
vt 26.933338 2.000000
vt 27.200005 0.000000
vt 27.200005 0.166667
vt 27.200005 0.333333
vt 27.200005 0.500000
vt 27.200005 0.666667
vt 27.200005 0.833333
vt 27.200005 1.000000
vt 27.200005 1.166667
vt 27.200005 1.333333
vt 27.200005 1.500000
vt 27.200005 1.666666
vt 27.200005 1.833333
vt 27.200005 2.000000
vt 27.466673 0.000000
vt 27.466673 0.166667
vt 27.466673 0.333333
vt 27.466673 0.500000
vt 27.466673 0.666667
vt 27.466673 0.833333
vt 27.466673 1.000000
vt 27.466673 1.166667
vt 27.466673 1.333333
vt 27.466673 1.500000
vt 27.466673 1.666666
vt 27.466673 1.833333
vt 27.466673 2.000000
vt 27.733341 0.000000
vt 27.733341 0.166667
vt 27.733341 0.333333
vt 27.733341 0.500000
vt 27.733341 0.666667
vt 27.733341 0.833333
vt 27.733341 1.000000
vt 27.733341 1.166667
vt 27.733341 1.333333
vt 27.733341 1.500000
vt 27.733341 1.666666
vt 27.733341 1.833333
vt 27.733341 2.000000
vt 28.000008 0.000000
vt 28.000008 0.166667
vt 28.000008 0.333333
vt 28.000008 0.500000
vt 28.000008 0.666667
vt 28.000008 0.833333
vt 28.000008 1.000000
vt 28.000008 1.166667
vt 28.000008 1.333333
vt 28.000008 1.500000
vt 28.000008 1.666666
vt 28.000008 1.833333
vt 28.000008 2.000000
vt 28.266676 0.000000
vt 28.266676 0.166667
vt 28.266676 0.333333
vt 28.266676 0.500000
vt 28.266676 0.666667
vt 28.266676 0.833333
vt 28.266676 1.000000
vt 28.266676 1.166667
vt 28.266676 1.333333
vt 28.266676 1.500000
vt 28.266676 1.666666
vt 28.266676 1.833333
vt 28.266676 2.000000
vt 28.533342 0.000000
vt 28.533342 0.166667
vt 28.533342 0.333333
vt 28.533342 0.500000
vt 28.533342 0.666667
vt 28.533342 0.833333
vt 28.533342 1.000000
vt 28.533342 1.166667
vt 28.533342 1.333333
vt 28.533342 1.500000
vt 28.533342 1.666666
vt 28.533342 1.833333
vt 28.533342 2.000000
vt 28.800011 0.000000
vt 28.800011 0.166667
vt 28.800011 0.333333
vt 28.800011 0.500000
vt 28.800011 0.666667
vt 28.800011 0.833333
vt 28.800011 1.000000
vt 28.800011 1.166667
vt 28.800011 1.333333
vt 28.800011 1.500000
vt 28.800011 1.666666
vt 28.800011 1.833333
vt 28.800011 2.000000
vt 29.066679 0.000000
vt 29.066679 0.166667
vt 29.066679 0.333333
vt 29.066679 0.500000
vt 29.066679 0.666667
vt 29.066679 0.833333
vt 29.066679 1.000000
vt 29.066679 1.166667
vt 29.066679 1.333333
vt 29.066679 1.500000
vt 29.066679 1.666666
vt 29.066679 1.833333
vt 29.066679 2.000000
vt 29.333345 0.000000
vt 29.333345 0.166667
vt 29.333345 0.333333
vt 29.333345 0.500000
vt 29.333345 0.666667
vt 29.333345 0.833333
vt 29.333345 1.000000
vt 29.333345 1.166667
vt 29.333345 1.333333
vt 29.333345 1.500000
vt 29.333345 1.666666
vt 29.333345 1.833333
vt 29.333345 2.000000
vt 29.600014 0.000000
vt 29.600014 0.166667
vt 29.600014 0.333333
vt 29.600014 0.500000
vt 29.600014 0.666667
vt 29.600014 0.833333
vt 29.600014 1.000000
vt 29.600014 1.166667
vt 29.600014 1.333333
vt 29.600014 1.500000
vt 29.600014 1.666666
vt 29.600014 1.833333
vt 29.600014 2.000000
vt 29.866680 0.000000
vt 29.866680 0.166667
vt 29.866680 0.333333
vt 29.866680 0.500000
vt 29.866680 0.666667
vt 29.866680 0.833333
vt 29.866680 1.000000
vt 29.866680 1.166667
vt 29.866680 1.333333
vt 29.866680 1.500000
vt 29.866680 1.666666
vt 29.866680 1.833333
vt 29.866680 2.000000
vt 30.133348 0.000000
vt 30.133348 0.166667
vt 30.133348 0.333333
vt 30.133348 0.500000
vt 30.133348 0.666667
vt 30.133348 0.833333
vt 30.133348 1.000000
vt 30.133348 1.166667
vt 30.133348 1.333333
vt 30.133348 1.500000
vt 30.133348 1.666666
vt 30.133348 1.833333
vt 30.133348 2.000000
vt 30.400017 0.000000
vt 30.400017 0.166667
vt 30.400017 0.333333
vt 30.400017 0.500000
vt 30.400017 0.666667
vt 30.400017 0.833333
vt 30.400017 1.000000
vt 30.400017 1.166667
vt 30.400017 1.333333
vt 30.400017 1.500000
vt 30.400017 1.666666
vt 30.400017 1.833333
vt 30.400017 2.000000
vt 30.666683 0.000000
vt 30.666683 0.166667
vt 30.666683 0.333333
vt 30.666683 0.500000
vt 30.666683 0.666667
vt 30.666683 0.833333
vt 30.666683 1.000000
vt 30.666683 1.166667
vt 30.666683 1.333333
vt 30.666683 1.500000
vt 30.666683 1.666666
vt 30.666683 1.833333
vt 30.666683 2.000000
vt 30.933352 0.000000
vt 30.933352 0.166667
vt 30.933352 0.333333
vt 30.933352 0.500000
vt 30.933352 0.666667
vt 30.933352 0.833333
vt 30.933352 1.000000
vt 30.933352 1.166667
vt 30.933352 1.333333
vt 30.933352 1.500000
vt 30.933352 1.666666
vt 30.933352 1.833333
vt 30.933352 2.000000
vt 31.200018 0.000000
vt 31.200018 0.166667
vt 31.200018 0.333333
vt 31.200018 0.500000
vt 31.200018 0.666667
vt 31.200018 0.833333
vt 31.200018 1.000000
vt 31.200018 1.166667
vt 31.200018 1.333333
vt 31.200018 1.500000
vt 31.200018 1.666666
vt 31.200018 1.833333
vt 31.200018 2.000000
vt 31.466686 0.000000
vt 31.466686 0.166667
vt 31.466686 0.333333
vt 31.466686 0.500000
vt 31.466686 0.666667
vt 31.466686 0.833333
vt 31.466686 1.000000
vt 31.466686 1.166667
vt 31.466686 1.333333
vt 31.466686 1.500000
vt 31.466686 1.666666
vt 31.466686 1.833333
vt 31.466686 2.000000
vt 31.733355 0.000000
vt 31.733355 0.166667
vt 31.733355 0.333333
vt 31.733355 0.500000
vt 31.733355 0.666667
vt 31.733355 0.833333
vt 31.733355 1.000000
vt 31.733355 1.166667
vt 31.733355 1.333333
vt 31.733355 1.500000
vt 31.733355 1.666666
vt 31.733355 1.833333
vt 31.733355 2.000000
vt 32.000023 0.000000
vt 32.000023 0.166667
vt 32.000023 0.333333
vt 32.000023 0.500000
vt 32.000023 0.666667
vt 32.000023 0.833333
vt 32.000023 1.000000
vt 32.000023 1.166667
vt 32.000023 1.333333
vt 32.000023 1.500000
vt 32.000023 1.666666
vt 32.000023 1.833333
vt 32.000023 2.000000
vn 0.7110 -0.7031 0.0133
vn 0.7123 -0.6935 0.1079
vn 0.8789 -0.2868 0.3811
vn 0.8667 -0.3476 0.3576
vn 0.8110 0.1928 0.5523
vn 0.7905 0.0982 0.6045
vn 0.5303 0.6194 0.5789
vn 0.5059 0.5159 0.6913
vn 0.1113 0.8833 0.4553
vn 0.0890 0.7971 0.5972
vn -0.3373 0.9169 0.2134
vn -0.3514 0.8695 0.3470
vn -0.6992 0.7098 -0.0852
vn -0.7006 0.7135 0.0049
vn -0.8775 0.3134 -0.3630
vn -0.8653 0.3681 -0.3403
vn -0.8206 -0.1691 -0.5459
vn -0.7985 -0.0768 -0.5970
vn -0.5397 -0.6084 -0.5818
vn -0.5149 -0.5027 -0.6944
vn -0.1093 -0.8844 -0.4537
vn -0.0894 -0.7947 -0.6004
vn 0.3510 -0.9153 -0.1977
vn 0.3610 -0.8689 -0.3386
vn 0.7141 -0.6734 0.1912
vn 0.9000 -0.2271 0.3721
vn 0.8466 0.2759 0.4550
vn 0.5721 0.7045 0.4200
vn 0.1493 0.9492 0.2769
vn -0.3134 0.9476 0.0623
vn -0.6964 0.6974 -0.1692
vn -0.8970 0.2600 -0.3575
vn -0.8564 -0.2510 -0.4511
vn -0.5804 -0.6973 -0.4206
vn -0.1422 -0.9527 -0.2683
vn 0.3337 -0.9417 -0.0422
vn 0.7164 -0.6483 0.2577
vn 0.9268 -0.1830 0.3280
vn 0.8916 0.3274 0.3128
vn 0.6245 0.7502 0.2174
vn 0.1961 0.9783 0.0667
vn -0.2842 0.9534 -0.1010
vn -0.6932 0.6785 -0.2428
vn -0.9211 0.2204 -0.3209
vn -0.9006 -0.3025 -0.3119
vn -0.6299 -0.7466 -0.2139
vn -0.1825 -0.9817 -0.0531
vn 0.3114 -0.9427 0.1191
vn 0.7182 -0.6241 0.3076
vn 0.9518 -0.1672 0.2569
vn 0.9333 0.3305 0.1400
vn 0.6726 0.7399 -0.0119
vn 0.2386 0.9578 -0.1601
vn -0.2585 0.9284 -0.2668
vn -0.6912 0.6556 -0.3039
vn -0.9436 0.2052 -0.2597
vn -0.9412 -0.3060 -0.1430
vn -0.6764 -0.7364 0.0167
vn -0.2223 -0.9597 0.1719
vn 0.2892 -0.9162 0.2773
vn 0.7196 -0.6030 0.3443
vn 0.9673 -0.1831 0.1751
vn 0.9587 0.2819 -0.0380
vn 0.7011 0.6715 -0.2398
vn 0.2628 0.8872 -0.3792
vn -0.2449 0.8736 -0.4205
vn -0.6918 0.6308 -0.3514
vn -0.9580 0.2173 -0.1871
vn -0.9653 -0.2590 0.0310
vn -0.7048 -0.6664 0.2433
vn -0.2477 -0.8880 0.3873
vn 0.2754 -0.8632 0.4230
vn 0.7210 -0.5856 0.3704
vn 0.9696 -0.2243 0.0981
vn 0.9609 0.1937 -0.1975
vn 0.7024 0.5593 -0.4402
vn 0.2622 0.7797 -0.5686
vn -0.2474 0.7981 -0.5494
vn -0.6952 0.6067 -0.3854
vn -0.9608 0.2517 -0.1164
vn -0.9666 -0.1744 0.1875
vn -0.7054 -0.5543 0.4418
vn -0.2481 -0.7808 0.5733
vn 0.2758 -0.7913 0.5458
vn 0.7230 -0.5717 0.3879
vn 0.9594 -0.2799 0.0337
vn 0.9414 0.0837 -0.3268
vn 0.6779 0.4241 -0.6004
vn 0.2386 0.6540 -0.7178
vn -0.2643 0.7140 -0.6483
vn -0.7005 0.5860 -0.4073
vn -0.9522 0.3003 -0.0551
vn -0.9465 -0.0688 0.3152
vn -0.6800 -0.4206 0.6006
vn -0.2253 -0.6565 0.7199
vn 0.2898 -0.7111 0.6406
vn 0.7252 -0.5617 0.3982
vn 0.9393 -0.3425 -0.0170
vn 0.9044 -0.0342 -0.4252
vn 0.6334 0.2819 -0.7207
vn 0.1973 0.5244 -0.8282
vn -0.2915 0.6304 -0.7194
vn -0.7060 0.5703 -0.4198
vn -0.9341 0.3569 -0.0053
vn -0.9094 0.0453 0.4134
vn -0.6346 -0.2799 0.7203
vn -0.1848 -0.5283 0.8287
vn 0.3142 -0.6310 0.7093
vn 0.7268 -0.5562 0.4029
vn 0.9110 -0.4086 -0.0558
vn 0.8538 -0.1540 -0.4973
vn 0.5734 0.1401 -0.8072
vn 0.1433 0.3975 -0.9063
vn -0.3255 0.5514 -0.7681
vn -0.7107 0.5601 -0.4256
vn -0.9076 0.4185 0.0333
vn -0.8588 0.1622 0.4859
vn -0.5741 -0.1394 0.8068
vn -0.1313 -0.4028 0.9058
vn 0.3460 -0.5551 0.7564
vn 0.7269 -0.5555 0.4038
vn 0.8743 -0.4779 -0.0843
vn 0.7904 -0.2747 -0.5475
vn 0.4999 -0.0002 -0.8661
vn 0.0788 0.2744 -0.9583
vn -0.3642 0.4778 -0.7994
vn -0.7131 0.5555 -0.4276
vn -0.8727 0.4843 0.0614
vn -0.7958 0.2809 0.5365
vn -0.5001 -0.0002 0.8659
vn -0.0670 -0.2812 0.9573
vn 0.3831 -0.4845 0.7865
vn 0.7240 -0.5601 0.4026
vn 0.8278 -0.5515 -0.1021
vn 0.7130 -0.3978 -0.5773
vn 0.4122 -0.1404 -0.9002
vn 0.0037 0.1537 -0.9881
vn -0.4071 0.4085 -0.8169
vn -0.7124 0.5562 -0.4280
vn -0.8281 0.5549 0.0786
vn -0.7191 0.4024 0.5665
vn -0.4121 0.1389 0.9005
vn 0.0083 -0.1626 0.9866
vn 0.4249 -0.4186 0.8026
vn 0.7166 -0.5703 0.4015
vn 0.7687 -0.6305 -0.1072
vn 0.6183 -0.5247 -0.5850
vn 0.3071 -0.2823 -0.9088
vn -0.0842 0.0339 -0.9958
vn -0.4550 0.3424 -0.8220
vn -0.7074 0.5617 -0.4288
vn -0.7715 0.6308 0.0825
vn -0.6257 0.5278 0.5744
vn -0.3070 0.2793 0.9098
vn 0.0963 -0.0457 0.9943
vn 0.4716 -0.3570 0.8063
vn 0.7030 -0.5860 0.4029
vn 0.6934 -0.7142 -0.0952
vn 0.5020 -0.6544 -0.5654
vn 0.1806 -0.4246 -0.8872
vn -0.1880 -0.0840 -0.9785
vn -0.5090 0.2799 -0.8140
vn -0.6974 0.5717 -0.4321
vn -0.6999 0.7108 0.0694
vn -0.5115 0.6558 0.5553
vn -0.1810 0.4198 0.8894
vn 0.1997 0.0684 0.9774
vn 0.5237 -0.3004 0.7971
vn 0.6814 -0.6068 0.4093
vn 0.5992 -0.7983 -0.0603
vn 0.3607 -0.7801 -0.5111
vn 0.0295 -0.5597 -0.8281
vn -0.3098 -0.1940 -0.9308
vn -0.5698 0.2242 -0.7906
vn -0.6813 0.5856 -0.4391
vn -0.6110 0.7909 0.0344
vn -0.3736 0.7799 0.5022
vn -0.0314 0.5532 0.8325
vn 0.3202 0.1738 0.9313
vn 0.5810 -0.2518 0.7739
vn 0.6502 -0.6309 0.4234
vn 0.4862 -0.8738 0.0020
vn 0.1963 -0.8875 -0.4168
vn -0.1436 -0.6718 -0.7266
vn -0.4469 -0.2821 -0.8489
vn -0.6355 0.1832 -0.7500
vn -0.6579 0.6031 -0.4509
vn -0.5047 0.8629 -0.0263
vn -0.2136 0.8869 0.4096
vn 0.1393 0.6651 0.7336
vn 0.4547 0.2584 0.8523
vn 0.6409 -0.2175 0.7361
vn 0.6087 -0.6558 0.4466
vn 0.3598 -0.9286 0.0907
vn 0.0185 -0.9580 -0.2861
vn -0.3268 -0.7400 -0.5878
vn -0.5885 -0.3304 -0.7378
vn -0.6985 0.1674 -0.6957
vn -0.6255 0.6243 -0.4679
vn -0.3856 0.9160 -0.1107
vn -0.0405 0.9588 0.2811
vn 0.3207 0.7354 0.5969
vn 0.5932 0.3055 0.7448
vn 0.6966 -0.2055 0.6874
vn 0.5567 -0.6789 0.4788
vn 0.2290 -0.9535 0.1959
vn -0.1567 -0.9782 -0.1359
vn -0.5014 -0.7499 -0.4315
vn -0.7172 -0.3271 -0.6154
vn -0.7474 0.1834 -0.6385
vn -0.5812 0.6487 -0.4913
vn -0.2596 0.9429 -0.2087
vn 0.1347 0.9817 0.1349
vn 0.4976 0.7463 0.4420
vn 0.7195 0.3021 0.6253
vn 0.7383 -0.2209 0.6373
vn 0.4943 -0.6978 0.5184
vn 0.1019 -0.9476 0.3027
vn -0.3154 -0.9489 0.0096
vn -0.6505 -0.7039 -0.2851
vn -0.8177 -0.2753 -0.5055
vn -0.7721 0.2277 -0.5933
vn -0.5223 0.6738 -0.5226
vn -0.1306 0.9422 -0.3086
vn 0.3020 0.9532 -0.0078
vn 0.6531 0.6974 0.2951
vn 0.8184 0.2505 0.5172
vn 0.7578 -0.2607 0.5981
vn 0.4228 -0.7101 0.5629
vn -0.0169 -0.9168 0.3989
vn -0.4508 -0.8829 0.1314
vn -0.7671 -0.6187 -0.1696
vn -0.8840 -0.1921 -0.4262
vn -0.7692 0.2875 -0.5707
vn -0.4491 0.6940 -0.5626
vn -0.0043 0.9158 -0.4016
vn 0.4469 0.8851 -0.1299
vn 0.7731 0.6086 0.1784
vn 0.8828 0.1686 0.4384
vn 0.7528 -0.3140 0.5784
vn 0.3453 -0.7138 0.6092
vn -0.1256 -0.8694 0.4779
vn -0.5625 -0.7966 0.2215
vn -0.8521 -0.5151 -0.0926
vn -0.9187 -0.0974 -0.3826
vn -0.7426 0.3482 -0.5720
vn -0.3664 0.7036 -0.6088
vn 0.1131 0.8694 -0.4810
vn 0.5647 0.7951 -0.2212
vn 0.8587 0.5025 0.1000
vn 0.9161 0.0761 0.3936
vn 0.7269 -0.3687 0.5793
vn 0.2673 -0.7075 0.6542
vn -0.2220 -0.8126 0.5389
vn -0.6520 -0.7039 0.2817
vn -0.9106 -0.4101 -0.0497
vn -0.9295 -0.0074 -0.3687
vn -0.7011 0.3991 -0.5909
vn -0.2826 0.7001 -0.6557
vn 0.2159 0.8113 -0.5433
vn 0.6567 0.6992 -0.2824
vn 0.9162 0.3968 0.0557
vn 0.9259 -0.0113 0.3775
vn 0.6874 -0.4150 0.5959
vn 0.1947 -0.6920 0.6951
vn -0.3037 -0.7525 0.5844
vn -0.7213 -0.6147 0.3191
vn -0.9486 -0.3148 -0.0309
vn -0.9249 0.0690 -0.3738
vn -0.6540 0.4355 -0.6185
vn -0.2053 0.6857 -0.6983
vn 0.3013 0.7495 -0.5895
vn 0.7264 0.6081 -0.3202
vn 0.9527 0.3018 0.0356
vn 0.9210 -0.0851 0.3803
vn 0.6428 -0.4484 0.6211
vn 0.1325 -0.6701 0.7304
vn -0.3692 -0.6941 0.6180
vn -0.7727 -0.5349 0.3416
vn -0.9718 -0.2343 -0.0259
vn -0.9127 0.1288 -0.3877
vn -0.6091 0.4581 -0.6474
vn -0.1400 0.6644 -0.7342
vn 0.3685 0.6902 -0.6228
vn 0.7771 0.5279 -0.3426
vn 0.9744 0.2226 0.0296
vn 0.9087 -0.1422 0.3924
vn 0.6001 -0.4686 0.6484
vn 0.0832 -0.6452 0.7595
vn -0.4188 -0.6410 0.6431
vn -0.8093 -0.4673 0.3558
vn -0.9851 -0.1698 -0.0267
vn -0.8986 0.1730 -0.4032
vn -0.5710 0.4698 -0.6732
vn -0.0887 0.6402 -0.7631
vn 0.4186 0.6370 -0.6472
vn 0.8127 0.4609 -0.3565
vn 0.9867 0.1600 0.0297
vn 0.8949 -0.1838 0.4067
vn 0.5638 -0.4782 0.6734
vn 0.0471 -0.6204 0.7829
vn -0.4539 -0.5953 0.6630
vn -0.8340 -0.4124 0.3665
vn -0.9924 -0.1200 -0.0280
vn -0.8861 0.2044 -0.4160
vn -0.5421 0.4742 -0.6937
vn -0.0516 0.6165 -0.7856
vn 0.4536 0.5921 -0.6661
vn 0.8363 0.4073 -0.3670
vn 0.9932 0.1124 0.0305
vn 0.8828 -0.2126 0.4188
vn 0.5362 -0.4806 0.6939
vn 0.0228 -0.5983 0.8009
vn -0.4771 -0.5578 0.6791
vn -0.8498 -0.3692 0.3761
vn -0.9962 -0.0823 -0.0275
vn -0.8766 0.2264 -0.4245
vn -0.5220 0.4746 -0.7086
vn -0.0265 0.5953 -0.8031
vn 0.4766 0.5553 -0.6815
vn 0.8514 0.3653 -0.3764
vn 0.9966 0.0766 0.0296
vn 0.8739 -0.2326 0.4269
vn 0.5172 -0.4795 0.7089
vn 0.0084 -0.5801 0.8145
vn -0.4909 -0.5284 0.6927
vn -0.8591 -0.3360 0.3860
vn -0.9982 -0.0541 -0.0239
vn -0.8707 0.2421 -0.4280
vn -0.5099 0.4737 -0.7181
vn -0.0117 0.5781 -0.8159
vn 0.4900 0.5268 -0.6945
vn 0.8600 0.3334 -0.3863
vn 0.9984 0.0502 0.0255
vn 0.8685 -0.2465 0.4300
vn 0.5059 -0.4771 0.7186
vn 0.0012 -0.5667 0.8239
vn -0.4980 -0.5063 0.7040
vn -0.8639 -0.3109 0.3961
vn -0.9993 -0.0326 -0.0177
vn -0.8676 0.2544 -0.4271
vn -0.5036 0.4734 -0.7226
vn -0.0042 0.5654 -0.8247
vn 0.4967 0.5055 -0.7055
vn 0.8642 0.3095 -0.3966
vn 0.9994 0.0301 0.0188
vn 0.8659 -0.2574 0.4288
vn 0.5004 -0.4758 0.7233
vn -0.0013 -0.5585 0.8295
vn -0.5006 -0.4908 0.7131
vn -0.8659 -0.2920 0.4061
vn -0.9998 -0.0153 -0.0094
vn -0.8665 0.2655 -0.4225
vn -0.5014 0.4754 -0.7229
vn -0.0016 0.5579 -0.8299
vn 0.4989 0.4907 -0.7143
vn 0.8657 0.2916 -0.4068
vn 0.9998 0.0141 0.0099
vn 0.8654 -0.2673 0.4239
vn 0.4987 -0.4768 0.7238
vn -0.0014 -0.5556 0.8314
vn -0.5011 -0.4808 0.7195
vn -0.8664 -0.2774 0.4152
vn -1.0000 0.0000 0.0000
vn -0.8664 0.2774 -0.4152
vn -0.5011 0.4808 -0.7195
vn -0.0014 0.5556 -0.8314
vn 0.4989 0.4815 -0.7206
vn 0.8657 0.2781 -0.4162
vn 1.0000 0.0000 0.0000
vn 0.8657 -0.2781 0.4162
vn 0.4989 -0.4815 0.7206
vn -0.0016 -0.5579 0.8299
vn -0.5014 -0.4754 0.7229
vn -0.8665 -0.2655 0.4225
vn -0.9998 0.0153 0.0094
vn -0.8659 0.2920 -0.4061
vn -0.5006 0.4908 -0.7131
vn -0.0013 0.5585 -0.8295
vn 0.4987 0.4768 -0.7238
vn 0.8654 0.2673 -0.4239
vn 0.9998 -0.0141 -0.0099
vn 0.8657 -0.2916 0.4068
vn 0.4989 -0.4907 0.7143
vn -0.0042 -0.5654 0.8248
vn -0.5036 -0.4734 0.7226
vn -0.8677 -0.2544 0.4271
vn -0.9993 0.0326 0.0177
vn -0.8639 0.3109 -0.3961
vn -0.4979 0.5064 -0.7040
vn 0.0012 0.5667 -0.8239
vn 0.5004 0.4757 -0.7233
vn 0.8660 0.2573 -0.4288
vn 0.9994 -0.0301 -0.0188
vn 0.8642 -0.3095 0.3966
vn 0.4967 -0.5055 0.7055
vn -0.0118 -0.5780 0.8159
vn -0.5100 -0.4736 0.7180
vn -0.8708 -0.2421 0.4279
vn -0.9982 0.0542 0.0239
vn -0.8591 0.3361 -0.3860
vn -0.4908 0.5284 -0.6927
vn 0.0085 0.5801 -0.8145
vn 0.5060 0.4771 -0.7186
vn 0.8685 0.2465 -0.4299
vn 0.9984 -0.0503 -0.0255
vn 0.8599 -0.3335 0.3864
vn 0.4899 -0.5268 0.6946
vn -0.0267 -0.5952 0.8031
vn -0.5222 -0.4745 0.7086
vn -0.8767 -0.2263 0.4244
vn -0.9962 0.0825 0.0273
vn -0.8497 0.3693 -0.3762
vn -0.4769 0.5579 -0.6791
vn 0.0230 0.5983 -0.8009
vn 0.5173 0.4794 -0.7089
vn 0.8740 0.2325 -0.4267
vn 0.9966 -0.0767 -0.0294
vn 0.8513 -0.3653 0.3766
vn 0.4764 -0.5553 0.6816
vn -0.0519 -0.6164 0.7857
vn -0.5424 -0.4741 0.6936
vn -0.8862 -0.2042 0.4158
vn -0.9923 0.1202 0.0278
vn -0.8338 0.4126 -0.3667
vn -0.4536 0.5954 -0.6630
vn 0.0475 0.6204 -0.7828
vn 0.5365 0.4805 -0.6937
vn 0.8829 0.2125 -0.4186
vn 0.9932 -0.1125 -0.0302
vn 0.8362 -0.4073 0.3673
vn 0.4533 -0.5920 0.6663
vn -0.0892 -0.6401 0.7631
vn -0.5715 -0.4696 0.6730
vn -0.8988 -0.1727 0.4029
vn -0.9850 0.1702 0.0263
vn -0.8090 0.4676 -0.3561
vn -0.4183 0.6412 -0.6433
vn 0.0837 0.6451 -0.7595
vn 0.5642 0.4780 -0.6732
vn 0.8951 0.1834 -0.4064
vn 0.9866 -0.1603 -0.0293
vn 0.8124 -0.4610 0.3570
vn 0.4182 -0.6370 0.6475
vn -0.1405 -0.6641 0.7342
vn -0.6095 -0.4578 0.6472
vn -0.9129 -0.1284 0.3873
vn -0.9717 0.2348 0.0255
vn -0.7724 0.5353 -0.3418
vn -0.3686 0.6943 -0.6181
vn 0.1331 0.6700 -0.7303
vn 0.6005 0.4682 -0.6482
vn 0.9090 0.1418 -0.3920
vn 0.9744 -0.2229 -0.0291
vn 0.7768 -0.5280 0.3432
vn 0.3680 -0.6901 0.6232
vn -0.2059 -0.6854 0.6984
vn -0.6545 -0.4351 0.6183
vn -0.9251 -0.0685 0.3735
vn -0.9485 0.3154 0.0306
vn -0.7208 0.6152 -0.3193
vn -0.3030 0.7527 -0.5844
vn 0.1953 0.6919 -0.6950
vn 0.6433 0.4480 -0.6208
vn 0.9212 0.0846 -0.3798
vn 0.9526 -0.3020 -0.0349
vn 0.7261 -0.6081 0.3209
vn 0.3008 -0.7492 0.5900
vn -0.2834 -0.6997 0.6558
vn -0.7017 -0.3984 0.5906
vn -0.9297 0.0081 0.3682
vn -0.9103 0.4109 0.0493
vn -0.6513 0.7044 -0.2820
vn -0.2211 0.8127 -0.5390
vn 0.2681 0.7072 -0.6542
vn 0.6880 0.4144 -0.5958
vn 0.9261 0.0106 -0.3770
vn 0.9161 -0.3972 -0.0548
vn 0.6563 -0.6992 0.2835
vn 0.2152 -0.8110 0.5440
vn -0.3670 -0.7031 0.6091
vn -0.7431 -0.3476 0.5718
vn -0.9188 0.0982 0.3824
vn -0.8516 0.5158 0.0925
vn -0.5618 0.7971 -0.2215
vn -0.1248 0.8695 -0.4778
vn 0.3460 0.7135 -0.6092
vn 0.7273 0.3681 -0.5792
vn 0.9163 -0.0767 -0.3930
vn 0.8588 -0.5027 -0.0988
vn 0.5647 -0.7947 0.2228
vn 0.1127 -0.8689 0.4819
vn -0.4495 -0.6935 0.5629
vn -0.7695 -0.2869 0.5706
vn -0.8838 0.1928 0.4262
vn -0.7665 0.6194 0.1698
vn -0.4500 0.8833 -0.1312
vn -0.0161 0.9169 -0.3988
vn 0.4234 0.7098 -0.5629
vn 0.7531 0.3134 -0.5784
vn 0.8831 -0.1691 -0.4376
vn 0.7737 -0.6084 -0.1765
vn 0.4476 -0.8844 0.1322
vn -0.0042 -0.9153 0.4028
vn -0.5227 -0.6733 0.5229
vn -0.7722 -0.2270 0.5933
vn -0.8173 0.2760 0.5057
vn -0.6498 0.7045 0.2855
vn -0.3144 0.9492 -0.0092
vn 0.1027 0.9475 -0.3026
vn 0.4947 0.6974 -0.5185
vn 0.7580 0.2600 -0.5981
vn 0.8188 -0.2510 -0.5162
vn 0.6544 -0.6973 -0.2923
vn 0.3034 -0.9528 0.0110
vn -0.1304 -0.9417 0.3100
vn -0.5813 -0.6484 0.4915
vn -0.7474 -0.1830 0.6386
vn -0.7167 0.3274 0.6158
vn -0.5005 0.7501 0.4321
vn -0.1558 0.9783 0.1365
vn 0.2296 0.9534 -0.1956
vn 0.5569 0.6786 -0.4789
vn 0.7385 0.2204 -0.6372
vn 0.7205 -0.3024 -0.6240
vn 0.5003 -0.7465 -0.4386
vn 0.1373 -0.9817 -0.1315
vn -0.2588 -0.9428 0.2101
vn -0.6255 -0.6241 0.4681
vn -0.6984 -0.1672 0.6959
vn -0.5879 0.3305 0.7383
vn -0.3260 0.7399 0.5884
vn 0.0193 0.9578 0.2866
vn 0.3603 0.9284 -0.0905
vn 0.6088 0.6556 -0.4467
vn 0.6967 0.2052 -0.6874
vn 0.5944 -0.3060 -0.7436
vn 0.3237 -0.7363 -0.5941
vn -0.0378 -0.9597 -0.2785
vn -0.3847 -0.9162 0.1117
vn -0.6579 -0.6030 0.4510
vn -0.6354 -0.1831 0.7501
vn -0.4464 0.2819 0.8492
vn -0.1428 0.6715 0.7271
vn 0.1970 0.8872 0.4172
vn 0.4866 0.8736 -0.0019
vn 0.6502 0.6308 -0.4234
vn 0.6410 0.2173 -0.7361
vn 0.4558 -0.2591 -0.8515
vn 0.1417 -0.6664 -0.7320
vn -0.2116 -0.8881 -0.4081
vn -0.5040 -0.8632 0.0269
vn -0.6813 -0.5856 0.4392
vn -0.5697 -0.2242 0.7906
vn -0.3094 0.1937 0.9310
vn 0.0301 0.5593 0.8284
vn 0.3613 0.7797 0.5114
vn 0.5995 0.7981 0.0604
vn 0.6814 0.6067 -0.4094
vn 0.5812 0.2517 -0.7739
vn 0.3210 -0.1744 -0.9309
vn -0.0299 -0.5543 -0.8318
vn -0.3723 -0.7809 -0.5015
vn -0.6105 -0.7913 -0.0340
vn -0.6974 -0.5717 0.4321
vn -0.5089 -0.2799 0.8140
vn -0.1877 0.0837 0.9786
vn 0.1810 0.4241 0.8873
vn 0.5024 0.6540 0.5655
vn 0.6936 0.7140 0.0952
vn 0.7030 0.5860 -0.4029
vn 0.5238 0.3003 -0.7971
vn 0.2003 -0.0689 -0.9773
vn -0.1801 -0.4206 -0.8892
vn -0.5108 -0.6565 -0.5551
vn -0.6997 -0.7111 -0.0693
vn -0.7074 -0.5617 0.4289
vn -0.4549 -0.3425 0.8220
vn -0.0840 -0.0342 0.9958
vn 0.3074 0.2819 0.9088
vn 0.6186 0.5244 0.5850
vn 0.7688 0.6304 0.1072
vn 0.7166 0.5703 -0.4016
vn 0.4717 0.3569 -0.8063
vn 0.0967 0.0453 -0.9943
vn -0.3065 -0.2799 -0.9098
vn -0.6252 -0.5283 -0.5744
vn -0.7714 -0.6310 -0.0825
vn -0.7124 -0.5562 0.4280
vn -0.4071 -0.4086 0.8169
vn 0.0038 -0.1540 0.9880
vn 0.4124 0.1401 0.9001
vn 0.7132 0.3975 0.5773
vn 0.8279 0.5514 0.1021
vn 0.7240 0.5601 -0.4026
vn 0.4250 0.4185 -0.8026
vn 0.0086 0.1622 -0.9867
vn -0.4117 -0.1394 -0.9006
vn -0.7188 -0.4028 -0.5666
vn -0.8280 -0.5551 -0.0786
vn -0.7131 -0.5555 0.4276
vn -0.3641 -0.4779 0.7993
vn 0.0790 -0.2747 0.9583
vn 0.5001 -0.0002 0.8660
vn 0.7906 0.2744 0.5474
vn 0.8744 0.4778 0.0843
vn 0.7269 0.5555 -0.4038
vn 0.3831 0.4843 -0.7865
vn -0.0667 0.2809 -0.9574
vn -0.4998 -0.0002 -0.8661
vn -0.7955 -0.2813 -0.5366
vn -0.8726 -0.4845 -0.0615
vn -0.7107 -0.5601 0.4256
vn -0.3254 -0.5516 0.7680
vn 0.1435 -0.3978 0.9062
vn 0.5735 -0.1404 0.8071
vn 0.8539 0.1537 0.4972
vn 0.9110 0.4085 0.0558
vn 0.7268 0.5562 -0.4029
vn 0.3460 0.5549 -0.7565
vn -0.1311 0.4024 -0.9060
vn -0.5738 0.1389 -0.8071
vn -0.8586 -0.1626 -0.4861
vn -0.9075 -0.4186 -0.0333
vn -0.7060 -0.5703 0.4198
vn -0.2915 -0.6305 0.7194
vn 0.1975 -0.5247 0.8280
vn 0.6335 -0.2823 0.7204
vn 0.9045 0.0339 0.4250
vn 0.9394 0.3424 0.0170
vn 0.7251 0.5617 -0.3982
vn 0.3143 0.6308 -0.7094
vn -0.1846 0.5278 -0.8290
vn -0.6344 0.2793 -0.7208
vn -0.9092 -0.0457 -0.4137
vn -0.9340 -0.3570 0.0053
vn -0.7004 -0.5860 0.4073
vn -0.2642 -0.7141 0.6482
vn 0.2386 -0.6544 0.7175
vn 0.6780 -0.4246 0.6000
vn 0.9414 -0.0840 0.3265
vn 0.9594 0.2799 -0.0338
vn 0.7230 0.5717 -0.3879
vn 0.2898 0.7108 -0.6409
vn -0.2251 0.6558 -0.7206
vn -0.6797 0.4198 -0.6015
vn -0.9464 0.0684 -0.3157
vn -0.9522 -0.3004 0.0550
vn -0.6952 -0.6068 0.3854
vn -0.2473 -0.7983 0.5491
vn 0.2623 -0.7801 0.5680
vn 0.7024 -0.5598 0.4396
vn 0.9610 -0.1940 0.1971
vn 0.9696 0.2242 -0.0982
vn 0.7210 0.5856 -0.3705
vn 0.2757 0.7909 -0.5463
vn -0.2481 0.7798 -0.5747
vn -0.7052 0.5531 -0.4435
vn -0.9666 0.1738 -0.1884
vn -0.9608 -0.2518 0.1162
vn -0.6917 -0.6309 0.3514
vn -0.2448 -0.8738 0.4200
vn 0.2628 -0.8876 0.3783
vn 0.7011 -0.6719 0.2389
vn 0.9586 -0.2821 0.0374
vn 0.9673 0.1832 -0.1753
vn 0.7194 0.6031 -0.3444
vn 0.2751 0.8628 -0.4240
vn -0.2480 0.8868 -0.3900
vn -0.7050 0.6651 -0.2463
vn -0.9655 0.2584 -0.0324
vn -0.9580 -0.2175 0.1870
vn -0.6911 -0.6558 0.3038
vn -0.2584 -0.9286 0.2662
vn 0.2385 -0.9580 0.1590
vn 0.6725 -0.7400 0.0108
vn 0.9333 -0.3304 -0.1408
vn 0.9518 0.1674 -0.2571
vn 0.7180 0.6243 -0.3077
vn 0.2886 0.9160 -0.2786
vn -0.2233 0.9587 -0.1758
vn -0.6773 0.7353 -0.0209
vn -0.9416 0.3055 0.1413
vn -0.9436 -0.2055 0.2595
vn -0.6930 -0.6789 0.2427
vn -0.2841 -0.9535 0.1003
vn 0.1961 -0.9782 -0.0678
vn 0.6244 -0.7499 -0.2184
vn 0.8915 -0.3270 -0.3134
vn 0.9267 0.1834 -0.3280
vn 0.7161 0.6487 -0.2577
vn 0.3105 0.9429 -0.1204
vn -0.1843 0.9816 0.0493
vn -0.6316 0.7462 0.2100
vn -0.9013 0.3020 0.3105
vn -0.9210 -0.2209 0.3207
vn -0.6962 -0.6977 0.1689
vn -0.3132 -0.9476 -0.0631
vn 0.1493 -0.9489 -0.2779
vn 0.5721 -0.7040 -0.4208
vn 0.8466 -0.2754 -0.4554
vn 0.8999 0.2276 -0.3720
vn 0.7138 0.6738 -0.1911
vn 0.3327 0.9421 0.0410
vn -0.1440 0.9533 0.2652
vn -0.5820 0.6976 0.4178
vn -0.8571 0.2507 0.4500
vn -0.8969 -0.2605 0.3572
vn -0.6989 -0.7102 0.0847
vn -0.3370 -0.9168 -0.2141
vn 0.1116 -0.8829 -0.4561
vn 0.5305 -0.6187 -0.5794
vn 0.8112 -0.1921 -0.5524
vn 0.8788 0.2875 -0.3807
vn 0.7118 0.6941 -0.1075
vn 0.3499 0.9158 0.1972
vn -0.1110 0.8849 0.4523
vn -0.5411 0.6084 0.5805
vn -0.8211 0.1685 0.5454
vn -0.8773 -0.3141 0.3627
vn -0.7003 -0.7138 -0.0055
vn -0.3511 -0.8694 -0.3478
vn 0.0894 -0.7966 -0.5979
vn 0.5062 -0.5151 -0.6916
vn 0.7907 -0.0974 -0.6044
vn 0.8667 0.3482 -0.3572
vn 0.7105 0.7036 -0.0130
vn 0.3600 0.8694 0.3383
vn -0.0908 0.7952 0.5995
vn -0.5160 0.5027 0.6936
vn -0.7989 0.0762 0.5965
vn -0.8652 -0.3687 0.3398
vn -0.7002 -0.7075 -0.0956
vn -0.3556 -0.8126 -0.4617
vn 0.0821 -0.7039 -0.7055
vn 0.4984 -0.4101 -0.7638
vn 0.7841 -0.0074 -0.6206
vn 0.8623 0.3991 -0.3117
vn 0.7091 0.7001 0.0832
vn 0.3625 0.8112 0.4587
vn -0.0838 0.6992 0.7100
vn -0.5064 0.3967 0.7656
vn -0.7899 -0.0113 0.6131
vn -0.8598 -0.4151 0.2973
vn -0.6994 -0.6920 -0.1789
vn -0.3543 -0.7525 -0.5552
vn 0.0843 -0.6147 -0.7842
vn 0.5011 -0.3148 -0.8061
vn 0.7862 0.0690 -0.6142
vn 0.8626 0.4355 -0.2572
vn 0.7074 0.6857 0.1712
vn 0.3598 0.7495 0.5556
vn -0.0858 0.6082 0.7891
vn -0.5072 0.3018 0.8072
vn -0.7898 -0.0850 0.6074
vn -0.8593 -0.4483 0.2462
vn -0.6988 -0.6701 -0.2504
vn -0.3506 -0.6941 -0.6287
vn 0.0905 -0.5349 -0.8400
vn 0.5083 -0.2344 -0.8286
vn 0.7921 0.1288 -0.5966
vn 0.8652 0.4581 -0.2038
vn 0.7058 0.6643 0.2459
vn 0.3551 0.6901 0.6305
vn -0.0919 0.5279 0.8443
vn -0.5129 0.2226 0.8291
vn -0.7942 -0.1422 0.5908
vn -0.8615 -0.4686 0.1955
vn -0.6994 -0.6451 -0.3077
vn -0.3477 -0.6410 -0.6842
vn 0.0964 -0.4674 -0.8788
vn 0.5156 -0.1699 -0.8398
vn 0.7985 0.1729 -0.5766
vn 0.8685 0.4698 -0.1580
vn 0.7052 0.6402 0.3046
vn 0.3513 0.6371 0.6861
vn -0.0975 0.4610 0.8820
vn -0.5190 0.1601 0.8396
vn -0.7996 -0.1837 0.5716
vn -0.8651 -0.4781 0.1516
vn -0.7015 -0.6204 -0.3506
vn -0.3472 -0.5953 -0.7245
vn 0.0995 -0.4124 -0.9055
vn 0.5204 -0.1200 -0.8454
vn 0.8033 0.2044 -0.5594
vn 0.8718 0.4742 -0.1227
vn 0.7062 0.6165 0.3481
vn 0.3501 0.5921 0.7259
vn -0.1003 0.4073 0.9078
vn -0.5230 0.1124 0.8448
vn -0.8041 -0.2126 0.5551
vn -0.8690 -0.4806 0.1174
vn -0.7050 -0.5983 -0.3807
vn -0.3494 -0.5578 -0.7528
vn 0.0993 -0.3692 -0.9240
vn 0.5220 -0.0823 -0.8489
vn 0.8060 0.2264 -0.5469
vn 0.8747 0.4746 -0.0977
vn 0.7087 0.5953 0.3786
vn 0.3518 0.5553 0.7536
vn -0.0997 0.3652 0.9255
vn -0.5239 0.0766 0.8483
vn -0.8066 -0.2327 0.5433
vn -0.8725 -0.4795 0.0934
vn -0.7096 -0.5801 -0.3999
vn -0.3544 -0.5284 -0.7714
vn 0.0952 -0.3360 -0.9370
vn 0.5198 -0.0541 -0.8525
vn 0.8060 0.2421 -0.5401
vn 0.8768 0.4737 -0.0826
vn 0.7125 0.5781 0.3977
vn 0.3565 0.5268 0.7716
vn -0.0954 0.3335 0.9379
vn -0.5213 0.0502 0.8519
vn -0.8067 -0.2465 0.5371
vn -0.8753 -0.4771 0.0788
vn -0.7141 -0.5667 -0.4109
vn -0.3607 -0.5063 -0.7833
vn 0.0889 -0.3109 -0.9463
vn 0.5150 -0.0326 -0.8566
vn 0.8037 0.2544 -0.5378
vn 0.8777 0.4734 -0.0748
vn 0.7164 0.5654 0.4087
vn 0.3626 0.5055 0.7829
vn -0.0887 0.3095 0.9467
vn -0.5160 0.0301 0.8560
vn -0.8043 -0.2573 0.5355
vn -0.8766 -0.4758 0.0716
vn -0.7177 -0.5585 -0.4159
vn -0.3672 -0.4908 -0.7901
vn 0.0813 -0.2920 -0.9529
vn 0.5081 -0.0152 -0.8611
vn 0.7992 0.2655 -0.5391
vn 0.8768 0.4754 -0.0727
vn 0.7195 0.5579 0.4136
vn 0.3691 0.4907 0.7893
vn -0.0805 0.2916 0.9531
vn -0.5086 0.0140 0.8609
vn -0.7998 -0.2673 0.5374
vn -0.8762 -0.4768 0.0699
vn -0.7194 -0.5556 -0.4169
vn -0.3726 -0.4808 -0.7937
vn 0.0736 -0.2774 -0.9579
vn 0.5000 0.0000 -0.8660
vn 0.7927 0.2774 -0.5427
vn 0.8737 0.4808 -0.0742
vn 0.7208 0.5556 0.4145
vn 0.3746 0.4815 0.7924
vn -0.0723 0.2781 0.9578
vn -0.5000 0.0000 0.8660
vn -0.7933 -0.2781 0.5416
vn -0.8735 -0.4815 0.0718
vn -0.7179 -0.5579 -0.4163
vn -0.3754 -0.4754 -0.7957
vn 0.0673 -0.2655 -0.9617
vn 0.4917 0.0153 -0.8706
vn 0.7846 0.2920 -0.5469
vn 0.8678 0.4908 -0.0770
vn 0.7190 0.5585 0.4136
vn 0.3775 0.4768 0.7938
vn -0.0656 0.2673 0.9614
vn -0.4913 -0.0141 0.8708
vn -0.7852 -0.2916 0.5463
vn -0.8681 -0.4907 0.0749
vn -0.7121 -0.5654 -0.4161
vn -0.3740 -0.4734 -0.7975
vn 0.0640 -0.2544 -0.9650
vn 0.4843 0.0326 -0.8743
vn 0.7750 0.3109 -0.5501
vn 0.8586 0.5064 -0.0792
vn 0.7129 0.5667 0.4130
vn 0.3762 0.4757 0.7950
vn -0.0616 0.2573 0.9643
vn -0.4834 -0.0301 0.8748
vn -0.7756 -0.3095 0.5501
vn -0.8593 -0.5055 0.0773
vn -0.7006 -0.5781 -0.4182
vn -0.3668 -0.4736 -0.8007
vn 0.0648 -0.2421 -0.9681
vn 0.4784 0.0542 -0.8764
vn 0.7638 0.3361 -0.5509
vn 0.8453 0.5284 -0.0787
vn 0.7011 0.5801 0.4146
vn 0.3693 0.4771 0.7975
vn -0.0619 0.2464 0.9672
vn -0.4772 -0.0503 0.8773
vn -0.7646 -0.3335 0.5515
vn -0.8465 -0.5268 0.0769
vn -0.6822 -0.5952 -0.4246
vn -0.3526 -0.4746 -0.8065
vn 0.0708 -0.2263 -0.9715
vn 0.4743 0.0825 -0.8765
vn 0.7506 0.3693 -0.5478
vn 0.8266 0.5579 -0.0735
vn 0.6821 0.5983 0.4203
vn 0.3552 0.4794 0.8024
vn -0.0674 0.2326 0.9702
vn -0.4728 -0.0767 0.8778
vn -0.7518 -0.3652 0.5490
vn -0.8285 -0.5553 0.0718
vn -0.6545 -0.6164 -0.4378
vn -0.3294 -0.4741 -0.8165
vn 0.0831 -0.2042 -0.9754
vn 0.4721 0.1202 -0.8733
vn 0.7345 0.4126 -0.5387
vn 0.8010 0.5954 -0.0613
vn 0.6542 0.6204 0.4325
vn 0.3326 0.4805 0.8115
vn -0.0789 0.2124 0.9740
vn -0.4704 -0.1126 0.8752
vn -0.7361 -0.4073 0.5405
vn -0.8037 -0.5920 0.0594
vn -0.6162 -0.6401 -0.4588
vn -0.2970 -0.4696 -0.8314
vn 0.1005 -0.1727 -0.9798
vn 0.4697 0.1702 -0.8662
vn 0.7129 0.4676 -0.5226
vn 0.7663 0.6412 -0.0406
vn 0.6159 0.6451 0.4522
vn 0.3009 0.4779 0.8252
vn -0.0956 0.1834 0.9784
vn -0.4679 -0.1603 0.8691
vn -0.7153 -0.4611 0.5250
vn -0.7698 -0.6371 0.0383
vn -0.5658 -0.6641 -0.4886
vn -0.2560 -0.4578 -0.8514
vn 0.1208 -0.1285 -0.9843
vn 0.4635 0.2347 -0.8544
vn 0.6821 0.5353 -0.4982
vn 0.7196 0.6943 -0.0104
vn 0.5660 0.6701 0.4802
vn 0.2611 0.4684 0.8440
vn -0.1149 0.1420 0.9832
vn -0.4619 -0.2226 0.8585
vn -0.6856 -0.5277 0.5014
vn -0.7238 -0.6899 0.0074
vn -0.5018 -0.6854 -0.5276
vn -0.2081 -0.4351 -0.8760
vn 0.1392 -0.0684 -0.9879
vn 0.4478 0.3154 -0.8366
vn 0.6370 0.6152 -0.4645
vn 0.6577 0.7527 0.0298
vn 0.5042 0.6919 0.5168
vn 0.2160 0.4479 0.8675
vn -0.1317 0.0845 0.9877
vn -0.4461 -0.3021 0.8424
vn -0.6409 -0.6082 0.4682
vn -0.6613 -0.7493 -0.0346
vn -0.4262 -0.6997 -0.5734
vn -0.1606 -0.3984 -0.9030
vn 0.1459 0.0081 -0.9892
vn 0.4125 0.4109 -0.8130
vn 0.5699 0.7044 -0.4230
vn 0.5774 0.8127 0.0780
vn 0.4325 0.7072 0.5593
vn 0.1719 0.4143 0.8937
vn -0.1366 0.0105 0.9905
vn -0.4106 -0.3972 0.8207
vn -0.5737 -0.6992 0.4266
vn -0.5788 -0.8110 -0.0857
vn -0.3440 -0.7031 -0.6224
vn -0.1237 -0.3476 -0.9294
vn 0.1282 0.0982 -0.9868
vn 0.3457 0.5158 -0.7838
vn 0.4727 0.7971 -0.3757
vn 0.4762 0.8695 0.1308
vn 0.3546 0.7135 0.6043
vn 0.1379 0.3681 0.9195
vn -0.1178 -0.0767 0.9901
vn -0.3439 -0.5026 0.7931
vn -0.4753 -0.7946 0.3776
vn -0.4738 -0.8689 -0.1433
vn -0.2626 -0.6935 -0.6709
vn -0.1093 -0.2868 -0.9517
vn 0.0728 0.1928 -0.9785
vn 0.2362 0.6194 -0.7486
vn 0.3386 0.8834 -0.3240
vn 0.3534 0.9169 0.1855
vn 0.2758 0.7097 0.6482
vn 0.1243 0.3133 0.9415
vn -0.0625 -0.1692 0.9836
vn -0.2340 -0.6085 0.7582
vn -0.3383 -0.8844 0.3214
vn -0.3467 -0.9152 -0.2052
vn -0.1915 -0.6734 -0.7140
vn -0.1278 -0.2271 -0.9655
vn -0.0293 0.2759 -0.9607
vn 0.0776 0.7044 -0.7055
vn 0.1652 0.9492 -0.2677
vn 0.2107 0.9476 0.2402
vn 0.2016 0.6974 0.6877
vn 0.1389 0.2600 0.9555
vn 0.0376 -0.2510 0.9673
vn -0.0740 -0.6973 0.7129
vn -0.1612 -0.9528 0.2573
vn -0.2033 -0.9417 -0.2679
vn -0.1350 -0.6484 -0.7492
vn -0.1794 -0.1831 -0.9666
vn -0.1749 0.3273 -0.9286
vn -0.1240 0.7501 -0.6496
vn -0.0403 0.9783 -0.2033
vn 0.0546 0.9534 0.2966
vn 0.1363 0.6786 0.7217
vn 0.1826 0.2205 0.9581
vn 0.1801 -0.3023 0.9360
vn 0.1297 -0.7465 0.6526
vn 0.0453 -0.9817 0.1848
vn -0.0525 -0.9428 -0.3291
vn -0.0926 -0.6241 -0.7758
vn -0.2534 -0.1671 -0.9528
vn -0.3454 0.3305 -0.8783
vn -0.3466 0.7399 -0.5765
vn -0.2579 0.9578 -0.1266
vn -0.1018 0.9284 0.3572
vn 0.0824 0.6556 0.7506
vn 0.2469 0.2052 0.9471
vn 0.3467 -0.3061 0.8866
vn 0.3526 -0.7364 0.5774
vn 0.2600 -0.9597 0.1065
vn 0.0956 -0.9162 -0.3891
vn -0.0616 -0.6030 -0.7953
vn -0.3320 -0.1831 -0.9253
vn -0.5123 0.2819 -0.8112
vn -0.5583 0.6715 -0.4872
vn -0.4598 0.8872 -0.0379
vn -0.2417 0.8736 0.4224
vn 0.0416 0.6307 0.7749
vn 0.3170 0.2173 0.9232
vn 0.5095 -0.2591 0.8205
vn 0.5629 -0.6665 0.4887
vn 0.4591 -0.8881 0.0208
vn 0.2286 -0.8632 -0.4500
vn -0.0397 -0.5856 -0.8096
vn -0.3998 -0.2243 -0.8887
vn -0.6516 0.1937 -0.7334
vn -0.7324 0.5593 -0.3882
vn -0.6235 0.7797 0.0572
vn -0.3521 0.7981 0.4890
vn 0.0138 0.6067 0.7948
vn 0.3796 0.2517 0.8903
vn 0.6456 -0.1744 0.7434
vn 0.7353 -0.5543 0.3900
vn 0.6205 -0.7809 -0.0717
vn 0.3347 -0.7913 -0.5117
vn -0.0255 -0.5717 -0.8201
vn -0.4505 -0.2800 -0.8477
vn -0.7537 0.0837 -0.6519
vn -0.8589 0.4241 -0.2869
vn -0.7409 0.6541 0.1523
vn -0.4293 0.7140 0.5530
vn -0.0025 0.5860 0.8103
vn 0.4284 0.3003 0.8522
vn 0.7462 -0.0688 0.6621
vn 0.8601 -0.4205 0.2886
vn 0.7361 -0.6564 -0.1648
vn 0.4099 -0.7111 -0.5713
vn -0.0177 -0.5617 -0.8271
vn -0.4844 -0.3425 -0.8050
vn -0.8204 -0.0342 -0.5707
vn -0.9408 0.2819 -0.1881
vn -0.8159 0.5244 0.2432
vn -0.4773 0.6304 0.6122
vn -0.0105 0.5703 0.8213
vn 0.4624 0.3569 0.8116
vn 0.8127 0.0453 0.5809
vn 0.9411 -0.2799 0.1895
vn 0.8101 -0.5283 -0.2542
vn 0.4571 -0.6310 -0.6268
vn -0.0144 -0.5562 -0.8309
vn -0.5039 -0.4086 -0.7610
vn -0.8576 -0.1540 -0.4907
vn -0.9857 0.1400 -0.0929
vn -0.8566 0.3975 0.3290
vn -0.5024 0.5514 0.6659
vn -0.0133 0.5601 0.8283
vn 0.4826 0.4185 0.7693
vn 0.8502 0.1622 0.5008
vn 0.9858 -0.1394 0.0938
vn 0.8501 -0.4028 -0.3392
vn 0.4821 -0.5551 -0.6778
vn -0.0137 -0.5555 -0.8314
vn -0.5102 -0.4779 -0.7150
vn -0.8694 -0.2747 -0.4107
vn -1.0000 -0.0002 0.0001
vn -0.8694 0.2744 0.4109
vn -0.5101 0.4778 0.7151
vn -0.0137 0.5555 0.8314
vn 0.4895 0.4843 0.7251
vn 0.8625 0.2809 0.4209
vn 1.0000 -0.0002 0.0002
vn 0.8625 -0.2812 -0.4206
vn 0.4895 -0.4845 -0.7250
vn -0.0133 -0.5601 -0.8283
vn -0.5024 -0.5516 -0.6659
vn -0.8565 -0.3978 -0.3288
vn -0.9857 -0.1404 0.0931
vn -0.8575 0.1537 0.4909
vn -0.5039 0.4085 0.7610
vn -0.0144 0.5562 0.8309
vn 0.4821 0.5549 0.6779
vn 0.8502 0.4024 0.3395
vn 0.9859 0.1389 -0.0933
vn 0.8503 -0.1626 -0.5005
vn 0.4826 -0.4186 -0.7693
vn -0.0105 -0.5703 -0.8213
vn -0.4772 -0.6305 -0.6121
vn -0.8158 -0.5247 -0.2430
vn -0.9406 -0.2823 0.1884
vn -0.8203 0.0339 0.5708
vn -0.4844 0.3424 0.8050
vn -0.0177 0.5617 0.8271
vn 0.4572 0.6308 0.6269
vn 0.8103 0.5278 0.2546
vn 0.9414 0.2793 -0.1890
vn 0.8129 -0.0457 -0.5806
vn 0.4624 -0.3570 -0.8115
vn -0.0025 -0.5860 -0.8103
vn -0.4292 -0.7141 -0.5529
vn -0.7407 -0.6544 -0.1520
vn -0.8586 -0.4246 0.2872
vn -0.7535 -0.0841 0.6521
vn -0.4505 0.2799 0.8478
vn -0.0255 0.5717 0.8200
vn 0.4100 0.7108 0.5714
vn 0.7366 0.6558 0.1653
vn 0.8607 0.4198 -0.2879
vn 0.7466 0.0684 -0.6617
vn 0.4285 -0.3004 -0.8521
vn 0.0138 -0.6068 -0.7947
vn -0.3518 -0.7983 -0.4888
vn -0.6230 -0.7801 -0.0568
vn -0.7319 -0.5598 0.3885
vn -0.6512 -0.1940 0.7337
vn -0.3997 0.2242 0.8888
vn -0.0396 0.5856 0.8096
vn 0.3353 0.7909 0.5119
vn 0.6218 0.7798 0.0725
vn 0.7367 0.5531 -0.3889
vn 0.6464 0.1738 -0.7429
vn 0.3797 -0.2518 -0.8902
vn 0.0415 -0.6309 -0.7747
vn -0.2413 -0.8738 -0.4220
vn -0.4590 -0.8876 0.0385
vn -0.5574 -0.6718 0.4877
vn -0.5117 -0.2821 0.8115
vn -0.3318 0.1833 0.9254
vn -0.0615 0.6032 0.7952
vn 0.2297 0.8628 0.4502
vn 0.4618 0.8867 -0.0198
vn 0.5658 0.6650 -0.4874
vn 0.5108 0.2583 -0.8200
vn 0.3170 -0.2175 -0.9231
vn 0.0824 -0.6558 -0.7504
vn -0.1013 -0.9286 -0.3569
vn -0.2570 -0.9580 0.1270
vn -0.3456 -0.7400 0.5770
vn -0.3447 -0.3304 0.8786
vn -0.2532 0.1674 0.9528
vn -0.0925 0.6243 0.7757
vn 0.0969 0.9160 0.3892
vn 0.2637 0.9588 -0.1055
vn 0.3566 0.7354 -0.5762
vn 0.3484 0.3055 -0.8862
vn 0.2470 -0.2055 -0.9470
vn 0.1364 -0.6788 -0.7215
vn 0.0551 -0.9535 -0.2963
vn -0.0394 -0.9782 0.2036
vn -0.1230 -0.7500 0.6499
vn -0.1743 -0.3272 0.9287
vn -0.1792 0.1833 0.9666
vn -0.1348 0.6486 0.7491
vn -0.0510 0.9428 0.3293
vn 0.0493 0.9817 -0.1839
vn 0.1338 0.7464 -0.6518
vn 0.1817 0.3022 -0.9358
vn 0.1828 -0.2207 -0.9580
vn 0.2018 -0.6978 -0.6873
vn 0.2112 -0.9476 -0.2397
vn 0.1660 -0.9489 0.2683
vn 0.0783 -0.7039 0.7059
vn -0.0290 -0.2754 0.9609
vn -0.1278 0.2276 0.9653
vn -0.1914 0.6738 0.7136
vn -0.2019 0.9422 0.2675
vn -0.1579 0.9532 -0.2576
vn -0.0710 0.6974 -0.7131
vn 0.0387 0.2506 -0.9673
vn 0.1390 -0.2606 -0.9554
vn 0.2761 -0.7102 -0.6475
vn 0.3539 -0.9168 -0.1847
vn 0.3392 -0.8829 0.3248
vn 0.2365 -0.6187 0.7492
vn 0.0728 -0.1920 0.9787
vn -0.1097 0.2876 0.9514
vn -0.2628 0.6941 0.6702
vn -0.3457 0.9158 0.2043
vn -0.3361 0.8849 -0.3223
vn -0.2321 0.6084 -0.7589
vn -0.0618 0.1684 -0.9838
vn 0.1245 -0.3142 -0.9412
vn 0.3550 -0.7138 -0.6037
vn 0.4767 -0.8694 -0.1301
vn 0.4731 -0.7965 0.3764
vn 0.3459 -0.5151 0.7842
vn 0.1280 -0.0974 0.9870
vn -0.1240 0.3482 0.9292
vn -0.3440 0.7036 0.6218
vn -0.4730 0.8694 0.1426
vn -0.4738 0.7952 -0.3784
vn -0.3426 0.5027 -0.7937
vn -0.1171 0.0762 -0.9902
vn 0.1383 -0.3687 -0.9192
vn 0.4329 -0.7075 -0.5585
vn 0.5777 -0.8126 -0.0771
vn 0.5700 -0.7039 0.4238
vn 0.4123 -0.4101 0.8135
vn 0.1455 -0.0074 0.9893
vn -0.1611 0.3991 0.9026
vn -0.4265 0.7002 0.5725
vn -0.5784 0.8113 0.0847
vn -0.5729 0.6993 -0.4275
vn -0.4098 0.3968 -0.8213
vn -0.1360 -0.0113 -0.9906
vn 0.1724 -0.4151 -0.8933
vn 0.5046 -0.6921 -0.5160
vn 0.6579 -0.7525 -0.0290
vn 0.6369 -0.6147 0.4653
vn 0.4474 -0.3147 0.8371
vn 0.1386 0.0691 0.9879
vn -0.2088 0.4356 0.8756
vn -0.5023 0.6857 0.5268
vn -0.6613 0.7494 0.0335
vn -0.6405 0.6079 -0.4692
vn -0.4455 0.3015 -0.8430
vn -0.1311 -0.0853 -0.9877
vn 0.2165 -0.4485 -0.8671
vn 0.5662 -0.6699 -0.4801
vn 0.7198 -0.6941 0.0105
vn 0.6823 -0.5349 0.4982
vn 0.4636 -0.2344 0.8544
vn 0.1209 0.1287 0.9843
vn -0.2558 0.4581 0.8513
vn -0.5655 0.6644 0.4885
vn -0.7234 0.6904 -0.0075
vn -0.6852 0.5282 -0.5015
vn -0.4616 0.2229 -0.8586
vn -0.1146 -0.1419 -0.9832
vn 0.2614 -0.4684 -0.8440
vn 0.6162 -0.6452 -0.4516
vn 0.7664 -0.6410 0.0412
vn 0.7127 -0.4673 0.5231
vn 0.4693 -0.1697 0.8665
vn 0.0999 0.1730 0.9798
vn -0.2976 0.4698 0.8310
vn -0.6166 0.6402 0.4582
vn -0.7699 0.6370 -0.0391
vn -0.7151 0.4607 -0.5257
vn -0.4675 0.1598 -0.8694
vn -0.0951 -0.1839 -0.9783
vn 0.3014 -0.4783 -0.8248
vn 0.6545 -0.6205 -0.4321
vn 0.8011 -0.5953 0.0618
vn 0.7343 -0.4123 0.5392
vn 0.4717 -0.1199 0.8735
vn 0.0826 0.2044 0.9754
vn -0.3299 0.4743 0.8162
vn -0.6548 0.6164 0.4373
vn -0.8037 0.5919 -0.0600
vn -0.7359 0.4071 -0.5410
vn -0.4700 0.1122 -0.8755
vn -0.0785 -0.2128 -0.9739
vn 0.3329 -0.4808 -0.8112
vn 0.6821 -0.5982 -0.4205
vn 0.8267 -0.5578 0.0734
vn 0.7508 -0.3692 0.5477
vn 0.4745 -0.0824 0.8764
vn 0.0709 0.2263 0.9714
vn -0.3524 0.4746 0.8065
vn -0.6820 0.5953 0.4247
vn -0.8284 0.5554 -0.0717
vn -0.7517 0.3655 -0.5489
vn -0.4728 0.0769 -0.8778
vn -0.0674 -0.2324 -0.9703
vn 0.3552 -0.4793 -0.8025
vn 0.7011 -0.5801 -0.4146
vn 0.8453 -0.5284 0.0787
vn 0.7638 -0.3360 0.5510
vn 0.4784 -0.0542 0.8764
vn 0.0648 0.2421 0.9681
vn -0.3669 0.4736 0.8007
vn -0.7007 0.5780 0.4182
vn -0.8465 0.5268 -0.0770
vn -0.7646 0.3335 -0.5515
vn -0.4771 0.0503 -0.8774
vn -0.0619 -0.2465 -0.9672
vn 0.3693 -0.4771 -0.7975
vn 0.7129 -0.5667 -0.4130
vn 0.8587 -0.5063 0.0792
vn 0.7750 -0.3109 0.5501
vn 0.4844 -0.0326 0.8742
vn 0.0640 0.2544 0.9650
vn -0.3739 0.4734 0.7975
vn -0.7121 0.5654 0.4161
vn -0.8593 0.5055 -0.0773
vn -0.7756 0.3095 -0.5501
vn -0.4834 0.0302 -0.8748
vn -0.0616 -0.2573 -0.9644
vn 0.3762 -0.4757 -0.7951
vn 0.7190 -0.5585 -0.4135
vn 0.8678 -0.4908 0.0771
vn 0.7846 -0.2920 0.5469
vn 0.4917 -0.0152 0.8706
vn 0.0673 0.2655 0.9617
vn -0.3754 0.4754 0.7956
vn -0.7179 0.5579 0.4163
vn -0.8681 0.4907 -0.0750
vn -0.7851 0.2916 -0.5463
vn -0.4912 0.0140 -0.8709
vn -0.0655 -0.2673 -0.9614
vn 0.3775 -0.4769 -0.7938
vn 0.7208 -0.5556 -0.4145
vn 0.8737 -0.4808 0.0741
vn 0.7928 -0.2774 0.5427
vn 0.5000 0.0000 0.8660
vn 0.0736 0.2774 0.9579
vn -0.3726 0.4808 0.7937
vn -0.7193 0.5556 0.4170
vn -0.8735 0.4815 -0.0718
vn -0.7933 0.2781 -0.5416
vn -0.5000 0.0000 -0.8660
vn -0.0723 -0.2781 -0.9578
vn 0.3746 -0.4815 -0.7924
vn 0.7195 -0.5579 -0.4135
vn 0.8768 -0.4754 0.0728
vn 0.7992 -0.2655 0.5392
vn 0.5080 0.0153 0.8612
vn 0.0812 0.2920 0.9529
vn -0.3673 0.4908 0.7901
vn -0.7177 0.5585 0.4158
vn -0.8762 0.4768 -0.0700
vn -0.7998 0.2672 -0.5375
vn -0.5085 -0.0141 -0.8609
vn -0.0804 -0.2917 -0.9531
vn 0.3692 -0.4907 -0.7892
vn 0.7163 -0.5654 -0.4088
vn 0.8777 -0.4734 0.0748
vn 0.8037 -0.2544 0.5378
vn 0.5151 0.0326 0.8565
vn 0.0890 0.3109 0.9463
vn -0.3606 0.5063 0.7833
vn -0.7140 0.5668 0.4110
vn -0.8766 0.4758 -0.0716
vn -0.8043 0.2574 -0.5355
vn -0.5160 -0.0300 -0.8560
vn -0.0887 -0.3094 -0.9467
vn 0.3626 -0.5055 -0.7829
vn 0.7124 -0.5780 -0.3979
vn 0.8768 -0.4736 0.0824
vn 0.8061 -0.2421 0.5400
vn 0.5199 0.0542 0.8525
vn 0.0954 0.3360 0.9370
vn -0.3543 0.5284 0.7715
vn -0.7095 0.5802 0.4000
vn -0.8752 0.4772 -0.0788
vn -0.8067 0.2466 -0.5371
vn -0.5213 -0.0501 -0.8519
vn -0.0954 -0.3333 -0.9380
vn 0.3565 -0.5267 -0.7717
vn 0.7090 -0.5953 -0.3781
vn 0.8747 -0.4745 0.0982
vn 0.8057 -0.2262 0.5473
vn 0.5216 0.0826 0.8492
vn 0.0988 0.3694 0.9240
vn -0.3499 0.5579 0.7525
vn -0.7053 0.5982 0.3803
vn -0.8726 0.4793 -0.0938
vn -0.8065 0.2323 -0.5437
vn -0.5236 -0.0769 -0.8485
vn -0.0992 -0.3655 -0.9255
vn 0.3523 -0.5554 -0.7532
vn 0.7065 -0.6164 -0.3478
vn 0.8719 -0.4740 0.1230
vn 0.8032 -0.2041 0.5597
vn 0.5201 0.1203 0.8455
vn 0.0992 0.4127 0.9054
vn -0.3475 0.5955 0.7243
vn -0.7017 0.6204 0.3502
vn -0.8690 0.4805 -0.1178
vn -0.8040 0.2124 -0.5554
vn -0.5227 -0.1126 -0.8450
vn -0.0999 -0.4073 -0.9078
vn 0.3505 -0.5920 -0.7257
vn 0.7055 -0.6401 -0.3041
vn 0.8685 -0.4695 0.1586
vn 0.7982 -0.1726 0.5771
vn 0.5152 0.1702 0.8400
vn 0.0960 0.4677 0.8787
vn -0.3481 0.6412 0.6839
vn -0.6997 0.6450 0.3072
vn -0.8652 0.4778 -0.1521
vn -0.7995 0.1833 -0.5720
vn -0.5186 -0.1605 -0.8398
vn -0.0969 -0.4612 -0.8820
vn 0.3518 -0.6371 -0.6858
vn 0.7061 -0.6641 -0.2456
vn 0.8653 -0.4578 0.2040
vn 0.7920 -0.1285 0.5968
vn 0.5081 0.2347 0.8286
vn 0.0903 0.5353 0.8398
vn -0.3507 0.6943 0.6284
vn -0.6989 0.6701 0.2500
vn -0.8615 0.4684 -0.1958
vn -0.7940 0.1420 -0.5911
vn -0.5125 -0.2227 -0.8293
vn -0.0914 -0.5278 -0.8444
vn 0.3555 -0.6900 -0.6305
vn 0.7078 -0.6854 -0.1710
vn 0.8627 -0.4351 0.2575
vn 0.7860 -0.0685 0.6144
vn 0.5008 0.3153 0.8061
vn 0.0840 0.6151 0.7839
vn -0.3545 0.7527 0.5547
vn -0.6995 0.6919 0.1784
vn -0.8593 0.4481 -0.2466
vn -0.7895 0.0847 -0.6078
vn -0.5066 -0.3019 -0.8076
vn -0.0852 -0.6080 -0.7893
vn 0.3605 -0.7492 -0.5556
vn 0.7096 -0.6997 -0.0824
vn 0.8623 -0.3985 0.3124
vn 0.7837 0.0081 0.6210
vn 0.4978 0.4109 0.7637
vn 0.0814 0.7044 0.7051
vn -0.3562 0.8127 0.4610
vn -0.7006 0.7072 0.0949
vn -0.8600 0.4143 -0.2979
vn -0.7895 0.0105 -0.6136
vn -0.5055 -0.3972 -0.7660
vn -0.0826 -0.6993 -0.7100
vn 0.3636 -0.8110 -0.4583
usemtl 01_-_Default
s 1
f 1/1/1 2/2/2 3/3/3
f 1/1/1 3/3/3 4/4/4
f 4/4/4 3/3/3 5/5/5
f 4/4/4 5/5/5 6/6/6
f 6/6/6 5/5/5 7/7/7
f 6/6/6 7/7/7 8/8/8
f 8/8/8 7/7/7 9/9/9
f 8/8/8 9/9/9 10/10/10
f 10/10/10 9/9/9 11/11/11
f 10/10/10 11/11/11 12/12/12
f 12/12/12 11/11/11 13/13/13
f 12/12/12 13/13/13 14/14/14
f 14/14/14 13/13/13 15/15/15
f 14/14/14 15/15/15 16/16/16
f 16/16/16 15/15/15 17/17/17
f 16/16/16 17/17/17 18/18/18
f 18/18/18 17/17/17 19/19/19
f 18/18/18 19/19/19 20/20/20
f 20/20/20 19/19/19 21/21/21
f 20/20/20 21/21/21 22/22/22
f 22/22/22 21/21/21 23/23/23
f 22/22/22 23/23/23 24/24/24
f 24/24/24 23/23/23 2/25/2
f 24/24/24 2/25/2 1/26/1
f 2/2/2 25/27/25 26/28/26
f 2/2/2 26/28/26 3/3/3
f 3/3/3 26/28/26 27/29/27
f 3/3/3 27/29/27 5/5/5
f 5/5/5 27/29/27 28/30/28
f 5/5/5 28/30/28 7/7/7
f 7/7/7 28/30/28 29/31/29
f 7/7/7 29/31/29 9/9/9
f 9/9/9 29/31/29 30/32/30
f 9/9/9 30/32/30 11/11/11
f 11/11/11 30/32/30 31/33/31
f 11/11/11 31/33/31 13/13/13
f 13/13/13 31/33/31 32/34/32
f 13/13/13 32/34/32 15/15/15
f 15/15/15 32/34/32 33/35/33
f 15/15/15 33/35/33 17/17/17
f 17/17/17 33/35/33 34/36/34
f 17/17/17 34/36/34 19/19/19
f 19/19/19 34/36/34 35/37/35
f 19/19/19 35/37/35 21/21/21
f 21/21/21 35/37/35 36/38/36
f 21/21/21 36/38/36 23/23/23
f 23/23/23 36/38/36 25/39/25
f 23/23/23 25/39/25 2/25/2
f 25/27/25 37/40/37 38/41/38
f 25/27/25 38/41/38 26/28/26
f 26/28/26 38/41/38 39/42/39
f 26/28/26 39/42/39 27/29/27
f 27/29/27 39/42/39 40/43/40
f 27/29/27 40/43/40 28/30/28
f 28/30/28 40/43/40 41/44/41
f 28/30/28 41/44/41 29/31/29
f 29/31/29 41/44/41 42/45/42
f 29/31/29 42/45/42 30/32/30
f 30/32/30 42/45/42 43/46/43
f 30/32/30 43/46/43 31/33/31
f 31/33/31 43/46/43 44/47/44
f 31/33/31 44/47/44 32/34/32
f 32/34/32 44/47/44 45/48/45
f 32/34/32 45/48/45 33/35/33
f 33/35/33 45/48/45 46/49/46
f 33/35/33 46/49/46 34/36/34
f 34/36/34 46/49/46 47/50/47
f 34/36/34 47/50/47 35/37/35
f 35/37/35 47/50/47 48/51/48
f 35/37/35 48/51/48 36/38/36
f 36/38/36 48/51/48 37/52/37
f 36/38/36 37/52/37 25/39/25
f 37/40/37 49/53/49 50/54/50
f 37/40/37 50/54/50 38/41/38
f 38/41/38 50/54/50 51/55/51
f 38/41/38 51/55/51 39/42/39
f 39/42/39 51/55/51 52/56/52
f 39/42/39 52/56/52 40/43/40
f 40/43/40 52/56/52 53/57/53
f 40/43/40 53/57/53 41/44/41
f 41/44/41 53/57/53 54/58/54
f 41/44/41 54/58/54 42/45/42
f 42/45/42 54/58/54 55/59/55
f 42/45/42 55/59/55 43/46/43
f 43/46/43 55/59/55 56/60/56
f 43/46/43 56/60/56 44/47/44
f 44/47/44 56/60/56 57/61/57
f 44/47/44 57/61/57 45/48/45
f 45/48/45 57/61/57 58/62/58
f 45/48/45 58/62/58 46/49/46
f 46/49/46 58/62/58 59/63/59
f 46/49/46 59/63/59 47/50/47
f 47/50/47 59/63/59 60/64/60
f 47/50/47 60/64/60 48/51/48
f 48/51/48 60/64/60 49/65/49
f 48/51/48 49/65/49 37/52/37
f 49/53/49 61/66/61 62/67/62
f 49/53/49 62/67/62 50/54/50
f 50/54/50 62/67/62 63/68/63
f 50/54/50 63/68/63 51/55/51
f 51/55/51 63/68/63 64/69/64
f 51/55/51 64/69/64 52/56/52
f 52/56/52 64/69/64 65/70/65
f 52/56/52 65/70/65 53/57/53
f 53/57/53 65/70/65 66/71/66
f 53/57/53 66/71/66 54/58/54
f 54/58/54 66/71/66 67/72/67
f 54/58/54 67/72/67 55/59/55
f 55/59/55 67/72/67 68/73/68
f 55/59/55 68/73/68 56/60/56
f 56/60/56 68/73/68 69/74/69
f 56/60/56 69/74/69 57/61/57
f 57/61/57 69/74/69 70/75/70
f 57/61/57 70/75/70 58/62/58
f 58/62/58 70/75/70 71/76/71
f 58/62/58 71/76/71 59/63/59
f 59/63/59 71/76/71 72/77/72
f 59/63/59 72/77/72 60/64/60
f 60/64/60 72/77/72 61/78/61
f 60/64/60 61/78/61 49/65/49
f 61/66/61 73/79/73 74/80/74
f 61/66/61 74/80/74 62/67/62
f 62/67/62 74/80/74 75/81/75
f 62/67/62 75/81/75 63/68/63
f 63/68/63 75/81/75 76/82/76
f 63/68/63 76/82/76 64/69/64
f 64/69/64 76/82/76 77/83/77
f 64/69/64 77/83/77 65/70/65
f 65/70/65 77/83/77 78/84/78
f 65/70/65 78/84/78 66/71/66
f 66/71/66 78/84/78 79/85/79
f 66/71/66 79/85/79 67/72/67
f 67/72/67 79/85/79 80/86/80
f 67/72/67 80/86/80 68/73/68
f 68/73/68 80/86/80 81/87/81
f 68/73/68 81/87/81 69/74/69
f 69/74/69 81/87/81 82/88/82
f 69/74/69 82/88/82 70/75/70
f 70/75/70 82/88/82 83/89/83
f 70/75/70 83/89/83 71/76/71
f 71/76/71 83/89/83 84/90/84
f 71/76/71 84/90/84 72/77/72
f 72/77/72 84/90/84 73/91/73
f 72/77/72 73/91/73 61/78/61
f 73/79/73 85/92/85 86/93/86
f 73/79/73 86/93/86 74/80/74
f 74/80/74 86/93/86 87/94/87
f 74/80/74 87/94/87 75/81/75
f 75/81/75 87/94/87 88/95/88
f 75/81/75 88/95/88 76/82/76
f 76/82/76 88/95/88 89/96/89
f 76/82/76 89/96/89 77/83/77
f 77/83/77 89/96/89 90/97/90
f 77/83/77 90/97/90 78/84/78
f 78/84/78 90/97/90 91/98/91
f 78/84/78 91/98/91 79/85/79
f 79/85/79 91/98/91 92/99/92
f 79/85/79 92/99/92 80/86/80
f 80/86/80 92/99/92 93/100/93
f 80/86/80 93/100/93 81/87/81
f 81/87/81 93/100/93 94/101/94
f 81/87/81 94/101/94 82/88/82
f 82/88/82 94/101/94 95/102/95
f 82/88/82 95/102/95 83/89/83
f 83/89/83 95/102/95 96/103/96
f 83/89/83 96/103/96 84/90/84
f 84/90/84 96/103/96 85/104/85
f 84/90/84 85/104/85 73/91/73
f 85/92/85 97/105/97 98/106/98
f 85/92/85 98/106/98 86/93/86
f 86/93/86 98/106/98 99/107/99
f 86/93/86 99/107/99 87/94/87
f 87/94/87 99/107/99 100/108/100
f 87/94/87 100/108/100 88/95/88
f 88/95/88 100/108/100 101/109/101
f 88/95/88 101/109/101 89/96/89
f 89/96/89 101/109/101 102/110/102
f 89/96/89 102/110/102 90/97/90
f 90/97/90 102/110/102 103/111/103
f 90/97/90 103/111/103 91/98/91
f 91/98/91 103/111/103 104/112/104
f 91/98/91 104/112/104 92/99/92
f 92/99/92 104/112/104 105/113/105
f 92/99/92 105/113/105 93/100/93
f 93/100/93 105/113/105 106/114/106
f 93/100/93 106/114/106 94/101/94
f 94/101/94 106/114/106 107/115/107
f 94/101/94 107/115/107 95/102/95
f 95/102/95 107/115/107 108/116/108
f 95/102/95 108/116/108 96/103/96
f 96/103/96 108/116/108 97/117/97
f 96/103/96 97/117/97 85/104/85
f 97/105/97 109/118/109 110/119/110
f 97/105/97 110/119/110 98/106/98
f 98/106/98 110/119/110 111/120/111
f 98/106/98 111/120/111 99/107/99
f 99/107/99 111/120/111 112/121/112
f 99/107/99 112/121/112 100/108/100
f 100/108/100 112/121/112 113/122/113
f 100/108/100 113/122/113 101/109/101
f 101/109/101 113/122/113 114/123/114
f 101/109/101 114/123/114 102/110/102
f 102/110/102 114/123/114 115/124/115
f 102/110/102 115/124/115 103/111/103
f 103/111/103 115/124/115 116/125/116
f 103/111/103 116/125/116 104/112/104
f 104/112/104 116/125/116 117/126/117
f 104/112/104 117/126/117 105/113/105
f 105/113/105 117/126/117 118/127/118
f 105/113/105 118/127/118 106/114/106
f 106/114/106 118/127/118 119/128/119
f 106/114/106 119/128/119 107/115/107
f 107/115/107 119/128/119 120/129/120
f 107/115/107 120/129/120 108/116/108
f 108/116/108 120/129/120 109/130/109
f 108/116/108 109/130/109 97/117/97
f 109/118/109 121/131/121 122/132/122
f 109/118/109 122/132/122 110/119/110
f 110/119/110 122/132/122 123/133/123
f 110/119/110 123/133/123 111/120/111
f 111/120/111 123/133/123 124/134/124
f 111/120/111 124/134/124 112/121/112
f 112/121/112 124/134/124 125/135/125
f 112/121/112 125/135/125 113/122/113
f 113/122/113 125/135/125 126/136/126
f 113/122/113 126/136/126 114/123/114
f 114/123/114 126/136/126 127/137/127
f 114/123/114 127/137/127 115/124/115
f 115/124/115 127/137/127 128/138/128
f 115/124/115 128/138/128 116/125/116
f 116/125/116 128/138/128 129/139/129
f 116/125/116 129/139/129 117/126/117
f 117/126/117 129/139/129 130/140/130
f 117/126/117 130/140/130 118/127/118
f 118/127/118 130/140/130 131/141/131
f 118/127/118 131/141/131 119/128/119
f 119/128/119 131/141/131 132/142/132
f 119/128/119 132/142/132 120/129/120
f 120/129/120 132/142/132 121/143/121
f 120/129/120 121/143/121 109/130/109
f 121/131/121 133/144/133 134/145/134
f 121/131/121 134/145/134 122/132/122
f 122/132/122 134/145/134 135/146/135
f 122/132/122 135/146/135 123/133/123
f 123/133/123 135/146/135 136/147/136
f 123/133/123 136/147/136 124/134/124
f 124/134/124 136/147/136 137/148/137
f 124/134/124 137/148/137 125/135/125
f 125/135/125 137/148/137 138/149/138
f 125/135/125 138/149/138 126/136/126
f 126/136/126 138/149/138 139/150/139
f 126/136/126 139/150/139 127/137/127
f 127/137/127 139/150/139 140/151/140
f 127/137/127 140/151/140 128/138/128
f 128/138/128 140/151/140 141/152/141
f 128/138/128 141/152/141 129/139/129
f 129/139/129 141/152/141 142/153/142
f 129/139/129 142/153/142 130/140/130
f 130/140/130 142/153/142 143/154/143
f 130/140/130 143/154/143 131/141/131
f 131/141/131 143/154/143 144/155/144
f 131/141/131 144/155/144 132/142/132
f 132/142/132 144/155/144 133/156/133
f 132/142/132 133/156/133 121/143/121
f 133/144/133 145/157/145 146/158/146
f 133/144/133 146/158/146 134/145/134
f 134/145/134 146/158/146 147/159/147
f 134/145/134 147/159/147 135/146/135
f 135/146/135 147/159/147 148/160/148
f 135/146/135 148/160/148 136/147/136
f 136/147/136 148/160/148 149/161/149
f 136/147/136 149/161/149 137/148/137
f 137/148/137 149/161/149 150/162/150
f 137/148/137 150/162/150 138/149/138
f 138/149/138 150/162/150 151/163/151
f 138/149/138 151/163/151 139/150/139
f 139/150/139 151/163/151 152/164/152
f 139/150/139 152/164/152 140/151/140
f 140/151/140 152/164/152 153/165/153
f 140/151/140 153/165/153 141/152/141
f 141/152/141 153/165/153 154/166/154
f 141/152/141 154/166/154 142/153/142
f 142/153/142 154/166/154 155/167/155
f 142/153/142 155/167/155 143/154/143
f 143/154/143 155/167/155 156/168/156
f 143/154/143 156/168/156 144/155/144
f 144/155/144 156/168/156 145/169/145
f 144/155/144 145/169/145 133/156/133
f 145/157/145 157/170/157 158/171/158
f 145/157/145 158/171/158 146/158/146
f 146/158/146 158/171/158 159/172/159
f 146/158/146 159/172/159 147/159/147
f 147/159/147 159/172/159 160/173/160
f 147/159/147 160/173/160 148/160/148
f 148/160/148 160/173/160 161/174/161
f 148/160/148 161/174/161 149/161/149
f 149/161/149 161/174/161 162/175/162
f 149/161/149 162/175/162 150/162/150
f 150/162/150 162/175/162 163/176/163
f 150/162/150 163/176/163 151/163/151
f 151/163/151 163/176/163 164/177/164
f 151/163/151 164/177/164 152/164/152
f 152/164/152 164/177/164 165/178/165
f 152/164/152 165/178/165 153/165/153
f 153/165/153 165/178/165 166/179/166
f 153/165/153 166/179/166 154/166/154
f 154/166/154 166/179/166 167/180/167
f 154/166/154 167/180/167 155/167/155
f 155/167/155 167/180/167 168/181/168
f 155/167/155 168/181/168 156/168/156
f 156/168/156 168/181/168 157/182/157
f 156/168/156 157/182/157 145/169/145
f 157/170/157 169/183/169 170/184/170
f 157/170/157 170/184/170 158/171/158
f 158/171/158 170/184/170 171/185/171
f 158/171/158 171/185/171 159/172/159
f 159/172/159 171/185/171 172/186/172
f 159/172/159 172/186/172 160/173/160
f 160/173/160 172/186/172 173/187/173
f 160/173/160 173/187/173 161/174/161
f 161/174/161 173/187/173 174/188/174
f 161/174/161 174/188/174 162/175/162
f 162/175/162 174/188/174 175/189/175
f 162/175/162 175/189/175 163/176/163
f 163/176/163 175/189/175 176/190/176
f 163/176/163 176/190/176 164/177/164
f 164/177/164 176/190/176 177/191/177
f 164/177/164 177/191/177 165/178/165
f 165/178/165 177/191/177 178/192/178
f 165/178/165 178/192/178 166/179/166
f 166/179/166 178/192/178 179/193/179
f 166/179/166 179/193/179 167/180/167
f 167/180/167 179/193/179 180/194/180
f 167/180/167 180/194/180 168/181/168
f 168/181/168 180/194/180 169/195/169
f 168/181/168 169/195/169 157/182/157
f 169/183/169 181/196/181 182/197/182
f 169/183/169 182/197/182 170/184/170
f 170/184/170 182/197/182 183/198/183
f 170/184/170 183/198/183 171/185/171
f 171/185/171 183/198/183 184/199/184
f 171/185/171 184/199/184 172/186/172
f 172/186/172 184/199/184 185/200/185
f 172/186/172 185/200/185 173/187/173
f 173/187/173 185/200/185 186/201/186
f 173/187/173 186/201/186 174/188/174
f 174/188/174 186/201/186 187/202/187
f 174/188/174 187/202/187 175/189/175
f 175/189/175 187/202/187 188/203/188
f 175/189/175 188/203/188 176/190/176
f 176/190/176 188/203/188 189/204/189
f 176/190/176 189/204/189 177/191/177
f 177/191/177 189/204/189 190/205/190
f 177/191/177 190/205/190 178/192/178
f 178/192/178 190/205/190 191/206/191
f 178/192/178 191/206/191 179/193/179
f 179/193/179 191/206/191 192/207/192
f 179/193/179 192/207/192 180/194/180
f 180/194/180 192/207/192 181/208/181
f 180/194/180 181/208/181 169/195/169
f 181/196/181 193/209/193 194/210/194
f 181/196/181 194/210/194 182/197/182
f 182/197/182 194/210/194 195/211/195
f 182/197/182 195/211/195 183/198/183
f 183/198/183 195/211/195 196/212/196
f 183/198/183 196/212/196 184/199/184
f 184/199/184 196/212/196 197/213/197
f 184/199/184 197/213/197 185/200/185
f 185/200/185 197/213/197 198/214/198
f 185/200/185 198/214/198 186/201/186
f 186/201/186 198/214/198 199/215/199
f 186/201/186 199/215/199 187/202/187
f 187/202/187 199/215/199 200/216/200
f 187/202/187 200/216/200 188/203/188
f 188/203/188 200/216/200 201/217/201
f 188/203/188 201/217/201 189/204/189
f 189/204/189 201/217/201 202/218/202
f 189/204/189 202/218/202 190/205/190
f 190/205/190 202/218/202 203/219/203
f 190/205/190 203/219/203 191/206/191
f 191/206/191 203/219/203 204/220/204
f 191/206/191 204/220/204 192/207/192
f 192/207/192 204/220/204 193/221/193
f 192/207/192 193/221/193 181/208/181
f 193/209/193 205/222/205 206/223/206
f 193/209/193 206/223/206 194/210/194
f 194/210/194 206/223/206 207/224/207
f 194/210/194 207/224/207 195/211/195
f 195/211/195 207/224/207 208/225/208
f 195/211/195 208/225/208 196/212/196
f 196/212/196 208/225/208 209/226/209
f 196/212/196 209/226/209 197/213/197
f 197/213/197 209/226/209 210/227/210
f 197/213/197 210/227/210 198/214/198
f 198/214/198 210/227/210 211/228/211
f 198/214/198 211/228/211 199/215/199
f 199/215/199 211/228/211 212/229/212
f 199/215/199 212/229/212 200/216/200
f 200/216/200 212/229/212 213/230/213
f 200/216/200 213/230/213 201/217/201
f 201/217/201 213/230/213 214/231/214
f 201/217/201 214/231/214 202/218/202
f 202/218/202 214/231/214 215/232/215
f 202/218/202 215/232/215 203/219/203
f 203/219/203 215/232/215 216/233/216
f 203/219/203 216/233/216 204/220/204
f 204/220/204 216/233/216 205/234/205
f 204/220/204 205/234/205 193/221/193
f 205/222/205 217/235/217 218/236/218
f 205/222/205 218/236/218 206/223/206
f 206/223/206 218/236/218 219/237/219
f 206/223/206 219/237/219 207/224/207
f 207/224/207 219/237/219 220/238/220
f 207/224/207 220/238/220 208/225/208
f 208/225/208 220/238/220 221/239/221
f 208/225/208 221/239/221 209/226/209
f 209/226/209 221/239/221 222/240/222
f 209/226/209 222/240/222 210/227/210
f 210/227/210 222/240/222 223/241/223
f 210/227/210 223/241/223 211/228/211
f 211/228/211 223/241/223 224/242/224
f 211/228/211 224/242/224 212/229/212
f 212/229/212 224/242/224 225/243/225
f 212/229/212 225/243/225 213/230/213
f 213/230/213 225/243/225 226/244/226
f 213/230/213 226/244/226 214/231/214
f 214/231/214 226/244/226 227/245/227
f 214/231/214 227/245/227 215/232/215
f 215/232/215 227/245/227 228/246/228
f 215/232/215 228/246/228 216/233/216
f 216/233/216 228/246/228 217/247/217
f 216/233/216 217/247/217 205/234/205
f 217/235/217 229/248/229 230/249/230
f 217/235/217 230/249/230 218/236/218
f 218/236/218 230/249/230 231/250/231
f 218/236/218 231/250/231 219/237/219
f 219/237/219 231/250/231 232/251/232
f 219/237/219 232/251/232 220/238/220
f 220/238/220 232/251/232 233/252/233
f 220/238/220 233/252/233 221/239/221
f 221/239/221 233/252/233 234/253/234
f 221/239/221 234/253/234 222/240/222
f 222/240/222 234/253/234 235/254/235
f 222/240/222 235/254/235 223/241/223
f 223/241/223 235/254/235 236/255/236
f 223/241/223 236/255/236 224/242/224
f 224/242/224 236/255/236 237/256/237
f 224/242/224 237/256/237 225/243/225
f 225/243/225 237/256/237 238/257/238
f 225/243/225 238/257/238 226/244/226
f 226/244/226 238/257/238 239/258/239
f 226/244/226 239/258/239 227/245/227
f 227/245/227 239/258/239 240/259/240
f 227/245/227 240/259/240 228/246/228
f 228/246/228 240/259/240 229/260/229
f 228/246/228 229/260/229 217/247/217
f 229/248/229 241/261/241 242/262/242
f 229/248/229 242/262/242 230/249/230
f 230/249/230 242/262/242 243/263/243
f 230/249/230 243/263/243 231/250/231
f 231/250/231 243/263/243 244/264/244
f 231/250/231 244/264/244 232/251/232
f 232/251/232 244/264/244 245/265/245
f 232/251/232 245/265/245 233/252/233
f 233/252/233 245/265/245 246/266/246
f 233/252/233 246/266/246 234/253/234
f 234/253/234 246/266/246 247/267/247
f 234/253/234 247/267/247 235/254/235
f 235/254/235 247/267/247 248/268/248
f 235/254/235 248/268/248 236/255/236
f 236/255/236 248/268/248 249/269/249
f 236/255/236 249/269/249 237/256/237
f 237/256/237 249/269/249 250/270/250
f 237/256/237 250/270/250 238/257/238
f 238/257/238 250/270/250 251/271/251
f 238/257/238 251/271/251 239/258/239
f 239/258/239 251/271/251 252/272/252
f 239/258/239 252/272/252 240/259/240
f 240/259/240 252/272/252 241/273/241
f 240/259/240 241/273/241 229/260/229
f 241/261/241 253/274/253 254/275/254
f 241/261/241 254/275/254 242/262/242
f 242/262/242 254/275/254 255/276/255
f 242/262/242 255/276/255 243/263/243
f 243/263/243 255/276/255 256/277/256
f 243/263/243 256/277/256 244/264/244
f 244/264/244 256/277/256 257/278/257
f 244/264/244 257/278/257 245/265/245
f 245/265/245 257/278/257 258/279/258
f 245/265/245 258/279/258 246/266/246
f 246/266/246 258/279/258 259/280/259
f 246/266/246 259/280/259 247/267/247
f 247/267/247 259/280/259 260/281/260
f 247/267/247 260/281/260 248/268/248
f 248/268/248 260/281/260 261/282/261
f 248/268/248 261/282/261 249/269/249
f 249/269/249 261/282/261 262/283/262
f 249/269/249 262/283/262 250/270/250
f 250/270/250 262/283/262 263/284/263
f 250/270/250 263/284/263 251/271/251
f 251/271/251 263/284/263 264/285/264
f 251/271/251 264/285/264 252/272/252
f 252/272/252 264/285/264 253/286/253
f 252/272/252 253/286/253 241/273/241
f 253/274/253 265/287/265 266/288/266
f 253/274/253 266/288/266 254/275/254
f 254/275/254 266/288/266 267/289/267
f 254/275/254 267/289/267 255/276/255
f 255/276/255 267/289/267 268/290/268
f 255/276/255 268/290/268 256/277/256
f 256/277/256 268/290/268 269/291/269
f 256/277/256 269/291/269 257/278/257
f 257/278/257 269/291/269 270/292/270
f 257/278/257 270/292/270 258/279/258
f 258/279/258 270/292/270 271/293/271
f 258/279/258 271/293/271 259/280/259
f 259/280/259 271/293/271 272/294/272
f 259/280/259 272/294/272 260/281/260
f 260/281/260 272/294/272 273/295/273
f 260/281/260 273/295/273 261/282/261
f 261/282/261 273/295/273 274/296/274
f 261/282/261 274/296/274 262/283/262
f 262/283/262 274/296/274 275/297/275
f 262/283/262 275/297/275 263/284/263
f 263/284/263 275/297/275 276/298/276
f 263/284/263 276/298/276 264/285/264
f 264/285/264 276/298/276 265/299/265
f 264/285/264 265/299/265 253/286/253
f 265/287/265 277/300/277 278/301/278
f 265/287/265 278/301/278 266/288/266
f 266/288/266 278/301/278 279/302/279
f 266/288/266 279/302/279 267/289/267
f 267/289/267 279/302/279 280/303/280
f 267/289/267 280/303/280 268/290/268
f 268/290/268 280/303/280 281/304/281
f 268/290/268 281/304/281 269/291/269
f 269/291/269 281/304/281 282/305/282
f 269/291/269 282/305/282 270/292/270
f 270/292/270 282/305/282 283/306/283
f 270/292/270 283/306/283 271/293/271
f 271/293/271 283/306/283 284/307/284
f 271/293/271 284/307/284 272/294/272
f 272/294/272 284/307/284 285/308/285
f 272/294/272 285/308/285 273/295/273
f 273/295/273 285/308/285 286/309/286
f 273/295/273 286/309/286 274/296/274
f 274/296/274 286/309/286 287/310/287
f 274/296/274 287/310/287 275/297/275
f 275/297/275 287/310/287 288/311/288
f 275/297/275 288/311/288 276/298/276
f 276/298/276 288/311/288 277/312/277
f 276/298/276 277/312/277 265/299/265
f 277/300/277 289/313/289 290/314/290
f 277/300/277 290/314/290 278/301/278
f 278/301/278 290/314/290 291/315/291
f 278/301/278 291/315/291 279/302/279
f 279/302/279 291/315/291 292/316/292
f 279/302/279 292/316/292 280/303/280
f 280/303/280 292/316/292 293/317/293
f 280/303/280 293/317/293 281/304/281
f 281/304/281 293/317/293 294/318/294
f 281/304/281 294/318/294 282/305/282
f 282/305/282 294/318/294 295/319/295
f 282/305/282 295/319/295 283/306/283
f 283/306/283 295/319/295 296/320/296
f 283/306/283 296/320/296 284/307/284
f 284/307/284 296/320/296 297/321/297
f 284/307/284 297/321/297 285/308/285
f 285/308/285 297/321/297 298/322/298
f 285/308/285 298/322/298 286/309/286
f 286/309/286 298/322/298 299/323/299
f 286/309/286 299/323/299 287/310/287
f 287/310/287 299/323/299 300/324/300
f 287/310/287 300/324/300 288/311/288
f 288/311/288 300/324/300 289/325/289
f 288/311/288 289/325/289 277/312/277
f 289/313/289 301/326/301 302/327/302
f 289/313/289 302/327/302 290/314/290
f 290/314/290 302/327/302 303/328/303
f 290/314/290 303/328/303 291/315/291
f 291/315/291 303/328/303 304/329/304
f 291/315/291 304/329/304 292/316/292
f 292/316/292 304/329/304 305/330/305
f 292/316/292 305/330/305 293/317/293
f 293/317/293 305/330/305 306/331/306
f 293/317/293 306/331/306 294/318/294
f 294/318/294 306/331/306 307/332/307
f 294/318/294 307/332/307 295/319/295
f 295/319/295 307/332/307 308/333/308
f 295/319/295 308/333/308 296/320/296
f 296/320/296 308/333/308 309/334/309
f 296/320/296 309/334/309 297/321/297
f 297/321/297 309/334/309 310/335/310
f 297/321/297 310/335/310 298/322/298
f 298/322/298 310/335/310 311/336/311
f 298/322/298 311/336/311 299/323/299
f 299/323/299 311/336/311 312/337/312
f 299/323/299 312/337/312 300/324/300
f 300/324/300 312/337/312 301/338/301
f 300/324/300 301/338/301 289/325/289
f 301/326/301 313/339/313 314/340/314
f 301/326/301 314/340/314 302/327/302
f 302/327/302 314/340/314 315/341/315
f 302/327/302 315/341/315 303/328/303
f 303/328/303 315/341/315 316/342/316
f 303/328/303 316/342/316 304/329/304
f 304/329/304 316/342/316 317/343/317
f 304/329/304 317/343/317 305/330/305
f 305/330/305 317/343/317 318/344/318
f 305/330/305 318/344/318 306/331/306
f 306/331/306 318/344/318 319/345/319
f 306/331/306 319/345/319 307/332/307
f 307/332/307 319/345/319 320/346/320
f 307/332/307 320/346/320 308/333/308
f 308/333/308 320/346/320 321/347/321
f 308/333/308 321/347/321 309/334/309
f 309/334/309 321/347/321 322/348/322
f 309/334/309 322/348/322 310/335/310
f 310/335/310 322/348/322 323/349/323
f 310/335/310 323/349/323 311/336/311
f 311/336/311 323/349/323 324/350/324
f 311/336/311 324/350/324 312/337/312
f 312/337/312 324/350/324 313/351/313
f 312/337/312 313/351/313 301/338/301
f 313/339/313 325/352/325 326/353/326
f 313/339/313 326/353/326 314/340/314
f 314/340/314 326/353/326 327/354/327
f 314/340/314 327/354/327 315/341/315
f 315/341/315 327/354/327 328/355/328
f 315/341/315 328/355/328 316/342/316
f 316/342/316 328/355/328 329/356/329
f 316/342/316 329/356/329 317/343/317
f 317/343/317 329/356/329 330/357/330
f 317/343/317 330/357/330 318/344/318
f 318/344/318 330/357/330 331/358/331
f 318/344/318 331/358/331 319/345/319
f 319/345/319 331/358/331 332/359/332
f 319/345/319 332/359/332 320/346/320
f 320/346/320 332/359/332 333/360/333
f 320/346/320 333/360/333 321/347/321
f 321/347/321 333/360/333 334/361/334
f 321/347/321 334/361/334 322/348/322
f 322/348/322 334/361/334 335/362/335
f 322/348/322 335/362/335 323/349/323
f 323/349/323 335/362/335 336/363/336
f 323/349/323 336/363/336 324/350/324
f 324/350/324 336/363/336 325/364/325
f 324/350/324 325/364/325 313/351/313
f 325/352/325 337/365/337 338/366/338
f 325/352/325 338/366/338 326/353/326
f 326/353/326 338/366/338 339/367/339
f 326/353/326 339/367/339 327/354/327
f 327/354/327 339/367/339 340/368/340
f 327/354/327 340/368/340 328/355/328
f 328/355/328 340/368/340 341/369/341
f 328/355/328 341/369/341 329/356/329
f 329/356/329 341/369/341 342/370/342
f 329/356/329 342/370/342 330/357/330
f 330/357/330 342/370/342 343/371/343
f 330/357/330 343/371/343 331/358/331
f 331/358/331 343/371/343 344/372/344
f 331/358/331 344/372/344 332/359/332
f 332/359/332 344/372/344 345/373/345
f 332/359/332 345/373/345 333/360/333
f 333/360/333 345/373/345 346/374/346
f 333/360/333 346/374/346 334/361/334
f 334/361/334 346/374/346 347/375/347
f 334/361/334 347/375/347 335/362/335
f 335/362/335 347/375/347 348/376/348
f 335/362/335 348/376/348 336/363/336
f 336/363/336 348/376/348 337/377/337
f 336/363/336 337/377/337 325/364/325
f 337/365/337 349/378/349 350/379/350
f 337/365/337 350/379/350 338/366/338
f 338/366/338 350/379/350 351/380/351
f 338/366/338 351/380/351 339/367/339
f 339/367/339 351/380/351 352/381/352
f 339/367/339 352/381/352 340/368/340
f 340/368/340 352/381/352 353/382/353
f 340/368/340 353/382/353 341/369/341
f 341/369/341 353/382/353 354/383/354
f 341/369/341 354/383/354 342/370/342
f 342/370/342 354/383/354 355/384/355
f 342/370/342 355/384/355 343/371/343
f 343/371/343 355/384/355 356/385/356
f 343/371/343 356/385/356 344/372/344
f 344/372/344 356/385/356 357/386/357
f 344/372/344 357/386/357 345/373/345
f 345/373/345 357/386/357 358/387/358
f 345/373/345 358/387/358 346/374/346
f 346/374/346 358/387/358 359/388/359
f 346/374/346 359/388/359 347/375/347
f 347/375/347 359/388/359 360/389/360
f 347/375/347 360/389/360 348/376/348
f 348/376/348 360/389/360 349/390/349
f 348/376/348 349/390/349 337/377/337
f 349/378/349 361/391/361 362/392/362
f 349/378/349 362/392/362 350/379/350
f 350/379/350 362/392/362 363/393/363
f 350/379/350 363/393/363 351/380/351
f 351/380/351 363/393/363 364/394/364
f 351/380/351 364/394/364 352/381/352
f 352/381/352 364/394/364 365/395/365
f 352/381/352 365/395/365 353/382/353
f 353/382/353 365/395/365 366/396/366
f 353/382/353 366/396/366 354/383/354
f 354/383/354 366/396/366 367/397/367
f 354/383/354 367/397/367 355/384/355
f 355/384/355 367/397/367 368/398/368
f 355/384/355 368/398/368 356/385/356
f 356/385/356 368/398/368 369/399/369
f 356/385/356 369/399/369 357/386/357
f 357/386/357 369/399/369 370/400/370
f 357/386/357 370/400/370 358/387/358
f 358/387/358 370/400/370 371/401/371
f 358/387/358 371/401/371 359/388/359
f 359/388/359 371/401/371 372/402/372
f 359/388/359 372/402/372 360/389/360
f 360/389/360 372/402/372 361/403/361
f 360/389/360 361/403/361 349/390/349
f 361/391/361 373/404/373 374/405/374
f 361/391/361 374/405/374 362/392/362
f 362/392/362 374/405/374 375/406/375
f 362/392/362 375/406/375 363/393/363
f 363/393/363 375/406/375 376/407/376
f 363/393/363 376/407/376 364/394/364
f 364/394/364 376/407/376 377/408/377
f 364/394/364 377/408/377 365/395/365
f 365/395/365 377/408/377 378/409/378
f 365/395/365 378/409/378 366/396/366
f 366/396/366 378/409/378 379/410/379
f 366/396/366 379/410/379 367/397/367
f 367/397/367 379/410/379 380/411/380
f 367/397/367 380/411/380 368/398/368
f 368/398/368 380/411/380 381/412/381
f 368/398/368 381/412/381 369/399/369
f 369/399/369 381/412/381 382/413/382
f 369/399/369 382/413/382 370/400/370
f 370/400/370 382/413/382 383/414/383
f 370/400/370 383/414/383 371/401/371
f 371/401/371 383/414/383 384/415/384
f 371/401/371 384/415/384 372/402/372
f 372/402/372 384/415/384 373/416/373
f 372/402/372 373/416/373 361/403/361
f 373/404/373 385/417/385 386/418/386
f 373/404/373 386/418/386 374/405/374
f 374/405/374 386/418/386 387/419/387
f 374/405/374 387/419/387 375/406/375
f 375/406/375 387/419/387 388/420/388
f 375/406/375 388/420/388 376/407/376
f 376/407/376 388/420/388 389/421/389
f 376/407/376 389/421/389 377/408/377
f 377/408/377 389/421/389 390/422/390
f 377/408/377 390/422/390 378/409/378
f 378/409/378 390/422/390 391/423/391
f 378/409/378 391/423/391 379/410/379
f 379/410/379 391/423/391 392/424/392
f 379/410/379 392/424/392 380/411/380
f 380/411/380 392/424/392 393/425/393
f 380/411/380 393/425/393 381/412/381
f 381/412/381 393/425/393 394/426/394
f 381/412/381 394/426/394 382/413/382
f 382/413/382 394/426/394 395/427/395
f 382/413/382 395/427/395 383/414/383
f 383/414/383 395/427/395 396/428/396
f 383/414/383 396/428/396 384/415/384
f 384/415/384 396/428/396 385/429/385
f 384/415/384 385/429/385 373/416/373
f 385/417/385 397/430/397 398/431/398
f 385/417/385 398/431/398 386/418/386
f 386/418/386 398/431/398 399/432/399
f 386/418/386 399/432/399 387/419/387
f 387/419/387 399/432/399 400/433/400
f 387/419/387 400/433/400 388/420/388
f 388/420/388 400/433/400 401/434/401
f 388/420/388 401/434/401 389/421/389
f 389/421/389 401/434/401 402/435/402
f 389/421/389 402/435/402 390/422/390
f 390/422/390 402/435/402 403/436/403
f 390/422/390 403/436/403 391/423/391
f 391/423/391 403/436/403 404/437/404
f 391/423/391 404/437/404 392/424/392
f 392/424/392 404/437/404 405/438/405
f 392/424/392 405/438/405 393/425/393
f 393/425/393 405/438/405 406/439/406
f 393/425/393 406/439/406 394/426/394
f 394/426/394 406/439/406 407/440/407
f 394/426/394 407/440/407 395/427/395
f 395/427/395 407/440/407 408/441/408
f 395/427/395 408/441/408 396/428/396
f 396/428/396 408/441/408 397/442/397
f 396/428/396 397/442/397 385/429/385
f 397/430/397 409/443/409 410/444/410
f 397/430/397 410/444/410 398/431/398
f 398/431/398 410/444/410 411/445/411
f 398/431/398 411/445/411 399/432/399
f 399/432/399 411/445/411 412/446/412
f 399/432/399 412/446/412 400/433/400
f 400/433/400 412/446/412 413/447/413
f 400/433/400 413/447/413 401/434/401
f 401/434/401 413/447/413 414/448/414
f 401/434/401 414/448/414 402/435/402
f 402/435/402 414/448/414 415/449/415
f 402/435/402 415/449/415 403/436/403
f 403/436/403 415/449/415 416/450/416
f 403/436/403 416/450/416 404/437/404
f 404/437/404 416/450/416 417/451/417
f 404/437/404 417/451/417 405/438/405
f 405/438/405 417/451/417 418/452/418
f 405/438/405 418/452/418 406/439/406
f 406/439/406 418/452/418 419/453/419
f 406/439/406 419/453/419 407/440/407
f 407/440/407 419/453/419 420/454/420
f 407/440/407 420/454/420 408/441/408
f 408/441/408 420/454/420 409/455/409
f 408/441/408 409/455/409 397/442/397
f 409/443/409 421/456/421 422/457/422
f 409/443/409 422/457/422 410/444/410
f 410/444/410 422/457/422 423/458/423
f 410/444/410 423/458/423 411/445/411
f 411/445/411 423/458/423 424/459/424
f 411/445/411 424/459/424 412/446/412
f 412/446/412 424/459/424 425/460/425
f 412/446/412 425/460/425 413/447/413
f 413/447/413 425/460/425 426/461/426
f 413/447/413 426/461/426 414/448/414
f 414/448/414 426/461/426 427/462/427
f 414/448/414 427/462/427 415/449/415
f 415/449/415 427/462/427 428/463/428
f 415/449/415 428/463/428 416/450/416
f 416/450/416 428/463/428 429/464/429
f 416/450/416 429/464/429 417/451/417
f 417/451/417 429/464/429 430/465/430
f 417/451/417 430/465/430 418/452/418
f 418/452/418 430/465/430 431/466/431
f 418/452/418 431/466/431 419/453/419
f 419/453/419 431/466/431 432/467/432
f 419/453/419 432/467/432 420/454/420
f 420/454/420 432/467/432 421/468/421
f 420/454/420 421/468/421 409/455/409
f 421/456/421 433/469/433 434/470/434
f 421/456/421 434/470/434 422/457/422
f 422/457/422 434/470/434 435/471/435
f 422/457/422 435/471/435 423/458/423
f 423/458/423 435/471/435 436/472/436
f 423/458/423 436/472/436 424/459/424
f 424/459/424 436/472/436 437/473/437
f 424/459/424 437/473/437 425/460/425
f 425/460/425 437/473/437 438/474/438
f 425/460/425 438/474/438 426/461/426
f 426/461/426 438/474/438 439/475/439
f 426/461/426 439/475/439 427/462/427
f 427/462/427 439/475/439 440/476/440
f 427/462/427 440/476/440 428/463/428
f 428/463/428 440/476/440 441/477/441
f 428/463/428 441/477/441 429/464/429
f 429/464/429 441/477/441 442/478/442
f 429/464/429 442/478/442 430/465/430
f 430/465/430 442/478/442 443/479/443
f 430/465/430 443/479/443 431/466/431
f 431/466/431 443/479/443 444/480/444
f 431/466/431 444/480/444 432/467/432
f 432/467/432 444/480/444 433/481/433
f 432/467/432 433/481/433 421/468/421
f 433/469/433 445/482/445 446/483/446
f 433/469/433 446/483/446 434/470/434
f 434/470/434 446/483/446 447/484/447
f 434/470/434 447/484/447 435/471/435
f 435/471/435 447/484/447 448/485/448
f 435/471/435 448/485/448 436/472/436
f 436/472/436 448/485/448 449/486/449
f 436/472/436 449/486/449 437/473/437
f 437/473/437 449/486/449 450/487/450
f 437/473/437 450/487/450 438/474/438
f 438/474/438 450/487/450 451/488/451
f 438/474/438 451/488/451 439/475/439
f 439/475/439 451/488/451 452/489/452
f 439/475/439 452/489/452 440/476/440
f 440/476/440 452/489/452 453/490/453
f 440/476/440 453/490/453 441/477/441
f 441/477/441 453/490/453 454/491/454
f 441/477/441 454/491/454 442/478/442
f 442/478/442 454/491/454 455/492/455
f 442/478/442 455/492/455 443/479/443
f 443/479/443 455/492/455 456/493/456
f 443/479/443 456/493/456 444/480/444
f 444/480/444 456/493/456 445/494/445
f 444/480/444 445/494/445 433/481/433
f 445/482/445 457/495/457 458/496/458
f 445/482/445 458/496/458 446/483/446
f 446/483/446 458/496/458 459/497/459
f 446/483/446 459/497/459 447/484/447
f 447/484/447 459/497/459 460/498/460
f 447/484/447 460/498/460 448/485/448
f 448/485/448 460/498/460 461/499/461
f 448/485/448 461/499/461 449/486/449
f 449/486/449 461/499/461 462/500/462
f 449/486/449 462/500/462 450/487/450
f 450/487/450 462/500/462 463/501/463
f 450/487/450 463/501/463 451/488/451
f 451/488/451 463/501/463 464/502/464
f 451/488/451 464/502/464 452/489/452
f 452/489/452 464/502/464 465/503/465
f 452/489/452 465/503/465 453/490/453
f 453/490/453 465/503/465 466/504/466
f 453/490/453 466/504/466 454/491/454
f 454/491/454 466/504/466 467/505/467
f 454/491/454 467/505/467 455/492/455
f 455/492/455 467/505/467 468/506/468
f 455/492/455 468/506/468 456/493/456
f 456/493/456 468/506/468 457/507/457
f 456/493/456 457/507/457 445/494/445
f 457/495/457 469/508/469 470/509/470
f 457/495/457 470/509/470 458/496/458
f 458/496/458 470/509/470 471/510/471
f 458/496/458 471/510/471 459/497/459
f 459/497/459 471/510/471 472/511/472
f 459/497/459 472/511/472 460/498/460
f 460/498/460 472/511/472 473/512/473
f 460/498/460 473/512/473 461/499/461
f 461/499/461 473/512/473 474/513/474
f 461/499/461 474/513/474 462/500/462
f 462/500/462 474/513/474 475/514/475
f 462/500/462 475/514/475 463/501/463
f 463/501/463 475/514/475 476/515/476
f 463/501/463 476/515/476 464/502/464
f 464/502/464 476/515/476 477/516/477
f 464/502/464 477/516/477 465/503/465
f 465/503/465 477/516/477 478/517/478
f 465/503/465 478/517/478 466/504/466
f 466/504/466 478/517/478 479/518/479
f 466/504/466 479/518/479 467/505/467
f 467/505/467 479/518/479 480/519/480
f 467/505/467 480/519/480 468/506/468
f 468/506/468 480/519/480 469/520/469
f 468/506/468 469/520/469 457/507/457
f 469/508/469 481/521/481 482/522/482
f 469/508/469 482/522/482 470/509/470
f 470/509/470 482/522/482 483/523/483
f 470/509/470 483/523/483 471/510/471
f 471/510/471 483/523/483 484/524/484
f 471/510/471 484/524/484 472/511/472
f 472/511/472 484/524/484 485/525/485
f 472/511/472 485/525/485 473/512/473
f 473/512/473 485/525/485 486/526/486
f 473/512/473 486/526/486 474/513/474
f 474/513/474 486/526/486 487/527/487
f 474/513/474 487/527/487 475/514/475
f 475/514/475 487/527/487 488/528/488
f 475/514/475 488/528/488 476/515/476
f 476/515/476 488/528/488 489/529/489
f 476/515/476 489/529/489 477/516/477
f 477/516/477 489/529/489 490/530/490
f 477/516/477 490/530/490 478/517/478
f 478/517/478 490/530/490 491/531/491
f 478/517/478 491/531/491 479/518/479
f 479/518/479 491/531/491 492/532/492
f 479/518/479 492/532/492 480/519/480
f 480/519/480 492/532/492 481/533/481
f 480/519/480 481/533/481 469/520/469
f 481/521/481 493/534/493 494/535/494
f 481/521/481 494/535/494 482/522/482
f 482/522/482 494/535/494 495/536/495
f 482/522/482 495/536/495 483/523/483
f 483/523/483 495/536/495 496/537/496
f 483/523/483 496/537/496 484/524/484
f 484/524/484 496/537/496 497/538/497
f 484/524/484 497/538/497 485/525/485
f 485/525/485 497/538/497 498/539/498
f 485/525/485 498/539/498 486/526/486
f 486/526/486 498/539/498 499/540/499
f 486/526/486 499/540/499 487/527/487
f 487/527/487 499/540/499 500/541/500
f 487/527/487 500/541/500 488/528/488
f 488/528/488 500/541/500 501/542/501
f 488/528/488 501/542/501 489/529/489
f 489/529/489 501/542/501 502/543/502
f 489/529/489 502/543/502 490/530/490
f 490/530/490 502/543/502 503/544/503
f 490/530/490 503/544/503 491/531/491
f 491/531/491 503/544/503 504/545/504
f 491/531/491 504/545/504 492/532/492
f 492/532/492 504/545/504 493/546/493
f 492/532/492 493/546/493 481/533/481
f 493/534/493 505/547/505 506/548/506
f 493/534/493 506/548/506 494/535/494
f 494/535/494 506/548/506 507/549/507
f 494/535/494 507/549/507 495/536/495
f 495/536/495 507/549/507 508/550/508
f 495/536/495 508/550/508 496/537/496
f 496/537/496 508/550/508 509/551/509
f 496/537/496 509/551/509 497/538/497
f 497/538/497 509/551/509 510/552/510
f 497/538/497 510/552/510 498/539/498
f 498/539/498 510/552/510 511/553/511
f 498/539/498 511/553/511 499/540/499
f 499/540/499 511/553/511 512/554/512
f 499/540/499 512/554/512 500/541/500
f 500/541/500 512/554/512 513/555/513
f 500/541/500 513/555/513 501/542/501
f 501/542/501 513/555/513 514/556/514
f 501/542/501 514/556/514 502/543/502
f 502/543/502 514/556/514 515/557/515
f 502/543/502 515/557/515 503/544/503
f 503/544/503 515/557/515 516/558/516
f 503/544/503 516/558/516 504/545/504
f 504/545/504 516/558/516 505/559/505
f 504/545/504 505/559/505 493/546/493
f 505/547/505 517/560/517 518/561/518
f 505/547/505 518/561/518 506/548/506
f 506/548/506 518/561/518 519/562/519
f 506/548/506 519/562/519 507/549/507
f 507/549/507 519/562/519 520/563/520
f 507/549/507 520/563/520 508/550/508
f 508/550/508 520/563/520 521/564/521
f 508/550/508 521/564/521 509/551/509
f 509/551/509 521/564/521 522/565/522
f 509/551/509 522/565/522 510/552/510
f 510/552/510 522/565/522 523/566/523
f 510/552/510 523/566/523 511/553/511
f 511/553/511 523/566/523 524/567/524
f 511/553/511 524/567/524 512/554/512
f 512/554/512 524/567/524 525/568/525
f 512/554/512 525/568/525 513/555/513
f 513/555/513 525/568/525 526/569/526
f 513/555/513 526/569/526 514/556/514
f 514/556/514 526/569/526 527/570/527
f 514/556/514 527/570/527 515/557/515
f 515/557/515 527/570/527 528/571/528
f 515/557/515 528/571/528 516/558/516
f 516/558/516 528/571/528 517/572/517
f 516/558/516 517/572/517 505/559/505
f 517/560/517 529/573/529 530/574/530
f 517/560/517 530/574/530 518/561/518
f 518/561/518 530/574/530 531/575/531
f 518/561/518 531/575/531 519/562/519
f 519/562/519 531/575/531 532/576/532
f 519/562/519 532/576/532 520/563/520
f 520/563/520 532/576/532 533/577/533
f 520/563/520 533/577/533 521/564/521
f 521/564/521 533/577/533 534/578/534
f 521/564/521 534/578/534 522/565/522
f 522/565/522 534/578/534 535/579/535
f 522/565/522 535/579/535 523/566/523
f 523/566/523 535/579/535 536/580/536
f 523/566/523 536/580/536 524/567/524
f 524/567/524 536/580/536 537/581/537
f 524/567/524 537/581/537 525/568/525
f 525/568/525 537/581/537 538/582/538
f 525/568/525 538/582/538 526/569/526
f 526/569/526 538/582/538 539/583/539
f 526/569/526 539/583/539 527/570/527
f 527/570/527 539/583/539 540/584/540
f 527/570/527 540/584/540 528/571/528
f 528/571/528 540/584/540 529/585/529
f 528/571/528 529/585/529 517/572/517
f 529/573/529 541/586/541 542/587/542
f 529/573/529 542/587/542 530/574/530
f 530/574/530 542/587/542 543/588/543
f 530/574/530 543/588/543 531/575/531
f 531/575/531 543/588/543 544/589/544
f 531/575/531 544/589/544 532/576/532
f 532/576/532 544/589/544 545/590/545
f 532/576/532 545/590/545 533/577/533
f 533/577/533 545/590/545 546/591/546
f 533/577/533 546/591/546 534/578/534
f 534/578/534 546/591/546 547/592/547
f 534/578/534 547/592/547 535/579/535
f 535/579/535 547/592/547 548/593/548
f 535/579/535 548/593/548 536/580/536
f 536/580/536 548/593/548 549/594/549
f 536/580/536 549/594/549 537/581/537
f 537/581/537 549/594/549 550/595/550
f 537/581/537 550/595/550 538/582/538
f 538/582/538 550/595/550 551/596/551
f 538/582/538 551/596/551 539/583/539
f 539/583/539 551/596/551 552/597/552
f 539/583/539 552/597/552 540/584/540
f 540/584/540 552/597/552 541/598/541
f 540/584/540 541/598/541 529/585/529
f 541/586/541 553/599/553 554/600/554
f 541/586/541 554/600/554 542/587/542
f 542/587/542 554/600/554 555/601/555
f 542/587/542 555/601/555 543/588/543
f 543/588/543 555/601/555 556/602/556
f 543/588/543 556/602/556 544/589/544
f 544/589/544 556/602/556 557/603/557
f 544/589/544 557/603/557 545/590/545
f 545/590/545 557/603/557 558/604/558
f 545/590/545 558/604/558 546/591/546
f 546/591/546 558/604/558 559/605/559
f 546/591/546 559/605/559 547/592/547
f 547/592/547 559/605/559 560/606/560
f 547/592/547 560/606/560 548/593/548
f 548/593/548 560/606/560 561/607/561
f 548/593/548 561/607/561 549/594/549
f 549/594/549 561/607/561 562/608/562
f 549/594/549 562/608/562 550/595/550
f 550/595/550 562/608/562 563/609/563
f 550/595/550 563/609/563 551/596/551
f 551/596/551 563/609/563 564/610/564
f 551/596/551 564/610/564 552/597/552
f 552/597/552 564/610/564 553/611/553
f 552/597/552 553/611/553 541/598/541
f 553/599/553 565/612/565 566/613/566
f 553/599/553 566/613/566 554/600/554
f 554/600/554 566/613/566 567/614/567
f 554/600/554 567/614/567 555/601/555
f 555/601/555 567/614/567 568/615/568
f 555/601/555 568/615/568 556/602/556
f 556/602/556 568/615/568 569/616/569
f 556/602/556 569/616/569 557/603/557
f 557/603/557 569/616/569 570/617/570
f 557/603/557 570/617/570 558/604/558
f 558/604/558 570/617/570 571/618/571
f 558/604/558 571/618/571 559/605/559
f 559/605/559 571/618/571 572/619/572
f 559/605/559 572/619/572 560/606/560
f 560/606/560 572/619/572 573/620/573
f 560/606/560 573/620/573 561/607/561
f 561/607/561 573/620/573 574/621/574
f 561/607/561 574/621/574 562/608/562
f 562/608/562 574/621/574 575/622/575
f 562/608/562 575/622/575 563/609/563
f 563/609/563 575/622/575 576/623/576
f 563/609/563 576/623/576 564/610/564
f 564/610/564 576/623/576 565/624/565
f 564/610/564 565/624/565 553/611/553
f 565/612/565 577/625/577 578/626/578
f 565/612/565 578/626/578 566/613/566
f 566/613/566 578/626/578 579/627/579
f 566/613/566 579/627/579 567/614/567
f 567/614/567 579/627/579 580/628/580
f 567/614/567 580/628/580 568/615/568
f 568/615/568 580/628/580 581/629/581
f 568/615/568 581/629/581 569/616/569
f 569/616/569 581/629/581 582/630/582
f 569/616/569 582/630/582 570/617/570
f 570/617/570 582/630/582 583/631/583
f 570/617/570 583/631/583 571/618/571
f 571/618/571 583/631/583 584/632/584
f 571/618/571 584/632/584 572/619/572
f 572/619/572 584/632/584 585/633/585
f 572/619/572 585/633/585 573/620/573
f 573/620/573 585/633/585 586/634/586
f 573/620/573 586/634/586 574/621/574
f 574/621/574 586/634/586 587/635/587
f 574/621/574 587/635/587 575/622/575
f 575/622/575 587/635/587 588/636/588
f 575/622/575 588/636/588 576/623/576
f 576/623/576 588/636/588 577/637/577
f 576/623/576 577/637/577 565/624/565
f 577/625/577 589/638/589 590/639/590
f 577/625/577 590/639/590 578/626/578
f 578/626/578 590/639/590 591/640/591
f 578/626/578 591/640/591 579/627/579
f 579/627/579 591/640/591 592/641/592
f 579/627/579 592/641/592 580/628/580
f 580/628/580 592/641/592 593/642/593
f 580/628/580 593/642/593 581/629/581
f 581/629/581 593/642/593 594/643/594
f 581/629/581 594/643/594 582/630/582
f 582/630/582 594/643/594 595/644/595
f 582/630/582 595/644/595 583/631/583
f 583/631/583 595/644/595 596/645/596
f 583/631/583 596/645/596 584/632/584
f 584/632/584 596/645/596 597/646/597
f 584/632/584 597/646/597 585/633/585
f 585/633/585 597/646/597 598/647/598
f 585/633/585 598/647/598 586/634/586
f 586/634/586 598/647/598 599/648/599
f 586/634/586 599/648/599 587/635/587
f 587/635/587 599/648/599 600/649/600
f 587/635/587 600/649/600 588/636/588
f 588/636/588 600/649/600 589/650/589
f 588/636/588 589/650/589 577/637/577
f 589/638/589 601/651/601 602/652/602
f 589/638/589 602/652/602 590/639/590
f 590/639/590 602/652/602 603/653/603
f 590/639/590 603/653/603 591/640/591
f 591/640/591 603/653/603 604/654/604
f 591/640/591 604/654/604 592/641/592
f 592/641/592 604/654/604 605/655/605
f 592/641/592 605/655/605 593/642/593
f 593/642/593 605/655/605 606/656/606
f 593/642/593 606/656/606 594/643/594
f 594/643/594 606/656/606 607/657/607
f 594/643/594 607/657/607 595/644/595
f 595/644/595 607/657/607 608/658/608
f 595/644/595 608/658/608 596/645/596
f 596/645/596 608/658/608 609/659/609
f 596/645/596 609/659/609 597/646/597
f 597/646/597 609/659/609 610/660/610
f 597/646/597 610/660/610 598/647/598
f 598/647/598 610/660/610 611/661/611
f 598/647/598 611/661/611 599/648/599
f 599/648/599 611/661/611 612/662/612
f 599/648/599 612/662/612 600/649/600
f 600/649/600 612/662/612 601/663/601
f 600/649/600 601/663/601 589/650/589
f 601/651/601 613/664/613 614/665/614
f 601/651/601 614/665/614 602/652/602
f 602/652/602 614/665/614 615/666/615
f 602/652/602 615/666/615 603/653/603
f 603/653/603 615/666/615 616/667/616
f 603/653/603 616/667/616 604/654/604
f 604/654/604 616/667/616 617/668/617
f 604/654/604 617/668/617 605/655/605
f 605/655/605 617/668/617 618/669/618
f 605/655/605 618/669/618 606/656/606
f 606/656/606 618/669/618 619/670/619
f 606/656/606 619/670/619 607/657/607
f 607/657/607 619/670/619 620/671/620
f 607/657/607 620/671/620 608/658/608
f 608/658/608 620/671/620 621/672/621
f 608/658/608 621/672/621 609/659/609
f 609/659/609 621/672/621 622/673/622
f 609/659/609 622/673/622 610/660/610
f 610/660/610 622/673/622 623/674/623
f 610/660/610 623/674/623 611/661/611
f 611/661/611 623/674/623 624/675/624
f 611/661/611 624/675/624 612/662/612
f 612/662/612 624/675/624 613/676/613
f 612/662/612 613/676/613 601/663/601
f 613/664/613 625/677/625 626/678/626
f 613/664/613 626/678/626 614/665/614
f 614/665/614 626/678/626 627/679/627
f 614/665/614 627/679/627 615/666/615
f 615/666/615 627/679/627 628/680/628
f 615/666/615 628/680/628 616/667/616
f 616/667/616 628/680/628 629/681/629
f 616/667/616 629/681/629 617/668/617
f 617/668/617 629/681/629 630/682/630
f 617/668/617 630/682/630 618/669/618
f 618/669/618 630/682/630 631/683/631
f 618/669/618 631/683/631 619/670/619
f 619/670/619 631/683/631 632/684/632
f 619/670/619 632/684/632 620/671/620
f 620/671/620 632/684/632 633/685/633
f 620/671/620 633/685/633 621/672/621
f 621/672/621 633/685/633 634/686/634
f 621/672/621 634/686/634 622/673/622
f 622/673/622 634/686/634 635/687/635
f 622/673/622 635/687/635 623/674/623
f 623/674/623 635/687/635 636/688/636
f 623/674/623 636/688/636 624/675/624
f 624/675/624 636/688/636 625/689/625
f 624/675/624 625/689/625 613/676/613
f 625/677/625 637/690/637 638/691/638
f 625/677/625 638/691/638 626/678/626
f 626/678/626 638/691/638 639/692/639
f 626/678/626 639/692/639 627/679/627
f 627/679/627 639/692/639 640/693/640
f 627/679/627 640/693/640 628/680/628
f 628/680/628 640/693/640 641/694/641
f 628/680/628 641/694/641 629/681/629
f 629/681/629 641/694/641 642/695/642
f 629/681/629 642/695/642 630/682/630
f 630/682/630 642/695/642 643/696/643
f 630/682/630 643/696/643 631/683/631
f 631/683/631 643/696/643 644/697/644
f 631/683/631 644/697/644 632/684/632
f 632/684/632 644/697/644 645/698/645
f 632/684/632 645/698/645 633/685/633
f 633/685/633 645/698/645 646/699/646
f 633/685/633 646/699/646 634/686/634
f 634/686/634 646/699/646 647/700/647
f 634/686/634 647/700/647 635/687/635
f 635/687/635 647/700/647 648/701/648
f 635/687/635 648/701/648 636/688/636
f 636/688/636 648/701/648 637/702/637
f 636/688/636 637/702/637 625/689/625
f 637/690/637 649/703/649 650/704/650
f 637/690/637 650/704/650 638/691/638
f 638/691/638 650/704/650 651/705/651
f 638/691/638 651/705/651 639/692/639
f 639/692/639 651/705/651 652/706/652
f 639/692/639 652/706/652 640/693/640
f 640/693/640 652/706/652 653/707/653
f 640/693/640 653/707/653 641/694/641
f 641/694/641 653/707/653 654/708/654
f 641/694/641 654/708/654 642/695/642
f 642/695/642 654/708/654 655/709/655
f 642/695/642 655/709/655 643/696/643
f 643/696/643 655/709/655 656/710/656
f 643/696/643 656/710/656 644/697/644
f 644/697/644 656/710/656 657/711/657
f 644/697/644 657/711/657 645/698/645
f 645/698/645 657/711/657 658/712/658
f 645/698/645 658/712/658 646/699/646
f 646/699/646 658/712/658 659/713/659
f 646/699/646 659/713/659 647/700/647
f 647/700/647 659/713/659 660/714/660
f 647/700/647 660/714/660 648/701/648
f 648/701/648 660/714/660 649/715/649
f 648/701/648 649/715/649 637/702/637
f 649/703/649 661/716/661 662/717/662
f 649/703/649 662/717/662 650/704/650
f 650/704/650 662/717/662 663/718/663
f 650/704/650 663/718/663 651/705/651
f 651/705/651 663/718/663 664/719/664
f 651/705/651 664/719/664 652/706/652
f 652/706/652 664/719/664 665/720/665
f 652/706/652 665/720/665 653/707/653
f 653/707/653 665/720/665 666/721/666
f 653/707/653 666/721/666 654/708/654
f 654/708/654 666/721/666 667/722/667
f 654/708/654 667/722/667 655/709/655
f 655/709/655 667/722/667 668/723/668
f 655/709/655 668/723/668 656/710/656
f 656/710/656 668/723/668 669/724/669
f 656/710/656 669/724/669 657/711/657
f 657/711/657 669/724/669 670/725/670
f 657/711/657 670/725/670 658/712/658
f 658/712/658 670/725/670 671/726/671
f 658/712/658 671/726/671 659/713/659
f 659/713/659 671/726/671 672/727/672
f 659/713/659 672/727/672 660/714/660
f 660/714/660 672/727/672 661/728/661
f 660/714/660 661/728/661 649/715/649
f 661/716/661 673/729/673 674/730/674
f 661/716/661 674/730/674 662/717/662
f 662/717/662 674/730/674 675/731/675
f 662/717/662 675/731/675 663/718/663
f 663/718/663 675/731/675 676/732/676
f 663/718/663 676/732/676 664/719/664
f 664/719/664 676/732/676 677/733/677
f 664/719/664 677/733/677 665/720/665
f 665/720/665 677/733/677 678/734/678
f 665/720/665 678/734/678 666/721/666
f 666/721/666 678/734/678 679/735/679
f 666/721/666 679/735/679 667/722/667
f 667/722/667 679/735/679 680/736/680
f 667/722/667 680/736/680 668/723/668
f 668/723/668 680/736/680 681/737/681
f 668/723/668 681/737/681 669/724/669
f 669/724/669 681/737/681 682/738/682
f 669/724/669 682/738/682 670/725/670
f 670/725/670 682/738/682 683/739/683
f 670/725/670 683/739/683 671/726/671
f 671/726/671 683/739/683 684/740/684
f 671/726/671 684/740/684 672/727/672
f 672/727/672 684/740/684 673/741/673
f 672/727/672 673/741/673 661/728/661
f 673/729/673 685/742/685 686/743/686
f 673/729/673 686/743/686 674/730/674
f 674/730/674 686/743/686 687/744/687
f 674/730/674 687/744/687 675/731/675
f 675/731/675 687/744/687 688/745/688
f 675/731/675 688/745/688 676/732/676
f 676/732/676 688/745/688 689/746/689
f 676/732/676 689/746/689 677/733/677
f 677/733/677 689/746/689 690/747/690
f 677/733/677 690/747/690 678/734/678
f 678/734/678 690/747/690 691/748/691
f 678/734/678 691/748/691 679/735/679
f 679/735/679 691/748/691 692/749/692
f 679/735/679 692/749/692 680/736/680
f 680/736/680 692/749/692 693/750/693
f 680/736/680 693/750/693 681/737/681
f 681/737/681 693/750/693 694/751/694
f 681/737/681 694/751/694 682/738/682
f 682/738/682 694/751/694 695/752/695
f 682/738/682 695/752/695 683/739/683
f 683/739/683 695/752/695 696/753/696
f 683/739/683 696/753/696 684/740/684
f 684/740/684 696/753/696 685/754/685
f 684/740/684 685/754/685 673/741/673
f 685/742/685 697/755/697 698/756/698
f 685/742/685 698/756/698 686/743/686
f 686/743/686 698/756/698 699/757/699
f 686/743/686 699/757/699 687/744/687
f 687/744/687 699/757/699 700/758/700
f 687/744/687 700/758/700 688/745/688
f 688/745/688 700/758/700 701/759/701
f 688/745/688 701/759/701 689/746/689
f 689/746/689 701/759/701 702/760/702
f 689/746/689 702/760/702 690/747/690
f 690/747/690 702/760/702 703/761/703
f 690/747/690 703/761/703 691/748/691
f 691/748/691 703/761/703 704/762/704
f 691/748/691 704/762/704 692/749/692
f 692/749/692 704/762/704 705/763/705
f 692/749/692 705/763/705 693/750/693
f 693/750/693 705/763/705 706/764/706
f 693/750/693 706/764/706 694/751/694
f 694/751/694 706/764/706 707/765/707
f 694/751/694 707/765/707 695/752/695
f 695/752/695 707/765/707 708/766/708
f 695/752/695 708/766/708 696/753/696
f 696/753/696 708/766/708 697/767/697
f 696/753/696 697/767/697 685/754/685
f 697/755/697 709/768/709 710/769/710
f 697/755/697 710/769/710 698/756/698
f 698/756/698 710/769/710 711/770/711
f 698/756/698 711/770/711 699/757/699
f 699/757/699 711/770/711 712/771/712
f 699/757/699 712/771/712 700/758/700
f 700/758/700 712/771/712 713/772/713
f 700/758/700 713/772/713 701/759/701
f 701/759/701 713/772/713 714/773/714
f 701/759/701 714/773/714 702/760/702
f 702/760/702 714/773/714 715/774/715
f 702/760/702 715/774/715 703/761/703
f 703/761/703 715/774/715 716/775/716
f 703/761/703 716/775/716 704/762/704
f 704/762/704 716/775/716 717/776/717
f 704/762/704 717/776/717 705/763/705
f 705/763/705 717/776/717 718/777/718
f 705/763/705 718/777/718 706/764/706
f 706/764/706 718/777/718 719/778/719
f 706/764/706 719/778/719 707/765/707
f 707/765/707 719/778/719 720/779/720
f 707/765/707 720/779/720 708/766/708
f 708/766/708 720/779/720 709/780/709
f 708/766/708 709/780/709 697/767/697
f 709/768/709 721/781/721 722/782/722
f 709/768/709 722/782/722 710/769/710
f 710/769/710 722/782/722 723/783/723
f 710/769/710 723/783/723 711/770/711
f 711/770/711 723/783/723 724/784/724
f 711/770/711 724/784/724 712/771/712
f 712/771/712 724/784/724 725/785/725
f 712/771/712 725/785/725 713/772/713
f 713/772/713 725/785/725 726/786/726
f 713/772/713 726/786/726 714/773/714
f 714/773/714 726/786/726 727/787/727
f 714/773/714 727/787/727 715/774/715
f 715/774/715 727/787/727 728/788/728
f 715/774/715 728/788/728 716/775/716
f 716/775/716 728/788/728 729/789/729
f 716/775/716 729/789/729 717/776/717
f 717/776/717 729/789/729 730/790/730
f 717/776/717 730/790/730 718/777/718
f 718/777/718 730/790/730 731/791/731
f 718/777/718 731/791/731 719/778/719
f 719/778/719 731/791/731 732/792/732
f 719/778/719 732/792/732 720/779/720
f 720/779/720 732/792/732 721/793/721
f 720/779/720 721/793/721 709/780/709
f 721/781/721 733/794/733 734/795/734
f 721/781/721 734/795/734 722/782/722
f 722/782/722 734/795/734 735/796/735
f 722/782/722 735/796/735 723/783/723
f 723/783/723 735/796/735 736/797/736
f 723/783/723 736/797/736 724/784/724
f 724/784/724 736/797/736 737/798/737
f 724/784/724 737/798/737 725/785/725
f 725/785/725 737/798/737 738/799/738
f 725/785/725 738/799/738 726/786/726
f 726/786/726 738/799/738 739/800/739
f 726/786/726 739/800/739 727/787/727
f 727/787/727 739/800/739 740/801/740
f 727/787/727 740/801/740 728/788/728
f 728/788/728 740/801/740 741/802/741
f 728/788/728 741/802/741 729/789/729
f 729/789/729 741/802/741 742/803/742
f 729/789/729 742/803/742 730/790/730
f 730/790/730 742/803/742 743/804/743
f 730/790/730 743/804/743 731/791/731
f 731/791/731 743/804/743 744/805/744
f 731/791/731 744/805/744 732/792/732
f 732/792/732 744/805/744 733/806/733
f 732/792/732 733/806/733 721/793/721
f 733/794/733 745/807/745 746/808/746
f 733/794/733 746/808/746 734/795/734
f 734/795/734 746/808/746 747/809/747
f 734/795/734 747/809/747 735/796/735
f 735/796/735 747/809/747 748/810/748
f 735/796/735 748/810/748 736/797/736
f 736/797/736 748/810/748 749/811/749
f 736/797/736 749/811/749 737/798/737
f 737/798/737 749/811/749 750/812/750
f 737/798/737 750/812/750 738/799/738
f 738/799/738 750/812/750 751/813/751
f 738/799/738 751/813/751 739/800/739
f 739/800/739 751/813/751 752/814/752
f 739/800/739 752/814/752 740/801/740
f 740/801/740 752/814/752 753/815/753
f 740/801/740 753/815/753 741/802/741
f 741/802/741 753/815/753 754/816/754
f 741/802/741 754/816/754 742/803/742
f 742/803/742 754/816/754 755/817/755
f 742/803/742 755/817/755 743/804/743
f 743/804/743 755/817/755 756/818/756
f 743/804/743 756/818/756 744/805/744
f 744/805/744 756/818/756 745/819/745
f 744/805/744 745/819/745 733/806/733
f 745/807/745 757/820/757 758/821/758
f 745/807/745 758/821/758 746/808/746
f 746/808/746 758/821/758 759/822/759
f 746/808/746 759/822/759 747/809/747
f 747/809/747 759/822/759 760/823/760
f 747/809/747 760/823/760 748/810/748
f 748/810/748 760/823/760 761/824/761
f 748/810/748 761/824/761 749/811/749
f 749/811/749 761/824/761 762/825/762
f 749/811/749 762/825/762 750/812/750
f 750/812/750 762/825/762 763/826/763
f 750/812/750 763/826/763 751/813/751
f 751/813/751 763/826/763 764/827/764
f 751/813/751 764/827/764 752/814/752
f 752/814/752 764/827/764 765/828/765
f 752/814/752 765/828/765 753/815/753
f 753/815/753 765/828/765 766/829/766
f 753/815/753 766/829/766 754/816/754
f 754/816/754 766/829/766 767/830/767
f 754/816/754 767/830/767 755/817/755
f 755/817/755 767/830/767 768/831/768
f 755/817/755 768/831/768 756/818/756
f 756/818/756 768/831/768 757/832/757
f 756/818/756 757/832/757 745/819/745
f 757/820/757 769/833/769 770/834/770
f 757/820/757 770/834/770 758/821/758
f 758/821/758 770/834/770 771/835/771
f 758/821/758 771/835/771 759/822/759
f 759/822/759 771/835/771 772/836/772
f 759/822/759 772/836/772 760/823/760
f 760/823/760 772/836/772 773/837/773
f 760/823/760 773/837/773 761/824/761
f 761/824/761 773/837/773 774/838/774
f 761/824/761 774/838/774 762/825/762
f 762/825/762 774/838/774 775/839/775
f 762/825/762 775/839/775 763/826/763
f 763/826/763 775/839/775 776/840/776
f 763/826/763 776/840/776 764/827/764
f 764/827/764 776/840/776 777/841/777
f 764/827/764 777/841/777 765/828/765
f 765/828/765 777/841/777 778/842/778
f 765/828/765 778/842/778 766/829/766
f 766/829/766 778/842/778 779/843/779
f 766/829/766 779/843/779 767/830/767
f 767/830/767 779/843/779 780/844/780
f 767/830/767 780/844/780 768/831/768
f 768/831/768 780/844/780 769/845/769
f 768/831/768 769/845/769 757/832/757
f 769/833/769 781/846/781 782/847/782
f 769/833/769 782/847/782 770/834/770
f 770/834/770 782/847/782 783/848/783
f 770/834/770 783/848/783 771/835/771
f 771/835/771 783/848/783 784/849/784
f 771/835/771 784/849/784 772/836/772
f 772/836/772 784/849/784 785/850/785
f 772/836/772 785/850/785 773/837/773
f 773/837/773 785/850/785 786/851/786
f 773/837/773 786/851/786 774/838/774
f 774/838/774 786/851/786 787/852/787
f 774/838/774 787/852/787 775/839/775
f 775/839/775 787/852/787 788/853/788
f 775/839/775 788/853/788 776/840/776
f 776/840/776 788/853/788 789/854/789
f 776/840/776 789/854/789 777/841/777
f 777/841/777 789/854/789 790/855/790
f 777/841/777 790/855/790 778/842/778
f 778/842/778 790/855/790 791/856/791
f 778/842/778 791/856/791 779/843/779
f 779/843/779 791/856/791 792/857/792
f 779/843/779 792/857/792 780/844/780
f 780/844/780 792/857/792 781/858/781
f 780/844/780 781/858/781 769/845/769
f 781/846/781 793/859/793 794/860/794
f 781/846/781 794/860/794 782/847/782
f 782/847/782 794/860/794 795/861/795
f 782/847/782 795/861/795 783/848/783
f 783/848/783 795/861/795 796/862/796
f 783/848/783 796/862/796 784/849/784
f 784/849/784 796/862/796 797/863/797
f 784/849/784 797/863/797 785/850/785
f 785/850/785 797/863/797 798/864/798
f 785/850/785 798/864/798 786/851/786
f 786/851/786 798/864/798 799/865/799
f 786/851/786 799/865/799 787/852/787
f 787/852/787 799/865/799 800/866/800
f 787/852/787 800/866/800 788/853/788
f 788/853/788 800/866/800 801/867/801
f 788/853/788 801/867/801 789/854/789
f 789/854/789 801/867/801 802/868/802
f 789/854/789 802/868/802 790/855/790
f 790/855/790 802/868/802 803/869/803
f 790/855/790 803/869/803 791/856/791
f 791/856/791 803/869/803 804/870/804
f 791/856/791 804/870/804 792/857/792
f 792/857/792 804/870/804 793/871/793
f 792/857/792 793/871/793 781/858/781
f 793/859/793 805/872/805 806/873/806
f 793/859/793 806/873/806 794/860/794
f 794/860/794 806/873/806 807/874/807
f 794/860/794 807/874/807 795/861/795
f 795/861/795 807/874/807 808/875/808
f 795/861/795 808/875/808 796/862/796
f 796/862/796 808/875/808 809/876/809
f 796/862/796 809/876/809 797/863/797
f 797/863/797 809/876/809 810/877/810
f 797/863/797 810/877/810 798/864/798
f 798/864/798 810/877/810 811/878/811
f 798/864/798 811/878/811 799/865/799
f 799/865/799 811/878/811 812/879/812
f 799/865/799 812/879/812 800/866/800
f 800/866/800 812/879/812 813/880/813
f 800/866/800 813/880/813 801/867/801
f 801/867/801 813/880/813 814/881/814
f 801/867/801 814/881/814 802/868/802
f 802/868/802 814/881/814 815/882/815
f 802/868/802 815/882/815 803/869/803
f 803/869/803 815/882/815 816/883/816
f 803/869/803 816/883/816 804/870/804
f 804/870/804 816/883/816 805/884/805
f 804/870/804 805/884/805 793/871/793
f 805/872/805 817/885/817 818/886/818
f 805/872/805 818/886/818 806/873/806
f 806/873/806 818/886/818 819/887/819
f 806/873/806 819/887/819 807/874/807
f 807/874/807 819/887/819 820/888/820
f 807/874/807 820/888/820 808/875/808
f 808/875/808 820/888/820 821/889/821
f 808/875/808 821/889/821 809/876/809
f 809/876/809 821/889/821 822/890/822
f 809/876/809 822/890/822 810/877/810
f 810/877/810 822/890/822 823/891/823
f 810/877/810 823/891/823 811/878/811
f 811/878/811 823/891/823 824/892/824
f 811/878/811 824/892/824 812/879/812
f 812/879/812 824/892/824 825/893/825
f 812/879/812 825/893/825 813/880/813
f 813/880/813 825/893/825 826/894/826
f 813/880/813 826/894/826 814/881/814
f 814/881/814 826/894/826 827/895/827
f 814/881/814 827/895/827 815/882/815
f 815/882/815 827/895/827 828/896/828
f 815/882/815 828/896/828 816/883/816
f 816/883/816 828/896/828 817/897/817
f 816/883/816 817/897/817 805/884/805
f 817/885/817 829/898/829 830/899/830
f 817/885/817 830/899/830 818/886/818
f 818/886/818 830/899/830 831/900/831
f 818/886/818 831/900/831 819/887/819
f 819/887/819 831/900/831 832/901/832
f 819/887/819 832/901/832 820/888/820
f 820/888/820 832/901/832 833/902/833
f 820/888/820 833/902/833 821/889/821
f 821/889/821 833/902/833 834/903/834
f 821/889/821 834/903/834 822/890/822
f 822/890/822 834/903/834 835/904/835
f 822/890/822 835/904/835 823/891/823
f 823/891/823 835/904/835 836/905/836
f 823/891/823 836/905/836 824/892/824
f 824/892/824 836/905/836 837/906/837
f 824/892/824 837/906/837 825/893/825
f 825/893/825 837/906/837 838/907/838
f 825/893/825 838/907/838 826/894/826
f 826/894/826 838/907/838 839/908/839
f 826/894/826 839/908/839 827/895/827
f 827/895/827 839/908/839 840/909/840
f 827/895/827 840/909/840 828/896/828
f 828/896/828 840/909/840 829/910/829
f 828/896/828 829/910/829 817/897/817
f 829/898/829 841/911/841 842/912/842
f 829/898/829 842/912/842 830/899/830
f 830/899/830 842/912/842 843/913/843
f 830/899/830 843/913/843 831/900/831
f 831/900/831 843/913/843 844/914/844
f 831/900/831 844/914/844 832/901/832
f 832/901/832 844/914/844 845/915/845
f 832/901/832 845/915/845 833/902/833
f 833/902/833 845/915/845 846/916/846
f 833/902/833 846/916/846 834/903/834
f 834/903/834 846/916/846 847/917/847
f 834/903/834 847/917/847 835/904/835
f 835/904/835 847/917/847 848/918/848
f 835/904/835 848/918/848 836/905/836
f 836/905/836 848/918/848 849/919/849
f 836/905/836 849/919/849 837/906/837
f 837/906/837 849/919/849 850/920/850
f 837/906/837 850/920/850 838/907/838
f 838/907/838 850/920/850 851/921/851
f 838/907/838 851/921/851 839/908/839
f 839/908/839 851/921/851 852/922/852
f 839/908/839 852/922/852 840/909/840
f 840/909/840 852/922/852 841/923/841
f 840/909/840 841/923/841 829/910/829
f 841/911/841 853/924/853 854/925/854
f 841/911/841 854/925/854 842/912/842
f 842/912/842 854/925/854 855/926/855
f 842/912/842 855/926/855 843/913/843
f 843/913/843 855/926/855 856/927/856
f 843/913/843 856/927/856 844/914/844
f 844/914/844 856/927/856 857/928/857
f 844/914/844 857/928/857 845/915/845
f 845/915/845 857/928/857 858/929/858
f 845/915/845 858/929/858 846/916/846
f 846/916/846 858/929/858 859/930/859
f 846/916/846 859/930/859 847/917/847
f 847/917/847 859/930/859 860/931/860
f 847/917/847 860/931/860 848/918/848
f 848/918/848 860/931/860 861/932/861
f 848/918/848 861/932/861 849/919/849
f 849/919/849 861/932/861 862/933/862
f 849/919/849 862/933/862 850/920/850
f 850/920/850 862/933/862 863/934/863
f 850/920/850 863/934/863 851/921/851
f 851/921/851 863/934/863 864/935/864
f 851/921/851 864/935/864 852/922/852
f 852/922/852 864/935/864 853/936/853
f 852/922/852 853/936/853 841/923/841
f 853/924/853 865/937/865 866/938/866
f 853/924/853 866/938/866 854/925/854
f 854/925/854 866/938/866 867/939/867
f 854/925/854 867/939/867 855/926/855
f 855/926/855 867/939/867 868/940/868
f 855/926/855 868/940/868 856/927/856
f 856/927/856 868/940/868 869/941/869
f 856/927/856 869/941/869 857/928/857
f 857/928/857 869/941/869 870/942/870
f 857/928/857 870/942/870 858/929/858
f 858/929/858 870/942/870 871/943/871
f 858/929/858 871/943/871 859/930/859
f 859/930/859 871/943/871 872/944/872
f 859/930/859 872/944/872 860/931/860
f 860/931/860 872/944/872 873/945/873
f 860/931/860 873/945/873 861/932/861
f 861/932/861 873/945/873 874/946/874
f 861/932/861 874/946/874 862/933/862
f 862/933/862 874/946/874 875/947/875
f 862/933/862 875/947/875 863/934/863
f 863/934/863 875/947/875 876/948/876
f 863/934/863 876/948/876 864/935/864
f 864/935/864 876/948/876 865/949/865
f 864/935/864 865/949/865 853/936/853
f 865/937/865 877/950/877 878/951/878
f 865/937/865 878/951/878 866/938/866
f 866/938/866 878/951/878 879/952/879
f 866/938/866 879/952/879 867/939/867
f 867/939/867 879/952/879 880/953/880
f 867/939/867 880/953/880 868/940/868
f 868/940/868 880/953/880 881/954/881
f 868/940/868 881/954/881 869/941/869
f 869/941/869 881/954/881 882/955/882
f 869/941/869 882/955/882 870/942/870
f 870/942/870 882/955/882 883/956/883
f 870/942/870 883/956/883 871/943/871
f 871/943/871 883/956/883 884/957/884
f 871/943/871 884/957/884 872/944/872
f 872/944/872 884/957/884 885/958/885
f 872/944/872 885/958/885 873/945/873
f 873/945/873 885/958/885 886/959/886
f 873/945/873 886/959/886 874/946/874
f 874/946/874 886/959/886 887/960/887
f 874/946/874 887/960/887 875/947/875
f 875/947/875 887/960/887 888/961/888
f 875/947/875 888/961/888 876/948/876
f 876/948/876 888/961/888 877/962/877
f 876/948/876 877/962/877 865/949/865
f 877/950/877 889/963/889 890/964/890
f 877/950/877 890/964/890 878/951/878
f 878/951/878 890/964/890 891/965/891
f 878/951/878 891/965/891 879/952/879
f 879/952/879 891/965/891 892/966/892
f 879/952/879 892/966/892 880/953/880
f 880/953/880 892/966/892 893/967/893
f 880/953/880 893/967/893 881/954/881
f 881/954/881 893/967/893 894/968/894
f 881/954/881 894/968/894 882/955/882
f 882/955/882 894/968/894 895/969/895
f 882/955/882 895/969/895 883/956/883
f 883/956/883 895/969/895 896/970/896
f 883/956/883 896/970/896 884/957/884
f 884/957/884 896/970/896 897/971/897
f 884/957/884 897/971/897 885/958/885
f 885/958/885 897/971/897 898/972/898
f 885/958/885 898/972/898 886/959/886
f 886/959/886 898/972/898 899/973/899
f 886/959/886 899/973/899 887/960/887
f 887/960/887 899/973/899 900/974/900
f 887/960/887 900/974/900 888/961/888
f 888/961/888 900/974/900 889/975/889
f 888/961/888 889/975/889 877/962/877
f 889/963/889 901/976/901 902/977/902
f 889/963/889 902/977/902 890/964/890
f 890/964/890 902/977/902 903/978/903
f 890/964/890 903/978/903 891/965/891
f 891/965/891 903/978/903 904/979/904
f 891/965/891 904/979/904 892/966/892
f 892/966/892 904/979/904 905/980/905
f 892/966/892 905/980/905 893/967/893
f 893/967/893 905/980/905 906/981/906
f 893/967/893 906/981/906 894/968/894
f 894/968/894 906/981/906 907/982/907
f 894/968/894 907/982/907 895/969/895
f 895/969/895 907/982/907 908/983/908
f 895/969/895 908/983/908 896/970/896
f 896/970/896 908/983/908 909/984/909
f 896/970/896 909/984/909 897/971/897
f 897/971/897 909/984/909 910/985/910
f 897/971/897 910/985/910 898/972/898
f 898/972/898 910/985/910 911/986/911
f 898/972/898 911/986/911 899/973/899
f 899/973/899 911/986/911 912/987/912
f 899/973/899 912/987/912 900/974/900
f 900/974/900 912/987/912 901/988/901
f 900/974/900 901/988/901 889/975/889
f 901/976/901 913/989/913 914/990/914
f 901/976/901 914/990/914 902/977/902
f 902/977/902 914/990/914 915/991/915
f 902/977/902 915/991/915 903/978/903
f 903/978/903 915/991/915 916/992/916
f 903/978/903 916/992/916 904/979/904
f 904/979/904 916/992/916 917/993/917
f 904/979/904 917/993/917 905/980/905
f 905/980/905 917/993/917 918/994/918
f 905/980/905 918/994/918 906/981/906
f 906/981/906 918/994/918 919/995/919
f 906/981/906 919/995/919 907/982/907
f 907/982/907 919/995/919 920/996/920
f 907/982/907 920/996/920 908/983/908
f 908/983/908 920/996/920 921/997/921
f 908/983/908 921/997/921 909/984/909
f 909/984/909 921/997/921 922/998/922
f 909/984/909 922/998/922 910/985/910
f 910/985/910 922/998/922 923/999/923
f 910/985/910 923/999/923 911/986/911
f 911/986/911 923/999/923 924/1000/924
f 911/986/911 924/1000/924 912/987/912
f 912/987/912 924/1000/924 913/1001/913
f 912/987/912 913/1001/913 901/988/901
f 913/989/913 925/1002/925 926/1003/926
f 913/989/913 926/1003/926 914/990/914
f 914/990/914 926/1003/926 927/1004/927
f 914/990/914 927/1004/927 915/991/915
f 915/991/915 927/1004/927 928/1005/928
f 915/991/915 928/1005/928 916/992/916
f 916/992/916 928/1005/928 929/1006/929
f 916/992/916 929/1006/929 917/993/917
f 917/993/917 929/1006/929 930/1007/930
f 917/993/917 930/1007/930 918/994/918
f 918/994/918 930/1007/930 931/1008/931
f 918/994/918 931/1008/931 919/995/919
f 919/995/919 931/1008/931 932/1009/932
f 919/995/919 932/1009/932 920/996/920
f 920/996/920 932/1009/932 933/1010/933
f 920/996/920 933/1010/933 921/997/921
f 921/997/921 933/1010/933 934/1011/934
f 921/997/921 934/1011/934 922/998/922
f 922/998/922 934/1011/934 935/1012/935
f 922/998/922 935/1012/935 923/999/923
f 923/999/923 935/1012/935 936/1013/936
f 923/999/923 936/1013/936 924/1000/924
f 924/1000/924 936/1013/936 925/1014/925
f 924/1000/924 925/1014/925 913/1001/913
f 925/1002/925 937/1015/937 938/1016/938
f 925/1002/925 938/1016/938 926/1003/926
f 926/1003/926 938/1016/938 939/1017/939
f 926/1003/926 939/1017/939 927/1004/927
f 927/1004/927 939/1017/939 940/1018/940
f 927/1004/927 940/1018/940 928/1005/928
f 928/1005/928 940/1018/940 941/1019/941
f 928/1005/928 941/1019/941 929/1006/929
f 929/1006/929 941/1019/941 942/1020/942
f 929/1006/929 942/1020/942 930/1007/930
f 930/1007/930 942/1020/942 943/1021/943
f 930/1007/930 943/1021/943 931/1008/931
f 931/1008/931 943/1021/943 944/1022/944
f 931/1008/931 944/1022/944 932/1009/932
f 932/1009/932 944/1022/944 945/1023/945
f 932/1009/932 945/1023/945 933/1010/933
f 933/1010/933 945/1023/945 946/1024/946
f 933/1010/933 946/1024/946 934/1011/934
f 934/1011/934 946/1024/946 947/1025/947
f 934/1011/934 947/1025/947 935/1012/935
f 935/1012/935 947/1025/947 948/1026/948
f 935/1012/935 948/1026/948 936/1013/936
f 936/1013/936 948/1026/948 937/1027/937
f 936/1013/936 937/1027/937 925/1014/925
f 937/1015/937 949/1028/949 950/1029/950
f 937/1015/937 950/1029/950 938/1016/938
f 938/1016/938 950/1029/950 951/1030/951
f 938/1016/938 951/1030/951 939/1017/939
f 939/1017/939 951/1030/951 952/1031/952
f 939/1017/939 952/1031/952 940/1018/940
f 940/1018/940 952/1031/952 953/1032/953
f 940/1018/940 953/1032/953 941/1019/941
f 941/1019/941 953/1032/953 954/1033/954
f 941/1019/941 954/1033/954 942/1020/942
f 942/1020/942 954/1033/954 955/1034/955
f 942/1020/942 955/1034/955 943/1021/943
f 943/1021/943 955/1034/955 956/1035/956
f 943/1021/943 956/1035/956 944/1022/944
f 944/1022/944 956/1035/956 957/1036/957
f 944/1022/944 957/1036/957 945/1023/945
f 945/1023/945 957/1036/957 958/1037/958
f 945/1023/945 958/1037/958 946/1024/946
f 946/1024/946 958/1037/958 959/1038/959
f 946/1024/946 959/1038/959 947/1025/947
f 947/1025/947 959/1038/959 960/1039/960
f 947/1025/947 960/1039/960 948/1026/948
f 948/1026/948 960/1039/960 949/1040/949
f 948/1026/948 949/1040/949 937/1027/937
f 949/1028/949 961/1041/961 962/1042/962
f 949/1028/949 962/1042/962 950/1029/950
f 950/1029/950 962/1042/962 963/1043/963
f 950/1029/950 963/1043/963 951/1030/951
f 951/1030/951 963/1043/963 964/1044/964
f 951/1030/951 964/1044/964 952/1031/952
f 952/1031/952 964/1044/964 965/1045/965
f 952/1031/952 965/1045/965 953/1032/953
f 953/1032/953 965/1045/965 966/1046/966
f 953/1032/953 966/1046/966 954/1033/954
f 954/1033/954 966/1046/966 967/1047/967
f 954/1033/954 967/1047/967 955/1034/955
f 955/1034/955 967/1047/967 968/1048/968
f 955/1034/955 968/1048/968 956/1035/956
f 956/1035/956 968/1048/968 969/1049/969
f 956/1035/956 969/1049/969 957/1036/957
f 957/1036/957 969/1049/969 970/1050/970
f 957/1036/957 970/1050/970 958/1037/958
f 958/1037/958 970/1050/970 971/1051/971
f 958/1037/958 971/1051/971 959/1038/959
f 959/1038/959 971/1051/971 972/1052/972
f 959/1038/959 972/1052/972 960/1039/960
f 960/1039/960 972/1052/972 961/1053/961
f 960/1039/960 961/1053/961 949/1040/949
f 961/1041/961 973/1054/973 974/1055/974
f 961/1041/961 974/1055/974 962/1042/962
f 962/1042/962 974/1055/974 975/1056/975
f 962/1042/962 975/1056/975 963/1043/963
f 963/1043/963 975/1056/975 976/1057/976
f 963/1043/963 976/1057/976 964/1044/964
f 964/1044/964 976/1057/976 977/1058/977
f 964/1044/964 977/1058/977 965/1045/965
f 965/1045/965 977/1058/977 978/1059/978
f 965/1045/965 978/1059/978 966/1046/966
f 966/1046/966 978/1059/978 979/1060/979
f 966/1046/966 979/1060/979 967/1047/967
f 967/1047/967 979/1060/979 980/1061/980
f 967/1047/967 980/1061/980 968/1048/968
f 968/1048/968 980/1061/980 981/1062/981
f 968/1048/968 981/1062/981 969/1049/969
f 969/1049/969 981/1062/981 982/1063/982
f 969/1049/969 982/1063/982 970/1050/970
f 970/1050/970 982/1063/982 983/1064/983
f 970/1050/970 983/1064/983 971/1051/971
f 971/1051/971 983/1064/983 984/1065/984
f 971/1051/971 984/1065/984 972/1052/972
f 972/1052/972 984/1065/984 973/1066/973
f 972/1052/972 973/1066/973 961/1053/961
f 973/1054/973 985/1067/985 986/1068/986
f 973/1054/973 986/1068/986 974/1055/974
f 974/1055/974 986/1068/986 987/1069/987
f 974/1055/974 987/1069/987 975/1056/975
f 975/1056/975 987/1069/987 988/1070/988
f 975/1056/975 988/1070/988 976/1057/976
f 976/1057/976 988/1070/988 989/1071/989
f 976/1057/976 989/1071/989 977/1058/977
f 977/1058/977 989/1071/989 990/1072/990
f 977/1058/977 990/1072/990 978/1059/978
f 978/1059/978 990/1072/990 991/1073/991
f 978/1059/978 991/1073/991 979/1060/979
f 979/1060/979 991/1073/991 992/1074/992
f 979/1060/979 992/1074/992 980/1061/980
f 980/1061/980 992/1074/992 993/1075/993
f 980/1061/980 993/1075/993 981/1062/981
f 981/1062/981 993/1075/993 994/1076/994
f 981/1062/981 994/1076/994 982/1063/982
f 982/1063/982 994/1076/994 995/1077/995
f 982/1063/982 995/1077/995 983/1064/983
f 983/1064/983 995/1077/995 996/1078/996
f 983/1064/983 996/1078/996 984/1065/984
f 984/1065/984 996/1078/996 985/1079/985
f 984/1065/984 985/1079/985 973/1066/973
f 985/1067/985 997/1080/997 998/1081/998
f 985/1067/985 998/1081/998 986/1068/986
f 986/1068/986 998/1081/998 999/1082/999
f 986/1068/986 999/1082/999 987/1069/987
f 987/1069/987 999/1082/999 1000/1083/1000
f 987/1069/987 1000/1083/1000 988/1070/988
f 988/1070/988 1000/1083/1000 1001/1084/1001
f 988/1070/988 1001/1084/1001 989/1071/989
f 989/1071/989 1001/1084/1001 1002/1085/1002
f 989/1071/989 1002/1085/1002 990/1072/990
f 990/1072/990 1002/1085/1002 1003/1086/1003
f 990/1072/990 1003/1086/1003 991/1073/991
f 991/1073/991 1003/1086/1003 1004/1087/1004
f 991/1073/991 1004/1087/1004 992/1074/992
f 992/1074/992 1004/1087/1004 1005/1088/1005
f 992/1074/992 1005/1088/1005 993/1075/993
f 993/1075/993 1005/1088/1005 1006/1089/1006
f 993/1075/993 1006/1089/1006 994/1076/994
f 994/1076/994 1006/1089/1006 1007/1090/1007
f 994/1076/994 1007/1090/1007 995/1077/995
f 995/1077/995 1007/1090/1007 1008/1091/1008
f 995/1077/995 1008/1091/1008 996/1078/996
f 996/1078/996 1008/1091/1008 997/1092/997
f 996/1078/996 997/1092/997 985/1079/985
f 997/1080/997 1009/1093/1009 1010/1094/1010
f 997/1080/997 1010/1094/1010 998/1081/998
f 998/1081/998 1010/1094/1010 1011/1095/1011
f 998/1081/998 1011/1095/1011 999/1082/999
f 999/1082/999 1011/1095/1011 1012/1096/1012
f 999/1082/999 1012/1096/1012 1000/1083/1000
f 1000/1083/1000 1012/1096/1012 1013/1097/1013
f 1000/1083/1000 1013/1097/1013 1001/1084/1001
f 1001/1084/1001 1013/1097/1013 1014/1098/1014
f 1001/1084/1001 1014/1098/1014 1002/1085/1002
f 1002/1085/1002 1014/1098/1014 1015/1099/1015
f 1002/1085/1002 1015/1099/1015 1003/1086/1003
f 1003/1086/1003 1015/1099/1015 1016/1100/1016
f 1003/1086/1003 1016/1100/1016 1004/1087/1004
f 1004/1087/1004 1016/1100/1016 1017/1101/1017
f 1004/1087/1004 1017/1101/1017 1005/1088/1005
f 1005/1088/1005 1017/1101/1017 1018/1102/1018
f 1005/1088/1005 1018/1102/1018 1006/1089/1006
f 1006/1089/1006 1018/1102/1018 1019/1103/1019
f 1006/1089/1006 1019/1103/1019 1007/1090/1007
f 1007/1090/1007 1019/1103/1019 1020/1104/1020
f 1007/1090/1007 1020/1104/1020 1008/1091/1008
f 1008/1091/1008 1020/1104/1020 1009/1105/1009
f 1008/1091/1008 1009/1105/1009 997/1092/997
f 1009/1093/1009 1021/1106/1021 1022/1107/1022
f 1009/1093/1009 1022/1107/1022 1010/1094/1010
f 1010/1094/1010 1022/1107/1022 1023/1108/1023
f 1010/1094/1010 1023/1108/1023 1011/1095/1011
f 1011/1095/1011 1023/1108/1023 1024/1109/1024
f 1011/1095/1011 1024/1109/1024 1012/1096/1012
f 1012/1096/1012 1024/1109/1024 1025/1110/1025
f 1012/1096/1012 1025/1110/1025 1013/1097/1013
f 1013/1097/1013 1025/1110/1025 1026/1111/1026
f 1013/1097/1013 1026/1111/1026 1014/1098/1014
f 1014/1098/1014 1026/1111/1026 1027/1112/1027
f 1014/1098/1014 1027/1112/1027 1015/1099/1015
f 1015/1099/1015 1027/1112/1027 1028/1113/1028
f 1015/1099/1015 1028/1113/1028 1016/1100/1016
f 1016/1100/1016 1028/1113/1028 1029/1114/1029
f 1016/1100/1016 1029/1114/1029 1017/1101/1017
f 1017/1101/1017 1029/1114/1029 1030/1115/1030
f 1017/1101/1017 1030/1115/1030 1018/1102/1018
f 1018/1102/1018 1030/1115/1030 1031/1116/1031
f 1018/1102/1018 1031/1116/1031 1019/1103/1019
f 1019/1103/1019 1031/1116/1031 1032/1117/1032
f 1019/1103/1019 1032/1117/1032 1020/1104/1020
f 1020/1104/1020 1032/1117/1032 1021/1118/1021
f 1020/1104/1020 1021/1118/1021 1009/1105/1009
f 1021/1106/1021 1033/1119/1033 1034/1120/1034
f 1021/1106/1021 1034/1120/1034 1022/1107/1022
f 1022/1107/1022 1034/1120/1034 1035/1121/1035
f 1022/1107/1022 1035/1121/1035 1023/1108/1023
f 1023/1108/1023 1035/1121/1035 1036/1122/1036
f 1023/1108/1023 1036/1122/1036 1024/1109/1024
f 1024/1109/1024 1036/1122/1036 1037/1123/1037
f 1024/1109/1024 1037/1123/1037 1025/1110/1025
f 1025/1110/1025 1037/1123/1037 1038/1124/1038
f 1025/1110/1025 1038/1124/1038 1026/1111/1026
f 1026/1111/1026 1038/1124/1038 1039/1125/1039
f 1026/1111/1026 1039/1125/1039 1027/1112/1027
f 1027/1112/1027 1039/1125/1039 1040/1126/1040
f 1027/1112/1027 1040/1126/1040 1028/1113/1028
f 1028/1113/1028 1040/1126/1040 1041/1127/1041
f 1028/1113/1028 1041/1127/1041 1029/1114/1029
f 1029/1114/1029 1041/1127/1041 1042/1128/1042
f 1029/1114/1029 1042/1128/1042 1030/1115/1030
f 1030/1115/1030 1042/1128/1042 1043/1129/1043
f 1030/1115/1030 1043/1129/1043 1031/1116/1031
f 1031/1116/1031 1043/1129/1043 1044/1130/1044
f 1031/1116/1031 1044/1130/1044 1032/1117/1032
f 1032/1117/1032 1044/1130/1044 1033/1131/1033
f 1032/1117/1032 1033/1131/1033 1021/1118/1021
f 1033/1119/1033 1045/1132/1045 1046/1133/1046
f 1033/1119/1033 1046/1133/1046 1034/1120/1034
f 1034/1120/1034 1046/1133/1046 1047/1134/1047
f 1034/1120/1034 1047/1134/1047 1035/1121/1035
f 1035/1121/1035 1047/1134/1047 1048/1135/1048
f 1035/1121/1035 1048/1135/1048 1036/1122/1036
f 1036/1122/1036 1048/1135/1048 1049/1136/1049
f 1036/1122/1036 1049/1136/1049 1037/1123/1037
f 1037/1123/1037 1049/1136/1049 1050/1137/1050
f 1037/1123/1037 1050/1137/1050 1038/1124/1038
f 1038/1124/1038 1050/1137/1050 1051/1138/1051
f 1038/1124/1038 1051/1138/1051 1039/1125/1039
f 1039/1125/1039 1051/1138/1051 1052/1139/1052
f 1039/1125/1039 1052/1139/1052 1040/1126/1040
f 1040/1126/1040 1052/1139/1052 1053/1140/1053
f 1040/1126/1040 1053/1140/1053 1041/1127/1041
f 1041/1127/1041 1053/1140/1053 1054/1141/1054
f 1041/1127/1041 1054/1141/1054 1042/1128/1042
f 1042/1128/1042 1054/1141/1054 1055/1142/1055
f 1042/1128/1042 1055/1142/1055 1043/1129/1043
f 1043/1129/1043 1055/1142/1055 1056/1143/1056
f 1043/1129/1043 1056/1143/1056 1044/1130/1044
f 1044/1130/1044 1056/1143/1056 1045/1144/1045
f 1044/1130/1044 1045/1144/1045 1033/1131/1033
f 1045/1132/1045 1057/1145/1057 1058/1146/1058
f 1045/1132/1045 1058/1146/1058 1046/1133/1046
f 1046/1133/1046 1058/1146/1058 1059/1147/1059
f 1046/1133/1046 1059/1147/1059 1047/1134/1047
f 1047/1134/1047 1059/1147/1059 1060/1148/1060
f 1047/1134/1047 1060/1148/1060 1048/1135/1048
f 1048/1135/1048 1060/1148/1060 1061/1149/1061
f 1048/1135/1048 1061/1149/1061 1049/1136/1049
f 1049/1136/1049 1061/1149/1061 1062/1150/1062
f 1049/1136/1049 1062/1150/1062 1050/1137/1050
f 1050/1137/1050 1062/1150/1062 1063/1151/1063
f 1050/1137/1050 1063/1151/1063 1051/1138/1051
f 1051/1138/1051 1063/1151/1063 1064/1152/1064
f 1051/1138/1051 1064/1152/1064 1052/1139/1052
f 1052/1139/1052 1064/1152/1064 1065/1153/1065
f 1052/1139/1052 1065/1153/1065 1053/1140/1053
f 1053/1140/1053 1065/1153/1065 1066/1154/1066
f 1053/1140/1053 1066/1154/1066 1054/1141/1054
f 1054/1141/1054 1066/1154/1066 1067/1155/1067
f 1054/1141/1054 1067/1155/1067 1055/1142/1055
f 1055/1142/1055 1067/1155/1067 1068/1156/1068
f 1055/1142/1055 1068/1156/1068 1056/1143/1056
f 1056/1143/1056 1068/1156/1068 1057/1157/1057
f 1056/1143/1056 1057/1157/1057 1045/1144/1045
f 1057/1145/1057 1069/1158/1069 1070/1159/1070
f 1057/1145/1057 1070/1159/1070 1058/1146/1058
f 1058/1146/1058 1070/1159/1070 1071/1160/1071
f 1058/1146/1058 1071/1160/1071 1059/1147/1059
f 1059/1147/1059 1071/1160/1071 1072/1161/1072
f 1059/1147/1059 1072/1161/1072 1060/1148/1060
f 1060/1148/1060 1072/1161/1072 1073/1162/1073
f 1060/1148/1060 1073/1162/1073 1061/1149/1061
f 1061/1149/1061 1073/1162/1073 1074/1163/1074
f 1061/1149/1061 1074/1163/1074 1062/1150/1062
f 1062/1150/1062 1074/1163/1074 1075/1164/1075
f 1062/1150/1062 1075/1164/1075 1063/1151/1063
f 1063/1151/1063 1075/1164/1075 1076/1165/1076
f 1063/1151/1063 1076/1165/1076 1064/1152/1064
f 1064/1152/1064 1076/1165/1076 1077/1166/1077
f 1064/1152/1064 1077/1166/1077 1065/1153/1065
f 1065/1153/1065 1077/1166/1077 1078/1167/1078
f 1065/1153/1065 1078/1167/1078 1066/1154/1066
f 1066/1154/1066 1078/1167/1078 1079/1168/1079
f 1066/1154/1066 1079/1168/1079 1067/1155/1067
f 1067/1155/1067 1079/1168/1079 1080/1169/1080
f 1067/1155/1067 1080/1169/1080 1068/1156/1068
f 1068/1156/1068 1080/1169/1080 1069/1170/1069
f 1068/1156/1068 1069/1170/1069 1057/1157/1057
f 1069/1158/1069 1081/1171/1081 1082/1172/1082
f 1069/1158/1069 1082/1172/1082 1070/1159/1070
f 1070/1159/1070 1082/1172/1082 1083/1173/1083
f 1070/1159/1070 1083/1173/1083 1071/1160/1071
f 1071/1160/1071 1083/1173/1083 1084/1174/1084
f 1071/1160/1071 1084/1174/1084 1072/1161/1072
f 1072/1161/1072 1084/1174/1084 1085/1175/1085
f 1072/1161/1072 1085/1175/1085 1073/1162/1073
f 1073/1162/1073 1085/1175/1085 1086/1176/1086
f 1073/1162/1073 1086/1176/1086 1074/1163/1074
f 1074/1163/1074 1086/1176/1086 1087/1177/1087
f 1074/1163/1074 1087/1177/1087 1075/1164/1075
f 1075/1164/1075 1087/1177/1087 1088/1178/1088
f 1075/1164/1075 1088/1178/1088 1076/1165/1076
f 1076/1165/1076 1088/1178/1088 1089/1179/1089
f 1076/1165/1076 1089/1179/1089 1077/1166/1077
f 1077/1166/1077 1089/1179/1089 1090/1180/1090
f 1077/1166/1077 1090/1180/1090 1078/1167/1078
f 1078/1167/1078 1090/1180/1090 1091/1181/1091
f 1078/1167/1078 1091/1181/1091 1079/1168/1079
f 1079/1168/1079 1091/1181/1091 1092/1182/1092
f 1079/1168/1079 1092/1182/1092 1080/1169/1080
f 1080/1169/1080 1092/1182/1092 1081/1183/1081
f 1080/1169/1080 1081/1183/1081 1069/1170/1069
f 1081/1171/1081 1093/1184/1093 1094/1185/1094
f 1081/1171/1081 1094/1185/1094 1082/1172/1082
f 1082/1172/1082 1094/1185/1094 1095/1186/1095
f 1082/1172/1082 1095/1186/1095 1083/1173/1083
f 1083/1173/1083 1095/1186/1095 1096/1187/1096
f 1083/1173/1083 1096/1187/1096 1084/1174/1084
f 1084/1174/1084 1096/1187/1096 1097/1188/1097
f 1084/1174/1084 1097/1188/1097 1085/1175/1085
f 1085/1175/1085 1097/1188/1097 1098/1189/1098
f 1085/1175/1085 1098/1189/1098 1086/1176/1086
f 1086/1176/1086 1098/1189/1098 1099/1190/1099
f 1086/1176/1086 1099/1190/1099 1087/1177/1087
f 1087/1177/1087 1099/1190/1099 1100/1191/1100
f 1087/1177/1087 1100/1191/1100 1088/1178/1088
f 1088/1178/1088 1100/1191/1100 1101/1192/1101
f 1088/1178/1088 1101/1192/1101 1089/1179/1089
f 1089/1179/1089 1101/1192/1101 1102/1193/1102
f 1089/1179/1089 1102/1193/1102 1090/1180/1090
f 1090/1180/1090 1102/1193/1102 1103/1194/1103
f 1090/1180/1090 1103/1194/1103 1091/1181/1091
f 1091/1181/1091 1103/1194/1103 1104/1195/1104
f 1091/1181/1091 1104/1195/1104 1092/1182/1092
f 1092/1182/1092 1104/1195/1104 1093/1196/1093
f 1092/1182/1092 1093/1196/1093 1081/1183/1081
f 1093/1184/1093 1105/1197/1105 1106/1198/1106
f 1093/1184/1093 1106/1198/1106 1094/1185/1094
f 1094/1185/1094 1106/1198/1106 1107/1199/1107
f 1094/1185/1094 1107/1199/1107 1095/1186/1095
f 1095/1186/1095 1107/1199/1107 1108/1200/1108
f 1095/1186/1095 1108/1200/1108 1096/1187/1096
f 1096/1187/1096 1108/1200/1108 1109/1201/1109
f 1096/1187/1096 1109/1201/1109 1097/1188/1097
f 1097/1188/1097 1109/1201/1109 1110/1202/1110
f 1097/1188/1097 1110/1202/1110 1098/1189/1098
f 1098/1189/1098 1110/1202/1110 1111/1203/1111
f 1098/1189/1098 1111/1203/1111 1099/1190/1099
f 1099/1190/1099 1111/1203/1111 1112/1204/1112
f 1099/1190/1099 1112/1204/1112 1100/1191/1100
f 1100/1191/1100 1112/1204/1112 1113/1205/1113
f 1100/1191/1100 1113/1205/1113 1101/1192/1101
f 1101/1192/1101 1113/1205/1113 1114/1206/1114
f 1101/1192/1101 1114/1206/1114 1102/1193/1102
f 1102/1193/1102 1114/1206/1114 1115/1207/1115
f 1102/1193/1102 1115/1207/1115 1103/1194/1103
f 1103/1194/1103 1115/1207/1115 1116/1208/1116
f 1103/1194/1103 1116/1208/1116 1104/1195/1104
f 1104/1195/1104 1116/1208/1116 1105/1209/1105
f 1104/1195/1104 1105/1209/1105 1093/1196/1093
f 1105/1197/1105 1117/1210/1117 1118/1211/1118
f 1105/1197/1105 1118/1211/1118 1106/1198/1106
f 1106/1198/1106 1118/1211/1118 1119/1212/1119
f 1106/1198/1106 1119/1212/1119 1107/1199/1107
f 1107/1199/1107 1119/1212/1119 1120/1213/1120
f 1107/1199/1107 1120/1213/1120 1108/1200/1108
f 1108/1200/1108 1120/1213/1120 1121/1214/1121
f 1108/1200/1108 1121/1214/1121 1109/1201/1109
f 1109/1201/1109 1121/1214/1121 1122/1215/1122
f 1109/1201/1109 1122/1215/1122 1110/1202/1110
f 1110/1202/1110 1122/1215/1122 1123/1216/1123
f 1110/1202/1110 1123/1216/1123 1111/1203/1111
f 1111/1203/1111 1123/1216/1123 1124/1217/1124
f 1111/1203/1111 1124/1217/1124 1112/1204/1112
f 1112/1204/1112 1124/1217/1124 1125/1218/1125
f 1112/1204/1112 1125/1218/1125 1113/1205/1113
f 1113/1205/1113 1125/1218/1125 1126/1219/1126
f 1113/1205/1113 1126/1219/1126 1114/1206/1114
f 1114/1206/1114 1126/1219/1126 1127/1220/1127
f 1114/1206/1114 1127/1220/1127 1115/1207/1115
f 1115/1207/1115 1127/1220/1127 1128/1221/1128
f 1115/1207/1115 1128/1221/1128 1116/1208/1116
f 1116/1208/1116 1128/1221/1128 1117/1222/1117
f 1116/1208/1116 1117/1222/1117 1105/1209/1105
f 1117/1210/1117 1129/1223/1129 1130/1224/1130
f 1117/1210/1117 1130/1224/1130 1118/1211/1118
f 1118/1211/1118 1130/1224/1130 1131/1225/1131
f 1118/1211/1118 1131/1225/1131 1119/1212/1119
f 1119/1212/1119 1131/1225/1131 1132/1226/1132
f 1119/1212/1119 1132/1226/1132 1120/1213/1120
f 1120/1213/1120 1132/1226/1132 1133/1227/1133
f 1120/1213/1120 1133/1227/1133 1121/1214/1121
f 1121/1214/1121 1133/1227/1133 1134/1228/1134
f 1121/1214/1121 1134/1228/1134 1122/1215/1122
f 1122/1215/1122 1134/1228/1134 1135/1229/1135
f 1122/1215/1122 1135/1229/1135 1123/1216/1123
f 1123/1216/1123 1135/1229/1135 1136/1230/1136
f 1123/1216/1123 1136/1230/1136 1124/1217/1124
f 1124/1217/1124 1136/1230/1136 1137/1231/1137
f 1124/1217/1124 1137/1231/1137 1125/1218/1125
f 1125/1218/1125 1137/1231/1137 1138/1232/1138
f 1125/1218/1125 1138/1232/1138 1126/1219/1126
f 1126/1219/1126 1138/1232/1138 1139/1233/1139
f 1126/1219/1126 1139/1233/1139 1127/1220/1127
f 1127/1220/1127 1139/1233/1139 1140/1234/1140
f 1127/1220/1127 1140/1234/1140 1128/1221/1128
f 1128/1221/1128 1140/1234/1140 1129/1235/1129
f 1128/1221/1128 1129/1235/1129 1117/1222/1117
f 1129/1223/1129 1141/1236/1141 1142/1237/1142
f 1129/1223/1129 1142/1237/1142 1130/1224/1130
f 1130/1224/1130 1142/1237/1142 1143/1238/1143
f 1130/1224/1130 1143/1238/1143 1131/1225/1131
f 1131/1225/1131 1143/1238/1143 1144/1239/1144
f 1131/1225/1131 1144/1239/1144 1132/1226/1132
f 1132/1226/1132 1144/1239/1144 1145/1240/1145
f 1132/1226/1132 1145/1240/1145 1133/1227/1133
f 1133/1227/1133 1145/1240/1145 1146/1241/1146
f 1133/1227/1133 1146/1241/1146 1134/1228/1134
f 1134/1228/1134 1146/1241/1146 1147/1242/1147
f 1134/1228/1134 1147/1242/1147 1135/1229/1135
f 1135/1229/1135 1147/1242/1147 1148/1243/1148
f 1135/1229/1135 1148/1243/1148 1136/1230/1136
f 1136/1230/1136 1148/1243/1148 1149/1244/1149
f 1136/1230/1136 1149/1244/1149 1137/1231/1137
f 1137/1231/1137 1149/1244/1149 1150/1245/1150
f 1137/1231/1137 1150/1245/1150 1138/1232/1138
f 1138/1232/1138 1150/1245/1150 1151/1246/1151
f 1138/1232/1138 1151/1246/1151 1139/1233/1139
f 1139/1233/1139 1151/1246/1151 1152/1247/1152
f 1139/1233/1139 1152/1247/1152 1140/1234/1140
f 1140/1234/1140 1152/1247/1152 1141/1248/1141
f 1140/1234/1140 1141/1248/1141 1129/1235/1129
f 1141/1236/1141 1153/1249/1153 1154/1250/1154
f 1141/1236/1141 1154/1250/1154 1142/1237/1142
f 1142/1237/1142 1154/1250/1154 1155/1251/1155
f 1142/1237/1142 1155/1251/1155 1143/1238/1143
f 1143/1238/1143 1155/1251/1155 1156/1252/1156
f 1143/1238/1143 1156/1252/1156 1144/1239/1144
f 1144/1239/1144 1156/1252/1156 1157/1253/1157
f 1144/1239/1144 1157/1253/1157 1145/1240/1145
f 1145/1240/1145 1157/1253/1157 1158/1254/1158
f 1145/1240/1145 1158/1254/1158 1146/1241/1146
f 1146/1241/1146 1158/1254/1158 1159/1255/1159
f 1146/1241/1146 1159/1255/1159 1147/1242/1147
f 1147/1242/1147 1159/1255/1159 1160/1256/1160
f 1147/1242/1147 1160/1256/1160 1148/1243/1148
f 1148/1243/1148 1160/1256/1160 1161/1257/1161
f 1148/1243/1148 1161/1257/1161 1149/1244/1149
f 1149/1244/1149 1161/1257/1161 1162/1258/1162
f 1149/1244/1149 1162/1258/1162 1150/1245/1150
f 1150/1245/1150 1162/1258/1162 1163/1259/1163
f 1150/1245/1150 1163/1259/1163 1151/1246/1151
f 1151/1246/1151 1163/1259/1163 1164/1260/1164
f 1151/1246/1151 1164/1260/1164 1152/1247/1152
f 1152/1247/1152 1164/1260/1164 1153/1261/1153
f 1152/1247/1152 1153/1261/1153 1141/1248/1141
f 1153/1249/1153 1165/1262/1165 1166/1263/1166
f 1153/1249/1153 1166/1263/1166 1154/1250/1154
f 1154/1250/1154 1166/1263/1166 1167/1264/1167
f 1154/1250/1154 1167/1264/1167 1155/1251/1155
f 1155/1251/1155 1167/1264/1167 1168/1265/1168
f 1155/1251/1155 1168/1265/1168 1156/1252/1156
f 1156/1252/1156 1168/1265/1168 1169/1266/1169
f 1156/1252/1156 1169/1266/1169 1157/1253/1157
f 1157/1253/1157 1169/1266/1169 1170/1267/1170
f 1157/1253/1157 1170/1267/1170 1158/1254/1158
f 1158/1254/1158 1170/1267/1170 1171/1268/1171
f 1158/1254/1158 1171/1268/1171 1159/1255/1159
f 1159/1255/1159 1171/1268/1171 1172/1269/1172
f 1159/1255/1159 1172/1269/1172 1160/1256/1160
f 1160/1256/1160 1172/1269/1172 1173/1270/1173
f 1160/1256/1160 1173/1270/1173 1161/1257/1161
f 1161/1257/1161 1173/1270/1173 1174/1271/1174
f 1161/1257/1161 1174/1271/1174 1162/1258/1162
f 1162/1258/1162 1174/1271/1174 1175/1272/1175
f 1162/1258/1162 1175/1272/1175 1163/1259/1163
f 1163/1259/1163 1175/1272/1175 1176/1273/1176
f 1163/1259/1163 1176/1273/1176 1164/1260/1164
f 1164/1260/1164 1176/1273/1176 1165/1274/1165
f 1164/1260/1164 1165/1274/1165 1153/1261/1153
f 1165/1262/1165 1177/1275/1177 1178/1276/1178
f 1165/1262/1165 1178/1276/1178 1166/1263/1166
f 1166/1263/1166 1178/1276/1178 1179/1277/1179
f 1166/1263/1166 1179/1277/1179 1167/1264/1167
f 1167/1264/1167 1179/1277/1179 1180/1278/1180
f 1167/1264/1167 1180/1278/1180 1168/1265/1168
f 1168/1265/1168 1180/1278/1180 1181/1279/1181
f 1168/1265/1168 1181/1279/1181 1169/1266/1169
f 1169/1266/1169 1181/1279/1181 1182/1280/1182
f 1169/1266/1169 1182/1280/1182 1170/1267/1170
f 1170/1267/1170 1182/1280/1182 1183/1281/1183
f 1170/1267/1170 1183/1281/1183 1171/1268/1171
f 1171/1268/1171 1183/1281/1183 1184/1282/1184
f 1171/1268/1171 1184/1282/1184 1172/1269/1172
f 1172/1269/1172 1184/1282/1184 1185/1283/1185
f 1172/1269/1172 1185/1283/1185 1173/1270/1173
f 1173/1270/1173 1185/1283/1185 1186/1284/1186
f 1173/1270/1173 1186/1284/1186 1174/1271/1174
f 1174/1271/1174 1186/1284/1186 1187/1285/1187
f 1174/1271/1174 1187/1285/1187 1175/1272/1175
f 1175/1272/1175 1187/1285/1187 1188/1286/1188
f 1175/1272/1175 1188/1286/1188 1176/1273/1176
f 1176/1273/1176 1188/1286/1188 1177/1287/1177
f 1176/1273/1176 1177/1287/1177 1165/1274/1165
f 1177/1275/1177 1189/1288/1189 1190/1289/1190
f 1177/1275/1177 1190/1289/1190 1178/1276/1178
f 1178/1276/1178 1190/1289/1190 1191/1290/1191
f 1178/1276/1178 1191/1290/1191 1179/1277/1179
f 1179/1277/1179 1191/1290/1191 1192/1291/1192
f 1179/1277/1179 1192/1291/1192 1180/1278/1180
f 1180/1278/1180 1192/1291/1192 1193/1292/1193
f 1180/1278/1180 1193/1292/1193 1181/1279/1181
f 1181/1279/1181 1193/1292/1193 1194/1293/1194
f 1181/1279/1181 1194/1293/1194 1182/1280/1182
f 1182/1280/1182 1194/1293/1194 1195/1294/1195
f 1182/1280/1182 1195/1294/1195 1183/1281/1183
f 1183/1281/1183 1195/1294/1195 1196/1295/1196
f 1183/1281/1183 1196/1295/1196 1184/1282/1184
f 1184/1282/1184 1196/1295/1196 1197/1296/1197
f 1184/1282/1184 1197/1296/1197 1185/1283/1185
f 1185/1283/1185 1197/1296/1197 1198/1297/1198
f 1185/1283/1185 1198/1297/1198 1186/1284/1186
f 1186/1284/1186 1198/1297/1198 1199/1298/1199
f 1186/1284/1186 1199/1298/1199 1187/1285/1187
f 1187/1285/1187 1199/1298/1199 1200/1299/1200
f 1187/1285/1187 1200/1299/1200 1188/1286/1188
f 1188/1286/1188 1200/1299/1200 1189/1300/1189
f 1188/1286/1188 1189/1300/1189 1177/1287/1177
f 1189/1288/1189 1201/1301/1201 1202/1302/1202
f 1189/1288/1189 1202/1302/1202 1190/1289/1190
f 1190/1289/1190 1202/1302/1202 1203/1303/1203
f 1190/1289/1190 1203/1303/1203 1191/1290/1191
f 1191/1290/1191 1203/1303/1203 1204/1304/1204
f 1191/1290/1191 1204/1304/1204 1192/1291/1192
f 1192/1291/1192 1204/1304/1204 1205/1305/1205
f 1192/1291/1192 1205/1305/1205 1193/1292/1193
f 1193/1292/1193 1205/1305/1205 1206/1306/1206
f 1193/1292/1193 1206/1306/1206 1194/1293/1194
f 1194/1293/1194 1206/1306/1206 1207/1307/1207
f 1194/1293/1194 1207/1307/1207 1195/1294/1195
f 1195/1294/1195 1207/1307/1207 1208/1308/1208
f 1195/1294/1195 1208/1308/1208 1196/1295/1196
f 1196/1295/1196 1208/1308/1208 1209/1309/1209
f 1196/1295/1196 1209/1309/1209 1197/1296/1197
f 1197/1296/1197 1209/1309/1209 1210/1310/1210
f 1197/1296/1197 1210/1310/1210 1198/1297/1198
f 1198/1297/1198 1210/1310/1210 1211/1311/1211
f 1198/1297/1198 1211/1311/1211 1199/1298/1199
f 1199/1298/1199 1211/1311/1211 1212/1312/1212
f 1199/1298/1199 1212/1312/1212 1200/1299/1200
f 1200/1299/1200 1212/1312/1212 1201/1313/1201
f 1200/1299/1200 1201/1313/1201 1189/1300/1189
f 1201/1301/1201 1213/1314/1213 1214/1315/1214
f 1201/1301/1201 1214/1315/1214 1202/1302/1202
f 1202/1302/1202 1214/1315/1214 1215/1316/1215
f 1202/1302/1202 1215/1316/1215 1203/1303/1203
f 1203/1303/1203 1215/1316/1215 1216/1317/1216
f 1203/1303/1203 1216/1317/1216 1204/1304/1204
f 1204/1304/1204 1216/1317/1216 1217/1318/1217
f 1204/1304/1204 1217/1318/1217 1205/1305/1205
f 1205/1305/1205 1217/1318/1217 1218/1319/1218
f 1205/1305/1205 1218/1319/1218 1206/1306/1206
f 1206/1306/1206 1218/1319/1218 1219/1320/1219
f 1206/1306/1206 1219/1320/1219 1207/1307/1207
f 1207/1307/1207 1219/1320/1219 1220/1321/1220
f 1207/1307/1207 1220/1321/1220 1208/1308/1208
f 1208/1308/1208 1220/1321/1220 1221/1322/1221
f 1208/1308/1208 1221/1322/1221 1209/1309/1209
f 1209/1309/1209 1221/1322/1221 1222/1323/1222
f 1209/1309/1209 1222/1323/1222 1210/1310/1210
f 1210/1310/1210 1222/1323/1222 1223/1324/1223
f 1210/1310/1210 1223/1324/1223 1211/1311/1211
f 1211/1311/1211 1223/1324/1223 1224/1325/1224
f 1211/1311/1211 1224/1325/1224 1212/1312/1212
f 1212/1312/1212 1224/1325/1224 1213/1326/1213
f 1212/1312/1212 1213/1326/1213 1201/1313/1201
f 1213/1314/1213 1225/1327/1225 1226/1328/1226
f 1213/1314/1213 1226/1328/1226 1214/1315/1214
f 1214/1315/1214 1226/1328/1226 1227/1329/1227
f 1214/1315/1214 1227/1329/1227 1215/1316/1215
f 1215/1316/1215 1227/1329/1227 1228/1330/1228
f 1215/1316/1215 1228/1330/1228 1216/1317/1216
f 1216/1317/1216 1228/1330/1228 1229/1331/1229
f 1216/1317/1216 1229/1331/1229 1217/1318/1217
f 1217/1318/1217 1229/1331/1229 1230/1332/1230
f 1217/1318/1217 1230/1332/1230 1218/1319/1218
f 1218/1319/1218 1230/1332/1230 1231/1333/1231
f 1218/1319/1218 1231/1333/1231 1219/1320/1219
f 1219/1320/1219 1231/1333/1231 1232/1334/1232
f 1219/1320/1219 1232/1334/1232 1220/1321/1220
f 1220/1321/1220 1232/1334/1232 1233/1335/1233
f 1220/1321/1220 1233/1335/1233 1221/1322/1221
f 1221/1322/1221 1233/1335/1233 1234/1336/1234
f 1221/1322/1221 1234/1336/1234 1222/1323/1222
f 1222/1323/1222 1234/1336/1234 1235/1337/1235
f 1222/1323/1222 1235/1337/1235 1223/1324/1223
f 1223/1324/1223 1235/1337/1235 1236/1338/1236
f 1223/1324/1223 1236/1338/1236 1224/1325/1224
f 1224/1325/1224 1236/1338/1236 1225/1339/1225
f 1224/1325/1224 1225/1339/1225 1213/1326/1213
f 1225/1327/1225 1237/1340/1237 1238/1341/1238
f 1225/1327/1225 1238/1341/1238 1226/1328/1226
f 1226/1328/1226 1238/1341/1238 1239/1342/1239
f 1226/1328/1226 1239/1342/1239 1227/1329/1227
f 1227/1329/1227 1239/1342/1239 1240/1343/1240
f 1227/1329/1227 1240/1343/1240 1228/1330/1228
f 1228/1330/1228 1240/1343/1240 1241/1344/1241
f 1228/1330/1228 1241/1344/1241 1229/1331/1229
f 1229/1331/1229 1241/1344/1241 1242/1345/1242
f 1229/1331/1229 1242/1345/1242 1230/1332/1230
f 1230/1332/1230 1242/1345/1242 1243/1346/1243
f 1230/1332/1230 1243/1346/1243 1231/1333/1231
f 1231/1333/1231 1243/1346/1243 1244/1347/1244
f 1231/1333/1231 1244/1347/1244 1232/1334/1232
f 1232/1334/1232 1244/1347/1244 1245/1348/1245
f 1232/1334/1232 1245/1348/1245 1233/1335/1233
f 1233/1335/1233 1245/1348/1245 1246/1349/1246
f 1233/1335/1233 1246/1349/1246 1234/1336/1234
f 1234/1336/1234 1246/1349/1246 1247/1350/1247
f 1234/1336/1234 1247/1350/1247 1235/1337/1235
f 1235/1337/1235 1247/1350/1247 1248/1351/1248
f 1235/1337/1235 1248/1351/1248 1236/1338/1236
f 1236/1338/1236 1248/1351/1248 1237/1352/1237
f 1236/1338/1236 1237/1352/1237 1225/1339/1225
f 1237/1340/1237 1249/1353/1249 1250/1354/1250
f 1237/1340/1237 1250/1354/1250 1238/1341/1238
f 1238/1341/1238 1250/1354/1250 1251/1355/1251
f 1238/1341/1238 1251/1355/1251 1239/1342/1239
f 1239/1342/1239 1251/1355/1251 1252/1356/1252
f 1239/1342/1239 1252/1356/1252 1240/1343/1240
f 1240/1343/1240 1252/1356/1252 1253/1357/1253
f 1240/1343/1240 1253/1357/1253 1241/1344/1241
f 1241/1344/1241 1253/1357/1253 1254/1358/1254
f 1241/1344/1241 1254/1358/1254 1242/1345/1242
f 1242/1345/1242 1254/1358/1254 1255/1359/1255
f 1242/1345/1242 1255/1359/1255 1243/1346/1243
f 1243/1346/1243 1255/1359/1255 1256/1360/1256
f 1243/1346/1243 1256/1360/1256 1244/1347/1244
f 1244/1347/1244 1256/1360/1256 1257/1361/1257
f 1244/1347/1244 1257/1361/1257 1245/1348/1245
f 1245/1348/1245 1257/1361/1257 1258/1362/1258
f 1245/1348/1245 1258/1362/1258 1246/1349/1246
f 1246/1349/1246 1258/1362/1258 1259/1363/1259
f 1246/1349/1246 1259/1363/1259 1247/1350/1247
f 1247/1350/1247 1259/1363/1259 1260/1364/1260
f 1247/1350/1247 1260/1364/1260 1248/1351/1248
f 1248/1351/1248 1260/1364/1260 1249/1365/1249
f 1248/1351/1248 1249/1365/1249 1237/1352/1237
f 1249/1353/1249 1261/1366/1261 1262/1367/1262
f 1249/1353/1249 1262/1367/1262 1250/1354/1250
f 1250/1354/1250 1262/1367/1262 1263/1368/1263
f 1250/1354/1250 1263/1368/1263 1251/1355/1251
f 1251/1355/1251 1263/1368/1263 1264/1369/1264
f 1251/1355/1251 1264/1369/1264 1252/1356/1252
f 1252/1356/1252 1264/1369/1264 1265/1370/1265
f 1252/1356/1252 1265/1370/1265 1253/1357/1253
f 1253/1357/1253 1265/1370/1265 1266/1371/1266
f 1253/1357/1253 1266/1371/1266 1254/1358/1254
f 1254/1358/1254 1266/1371/1266 1267/1372/1267
f 1254/1358/1254 1267/1372/1267 1255/1359/1255
f 1255/1359/1255 1267/1372/1267 1268/1373/1268
f 1255/1359/1255 1268/1373/1268 1256/1360/1256
f 1256/1360/1256 1268/1373/1268 1269/1374/1269
f 1256/1360/1256 1269/1374/1269 1257/1361/1257
f 1257/1361/1257 1269/1374/1269 1270/1375/1270
f 1257/1361/1257 1270/1375/1270 1258/1362/1258
f 1258/1362/1258 1270/1375/1270 1271/1376/1271
f 1258/1362/1258 1271/1376/1271 1259/1363/1259
f 1259/1363/1259 1271/1376/1271 1272/1377/1272
f 1259/1363/1259 1272/1377/1272 1260/1364/1260
f 1260/1364/1260 1272/1377/1272 1261/1378/1261
f 1260/1364/1260 1261/1378/1261 1249/1365/1249
f 1261/1366/1261 1273/1379/1273 1274/1380/1274
f 1261/1366/1261 1274/1380/1274 1262/1367/1262
f 1262/1367/1262 1274/1380/1274 1275/1381/1275
f 1262/1367/1262 1275/1381/1275 1263/1368/1263
f 1263/1368/1263 1275/1381/1275 1276/1382/1276
f 1263/1368/1263 1276/1382/1276 1264/1369/1264
f 1264/1369/1264 1276/1382/1276 1277/1383/1277
f 1264/1369/1264 1277/1383/1277 1265/1370/1265
f 1265/1370/1265 1277/1383/1277 1278/1384/1278
f 1265/1370/1265 1278/1384/1278 1266/1371/1266
f 1266/1371/1266 1278/1384/1278 1279/1385/1279
f 1266/1371/1266 1279/1385/1279 1267/1372/1267
f 1267/1372/1267 1279/1385/1279 1280/1386/1280
f 1267/1372/1267 1280/1386/1280 1268/1373/1268
f 1268/1373/1268 1280/1386/1280 1281/1387/1281
f 1268/1373/1268 1281/1387/1281 1269/1374/1269
f 1269/1374/1269 1281/1387/1281 1282/1388/1282
f 1269/1374/1269 1282/1388/1282 1270/1375/1270
f 1270/1375/1270 1282/1388/1282 1283/1389/1283
f 1270/1375/1270 1283/1389/1283 1271/1376/1271
f 1271/1376/1271 1283/1389/1283 1284/1390/1284
f 1271/1376/1271 1284/1390/1284 1272/1377/1272
f 1272/1377/1272 1284/1390/1284 1273/1391/1273
f 1272/1377/1272 1273/1391/1273 1261/1378/1261
f 1273/1379/1273 1285/1392/1285 1286/1393/1286
f 1273/1379/1273 1286/1393/1286 1274/1380/1274
f 1274/1380/1274 1286/1393/1286 1287/1394/1287
f 1274/1380/1274 1287/1394/1287 1275/1381/1275
f 1275/1381/1275 1287/1394/1287 1288/1395/1288
f 1275/1381/1275 1288/1395/1288 1276/1382/1276
f 1276/1382/1276 1288/1395/1288 1289/1396/1289
f 1276/1382/1276 1289/1396/1289 1277/1383/1277
f 1277/1383/1277 1289/1396/1289 1290/1397/1290
f 1277/1383/1277 1290/1397/1290 1278/1384/1278
f 1278/1384/1278 1290/1397/1290 1291/1398/1291
f 1278/1384/1278 1291/1398/1291 1279/1385/1279
f 1279/1385/1279 1291/1398/1291 1292/1399/1292
f 1279/1385/1279 1292/1399/1292 1280/1386/1280
f 1280/1386/1280 1292/1399/1292 1293/1400/1293
f 1280/1386/1280 1293/1400/1293 1281/1387/1281
f 1281/1387/1281 1293/1400/1293 1294/1401/1294
f 1281/1387/1281 1294/1401/1294 1282/1388/1282
f 1282/1388/1282 1294/1401/1294 1295/1402/1295
f 1282/1388/1282 1295/1402/1295 1283/1389/1283
f 1283/1389/1283 1295/1402/1295 1296/1403/1296
f 1283/1389/1283 1296/1403/1296 1284/1390/1284
f 1284/1390/1284 1296/1403/1296 1285/1404/1285
f 1284/1390/1284 1285/1404/1285 1273/1391/1273
f 1285/1392/1285 1297/1405/1297 1298/1406/1298
f 1285/1392/1285 1298/1406/1298 1286/1393/1286
f 1286/1393/1286 1298/1406/1298 1299/1407/1299
f 1286/1393/1286 1299/1407/1299 1287/1394/1287
f 1287/1394/1287 1299/1407/1299 1300/1408/1300
f 1287/1394/1287 1300/1408/1300 1288/1395/1288
f 1288/1395/1288 1300/1408/1300 1301/1409/1301
f 1288/1395/1288 1301/1409/1301 1289/1396/1289
f 1289/1396/1289 1301/1409/1301 1302/1410/1302
f 1289/1396/1289 1302/1410/1302 1290/1397/1290
f 1290/1397/1290 1302/1410/1302 1303/1411/1303
f 1290/1397/1290 1303/1411/1303 1291/1398/1291
f 1291/1398/1291 1303/1411/1303 1304/1412/1304
f 1291/1398/1291 1304/1412/1304 1292/1399/1292
f 1292/1399/1292 1304/1412/1304 1305/1413/1305
f 1292/1399/1292 1305/1413/1305 1293/1400/1293
f 1293/1400/1293 1305/1413/1305 1306/1414/1306
f 1293/1400/1293 1306/1414/1306 1294/1401/1294
f 1294/1401/1294 1306/1414/1306 1307/1415/1307
f 1294/1401/1294 1307/1415/1307 1295/1402/1295
f 1295/1402/1295 1307/1415/1307 1308/1416/1308
f 1295/1402/1295 1308/1416/1308 1296/1403/1296
f 1296/1403/1296 1308/1416/1308 1297/1417/1297
f 1296/1403/1296 1297/1417/1297 1285/1404/1285
f 1297/1405/1297 1309/1418/1309 1310/1419/1310
f 1297/1405/1297 1310/1419/1310 1298/1406/1298
f 1298/1406/1298 1310/1419/1310 1311/1420/1311
f 1298/1406/1298 1311/1420/1311 1299/1407/1299
f 1299/1407/1299 1311/1420/1311 1312/1421/1312
f 1299/1407/1299 1312/1421/1312 1300/1408/1300
f 1300/1408/1300 1312/1421/1312 1313/1422/1313
f 1300/1408/1300 1313/1422/1313 1301/1409/1301
f 1301/1409/1301 1313/1422/1313 1314/1423/1314
f 1301/1409/1301 1314/1423/1314 1302/1410/1302
f 1302/1410/1302 1314/1423/1314 1315/1424/1315
f 1302/1410/1302 1315/1424/1315 1303/1411/1303
f 1303/1411/1303 1315/1424/1315 1316/1425/1316
f 1303/1411/1303 1316/1425/1316 1304/1412/1304
f 1304/1412/1304 1316/1425/1316 1317/1426/1317
f 1304/1412/1304 1317/1426/1317 1305/1413/1305
f 1305/1413/1305 1317/1426/1317 1318/1427/1318
f 1305/1413/1305 1318/1427/1318 1306/1414/1306
f 1306/1414/1306 1318/1427/1318 1319/1428/1319
f 1306/1414/1306 1319/1428/1319 1307/1415/1307
f 1307/1415/1307 1319/1428/1319 1320/1429/1320
f 1307/1415/1307 1320/1429/1320 1308/1416/1308
f 1308/1416/1308 1320/1429/1320 1309/1430/1309
f 1308/1416/1308 1309/1430/1309 1297/1417/1297
f 1309/1418/1309 1321/1431/1321 1322/1432/1322
f 1309/1418/1309 1322/1432/1322 1310/1419/1310
f 1310/1419/1310 1322/1432/1322 1323/1433/1323
f 1310/1419/1310 1323/1433/1323 1311/1420/1311
f 1311/1420/1311 1323/1433/1323 1324/1434/1324
f 1311/1420/1311 1324/1434/1324 1312/1421/1312
f 1312/1421/1312 1324/1434/1324 1325/1435/1325
f 1312/1421/1312 1325/1435/1325 1313/1422/1313
f 1313/1422/1313 1325/1435/1325 1326/1436/1326
f 1313/1422/1313 1326/1436/1326 1314/1423/1314
f 1314/1423/1314 1326/1436/1326 1327/1437/1327
f 1314/1423/1314 1327/1437/1327 1315/1424/1315
f 1315/1424/1315 1327/1437/1327 1328/1438/1328
f 1315/1424/1315 1328/1438/1328 1316/1425/1316
f 1316/1425/1316 1328/1438/1328 1329/1439/1329
f 1316/1425/1316 1329/1439/1329 1317/1426/1317
f 1317/1426/1317 1329/1439/1329 1330/1440/1330
f 1317/1426/1317 1330/1440/1330 1318/1427/1318
f 1318/1427/1318 1330/1440/1330 1331/1441/1331
f 1318/1427/1318 1331/1441/1331 1319/1428/1319
f 1319/1428/1319 1331/1441/1331 1332/1442/1332
f 1319/1428/1319 1332/1442/1332 1320/1429/1320
f 1320/1429/1320 1332/1442/1332 1321/1443/1321
f 1320/1429/1320 1321/1443/1321 1309/1430/1309
f 1321/1431/1321 1333/1444/1333 1334/1445/1334
f 1321/1431/1321 1334/1445/1334 1322/1432/1322
f 1322/1432/1322 1334/1445/1334 1335/1446/1335
f 1322/1432/1322 1335/1446/1335 1323/1433/1323
f 1323/1433/1323 1335/1446/1335 1336/1447/1336
f 1323/1433/1323 1336/1447/1336 1324/1434/1324
f 1324/1434/1324 1336/1447/1336 1337/1448/1337
f 1324/1434/1324 1337/1448/1337 1325/1435/1325
f 1325/1435/1325 1337/1448/1337 1338/1449/1338
f 1325/1435/1325 1338/1449/1338 1326/1436/1326
f 1326/1436/1326 1338/1449/1338 1339/1450/1339
f 1326/1436/1326 1339/1450/1339 1327/1437/1327
f 1327/1437/1327 1339/1450/1339 1340/1451/1340
f 1327/1437/1327 1340/1451/1340 1328/1438/1328
f 1328/1438/1328 1340/1451/1340 1341/1452/1341
f 1328/1438/1328 1341/1452/1341 1329/1439/1329
f 1329/1439/1329 1341/1452/1341 1342/1453/1342
f 1329/1439/1329 1342/1453/1342 1330/1440/1330
f 1330/1440/1330 1342/1453/1342 1343/1454/1343
f 1330/1440/1330 1343/1454/1343 1331/1441/1331
f 1331/1441/1331 1343/1454/1343 1344/1455/1344
f 1331/1441/1331 1344/1455/1344 1332/1442/1332
f 1332/1442/1332 1344/1455/1344 1333/1456/1333
f 1332/1442/1332 1333/1456/1333 1321/1443/1321
f 1333/1444/1333 1345/1457/1345 1346/1458/1346
f 1333/1444/1333 1346/1458/1346 1334/1445/1334
f 1334/1445/1334 1346/1458/1346 1347/1459/1347
f 1334/1445/1334 1347/1459/1347 1335/1446/1335
f 1335/1446/1335 1347/1459/1347 1348/1460/1348
f 1335/1446/1335 1348/1460/1348 1336/1447/1336
f 1336/1447/1336 1348/1460/1348 1349/1461/1349
f 1336/1447/1336 1349/1461/1349 1337/1448/1337
f 1337/1448/1337 1349/1461/1349 1350/1462/1350
f 1337/1448/1337 1350/1462/1350 1338/1449/1338
f 1338/1449/1338 1350/1462/1350 1351/1463/1351
f 1338/1449/1338 1351/1463/1351 1339/1450/1339
f 1339/1450/1339 1351/1463/1351 1352/1464/1352
f 1339/1450/1339 1352/1464/1352 1340/1451/1340
f 1340/1451/1340 1352/1464/1352 1353/1465/1353
f 1340/1451/1340 1353/1465/1353 1341/1452/1341
f 1341/1452/1341 1353/1465/1353 1354/1466/1354
f 1341/1452/1341 1354/1466/1354 1342/1453/1342
f 1342/1453/1342 1354/1466/1354 1355/1467/1355
f 1342/1453/1342 1355/1467/1355 1343/1454/1343
f 1343/1454/1343 1355/1467/1355 1356/1468/1356
f 1343/1454/1343 1356/1468/1356 1344/1455/1344
f 1344/1455/1344 1356/1468/1356 1345/1469/1345
f 1344/1455/1344 1345/1469/1345 1333/1456/1333
f 1345/1457/1345 1357/1470/1357 1358/1471/1358
f 1345/1457/1345 1358/1471/1358 1346/1458/1346
f 1346/1458/1346 1358/1471/1358 1359/1472/1359
f 1346/1458/1346 1359/1472/1359 1347/1459/1347
f 1347/1459/1347 1359/1472/1359 1360/1473/1360
f 1347/1459/1347 1360/1473/1360 1348/1460/1348
f 1348/1460/1348 1360/1473/1360 1361/1474/1361
f 1348/1460/1348 1361/1474/1361 1349/1461/1349
f 1349/1461/1349 1361/1474/1361 1362/1475/1362
f 1349/1461/1349 1362/1475/1362 1350/1462/1350
f 1350/1462/1350 1362/1475/1362 1363/1476/1363
f 1350/1462/1350 1363/1476/1363 1351/1463/1351
f 1351/1463/1351 1363/1476/1363 1364/1477/1364
f 1351/1463/1351 1364/1477/1364 1352/1464/1352
f 1352/1464/1352 1364/1477/1364 1365/1478/1365
f 1352/1464/1352 1365/1478/1365 1353/1465/1353
f 1353/1465/1353 1365/1478/1365 1366/1479/1366
f 1353/1465/1353 1366/1479/1366 1354/1466/1354
f 1354/1466/1354 1366/1479/1366 1367/1480/1367
f 1354/1466/1354 1367/1480/1367 1355/1467/1355
f 1355/1467/1355 1367/1480/1367 1368/1481/1368
f 1355/1467/1355 1368/1481/1368 1356/1468/1356
f 1356/1468/1356 1368/1481/1368 1357/1482/1357
f 1356/1468/1356 1357/1482/1357 1345/1469/1345
f 1357/1470/1357 1369/1483/1369 1370/1484/1370
f 1357/1470/1357 1370/1484/1370 1358/1471/1358
f 1358/1471/1358 1370/1484/1370 1371/1485/1371
f 1358/1471/1358 1371/1485/1371 1359/1472/1359
f 1359/1472/1359 1371/1485/1371 1372/1486/1372
f 1359/1472/1359 1372/1486/1372 1360/1473/1360
f 1360/1473/1360 1372/1486/1372 1373/1487/1373
f 1360/1473/1360 1373/1487/1373 1361/1474/1361
f 1361/1474/1361 1373/1487/1373 1374/1488/1374
f 1361/1474/1361 1374/1488/1374 1362/1475/1362
f 1362/1475/1362 1374/1488/1374 1375/1489/1375
f 1362/1475/1362 1375/1489/1375 1363/1476/1363
f 1363/1476/1363 1375/1489/1375 1376/1490/1376
f 1363/1476/1363 1376/1490/1376 1364/1477/1364
f 1364/1477/1364 1376/1490/1376 1377/1491/1377
f 1364/1477/1364 1377/1491/1377 1365/1478/1365
f 1365/1478/1365 1377/1491/1377 1378/1492/1378
f 1365/1478/1365 1378/1492/1378 1366/1479/1366
f 1366/1479/1366 1378/1492/1378 1379/1493/1379
f 1366/1479/1366 1379/1493/1379 1367/1480/1367
f 1367/1480/1367 1379/1493/1379 1380/1494/1380
f 1367/1480/1367 1380/1494/1380 1368/1481/1368
f 1368/1481/1368 1380/1494/1380 1369/1495/1369
f 1368/1481/1368 1369/1495/1369 1357/1482/1357
f 1369/1483/1369 1381/1496/1381 1382/1497/1382
f 1369/1483/1369 1382/1497/1382 1370/1484/1370
f 1370/1484/1370 1382/1497/1382 1383/1498/1383
f 1370/1484/1370 1383/1498/1383 1371/1485/1371
f 1371/1485/1371 1383/1498/1383 1384/1499/1384
f 1371/1485/1371 1384/1499/1384 1372/1486/1372
f 1372/1486/1372 1384/1499/1384 1385/1500/1385
f 1372/1486/1372 1385/1500/1385 1373/1487/1373
f 1373/1487/1373 1385/1500/1385 1386/1501/1386
f 1373/1487/1373 1386/1501/1386 1374/1488/1374
f 1374/1488/1374 1386/1501/1386 1387/1502/1387
f 1374/1488/1374 1387/1502/1387 1375/1489/1375
f 1375/1489/1375 1387/1502/1387 1388/1503/1388
f 1375/1489/1375 1388/1503/1388 1376/1490/1376
f 1376/1490/1376 1388/1503/1388 1389/1504/1389
f 1376/1490/1376 1389/1504/1389 1377/1491/1377
f 1377/1491/1377 1389/1504/1389 1390/1505/1390
f 1377/1491/1377 1390/1505/1390 1378/1492/1378
f 1378/1492/1378 1390/1505/1390 1391/1506/1391
f 1378/1492/1378 1391/1506/1391 1379/1493/1379
f 1379/1493/1379 1391/1506/1391 1392/1507/1392
f 1379/1493/1379 1392/1507/1392 1380/1494/1380
f 1380/1494/1380 1392/1507/1392 1381/1508/1381
f 1380/1494/1380 1381/1508/1381 1369/1495/1369
f 1381/1496/1381 1393/1509/1393 1394/1510/1394
f 1381/1496/1381 1394/1510/1394 1382/1497/1382
f 1382/1497/1382 1394/1510/1394 1395/1511/1395
f 1382/1497/1382 1395/1511/1395 1383/1498/1383
f 1383/1498/1383 1395/1511/1395 1396/1512/1396
f 1383/1498/1383 1396/1512/1396 1384/1499/1384
f 1384/1499/1384 1396/1512/1396 1397/1513/1397
f 1384/1499/1384 1397/1513/1397 1385/1500/1385
f 1385/1500/1385 1397/1513/1397 1398/1514/1398
f 1385/1500/1385 1398/1514/1398 1386/1501/1386
f 1386/1501/1386 1398/1514/1398 1399/1515/1399
f 1386/1501/1386 1399/1515/1399 1387/1502/1387
f 1387/1502/1387 1399/1515/1399 1400/1516/1400
f 1387/1502/1387 1400/1516/1400 1388/1503/1388
f 1388/1503/1388 1400/1516/1400 1401/1517/1401
f 1388/1503/1388 1401/1517/1401 1389/1504/1389
f 1389/1504/1389 1401/1517/1401 1402/1518/1402
f 1389/1504/1389 1402/1518/1402 1390/1505/1390
f 1390/1505/1390 1402/1518/1402 1403/1519/1403
f 1390/1505/1390 1403/1519/1403 1391/1506/1391
f 1391/1506/1391 1403/1519/1403 1404/1520/1404
f 1391/1506/1391 1404/1520/1404 1392/1507/1392
f 1392/1507/1392 1404/1520/1404 1393/1521/1393
f 1392/1507/1392 1393/1521/1393 1381/1508/1381
f 1393/1509/1393 1405/1522/1405 1406/1523/1406
f 1393/1509/1393 1406/1523/1406 1394/1510/1394
f 1394/1510/1394 1406/1523/1406 1407/1524/1407
f 1394/1510/1394 1407/1524/1407 1395/1511/1395
f 1395/1511/1395 1407/1524/1407 1408/1525/1408
f 1395/1511/1395 1408/1525/1408 1396/1512/1396
f 1396/1512/1396 1408/1525/1408 1409/1526/1409
f 1396/1512/1396 1409/1526/1409 1397/1513/1397
f 1397/1513/1397 1409/1526/1409 1410/1527/1410
f 1397/1513/1397 1410/1527/1410 1398/1514/1398
f 1398/1514/1398 1410/1527/1410 1411/1528/1411
f 1398/1514/1398 1411/1528/1411 1399/1515/1399
f 1399/1515/1399 1411/1528/1411 1412/1529/1412
f 1399/1515/1399 1412/1529/1412 1400/1516/1400
f 1400/1516/1400 1412/1529/1412 1413/1530/1413
f 1400/1516/1400 1413/1530/1413 1401/1517/1401
f 1401/1517/1401 1413/1530/1413 1414/1531/1414
f 1401/1517/1401 1414/1531/1414 1402/1518/1402
f 1402/1518/1402 1414/1531/1414 1415/1532/1415
f 1402/1518/1402 1415/1532/1415 1403/1519/1403
f 1403/1519/1403 1415/1532/1415 1416/1533/1416
f 1403/1519/1403 1416/1533/1416 1404/1520/1404
f 1404/1520/1404 1416/1533/1416 1405/1534/1405
f 1404/1520/1404 1405/1534/1405 1393/1521/1393
f 1405/1522/1405 1417/1535/1417 1418/1536/1418
f 1405/1522/1405 1418/1536/1418 1406/1523/1406
f 1406/1523/1406 1418/1536/1418 1419/1537/1419
f 1406/1523/1406 1419/1537/1419 1407/1524/1407
f 1407/1524/1407 1419/1537/1419 1420/1538/1420
f 1407/1524/1407 1420/1538/1420 1408/1525/1408
f 1408/1525/1408 1420/1538/1420 1421/1539/1421
f 1408/1525/1408 1421/1539/1421 1409/1526/1409
f 1409/1526/1409 1421/1539/1421 1422/1540/1422
f 1409/1526/1409 1422/1540/1422 1410/1527/1410
f 1410/1527/1410 1422/1540/1422 1423/1541/1423
f 1410/1527/1410 1423/1541/1423 1411/1528/1411
f 1411/1528/1411 1423/1541/1423 1424/1542/1424
f 1411/1528/1411 1424/1542/1424 1412/1529/1412
f 1412/1529/1412 1424/1542/1424 1425/1543/1425
f 1412/1529/1412 1425/1543/1425 1413/1530/1413
f 1413/1530/1413 1425/1543/1425 1426/1544/1426
f 1413/1530/1413 1426/1544/1426 1414/1531/1414
f 1414/1531/1414 1426/1544/1426 1427/1545/1427
f 1414/1531/1414 1427/1545/1427 1415/1532/1415
f 1415/1532/1415 1427/1545/1427 1428/1546/1428
f 1415/1532/1415 1428/1546/1428 1416/1533/1416
f 1416/1533/1416 1428/1546/1428 1417/1547/1417
f 1416/1533/1416 1417/1547/1417 1405/1534/1405
f 1417/1535/1417 1429/1548/1429 1430/1549/1430
f 1417/1535/1417 1430/1549/1430 1418/1536/1418
f 1418/1536/1418 1430/1549/1430 1431/1550/1431
f 1418/1536/1418 1431/1550/1431 1419/1537/1419
f 1419/1537/1419 1431/1550/1431 1432/1551/1432
f 1419/1537/1419 1432/1551/1432 1420/1538/1420
f 1420/1538/1420 1432/1551/1432 1433/1552/1433
f 1420/1538/1420 1433/1552/1433 1421/1539/1421
f 1421/1539/1421 1433/1552/1433 1434/1553/1434
f 1421/1539/1421 1434/1553/1434 1422/1540/1422
f 1422/1540/1422 1434/1553/1434 1435/1554/1435
f 1422/1540/1422 1435/1554/1435 1423/1541/1423
f 1423/1541/1423 1435/1554/1435 1436/1555/1436
f 1423/1541/1423 1436/1555/1436 1424/1542/1424
f 1424/1542/1424 1436/1555/1436 1437/1556/1437
f 1424/1542/1424 1437/1556/1437 1425/1543/1425
f 1425/1543/1425 1437/1556/1437 1438/1557/1438
f 1425/1543/1425 1438/1557/1438 1426/1544/1426
f 1426/1544/1426 1438/1557/1438 1439/1558/1439
f 1426/1544/1426 1439/1558/1439 1427/1545/1427
f 1427/1545/1427 1439/1558/1439 1440/1559/1440
f 1427/1545/1427 1440/1559/1440 1428/1546/1428
f 1428/1546/1428 1440/1559/1440 1429/1560/1429
f 1428/1546/1428 1429/1560/1429 1417/1547/1417
f 1429/1548/1429 1/1561/1 4/1562/4
f 1429/1548/1429 4/1562/4 1430/1549/1430
f 1430/1549/1430 4/1562/4 6/1563/6
f 1430/1549/1430 6/1563/6 1431/1550/1431
f 1431/1550/1431 6/1563/6 8/1564/8
f 1431/1550/1431 8/1564/8 1432/1551/1432
f 1432/1551/1432 8/1564/8 10/1565/10
f 1432/1551/1432 10/1565/10 1433/1552/1433
f 1433/1552/1433 10/1565/10 12/1566/12
f 1433/1552/1433 12/1566/12 1434/1553/1434
f 1434/1553/1434 12/1566/12 14/1567/14
f 1434/1553/1434 14/1567/14 1435/1554/1435
f 1435/1554/1435 14/1567/14 16/1568/16
f 1435/1554/1435 16/1568/16 1436/1555/1436
f 1436/1555/1436 16/1568/16 18/1569/18
f 1436/1555/1436 18/1569/18 1437/1556/1437
f 1437/1556/1437 18/1569/18 20/1570/20
f 1437/1556/1437 20/1570/20 1438/1557/1438
f 1438/1557/1438 20/1570/20 22/1571/22
f 1438/1557/1438 22/1571/22 1439/1558/1439
f 1439/1558/1439 22/1571/22 24/1572/24
f 1439/1558/1439 24/1572/24 1440/1559/1440
f 1440/1559/1440 24/1572/24 1/1573/1
f 1440/1559/1440 1/1573/1 1429/1560/1429
