# Blender v3.0.0 OBJ File: ''
# www.blender.org
mtllib sphere.mtl
o Object.1
v 0.004273 0.013151 0.000479
v 0.013828 -0.000000 0.000479
v 0.000000 0.000000 0.000000
v -0.011187 0.008128 0.000479
v -0.011187 -0.008128 0.000479
v 0.004273 -0.013152 0.000479
v -0.006920 -0.021299 0.001258
v -0.022321 -0.016217 0.001912
v -0.022395 -0.000000 0.001258
v -0.033568 -0.008094 0.003003
v -0.033568 0.008094 0.003003
v -0.022321 0.016217 0.001912
v -0.006920 0.021299 0.001258
v -0.018071 0.029424 0.003003
v -0.002675 0.034426 0.003003
v 0.008526 0.026240 0.001912
v 0.018118 0.013163 0.001258
v 0.022400 0.026279 0.003003
v 0.031915 0.013183 0.003003
v 0.027590 -0.000000 0.001912
v 0.018118 -0.013163 0.001258
v 0.008526 -0.026240 0.001912
v 0.022400 -0.026279 0.003003
v 0.012738 -0.039203 0.004294
v -0.002675 -0.034426 0.003003
v -0.018071 -0.029424 0.003003
v -0.013843 -0.042605 0.005081
v -0.029124 -0.037486 0.005715
v -0.033348 -0.024229 0.004294
v -0.044215 -0.032124 0.007612
v -0.044651 -0.016115 0.005715
v -0.044797 -0.000000 0.005081
v -0.055950 -0.008025 0.008153
v -0.055950 0.008025 0.008153
v -0.044651 0.016115 0.005715
v -0.033348 0.024229 0.004294
v -0.044215 0.032124 0.007612
v -0.029124 0.037486 0.005715
v -0.013843 0.042605 0.005082
v -0.024922 0.050732 0.008153
v -0.009657 0.055691 0.008153
v 0.001528 0.047446 0.005715
v 0.012738 0.039203 0.004294
v 0.016889 0.051978 0.007612
v 0.026652 0.039282 0.005715
v 0.036242 0.026331 0.005082
v 0.040547 0.039379 0.008153
v 0.049981 0.026394 0.008153
v 0.045596 0.013208 0.005715
v 0.041220 -0.000000 0.004294
v 0.054653 -0.000000 0.007612
v 0.045596 -0.013208 0.005715
v 0.031915 -0.013183 0.003003
v 0.036242 -0.026331 0.005081
v 0.026652 -0.039282 0.005715
v 0.040547 -0.039379 0.008153
v 0.030852 -0.052110 0.009389
v 0.016889 -0.051978 0.007612
v 0.001528 -0.047446 0.005715
v 0.005669 -0.060292 0.009389
v -0.009657 -0.055691 0.008153
v -0.024922 -0.050732 0.008153
v -0.020760 -0.063892 0.011620
v -0.035854 -0.058762 0.012220
v -0.040025 -0.045445 0.009389
v -0.050721 -0.053259 0.014014
v -0.054871 -0.039866 0.011852
v -0.055589 -0.024023 0.009389
v -0.066326 -0.031780 0.014014
v -0.066966 -0.015941 0.012220
v -0.067180 -0.000000 0.011620
v -0.078275 -0.007919 0.016124
v -0.078275 0.007919 0.016124
v -0.066966 0.015941 0.012220
v -0.055589 0.024023 0.009389
v -0.066326 0.031780 0.014014
v -0.054871 0.039866 0.011852
v -0.040025 0.045445 0.009389
v -0.050721 0.053259 0.014014
v -0.035854 0.058762 0.012220
v -0.020760 0.063892 0.011620
v -0.031720 0.071997 0.016124
v -0.016657 0.076891 0.016124
v -0.005533 0.068614 0.012220
v 0.005669 0.060292 0.009389
v 0.009729 0.072900 0.014014
v 0.020959 0.064505 0.011852
v 0.030853 0.052110 0.009389
v 0.034979 0.064696 0.014014
v 0.044807 0.052258 0.012220
v 0.054349 0.039487 0.011620
v 0.058671 0.052416 0.016124
v 0.067981 0.039602 0.016124
v 0.063546 0.026465 0.012220
v 0.059093 0.013240 0.009389
v 0.072339 0.013275 0.014014
v 0.067824 -0.000000 0.011852
v 0.059093 -0.013240 0.009389
v 0.072339 -0.013275 0.014014
v 0.063546 -0.026465 0.012220
v 0.049981 -0.026394 0.008153
v 0.054349 -0.039487 0.011620
v 0.044807 -0.052258 0.012220
v 0.058671 -0.052416 0.016124
v 0.048993 -0.064900 0.017277
v 0.034979 -0.064696 0.014014
v 0.020959 -0.064505 0.011852
v 0.024929 -0.076723 0.016991
v 0.009729 -0.072900 0.014014
v -0.005533 -0.068614 0.012220
v -0.001489 -0.081303 0.017277
v -0.016657 -0.076891 0.016124
v -0.031720 -0.071997 0.016124
v -0.027639 -0.085065 0.021115
v -0.042478 -0.079954 0.021666
v -0.046584 -0.066651 0.017277
v -0.057055 -0.074350 0.023317
v -0.061156 -0.060887 0.019576
v -0.065264 -0.047417 0.016991
v -0.075345 -0.054741 0.023007
v -0.076805 -0.039348 0.019576
v -0.077784 -0.023708 0.017277
v -0.088342 -0.031287 0.023317
v -0.089167 -0.015692 0.021666
v -0.089443 -0.000000 0.021115
v -0.100391 -0.007775 0.027196
v -0.100391 0.007775 0.027196
v -0.089167 0.015692 0.021666
v -0.077784 0.023708 0.017277
v -0.088342 0.031287 0.023317
v -0.076805 0.039348 0.019576
v -0.065264 0.047417 0.016991
v -0.075345 0.054741 0.023007
v -0.061156 0.060887 0.019576
v -0.046584 0.066651 0.017277
v -0.057055 0.074350 0.023317
v -0.042478 0.079954 0.021666
v -0.027639 0.085065 0.021115
v -0.038417 0.093075 0.027196
v -0.023629 0.097880 0.027196
v -0.012630 0.089652 0.021666
v -0.001489 0.081303 0.017277
v 0.002457 0.093686 0.023317
v 0.013688 0.085205 0.019576
v 0.024929 0.076723 0.016991
v 0.028779 0.088573 0.023007
v 0.039009 0.076978 0.019576
v 0.048993 0.064900 0.017277
v 0.053080 0.077237 0.023317
v 0.062914 0.065106 0.021666
v 0.072361 0.052573 0.021115
v 0.076648 0.065298 0.027196
v 0.085788 0.052719 0.027196
v 0.081361 0.039716 0.021666
v 0.076864 0.026540 0.017277
v 0.089860 0.026614 0.023317
v 0.085265 0.013312 0.019576
v 0.080671 -0.000000 0.016991
v 0.093132 -0.000000 0.023007
v 0.085265 -0.013312 0.019576
v 0.076864 -0.026540 0.017277
v 0.089860 -0.026614 0.023317
v 0.081361 -0.039716 0.021666
v 0.067981 -0.039602 0.016124
v 0.072361 -0.052573 0.021115
v 0.062914 -0.065106 0.021666
v 0.076648 -0.065298 0.027196
v 0.067046 -0.077483 0.028241
v 0.053080 -0.077237 0.023317
v 0.039009 -0.076978 0.019576
v 0.042918 -0.088893 0.026057
v 0.028779 -0.088573 0.023007
v 0.013688 -0.085205 0.019576
v 0.017528 -0.097142 0.026057
v 0.002457 -0.093686 0.023317
v -0.012630 -0.089652 0.021666
v -0.008697 -0.102094 0.028241
v -0.023629 -0.097880 0.027196
v -0.038417 -0.093075 0.027196
v -0.034415 -0.105917 0.033876
v -0.048923 -0.100857 0.034367
v -0.052973 -0.087708 0.028241
v -0.063143 -0.095201 0.035836
v -0.067209 -0.081810 0.030323
v -0.071280 -0.068287 0.026057
v -0.081038 -0.075418 0.033432
v -0.085065 -0.061803 0.029870
v -0.086971 -0.046689 0.026057
v -0.096769 -0.053767 0.033432
v -0.098575 -0.038639 0.030323
v -0.099785 -0.023277 0.028241
v -0.110054 -0.030634 0.035836
v -0.111039 -0.015362 0.034367
v -0.111368 -0.000000 0.033876
v -0.122003 -0.007588 0.041704
v -0.122003 0.007588 0.041704
v -0.111039 0.015362 0.034367
v -0.099785 0.023277 0.028241
v -0.110054 0.030634 0.035836
v -0.098575 0.038639 0.030324
v -0.086971 0.046689 0.026057
v -0.096769 0.053767 0.033432
v -0.085065 0.061803 0.029870
v -0.071280 0.068287 0.026057
v -0.081038 0.075418 0.033432
v -0.067209 0.081810 0.030324
v -0.052973 0.087708 0.028241
v -0.063143 0.095201 0.035836
v -0.048923 0.100857 0.034367
v -0.034415 0.105917 0.033876
v -0.044918 0.113687 0.041704
v -0.030484 0.118377 0.041704
v -0.019702 0.110352 0.034367
v -0.008697 0.102094 0.028241
v -0.004874 0.114134 0.035836
v 0.006286 0.105690 0.030324
v 0.017528 0.097142 0.026057
v 0.021232 0.108647 0.033432
v 0.032492 0.100000 0.029870
v 0.042918 0.088893 0.026057
v 0.046684 0.100377 0.033432
v 0.057037 0.089200 0.030324
v 0.067045 0.077483 0.028241
v 0.071029 0.089472 0.035836
v 0.080803 0.077696 0.034367
v 0.090099 0.065461 0.033876
v 0.094242 0.077851 0.041704
v 0.103163 0.065573 0.041704
v 0.098862 0.052839 0.034367
v 0.094409 0.039820 0.028241
v 0.107042 0.039905 0.035836
v 0.102460 0.026681 0.030324
v 0.097804 0.013348 0.026057
v 0.109891 0.013381 0.033432
v 0.105146 -0.000000 0.029870
v 0.097804 -0.013348 0.026057
v 0.109891 -0.013381 0.033432
v 0.102460 -0.026681 0.030323
v 0.094409 -0.039820 0.028241
v 0.107042 -0.039905 0.035836
v 0.098862 -0.052839 0.034367
v 0.085788 -0.052719 0.027196
v 0.090099 -0.065461 0.033876
v 0.080803 -0.077696 0.034367
v 0.094242 -0.077851 0.041704
v 0.084779 -0.089680 0.042615
v 0.071029 -0.089472 0.035836
v 0.057037 -0.089200 0.030323
v 0.060836 -0.100719 0.038276
v 0.046684 -0.100377 0.033432
v 0.032492 -0.100000 0.029870
v 0.036049 -0.110948 0.037547
v 0.021232 -0.108647 0.033432
v 0.006286 -0.105690 0.030323
v 0.009984 -0.117242 0.038276
v -0.004874 -0.114134 0.035836
v -0.019702 -0.110352 0.034367
v -0.015875 -0.122385 0.042615
v -0.030484 -0.118377 0.041704
v -0.044918 -0.113687 0.041704
v -0.040966 -0.126080 0.050248
v -0.055066 -0.121108 0.050666
v -0.059093 -0.108343 0.042615
v -0.068858 -0.115460 0.051920
v -0.072928 -0.102374 0.044433
v -0.076990 -0.088982 0.038276
v -0.086343 -0.095817 0.047147
v -0.090382 -0.082238 0.041671
v -0.094378 -0.068570 0.037547
v -0.103239 -0.075008 0.046002
v -0.106142 -0.060545 0.041671
v -0.108419 -0.045725 0.038276
v -0.117808 -0.052508 0.047147
v -0.119900 -0.037723 0.044433
v -0.121301 -0.022721 0.042615
v -0.131087 -0.029809 0.051920
v -0.132197 -0.014946 0.050666
v -0.132568 -0.000000 0.050248
v -0.142619 -0.007357 0.059980
v -0.142619 0.007357 0.059980
v -0.132197 0.014946 0.050666
v -0.121301 0.022721 0.042615
v -0.131087 0.029809 0.051920
v -0.119900 0.037723 0.044433
v -0.108419 0.045725 0.038276
v -0.117808 0.052508 0.047147
v -0.106142 0.060545 0.041671
v -0.094378 0.068570 0.037547
v -0.103239 0.075008 0.046002
v -0.090382 0.082238 0.041671
v -0.076990 0.088982 0.038276
v -0.086343 0.095816 0.047147
v -0.072928 0.102374 0.044433
v -0.059093 0.108342 0.042615
v -0.068858 0.115460 0.051920
v -0.055066 0.121108 0.050667
v -0.040966 0.126080 0.050248
v -0.051069 0.133366 0.059980
v -0.037075 0.137912 0.059980
v -0.026637 0.130346 0.050667
v -0.015875 0.122385 0.042615
v -0.012158 0.133883 0.051920
v -0.001174 0.125688 0.044433
v 0.009984 0.117242 0.038276
v 0.013533 0.128268 0.047147
v 0.024782 0.119657 0.041671
v 0.036049 0.110948 0.037547
v 0.039434 0.121365 0.046002
v 0.050284 0.111371 0.041671
v 0.060836 0.100719 0.038276
v 0.064446 0.111726 0.047147
v 0.074828 0.100994 0.044433
v 0.084779 0.089680 0.042615
v 0.088531 0.101167 0.051920
v 0.098165 0.089795 0.050667
v 0.107250 0.077921 0.050248
v 0.111057 0.089781 0.059980
v 0.119706 0.077878 0.059980
v 0.115735 0.065612 0.050667
v 0.111489 0.052917 0.042615
v 0.123573 0.052935 0.051920
v 0.119174 0.039957 0.044433
v 0.114589 0.026735 0.038276
v 0.126172 0.026766 0.047147
v 0.121459 0.013407 0.041671
v 0.116658 -0.000000 0.037547
v 0.127611 -0.000000 0.046002
v 0.121459 -0.013407 0.041671
v 0.114589 -0.026735 0.038276
v 0.126172 -0.026766 0.047147
v 0.119174 -0.039957 0.044433
v 0.111489 -0.052917 0.042615
v 0.123573 -0.052935 0.051920
v 0.115735 -0.065612 0.050666
v 0.103163 -0.065573 0.041704
v 0.107250 -0.077921 0.050248
v 0.098165 -0.089795 0.050666
v 0.111057 -0.089781 0.059980
v 0.101808 -0.101199 0.060738
v 0.088531 -0.101167 0.051920
v 0.074828 -0.100994 0.044433
v 0.078401 -0.111973 0.054002
v 0.064446 -0.111726 0.047147
v 0.050284 -0.111371 0.041671
v 0.053692 -0.121814 0.050740
v 0.039434 -0.121365 0.046002
v 0.024782 -0.119657 0.041671
v 0.028163 -0.130109 0.050740
v 0.013533 -0.128268 0.047147
v -0.001174 -0.125688 0.044433
v 0.002388 -0.136671 0.054002
v -0.012158 -0.133883 0.051920
v -0.026637 -0.130346 0.050666
v -0.022881 -0.141713 0.060738
v -0.037075 -0.137913 0.059980
v -0.051069 -0.133366 0.059980
v -0.047106 -0.144976 0.070528
v -0.060713 -0.140137 0.070866
v -0.064785 -0.128097 0.060738
v -0.074003 -0.134566 0.071877
v -0.078152 -0.122136 0.062249
v -0.082265 -0.109166 0.054002
v -0.091095 -0.115513 0.064506
v -0.095212 -0.102261 0.056901
v -0.099260 -0.088707 0.050740
v -0.107627 -0.094784 0.060600
v -0.111606 -0.081087 0.055193
v -0.115038 -0.066990 0.050740
v -0.123404 -0.073069 0.060600
v -0.126678 -0.058952 0.056901
v -0.129244 -0.044505 0.054002
v -0.138009 -0.050941 0.064506
v -0.140308 -0.036585 0.062249
v -0.141848 -0.022030 0.060738
v -0.150848 -0.028798 0.071877
v -0.152039 -0.014437 0.070866
v -0.152437 -0.000000 0.070528
v -0.161516 -0.007077 0.082261
v -0.161516 0.007077 0.082261
v -0.152039 0.014437 0.070866
v -0.141848 0.022030 0.060738
v -0.150848 0.028798 0.071877
v -0.140308 0.036585 0.062249
v -0.129244 0.044505 0.054002
v -0.138009 0.050941 0.064506
v -0.126678 0.058952 0.056901
v -0.115038 0.066990 0.050740
v -0.123404 0.073069 0.060600
v -0.111606 0.081087 0.055193
v -0.099260 0.088707 0.050740
v -0.107627 0.094784 0.060600
v -0.095212 0.102261 0.056901
v -0.082265 0.109166 0.054002
v -0.091095 0.115513 0.064506
v -0.078152 0.122136 0.062249
v -0.064785 0.128097 0.060738
v -0.074003 0.134566 0.071877
v -0.060713 0.140137 0.070866
v -0.047106 0.144976 0.070528
v -0.056642 0.151424 0.082261
v -0.043181 0.155798 0.082261
v -0.033253 0.149059 0.070866
v -0.022881 0.141713 0.060738
v -0.019226 0.152364 0.071877
v -0.008563 0.144746 0.062249
v 0.002388 0.136671 0.054002
v 0.005801 0.146996 0.064506
v 0.016921 0.138695 0.056901
v 0.028162 0.130109 0.050740
v 0.031359 0.139944 0.060600
v 0.042630 0.131201 0.055193
v 0.053692 0.121814 0.050740
v 0.056887 0.131649 0.060600
v 0.067834 0.122152 0.056901
v 0.078401 0.111973 0.054002
v 0.081709 0.122332 0.064506
v 0.092008 0.112069 0.062249
v 0.101808 0.101199 0.060738
v 0.105112 0.111965 0.071877
v 0.114517 0.101046 0.070866
v 0.123324 0.089600 0.070528
v 0.126509 0.100662 0.082261
v 0.134829 0.089211 0.082261
v 0.131488 0.077687 0.070866
v 0.127706 0.065553 0.060738
v 0.138966 0.065368 0.071877
v 0.135016 0.052873 0.062249
v 0.130720 0.039963 0.054002
v 0.141594 0.039907 0.064506
v 0.137136 0.026767 0.056901
v 0.132444 0.013422 0.050740
v 0.142785 0.013421 0.060600
v 0.137953 -0.000000 0.055193
v 0.132444 -0.013422 0.050740
v 0.142785 -0.013421 0.060600
v 0.137136 -0.026767 0.056901
v 0.130720 -0.039963 0.054002
v 0.141594 -0.039907 0.064506
v 0.135016 -0.052873 0.062249
v 0.127706 -0.065553 0.060738
v 0.138966 -0.065368 0.071877
v 0.131488 -0.077687 0.070866
v 0.119706 -0.077878 0.059980
v 0.123324 -0.089600 0.070528
v 0.114517 -0.101046 0.070866
v 0.126509 -0.100662 0.082261
v 0.117556 -0.111609 0.082850
v 0.105112 -0.111965 0.071877
v 0.092008 -0.112069 0.062249
v 0.095158 -0.122299 0.073557
v 0.081709 -0.122332 0.064506
v 0.067834 -0.122153 0.056901
v 0.070969 -0.131933 0.067497
v 0.056887 -0.131649 0.060600
v 0.042630 -0.131201 0.055193
v 0.045622 -0.140409 0.065078
v 0.031359 -0.139944 0.060600
v 0.016921 -0.138695 0.056901
v 0.020134 -0.148451 0.067497
v 0.005801 -0.146996 0.064506
v -0.008563 -0.144746 0.062249
v -0.005099 -0.154875 0.073557
v -0.019226 -0.152364 0.071877
v -0.033253 -0.149059 0.070866
v -0.029503 -0.159391 0.082850
v -0.043181 -0.155798 0.082261
v -0.056642 -0.151424 0.082261
v -0.052573 -0.161803 0.094854
v -0.065599 -0.157143 0.095105
v -0.069819 -0.146292 0.082850
v -0.078311 -0.151731 0.095859
v -0.082647 -0.140427 0.084027
v -0.086908 -0.128294 0.073557
v -0.095061 -0.133859 0.085784
v -0.099359 -0.121352 0.075897
v -0.103545 -0.108265 0.067497
v -0.111291 -0.113777 0.078884
v -0.115435 -0.100431 0.071204
v -0.119439 -0.086778 0.065078
v -0.126700 -0.092053 0.075609
v -0.131187 -0.078751 0.071204
v -0.134963 -0.065022 0.067497
v -0.142599 -0.070685 0.078884
v -0.146116 -0.056996 0.075897
v -0.148870 -0.043009 0.073557
v -0.156682 -0.049044 0.085784
v -0.159093 -0.035208 0.084027
v -0.160707 -0.021196 0.082850
v -0.168503 -0.027590 0.095859
v -0.169723 -0.013828 0.095105
v -0.170130 -0.000000 0.094854
v -0.177541 -0.007077 0.108190
v -0.177541 0.007077 0.108190
v -0.169723 0.013828 0.095105
v -0.160707 0.021196 0.082850
v -0.168503 0.027590 0.095859
v -0.159093 0.035208 0.084027
v -0.148870 0.043009 0.073557
v -0.156682 0.049044 0.085784
v -0.146116 0.056996 0.075897
v -0.134963 0.065022 0.067497
v -0.142599 0.070685 0.078884
v -0.131187 0.078751 0.071204
v -0.119439 0.086778 0.065078
v -0.126700 0.092053 0.075609
v -0.115435 0.100431 0.071204
v -0.103545 0.108265 0.067497
v -0.111291 0.113777 0.078884
v -0.099359 0.121352 0.075897
v -0.086908 0.128294 0.073557
v -0.095061 0.133858 0.085784
v -0.082647 0.140427 0.084027
v -0.069819 0.146292 0.082850
v -0.078311 0.151730 0.095859
v -0.065599 0.157143 0.095105
v -0.052573 0.161803 0.094854
v -0.061594 0.166665 0.108190
v -0.048133 0.171039 0.108190
v -0.039296 0.165689 0.095105
v -0.029503 0.159391 0.082850
v -0.025830 0.168782 0.095859
v -0.015678 0.162186 0.084027
v -0.005099 0.154875 0.073557
v -0.001774 0.164169 0.085784
v 0.009054 0.156577 0.075897
v 0.020134 0.148450 0.067497
v 0.023160 0.157463 0.078884
v 0.034357 0.149101 0.071204
v 0.045622 0.140409 0.065078
v 0.048395 0.148945 0.075609
v 0.059844 0.140820 0.071204
v 0.070969 0.131933 0.067497
v 0.073817 0.141003 0.078884
v 0.084709 0.131995 0.075897
v 0.095158 0.122299 0.073557
v 0.097931 0.131773 0.085784
v 0.108014 0.121996 0.084027
v 0.117556 0.111609 0.082850
v 0.120105 0.121365 0.095859
v 0.129181 0.110948 0.095105
v 0.137638 0.100000 0.094854
v 0.139474 0.110082 0.108190
v 0.147794 0.098631 0.108190
v 0.145437 0.088573 0.095105
v 0.142473 0.077314 0.082850
v 0.152539 0.076723 0.095859
v 0.149404 0.065029 0.084027
v 0.145719 0.052709 0.073557
v 0.155586 0.052418 0.085784
v 0.151712 0.039774 0.075897
v 0.147406 0.026726 0.067497
v 0.156913 0.026632 0.078884
v 0.152421 0.013399 0.071204
v 0.147635 -0.000000 0.065078
v 0.156610 -0.000000 0.075609
v 0.152421 -0.013399 0.071204
v 0.147406 -0.026725 0.067497
v 0.156913 -0.026632 0.078884
v 0.151712 -0.039774 0.075897
v 0.145719 -0.052709 0.073557
v 0.155586 -0.052418 0.085784
v 0.149404 -0.065029 0.084027
v 0.142473 -0.077314 0.082850
v 0.152539 -0.076723 0.095859
v 0.145437 -0.088573 0.095105
v 0.134829 -0.089211 0.082261
v 0.137638 -0.100000 0.094854
v 0.129181 -0.110948 0.095105
v 0.139474 -0.110082 0.108190
v 0.130456 -0.120981 0.108650
v 0.120105 -0.121365 0.095859
v 0.108014 -0.121997 0.084027
v 0.110454 -0.131201 0.097111
v 0.097931 -0.131773 0.085784
v 0.084709 -0.131996 0.075897
v 0.087358 -0.140890 0.088113
v 0.073817 -0.141003 0.078884
v 0.059844 -0.140820 0.071204
v 0.062540 -0.149275 0.082503
v 0.048395 -0.148945 0.075609
v 0.034357 -0.149101 0.071204
v 0.037146 -0.157527 0.082503
v 0.023160 -0.157463 0.078884
v 0.009054 -0.156577 0.075897
v 0.012139 -0.165330 0.088113
v -0.001774 -0.164169 0.085784
v -0.015678 -0.162186 0.084027
v -0.012241 -0.171067 0.097111
v -0.025830 -0.168782 0.095859
v -0.039296 -0.165689 0.095105
v -0.034430 -0.174556 0.108650
v -0.048133 -0.171039 0.108190
v -0.061594 -0.166665 0.108190
v -0.056851 -0.174971 0.121558
v -0.070433 -0.170053 0.121763
v -0.074747 -0.161456 0.108650
v -0.083648 -0.164248 0.122375
v -0.087525 -0.155439 0.109568
v -0.090647 -0.145592 0.097111
v -0.099865 -0.148644 0.110938
v -0.102550 -0.138756 0.098856
v -0.106999 -0.126620 0.088113
v -0.113963 -0.131256 0.101084
v -0.118401 -0.118747 0.091003
v -0.122643 -0.105608 0.082503
v -0.129210 -0.110280 0.094439
v -0.133355 -0.096888 0.086735
v -0.138338 -0.084006 0.082503
v -0.144810 -0.088808 0.094439
v -0.149523 -0.075911 0.091003
v -0.153487 -0.062635 0.088113
v -0.160049 -0.067825 0.101085
v -0.163655 -0.054653 0.098856
v -0.166478 -0.041221 0.097111
v -0.172228 -0.049044 0.110938
v -0.174878 -0.035208 0.109568
v -0.176652 -0.021196 0.108650
v -0.182058 -0.028798 0.122375
v -0.183495 -0.014437 0.121763
v -0.183975 -0.000000 0.121558
v -0.189019 -0.007357 0.135056
v -0.189019 0.007357 0.135056
v -0.183495 0.014437 0.121763
v -0.176652 0.021196 0.108650
v -0.182058 0.028798 0.122375
v -0.174878 0.035208 0.109568
v -0.166478 0.041221 0.097111
v -0.172228 0.049044 0.110938
v -0.163655 0.054653 0.098856
v -0.153487 0.062635 0.088113
v -0.160049 0.067824 0.101085
v -0.149523 0.075911 0.091003
v -0.138338 0.084006 0.082503
v -0.144810 0.088808 0.094439
v -0.133355 0.096888 0.086735
v -0.122643 0.105608 0.082503
v -0.129210 0.110279 0.094439
v -0.118401 0.118747 0.091003
v -0.106999 0.126620 0.088113
v -0.113963 0.131256 0.101085
v -0.102550 0.138756 0.098856
v -0.090647 0.145592 0.097111
v -0.099865 0.148643 0.110938
v -0.087525 0.155439 0.109568
v -0.074747 0.161456 0.108650
v -0.083648 0.164248 0.122375
v -0.070433 0.170053 0.121763
v -0.056851 0.174971 0.121558
v -0.065407 0.177494 0.135056
v -0.051413 0.182041 0.135056
v -0.042973 0.178975 0.121763
v -0.034430 0.174556 0.108650
v -0.028870 0.182047 0.122375
v -0.020556 0.177199 0.109568
v -0.012241 0.171067 0.097111
v -0.006578 0.178954 0.110938
v 0.001406 0.172534 0.098856
v 0.012139 0.165330 0.088113
v 0.015047 0.173174 0.101085
v 0.025991 0.165663 0.091003
v 0.037146 0.157527 0.082503
v 0.039712 0.165166 0.094439
v 0.050937 0.156769 0.086735
v 0.062540 0.149275 0.082503
v 0.064954 0.156964 0.094439
v 0.076347 0.149301 0.091003
v 0.087358 0.140890 0.088113
v 0.089616 0.148945 0.101085
v 0.100275 0.140409 0.098856
v 0.110454 0.131201 0.097111
v 0.110508 0.140911 0.110938
v 0.120785 0.131275 0.109568
v 0.130456 0.120981 0.108650
v 0.130361 0.130309 0.122375
v 0.139965 0.119535 0.121763
v 0.148839 0.108138 0.121558
v 0.148595 0.117054 0.135056
v 0.157244 0.105151 0.135056
v 0.156936 0.096176 0.121763
v 0.155373 0.086686 0.108650
v 0.164215 0.083713 0.122375
v 0.162174 0.074307 0.109568
v 0.158912 0.064505 0.097111
v 0.168163 0.061556 0.110938
v 0.164524 0.051978 0.098856
v 0.160989 0.039545 0.088113
v 0.169348 0.039203 0.101085
v 0.165586 0.026474 0.091003
v 0.161295 0.013351 0.082503
v 0.169354 0.013270 0.094439
v 0.164836 -0.000000 0.086735
v 0.161295 -0.013351 0.082503
v 0.169354 -0.013270 0.094439
v 0.165586 -0.026474 0.091003
v 0.160989 -0.039545 0.088113
v 0.169348 -0.039203 0.101085
v 0.164524 -0.051978 0.098856
v 0.158912 -0.064505 0.097111
v 0.168163 -0.061556 0.110938
v 0.162174 -0.074307 0.109568
v 0.155373 -0.086686 0.108650
v 0.164215 -0.083713 0.122375
v 0.156936 -0.096176 0.121763
v 0.147794 -0.098631 0.108190
v 0.148839 -0.108138 0.121558
v 0.139965 -0.119535 0.121763
v 0.148595 -0.117054 0.135056
v 0.139143 -0.128324 0.135408
v 0.130361 -0.130309 0.122375
v 0.120785 -0.131275 0.109568
v 0.120077 -0.140403 0.123393
v 0.110508 -0.140911 0.110938
v 0.100275 -0.140409 0.098856
v 0.099678 -0.149841 0.112754
v 0.089616 -0.148945 0.101084
v 0.076347 -0.149301 0.091003
v 0.078528 -0.156769 0.103787
v 0.064954 -0.156964 0.094439
v 0.050937 -0.156769 0.086735
v 0.053235 -0.163842 0.098403
v 0.039712 -0.165166 0.094439
v 0.025991 -0.165663 0.091003
v 0.028616 -0.172986 0.103787
v 0.015047 -0.173174 0.101084
v 0.001406 -0.172534 0.098856
v 0.007433 -0.179814 0.112754
v -0.006578 -0.178954 0.110938
v -0.020556 -0.177199 0.109568
v -0.014617 -0.184168 0.123393
v -0.028870 -0.182047 0.122375
v -0.042973 -0.178976 0.121763
v -0.037142 -0.185603 0.135408
v -0.051413 -0.182041 0.135056
v -0.065407 -0.177494 0.135056
v -0.059711 -0.183771 0.148399
v -0.073759 -0.178639 0.148543
v -0.079046 -0.171987 0.135408
v -0.087394 -0.172507 0.148975
v -0.092258 -0.165549 0.136109
v -0.096426 -0.157587 0.123393
v -0.104970 -0.158215 0.137155
v -0.108700 -0.150103 0.124811
v -0.111705 -0.141103 0.112754
v -0.120408 -0.141836 0.126620
v -0.122985 -0.132856 0.115007
v -0.124829 -0.123128 0.103787
v -0.133650 -0.123944 0.117686
v -0.135099 -0.114411 0.106949
v -0.139372 -0.101260 0.098403
v -0.144721 -0.105146 0.110557
v -0.150559 -0.093132 0.106949
v -0.155676 -0.080671 0.103787
v -0.159178 -0.088808 0.117686
v -0.164359 -0.075911 0.115007
v -0.168716 -0.062635 0.112754
v -0.172102 -0.070685 0.126620
v -0.176346 -0.056996 0.124811
v -0.179671 -0.043009 0.123393
v -0.182909 -0.050941 0.137155
v -0.185955 -0.036585 0.136109
v -0.187996 -0.022030 0.135408
v -0.191070 -0.029809 0.148975
v -0.192688 -0.014946 0.148543
v -0.193229 -0.000000 0.148399
v -0.196146 -0.007588 0.161669
v -0.196146 0.007588 0.161669
v -0.192688 0.014946 0.148543
v -0.187996 0.022030 0.135408
v -0.191070 0.029809 0.148975
v -0.185955 0.036585 0.136109
v -0.179671 0.043009 0.123393
v -0.182909 0.050941 0.137156
v -0.176346 0.056996 0.124811
v -0.168716 0.062635 0.112754
v -0.172102 0.070685 0.126621
v -0.164359 0.075911 0.115007
v -0.155676 0.080671 0.103787
v -0.159178 0.088808 0.117686
v -0.150559 0.093132 0.106949
v -0.139372 0.101260 0.098403
v -0.144721 0.105146 0.110557
v -0.135099 0.114411 0.106949
v -0.124830 0.123128 0.103787
v -0.133650 0.123944 0.117686
v -0.122985 0.132856 0.115007
v -0.111705 0.141103 0.112754
v -0.120408 0.141835 0.126621
v -0.108700 0.150103 0.124811
v -0.096426 0.157587 0.123393
v -0.104970 0.158215 0.137156
v -0.092258 0.165549 0.136109
v -0.079046 0.171987 0.135408
v -0.087394 0.172507 0.148975
v -0.073759 0.178639 0.148543
v -0.059711 0.183771 0.148399
v -0.067829 0.184201 0.161669
v -0.053396 0.188891 0.161669
v -0.045329 0.187876 0.148543
v -0.037142 0.185603 0.135408
v -0.030694 0.190930 0.148975
v -0.022669 0.188160 0.136109
v -0.014617 0.184168 0.123393
v -0.008074 0.189698 0.137156
v -0.000288 0.185328 0.124811
v 0.007433 0.179814 0.112754
v 0.014043 0.185522 0.126621
v 0.021406 0.179772 0.115007
v 0.028616 0.172986 0.103787
v 0.035273 0.178830 0.117686
v 0.042048 0.171970 0.106949
v 0.053235 0.163841 0.098403
v 0.055279 0.170130 0.110557
v 0.067064 0.163841 0.106949
v 0.078528 0.156769 0.103787
v 0.076578 0.165410 0.117686
v 0.088349 0.158021 0.115007
v 0.099678 0.149841 0.112754
v 0.097685 0.158345 0.126621
v 0.109166 0.149765 0.124811
v 0.120077 0.140403 0.123393
v 0.118034 0.148723 0.137156
v 0.128937 0.138900 0.136109
v 0.139143 0.128324 0.135408
v 0.137058 0.136424 0.148975
v 0.147103 0.125351 0.148543
v 0.156325 0.113577 0.148399
v 0.154225 0.121431 0.161669
v 0.163146 0.109153 0.161669
v 0.164673 0.101168 0.148543
v 0.165041 0.092678 0.135408
v 0.172100 0.088193 0.148975
v 0.171945 0.079704 0.136109
v 0.170637 0.070813 0.123393
v 0.177919 0.066299 0.137156
v 0.176169 0.057543 0.124811
v 0.173310 0.048496 0.112754
v 0.180781 0.043973 0.126621
v 0.177588 0.035194 0.115007
v 0.173362 0.026240 0.103787
v 0.180978 0.021715 0.117686
v 0.176546 0.013151 0.106949
v 0.172273 -0.000000 0.098403
v 0.178885 -0.000000 0.110557
v 0.176546 -0.013151 0.106949
v 0.173362 -0.026240 0.103787
v 0.180978 -0.021715 0.117686
v 0.177588 -0.035194 0.115007
v 0.173310 -0.048496 0.112754
v 0.180781 -0.043973 0.126621
v 0.176169 -0.057543 0.124811
v 0.170637 -0.070813 0.123393
v 0.177919 -0.066299 0.137155
v 0.171945 -0.079704 0.136109
v 0.165041 -0.092678 0.135408
v 0.172100 -0.088193 0.148975
v 0.164673 -0.101168 0.148543
v 0.157244 -0.105151 0.135056
v 0.156325 -0.113577 0.148399
v 0.147103 -0.125351 0.148543
v 0.154225 -0.121431 0.161669
v 0.144416 -0.133010 0.161890
v 0.137058 -0.136424 0.148975
v 0.128937 -0.138900 0.136109
v 0.126247 -0.146734 0.149693
v 0.118034 -0.148723 0.137155
v 0.109166 -0.149765 0.124811
v 0.106491 -0.157742 0.138542
v 0.097685 -0.158345 0.126620
v 0.088349 -0.158021 0.115007
v 0.085695 -0.166099 0.128813
v 0.076578 -0.165410 0.117686
v 0.067064 -0.163842 0.106949
v 0.064423 -0.171970 0.120778
v 0.055279 -0.170130 0.110557
v 0.042048 -0.171970 0.106949
v 0.048962 -0.176993 0.120778
v 0.035273 -0.178830 0.117686
v 0.021406 -0.179772 0.115007
v 0.028301 -0.184747 0.128813
v 0.014043 -0.185522 0.126620
v -0.000288 -0.185328 0.124811
v 0.006565 -0.190210 0.138542
v -0.008074 -0.189698 0.137155
v -0.022669 -0.188160 0.136109
v -0.015887 -0.192916 0.149693
v -0.030694 -0.190930 0.148975
v -0.045329 -0.187876 0.148543
v -0.038654 -0.192493 0.161890
v -0.053396 -0.188891 0.161669
v -0.067829 -0.184201 0.161669
v -0.061306 -0.188681 0.174682
v -0.075736 -0.183376 0.174757
v -0.081872 -0.178450 0.161890
v -0.089717 -0.176988 0.174981
v -0.095444 -0.171673 0.162330
v -0.100540 -0.165411 0.149693
v -0.108466 -0.163906 0.162987
v -0.113124 -0.157390 0.150691
v -0.117114 -0.150024 0.138542
v -0.125076 -0.148488 0.151966
v -0.128624 -0.141022 0.140262
v -0.131488 -0.132829 0.128813
v -0.139438 -0.131256 0.142305
v -0.141881 -0.123128 0.131377
v -0.143645 -0.114411 0.120778
v -0.151914 -0.110372 0.131150
v -0.153200 -0.101260 0.120778
v -0.160946 -0.096888 0.131377
v -0.166959 -0.084006 0.128813
v -0.167921 -0.092053 0.142305
v -0.173867 -0.078751 0.140262
v -0.178872 -0.065022 0.138542
v -0.179871 -0.073069 0.151966
v -0.184644 -0.058952 0.150691
v -0.188384 -0.044505 0.149693
v -0.189402 -0.052508 0.162987
v -0.192764 -0.037723 0.162330
v -0.195016 -0.022721 0.161890
v -0.196050 -0.030634 0.174981
v -0.197805 -0.015362 0.174757
v -0.198391 -0.000000 0.174682
v -0.199457 -0.007775 0.187487
v -0.199457 0.007775 0.187487
v -0.197805 0.015362 0.174757
v -0.195016 0.022721 0.161890
v -0.196050 0.030634 0.174981
v -0.192764 0.037723 0.162330
v -0.188384 0.044505 0.149693
v -0.189402 0.052508 0.162987
v -0.184644 0.058952 0.150691
v -0.178872 0.065022 0.138543
v -0.179871 0.073069 0.151966
v -0.173867 0.078751 0.140262
v -0.166959 0.084006 0.128813
v -0.167921 0.092053 0.142305
v -0.160946 0.096888 0.131377
v -0.153200 0.101260 0.120778
v -0.151914 0.110372 0.131150
v -0.143645 0.114411 0.120778
v -0.141881 0.123128 0.131377
v -0.131488 0.132828 0.128813
v -0.139438 0.131256 0.142305
v -0.128624 0.141022 0.140262
v -0.117114 0.150024 0.138543
v -0.125076 0.148488 0.151966
v -0.113124 0.157390 0.150691
v -0.100540 0.165411 0.149693
v -0.108466 0.163906 0.162987
v -0.095444 0.171672 0.162330
v -0.081872 0.178450 0.161890
v -0.089717 0.176988 0.174981
v -0.075736 0.183376 0.174757
v -0.061306 0.188681 0.174682
v -0.069030 0.187292 0.187487
v -0.054241 0.192097 0.187487
v -0.046515 0.192871 0.174757
v -0.038654 0.192493 0.161890
v -0.031448 0.195921 0.174981
v -0.023691 0.194986 0.162330
v -0.015887 0.192916 0.149693
v -0.008591 0.196357 0.162987
v -0.000992 0.193824 0.150691
v 0.006565 0.190210 0.138543
v 0.013909 0.193647 0.151966
v 0.021169 0.189693 0.140262
v 0.028301 0.184747 0.128813
v 0.035657 0.188148 0.142305
v 0.042411 0.183009 0.131377
v 0.048962 0.176993 0.120778
v 0.058026 0.178585 0.131150
v 0.064423 0.171970 0.120778
v 0.073258 0.172986 0.131377
v 0.085695 0.166099 0.128813
v 0.081743 0.173174 0.142305
v 0.094373 0.165907 0.140262
v 0.106491 0.157742 0.138543
v 0.102570 0.164840 0.151966
v 0.114729 0.156224 0.150691
v 0.126247 0.146734 0.149693
v 0.122366 0.153807 0.162987
v 0.133776 0.143822 0.162330
v 0.144416 0.133009 0.161890
v 0.140602 0.140019 0.174981
v 0.150998 0.128695 0.174757
v 0.160502 0.116611 0.174682
v 0.156794 0.123528 0.187487
v 0.165934 0.110948 0.187487
v 0.169057 0.103838 0.174757
v 0.171127 0.096246 0.161890
v 0.176614 0.090452 0.174981
v 0.178122 0.082785 0.162330
v 0.178565 0.074724 0.149693
v 0.184092 0.068848 0.162987
v 0.184031 0.060838 0.150691
v 0.182929 0.052534 0.138543
v 0.188468 0.046612 0.151966
v 0.186950 0.038486 0.140262
v 0.184450 0.030174 0.128813
v 0.189959 0.024229 0.142305
v 0.187157 0.016217 0.131377
v 0.183460 0.008128 0.120778
v 0.187776 -0.000000 0.131150
v 0.183460 -0.008128 0.120778
v 0.187157 -0.016217 0.131377
v 0.184450 -0.030174 0.128813
v 0.189959 -0.024229 0.142305
v 0.186950 -0.038486 0.140262
v 0.182929 -0.052534 0.138542
v 0.188468 -0.046612 0.151966
v 0.184031 -0.060838 0.150691
v 0.178565 -0.074724 0.149693
v 0.184092 -0.068848 0.162987
v 0.178122 -0.082785 0.162330
v 0.171127 -0.096246 0.161890
v 0.176614 -0.090452 0.174981
v 0.169057 -0.103838 0.174757
v 0.163146 -0.109153 0.161669
v 0.160502 -0.116611 0.174682
v 0.150998 -0.128695 0.174757
v 0.156794 -0.123528 0.187487
v 0.146707 -0.135361 0.187563
v 0.140602 -0.140019 0.174981
v 0.133776 -0.143822 0.162330
v 0.129375 -0.150515 0.175353
v 0.122366 -0.153807 0.162987
v 0.114729 -0.156224 0.150691
v 0.110251 -0.162906 0.163857
v 0.102570 -0.164840 0.151966
v 0.094373 -0.165907 0.140262
v 0.089837 -0.172534 0.153509
v 0.081743 -0.173174 0.142305
v 0.073258 -0.172986 0.131377
v 0.066785 -0.179352 0.141925
v 0.058026 -0.178585 0.131150
v 0.042411 -0.183009 0.131377
v 0.051390 -0.184354 0.141925
v 0.035657 -0.188148 0.142305
v 0.021169 -0.189693 0.140262
v 0.028733 -0.192388 0.153509
v 0.013909 -0.193647 0.151966
v -0.000992 -0.193824 0.150691
v 0.006559 -0.196598 0.163857
v -0.008591 -0.196358 0.162987
v -0.023691 -0.194987 0.162330
v -0.016196 -0.197814 0.175353
v -0.031448 -0.195921 0.174981
v -0.046515 -0.192871 0.174757
v -0.039125 -0.195741 0.187563
v -0.054241 -0.192097 0.187487
v -0.069030 -0.187292 0.187487
v -0.061803 -0.190211 0.200000
v -0.076537 -0.184776 0.200000
v -0.083401 -0.181355 0.187563
v -0.090798 -0.178201 0.200000
v -0.097268 -0.174322 0.187714
v -0.103169 -0.169554 0.175353
v -0.110546 -0.166235 0.187939
v -0.116011 -0.161118 0.175870
v -0.120864 -0.155196 0.163857
v -0.128168 -0.151731 0.176530
v -0.132565 -0.145592 0.164936
v -0.136328 -0.138756 0.153509
v -0.143920 -0.134258 0.164477
v -0.147269 -0.126916 0.153051
v -0.149936 -0.118939 0.141925
v -0.157252 -0.114250 0.152897
v -0.159451 -0.105843 0.141925
v -0.166213 -0.100842 0.153051
v -0.174093 -0.086778 0.153509
v -0.172160 -0.095388 0.164477
v -0.179431 -0.081087 0.164936
v -0.184949 -0.066990 0.163857
v -0.183910 -0.075008 0.176530
v -0.189082 -0.060545 0.175870
v -0.193137 -0.045725 0.175353
v -0.192259 -0.053767 0.187939
v -0.195847 -0.038639 0.187714
v -0.198251 -0.023277 0.187563
v -0.197538 -0.031287 0.200000
v -0.199383 -0.015692 0.200000
v -0.200000 -0.000000 0.200000
v -0.199469 -0.007919 0.212220
v -0.199469 0.007919 0.212220
v -0.199383 0.015692 0.200000
v -0.198251 0.023277 0.187563
v -0.197538 0.031287 0.200000
v -0.195847 0.038639 0.187714
v -0.193137 0.045725 0.175353
v -0.192259 0.053767 0.187939
v -0.189082 0.060545 0.175870
v -0.184949 0.066990 0.163857
v -0.183910 0.075008 0.176530
v -0.179431 0.081087 0.164936
v -0.174093 0.086778 0.153509
v -0.172160 0.095388 0.164477
v -0.166213 0.100842 0.153051
v -0.159451 0.105843 0.141925
v -0.157252 0.114250 0.152898
v -0.149936 0.118939 0.141925
v -0.147269 0.126916 0.153051
v -0.136328 0.138756 0.153509
v -0.143920 0.134258 0.164477
v -0.132565 0.145592 0.164936
v -0.120864 0.155196 0.163857
v -0.128168 0.151730 0.176530
v -0.116011 0.161118 0.175870
v -0.103169 0.169554 0.175353
v -0.110546 0.166235 0.187939
v -0.097268 0.174322 0.187714
v -0.083401 0.181355 0.187563
v -0.090798 0.178201 0.200000
v -0.076537 0.184776 0.200000
v -0.061803 0.190211 0.200000
v -0.069171 0.187259 0.212220
v -0.054108 0.192154 0.212220
v -0.046689 0.194474 0.200000
v -0.039125 0.195741 0.187563
v -0.031287 0.197538 0.200000
v -0.023773 0.198202 0.187714
v -0.016196 0.197814 0.175353
v -0.008276 0.199464 0.187939
v -0.000848 0.198537 0.175870
v 0.006559 0.196598 0.163857
v 0.014505 0.198088 0.176530
v 0.021671 0.195706 0.164936
v 0.028733 0.192388 0.153509
v 0.037519 0.193211 0.164477
v 0.044544 0.189240 0.153051
v 0.051390 0.184354 0.141925
v 0.060065 0.184861 0.152898
v 0.066785 0.179352 0.141925
v 0.075196 0.179280 0.153051
v 0.089837 0.172534 0.153509
v 0.083213 0.178364 0.164477
v 0.097501 0.171067 0.164936
v 0.110251 0.162906 0.163857
v 0.104698 0.168782 0.176530
v 0.117383 0.160122 0.175870
v 0.129375 0.150515 0.175353
v 0.123938 0.156505 0.187939
v 0.135733 0.146375 0.187714
v 0.146707 0.135361 0.187563
v 0.141421 0.141421 0.200000
v 0.152081 0.129890 0.200000
v 0.161803 0.117557 0.200000
v 0.156719 0.123652 0.212220
v 0.166029 0.110838 0.212220
v 0.170528 0.104500 0.200000
v 0.174070 0.097698 0.187563
v 0.178201 0.090798 0.200000
v 0.181155 0.083857 0.187714
v 0.183127 0.076531 0.175353
v 0.187144 0.069509 0.187939
v 0.188558 0.062158 0.175870
v 0.189002 0.054514 0.163857
v 0.192875 0.047417 0.176530
v 0.192824 0.039866 0.164936
v 0.191850 0.032124 0.153509
v 0.195348 0.024023 0.164477
v 0.193742 0.016115 0.153051
v 0.191211 0.008094 0.141925
v 0.194374 -0.000000 0.152897
v 0.191211 -0.008094 0.141925
v 0.193742 -0.016115 0.153051
v 0.191850 -0.032124 0.153509
v 0.195348 -0.024023 0.164477
v 0.192824 -0.039866 0.164936
v 0.189002 -0.054514 0.163857
v 0.192875 -0.047417 0.176530
v 0.188558 -0.062158 0.175870
v 0.183127 -0.076531 0.175353
v 0.187144 -0.069509 0.187939
v 0.181155 -0.083857 0.187714
v 0.174070 -0.097698 0.187563
v 0.178201 -0.090798 0.200000
v 0.170528 -0.104500 0.200000
v 0.165934 -0.110948 0.187487
v 0.161803 -0.117557 0.200000
v 0.152081 -0.129890 0.200000
v 0.156719 -0.123652 0.212220
v 0.146427 -0.135690 0.212144
v 0.141421 -0.141421 0.200000
v 0.135733 -0.146375 0.187714
v 0.129890 -0.152081 0.200000
v 0.123938 -0.156505 0.187939
v 0.117383 -0.160122 0.175870
v 0.111394 -0.165689 0.188237
v 0.104698 -0.168782 0.176530
v 0.097501 -0.171067 0.164936
v 0.090796 -0.176599 0.176148
v 0.083213 -0.178364 0.164477
v 0.075196 -0.179280 0.153051
v 0.068389 -0.184512 0.164246
v 0.060065 -0.184861 0.152897
v 0.044544 -0.189240 0.153051
v 0.053125 -0.189471 0.164246
v 0.037519 -0.193211 0.164477
v 0.021671 -0.195706 0.164936
v 0.030347 -0.196240 0.176148
v 0.014505 -0.198088 0.176530
v -0.000848 -0.198537 0.175870
v 0.007270 -0.199521 0.188237
v -0.008276 -0.199464 0.187939
v -0.023773 -0.198202 0.187714
v -0.015692 -0.199383 0.200000
v -0.031287 -0.197538 0.200000
v -0.046689 -0.194474 0.200000
v -0.038705 -0.195843 0.212144
v -0.054108 -0.192154 0.212220
v -0.069171 -0.187259 0.212220
v -0.061351 -0.188819 0.224159
v -0.076316 -0.183292 0.224082
v -0.083800 -0.181191 0.212144
v -0.090796 -0.176599 0.223852
v -0.097904 -0.173986 0.211991
v -0.104500 -0.170528 0.200000
v -0.111394 -0.165689 0.211763
v -0.117557 -0.161803 0.200000
v -0.123157 -0.157143 0.188237
v -0.129890 -0.152081 0.200000
v -0.135216 -0.146877 0.188009
v -0.139898 -0.140924 0.176148
v -0.146427 -0.135690 0.187856
v -0.150738 -0.129221 0.175918
v -0.154348 -0.122059 0.164246
v -0.160619 -0.116696 0.175841
v -0.163781 -0.109075 0.164246
v -0.169477 -0.103429 0.175918
v -0.177258 -0.089503 0.176148
v -0.174297 -0.097330 0.187856
v -0.181472 -0.083211 0.188009
v -0.187510 -0.068570 0.188237
v -0.184776 -0.076537 0.200000
v -0.190211 -0.061803 0.200000
v -0.194474 -0.046689 0.200000
v -0.192003 -0.054741 0.211763
v -0.195724 -0.039348 0.211991
v -0.198218 -0.023708 0.212144
v -0.196013 -0.031780 0.223852
v -0.197904 -0.015941 0.224082
v -0.198536 -0.000000 0.224159
v -0.196615 -0.008025 0.235754
v -0.196615 0.008025 0.235754
v -0.197904 0.015941 0.224082
v -0.198218 0.023708 0.212144
v -0.196013 0.031780 0.223852
v -0.195724 0.039348 0.211991
v -0.194474 0.046689 0.200000
v -0.192003 0.054741 0.211763
v -0.190211 0.061803 0.200000
v -0.187510 0.068570 0.188237
v -0.184776 0.076537 0.200000
v -0.181472 0.083211 0.188009
v -0.177258 0.089503 0.176148
v -0.174297 0.097330 0.187856
v -0.169477 0.103429 0.175918
v -0.163781 0.109075 0.164247
v -0.160619 0.116696 0.175841
v -0.154348 0.122059 0.164247
v -0.150738 0.129221 0.175918
v -0.139898 0.140924 0.176148
v -0.146427 0.135690 0.187856
v -0.135216 0.146877 0.188009
v -0.123157 0.157143 0.188237
v -0.129890 0.152081 0.200000
v -0.117557 0.161803 0.200000
v -0.104500 0.170528 0.200000
v -0.111394 0.165689 0.211763
v -0.097904 0.173986 0.211991
v -0.083800 0.181191 0.212144
v -0.090796 0.176599 0.223852
v -0.076316 0.183292 0.224082
v -0.061351 0.188819 0.224159
v -0.068389 0.184512 0.235754
v -0.053125 0.189471 0.235754
v -0.045995 0.193144 0.224082
v -0.038705 0.195843 0.212144
v -0.030347 0.196240 0.223852
v -0.023060 0.198304 0.211991
v -0.015692 0.199384 0.200000
v -0.007270 0.199521 0.211763
v 0.000000 0.200000 0.200000
v 0.007270 0.199521 0.188237
v 0.015692 0.199383 0.200000
v 0.023060 0.198304 0.188009
v 0.030347 0.196240 0.176148
v 0.038705 0.195843 0.187856
v 0.045995 0.193144 0.175918
v 0.053125 0.189471 0.164247
v 0.061351 0.188818 0.175841
v 0.068389 0.184512 0.164247
v 0.076316 0.183292 0.175918
v 0.090796 0.176599 0.176148
v 0.083800 0.181191 0.187856
v 0.097904 0.173986 0.188009
v 0.111394 0.165689 0.188237
v 0.104500 0.170528 0.200000
v 0.117557 0.161803 0.200000
v 0.129890 0.152081 0.200000
v 0.123157 0.157143 0.211763
v 0.135216 0.146877 0.211991
v 0.146427 0.135690 0.212144
v 0.139898 0.140924 0.223852
v 0.150738 0.129221 0.224082
v 0.160619 0.116696 0.224159
v 0.154348 0.122059 0.235754
v 0.163781 0.109075 0.235754
v 0.169477 0.103429 0.224082
v 0.174297 0.097330 0.212144
v 0.177258 0.089503 0.223852
v 0.181472 0.083211 0.211991
v 0.184776 0.076537 0.200000
v 0.187510 0.068570 0.211763
v 0.190211 0.061803 0.200000
v 0.192003 0.054741 0.188237
v 0.194474 0.046689 0.200000
v 0.195724 0.039348 0.188009
v 0.196013 0.031780 0.176148
v 0.198218 0.023708 0.187856
v 0.197904 0.015941 0.175918
v 0.196615 0.008025 0.164246
v 0.198536 -0.000000 0.175841
v 0.196615 -0.008025 0.164246
v 0.197904 -0.015941 0.175918
v 0.196013 -0.031780 0.176148
v 0.198218 -0.023708 0.187856
v 0.195724 -0.039348 0.188009
v 0.192003 -0.054741 0.188237
v 0.194474 -0.046689 0.200000
v 0.190211 -0.061803 0.200000
v 0.184776 -0.076537 0.200000
v 0.187510 -0.068570 0.211763
v 0.181472 -0.083211 0.211991
v 0.174297 -0.097330 0.212144
v 0.177258 -0.089503 0.223852
v 0.169477 -0.103429 0.224082
v 0.166029 -0.110838 0.212220
v 0.160619 -0.116696 0.224159
v 0.150738 -0.129221 0.224082
v 0.154348 -0.122059 0.235754
v 0.143920 -0.134258 0.235523
v 0.139898 -0.140924 0.223852
v 0.135216 -0.146877 0.211991
v 0.128168 -0.151731 0.223470
v 0.123157 -0.157143 0.211763
v 0.117557 -0.161803 0.200000
v 0.110546 -0.166235 0.212061
v 0.104500 -0.170528 0.200000
v 0.097904 -0.173986 0.188009
v 0.090798 -0.178201 0.200000
v 0.083800 -0.181191 0.187856
v 0.076316 -0.183292 0.175918
v 0.069171 -0.187259 0.187779
v 0.061351 -0.188819 0.175841
v 0.045995 -0.193144 0.175918
v 0.054108 -0.192154 0.187779
v 0.038705 -0.195843 0.187856
v 0.023060 -0.198304 0.188009
v 0.031287 -0.197538 0.200000
v 0.015692 -0.199384 0.200000
v 0.000000 -0.200000 0.200000
v 0.008276 -0.199464 0.212061
v -0.007270 -0.199521 0.211763
v -0.023060 -0.198304 0.211991
v -0.014505 -0.198088 0.223470
v -0.030347 -0.196240 0.223852
v -0.045995 -0.193144 0.224082
v -0.037519 -0.193211 0.235523
v -0.053125 -0.189471 0.235754
v -0.068389 -0.184512 0.235754
v -0.060065 -0.184861 0.247102
v -0.075196 -0.179280 0.246949
v -0.083213 -0.178364 0.235523
v -0.089837 -0.172534 0.246491
v -0.097501 -0.171067 0.235064
v -0.104698 -0.168782 0.223470
v -0.110251 -0.162906 0.236143
v -0.117383 -0.160122 0.224130
v -0.123938 -0.156505 0.212061
v -0.129375 -0.150515 0.224647
v -0.135733 -0.146375 0.212286
v -0.141421 -0.141421 0.200000
v -0.146707 -0.135361 0.212437
v -0.152081 -0.129890 0.200000
v -0.156719 -0.123652 0.187779
v -0.161803 -0.117557 0.200000
v -0.166029 -0.110838 0.187779
v -0.170528 -0.104500 0.200000
v -0.178201 -0.090798 0.200000
v -0.174070 -0.097698 0.212437
v -0.181155 -0.083857 0.212286
v -0.187144 -0.069509 0.212061
v -0.183127 -0.076531 0.224647
v -0.188558 -0.062158 0.224130
v -0.192875 -0.047417 0.223470
v -0.189002 -0.054514 0.236143
v -0.192824 -0.039866 0.235064
v -0.195348 -0.024023 0.235523
v -0.191851 -0.032124 0.246491
v -0.193742 -0.016115 0.246949
v -0.194374 -0.000000 0.247102
v -0.191211 -0.008094 0.258075
v -0.191211 0.008094 0.258075
v -0.193742 0.016115 0.246949
v -0.195348 0.024023 0.235523
v -0.191851 0.032124 0.246491
v -0.192824 0.039866 0.235064
v -0.192875 0.047417 0.223470
v -0.189002 0.054514 0.236143
v -0.188558 0.062158 0.224130
v -0.187144 0.069509 0.212061
v -0.183127 0.076531 0.224647
v -0.181155 0.083857 0.212286
v -0.178201 0.090798 0.200000
v -0.174070 0.097698 0.212437
v -0.170528 0.104500 0.200000
v -0.166029 0.110838 0.187780
v -0.161803 0.117557 0.200000
v -0.156719 0.123652 0.187780
v -0.152081 0.129890 0.200000
v -0.141421 0.141421 0.200000
v -0.146707 0.135361 0.212437
v -0.135733 0.146375 0.212286
v -0.123938 0.156505 0.212061
v -0.129375 0.150515 0.224647
v -0.117383 0.160122 0.224130
v -0.104698 0.168782 0.223470
v -0.110251 0.162906 0.236143
v -0.097501 0.171067 0.235064
v -0.083213 0.178364 0.235523
v -0.089837 0.172534 0.246491
v -0.075196 0.179280 0.246949
v -0.060065 0.184861 0.247102
v -0.066785 0.179352 0.258075
v -0.051390 0.184354 0.258075
v -0.044544 0.189240 0.246949
v -0.037519 0.193211 0.235523
v -0.028733 0.192388 0.246491
v -0.021671 0.195706 0.235064
v -0.014505 0.198088 0.223470
v -0.006559 0.196598 0.236143
v 0.000848 0.198537 0.224130
v 0.008276 0.199464 0.212061
v 0.016196 0.197814 0.224647
v 0.023773 0.198202 0.212286
v 0.031287 0.197538 0.200000
v 0.039125 0.195741 0.212437
v 0.046689 0.194474 0.200000
v 0.054108 0.192154 0.187780
v 0.061803 0.190211 0.200000
v 0.069171 0.187259 0.187780
v 0.076537 0.184776 0.200000
v 0.090798 0.178201 0.200000
v 0.083401 0.181355 0.212437
v 0.097268 0.174322 0.212286
v 0.110546 0.166235 0.212061
v 0.103169 0.169554 0.224647
v 0.116011 0.161118 0.224130
v 0.128168 0.151730 0.223470
v 0.120864 0.155196 0.236143
v 0.132565 0.145592 0.235064
v 0.143920 0.134258 0.235523
v 0.136328 0.138756 0.246491
v 0.147269 0.126916 0.246949
v 0.157252 0.114250 0.247102
v 0.149936 0.118939 0.258075
v 0.159451 0.105843 0.258075
v 0.166213 0.100842 0.246949
v 0.172160 0.095388 0.235523
v 0.174093 0.086778 0.246491
v 0.179431 0.081087 0.235064
v 0.183910 0.075008 0.223470
v 0.184949 0.066990 0.236143
v 0.189082 0.060545 0.224130
v 0.192259 0.053767 0.212061
v 0.193137 0.045725 0.224647
v 0.195847 0.038639 0.212286
v 0.197538 0.031287 0.200000
v 0.198251 0.023277 0.212437
v 0.199383 0.015692 0.200000
v 0.199469 0.007919 0.187780
v 0.200000 -0.000000 0.200000
v 0.199469 -0.007919 0.187780
v 0.199383 -0.015692 0.200000
v 0.197538 -0.031287 0.200000
v 0.198251 -0.023277 0.212437
v 0.195847 -0.038639 0.212286
v 0.192259 -0.053767 0.212061
v 0.193137 -0.045725 0.224647
v 0.189082 -0.060545 0.224130
v 0.183910 -0.075008 0.223470
v 0.184949 -0.066990 0.236143
v 0.179431 -0.081087 0.235064
v 0.172160 -0.095388 0.235523
v 0.174093 -0.086778 0.246491
v 0.166213 -0.100842 0.246949
v 0.163781 -0.109075 0.235754
v 0.157252 -0.114250 0.247102
v 0.147269 -0.126916 0.246949
v 0.149936 -0.118939 0.258075
v 0.139438 -0.131256 0.257695
v 0.136328 -0.138756 0.246491
v 0.132565 -0.145592 0.235064
v 0.125076 -0.148488 0.248034
v 0.120864 -0.155196 0.236143
v 0.116011 -0.161118 0.224130
v 0.108466 -0.163906 0.237013
v 0.103169 -0.169554 0.224647
v 0.097268 -0.174322 0.212286
v 0.089717 -0.176988 0.225019
v 0.083401 -0.181355 0.212437
v 0.076537 -0.184776 0.200000
v 0.069030 -0.187292 0.212513
v 0.061803 -0.190211 0.200000
v 0.046689 -0.194474 0.200000
v 0.054241 -0.192097 0.212513
v 0.039125 -0.195741 0.212437
v 0.023773 -0.198202 0.212286
v 0.031448 -0.195921 0.225019
v 0.016196 -0.197814 0.224647
v 0.000848 -0.198537 0.224130
v 0.008591 -0.196358 0.237013
v -0.006559 -0.196598 0.236143
v -0.021671 -0.195706 0.235064
v -0.013910 -0.193647 0.248034
v -0.028733 -0.192388 0.246491
v -0.044544 -0.189240 0.246949
v -0.035657 -0.188149 0.257695
v -0.051390 -0.184354 0.258075
v -0.066785 -0.179352 0.258075
v -0.058026 -0.178585 0.268850
v -0.073258 -0.172986 0.268623
v -0.081743 -0.173174 0.257695
v -0.085695 -0.166099 0.271187
v -0.094373 -0.165907 0.259738
v -0.102570 -0.164840 0.248034
v -0.106491 -0.157742 0.261457
v -0.114729 -0.156224 0.249309
v -0.122366 -0.153807 0.237013
v -0.126247 -0.146734 0.250307
v -0.133776 -0.143822 0.237670
v -0.140602 -0.140019 0.225019
v -0.144416 -0.133009 0.238110
v -0.150998 -0.128695 0.225243
v -0.156794 -0.123528 0.212513
v -0.160502 -0.116611 0.225318
v -0.165934 -0.110948 0.212513
v -0.169057 -0.103838 0.225243
v -0.176614 -0.090452 0.225019
v -0.171127 -0.096246 0.238110
v -0.178122 -0.082785 0.237670
v -0.184092 -0.068848 0.237013
v -0.178565 -0.074724 0.250307
v -0.184031 -0.060838 0.249309
v -0.188468 -0.046612 0.248034
v -0.182929 -0.052534 0.261457
v -0.186950 -0.038486 0.259738
v -0.189959 -0.024229 0.257695
v -0.184450 -0.030174 0.271187
v -0.187157 -0.016217 0.268623
v -0.187776 -0.000000 0.268850
v -0.183461 -0.008128 0.279222
v -0.183461 0.008128 0.279222
v -0.187157 0.016217 0.268623
v -0.189959 0.024229 0.257695
v -0.184450 0.030174 0.271187
v -0.186950 0.038486 0.259738
v -0.188468 0.046612 0.248034
v -0.182929 0.052534 0.261457
v -0.184031 0.060838 0.249309
v -0.184092 0.068848 0.237013
v -0.178565 0.074724 0.250307
v -0.178122 0.082785 0.237670
v -0.176614 0.090452 0.225019
v -0.171127 0.096246 0.238110
v -0.169057 0.103838 0.225243
v -0.165934 0.110948 0.212513
v -0.160502 0.116611 0.225318
v -0.156794 0.123528 0.212513
v -0.150998 0.128695 0.225243
v -0.140602 0.140019 0.225019
v -0.144416 0.133009 0.238110
v -0.133776 0.143822 0.237670
v -0.122366 0.153807 0.237013
v -0.126247 0.146734 0.250307
v -0.114729 0.156224 0.249309
v -0.102570 0.164840 0.248034
v -0.106491 0.157742 0.261457
v -0.094373 0.165907 0.259738
v -0.081743 0.173174 0.257695
v -0.085695 0.166098 0.271187
v -0.073258 0.172986 0.268623
v -0.058026 0.178585 0.268850
v -0.064423 0.171970 0.279222
v -0.048962 0.176993 0.279222
v -0.042411 0.183009 0.268623
v -0.035657 0.188148 0.257695
v -0.028301 0.184747 0.271187
v -0.021169 0.189693 0.259738
v -0.013910 0.193647 0.248034
v -0.006565 0.190210 0.261457
v 0.000992 0.193824 0.249309
v 0.008590 0.196357 0.237013
v 0.015887 0.192916 0.250307
v 0.023691 0.194986 0.237670
v 0.031448 0.195921 0.225019
v 0.038654 0.192493 0.238110
v 0.046515 0.192871 0.225243
v 0.054241 0.192097 0.212513
v 0.061306 0.188681 0.225318
v 0.069030 0.187292 0.212513
v 0.075736 0.183376 0.225243
v 0.089717 0.176988 0.225019
v 0.081872 0.178450 0.238110
v 0.095444 0.171672 0.237670
v 0.108466 0.163906 0.237013
v 0.100540 0.165411 0.250307
v 0.113124 0.157390 0.249309
v 0.125076 0.148488 0.248034
v 0.117114 0.150024 0.261457
v 0.128624 0.141022 0.259738
v 0.139438 0.131256 0.257695
v 0.131488 0.132828 0.271187
v 0.141881 0.123128 0.268623
v 0.151914 0.110372 0.268850
v 0.143645 0.114411 0.279222
v 0.153200 0.101260 0.279222
v 0.160946 0.096888 0.268623
v 0.167921 0.092053 0.257695
v 0.166959 0.084006 0.271187
v 0.173867 0.078751 0.259738
v 0.179871 0.073069 0.248034
v 0.178872 0.065022 0.261457
v 0.184644 0.058952 0.249309
v 0.189402 0.052508 0.237013
v 0.188384 0.044505 0.250307
v 0.192764 0.037723 0.237670
v 0.196050 0.030634 0.225019
v 0.195016 0.022721 0.238110
v 0.197805 0.015362 0.225243
v 0.199457 0.007775 0.212513
v 0.198391 -0.000000 0.225318
v 0.199457 -0.007775 0.212513
v 0.197805 -0.015362 0.225243
v 0.196050 -0.030634 0.225019
v 0.195016 -0.022721 0.238110
v 0.192764 -0.037723 0.237670
v 0.189402 -0.052508 0.237013
v 0.188384 -0.044505 0.250307
v 0.184644 -0.058952 0.249309
v 0.179871 -0.073069 0.248034
v 0.178872 -0.065022 0.261457
v 0.173867 -0.078751 0.259738
v 0.167921 -0.092053 0.257695
v 0.166959 -0.084006 0.271187
v 0.160946 -0.096888 0.268623
v 0.159451 -0.105843 0.258075
v 0.151914 -0.110372 0.268850
v 0.141881 -0.123128 0.268623
v 0.143645 -0.114411 0.279222
v 0.133650 -0.123944 0.282314
v 0.131488 -0.132828 0.271187
v 0.128624 -0.141022 0.259738
v 0.120408 -0.141836 0.273380
v 0.117114 -0.150024 0.261457
v 0.113125 -0.157390 0.249309
v 0.104970 -0.158215 0.262844
v 0.100540 -0.165411 0.250307
v 0.095444 -0.171672 0.237670
v 0.087394 -0.172507 0.251025
v 0.081872 -0.178450 0.238110
v 0.075736 -0.183376 0.225243
v 0.067829 -0.184201 0.238331
v 0.061306 -0.188681 0.225318
v 0.046515 -0.192871 0.225243
v 0.053396 -0.188891 0.238331
v 0.038654 -0.192493 0.238110
v 0.023691 -0.194987 0.237670
v 0.030694 -0.190930 0.251025
v 0.015887 -0.192917 0.250307
v 0.000992 -0.193824 0.249309
v 0.008074 -0.189698 0.262844
v -0.006565 -0.190210 0.261457
v -0.021169 -0.189693 0.259738
v -0.014043 -0.185522 0.273380
v -0.028301 -0.184747 0.271187
v -0.042411 -0.183009 0.268623
v -0.035273 -0.178830 0.282314
v -0.048962 -0.176993 0.279222
v -0.064423 -0.171970 0.279222
v -0.055279 -0.170130 0.289443
v -0.067064 -0.163842 0.293051
v -0.076578 -0.165410 0.282314
v -0.078528 -0.156769 0.296213
v -0.088349 -0.158021 0.284993
v -0.097685 -0.158345 0.273380
v -0.099678 -0.149841 0.287246
v -0.109166 -0.149765 0.275189
v -0.118034 -0.148723 0.262844
v -0.120077 -0.140403 0.276607
v -0.128937 -0.138900 0.263891
v -0.137058 -0.136424 0.251025
v -0.139143 -0.128324 0.264592
v -0.147103 -0.125351 0.251457
v -0.154225 -0.121431 0.238331
v -0.156325 -0.113577 0.251601
v -0.163146 -0.109153 0.238331
v -0.164673 -0.101168 0.251457
v -0.172100 -0.088193 0.251025
v -0.165041 -0.092678 0.264592
v -0.171945 -0.079704 0.263891
v -0.177919 -0.066299 0.262844
v -0.170637 -0.070813 0.276607
v -0.176169 -0.057543 0.275189
v -0.180781 -0.043973 0.273380
v -0.173310 -0.048496 0.287246
v -0.177588 -0.035194 0.284993
v -0.180978 -0.021715 0.282314
v -0.173362 -0.026240 0.296213
v -0.176546 -0.013152 0.293051
v -0.178885 -0.000000 0.289443
v -0.172273 -0.000000 0.301597
v -0.176546 0.013151 0.293051
v -0.180978 0.021715 0.282314
v -0.173362 0.026240 0.296213
v -0.177588 0.035194 0.284993
v -0.180781 0.043973 0.273380
v -0.173310 0.048496 0.287246
v -0.176169 0.057543 0.275189
v -0.177919 0.066299 0.262844
v -0.170637 0.070813 0.276607
v -0.171945 0.079704 0.263891
v -0.172100 0.088193 0.251025
v -0.165041 0.092678 0.264592
v -0.164673 0.101168 0.251457
v -0.163146 0.109153 0.238331
v -0.156325 0.113577 0.251601
v -0.154225 0.121431 0.238331
v -0.147103 0.125351 0.251457
v -0.137058 0.136424 0.251025
v -0.139143 0.128324 0.264592
v -0.128937 0.138900 0.263891
v -0.118034 0.148723 0.262844
v -0.120077 0.140403 0.276607
v -0.109166 0.149765 0.275189
v -0.097685 0.158345 0.273380
v -0.099678 0.149841 0.287246
v -0.088349 0.158021 0.284993
v -0.076578 0.165410 0.282314
v -0.078528 0.156769 0.296213
v -0.067064 0.163841 0.293051
v -0.055279 0.170130 0.289443
v -0.053235 0.163841 0.301597
v -0.042048 0.171970 0.293051
v -0.035273 0.178830 0.282314
v -0.028616 0.172986 0.296213
v -0.021406 0.179772 0.284993
v -0.014044 0.185522 0.273380
v -0.007433 0.179814 0.287246
v 0.000288 0.185328 0.275189
v 0.008074 0.189698 0.262844
v 0.014617 0.184168 0.276607
v 0.022669 0.188160 0.263891
v 0.030694 0.190930 0.251025
v 0.037142 0.185603 0.264592
v 0.045329 0.187876 0.251457
v 0.053396 0.188891 0.238331
v 0.059711 0.183771 0.251601
v 0.067829 0.184201 0.238331
v 0.073759 0.178639 0.251457
v 0.087394 0.172507 0.251025
v 0.079046 0.171987 0.264592
v 0.092258 0.165549 0.263891
v 0.104970 0.158215 0.262844
v 0.096426 0.157587 0.276607
v 0.108700 0.150103 0.275189
v 0.120408 0.141836 0.273380
v 0.111705 0.141103 0.287246
v 0.122985 0.132856 0.284993
v 0.133650 0.123944 0.282314
v 0.124829 0.123128 0.296213
v 0.135099 0.114411 0.293051
v 0.144721 0.105146 0.289443
v 0.139372 0.101260 0.301597
v 0.150559 0.093132 0.293051
v 0.159178 0.088808 0.282314
v 0.155676 0.080671 0.296213
v 0.164359 0.075911 0.284993
v 0.172102 0.070685 0.273380
v 0.168716 0.062635 0.287246
v 0.176346 0.056996 0.275189
v 0.182909 0.050941 0.262844
v 0.179671 0.043009 0.276607
v 0.185955 0.036585 0.263891
v 0.191070 0.029809 0.251025
v 0.187996 0.022030 0.264592
v 0.192688 0.014946 0.251457
v 0.196146 0.007588 0.238331
v 0.193229 -0.000000 0.251601
v 0.196146 -0.007588 0.238331
v 0.192688 -0.014946 0.251457
v 0.191070 -0.029809 0.251025
v 0.187996 -0.022030 0.264592
v 0.185956 -0.036585 0.263891
v 0.182909 -0.050941 0.262844
v 0.179671 -0.043009 0.276607
v 0.176346 -0.056996 0.275189
v 0.172102 -0.070685 0.273380
v 0.168716 -0.062635 0.287246
v 0.164359 -0.075911 0.284993
v 0.159178 -0.088808 0.282314
v 0.155676 -0.080671 0.296213
v 0.150559 -0.093132 0.293051
v 0.153200 -0.101260 0.279222
v 0.144721 -0.105146 0.289443
v 0.135099 -0.114411 0.293051
v 0.139372 -0.101260 0.301597
v 0.129210 -0.110280 0.305561
v 0.124829 -0.123128 0.296213
v 0.122986 -0.132856 0.284993
v 0.113963 -0.131256 0.298916
v 0.111705 -0.141103 0.287246
v 0.108700 -0.150103 0.275189
v 0.099865 -0.148643 0.289062
v 0.096426 -0.157587 0.276607
v 0.092258 -0.165549 0.263891
v 0.083648 -0.164248 0.277625
v 0.079046 -0.171987 0.264592
v 0.073759 -0.178639 0.251457
v 0.065407 -0.177494 0.264944
v 0.059711 -0.183771 0.251601
v 0.045329 -0.187876 0.251457
v 0.051413 -0.182041 0.264944
v 0.037142 -0.185603 0.264592
v 0.022669 -0.188160 0.263891
v 0.028870 -0.182047 0.277625
v 0.014617 -0.184168 0.276607
v 0.000288 -0.185328 0.275189
v 0.006578 -0.178954 0.289062
v -0.007433 -0.179814 0.287246
v -0.021406 -0.179772 0.284993
v -0.015047 -0.173174 0.298916
v -0.028616 -0.172986 0.296213
v -0.042048 -0.171970 0.293051
v -0.039713 -0.165166 0.305561
v -0.053235 -0.163842 0.301597
v -0.050937 -0.156769 0.313265
v -0.064954 -0.156964 0.305561
v -0.062540 -0.149275 0.317497
v -0.076347 -0.149301 0.308997
v -0.089616 -0.148945 0.298916
v -0.087358 -0.140890 0.311887
v -0.100275 -0.140409 0.301144
v -0.110508 -0.140911 0.289062
v -0.110454 -0.131201 0.302889
v -0.120785 -0.131275 0.290432
v -0.130361 -0.130309 0.277625
v -0.130456 -0.120981 0.291350
v -0.139965 -0.119535 0.278237
v -0.148595 -0.117054 0.264944
v -0.148839 -0.108138 0.278442
v -0.157244 -0.105151 0.264944
v -0.156936 -0.096176 0.278237
v -0.164215 -0.083713 0.277625
v -0.155373 -0.086686 0.291350
v -0.162174 -0.074307 0.290432
v -0.168163 -0.061556 0.289062
v -0.158912 -0.064505 0.302889
v -0.164524 -0.051978 0.301144
v -0.169348 -0.039203 0.298916
v -0.160989 -0.039545 0.311887
v -0.165586 -0.026474 0.308997
v -0.169354 -0.013270 0.305561
v -0.161295 -0.013351 0.317497
v -0.164836 -0.000000 0.313265
v -0.169354 0.013270 0.305561
v -0.161295 0.013351 0.317497
v -0.165586 0.026474 0.308997
v -0.169348 0.039203 0.298916
v -0.160989 0.039545 0.311887
v -0.164524 0.051978 0.301144
v -0.168163 0.061556 0.289062
v -0.158912 0.064505 0.302889
v -0.162174 0.074307 0.290432
v -0.164215 0.083713 0.277625
v -0.155373 0.086686 0.291350
v -0.156936 0.096176 0.278237
v -0.157244 0.105151 0.264944
v -0.148839 0.108138 0.278442
v -0.148595 0.117054 0.264944
v -0.139965 0.119535 0.278237
v -0.130361 0.130309 0.277625
v -0.130456 0.120981 0.291350
v -0.120785 0.131275 0.290432
v -0.110508 0.140911 0.289062
v -0.110454 0.131201 0.302889
v -0.100275 0.140409 0.301144
v -0.089616 0.148945 0.298916
v -0.087358 0.140890 0.311887
v -0.076347 0.149301 0.308997
v -0.064954 0.156964 0.305561
v -0.062540 0.149275 0.317497
v -0.050937 0.156769 0.313265
v -0.039713 0.165166 0.305561
v -0.037146 0.157527 0.317497
v -0.025991 0.165663 0.308997
v -0.015047 0.173174 0.298916
v -0.012139 0.165330 0.311887
v -0.001406 0.172534 0.301144
v 0.006578 0.178954 0.289062
v 0.012241 0.171067 0.302889
v 0.020555 0.177199 0.290432
v 0.028870 0.182047 0.277625
v 0.034430 0.174556 0.291350
v 0.042973 0.178975 0.278237
v 0.051413 0.182041 0.264944
v 0.056851 0.174971 0.278442
v 0.065407 0.177494 0.264944
v 0.070433 0.170053 0.278237
v 0.083648 0.164248 0.277625
v 0.074747 0.161456 0.291350
v 0.087525 0.155439 0.290432
v 0.099865 0.148643 0.289062
v 0.090647 0.145592 0.302889
v 0.102550 0.138756 0.301144
v 0.113963 0.131256 0.298916
v 0.106999 0.126620 0.311887
v 0.118401 0.118747 0.308997
v 0.129210 0.110279 0.305561
v 0.122643 0.105608 0.317497
v 0.133355 0.096888 0.313265
v 0.144810 0.088808 0.305561
v 0.138338 0.084006 0.317497
v 0.149523 0.075911 0.308997
v 0.160049 0.067824 0.298916
v 0.153487 0.062635 0.311887
v 0.163655 0.054653 0.301144
v 0.172228 0.049044 0.289062
v 0.166478 0.041221 0.302889
v 0.174878 0.035208 0.290432
v 0.182058 0.028798 0.277625
v 0.176652 0.021196 0.291350
v 0.183495 0.014437 0.278237
v 0.189019 0.007357 0.264944
v 0.183975 -0.000000 0.278442
v 0.189019 -0.007357 0.264944
v 0.183495 -0.014437 0.278237
v 0.182058 -0.028798 0.277625
v 0.176652 -0.021196 0.291350
v 0.174878 -0.035208 0.290432
v 0.172228 -0.049044 0.289062
v 0.166478 -0.041221 0.302889
v 0.163655 -0.054653 0.301144
v 0.160049 -0.067825 0.298916
v 0.153487 -0.062635 0.311887
v 0.149523 -0.075911 0.308997
v 0.144810 -0.088808 0.305561
v 0.138338 -0.084006 0.317497
v 0.133355 -0.096888 0.313265
v 0.126700 -0.092053 0.324391
v 0.122643 -0.105608 0.317497
v 0.118401 -0.118747 0.308997
v 0.111291 -0.113777 0.321116
v 0.106999 -0.126620 0.311887
v 0.102550 -0.138756 0.301144
v 0.095061 -0.133859 0.314216
v 0.090647 -0.145592 0.302889
v 0.087525 -0.155439 0.290432
v 0.078311 -0.151731 0.304141
v 0.074747 -0.161456 0.291350
v 0.070433 -0.170053 0.278237
v 0.061594 -0.166665 0.291810
v 0.056851 -0.174971 0.278442
v 0.042973 -0.178976 0.278237
v 0.048133 -0.171039 0.291810
v 0.034430 -0.174556 0.291350
v 0.020556 -0.177199 0.290432
v 0.025830 -0.168782 0.304141
v 0.012241 -0.171067 0.302889
v -0.001406 -0.172534 0.301144
v 0.001774 -0.164169 0.314216
v -0.012139 -0.165330 0.311887
v -0.025991 -0.165663 0.308997
v -0.023160 -0.157463 0.321116
v -0.037146 -0.157527 0.317497
v -0.034357 -0.149101 0.328796
v -0.048395 -0.148945 0.324391
v -0.045622 -0.140409 0.334922
v -0.059844 -0.140820 0.328796
v -0.073817 -0.141003 0.321116
v -0.070969 -0.131933 0.332503
v -0.084709 -0.131996 0.324103
v -0.097931 -0.131773 0.314216
v -0.095158 -0.122299 0.326443
v -0.108014 -0.121997 0.315973
v -0.120105 -0.121365 0.304141
v -0.117556 -0.111609 0.317150
v -0.129181 -0.110948 0.304895
v -0.139474 -0.110082 0.291810
v -0.137638 -0.100000 0.305146
v -0.147794 -0.098631 0.291810
v -0.145437 -0.088573 0.304895
v -0.152539 -0.076723 0.304141
v -0.142473 -0.077314 0.317150
v -0.149404 -0.065029 0.315973
v -0.155586 -0.052418 0.314216
v -0.145719 -0.052709 0.326443
v -0.151712 -0.039774 0.324103
v -0.156913 -0.026632 0.321116
v -0.147406 -0.026726 0.332503
v -0.152421 -0.013399 0.328796
v -0.156610 -0.000000 0.324391
v -0.147635 -0.000000 0.334922
v -0.152421 0.013399 0.328796
v -0.156913 0.026632 0.321116
v -0.147406 0.026726 0.332503
v -0.151712 0.039774 0.324103
v -0.155586 0.052418 0.314216
v -0.145719 0.052709 0.326443
v -0.149404 0.065029 0.315973
v -0.152539 0.076723 0.304141
v -0.142473 0.077314 0.317150
v -0.145437 0.088573 0.304895
v -0.147794 0.098631 0.291810
v -0.137638 0.100000 0.305146
v -0.139474 0.110082 0.291810
v -0.129181 0.110948 0.304895
v -0.120105 0.121365 0.304141
v -0.117556 0.111609 0.317150
v -0.108014 0.121996 0.315973
v -0.097931 0.131773 0.314216
v -0.095159 0.122299 0.326443
v -0.084709 0.131995 0.324103
v -0.073817 0.141003 0.321116
v -0.070969 0.131933 0.332503
v -0.059844 0.140820 0.328796
v -0.048395 0.148945 0.324391
v -0.045622 0.140409 0.334922
v -0.034357 0.149101 0.328796
v -0.023160 0.157463 0.321116
v -0.020134 0.148450 0.332503
v -0.009054 0.156577 0.324103
v 0.001774 0.164169 0.314216
v 0.005099 0.154875 0.326443
v 0.015678 0.162186 0.315973
v 0.025830 0.168782 0.304141
v 0.029503 0.159391 0.317150
v 0.039296 0.165689 0.304895
v 0.048133 0.171039 0.291810
v 0.052573 0.161803 0.305146
v 0.061594 0.166665 0.291810
v 0.065599 0.157143 0.304895
v 0.078311 0.151730 0.304141
v 0.069819 0.146292 0.317150
v 0.082647 0.140427 0.315973
v 0.095061 0.133858 0.314216
v 0.086908 0.128294 0.326443
v 0.099359 0.121352 0.324103
v 0.111291 0.113777 0.321116
v 0.103545 0.108265 0.332503
v 0.115435 0.100431 0.328796
v 0.126700 0.092053 0.324391
v 0.119439 0.086778 0.334922
v 0.131187 0.078751 0.328796
v 0.142599 0.070685 0.321116
v 0.134963 0.065022 0.332503
v 0.146116 0.056996 0.324103
v 0.156682 0.049044 0.314216
v 0.148870 0.043009 0.326443
v 0.159093 0.035208 0.315973
v 0.168504 0.027590 0.304141
v 0.160707 0.021196 0.317150
v 0.169723 0.013828 0.304895
v 0.177541 0.007077 0.291810
v 0.170130 -0.000000 0.305146
v 0.177541 -0.007077 0.291810
v 0.169723 -0.013828 0.304895
v 0.168504 -0.027590 0.304141
v 0.160707 -0.021196 0.317150
v 0.159093 -0.035208 0.315973
v 0.156682 -0.049044 0.314216
v 0.148870 -0.043009 0.326443
v 0.146116 -0.056996 0.324103
v 0.142599 -0.070685 0.321116
v 0.134963 -0.065022 0.332503
v 0.131187 -0.078751 0.328796
v 0.123404 -0.073069 0.339400
v 0.119439 -0.086778 0.334922
v 0.115435 -0.100431 0.328796
v 0.107627 -0.094784 0.339400
v 0.103545 -0.108265 0.332503
v 0.099359 -0.121352 0.324103
v 0.091095 -0.115513 0.335494
v 0.086908 -0.128294 0.326443
v 0.082647 -0.140427 0.315973
v 0.074003 -0.134566 0.328123
v 0.069819 -0.146292 0.317150
v 0.065599 -0.157143 0.304895
v 0.056642 -0.151424 0.317739
v 0.052573 -0.161803 0.305146
v 0.039296 -0.165689 0.304895
v 0.043180 -0.155798 0.317739
v 0.029503 -0.159391 0.317150
v 0.015678 -0.162186 0.315973
v 0.019226 -0.152364 0.328123
v 0.005099 -0.154875 0.326443
v -0.009054 -0.156577 0.324103
v -0.005801 -0.146996 0.335494
v -0.020134 -0.148451 0.332503
v -0.016921 -0.138695 0.343099
v -0.031359 -0.139944 0.339400
v -0.028163 -0.130109 0.349260
v -0.042630 -0.131201 0.344807
v -0.056887 -0.131649 0.339400
v -0.053692 -0.121814 0.349260
v -0.067834 -0.122153 0.343099
v -0.081709 -0.122332 0.335494
v -0.078401 -0.111973 0.345998
v -0.092008 -0.112069 0.337751
v -0.105112 -0.111965 0.328123
v -0.101808 -0.101199 0.339262
v -0.114517 -0.101046 0.329134
v -0.126509 -0.100662 0.317739
v -0.123324 -0.089600 0.329472
v -0.134829 -0.089211 0.317739
v -0.131488 -0.077687 0.329134
v -0.138966 -0.065368 0.328123
v -0.127706 -0.065553 0.339262
v -0.135016 -0.052873 0.337751
v -0.141594 -0.039907 0.335494
v -0.130720 -0.039963 0.345998
v -0.137136 -0.026767 0.343099
v -0.142785 -0.013421 0.339400
v -0.132444 -0.013422 0.349260
v -0.137953 -0.000000 0.344807
v -0.142785 0.013421 0.339400
v -0.132444 0.013422 0.349260
v -0.137136 0.026767 0.343099
v -0.141594 0.039907 0.335494
v -0.130720 0.039963 0.345998
v -0.135016 0.052873 0.337751
v -0.138966 0.065368 0.328123
v -0.127706 0.065553 0.339262
v -0.131488 0.077687 0.329134
v -0.134829 0.089211 0.317739
v -0.123324 0.089600 0.329472
v -0.126509 0.100662 0.317739
v -0.114517 0.101046 0.329134
v -0.105112 0.111965 0.328123
v -0.101808 0.101199 0.339262
v -0.092008 0.112069 0.337751
v -0.081709 0.122332 0.335494
v -0.078401 0.111973 0.345998
v -0.067834 0.122153 0.343099
v -0.056887 0.131649 0.339400
v -0.053692 0.121814 0.349260
v -0.042630 0.131201 0.344807
v -0.031359 0.139944 0.339400
v -0.028163 0.130109 0.349260
v -0.016921 0.138695 0.343099
v -0.005801 0.146996 0.335494
v -0.002388 0.136671 0.345998
v 0.008563 0.144746 0.337751
v 0.019226 0.152364 0.328123
v 0.022881 0.141713 0.339262
v 0.033253 0.149059 0.329134
v 0.043181 0.155798 0.317739
v 0.047106 0.144976 0.329472
v 0.056642 0.151424 0.317739
v 0.060713 0.140137 0.329134
v 0.074003 0.134566 0.328123
v 0.064785 0.128097 0.339262
v 0.078152 0.122136 0.337751
v 0.091095 0.115513 0.335494
v 0.082265 0.109166 0.345998
v 0.095212 0.102261 0.343099
v 0.107627 0.094784 0.339400
v 0.099260 0.088707 0.349260
v 0.111606 0.081087 0.344807
v 0.123404 0.073069 0.339400
v 0.115038 0.066990 0.349260
v 0.126678 0.058952 0.343099
v 0.138009 0.050941 0.335494
v 0.129244 0.044505 0.345998
v 0.140308 0.036585 0.337751
v 0.150848 0.028798 0.328123
v 0.141848 0.022030 0.339262
v 0.152039 0.014437 0.329134
v 0.161516 0.007077 0.317739
v 0.152437 -0.000000 0.329472
v 0.161516 -0.007077 0.317739
v 0.152039 -0.014437 0.329134
v 0.150848 -0.028798 0.328123
v 0.141848 -0.022030 0.339262
v 0.140308 -0.036585 0.337751
v 0.138009 -0.050941 0.335494
v 0.129244 -0.044505 0.345998
v 0.126678 -0.058952 0.343099
v 0.117808 -0.052508 0.352853
v 0.115038 -0.066990 0.349260
v 0.111606 -0.081087 0.344807
v 0.103239 -0.075008 0.353998
v 0.099260 -0.088707 0.349260
v 0.095212 -0.102261 0.343099
v 0.086343 -0.095816 0.352853
v 0.082265 -0.109166 0.345998
v 0.078152 -0.122136 0.337751
v 0.068858 -0.115460 0.348080
v 0.064785 -0.128097 0.339262
v 0.060713 -0.140137 0.329134
v 0.051068 -0.133366 0.340020
v 0.047106 -0.144976 0.329472
v 0.033253 -0.149059 0.329134
v 0.037075 -0.137913 0.340020
v 0.022881 -0.141713 0.339262
v 0.008563 -0.144746 0.337751
v 0.012158 -0.133883 0.348080
v -0.002388 -0.136671 0.345998
v 0.001174 -0.125688 0.355567
v -0.013533 -0.128268 0.352853
v -0.009984 -0.117242 0.361724
v -0.024782 -0.119657 0.358329
v -0.039434 -0.121365 0.353998
v -0.036049 -0.110948 0.362453
v -0.050284 -0.111371 0.358329
v -0.064446 -0.111726 0.352853
v -0.060836 -0.100719 0.361724
v -0.074828 -0.100994 0.355567
v -0.088531 -0.101167 0.348080
v -0.084779 -0.089680 0.357385
v -0.098165 -0.089795 0.349334
v -0.111057 -0.089781 0.340020
v -0.107250 -0.077921 0.349752
v -0.119706 -0.077878 0.340020
v -0.115735 -0.065612 0.349334
v -0.123573 -0.052935 0.348080
v -0.111489 -0.052917 0.357385
v -0.119174 -0.039957 0.355567
v -0.126172 -0.026766 0.352853
v -0.114589 -0.026735 0.361724
v -0.121459 -0.013407 0.358329
v -0.127611 -0.000000 0.353998
v -0.116658 -0.000000 0.362453
v -0.121459 0.013407 0.358329
v -0.126172 0.026766 0.352853
v -0.114589 0.026735 0.361724
v -0.119174 0.039957 0.355567
v -0.123573 0.052935 0.348080
v -0.111489 0.052917 0.357385
v -0.115735 0.065612 0.349334
v -0.119706 0.077878 0.340020
v -0.107250 0.077921 0.349752
v -0.111057 0.089781 0.340020
v -0.098165 0.089795 0.349334
v -0.088531 0.101167 0.348080
v -0.084779 0.089680 0.357385
v -0.074828 0.100994 0.355567
v -0.064446 0.111726 0.352853
v -0.060836 0.100719 0.361724
v -0.050284 0.111371 0.358329
v -0.039434 0.121365 0.353998
v -0.036049 0.110948 0.362453
v -0.024782 0.119657 0.358329
v -0.013533 0.128268 0.352853
v -0.009984 0.117242 0.361724
v 0.001174 0.125688 0.355567
v 0.012158 0.133883 0.348080
v 0.015875 0.122385 0.357385
v 0.026637 0.130346 0.349334
v 0.037075 0.137912 0.340020
v 0.040966 0.126080 0.349752
v 0.051068 0.133366 0.340020
v 0.055066 0.121108 0.349334
v 0.068858 0.115460 0.348080
v 0.059093 0.108342 0.357385
v 0.072928 0.102374 0.355567
v 0.086343 0.095816 0.352853
v 0.076990 0.088982 0.361724
v 0.090382 0.082238 0.358329
v 0.103239 0.075008 0.353998
v 0.094378 0.068570 0.362453
v 0.106142 0.060545 0.358329
v 0.117808 0.052508 0.352853
v 0.108419 0.045725 0.361724
v 0.119900 0.037723 0.355567
v 0.131087 0.029809 0.348080
v 0.121301 0.022721 0.357385
v 0.132197 0.014946 0.349334
v 0.142619 0.007357 0.340020
v 0.132568 -0.000000 0.349752
v 0.142619 -0.007357 0.340020
v 0.132197 -0.014946 0.349334
v 0.131087 -0.029809 0.348080
v 0.121301 -0.022721 0.357385
v 0.119900 -0.037723 0.355567
v 0.110054 -0.030634 0.364164
v 0.108419 -0.045725 0.361724
v 0.106142 -0.060545 0.358329
v 0.096769 -0.053767 0.366568
v 0.094378 -0.068570 0.362453
v 0.090382 -0.082238 0.358329
v 0.081038 -0.075418 0.366568
v 0.076990 -0.088982 0.361724
v 0.072928 -0.102374 0.355567
v 0.063143 -0.095201 0.364164
v 0.059093 -0.108343 0.357385
v 0.055066 -0.121108 0.349334
v 0.044918 -0.113687 0.358296
v 0.040966 -0.126080 0.349752
v 0.026637 -0.130346 0.349334
v 0.030484 -0.118377 0.358296
v 0.015875 -0.122385 0.357385
v 0.019702 -0.110352 0.365633
v 0.004874 -0.114134 0.364164
v 0.008697 -0.102094 0.371759
v -0.006286 -0.105690 0.369676
v -0.021232 -0.108647 0.366568
v -0.017528 -0.097142 0.373943
v -0.032492 -0.100000 0.370130
v -0.046684 -0.100377 0.366568
v -0.042918 -0.088893 0.373943
v -0.057037 -0.089200 0.369676
v -0.071029 -0.089472 0.364164
v -0.067046 -0.077483 0.371759
v -0.080803 -0.077696 0.365633
v -0.094242 -0.077851 0.358296
v -0.090099 -0.065461 0.366124
v -0.103163 -0.065573 0.358296
v -0.098862 -0.052839 0.365633
v -0.107042 -0.039905 0.364164
v -0.094409 -0.039820 0.371759
v -0.102460 -0.026681 0.369676
v -0.109891 -0.013381 0.366568
v -0.097805 -0.013348 0.373943
v -0.105146 -0.000000 0.370130
v -0.109891 0.013381 0.366568
v -0.097805 0.013348 0.373943
v -0.102460 0.026681 0.369676
v -0.107042 0.039905 0.364164
v -0.094409 0.039820 0.371759
v -0.098862 0.052839 0.365633
v -0.103163 0.065573 0.358296
v -0.090099 0.065461 0.366124
v -0.094242 0.077851 0.358296
v -0.080803 0.077696 0.365633
v -0.071029 0.089472 0.364164
v -0.067046 0.077483 0.371759
v -0.057037 0.089200 0.369676
v -0.046684 0.100377 0.366568
v -0.042918 0.088893 0.373943
v -0.032492 0.100000 0.370130
v -0.021232 0.108647 0.366568
v -0.017528 0.097142 0.373943
v -0.006286 0.105690 0.369676
v 0.004874 0.114134 0.364164
v 0.008697 0.102094 0.371759
v 0.019702 0.110352 0.365633
v 0.030484 0.118377 0.358296
v 0.034415 0.105917 0.366124
v 0.044918 0.113687 0.358296
v 0.048923 0.100857 0.365633
v 0.063143 0.095201 0.364164
v 0.052973 0.087708 0.371759
v 0.067209 0.081810 0.369676
v 0.081038 0.075418 0.366568
v 0.071280 0.068287 0.373943
v 0.085065 0.061803 0.370130
v 0.096769 0.053767 0.366568
v 0.086971 0.046689 0.373943
v 0.098575 0.038639 0.369676
v 0.110054 0.030634 0.364164
v 0.099784 0.023277 0.371759
v 0.111039 0.015362 0.365633
v 0.122003 0.007588 0.358296
v 0.111368 -0.000000 0.366124
v 0.122003 -0.007588 0.358296
v 0.111039 -0.015362 0.365633
v 0.100391 -0.007775 0.372804
v 0.099784 -0.023277 0.371759
v 0.098575 -0.038639 0.369676
v 0.088342 -0.031287 0.376683
v 0.086971 -0.046689 0.373943
v 0.085065 -0.061803 0.370130
v 0.075345 -0.054741 0.376993
v 0.071280 -0.068287 0.373943
v 0.067209 -0.081810 0.369676
v 0.057055 -0.074350 0.376683
v 0.052973 -0.087708 0.371759
v 0.048923 -0.100857 0.365633
v 0.038417 -0.093075 0.372804
v 0.034415 -0.105917 0.366124
v 0.023628 -0.097880 0.372804
v 0.027639 -0.085065 0.378885
v 0.012630 -0.089652 0.378334
v -0.002457 -0.093686 0.376683
v 0.001489 -0.081303 0.382723
v -0.013688 -0.085205 0.380424
v -0.028779 -0.088573 0.376993
v -0.024929 -0.076723 0.383009
v -0.039009 -0.076978 0.380424
v -0.053080 -0.077237 0.376683
v -0.048993 -0.064900 0.382723
v -0.062914 -0.065106 0.378334
v -0.076649 -0.065298 0.372804
v -0.072361 -0.052573 0.378885
v -0.085788 -0.052719 0.372804
v -0.081361 -0.039716 0.378334
v -0.089860 -0.026614 0.376683
v -0.076864 -0.026540 0.382723
v -0.085265 -0.013312 0.380424
v -0.093132 -0.000000 0.376993
v -0.080671 -0.000000 0.383009
v -0.085265 0.013312 0.380424
v -0.089860 0.026614 0.376683
v -0.076864 0.026540 0.382723
v -0.081361 0.039716 0.378334
v -0.085788 0.052719 0.372804
v -0.072361 0.052573 0.378885
v -0.076649 0.065298 0.372804
v -0.062914 0.065106 0.378334
v -0.053080 0.077237 0.376683
v -0.048993 0.064900 0.382723
v -0.039009 0.076978 0.380424
v -0.028779 0.088573 0.376993
v -0.024929 0.076723 0.383009
v -0.013688 0.085205 0.380424
v -0.002457 0.093686 0.376683
v 0.001489 0.081303 0.382723
v 0.012630 0.089652 0.378334
v 0.023628 0.097880 0.372804
v 0.027639 0.085065 0.378885
v 0.038417 0.093075 0.372804
v 0.042478 0.079954 0.378334
v 0.057055 0.074350 0.376683
v 0.046584 0.066651 0.382723
v 0.061156 0.060887 0.380424
v 0.075345 0.054741 0.376993
v 0.065264 0.047417 0.383009
v 0.076805 0.039348 0.380424
v 0.088342 0.031287 0.376683
v 0.077784 0.023708 0.382723
v 0.089167 0.015692 0.378334
v 0.100391 0.007775 0.372804
v 0.089443 -0.000000 0.378885
v 0.089167 -0.015692 0.378334
v 0.078275 -0.007919 0.383876
v 0.077784 -0.023708 0.382723
v 0.076805 -0.039348 0.380424
v 0.066326 -0.031780 0.385986
v 0.065264 -0.047417 0.383009
v 0.061156 -0.060887 0.380424
v 0.050721 -0.053259 0.385986
v 0.046584 -0.066651 0.382723
v 0.042478 -0.079954 0.378334
v 0.031720 -0.071997 0.383876
v 0.016657 -0.076891 0.383876
v 0.020760 -0.063892 0.388380
v 0.005533 -0.068614 0.387780
v -0.009729 -0.072900 0.385986
v -0.005669 -0.060292 0.390611
v -0.020959 -0.064505 0.388148
v -0.034979 -0.064696 0.385986
v -0.030853 -0.052110 0.390611
v -0.044807 -0.052258 0.387780
v -0.058671 -0.052416 0.383876
v -0.054350 -0.039487 0.388380
v -0.067981 -0.039602 0.383876
v -0.063546 -0.026465 0.387780
v -0.072339 -0.013275 0.385986
v -0.059093 -0.013240 0.390611
v -0.067825 -0.000000 0.388148
v -0.072339 0.013275 0.385986
v -0.059093 0.013240 0.390611
v -0.063546 0.026465 0.387780
v -0.067981 0.039602 0.383876
v -0.054349 0.039487 0.388380
v -0.058671 0.052416 0.383876
v -0.044807 0.052258 0.387780
v -0.034979 0.064696 0.385986
v -0.030853 0.052110 0.390611
v -0.020959 0.064505 0.388148
v -0.009729 0.072900 0.385986
v -0.005669 0.060292 0.390611
v 0.005533 0.068614 0.387780
v 0.016657 0.076891 0.383876
v 0.020760 0.063892 0.388380
v 0.031720 0.071997 0.383876
v 0.035854 0.058762 0.387780
v 0.050721 0.053259 0.385986
v 0.040025 0.045445 0.390611
v 0.054871 0.039866 0.388148
v 0.066326 0.031780 0.385986
v 0.055589 0.024023 0.390611
v 0.066966 0.015941 0.387780
v 0.078275 0.007919 0.383876
v 0.067180 -0.000000 0.388380
v 0.066966 -0.015941 0.387780
v 0.055950 -0.008025 0.391847
v 0.055589 -0.024023 0.390611
v 0.054871 -0.039866 0.388148
v 0.044215 -0.032124 0.392388
v 0.040025 -0.045445 0.390611
v 0.035854 -0.058762 0.387780
v 0.024922 -0.050732 0.391847
v 0.009657 -0.055691 0.391847
v 0.013843 -0.042605 0.394918
v -0.001528 -0.047446 0.394285
v -0.016889 -0.051978 0.392388
v -0.012738 -0.039203 0.395706
v -0.026652 -0.039282 0.394285
v -0.040547 -0.039379 0.391847
v -0.036242 -0.026331 0.394918
v -0.049981 -0.026394 0.391847
v -0.045596 -0.013209 0.394285
v -0.054653 -0.000000 0.392388
v -0.041221 -0.000000 0.395706
v -0.045596 0.013208 0.394285
v -0.049981 0.026394 0.391847
v -0.036242 0.026331 0.394918
v -0.040547 0.039379 0.391847
v -0.026652 0.039282 0.394285
v -0.016889 0.051978 0.392388
v -0.012738 0.039203 0.395706
v -0.001528 0.047446 0.394285
v 0.009657 0.055691 0.391847
v 0.013843 0.042605 0.394918
v 0.024922 0.050732 0.391847
v 0.029124 0.037486 0.394285
v 0.044215 0.032124 0.392388
v 0.033348 0.024229 0.395706
v 0.044651 0.016115 0.394285
v 0.055950 0.008025 0.391847
v 0.044797 -0.000000 0.394918
v 0.044651 -0.016115 0.394285
v 0.033568 -0.008094 0.396997
v 0.033348 -0.024229 0.395706
v 0.029124 -0.037486 0.394285
v 0.018071 -0.029424 0.396997
v 0.002675 -0.034426 0.396997
v 0.006920 -0.021299 0.398742
v -0.008526 -0.026240 0.398088
v -0.022400 -0.026279 0.396997
v -0.018118 -0.013163 0.398742
v -0.031915 -0.013183 0.396997
v -0.027590 -0.000000 0.398088
v -0.031915 0.013183 0.396997
v -0.018118 0.013163 0.398742
v -0.022400 0.026279 0.396997
v -0.008526 0.026240 0.398088
v 0.002675 0.034426 0.396997
v 0.006920 0.021299 0.398742
v 0.018071 0.029424 0.396997
v 0.022321 0.016217 0.398088
v 0.033568 0.008094 0.396997
v 0.022395 -0.000000 0.398742
v 0.022321 -0.016217 0.398088
v 0.011187 -0.008128 0.399521
v -0.004273 -0.013152 0.399521
v 0.000000 -0.000000 0.400000
v -0.013828 -0.000000 0.399521
v -0.004273 0.013151 0.399521
v 0.011187 0.008128 0.399521
vn 0.0346 0.0251 -0.9991
vn -0.0132 0.0407 -0.9991
vn -0.0427 0.0000 -0.9991
vn -0.0132 -0.0406 -0.9991
vn -0.0214 -0.0660 -0.9976
vn -0.0690 -0.0812 -0.9943
vn -0.0985 -0.0406 -0.9943
vn -0.1255 -0.0406 -0.9913
vn -0.1544 0.0000 -0.9880
vn -0.1255 0.0406 -0.9913
vn -0.0985 0.0406 -0.9943
vn -0.0690 0.0812 -0.9943
vn -0.0774 0.1068 -0.9913
vn -0.0477 0.1468 -0.9880
vn -0.0002 0.1319 -0.9913
vn 0.0081 0.1063 -0.9943
vn 0.0559 0.0907 -0.9943
vn 0.0777 0.1066 -0.9913
vn 0.1249 0.0907 -0.9880
vn 0.1254 0.0409 -0.9913
vn 0.1036 0.0251 -0.9943
vn 0.1036 -0.0251 -0.9943
vn 0.0561 -0.0408 -0.9976
vn 0.0559 -0.0908 -0.9943
vn 0.0777 -0.1066 -0.9913
vn 0.0770 -0.1559 -0.9848
vn 0.0293 -0.1714 -0.9848
vn -0.0002 -0.1319 -0.9913
vn -0.0477 -0.1468 -0.9880
vn -0.0562 -0.1731 -0.9833
vn -0.1032 -0.1871 -0.9769
vn -0.1329 -0.1474 -0.9801
vn -0.1245 -0.1214 -0.9848
vn -0.1793 -0.1612 -0.9705
vn -0.2087 -0.1207 -0.9705
vn -0.1813 -0.0809 -0.9801
vn -0.2099 -0.0403 -0.9769
vn -0.2382 -0.0403 -0.9704
vn -0.2655 0.0000 -0.9641
vn -0.2382 0.0403 -0.9704
vn -0.2099 0.0403 -0.9769
vn -0.1813 0.0809 -0.9801
vn -0.2087 0.1207 -0.9705
vn -0.1793 0.1612 -0.9705
vn -0.1329 0.1474 -0.9801
vn -0.1032 0.1871 -0.9769
vn -0.1120 0.2141 -0.9704
vn -0.0820 0.2525 -0.9641
vn -0.0353 0.2391 -0.9704
vn -0.0265 0.2120 -0.9769
vn 0.0209 0.1974 -0.9801
vn 0.0503 0.2358 -0.9705
vn 0.0979 0.2203 -0.9705
vn 0.0991 0.1720 -0.9801
vn 0.1461 0.1560 -0.9769
vn 0.1690 0.1727 -0.9704
vn 0.2148 0.1561 -0.9641
vn 0.2165 0.1074 -0.9704
vn 0.1935 0.0907 -0.9769
vn 0.1942 0.0411 -0.9801
vn 0.2397 0.0250 -0.9705
vn 0.2397 -0.0250 -0.9705
vn 0.1942 -0.0411 -0.9801
vn 0.1721 -0.0251 -0.9848
vn 0.1935 -0.0907 -0.9769
vn 0.1472 -0.1070 -0.9833
vn 0.1461 -0.1560 -0.9769
vn 0.1690 -0.1727 -0.9704
vn 0.1671 -0.2205 -0.9610
vn 0.1204 -0.2366 -0.9641
vn 0.0979 -0.2203 -0.9705
vn 0.0503 -0.2358 -0.9705
vn 0.0417 -0.2622 -0.9641
vn -0.0056 -0.2766 -0.9610
vn -0.0353 -0.2391 -0.9704
vn -0.0820 -0.2525 -0.9641
vn -0.0911 -0.2806 -0.9555
vn -0.1371 -0.2927 -0.9463
vn -0.1671 -0.2548 -0.9524
vn -0.1581 -0.2270 -0.9610
vn -0.2120 -0.2663 -0.9403
vn -0.2419 -0.2272 -0.9433
vn -0.2331 -0.2002 -0.9516
vn -0.2625 -0.1598 -0.9516
vn -0.2909 -0.1598 -0.9433
vn -0.3188 -0.1194 -0.9403
vn -0.2940 -0.0802 -0.9524
vn -0.3207 -0.0399 -0.9463
vn -0.3513 -0.0399 -0.9354
vn -0.3761 0.0000 -0.9266
vn -0.3513 0.0399 -0.9354
vn -0.3207 0.0399 -0.9463
vn -0.2940 0.0802 -0.9524
vn -0.3188 0.1194 -0.9403
vn -0.2909 0.1598 -0.9433
vn -0.2625 0.1598 -0.9516
vn -0.2331 0.2002 -0.9516
vn -0.2419 0.2272 -0.9433
vn -0.2120 0.2663 -0.9403
vn -0.1671 0.2548 -0.9524
vn -0.1371 0.2927 -0.9463
vn -0.1465 0.3217 -0.9354
vn -0.1162 0.3577 -0.9266
vn -0.0706 0.3464 -0.9354
vn -0.0611 0.3173 -0.9463
vn -0.0146 0.3044 -0.9524
vn 0.0150 0.3401 -0.9403
vn 0.0621 0.3260 -0.9433
vn 0.0709 0.2990 -0.9516
vn 0.1184 0.2836 -0.9516
vn 0.1414 0.3003 -0.9433
vn 0.1878 0.2840 -0.9403
vn 0.1907 0.2377 -0.9524
vn 0.2360 0.2208 -0.9463
vn 0.2607 0.2387 -0.9354
vn 0.3043 0.2211 -0.9266
vn 0.3076 0.1742 -0.9354
vn 0.2829 0.1562 -0.9463
vn 0.2850 0.1079 -0.9524
vn 0.3281 0.0908 -0.9403
vn 0.3293 0.0417 -0.9433
vn 0.3063 0.0250 -0.9516
vn 0.3063 -0.0250 -0.9516
vn 0.3293 -0.0417 -0.9433
vn 0.3281 -0.0908 -0.9403
vn 0.2850 -0.1079 -0.9524
vn 0.2613 -0.0908 -0.9610
vn 0.2829 -0.1562 -0.9463
vn 0.2387 -0.1734 -0.9555
vn 0.2360 -0.2207 -0.9463
vn 0.2607 -0.2387 -0.9354
vn 0.2569 -0.2845 -0.9236
vn 0.2121 -0.3017 -0.9295
vn 0.1877 -0.2840 -0.9403
vn 0.1414 -0.3003 -0.9433
vn 0.1384 -0.3455 -0.9282
vn 0.0911 -0.3609 -0.9282
vn 0.0621 -0.3260 -0.9433
vn 0.0150 -0.3401 -0.9403
vn 0.0057 -0.3687 -0.9295
vn -0.0406 -0.3811 -0.9236
vn -0.0706 -0.3464 -0.9354
vn -0.1162 -0.3577 -0.9266
vn -0.1261 -0.3880 -0.9130
vn -0.1704 -0.3975 -0.9016
vn -0.2009 -0.3623 -0.9102
vn -0.1911 -0.3322 -0.9236
vn -0.2441 -0.3709 -0.8960
vn -0.2744 -0.3341 -0.9017
vn -0.2649 -0.3048 -0.9148
vn -0.2948 -0.2660 -0.9178
vn -0.3370 -0.2756 -0.9003
vn -0.3662 -0.2354 -0.9003
vn -0.3441 -0.1981 -0.9178
vn -0.3717 -0.1578 -0.9149
vn -0.4026 -0.1577 -0.9017
vn -0.4282 -0.1175 -0.8960
vn -0.4066 -0.0791 -0.9102
vn -0.4307 -0.0393 -0.9016
vn -0.4638 -0.0393 -0.8851
vn -0.4856 0.0000 -0.8742
vn -0.4638 0.0393 -0.8851
vn -0.4307 0.0393 -0.9016
vn -0.4066 0.0791 -0.9102
vn -0.4282 0.1175 -0.8960
vn -0.4026 0.1577 -0.9017
vn -0.3717 0.1578 -0.9149
vn -0.3441 0.1981 -0.9178
vn -0.3662 0.2354 -0.9003
vn -0.3370 0.2756 -0.9003
vn -0.2948 0.2660 -0.9178
vn -0.2649 0.3048 -0.9148
vn -0.2744 0.3341 -0.9017
vn -0.2441 0.3709 -0.8960
vn -0.2009 0.3623 -0.9102
vn -0.1704 0.3975 -0.9016
vn -0.1806 0.4290 -0.8851
vn -0.1501 0.4618 -0.8742
vn -0.1060 0.4532 -0.8851
vn -0.0958 0.4218 -0.9016
vn -0.0504 0.4112 -0.9102
vn -0.0206 0.4436 -0.8960
vn 0.0256 0.4316 -0.9017
vn 0.0352 0.4023 -0.9149
vn 0.0821 0.3885 -0.9178
vn 0.1107 0.4211 -0.9003
vn 0.1579 0.4057 -0.9003
vn 0.1619 0.3625 -0.9178
vn 0.2080 0.3461 -0.9149
vn 0.2330 0.3642 -0.9017
vn 0.2773 0.3468 -0.8960
vn 0.2825 0.3030 -0.9102
vn 0.3254 0.2849 -0.9016
vn 0.3521 0.3044 -0.8851
vn 0.3929 0.2854 -0.8742
vn 0.3983 0.2408 -0.8851
vn 0.3716 0.2214 -0.9016
vn 0.3755 0.1750 -0.9102
vn 0.4155 0.1566 -0.8960
vn 0.4184 0.1090 -0.9017
vn 0.3934 0.0909 -0.9148
vn 0.3948 0.0420 -0.9178
vn 0.4346 0.0248 -0.9003
vn 0.4346 -0.0248 -0.9003
vn 0.3948 -0.0420 -0.9178
vn 0.3934 -0.0909 -0.9148
vn 0.4184 -0.1090 -0.9017
vn 0.4155 -0.1566 -0.8960
vn 0.3755 -0.1750 -0.9102
vn 0.3499 -0.1564 -0.9236
vn 0.3716 -0.2214 -0.9016
vn 0.3301 -0.2398 -0.9130
vn 0.3254 -0.2849 -0.9016
vn 0.3521 -0.3044 -0.8851
vn 0.3461 -0.3474 -0.8715
vn 0.3037 -0.3659 -0.8797
vn 0.2773 -0.3468 -0.8960
vn 0.2330 -0.3642 -0.9017
vn 0.2277 -0.4065 -0.8848
vn 0.1819 -0.4231 -0.8876
vn 0.1579 -0.4057 -0.9003
vn 0.1107 -0.4211 -0.9003
vn 0.1015 -0.4492 -0.8876
vn 0.0548 -0.4628 -0.8848
vn 0.0256 -0.4316 -0.9017
vn -0.0206 -0.4436 -0.8960
vn -0.0306 -0.4745 -0.8797
vn -0.0758 -0.4845 -0.8715
vn -0.1060 -0.4532 -0.8851
vn -0.1501 -0.4618 -0.8742
vn -0.1606 -0.4944 -0.8543
vn -0.2032 -0.5009 -0.8413
vn -0.2340 -0.4689 -0.8517
vn -0.2235 -0.4365 -0.8715
vn -0.2751 -0.4743 -0.8363
vn -0.3059 -0.4404 -0.8441
vn -0.2956 -0.4086 -0.8635
vn -0.3261 -0.3723 -0.8689
vn -0.3660 -0.3784 -0.8502
vn -0.3959 -0.3403 -0.8529
vn -0.3866 -0.3115 -0.8681
vn -0.4157 -0.2714 -0.8681
vn -0.4459 -0.2714 -0.8529
vn -0.4730 -0.2312 -0.8502
vn -0.4548 -0.1951 -0.8690
vn -0.4800 -0.1549 -0.8635
vn -0.5134 -0.1549 -0.8441
vn -0.5361 -0.1150 -0.8363
vn -0.5182 -0.0776 -0.8517
vn -0.5392 -0.0384 -0.8413
vn -0.5744 -0.0384 -0.8177
vn -0.5928 0.0000 -0.8054
vn -0.5744 0.0384 -0.8177
vn -0.5392 0.0384 -0.8413
vn -0.5182 0.0776 -0.8517
vn -0.5361 0.1150 -0.8363
vn -0.5134 0.1549 -0.8441
vn -0.4800 0.1549 -0.8635
vn -0.4548 0.1951 -0.8690
vn -0.4730 0.2312 -0.8502
vn -0.4459 0.2714 -0.8529
vn -0.4157 0.2714 -0.8681
vn -0.3866 0.3115 -0.8681
vn -0.3959 0.3403 -0.8529
vn -0.3660 0.3784 -0.8502
vn -0.3261 0.3723 -0.8689
vn -0.2956 0.4086 -0.8635
vn -0.3059 0.4404 -0.8441
vn -0.2751 0.4743 -0.8363
vn -0.2340 0.4689 -0.8517
vn -0.2032 0.5009 -0.8413
vn -0.2141 0.5344 -0.8177
vn -0.1832 0.5638 -0.8054
vn -0.1410 0.5582 -0.8177
vn -0.1301 0.5247 -0.8413
vn -0.0863 0.5169 -0.8517
vn -0.0562 0.5454 -0.8363
vn -0.0113 0.5361 -0.8441
vn -0.0010 0.5043 -0.8635
vn 0.0450 0.4928 -0.8690
vn 0.0737 0.5213 -0.8502
vn 0.1203 0.5080 -0.8529
vn 0.1296 0.4792 -0.8681
vn 0.1768 0.4639 -0.8681
vn 0.2013 0.4817 -0.8529
vn 0.2468 0.4650 -0.8502
vn 0.2533 0.4251 -0.8690
vn 0.2973 0.4074 -0.8635
vn 0.3243 0.4270 -0.8441
vn 0.3661 0.4082 -0.8363
vn 0.3736 0.3674 -0.8517
vn 0.4136 0.3480 -0.8413
vn 0.4421 0.3687 -0.8176
vn 0.4796 0.3484 -0.8054
vn 0.4873 0.3065 -0.8177
vn 0.4588 0.2858 -0.8413
vn 0.4649 0.2418 -0.8517
vn 0.5013 0.2220 -0.8363
vn 0.5063 0.1765 -0.8441
vn 0.4793 0.1568 -0.8635
vn 0.4826 0.1095 -0.8690
vn 0.5185 0.0910 -0.8502
vn 0.5203 0.0426 -0.8529
vn 0.4959 0.0248 -0.8680
vn 0.4959 -0.0248 -0.8680
vn 0.5203 -0.0426 -0.8529
vn 0.5185 -0.0910 -0.8502
vn 0.4826 -0.1095 -0.8690
vn 0.4793 -0.1568 -0.8635
vn 0.5063 -0.1765 -0.8441
vn 0.5013 -0.2220 -0.8363
vn 0.4649 -0.2418 -0.8517
vn 0.4374 -0.2218 -0.8715
vn 0.4588 -0.2858 -0.8413
vn 0.4205 -0.3056 -0.8543
vn 0.4136 -0.3480 -0.8413
vn 0.4421 -0.3687 -0.8176
vn 0.4337 -0.4088 -0.8030
vn 0.3943 -0.4287 -0.8129
vn 0.3661 -0.4082 -0.8363
vn 0.3243 -0.4270 -0.8441
vn 0.3165 -0.4660 -0.8262
vn 0.2729 -0.4840 -0.8314
vn 0.2468 -0.4650 -0.8502
vn 0.2013 -0.4817 -0.8529
vn 0.1949 -0.5199 -0.8317
vn 0.1479 -0.5352 -0.8317
vn 0.1203 -0.5080 -0.8529
vn 0.0737 -0.5212 -0.8502
vn 0.0637 -0.5520 -0.8314
vn 0.0179 -0.5631 -0.8262
vn -0.0113 -0.5361 -0.8441
vn -0.0563 -0.5454 -0.8363
vn -0.0670 -0.5785 -0.8129
vn -0.1106 -0.5856 -0.8030
vn -0.1410 -0.5582 -0.8177
vn -0.1832 -0.5638 -0.8054
vn -0.1943 -0.5980 -0.7776
vn -0.2347 -0.6014 -0.7637
vn -0.2658 -0.5729 -0.7754
vn -0.2548 -0.5387 -0.8030
vn -0.3045 -0.5750 -0.7594
vn -0.3358 -0.5443 -0.7687
vn -0.3249 -0.5107 -0.7960
vn -0.3559 -0.4773 -0.8034
vn -0.3932 -0.4799 -0.7843
vn -0.4238 -0.4443 -0.7893
vn -0.4137 -0.4132 -0.8112
vn -0.4437 -0.3753 -0.8138
vn -0.4797 -0.3790 -0.7914
vn -0.5087 -0.3391 -0.7914
vn -0.4940 -0.3060 -0.8138
vn -0.5208 -0.2658 -0.8112
vn -0.5536 -0.2658 -0.7892
vn -0.5779 -0.2257 -0.7843
vn -0.5640 -0.1910 -0.8034
vn -0.5862 -0.1512 -0.7960
vn -0.6214 -0.1512 -0.7688
vn -0.6409 -0.1119 -0.7594
vn -0.6270 -0.0758 -0.7754
vn -0.6445 -0.0374 -0.7637
vn -0.6809 -0.0374 -0.7315
vn -0.6956 0.0000 -0.7184
vn -0.6809 0.0374 -0.7315
vn -0.6445 0.0374 -0.7637
vn -0.6270 0.0758 -0.7754
vn -0.6409 0.1119 -0.7594
vn -0.6214 0.1512 -0.7688
vn -0.5862 0.1512 -0.7960
vn -0.5640 0.1910 -0.8034
vn -0.5779 0.2257 -0.7843
vn -0.5536 0.2658 -0.7892
vn -0.5208 0.2658 -0.8112
vn -0.4940 0.3060 -0.8138
vn -0.5087 0.3391 -0.7914
vn -0.4797 0.3790 -0.7914
vn -0.4437 0.3753 -0.8138
vn -0.4137 0.4132 -0.8112
vn -0.4239 0.4444 -0.7892
vn -0.3932 0.4799 -0.7843
vn -0.3559 0.4773 -0.8034
vn -0.3249 0.5107 -0.7960
vn -0.3358 0.5443 -0.7688
vn -0.3045 0.5750 -0.7594
vn -0.2659 0.5729 -0.7753
vn -0.2347 0.6014 -0.7637
vn -0.2460 0.6360 -0.7315
vn -0.2149 0.6616 -0.7184
vn -0.1749 0.6591 -0.7314
vn -0.1636 0.6245 -0.7637
vn -0.1216 0.6197 -0.7754
vn -0.0916 0.6442 -0.7594
vn -0.0482 0.6377 -0.7688
vn -0.0373 0.6042 -0.7960
vn 0.0074 0.5954 -0.8034
vn 0.0360 0.6194 -0.7843
vn 0.0817 0.6086 -0.7892
vn 0.0919 0.5775 -0.8112
vn 0.1384 0.5644 -0.8138
vn 0.1653 0.5886 -0.7914
vn 0.2122 0.5733 -0.7914
vn 0.2198 0.5379 -0.8138
vn 0.2651 0.5212 -0.8112
vn 0.2916 0.5404 -0.7892
vn 0.3349 0.5222 -0.7843
vn 0.3440 0.4860 -0.8034
vn 0.3854 0.4668 -0.7960
vn 0.4139 0.4875 -0.7688
vn 0.4527 0.4673 -0.7594
vn 0.4627 0.4299 -0.7754
vn 0.4994 0.4090 -0.7637
vn 0.5289 0.4305 -0.7314
vn 0.5627 0.4089 -0.7184
vn 0.5728 0.3700 -0.7315
vn 0.5434 0.3486 -0.7637
vn 0.5518 0.3072 -0.7754
vn 0.5843 0.2862 -0.7594
vn 0.5916 0.2430 -0.7687
vn 0.5631 0.2222 -0.7960
vn 0.5685 0.1770 -0.8034
vn 0.6002 0.1571 -0.7843
vn 0.6041 0.1104 -0.7892
vn 0.5776 0.0911 -0.8112
vn 0.5795 0.0428 -0.8138
vn 0.6109 0.0247 -0.7914
vn 0.6109 -0.0247 -0.7914
vn 0.5795 -0.0428 -0.8138
vn 0.5776 -0.0911 -0.8112
vn 0.6041 -0.1104 -0.7892
vn 0.6002 -0.1571 -0.7843
vn 0.5685 -0.1770 -0.8034
vn 0.5631 -0.2222 -0.7960
vn 0.5916 -0.2430 -0.7687
vn 0.5843 -0.2862 -0.7594
vn 0.5518 -0.3072 -0.7754
vn 0.5228 -0.2861 -0.8030
vn 0.5434 -0.3486 -0.7637
vn 0.5087 -0.3696 -0.7776
vn 0.4994 -0.4090 -0.7637
vn 0.5289 -0.4305 -0.7314
vn 0.5181 -0.4672 -0.7164
vn 0.4819 -0.4885 -0.7274
vn 0.4527 -0.4673 -0.7594
vn 0.4139 -0.4875 -0.7688
vn 0.4036 -0.5230 -0.7507
vn 0.3627 -0.5425 -0.7578
vn 0.3349 -0.5223 -0.7843
vn 0.2916 -0.5404 -0.7892
vn 0.2825 -0.5748 -0.7680
vn 0.2374 -0.5916 -0.7705
vn 0.2122 -0.5733 -0.7914
vn 0.1653 -0.5886 -0.7914
vn 0.1557 -0.6182 -0.7705
vn 0.1092 -0.6311 -0.7680
vn 0.0817 -0.6086 -0.7892
vn 0.0361 -0.6194 -0.7843
vn 0.0254 -0.6520 -0.7578
vn -0.0191 -0.6603 -0.7507
vn -0.0482 -0.6377 -0.7687
vn -0.0916 -0.6442 -0.7594
vn -0.1027 -0.6785 -0.7274
vn -0.1445 -0.6825 -0.7164
vn -0.1749 -0.6591 -0.7314
vn -0.2149 -0.6616 -0.7184
vn -0.2262 -0.6962 -0.6813
vn -0.2642 -0.6964 -0.6673
vn -0.2955 -0.6715 -0.6795
vn -0.2843 -0.6371 -0.7164
vn -0.3315 -0.6705 -0.6637
vn -0.3631 -0.6433 -0.6741
vn -0.3521 -0.6092 -0.7105
vn -0.3836 -0.5791 -0.7194
vn -0.4180 -0.5781 -0.7007
vn -0.4493 -0.5456 -0.7074
vn -0.4388 -0.5130 -0.7378
vn -0.4695 -0.4777 -0.7425
vn -0.5024 -0.4776 -0.7207
vn -0.5324 -0.4401 -0.7231
vn -0.5228 -0.4103 -0.7472
vn -0.5518 -0.3704 -0.7472
vn -0.5831 -0.3704 -0.7231
vn -0.6095 -0.3302 -0.7207
vn -0.5994 -0.2989 -0.7425
vn -0.6234 -0.2588 -0.7378
vn -0.6578 -0.2588 -0.7074
vn -0.6790 -0.2189 -0.7007
vn -0.6693 -0.1859 -0.7194
vn -0.6882 -0.1466 -0.7105
vn -0.7240 -0.1466 -0.6741
vn -0.7401 -0.1081 -0.6637
vn -0.7300 -0.0735 -0.6795
vn -0.7440 -0.0361 -0.6673
vn -0.7797 -0.0361 -0.6251
vn -0.7909 0.0000 -0.6120
vn -0.7797 0.0361 -0.6251
vn -0.7440 0.0361 -0.6673
vn -0.7300 0.0735 -0.6795
vn -0.7401 0.1081 -0.6637
vn -0.7240 0.1466 -0.6741
vn -0.6882 0.1466 -0.7105
vn -0.6693 0.1859 -0.7194
vn -0.6790 0.2189 -0.7007
vn -0.6578 0.2588 -0.7074
vn -0.6234 0.2588 -0.7378
vn -0.5994 0.2989 -0.7425
vn -0.6095 0.3302 -0.7207
vn -0.5831 0.3704 -0.7231
vn -0.5518 0.3704 -0.7472
vn -0.5228 0.4103 -0.7472
vn -0.5324 0.4401 -0.7231
vn -0.5024 0.4776 -0.7207
vn -0.4695 0.4777 -0.7425
vn -0.4387 0.5129 -0.7378
vn -0.4494 0.5456 -0.7074
vn -0.4180 0.5781 -0.7007
vn -0.3836 0.5791 -0.7194
vn -0.3520 0.6093 -0.7105
vn -0.3631 0.6433 -0.6740
vn -0.3316 0.6705 -0.6637
vn -0.2955 0.6715 -0.6795
vn -0.2642 0.6964 -0.6673
vn -0.2753 0.7304 -0.6251
vn -0.2444 0.7521 -0.6120
vn -0.2066 0.7527 -0.6251
vn -0.1956 0.7187 -0.6673
vn -0.1557 0.7170 -0.6795
vn -0.1259 0.7373 -0.6637
vn -0.0843 0.7339 -0.6740
vn -0.0732 0.6998 -0.7105
vn -0.0300 0.6940 -0.7194
vn -0.0016 0.7134 -0.7007
vn 0.0428 0.7055 -0.7074
vn 0.0535 0.6729 -0.7378
vn 0.0990 0.6625 -0.7425
vn 0.1257 0.6817 -0.7208
vn 0.1721 0.6690 -0.7231
vn 0.1817 0.6392 -0.7472
vn 0.2287 0.6240 -0.7472
vn 0.2540 0.6424 -0.7231
vn 0.2990 0.6254 -0.7207
vn 0.3093 0.5942 -0.7425
vn 0.3523 0.5758 -0.7378
vn 0.3800 0.5960 -0.7074
vn 0.4206 0.5762 -0.7007
vn 0.4322 0.5438 -0.7194
vn 0.4706 0.5231 -0.7105
vn 0.4996 0.5441 -0.6741
vn 0.5352 0.5225 -0.6637
vn 0.5474 0.4885 -0.6795
vn 0.5806 0.4665 -0.6673
vn 0.6096 0.4875 -0.6251
vn 0.6398 0.4649 -0.6120
vn 0.6520 0.4291 -0.6251
vn 0.6231 0.4081 -0.6672
vn 0.6338 0.3696 -0.6795
vn 0.6623 0.3476 -0.6637
vn 0.6719 0.3070 -0.6741
vn 0.6429 0.2859 -0.7105
vn 0.6507 0.2430 -0.7194
vn 0.6780 0.2220 -0.7007
vn 0.6842 0.1773 -0.7074
vn 0.6564 0.1571 -0.7378
vn 0.6606 0.1105 -0.7425
vn 0.6872 0.0911 -0.7207
vn 0.6894 0.0431 -0.7231
vn 0.6641 0.0247 -0.7472
vn 0.6641 -0.0247 -0.7472
vn 0.6894 -0.0431 -0.7231
vn 0.6872 -0.0911 -0.7207
vn 0.6606 -0.1105 -0.7425
vn 0.6564 -0.1571 -0.7378
vn 0.6842 -0.1773 -0.7074
vn 0.6780 -0.2220 -0.7007
vn 0.6507 -0.2430 -0.7194
vn 0.6429 -0.2859 -0.7106
vn 0.6719 -0.3070 -0.6741
vn 0.6623 -0.3476 -0.6637
vn 0.6338 -0.3696 -0.6795
vn 0.6045 -0.3483 -0.7164
vn 0.6231 -0.4081 -0.6672
vn 0.5922 -0.4303 -0.6813
vn 0.5806 -0.4665 -0.6673
vn 0.6096 -0.4875 -0.6251
vn 0.5967 -0.5209 -0.6104
vn 0.5639 -0.5434 -0.6219
vn 0.5352 -0.5225 -0.6637
vn 0.4996 -0.5441 -0.6741
vn 0.4870 -0.5758 -0.6567
vn 0.4490 -0.5968 -0.6650
vn 0.4207 -0.5762 -0.7007
vn 0.3800 -0.5959 -0.7074
vn 0.3685 -0.6262 -0.6871
vn 0.3257 -0.6448 -0.6915
vn 0.2990 -0.6254 -0.7207
vn 0.2540 -0.6424 -0.7231
vn 0.2442 -0.6716 -0.6995
vn 0.1972 -0.6869 -0.6995
vn 0.1721 -0.6690 -0.7231
vn 0.1257 -0.6817 -0.7207
vn 0.1155 -0.7131 -0.6915
vn 0.0700 -0.7232 -0.6871
vn 0.0428 -0.7055 -0.7074
vn -0.0016 -0.7134 -0.7007
vn -0.0125 -0.7467 -0.6650
vn -0.0556 -0.7521 -0.6567
vn -0.0843 -0.7339 -0.6741
vn -0.1259 -0.7373 -0.6637
vn -0.1368 -0.7710 -0.6219
vn -0.1765 -0.7721 -0.6104
vn -0.2066 -0.7527 -0.6251
vn -0.2444 -0.7522 -0.6120
vn -0.2551 -0.7850 -0.5646
vn -0.2905 -0.7823 -0.5509
vn -0.3217 -0.7611 -0.5632
vn -0.3110 -0.7284 -0.6104
vn -0.3549 -0.7572 -0.5483
vn -0.3866 -0.7335 -0.5590
vn -0.3761 -0.7011 -0.6058
vn -0.4079 -0.6744 -0.6155
vn -0.4393 -0.6703 -0.5980
vn -0.4712 -0.6410 -0.6059
vn -0.4607 -0.6085 -0.6462
vn -0.4922 -0.5762 -0.6525
vn -0.5218 -0.5727 -0.6322
vn -0.5528 -0.5379 -0.6364
vn -0.5428 -0.5069 -0.6696
vn -0.5729 -0.4695 -0.6719
vn -0.6010 -0.4672 -0.6485
vn -0.6301 -0.4272 -0.6485
vn -0.6235 -0.3998 -0.6718
vn -0.6499 -0.3596 -0.6696
vn -0.6824 -0.3596 -0.6364
vn -0.7060 -0.3193 -0.6322
vn -0.7001 -0.2900 -0.6525
vn -0.7211 -0.2501 -0.6462
vn -0.7552 -0.2501 -0.6059
vn -0.7733 -0.2107 -0.5981
vn -0.7674 -0.1796 -0.6155
vn -0.7830 -0.1410 -0.6058
vn -0.8171 -0.1410 -0.5590
vn -0.8299 -0.1036 -0.5483
vn -0.8233 -0.0707 -0.5632
vn -0.8338 -0.0346 -0.5509
vn -0.8657 -0.0346 -0.4994
vn -0.8741 0.0000 -0.4857
vn -0.8657 0.0346 -0.4994
vn -0.8338 0.0346 -0.5509
vn -0.8233 0.0707 -0.5632
vn -0.8299 0.1036 -0.5483
vn -0.8171 0.1410 -0.5590
vn -0.7830 0.1410 -0.6058
vn -0.7674 0.1796 -0.6155
vn -0.7733 0.2107 -0.5981
vn -0.7552 0.2501 -0.6059
vn -0.7211 0.2501 -0.6462
vn -0.7001 0.2900 -0.6525
vn -0.7060 0.3193 -0.6322
vn -0.6824 0.3596 -0.6364
vn -0.6499 0.3596 -0.6696
vn -0.6235 0.3998 -0.6718
vn -0.6301 0.4272 -0.6485
vn -0.6010 0.4672 -0.6485
vn -0.5729 0.4695 -0.6719
vn -0.5428 0.5069 -0.6696
vn -0.5528 0.5379 -0.6364
vn -0.5218 0.5727 -0.6322
vn -0.4922 0.5762 -0.6525
vn -0.4607 0.6085 -0.6462
vn -0.4712 0.6410 -0.6059
vn -0.4394 0.6703 -0.5980
vn -0.4079 0.6744 -0.6155
vn -0.3761 0.7011 -0.6058
vn -0.3866 0.7335 -0.5590
vn -0.3550 0.7572 -0.5483
vn -0.3216 0.7612 -0.5632
vn -0.2905 0.7824 -0.5509
vn -0.3004 0.8126 -0.4994
vn -0.2701 0.8313 -0.4858
vn -0.2346 0.8340 -0.4994
vn -0.2248 0.8037 -0.5509
vn -0.1871 0.8049 -0.5632
vn -0.1579 0.8213 -0.5483
vn -0.1183 0.8207 -0.5590
vn -0.1078 0.7883 -0.6058
vn -0.0664 0.7853 -0.6155
vn -0.0386 0.8006 -0.5980
vn 0.0045 0.7955 -0.6059
vn 0.0151 0.7631 -0.6462
vn 0.0595 0.7555 -0.6525
vn 0.0855 0.7700 -0.6322
vn 0.1311 0.7601 -0.6365
vn 0.1412 0.7292 -0.6696
vn 0.1876 0.7166 -0.6718
vn 0.2116 0.7313 -0.6485
vn 0.2586 0.7160 -0.6485
vn 0.2694 0.6900 -0.6718
vn 0.3144 0.6729 -0.6696
vn 0.3407 0.6920 -0.6364
vn 0.3834 0.6733 -0.6322
vn 0.3960 0.6462 -0.6525
vn 0.4364 0.6262 -0.6461
vn 0.4640 0.6462 -0.6059
vn 0.5018 0.6250 -0.5980
vn 0.5153 0.5964 -0.6155
vn 0.5506 0.5744 -0.6057
vn 0.5781 0.5944 -0.5590
vn 0.6105 0.5716 -0.5483
vn 0.6245 0.5411 -0.5632
vn 0.6543 0.5181 -0.5510
vn 0.6800 0.5368 -0.4994
vn 0.7071 0.5138 -0.4858
vn 0.7207 0.4809 -0.4994
vn 0.6949 0.4621 -0.5509
vn 0.7076 0.4267 -0.5632
vn 0.7323 0.4040 -0.5483
vn 0.7439 0.3662 -0.5590
vn 0.7164 0.3462 -0.6058
vn 0.7264 0.3058 -0.6155
vn 0.7494 0.2840 -0.5980
vn 0.7580 0.2416 -0.6059
vn 0.7303 0.2215 -0.6462
vn 0.7369 0.1769 -0.6525
vn 0.7588 0.1566 -0.6322
vn 0.7634 0.1102 -0.6365
vn 0.7371 0.0911 -0.6696
vn 0.7395 0.0430 -0.6718
vn 0.7608 0.0247 -0.6485
vn 0.7608 -0.0247 -0.6485
vn 0.7395 -0.0430 -0.6718
vn 0.7371 -0.0911 -0.6696
vn 0.7634 -0.1102 -0.6365
vn 0.7588 -0.1566 -0.6322
vn 0.7369 -0.1769 -0.6525
vn 0.7303 -0.2215 -0.6462
vn 0.7580 -0.2416 -0.6059
vn 0.7494 -0.2840 -0.5980
vn 0.7264 -0.3058 -0.6155
vn 0.7164 -0.3462 -0.6058
vn 0.7439 -0.3662 -0.5590
vn 0.7323 -0.4040 -0.5483
vn 0.7076 -0.4267 -0.5632
vn 0.6798 -0.4065 -0.6104
vn 0.6949 -0.4621 -0.5509
vn 0.6677 -0.4852 -0.5646
vn 0.6543 -0.5181 -0.5510
vn 0.6800 -0.5368 -0.4994
vn 0.6639 -0.5697 -0.4845
vn 0.6361 -0.5902 -0.4970
vn 0.6105 -0.5716 -0.5483
vn 0.5781 -0.5944 -0.5590
vn 0.5638 -0.6223 -0.5429
vn 0.5288 -0.6446 -0.5521
vn 0.5018 -0.6250 -0.5980
vn 0.4640 -0.6462 -0.6059
vn 0.4505 -0.6725 -0.5873
vn 0.4102 -0.6927 -0.5933
vn 0.3834 -0.6733 -0.6322
vn 0.3407 -0.6920 -0.6364
vn 0.3286 -0.7169 -0.6149
vn 0.2836 -0.7341 -0.6170
vn 0.2586 -0.7160 -0.6485
vn 0.2116 -0.7312 -0.6485
vn 0.2020 -0.7606 -0.6170
vn 0.1556 -0.7731 -0.6149
vn 0.1311 -0.7601 -0.6364
vn 0.0855 -0.7701 -0.6322
vn 0.0753 -0.8015 -0.5933
vn 0.0308 -0.8088 -0.5873
vn 0.0045 -0.7955 -0.6059
vn -0.0386 -0.8005 -0.5980
vn -0.0489 -0.8323 -0.5521
vn -0.0904 -0.8349 -0.5429
vn -0.1184 -0.8207 -0.5590
vn -0.1579 -0.8212 -0.5483
vn -0.1677 -0.8514 -0.4970
vn -0.2022 -0.8511 -0.4845
vn -0.2346 -0.8340 -0.4994
vn -0.2701 -0.8313 -0.4857
vn -0.2784 -0.8570 -0.4337
vn -0.3149 -0.8522 -0.4178
vn -0.3450 -0.8330 -0.4326
vn -0.3367 -0.8074 -0.4845
vn -0.3819 -0.8255 -0.4156
vn -0.4098 -0.8048 -0.4295
vn -0.4016 -0.7795 -0.4808
vn -0.4273 -0.7583 -0.4924
vn -0.4644 -0.7477 -0.4747
vn -0.4878 -0.7256 -0.4854
vn -0.4783 -0.6964 -0.5350
vn -0.5104 -0.6672 -0.5424
vn -0.5368 -0.6609 -0.5244
vn -0.5686 -0.6290 -0.5301
vn -0.5589 -0.5989 -0.5735
vn -0.5901 -0.5642 -0.5775
vn -0.6147 -0.5587 -0.5568
vn -0.6450 -0.5212 -0.5589
vn -0.6358 -0.4926 -0.5943
vn -0.6649 -0.4524 -0.5943
vn -0.6950 -0.4524 -0.5589
vn -0.7213 -0.4119 -0.5568
vn -0.7189 -0.3868 -0.5775
vn -0.7423 -0.3465 -0.5735
vn -0.7739 -0.3465 -0.5301
vn -0.7945 -0.3062 -0.5244
vn -0.7923 -0.2792 -0.5424
vn -0.8101 -0.2397 -0.5350
vn -0.8408 -0.2397 -0.4854
vn -0.8546 -0.2107 -0.4746
vn -0.8532 -0.1720 -0.4924
vn -0.8654 -0.1410 -0.4808
vn -0.8920 -0.1410 -0.4295
vn -0.9031 -0.1081 -0.4156
vn -0.8988 -0.0707 -0.4326
vn -0.9078 -0.0361 -0.4178
vn -0.9295 -0.0361 -0.3670
vn -0.9367 0.0000 -0.3500
vn -0.9295 0.0361 -0.3670
vn -0.9078 0.0361 -0.4178
vn -0.8988 0.0707 -0.4326
vn -0.9031 0.1081 -0.4156
vn -0.8920 0.1410 -0.4295
vn -0.8654 0.1410 -0.4808
vn -0.8532 0.1720 -0.4924
vn -0.8546 0.2107 -0.4746
vn -0.8408 0.2397 -0.4854
vn -0.8101 0.2397 -0.5350
vn -0.7923 0.2792 -0.5424
vn -0.7945 0.3063 -0.5244
vn -0.7739 0.3465 -0.5301
vn -0.7423 0.3465 -0.5735
vn -0.7189 0.3868 -0.5775
vn -0.7213 0.4119 -0.5568
vn -0.6950 0.4524 -0.5589
vn -0.6649 0.4524 -0.5943
vn -0.6358 0.4926 -0.5943
vn -0.6450 0.5212 -0.5588
vn -0.6147 0.5587 -0.5568
vn -0.5901 0.5642 -0.5775
vn -0.5589 0.5989 -0.5735
vn -0.5687 0.6290 -0.5301
vn -0.5368 0.6610 -0.5244
vn -0.5104 0.6673 -0.5425
vn -0.4783 0.6964 -0.5350
vn -0.4878 0.7256 -0.4853
vn -0.4645 0.7477 -0.4746
vn -0.4273 0.7583 -0.4924
vn -0.4016 0.7795 -0.4808
vn -0.4098 0.8048 -0.4295
vn -0.3819 0.8255 -0.4156
vn -0.3450 0.8330 -0.4326
vn -0.3149 0.8522 -0.4178
vn -0.3216 0.8729 -0.3670
vn -0.2895 0.8909 -0.3500
vn -0.2529 0.8952 -0.3670
vn -0.2462 0.8746 -0.4178
vn -0.2105 0.8767 -0.4326
vn -0.1763 0.8923 -0.4156
vn -0.1415 0.8919 -0.4295
vn -0.1333 0.8666 -0.4808
vn -0.1000 0.8646 -0.4924
vn -0.0637 0.8779 -0.4747
vn -0.0319 0.8737 -0.4853
vn -0.0224 0.8446 -0.5350
vn 0.0207 0.8398 -0.5425
vn 0.0458 0.8502 -0.5244
vn 0.0903 0.8431 -0.5301
vn 0.1001 0.8131 -0.5735
vn 0.1458 0.8032 -0.5775
vn 0.1689 0.8133 -0.5568
vn 0.2155 0.8008 -0.5588
vn 0.2248 0.7721 -0.5943
vn 0.2720 0.7568 -0.5943
vn 0.2964 0.7745 -0.5589
vn 0.3414 0.7572 -0.5568
vn 0.3542 0.7355 -0.5775
vn 0.3969 0.7166 -0.5735
vn 0.4225 0.7352 -0.5301
vn 0.4627 0.7147 -0.5244
vn 0.4769 0.6916 -0.5424
vn 0.5145 0.6701 -0.5350
vn 0.5393 0.6881 -0.4854
vn 0.5675 0.6728 -0.4747
vn 0.5891 0.6407 -0.4924
vn 0.6173 0.6227 -0.4808
vn 0.6388 0.6384 -0.4294
vn 0.6671 0.6183 -0.4156
vn 0.6856 0.5855 -0.4326
vn 0.7132 0.5628 -0.4178
vn 0.7308 0.5756 -0.3670
vn 0.7578 0.5506 -0.3500
vn 0.7732 0.5171 -0.3670
vn 0.7557 0.5044 -0.4178
vn 0.7687 0.4711 -0.4326
vn 0.7942 0.4434 -0.4156
vn 0.8046 0.4102 -0.4295
vn 0.7830 0.3946 -0.4808
vn 0.7914 0.3623 -0.4924
vn 0.8152 0.3319 -0.4746
vn 0.8211 0.3003 -0.4854
vn 0.7963 0.2822 -0.5350
vn 0.8051 0.2398 -0.5425
vn 0.8228 0.2192 -0.5244
vn 0.8298 0.1746 -0.5301
vn 0.8042 0.1561 -0.5735
vn 0.8090 0.1096 -0.5775
vn 0.8256 0.0907 -0.5569
vn 0.8282 0.0425 -0.5589
vn 0.8038 0.0248 -0.5943
vn 0.8038 -0.0248 -0.5943
vn 0.8282 -0.0425 -0.5589
vn 0.8256 -0.0907 -0.5569
vn 0.8090 -0.1096 -0.5775
vn 0.8042 -0.1561 -0.5735
vn 0.8298 -0.1746 -0.5301
vn 0.8228 -0.2192 -0.5244
vn 0.8051 -0.2398 -0.5425
vn 0.7963 -0.2822 -0.5350
vn 0.8211 -0.3003 -0.4854
vn 0.8152 -0.3319 -0.4746
vn 0.7914 -0.3623 -0.4924
vn 0.7830 -0.3946 -0.4808
vn 0.8046 -0.4102 -0.4295
vn 0.7942 -0.4434 -0.4156
vn 0.7687 -0.4711 -0.4326
vn 0.7470 -0.4553 -0.4845
vn 0.7557 -0.5044 -0.4178
vn 0.7290 -0.5297 -0.4337
vn 0.7132 -0.5628 -0.4178
vn 0.7308 -0.5756 -0.3670
vn 0.7126 -0.6086 -0.3490
vn 0.6845 -0.6310 -0.3652
vn 0.6671 -0.6183 -0.4156
vn 0.6388 -0.6384 -0.4295
vn 0.6175 -0.6706 -0.4111
vn 0.5887 -0.6881 -0.4242
vn 0.5675 -0.6728 -0.4747
vn 0.5393 -0.6881 -0.4854
vn 0.5150 -0.7194 -0.4661
vn 0.4869 -0.7323 -0.4761
vn 0.4627 -0.7147 -0.5244
vn 0.4225 -0.7352 -0.5301
vn 0.4088 -0.7560 -0.5113
vn 0.3660 -0.7750 -0.5152
vn 0.3414 -0.7572 -0.5568
vn 0.2963 -0.7745 -0.5589
vn 0.2842 -0.7941 -0.5373
vn 0.2368 -0.8095 -0.5373
vn 0.2155 -0.8008 -0.5589
vn 0.1689 -0.8133 -0.5568
vn 0.1595 -0.8421 -0.5152
vn 0.1136 -0.8518 -0.5113
vn 0.0903 -0.8431 -0.5301
vn 0.0458 -0.8502 -0.5244
vn 0.0365 -0.8786 -0.4761
vn 0.0062 -0.8847 -0.4661
vn -0.0318 -0.8737 -0.4854
vn -0.0637 -0.8779 -0.4747
vn -0.0718 -0.9027 -0.4242
vn -0.1054 -0.9055 -0.4111
vn -0.1415 -0.8919 -0.4295
vn -0.1762 -0.8923 -0.4156
vn -0.1829 -0.9128 -0.3652
vn -0.2188 -0.9112 -0.3490
vn -0.2529 -0.8952 -0.3670
vn -0.2895 -0.8909 -0.3500
vn -0.2947 -0.9070 -0.3009
vn -0.3318 -0.9003 -0.2819
vn -0.3638 -0.8818 -0.3001
vn -0.3586 -0.8658 -0.3491
vn -0.4011 -0.8721 -0.2802
vn -0.4309 -0.8518 -0.2978
vn -0.4258 -0.8360 -0.3461
vn -0.4535 -0.8147 -0.3615
vn -0.4907 -0.8018 -0.3412
vn -0.5161 -0.7790 -0.3560
vn -0.5097 -0.7593 -0.4045
vn -0.5329 -0.7364 -0.4168
vn -0.5698 -0.7203 -0.3956
vn -0.5906 -0.6965 -0.4075
vn -0.5830 -0.6730 -0.4551
vn -0.6016 -0.6498 -0.4645
vn -0.6380 -0.6306 -0.4419
vn -0.6543 -0.6072 -0.4508
vn -0.6457 -0.5808 -0.4957
vn -0.6762 -0.5432 -0.4977
vn -0.6957 -0.5365 -0.4777
vn -0.7252 -0.4958 -0.4777
vn -0.7255 -0.4753 -0.4977
vn -0.7519 -0.4346 -0.4957
vn -0.7797 -0.4346 -0.4508
vn -0.7969 -0.4119 -0.4419
vn -0.8039 -0.3713 -0.4645
vn -0.8203 -0.3465 -0.4551
vn -0.8449 -0.3465 -0.4075
vn -0.8611 -0.3193 -0.3956
vn -0.8650 -0.2793 -0.4168
vn -0.8797 -0.2501 -0.4045
vn -0.9004 -0.2501 -0.3560
vn -0.9141 -0.2189 -0.3412
vn -0.9149 -0.1796 -0.3615
vn -0.9267 -0.1466 -0.3461
vn -0.9433 -0.1466 -0.2978
vn -0.9534 -0.1119 -0.2802
vn -0.9511 -0.0735 -0.3001
vn -0.9587 -0.0374 -0.2819
vn -0.9713 -0.0374 -0.2349
vn -0.9767 0.0000 -0.2147
vn -0.9713 0.0374 -0.2349
vn -0.9587 0.0374 -0.2819
vn -0.9511 0.0735 -0.3001
vn -0.9534 0.1119 -0.2802
vn -0.9433 0.1466 -0.2978
vn -0.9267 0.1466 -0.3461
vn -0.9149 0.1796 -0.3615
vn -0.9141 0.2189 -0.3412
vn -0.9004 0.2501 -0.3560
vn -0.8797 0.2501 -0.4045
vn -0.8650 0.2793 -0.4168
vn -0.8611 0.3193 -0.3956
vn -0.8449 0.3465 -0.4075
vn -0.8202 0.3465 -0.4552
vn -0.8039 0.3713 -0.4645
vn -0.7969 0.4119 -0.4419
vn -0.7797 0.4346 -0.4508
vn -0.7519 0.4346 -0.4957
vn -0.7255 0.4753 -0.4977
vn -0.7252 0.4959 -0.4777
vn -0.6957 0.5365 -0.4777
vn -0.6762 0.5432 -0.4977
vn -0.6457 0.5808 -0.4957
vn -0.6543 0.6072 -0.4508
vn -0.6380 0.6306 -0.4419
vn -0.6016 0.6499 -0.4645
vn -0.5830 0.6730 -0.4551
vn -0.5906 0.6965 -0.4075
vn -0.5698 0.7203 -0.3957
vn -0.5329 0.7364 -0.4169
vn -0.5097 0.7593 -0.4045
vn -0.5161 0.7791 -0.3560
vn -0.4907 0.8018 -0.3412
vn -0.4535 0.8147 -0.3615
vn -0.4257 0.8360 -0.3461
vn -0.4309 0.8519 -0.2978
vn -0.4011 0.8721 -0.2802
vn -0.3638 0.8818 -0.3001
vn -0.3318 0.9003 -0.2819
vn -0.3357 0.9122 -0.2349
vn -0.3018 0.9289 -0.2147
vn -0.2646 0.9353 -0.2349
vn -0.2607 0.9234 -0.2819
vn -0.2240 0.9272 -0.3001
vn -0.1882 0.9413 -0.2802
vn -0.1521 0.9425 -0.2978
vn -0.1469 0.9266 -0.3461
vn -0.1119 0.9256 -0.3615
vn -0.0743 0.9370 -0.3412
vn -0.0404 0.9336 -0.3560
vn -0.0340 0.9139 -0.4045
vn -0.0018 0.9090 -0.4168
vn 0.0375 0.9176 -0.3956
vn 0.0684 0.9106 -0.4075
vn 0.0761 0.8872 -0.4552
vn 0.1047 0.8793 -0.4645
vn 0.1455 0.8852 -0.4419
vn 0.1724 0.8758 -0.4508
vn 0.1810 0.8494 -0.4957
vn 0.2279 0.8369 -0.4977
vn 0.2475 0.8429 -0.4778
vn 0.2953 0.8274 -0.4778
vn 0.3076 0.8110 -0.4977
vn 0.3528 0.7936 -0.4957
vn 0.3752 0.8099 -0.4508
vn 0.4026 0.8016 -0.4419
vn 0.4322 0.7729 -0.4645
vn 0.4600 0.7624 -0.4551
vn 0.4799 0.7769 -0.4075
vn 0.5089 0.7645 -0.3957
vn 0.5356 0.7344 -0.4169
vn 0.5647 0.7194 -0.4045
vn 0.5815 0.7316 -0.3560
vn 0.6109 0.7144 -0.3412
vn 0.6347 0.6830 -0.3615
vn 0.6635 0.6633 -0.3461
vn 0.6770 0.6731 -0.2978
vn 0.7055 0.6509 -0.2802
vn 0.7263 0.6185 -0.3001
vn 0.7537 0.5938 -0.2819
vn 0.7638 0.6012 -0.2349
vn 0.7901 0.5741 -0.2147
vn 0.8078 0.5407 -0.2349
vn 0.7976 0.5333 -0.2818
vn 0.8127 0.4995 -0.3001
vn 0.8371 0.4698 -0.2802
vn 0.8493 0.4359 -0.2978
vn 0.8359 0.4261 -0.3461
vn 0.8457 0.3925 -0.3615
vn 0.8682 0.3603 -0.3412
vn 0.8754 0.3269 -0.3560
vn 0.8587 0.3148 -0.4045
vn 0.8640 0.2825 -0.4169
vn 0.8843 0.2478 -0.3956
vn 0.8872 0.2163 -0.4075
vn 0.8672 0.2018 -0.4552
vn 0.8687 0.1721 -0.4645
vn 0.8868 0.1352 -0.4419
vn 0.8862 0.1066 -0.4509
vn 0.8638 0.0903 -0.4957
vn 0.8664 0.0419 -0.4976
vn 0.8782 0.0251 -0.4777
vn 0.8782 -0.0251 -0.4777
vn 0.8664 -0.0419 -0.4977
vn 0.8638 -0.0903 -0.4957
vn 0.8862 -0.1066 -0.4509
vn 0.8868 -0.1352 -0.4419
vn 0.8687 -0.1721 -0.4645
vn 0.8672 -0.2018 -0.4552
vn 0.8872 -0.2163 -0.4075
vn 0.8843 -0.2478 -0.3956
vn 0.8640 -0.2825 -0.4169
vn 0.8587 -0.3148 -0.4045
vn 0.8754 -0.3269 -0.3560
vn 0.8682 -0.3603 -0.3412
vn 0.8457 -0.3925 -0.3615
vn 0.8359 -0.4261 -0.3461
vn 0.8493 -0.4359 -0.2978
vn 0.8371 -0.4698 -0.2802
vn 0.8126 -0.4995 -0.3001
vn 0.7990 -0.4896 -0.3491
vn 0.7976 -0.5333 -0.2818
vn 0.7715 -0.5606 -0.3009
vn 0.7537 -0.5938 -0.2819
vn 0.7638 -0.6011 -0.2349
vn 0.7433 -0.6338 -0.2140
vn 0.7156 -0.6583 -0.2337
vn 0.7055 -0.6509 -0.2802
vn 0.6770 -0.6731 -0.2978
vn 0.6535 -0.7045 -0.2769
vn 0.6241 -0.7240 -0.2940
vn 0.6109 -0.7144 -0.3412
vn 0.5814 -0.7316 -0.3560
vn 0.5550 -0.7617 -0.3344
vn 0.5252 -0.7763 -0.3487
vn 0.5089 -0.7645 -0.3957
vn 0.4799 -0.7769 -0.4075
vn 0.4506 -0.8056 -0.3847
vn 0.4218 -0.8156 -0.3961
vn 0.4026 -0.8017 -0.4419
vn 0.3753 -0.8099 -0.4508
vn 0.3432 -0.8369 -0.4264
vn 0.3166 -0.8429 -0.4350
vn 0.2953 -0.8274 -0.4777
vn 0.2475 -0.8429 -0.4777
vn 0.2393 -0.8681 -0.4350
vn 0.2142 -0.8788 -0.4264
vn 0.1724 -0.8758 -0.4508
vn 0.1455 -0.8852 -0.4419
vn 0.1382 -0.9077 -0.3961
vn 0.1089 -0.9166 -0.3847
vn 0.0684 -0.9107 -0.4075
vn 0.0376 -0.9176 -0.3956
vn 0.0314 -0.9367 -0.3487
vn -0.0013 -0.9424 -0.3344
vn -0.0404 -0.9336 -0.3560
vn -0.0743 -0.9370 -0.3412
vn -0.0793 -0.9525 -0.2940
vn -0.1146 -0.9540 -0.2769
vn -0.1521 -0.9424 -0.2978
vn -0.1882 -0.9413 -0.2802
vn -0.1920 -0.9532 -0.2337
vn -0.2288 -0.9496 -0.2140
vn -0.2646 -0.9353 -0.2349
vn -0.3018 -0.9289 -0.2147
vn -0.3045 -0.9372 -0.1700
vn -0.3419 -0.9280 -0.1481
vn -0.3757 -0.9111 -0.1696
vn -0.3730 -0.9028 -0.2140
vn -0.4130 -0.8988 -0.1471
vn -0.4448 -0.8797 -0.1683
vn -0.4421 -0.8715 -0.2120
vn -0.4719 -0.8508 -0.2313
vn -0.5087 -0.8353 -0.2087
vn -0.5362 -0.8128 -0.2276
vn -0.5325 -0.8016 -0.2719
vn -0.5578 -0.7782 -0.2886
vn -0.5940 -0.7595 -0.2654
vn -0.6169 -0.7349 -0.2818
vn -0.6122 -0.7205 -0.3257
vn -0.6329 -0.6958 -0.3397
vn -0.6682 -0.6740 -0.3152
vn -0.6864 -0.6486 -0.3289
vn -0.6808 -0.6312 -0.3717
vn -0.6969 -0.6065 -0.3828
vn -0.7313 -0.5815 -0.3565
vn -0.7470 -0.5427 -0.3841
vn -0.7384 -0.5365 -0.4086
vn -0.7790 -0.5158 -0.3565
vn -0.7922 -0.4753 -0.3828
vn -0.8107 -0.4524 -0.3717
vn -0.8289 -0.4524 -0.3289
vn -0.8474 -0.4272 -0.3152
vn -0.8573 -0.3869 -0.3397
vn -0.8744 -0.3596 -0.3257
vn -0.8895 -0.3596 -0.2818
vn -0.9058 -0.3302 -0.2654
vn -0.9125 -0.2900 -0.2886
vn -0.9269 -0.2587 -0.2720
vn -0.9387 -0.2588 -0.2276
vn -0.9516 -0.2257 -0.2087
vn -0.9550 -0.1859 -0.2312
vn -0.9655 -0.1512 -0.2120
vn -0.9741 -0.1512 -0.1683
vn -0.9824 -0.1150 -0.1471
vn -0.9826 -0.0758 -0.1696
vn -0.9882 -0.0384 -0.1481
vn -0.9936 -0.0384 -0.1060
vn -0.9966 0.0000 -0.0829
vn -0.9936 0.0384 -0.1060
vn -0.9882 0.0384 -0.1481
vn -0.9826 0.0758 -0.1696
vn -0.9824 0.1150 -0.1471
vn -0.9741 0.1512 -0.1683
vn -0.9655 0.1512 -0.2120
vn -0.9550 0.1859 -0.2312
vn -0.9516 0.2257 -0.2087
vn -0.9387 0.2588 -0.2276
vn -0.9269 0.2588 -0.2720
vn -0.9125 0.2900 -0.2886
vn -0.9058 0.3302 -0.2654
vn -0.8896 0.3596 -0.2818
vn -0.8744 0.3596 -0.3258
vn -0.8573 0.3869 -0.3397
vn -0.8474 0.4272 -0.3152
vn -0.8289 0.4524 -0.3289
vn -0.8107 0.4524 -0.3717
vn -0.7922 0.4753 -0.3828
vn -0.7790 0.5158 -0.3565
vn -0.7469 0.5427 -0.3841
vn -0.7384 0.5365 -0.4086
vn -0.7313 0.5815 -0.3565
vn -0.6969 0.6065 -0.3828
vn -0.6808 0.6312 -0.3717
vn -0.6864 0.6486 -0.3289
vn -0.6682 0.6739 -0.3152
vn -0.6328 0.6958 -0.3397
vn -0.6122 0.7205 -0.3258
vn -0.6169 0.7349 -0.2818
vn -0.5940 0.7594 -0.2654
vn -0.5578 0.7782 -0.2886
vn -0.5325 0.8016 -0.2719
vn -0.5362 0.8128 -0.2276
vn -0.5087 0.8353 -0.2087
vn -0.4719 0.8508 -0.2312
vn -0.4421 0.8715 -0.2120
vn -0.4448 0.8797 -0.1683
vn -0.4130 0.8988 -0.1471
vn -0.3758 0.9111 -0.1696
vn -0.3419 0.9280 -0.1481
vn -0.3436 0.9331 -0.1060
vn -0.3079 0.9478 -0.0829
vn -0.2705 0.9569 -0.1060
vn -0.2689 0.9517 -0.1481
vn -0.2315 0.9579 -0.1696
vn -0.1941 0.9699 -0.1471
vn -0.1572 0.9731 -0.1683
vn -0.1545 0.9650 -0.2120
vn -0.1183 0.9657 -0.2312
vn -0.0794 0.9747 -0.2087
vn -0.0440 0.9728 -0.2276
vn -0.0404 0.9615 -0.2719
vn -0.0061 0.9574 -0.2886
vn 0.0341 0.9635 -0.2654
vn 0.0671 0.9571 -0.2818
vn 0.0717 0.9427 -0.3257
vn 0.1031 0.9349 -0.3397
vn 0.1445 0.9380 -0.3152
vn 0.1741 0.9282 -0.3289
vn 0.1797 0.9108 -0.3717
vn 0.2073 0.9003 -0.3829
vn 0.2499 0.9003 -0.3565
vn 0.2853 0.8781 -0.3841
vn 0.2820 0.8681 -0.4086
vn 0.3270 0.8752 -0.3565
vn 0.3615 0.8502 -0.3828
vn 0.3899 0.8425 -0.3717
vn 0.4047 0.8533 -0.3289
vn 0.4345 0.8437 -0.3152
vn 0.4662 0.8169 -0.3396
vn 0.4961 0.8049 -0.3257
vn 0.5083 0.8138 -0.2818
vn 0.5388 0.7996 -0.2654
vn 0.5677 0.7710 -0.2886
vn 0.5978 0.7541 -0.2720
vn 0.6074 0.7611 -0.2276
vn 0.6372 0.7419 -0.2087
vn 0.6634 0.7117 -0.2312
vn 0.6923 0.6898 -0.2120
vn 0.6992 0.6948 -0.1684
vn 0.7272 0.6705 -0.1472
vn 0.7503 0.6389 -0.1696
vn 0.7769 0.6119 -0.1481
vn 0.7813 0.6151 -0.1060
vn 0.8062 0.5858 -0.0830
vn 0.8265 0.5529 -0.1061
vn 0.8221 0.5498 -0.1480
vn 0.8395 0.5162 -0.1695
vn 0.8624 0.4844 -0.1471
vn 0.8769 0.4502 -0.1683
vn 0.8700 0.4452 -0.2120
vn 0.8818 0.4110 -0.2312
vn 0.9025 0.3768 -0.2087
vn 0.9116 0.3424 -0.2276
vn 0.9019 0.3355 -0.2719
vn 0.9087 0.3017 -0.2886
vn 0.9269 0.2653 -0.2654
vn 0.9310 0.2320 -0.2818
vn 0.9188 0.2231 -0.3257
vn 0.9210 0.1909 -0.3397
vn 0.9367 0.1525 -0.3153
vn 0.9365 0.1212 -0.3290
vn 0.9218 0.1105 -0.3716
vn 0.9203 0.0810 -0.3828
vn 0.9334 0.0406 -0.3566
vn 0.9233 0.0000 -0.3842
vn 0.9127 0.0000 -0.4086
vn 0.9334 -0.0406 -0.3566
vn 0.9203 -0.0810 -0.3828
vn 0.9218 -0.1105 -0.3716
vn 0.9365 -0.1212 -0.3290
vn 0.9367 -0.1525 -0.3153
vn 0.9210 -0.1909 -0.3397
vn 0.9188 -0.2231 -0.3257
vn 0.9310 -0.2320 -0.2818
vn 0.9269 -0.2653 -0.2654
vn 0.9087 -0.3017 -0.2886
vn 0.9019 -0.3355 -0.2719
vn 0.9116 -0.3424 -0.2276
vn 0.9025 -0.3768 -0.2087
vn 0.8818 -0.4110 -0.2312
vn 0.8700 -0.4452 -0.2120
vn 0.8769 -0.4502 -0.1683
vn 0.8624 -0.4844 -0.1471
vn 0.8395 -0.5162 -0.1695
vn 0.8324 -0.5111 -0.2141
vn 0.8221 -0.5498 -0.1481
vn 0.7972 -0.5792 -0.1700
vn 0.7769 -0.6119 -0.1481
vn 0.7813 -0.6151 -0.1060
vn 0.7582 -0.6468 -0.0826
vn 0.7315 -0.6736 -0.1055
vn 0.7272 -0.6705 -0.1472
vn 0.6992 -0.6948 -0.1683
vn 0.6731 -0.7251 -0.1452
vn 0.6440 -0.7468 -0.1662
vn 0.6372 -0.7419 -0.2087
vn 0.6073 -0.7611 -0.2276
vn 0.5785 -0.7897 -0.2041
vn 0.5480 -0.8063 -0.2229
vn 0.5387 -0.7996 -0.2654
vn 0.5083 -0.8138 -0.2818
vn 0.4767 -0.8406 -0.2572
vn 0.4461 -0.8522 -0.2735
vn 0.4345 -0.8437 -0.3152
vn 0.4047 -0.8532 -0.3289
vn 0.3704 -0.8782 -0.3027
vn 0.3299 -0.8841 -0.3311
vn 0.3270 -0.8752 -0.3565
vn 0.2853 -0.8781 -0.3841
vn 0.2498 -0.9003 -0.3565
vn 0.2527 -0.9091 -0.3311
vn 0.2165 -0.9282 -0.3027
vn 0.1741 -0.9282 -0.3289
vn 0.1444 -0.9380 -0.3152
vn 0.1400 -0.9516 -0.2735
vn 0.1084 -0.9603 -0.2572
vn 0.0671 -0.9571 -0.2818
vn 0.0341 -0.9635 -0.2654
vn 0.0306 -0.9744 -0.2228
vn -0.0038 -0.9789 -0.2041
vn -0.0440 -0.9728 -0.2276
vn -0.0794 -0.9747 -0.2087
vn -0.0820 -0.9827 -0.1661
vn -0.1184 -0.9823 -0.1451
vn -0.1572 -0.9731 -0.1683
vn -0.1942 -0.9699 -0.1471
vn -0.1958 -0.9750 -0.1055
vn -0.2332 -0.9689 -0.0826
vn -0.2705 -0.9569 -0.1060
vn -0.3079 -0.9478 -0.0829
vn -0.3087 -0.9502 -0.0434
vn -0.3460 -0.9380 -0.0190
vn -0.3817 -0.9233 -0.0433
vn -0.3809 -0.9209 -0.0826
vn -0.4186 -0.9080 -0.0187
vn -0.4523 -0.8908 -0.0431
vn -0.4515 -0.8885 -0.0817
vn -0.4832 -0.8692 -0.1046
vn -0.5195 -0.8507 -0.0801
vn -0.5490 -0.8294 -0.1030
vn -0.5474 -0.8247 -0.1422
vn -0.5748 -0.8019 -0.1632
vn -0.6100 -0.7802 -0.1383
vn -0.6350 -0.7559 -0.1593
vn -0.6327 -0.7486 -0.1982
vn -0.6554 -0.7234 -0.2169
vn -0.6896 -0.6986 -0.1908
vn -0.7123 -0.6667 -0.2196
vn -0.7068 -0.6627 -0.2474
vn -0.7273 -0.6283 -0.2762
vn -0.7591 -0.6014 -0.2492
vn -0.7774 -0.5648 -0.2770
vn -0.7708 -0.5600 -0.3038
vn -0.8065 -0.5361 -0.2492
vn -0.8223 -0.4975 -0.2762
vn -0.8487 -0.4674 -0.2474
vn -0.8541 -0.4714 -0.2196
vn -0.8775 -0.4400 -0.1908
vn -0.8906 -0.3998 -0.2169
vn -0.9075 -0.3704 -0.1982
vn -0.9151 -0.3704 -0.1593
vn -0.9305 -0.3391 -0.1383
vn -0.9402 -0.2989 -0.1631
vn -0.9535 -0.2658 -0.1422
vn -0.9585 -0.2658 -0.1030
vn -0.9696 -0.2311 -0.0801
vn -0.9760 -0.1910 -0.1045
vn -0.9846 -0.1549 -0.0817
vn -0.9870 -0.1549 -0.0431
vn -0.9929 -0.1175 -0.0187
vn -0.9960 -0.0777 -0.0433
vn -0.9990 -0.0393 -0.0190
vn -0.9991 -0.0393 0.0180
vn -0.9991 -0.0000 0.0434
vn -0.9991 0.0393 0.0180
vn -0.9990 0.0393 -0.0190
vn -0.9960 0.0777 -0.0433
vn -0.9929 0.1175 -0.0187
vn -0.9870 0.1549 -0.0431
vn -0.9846 0.1549 -0.0817
vn -0.9760 0.1910 -0.1045
vn -0.9696 0.2311 -0.0801
vn -0.9585 0.2658 -0.1030
vn -0.9535 0.2658 -0.1422
vn -0.9402 0.2989 -0.1632
vn -0.9305 0.3391 -0.1383
vn -0.9151 0.3704 -0.1594
vn -0.9075 0.3704 -0.1982
vn -0.8906 0.3998 -0.2169
vn -0.8775 0.4400 -0.1908
vn -0.8541 0.4714 -0.2196
vn -0.8487 0.4674 -0.2474
vn -0.8223 0.4975 -0.2762
vn -0.8065 0.5362 -0.2492
vn -0.7774 0.5648 -0.2770
vn -0.7708 0.5600 -0.3038
vn -0.7591 0.6014 -0.2492
vn -0.7273 0.6283 -0.2762
vn -0.7068 0.6627 -0.2474
vn -0.7123 0.6667 -0.2196
vn -0.6896 0.6986 -0.1908
vn -0.6554 0.7234 -0.2170
vn -0.6327 0.7486 -0.1982
vn -0.6351 0.7559 -0.1593
vn -0.6100 0.7802 -0.1382
vn -0.5748 0.8019 -0.1631
vn -0.5475 0.8247 -0.1422
vn -0.5490 0.8294 -0.1031
vn -0.5195 0.8507 -0.0802
vn -0.4832 0.8692 -0.1046
vn -0.4515 0.8885 -0.0817
vn -0.4523 0.8908 -0.0431
vn -0.4186 0.9080 -0.0187
vn -0.3817 0.9233 -0.0433
vn -0.3460 0.9380 -0.0190
vn -0.3460 0.9381 0.0180
vn -0.3088 0.9501 0.0434
vn -0.2714 0.9623 0.0179
vn -0.2714 0.9623 -0.0190
vn -0.2339 0.9713 -0.0433
vn -0.1951 0.9806 -0.0187
vn -0.1577 0.9865 -0.0431
vn -0.1570 0.9842 -0.0817
vn -0.1200 0.9873 -0.1045
vn -0.0798 0.9936 -0.0801
vn -0.0433 0.9937 -0.1030
vn -0.0418 0.9890 -0.1422
vn -0.0063 0.9866 -0.1631
vn 0.0349 0.9898 -0.1382
vn 0.0695 0.9848 -0.1594
vn 0.0718 0.9775 -0.1982
vn 0.1050 0.9705 -0.2169
vn 0.1473 0.9705 -0.1908
vn 0.1844 0.9580 -0.2196
vn 0.1823 0.9516 -0.2475
vn 0.2190 0.9358 -0.2762
vn 0.2607 0.9327 -0.2492
vn 0.2969 0.9139 -0.2770
vn 0.2944 0.9061 -0.3038
vn 0.3374 0.9078 -0.2492
vn 0.3729 0.8858 -0.2762
vn 0.4118 0.8770 -0.2474
vn 0.4139 0.8834 -0.2196
vn 0.4513 0.8717 -0.1908
vn 0.4855 0.8469 -0.2169
vn 0.5165 0.8331 -0.1981
vn 0.5226 0.8375 -0.1593
vn 0.5535 0.8213 -0.1383
vn 0.5850 0.7945 -0.1632
vn 0.6151 0.7755 -0.1422
vn 0.6192 0.7785 -0.1030
vn 0.6486 0.7569 -0.0801
vn 0.6773 0.7282 -0.1045
vn 0.7055 0.7040 -0.0817
vn 0.7074 0.7055 -0.0431
vn 0.7342 0.6787 -0.0187
vn 0.7602 0.6483 -0.0433
vn 0.7852 0.6190 -0.0190
vn 0.7852 0.6190 0.0180
vn 0.8083 0.5872 0.0434
vn 0.8313 0.5555 0.0179
vn 0.8313 0.5555 -0.0190
vn 0.8515 0.5226 -0.0433
vn 0.8724 0.4885 -0.0187
vn 0.8895 0.4549 -0.0431
vn 0.8875 0.4534 -0.0817
vn 0.9019 0.4192 -0.1045
vn 0.9203 0.3829 -0.0801
vn 0.9317 0.3483 -0.1030
vn 0.9276 0.3454 -0.1422
vn 0.9364 0.3108 -0.1632
vn 0.9521 0.2726 -0.1383
vn 0.9580 0.2382 -0.1594
vn 0.9519 0.2338 -0.1981
vn 0.9555 0.1999 -0.2169
vn 0.9685 0.1598 -0.1908
vn 0.9681 0.1207 -0.2196
vn 0.9614 0.1207 -0.2473
vn 0.9577 0.0808 -0.2761
vn 0.9676 0.0403 -0.2492
vn 0.9609 0.0000 -0.2770
vn 0.9528 0.0000 -0.3038
vn 0.9676 -0.0403 -0.2492
vn 0.9577 -0.0808 -0.2761
vn 0.9614 -0.1207 -0.2473
vn 0.9681 -0.1207 -0.2196
vn 0.9685 -0.1598 -0.1908
vn 0.9555 -0.1999 -0.2169
vn 0.9519 -0.2338 -0.1981
vn 0.9580 -0.2382 -0.1594
vn 0.9521 -0.2726 -0.1383
vn 0.9364 -0.3108 -0.1632
vn 0.9276 -0.3454 -0.1422
vn 0.9317 -0.3483 -0.1030
vn 0.9203 -0.3829 -0.0801
vn 0.9019 -0.4192 -0.1045
vn 0.8875 -0.4534 -0.0817
vn 0.8895 -0.4549 -0.0431
vn 0.8724 -0.4885 -0.0187
vn 0.8515 -0.5226 -0.0433
vn 0.8495 -0.5211 -0.0826
vn 0.8313 -0.5555 -0.0190
vn 0.8082 -0.5872 -0.0433
vn 0.7852 -0.6190 -0.0190
vn 0.7852 -0.6190 0.0180
vn 0.7592 -0.6494 0.0433
vn 0.7342 -0.6787 0.0177
vn 0.7342 -0.6787 -0.0187
vn 0.7075 -0.7054 -0.0431
vn 0.6787 -0.7342 -0.0182
vn 0.6505 -0.7583 -0.0428
vn 0.6486 -0.7569 -0.0801
vn 0.6192 -0.7785 -0.1030
vn 0.5877 -0.8053 -0.0779
vn 0.5574 -0.8241 -0.1011
vn 0.5535 -0.8213 -0.1383
vn 0.5226 -0.8375 -0.1593
vn 0.4885 -0.8623 -0.1333
vn 0.4529 -0.8768 -0.1617
vn 0.4513 -0.8717 -0.1908
vn 0.4139 -0.8834 -0.2196
vn 0.3784 -0.9053 -0.1929
vn 0.3395 -0.9143 -0.2208
vn 0.3373 -0.9078 -0.2492
vn 0.2969 -0.9138 -0.2770
vn 0.2607 -0.9327 -0.2492
vn 0.2628 -0.9392 -0.2209
vn 0.2260 -0.9548 -0.1929
vn 0.1844 -0.9580 -0.2196
vn 0.1473 -0.9705 -0.1908
vn 0.1489 -0.9755 -0.1617
vn 0.1116 -0.9848 -0.1333
vn 0.0695 -0.9848 -0.1593
vn 0.0349 -0.9898 -0.1383
vn 0.0335 -0.9943 -0.1011
vn -0.0022 -0.9970 -0.0779
vn -0.0434 -0.9937 -0.1030
vn -0.0798 -0.9936 -0.0801
vn -0.0805 -0.9958 -0.0428
vn -0.1175 -0.9929 -0.0182
vn -0.1577 -0.9865 -0.0431
vn -0.1951 -0.9806 -0.0187
vn -0.1951 -0.9806 0.0177
vn -0.2325 -0.9716 0.0433
vn -0.2714 -0.9623 0.0180
vn -0.3087 -0.9502 0.0434
vn -0.3081 -0.9482 0.0780
vn -0.3450 -0.9328 0.1042
vn -0.3824 -0.9207 0.0776
vn -0.3830 -0.9227 0.0434
vn -0.4187 -0.9022 0.1037
vn -0.4543 -0.8876 0.0767
vn -0.4549 -0.8895 0.0432
vn -0.4885 -0.8724 0.0172
vn -0.5239 -0.8507 0.0429
vn -0.5555 -0.8314 0.0164
vn -0.5555 -0.8313 -0.0174
vn -0.5849 -0.8100 -0.0424
vn -0.6190 -0.7852 -0.0164
vn -0.6472 -0.7611 -0.0429
vn -0.6456 -0.7600 -0.0751
vn -0.6722 -0.7333 -0.1027
vn -0.7038 -0.7063 -0.0767
vn -0.7287 -0.6770 -0.1037
vn -0.7256 -0.6747 -0.1354
vn -0.7484 -0.6429 -0.1630
vn -0.7774 -0.6141 -0.1364
vn -0.7981 -0.5799 -0.1634
vn -0.7937 -0.5767 -0.1937
vn -0.8242 -0.5496 -0.1364
vn -0.8427 -0.5131 -0.1630
vn -0.8659 -0.4815 -0.1354
vn -0.8690 -0.4838 -0.1037
vn -0.8892 -0.4511 -0.0767
vn -0.9051 -0.4127 -0.1027
vn -0.9223 -0.3791 -0.0751
vn -0.9239 -0.3803 -0.0429
vn -0.9381 -0.3461 -0.0164
vn -0.9511 -0.3060 -0.0424
vn -0.9623 -0.2714 -0.0174
vn -0.9623 -0.2714 0.0164
vn -0.9710 -0.2354 0.0429
vn -0.9806 -0.1951 0.0172
vn -0.9865 -0.1577 0.0432
vn -0.9845 -0.1577 0.0767
vn -0.9874 -0.1194 0.1037
vn -0.9938 -0.0791 0.0776
vn -0.9938 -0.0399 0.1042
vn -0.9899 -0.0399 0.1364
vn -0.9866 0.0000 0.1634
vn -0.9899 0.0399 0.1364
vn -0.9938 0.0399 0.1042
vn -0.9938 0.0791 0.0776
vn -0.9874 0.1194 0.1037
vn -0.9845 0.1577 0.0767
vn -0.9865 0.1577 0.0432
vn -0.9806 0.1951 0.0172
vn -0.9710 0.2354 0.0429
vn -0.9623 0.2714 0.0164
vn -0.9623 0.2714 -0.0174
vn -0.9511 0.3060 -0.0424
vn -0.9381 0.3461 -0.0164
vn -0.9239 0.3803 -0.0429
vn -0.9223 0.3791 -0.0751
vn -0.9051 0.4127 -0.1027
vn -0.8892 0.4511 -0.0767
vn -0.8690 0.4838 -0.1037
vn -0.8659 0.4815 -0.1354
vn -0.8427 0.5131 -0.1630
vn -0.8242 0.5496 -0.1364
vn -0.7981 0.5799 -0.1634
vn -0.7937 0.5767 -0.1937
vn -0.7774 0.6141 -0.1364
vn -0.7485 0.6428 -0.1630
vn -0.7256 0.6747 -0.1353
vn -0.7287 0.6770 -0.1037
vn -0.7038 0.7063 -0.0767
vn -0.6722 0.7333 -0.1027
vn -0.6456 0.7600 -0.0751
vn -0.6472 0.7611 -0.0429
vn -0.6190 0.7852 -0.0164
vn -0.5850 0.8100 -0.0424
vn -0.5555 0.8313 -0.0174
vn -0.5555 0.8313 0.0164
vn -0.5239 0.8507 0.0429
vn -0.4885 0.8724 0.0171
vn -0.4549 0.8895 0.0431
vn -0.4542 0.8876 0.0767
vn -0.4187 0.9022 0.1037
vn -0.3823 0.9208 0.0776
vn -0.3450 0.9328 0.1041
vn -0.3438 0.9291 0.1364
vn -0.3048 0.9383 0.1635
vn -0.2679 0.9537 0.1365
vn -0.2691 0.9575 0.1042
vn -0.2318 0.9696 0.0776
vn -0.1916 0.9760 0.1037
vn -0.1542 0.9851 0.0767
vn -0.1548 0.9870 0.0432
vn -0.1175 0.9929 0.0172
vn -0.0762 0.9962 0.0429
vn -0.0392 0.9991 0.0164
vn -0.0392 0.9991 -0.0175
vn -0.0028 0.9991 -0.0424
vn 0.0393 0.9991 -0.0164
vn 0.0762 0.9962 -0.0428
vn 0.0756 0.9943 -0.0750
vn 0.1128 0.9883 -0.1027
vn 0.1542 0.9851 -0.0767
vn 0.1916 0.9760 -0.1037
vn 0.1904 0.9723 -0.1353
vn 0.2277 0.9600 -0.1630
vn 0.2680 0.9537 -0.1364
vn 0.3048 0.9383 -0.1634
vn 0.3031 0.9331 -0.1936
vn 0.3438 0.9291 -0.1364
vn 0.3801 0.9105 -0.1630
vn 0.4175 0.8985 -0.1354
vn 0.4187 0.9022 -0.1037
vn 0.4542 0.8876 -0.0767
vn 0.4897 0.8658 -0.1027
vn 0.5233 0.8488 -0.0751
vn 0.5239 0.8507 -0.0429
vn 0.5555 0.8313 -0.0164
vn 0.5896 0.8066 -0.0424
vn 0.6190 0.7852 -0.0174
vn 0.6190 0.7852 0.0164
vn 0.6472 0.7611 0.0429
vn 0.6787 0.7342 0.0172
vn 0.7054 0.7075 0.0431
vn 0.7037 0.7063 0.0767
vn 0.7287 0.6770 0.1037
vn 0.7575 0.6482 0.0777
vn 0.7805 0.6164 0.1042
vn 0.7774 0.6141 0.1364
vn 0.7981 0.5799 0.1635
vn 0.8243 0.5495 0.1364
vn 0.8274 0.5518 0.1042
vn 0.8505 0.5202 0.0777
vn 0.8690 0.4838 0.1037
vn 0.8892 0.4510 0.0766
vn 0.8909 0.4522 0.0431
vn 0.9080 0.4186 0.0172
vn 0.9239 0.3803 0.0429
vn 0.9381 0.3460 0.0163
vn 0.9381 0.3460 -0.0175
vn 0.9493 0.3115 -0.0424
vn 0.9623 0.2714 -0.0164
vn 0.9710 0.2354 -0.0429
vn 0.9690 0.2354 -0.0751
vn 0.9748 0.1981 -0.1027
vn 0.9845 0.1577 -0.0767
vn 0.9874 0.1194 -0.1036
vn 0.9836 0.1194 -0.1354
vn 0.9834 0.0802 -0.1630
vn 0.9899 0.0399 -0.1364
vn 0.9866 0.0000 -0.1634
vn 0.9811 0.0000 -0.1937
vn 0.9899 -0.0399 -0.1364
vn 0.9834 -0.0802 -0.1630
vn 0.9836 -0.1194 -0.1354
vn 0.9874 -0.1194 -0.1036
vn 0.9845 -0.1577 -0.0767
vn 0.9748 -0.1981 -0.1027
vn 0.9690 -0.2354 -0.0751
vn 0.9710 -0.2353 -0.0429
vn 0.9623 -0.2714 -0.0164
vn 0.9493 -0.3115 -0.0424
vn 0.9381 -0.3460 -0.0175
vn 0.9381 -0.3460 0.0163
vn 0.9239 -0.3803 0.0429
vn 0.9080 -0.4186 0.0172
vn 0.8909 -0.4522 0.0431
vn 0.8892 -0.4510 0.0766
vn 0.8690 -0.4838 0.1037
vn 0.8505 -0.5202 0.0777
vn 0.8522 -0.5214 0.0433
vn 0.8274 -0.5518 0.1042
vn 0.8065 -0.5860 0.0779
vn 0.7805 -0.6164 0.1041
vn 0.7774 -0.6141 0.1364
vn 0.7484 -0.6429 0.1630
vn 0.7256 -0.6747 0.1354
vn 0.7287 -0.6770 0.1037
vn 0.7037 -0.7063 0.0767
vn 0.6722 -0.7333 0.1027
vn 0.6456 -0.7600 0.0750
vn 0.6472 -0.7611 0.0429
vn 0.6190 -0.7852 0.0164
vn 0.5849 -0.8100 0.0424
vn 0.5555 -0.8313 0.0175
vn 0.5555 -0.8314 -0.0164
vn 0.5239 -0.8507 -0.0429
vn 0.4885 -0.8724 -0.0172
vn 0.4549 -0.8895 -0.0432
vn 0.4543 -0.8876 -0.0767
vn 0.4187 -0.9022 -0.1037
vn 0.3824 -0.9207 -0.0776
vn 0.3450 -0.9328 -0.1042
vn 0.3438 -0.9291 -0.1364
vn 0.3049 -0.9383 -0.1635
vn 0.2680 -0.9537 -0.1364
vn 0.2692 -0.9574 -0.1042
vn 0.2319 -0.9696 -0.0776
vn 0.1916 -0.9760 -0.1037
vn 0.1542 -0.9851 -0.0767
vn 0.1548 -0.9870 -0.0432
vn 0.1175 -0.9929 -0.0172
vn 0.0762 -0.9962 -0.0429
vn 0.0393 -0.9991 -0.0164
vn 0.0393 -0.9991 0.0174
vn 0.0029 -0.9991 0.0424
vn -0.0393 -0.9991 0.0164
vn -0.0762 -0.9962 0.0429
vn -0.0756 -0.9943 0.0751
vn -0.1128 -0.9883 0.1027
vn -0.1542 -0.9851 0.0767
vn -0.1916 -0.9760 0.1037
vn -0.1904 -0.9723 0.1354
vn -0.2276 -0.9600 0.1630
vn -0.2679 -0.9537 0.1364
vn -0.3049 -0.9383 0.1635
vn -0.3032 -0.9330 0.1937
vn -0.3395 -0.9143 0.2209
vn -0.3785 -0.9053 0.1929
vn -0.3801 -0.9105 0.1630
vn -0.4139 -0.8834 0.2196
vn -0.4513 -0.8717 0.1908
vn -0.4529 -0.8768 0.1617
vn -0.4885 -0.8623 0.1333
vn -0.5226 -0.8375 0.1593
vn -0.5535 -0.8213 0.1383
vn -0.5574 -0.8241 0.1011
vn -0.5877 -0.8053 0.0779
vn -0.6192 -0.7784 0.1030
vn -0.6486 -0.7569 0.0801
vn -0.6505 -0.7583 0.0428
vn -0.6787 -0.7342 0.0182
vn -0.7075 -0.7054 0.0431
vn -0.7342 -0.6787 0.0187
vn -0.7342 -0.6787 -0.0177
vn -0.7592 -0.6494 -0.0433
vn -0.7852 -0.6190 -0.0180
vn -0.8083 -0.5872 -0.0434
vn -0.8066 -0.5860 -0.0780
vn -0.8313 -0.5555 -0.0180
vn -0.8522 -0.5214 -0.0433
vn -0.8724 -0.4885 -0.0177
vn -0.8723 -0.4885 0.0187
vn -0.8895 -0.4548 0.0431
vn -0.9080 -0.4186 0.0182
vn -0.9222 -0.3843 0.0428
vn -0.9203 -0.3829 0.0801
vn -0.9317 -0.3483 0.1030
vn -0.9475 -0.3101 0.0779
vn -0.9560 -0.2754 0.1011
vn -0.9521 -0.2726 0.1383
vn -0.9580 -0.2382 0.1593
vn -0.9711 -0.1981 0.1333
vn -0.9738 -0.1598 0.1617
vn -0.9685 -0.1598 0.1908
vn -0.9681 -0.1207 0.2196
vn -0.9779 -0.0802 0.1930
vn -0.9745 -0.0403 0.2209
vn -0.9676 -0.0403 0.2492
vn -0.9609 0.0000 0.2770
vn -0.9676 0.0403 0.2492
vn -0.9745 0.0403 0.2209
vn -0.9779 0.0802 0.1930
vn -0.9681 0.1207 0.2196
vn -0.9685 0.1598 0.1908
vn -0.9738 0.1598 0.1617
vn -0.9711 0.1981 0.1333
vn -0.9580 0.2382 0.1594
vn -0.9521 0.2726 0.1383
vn -0.9560 0.2754 0.1011
vn -0.9475 0.3101 0.0779
vn -0.9317 0.3483 0.1030
vn -0.9203 0.3829 0.0801
vn -0.9222 0.3843 0.0428
vn -0.9080 0.4186 0.0182
vn -0.8895 0.4548 0.0431
vn -0.8724 0.4885 0.0187
vn -0.8724 0.4885 -0.0177
vn -0.8522 0.5214 -0.0433
vn -0.8313 0.5555 -0.0180
vn -0.8083 0.5872 -0.0434
vn -0.8066 0.5860 -0.0780
vn -0.7852 0.6190 -0.0180
vn -0.7592 0.6494 -0.0433
vn -0.7342 0.6787 -0.0177
vn -0.7342 0.6787 0.0187
vn -0.7074 0.7055 0.0431
vn -0.6787 0.7342 0.0182
vn -0.6505 0.7583 0.0428
vn -0.6486 0.7569 0.0801
vn -0.6192 0.7784 0.1030
vn -0.5877 0.8053 0.0779
vn -0.5574 0.8241 0.1011
vn -0.5535 0.8213 0.1383
vn -0.5226 0.8375 0.1594
vn -0.4885 0.8623 0.1333
vn -0.4530 0.8767 0.1617
vn -0.4513 0.8717 0.1908
vn -0.4139 0.8834 0.2196
vn -0.3785 0.9053 0.1930
vn -0.3395 0.9143 0.2209
vn -0.3374 0.9078 0.2492
vn -0.2969 0.9139 0.2770
vn -0.2607 0.9327 0.2492
vn -0.2628 0.9392 0.2208
vn -0.2260 0.9548 0.1929
vn -0.1844 0.9580 0.2196
vn -0.1473 0.9705 0.1908
vn -0.1489 0.9755 0.1617
vn -0.1117 0.9848 0.1333
vn -0.0695 0.9848 0.1594
vn -0.0349 0.9898 0.1382
vn -0.0334 0.9943 0.1011
vn 0.0022 0.9970 0.0779
vn 0.0433 0.9937 0.1030
vn 0.0798 0.9936 0.0801
vn 0.0805 0.9958 0.0428
vn 0.1175 0.9929 0.0182
vn 0.1577 0.9865 0.0431
vn 0.1951 0.9806 0.0187
vn 0.1951 0.9806 -0.0177
vn 0.2325 0.9716 -0.0433
vn 0.2714 0.9623 -0.0179
vn 0.3088 0.9501 -0.0434
vn 0.3081 0.9481 -0.0780
vn 0.3460 0.9381 -0.0180
vn 0.3830 0.9227 -0.0434
vn 0.4186 0.9080 -0.0177
vn 0.4186 0.9080 0.0187
vn 0.4523 0.8908 0.0431
vn 0.4885 0.8724 0.0182
vn 0.5202 0.8530 0.0428
vn 0.5195 0.8507 0.0801
vn 0.5490 0.8294 0.1031
vn 0.5842 0.8078 0.0779
vn 0.6115 0.7848 0.1011
vn 0.6100 0.7802 0.1382
vn 0.6351 0.7558 0.1593
vn 0.6692 0.7311 0.1333
vn 0.6939 0.7017 0.1617
vn 0.6896 0.6986 0.1908
vn 0.7123 0.6667 0.2196
vn 0.7440 0.6397 0.1930
vn 0.7647 0.6054 0.2209
vn 0.7591 0.6013 0.2492
vn 0.7774 0.5648 0.2769
vn 0.8065 0.5362 0.2492
vn 0.8120 0.5402 0.2209
vn 0.8383 0.5099 0.1929
vn 0.8541 0.4714 0.2195
vn 0.8775 0.4400 0.1908
vn 0.8818 0.4431 0.1617
vn 0.9021 0.4105 0.1333
vn 0.9151 0.3704 0.1593
vn 0.9305 0.3391 0.1382
vn 0.9353 0.3391 0.1011
vn 0.9488 0.3060 0.0779
vn 0.9585 0.2659 0.1030
vn 0.9696 0.2312 0.0801
vn 0.9720 0.2312 0.0428
vn 0.9806 0.1951 0.0182
vn 0.9870 0.1549 0.0432
vn 0.9929 0.1175 0.0187
vn 0.9929 0.1175 -0.0177
vn 0.9959 0.0791 -0.0433
vn 0.9991 0.0393 -0.0180
vn 0.9991 0.0000 -0.0434
vn 0.9970 0.0000 -0.0779
vn 0.9991 -0.0393 -0.0180
vn 0.9959 -0.0791 -0.0433
vn 0.9929 -0.1175 -0.0177
vn 0.9929 -0.1175 0.0187
vn 0.9870 -0.1549 0.0432
vn 0.9806 -0.1951 0.0182
vn 0.9720 -0.2312 0.0428
vn 0.9696 -0.2312 0.0801
vn 0.9585 -0.2659 0.1030
vn 0.9488 -0.3060 0.0779
vn 0.9353 -0.3391 0.1011
vn 0.9305 -0.3391 0.1382
vn 0.9151 -0.3704 0.1593
vn 0.9021 -0.4105 0.1333
vn 0.8818 -0.4431 0.1617
vn 0.8775 -0.4400 0.1908
vn 0.8541 -0.4714 0.2195
vn 0.8383 -0.5099 0.1929
vn 0.8427 -0.5131 0.1630
vn 0.8121 -0.5402 0.2208
vn 0.7937 -0.5766 0.1937
vn 0.7647 -0.6054 0.2209
vn 0.7591 -0.6014 0.2492
vn 0.7273 -0.6284 0.2762
vn 0.7068 -0.6627 0.2474
vn 0.7123 -0.6667 0.2196
vn 0.6896 -0.6986 0.1908
vn 0.6554 -0.7234 0.2169
vn 0.6327 -0.7486 0.1982
vn 0.6351 -0.7558 0.1594
vn 0.6100 -0.7802 0.1382
vn 0.5748 -0.8019 0.1631
vn 0.5475 -0.8247 0.1422
vn 0.5490 -0.8294 0.1030
vn 0.5195 -0.8507 0.0801
vn 0.4832 -0.8692 0.1046
vn 0.4515 -0.8885 0.0817
vn 0.4523 -0.8908 0.0431
vn 0.4186 -0.9080 0.0187
vn 0.3817 -0.9233 0.0433
vn 0.3460 -0.9380 0.0190
vn 0.3460 -0.9380 -0.0180
vn 0.3087 -0.9502 -0.0434
vn 0.2714 -0.9623 -0.0180
vn 0.2714 -0.9623 0.0190
vn 0.2339 -0.9713 0.0433
vn 0.1951 -0.9806 0.0187
vn 0.1577 -0.9865 0.0431
vn 0.1570 -0.9842 0.0817
vn 0.1200 -0.9873 0.1045
vn 0.0798 -0.9936 0.0801
vn 0.0434 -0.9937 0.1030
vn 0.0418 -0.9890 0.1422
vn 0.0063 -0.9866 0.1631
vn -0.0349 -0.9898 0.1383
vn -0.0695 -0.9848 0.1594
vn -0.0718 -0.9775 0.1982
vn -0.1051 -0.9705 0.2169
vn -0.1473 -0.9705 0.1908
vn -0.1844 -0.9580 0.2196
vn -0.1823 -0.9516 0.2474
vn -0.2190 -0.9358 0.2762
vn -0.2607 -0.9327 0.2492
vn -0.2969 -0.9138 0.2770
vn -0.2944 -0.9061 0.3038
vn -0.3299 -0.8841 0.3310
vn -0.3704 -0.8782 0.3027
vn -0.3728 -0.8858 0.2762
vn -0.4047 -0.8532 0.3289
vn -0.4345 -0.8437 0.3152
vn -0.4461 -0.8522 0.2735
vn -0.4767 -0.8406 0.2572
vn -0.5083 -0.8138 0.2818
vn -0.5387 -0.7996 0.2654
vn -0.5480 -0.8063 0.2229
vn -0.5785 -0.7897 0.2041
vn -0.6074 -0.7611 0.2276
vn -0.6372 -0.7419 0.2087
vn -0.6439 -0.7468 0.1661
vn -0.6731 -0.7251 0.1451
vn -0.6992 -0.6949 0.1683
vn -0.7272 -0.6705 0.1471
vn -0.7315 -0.6737 0.1055
vn -0.7581 -0.6468 0.0826
vn -0.7813 -0.6151 0.1060
vn -0.8062 -0.5858 0.0829
vn -0.8083 -0.5872 0.0434
vn -0.8264 -0.5530 0.1060
vn -0.8494 -0.5212 0.0826
vn -0.8667 -0.4875 0.1055
vn -0.8624 -0.4844 0.1471
vn -0.8769 -0.4502 0.1683
vn -0.8977 -0.4161 0.1451
vn -0.9093 -0.3817 0.1661
vn -0.9025 -0.3768 0.2087
vn -0.9115 -0.3425 0.2276
vn -0.9299 -0.3061 0.2041
vn -0.9361 -0.2720 0.2228
vn -0.9269 -0.2653 0.2654
vn -0.9310 -0.2320 0.2818
vn -0.9467 -0.1937 0.2572
vn -0.9483 -0.1609 0.2735
vn -0.9367 -0.1525 0.3152
vn -0.9365 -0.1212 0.3289
vn -0.9496 -0.0809 0.3027
vn -0.9427 -0.0406 0.3311
vn -0.9334 -0.0406 0.3565
vn -0.9233 0.0000 0.3841
vn -0.9334 0.0406 0.3565
vn -0.9427 0.0406 0.3311
vn -0.9497 0.0809 0.3027
vn -0.9365 0.1212 0.3289
vn -0.9367 0.1525 0.3152
vn -0.9483 0.1609 0.2735
vn -0.9467 0.1937 0.2572
vn -0.9310 0.2320 0.2818
vn -0.9269 0.2653 0.2654
vn -0.9361 0.2720 0.2228
vn -0.9299 0.3061 0.2041
vn -0.9115 0.3425 0.2276
vn -0.9025 0.3768 0.2087
vn -0.9093 0.3817 0.1661
vn -0.8977 0.4161 0.1451
vn -0.8769 0.4502 0.1683
vn -0.8624 0.4844 0.1471
vn -0.8667 0.4875 0.1055
vn -0.8494 0.5212 0.0826
vn -0.8264 0.5529 0.1060
vn -0.8062 0.5857 0.0830
vn -0.8083 0.5872 0.0434
vn -0.7813 0.6151 0.1061
vn -0.7581 0.6468 0.0827
vn -0.7315 0.6736 0.1055
vn -0.7272 0.6705 0.1471
vn -0.6992 0.6948 0.1683
vn -0.6731 0.7251 0.1452
vn -0.6439 0.7468 0.1662
vn -0.6372 0.7419 0.2087
vn -0.6074 0.7611 0.2276
vn -0.5785 0.7898 0.2041
vn -0.5480 0.8063 0.2228
vn -0.5387 0.7996 0.2654
vn -0.5083 0.8138 0.2818
vn -0.4767 0.8406 0.2573
vn -0.4461 0.8522 0.2736
vn -0.4345 0.8437 0.3152
vn -0.4047 0.8532 0.3289
vn -0.3704 0.8782 0.3027
vn -0.3299 0.8840 0.3311
vn -0.3270 0.8752 0.3565
vn -0.2853 0.8781 0.3841
vn -0.2499 0.9002 0.3565
vn -0.2528 0.9091 0.3311
vn -0.2165 0.9282 0.3027
vn -0.1741 0.9282 0.3289
vn -0.1445 0.9380 0.3152
vn -0.1401 0.9516 0.2736
vn -0.1083 0.9603 0.2572
vn -0.0671 0.9571 0.2818
vn -0.0342 0.9635 0.2654
vn -0.0306 0.9744 0.2229
vn 0.0039 0.9790 0.2040
vn 0.0440 0.9728 0.2276
vn 0.0794 0.9747 0.2087
vn 0.0820 0.9827 0.1662
vn 0.1184 0.9823 0.1452
vn 0.1572 0.9731 0.1683
vn 0.1941 0.9699 0.1471
vn 0.1958 0.9750 0.1055
vn 0.2332 0.9689 0.0826
vn 0.2705 0.9569 0.1060
vn 0.3079 0.9478 0.0829
vn 0.3087 0.9502 0.0434
vn 0.3436 0.9331 0.1060
vn 0.3809 0.9209 0.0826
vn 0.4147 0.9038 0.1055
vn 0.4130 0.8988 0.1471
vn 0.4448 0.8797 0.1683
vn 0.4816 0.8643 0.1451
vn 0.5113 0.8432 0.1661
vn 0.5087 0.8353 0.2087
vn 0.5362 0.8128 0.2276
vn 0.5723 0.7942 0.2041
vn 0.5975 0.7703 0.2229
vn 0.5940 0.7595 0.2654
vn 0.6169 0.7349 0.2818
vn 0.6521 0.7132 0.2572
vn 0.6726 0.6876 0.2736
vn 0.6682 0.6739 0.3152
vn 0.6864 0.6485 0.3289
vn 0.7207 0.6236 0.3027
vn 0.7388 0.5870 0.3311
vn 0.7313 0.5815 0.3565
vn 0.7469 0.5427 0.3842
vn 0.7790 0.5158 0.3565
vn 0.7865 0.5213 0.3311
vn 0.8158 0.4927 0.3027
vn 0.8289 0.4524 0.3289
vn 0.8474 0.4272 0.3152
vn 0.8618 0.4272 0.2736
vn 0.8798 0.3998 0.2572
vn 0.8896 0.3596 0.2818
vn 0.9058 0.3302 0.2654
vn 0.9172 0.3302 0.2229
vn 0.9322 0.2989 0.2041
vn 0.9387 0.2587 0.2276
vn 0.9516 0.2257 0.2087
vn 0.9599 0.2257 0.1662
vn 0.9708 0.1910 0.1451
vn 0.9741 0.1512 0.1683
vn 0.9824 0.1151 0.1471
vn 0.9877 0.1151 0.1055
vn 0.9935 0.0777 0.0826
vn 0.9936 0.0384 0.1060
vn 0.9966 0.0000 0.0830
vn 0.9991 0.0000 0.0434
vn 0.9936 -0.0384 0.1060
vn 0.9935 -0.0777 0.0826
vn 0.9877 -0.1151 0.1055
vn 0.9824 -0.1151 0.1471
vn 0.9741 -0.1512 0.1683
vn 0.9708 -0.1910 0.1451
vn 0.9599 -0.2257 0.1662
vn 0.9516 -0.2257 0.2087
vn 0.9387 -0.2587 0.2276
vn 0.9322 -0.2989 0.2041
vn 0.9172 -0.3302 0.2229
vn 0.9058 -0.3302 0.2654
vn 0.8896 -0.3596 0.2818
vn 0.8798 -0.3998 0.2572
vn 0.8618 -0.4272 0.2736
vn 0.8474 -0.4272 0.3152
vn 0.8289 -0.4524 0.3289
vn 0.8158 -0.4928 0.3027
vn 0.8223 -0.4975 0.2762
vn 0.7865 -0.5213 0.3311
vn 0.7708 -0.5600 0.3038
vn 0.7388 -0.5870 0.3311
vn 0.7313 -0.5815 0.3565
vn 0.6969 -0.6065 0.3828
vn 0.6808 -0.6312 0.3717
vn 0.6864 -0.6485 0.3289
vn 0.6682 -0.6740 0.3152
vn 0.6329 -0.6958 0.3396
vn 0.6122 -0.7205 0.3257
vn 0.6169 -0.7349 0.2818
vn 0.5940 -0.7594 0.2654
vn 0.5578 -0.7782 0.2886
vn 0.5325 -0.8016 0.2720
vn 0.5361 -0.8129 0.2276
vn 0.5087 -0.8353 0.2087
vn 0.4719 -0.8508 0.2312
vn 0.4421 -0.8715 0.2120
vn 0.4448 -0.8797 0.1683
vn 0.4130 -0.8988 0.1471
vn 0.3757 -0.9111 0.1696
vn 0.3419 -0.9280 0.1481
vn 0.3436 -0.9331 0.1060
vn 0.3079 -0.9478 0.0829
vn 0.2705 -0.9569 0.1060
vn 0.2688 -0.9517 0.1481
vn 0.2315 -0.9579 0.1696
vn 0.1942 -0.9699 0.1471
vn 0.1572 -0.9731 0.1683
vn 0.1546 -0.9650 0.2120
vn 0.1183 -0.9657 0.2313
vn 0.0794 -0.9747 0.2087
vn 0.0440 -0.9728 0.2276
vn 0.0403 -0.9615 0.2720
vn 0.0061 -0.9574 0.2886
vn -0.0341 -0.9635 0.2654
vn -0.0671 -0.9571 0.2818
vn -0.0717 -0.9427 0.3257
vn -0.1030 -0.9349 0.3397
vn -0.1444 -0.9380 0.3152
vn -0.1741 -0.9282 0.3289
vn -0.1797 -0.9108 0.3717
vn -0.2073 -0.9003 0.3828
vn -0.2498 -0.9003 0.3565
vn -0.2853 -0.8781 0.3841
vn -0.2820 -0.8681 0.4085
vn -0.3166 -0.8429 0.4350
vn -0.3432 -0.8369 0.4264
vn -0.3615 -0.8502 0.3828
vn -0.3753 -0.8099 0.4508
vn -0.4026 -0.8016 0.4419
vn -0.4218 -0.8156 0.3961
vn -0.4506 -0.8056 0.3847
vn -0.4799 -0.7769 0.4075
vn -0.5090 -0.7645 0.3957
vn -0.5252 -0.7763 0.3487
vn -0.5550 -0.7617 0.3344
vn -0.5814 -0.7316 0.3560
vn -0.6109 -0.7144 0.3412
vn -0.6241 -0.7240 0.2940
vn -0.6534 -0.7045 0.2769
vn -0.6770 -0.6731 0.2978
vn -0.7055 -0.6509 0.2802
vn -0.7156 -0.6583 0.2337
vn -0.7433 -0.6338 0.2140
vn -0.7638 -0.6012 0.2349
vn -0.7901 -0.5741 0.2147
vn -0.7972 -0.5792 0.1700
vn -0.8078 -0.5407 0.2349
vn -0.8324 -0.5111 0.2140
vn -0.8472 -0.4772 0.2337
vn -0.8371 -0.4698 0.2802
vn -0.8493 -0.4359 0.2978
vn -0.8720 -0.4037 0.2769
vn -0.8814 -0.3698 0.2939
vn -0.8682 -0.3602 0.3412
vn -0.8755 -0.3269 0.3560
vn -0.8959 -0.2924 0.3344
vn -0.9006 -0.2596 0.3487
vn -0.8843 -0.2478 0.3957
vn -0.8872 -0.2164 0.4075
vn -0.9054 -0.1796 0.3847
vn -0.9060 -0.1491 0.3961
vn -0.8868 -0.1352 0.4419
vn -0.8862 -0.1067 0.4508
vn -0.9020 -0.0678 0.4263
vn -0.8995 -0.0407 0.4350
vn -0.8781 -0.0251 0.4777
vn -0.8781 0.0251 0.4777
vn -0.8995 0.0407 0.4350
vn -0.9020 0.0678 0.4264
vn -0.8862 0.1067 0.4508
vn -0.8868 0.1352 0.4419
vn -0.9060 0.1491 0.3961
vn -0.9054 0.1796 0.3847
vn -0.8872 0.2164 0.4075
vn -0.8843 0.2478 0.3956
vn -0.9006 0.2596 0.3487
vn -0.8959 0.2924 0.3344
vn -0.8755 0.3269 0.3560
vn -0.8682 0.3602 0.3412
vn -0.8814 0.3698 0.2939
vn -0.8720 0.4037 0.2769
vn -0.8493 0.4359 0.2978
vn -0.8371 0.4698 0.2802
vn -0.8472 0.4772 0.2337
vn -0.8325 0.5111 0.2140
vn -0.8078 0.5407 0.2349
vn -0.7901 0.5741 0.2147
vn -0.7972 0.5792 0.1700
vn -0.7638 0.6012 0.2349
vn -0.7433 0.6338 0.2140
vn -0.7156 0.6583 0.2337
vn -0.7055 0.6509 0.2802
vn -0.6770 0.6730 0.2978
vn -0.6535 0.7045 0.2769
vn -0.6240 0.7240 0.2939
vn -0.6109 0.7144 0.3412
vn -0.5815 0.7316 0.3559
vn -0.5550 0.7617 0.3344
vn -0.5252 0.7763 0.3487
vn -0.5090 0.7645 0.3957
vn -0.4799 0.7769 0.4075
vn -0.4506 0.8056 0.3847
vn -0.4218 0.8156 0.3961
vn -0.4026 0.8016 0.4419
vn -0.3753 0.8099 0.4509
vn -0.3432 0.8369 0.4264
vn -0.3166 0.8429 0.4350
vn -0.2953 0.8274 0.4778
vn -0.2475 0.8429 0.4778
vn -0.2393 0.8681 0.4350
vn -0.2142 0.8788 0.4263
vn -0.1724 0.8758 0.4508
vn -0.1455 0.8852 0.4419
vn -0.1382 0.9077 0.3961
vn -0.1090 0.9166 0.3847
vn -0.0684 0.9106 0.4075
vn -0.0375 0.9176 0.3956
vn -0.0313 0.9367 0.3487
vn 0.0013 0.9424 0.3344
vn 0.0404 0.9336 0.3559
vn 0.0743 0.9371 0.3412
vn 0.0793 0.9525 0.2939
vn 0.1145 0.9541 0.2768
vn 0.1521 0.9424 0.2978
vn 0.1882 0.9413 0.2802
vn 0.1920 0.9532 0.2337
vn 0.2288 0.9496 0.2141
vn 0.2646 0.9353 0.2349
vn 0.3018 0.9289 0.2147
vn 0.3045 0.9372 0.1700
vn 0.3357 0.9122 0.2349
vn 0.3731 0.9028 0.2140
vn 0.4050 0.8840 0.2336
vn 0.4011 0.8721 0.2802
vn 0.4309 0.8519 0.2978
vn 0.4681 0.8392 0.2769
vn 0.4957 0.8172 0.2939
vn 0.4907 0.8018 0.3412
vn 0.5161 0.7790 0.3560
vn 0.5529 0.7632 0.3344
vn 0.5760 0.7394 0.3487
vn 0.5697 0.7203 0.3957
vn 0.5906 0.6965 0.4075
vn 0.6269 0.6775 0.3847
vn 0.6453 0.6532 0.3961
vn 0.6380 0.6306 0.4419
vn 0.6542 0.6072 0.4509
vn 0.6899 0.5850 0.4263
vn 0.7039 0.5616 0.4350
vn 0.6957 0.5365 0.4777
vn 0.7252 0.4959 0.4777
vn 0.7516 0.4959 0.4350
vn 0.7696 0.4753 0.4264
vn 0.7797 0.4346 0.4509
vn 0.7969 0.4119 0.4419
vn 0.8206 0.4119 0.3961
vn 0.8381 0.3869 0.3847
vn 0.8450 0.3465 0.4075
vn 0.8611 0.3193 0.3956
vn 0.8812 0.3193 0.3487
vn 0.8967 0.2900 0.3345
vn 0.9004 0.2501 0.3560
vn 0.9142 0.2188 0.3412
vn 0.9304 0.2189 0.2940
vn 0.9427 0.1858 0.2769
vn 0.9433 0.1466 0.2978
vn 0.9534 0.1119 0.2802
vn 0.9659 0.1119 0.2337
vn 0.9739 0.0758 0.2140
vn 0.9713 0.0374 0.2349
vn 0.9767 0.0000 0.2147
vn 0.9854 0.0000 0.1700
vn 0.9713 -0.0374 0.2349
vn 0.9739 -0.0758 0.2140
vn 0.9659 -0.1119 0.2337
vn 0.9534 -0.1119 0.2802
vn 0.9433 -0.1466 0.2978
vn 0.9428 -0.1858 0.2769
vn 0.9304 -0.2189 0.2939
vn 0.9141 -0.2189 0.3412
vn 0.9004 -0.2501 0.3560
vn 0.8967 -0.2900 0.3345
vn 0.8812 -0.3193 0.3487
vn 0.8611 -0.3193 0.3956
vn 0.8450 -0.3464 0.4075
vn 0.8381 -0.3869 0.3847
vn 0.8206 -0.4119 0.3961
vn 0.7969 -0.4119 0.4419
vn 0.7797 -0.4346 0.4509
vn 0.7696 -0.4753 0.4264
vn 0.7921 -0.4754 0.3828
vn 0.7516 -0.4959 0.4350
vn 0.7384 -0.5365 0.4086
vn 0.7039 -0.5616 0.4350
vn 0.6957 -0.5365 0.4777
vn 0.6762 -0.5431 0.4977
vn 0.6457 -0.5808 0.4958
vn 0.6542 -0.6072 0.4508
vn 0.6380 -0.6306 0.4419
vn 0.6016 -0.6498 0.4646
vn 0.5829 -0.6731 0.4551
vn 0.5906 -0.6966 0.4075
vn 0.5697 -0.7203 0.3956
vn 0.5329 -0.7364 0.4168
vn 0.5097 -0.7593 0.4045
vn 0.5161 -0.7790 0.3560
vn 0.4907 -0.8018 0.3412
vn 0.4535 -0.8147 0.3615
vn 0.4258 -0.8360 0.3461
vn 0.4309 -0.8518 0.2978
vn 0.4011 -0.8721 0.2802
vn 0.3638 -0.8818 0.3001
vn 0.3318 -0.9003 0.2819
vn 0.3357 -0.9122 0.2349
vn 0.3018 -0.9289 0.2147
vn 0.2646 -0.9353 0.2349
vn 0.2607 -0.9234 0.2819
vn 0.2240 -0.9272 0.3001
vn 0.1882 -0.9413 0.2802
vn 0.1521 -0.9424 0.2978
vn 0.1469 -0.9266 0.3461
vn 0.1119 -0.9256 0.3615
vn 0.0743 -0.9370 0.3412
vn 0.0404 -0.9336 0.3560
vn 0.0340 -0.9139 0.4045
vn 0.0017 -0.9090 0.4168
vn -0.0376 -0.9176 0.3956
vn -0.0684 -0.9107 0.4075
vn -0.0760 -0.8872 0.4551
vn -0.1047 -0.8793 0.4645
vn -0.1455 -0.8852 0.4419
vn -0.1724 -0.8758 0.4508
vn -0.1810 -0.8494 0.4957
vn -0.2279 -0.8369 0.4977
vn -0.2475 -0.8429 0.4778
vn -0.2368 -0.8095 0.5373
vn -0.2842 -0.7940 0.5373
vn -0.3076 -0.8110 0.4977
vn -0.2963 -0.7745 0.5589
vn -0.3414 -0.7572 0.5568
vn -0.3660 -0.7750 0.5152
vn -0.4087 -0.7560 0.5113
vn -0.4225 -0.7352 0.5301
vn -0.4628 -0.7147 0.5244
vn -0.4869 -0.7323 0.4761
vn -0.5150 -0.7194 0.4661
vn -0.5393 -0.6882 0.4853
vn -0.5676 -0.6728 0.4746
vn -0.5887 -0.6881 0.4242
vn -0.6175 -0.6706 0.4111
vn -0.6387 -0.6384 0.4295
vn -0.6671 -0.6183 0.4156
vn -0.6845 -0.6310 0.3651
vn -0.7126 -0.6086 0.3490
vn -0.7308 -0.5756 0.3670
vn -0.7578 -0.5506 0.3500
vn -0.7715 -0.5605 0.3009
vn -0.7732 -0.5171 0.3670
vn -0.7990 -0.4896 0.3491
vn -0.8116 -0.4561 0.3651
vn -0.7942 -0.4434 0.4156
vn -0.8046 -0.4102 0.4295
vn -0.8286 -0.3800 0.4112
vn -0.8363 -0.3472 0.4242
vn -0.8152 -0.3319 0.4746
vn -0.8211 -0.3003 0.4854
vn -0.8433 -0.2675 0.4661
vn -0.8469 -0.2368 0.4761
vn -0.8227 -0.2192 0.5244
vn -0.8298 -0.1746 0.5301
vn -0.8453 -0.1551 0.5113
vn -0.8502 -0.1085 0.5152
vn -0.8257 -0.0907 0.5568
vn -0.8282 -0.0425 0.5589
vn -0.8430 -0.0250 0.5373
vn -0.8430 0.0250 0.5373
vn -0.8282 0.0425 0.5588
vn -0.8257 0.0907 0.5568
vn -0.8502 0.1085 0.5152
vn -0.8453 0.1551 0.5113
vn -0.8298 0.1746 0.5301
vn -0.8227 0.2192 0.5244
vn -0.8469 0.2368 0.4761
vn -0.8433 0.2675 0.4661
vn -0.8211 0.3003 0.4854
vn -0.8152 0.3319 0.4746
vn -0.8363 0.3472 0.4242
vn -0.8286 0.3800 0.4112
vn -0.8046 0.4102 0.4295
vn -0.7942 0.4434 0.4156
vn -0.8116 0.4561 0.3651
vn -0.7990 0.4896 0.3491
vn -0.7732 0.5171 0.3670
vn -0.7578 0.5506 0.3500
vn -0.7715 0.5606 0.3009
vn -0.7308 0.5756 0.3670
vn -0.7126 0.6086 0.3491
vn -0.6845 0.6309 0.3652
vn -0.6671 0.6183 0.4156
vn -0.6387 0.6384 0.4295
vn -0.6175 0.6706 0.4111
vn -0.5887 0.6881 0.4242
vn -0.5675 0.6728 0.4747
vn -0.5393 0.6882 0.4854
vn -0.5150 0.7194 0.4661
vn -0.4869 0.7323 0.4761
vn -0.4628 0.7147 0.5244
vn -0.4225 0.7352 0.5301
vn -0.4088 0.7559 0.5113
vn -0.3659 0.7750 0.5152
vn -0.3414 0.7572 0.5568
vn -0.2964 0.7745 0.5589
vn -0.2842 0.7941 0.5373
vn -0.2368 0.8095 0.5373
vn -0.2155 0.8008 0.5588
vn -0.1689 0.8133 0.5568
vn -0.1595 0.8421 0.5151
vn -0.1137 0.8519 0.5113
vn -0.0903 0.8431 0.5301
vn -0.0458 0.8502 0.5244
vn -0.0365 0.8786 0.4761
vn -0.0061 0.8847 0.4661
vn 0.0319 0.8737 0.4853
vn 0.0637 0.8779 0.4746
vn 0.0718 0.9027 0.4242
vn 0.1054 0.9054 0.4112
vn 0.1415 0.8919 0.4295
vn 0.1763 0.8923 0.4156
vn 0.1830 0.9128 0.3652
vn 0.2188 0.9112 0.3491
vn 0.2529 0.8952 0.3670
vn 0.2895 0.8909 0.3500
vn 0.2947 0.9070 0.3009
vn 0.3216 0.8729 0.3670
vn 0.3586 0.8658 0.3491
vn 0.3885 0.8460 0.3652
vn 0.3819 0.8255 0.4156
vn 0.4098 0.8047 0.4295
vn 0.4469 0.7945 0.4112
vn 0.4725 0.7725 0.4243
vn 0.4645 0.7477 0.4746
vn 0.4879 0.7256 0.4853
vn 0.5250 0.7121 0.4661
vn 0.5460 0.6894 0.4761
vn 0.5367 0.6610 0.5244
vn 0.5687 0.6290 0.5301
vn 0.5927 0.6223 0.5113
vn 0.6240 0.5875 0.5151
vn 0.6147 0.5587 0.5568
vn 0.6450 0.5212 0.5588
vn 0.6673 0.5157 0.5374
vn 0.6967 0.4753 0.5374
vn 0.6950 0.4524 0.5589
vn 0.7213 0.4119 0.5568
vn 0.7516 0.4119 0.5151
vn 0.7750 0.3714 0.5113
vn 0.7739 0.3465 0.5301
vn 0.7945 0.3062 0.5244
vn 0.8244 0.3062 0.4761
vn 0.8395 0.2792 0.4661
vn 0.8408 0.2398 0.4853
vn 0.8546 0.2107 0.4746
vn 0.8807 0.2107 0.4242
vn 0.8937 0.1796 0.4112
vn 0.8920 0.1411 0.4295
vn 0.9031 0.1081 0.4156
vn 0.9247 0.1081 0.3652
vn 0.9342 0.0735 0.3491
vn 0.9295 0.0361 0.3670
vn 0.9367 0.0000 0.3500
vn 0.9537 0.0000 0.3009
vn 0.9295 -0.0361 0.3670
vn 0.9342 -0.0735 0.3491
vn 0.9247 -0.1081 0.3652
vn 0.9031 -0.1081 0.4156
vn 0.8920 -0.1411 0.4295
vn 0.8937 -0.1796 0.4112
vn 0.8807 -0.2107 0.4242
vn 0.8546 -0.2107 0.4746
vn 0.8408 -0.2398 0.4853
vn 0.8395 -0.2792 0.4661
vn 0.8244 -0.3062 0.4761
vn 0.7945 -0.3062 0.5244
vn 0.7739 -0.3465 0.5301
vn 0.7750 -0.3714 0.5113
vn 0.7516 -0.4119 0.5151
vn 0.7213 -0.4119 0.5568
vn 0.6950 -0.4524 0.5589
vn 0.6967 -0.4753 0.5374
vn 0.7255 -0.4753 0.4977
vn 0.6649 -0.4524 0.5943
vn 0.6357 -0.4926 0.5943
vn 0.6450 -0.5212 0.5589
vn 0.6147 -0.5587 0.5568
vn 0.5901 -0.5641 0.5776
vn 0.5589 -0.5989 0.5735
vn 0.5687 -0.6290 0.5301
vn 0.5367 -0.6610 0.5244
vn 0.5104 -0.6673 0.5424
vn 0.4784 -0.6964 0.5350
vn 0.4878 -0.7256 0.4854
vn 0.4644 -0.7477 0.4746
vn 0.4273 -0.7583 0.4923
vn 0.4016 -0.7795 0.4808
vn 0.4098 -0.8047 0.4295
vn 0.3819 -0.8255 0.4156
vn 0.3450 -0.8330 0.4326
vn 0.3149 -0.8522 0.4178
vn 0.3216 -0.8729 0.3670
vn 0.2895 -0.8909 0.3500
vn 0.2529 -0.8952 0.3670
vn 0.2462 -0.8745 0.4178
vn 0.2105 -0.8767 0.4326
vn 0.1763 -0.8923 0.4156
vn 0.1415 -0.8919 0.4295
vn 0.1333 -0.8666 0.4808
vn 0.1000 -0.8646 0.4924
vn 0.0637 -0.8779 0.4746
vn 0.0318 -0.8737 0.4853
vn 0.0223 -0.8446 0.5350
vn -0.0207 -0.8398 0.5424
vn -0.0457 -0.8502 0.5244
vn -0.0903 -0.8431 0.5301
vn -0.1001 -0.8130 0.5735
vn -0.1458 -0.8032 0.5776
vn -0.1689 -0.8133 0.5568
vn -0.1556 -0.7731 0.6149
vn -0.2021 -0.7606 0.6170
vn -0.2248 -0.7722 0.5943
vn -0.2116 -0.7313 0.6485
vn -0.2586 -0.7160 0.6485
vn -0.2836 -0.7341 0.6170
vn -0.3286 -0.7169 0.6149
vn -0.3407 -0.6920 0.6364
vn -0.3834 -0.6733 0.6322
vn -0.4102 -0.6927 0.5933
vn -0.4505 -0.6724 0.5873
vn -0.4640 -0.6462 0.6059
vn -0.5018 -0.6250 0.5980
vn -0.5288 -0.6446 0.5521
vn -0.5638 -0.6223 0.5430
vn -0.5781 -0.5944 0.5590
vn -0.6105 -0.5716 0.5483
vn -0.6361 -0.5902 0.4971
vn -0.6638 -0.5697 0.4845
vn -0.6800 -0.5368 0.4994
vn -0.7072 -0.5138 0.4858
vn -0.7290 -0.5296 0.4337
vn -0.7207 -0.4809 0.4994
vn -0.7470 -0.4553 0.4845
vn -0.7578 -0.4226 0.4971
vn -0.7322 -0.4040 0.5483
vn -0.7439 -0.3661 0.5590
vn -0.7661 -0.3439 0.5430
vn -0.7765 -0.3037 0.5521
vn -0.7494 -0.2841 0.5980
vn -0.7580 -0.2415 0.6059
vn -0.7787 -0.2206 0.5873
vn -0.7855 -0.1760 0.5933
vn -0.7588 -0.1566 0.6322
vn -0.7634 -0.1102 0.6364
vn -0.7834 -0.0909 0.6149
vn -0.7858 -0.0429 0.6170
vn -0.7608 -0.0247 0.6485
vn -0.7608 0.0247 0.6485
vn -0.7858 0.0429 0.6170
vn -0.7834 0.0909 0.6149
vn -0.7634 0.1102 0.6364
vn -0.7588 0.1566 0.6322
vn -0.7855 0.1760 0.5933
vn -0.7787 0.2206 0.5873
vn -0.7580 0.2415 0.6059
vn -0.7494 0.2841 0.5980
vn -0.7765 0.3037 0.5521
vn -0.7661 0.3439 0.5430
vn -0.7439 0.3661 0.5590
vn -0.7322 0.4040 0.5483
vn -0.7578 0.4226 0.4971
vn -0.7470 0.4553 0.4845
vn -0.7207 0.4809 0.4994
vn -0.7072 0.5138 0.4858
vn -0.7290 0.5296 0.4337
vn -0.6800 0.5368 0.4994
vn -0.6638 0.5697 0.4845
vn -0.6361 0.5902 0.4971
vn -0.6105 0.5716 0.5483
vn -0.5781 0.5944 0.5590
vn -0.5638 0.6223 0.5430
vn -0.5288 0.6446 0.5521
vn -0.5018 0.6250 0.5980
vn -0.4639 0.6462 0.6059
vn -0.4505 0.6724 0.5873
vn -0.4101 0.6927 0.5933
vn -0.3835 0.6733 0.6322
vn -0.3407 0.6920 0.6364
vn -0.3286 0.7169 0.6149
vn -0.2836 0.7341 0.6170
vn -0.2586 0.7160 0.6484
vn -0.2116 0.7313 0.6484
vn -0.2021 0.7605 0.6170
vn -0.1556 0.7731 0.6149
vn -0.1311 0.7601 0.6365
vn -0.0855 0.7700 0.6322
vn -0.0753 0.8015 0.5933
vn -0.0308 0.8088 0.5873
vn -0.0045 0.7955 0.6059
vn 0.0386 0.8006 0.5980
vn 0.0489 0.8323 0.5521
vn 0.0904 0.8349 0.5430
vn 0.1183 0.8207 0.5590
vn 0.1579 0.8213 0.5483
vn 0.1677 0.8513 0.4971
vn 0.2022 0.8511 0.4845
vn 0.2346 0.8340 0.4994
vn 0.2701 0.8313 0.4858
vn 0.2785 0.8570 0.4337
vn 0.3003 0.8126 0.4994
vn 0.3367 0.8074 0.4845
vn 0.3647 0.7873 0.4970
vn 0.3550 0.7572 0.5483
vn 0.3866 0.7335 0.5590
vn 0.4176 0.7286 0.5430
vn 0.4497 0.7021 0.5521
vn 0.4394 0.6703 0.5980
vn 0.4712 0.6410 0.6059
vn 0.5003 0.6362 0.5873
vn 0.5320 0.6041 0.5933
vn 0.5218 0.5727 0.6322
vn 0.5528 0.5379 0.6364
vn 0.5803 0.5340 0.6149
vn 0.6106 0.4965 0.6170
vn 0.6010 0.4672 0.6484
vn 0.6301 0.4273 0.6484
vn 0.6609 0.4272 0.6170
vn 0.6872 0.3869 0.6149
vn 0.6824 0.3595 0.6364
vn 0.7059 0.3193 0.6322
vn 0.7390 0.3193 0.5933
vn 0.7597 0.2792 0.5873
vn 0.7552 0.2501 0.6059
vn 0.7733 0.2107 0.5980
vn 0.8067 0.2107 0.5521
vn 0.8219 0.1720 0.5430
vn 0.8171 0.1411 0.5590
vn 0.8299 0.1035 0.5483
vn 0.8615 0.1035 0.4970
vn 0.8719 0.0707 0.4845
vn 0.8657 0.0345 0.4994
vn 0.8741 0.0000 0.4857
vn 0.9011 0.0000 0.4337
vn 0.8657 -0.0345 0.4994
vn 0.8719 -0.0707 0.4845
vn 0.8615 -0.1035 0.4970
vn 0.8299 -0.1035 0.5483
vn 0.8171 -0.1411 0.5590
vn 0.8219 -0.1720 0.5430
vn 0.8067 -0.2107 0.5521
vn 0.7733 -0.2107 0.5980
vn 0.7552 -0.2501 0.6059
vn 0.7597 -0.2792 0.5873
vn 0.7390 -0.3193 0.5933
vn 0.7059 -0.3193 0.6322
vn 0.6824 -0.3595 0.6364
vn 0.6872 -0.3869 0.6149
vn 0.6499 -0.3595 0.6696
vn 0.6235 -0.3998 0.6719
vn 0.6301 -0.4273 0.6484
vn 0.6010 -0.4672 0.6484
vn 0.5729 -0.4695 0.6718
vn 0.5428 -0.5070 0.6696
vn 0.5528 -0.5379 0.6364
vn 0.5218 -0.5727 0.6322
vn 0.4922 -0.5762 0.6525
vn 0.4607 -0.6085 0.6461
vn 0.4712 -0.6409 0.6059
vn 0.4393 -0.6703 0.5980
vn 0.4079 -0.6744 0.6155
vn 0.3761 -0.7011 0.6058
vn 0.3866 -0.7335 0.5590
vn 0.3549 -0.7572 0.5483
vn 0.3216 -0.7611 0.5632
vn 0.2905 -0.7823 0.5510
vn 0.3004 -0.8126 0.4994
vn 0.2701 -0.8313 0.4858
vn 0.2347 -0.8340 0.4994
vn 0.2248 -0.8037 0.5510
vn 0.1872 -0.8048 0.5632
vn 0.1579 -0.8213 0.5483
vn 0.1183 -0.8207 0.5590
vn 0.1078 -0.7883 0.6058
vn 0.0664 -0.7853 0.6155
vn 0.0386 -0.8005 0.5980
vn -0.0045 -0.7955 0.6059
vn -0.0150 -0.7631 0.6461
vn -0.0595 -0.7555 0.6524
vn -0.0855 -0.7701 0.6322
vn -0.0700 -0.7232 0.6871
vn -0.1155 -0.7131 0.6915
vn -0.1412 -0.7292 0.6696
vn -0.1257 -0.6817 0.7207
vn -0.1721 -0.6690 0.7231
vn -0.1972 -0.6869 0.6995
vn -0.2442 -0.6716 0.6995
vn -0.2540 -0.6424 0.7231
vn -0.2990 -0.6254 0.7207
vn -0.3257 -0.6448 0.6915
vn -0.3685 -0.6262 0.6871
vn -0.3800 -0.5959 0.7074
vn -0.4206 -0.5762 0.7007
vn -0.4490 -0.5968 0.6650
vn -0.4870 -0.5758 0.6566
vn -0.4996 -0.5441 0.6741
vn -0.5352 -0.5225 0.6637
vn -0.5639 -0.5433 0.6219
vn -0.5967 -0.5209 0.6104
vn -0.6096 -0.4875 0.6251
vn -0.6398 -0.4649 0.6120
vn -0.6677 -0.4851 0.5646
vn -0.6520 -0.4291 0.6251
vn -0.6798 -0.4065 0.6104
vn -0.6910 -0.3684 0.6219
vn -0.6623 -0.3476 0.6637
vn -0.6719 -0.3070 0.6741
vn -0.6981 -0.2853 0.6567
vn -0.7063 -0.2426 0.6650
vn -0.6780 -0.2220 0.7007
vn -0.6842 -0.1773 0.7074
vn -0.7095 -0.1569 0.6871
vn -0.7139 -0.1105 0.6915
vn -0.6872 -0.0911 0.7207
vn -0.6894 -0.0431 0.7231
vn -0.7142 -0.0247 0.6995
vn -0.7142 0.0247 0.6995
vn -0.6894 0.0431 0.7231
vn -0.6872 0.0911 0.7207
vn -0.7139 0.1105 0.6915
vn -0.7095 0.1569 0.6871
vn -0.6842 0.1773 0.7074
vn -0.6780 0.2220 0.7007
vn -0.7063 0.2426 0.6650
vn -0.6981 0.2853 0.6567
vn -0.6719 0.3070 0.6741
vn -0.6623 0.3476 0.6637
vn -0.6910 0.3684 0.6219
vn -0.6798 0.4065 0.6104
vn -0.6520 0.4291 0.6251
vn -0.6398 0.4649 0.6120
vn -0.6677 0.4851 0.5646
vn -0.6096 0.4875 0.6251
vn -0.5967 0.5209 0.6104
vn -0.5639 0.5433 0.6219
vn -0.5352 0.5225 0.6637
vn -0.4996 0.5441 0.6741
vn -0.4871 0.5758 0.6567
vn -0.4490 0.5968 0.6650
vn -0.4206 0.5762 0.7007
vn -0.3800 0.5959 0.7074
vn -0.3685 0.6262 0.6870
vn -0.3257 0.6448 0.6915
vn -0.2990 0.6254 0.7207
vn -0.2540 0.6424 0.7231
vn -0.2442 0.6716 0.6995
vn -0.1972 0.6869 0.6995
vn -0.1721 0.6690 0.7231
vn -0.1257 0.6817 0.7207
vn -0.1155 0.7131 0.6915
vn -0.0700 0.7232 0.6871
vn -0.0429 0.7055 0.7074
vn 0.0016 0.7134 0.7007
vn 0.0125 0.7467 0.6650
vn 0.0556 0.7521 0.6567
vn 0.0843 0.7339 0.6740
vn 0.1259 0.7373 0.6637
vn 0.1368 0.7710 0.6219
vn 0.1765 0.7721 0.6105
vn 0.2066 0.7527 0.6251
vn 0.2444 0.7522 0.6120
vn 0.2551 0.7850 0.5646
vn 0.2753 0.7304 0.6251
vn 0.3110 0.7285 0.6104
vn 0.3425 0.7042 0.6219
vn 0.3315 0.6705 0.6637
vn 0.3631 0.6433 0.6741
vn 0.3971 0.6412 0.6567
vn 0.4288 0.6114 0.6650
vn 0.4180 0.5781 0.7007
vn 0.4494 0.5456 0.7074
vn 0.4817 0.5439 0.6871
vn 0.5126 0.5090 0.6915
vn 0.5024 0.4777 0.7207
vn 0.5324 0.4401 0.7231
vn 0.5633 0.4398 0.6995
vn 0.5923 0.3998 0.6995
vn 0.5831 0.3704 0.7231
vn 0.6095 0.3302 0.7207
vn 0.6425 0.3302 0.6915
vn 0.6662 0.2901 0.6871
vn 0.6577 0.2588 0.7074
vn 0.6790 0.2189 0.7007
vn 0.7140 0.2189 0.6650
vn 0.7325 0.1796 0.6566
vn 0.7240 0.1466 0.6740
vn 0.7401 0.1081 0.6637
vn 0.7756 0.1081 0.6219
vn 0.7889 0.0707 0.6105
vn 0.7797 0.0361 0.6251
vn 0.7909 0.0000 0.6120
vn 0.8254 0.0000 0.5646
vn 0.7797 -0.0361 0.6251
vn 0.7889 -0.0707 0.6105
vn 0.7756 -0.1081 0.6219
vn 0.7401 -0.1081 0.6637
vn 0.7240 -0.1466 0.6740
vn 0.7325 -0.1796 0.6566
vn 0.7140 -0.2189 0.6650
vn 0.6790 -0.2189 0.7007
vn 0.6577 -0.2588 0.7074
vn 0.6662 -0.2901 0.6871
vn 0.6234 -0.2588 0.7379
vn 0.5994 -0.2989 0.7425
vn 0.6095 -0.3302 0.7207
vn 0.5831 -0.3704 0.7231
vn 0.5518 -0.3704 0.7473
vn 0.5228 -0.4103 0.7473
vn 0.5324 -0.4401 0.7231
vn 0.5024 -0.4777 0.7207
vn 0.4695 -0.4777 0.7425
vn 0.4387 -0.5129 0.7379
vn 0.4494 -0.5456 0.7074
vn 0.4180 -0.5781 0.7007
vn 0.3836 -0.5791 0.7194
vn 0.3521 -0.6093 0.7105
vn 0.3631 -0.6433 0.6741
vn 0.3315 -0.6705 0.6637
vn 0.2955 -0.6716 0.6795
vn 0.2642 -0.6964 0.6673
vn 0.2753 -0.7304 0.6251
vn 0.2444 -0.7522 0.6120
vn 0.2066 -0.7527 0.6251
vn 0.1955 -0.7187 0.6673
vn 0.1557 -0.7170 0.6795
vn 0.1259 -0.7373 0.6637
vn 0.0843 -0.7338 0.6741
vn 0.0733 -0.6998 0.7105
vn 0.0301 -0.6940 0.7194
vn 0.0016 -0.7134 0.7007
vn 0.0191 -0.6603 0.7508
vn -0.0255 -0.6520 0.7578
vn -0.0535 -0.6728 0.7378
vn -0.0361 -0.6194 0.7843
vn -0.0817 -0.6086 0.7892
vn -0.1092 -0.6311 0.7680
vn -0.1557 -0.6182 0.7705
vn -0.1653 -0.5886 0.7914
vn -0.2122 -0.5733 0.7914
vn -0.2374 -0.5916 0.7705
vn -0.2826 -0.5747 0.7680
vn -0.2916 -0.5404 0.7892
vn -0.3349 -0.5223 0.7843
vn -0.3626 -0.5425 0.7578
vn -0.4036 -0.5230 0.7507
vn -0.4139 -0.4876 0.7688
vn -0.4527 -0.4673 0.7594
vn -0.4819 -0.4885 0.7274
vn -0.5181 -0.4672 0.7164
vn -0.5289 -0.4304 0.7315
vn -0.5627 -0.4089 0.7184
vn -0.5922 -0.4303 0.6813
vn -0.5728 -0.3700 0.7315
vn -0.6045 -0.3483 0.7164
vn -0.6135 -0.3074 0.7274
vn -0.5843 -0.2862 0.7594
vn -0.5916 -0.2430 0.7687
vn -0.6221 -0.2222 0.7507
vn -0.6280 -0.1772 0.7578
vn -0.6002 -0.1571 0.7843
vn -0.6041 -0.1104 0.7892
vn -0.6339 -0.0912 0.7680
vn -0.6360 -0.0430 0.7705
vn -0.6109 -0.0247 0.7914
vn -0.6109 0.0247 0.7914
vn -0.6360 0.0430 0.7705
vn -0.6339 0.0912 0.7680
vn -0.6041 0.1104 0.7892
vn -0.6002 0.1571 0.7843
vn -0.6280 0.1772 0.7578
vn -0.6221 0.2222 0.7507
vn -0.5916 0.2430 0.7687
vn -0.5843 0.2862 0.7594
vn -0.6135 0.3074 0.7274
vn -0.6045 0.3483 0.7164
vn -0.5728 0.3700 0.7315
vn -0.5627 0.4089 0.7184
vn -0.5922 0.4303 0.6813
vn -0.5289 0.4304 0.7315
vn -0.5181 0.4672 0.7164
vn -0.4819 0.4885 0.7274
vn -0.4527 0.4673 0.7594
vn -0.4139 0.4875 0.7688
vn -0.4036 0.5230 0.7507
vn -0.3626 0.5424 0.7578
vn -0.3349 0.5223 0.7843
vn -0.2916 0.5404 0.7892
vn -0.2826 0.5747 0.7680
vn -0.2374 0.5916 0.7705
vn -0.2122 0.5733 0.7914
vn -0.1653 0.5886 0.7914
vn -0.1557 0.6182 0.7705
vn -0.1092 0.6311 0.7680
vn -0.0817 0.6087 0.7892
vn -0.0361 0.6194 0.7843
vn -0.0255 0.6520 0.7578
vn 0.0191 0.6603 0.7508
vn 0.0482 0.6377 0.7688
vn 0.0916 0.6442 0.7594
vn 0.1027 0.6785 0.7274
vn 0.1445 0.6825 0.7164
vn 0.1749 0.6591 0.7314
vn 0.2149 0.6616 0.7184
vn 0.2262 0.6962 0.6813
vn 0.2460 0.6360 0.7314
vn 0.2843 0.6371 0.7164
vn 0.3157 0.6093 0.7274
vn 0.3045 0.5750 0.7594
vn 0.3358 0.5443 0.7688
vn 0.3726 0.5454 0.7508
vn 0.4038 0.5125 0.7578
vn 0.3932 0.4799 0.7843
vn 0.4239 0.4444 0.7892
vn 0.4593 0.4464 0.7680
vn 0.4893 0.4086 0.7705
vn 0.4797 0.3790 0.7913
vn 0.5087 0.3391 0.7913
vn 0.5398 0.3391 0.7705
vn 0.5664 0.2989 0.7680
vn 0.5536 0.2659 0.7892
vn 0.5779 0.2257 0.7843
vn 0.6122 0.2257 0.7578
vn 0.6339 0.1859 0.7507
vn 0.6214 0.1512 0.7687
vn 0.6410 0.1119 0.7594
vn 0.6770 0.1119 0.7274
vn 0.6938 0.0735 0.7164
vn 0.6809 0.0374 0.7314
vn 0.6956 0.0000 0.7184
vn 0.7320 0.0000 0.6813
vn 0.6809 -0.0374 0.7314
vn 0.6938 -0.0735 0.7164
vn 0.6770 -0.1119 0.7274
vn 0.6410 -0.1119 0.7594
vn 0.6214 -0.1512 0.7687
vn 0.6339 -0.1859 0.7507
vn 0.5861 -0.1512 0.7960
vn 0.5640 -0.1910 0.8034
vn 0.5779 -0.2257 0.7843
vn 0.5536 -0.2659 0.7892
vn 0.5208 -0.2659 0.8112
vn 0.4940 -0.3060 0.8138
vn 0.5087 -0.3391 0.7913
vn 0.4797 -0.3790 0.7913
vn 0.4437 -0.3753 0.8138
vn 0.4137 -0.4132 0.8112
vn 0.4239 -0.4444 0.7892
vn 0.3932 -0.4799 0.7843
vn 0.3560 -0.4773 0.8034
vn 0.3249 -0.5107 0.7960
vn 0.3358 -0.5443 0.7688
vn 0.3045 -0.5750 0.7594
vn 0.2658 -0.5728 0.7754
vn 0.2347 -0.6014 0.7637
vn 0.2459 -0.6360 0.7314
vn 0.2150 -0.6616 0.7184
vn 0.1749 -0.6591 0.7314
vn 0.1636 -0.6245 0.7637
vn 0.1217 -0.6197 0.7754
vn 0.0916 -0.6442 0.7594
vn 0.1106 -0.5856 0.8030
vn 0.0670 -0.5785 0.8129
vn 0.0373 -0.6042 0.7960
vn 0.0563 -0.5454 0.8363
vn 0.0113 -0.5361 0.8441
vn -0.0179 -0.5630 0.8262
vn -0.0637 -0.5520 0.8314
vn -0.0737 -0.5213 0.8502
vn -0.1203 -0.5080 0.8529
vn -0.1479 -0.5352 0.8317
vn -0.1949 -0.5199 0.8317
vn -0.2013 -0.4817 0.8529
vn -0.2468 -0.4650 0.8502
vn -0.2729 -0.4840 0.8314
vn -0.3164 -0.4660 0.8263
vn -0.3242 -0.4270 0.8441
vn -0.3661 -0.4082 0.8363
vn -0.3943 -0.4287 0.8129
vn -0.4337 -0.4088 0.8030
vn -0.4421 -0.3687 0.8176
vn -0.4796 -0.3485 0.8053
vn -0.5087 -0.3696 0.7775
vn -0.4873 -0.3065 0.8177
vn -0.5228 -0.2861 0.8030
vn -0.5295 -0.2425 0.8129
vn -0.5013 -0.2220 0.8363
vn -0.5063 -0.1764 0.8441
vn -0.5410 -0.1569 0.8262
vn -0.5446 -0.1100 0.8314
vn -0.5186 -0.0911 0.8502
vn -0.5203 -0.0425 0.8529
vn -0.5547 -0.0247 0.8317
vn -0.5547 0.0247 0.8317
vn -0.5203 0.0425 0.8529
vn -0.5186 0.0911 0.8502
vn -0.5446 0.1100 0.8314
vn -0.5410 0.1569 0.8262
vn -0.5063 0.1764 0.8441
vn -0.5013 0.2220 0.8363
vn -0.5295 0.2425 0.8129
vn -0.5228 0.2861 0.8030
vn -0.4873 0.3065 0.8177
vn -0.4796 0.3485 0.8053
vn -0.5087 0.3696 0.7775
vn -0.4421 0.3687 0.8176
vn -0.4337 0.4088 0.8030
vn -0.3943 0.4287 0.8129
vn -0.3661 0.4082 0.8363
vn -0.3242 0.4270 0.8441
vn -0.3164 0.4660 0.8263
vn -0.2729 0.4840 0.8314
vn -0.2468 0.4650 0.8502
vn -0.2013 0.4817 0.8529
vn -0.1949 0.5199 0.8317
vn -0.1479 0.5352 0.8317
vn -0.1203 0.5080 0.8529
vn -0.0737 0.5213 0.8502
vn -0.0637 0.5519 0.8314
vn -0.0179 0.5630 0.8262
vn 0.0113 0.5361 0.8441
vn 0.0563 0.5454 0.8363
vn 0.0670 0.5785 0.8129
vn 0.1106 0.5856 0.8030
vn 0.1410 0.5582 0.8177
vn 0.1832 0.5638 0.8054
vn 0.1943 0.5980 0.7776
vn 0.2141 0.5344 0.8177
vn 0.2548 0.5387 0.8030
vn 0.2858 0.5074 0.8129
vn 0.2751 0.4743 0.8363
vn 0.3059 0.4403 0.8441
vn 0.3454 0.4450 0.8262
vn 0.3760 0.4091 0.8314
vn 0.3660 0.3784 0.8502
vn 0.3960 0.3403 0.8529
vn 0.4342 0.3460 0.8317
vn 0.4632 0.3060 0.8317
vn 0.4459 0.2714 0.8529
vn 0.4730 0.2311 0.8502
vn 0.5053 0.2311 0.8314
vn 0.5299 0.1910 0.8262
vn 0.5133 0.1549 0.8441
vn 0.5361 0.1150 0.8363
vn 0.5709 0.1150 0.8129
vn 0.5911 0.0758 0.8030
vn 0.5744 0.0384 0.8177
vn 0.5928 0.0000 0.8054
vn 0.6288 0.0000 0.7776
vn 0.5744 -0.0384 0.8177
vn 0.5911 -0.0758 0.8030
vn 0.5392 -0.0384 0.8413
vn 0.5182 -0.0777 0.8517
vn 0.5361 -0.1150 0.8363
vn 0.5133 -0.1549 0.8441
vn 0.4800 -0.1549 0.8635
vn 0.4548 -0.1951 0.8689
vn 0.4730 -0.2311 0.8502
vn 0.4459 -0.2714 0.8529
vn 0.4157 -0.2714 0.8681
vn 0.3866 -0.3115 0.8681
vn 0.3960 -0.3403 0.8529
vn 0.3660 -0.3785 0.8502
vn 0.3261 -0.3723 0.8689
vn 0.2956 -0.4086 0.8635
vn 0.3059 -0.4403 0.8441
vn 0.2751 -0.4743 0.8363
vn 0.2340 -0.4689 0.8517
vn 0.2032 -0.5009 0.8413
vn 0.2141 -0.5344 0.8177
vn 0.1832 -0.5638 0.8054
vn 0.1606 -0.4944 0.8543
vn 0.1301 -0.5247 0.8413
vn 0.1500 -0.4618 0.8742
vn 0.1060 -0.4532 0.8851
vn 0.0757 -0.4845 0.8715
vn 0.0306 -0.4746 0.8797
vn 0.0206 -0.4436 0.8960
vn -0.0256 -0.4316 0.9017
vn -0.0547 -0.4628 0.8848
vn -0.1015 -0.4493 0.8876
vn -0.1107 -0.4211 0.9002
vn -0.1579 -0.4057 0.9002
vn -0.1819 -0.4231 0.8876
vn -0.2278 -0.4065 0.8848
vn -0.2330 -0.3643 0.9017
vn -0.2774 -0.3468 0.8960
vn -0.3037 -0.3659 0.8797
vn -0.3460 -0.3475 0.8715
vn -0.3521 -0.3043 0.8851
vn -0.3928 -0.2854 0.8742
vn -0.4206 -0.3056 0.8543
vn -0.3982 -0.2408 0.8851
vn -0.4374 -0.2217 0.8715
vn -0.4419 -0.1758 0.8797
vn -0.4155 -0.1566 0.8960
vn -0.4184 -0.1090 0.9017
vn -0.4570 -0.0910 0.8848
vn -0.4586 -0.0423 0.8876
vn -0.4346 -0.0248 0.9003
vn -0.4346 0.0248 0.9003
vn -0.4586 0.0423 0.8876
vn -0.4570 0.0910 0.8848
vn -0.4184 0.1090 0.9017
vn -0.4155 0.1566 0.8960
vn -0.4419 0.1758 0.8797
vn -0.4374 0.2217 0.8715
vn -0.3982 0.2408 0.8851
vn -0.3928 0.2854 0.8742
vn -0.4206 0.3056 0.8543
vn -0.3521 0.3043 0.8851
vn -0.3460 0.3475 0.8715
vn -0.3037 0.3659 0.8797
vn -0.2774 0.3468 0.8960
vn -0.2330 0.3643 0.9017
vn -0.2278 0.4065 0.8848
vn -0.1819 0.4231 0.8876
vn -0.1579 0.4057 0.9002
vn -0.1107 0.4211 0.9002
vn -0.1015 0.4493 0.8876
vn -0.0547 0.4628 0.8848
vn -0.0256 0.4316 0.9017
vn 0.0206 0.4436 0.8960
vn 0.0306 0.4746 0.8797
vn 0.0757 0.4845 0.8715
vn 0.1060 0.4532 0.8851
vn 0.1500 0.4618 0.8742
vn 0.1606 0.4944 0.8543
vn 0.1806 0.4289 0.8851
vn 0.2235 0.4365 0.8715
vn 0.2542 0.4019 0.8797
vn 0.2441 0.3710 0.8960
vn 0.2744 0.3341 0.9017
vn 0.3163 0.3422 0.8848
vn 0.3462 0.3037 0.8876
vn 0.3370 0.2756 0.9003
vn 0.3662 0.2354 0.9003
vn 0.3959 0.2354 0.8876
vn 0.4232 0.1951 0.8848
vn 0.4026 0.1577 0.9017
vn 0.4282 0.1175 0.8960
vn 0.4608 0.1175 0.8797
vn 0.4842 0.0777 0.8715
vn 0.4638 0.0392 0.8851
vn 0.4856 0.0000 0.8742
vn 0.4638 -0.0392 0.8851
vn 0.4308 -0.0392 0.9016
vn 0.4066 -0.0791 0.9102
vn 0.4282 -0.1175 0.8960
vn 0.4026 -0.1577 0.9017
vn 0.3717 -0.1577 0.9149
vn 0.3441 -0.1981 0.9178
vn 0.3662 -0.2354 0.9003
vn 0.3370 -0.2756 0.9003
vn 0.2947 -0.2660 0.9178
vn 0.2649 -0.3047 0.9149
vn 0.2744 -0.3341 0.9017
vn 0.2441 -0.3710 0.8960
vn 0.2009 -0.3623 0.9102
vn 0.1704 -0.3976 0.9016
vn 0.1261 -0.3881 0.9130
vn 0.1162 -0.3577 0.9266
vn 0.0706 -0.3464 0.9354
vn 0.0406 -0.3811 0.9237
vn -0.0057 -0.3686 0.9296
vn -0.0150 -0.3401 0.9403
vn -0.0621 -0.3260 0.9433
vn -0.0910 -0.3608 0.9282
vn -0.1384 -0.3454 0.9282
vn -0.1414 -0.3003 0.9433
vn -0.1878 -0.2840 0.9403
vn -0.2120 -0.3016 0.9296
vn -0.2569 -0.2844 0.9236
vn -0.2607 -0.2387 0.9354
vn -0.3043 -0.2211 0.9266
vn -0.3301 -0.2398 0.9130
vn -0.3076 -0.1741 0.9354
vn -0.3498 -0.1564 0.9237
vn -0.3523 -0.1085 0.9296
vn -0.3281 -0.0908 0.9403
vn -0.3293 -0.0417 0.9433
vn -0.3713 -0.0249 0.9282
vn -0.3713 0.0249 0.9282
vn -0.3293 0.0417 0.9433
vn -0.3281 0.0908 0.9403
vn -0.3523 0.1085 0.9296
vn -0.3498 0.1564 0.9237
vn -0.3076 0.1741 0.9354
vn -0.3043 0.2211 0.9266
vn -0.3301 0.2398 0.9130
vn -0.2607 0.2387 0.9354
vn -0.2569 0.2844 0.9237
vn -0.2120 0.3016 0.9295
vn -0.1878 0.2840 0.9403
vn -0.1414 0.3003 0.9433
vn -0.1384 0.3454 0.9282
vn -0.0910 0.3608 0.9282
vn -0.0621 0.3260 0.9433
vn -0.0150 0.3401 0.9403
vn -0.0057 0.3686 0.9296
vn 0.0406 0.3811 0.9237
vn 0.0706 0.3464 0.9354
vn 0.1162 0.3577 0.9266
vn 0.1261 0.3881 0.9130
vn 0.1465 0.3217 0.9354
vn 0.1911 0.3322 0.9237
vn 0.2213 0.2949 0.9296
vn 0.2120 0.2663 0.9403
vn 0.2419 0.2272 0.9433
vn 0.2858 0.2384 0.9282
vn 0.3150 0.1981 0.9282
vn 0.2909 0.1598 0.9433
vn 0.3188 0.1194 0.9403
vn 0.3488 0.1194 0.9296
vn 0.3750 0.0791 0.9237
vn 0.3512 0.0399 0.9354
vn 0.3761 0.0000 0.9266
vn 0.3512 -0.0399 0.9354
vn 0.3207 -0.0399 0.9463
vn 0.2940 -0.0802 0.9524
vn 0.3188 -0.1194 0.9403
vn 0.2909 -0.1598 0.9433
vn 0.2625 -0.1598 0.9516
vn 0.2331 -0.2003 0.9516
vn 0.2419 -0.2272 0.9433
vn 0.2120 -0.2663 0.9403
vn 0.1671 -0.2548 0.9524
vn 0.1371 -0.2927 0.9463
vn 0.0911 -0.2806 0.9555
vn 0.0820 -0.2525 0.9641
vn 0.0353 -0.2390 0.9704
vn 0.0055 -0.2766 0.9610
vn -0.0417 -0.2623 0.9641
vn -0.0503 -0.2357 0.9705
vn -0.0979 -0.2203 0.9705
vn -0.1204 -0.2367 0.9641
vn -0.1671 -0.2205 0.9610
vn -0.1691 -0.1726 0.9704
vn -0.2148 -0.1560 0.9641
vn -0.2386 -0.1734 0.9555
vn -0.2164 -0.1075 0.9704
vn -0.2614 -0.0908 0.9610
vn -0.2623 -0.0414 0.9641
vn -0.2397 -0.0250 0.9705
vn -0.2397 0.0250 0.9705
vn -0.2623 0.0414 0.9641
vn -0.2614 0.0908 0.9610
vn -0.2164 0.1074 0.9704
vn -0.2148 0.1560 0.9641
vn -0.2387 0.1734 0.9555
vn -0.1691 0.1726 0.9704
vn -0.1671 0.2205 0.9610
vn -0.1204 0.2367 0.9641
vn -0.0979 0.2203 0.9705
vn -0.0503 0.2357 0.9705
vn -0.0417 0.2623 0.9641
vn 0.0055 0.2766 0.9610
vn 0.0353 0.2390 0.9704
vn 0.0820 0.2525 0.9641
vn 0.0911 0.2806 0.9555
vn 0.1119 0.2141 0.9704
vn 0.1581 0.2270 0.9610
vn 0.1879 0.1877 0.9641
vn 0.1793 0.1611 0.9705
vn 0.2087 0.1207 0.9705
vn 0.2366 0.1207 0.9641
vn 0.2648 0.0802 0.9610
vn 0.2382 0.0403 0.9704
vn 0.2655 0.0000 0.9641
vn 0.2382 -0.0403 0.9704
vn 0.2099 -0.0403 0.9769
vn 0.1813 -0.0809 0.9801
vn 0.2087 -0.1207 0.9705
vn 0.1793 -0.1611 0.9705
vn 0.1330 -0.1474 0.9801
vn 0.1032 -0.1872 0.9769
vn 0.0562 -0.1731 0.9833
vn 0.0477 -0.1468 0.9880
vn 0.0002 -0.1318 0.9913
vn -0.0294 -0.1714 0.9848
vn -0.0770 -0.1559 0.9848
vn -0.0777 -0.1065 0.9913
vn -0.1248 -0.0907 0.9880
vn -0.1473 -0.1070 0.9833
vn -0.1253 -0.0409 0.9913
vn -0.1721 -0.0250 0.9848
vn -0.1721 0.0250 0.9848
vn -0.1253 0.0409 0.9913
vn -0.1248 0.0907 0.9880
vn -0.1473 0.1070 0.9833
vn -0.0776 0.1065 0.9913
vn -0.0770 0.1559 0.9848
vn -0.0293 0.1714 0.9848
vn 0.0002 0.1318 0.9913
vn 0.0477 0.1468 0.9880
vn 0.0562 0.1731 0.9833
vn 0.0773 0.1068 0.9913
vn 0.1245 0.1214 0.9848
vn 0.1539 0.0809 0.9848
vn 0.1254 0.0405 0.9913
vn 0.1543 0.0000 0.9880
vn 0.1254 -0.0405 0.9913
vn 0.0985 -0.0405 0.9943
vn 0.0690 -0.0812 0.9943
vn 0.0214 -0.0659 0.9976
vn 0.0132 -0.0407 0.9991
vn -0.0346 -0.0251 0.9991
vn -0.0561 -0.0408 0.9976
vn -0.0346 0.0251 0.9991
vn -0.0561 0.0408 0.9976
vn 0.0132 0.0407 0.9991
vn 0.0214 0.0659 0.9976
vn 0.0428 0.0000 0.9991
vn 0.0693 0.0000 0.9976
vn 0.0985 0.0405 0.9943
vn 0.0690 0.0812 0.9943
vn -0.0081 0.1062 0.9943
vn -0.0559 0.0907 0.9943
vn -0.1035 0.0251 0.9943
vn -0.1035 -0.0251 0.9943
vn -0.0559 -0.0907 0.9943
vn -0.0081 -0.1062 0.9943
vn 0.0773 -0.1068 0.9913
vn 0.1245 -0.1214 0.9848
vn 0.1539 -0.0809 0.9848
vn 0.1821 0.0000 0.9833
vn 0.2099 0.0403 0.9769
vn 0.1813 0.0809 0.9801
vn 0.1329 0.1474 0.9801
vn 0.1032 0.1872 0.9769
vn 0.0266 0.2121 0.9769
vn -0.0209 0.1974 0.9801
vn -0.0991 0.1720 0.9801
vn -0.1461 0.1560 0.9769
vn -0.1935 0.0908 0.9769
vn -0.1942 0.0411 0.9801
vn -0.1942 -0.0411 0.9801
vn -0.1935 -0.0908 0.9769
vn -0.1461 -0.1560 0.9769
vn -0.0991 -0.1720 0.9801
vn -0.0209 -0.1974 0.9801
vn 0.0266 -0.2121 0.9769
vn 0.1119 -0.2141 0.9704
vn 0.1581 -0.2270 0.9610
vn 0.1879 -0.1877 0.9641
vn 0.2366 -0.1207 0.9641
vn 0.2648 -0.0802 0.9610
vn 0.2950 0.0000 0.9555
vn 0.3207 0.0399 0.9463
vn 0.2940 0.0802 0.9524
vn 0.2625 0.1598 0.9516
vn 0.2331 0.2003 0.9516
vn 0.1671 0.2548 0.9524
vn 0.1371 0.2927 0.9463
vn 0.0611 0.3173 0.9463
vn 0.0146 0.3044 0.9524
vn -0.0709 0.2991 0.9516
vn -0.1184 0.2836 0.9516
vn -0.1907 0.2377 0.9524
vn -0.2360 0.2208 0.9463
vn -0.2829 0.1562 0.9463
vn -0.2850 0.1079 0.9524
vn -0.3063 0.0250 0.9516
vn -0.3063 -0.0250 0.9516
vn -0.2850 -0.1079 0.9524
vn -0.2829 -0.1562 0.9463
vn -0.2360 -0.2208 0.9463
vn -0.1907 -0.2377 0.9524
vn -0.1184 -0.2836 0.9516
vn -0.0709 -0.2991 0.9516
vn 0.0146 -0.3044 0.9524
vn 0.0611 -0.3173 0.9463
vn 0.1465 -0.3217 0.9354
vn 0.1911 -0.3322 0.9237
vn 0.2213 -0.2949 0.9296
vn 0.2858 -0.2384 0.9282
vn 0.3150 -0.1981 0.9282
vn 0.3488 -0.1194 0.9296
vn 0.3750 -0.0791 0.9237
vn 0.4080 0.0000 0.9130
vn 0.4308 0.0392 0.9016
vn 0.4066 0.0791 0.9102
vn 0.3717 0.1577 0.9149
vn 0.3441 0.1981 0.9178
vn 0.2947 0.2660 0.9178
vn 0.2649 0.3047 0.9149
vn 0.2009 0.3623 0.9102
vn 0.1704 0.3976 0.9016
vn 0.0958 0.4218 0.9016
vn 0.0504 0.4112 0.9102
vn -0.0352 0.4022 0.9149
vn -0.0821 0.3885 0.9178
vn -0.1619 0.3625 0.9178
vn -0.2080 0.3461 0.9149
vn -0.2825 0.3030 0.9102
vn -0.3254 0.2849 0.9016
vn -0.3716 0.2215 0.9016
vn -0.3755 0.1750 0.9102
vn -0.3934 0.0908 0.9149
vn -0.3948 0.0420 0.9178
vn -0.3948 -0.0420 0.9178
vn -0.3934 -0.0908 0.9149
vn -0.3755 -0.1750 0.9101
vn -0.3716 -0.2215 0.9016
vn -0.3254 -0.2849 0.9016
vn -0.2825 -0.3030 0.9102
vn -0.2080 -0.3461 0.9149
vn -0.1619 -0.3625 0.9178
vn -0.0821 -0.3885 0.9178
vn -0.0352 -0.4022 0.9149
vn 0.0504 -0.4112 0.9102
vn 0.0958 -0.4218 0.9016
vn 0.1806 -0.4289 0.8851
vn 0.2235 -0.4365 0.8715
vn 0.2542 -0.4019 0.8797
vn 0.3163 -0.3422 0.8848
vn 0.3462 -0.3038 0.8876
vn 0.3959 -0.2354 0.8876
vn 0.4232 -0.1951 0.8848
vn 0.4608 -0.1175 0.8797
vn 0.4842 -0.0777 0.8715
vn 0.5199 0.0000 0.8543
vn 0.5392 0.0384 0.8413
vn 0.5182 0.0777 0.8517
vn 0.4800 0.1549 0.8635
vn 0.4549 0.1951 0.8689
vn 0.4157 0.2714 0.8681
vn 0.3866 0.3115 0.8681
vn 0.3261 0.3723 0.8689
vn 0.2956 0.4086 0.8635
vn 0.2340 0.4689 0.8517
vn 0.2032 0.5009 0.8413
vn 0.1301 0.5247 0.8413
vn 0.0863 0.5169 0.8517
vn 0.0010 0.5044 0.8635
vn -0.0450 0.4929 0.8689
vn -0.1297 0.4792 0.8681
vn -0.1768 0.4639 0.8681
vn -0.2534 0.4252 0.8689
vn -0.2973 0.4074 0.8635
vn -0.3736 0.3675 0.8517
vn -0.4136 0.3480 0.8413
vn -0.4588 0.2858 0.8413
vn -0.4649 0.2417 0.8517
vn -0.4794 0.1568 0.8635
vn -0.4827 0.1096 0.8689
vn -0.4959 0.0248 0.8681
vn -0.4959 -0.0248 0.8680
vn -0.4827 -0.1096 0.8689
vn -0.4794 -0.1568 0.8635
vn -0.4649 -0.2417 0.8517
vn -0.4588 -0.2858 0.8413
vn -0.4136 -0.3480 0.8413
vn -0.3736 -0.3675 0.8517
vn -0.2973 -0.4074 0.8635
vn -0.2534 -0.4252 0.8689
vn -0.1768 -0.4639 0.8681
vn -0.1297 -0.4792 0.8681
vn -0.0450 -0.4929 0.8689
vn 0.0010 -0.5044 0.8635
vn 0.0863 -0.5169 0.8517
vn 0.1409 -0.5582 0.8177
vn 0.1943 -0.5980 0.7776
vn 0.2547 -0.5387 0.8030
vn 0.2858 -0.5074 0.8129
vn 0.3454 -0.4450 0.8262
vn 0.3760 -0.4091 0.8314
vn 0.4342 -0.3460 0.8317
vn 0.4632 -0.3060 0.8317
vn 0.5053 -0.2311 0.8314
vn 0.5299 -0.1910 0.8262
vn 0.5709 -0.1150 0.8129
vn 0.6270 -0.0758 0.7754
vn 0.6445 -0.0374 0.7637
vn 0.6445 0.0374 0.7637
vn 0.6270 0.0758 0.7754
vn 0.5861 0.1512 0.7960
vn 0.5640 0.1910 0.8034
vn 0.5208 0.2659 0.8112
vn 0.4940 0.3060 0.8138
vn 0.4437 0.3753 0.8138
vn 0.4137 0.4132 0.8112
vn 0.3559 0.4773 0.8034
vn 0.3249 0.5107 0.7960
vn 0.2658 0.5728 0.7754
vn 0.2347 0.6014 0.7637
vn 0.1636 0.6245 0.7637
vn 0.1217 0.6197 0.7754
vn 0.0373 0.6042 0.7960
vn -0.0074 0.5954 0.8034
vn -0.0919 0.5774 0.8112
vn -0.1384 0.5644 0.8138
vn -0.2198 0.5379 0.8138
vn -0.2651 0.5212 0.8113
vn -0.3440 0.4860 0.8034
vn -0.3854 0.4668 0.7960
vn -0.4627 0.4298 0.7754
vn -0.4994 0.4090 0.7637
vn -0.5433 0.3486 0.7637
vn -0.5518 0.3072 0.7754
vn -0.5631 0.2222 0.7960
vn -0.5685 0.1770 0.8034
vn -0.5776 0.0911 0.8112
vn -0.5795 0.0428 0.8138
vn -0.5795 -0.0428 0.8138
vn -0.5776 -0.0911 0.8112
vn -0.5685 -0.1770 0.8034
vn -0.5631 -0.2222 0.7960
vn -0.5518 -0.3072 0.7754
vn -0.5433 -0.3486 0.7637
vn -0.4994 -0.4090 0.7637
vn -0.4627 -0.4298 0.7754
vn -0.3854 -0.4668 0.7960
vn -0.3440 -0.4860 0.8034
vn -0.2651 -0.5212 0.8113
vn -0.2198 -0.5379 0.8138
vn -0.1384 -0.5644 0.8138
vn -0.0919 -0.5775 0.8112
vn -0.0074 -0.5954 0.8034
vn 0.0482 -0.6377 0.7688
vn 0.1027 -0.6785 0.7274
vn 0.1445 -0.6825 0.7164
vn 0.2262 -0.6962 0.6813
vn 0.2843 -0.6371 0.7164
vn 0.3157 -0.6093 0.7274
vn 0.3727 -0.5454 0.7508
vn 0.4038 -0.5125 0.7578
vn 0.4593 -0.4464 0.7680
vn 0.4893 -0.4086 0.7705
vn 0.5398 -0.3391 0.7705
vn 0.5664 -0.2989 0.7680
vn 0.6122 -0.2257 0.7578
vn 0.6693 -0.1859 0.7194
vn 0.6882 -0.1466 0.7105
vn 0.7300 -0.0735 0.6795
vn 0.7439 -0.0361 0.6673
vn 0.7439 0.0361 0.6673
vn 0.7300 0.0735 0.6795
vn 0.6882 0.1466 0.7105
vn 0.6693 0.1859 0.7194
vn 0.6234 0.2588 0.7378
vn 0.5994 0.2989 0.7425
vn 0.5518 0.3704 0.7473
vn 0.5228 0.4103 0.7473
vn 0.4695 0.4777 0.7425
vn 0.4388 0.5129 0.7379
vn 0.3836 0.5791 0.7194
vn 0.3520 0.6093 0.7105
vn 0.2955 0.6715 0.6795
vn 0.2642 0.6964 0.6673
vn 0.1955 0.7187 0.6673
vn 0.1557 0.7170 0.6795
vn 0.0733 0.6998 0.7105
vn 0.0300 0.6940 0.7194
vn -0.0535 0.6728 0.7378
vn -0.0990 0.6624 0.7425
vn -0.1818 0.6392 0.7473
vn -0.2287 0.6240 0.7473
vn -0.3092 0.5941 0.7425
vn -0.3523 0.5758 0.7378
vn -0.4322 0.5438 0.7194
vn -0.4707 0.5231 0.7105
vn -0.5474 0.4885 0.6795
vn -0.5806 0.4665 0.6673
vn -0.6231 0.4081 0.6672
vn -0.6338 0.3696 0.6795
vn -0.6429 0.2860 0.7105
vn -0.6507 0.2430 0.7194
vn -0.6564 0.1571 0.7379
vn -0.6606 0.1106 0.7425
vn -0.6641 0.0247 0.7473
vn -0.6641 -0.0247 0.7473
vn -0.6606 -0.1106 0.7425
vn -0.6564 -0.1571 0.7379
vn -0.6507 -0.2430 0.7194
vn -0.6429 -0.2860 0.7105
vn -0.6338 -0.3696 0.6795
vn -0.6231 -0.4081 0.6672
vn -0.5807 -0.4665 0.6673
vn -0.5474 -0.4885 0.6795
vn -0.4706 -0.5231 0.7105
vn -0.4322 -0.5438 0.7194
vn -0.3522 -0.5758 0.7378
vn -0.3093 -0.5941 0.7425
vn -0.2287 -0.6239 0.7473
vn -0.1818 -0.6392 0.7473
vn -0.0990 -0.6624 0.7425
vn -0.0429 -0.7055 0.7074
vn 0.0125 -0.7467 0.6650
vn 0.0556 -0.7521 0.6567
vn 0.1369 -0.7710 0.6219
vn 0.1766 -0.7721 0.6104
vn 0.2550 -0.7850 0.5646
vn 0.3110 -0.7284 0.6104
vn 0.3425 -0.7042 0.6219
vn 0.3971 -0.6412 0.6567
vn 0.4288 -0.6114 0.6650
vn 0.4817 -0.5440 0.6871
vn 0.5126 -0.5090 0.6915
vn 0.5633 -0.4398 0.6995
vn 0.5923 -0.3998 0.6995
vn 0.6425 -0.3302 0.6915
vn 0.7001 -0.2900 0.6525
vn 0.7211 -0.2501 0.6461
vn 0.7674 -0.1796 0.6155
vn 0.7830 -0.1411 0.6058
vn 0.8233 -0.0707 0.5632
vn 0.8338 -0.0345 0.5509
vn 0.8338 0.0345 0.5510
vn 0.8233 0.0707 0.5632
vn 0.7830 0.1411 0.6058
vn 0.7674 0.1796 0.6155
vn 0.7211 0.2501 0.6461
vn 0.7001 0.2900 0.6525
vn 0.6499 0.3595 0.6696
vn 0.6235 0.3998 0.6719
vn 0.5729 0.4695 0.6719
vn 0.5428 0.5069 0.6696
vn 0.4922 0.5762 0.6525
vn 0.4607 0.6085 0.6461
vn 0.4079 0.6744 0.6155
vn 0.3761 0.7011 0.6058
vn 0.3216 0.7612 0.5632
vn 0.2905 0.7824 0.5509
vn 0.2248 0.8037 0.5509
vn 0.1872 0.8048 0.5632
vn 0.1078 0.7883 0.6058
vn 0.0664 0.7853 0.6155
vn -0.0151 0.7631 0.6461
vn -0.0595 0.7555 0.6524
vn -0.1411 0.7292 0.6696
vn -0.1876 0.7166 0.6718
vn -0.2695 0.6899 0.6718
vn -0.3144 0.6729 0.6696
vn -0.3959 0.6462 0.6524
vn -0.4363 0.6262 0.6461
vn -0.5153 0.5964 0.6155
vn -0.5506 0.5744 0.6058
vn -0.6245 0.5411 0.5632
vn -0.6543 0.5181 0.5510
vn -0.6949 0.4621 0.5510
vn -0.7076 0.4268 0.5632
vn -0.7164 0.3461 0.6058
vn -0.7264 0.3058 0.6155
vn -0.7304 0.2215 0.6461
vn -0.7369 0.1769 0.6524
vn -0.7371 0.0911 0.6696
vn -0.7394 0.0431 0.6719
vn -0.7394 -0.0431 0.6719
vn -0.7371 -0.0911 0.6696
vn -0.7369 -0.1769 0.6524
vn -0.7304 -0.2215 0.6461
vn -0.7264 -0.3058 0.6155
vn -0.7164 -0.3461 0.6058
vn -0.7076 -0.4268 0.5632
vn -0.6949 -0.4621 0.5510
vn -0.6543 -0.5181 0.5510
vn -0.6245 -0.5411 0.5632
vn -0.5506 -0.5744 0.6058
vn -0.5153 -0.5964 0.6155
vn -0.4364 -0.6262 0.6461
vn -0.3959 -0.6462 0.6525
vn -0.3144 -0.6729 0.6696
vn -0.2695 -0.6899 0.6719
vn -0.1875 -0.7166 0.6718
vn -0.1311 -0.7601 0.6364
vn -0.0753 -0.8015 0.5933
vn -0.0308 -0.8088 0.5873
vn 0.0489 -0.8323 0.5521
vn 0.0904 -0.8349 0.5430
vn 0.1677 -0.8514 0.4970
vn 0.2022 -0.8511 0.4845
vn 0.2784 -0.8570 0.4337
vn 0.3367 -0.8074 0.4845
vn 0.3647 -0.7874 0.4971
vn 0.4176 -0.7285 0.5430
vn 0.4496 -0.7021 0.5521
vn 0.5003 -0.6362 0.5873
vn 0.5320 -0.6041 0.5933
vn 0.5803 -0.5340 0.6149
vn 0.6106 -0.4965 0.6170
vn 0.6609 -0.4273 0.6170
vn 0.7189 -0.3869 0.5775
vn 0.7423 -0.3465 0.5735
vn 0.7923 -0.2792 0.5425
vn 0.8101 -0.2398 0.5350
vn 0.8532 -0.1720 0.4923
vn 0.8654 -0.1411 0.4808
vn 0.8988 -0.0707 0.4326
vn 0.9078 -0.0361 0.4178
vn 0.9078 0.0361 0.4178
vn 0.8988 0.0707 0.4326
vn 0.8654 0.1411 0.4808
vn 0.8532 0.1720 0.4923
vn 0.8101 0.2398 0.5350
vn 0.7923 0.2792 0.5425
vn 0.7423 0.3465 0.5735
vn 0.7189 0.3869 0.5775
vn 0.6649 0.4524 0.5943
vn 0.6357 0.4925 0.5943
vn 0.5901 0.5641 0.5775
vn 0.5589 0.5989 0.5735
vn 0.5104 0.6673 0.5424
vn 0.4784 0.6964 0.5350
vn 0.4273 0.7583 0.4923
vn 0.4016 0.7795 0.4808
vn 0.3450 0.8330 0.4326
vn 0.3149 0.8522 0.4178
vn 0.2462 0.8746 0.4178
vn 0.2105 0.8767 0.4326
vn 0.1333 0.8666 0.4808
vn 0.1000 0.8646 0.4924
vn 0.0224 0.8446 0.5350
vn -0.0207 0.8398 0.5425
vn -0.1001 0.8131 0.5735
vn -0.1458 0.8032 0.5775
vn -0.2248 0.7721 0.5943
vn -0.2720 0.7568 0.5943
vn -0.3542 0.7355 0.5776
vn -0.3969 0.7166 0.5735
vn -0.4769 0.6916 0.5424
vn -0.5145 0.6701 0.5350
vn -0.5891 0.6407 0.4924
vn -0.6172 0.6228 0.4808
vn -0.6856 0.5855 0.4326
vn -0.7132 0.5628 0.4178
vn -0.7557 0.5044 0.4178
vn -0.7687 0.4711 0.4326
vn -0.7830 0.3946 0.4808
vn -0.7914 0.3623 0.4923
vn -0.7963 0.2822 0.5350
vn -0.8051 0.2398 0.5424
vn -0.8042 0.1560 0.5735
vn -0.8090 0.1096 0.5775
vn -0.8039 0.0248 0.5943
vn -0.8039 -0.0248 0.5943
vn -0.8090 -0.1096 0.5775
vn -0.8042 -0.1560 0.5735
vn -0.8051 -0.2398 0.5424
vn -0.7963 -0.2822 0.5350
vn -0.7914 -0.3623 0.4923
vn -0.7830 -0.3946 0.4808
vn -0.7687 -0.4711 0.4326
vn -0.7557 -0.5044 0.4178
vn -0.7132 -0.5628 0.4178
vn -0.6856 -0.5855 0.4326
vn -0.6172 -0.6228 0.4808
vn -0.5891 -0.6407 0.4923
vn -0.5145 -0.6701 0.5350
vn -0.4769 -0.6916 0.5424
vn -0.3969 -0.7166 0.5735
vn -0.3542 -0.7355 0.5775
vn -0.2720 -0.7568 0.5943
vn -0.2155 -0.8008 0.5589
vn -0.1595 -0.8421 0.5152
vn -0.1137 -0.8518 0.5113
vn -0.0365 -0.8787 0.4761
vn -0.0062 -0.8847 0.4661
vn 0.0718 -0.9027 0.4242
vn 0.1054 -0.9055 0.4111
vn 0.1829 -0.9128 0.3652
vn 0.2188 -0.9112 0.3491
vn 0.2947 -0.9070 0.3009
vn 0.3586 -0.8658 0.3491
vn 0.3885 -0.8460 0.3652
vn 0.4470 -0.7945 0.4112
vn 0.4725 -0.7725 0.4242
vn 0.5250 -0.7121 0.4661
vn 0.5460 -0.6894 0.4761
vn 0.5927 -0.6223 0.5113
vn 0.6240 -0.5876 0.5151
vn 0.6673 -0.5157 0.5374
vn 0.7252 -0.4959 0.4777
vn 0.7519 -0.4346 0.4957
vn 0.8039 -0.3714 0.4646
vn 0.8203 -0.3464 0.4551
vn 0.8650 -0.2792 0.4168
vn 0.8797 -0.2501 0.4045
vn 0.9149 -0.1796 0.3615
vn 0.9267 -0.1466 0.3461
vn 0.9511 -0.0735 0.3001
vn 0.9587 -0.0374 0.2819
vn 0.9587 0.0374 0.2819
vn 0.9511 0.0735 0.3001
vn 0.9267 0.1466 0.3461
vn 0.9149 0.1796 0.3614
vn 0.8797 0.2501 0.4045
vn 0.8650 0.2792 0.4168
vn 0.8203 0.3464 0.4551
vn 0.8039 0.3714 0.4646
vn 0.7519 0.4346 0.4958
vn 0.7255 0.4753 0.4977
vn 0.6762 0.5432 0.4977
vn 0.6456 0.5808 0.4958
vn 0.6016 0.6498 0.4645
vn 0.5830 0.6731 0.4551
vn 0.5329 0.7364 0.4169
vn 0.5097 0.7593 0.4045
vn 0.4535 0.8147 0.3615
vn 0.4257 0.8360 0.3461
vn 0.3638 0.8818 0.3001
vn 0.3318 0.9003 0.2819
vn 0.2607 0.9233 0.2819
vn 0.2240 0.9272 0.3001
vn 0.1469 0.9266 0.3461
vn 0.1119 0.9256 0.3615
vn 0.0340 0.9139 0.4045
vn 0.0018 0.9090 0.4168
vn -0.0761 0.8872 0.4552
vn -0.1047 0.8793 0.4645
vn -0.1810 0.8494 0.4957
vn -0.2279 0.8369 0.4977
vn -0.3076 0.8110 0.4977
vn -0.3528 0.7936 0.4957
vn -0.4322 0.7729 0.4645
vn -0.4600 0.7624 0.4551
vn -0.5356 0.7344 0.4169
vn -0.5647 0.7194 0.4045
vn -0.6346 0.6831 0.3615
vn -0.6636 0.6633 0.3461
vn -0.7262 0.6185 0.3001
vn -0.7536 0.5938 0.2819
vn -0.7976 0.5333 0.2819
vn -0.8126 0.4995 0.3001
vn -0.8359 0.4261 0.3461
vn -0.8458 0.3925 0.3614
vn -0.8587 0.3147 0.4045
vn -0.8640 0.2825 0.4168
vn -0.8672 0.2019 0.4551
vn -0.8687 0.1721 0.4645
vn -0.8638 0.0904 0.4957
vn -0.8663 0.0419 0.4977
vn -0.8663 -0.0419 0.4977
vn -0.8637 -0.0904 0.4958
vn -0.8687 -0.1721 0.4645
vn -0.8672 -0.2019 0.4551
vn -0.8640 -0.2825 0.4168
vn -0.8587 -0.3147 0.4045
vn -0.8457 -0.3925 0.3614
vn -0.8359 -0.4261 0.3461
vn -0.8126 -0.4995 0.3001
vn -0.7976 -0.5333 0.2819
vn -0.7537 -0.5938 0.2819
vn -0.7262 -0.6185 0.3001
vn -0.6635 -0.6633 0.3461
vn -0.6346 -0.6831 0.3615
vn -0.5647 -0.7194 0.4045
vn -0.5357 -0.7344 0.4168
vn -0.4600 -0.7624 0.4551
vn -0.4321 -0.7730 0.4645
vn -0.3529 -0.7935 0.4958
vn -0.2952 -0.8274 0.4778
vn -0.2393 -0.8681 0.4350
vn -0.2143 -0.8788 0.4264
vn -0.1382 -0.9078 0.3961
vn -0.1090 -0.9166 0.3847
vn -0.0314 -0.9367 0.3487
vn 0.0013 -0.9424 0.3344
vn 0.0793 -0.9525 0.2940
vn 0.1146 -0.9540 0.2769
vn 0.1920 -0.9532 0.2337
vn 0.2288 -0.9496 0.2140
vn 0.3045 -0.9372 0.1700
vn 0.3730 -0.9028 0.2140
vn 0.4049 -0.8840 0.2336
vn 0.4681 -0.8392 0.2769
vn 0.4957 -0.8172 0.2939
vn 0.5529 -0.7632 0.3344
vn 0.5760 -0.7394 0.3487
vn 0.6269 -0.6775 0.3847
vn 0.6454 -0.6531 0.3961
vn 0.6899 -0.5850 0.4263
vn 0.7469 -0.5427 0.3841
vn 0.7790 -0.5158 0.3565
vn 0.8107 -0.4524 0.3717
vn 0.8573 -0.3869 0.3397
vn 0.8744 -0.3596 0.3257
vn 0.9125 -0.2900 0.2886
vn 0.9269 -0.2587 0.2719
vn 0.9550 -0.1858 0.2313
vn 0.9655 -0.1512 0.2120
vn 0.9826 -0.0758 0.1696
vn 0.9882 -0.0384 0.1481
vn 0.9882 0.0384 0.1481
vn 0.9826 0.0758 0.1696
vn 0.9655 0.1512 0.2120
vn 0.9550 0.1858 0.2313
vn 0.9269 0.2587 0.2720
vn 0.9125 0.2900 0.2886
vn 0.8744 0.3596 0.3257
vn 0.8573 0.3869 0.3397
vn 0.8107 0.4524 0.3717
vn 0.7921 0.4754 0.3828
vn 0.7384 0.5365 0.4086
vn 0.6969 0.6065 0.3828
vn 0.6808 0.6312 0.3717
vn 0.6329 0.6958 0.3396
vn 0.6122 0.7205 0.3257
vn 0.5578 0.7782 0.2886
vn 0.5325 0.8016 0.2719
vn 0.4719 0.8508 0.2312
vn 0.4421 0.8715 0.2120
vn 0.3758 0.9111 0.1696
vn 0.3419 0.9280 0.1481
vn 0.2689 0.9517 0.1481
vn 0.2315 0.9579 0.1696
vn 0.1545 0.9650 0.2120
vn 0.1183 0.9657 0.2312
vn 0.0404 0.9615 0.2720
vn 0.0061 0.9574 0.2886
vn -0.0717 0.9428 0.3257
vn -0.1031 0.9349 0.3397
vn -0.1797 0.9108 0.3717
vn -0.2073 0.9002 0.3829
vn -0.2820 0.8681 0.4086
vn -0.3615 0.8502 0.3828
vn -0.3900 0.8425 0.3716
vn -0.4661 0.8169 0.3397
vn -0.4961 0.8049 0.3257
vn -0.5677 0.7710 0.2886
vn -0.5978 0.7541 0.2720
vn -0.6633 0.7117 0.2312
vn -0.6923 0.6898 0.2120
vn -0.7504 0.6389 0.1696
vn -0.7769 0.6120 0.1481
vn -0.8221 0.5498 0.1481
vn -0.8395 0.5162 0.1696
vn -0.8700 0.4452 0.2120
vn -0.8819 0.4109 0.2312
vn -0.9019 0.3355 0.2719
vn -0.9087 0.3017 0.2886
vn -0.9188 0.2231 0.3257
vn -0.9210 0.1909 0.3397
vn -0.9218 0.1105 0.3717
vn -0.9203 0.0810 0.3828
vn -0.9127 0.0000 0.4085
vn -0.9203 -0.0810 0.3828
vn -0.9218 -0.1105 0.3717
vn -0.9210 -0.1909 0.3397
vn -0.9188 -0.2231 0.3257
vn -0.9087 -0.3017 0.2886
vn -0.9019 -0.3355 0.2719
vn -0.8819 -0.4109 0.2312
vn -0.8700 -0.4452 0.2120
vn -0.8395 -0.5162 0.1696
vn -0.8221 -0.5498 0.1481
vn -0.7769 -0.6119 0.1481
vn -0.7504 -0.6389 0.1696
vn -0.6923 -0.6898 0.2120
vn -0.6633 -0.7117 0.2313
vn -0.5978 -0.7541 0.2720
vn -0.5677 -0.7710 0.2886
vn -0.4961 -0.8049 0.3257
vn -0.4662 -0.8169 0.3397
vn -0.3899 -0.8425 0.3717
vn -0.3270 -0.8752 0.3565
vn -0.2527 -0.9091 0.3311
vn -0.2165 -0.9282 0.3027
vn -0.1400 -0.9516 0.2735
vn -0.1084 -0.9603 0.2572
vn -0.0306 -0.9744 0.2228
vn 0.0038 -0.9789 0.2041
vn 0.0820 -0.9827 0.1661
vn 0.1183 -0.9823 0.1451
vn 0.1958 -0.9750 0.1055
vn 0.2332 -0.9689 0.0826
vn 0.3087 -0.9502 0.0434
vn 0.3809 -0.9209 0.0826
vn 0.4147 -0.9038 0.1055
vn 0.4816 -0.8643 0.1451
vn 0.5113 -0.8432 0.1661
vn 0.5723 -0.7942 0.2041
vn 0.5975 -0.7703 0.2229
vn 0.6521 -0.7132 0.2572
vn 0.6726 -0.6876 0.2736
vn 0.7207 -0.6236 0.3027
vn 0.7774 -0.5648 0.2770
vn 0.8065 -0.5362 0.2492
vn 0.8487 -0.4675 0.2474
vn 0.8906 -0.3998 0.2169
vn 0.9075 -0.3704 0.1982
vn 0.9402 -0.2989 0.1631
vn 0.9535 -0.2658 0.1422
vn 0.9760 -0.1910 0.1045
vn 0.9846 -0.1549 0.0817
vn 0.9960 -0.0777 0.0433
vn 0.9990 -0.0393 0.0189
vn 0.9990 0.0393 0.0189
vn 0.9960 0.0777 0.0433
vn 0.9846 0.1549 0.0817
vn 0.9760 0.1910 0.1045
vn 0.9535 0.2658 0.1422
vn 0.9402 0.2989 0.1631
vn 0.9075 0.3704 0.1982
vn 0.8906 0.3998 0.2169
vn 0.8487 0.4675 0.2474
vn 0.8223 0.4975 0.2762
vn 0.7708 0.5600 0.3038
vn 0.7272 0.6284 0.2762
vn 0.7068 0.6627 0.2474
vn 0.6554 0.7234 0.2169
vn 0.6327 0.7486 0.1982
vn 0.5748 0.8019 0.1631
vn 0.5475 0.8247 0.1422
vn 0.4832 0.8692 0.1046
vn 0.4515 0.8885 0.0817
vn 0.3817 0.9233 0.0433
vn 0.3460 0.9380 0.0190
vn 0.2714 0.9623 0.0190
vn 0.2339 0.9713 0.0433
vn 0.1570 0.9842 0.0817
vn 0.1200 0.9873 0.1045
vn 0.0418 0.9890 0.1422
vn 0.0063 0.9866 0.1631
vn -0.0719 0.9775 0.1982
vn -0.1050 0.9705 0.2169
vn -0.1823 0.9516 0.2475
vn -0.2190 0.9358 0.2762
vn -0.2944 0.9061 0.3038
vn -0.3729 0.8858 0.2762
vn -0.4118 0.8770 0.2474
vn -0.4855 0.8469 0.2169
vn -0.5165 0.8331 0.1981
vn -0.5850 0.7945 0.1632
vn -0.6152 0.7755 0.1422
vn -0.6773 0.7282 0.1045
vn -0.7055 0.7040 0.0817
vn -0.7602 0.6483 0.0433
vn -0.7852 0.6190 0.0190
vn -0.8313 0.5555 0.0190
vn -0.8515 0.5226 0.0433
vn -0.8876 0.4534 0.0817
vn -0.9019 0.4192 0.1045
vn -0.9276 0.3454 0.1422
vn -0.9364 0.3108 0.1632
vn -0.9519 0.2338 0.1981
vn -0.9555 0.2000 0.2169
vn -0.9614 0.1207 0.2474
vn -0.9577 0.0809 0.2762
vn -0.9527 -0.0000 0.3038
vn -0.9577 -0.0809 0.2762
vn -0.9614 -0.1207 0.2474
vn -0.9555 -0.2000 0.2169
vn -0.9519 -0.2338 0.1981
vn -0.9364 -0.3108 0.1632
vn -0.9276 -0.3454 0.1422
vn -0.9019 -0.4192 0.1045
vn -0.8876 -0.4534 0.0817
vn -0.8515 -0.5226 0.0433
vn -0.8313 -0.5555 0.0190
vn -0.7852 -0.6190 0.0190
vn -0.7602 -0.6483 0.0433
vn -0.7055 -0.7040 0.0817
vn -0.6773 -0.7282 0.1045
vn -0.6151 -0.7755 0.1422
vn -0.5850 -0.7945 0.1632
vn -0.5165 -0.8331 0.1982
vn -0.4855 -0.8469 0.2169
vn -0.4119 -0.8770 0.2474
vn -0.3373 -0.9078 0.2492
vn -0.2628 -0.9392 0.2209
vn -0.2259 -0.9548 0.1930
vn -0.1489 -0.9755 0.1617
vn -0.1116 -0.9848 0.1333
vn -0.0335 -0.9943 0.1011
vn 0.0022 -0.9970 0.0779
vn 0.0805 -0.9958 0.0428
vn 0.1175 -0.9929 0.0182
vn 0.1951 -0.9806 -0.0177
vn 0.2325 -0.9716 -0.0433
vn 0.3081 -0.9482 -0.0780
vn 0.3830 -0.9227 -0.0434
vn 0.4186 -0.9080 -0.0177
vn 0.4885 -0.8724 0.0182
vn 0.5202 -0.8530 0.0428
vn 0.5842 -0.8078 0.0779
vn 0.6115 -0.7848 0.1011
vn 0.6692 -0.7311 0.1333
vn 0.6939 -0.7017 0.1617
vn 0.7440 -0.6397 0.1930
vn 0.7982 -0.5798 0.1635
vn 0.8243 -0.5495 0.1364
vn 0.8659 -0.4816 0.1354
vn 0.9051 -0.4127 0.1027
vn 0.9223 -0.3792 0.0751
vn 0.9511 -0.3060 0.0424
vn 0.9623 -0.2714 0.0174
vn 0.9806 -0.1951 -0.0172
vn 0.9865 -0.1577 -0.0432
vn 0.9938 -0.0791 -0.0776
vn 0.9938 -0.0399 -0.1041
vn 0.9938 0.0399 -0.1041
vn 0.9938 0.0791 -0.0776
vn 0.9865 0.1577 -0.0432
vn 0.9806 0.1951 -0.0172
vn 0.9623 0.2714 0.0174
vn 0.9511 0.3060 0.0424
vn 0.9223 0.3792 0.0751
vn 0.9051 0.4127 0.1027
vn 0.8659 0.4816 0.1354
vn 0.8427 0.5131 0.1630
vn 0.7937 0.5766 0.1937
vn 0.7484 0.6429 0.1630
vn 0.7256 0.6747 0.1353
vn 0.6722 0.7333 0.1027
vn 0.6456 0.7600 0.0751
vn 0.5850 0.8100 0.0424
vn 0.5555 0.8313 0.0174
vn 0.4885 0.8724 -0.0171
vn 0.4549 0.8895 -0.0431
vn 0.3823 0.9208 -0.0776
vn 0.3450 0.9328 -0.1042
vn 0.2692 0.9574 -0.1042
vn 0.2318 0.9696 -0.0776
vn 0.1548 0.9870 -0.0432
vn 0.1175 0.9929 -0.0172
vn 0.0393 0.9991 0.0174
vn 0.0028 0.9991 0.0424
vn -0.0756 0.9943 0.0750
vn -0.1128 0.9883 0.1027
vn -0.1904 0.9723 0.1354
vn -0.2276 0.9600 0.1630
vn -0.3031 0.9331 0.1937
vn -0.3801 0.9105 0.1630
vn -0.4175 0.8985 0.1354
vn -0.4897 0.8658 0.1027
vn -0.5233 0.8488 0.0751
vn -0.5896 0.8066 0.0424
vn -0.6190 0.7852 0.0174
vn -0.6787 0.7342 -0.0172
vn -0.7054 0.7075 -0.0431
vn -0.7575 0.6482 -0.0777
vn -0.7805 0.6164 -0.1042
vn -0.8274 0.5519 -0.1042
vn -0.8505 0.5202 -0.0776
vn -0.8908 0.4523 -0.0431
vn -0.9080 0.4186 -0.0172
vn -0.9381 0.3461 0.0174
vn -0.9493 0.3114 0.0424
vn -0.9690 0.2354 0.0751
vn -0.9748 0.1981 0.1027
vn -0.9836 0.1194 0.1354
vn -0.9834 0.0802 0.1630
vn -0.9811 0.0000 0.1937
vn -0.9834 -0.0802 0.1630
vn -0.9836 -0.1194 0.1354
vn -0.9748 -0.1981 0.1027
vn -0.9690 -0.2354 0.0751
vn -0.9493 -0.3114 0.0424
vn -0.9381 -0.3460 0.0174
vn -0.9080 -0.4186 -0.0172
vn -0.8908 -0.4523 -0.0431
vn -0.8505 -0.5202 -0.0777
vn -0.8274 -0.5519 -0.1042
vn -0.7805 -0.6164 -0.1042
vn -0.7575 -0.6482 -0.0776
vn -0.7054 -0.7075 -0.0432
vn -0.6787 -0.7342 -0.0172
vn -0.6190 -0.7852 0.0174
vn -0.5896 -0.8066 0.0424
vn -0.5233 -0.8488 0.0750
vn -0.4897 -0.8659 0.1027
vn -0.4175 -0.8985 0.1354
vn -0.3438 -0.9291 0.1364
vn -0.2692 -0.9574 0.1042
vn -0.2319 -0.9696 0.0776
vn -0.1548 -0.9870 0.0432
vn -0.1175 -0.9929 0.0172
vn -0.0393 -0.9991 -0.0174
vn -0.0028 -0.9991 -0.0424
vn 0.0756 -0.9943 -0.0751
vn 0.1128 -0.9883 -0.1027
vn 0.1904 -0.9723 -0.1354
vn 0.2276 -0.9600 -0.1630
vn 0.3032 -0.9331 -0.1937
vn 0.3801 -0.9105 -0.1630
vn 0.4175 -0.8986 -0.1354
vn 0.4897 -0.8659 -0.1027
vn 0.5233 -0.8488 -0.0750
vn 0.5896 -0.8066 -0.0424
vn 0.6190 -0.7852 -0.0174
vn 0.6787 -0.7342 0.0172
vn 0.7054 -0.7075 0.0431
vn 0.7575 -0.6482 0.0776
vn 0.8082 -0.5872 0.0434
vn 0.8313 -0.5555 0.0179
vn 0.8724 -0.4885 0.0177
vn 0.9080 -0.4186 -0.0182
vn 0.9222 -0.3843 -0.0429
vn 0.9475 -0.3102 -0.0779
vn 0.9560 -0.2754 -0.1011
vn 0.9711 -0.1981 -0.1333
vn 0.9738 -0.1598 -0.1617
vn 0.9779 -0.0802 -0.1930
vn 0.9745 -0.0403 -0.2209
vn 0.9745 0.0403 -0.2209
vn 0.9779 0.0802 -0.1930
vn 0.9738 0.1598 -0.1617
vn 0.9711 0.1981 -0.1333
vn 0.9560 0.2754 -0.1011
vn 0.9475 0.3102 -0.0779
vn 0.9222 0.3843 -0.0429
vn 0.9080 0.4186 -0.0182
vn 0.8724 0.4885 0.0177
vn 0.8522 0.5214 0.0433
vn 0.8066 0.5860 0.0780
vn 0.7592 0.6494 0.0433
vn 0.7342 0.6787 0.0177
vn 0.6787 0.7342 -0.0182
vn 0.6505 0.7583 -0.0428
vn 0.5877 0.8053 -0.0779
vn 0.5574 0.8241 -0.1011
vn 0.4885 0.8623 -0.1333
vn 0.4530 0.8767 -0.1617
vn 0.3784 0.9053 -0.1930
vn 0.3395 0.9143 -0.2209
vn 0.2628 0.9392 -0.2208
vn 0.2260 0.9548 -0.1929
vn 0.1489 0.9755 -0.1617
vn 0.1117 0.9848 -0.1333
vn 0.0334 0.9943 -0.1011
vn -0.0022 0.9970 -0.0779
vn -0.0805 0.9958 -0.0429
vn -0.1175 0.9929 -0.0182
vn -0.1951 0.9806 0.0177
vn -0.2325 0.9716 0.0433
vn -0.3081 0.9482 0.0779
vn -0.3830 0.9227 0.0434
vn -0.4186 0.9080 0.0177
vn -0.4885 0.8724 -0.0182
vn -0.5202 0.8530 -0.0428
vn -0.5843 0.8078 -0.0779
vn -0.6115 0.7847 -0.1011
vn -0.6692 0.7311 -0.1332
vn -0.6939 0.7017 -0.1617
vn -0.7441 0.6397 -0.1929
vn -0.7647 0.6054 -0.2208
vn -0.8120 0.5402 -0.2209
vn -0.8383 0.5099 -0.1929
vn -0.8818 0.4431 -0.1617
vn -0.9021 0.4105 -0.1333
vn -0.9353 0.3391 -0.1011
vn -0.9488 0.3060 -0.0779
vn -0.9720 0.2312 -0.0428
vn -0.9806 0.1951 -0.0182
vn -0.9929 0.1175 0.0177
vn -0.9959 0.0791 0.0433
vn -0.9970 0.0000 0.0780
vn -0.9959 -0.0791 0.0433
vn -0.9929 -0.1175 0.0177
vn -0.9806 -0.1951 -0.0182
vn -0.9720 -0.2312 -0.0428
vn -0.9488 -0.3060 -0.0779
vn -0.9353 -0.3391 -0.1011
vn -0.9021 -0.4105 -0.1333
vn -0.8818 -0.4431 -0.1617
vn -0.8383 -0.5100 -0.1929
vn -0.8121 -0.5402 -0.2209
vn -0.7647 -0.6054 -0.2209
vn -0.7440 -0.6397 -0.1930
vn -0.6939 -0.7017 -0.1617
vn -0.6692 -0.7311 -0.1333
vn -0.6115 -0.7848 -0.1011
vn -0.5842 -0.8078 -0.0779
vn -0.5202 -0.8530 -0.0428
vn -0.4885 -0.8724 -0.0182
vn -0.4186 -0.9080 0.0177
vn -0.3460 -0.9380 0.0180
vn -0.2714 -0.9623 -0.0190
vn -0.2339 -0.9713 -0.0433
vn -0.1570 -0.9842 -0.0817
vn -0.1200 -0.9873 -0.1045
vn -0.0418 -0.9890 -0.1422
vn -0.0063 -0.9866 -0.1632
vn 0.0718 -0.9775 -0.1982
vn 0.1050 -0.9705 -0.2169
vn 0.1823 -0.9516 -0.2474
vn 0.2190 -0.9358 -0.2762
vn 0.2944 -0.9061 -0.3038
vn 0.3729 -0.8858 -0.2762
vn 0.4119 -0.8770 -0.2474
vn 0.4855 -0.8469 -0.2169
vn 0.5165 -0.8331 -0.1982
vn 0.5850 -0.7945 -0.1631
vn 0.6151 -0.7755 -0.1422
vn 0.6773 -0.7282 -0.1045
vn 0.7055 -0.7040 -0.0817
vn 0.7602 -0.6483 -0.0433
vn 0.8062 -0.5858 -0.0829
vn 0.8265 -0.5529 -0.1060
vn 0.8667 -0.4875 -0.1055
vn 0.8977 -0.4161 -0.1452
vn 0.9092 -0.3817 -0.1662
vn 0.9299 -0.3061 -0.2040
vn 0.9361 -0.2720 -0.2228
vn 0.9468 -0.1936 -0.2572
vn 0.9483 -0.1610 -0.2735
vn 0.9496 -0.0808 -0.3028
vn 0.9427 -0.0406 -0.3311
vn 0.9427 0.0406 -0.3311
vn 0.9496 0.0808 -0.3028
vn 0.9483 0.1610 -0.2735
vn 0.9468 0.1936 -0.2572
vn 0.9361 0.2720 -0.2228
vn 0.9299 0.3061 -0.2040
vn 0.9092 0.3817 -0.1662
vn 0.8977 0.4161 -0.1452
vn 0.8667 0.4875 -0.1055
vn 0.8495 0.5211 -0.0827
vn 0.8083 0.5872 -0.0433
vn 0.7582 0.6468 -0.0826
vn 0.7315 0.6736 -0.1055
vn 0.6731 0.7251 -0.1452
vn 0.6440 0.7468 -0.1662
vn 0.5785 0.7898 -0.2041
vn 0.5480 0.8063 -0.2228
vn 0.4767 0.8406 -0.2573
vn 0.4461 0.8522 -0.2736
vn 0.3704 0.8782 -0.3027
vn 0.3299 0.8840 -0.3311
vn 0.2528 0.9091 -0.3311
vn 0.2165 0.9282 -0.3027
vn 0.1401 0.9516 -0.2736
vn 0.1083 0.9603 -0.2572
vn 0.0306 0.9744 -0.2229
vn -0.0039 0.9790 -0.2040
vn -0.0820 0.9827 -0.1662
vn -0.1184 0.9823 -0.1452
vn -0.1958 0.9750 -0.1055
vn -0.2332 0.9689 -0.0826
vn -0.3087 0.9502 -0.0434
vn -0.3809 0.9209 -0.0826
vn -0.4147 0.9038 -0.1055
vn -0.4816 0.8643 -0.1451
vn -0.5112 0.8432 -0.1661
vn -0.5723 0.7942 -0.2041
vn -0.5975 0.7703 -0.2229
vn -0.6521 0.7132 -0.2572
vn -0.6726 0.6876 -0.2735
vn -0.7207 0.6236 -0.3027
vn -0.7388 0.5870 -0.3311
vn -0.7865 0.5213 -0.3311
vn -0.8158 0.4928 -0.3027
vn -0.8618 0.4272 -0.2735
vn -0.8798 0.3998 -0.2572
vn -0.9172 0.3302 -0.2228
vn -0.9322 0.2989 -0.2041
vn -0.9599 0.2257 -0.1661
vn -0.9708 0.1910 -0.1451
vn -0.9877 0.1150 -0.1055
vn -0.9935 0.0777 -0.0826
vn -0.9991 0.0000 -0.0434
vn -0.9935 -0.0777 -0.0826
vn -0.9877 -0.1150 -0.1055
vn -0.9708 -0.1910 -0.1451
vn -0.9599 -0.2257 -0.1661
vn -0.9322 -0.2989 -0.2041
vn -0.9172 -0.3302 -0.2228
vn -0.8798 -0.3998 -0.2572
vn -0.8618 -0.4272 -0.2736
vn -0.8158 -0.4928 -0.3027
vn -0.7865 -0.5213 -0.3311
vn -0.7388 -0.5869 -0.3311
vn -0.7208 -0.6236 -0.3027
vn -0.6726 -0.6876 -0.2735
vn -0.6521 -0.7132 -0.2572
vn -0.5975 -0.7703 -0.2229
vn -0.5723 -0.7942 -0.2041
vn -0.5113 -0.8432 -0.1661
vn -0.4816 -0.8643 -0.1451
vn -0.4147 -0.9038 -0.1055
vn -0.3436 -0.9331 -0.1060
vn -0.2688 -0.9517 -0.1481
vn -0.2315 -0.9579 -0.1696
vn -0.1546 -0.9650 -0.2120
vn -0.1183 -0.9657 -0.2313
vn -0.0403 -0.9615 -0.2719
vn -0.0061 -0.9574 -0.2886
vn 0.0718 -0.9427 -0.3257
vn 0.1030 -0.9349 -0.3397
vn 0.1797 -0.9108 -0.3717
vn 0.2073 -0.9003 -0.3828
vn 0.2820 -0.8681 -0.4086
vn 0.3615 -0.8502 -0.3828
vn 0.3899 -0.8425 -0.3717
vn 0.4662 -0.8169 -0.3397
vn 0.4961 -0.8049 -0.3257
vn 0.5677 -0.7710 -0.2886
vn 0.5978 -0.7541 -0.2719
vn 0.6634 -0.7117 -0.2312
vn 0.6923 -0.6898 -0.2120
vn 0.7504 -0.6389 -0.1696
vn 0.7901 -0.5741 -0.2147
vn 0.8078 -0.5407 -0.2349
vn 0.8472 -0.4772 -0.2337
vn 0.8719 -0.4038 -0.2769
vn 0.8814 -0.3698 -0.2939
vn 0.8959 -0.2924 -0.3344
vn 0.9006 -0.2596 -0.3487
vn 0.9054 -0.1796 -0.3847
vn 0.9060 -0.1491 -0.3961
vn 0.9020 -0.0678 -0.4264
vn 0.8995 -0.0406 -0.4350
vn 0.8995 0.0406 -0.4350
vn 0.9020 0.0678 -0.4264
vn 0.9060 0.1491 -0.3961
vn 0.9054 0.1796 -0.3847
vn 0.9006 0.2596 -0.3487
vn 0.8959 0.2924 -0.3344
vn 0.8814 0.3698 -0.2939
vn 0.8719 0.4038 -0.2769
vn 0.8472 0.4772 -0.2337
vn 0.8324 0.5111 -0.2141
vn 0.7972 0.5793 -0.1700
vn 0.7433 0.6338 -0.2140
vn 0.7156 0.6583 -0.2336
vn 0.6535 0.7045 -0.2769
vn 0.6240 0.7240 -0.2939
vn 0.5550 0.7617 -0.3344
vn 0.5252 0.7763 -0.3487
vn 0.4506 0.8056 -0.3847
vn 0.4218 0.8156 -0.3961
vn 0.3432 0.8369 -0.4264
vn 0.3166 0.8429 -0.4350
vn 0.2393 0.8681 -0.4350
vn 0.2142 0.8788 -0.4263
vn 0.1382 0.9077 -0.3961
vn 0.1090 0.9166 -0.3847
vn 0.0313 0.9367 -0.3487
vn -0.0013 0.9424 -0.3344
vn -0.0793 0.9525 -0.2939
vn -0.1145 0.9541 -0.2768
vn -0.1920 0.9532 -0.2337
vn -0.2288 0.9496 -0.2141
vn -0.3045 0.9372 -0.1700
vn -0.3731 0.9028 -0.2140
vn -0.4050 0.8840 -0.2336
vn -0.4681 0.8392 -0.2769
vn -0.4957 0.8172 -0.2939
vn -0.5529 0.7632 -0.3344
vn -0.5760 0.7393 -0.3487
vn -0.6269 0.6775 -0.3847
vn -0.6453 0.6532 -0.3961
vn -0.6899 0.5851 -0.4264
vn -0.7038 0.5616 -0.4350
vn -0.7516 0.4959 -0.4350
vn -0.7696 0.4753 -0.4264
vn -0.8206 0.4119 -0.3961
vn -0.8381 0.3869 -0.3847
vn -0.8812 0.3193 -0.3487
vn -0.8967 0.2900 -0.3344
vn -0.9304 0.2189 -0.2940
vn -0.9428 0.1859 -0.2769
vn -0.9659 0.1119 -0.2337
vn -0.9739 0.0758 -0.2140
vn -0.9854 0.0000 -0.1700
vn -0.9739 -0.0758 -0.2140
vn -0.9659 -0.1119 -0.2337
vn -0.9428 -0.1859 -0.2769
vn -0.9304 -0.2189 -0.2940
vn -0.8967 -0.2900 -0.3344
vn -0.8812 -0.3193 -0.3487
vn -0.8381 -0.3869 -0.3847
vn -0.8206 -0.4119 -0.3961
vn -0.7696 -0.4753 -0.4264
vn -0.7516 -0.4958 -0.4350
vn -0.7038 -0.5616 -0.4350
vn -0.6899 -0.5851 -0.4264
vn -0.6453 -0.6532 -0.3961
vn -0.6269 -0.6775 -0.3847
vn -0.5760 -0.7394 -0.3487
vn -0.5529 -0.7632 -0.3344
vn -0.4957 -0.8172 -0.2939
vn -0.4681 -0.8392 -0.2769
vn -0.4049 -0.8840 -0.2337
vn -0.3357 -0.9122 -0.2349
vn -0.2607 -0.9234 -0.2819
vn -0.2240 -0.9272 -0.3001
vn -0.1469 -0.9266 -0.3461
vn -0.1119 -0.9256 -0.3615
vn -0.0340 -0.9139 -0.4045
vn -0.0017 -0.9090 -0.4168
vn 0.0760 -0.8872 -0.4551
vn 0.1047 -0.8793 -0.4645
vn 0.1810 -0.8494 -0.4957
vn 0.2279 -0.8369 -0.4977
vn 0.3076 -0.8110 -0.4977
vn 0.3528 -0.7936 -0.4957
vn 0.4322 -0.7730 -0.4645
vn 0.4600 -0.7624 -0.4551
vn 0.5357 -0.7344 -0.4169
vn 0.5647 -0.7194 -0.4045
vn 0.6347 -0.6831 -0.3615
vn 0.6635 -0.6633 -0.3461
vn 0.7262 -0.6185 -0.3001
vn 0.7578 -0.5506 -0.3500
vn 0.7732 -0.5171 -0.3670
vn 0.8116 -0.4560 -0.3652
vn 0.8286 -0.3800 -0.4111
vn 0.8364 -0.3472 -0.4242
vn 0.8433 -0.2675 -0.4661
vn 0.8469 -0.2368 -0.4761
vn 0.8453 -0.1552 -0.5113
vn 0.8502 -0.1086 -0.5152
vn 0.8430 -0.0249 -0.5373
vn 0.8430 0.0249 -0.5373
vn 0.8502 0.1086 -0.5152
vn 0.8453 0.1552 -0.5113
vn 0.8469 0.2368 -0.4761
vn 0.8433 0.2675 -0.4661
vn 0.8364 0.3472 -0.4242
vn 0.8286 0.3800 -0.4111
vn 0.8116 0.4561 -0.3652
vn 0.7990 0.4896 -0.3491
vn 0.7715 0.5606 -0.3009
vn 0.7126 0.6086 -0.3491
vn 0.6845 0.6309 -0.3652
vn 0.6175 0.6706 -0.4111
vn 0.5887 0.6881 -0.4242
vn 0.5150 0.7194 -0.4661
vn 0.4869 0.7323 -0.4761
vn 0.4088 0.7559 -0.5113
vn 0.3659 0.7750 -0.5152
vn 0.2842 0.7941 -0.5373
vn 0.2368 0.8095 -0.5373
vn 0.1595 0.8421 -0.5152
vn 0.1136 0.8519 -0.5113
vn 0.0366 0.8786 -0.4761
vn 0.0061 0.8847 -0.4661
vn -0.0718 0.9027 -0.4242
vn -0.1054 0.9055 -0.4111
vn -0.1830 0.9128 -0.3652
vn -0.2188 0.9112 -0.3491
vn -0.2947 0.9070 -0.3009
vn -0.3586 0.8658 -0.3491
vn -0.3885 0.8460 -0.3652
vn -0.4469 0.7945 -0.4112
vn -0.4725 0.7725 -0.4242
vn -0.5250 0.7121 -0.4661
vn -0.5460 0.6894 -0.4761
vn -0.5926 0.6224 -0.5113
vn -0.6240 0.5875 -0.5152
vn -0.6673 0.5157 -0.5373
vn -0.6967 0.4753 -0.5373
vn -0.7516 0.4119 -0.5152
vn -0.7750 0.3713 -0.5113
vn -0.8243 0.3063 -0.4761
vn -0.8395 0.2792 -0.4661
vn -0.8807 0.2107 -0.4242
vn -0.8937 0.1796 -0.4111
vn -0.9246 0.1081 -0.3652
vn -0.9342 0.0735 -0.3490
vn -0.9537 0.0000 -0.3009
vn -0.9342 -0.0735 -0.3491
vn -0.9246 -0.1081 -0.3652
vn -0.8937 -0.1796 -0.4111
vn -0.8807 -0.2107 -0.4242
vn -0.8395 -0.2792 -0.4661
vn -0.8244 -0.3062 -0.4761
vn -0.7750 -0.3713 -0.5113
vn -0.7516 -0.4119 -0.5152
vn -0.6967 -0.4753 -0.5373
vn -0.6673 -0.5157 -0.5373
vn -0.6240 -0.5875 -0.5152
vn -0.5926 -0.6224 -0.5113
vn -0.5460 -0.6894 -0.4761
vn -0.5250 -0.7121 -0.4661
vn -0.4725 -0.7725 -0.4242
vn -0.4470 -0.7945 -0.4111
vn -0.3885 -0.8460 -0.3652
vn -0.3216 -0.8729 -0.3670
vn -0.2462 -0.8745 -0.4178
vn -0.2105 -0.8767 -0.4326
vn -0.1333 -0.8666 -0.4808
vn -0.1000 -0.8646 -0.4924
vn -0.0224 -0.8446 -0.5350
vn 0.0208 -0.8398 -0.5424
vn 0.1001 -0.8131 -0.5735
vn 0.1458 -0.8032 -0.5775
vn 0.2248 -0.7722 -0.5943
vn 0.2720 -0.7568 -0.5943
vn 0.3542 -0.7355 -0.5775
vn 0.3969 -0.7166 -0.5735
vn 0.4769 -0.6916 -0.5425
vn 0.5145 -0.6701 -0.5350
vn 0.5891 -0.6407 -0.4924
vn 0.6172 -0.6228 -0.4808
vn 0.6856 -0.5855 -0.4326
vn 0.7071 -0.5138 -0.4858
vn 0.7207 -0.4809 -0.4994
vn 0.7579 -0.4226 -0.4971
vn 0.7661 -0.3440 -0.5429
vn 0.7765 -0.3037 -0.5521
vn 0.7788 -0.2206 -0.5872
vn 0.7856 -0.1760 -0.5932
vn 0.7834 -0.0909 -0.6149
vn 0.7858 -0.0429 -0.6170
vn 0.7858 0.0429 -0.6170
vn 0.7834 0.0909 -0.6149
vn 0.7856 0.1760 -0.5932
vn 0.7788 0.2206 -0.5872
vn 0.7765 0.3037 -0.5521
vn 0.7661 0.3440 -0.5429
vn 0.7579 0.4226 -0.4971
vn 0.7470 0.4553 -0.4845
vn 0.7290 0.5297 -0.4337
vn 0.6638 0.5697 -0.4845
vn 0.6361 0.5902 -0.4970
vn 0.5638 0.6223 -0.5430
vn 0.5288 0.6446 -0.5521
vn 0.4505 0.6724 -0.5873
vn 0.4102 0.6927 -0.5933
vn 0.3285 0.7169 -0.6149
vn 0.2836 0.7341 -0.6170
vn 0.2021 0.7605 -0.6171
vn 0.1556 0.7731 -0.6149
vn 0.0753 0.8015 -0.5933
vn 0.0308 0.8088 -0.5873
vn -0.0489 0.8323 -0.5521
vn -0.0904 0.8349 -0.5429
vn -0.1677 0.8513 -0.4971
vn -0.2022 0.8511 -0.4845
vn -0.2785 0.8570 -0.4337
vn -0.3367 0.8074 -0.4845
vn -0.3647 0.7873 -0.4970
vn -0.4176 0.7286 -0.5429
vn -0.4497 0.7021 -0.5521
vn -0.5003 0.6362 -0.5873
vn -0.5320 0.6041 -0.5932
vn -0.5803 0.5340 -0.6149
vn -0.6105 0.4965 -0.6170
vn -0.6609 0.4272 -0.6170
vn -0.6872 0.3869 -0.6149
vn -0.7390 0.3193 -0.5933
vn -0.7597 0.2793 -0.5873
vn -0.8067 0.2107 -0.5521
vn -0.8220 0.1720 -0.5429
vn -0.8615 0.1036 -0.4971
vn -0.8719 0.0707 -0.4845
vn -0.9011 0.0000 -0.4337
vn -0.8719 -0.0707 -0.4845
vn -0.8615 -0.1036 -0.4971
vn -0.8220 -0.1720 -0.5429
vn -0.8067 -0.2107 -0.5521
vn -0.7597 -0.2793 -0.5873
vn -0.7390 -0.3193 -0.5933
vn -0.6872 -0.3869 -0.6149
vn -0.6609 -0.4272 -0.6170
vn -0.6105 -0.4965 -0.6170
vn -0.5803 -0.5340 -0.6149
vn -0.5320 -0.6041 -0.5932
vn -0.5004 -0.6362 -0.5873
vn -0.4497 -0.7021 -0.5521
vn -0.4177 -0.7285 -0.5429
vn -0.3647 -0.7874 -0.4971
vn -0.3004 -0.8126 -0.4994
vn -0.2248 -0.8037 -0.5509
vn -0.1872 -0.8048 -0.5632
vn -0.1078 -0.7883 -0.6058
vn -0.0664 -0.7853 -0.6155
vn 0.0150 -0.7631 -0.6461
vn 0.0595 -0.7555 -0.6525
vn 0.1412 -0.7292 -0.6696
vn 0.1876 -0.7166 -0.6718
vn 0.2695 -0.6899 -0.6718
vn 0.3144 -0.6729 -0.6696
vn 0.3960 -0.6461 -0.6525
vn 0.4364 -0.6261 -0.6462
vn 0.5153 -0.5964 -0.6155
vn 0.5506 -0.5744 -0.6058
vn 0.6245 -0.5411 -0.5632
vn 0.6398 -0.4649 -0.6120
vn 0.6520 -0.4291 -0.6251
vn 0.6910 -0.3684 -0.6219
vn 0.6981 -0.2853 -0.6567
vn 0.7063 -0.2426 -0.6650
vn 0.7095 -0.1570 -0.6870
vn 0.7139 -0.1105 -0.6915
vn 0.7142 -0.0247 -0.6995
vn 0.7142 0.0247 -0.6995
vn 0.7139 0.1105 -0.6915
vn 0.7095 0.1570 -0.6870
vn 0.7063 0.2426 -0.6650
vn 0.6981 0.2853 -0.6567
vn 0.6910 0.3684 -0.6219
vn 0.6798 0.4065 -0.6104
vn 0.6677 0.4852 -0.5646
vn 0.5967 0.5209 -0.6104
vn 0.5639 0.5433 -0.6219
vn 0.4870 0.5759 -0.6567
vn 0.4490 0.5968 -0.6650
vn 0.3685 0.6262 -0.6871
vn 0.3257 0.6448 -0.6915
vn 0.2442 0.6716 -0.6995
vn 0.1972 0.6868 -0.6995
vn 0.1155 0.7131 -0.6915
vn 0.0700 0.7232 -0.6871
vn -0.0125 0.7467 -0.6650
vn -0.0556 0.7521 -0.6567
vn -0.1368 0.7710 -0.6219
vn -0.1765 0.7721 -0.6104
vn -0.2551 0.7850 -0.5646
vn -0.3110 0.7285 -0.6104
vn -0.3425 0.7042 -0.6219
vn -0.3971 0.6412 -0.6567
vn -0.4288 0.6114 -0.6650
vn -0.4817 0.5440 -0.6871
vn -0.5126 0.5090 -0.6915
vn -0.5633 0.4398 -0.6995
vn -0.5923 0.3998 -0.6995
vn -0.6425 0.3302 -0.6915
vn -0.6662 0.2900 -0.6871
vn -0.7140 0.2189 -0.6650
vn -0.7325 0.1796 -0.6567
vn -0.7756 0.1081 -0.6219
vn -0.7889 0.0707 -0.6104
vn -0.8254 0.0000 -0.5646
vn -0.7889 -0.0707 -0.6104
vn -0.7756 -0.1081 -0.6219
vn -0.7325 -0.1796 -0.6567
vn -0.7140 -0.2189 -0.6650
vn -0.6662 -0.2900 -0.6871
vn -0.6425 -0.3302 -0.6915
vn -0.5923 -0.3998 -0.6995
vn -0.5633 -0.4398 -0.6995
vn -0.5126 -0.5090 -0.6915
vn -0.4817 -0.5440 -0.6871
vn -0.4288 -0.6114 -0.6650
vn -0.3971 -0.6412 -0.6567
vn -0.3425 -0.7042 -0.6219
vn -0.2753 -0.7304 -0.6251
vn -0.1956 -0.7187 -0.6673
vn -0.1557 -0.7170 -0.6795
vn -0.0733 -0.6998 -0.7105
vn -0.0301 -0.6940 -0.7194
vn 0.0535 -0.6729 -0.7378
vn 0.0990 -0.6624 -0.7425
vn 0.1818 -0.6392 -0.7472
vn 0.2287 -0.6240 -0.7472
vn 0.3093 -0.5942 -0.7425
vn 0.3523 -0.5758 -0.7378
vn 0.4322 -0.5438 -0.7194
vn 0.4706 -0.5231 -0.7105
vn 0.5474 -0.4885 -0.6795
vn 0.5627 -0.4089 -0.7184
vn 0.5728 -0.3700 -0.7315
vn 0.6135 -0.3074 -0.7274
vn 0.6221 -0.2223 -0.7507
vn 0.6280 -0.1773 -0.7578
vn 0.6339 -0.0911 -0.7680
vn 0.6360 -0.0430 -0.7705
vn 0.6360 0.0430 -0.7705
vn 0.6339 0.0911 -0.7680
vn 0.6280 0.1773 -0.7578
vn 0.6221 0.2223 -0.7507
vn 0.6135 0.3074 -0.7274
vn 0.6045 0.3483 -0.7164
vn 0.5922 0.4303 -0.6813
vn 0.5181 0.4672 -0.7164
vn 0.4819 0.4885 -0.7274
vn 0.4036 0.5230 -0.7507
vn 0.3627 0.5424 -0.7578
vn 0.2825 0.5748 -0.7680
vn 0.2374 0.5916 -0.7705
vn 0.1557 0.6182 -0.7705
vn 0.1092 0.6311 -0.7680
vn 0.0254 0.6520 -0.7578
vn -0.0191 0.6603 -0.7507
vn -0.1027 0.6785 -0.7274
vn -0.1445 0.6825 -0.7164
vn -0.2262 0.6962 -0.6813
vn -0.2843 0.6371 -0.7165
vn -0.3156 0.6093 -0.7274
vn -0.3726 0.5454 -0.7507
vn -0.4038 0.5125 -0.7578
vn -0.4593 0.4463 -0.7680
vn -0.4893 0.4086 -0.7705
vn -0.5398 0.3391 -0.7705
vn -0.5664 0.2989 -0.7680
vn -0.6122 0.2257 -0.7578
vn -0.6339 0.1859 -0.7507
vn -0.6770 0.1119 -0.7274
vn -0.6938 0.0735 -0.7164
vn -0.7320 0.0000 -0.6813
vn -0.6938 -0.0735 -0.7164
vn -0.6770 -0.1119 -0.7274
vn -0.6339 -0.1859 -0.7507
vn -0.6122 -0.2257 -0.7578
vn -0.5664 -0.2989 -0.7680
vn -0.5398 -0.3391 -0.7705
vn -0.4893 -0.4086 -0.7705
vn -0.4593 -0.4463 -0.7680
vn -0.4038 -0.5125 -0.7578
vn -0.3727 -0.5454 -0.7507
vn -0.3157 -0.6093 -0.7274
vn -0.2460 -0.6360 -0.7315
vn -0.1636 -0.6245 -0.7637
vn -0.1216 -0.6197 -0.7754
vn -0.0373 -0.6042 -0.7960
vn 0.0074 -0.5954 -0.8034
vn 0.0919 -0.5775 -0.8112
vn 0.1384 -0.5644 -0.8138
vn 0.2198 -0.5379 -0.8138
vn 0.2651 -0.5212 -0.8112
vn 0.3440 -0.4860 -0.8034
vn 0.3854 -0.4668 -0.7960
vn 0.4627 -0.4299 -0.7754
vn 0.4796 -0.3484 -0.8054
vn 0.4873 -0.3065 -0.8177
vn 0.5295 -0.2425 -0.8129
vn 0.5410 -0.1570 -0.8262
vn 0.5446 -0.1100 -0.8314
vn 0.5547 -0.0247 -0.8317
vn 0.5547 0.0247 -0.8317
vn 0.5446 0.1100 -0.8314
vn 0.5410 0.1570 -0.8262
vn 0.5295 0.2425 -0.8129
vn 0.5228 0.2861 -0.8030
vn 0.5087 0.3696 -0.7776
vn 0.4337 0.4088 -0.8030
vn 0.3943 0.4287 -0.8129
vn 0.3165 0.4660 -0.8262
vn 0.2729 0.4840 -0.8314
vn 0.1949 0.5199 -0.8317
vn 0.1479 0.5352 -0.8317
vn 0.0637 0.5520 -0.8314
vn 0.0179 0.5631 -0.8262
vn -0.0670 0.5785 -0.8129
vn -0.1106 0.5856 -0.8030
vn -0.1943 0.5980 -0.7776
vn -0.2548 0.5387 -0.8030
vn -0.2858 0.5074 -0.8129
vn -0.3454 0.4450 -0.8262
vn -0.3760 0.4091 -0.8314
vn -0.4342 0.3460 -0.8317
vn -0.4633 0.3060 -0.8317
vn -0.5053 0.2311 -0.8314
vn -0.5300 0.1910 -0.8262
vn -0.5709 0.1150 -0.8129
vn -0.5911 0.0758 -0.8030
vn -0.6288 0.0000 -0.7776
vn -0.5911 -0.0758 -0.8030
vn -0.5709 -0.1150 -0.8129
vn -0.5300 -0.1910 -0.8262
vn -0.5053 -0.2312 -0.8314
vn -0.4632 -0.3060 -0.8317
vn -0.4342 -0.3460 -0.8317
vn -0.3760 -0.4091 -0.8314
vn -0.3454 -0.4450 -0.8262
vn -0.2858 -0.5074 -0.8129
vn -0.2141 -0.5344 -0.8177
vn -0.1301 -0.5247 -0.8413
vn -0.0863 -0.5169 -0.8517
vn -0.0010 -0.5043 -0.8635
vn 0.0450 -0.4928 -0.8690
vn 0.1296 -0.4792 -0.8681
vn 0.1768 -0.4639 -0.8681
vn 0.2533 -0.4251 -0.8690
vn 0.2973 -0.4074 -0.8635
vn 0.3736 -0.3674 -0.8517
vn 0.3929 -0.2854 -0.8742
vn 0.3983 -0.2408 -0.8851
vn 0.4419 -0.1758 -0.8797
vn 0.4570 -0.0909 -0.8848
vn 0.4586 -0.0423 -0.8876
vn 0.4586 0.0423 -0.8876
vn 0.4570 0.0909 -0.8848
vn 0.4419 0.1758 -0.8797
vn 0.4374 0.2218 -0.8715
vn 0.4205 0.3056 -0.8543
vn 0.3461 0.3474 -0.8715
vn 0.3037 0.3659 -0.8797
vn 0.2277 0.4065 -0.8848
vn 0.1819 0.4231 -0.8876
vn 0.1015 0.4492 -0.8876
vn 0.0548 0.4628 -0.8848
vn -0.0306 0.4745 -0.8797
vn -0.0758 0.4845 -0.8715
vn -0.1606 0.4944 -0.8543
vn -0.2235 0.4365 -0.8715
vn -0.2541 0.4019 -0.8797
vn -0.3163 0.3422 -0.8848
vn -0.3462 0.3038 -0.8876
vn -0.3959 0.2354 -0.8876
vn -0.4232 0.1951 -0.8848
vn -0.4608 0.1175 -0.8797
vn -0.4842 0.0776 -0.8715
vn -0.5198 0.0000 -0.8543
vn -0.4842 -0.0776 -0.8715
vn -0.4608 -0.1175 -0.8797
vn -0.4232 -0.1951 -0.8848
vn -0.3959 -0.2354 -0.8876
vn -0.3462 -0.3038 -0.8876
vn -0.3163 -0.3422 -0.8848
vn -0.2541 -0.4019 -0.8797
vn -0.1806 -0.4290 -0.8851
vn -0.0958 -0.4218 -0.9016
vn -0.0504 -0.4112 -0.9102
vn 0.0352 -0.4023 -0.9149
vn 0.0821 -0.3885 -0.9178
vn 0.1619 -0.3625 -0.9178
vn 0.2080 -0.3461 -0.9149
vn 0.2825 -0.3030 -0.9102
vn 0.3043 -0.2211 -0.9266
vn 0.3076 -0.1742 -0.9354
vn 0.3524 -0.1085 -0.9295
vn 0.3713 -0.0249 -0.9282
vn 0.3713 0.0249 -0.9282
vn 0.3524 0.1085 -0.9295
vn 0.3499 0.1564 -0.9236
vn 0.3301 0.2398 -0.9130
vn 0.2569 0.2845 -0.9236
vn 0.2121 0.3017 -0.9295
vn 0.1384 0.3455 -0.9282
vn 0.0911 0.3609 -0.9282
vn 0.0057 0.3687 -0.9295
vn -0.0406 0.3811 -0.9236
vn -0.1261 0.3880 -0.9130
vn -0.1911 0.3322 -0.9236
vn -0.2213 0.2949 -0.9295
vn -0.2858 0.2384 -0.9282
vn -0.3151 0.1981 -0.9282
vn -0.3489 0.1194 -0.9295
vn -0.3750 0.0791 -0.9236
vn -0.4080 0.0000 -0.9130
vn -0.3750 -0.0791 -0.9236
vn -0.3489 -0.1194 -0.9295
vn -0.3151 -0.1981 -0.9282
vn -0.2858 -0.2384 -0.9282
vn -0.2213 -0.2949 -0.9295
vn -0.1465 -0.3217 -0.9354
vn -0.0611 -0.3173 -0.9463
vn -0.0146 -0.3044 -0.9524
vn 0.0709 -0.2990 -0.9516
vn 0.1184 -0.2836 -0.9516
vn 0.1907 -0.2377 -0.9524
vn 0.2148 -0.1561 -0.9641
vn 0.2165 -0.1074 -0.9704
vn 0.2623 -0.0414 -0.9641
vn 0.2623 0.0414 -0.9641
vn 0.2613 0.0908 -0.9610
vn 0.2387 0.1734 -0.9555
vn 0.1671 0.2205 -0.9610
vn 0.1204 0.2366 -0.9641
vn 0.0417 0.2622 -0.9641
vn -0.0056 0.2766 -0.9610
vn -0.0911 0.2806 -0.9555
vn -0.1581 0.2270 -0.9610
vn -0.1879 0.1877 -0.9641
vn -0.2365 0.1207 -0.9641
vn -0.2647 0.0802 -0.9610
vn -0.2950 0.0000 -0.9555
vn -0.2647 -0.0802 -0.9610
vn -0.2365 -0.1207 -0.9641
vn -0.1879 -0.1877 -0.9641
vn -0.1120 -0.2141 -0.9704
vn -0.0265 -0.2120 -0.9769
vn 0.0209 -0.1974 -0.9801
vn 0.0991 -0.1720 -0.9801
vn 0.1249 -0.0907 -0.9880
vn 0.1254 -0.0409 -0.9913
vn 0.1721 0.0251 -0.9848
vn 0.1472 0.1070 -0.9833
vn 0.0770 0.1559 -0.9848
vn 0.0293 0.1714 -0.9848
vn -0.0562 0.1731 -0.9833
vn -0.1245 0.1214 -0.9848
vn -0.1539 0.0809 -0.9848
vn -0.1820 0.0000 -0.9833
vn -0.1539 -0.0809 -0.9848
vn -0.0774 -0.1068 -0.9913
vn 0.0081 -0.1063 -0.9943
vn -0.0694 0.0000 -0.9976
vn -0.0214 0.0660 -0.9976
vn 0.0346 -0.0251 -0.9991
vn 0.0561 0.0408 -0.9976
usemtl Green_0
s off
f 1//1 2//1 3//1
f 4//2 1//2 3//2
f 5//3 4//3 3//3
f 6//4 5//4 3//4
f 6//5 7//5 5//5
f 7//6 8//6 5//6
f 5//7 8//7 9//7
f 8//8 10//8 9//8
f 10//9 11//9 9//9
f 9//10 11//10 12//10
f 9//11 12//11 4//11
f 4//12 12//12 13//12
f 12//13 14//13 13//13
f 14//14 15//14 13//14
f 13//15 15//15 16//15
f 13//16 16//16 1//16
f 1//17 16//17 17//17
f 16//18 18//18 17//18
f 18//19 19//19 17//19
f 17//20 19//20 20//20
f 17//21 20//21 2//21
f 2//22 20//22 21//22
f 2//23 21//23 6//23
f 21//24 22//24 6//24
f 21//25 23//25 22//25
f 23//26 24//26 22//26
f 22//27 24//27 25//27
f 22//28 25//28 7//28
f 25//29 26//29 7//29
f 25//30 27//30 26//30
f 27//31 28//31 26//31
f 26//32 28//32 29//32
f 26//33 29//33 8//33
f 28//34 30//34 29//34
f 29//35 30//35 31//35
f 29//36 31//36 10//36
f 31//37 32//37 10//37
f 31//38 33//38 32//38
f 33//39 34//39 32//39
f 32//40 34//40 35//40
f 32//41 35//41 11//41
f 11//42 35//42 36//42
f 35//43 37//43 36//43
f 36//44 37//44 38//44
f 36//45 38//45 14//45
f 38//46 39//46 14//46
f 38//47 40//47 39//47
f 40//48 41//48 39//48
f 39//49 41//49 42//49
f 39//50 42//50 15//50
f 15//51 42//51 43//51
f 42//52 44//52 43//52
f 43//53 44//53 45//53
f 43//54 45//54 18//54
f 45//55 46//55 18//55
f 45//56 47//56 46//56
f 47//57 48//57 46//57
f 46//58 48//58 49//58
f 46//59 49//59 19//59
f 19//60 49//60 50//60
f 49//61 51//61 50//61
f 50//62 51//62 52//62
f 50//63 52//63 53//63
f 20//64 50//64 53//64
f 52//65 54//65 53//65
f 53//66 54//66 23//66
f 54//67 55//67 23//67
f 54//68 56//68 55//68
f 56//69 57//69 55//69
f 55//70 57//70 58//70
f 55//71 58//71 24//71
f 24//72 58//72 59//72
f 58//73 60//73 59//73
f 60//74 61//74 59//74
f 59//75 61//75 27//75
f 61//76 62//76 27//76
f 61//77 63//77 62//77
f 63//78 64//78 62//78
f 62//79 64//79 65//79
f 62//80 65//80 28//80
f 64//81 66//81 65//81
f 65//82 66//82 67//82
f 65//83 67//83 30//83
f 30//84 67//84 68//84
f 67//85 69//85 68//85
f 69//86 70//86 68//86
f 68//87 70//87 33//87
f 70//88 71//88 33//88
f 70//89 72//89 71//89
f 72//90 73//90 71//90
f 71//91 73//91 74//91
f 71//92 74//92 34//92
f 34//93 74//93 75//93
f 74//94 76//94 75//94
f 75//95 76//95 77//95
f 75//96 77//96 37//96
f 37//97 77//97 78//97
f 77//98 79//98 78//98
f 79//99 80//99 78//99
f 78//100 80//100 40//100
f 80//101 81//101 40//101
f 80//102 82//102 81//102
f 82//103 83//103 81//103
f 81//104 83//104 84//104
f 81//105 84//105 41//105
f 41//106 84//106 85//106
f 84//107 86//107 85//107
f 85//108 86//108 87//108
f 85//109 87//109 44//109
f 44//110 87//110 88//110
f 87//111 89//111 88//111
f 89//112 90//112 88//112
f 88//113 90//113 47//113
f 90//114 91//114 47//114
f 90//115 92//115 91//115
f 92//116 93//116 91//116
f 91//117 93//117 94//117
f 91//118 94//118 48//118
f 48//119 94//119 95//119
f 94//120 96//120 95//120
f 95//121 96//121 97//121
f 95//122 97//122 51//122
f 51//123 97//123 98//123
f 97//124 99//124 98//124
f 99//125 100//125 98//125
f 98//126 100//126 101//126
f 98//127 101//127 52//127
f 100//128 102//128 101//128
f 101//129 102//129 56//129
f 102//130 103//130 56//130
f 102//131 104//131 103//131
f 104//132 105//132 103//132
f 103//133 105//133 106//133
f 103//134 106//134 57//134
f 57//135 106//135 107//135
f 106//136 108//136 107//136
f 107//137 108//137 109//137
f 107//138 109//138 60//138
f 109//139 110//139 60//139
f 109//140 111//140 110//140
f 111//141 112//141 110//141
f 110//142 112//142 63//142
f 112//143 113//143 63//143
f 112//144 114//144 113//144
f 114//145 115//145 113//145
f 113//146 115//146 116//146
f 113//147 116//147 64//147
f 115//148 117//148 116//148
f 116//149 117//149 118//149
f 116//150 118//150 66//150
f 66//151 118//151 119//151
f 118//152 120//152 119//152
f 119//153 120//153 121//153
f 119//154 121//154 69//154
f 121//155 122//155 69//155
f 121//156 123//156 122//156
f 123//157 124//157 122//157
f 122//158 124//158 72//158
f 124//159 125//159 72//159
f 124//160 126//160 125//160
f 126//161 127//161 125//161
f 125//162 127//162 128//162
f 125//163 128//163 73//163
f 73//164 128//164 129//164
f 128//165 130//165 129//165
f 129//166 130//166 131//166
f 129//167 131//167 76//167
f 76//168 131//168 132//168
f 131//169 133//169 132//169
f 132//170 133//170 134//170
f 132//171 134//171 79//171
f 134//172 135//172 79//172
f 134//173 136//173 135//173
f 136//174 137//174 135//174
f 135//175 137//175 82//175
f 137//176 138//176 82//176
f 137//177 139//177 138//177
f 139//178 140//178 138//178
f 138//179 140//179 141//179
f 138//180 141//180 83//180
f 83//181 141//181 142//181
f 141//182 143//182 142//182
f 142//183 143//183 144//183
f 142//184 144//184 86//184
f 86//185 144//185 145//185
f 144//186 146//186 145//186
f 145//187 146//187 147//187
f 145//188 147//188 89//188
f 147//189 148//189 89//189
f 147//190 149//190 148//190
f 149//191 150//191 148//191
f 148//192 150//192 92//192
f 150//193 151//193 92//193
f 150//194 152//194 151//194
f 152//195 153//195 151//195
f 151//196 153//196 154//196
f 151//197 154//197 93//197
f 93//198 154//198 155//198
f 154//199 156//199 155//199
f 155//200 156//200 157//200
f 155//201 157//201 96//201
f 96//202 157//202 158//202
f 157//203 159//203 158//203
f 158//204 159//204 160//204
f 158//205 160//205 99//205
f 160//206 161//206 99//206
f 160//207 162//207 161//207
f 162//208 163//208 161//208
f 161//209 163//209 164//209
f 161//210 164//210 100//210
f 163//211 165//211 164//211
f 164//212 165//212 104//212
f 165//213 166//213 104//213
f 165//214 167//214 166//214
f 167//215 168//215 166//215
f 166//216 168//216 169//216
f 166//217 169//217 105//217
f 105//218 169//218 170//218
f 169//219 171//219 170//219
f 170//220 171//220 172//220
f 170//221 172//221 108//221
f 108//222 172//222 173//222
f 172//223 174//223 173//223
f 174//224 175//224 173//224
f 173//225 175//225 111//225
f 175//226 176//226 111//226
f 175//227 177//227 176//227
f 177//228 178//228 176//228
f 176//229 178//229 114//229
f 178//230 179//230 114//230
f 178//231 180//231 179//231
f 180//232 181//232 179//232
f 179//233 181//233 182//233
f 179//234 182//234 115//234
f 181//235 183//235 182//235
f 182//236 183//236 184//236
f 182//237 184//237 117//237
f 117//238 184//238 185//238
f 184//239 186//239 185//239
f 185//240 186//240 187//240
f 185//241 187//241 120//241
f 120//242 187//242 188//242
f 187//243 189//243 188//243
f 189//244 190//244 188//244
f 188//245 190//245 123//245
f 190//246 191//246 123//246
f 190//247 192//247 191//247
f 192//248 193//248 191//248
f 191//249 193//249 126//249
f 193//250 194//250 126//250
f 193//251 195//251 194//251
f 195//252 196//252 194//252
f 194//253 196//253 197//253
f 194//254 197//254 127//254
f 127//255 197//255 198//255
f 197//256 199//256 198//256
f 198//257 199//257 200//257
f 198//258 200//258 130//258
f 130//259 200//259 201//259
f 200//260 202//260 201//260
f 201//261 202//261 203//261
f 201//262 203//262 133//262
f 133//263 203//263 204//263
f 203//264 205//264 204//264
f 205//265 206//265 204//265
f 204//266 206//266 136//266
f 206//267 207//267 136//267
f 206//268 208//268 207//268
f 208//269 209//269 207//269
f 207//270 209//270 139//270
f 209//271 210//271 139//271
f 209//272 211//272 210//272
f 211//273 212//273 210//273
f 210//274 212//274 213//274
f 210//275 213//275 140//275
f 140//276 213//276 214//276
f 213//277 215//277 214//277
f 214//278 215//278 216//278
f 214//279 216//279 143//279
f 143//280 216//280 217//280
f 216//281 218//281 217//281
f 217//282 218//282 219//282
f 217//283 219//283 146//283
f 146//284 219//284 220//284
f 219//285 221//285 220//285
f 221//286 222//286 220//286
f 220//287 222//287 149//287
f 222//288 223//288 149//288
f 222//289 224//289 223//289
f 224//290 225//290 223//290
f 223//291 225//291 152//291
f 225//292 226//292 152//292
f 225//293 227//293 226//293
f 227//294 228//294 226//294
f 226//295 228//295 229//295
f 226//296 229//296 153//296
f 153//297 229//297 230//297
f 229//298 231//298 230//298
f 230//299 231//299 232//299
f 230//300 232//300 156//300
f 156//301 232//301 233//301
f 232//302 234//302 233//302
f 233//303 234//303 235//303
f 233//304 235//304 159//304
f 159//305 235//305 236//305
f 235//306 237//306 236//306
f 237//307 238//307 236//307
f 236//308 238//308 162//308
f 238//309 239//309 162//309
f 238//310 240//310 239//310
f 240//311 241//311 239//311
f 239//312 241//312 242//312
f 239//313 242//313 163//313
f 241//314 243//314 242//314
f 242//315 243//315 167//315
f 243//316 244//316 167//316
f 243//317 245//317 244//317
f 245//318 246//318 244//318
f 244//319 246//319 247//319
f 244//320 247//320 168//320
f 168//321 247//321 248//321
f 247//322 249//322 248//322
f 248//323 249//323 250//323
f 248//324 250//324 171//324
f 171//325 250//325 251//325
f 250//326 252//326 251//326
f 251//327 252//327 253//327
f 251//328 253//328 174//328
f 253//329 254//329 174//329
f 253//330 255//330 254//330
f 255//331 256//331 254//331
f 254//332 256//332 177//332
f 256//333 257//333 177//333
f 256//334 258//334 257//334
f 258//335 259//335 257//335
f 257//336 259//336 180//336
f 259//337 260//337 180//337
f 259//338 261//338 260//338
f 261//339 262//339 260//339
f 260//340 262//340 263//340
f 260//341 263//341 181//341
f 262//342 264//342 263//342
f 263//343 264//343 265//343
f 263//344 265//344 183//344
f 183//345 265//345 266//345
f 265//346 267//346 266//346
f 266//347 267//347 268//347
f 266//348 268//348 186//348
f 186//349 268//349 269//349
f 268//350 270//350 269//350
f 269//351 270//351 271//351
f 269//352 271//352 189//352
f 271//353 272//353 189//353
f 271//354 273//354 272//354
f 273//355 274//355 272//355
f 272//356 274//356 192//356
f 274//357 275//357 192//357
f 274//358 276//358 275//358
f 276//359 277//359 275//359
f 275//360 277//360 195//360
f 277//361 278//361 195//361
f 277//362 279//362 278//362
f 279//363 280//363 278//363
f 278//364 280//364 281//364
f 278//365 281//365 196//365
f 196//366 281//366 282//366
f 281//367 283//367 282//367
f 282//368 283//368 284//368
f 282//369 284//369 199//369
f 199//370 284//370 285//370
f 284//371 286//371 285//371
f 285//372 286//372 287//372
f 285//373 287//373 202//373
f 202//374 287//374 288//374
f 287//375 289//375 288//375
f 288//376 289//376 290//376
f 288//377 290//377 205//377
f 290//378 291//378 205//378
f 290//379 292//379 291//379
f 292//380 293//380 291//380
f 291//381 293//381 208//381
f 293//382 294//382 208//382
f 293//383 295//383 294//383
f 295//384 296//384 294//384
f 294//385 296//385 211//385
f 296//386 297//386 211//386
f 296//387 298//387 297//387
f 298//388 299//388 297//388
f 297//389 299//389 300//389
f 297//390 300//390 212//390
f 212//391 300//391 301//391
f 300//392 302//392 301//392
f 301//393 302//393 303//393
f 301//394 303//394 215//394
f 215//395 303//395 304//395
f 303//396 305//396 304//396
f 304//397 305//397 306//397
f 304//398 306//398 218//398
f 218//399 306//399 307//399
f 306//400 308//400 307//400
f 307//401 308//401 309//401
f 307//402 309//402 221//402
f 309//403 310//403 221//403
f 309//404 311//404 310//404
f 311//405 312//405 310//405
f 310//406 312//406 224//406
f 312//407 313//407 224//407
f 312//408 314//408 313//408
f 314//409 315//409 313//409
f 313//410 315//410 227//410
f 315//411 316//411 227//411
f 315//412 317//412 316//412
f 317//413 318//413 316//413
f 316//414 318//414 319//414
f 316//415 319//415 228//415
f 228//416 319//416 320//416
f 319//417 321//417 320//417
f 320//418 321//418 322//418
f 320//419 322//419 231//419
f 231//420 322//420 323//420
f 322//421 324//421 323//421
f 323//422 324//422 325//422
f 323//423 325//423 234//423
f 234//424 325//424 326//424
f 325//425 327//425 326//425
f 326//426 327//426 328//426
f 326//427 328//427 237//427
f 328//428 329//428 237//428
f 328//429 330//429 329//429
f 330//430 331//430 329//430
f 329//431 331//431 240//431
f 331//432 332//432 240//432
f 331//433 333//433 332//433
f 333//434 334//434 332//434
f 332//435 334//435 335//435
f 332//436 335//436 241//436
f 334//437 336//437 335//437
f 335//438 336//438 245//438
f 336//439 337//439 245//439
f 336//440 338//440 337//440
f 338//441 339//441 337//441
f 337//442 339//442 340//442
f 337//443 340//443 246//443
f 246//444 340//444 341//444
f 340//445 342//445 341//445
f 341//446 342//446 343//446
f 341//447 343//447 249//447
f 249//448 343//448 344//448
f 343//449 345//449 344//449
f 344//450 345//450 346//450
f 344//451 346//451 252//451
f 252//452 346//452 347//452
f 346//453 348//453 347//453
f 348//454 349//454 347//454
f 347//455 349//455 255//455
f 349//456 350//456 255//456
f 349//457 351//457 350//457
f 351//458 352//458 350//458
f 350//459 352//459 258//459
f 352//460 353//460 258//460
f 352//461 354//461 353//461
f 354//462 355//462 353//462
f 353//463 355//463 261//463
f 355//464 356//464 261//464
f 355//465 357//465 356//465
f 357//466 358//466 356//466
f 356//467 358//467 359//467
f 356//468 359//468 262//468
f 358//469 360//469 359//469
f 359//470 360//470 361//470
f 359//471 361//471 264//471
f 264//472 361//472 362//472
f 361//473 363//473 362//473
f 362//474 363//474 364//474
f 362//475 364//475 267//475
f 267//476 364//476 365//476
f 364//477 366//477 365//477
f 365//478 366//478 367//478
f 365//479 367//479 270//479
f 270//480 367//480 368//480
f 367//481 369//481 368//481
f 369//482 370//482 368//482
f 368//483 370//483 273//483
f 370//484 371//484 273//484
f 370//485 372//485 371//485
f 372//486 373//486 371//486
f 371//487 373//487 276//487
f 373//488 374//488 276//488
f 373//489 375//489 374//489
f 375//490 376//490 374//490
f 374//491 376//491 279//491
f 376//492 377//492 279//492
f 376//493 378//493 377//493
f 378//494 379//494 377//494
f 377//495 379//495 380//495
f 377//496 380//496 280//496
f 280//497 380//497 381//497
f 380//498 382//498 381//498
f 381//499 382//499 383//499
f 381//500 383//500 283//500
f 283//501 383//501 384//501
f 383//502 385//502 384//502
f 384//503 385//503 386//503
f 384//504 386//504 286//504
f 286//505 386//505 387//505
f 386//506 388//506 387//506
f 387//507 388//507 389//507
f 387//508 389//508 289//508
f 289//509 389//509 390//509
f 389//510 391//510 390//510
f 391//511 392//511 390//511
f 390//512 392//512 292//512
f 392//513 393//513 292//513
f 392//514 394//514 393//514
f 394//515 395//515 393//515
f 393//516 395//516 295//516
f 395//517 396//517 295//517
f 395//518 397//518 396//518
f 397//519 398//519 396//519
f 396//520 398//520 298//520
f 398//521 399//521 298//521
f 398//522 400//522 399//522
f 400//523 401//523 399//523
f 399//524 401//524 402//524
f 399//525 402//525 299//525
f 299//526 402//526 403//526
f 402//527 404//527 403//527
f 403//528 404//528 405//528
f 403//529 405//529 302//529
f 302//530 405//530 406//530
f 405//531 407//531 406//531
f 406//532 407//532 408//532
f 406//533 408//533 305//533
f 305//534 408//534 409//534
f 408//535 410//535 409//535
f 409//536 410//536 411//536
f 409//537 411//537 308//537
f 308//538 411//538 412//538
f 411//539 413//539 412//539
f 413//540 414//540 412//540
f 412//541 414//541 311//541
f 414//542 415//542 311//542
f 414//543 416//543 415//543
f 416//544 417//544 415//544
f 415//545 417//545 314//545
f 417//546 418//546 314//546
f 417//547 419//547 418//547
f 419//548 420//548 418//548
f 418//549 420//549 317//549
f 420//550 421//550 317//550
f 420//551 422//551 421//551
f 422//552 423//552 421//552
f 421//553 423//553 424//553
f 421//554 424//554 318//554
f 318//555 424//555 425//555
f 424//556 426//556 425//556
f 425//557 426//557 427//557
f 425//558 427//558 321//558
f 321//559 427//559 428//559
f 427//560 429//560 428//560
f 428//561 429//561 430//561
f 428//562 430//562 324//562
f 324//563 430//563 431//563
f 430//564 432//564 431//564
f 431//565 432//565 433//565
f 431//566 433//566 327//566
f 327//567 433//567 434//567
f 433//568 435//568 434//568
f 435//569 436//569 434//569
f 434//570 436//570 330//570
f 436//571 437//571 330//571
f 436//572 438//572 437//572
f 438//573 439//573 437//573
f 437//574 439//574 333//574
f 439//575 440//575 333//575
f 439//576 441//576 440//576
f 441//577 442//577 440//577
f 440//578 442//578 443//578
f 440//579 443//579 334//579
f 442//580 444//580 443//580
f 443//581 444//581 338//581
f 444//582 445//582 338//582
f 444//583 446//583 445//583
f 446//584 447//584 445//584
f 445//585 447//585 448//585
f 445//586 448//586 339//586
f 339//587 448//587 449//587
f 448//588 450//588 449//588
f 449//589 450//589 451//589
f 449//590 451//590 342//590
f 342//591 451//591 452//591
f 451//592 453//592 452//592
f 452//593 453//593 454//593
f 452//594 454//594 345//594
f 345//595 454//595 455//595
f 454//596 456//596 455//596
f 455//597 456//597 457//597
f 455//598 457//598 348//598
f 457//599 458//599 348//599
f 457//600 459//600 458//600
f 459//601 460//601 458//601
f 458//602 460//602 351//602
f 460//603 461//603 351//603
f 460//604 462//604 461//604
f 462//605 463//605 461//605
f 461//606 463//606 354//606
f 463//607 464//607 354//607
f 463//608 465//608 464//608
f 465//609 466//609 464//609
f 464//610 466//610 357//610
f 466//611 467//611 357//611
f 466//612 468//612 467//612
f 468//613 469//613 467//613
f 467//614 469//614 470//614
f 467//615 470//615 358//615
f 469//616 471//616 470//616
f 470//617 471//617 472//617
f 470//618 472//618 360//618
f 360//619 472//619 473//619
f 472//620 474//620 473//620
f 473//621 474//621 475//621
f 473//622 475//622 363//622
f 363//623 475//623 476//623
f 475//624 477//624 476//624
f 476//625 477//625 478//625
f 476//626 478//626 366//626
f 366//627 478//627 479//627
f 478//628 480//628 479//628
f 479//629 480//629 481//629
f 479//630 481//630 369//630
f 481//631 482//631 369//631
f 481//632 483//632 482//632
f 483//633 484//633 482//633
f 482//634 484//634 372//634
f 484//635 485//635 372//635
f 484//636 486//636 485//636
f 486//637 487//637 485//637
f 485//638 487//638 375//638
f 487//639 488//639 375//639
f 487//640 489//640 488//640
f 489//641 490//641 488//641
f 488//642 490//642 378//642
f 490//643 491//643 378//643
f 490//644 492//644 491//644
f 491//645 492//645 493//645
f 491//646 493//646 494//646
f 491//647 494//647 379//647
f 379//648 494//648 495//648
f 494//649 496//649 495//649
f 495//650 496//650 497//650
f 495//651 497//651 382//651
f 382//652 497//652 498//652
f 497//653 499//653 498//653
f 498//654 499//654 500//654
f 498//655 500//655 385//655
f 385//656 500//656 501//656
f 500//657 502//657 501//657
f 501//658 502//658 503//658
f 501//659 503//659 388//659
f 388//660 503//660 504//660
f 503//661 505//661 504//661
f 504//662 505//662 506//662
f 504//663 506//663 391//663
f 506//664 507//664 391//664
f 506//665 508//665 507//665
f 508//666 509//666 507//666
f 507//667 509//667 394//667
f 509//668 510//668 394//668
f 509//669 511//669 510//669
f 511//670 512//670 510//670
f 510//671 512//671 397//671
f 512//672 513//672 397//672
f 512//673 514//673 513//673
f 514//674 515//674 513//674
f 513//675 515//675 400//675
f 515//676 516//676 400//676
f 515//677 517//677 516//677
f 516//678 517//678 518//678
f 516//679 518//679 519//679
f 516//680 519//680 401//680
f 401//681 519//681 520//681
f 519//682 521//682 520//682
f 520//683 521//683 522//683
f 520//684 522//684 404//684
f 404//685 522//685 523//685
f 522//686 524//686 523//686
f 523//687 524//687 525//687
f 523//688 525//688 407//688
f 407//689 525//689 526//689
f 525//690 527//690 526//690
f 526//691 527//691 528//691
f 526//692 528//692 410//692
f 410//693 528//693 529//693
f 528//694 530//694 529//694
f 529//695 530//695 531//695
f 529//696 531//696 413//696
f 531//697 532//697 413//697
f 531//698 533//698 532//698
f 533//699 534//699 532//699
f 532//700 534//700 416//700
f 534//701 535//701 416//701
f 534//702 536//702 535//702
f 536//703 537//703 535//703
f 535//704 537//704 419//704
f 537//705 538//705 419//705
f 537//706 539//706 538//706
f 539//707 540//707 538//707
f 538//708 540//708 422//708
f 540//709 541//709 422//709
f 540//710 542//710 541//710
f 541//711 542//711 543//711
f 541//712 543//712 544//712
f 541//713 544//713 423//713
f 423//714 544//714 545//714
f 544//715 546//715 545//715
f 545//716 546//716 547//716
f 545//717 547//717 426//717
f 426//718 547//718 548//718
f 547//719 549//719 548//719
f 548//720 549//720 550//720
f 548//721 550//721 429//721
f 429//722 550//722 551//722
f 550//723 552//723 551//723
f 551//724 552//724 553//724
f 551//725 553//725 432//725
f 432//726 553//726 554//726
f 553//727 555//727 554//727
f 554//728 555//728 556//728
f 554//729 556//729 435//729
f 556//730 557//730 435//730
f 556//731 558//731 557//731
f 558//732 559//732 557//732
f 557//733 559//733 438//733
f 559//734 560//734 438//734
f 559//735 561//735 560//735
f 561//736 562//736 560//736
f 560//737 562//737 441//737
f 562//738 563//738 441//738
f 562//739 564//739 563//739
f 564//740 565//740 563//740
f 563//741 565//741 566//741
f 563//742 566//742 442//742
f 565//743 567//743 566//743
f 566//744 567//744 446//744
f 567//745 568//745 446//745
f 567//746 569//746 568//746
f 568//747 569//747 570//747
f 568//748 570//748 571//748
f 568//749 571//749 447//749
f 447//750 571//750 572//750
f 571//751 573//751 572//751
f 572//752 573//752 574//752
f 572//753 574//753 450//753
f 450//754 574//754 575//754
f 574//755 576//755 575//755
f 575//756 576//756 577//756
f 575//757 577//757 453//757
f 453//758 577//758 578//758
f 577//759 579//759 578//759
f 578//760 579//760 580//760
f 578//761 580//761 456//761
f 456//762 580//762 581//762
f 580//763 582//763 581//763
f 582//764 583//764 581//764
f 581//765 583//765 459//765
f 583//766 584//766 459//766
f 583//767 585//767 584//767
f 585//768 586//768 584//768
f 584//769 586//769 462//769
f 586//770 587//770 462//770
f 586//771 588//771 587//771
f 588//772 589//772 587//772
f 587//773 589//773 465//773
f 589//774 590//774 465//774
f 589//775 591//775 590//775
f 590//776 591//776 592//776
f 590//777 592//777 468//777
f 468//778 592//778 593//778
f 592//779 594//779 593//779
f 593//780 594//780 595//780
f 593//781 595//781 596//781
f 469//782 593//782 596//782
f 596//783 595//783 597//783
f 596//784 597//784 598//784
f 471//785 596//785 598//785
f 471//786 598//786 599//786
f 599//787 598//787 600//787
f 599//788 600//788 601//788
f 599//789 601//789 474//789
f 474//790 601//790 602//790
f 601//791 603//791 602//791
f 602//792 603//792 604//792
f 602//793 604//793 477//793
f 477//794 604//794 605//794
f 604//795 606//795 605//795
f 605//796 606//796 607//796
f 605//797 607//797 480//797
f 480//798 607//798 608//798
f 607//799 609//799 608//799
f 609//800 610//800 608//800
f 608//801 610//801 483//801
f 610//802 611//802 483//802
f 610//803 612//803 611//803
f 612//804 613//804 611//804
f 611//805 613//805 486//805
f 613//806 614//806 486//806
f 613//807 615//807 614//807
f 614//808 615//808 616//808
f 614//809 616//809 489//809
f 489//810 616//810 617//810
f 616//811 618//811 617//811
f 617//812 618//812 619//812
f 617//813 619//813 492//813
f 492//814 619//814 620//814
f 619//815 621//815 620//815
f 620//816 621//816 622//816
f 620//817 622//817 623//817
f 493//818 620//818 623//818
f 493//819 623//819 624//819
f 624//820 623//820 625//820
f 624//821 625//821 626//821
f 496//822 624//822 626//822
f 496//823 626//823 627//823
f 627//824 626//824 628//824
f 627//825 628//825 629//825
f 627//826 629//826 499//826
f 499//827 629//827 630//827
f 629//828 631//828 630//828
f 630//829 631//829 632//829
f 630//830 632//830 502//830
f 502//831 632//831 633//831
f 632//832 634//832 633//832
f 633//833 634//833 635//833
f 633//834 635//834 505//834
f 505//835 635//835 636//835
f 635//836 637//836 636//836
f 637//837 638//837 636//837
f 636//838 638//838 508//838
f 638//839 639//839 508//839
f 638//840 640//840 639//840
f 640//841 641//841 639//841
f 639//842 641//842 511//842
f 641//843 642//843 511//843
f 641//844 643//844 642//844
f 642//845 643//845 644//845
f 642//846 644//846 514//846
f 514//847 644//847 645//847
f 644//848 646//848 645//848
f 645//849 646//849 647//849
f 645//850 647//850 517//850
f 517//851 647//851 648//851
f 647//852 649//852 648//852
f 648//853 649//853 650//853
f 648//854 650//854 651//854
f 518//855 648//855 651//855
f 518//856 651//856 652//856
f 652//857 651//857 653//857
f 652//858 653//858 654//858
f 521//859 652//859 654//859
f 521//860 654//860 655//860
f 655//861 654//861 656//861
f 655//862 656//862 657//862
f 655//863 657//863 524//863
f 524//864 657//864 658//864
f 657//865 659//865 658//865
f 658//866 659//866 660//866
f 658//867 660//867 527//867
f 527//868 660//868 661//868
f 660//869 662//869 661//869
f 661//870 662//870 663//870
f 661//871 663//871 530//871
f 530//872 663//872 664//872
f 663//873 665//873 664//873
f 665//874 666//874 664//874
f 664//875 666//875 533//875
f 666//876 667//876 533//876
f 666//877 668//877 667//877
f 668//878 669//878 667//878
f 667//879 669//879 536//879
f 669//880 670//880 536//880
f 669//881 671//881 670//881
f 670//882 671//882 672//882
f 670//883 672//883 539//883
f 539//884 672//884 673//884
f 672//885 674//885 673//885
f 673//886 674//886 675//886
f 673//887 675//887 542//887
f 542//888 675//888 676//888
f 675//889 677//889 676//889
f 676//890 677//890 678//890
f 676//891 678//891 679//891
f 543//892 676//892 679//892
f 543//893 679//893 680//893
f 680//894 679//894 681//894
f 680//895 681//895 682//895
f 546//896 680//896 682//896
f 546//897 682//897 683//897
f 683//898 682//898 684//898
f 683//899 684//899 685//899
f 683//900 685//900 549//900
f 549//901 685//901 686//901
f 685//902 687//902 686//902
f 686//903 687//903 688//903
f 686//904 688//904 552//904
f 552//905 688//905 689//905
f 688//906 690//906 689//906
f 689//907 690//907 691//907
f 689//908 691//908 555//908
f 555//909 691//909 692//909
f 691//910 693//910 692//910
f 693//911 694//911 692//911
f 692//912 694//912 558//912
f 694//913 695//913 558//913
f 694//914 696//914 695//914
f 696//915 697//915 695//915
f 695//916 697//916 561//916
f 697//917 698//917 561//917
f 697//918 699//918 698//918
f 698//919 699//919 700//919
f 698//920 700//920 564//920
f 564//921 700//921 701//921
f 700//922 702//922 701//922
f 701//923 702//923 703//923
f 701//924 703//924 704//924
f 565//925 701//925 704//925
f 704//926 703//926 705//926
f 704//927 705//927 569//927
f 569//928 705//928 706//928
f 705//929 707//929 706//929
f 706//930 707//930 708//930
f 706//931 708//931 709//931
f 570//932 706//932 709//932
f 570//933 709//933 710//933
f 710//934 709//934 711//934
f 710//935 711//935 712//935
f 573//936 710//936 712//936
f 573//937 712//937 713//937
f 713//938 712//938 714//938
f 713//939 714//939 715//939
f 713//940 715//940 576//940
f 576//941 715//941 716//941
f 715//942 717//942 716//942
f 716//943 717//943 718//943
f 716//944 718//944 579//944
f 579//945 718//945 719//945
f 718//946 720//946 719//946
f 719//947 720//947 721//947
f 719//948 721//948 582//948
f 721//949 722//949 582//949
f 721//950 723//950 722//950
f 723//951 724//951 722//951
f 722//952 724//952 585//952
f 724//953 725//953 585//953
f 724//954 726//954 725//954
f 725//955 726//955 727//955
f 725//956 727//956 588//956
f 588//957 727//957 728//957
f 727//958 729//958 728//958
f 728//959 729//959 730//959
f 728//960 730//960 591//960
f 591//961 730//961 731//961
f 730//962 732//962 731//962
f 731//963 732//963 733//963
f 731//964 733//964 594//964
f 594//965 733//965 734//965
f 733//966 735//966 734//966
f 734//967 735//967 736//967
f 734//968 736//968 737//968
f 595//969 734//969 737//969
f 737//970 736//970 738//970
f 737//971 738//971 739//971
f 597//972 737//972 739//972
f 597//973 739//973 740//973
f 740//974 739//974 741//974
f 740//975 741//975 742//975
f 600//976 740//976 742//976
f 600//977 742//977 743//977
f 743//978 742//978 744//978
f 743//979 744//979 745//979
f 603//980 743//980 745//980
f 603//981 745//981 746//981
f 746//982 745//982 747//982
f 746//983 747//983 748//983
f 746//984 748//984 606//984
f 606//985 748//985 749//985
f 748//986 750//986 749//986
f 749//987 750//987 751//987
f 749//988 751//988 609//988
f 751//989 752//989 609//989
f 751//990 753//990 752//990
f 752//991 753//991 754//991
f 752//992 754//992 612//992
f 612//993 754//993 755//993
f 754//994 756//994 755//994
f 755//995 756//995 757//995
f 755//996 757//996 615//996
f 615//997 757//997 758//997
f 757//998 759//998 758//998
f 758//999 759//999 760//999
f 758//1000 760//1000 618//1000
f 618//1001 760//1001 761//1001
f 760//1002 762//1002 761//1002
f 761//1003 762//1003 763//1003
f 761//1004 763//1004 621//1004
f 621//1005 763//1005 764//1005
f 763//1006 765//1006 764//1006
f 764//1007 765//1007 766//1007
f 764//1008 766//1008 767//1008
f 622//1009 764//1009 767//1009
f 622//1010 767//1010 768//1010
f 768//1011 767//1011 769//1011
f 768//1012 769//1012 770//1012
f 625//1013 768//1013 770//1013
f 625//1014 770//1014 771//1014
f 771//1015 770//1015 772//1015
f 771//1016 772//1016 773//1016
f 628//1017 771//1017 773//1017
f 628//1018 773//1018 774//1018
f 774//1019 773//1019 775//1019
f 774//1020 775//1020 776//1020
f 631//1021 774//1021 776//1021
f 631//1022 776//1022 777//1022
f 777//1023 776//1023 778//1023
f 777//1024 778//1024 779//1024
f 777//1025 779//1025 634//1025
f 634//1026 779//1026 780//1026
f 779//1027 781//1027 780//1027
f 780//1028 781//1028 782//1028
f 780//1029 782//1029 637//1029
f 782//1030 783//1030 637//1030
f 782//1031 784//1031 783//1031
f 783//1032 784//1032 785//1032
f 783//1033 785//1033 640//1033
f 640//1034 785//1034 786//1034
f 785//1035 787//1035 786//1035
f 786//1036 787//1036 788//1036
f 786//1037 788//1037 643//1037
f 643//1038 788//1038 789//1038
f 788//1039 790//1039 789//1039
f 789//1040 790//1040 791//1040
f 789//1041 791//1041 646//1041
f 646//1042 791//1042 792//1042
f 791//1043 793//1043 792//1043
f 792//1044 793//1044 794//1044
f 792//1045 794//1045 649//1045
f 649//1046 794//1046 795//1046
f 794//1047 796//1047 795//1047
f 795//1048 796//1048 797//1048
f 795//1049 797//1049 798//1049
f 650//1050 795//1050 798//1050
f 650//1051 798//1051 799//1051
f 799//1052 798//1052 800//1052
f 799//1053 800//1053 801//1053
f 653//1054 799//1054 801//1054
f 653//1055 801//1055 802//1055
f 802//1056 801//1056 803//1056
f 802//1057 803//1057 804//1057
f 656//1058 802//1058 804//1058
f 656//1059 804//1059 805//1059
f 805//1060 804//1060 806//1060
f 805//1061 806//1061 807//1061
f 659//1062 805//1062 807//1062
f 659//1063 807//1063 808//1063
f 808//1064 807//1064 809//1064
f 808//1065 809//1065 810//1065
f 808//1066 810//1066 662//1066
f 662//1067 810//1067 811//1067
f 810//1068 812//1068 811//1068
f 811//1069 812//1069 813//1069
f 811//1070 813//1070 665//1070
f 813//1071 814//1071 665//1071
f 813//1072 815//1072 814//1072
f 814//1073 815//1073 816//1073
f 814//1074 816//1074 668//1074
f 668//1075 816//1075 817//1075
f 816//1076 818//1076 817//1076
f 817//1077 818//1077 819//1077
f 817//1078 819//1078 671//1078
f 671//1079 819//1079 820//1079
f 819//1080 821//1080 820//1080
f 820//1081 821//1081 822//1081
f 820//1082 822//1082 674//1082
f 674//1083 822//1083 823//1083
f 822//1084 824//1084 823//1084
f 823//1085 824//1085 825//1085
f 823//1086 825//1086 677//1086
f 677//1087 825//1087 826//1087
f 825//1088 827//1088 826//1088
f 826//1089 827//1089 828//1089
f 826//1090 828//1090 829//1090
f 678//1091 826//1091 829//1091
f 678//1092 829//1092 830//1092
f 830//1093 829//1093 831//1093
f 830//1094 831//1094 832//1094
f 681//1095 830//1095 832//1095
f 681//1096 832//1096 833//1096
f 833//1097 832//1097 834//1097
f 833//1098 834//1098 835//1098
f 684//1099 833//1099 835//1099
f 684//1100 835//1100 836//1100
f 836//1101 835//1101 837//1101
f 836//1102 837//1102 838//1102
f 687//1103 836//1103 838//1103
f 687//1104 838//1104 839//1104
f 839//1105 838//1105 840//1105
f 839//1106 840//1106 841//1106
f 839//1107 841//1107 690//1107
f 690//1108 841//1108 842//1108
f 841//1109 843//1109 842//1109
f 842//1110 843//1110 844//1110
f 842//1111 844//1111 693//1111
f 844//1112 845//1112 693//1112
f 844//1113 846//1113 845//1113
f 845//1114 846//1114 847//1114
f 845//1115 847//1115 696//1115
f 696//1116 847//1116 848//1116
f 847//1117 849//1117 848//1117
f 848//1118 849//1118 850//1118
f 848//1119 850//1119 699//1119
f 699//1120 850//1120 851//1120
f 850//1121 852//1121 851//1121
f 851//1122 852//1122 853//1122
f 851//1123 853//1123 702//1123
f 702//1124 853//1124 854//1124
f 853//1125 855//1125 854//1125
f 854//1126 855//1126 856//1126
f 854//1127 856//1127 857//1127
f 703//1128 854//1128 857//1128
f 857//1129 856//1129 858//1129
f 857//1130 858//1130 707//1130
f 707//1131 858//1131 859//1131
f 858//1132 860//1132 859//1132
f 859//1133 860//1133 861//1133
f 859//1134 861//1134 862//1134
f 708//1135 859//1135 862//1135
f 708//1136 862//1136 863//1136
f 863//1137 862//1137 864//1137
f 863//1138 864//1138 865//1138
f 711//1139 863//1139 865//1139
f 711//1140 865//1140 866//1140
f 866//1141 865//1141 867//1141
f 866//1142 867//1142 868//1142
f 714//1143 866//1143 868//1143
f 714//1144 868//1144 869//1144
f 869//1145 868//1145 870//1145
f 869//1146 870//1146 871//1146
f 717//1147 869//1147 871//1147
f 717//1148 871//1148 872//1148
f 872//1149 871//1149 873//1149
f 872//1150 873//1150 874//1150
f 872//1151 874//1151 720//1151
f 720//1152 874//1152 875//1152
f 874//1153 876//1153 875//1153
f 875//1154 876//1154 877//1154
f 875//1155 877//1155 723//1155
f 723//1156 877//1156 878//1156
f 877//1157 879//1157 878//1157
f 878//1158 879//1158 880//1158
f 878//1159 880//1159 726//1159
f 726//1160 880//1160 881//1160
f 880//1161 882//1161 881//1161
f 881//1162 882//1162 883//1162
f 881//1163 883//1163 729//1163
f 729//1164 883//1164 884//1164
f 883//1165 885//1165 884//1165
f 884//1166 885//1166 886//1166
f 884//1167 886//1167 732//1167
f 732//1168 886//1168 887//1168
f 886//1169 888//1169 887//1169
f 887//1170 888//1170 889//1170
f 887//1171 889//1171 735//1171
f 735//1172 889//1172 890//1172
f 889//1173 891//1173 890//1173
f 890//1174 891//1174 892//1174
f 890//1175 892//1175 893//1175
f 736//1176 890//1176 893//1176
f 893//1177 892//1177 894//1177
f 893//1178 894//1178 895//1178
f 738//1179 893//1179 895//1179
f 738//1180 895//1180 896//1180
f 896//1181 895//1181 897//1181
f 896//1182 897//1182 898//1182
f 741//1183 896//1183 898//1183
f 741//1184 898//1184 899//1184
f 899//1185 898//1185 900//1185
f 899//1186 900//1186 901//1186
f 744//1187 899//1187 901//1187
f 744//1188 901//1188 902//1188
f 902//1189 901//1189 903//1189
f 902//1190 903//1190 904//1190
f 747//1191 902//1191 904//1191
f 747//1192 904//1192 905//1192
f 905//1193 904//1193 906//1193
f 905//1194 906//1194 907//1194
f 750//1195 905//1195 907//1195
f 907//1196 906//1196 908//1196
f 907//1197 908//1197 753//1197
f 753//1198 908//1198 909//1198
f 908//1199 910//1199 909//1199
f 909//1200 910//1200 911//1200
f 909//1201 911//1201 756//1201
f 756//1202 911//1202 912//1202
f 911//1203 913//1203 912//1203
f 912//1204 913//1204 914//1204
f 912//1205 914//1205 759//1205
f 759//1206 914//1206 915//1206
f 914//1207 916//1207 915//1207
f 915//1208 916//1208 917//1208
f 915//1209 917//1209 762//1209
f 762//1210 917//1210 918//1210
f 917//1211 919//1211 918//1211
f 918//1212 919//1212 920//1212
f 918//1213 920//1213 765//1213
f 765//1214 920//1214 921//1214
f 920//1215 922//1215 921//1215
f 921//1216 922//1216 923//1216
f 921//1217 923//1217 924//1217
f 766//1218 921//1218 924//1218
f 766//1219 924//1219 925//1219
f 925//1220 924//1220 926//1220
f 925//1221 926//1221 927//1221
f 769//1222 925//1222 927//1222
f 769//1223 927//1223 928//1223
f 928//1224 927//1224 929//1224
f 928//1225 929//1225 930//1225
f 772//1226 928//1226 930//1226
f 772//1227 930//1227 931//1227
f 931//1228 930//1228 932//1228
f 931//1229 932//1229 933//1229
f 775//1230 931//1230 933//1230
f 775//1231 933//1231 934//1231
f 934//1232 933//1232 935//1232
f 934//1233 935//1233 936//1233
f 778//1234 934//1234 936//1234
f 778//1235 936//1235 937//1235
f 937//1236 936//1236 938//1236
f 937//1237 938//1237 939//1237
f 781//1238 937//1238 939//1238
f 939//1239 938//1239 940//1239
f 939//1240 940//1240 784//1240
f 784//1241 940//1241 941//1241
f 940//1242 942//1242 941//1242
f 941//1243 942//1243 943//1243
f 941//1244 943//1244 787//1244
f 787//1245 943//1245 944//1245
f 943//1246 945//1246 944//1246
f 944//1247 945//1247 946//1247
f 944//1248 946//1248 790//1248
f 790//1249 946//1249 947//1249
f 946//1250 948//1250 947//1250
f 947//1251 948//1251 949//1251
f 947//1252 949//1252 793//1252
f 793//1253 949//1253 950//1253
f 949//1254 951//1254 950//1254
f 950//1255 951//1255 952//1255
f 950//1256 952//1256 796//1256
f 796//1257 952//1257 953//1257
f 952//1258 954//1258 953//1258
f 953//1259 954//1259 955//1259
f 953//1260 955//1260 956//1260
f 797//1261 953//1261 956//1261
f 797//1262 956//1262 957//1262
f 957//1263 956//1263 958//1263
f 957//1264 958//1264 959//1264
f 800//1265 957//1265 959//1265
f 800//1266 959//1266 960//1266
f 960//1267 959//1267 961//1267
f 960//1268 961//1268 962//1268
f 803//1269 960//1269 962//1269
f 803//1270 962//1270 963//1270
f 963//1271 962//1271 964//1271
f 963//1272 964//1272 965//1272
f 806//1273 963//1273 965//1273
f 806//1274 965//1274 966//1274
f 966//1275 965//1275 967//1275
f 966//1276 967//1276 968//1276
f 809//1277 966//1277 968//1277
f 809//1278 968//1278 969//1278
f 969//1279 968//1279 970//1279
f 969//1280 970//1280 971//1280
f 812//1281 969//1281 971//1281
f 971//1282 970//1282 972//1282
f 971//1283 972//1283 815//1283
f 815//1284 972//1284 973//1284
f 972//1285 974//1285 973//1285
f 973//1286 974//1286 975//1286
f 973//1287 975//1287 818//1287
f 818//1288 975//1288 976//1288
f 975//1289 977//1289 976//1289
f 976//1290 977//1290 978//1290
f 976//1291 978//1291 821//1291
f 821//1292 978//1292 979//1292
f 978//1293 980//1293 979//1293
f 979//1294 980//1294 981//1294
f 979//1295 981//1295 824//1295
f 824//1296 981//1296 982//1296
f 981//1297 983//1297 982//1297
f 982//1298 983//1298 984//1298
f 982//1299 984//1299 827//1299
f 827//1300 984//1300 985//1300
f 984//1301 986//1301 985//1301
f 985//1302 986//1302 987//1302
f 985//1303 987//1303 988//1303
f 828//1304 985//1304 988//1304
f 828//1305 988//1305 989//1305
f 989//1306 988//1306 990//1306
f 989//1307 990//1307 991//1307
f 831//1308 989//1308 991//1308
f 831//1309 991//1309 992//1309
f 992//1310 991//1310 993//1310
f 992//1311 993//1311 994//1311
f 834//1312 992//1312 994//1312
f 834//1313 994//1313 995//1313
f 995//1314 994//1314 996//1314
f 995//1315 996//1315 997//1315
f 837//1316 995//1316 997//1316
f 837//1317 997//1317 998//1317
f 998//1318 997//1318 999//1318
f 998//1319 999//1319 1000//1319
f 840//1320 998//1320 1000//1320
f 840//1321 1000//1321 1001//1321
f 1001//1322 1000//1322 1002//1322
f 1001//1323 1002//1323 1003//1323
f 843//1324 1001//1324 1003//1324
f 1003//1325 1002//1325 1004//1325
f 1003//1326 1004//1326 846//1326
f 846//1327 1004//1327 1005//1327
f 1004//1328 1006//1328 1005//1328
f 1005//1329 1006//1329 1007//1329
f 1005//1330 1007//1330 849//1330
f 849//1331 1007//1331 1008//1331
f 1007//1332 1009//1332 1008//1332
f 1008//1333 1009//1333 1010//1333
f 1008//1334 1010//1334 852//1334
f 852//1335 1010//1335 1011//1335
f 1010//1336 1012//1336 1011//1336
f 1011//1337 1012//1337 1013//1337
f 1011//1338 1013//1338 855//1338
f 855//1339 1013//1339 1014//1339
f 1013//1340 1015//1340 1014//1340
f 1014//1341 1015//1341 1016//1341
f 1014//1342 1016//1342 1017//1342
f 856//1343 1014//1343 1017//1343
f 1017//1344 1016//1344 1018//1344
f 1017//1345 1018//1345 860//1345
f 860//1346 1018//1346 1019//1346
f 1018//1347 1020//1347 1019//1347
f 1019//1348 1020//1348 1021//1348
f 1019//1349 1021//1349 1022//1349
f 861//1350 1019//1350 1022//1350
f 861//1351 1022//1351 1023//1351
f 1023//1352 1022//1352 1024//1352
f 1023//1353 1024//1353 1025//1353
f 864//1354 1023//1354 1025//1354
f 864//1355 1025//1355 1026//1355
f 1026//1356 1025//1356 1027//1356
f 1026//1357 1027//1357 1028//1357
f 867//1358 1026//1358 1028//1358
f 867//1359 1028//1359 1029//1359
f 1029//1360 1028//1360 1030//1360
f 1029//1361 1030//1361 1031//1361
f 870//1362 1029//1362 1031//1362
f 870//1363 1031//1363 1032//1363
f 1032//1364 1031//1364 1033//1364
f 1032//1365 1033//1365 1034//1365
f 873//1366 1032//1366 1034//1366
f 873//1367 1034//1367 876//1367
f 876//1368 1034//1368 1035//1368
f 1034//1369 1036//1369 1035//1369
f 1035//1370 1036//1370 1037//1370
f 1035//1371 1037//1371 879//1371
f 879//1372 1037//1372 1038//1372
f 1037//1373 1039//1373 1038//1373
f 1038//1374 1039//1374 1040//1374
f 1038//1375 1040//1375 882//1375
f 882//1376 1040//1376 1041//1376
f 1040//1377 1042//1377 1041//1377
f 1041//1378 1042//1378 1043//1378
f 1041//1379 1043//1379 885//1379
f 885//1380 1043//1380 1044//1380
f 1043//1381 1045//1381 1044//1381
f 1044//1382 1045//1382 1046//1382
f 1044//1383 1046//1383 888//1383
f 888//1384 1046//1384 1047//1384
f 1046//1385 1048//1385 1047//1385
f 1047//1386 1048//1386 1049//1386
f 1047//1387 1049//1387 891//1387
f 891//1388 1049//1388 1050//1388
f 1049//1389 1051//1389 1050//1389
f 1050//1390 1051//1390 1052//1390
f 1050//1391 1052//1391 1053//1391
f 892//1392 1050//1392 1053//1392
f 1053//1393 1052//1393 1054//1393
f 1053//1394 1054//1394 1055//1394
f 894//1395 1053//1395 1055//1395
f 894//1396 1055//1396 1056//1396
f 1056//1397 1055//1397 1057//1397
f 1056//1398 1057//1398 1058//1398
f 897//1399 1056//1399 1058//1399
f 897//1400 1058//1400 1059//1400
f 1059//1401 1058//1401 1060//1401
f 1059//1402 1060//1402 1061//1402
f 900//1403 1059//1403 1061//1403
f 900//1404 1061//1404 1062//1404
f 1062//1405 1061//1405 1063//1405
f 1062//1406 1063//1406 1064//1406
f 903//1407 1062//1407 1064//1407
f 903//1408 1064//1408 1065//1408
f 1065//1409 1064//1409 1066//1409
f 1065//1410 1066//1410 1067//1410
f 906//1411 1065//1411 1067//1411
f 1067//1412 1066//1412 1068//1412
f 1067//1413 1068//1413 910//1413
f 910//1414 1068//1414 1069//1414
f 1068//1415 1070//1415 1069//1415
f 1069//1416 1070//1416 1071//1416
f 1069//1417 1071//1417 913//1417
f 913//1418 1071//1418 1072//1418
f 1071//1419 1073//1419 1072//1419
f 1072//1420 1073//1420 1074//1420
f 1072//1421 1074//1421 916//1421
f 916//1422 1074//1422 1075//1422
f 1074//1423 1076//1423 1075//1423
f 1075//1424 1076//1424 1077//1424
f 1075//1425 1077//1425 919//1425
f 919//1426 1077//1426 1078//1426
f 1077//1427 1079//1427 1078//1427
f 1078//1428 1079//1428 1080//1428
f 1078//1429 1080//1429 922//1429
f 922//1430 1080//1430 1081//1430
f 1080//1431 1082//1431 1081//1431
f 1081//1432 1082//1432 1083//1432
f 1081//1433 1083//1433 1084//1433
f 923//1434 1081//1434 1084//1434
f 923//1435 1084//1435 1085//1435
f 1085//1436 1084//1436 1086//1436
f 1085//1437 1086//1437 1087//1437
f 926//1438 1085//1438 1087//1438
f 926//1439 1087//1439 1088//1439
f 1088//1440 1087//1440 1089//1440
f 1088//1441 1089//1441 1090//1441
f 929//1442 1088//1442 1090//1442
f 929//1443 1090//1443 1091//1443
f 1091//1444 1090//1444 1092//1444
f 1091//1445 1092//1445 1093//1445
f 932//1446 1091//1446 1093//1446
f 932//1447 1093//1447 1094//1447
f 1094//1448 1093//1448 1095//1448
f 1094//1449 1095//1449 1096//1449
f 935//1450 1094//1450 1096//1450
f 935//1451 1096//1451 1097//1451
f 1097//1452 1096//1452 1098//1452
f 1097//1453 1098//1453 1099//1453
f 938//1454 1097//1454 1099//1454
f 1099//1455 1098//1455 1100//1455
f 1099//1456 1100//1456 942//1456
f 942//1457 1100//1457 1101//1457
f 1100//1458 1102//1458 1101//1458
f 1101//1459 1102//1459 1103//1459
f 1101//1460 1103//1460 945//1460
f 945//1461 1103//1461 1104//1461
f 1103//1462 1105//1462 1104//1462
f 1104//1463 1105//1463 1106//1463
f 1104//1464 1106//1464 948//1464
f 948//1465 1106//1465 1107//1465
f 1106//1466 1108//1466 1107//1466
f 1107//1467 1108//1467 1109//1467
f 1107//1468 1109//1468 951//1468
f 951//1469 1109//1469 1110//1469
f 1109//1470 1111//1470 1110//1470
f 1110//1471 1111//1471 1112//1471
f 1110//1472 1112//1472 954//1472
f 954//1473 1112//1473 1113//1473
f 1112//1474 1114//1474 1113//1474
f 1113//1475 1114//1475 1115//1475
f 1113//1476 1115//1476 1116//1476
f 955//1477 1113//1477 1116//1477
f 955//1478 1116//1478 1117//1478
f 1117//1479 1116//1479 1118//1479
f 1117//1480 1118//1480 1119//1480
f 958//1481 1117//1481 1119//1481
f 958//1482 1119//1482 1120//1482
f 1120//1483 1119//1483 1121//1483
f 1120//1484 1121//1484 1122//1484
f 961//1485 1120//1485 1122//1485
f 961//1486 1122//1486 1123//1486
f 1123//1487 1122//1487 1124//1487
f 1123//1488 1124//1488 1125//1488
f 964//1489 1123//1489 1125//1489
f 964//1490 1125//1490 1126//1490
f 1126//1491 1125//1491 1127//1491
f 1126//1492 1127//1492 1128//1492
f 967//1493 1126//1493 1128//1493
f 967//1494 1128//1494 1129//1494
f 1129//1495 1128//1495 1130//1495
f 1129//1496 1130//1496 1131//1496
f 970//1497 1129//1497 1131//1497
f 1131//1498 1130//1498 1132//1498
f 1131//1499 1132//1499 974//1499
f 974//1500 1132//1500 1133//1500
f 1132//1501 1134//1501 1133//1501
f 1133//1502 1134//1502 1135//1502
f 1133//1503 1135//1503 977//1503
f 977//1504 1135//1504 1136//1504
f 1135//1505 1137//1505 1136//1505
f 1136//1506 1137//1506 1138//1506
f 1136//1507 1138//1507 980//1507
f 980//1508 1138//1508 1139//1508
f 1138//1509 1140//1509 1139//1509
f 1139//1510 1140//1510 1141//1510
f 1139//1511 1141//1511 983//1511
f 983//1512 1141//1512 1142//1512
f 1141//1513 1143//1513 1142//1513
f 1142//1514 1143//1514 1144//1514
f 1142//1515 1144//1515 986//1515
f 986//1516 1144//1516 1145//1516
f 1144//1517 1146//1517 1145//1517
f 1145//1518 1146//1518 1147//1518
f 1145//1519 1147//1519 1148//1519
f 987//1520 1145//1520 1148//1520
f 987//1521 1148//1521 1149//1521
f 1149//1522 1148//1522 1150//1522
f 1149//1523 1150//1523 1151//1523
f 990//1524 1149//1524 1151//1524
f 990//1525 1151//1525 1152//1525
f 1152//1526 1151//1526 1153//1526
f 1152//1527 1153//1527 1154//1527
f 993//1528 1152//1528 1154//1528
f 993//1529 1154//1529 1155//1529
f 1155//1530 1154//1530 1156//1530
f 1155//1531 1156//1531 1157//1531
f 996//1532 1155//1532 1157//1532
f 996//1533 1157//1533 1158//1533
f 1158//1534 1157//1534 1159//1534
f 1158//1535 1159//1535 1160//1535
f 999//1536 1158//1536 1160//1536
f 999//1537 1160//1537 1161//1537
f 1161//1538 1160//1538 1162//1538
f 1161//1539 1162//1539 1163//1539
f 1002//1540 1161//1540 1163//1540
f 1163//1541 1162//1541 1164//1541
f 1163//1542 1164//1542 1006//1542
f 1006//1543 1164//1543 1165//1543
f 1164//1544 1166//1544 1165//1544
f 1165//1545 1166//1545 1167//1545
f 1165//1546 1167//1546 1009//1546
f 1009//1547 1167//1547 1168//1547
f 1167//1548 1169//1548 1168//1548
f 1168//1549 1169//1549 1170//1549
f 1168//1550 1170//1550 1012//1550
f 1012//1551 1170//1551 1171//1551
f 1170//1552 1172//1552 1171//1552
f 1171//1553 1172//1553 1173//1553
f 1171//1554 1173//1554 1015//1554
f 1015//1555 1173//1555 1174//1555
f 1173//1556 1175//1556 1174//1556
f 1174//1557 1175//1557 1176//1557
f 1174//1558 1176//1558 1177//1558
f 1016//1559 1174//1559 1177//1559
f 1177//1560 1176//1560 1178//1560
f 1177//1561 1178//1561 1020//1561
f 1020//1562 1178//1562 1179//1562
f 1178//1563 1180//1563 1179//1563
f 1179//1564 1180//1564 1181//1564
f 1179//1565 1181//1565 1182//1565
f 1021//1566 1179//1566 1182//1566
f 1021//1567 1182//1567 1183//1567
f 1183//1568 1182//1568 1184//1568
f 1183//1569 1184//1569 1185//1569
f 1024//1570 1183//1570 1185//1570
f 1024//1571 1185//1571 1186//1571
f 1186//1572 1185//1572 1187//1572
f 1186//1573 1187//1573 1188//1573
f 1027//1574 1186//1574 1188//1574
f 1027//1575 1188//1575 1189//1575
f 1189//1576 1188//1576 1190//1576
f 1189//1577 1190//1577 1191//1577
f 1030//1578 1189//1578 1191//1578
f 1030//1579 1191//1579 1192//1579
f 1192//1580 1191//1580 1193//1580
f 1192//1581 1193//1581 1194//1581
f 1033//1582 1192//1582 1194//1582
f 1033//1583 1194//1583 1036//1583
f 1036//1584 1194//1584 1195//1584
f 1194//1585 1196//1585 1195//1585
f 1195//1586 1196//1586 1197//1586
f 1195//1587 1197//1587 1039//1587
f 1039//1588 1197//1588 1198//1588
f 1197//1589 1199//1589 1198//1589
f 1198//1590 1199//1590 1200//1590
f 1198//1591 1200//1591 1042//1591
f 1042//1592 1200//1592 1201//1592
f 1200//1593 1202//1593 1201//1593
f 1201//1594 1202//1594 1203//1594
f 1201//1595 1203//1595 1045//1595
f 1045//1596 1203//1596 1204//1596
f 1203//1597 1205//1597 1204//1597
f 1204//1598 1205//1598 1206//1598
f 1204//1599 1206//1599 1048//1599
f 1048//1600 1206//1600 1207//1600
f 1206//1601 1208//1601 1207//1601
f 1207//1602 1208//1602 1209//1602
f 1207//1603 1209//1603 1051//1603
f 1051//1604 1209//1604 1210//1604
f 1209//1605 1211//1605 1210//1605
f 1210//1606 1211//1606 1212//1606
f 1210//1607 1212//1607 1213//1607
f 1052//1608 1210//1608 1213//1608
f 1213//1609 1212//1609 1214//1609
f 1213//1610 1214//1610 1215//1610
f 1054//1611 1213//1611 1215//1611
f 1054//1612 1215//1612 1216//1612
f 1216//1613 1215//1613 1217//1613
f 1216//1614 1217//1614 1218//1614
f 1057//1615 1216//1615 1218//1615
f 1057//1616 1218//1616 1219//1616
f 1219//1617 1218//1617 1220//1617
f 1219//1618 1220//1618 1221//1618
f 1060//1619 1219//1619 1221//1619
f 1060//1620 1221//1620 1222//1620
f 1222//1621 1221//1621 1223//1621
f 1222//1622 1223//1622 1224//1622
f 1063//1623 1222//1623 1224//1623
f 1063//1624 1224//1624 1225//1624
f 1225//1625 1224//1625 1226//1625
f 1225//1626 1226//1626 1227//1626
f 1066//1627 1225//1627 1227//1627
f 1227//1628 1226//1628 1228//1628
f 1227//1629 1228//1629 1070//1629
f 1070//1630 1228//1630 1229//1630
f 1228//1631 1230//1631 1229//1631
f 1229//1632 1230//1632 1231//1632
f 1229//1633 1231//1633 1073//1633
f 1073//1634 1231//1634 1232//1634
f 1231//1635 1233//1635 1232//1635
f 1232//1636 1233//1636 1234//1636
f 1232//1637 1234//1637 1076//1637
f 1076//1638 1234//1638 1235//1638
f 1234//1639 1236//1639 1235//1639
f 1235//1640 1236//1640 1237//1640
f 1235//1641 1237//1641 1079//1641
f 1079//1642 1237//1642 1238//1642
f 1237//1643 1239//1643 1238//1643
f 1238//1644 1239//1644 1240//1644
f 1238//1645 1240//1645 1082//1645
f 1082//1646 1240//1646 1241//1646
f 1240//1647 1242//1647 1241//1647
f 1241//1648 1242//1648 1243//1648
f 1241//1649 1243//1649 1244//1649
f 1083//1650 1241//1650 1244//1650
f 1083//1651 1244//1651 1245//1651
f 1245//1652 1244//1652 1246//1652
f 1245//1653 1246//1653 1247//1653
f 1086//1654 1245//1654 1247//1654
f 1086//1655 1247//1655 1248//1655
f 1248//1656 1247//1656 1249//1656
f 1248//1657 1249//1657 1250//1657
f 1089//1658 1248//1658 1250//1658
f 1089//1659 1250//1659 1251//1659
f 1251//1660 1250//1660 1252//1660
f 1251//1661 1252//1661 1253//1661
f 1092//1662 1251//1662 1253//1662
f 1092//1663 1253//1663 1254//1663
f 1254//1664 1253//1664 1255//1664
f 1254//1665 1255//1665 1256//1665
f 1095//1666 1254//1666 1256//1666
f 1095//1667 1256//1667 1257//1667
f 1257//1668 1256//1668 1258//1668
f 1257//1669 1258//1669 1259//1669
f 1098//1670 1257//1670 1259//1670
f 1259//1671 1258//1671 1260//1671
f 1259//1672 1260//1672 1102//1672
f 1102//1673 1260//1673 1261//1673
f 1260//1674 1262//1674 1261//1674
f 1261//1675 1262//1675 1263//1675
f 1261//1676 1263//1676 1105//1676
f 1105//1677 1263//1677 1264//1677
f 1263//1678 1265//1678 1264//1678
f 1264//1679 1265//1679 1266//1679
f 1264//1680 1266//1680 1108//1680
f 1108//1681 1266//1681 1267//1681
f 1266//1682 1268//1682 1267//1682
f 1267//1683 1268//1683 1269//1683
f 1267//1684 1269//1684 1111//1684
f 1111//1685 1269//1685 1270//1685
f 1269//1686 1271//1686 1270//1686
f 1270//1687 1271//1687 1272//1687
f 1270//1688 1272//1688 1114//1688
f 1114//1689 1272//1689 1273//1689
f 1272//1690 1274//1690 1273//1690
f 1273//1691 1274//1691 1275//1691
f 1273//1692 1275//1692 1276//1692
f 1115//1693 1273//1693 1276//1693
f 1115//1694 1276//1694 1277//1694
f 1277//1695 1276//1695 1278//1695
f 1277//1696 1278//1696 1279//1696
f 1118//1697 1277//1697 1279//1697
f 1118//1698 1279//1698 1280//1698
f 1280//1699 1279//1699 1281//1699
f 1280//1700 1281//1700 1282//1700
f 1121//1701 1280//1701 1282//1701
f 1121//1702 1282//1702 1283//1702
f 1283//1703 1282//1703 1284//1703
f 1283//1704 1284//1704 1285//1704
f 1124//1705 1283//1705 1285//1705
f 1124//1706 1285//1706 1286//1706
f 1286//1707 1285//1707 1287//1707
f 1286//1708 1287//1708 1288//1708
f 1127//1709 1286//1709 1288//1709
f 1127//1710 1288//1710 1289//1710
f 1289//1711 1288//1711 1290//1711
f 1289//1712 1290//1712 1291//1712
f 1130//1713 1289//1713 1291//1713
f 1291//1714 1290//1714 1292//1714
f 1291//1715 1292//1715 1134//1715
f 1134//1716 1292//1716 1293//1716
f 1292//1717 1294//1717 1293//1717
f 1293//1718 1294//1718 1295//1718
f 1293//1719 1295//1719 1137//1719
f 1137//1720 1295//1720 1296//1720
f 1295//1721 1297//1721 1296//1721
f 1296//1722 1297//1722 1298//1722
f 1296//1723 1298//1723 1140//1723
f 1140//1724 1298//1724 1299//1724
f 1298//1725 1300//1725 1299//1725
f 1299//1726 1300//1726 1301//1726
f 1299//1727 1301//1727 1143//1727
f 1143//1728 1301//1728 1302//1728
f 1301//1729 1303//1729 1302//1729
f 1302//1730 1303//1730 1304//1730
f 1302//1731 1304//1731 1146//1731
f 1146//1732 1304//1732 1305//1732
f 1304//1733 1306//1733 1305//1733
f 1305//1734 1306//1734 1307//1734
f 1305//1735 1307//1735 1308//1735
f 1147//1736 1305//1736 1308//1736
f 1147//1737 1308//1737 1309//1737
f 1309//1738 1308//1738 1310//1738
f 1309//1739 1310//1739 1311//1739
f 1150//1740 1309//1740 1311//1740
f 1150//1741 1311//1741 1312//1741
f 1312//1742 1311//1742 1313//1742
f 1312//1743 1313//1743 1314//1743
f 1153//1744 1312//1744 1314//1744
f 1153//1745 1314//1745 1315//1745
f 1315//1746 1314//1746 1316//1746
f 1315//1747 1316//1747 1317//1747
f 1156//1748 1315//1748 1317//1748
f 1156//1749 1317//1749 1318//1749
f 1318//1750 1317//1750 1319//1750
f 1318//1751 1319//1751 1320//1751
f 1159//1752 1318//1752 1320//1752
f 1159//1753 1320//1753 1321//1753
f 1321//1754 1320//1754 1322//1754
f 1321//1755 1322//1755 1323//1755
f 1162//1756 1321//1756 1323//1756
f 1323//1757 1322//1757 1324//1757
f 1323//1758 1324//1758 1166//1758
f 1166//1759 1324//1759 1325//1759
f 1324//1760 1326//1760 1325//1760
f 1325//1761 1326//1761 1327//1761
f 1325//1762 1327//1762 1169//1762
f 1169//1763 1327//1763 1328//1763
f 1327//1764 1329//1764 1328//1764
f 1328//1765 1329//1765 1330//1765
f 1328//1766 1330//1766 1172//1766
f 1172//1767 1330//1767 1331//1767
f 1330//1768 1332//1768 1331//1768
f 1331//1769 1332//1769 1333//1769
f 1331//1770 1333//1770 1175//1770
f 1175//1771 1333//1771 1334//1771
f 1333//1772 1335//1772 1334//1772
f 1334//1773 1335//1773 1336//1773
f 1334//1774 1336//1774 1337//1774
f 1176//1775 1334//1775 1337//1775
f 1337//1776 1336//1776 1338//1776
f 1337//1777 1338//1777 1180//1777
f 1180//1778 1338//1778 1339//1778
f 1338//1779 1340//1779 1339//1779
f 1339//1780 1340//1780 1341//1780
f 1339//1781 1341//1781 1342//1781
f 1181//1782 1339//1782 1342//1782
f 1181//1783 1342//1783 1343//1783
f 1343//1784 1342//1784 1344//1784
f 1343//1785 1344//1785 1345//1785
f 1184//1786 1343//1786 1345//1786
f 1184//1787 1345//1787 1346//1787
f 1346//1788 1345//1788 1347//1788
f 1346//1789 1347//1789 1348//1789
f 1187//1790 1346//1790 1348//1790
f 1187//1791 1348//1791 1349//1791
f 1349//1792 1348//1792 1350//1792
f 1349//1793 1350//1793 1351//1793
f 1190//1794 1349//1794 1351//1794
f 1190//1795 1351//1795 1352//1795
f 1352//1796 1351//1796 1353//1796
f 1352//1797 1353//1797 1354//1797
f 1193//1798 1352//1798 1354//1798
f 1193//1799 1354//1799 1196//1799
f 1196//1800 1354//1800 1355//1800
f 1354//1801 1356//1801 1355//1801
f 1355//1802 1356//1802 1357//1802
f 1355//1803 1357//1803 1199//1803
f 1199//1804 1357//1804 1358//1804
f 1357//1805 1359//1805 1358//1805
f 1358//1806 1359//1806 1360//1806
f 1358//1807 1360//1807 1202//1807
f 1202//1808 1360//1808 1361//1808
f 1360//1809 1362//1809 1361//1809
f 1361//1810 1362//1810 1363//1810
f 1361//1811 1363//1811 1205//1811
f 1205//1812 1363//1812 1364//1812
f 1363//1813 1365//1813 1364//1813
f 1364//1814 1365//1814 1366//1814
f 1364//1815 1366//1815 1208//1815
f 1208//1816 1366//1816 1367//1816
f 1366//1817 1368//1817 1367//1817
f 1367//1818 1368//1818 1369//1818
f 1367//1819 1369//1819 1211//1819
f 1211//1820 1369//1820 1370//1820
f 1369//1821 1371//1821 1370//1821
f 1370//1822 1371//1822 1372//1822
f 1370//1823 1372//1823 1373//1823
f 1212//1824 1370//1824 1373//1824
f 1373//1825 1372//1825 1374//1825
f 1373//1826 1374//1826 1375//1826
f 1214//1827 1373//1827 1375//1827
f 1214//1828 1375//1828 1376//1828
f 1376//1829 1375//1829 1377//1829
f 1376//1830 1377//1830 1378//1830
f 1217//1831 1376//1831 1378//1831
f 1217//1832 1378//1832 1379//1832
f 1379//1833 1378//1833 1380//1833
f 1379//1834 1380//1834 1381//1834
f 1220//1835 1379//1835 1381//1835
f 1220//1836 1381//1836 1382//1836
f 1382//1837 1381//1837 1383//1837
f 1382//1838 1383//1838 1384//1838
f 1223//1839 1382//1839 1384//1839
f 1223//1840 1384//1840 1385//1840
f 1385//1841 1384//1841 1386//1841
f 1385//1842 1386//1842 1387//1842
f 1226//1843 1385//1843 1387//1843
f 1387//1844 1386//1844 1388//1844
f 1387//1845 1388//1845 1230//1845
f 1230//1846 1388//1846 1389//1846
f 1388//1847 1390//1847 1389//1847
f 1389//1848 1390//1848 1391//1848
f 1389//1849 1391//1849 1233//1849
f 1233//1850 1391//1850 1392//1850
f 1391//1851 1393//1851 1392//1851
f 1392//1852 1393//1852 1394//1852
f 1392//1853 1394//1853 1236//1853
f 1236//1854 1394//1854 1395//1854
f 1394//1855 1396//1855 1395//1855
f 1395//1856 1396//1856 1397//1856
f 1395//1857 1397//1857 1239//1857
f 1239//1858 1397//1858 1398//1858
f 1397//1859 1399//1859 1398//1859
f 1398//1860 1399//1860 1400//1860
f 1398//1861 1400//1861 1242//1861
f 1242//1862 1400//1862 1401//1862
f 1400//1863 1402//1863 1401//1863
f 1401//1864 1402//1864 1403//1864
f 1401//1865 1403//1865 1404//1865
f 1243//1866 1401//1866 1404//1866
f 1243//1867 1404//1867 1405//1867
f 1405//1868 1404//1868 1406//1868
f 1405//1869 1406//1869 1407//1869
f 1246//1870 1405//1870 1407//1870
f 1246//1871 1407//1871 1408//1871
f 1408//1872 1407//1872 1409//1872
f 1408//1873 1409//1873 1410//1873
f 1249//1874 1408//1874 1410//1874
f 1249//1875 1410//1875 1411//1875
f 1411//1876 1410//1876 1412//1876
f 1411//1877 1412//1877 1413//1877
f 1252//1878 1411//1878 1413//1878
f 1252//1879 1413//1879 1414//1879
f 1414//1880 1413//1880 1415//1880
f 1414//1881 1415//1881 1416//1881
f 1255//1882 1414//1882 1416//1882
f 1255//1883 1416//1883 1417//1883
f 1417//1884 1416//1884 1418//1884
f 1417//1885 1418//1885 1419//1885
f 1258//1886 1417//1886 1419//1886
f 1419//1887 1418//1887 1420//1887
f 1419//1888 1420//1888 1262//1888
f 1262//1889 1420//1889 1421//1889
f 1420//1890 1422//1890 1421//1890
f 1421//1891 1422//1891 1423//1891
f 1421//1892 1423//1892 1265//1892
f 1265//1893 1423//1893 1424//1893
f 1423//1894 1425//1894 1424//1894
f 1424//1895 1425//1895 1426//1895
f 1424//1896 1426//1896 1268//1896
f 1268//1897 1426//1897 1427//1897
f 1426//1898 1428//1898 1427//1898
f 1427//1899 1428//1899 1429//1899
f 1427//1900 1429//1900 1271//1900
f 1271//1901 1429//1901 1430//1901
f 1429//1902 1431//1902 1430//1902
f 1430//1903 1431//1903 1432//1903
f 1430//1904 1432//1904 1274//1904
f 1274//1905 1432//1905 1433//1905
f 1432//1906 1434//1906 1433//1906
f 1433//1907 1434//1907 1435//1907
f 1433//1908 1435//1908 1436//1908
f 1275//1909 1433//1909 1436//1909
f 1275//1910 1436//1910 1437//1910
f 1437//1911 1436//1911 1438//1911
f 1437//1912 1438//1912 1439//1912
f 1278//1913 1437//1913 1439//1913
f 1278//1914 1439//1914 1440//1914
f 1440//1915 1439//1915 1441//1915
f 1440//1916 1441//1916 1442//1916
f 1281//1917 1440//1917 1442//1917
f 1281//1918 1442//1918 1443//1918
f 1443//1919 1442//1919 1444//1919
f 1443//1920 1444//1920 1445//1920
f 1284//1921 1443//1921 1445//1921
f 1284//1922 1445//1922 1446//1922
f 1446//1923 1445//1923 1447//1923
f 1446//1924 1447//1924 1448//1924
f 1287//1925 1446//1925 1448//1925
f 1287//1926 1448//1926 1449//1926
f 1449//1927 1448//1927 1450//1927
f 1449//1928 1450//1928 1451//1928
f 1290//1929 1449//1929 1451//1929
f 1451//1930 1450//1930 1452//1930
f 1451//1931 1452//1931 1294//1931
f 1294//1932 1452//1932 1453//1932
f 1452//1933 1454//1933 1453//1933
f 1453//1934 1454//1934 1455//1934
f 1453//1935 1455//1935 1297//1935
f 1297//1936 1455//1936 1456//1936
f 1455//1937 1457//1937 1456//1937
f 1456//1938 1457//1938 1458//1938
f 1456//1939 1458//1939 1300//1939
f 1300//1940 1458//1940 1459//1940
f 1458//1941 1460//1941 1459//1941
f 1459//1942 1460//1942 1461//1942
f 1459//1943 1461//1943 1303//1943
f 1303//1944 1461//1944 1462//1944
f 1461//1945 1463//1945 1462//1945
f 1462//1946 1463//1946 1464//1946
f 1462//1947 1464//1947 1306//1947
f 1306//1948 1464//1948 1465//1948
f 1464//1949 1466//1949 1465//1949
f 1465//1950 1466//1950 1467//1950
f 1465//1951 1467//1951 1468//1951
f 1307//1952 1465//1952 1468//1952
f 1307//1953 1468//1953 1469//1953
f 1469//1954 1468//1954 1470//1954
f 1469//1955 1470//1955 1471//1955
f 1310//1956 1469//1956 1471//1956
f 1310//1957 1471//1957 1472//1957
f 1472//1958 1471//1958 1473//1958
f 1472//1959 1473//1959 1474//1959
f 1313//1960 1472//1960 1474//1960
f 1313//1961 1474//1961 1475//1961
f 1475//1962 1474//1962 1476//1962
f 1475//1963 1476//1963 1477//1963
f 1316//1964 1475//1964 1477//1964
f 1316//1965 1477//1965 1478//1965
f 1478//1966 1477//1966 1479//1966
f 1478//1967 1479//1967 1480//1967
f 1319//1968 1478//1968 1480//1968
f 1319//1969 1480//1969 1481//1969
f 1481//1970 1480//1970 1482//1970
f 1481//1971 1482//1971 1483//1971
f 1322//1972 1481//1972 1483//1972
f 1483//1973 1482//1973 1484//1973
f 1483//1974 1484//1974 1326//1974
f 1326//1975 1484//1975 1485//1975
f 1484//1976 1486//1976 1485//1976
f 1485//1977 1486//1977 1487//1977
f 1485//1978 1487//1978 1329//1978
f 1329//1979 1487//1979 1488//1979
f 1487//1980 1489//1980 1488//1980
f 1488//1981 1489//1981 1490//1981
f 1488//1982 1490//1982 1332//1982
f 1332//1983 1490//1983 1491//1983
f 1490//1984 1492//1984 1491//1984
f 1491//1985 1492//1985 1493//1985
f 1491//1986 1493//1986 1335//1986
f 1335//1987 1493//1987 1494//1987
f 1493//1988 1495//1988 1494//1988
f 1494//1989 1495//1989 1496//1989
f 1494//1990 1496//1990 1497//1990
f 1336//1991 1494//1991 1497//1991
f 1497//1992 1496//1992 1498//1992
f 1497//1993 1498//1993 1340//1993
f 1340//1994 1498//1994 1499//1994
f 1498//1995 1500//1995 1499//1995
f 1499//1996 1500//1996 1501//1996
f 1499//1997 1501//1997 1502//1997
f 1341//1998 1499//1998 1502//1998
f 1341//1999 1502//1999 1503//1999
f 1503//2000 1502//2000 1504//2000
f 1503//2001 1504//2001 1505//2001
f 1344//2002 1503//2002 1505//2002
f 1344//2003 1505//2003 1506//2003
f 1506//2004 1505//2004 1507//2004
f 1506//2005 1507//2005 1508//2005
f 1347//2006 1506//2006 1508//2006
f 1347//2007 1508//2007 1509//2007
f 1509//2008 1508//2008 1510//2008
f 1509//2009 1510//2009 1511//2009
f 1350//2010 1509//2010 1511//2010
f 1350//2011 1511//2011 1512//2011
f 1512//2012 1511//2012 1513//2012
f 1512//2013 1513//2013 1514//2013
f 1353//2014 1512//2014 1514//2014
f 1353//2015 1514//2015 1356//2015
f 1356//2016 1514//2016 1515//2016
f 1514//2017 1516//2017 1515//2017
f 1515//2018 1516//2018 1517//2018
f 1515//2019 1517//2019 1359//2019
f 1359//2020 1517//2020 1518//2020
f 1517//2021 1519//2021 1518//2021
f 1518//2022 1519//2022 1520//2022
f 1518//2023 1520//2023 1362//2023
f 1362//2024 1520//2024 1521//2024
f 1520//2025 1522//2025 1521//2025
f 1521//2026 1522//2026 1523//2026
f 1521//2027 1523//2027 1365//2027
f 1365//2028 1523//2028 1524//2028
f 1523//2029 1525//2029 1524//2029
f 1524//2030 1525//2030 1526//2030
f 1524//2031 1526//2031 1368//2031
f 1368//2032 1526//2032 1527//2032
f 1526//2033 1528//2033 1527//2033
f 1527//2034 1528//2034 1529//2034
f 1527//2035 1529//2035 1371//2035
f 1371//2036 1529//2036 1530//2036
f 1529//2037 1531//2037 1530//2037
f 1530//2038 1531//2038 1532//2038
f 1530//2039 1532//2039 1533//2039
f 1372//2040 1530//2040 1533//2040
f 1533//2041 1532//2041 1534//2041
f 1533//2042 1534//2042 1535//2042
f 1374//2043 1533//2043 1535//2043
f 1374//2044 1535//2044 1536//2044
f 1536//2045 1535//2045 1537//2045
f 1536//2046 1537//2046 1538//2046
f 1377//2047 1536//2047 1538//2047
f 1377//2048 1538//2048 1539//2048
f 1539//2049 1538//2049 1540//2049
f 1539//2050 1540//2050 1541//2050
f 1380//2051 1539//2051 1541//2051
f 1380//2052 1541//2052 1542//2052
f 1542//2053 1541//2053 1543//2053
f 1542//2054 1543//2054 1544//2054
f 1383//2055 1542//2055 1544//2055
f 1383//2056 1544//2056 1545//2056
f 1545//2057 1544//2057 1546//2057
f 1545//2058 1546//2058 1547//2058
f 1386//2059 1545//2059 1547//2059
f 1547//2060 1546//2060 1548//2060
f 1547//2061 1548//2061 1390//2061
f 1390//2062 1548//2062 1549//2062
f 1548//2063 1550//2063 1549//2063
f 1549//2064 1550//2064 1551//2064
f 1549//2065 1551//2065 1393//2065
f 1393//2066 1551//2066 1552//2066
f 1551//2067 1553//2067 1552//2067
f 1552//2068 1553//2068 1554//2068
f 1552//2069 1554//2069 1396//2069
f 1396//2070 1554//2070 1555//2070
f 1554//2071 1556//2071 1555//2071
f 1555//2072 1556//2072 1557//2072
f 1555//2073 1557//2073 1399//2073
f 1399//2074 1557//2074 1558//2074
f 1557//2075 1559//2075 1558//2075
f 1558//2076 1559//2076 1560//2076
f 1558//2077 1560//2077 1402//2077
f 1402//2078 1560//2078 1561//2078
f 1560//2079 1562//2079 1561//2079
f 1561//2080 1562//2080 1563//2080
f 1561//2081 1563//2081 1564//2081
f 1403//2082 1561//2082 1564//2082
f 1403//2083 1564//2083 1565//2083
f 1565//2084 1564//2084 1566//2084
f 1565//2085 1566//2085 1567//2085
f 1406//2086 1565//2086 1567//2086
f 1406//2087 1567//2087 1568//2087
f 1568//2088 1567//2088 1569//2088
f 1568//2089 1569//2089 1570//2089
f 1409//2090 1568//2090 1570//2090
f 1409//2091 1570//2091 1571//2091
f 1571//2092 1570//2092 1572//2092
f 1571//2093 1572//2093 1573//2093
f 1412//2094 1571//2094 1573//2094
f 1412//2095 1573//2095 1574//2095
f 1574//2096 1573//2096 1575//2096
f 1574//2097 1575//2097 1576//2097
f 1415//2098 1574//2098 1576//2098
f 1415//2099 1576//2099 1577//2099
f 1577//2100 1576//2100 1578//2100
f 1577//2101 1578//2101 1579//2101
f 1418//2102 1577//2102 1579//2102
f 1579//2103 1578//2103 1580//2103
f 1579//2104 1580//2104 1422//2104
f 1422//2105 1580//2105 1581//2105
f 1580//2106 1582//2106 1581//2106
f 1581//2107 1582//2107 1583//2107
f 1581//2108 1583//2108 1425//2108
f 1425//2109 1583//2109 1584//2109
f 1583//2110 1585//2110 1584//2110
f 1584//2111 1585//2111 1586//2111
f 1584//2112 1586//2112 1428//2112
f 1428//2113 1586//2113 1587//2113
f 1586//2114 1588//2114 1587//2114
f 1587//2115 1588//2115 1589//2115
f 1587//2116 1589//2116 1431//2116
f 1431//2117 1589//2117 1590//2117
f 1589//2118 1591//2118 1590//2118
f 1590//2119 1591//2119 1592//2119
f 1590//2120 1592//2120 1434//2120
f 1434//2121 1592//2121 1593//2121
f 1592//2122 1594//2122 1593//2122
f 1593//2123 1594//2123 1595//2123
f 1593//2124 1595//2124 1596//2124
f 1435//2125 1593//2125 1596//2125
f 1435//2126 1596//2126 1597//2126
f 1597//2127 1596//2127 1598//2127
f 1597//2128 1598//2128 1599//2128
f 1438//2129 1597//2129 1599//2129
f 1438//2130 1599//2130 1600//2130
f 1600//2131 1599//2131 1601//2131
f 1600//2132 1601//2132 1602//2132
f 1441//2133 1600//2133 1602//2133
f 1441//2134 1602//2134 1603//2134
f 1603//2135 1602//2135 1604//2135
f 1603//2136 1604//2136 1605//2136
f 1444//2137 1603//2137 1605//2137
f 1444//2138 1605//2138 1606//2138
f 1606//2139 1605//2139 1607//2139
f 1606//2140 1607//2140 1608//2140
f 1447//2141 1606//2141 1608//2141
f 1447//2142 1608//2142 1609//2142
f 1609//2143 1608//2143 1610//2143
f 1609//2144 1610//2144 1611//2144
f 1450//2145 1609//2145 1611//2145
f 1611//2146 1610//2146 1612//2146
f 1611//2147 1612//2147 1454//2147
f 1454//2148 1612//2148 1613//2148
f 1612//2149 1614//2149 1613//2149
f 1613//2150 1614//2150 1615//2150
f 1613//2151 1615//2151 1457//2151
f 1457//2152 1615//2152 1616//2152
f 1615//2153 1617//2153 1616//2153
f 1616//2154 1617//2154 1618//2154
f 1616//2155 1618//2155 1460//2155
f 1460//2156 1618//2156 1619//2156
f 1618//2157 1620//2157 1619//2157
f 1619//2158 1620//2158 1621//2158
f 1619//2159 1621//2159 1463//2159
f 1463//2160 1621//2160 1622//2160
f 1621//2161 1623//2161 1622//2161
f 1622//2162 1623//2162 1624//2162
f 1622//2163 1624//2163 1466//2163
f 1466//2164 1624//2164 1625//2164
f 1624//2165 1626//2165 1625//2165
f 1625//2166 1626//2166 1627//2166
f 1625//2167 1627//2167 1628//2167
f 1467//2168 1625//2168 1628//2168
f 1467//2169 1628//2169 1629//2169
f 1629//2170 1628//2170 1630//2170
f 1629//2171 1630//2171 1631//2171
f 1470//2172 1629//2172 1631//2172
f 1470//2173 1631//2173 1632//2173
f 1632//2174 1631//2174 1633//2174
f 1632//2175 1633//2175 1634//2175
f 1473//2176 1632//2176 1634//2176
f 1473//2177 1634//2177 1635//2177
f 1635//2178 1634//2178 1636//2178
f 1635//2179 1636//2179 1637//2179
f 1476//2180 1635//2180 1637//2180
f 1476//2181 1637//2181 1638//2181
f 1638//2182 1637//2182 1639//2182
f 1638//2183 1639//2183 1640//2183
f 1479//2184 1638//2184 1640//2184
f 1479//2185 1640//2185 1641//2185
f 1641//2186 1640//2186 1642//2186
f 1641//2187 1642//2187 1643//2187
f 1482//2188 1641//2188 1643//2188
f 1643//2189 1642//2189 1644//2189
f 1643//2190 1644//2190 1486//2190
f 1486//2191 1644//2191 1645//2191
f 1644//2192 1646//2192 1645//2192
f 1645//2193 1646//2193 1647//2193
f 1645//2194 1647//2194 1489//2194
f 1489//2195 1647//2195 1648//2195
f 1647//2196 1649//2196 1648//2196
f 1648//2197 1649//2197 1650//2197
f 1648//2198 1650//2198 1492//2198
f 1492//2199 1650//2199 1651//2199
f 1650//2200 1652//2200 1651//2200
f 1651//2201 1652//2201 1653//2201
f 1651//2202 1653//2202 1495//2202
f 1495//2203 1653//2203 1654//2203
f 1653//2204 1655//2204 1654//2204
f 1654//2205 1655//2205 1656//2205
f 1654//2206 1656//2206 1657//2206
f 1496//2207 1654//2207 1657//2207
f 1657//2208 1656//2208 1658//2208
f 1657//2209 1658//2209 1500//2209
f 1500//2210 1658//2210 1659//2210
f 1658//2211 1660//2211 1659//2211
f 1659//2212 1660//2212 1661//2212
f 1659//2213 1661//2213 1662//2213
f 1501//2214 1659//2214 1662//2214
f 1501//2215 1662//2215 1663//2215
f 1663//2216 1662//2216 1664//2216
f 1663//2217 1664//2217 1665//2217
f 1504//2218 1663//2218 1665//2218
f 1504//2219 1665//2219 1666//2219
f 1666//2220 1665//2220 1667//2220
f 1666//2221 1667//2221 1668//2221
f 1507//2222 1666//2222 1668//2222
f 1507//2223 1668//2223 1669//2223
f 1669//2224 1668//2224 1670//2224
f 1669//2225 1670//2225 1671//2225
f 1510//2226 1669//2226 1671//2226
f 1510//2227 1671//2227 1672//2227
f 1672//2228 1671//2228 1673//2228
f 1672//2229 1673//2229 1674//2229
f 1513//2230 1672//2230 1674//2230
f 1513//2231 1674//2231 1516//2231
f 1516//2232 1674//2232 1675//2232
f 1674//2233 1676//2233 1675//2233
f 1675//2234 1676//2234 1677//2234
f 1675//2235 1677//2235 1519//2235
f 1519//2236 1677//2236 1678//2236
f 1677//2237 1679//2237 1678//2237
f 1678//2238 1679//2238 1680//2238
f 1678//2239 1680//2239 1522//2239
f 1522//2240 1680//2240 1681//2240
f 1680//2241 1682//2241 1681//2241
f 1681//2242 1682//2242 1683//2242
f 1681//2243 1683//2243 1525//2243
f 1525//2244 1683//2244 1684//2244
f 1683//2245 1685//2245 1684//2245
f 1684//2246 1685//2246 1686//2246
f 1684//2247 1686//2247 1528//2247
f 1528//2248 1686//2248 1687//2248
f 1686//2249 1688//2249 1687//2249
f 1687//2250 1688//2250 1689//2250
f 1687//2251 1689//2251 1531//2251
f 1531//2252 1689//2252 1690//2252
f 1689//2253 1691//2253 1690//2253
f 1690//2254 1691//2254 1692//2254
f 1690//2255 1692//2255 1693//2255
f 1532//2256 1690//2256 1693//2256
f 1693//2257 1692//2257 1694//2257
f 1693//2258 1694//2258 1695//2258
f 1534//2259 1693//2259 1695//2259
f 1534//2260 1695//2260 1696//2260
f 1696//2261 1695//2261 1697//2261
f 1696//2262 1697//2262 1698//2262
f 1537//2263 1696//2263 1698//2263
f 1537//2264 1698//2264 1699//2264
f 1699//2265 1698//2265 1700//2265
f 1699//2266 1700//2266 1701//2266
f 1540//2267 1699//2267 1701//2267
f 1540//2268 1701//2268 1702//2268
f 1702//2269 1701//2269 1703//2269
f 1702//2270 1703//2270 1704//2270
f 1543//2271 1702//2271 1704//2271
f 1543//2272 1704//2272 1705//2272
f 1705//2273 1704//2273 1706//2273
f 1705//2274 1706//2274 1707//2274
f 1546//2275 1705//2275 1707//2275
f 1707//2276 1706//2276 1708//2276
f 1707//2277 1708//2277 1550//2277
f 1550//2278 1708//2278 1709//2278
f 1708//2279 1710//2279 1709//2279
f 1709//2280 1710//2280 1711//2280
f 1709//2281 1711//2281 1553//2281
f 1553//2282 1711//2282 1712//2282
f 1711//2283 1713//2283 1712//2283
f 1712//2284 1713//2284 1714//2284
f 1712//2285 1714//2285 1556//2285
f 1556//2286 1714//2286 1715//2286
f 1714//2287 1716//2287 1715//2287
f 1715//2288 1716//2288 1717//2288
f 1715//2289 1717//2289 1559//2289
f 1559//2290 1717//2290 1718//2290
f 1717//2291 1719//2291 1718//2291
f 1718//2292 1719//2292 1720//2292
f 1718//2293 1720//2293 1562//2293
f 1562//2294 1720//2294 1721//2294
f 1720//2295 1722//2295 1721//2295
f 1721//2296 1722//2296 1723//2296
f 1563//2297 1721//2297 1723//2297
f 1563//2298 1723//2298 1724//2298
f 1724//2299 1723//2299 1725//2299
f 1724//2300 1725//2300 1726//2300
f 1566//2301 1724//2301 1726//2301
f 1566//2302 1726//2302 1727//2302
f 1727//2303 1726//2303 1728//2303
f 1727//2304 1728//2304 1729//2304
f 1569//2305 1727//2305 1729//2305
f 1569//2306 1729//2306 1730//2306
f 1730//2307 1729//2307 1731//2307
f 1730//2308 1731//2308 1732//2308
f 1572//2309 1730//2309 1732//2309
f 1572//2310 1732//2310 1733//2310
f 1733//2311 1732//2311 1734//2311
f 1733//2312 1734//2312 1735//2312
f 1575//2313 1733//2313 1735//2313
f 1575//2314 1735//2314 1736//2314
f 1736//2315 1735//2315 1737//2315
f 1736//2316 1737//2316 1738//2316
f 1578//2317 1736//2317 1738//2317
f 1738//2318 1737//2318 1739//2318
f 1738//2319 1739//2319 1582//2319
f 1582//2320 1739//2320 1740//2320
f 1739//2321 1741//2321 1740//2321
f 1740//2322 1741//2322 1742//2322
f 1740//2323 1742//2323 1585//2323
f 1585//2324 1742//2324 1743//2324
f 1742//2325 1744//2325 1743//2325
f 1743//2326 1744//2326 1745//2326
f 1743//2327 1745//2327 1588//2327
f 1588//2328 1745//2328 1746//2328
f 1745//2329 1747//2329 1746//2329
f 1746//2330 1747//2330 1748//2330
f 1746//2331 1748//2331 1591//2331
f 1591//2332 1748//2332 1749//2332
f 1748//2333 1750//2333 1749//2333
f 1749//2334 1750//2334 1751//2334
f 1749//2335 1751//2335 1594//2335
f 1594//2336 1751//2336 1752//2336
f 1751//2337 1753//2337 1752//2337
f 1752//2338 1753//2338 1754//2338
f 1595//2339 1752//2339 1754//2339
f 1595//2340 1754//2340 1755//2340
f 1755//2341 1754//2341 1756//2341
f 1755//2342 1756//2342 1757//2342
f 1598//2343 1755//2343 1757//2343
f 1598//2344 1757//2344 1758//2344
f 1758//2345 1757//2345 1759//2345
f 1758//2346 1759//2346 1760//2346
f 1601//2347 1758//2347 1760//2347
f 1601//2348 1760//2348 1761//2348
f 1761//2349 1760//2349 1762//2349
f 1761//2350 1762//2350 1763//2350
f 1604//2351 1761//2351 1763//2351
f 1604//2352 1763//2352 1764//2352
f 1764//2353 1763//2353 1765//2353
f 1764//2354 1765//2354 1766//2354
f 1607//2355 1764//2355 1766//2355
f 1607//2356 1766//2356 1767//2356
f 1767//2357 1766//2357 1768//2357
f 1767//2358 1768//2358 1769//2358
f 1610//2359 1767//2359 1769//2359
f 1769//2360 1768//2360 1770//2360
f 1769//2361 1770//2361 1614//2361
f 1614//2362 1770//2362 1771//2362
f 1770//2363 1772//2363 1771//2363
f 1771//2364 1772//2364 1773//2364
f 1771//2365 1773//2365 1617//2365
f 1617//2366 1773//2366 1774//2366
f 1773//2367 1775//2367 1774//2367
f 1774//2368 1775//2368 1776//2368
f 1774//2369 1776//2369 1620//2369
f 1620//2370 1776//2370 1777//2370
f 1776//2371 1778//2371 1777//2371
f 1777//2372 1778//2372 1779//2372
f 1777//2373 1779//2373 1623//2373
f 1623//2374 1779//2374 1780//2374
f 1779//2375 1781//2375 1780//2375
f 1780//2376 1781//2376 1782//2376
f 1780//2377 1782//2377 1626//2377
f 1626//2378 1782//2378 1783//2378
f 1782//2379 1784//2379 1783//2379
f 1783//2380 1784//2380 1785//2380
f 1627//2381 1783//2381 1785//2381
f 1627//2382 1785//2382 1786//2382
f 1786//2383 1785//2383 1787//2383
f 1786//2384 1787//2384 1788//2384
f 1630//2385 1786//2385 1788//2385
f 1630//2386 1788//2386 1789//2386
f 1789//2387 1788//2387 1790//2387
f 1789//2388 1790//2388 1791//2388
f 1633//2389 1789//2389 1791//2389
f 1633//2390 1791//2390 1792//2390
f 1792//2391 1791//2391 1793//2391
f 1792//2392 1793//2392 1794//2392
f 1636//2393 1792//2393 1794//2393
f 1636//2394 1794//2394 1795//2394
f 1795//2395 1794//2395 1796//2395
f 1795//2396 1796//2396 1797//2396
f 1639//2397 1795//2397 1797//2397
f 1639//2398 1797//2398 1798//2398
f 1798//2399 1797//2399 1799//2399
f 1798//2400 1799//2400 1800//2400
f 1642//2401 1798//2401 1800//2401
f 1800//2402 1799//2402 1801//2402
f 1800//2403 1801//2403 1646//2403
f 1646//2404 1801//2404 1802//2404
f 1801//2405 1803//2405 1802//2405
f 1802//2406 1803//2406 1804//2406
f 1802//2407 1804//2407 1649//2407
f 1649//2408 1804//2408 1805//2408
f 1804//2409 1806//2409 1805//2409
f 1805//2410 1806//2410 1807//2410
f 1805//2411 1807//2411 1652//2411
f 1652//2412 1807//2412 1808//2412
f 1807//2413 1809//2413 1808//2413
f 1808//2414 1809//2414 1810//2414
f 1808//2415 1810//2415 1655//2415
f 1655//2416 1810//2416 1811//2416
f 1810//2417 1812//2417 1811//2417
f 1811//2418 1812//2418 1813//2418
f 1811//2419 1813//2419 1814//2419
f 1656//2420 1811//2420 1814//2420
f 1814//2421 1813//2421 1815//2421
f 1814//2422 1815//2422 1660//2422
f 1660//2423 1815//2423 1816//2423
f 1815//2424 1817//2424 1816//2424
f 1816//2425 1817//2425 1818//2425
f 1816//2426 1818//2426 1819//2426
f 1661//2427 1816//2427 1819//2427
f 1661//2428 1819//2428 1820//2428
f 1820//2429 1819//2429 1821//2429
f 1820//2430 1821//2430 1822//2430
f 1664//2431 1820//2431 1822//2431
f 1664//2432 1822//2432 1823//2432
f 1823//2433 1822//2433 1824//2433
f 1823//2434 1824//2434 1825//2434
f 1667//2435 1823//2435 1825//2435
f 1667//2436 1825//2436 1826//2436
f 1826//2437 1825//2437 1827//2437
f 1826//2438 1827//2438 1828//2438
f 1670//2439 1826//2439 1828//2439
f 1670//2440 1828//2440 1829//2440
f 1829//2441 1828//2441 1830//2441
f 1829//2442 1830//2442 1831//2442
f 1673//2443 1829//2443 1831//2443
f 1673//2444 1831//2444 1676//2444
f 1676//2445 1831//2445 1832//2445
f 1831//2446 1833//2446 1832//2446
f 1832//2447 1833//2447 1834//2447
f 1832//2448 1834//2448 1679//2448
f 1679//2449 1834//2449 1835//2449
f 1834//2450 1836//2450 1835//2450
f 1835//2451 1836//2451 1837//2451
f 1835//2452 1837//2452 1682//2452
f 1682//2453 1837//2453 1838//2453
f 1837//2454 1839//2454 1838//2454
f 1838//2455 1839//2455 1840//2455
f 1838//2456 1840//2456 1685//2456
f 1685//2457 1840//2457 1841//2457
f 1840//2458 1842//2458 1841//2458
f 1841//2459 1842//2459 1843//2459
f 1841//2460 1843//2460 1688//2460
f 1688//2461 1843//2461 1844//2461
f 1843//2462 1845//2462 1844//2462
f 1844//2463 1845//2463 1846//2463
f 1844//2464 1846//2464 1691//2464
f 1845//2465 1847//2465 1846//2465
f 1846//2466 1847//2466 1848//2466
f 1692//2467 1846//2467 1848//2467
f 1848//2468 1847//2468 1849//2468
f 1848//2469 1849//2469 1850//2469
f 1694//2470 1848//2470 1850//2470
f 1694//2471 1850//2471 1851//2471
f 1851//2472 1850//2472 1852//2472
f 1851//2473 1852//2473 1853//2473
f 1697//2474 1851//2474 1853//2474
f 1697//2475 1853//2475 1854//2475
f 1854//2476 1853//2476 1855//2476
f 1854//2477 1855//2477 1856//2477
f 1700//2478 1854//2478 1856//2478
f 1700//2479 1856//2479 1857//2479
f 1857//2480 1856//2480 1858//2480
f 1857//2481 1858//2481 1859//2481
f 1703//2482 1857//2482 1859//2482
f 1703//2483 1859//2483 1860//2483
f 1860//2484 1859//2484 1861//2484
f 1860//2485 1861//2485 1862//2485
f 1706//2486 1860//2486 1862//2486
f 1862//2487 1861//2487 1863//2487
f 1862//2488 1863//2488 1710//2488
f 1710//2489 1863//2489 1864//2489
f 1863//2490 1865//2490 1864//2490
f 1864//2491 1865//2491 1866//2491
f 1864//2492 1866//2492 1713//2492
f 1713//2493 1866//2493 1867//2493
f 1866//2494 1868//2494 1867//2494
f 1867//2495 1868//2495 1869//2495
f 1867//2496 1869//2496 1716//2496
f 1716//2497 1869//2497 1870//2497
f 1869//2498 1871//2498 1870//2498
f 1870//2499 1871//2499 1872//2499
f 1870//2500 1872//2500 1719//2500
f 1719//2501 1872//2501 1873//2501
f 1872//2502 1874//2502 1873//2502
f 1873//2503 1874//2503 1875//2503
f 1873//2504 1875//2504 1722//2504
f 1722//2505 1875//2505 1876//2505
f 1876//2506 1875//2506 1877//2506
f 1876//2507 1877//2507 1878//2507
f 1725//2508 1876//2508 1878//2508
f 1725//2509 1878//2509 1879//2509
f 1879//2510 1878//2510 1880//2510
f 1879//2511 1880//2511 1881//2511
f 1728//2512 1879//2512 1881//2512
f 1728//2513 1881//2513 1882//2513
f 1882//2514 1881//2514 1883//2514
f 1882//2515 1883//2515 1884//2515
f 1731//2516 1882//2516 1884//2516
f 1731//2517 1884//2517 1885//2517
f 1885//2518 1884//2518 1886//2518
f 1885//2519 1886//2519 1887//2519
f 1734//2520 1885//2520 1887//2520
f 1734//2521 1887//2521 1888//2521
f 1888//2522 1887//2522 1889//2522
f 1888//2523 1889//2523 1890//2523
f 1737//2524 1888//2524 1890//2524
f 1890//2525 1889//2525 1891//2525
f 1890//2526 1891//2526 1741//2526
f 1741//2527 1891//2527 1892//2527
f 1891//2528 1893//2528 1892//2528
f 1892//2529 1893//2529 1894//2529
f 1892//2530 1894//2530 1744//2530
f 1744//2531 1894//2531 1895//2531
f 1894//2532 1896//2532 1895//2532
f 1895//2533 1896//2533 1897//2533
f 1895//2534 1897//2534 1747//2534
f 1747//2535 1897//2535 1898//2535
f 1897//2536 1899//2536 1898//2536
f 1898//2537 1899//2537 1900//2537
f 1898//2538 1900//2538 1750//2538
f 1750//2539 1900//2539 1901//2539
f 1900//2540 1902//2540 1901//2540
f 1901//2541 1902//2541 1903//2541
f 1901//2542 1903//2542 1753//2542
f 1753//2543 1903//2543 1904//2543
f 1904//2544 1903//2544 1905//2544
f 1904//2545 1905//2545 1906//2545
f 1756//2546 1904//2546 1906//2546
f 1756//2547 1906//2547 1907//2547
f 1907//2548 1906//2548 1908//2548
f 1907//2549 1908//2549 1909//2549
f 1759//2550 1907//2550 1909//2550
f 1759//2551 1909//2551 1910//2551
f 1910//2552 1909//2552 1911//2552
f 1910//2553 1911//2553 1912//2553
f 1762//2554 1910//2554 1912//2554
f 1762//2555 1912//2555 1913//2555
f 1913//2556 1912//2556 1914//2556
f 1913//2557 1914//2557 1915//2557
f 1765//2558 1913//2558 1915//2558
f 1765//2559 1915//2559 1916//2559
f 1916//2560 1915//2560 1917//2560
f 1916//2561 1917//2561 1918//2561
f 1768//2562 1916//2562 1918//2562
f 1918//2563 1917//2563 1919//2563
f 1918//2564 1919//2564 1772//2564
f 1772//2565 1919//2565 1920//2565
f 1919//2566 1921//2566 1920//2566
f 1920//2567 1921//2567 1922//2567
f 1920//2568 1922//2568 1775//2568
f 1775//2569 1922//2569 1923//2569
f 1922//2570 1924//2570 1923//2570
f 1923//2571 1924//2571 1925//2571
f 1923//2572 1925//2572 1778//2572
f 1778//2573 1925//2573 1926//2573
f 1925//2574 1927//2574 1926//2574
f 1926//2575 1927//2575 1928//2575
f 1926//2576 1928//2576 1781//2576
f 1781//2577 1928//2577 1929//2577
f 1928//2578 1930//2578 1929//2578
f 1929//2579 1930//2579 1931//2579
f 1929//2580 1931//2580 1784//2580
f 1784//2581 1931//2581 1932//2581
f 1932//2582 1931//2582 1933//2582
f 1932//2583 1933//2583 1934//2583
f 1787//2584 1932//2584 1934//2584
f 1787//2585 1934//2585 1935//2585
f 1935//2586 1934//2586 1936//2586
f 1935//2587 1936//2587 1937//2587
f 1790//2588 1935//2588 1937//2588
f 1790//2589 1937//2589 1938//2589
f 1938//2590 1937//2590 1939//2590
f 1938//2591 1939//2591 1940//2591
f 1793//2592 1938//2592 1940//2592
f 1793//2593 1940//2593 1941//2593
f 1941//2594 1940//2594 1942//2594
f 1941//2595 1942//2595 1943//2595
f 1796//2596 1941//2596 1943//2596
f 1796//2597 1943//2597 1944//2597
f 1944//2598 1943//2598 1945//2598
f 1944//2599 1945//2599 1946//2599
f 1799//2600 1944//2600 1946//2600
f 1946//2601 1945//2601 1947//2601
f 1946//2602 1947//2602 1803//2602
f 1803//2603 1947//2603 1948//2603
f 1947//2604 1949//2604 1948//2604
f 1948//2605 1949//2605 1950//2605
f 1948//2606 1950//2606 1806//2606
f 1806//2607 1950//2607 1951//2607
f 1950//2608 1952//2608 1951//2608
f 1951//2609 1952//2609 1953//2609
f 1951//2610 1953//2610 1809//2610
f 1809//2611 1953//2611 1954//2611
f 1953//2612 1955//2612 1954//2612
f 1954//2613 1955//2613 1956//2613
f 1954//2614 1956//2614 1812//2614
f 1812//2615 1956//2615 1957//2615
f 1956//2616 1958//2616 1957//2616
f 1957//2617 1958//2617 1959//2617
f 1957//2618 1959//2618 1817//2618
f 1813//2619 1957//2619 1817//2619
f 1958//2620 1960//2620 1959//2620
f 1959//2621 1960//2621 1961//2621
f 1818//2622 1959//2622 1961//2622
f 1818//2623 1961//2623 1962//2623
f 1962//2624 1961//2624 1963//2624
f 1962//2625 1963//2625 1964//2625
f 1821//2626 1962//2626 1964//2626
f 1821//2627 1964//2627 1965//2627
f 1965//2628 1964//2628 1966//2628
f 1965//2629 1966//2629 1967//2629
f 1824//2630 1965//2630 1967//2630
f 1824//2631 1967//2631 1968//2631
f 1968//2632 1967//2632 1969//2632
f 1968//2633 1969//2633 1970//2633
f 1827//2634 1968//2634 1970//2634
f 1827//2635 1970//2635 1971//2635
f 1971//2636 1970//2636 1972//2636
f 1971//2637 1972//2637 1973//2637
f 1830//2638 1971//2638 1973//2638
f 1830//2639 1973//2639 1833//2639
f 1833//2640 1973//2640 1974//2640
f 1973//2641 1975//2641 1974//2641
f 1974//2642 1975//2642 1976//2642
f 1974//2643 1976//2643 1836//2643
f 1836//2644 1976//2644 1977//2644
f 1976//2645 1978//2645 1977//2645
f 1977//2646 1978//2646 1979//2646
f 1977//2647 1979//2647 1839//2647
f 1839//2648 1979//2648 1980//2648
f 1979//2649 1981//2649 1980//2649
f 1980//2650 1981//2650 1982//2650
f 1980//2651 1982//2651 1842//2651
f 1842//2652 1982//2652 1983//2652
f 1982//2653 1984//2653 1983//2653
f 1983//2654 1984//2654 1985//2654
f 1983//2655 1985//2655 1845//2655
f 1984//2656 1986//2656 1985//2656
f 1985//2657 1986//2657 1987//2657
f 1985//2658 1987//2658 1847//2658
f 1986//2659 1988//2659 1987//2659
f 1987//2660 1988//2660 1989//2660
f 1849//2661 1987//2661 1989//2661
f 1849//2662 1989//2662 1990//2662
f 1990//2663 1989//2663 1991//2663
f 1990//2664 1991//2664 1992//2664
f 1852//2665 1990//2665 1992//2665
f 1852//2666 1992//2666 1993//2666
f 1993//2667 1992//2667 1994//2667
f 1993//2668 1994//2668 1995//2668
f 1855//2669 1993//2669 1995//2669
f 1855//2670 1995//2670 1996//2670
f 1996//2671 1995//2671 1997//2671
f 1996//2672 1997//2672 1998//2672
f 1858//2673 1996//2673 1998//2673
f 1858//2674 1998//2674 1999//2674
f 1999//2675 1998//2675 2000//2675
f 1999//2676 2000//2676 2001//2676
f 1861//2677 1999//2677 2001//2677
f 2001//2678 2000//2678 2002//2678
f 2001//2679 2002//2679 1865//2679
f 1865//2680 2002//2680 2003//2680
f 2002//2681 2004//2681 2003//2681
f 2003//2682 2004//2682 2005//2682
f 2003//2683 2005//2683 1868//2683
f 1868//2684 2005//2684 2006//2684
f 2005//2685 2007//2685 2006//2685
f 2006//2686 2007//2686 2008//2686
f 2006//2687 2008//2687 1871//2687
f 1871//2688 2008//2688 2009//2688
f 2008//2689 2010//2689 2009//2689
f 2009//2690 2010//2690 2011//2690
f 2009//2691 2011//2691 1874//2691
f 1874//2692 2011//2692 2012//2692
f 2011//2693 2013//2693 2012//2693
f 2012//2694 2013//2694 2014//2694
f 1877//2695 2012//2695 2014//2695
f 1877//2696 2014//2696 2015//2696
f 2015//2697 2014//2697 2016//2697
f 2015//2698 2016//2698 2017//2698
f 1880//2699 2015//2699 2017//2699
f 1880//2700 2017//2700 2018//2700
f 2018//2701 2017//2701 2019//2701
f 2018//2702 2019//2702 2020//2702
f 1883//2703 2018//2703 2020//2703
f 1883//2704 2020//2704 2021//2704
f 2021//2705 2020//2705 2022//2705
f 2021//2706 2022//2706 2023//2706
f 1886//2707 2021//2707 2023//2707
f 1886//2708 2023//2708 2024//2708
f 2024//2709 2023//2709 2025//2709
f 2024//2710 2025//2710 2026//2710
f 1889//2711 2024//2711 2026//2711
f 2026//2712 2025//2712 2027//2712
f 2026//2713 2027//2713 1893//2713
f 1893//2714 2027//2714 2028//2714
f 2027//2715 2029//2715 2028//2715
f 2028//2716 2029//2716 2030//2716
f 2028//2717 2030//2717 1896//2717
f 1896//2718 2030//2718 2031//2718
f 2030//2719 2032//2719 2031//2719
f 2031//2720 2032//2720 2033//2720
f 2031//2721 2033//2721 1899//2721
f 1899//2722 2033//2722 2034//2722
f 2033//2723 2035//2723 2034//2723
f 2034//2724 2035//2724 2036//2724
f 2034//2725 2036//2725 1902//2725
f 1902//2726 2036//2726 2037//2726
f 2036//2727 2038//2727 2037//2727
f 2037//2728 2038//2728 2039//2728
f 1905//2729 2037//2729 2039//2729
f 1905//2730 2039//2730 2040//2730
f 2040//2731 2039//2731 2041//2731
f 2040//2732 2041//2732 2042//2732
f 1908//2733 2040//2733 2042//2733
f 1908//2734 2042//2734 2043//2734
f 2043//2735 2042//2735 2044//2735
f 2043//2736 2044//2736 2045//2736
f 1911//2737 2043//2737 2045//2737
f 1911//2738 2045//2738 2046//2738
f 2046//2739 2045//2739 2047//2739
f 2046//2740 2047//2740 2048//2740
f 1914//2741 2046//2741 2048//2741
f 1914//2742 2048//2742 2049//2742
f 2049//2743 2048//2743 2050//2743
f 2049//2744 2050//2744 2051//2744
f 1917//2745 2049//2745 2051//2745
f 2051//2746 2050//2746 2052//2746
f 2051//2747 2052//2747 1921//2747
f 1921//2748 2052//2748 2053//2748
f 2052//2749 2054//2749 2053//2749
f 2053//2750 2054//2750 2055//2750
f 2053//2751 2055//2751 1924//2751
f 1924//2752 2055//2752 2056//2752
f 2055//2753 2057//2753 2056//2753
f 2056//2754 2057//2754 2058//2754
f 2056//2755 2058//2755 1927//2755
f 1927//2756 2058//2756 2059//2756
f 2058//2757 2060//2757 2059//2757
f 2059//2758 2060//2758 2061//2758
f 2059//2759 2061//2759 1930//2759
f 1930//2760 2061//2760 2062//2760
f 2061//2761 2063//2761 2062//2761
f 2062//2762 2063//2762 2064//2762
f 1933//2763 2062//2763 2064//2763
f 1933//2764 2064//2764 2065//2764
f 2065//2765 2064//2765 2066//2765
f 2065//2766 2066//2766 2067//2766
f 1936//2767 2065//2767 2067//2767
f 1936//2768 2067//2768 2068//2768
f 2068//2769 2067//2769 2069//2769
f 2068//2770 2069//2770 2070//2770
f 1939//2771 2068//2771 2070//2771
f 1939//2772 2070//2772 2071//2772
f 2071//2773 2070//2773 2072//2773
f 2071//2774 2072//2774 2073//2774
f 1942//2775 2071//2775 2073//2775
f 1942//2776 2073//2776 2074//2776
f 2074//2777 2073//2777 2075//2777
f 2074//2778 2075//2778 2076//2778
f 1945//2779 2074//2779 2076//2779
f 2076//2780 2075//2780 2077//2780
f 2076//2781 2077//2781 1949//2781
f 1949//2782 2077//2782 2078//2782
f 2077//2783 2079//2783 2078//2783
f 2078//2784 2079//2784 2080//2784
f 2078//2785 2080//2785 1952//2785
f 1952//2786 2080//2786 2081//2786
f 2080//2787 2082//2787 2081//2787
f 2081//2788 2082//2788 2083//2788
f 2081//2789 2083//2789 1955//2789
f 1955//2790 2083//2790 2084//2790
f 2083//2791 2085//2791 2084//2791
f 2084//2792 2085//2792 2086//2792
f 2084//2793 2086//2793 1958//2793
f 2085//2794 2087//2794 2086//2794
f 2086//2795 2087//2795 2088//2795
f 2086//2796 2088//2796 1960//2796
f 1960//2797 2088//2797 2089//2797
f 2089//2798 2088//2798 2090//2798
f 2089//2799 2090//2799 2091//2799
f 1963//2800 2089//2800 2091//2800
f 1963//2801 2091//2801 2092//2801
f 2092//2802 2091//2802 2093//2802
f 2092//2803 2093//2803 2094//2803
f 1966//2804 2092//2804 2094//2804
f 1966//2805 2094//2805 2095//2805
f 2095//2806 2094//2806 2096//2806
f 2095//2807 2096//2807 2097//2807
f 1969//2808 2095//2808 2097//2808
f 1969//2809 2097//2809 2098//2809
f 2098//2810 2097//2810 2099//2810
f 2098//2811 2099//2811 2100//2811
f 1972//2812 2098//2812 2100//2812
f 1972//2813 2100//2813 1975//2813
f 1975//2814 2100//2814 2101//2814
f 2100//2815 2102//2815 2101//2815
f 2101//2816 2102//2816 2103//2816
f 2101//2817 2103//2817 1978//2817
f 1978//2818 2103//2818 2104//2818
f 2103//2819 2105//2819 2104//2819
f 2104//2820 2105//2820 2106//2820
f 2104//2821 2106//2821 1981//2821
f 1981//2822 2106//2822 2107//2822
f 2106//2823 2108//2823 2107//2823
f 2107//2824 2108//2824 2109//2824
f 2107//2825 2109//2825 1984//2825
f 2108//2826 2110//2826 2109//2826
f 2109//2827 2110//2827 2111//2827
f 2109//2828 2111//2828 1986//2828
f 2110//2829 2112//2829 2111//2829
f 2111//2830 2112//2830 2113//2830
f 2111//2831 2113//2831 1988//2831
f 1988//2832 2113//2832 2114//2832
f 2114//2833 2113//2833 2115//2833
f 2114//2834 2115//2834 2116//2834
f 1991//2835 2114//2835 2116//2835
f 1991//2836 2116//2836 2117//2836
f 2117//2837 2116//2837 2118//2837
f 2117//2838 2118//2838 2119//2838
f 1994//2839 2117//2839 2119//2839
f 1994//2840 2119//2840 2120//2840
f 2120//2841 2119//2841 2121//2841
f 2120//2842 2121//2842 2122//2842
f 1997//2843 2120//2843 2122//2843
f 1997//2844 2122//2844 2123//2844
f 2123//2845 2122//2845 2124//2845
f 2123//2846 2124//2846 2125//2846
f 2000//2847 2123//2847 2125//2847
f 2125//2848 2124//2848 2126//2848
f 2125//2849 2126//2849 2004//2849
f 2004//2850 2126//2850 2127//2850
f 2126//2851 2128//2851 2127//2851
f 2127//2852 2128//2852 2129//2852
f 2127//2853 2129//2853 2007//2853
f 2007//2854 2129//2854 2130//2854
f 2129//2855 2131//2855 2130//2855
f 2130//2856 2131//2856 2132//2856
f 2130//2857 2132//2857 2010//2857
f 2010//2858 2132//2858 2133//2858
f 2132//2859 2134//2859 2133//2859
f 2133//2860 2134//2860 2135//2860
f 2133//2861 2135//2861 2013//2861
f 2013//2862 2135//2862 2136//2862
f 2136//2863 2135//2863 2137//2863
f 2136//2864 2137//2864 2138//2864
f 2016//2865 2136//2865 2138//2865
f 2016//2866 2138//2866 2139//2866
f 2139//2867 2138//2867 2140//2867
f 2139//2868 2140//2868 2141//2868
f 2019//2869 2139//2869 2141//2869
f 2019//2870 2141//2870 2142//2870
f 2142//2871 2141//2871 2143//2871
f 2142//2872 2143//2872 2144//2872
f 2022//2873 2142//2873 2144//2873
f 2022//2874 2144//2874 2145//2874
f 2145//2875 2144//2875 2146//2875
f 2145//2876 2146//2876 2147//2876
f 2025//2877 2145//2877 2147//2877
f 2147//2878 2146//2878 2148//2878
f 2147//2879 2148//2879 2029//2879
f 2029//2880 2148//2880 2149//2880
f 2148//2881 2150//2881 2149//2881
f 2149//2882 2150//2882 2151//2882
f 2149//2883 2151//2883 2032//2883
f 2032//2884 2151//2884 2152//2884
f 2151//2885 2153//2885 2152//2885
f 2152//2886 2153//2886 2154//2886
f 2152//2887 2154//2887 2035//2887
f 2035//2888 2154//2888 2155//2888
f 2154//2889 2156//2889 2155//2889
f 2155//2890 2156//2890 2157//2890
f 2155//2891 2157//2891 2038//2891
f 2038//2892 2157//2892 2158//2892
f 2158//2893 2157//2893 2159//2893
f 2158//2894 2159//2894 2160//2894
f 2041//2895 2158//2895 2160//2895
f 2041//2896 2160//2896 2161//2896
f 2161//2897 2160//2897 2162//2897
f 2161//2898 2162//2898 2163//2898
f 2044//2899 2161//2899 2163//2899
f 2044//2900 2163//2900 2164//2900
f 2164//2901 2163//2901 2165//2901
f 2164//2902 2165//2902 2166//2902
f 2047//2903 2164//2903 2166//2903
f 2047//2904 2166//2904 2167//2904
f 2167//2905 2166//2905 2168//2905
f 2167//2906 2168//2906 2169//2906
f 2050//2907 2167//2907 2169//2907
f 2169//2908 2168//2908 2170//2908
f 2169//2909 2170//2909 2054//2909
f 2054//2910 2170//2910 2171//2910
f 2170//2911 2172//2911 2171//2911
f 2171//2912 2172//2912 2173//2912
f 2171//2913 2173//2913 2057//2913
f 2057//2914 2173//2914 2174//2914
f 2173//2915 2175//2915 2174//2915
f 2174//2916 2175//2916 2176//2916
f 2174//2917 2176//2917 2060//2917
f 2060//2918 2176//2918 2177//2918
f 2176//2919 2178//2919 2177//2919
f 2177//2920 2178//2920 2179//2920
f 2177//2921 2179//2921 2063//2921
f 2063//2922 2179//2922 2180//2922
f 2180//2923 2179//2923 2181//2923
f 2180//2924 2181//2924 2182//2924
f 2066//2925 2180//2925 2182//2925
f 2066//2926 2182//2926 2183//2926
f 2183//2927 2182//2927 2184//2927
f 2183//2928 2184//2928 2185//2928
f 2069//2929 2183//2929 2185//2929
f 2069//2930 2185//2930 2186//2930
f 2186//2931 2185//2931 2187//2931
f 2186//2932 2187//2932 2188//2932
f 2072//2933 2186//2933 2188//2933
f 2072//2934 2188//2934 2189//2934
f 2189//2935 2188//2935 2190//2935
f 2189//2936 2190//2936 2191//2936
f 2075//2937 2189//2937 2191//2937
f 2191//2938 2190//2938 2192//2938
f 2191//2939 2192//2939 2079//2939
f 2079//2940 2192//2940 2193//2940
f 2192//2941 2194//2941 2193//2941
f 2193//2942 2194//2942 2195//2942
f 2193//2943 2195//2943 2082//2943
f 2082//2944 2195//2944 2196//2944
f 2195//2945 2197//2945 2196//2945
f 2196//2946 2197//2946 2198//2946
f 2196//2947 2198//2947 2085//2947
f 2197//2948 2199//2948 2198//2948
f 2198//2949 2199//2949 2200//2949
f 2198//2950 2200//2950 2087//2950
f 2087//2951 2200//2951 2201//2951
f 2200//2952 2202//2952 2201//2952
f 2201//2953 2202//2953 2203//2953
f 2090//2954 2201//2954 2203//2954
f 2090//2955 2203//2955 2204//2955
f 2204//2956 2203//2956 2205//2956
f 2204//2957 2205//2957 2206//2957
f 2093//2958 2204//2958 2206//2958
f 2093//2959 2206//2959 2207//2959
f 2207//2960 2206//2960 2208//2960
f 2207//2961 2208//2961 2209//2961
f 2096//2962 2207//2962 2209//2962
f 2096//2963 2209//2963 2210//2963
f 2210//2964 2209//2964 2211//2964
f 2210//2965 2211//2965 2212//2965
f 2099//2966 2210//2966 2212//2966
f 2099//2967 2212//2967 2102//2967
f 2102//2968 2212//2968 2213//2968
f 2212//2969 2214//2969 2213//2969
f 2213//2970 2214//2970 2215//2970
f 2213//2971 2215//2971 2105//2971
f 2105//2972 2215//2972 2216//2972
f 2215//2973 2217//2973 2216//2973
f 2216//2974 2217//2974 2218//2974
f 2216//2975 2218//2975 2108//2975
f 2217//2976 2219//2976 2218//2976
f 2218//2977 2219//2977 2220//2977
f 2218//2978 2220//2978 2110//2978
f 2219//2979 2221//2979 2220//2979
f 2220//2980 2221//2980 2222//2980
f 2220//2981 2222//2981 2112//2981
f 2112//2982 2222//2982 2223//2982
f 2222//2983 2224//2983 2223//2983
f 2223//2984 2224//2984 2225//2984
f 2115//2985 2223//2985 2225//2985
f 2115//2986 2225//2986 2226//2986
f 2226//2987 2225//2987 2227//2987
f 2226//2988 2227//2988 2228//2988
f 2118//2989 2226//2989 2228//2989
f 2118//2990 2228//2990 2229//2990
f 2229//2991 2228//2991 2230//2991
f 2229//2992 2230//2992 2231//2992
f 2121//2993 2229//2993 2231//2993
f 2121//2994 2231//2994 2232//2994
f 2232//2995 2231//2995 2233//2995
f 2232//2996 2233//2996 2234//2996
f 2124//2997 2232//2997 2234//2997
f 2234//2998 2233//2998 2235//2998
f 2234//2999 2235//2999 2128//2999
f 2128//3000 2235//3000 2236//3000
f 2235//3001 2237//3001 2236//3001
f 2236//3002 2237//3002 2238//3002
f 2236//3003 2238//3003 2131//3003
f 2131//3004 2238//3004 2239//3004
f 2238//3005 2240//3005 2239//3005
f 2239//3006 2240//3006 2241//3006
f 2239//3007 2241//3007 2134//3007
f 2134//3008 2241//3008 2242//3008
f 2241//3009 2243//3009 2242//3009
f 2242//3010 2243//3010 2244//3010
f 2137//3011 2242//3011 2244//3011
f 2137//3012 2244//3012 2245//3012
f 2245//3013 2244//3013 2246//3013
f 2245//3014 2246//3014 2247//3014
f 2140//3015 2245//3015 2247//3015
f 2140//3016 2247//3016 2248//3016
f 2248//3017 2247//3017 2249//3017
f 2248//3018 2249//3018 2250//3018
f 2143//3019 2248//3019 2250//3019
f 2143//3020 2250//3020 2251//3020
f 2251//3021 2250//3021 2252//3021
f 2251//3022 2252//3022 2253//3022
f 2146//3023 2251//3023 2253//3023
f 2253//3024 2252//3024 2254//3024
f 2253//3025 2254//3025 2150//3025
f 2150//3026 2254//3026 2255//3026
f 2254//3027 2256//3027 2255//3027
f 2255//3028 2256//3028 2257//3028
f 2255//3029 2257//3029 2153//3029
f 2153//3030 2257//3030 2258//3030
f 2257//3031 2259//3031 2258//3031
f 2258//3032 2259//3032 2260//3032
f 2258//3033 2260//3033 2156//3033
f 2156//3034 2260//3034 2261//3034
f 2260//3035 2262//3035 2261//3035
f 2261//3036 2262//3036 2263//3036
f 2159//3037 2261//3037 2263//3037
f 2159//3038 2263//3038 2264//3038
f 2264//3039 2263//3039 2265//3039
f 2264//3040 2265//3040 2266//3040
f 2162//3041 2264//3041 2266//3041
f 2162//3042 2266//3042 2267//3042
f 2267//3043 2266//3043 2268//3043
f 2267//3044 2268//3044 2269//3044
f 2165//3045 2267//3045 2269//3045
f 2165//3046 2269//3046 2270//3046
f 2270//3047 2269//3047 2271//3047
f 2270//3048 2271//3048 2272//3048
f 2168//3049 2270//3049 2272//3049
f 2272//3050 2271//3050 2273//3050
f 2272//3051 2273//3051 2172//3051
f 2172//3052 2273//3052 2274//3052
f 2273//3053 2275//3053 2274//3053
f 2274//3054 2275//3054 2276//3054
f 2274//3055 2276//3055 2175//3055
f 2175//3056 2276//3056 2277//3056
f 2276//3057 2278//3057 2277//3057
f 2277//3058 2278//3058 2279//3058
f 2277//3059 2279//3059 2178//3059
f 2178//3060 2279//3060 2280//3060
f 2279//3061 2281//3061 2280//3061
f 2280//3062 2281//3062 2282//3062
f 2181//3063 2280//3063 2282//3063
f 2181//3064 2282//3064 2283//3064
f 2283//3065 2282//3065 2284//3065
f 2283//3066 2284//3066 2285//3066
f 2184//3067 2283//3067 2285//3067
f 2184//3068 2285//3068 2286//3068
f 2286//3069 2285//3069 2287//3069
f 2286//3070 2287//3070 2288//3070
f 2187//3071 2286//3071 2288//3071
f 2187//3072 2288//3072 2289//3072
f 2289//3073 2288//3073 2290//3073
f 2289//3074 2290//3074 2291//3074
f 2190//3075 2289//3075 2291//3075
f 2291//3076 2290//3076 2292//3076
f 2291//3077 2292//3077 2194//3077
f 2194//3078 2292//3078 2293//3078
f 2292//3079 2294//3079 2293//3079
f 2293//3080 2294//3080 2295//3080
f 2293//3081 2295//3081 2197//3081
f 2294//3082 2296//3082 2295//3082
f 2295//3083 2296//3083 2297//3083
f 2295//3084 2297//3084 2199//3084
f 2199//3085 2297//3085 2298//3085
f 2297//3086 2299//3086 2298//3086
f 2298//3087 2299//3087 2300//3087
f 2298//3088 2300//3088 2202//3088
f 2202//3089 2300//3089 2301//3089
f 2301//3090 2300//3090 2302//3090
f 2301//3091 2302//3091 2303//3091
f 2205//3092 2301//3092 2303//3092
f 2205//3093 2303//3093 2304//3093
f 2304//3094 2303//3094 2305//3094
f 2304//3095 2305//3095 2306//3095
f 2208//3096 2304//3096 2306//3096
f 2208//3097 2306//3097 2307//3097
f 2307//3098 2306//3098 2308//3098
f 2307//3099 2308//3099 2309//3099
f 2211//3100 2307//3100 2309//3100
f 2211//3101 2309//3101 2214//3101
f 2214//3102 2309//3102 2310//3102
f 2309//3103 2311//3103 2310//3103
f 2310//3104 2311//3104 2312//3104
f 2310//3105 2312//3105 2217//3105
f 2311//3106 2313//3106 2312//3106
f 2312//3107 2313//3107 2314//3107
f 2312//3108 2314//3108 2219//3108
f 2313//3109 2315//3109 2314//3109
f 2314//3110 2315//3110 2316//3110
f 2314//3111 2316//3111 2221//3111
f 2221//3112 2316//3112 2317//3112
f 2316//3113 2318//3113 2317//3113
f 2317//3114 2318//3114 2319//3114
f 2317//3115 2319//3115 2224//3115
f 2224//3116 2319//3116 2320//3116
f 2320//3117 2319//3117 2321//3117
f 2320//3118 2321//3118 2322//3118
f 2227//3119 2320//3119 2322//3119
f 2227//3120 2322//3120 2323//3120
f 2323//3121 2322//3121 2324//3121
f 2323//3122 2324//3122 2325//3122
f 2230//3123 2323//3123 2325//3123
f 2230//3124 2325//3124 2326//3124
f 2326//3125 2325//3125 2327//3125
f 2326//3126 2327//3126 2328//3126
f 2233//3127 2326//3127 2328//3127
f 2328//3128 2327//3128 2329//3128
f 2328//3129 2329//3129 2237//3129
f 2237//3130 2329//3130 2330//3130
f 2329//3131 2331//3131 2330//3131
f 2330//3132 2331//3132 2332//3132
f 2330//3133 2332//3133 2240//3133
f 2240//3134 2332//3134 2333//3134
f 2332//3135 2334//3135 2333//3135
f 2333//3136 2334//3136 2335//3136
f 2333//3137 2335//3137 2243//3137
f 2243//3138 2335//3138 2336//3138
f 2336//3139 2335//3139 2337//3139
f 2336//3140 2337//3140 2338//3140
f 2246//3141 2336//3141 2338//3141
f 2246//3142 2338//3142 2339//3142
f 2339//3143 2338//3143 2340//3143
f 2339//3144 2340//3144 2341//3144
f 2249//3145 2339//3145 2341//3145
f 2249//3146 2341//3146 2342//3146
f 2342//3147 2341//3147 2343//3147
f 2342//3148 2343//3148 2344//3148
f 2252//3149 2342//3149 2344//3149
f 2344//3150 2343//3150 2345//3150
f 2344//3151 2345//3151 2256//3151
f 2256//3152 2345//3152 2346//3152
f 2345//3153 2347//3153 2346//3153
f 2346//3154 2347//3154 2348//3154
f 2346//3155 2348//3155 2259//3155
f 2259//3156 2348//3156 2349//3156
f 2348//3157 2350//3157 2349//3157
f 2349//3158 2350//3158 2351//3158
f 2349//3159 2351//3159 2262//3159
f 2262//3160 2351//3160 2352//3160
f 2352//3161 2351//3161 2353//3161
f 2352//3162 2353//3162 2354//3162
f 2265//3163 2352//3163 2354//3163
f 2265//3164 2354//3164 2355//3164
f 2355//3165 2354//3165 2356//3165
f 2355//3166 2356//3166 2357//3166
f 2268//3167 2355//3167 2357//3167
f 2268//3168 2357//3168 2358//3168
f 2358//3169 2357//3169 2359//3169
f 2358//3170 2359//3170 2360//3170
f 2271//3171 2358//3171 2360//3171
f 2360//3172 2359//3172 2361//3172
f 2360//3173 2361//3173 2275//3173
f 2275//3174 2361//3174 2362//3174
f 2361//3175 2363//3175 2362//3175
f 2362//3176 2363//3176 2364//3176
f 2362//3177 2364//3177 2278//3177
f 2278//3178 2364//3178 2365//3178
f 2364//3179 2366//3179 2365//3179
f 2365//3180 2366//3180 2367//3180
f 2365//3181 2367//3181 2281//3181
f 2281//3182 2367//3182 2368//3182
f 2368//3183 2367//3183 2369//3183
f 2368//3184 2369//3184 2370//3184
f 2284//3185 2368//3185 2370//3185
f 2284//3186 2370//3186 2371//3186
f 2371//3187 2370//3187 2372//3187
f 2371//3188 2372//3188 2373//3188
f 2287//3189 2371//3189 2373//3189
f 2287//3190 2373//3190 2374//3190
f 2374//3191 2373//3191 2375//3191
f 2374//3192 2375//3192 2376//3192
f 2290//3193 2374//3193 2376//3193
f 2376//3194 2375//3194 2377//3194
f 2376//3195 2377//3195 2294//3195
f 2375//3196 2378//3196 2377//3196
f 2377//3197 2378//3197 2379//3197
f 2377//3198 2379//3198 2296//3198
f 2296//3199 2379//3199 2380//3199
f 2379//3200 2381//3200 2380//3200
f 2380//3201 2381//3201 2382//3201
f 2380//3202 2382//3202 2299//3202
f 2299//3203 2382//3203 2383//3203
f 2382//3204 2384//3204 2383//3204
f 2383//3205 2384//3205 2385//3205
f 2302//3206 2383//3206 2385//3206
f 2302//3207 2385//3207 2386//3207
f 2386//3208 2385//3208 2387//3208
f 2386//3209 2387//3209 2388//3209
f 2305//3210 2386//3210 2388//3210
f 2305//3211 2388//3211 2389//3211
f 2389//3212 2388//3212 2390//3212
f 2389//3213 2390//3213 2391//3213
f 2308//3214 2389//3214 2391//3214
f 2308//3215 2391//3215 2311//3215
f 2391//3216 2390//3216 2392//3216
f 2391//3217 2392//3217 2313//3217
f 2390//3218 2393//3218 2392//3218
f 2392//3219 2393//3219 2394//3219
f 2392//3220 2394//3220 2315//3220
f 2315//3221 2394//3221 2395//3221
f 2394//3222 2396//3222 2395//3222
f 2395//3223 2396//3223 2397//3223
f 2395//3224 2397//3224 2318//3224
f 2318//3225 2397//3225 2398//3225
f 2397//3226 2399//3226 2398//3226
f 2398//3227 2399//3227 2400//3227
f 2321//3228 2398//3228 2400//3228
f 2321//3229 2400//3229 2401//3229
f 2401//3230 2400//3230 2402//3230
f 2401//3231 2402//3231 2403//3231
f 2324//3232 2401//3232 2403//3232
f 2324//3233 2403//3233 2404//3233
f 2404//3234 2403//3234 2405//3234
f 2404//3235 2405//3235 2406//3235
f 2327//3236 2404//3236 2406//3236
f 2406//3237 2405//3237 2407//3237
f 2406//3238 2407//3238 2331//3238
f 2331//3239 2407//3239 2408//3239
f 2407//3240 2409//3240 2408//3240
f 2408//3241 2409//3241 2410//3241
f 2408//3242 2410//3242 2334//3242
f 2334//3243 2410//3243 2411//3243
f 2410//3244 2412//3244 2411//3244
f 2411//3245 2412//3245 2413//3245
f 2337//3246 2411//3246 2413//3246
f 2337//3247 2413//3247 2414//3247
f 2414//3248 2413//3248 2415//3248
f 2414//3249 2415//3249 2416//3249
f 2340//3250 2414//3250 2416//3250
f 2340//3251 2416//3251 2417//3251
f 2417//3252 2416//3252 2418//3252
f 2417//3253 2418//3253 2419//3253
f 2343//3254 2417//3254 2419//3254
f 2419//3255 2418//3255 2420//3255
f 2419//3256 2420//3256 2347//3256
f 2347//3257 2420//3257 2421//3257
f 2420//3258 2422//3258 2421//3258
f 2421//3259 2422//3259 2423//3259
f 2421//3260 2423//3260 2350//3260
f 2350//3261 2423//3261 2424//3261
f 2423//3262 2425//3262 2424//3262
f 2424//3263 2425//3263 2426//3263
f 2353//3264 2424//3264 2426//3264
f 2353//3265 2426//3265 2427//3265
f 2427//3266 2426//3266 2428//3266
f 2427//3267 2428//3267 2429//3267
f 2356//3268 2427//3268 2429//3268
f 2356//3269 2429//3269 2430//3269
f 2430//3270 2429//3270 2431//3270
f 2430//3271 2431//3271 2432//3271
f 2359//3272 2430//3272 2432//3272
f 2432//3273 2431//3273 2433//3273
f 2432//3274 2433//3274 2363//3274
f 2363//3275 2433//3275 2434//3275
f 2433//3276 2435//3276 2434//3276
f 2434//3277 2435//3277 2436//3277
f 2434//3278 2436//3278 2366//3278
f 2366//3279 2436//3279 2437//3279
f 2436//3280 2438//3280 2437//3280
f 2437//3281 2438//3281 2439//3281
f 2369//3282 2437//3282 2439//3282
f 2369//3283 2439//3283 2440//3283
f 2440//3284 2439//3284 2441//3284
f 2440//3285 2441//3285 2442//3285
f 2372//3286 2440//3286 2442//3286
f 2372//3287 2442//3287 2443//3287
f 2443//3288 2442//3288 2444//3288
f 2443//3289 2444//3289 2378//3289
f 2378//3290 2444//3290 2445//3290
f 2444//3291 2446//3291 2445//3291
f 2445//3292 2446//3292 2447//3292
f 2445//3293 2447//3293 2381//3293
f 2381//3294 2447//3294 2448//3294
f 2447//3295 2449//3295 2448//3295
f 2448//3296 2449//3296 2450//3296
f 2448//3297 2450//3297 2384//3297
f 2384//3298 2450//3298 2451//3298
f 2451//3299 2450//3299 2452//3299
f 2451//3300 2452//3300 2453//3300
f 2387//3301 2451//3301 2453//3301
f 2387//3302 2453//3302 2454//3302
f 2454//3303 2453//3303 2455//3303
f 2454//3304 2455//3304 2393//3304
f 2393//3305 2455//3305 2456//3305
f 2455//3306 2457//3306 2456//3306
f 2456//3307 2457//3307 2458//3307
f 2456//3308 2458//3308 2396//3308
f 2396//3309 2458//3309 2459//3309
f 2458//3310 2460//3310 2459//3310
f 2459//3311 2460//3311 2461//3311
f 2459//3312 2461//3312 2399//3312
f 2399//3313 2461//3313 2462//3313
f 2462//3314 2461//3314 2463//3314
f 2462//3315 2463//3315 2464//3315
f 2402//3316 2462//3316 2464//3316
f 2402//3317 2464//3317 2465//3317
f 2465//3318 2464//3318 2466//3318
f 2465//3319 2466//3319 2467//3319
f 2405//3320 2465//3320 2467//3320
f 2467//3321 2466//3321 2468//3321
f 2467//3322 2468//3322 2409//3322
f 2409//3323 2468//3323 2469//3323
f 2468//3324 2470//3324 2469//3324
f 2469//3325 2470//3325 2471//3325
f 2469//3326 2471//3326 2412//3326
f 2412//3327 2471//3327 2472//3327
f 2472//3328 2471//3328 2473//3328
f 2472//3329 2473//3329 2474//3329
f 2415//3330 2472//3330 2474//3330
f 2415//3331 2474//3331 2475//3331
f 2475//3332 2474//3332 2476//3332
f 2475//3333 2476//3333 2477//3333
f 2418//3334 2475//3334 2477//3334
f 2477//3335 2476//3335 2478//3335
f 2477//3336 2478//3336 2422//3336
f 2422//3337 2478//3337 2479//3337
f 2478//3338 2480//3338 2479//3338
f 2479//3339 2480//3339 2481//3339
f 2479//3340 2481//3340 2425//3340
f 2425//3341 2481//3341 2482//3341
f 2482//3342 2481//3342 2483//3342
f 2482//3343 2483//3343 2484//3343
f 2428//3344 2482//3344 2484//3344
f 2428//3345 2484//3345 2485//3345
f 2485//3346 2484//3346 2486//3346
f 2485//3347 2486//3347 2487//3347
f 2431//3348 2485//3348 2487//3348
f 2487//3349 2486//3349 2488//3349
f 2487//3350 2488//3350 2435//3350
f 2435//3351 2488//3351 2489//3351
f 2488//3352 2490//3352 2489//3352
f 2489//3353 2490//3353 2491//3353
f 2489//3354 2491//3354 2438//3354
f 2438//3355 2491//3355 2492//3355
f 2492//3356 2491//3356 2493//3356
f 2492//3357 2493//3357 2494//3357
f 2441//3358 2492//3358 2494//3358
f 2441//3359 2494//3359 2495//3359
f 2495//3360 2494//3360 2496//3360
f 2495//3361 2496//3361 2446//3361
f 2446//3362 2496//3362 2497//3362
f 2496//3363 2498//3363 2497//3363
f 2497//3364 2498//3364 2499//3364
f 2497//3365 2499//3365 2449//3365
f 2449//3366 2499//3366 2500//3366
f 2499//3367 2501//3367 2500//3367
f 2500//3368 2501//3368 2502//3368
f 2452//3369 2500//3369 2502//3369
f 2452//3370 2502//3370 2503//3370
f 2503//3371 2502//3371 2504//3371
f 2503//3372 2504//3372 2457//3372
f 2457//3373 2504//3373 2505//3373
f 2504//3374 2506//3374 2505//3374
f 2505//3375 2506//3375 2507//3375
f 2505//3376 2507//3376 2460//3376
f 2460//3377 2507//3377 2508//3377
f 2507//3378 2509//3378 2508//3378
f 2508//3379 2509//3379 2510//3379
f 2463//3380 2508//3380 2510//3380
f 2463//3381 2510//3381 2511//3381
f 2511//3382 2510//3382 2512//3382
f 2511//3383 2512//3383 2513//3383
f 2466//3384 2511//3384 2513//3384
f 2513//3385 2512//3385 2514//3385
f 2513//3386 2514//3386 2470//3386
f 2470//3387 2514//3387 2515//3387
f 2514//3388 2516//3388 2515//3388
f 2515//3389 2516//3389 2517//3389
f 2473//3390 2515//3390 2517//3390
f 2473//3391 2517//3391 2518//3391
f 2518//3392 2517//3392 2519//3392
f 2518//3393 2519//3393 2520//3393
f 2476//3394 2518//3394 2520//3394
f 2520//3395 2519//3395 2521//3395
f 2520//3396 2521//3396 2480//3396
f 2480//3397 2521//3397 2522//3397
f 2521//3398 2523//3398 2522//3398
f 2522//3399 2523//3399 2524//3399
f 2483//3400 2522//3400 2524//3400
f 2483//3401 2524//3401 2525//3401
f 2525//3402 2524//3402 2526//3402
f 2525//3403 2526//3403 2527//3403
f 2486//3404 2525//3404 2527//3404
f 2527//3405 2526//3405 2528//3405
f 2527//3406 2528//3406 2490//3406
f 2490//3407 2528//3407 2529//3407
f 2528//3408 2530//3408 2529//3408
f 2529//3409 2530//3409 2531//3409
f 2493//3410 2529//3410 2531//3410
f 2493//3411 2531//3411 2532//3411
f 2532//3412 2531//3412 2533//3412
f 2532//3413 2533//3413 2498//3413
f 2498//3414 2533//3414 2534//3414
f 2533//3415 2535//3415 2534//3415
f 2534//3416 2535//3416 2536//3416
f 2534//3417 2536//3417 2501//3417
f 2501//3418 2536//3418 2537//3418
f 2537//3419 2536//3419 2538//3419
f 2537//3420 2538//3420 2506//3420
f 2506//3421 2538//3421 2539//3421
f 2538//3422 2540//3422 2539//3422
f 2539//3423 2540//3423 2541//3423
f 2539//3424 2541//3424 2509//3424
f 2509//3425 2541//3425 2542//3425
f 2542//3426 2541//3426 2543//3426
f 2542//3427 2543//3427 2544//3427
f 2512//3428 2542//3428 2544//3428
f 2544//3429 2543//3429 2545//3429
f 2544//3430 2545//3430 2516//3430
f 2516//3431 2545//3431 2546//3431
f 2546//3432 2545//3432 2547//3432
f 2546//3433 2547//3433 2548//3433
f 2519//3434 2546//3434 2548//3434
f 2548//3435 2547//3435 2549//3435
f 2548//3436 2549//3436 2523//3436
f 2523//3437 2549//3437 2550//3437
f 2550//3438 2549//3438 2551//3438
f 2550//3439 2551//3439 2552//3439
f 2526//3440 2550//3440 2552//3440
f 2552//3441 2551//3441 2553//3441
f 2552//3442 2553//3442 2530//3442
f 2530//3443 2553//3443 2554//3443
f 2554//3444 2553//3444 2555//3444
f 2554//3445 2555//3445 2535//3445
f 2535//3446 2555//3446 2556//3446
f 2555//3447 2557//3447 2556//3447
f 2556//3448 2557//3448 2540//3448
f 2540//3449 2557//3449 2558//3449
f 2557//3450 2559//3450 2558//3450
f 2558//3451 2559//3451 2560//3451
f 2543//3452 2558//3452 2560//3452
f 2560//3453 2559//3453 2561//3453
f 2547//3454 2560//3454 2561//3454
f 2561//3455 2559//3455 2562//3455
f 2551//3456 2561//3456 2562//3456
f 2562//3457 2559//3457 2557//3457
f 2555//3458 2562//3458 2557//3458
f 2553//3459 2562//3459 2555//3459
f 2551//3460 2562//3460 2553//3460
f 2549//3461 2561//3461 2551//3461
f 2547//3462 2561//3462 2549//3462
f 2545//3463 2560//3463 2547//3463
f 2543//3464 2560//3464 2545//3464
f 2541//3465 2558//3465 2543//3465
f 2540//3466 2558//3466 2541//3466
f 2538//3467 2556//3467 2540//3467
f 2536//3468 2556//3468 2538//3468
f 2535//3469 2556//3469 2536//3469
f 2533//3470 2554//3470 2535//3470
f 2531//3471 2554//3471 2533//3471
f 2531//3472 2530//3472 2554//3472
f 2528//3473 2552//3473 2530//3473
f 2526//3474 2552//3474 2528//3474
f 2524//3475 2550//3475 2526//3475
f 2524//3476 2523//3476 2550//3476
f 2521//3477 2548//3477 2523//3477
f 2519//3478 2548//3478 2521//3478
f 2517//3479 2546//3479 2519//3479
f 2517//3480 2516//3480 2546//3480
f 2514//3481 2544//3481 2516//3481
f 2512//3482 2544//3482 2514//3482
f 2510//3483 2542//3483 2512//3483
f 2510//3484 2509//3484 2542//3484
f 2507//3485 2539//3485 2509//3485
f 2506//3486 2539//3486 2507//3486
f 2504//3487 2537//3487 2506//3487
f 2502//3488 2537//3488 2504//3488
f 2502//3489 2501//3489 2537//3489
f 2499//3490 2534//3490 2501//3490
f 2498//3491 2534//3491 2499//3491
f 2496//3492 2532//3492 2498//3492
f 2494//3493 2532//3493 2496//3493
f 2494//3494 2493//3494 2532//3494
f 2491//3495 2529//3495 2493//3495
f 2490//3496 2529//3496 2491//3496
f 2488//3497 2527//3497 2490//3497
f 2486//3498 2527//3498 2488//3498
f 2484//3499 2525//3499 2486//3499
f 2484//3500 2483//3500 2525//3500
f 2481//3501 2522//3501 2483//3501
f 2480//3502 2522//3502 2481//3502
f 2478//3503 2520//3503 2480//3503
f 2476//3504 2520//3504 2478//3504
f 2474//3505 2518//3505 2476//3505
f 2474//3506 2473//3506 2518//3506
f 2471//3507 2515//3507 2473//3507
f 2470//3508 2515//3508 2471//3508
f 2468//3509 2513//3509 2470//3509
f 2466//3510 2513//3510 2468//3510
f 2464//3511 2511//3511 2466//3511
f 2464//3512 2463//3512 2511//3512
f 2461//3513 2508//3513 2463//3513
f 2460//3514 2508//3514 2461//3514
f 2458//3515 2505//3515 2460//3515
f 2457//3516 2505//3516 2458//3516
f 2455//3517 2503//3517 2457//3517
f 2453//3518 2503//3518 2455//3518
f 2453//3519 2452//3519 2503//3519
f 2450//3520 2500//3520 2452//3520
f 2449//3521 2500//3521 2450//3521
f 2447//3522 2497//3522 2449//3522
f 2446//3523 2497//3523 2447//3523
f 2444//3524 2495//3524 2446//3524
f 2442//3525 2495//3525 2444//3525
f 2442//3526 2441//3526 2495//3526
f 2439//3527 2492//3527 2441//3527
f 2439//3528 2438//3528 2492//3528
f 2436//3529 2489//3529 2438//3529
f 2435//3530 2489//3530 2436//3530
f 2433//3531 2487//3531 2435//3531
f 2431//3532 2487//3532 2433//3532
f 2429//3533 2485//3533 2431//3533
f 2429//3534 2428//3534 2485//3534
f 2426//3535 2482//3535 2428//3535
f 2426//3536 2425//3536 2482//3536
f 2423//3537 2479//3537 2425//3537
f 2422//3538 2479//3538 2423//3538
f 2420//3539 2477//3539 2422//3539
f 2418//3540 2477//3540 2420//3540
f 2416//3541 2475//3541 2418//3541
f 2416//3542 2415//3542 2475//3542
f 2413//3543 2472//3543 2415//3543
f 2413//3544 2412//3544 2472//3544
f 2410//3545 2469//3545 2412//3545
f 2409//3546 2469//3546 2410//3546
f 2407//3547 2467//3547 2409//3547
f 2405//3548 2467//3548 2407//3548
f 2403//3549 2465//3549 2405//3549
f 2403//3550 2402//3550 2465//3550
f 2400//3551 2462//3551 2402//3551
f 2400//3552 2399//3552 2462//3552
f 2397//3553 2459//3553 2399//3553
f 2396//3554 2459//3554 2397//3554
f 2394//3555 2456//3555 2396//3555
f 2393//3556 2456//3556 2394//3556
f 2390//3557 2454//3557 2393//3557
f 2388//3558 2454//3558 2390//3558
f 2388//3559 2387//3559 2454//3559
f 2385//3560 2451//3560 2387//3560
f 2385//3561 2384//3561 2451//3561
f 2382//3562 2448//3562 2384//3562
f 2381//3563 2448//3563 2382//3563
f 2379//3564 2445//3564 2381//3564
f 2378//3565 2445//3565 2379//3565
f 2375//3566 2443//3566 2378//3566
f 2373//3567 2443//3567 2375//3567
f 2373//3568 2372//3568 2443//3568
f 2370//3569 2440//3569 2372//3569
f 2370//3570 2369//3570 2440//3570
f 2367//3571 2437//3571 2369//3571
f 2366//3572 2437//3572 2367//3572
f 2364//3573 2434//3573 2366//3573
f 2363//3574 2434//3574 2364//3574
f 2361//3575 2432//3575 2363//3575
f 2359//3576 2432//3576 2361//3576
f 2357//3577 2430//3577 2359//3577
f 2357//3578 2356//3578 2430//3578
f 2354//3579 2427//3579 2356//3579
f 2354//3580 2353//3580 2427//3580
f 2351//3581 2424//3581 2353//3581
f 2350//3582 2424//3582 2351//3582
f 2348//3583 2421//3583 2350//3583
f 2347//3584 2421//3584 2348//3584
f 2345//3585 2419//3585 2347//3585
f 2343//3586 2419//3586 2345//3586
f 2341//3587 2417//3587 2343//3587
f 2341//3588 2340//3588 2417//3588
f 2338//3589 2414//3589 2340//3589
f 2338//3590 2337//3590 2414//3590
f 2335//3591 2411//3591 2337//3591
f 2334//3592 2411//3592 2335//3592
f 2332//3593 2408//3593 2334//3593
f 2331//3594 2408//3594 2332//3594
f 2329//3595 2406//3595 2331//3595
f 2327//3596 2406//3596 2329//3596
f 2325//3597 2404//3597 2327//3597
f 2325//3598 2324//3598 2404//3598
f 2322//3599 2401//3599 2324//3599
f 2322//3600 2321//3600 2401//3600
f 2319//3601 2398//3601 2321//3601
f 2318//3602 2398//3602 2319//3602
f 2316//3603 2395//3603 2318//3603
f 2315//3604 2395//3604 2316//3604
f 2313//3605 2392//3605 2315//3605
f 2311//3606 2391//3606 2313//3606
f 2309//3607 2308//3607 2311//3607
f 2306//3608 2389//3608 2308//3608
f 2306//3609 2305//3609 2389//3609
f 2303//3610 2386//3610 2305//3610
f 2303//3611 2302//3611 2386//3611
f 2300//3612 2383//3612 2302//3612
f 2299//3613 2383//3613 2300//3613
f 2297//3614 2380//3614 2299//3614
f 2296//3615 2380//3615 2297//3615
f 2294//3616 2377//3616 2296//3616
f 2292//3617 2376//3617 2294//3617
f 2290//3618 2376//3618 2292//3618
f 2288//3619 2374//3619 2290//3619
f 2288//3620 2287//3620 2374//3620
f 2285//3621 2371//3621 2287//3621
f 2285//3622 2284//3622 2371//3622
f 2282//3623 2368//3623 2284//3623
f 2282//3624 2281//3624 2368//3624
f 2279//3625 2365//3625 2281//3625
f 2278//3626 2365//3626 2279//3626
f 2276//3627 2362//3627 2278//3627
f 2275//3628 2362//3628 2276//3628
f 2273//3629 2360//3629 2275//3629
f 2271//3630 2360//3630 2273//3630
f 2269//3631 2358//3631 2271//3631
f 2269//3632 2268//3632 2358//3632
f 2266//3633 2355//3633 2268//3633
f 2266//3634 2265//3634 2355//3634
f 2263//3635 2352//3635 2265//3635
f 2263//3636 2262//3636 2352//3636
f 2260//3637 2349//3637 2262//3637
f 2259//3638 2349//3638 2260//3638
f 2257//3639 2346//3639 2259//3639
f 2256//3640 2346//3640 2257//3640
f 2254//3641 2344//3641 2256//3641
f 2252//3642 2344//3642 2254//3642
f 2250//3643 2342//3643 2252//3643
f 2250//3644 2249//3644 2342//3644
f 2247//3645 2339//3645 2249//3645
f 2247//3646 2246//3646 2339//3646
f 2244//3647 2336//3647 2246//3647
f 2244//3648 2243//3648 2336//3648
f 2241//3649 2333//3649 2243//3649
f 2240//3650 2333//3650 2241//3650
f 2238//3651 2330//3651 2240//3651
f 2237//3652 2330//3652 2238//3652
f 2235//3653 2328//3653 2237//3653
f 2233//3654 2328//3654 2235//3654
f 2231//3655 2326//3655 2233//3655
f 2231//3656 2230//3656 2326//3656
f 2228//3657 2323//3657 2230//3657
f 2228//3658 2227//3658 2323//3658
f 2225//3659 2320//3659 2227//3659
f 2225//3660 2224//3660 2320//3660
f 2222//3661 2317//3661 2224//3661
f 2221//3662 2317//3662 2222//3662
f 2219//3663 2314//3663 2221//3663
f 2217//3664 2312//3664 2219//3664
f 2215//3665 2310//3665 2217//3665
f 2214//3666 2310//3666 2215//3666
f 2212//3667 2211//3667 2214//3667
f 2209//3668 2307//3668 2211//3668
f 2209//3669 2208//3669 2307//3669
f 2206//3670 2304//3670 2208//3670
f 2206//3671 2205//3671 2304//3671
f 2203//3672 2301//3672 2205//3672
f 2203//3673 2202//3673 2301//3673
f 2200//3674 2298//3674 2202//3674
f 2199//3675 2298//3675 2200//3675
f 2197//3676 2295//3676 2199//3676
f 2195//3677 2293//3677 2197//3677
f 2194//3678 2293//3678 2195//3678
f 2192//3679 2291//3679 2194//3679
f 2190//3680 2291//3680 2192//3680
f 2188//3681 2289//3681 2190//3681
f 2188//3682 2187//3682 2289//3682
f 2185//3683 2286//3683 2187//3683
f 2185//3684 2184//3684 2286//3684
f 2182//3685 2283//3685 2184//3685
f 2182//3686 2181//3686 2283//3686
f 2179//3687 2280//3687 2181//3687
f 2178//3688 2280//3688 2179//3688
f 2176//3689 2277//3689 2178//3689
f 2175//3690 2277//3690 2176//3690
f 2173//3691 2274//3691 2175//3691
f 2172//3692 2274//3692 2173//3692
f 2170//3693 2272//3693 2172//3693
f 2168//3694 2272//3694 2170//3694
f 2166//3695 2270//3695 2168//3695
f 2166//3696 2165//3696 2270//3696
f 2163//3697 2267//3697 2165//3697
f 2163//3698 2162//3698 2267//3698
f 2160//3699 2264//3699 2162//3699
f 2160//3700 2159//3700 2264//3700
f 2157//3701 2261//3701 2159//3701
f 2156//3702 2261//3702 2157//3702
f 2154//3703 2258//3703 2156//3703
f 2153//3704 2258//3704 2154//3704
f 2151//3705 2255//3705 2153//3705
f 2150//3706 2255//3706 2151//3706
f 2148//3707 2253//3707 2150//3707
f 2146//3708 2253//3708 2148//3708
f 2144//3709 2251//3709 2146//3709
f 2144//3710 2143//3710 2251//3710
f 2141//3711 2248//3711 2143//3711
f 2141//3712 2140//3712 2248//3712
f 2138//3713 2245//3713 2140//3713
f 2138//3714 2137//3714 2245//3714
f 2135//3715 2242//3715 2137//3715
f 2134//3716 2242//3716 2135//3716
f 2132//3717 2239//3717 2134//3717
f 2131//3718 2239//3718 2132//3718
f 2129//3719 2236//3719 2131//3719
f 2128//3720 2236//3720 2129//3720
f 2126//3721 2234//3721 2128//3721
f 2124//3722 2234//3722 2126//3722
f 2122//3723 2232//3723 2124//3723
f 2122//3724 2121//3724 2232//3724
f 2119//3725 2229//3725 2121//3725
f 2119//3726 2118//3726 2229//3726
f 2116//3727 2226//3727 2118//3727
f 2116//3728 2115//3728 2226//3728
f 2113//3729 2223//3729 2115//3729
f 2112//3730 2223//3730 2113//3730
f 2110//3731 2220//3731 2112//3731
f 2108//3732 2218//3732 2110//3732
f 2106//3733 2216//3733 2108//3733
f 2105//3734 2216//3734 2106//3734
f 2103//3735 2213//3735 2105//3735
f 2102//3736 2213//3736 2103//3736
f 2100//3737 2099//3737 2102//3737
f 2097//3738 2210//3738 2099//3738
f 2097//3739 2096//3739 2210//3739
f 2094//3740 2207//3740 2096//3740
f 2094//3741 2093//3741 2207//3741
f 2091//3742 2204//3742 2093//3742
f 2091//3743 2090//3743 2204//3743
f 2088//3744 2201//3744 2090//3744
f 2087//3745 2201//3745 2088//3745
f 2085//3746 2198//3746 2087//3746
f 2083//3747 2196//3747 2085//3747
f 2082//3748 2196//3748 2083//3748
f 2080//3749 2193//3749 2082//3749
f 2079//3750 2193//3750 2080//3750
f 2077//3751 2191//3751 2079//3751
f 2075//3752 2191//3752 2077//3752
f 2073//3753 2189//3753 2075//3753
f 2073//3754 2072//3754 2189//3754
f 2070//3755 2186//3755 2072//3755
f 2070//3756 2069//3756 2186//3756
f 2067//3757 2183//3757 2069//3757
f 2067//3758 2066//3758 2183//3758
f 2064//3759 2180//3759 2066//3759
f 2064//3760 2063//3760 2180//3760
f 2061//3761 2177//3761 2063//3761
f 2060//3762 2177//3762 2061//3762
f 2058//3763 2174//3763 2060//3763
f 2057//3764 2174//3764 2058//3764
f 2055//3765 2171//3765 2057//3765
f 2054//3766 2171//3766 2055//3766
f 2052//3767 2169//3767 2054//3767
f 2050//3768 2169//3768 2052//3768
f 2048//3769 2167//3769 2050//3769
f 2048//3770 2047//3770 2167//3770
f 2045//3771 2164//3771 2047//3771
f 2045//3772 2044//3772 2164//3772
f 2042//3773 2161//3773 2044//3773
f 2042//3774 2041//3774 2161//3774
f 2039//3775 2158//3775 2041//3775
f 2039//3776 2038//3776 2158//3776
f 2036//3777 2155//3777 2038//3777
f 2035//3778 2155//3778 2036//3778
f 2033//3779 2152//3779 2035//3779
f 2032//3780 2152//3780 2033//3780
f 2030//3781 2149//3781 2032//3781
f 2029//3782 2149//3782 2030//3782
f 2027//3783 2147//3783 2029//3783
f 2025//3784 2147//3784 2027//3784
f 2023//3785 2145//3785 2025//3785
f 2023//3786 2022//3786 2145//3786
f 2020//3787 2142//3787 2022//3787
f 2020//3788 2019//3788 2142//3788
f 2017//3789 2139//3789 2019//3789
f 2017//3790 2016//3790 2139//3790
f 2014//3791 2136//3791 2016//3791
f 2014//3792 2013//3792 2136//3792
f 2011//3793 2133//3793 2013//3793
f 2010//3794 2133//3794 2011//3794
f 2008//3795 2130//3795 2010//3795
f 2007//3796 2130//3796 2008//3796
f 2005//3797 2127//3797 2007//3797
f 2004//3798 2127//3798 2005//3798
f 2002//3799 2125//3799 2004//3799
f 2000//3800 2125//3800 2002//3800
f 1998//3801 2123//3801 2000//3801
f 1998//3802 1997//3802 2123//3802
f 1995//3803 2120//3803 1997//3803
f 1995//3804 1994//3804 2120//3804
f 1992//3805 2117//3805 1994//3805
f 1992//3806 1991//3806 2117//3806
f 1989//3807 2114//3807 1991//3807
f 1989//3808 1988//3808 2114//3808
f 1986//3809 2111//3809 1988//3809
f 1984//3810 2109//3810 1986//3810
f 1982//3811 2107//3811 1984//3811
f 1981//3812 2107//3812 1982//3812
f 1979//3813 2104//3813 1981//3813
f 1978//3814 2104//3814 1979//3814
f 1976//3815 2101//3815 1978//3815
f 1975//3816 2101//3816 1976//3816
f 1973//3817 1972//3817 1975//3817
f 1970//3818 2098//3818 1972//3818
f 1970//3819 1969//3819 2098//3819
f 1967//3820 2095//3820 1969//3820
f 1967//3821 1966//3821 2095//3821
f 1964//3822 2092//3822 1966//3822
f 1964//3823 1963//3823 2092//3823
f 1961//3824 2089//3824 1963//3824
f 1961//3825 1960//3825 2089//3825
f 1958//3826 2086//3826 1960//3826
f 1956//3827 2084//3827 1958//3827
f 1955//3828 2084//3828 1956//3828
f 1953//3829 2081//3829 1955//3829
f 1952//3830 2081//3830 1953//3830
f 1950//3831 2078//3831 1952//3831
f 1949//3832 2078//3832 1950//3832
f 1947//3833 2076//3833 1949//3833
f 1945//3834 2076//3834 1947//3834
f 1943//3835 2074//3835 1945//3835
f 1943//3836 1942//3836 2074//3836
f 1940//3837 2071//3837 1942//3837
f 1940//3838 1939//3838 2071//3838
f 1937//3839 2068//3839 1939//3839
f 1937//3840 1936//3840 2068//3840
f 1934//3841 2065//3841 1936//3841
f 1934//3842 1933//3842 2065//3842
f 1931//3843 2062//3843 1933//3843
f 1930//3844 2062//3844 1931//3844
f 1928//3845 2059//3845 1930//3845
f 1927//3846 2059//3846 1928//3846
f 1925//3847 2056//3847 1927//3847
f 1924//3848 2056//3848 1925//3848
f 1922//3849 2053//3849 1924//3849
f 1921//3850 2053//3850 1922//3850
f 1919//3851 2051//3851 1921//3851
f 1917//3852 2051//3852 1919//3852
f 1915//3853 2049//3853 1917//3853
f 1915//3854 1914//3854 2049//3854
f 1912//3855 2046//3855 1914//3855
f 1912//3856 1911//3856 2046//3856
f 1909//3857 2043//3857 1911//3857
f 1909//3858 1908//3858 2043//3858
f 1906//3859 2040//3859 1908//3859
f 1906//3860 1905//3860 2040//3860
f 1903//3861 2037//3861 1905//3861
f 1902//3862 2037//3862 1903//3862
f 1900//3863 2034//3863 1902//3863
f 1899//3864 2034//3864 1900//3864
f 1897//3865 2031//3865 1899//3865
f 1896//3866 2031//3866 1897//3866
f 1894//3867 2028//3867 1896//3867
f 1893//3868 2028//3868 1894//3868
f 1891//3869 2026//3869 1893//3869
f 1889//3870 2026//3870 1891//3870
f 1887//3871 2024//3871 1889//3871
f 1887//3872 1886//3872 2024//3872
f 1884//3873 2021//3873 1886//3873
f 1884//3874 1883//3874 2021//3874
f 1881//3875 2018//3875 1883//3875
f 1881//3876 1880//3876 2018//3876
f 1878//3877 2015//3877 1880//3877
f 1878//3878 1877//3878 2015//3878
f 1875//3879 2012//3879 1877//3879
f 1874//3880 2012//3880 1875//3880
f 1872//3881 2009//3881 1874//3881
f 1871//3882 2009//3882 1872//3882
f 1869//3883 2006//3883 1871//3883
f 1868//3884 2006//3884 1869//3884
f 1866//3885 2003//3885 1868//3885
f 1865//3886 2003//3886 1866//3886
f 1863//3887 2001//3887 1865//3887
f 1861//3888 2001//3888 1863//3888
f 1859//3889 1999//3889 1861//3889
f 1859//3890 1858//3890 1999//3890
f 1856//3891 1996//3891 1858//3891
f 1856//3892 1855//3892 1996//3892
f 1853//3893 1993//3893 1855//3893
f 1853//3894 1852//3894 1993//3894
f 1850//3895 1990//3895 1852//3895
f 1850//3896 1849//3896 1990//3896
f 1847//3897 1987//3897 1849//3897
f 1845//3898 1985//3898 1847//3898
f 1843//3899 1983//3899 1845//3899
f 1842//3900 1983//3900 1843//3900
f 1840//3901 1980//3901 1842//3901
f 1839//3902 1980//3902 1840//3902
f 1837//3903 1977//3903 1839//3903
f 1836//3904 1977//3904 1837//3904
f 1834//3905 1974//3905 1836//3905
f 1833//3906 1974//3906 1834//3906
f 1831//3907 1830//3907 1833//3907
f 1828//3908 1971//3908 1830//3908
f 1828//3909 1827//3909 1971//3909
f 1825//3910 1968//3910 1827//3910
f 1825//3911 1824//3911 1968//3911
f 1822//3912 1965//3912 1824//3912
f 1822//3913 1821//3913 1965//3913
f 1819//3914 1962//3914 1821//3914
f 1819//3915 1818//3915 1962//3915
f 1817//3916 1959//3916 1818//3916
f 1813//3917 1817//3917 1815//3917
f 1812//3918 1957//3918 1813//3918
f 1810//3919 1954//3919 1812//3919
f 1809//3920 1954//3920 1810//3920
f 1807//3921 1951//3921 1809//3921
f 1806//3922 1951//3922 1807//3922
f 1804//3923 1948//3923 1806//3923
f 1803//3924 1948//3924 1804//3924
f 1801//3925 1946//3925 1803//3925
f 1799//3926 1946//3926 1801//3926
f 1797//3927 1944//3927 1799//3927
f 1797//3928 1796//3928 1944//3928
f 1794//3929 1941//3929 1796//3929
f 1794//3930 1793//3930 1941//3930
f 1791//3931 1938//3931 1793//3931
f 1791//3932 1790//3932 1938//3932
f 1788//3933 1935//3933 1790//3933
f 1788//3934 1787//3934 1935//3934
f 1785//3935 1932//3935 1787//3935
f 1785//3936 1784//3936 1932//3936
f 1782//3937 1929//3937 1784//3937
f 1781//3938 1929//3938 1782//3938
f 1779//3939 1926//3939 1781//3939
f 1778//3940 1926//3940 1779//3940
f 1776//3941 1923//3941 1778//3941
f 1775//3942 1923//3942 1776//3942
f 1773//3943 1920//3943 1775//3943
f 1772//3944 1920//3944 1773//3944
f 1770//3945 1918//3945 1772//3945
f 1768//3946 1918//3946 1770//3946
f 1766//3947 1916//3947 1768//3947
f 1766//3948 1765//3948 1916//3948
f 1763//3949 1913//3949 1765//3949
f 1763//3950 1762//3950 1913//3950
f 1760//3951 1910//3951 1762//3951
f 1760//3952 1759//3952 1910//3952
f 1757//3953 1907//3953 1759//3953
f 1757//3954 1756//3954 1907//3954
f 1754//3955 1904//3955 1756//3955
f 1754//3956 1753//3956 1904//3956
f 1751//3957 1901//3957 1753//3957
f 1750//3958 1901//3958 1751//3958
f 1748//3959 1898//3959 1750//3959
f 1747//3960 1898//3960 1748//3960
f 1745//3961 1895//3961 1747//3961
f 1744//3962 1895//3962 1745//3962
f 1742//3963 1892//3963 1744//3963
f 1741//3964 1892//3964 1742//3964
f 1739//3965 1890//3965 1741//3965
f 1737//3966 1890//3966 1739//3966
f 1735//3967 1888//3967 1737//3967
f 1735//3968 1734//3968 1888//3968
f 1732//3969 1885//3969 1734//3969
f 1732//3970 1731//3970 1885//3970
f 1729//3971 1882//3971 1731//3971
f 1729//3972 1728//3972 1882//3972
f 1726//3973 1879//3973 1728//3973
f 1726//3974 1725//3974 1879//3974
f 1723//3975 1876//3975 1725//3975
f 1723//3976 1722//3976 1876//3976
f 1720//3977 1873//3977 1722//3977
f 1719//3978 1873//3978 1720//3978
f 1717//3979 1870//3979 1719//3979
f 1716//3980 1870//3980 1717//3980
f 1714//3981 1867//3981 1716//3981
f 1713//3982 1867//3982 1714//3982
f 1711//3983 1864//3983 1713//3983
f 1710//3984 1864//3984 1711//3984
f 1708//3985 1862//3985 1710//3985
f 1706//3986 1862//3986 1708//3986
f 1704//3987 1860//3987 1706//3987
f 1704//3988 1703//3988 1860//3988
f 1701//3989 1857//3989 1703//3989
f 1701//3990 1700//3990 1857//3990
f 1698//3991 1854//3991 1700//3991
f 1698//3992 1697//3992 1854//3992
f 1695//3993 1851//3993 1697//3993
f 1695//3994 1694//3994 1851//3994
f 1692//3995 1848//3995 1694//3995
f 1691//3996 1846//3996 1692//3996
f 1689//3997 1844//3997 1691//3997
f 1688//3998 1844//3998 1689//3998
f 1686//3999 1841//3999 1688//3999
f 1685//4000 1841//4000 1686//4000
f 1683//4001 1838//4001 1685//4001
f 1682//4002 1838//4002 1683//4002
f 1680//4003 1835//4003 1682//4003
f 1679//4004 1835//4004 1680//4004
f 1677//4005 1832//4005 1679//4005
f 1676//4006 1832//4006 1677//4006
f 1674//4007 1673//4007 1676//4007
f 1671//4008 1829//4008 1673//4008
f 1671//4009 1670//4009 1829//4009
f 1668//4010 1826//4010 1670//4010
f 1668//4011 1667//4011 1826//4011
f 1665//4012 1823//4012 1667//4012
f 1665//4013 1664//4013 1823//4013
f 1662//4014 1820//4014 1664//4014
f 1662//4015 1661//4015 1820//4015
f 1660//4016 1816//4016 1661//4016
f 1658//4017 1814//4017 1660//4017
f 1656//4018 1814//4018 1658//4018
f 1655//4019 1811//4019 1656//4019
f 1653//4020 1808//4020 1655//4020
f 1652//4021 1808//4021 1653//4021
f 1650//4022 1805//4022 1652//4022
f 1649//4023 1805//4023 1650//4023
f 1647//4024 1802//4024 1649//4024
f 1646//4025 1802//4025 1647//4025
f 1644//4026 1800//4026 1646//4026
f 1642//4027 1800//4027 1644//4027
f 1640//4028 1798//4028 1642//4028
f 1640//4029 1639//4029 1798//4029
f 1637//4030 1795//4030 1639//4030
f 1637//4031 1636//4031 1795//4031
f 1634//4032 1792//4032 1636//4032
f 1634//4033 1633//4033 1792//4033
f 1631//4034 1789//4034 1633//4034
f 1631//4035 1630//4035 1789//4035
f 1628//4036 1786//4036 1630//4036
f 1628//4037 1627//4037 1786//4037
f 1626//4038 1783//4038 1627//4038
f 1624//4039 1780//4039 1626//4039
f 1623//4040 1780//4040 1624//4040
f 1621//4041 1777//4041 1623//4041
f 1620//4042 1777//4042 1621//4042
f 1618//4043 1774//4043 1620//4043
f 1617//4044 1774//4044 1618//4044
f 1615//4045 1771//4045 1617//4045
f 1614//4046 1771//4046 1615//4046
f 1612//4047 1769//4047 1614//4047
f 1610//4048 1769//4048 1612//4048
f 1608//4049 1767//4049 1610//4049
f 1608//4050 1607//4050 1767//4050
f 1605//4051 1764//4051 1607//4051
f 1605//4052 1604//4052 1764//4052
f 1602//4053 1761//4053 1604//4053
f 1602//4054 1601//4054 1761//4054
f 1599//4055 1758//4055 1601//4055
f 1599//4056 1598//4056 1758//4056
f 1596//4057 1755//4057 1598//4057
f 1596//4058 1595//4058 1755//4058
f 1594//4059 1752//4059 1595//4059
f 1592//4060 1749//4060 1594//4060
f 1591//4061 1749//4061 1592//4061
f 1589//4062 1746//4062 1591//4062
f 1588//4063 1746//4063 1589//4063
f 1586//4064 1743//4064 1588//4064
f 1585//4065 1743//4065 1586//4065
f 1583//4066 1740//4066 1585//4066
f 1582//4067 1740//4067 1583//4067
f 1580//4068 1738//4068 1582//4068
f 1578//4069 1738//4069 1580//4069
f 1576//4070 1736//4070 1578//4070
f 1576//4071 1575//4071 1736//4071
f 1573//4072 1733//4072 1575//4072
f 1573//4073 1572//4073 1733//4073
f 1570//4074 1730//4074 1572//4074
f 1570//4075 1569//4075 1730//4075
f 1567//4076 1727//4076 1569//4076
f 1567//4077 1566//4077 1727//4077
f 1564//4078 1724//4078 1566//4078
f 1564//4079 1563//4079 1724//4079
f 1562//4080 1721//4080 1563//4080
f 1560//4081 1718//4081 1562//4081
f 1559//4082 1718//4082 1560//4082
f 1557//4083 1715//4083 1559//4083
f 1556//4084 1715//4084 1557//4084
f 1554//4085 1712//4085 1556//4085
f 1553//4086 1712//4086 1554//4086
f 1551//4087 1709//4087 1553//4087
f 1550//4088 1709//4088 1551//4088
f 1548//4089 1707//4089 1550//4089
f 1546//4090 1707//4090 1548//4090
f 1544//4091 1705//4091 1546//4091
f 1544//4092 1543//4092 1705//4092
f 1541//4093 1702//4093 1543//4093
f 1541//4094 1540//4094 1702//4094
f 1538//4095 1699//4095 1540//4095
f 1538//4096 1537//4096 1699//4096
f 1535//4097 1696//4097 1537//4097
f 1535//4098 1534//4098 1696//4098
f 1532//4099 1693//4099 1534//4099
f 1531//4100 1690//4100 1532//4100
f 1529//4101 1687//4101 1531//4101
f 1528//4102 1687//4102 1529//4102
f 1526//4103 1684//4103 1528//4103
f 1525//4104 1684//4104 1526//4104
f 1523//4105 1681//4105 1525//4105
f 1522//4106 1681//4106 1523//4106
f 1520//4107 1678//4107 1522//4107
f 1519//4108 1678//4108 1520//4108
f 1517//4109 1675//4109 1519//4109
f 1516//4110 1675//4110 1517//4110
f 1514//4111 1513//4111 1516//4111
f 1511//4112 1672//4112 1513//4112
f 1511//4113 1510//4113 1672//4113
f 1508//4114 1669//4114 1510//4114
f 1508//4115 1507//4115 1669//4115
f 1505//4116 1666//4116 1507//4116
f 1505//4117 1504//4117 1666//4117
f 1502//4118 1663//4118 1504//4118
f 1502//4119 1501//4119 1663//4119
f 1500//4120 1659//4120 1501//4120
f 1498//4121 1657//4121 1500//4121
f 1496//4122 1657//4122 1498//4122
f 1495//4123 1654//4123 1496//4123
f 1493//4124 1651//4124 1495//4124
f 1492//4125 1651//4125 1493//4125
f 1490//4126 1648//4126 1492//4126
f 1489//4127 1648//4127 1490//4127
f 1487//4128 1645//4128 1489//4128
f 1486//4129 1645//4129 1487//4129
f 1484//4130 1643//4130 1486//4130
f 1482//4131 1643//4131 1484//4131
f 1480//4132 1641//4132 1482//4132
f 1480//4133 1479//4133 1641//4133
f 1477//4134 1638//4134 1479//4134
f 1477//4135 1476//4135 1638//4135
f 1474//4136 1635//4136 1476//4136
f 1474//4137 1473//4137 1635//4137
f 1471//4138 1632//4138 1473//4138
f 1471//4139 1470//4139 1632//4139
f 1468//4140 1629//4140 1470//4140
f 1468//4141 1467//4141 1629//4141
f 1466//4142 1625//4142 1467//4142
f 1464//4143 1622//4143 1466//4143
f 1463//4144 1622//4144 1464//4144
f 1461//4145 1619//4145 1463//4145
f 1460//4146 1619//4146 1461//4146
f 1458//4147 1616//4147 1460//4147
f 1457//4148 1616//4148 1458//4148
f 1455//4149 1613//4149 1457//4149
f 1454//4150 1613//4150 1455//4150
f 1452//4151 1611//4151 1454//4151
f 1450//4152 1611//4152 1452//4152
f 1448//4153 1609//4153 1450//4153
f 1448//4154 1447//4154 1609//4154
f 1445//4155 1606//4155 1447//4155
f 1445//4156 1444//4156 1606//4156
f 1442//4157 1603//4157 1444//4157
f 1442//4158 1441//4158 1603//4158
f 1439//4159 1600//4159 1441//4159
f 1439//4160 1438//4160 1600//4160
f 1436//4161 1597//4161 1438//4161
f 1436//4162 1435//4162 1597//4162
f 1434//4163 1593//4163 1435//4163
f 1432//4164 1590//4164 1434//4164
f 1431//4165 1590//4165 1432//4165
f 1429//4166 1587//4166 1431//4166
f 1428//4167 1587//4167 1429//4167
f 1426//4168 1584//4168 1428//4168
f 1425//4169 1584//4169 1426//4169
f 1423//4170 1581//4170 1425//4170
f 1422//4171 1581//4171 1423//4171
f 1420//4172 1579//4172 1422//4172
f 1418//4173 1579//4173 1420//4173
f 1416//4174 1577//4174 1418//4174
f 1416//4175 1415//4175 1577//4175
f 1413//4176 1574//4176 1415//4176
f 1413//4177 1412//4177 1574//4177
f 1410//4178 1571//4178 1412//4178
f 1410//4179 1409//4179 1571//4179
f 1407//4180 1568//4180 1409//4180
f 1407//4181 1406//4181 1568//4181
f 1404//4182 1565//4182 1406//4182
f 1404//4183 1403//4183 1565//4183
f 1402//4184 1561//4184 1403//4184
f 1400//4185 1558//4185 1402//4185
f 1399//4186 1558//4186 1400//4186
f 1397//4187 1555//4187 1399//4187
f 1396//4188 1555//4188 1397//4188
f 1394//4189 1552//4189 1396//4189
f 1393//4190 1552//4190 1394//4190
f 1391//4191 1549//4191 1393//4191
f 1390//4192 1549//4192 1391//4192
f 1388//4193 1547//4193 1390//4193
f 1386//4194 1547//4194 1388//4194
f 1384//4195 1545//4195 1386//4195
f 1384//4196 1383//4196 1545//4196
f 1381//4197 1542//4197 1383//4197
f 1381//4198 1380//4198 1542//4198
f 1378//4199 1539//4199 1380//4199
f 1378//4200 1377//4200 1539//4200
f 1375//4201 1536//4201 1377//4201
f 1375//4202 1374//4202 1536//4202
f 1372//4203 1533//4203 1374//4203
f 1371//4204 1530//4204 1372//4204
f 1369//4205 1527//4205 1371//4205
f 1368//4206 1527//4206 1369//4206
f 1366//4207 1524//4207 1368//4207
f 1365//4208 1524//4208 1366//4208
f 1363//4209 1521//4209 1365//4209
f 1362//4210 1521//4210 1363//4210
f 1360//4211 1518//4211 1362//4211
f 1359//4212 1518//4212 1360//4212
f 1357//4213 1515//4213 1359//4213
f 1356//4214 1515//4214 1357//4214
f 1354//4215 1353//4215 1356//4215
f 1351//4216 1512//4216 1353//4216
f 1351//4217 1350//4217 1512//4217
f 1348//4218 1509//4218 1350//4218
f 1348//4219 1347//4219 1509//4219
f 1345//4220 1506//4220 1347//4220
f 1345//4221 1344//4221 1506//4221
f 1342//4222 1503//4222 1344//4222
f 1342//4223 1341//4223 1503//4223
f 1340//4224 1499//4224 1341//4224
f 1338//4225 1497//4225 1340//4225
f 1336//4226 1497//4226 1338//4226
f 1335//4227 1494//4227 1336//4227
f 1333//4228 1491//4228 1335//4228
f 1332//4229 1491//4229 1333//4229
f 1330//4230 1488//4230 1332//4230
f 1329//4231 1488//4231 1330//4231
f 1327//4232 1485//4232 1329//4232
f 1326//4233 1485//4233 1327//4233
f 1324//4234 1483//4234 1326//4234
f 1322//4235 1483//4235 1324//4235
f 1320//4236 1481//4236 1322//4236
f 1320//4237 1319//4237 1481//4237
f 1317//4238 1478//4238 1319//4238
f 1317//4239 1316//4239 1478//4239
f 1314//4240 1475//4240 1316//4240
f 1314//4241 1313//4241 1475//4241
f 1311//4242 1472//4242 1313//4242
f 1311//4243 1310//4243 1472//4243
f 1308//4244 1469//4244 1310//4244
f 1308//4245 1307//4245 1469//4245
f 1306//4246 1465//4246 1307//4246
f 1304//4247 1462//4247 1306//4247
f 1303//4248 1462//4248 1304//4248
f 1301//4249 1459//4249 1303//4249
f 1300//4250 1459//4250 1301//4250
f 1298//4251 1456//4251 1300//4251
f 1297//4252 1456//4252 1298//4252
f 1295//4253 1453//4253 1297//4253
f 1294//4254 1453//4254 1295//4254
f 1292//4255 1451//4255 1294//4255
f 1290//4256 1451//4256 1292//4256
f 1288//4257 1449//4257 1290//4257
f 1288//4258 1287//4258 1449//4258
f 1285//4259 1446//4259 1287//4259
f 1285//4260 1284//4260 1446//4260
f 1282//4261 1443//4261 1284//4261
f 1282//4262 1281//4262 1443//4262
f 1279//4263 1440//4263 1281//4263
f 1279//4264 1278//4264 1440//4264
f 1276//4265 1437//4265 1278//4265
f 1276//4266 1275//4266 1437//4266
f 1274//4267 1433//4267 1275//4267
f 1272//4268 1430//4268 1274//4268
f 1271//4269 1430//4269 1272//4269
f 1269//4270 1427//4270 1271//4270
f 1268//4271 1427//4271 1269//4271
f 1266//4272 1424//4272 1268//4272
f 1265//4273 1424//4273 1266//4273
f 1263//4274 1421//4274 1265//4274
f 1262//4275 1421//4275 1263//4275
f 1260//4276 1419//4276 1262//4276
f 1258//4277 1419//4277 1260//4277
f 1256//4278 1417//4278 1258//4278
f 1256//4279 1255//4279 1417//4279
f 1253//4280 1414//4280 1255//4280
f 1253//4281 1252//4281 1414//4281
f 1250//4282 1411//4282 1252//4282
f 1250//4283 1249//4283 1411//4283
f 1247//4284 1408//4284 1249//4284
f 1247//4285 1246//4285 1408//4285
f 1244//4286 1405//4286 1246//4286
f 1244//4287 1243//4287 1405//4287
f 1242//4288 1401//4288 1243//4288
f 1240//4289 1398//4289 1242//4289
f 1239//4290 1398//4290 1240//4290
f 1237//4291 1395//4291 1239//4291
f 1236//4292 1395//4292 1237//4292
f 1234//4293 1392//4293 1236//4293
f 1233//4294 1392//4294 1234//4294
f 1231//4295 1389//4295 1233//4295
f 1230//4296 1389//4296 1231//4296
f 1228//4297 1387//4297 1230//4297
f 1226//4298 1387//4298 1228//4298
f 1224//4299 1385//4299 1226//4299
f 1224//4300 1223//4300 1385//4300
f 1221//4301 1382//4301 1223//4301
f 1221//4302 1220//4302 1382//4302
f 1218//4303 1379//4303 1220//4303
f 1218//4304 1217//4304 1379//4304
f 1215//4305 1376//4305 1217//4305
f 1215//4306 1214//4306 1376//4306
f 1212//4307 1373//4307 1214//4307
f 1211//4308 1370//4308 1212//4308
f 1209//4309 1367//4309 1211//4309
f 1208//4310 1367//4310 1209//4310
f 1206//4311 1364//4311 1208//4311
f 1205//4312 1364//4312 1206//4312
f 1203//4313 1361//4313 1205//4313
f 1202//4314 1361//4314 1203//4314
f 1200//4315 1358//4315 1202//4315
f 1199//4316 1358//4316 1200//4316
f 1197//4317 1355//4317 1199//4317
f 1196//4318 1355//4318 1197//4318
f 1194//4319 1193//4319 1196//4319
f 1191//4320 1352//4320 1193//4320
f 1191//4321 1190//4321 1352//4321
f 1188//4322 1349//4322 1190//4322
f 1188//4323 1187//4323 1349//4323
f 1185//4324 1346//4324 1187//4324
f 1185//4325 1184//4325 1346//4325
f 1182//4326 1343//4326 1184//4326
f 1182//4327 1181//4327 1343//4327
f 1180//4328 1339//4328 1181//4328
f 1178//4329 1337//4329 1180//4329
f 1176//4330 1337//4330 1178//4330
f 1175//4331 1334//4331 1176//4331
f 1173//4332 1331//4332 1175//4332
f 1172//4333 1331//4333 1173//4333
f 1170//4334 1328//4334 1172//4334
f 1169//4335 1328//4335 1170//4335
f 1167//4336 1325//4336 1169//4336
f 1166//4337 1325//4337 1167//4337
f 1164//4338 1323//4338 1166//4338
f 1162//4339 1323//4339 1164//4339
f 1160//4340 1321//4340 1162//4340
f 1160//4341 1159//4341 1321//4341
f 1157//4342 1318//4342 1159//4342
f 1157//4343 1156//4343 1318//4343
f 1154//4344 1315//4344 1156//4344
f 1154//4345 1153//4345 1315//4345
f 1151//4346 1312//4346 1153//4346
f 1151//4347 1150//4347 1312//4347
f 1148//4348 1309//4348 1150//4348
f 1148//4349 1147//4349 1309//4349
f 1146//4350 1305//4350 1147//4350
f 1144//4351 1302//4351 1146//4351
f 1143//4352 1302//4352 1144//4352
f 1141//4353 1299//4353 1143//4353
f 1140//4354 1299//4354 1141//4354
f 1138//4355 1296//4355 1140//4355
f 1137//4356 1296//4356 1138//4356
f 1135//4357 1293//4357 1137//4357
f 1134//4358 1293//4358 1135//4358
f 1132//4359 1291//4359 1134//4359
f 1130//4360 1291//4360 1132//4360
f 1128//4361 1289//4361 1130//4361
f 1128//4362 1127//4362 1289//4362
f 1125//4363 1286//4363 1127//4363
f 1125//4364 1124//4364 1286//4364
f 1122//4365 1283//4365 1124//4365
f 1122//4366 1121//4366 1283//4366
f 1119//4367 1280//4367 1121//4367
f 1119//4368 1118//4368 1280//4368
f 1116//4369 1277//4369 1118//4369
f 1116//4370 1115//4370 1277//4370
f 1114//4371 1273//4371 1115//4371
f 1112//4372 1270//4372 1114//4372
f 1111//4373 1270//4373 1112//4373
f 1109//4374 1267//4374 1111//4374
f 1108//4375 1267//4375 1109//4375
f 1106//4376 1264//4376 1108//4376
f 1105//4377 1264//4377 1106//4377
f 1103//4378 1261//4378 1105//4378
f 1102//4379 1261//4379 1103//4379
f 1100//4380 1259//4380 1102//4380
f 1098//4381 1259//4381 1100//4381
f 1096//4382 1257//4382 1098//4382
f 1096//4383 1095//4383 1257//4383
f 1093//4384 1254//4384 1095//4384
f 1093//4385 1092//4385 1254//4385
f 1090//4386 1251//4386 1092//4386
f 1090//4387 1089//4387 1251//4387
f 1087//4388 1248//4388 1089//4388
f 1087//4389 1086//4389 1248//4389
f 1084//4390 1245//4390 1086//4390
f 1084//4391 1083//4391 1245//4391
f 1082//4392 1241//4392 1083//4392
f 1080//4393 1238//4393 1082//4393
f 1079//4394 1238//4394 1080//4394
f 1077//4395 1235//4395 1079//4395
f 1076//4396 1235//4396 1077//4396
f 1074//4397 1232//4397 1076//4397
f 1073//4398 1232//4398 1074//4398
f 1071//4399 1229//4399 1073//4399
f 1070//4400 1229//4400 1071//4400
f 1068//4401 1227//4401 1070//4401
f 1066//4402 1227//4402 1068//4402
f 1064//4403 1225//4403 1066//4403
f 1064//4404 1063//4404 1225//4404
f 1061//4405 1222//4405 1063//4405
f 1061//4406 1060//4406 1222//4406
f 1058//4407 1219//4407 1060//4407
f 1058//4408 1057//4408 1219//4408
f 1055//4409 1216//4409 1057//4409
f 1055//4410 1054//4410 1216//4410
f 1052//4411 1213//4411 1054//4411
f 1051//4412 1210//4412 1052//4412
f 1049//4413 1207//4413 1051//4413
f 1048//4414 1207//4414 1049//4414
f 1046//4415 1204//4415 1048//4415
f 1045//4416 1204//4416 1046//4416
f 1043//4417 1201//4417 1045//4417
f 1042//4418 1201//4418 1043//4418
f 1040//4419 1198//4419 1042//4419
f 1039//4420 1198//4420 1040//4420
f 1037//4421 1195//4421 1039//4421
f 1036//4422 1195//4422 1037//4422
f 1034//4423 1033//4423 1036//4423
f 1031//4424 1192//4424 1033//4424
f 1031//4425 1030//4425 1192//4425
f 1028//4426 1189//4426 1030//4426
f 1028//4427 1027//4427 1189//4427
f 1025//4428 1186//4428 1027//4428
f 1025//4429 1024//4429 1186//4429
f 1022//4430 1183//4430 1024//4430
f 1022//4431 1021//4431 1183//4431
f 1020//4432 1179//4432 1021//4432
f 1018//4433 1177//4433 1020//4433
f 1016//4434 1177//4434 1018//4434
f 1015//4435 1174//4435 1016//4435
f 1013//4436 1171//4436 1015//4436
f 1012//4437 1171//4437 1013//4437
f 1010//4438 1168//4438 1012//4438
f 1009//4439 1168//4439 1010//4439
f 1007//4440 1165//4440 1009//4440
f 1006//4441 1165//4441 1007//4441
f 1004//4442 1163//4442 1006//4442
f 1002//4443 1163//4443 1004//4443
f 1000//4444 1161//4444 1002//4444
f 1000//4445 999//4445 1161//4445
f 997//4446 1158//4446 999//4446
f 997//4447 996//4447 1158//4447
f 994//4448 1155//4448 996//4448
f 994//4449 993//4449 1155//4449
f 991//4450 1152//4450 993//4450
f 991//4451 990//4451 1152//4451
f 988//4452 1149//4452 990//4452
f 988//4453 987//4453 1149//4453
f 986//4454 1145//4454 987//4454
f 984//4455 1142//4455 986//4455
f 983//4456 1142//4456 984//4456
f 981//4457 1139//4457 983//4457
f 980//4458 1139//4458 981//4458
f 978//4459 1136//4459 980//4459
f 977//4460 1136//4460 978//4460
f 975//4461 1133//4461 977//4461
f 974//4462 1133//4462 975//4462
f 972//4463 1131//4463 974//4463
f 970//4464 1131//4464 972//4464
f 968//4465 1129//4465 970//4465
f 968//4466 967//4466 1129//4466
f 965//4467 1126//4467 967//4467
f 965//4468 964//4468 1126//4468
f 962//4469 1123//4469 964//4469
f 962//4470 961//4470 1123//4470
f 959//4471 1120//4471 961//4471
f 959//4472 958//4472 1120//4472
f 956//4473 1117//4473 958//4473
f 956//4474 955//4474 1117//4474
f 954//4475 1113//4475 955//4475
f 952//4476 1110//4476 954//4476
f 951//4477 1110//4477 952//4477
f 949//4478 1107//4478 951//4478
f 948//4479 1107//4479 949//4479
f 946//4480 1104//4480 948//4480
f 945//4481 1104//4481 946//4481
f 943//4482 1101//4482 945//4482
f 942//4483 1101//4483 943//4483
f 940//4484 1099//4484 942//4484
f 938//4485 1099//4485 940//4485
f 936//4486 1097//4486 938//4486
f 936//4487 935//4487 1097//4487
f 933//4488 1094//4488 935//4488
f 933//4489 932//4489 1094//4489
f 930//4490 1091//4490 932//4490
f 930//4491 929//4491 1091//4491
f 927//4492 1088//4492 929//4492
f 927//4493 926//4493 1088//4493
f 924//4494 1085//4494 926//4494
f 924//4495 923//4495 1085//4495
f 922//4496 1081//4496 923//4496
f 920//4497 1078//4497 922//4497
f 919//4498 1078//4498 920//4498
f 917//4499 1075//4499 919//4499
f 916//4500 1075//4500 917//4500
f 914//4501 1072//4501 916//4501
f 913//4502 1072//4502 914//4502
f 911//4503 1069//4503 913//4503
f 910//4504 1069//4504 911//4504
f 908//4505 1067//4505 910//4505
f 906//4506 1067//4506 908//4506
f 904//4507 1065//4507 906//4507
f 904//4508 903//4508 1065//4508
f 901//4509 1062//4509 903//4509
f 901//4510 900//4510 1062//4510
f 898//4511 1059//4511 900//4511
f 898//4512 897//4512 1059//4512
f 895//4513 1056//4513 897//4513
f 895//4514 894//4514 1056//4514
f 892//4515 1053//4515 894//4515
f 891//4516 1050//4516 892//4516
f 889//4517 1047//4517 891//4517
f 888//4518 1047//4518 889//4518
f 886//4519 1044//4519 888//4519
f 885//4520 1044//4520 886//4520
f 883//4521 1041//4521 885//4521
f 882//4522 1041//4522 883//4522
f 880//4523 1038//4523 882//4523
f 879//4524 1038//4524 880//4524
f 877//4525 1035//4525 879//4525
f 876//4526 1035//4526 877//4526
f 874//4527 873//4527 876//4527
f 871//4528 1032//4528 873//4528
f 871//4529 870//4529 1032//4529
f 868//4530 1029//4530 870//4530
f 868//4531 867//4531 1029//4531
f 865//4532 1026//4532 867//4532
f 865//4533 864//4533 1026//4533
f 862//4534 1023//4534 864//4534
f 862//4535 861//4535 1023//4535
f 860//4536 1019//4536 861//4536
f 858//4537 1017//4537 860//4537
f 856//4538 1017//4538 858//4538
f 855//4539 1014//4539 856//4539
f 853//4540 1011//4540 855//4540
f 852//4541 1011//4541 853//4541
f 850//4542 1008//4542 852//4542
f 849//4543 1008//4543 850//4543
f 847//4544 1005//4544 849//4544
f 846//4545 1005//4545 847//4545
f 844//4546 1003//4546 846//4546
f 843//4547 1003//4547 844//4547
f 841//4548 1001//4548 843//4548
f 841//4549 840//4549 1001//4549
f 838//4550 998//4550 840//4550
f 838//4551 837//4551 998//4551
f 835//4552 995//4552 837//4552
f 835//4553 834//4553 995//4553
f 832//4554 992//4554 834//4554
f 832//4555 831//4555 992//4555
f 829//4556 989//4556 831//4556
f 829//4557 828//4557 989//4557
f 827//4558 985//4558 828//4558
f 825//4559 982//4559 827//4559
f 824//4560 982//4560 825//4560
f 822//4561 979//4561 824//4561
f 821//4562 979//4562 822//4562
f 819//4563 976//4563 821//4563
f 818//4564 976//4564 819//4564
f 816//4565 973//4565 818//4565
f 815//4566 973//4566 816//4566
f 813//4567 971//4567 815//4567
f 812//4568 971//4568 813//4568
f 810//4569 969//4569 812//4569
f 810//4570 809//4570 969//4570
f 807//4571 966//4571 809//4571
f 807//4572 806//4572 966//4572
f 804//4573 963//4573 806//4573
f 804//4574 803//4574 963//4574
f 801//4575 960//4575 803//4575
f 801//4576 800//4576 960//4576
f 798//4577 957//4577 800//4577
f 798//4578 797//4578 957//4578
f 796//4579 953//4579 797//4579
f 794//4580 950//4580 796//4580
f 793//4581 950//4581 794//4581
f 791//4582 947//4582 793//4582
f 790//4583 947//4583 791//4583
f 788//4584 944//4584 790//4584
f 787//4585 944//4585 788//4585
f 785//4586 941//4586 787//4586
f 784//4587 941//4587 785//4587
f 782//4588 939//4588 784//4588
f 781//4589 939//4589 782//4589
f 779//4590 937//4590 781//4590
f 779//4591 778//4591 937//4591
f 776//4592 934//4592 778//4592
f 776//4593 775//4593 934//4593
f 773//4594 931//4594 775//4594
f 773//4595 772//4595 931//4595
f 770//4596 928//4596 772//4596
f 770//4597 769//4597 928//4597
f 767//4598 925//4598 769//4598
f 767//4599 766//4599 925//4599
f 765//4600 921//4600 766//4600
f 763//4601 918//4601 765//4601
f 762//4602 918//4602 763//4602
f 760//4603 915//4603 762//4603
f 759//4604 915//4604 760//4604
f 757//4605 912//4605 759//4605
f 756//4606 912//4606 757//4606
f 754//4607 909//4607 756//4607
f 753//4608 909//4608 754//4608
f 751//4609 907//4609 753//4609
f 750//4610 907//4610 751//4610
f 748//4611 905//4611 750//4611
f 748//4612 747//4612 905//4612
f 745//4613 902//4613 747//4613
f 745//4614 744//4614 902//4614
f 742//4615 899//4615 744//4615
f 742//4616 741//4616 899//4616
f 739//4617 896//4617 741//4617
f 739//4618 738//4618 896//4618
f 736//4619 893//4619 738//4619
f 735//4620 890//4620 736//4620
f 733//4621 887//4621 735//4621
f 732//4622 887//4622 733//4622
f 730//4623 884//4623 732//4623
f 729//4624 884//4624 730//4624
f 727//4625 881//4625 729//4625
f 726//4626 881//4626 727//4626
f 724//4627 878//4627 726//4627
f 723//4628 878//4628 724//4628
f 875//4629 723//4629 721//4629
f 720//4630 875//4630 721//4630
f 718//4631 872//4631 720//4631
f 717//4632 872//4632 718//4632
f 715//4633 869//4633 717//4633
f 715//4634 714//4634 869//4634
f 712//4635 866//4635 714//4635
f 712//4636 711//4636 866//4636
f 709//4637 863//4637 711//4637
f 709//4638 708//4638 863//4638
f 707//4639 859//4639 708//4639
f 705//4640 857//4640 707//4640
f 703//4641 857//4641 705//4641
f 702//4642 854//4642 703//4642
f 700//4643 851//4643 702//4643
f 699//4644 851//4644 700//4644
f 697//4645 848//4645 699//4645
f 696//4646 848//4646 697//4646
f 845//4647 696//4647 694//4647
f 693//4648 845//4648 694//4648
f 691//4649 842//4649 693//4649
f 690//4650 842//4650 691//4650
f 688//4651 839//4651 690//4651
f 687//4652 839//4652 688//4652
f 685//4653 836//4653 687//4653
f 685//4654 684//4654 836//4654
f 682//4655 833//4655 684//4655
f 682//4656 681//4656 833//4656
f 679//4657 830//4657 681//4657
f 679//4658 678//4658 830//4658
f 677//4659 826//4659 678//4659
f 675//4660 823//4660 677//4660
f 674//4661 823//4661 675//4661
f 672//4662 820//4662 674//4662
f 671//4663 820//4663 672//4663
f 669//4664 817//4664 671//4664
f 668//4665 817//4665 669//4665
f 814//4666 668//4666 666//4666
f 665//4667 814//4667 666//4667
f 663//4668 811//4668 665//4668
f 662//4669 811//4669 663//4669
f 660//4670 808//4670 662//4670
f 659//4671 808//4671 660//4671
f 657//4672 805//4672 659//4672
f 657//4673 656//4673 805//4673
f 654//4674 802//4674 656//4674
f 654//4675 653//4675 802//4675
f 651//4676 799//4676 653//4676
f 651//4677 650//4677 799//4677
f 649//4678 795//4678 650//4678
f 647//4679 792//4679 649//4679
f 646//4680 792//4680 647//4680
f 644//4681 789//4681 646//4681
f 643//4682 789//4682 644//4682
f 641//4683 786//4683 643//4683
f 640//4684 786//4684 641//4684
f 783//4685 640//4685 638//4685
f 637//4686 783//4686 638//4686
f 635//4687 780//4687 637//4687
f 634//4688 780//4688 635//4688
f 632//4689 777//4689 634//4689
f 631//4690 777//4690 632//4690
f 629//4691 774//4691 631//4691
f 629//4692 628//4692 774//4692
f 626//4693 771//4693 628//4693
f 626//4694 625//4694 771//4694
f 623//4695 768//4695 625//4695
f 623//4696 622//4696 768//4696
f 621//4697 764//4697 622//4697
f 619//4698 761//4698 621//4698
f 618//4699 761//4699 619//4699
f 616//4700 758//4700 618//4700
f 615//4701 758//4701 616//4701
f 613//4702 755//4702 615//4702
f 612//4703 755//4703 613//4703
f 752//4704 612//4704 610//4704
f 609//4705 752//4705 610//4705
f 607//4706 749//4706 609//4706
f 606//4707 749//4707 607//4707
f 604//4708 746//4708 606//4708
f 603//4709 746//4709 604//4709
f 601//4710 743//4710 603//4710
f 601//4711 600//4711 743//4711
f 598//4712 740//4712 600//4712
f 598//4713 597//4713 740//4713
f 595//4714 737//4714 597//4714
f 594//4715 734//4715 595//4715
f 592//4716 731//4716 594//4716
f 591//4717 731//4717 592//4717
f 589//4718 728//4718 591//4718
f 588//4719 728//4719 589//4719
f 725//4720 588//4720 586//4720
f 585//4721 725//4721 586//4721
f 722//4722 585//4722 583//4722
f 582//4723 722//4723 583//4723
f 580//4724 719//4724 582//4724
f 579//4725 719//4725 580//4725
f 577//4726 716//4726 579//4726
f 576//4727 716//4727 577//4727
f 574//4728 713//4728 576//4728
f 573//4729 713//4729 574//4729
f 571//4730 710//4730 573//4730
f 571//4731 570//4731 710//4731
f 569//4732 706//4732 570//4732
f 567//4733 704//4733 569//4733
f 565//4734 704//4734 567//4734
f 564//4735 701//4735 565//4735
f 698//4736 564//4736 562//4736
f 561//4737 698//4737 562//4737
f 695//4738 561//4738 559//4738
f 558//4739 695//4739 559//4739
f 692//4740 558//4740 556//4740
f 555//4741 692//4741 556//4741
f 553//4742 689//4742 555//4742
f 552//4743 689//4743 553//4743
f 550//4744 686//4744 552//4744
f 549//4745 686//4745 550//4745
f 547//4746 683//4746 549//4746
f 546//4747 683//4747 547//4747
f 544//4748 680//4748 546//4748
f 544//4749 543//4749 680//4749
f 542//4750 676//4750 543//4750
f 540//4751 673//4751 542//4751
f 539//4752 673//4752 540//4752
f 670//4753 539//4753 537//4753
f 536//4754 670//4754 537//4754
f 667//4755 536//4755 534//4755
f 533//4756 667//4756 534//4756
f 664//4757 533//4757 531//4757
f 530//4758 664//4758 531//4758
f 528//4759 661//4759 530//4759
f 527//4760 661//4760 528//4760
f 525//4761 658//4761 527//4761
f 524//4762 658//4762 525//4762
f 522//4763 655//4763 524//4763
f 521//4764 655//4764 522//4764
f 519//4765 652//4765 521//4765
f 519//4766 518//4766 652//4766
f 517//4767 648//4767 518//4767
f 515//4768 645//4768 517//4768
f 514//4769 645//4769 515//4769
f 642//4770 514//4770 512//4770
f 511//4771 642//4771 512//4771
f 639//4772 511//4772 509//4772
f 508//4773 639//4773 509//4773
f 636//4774 508//4774 506//4774
f 505//4775 636//4775 506//4775
f 503//4776 633//4776 505//4776
f 502//4777 633//4777 503//4777
f 500//4778 630//4778 502//4778
f 499//4779 630//4779 500//4779
f 497//4780 627//4780 499//4780
f 496//4781 627//4781 497//4781
f 494//4782 624//4782 496//4782
f 494//4783 493//4783 624//4783
f 492//4784 620//4784 493//4784
f 490//4785 617//4785 492//4785
f 489//4786 617//4786 490//4786
f 614//4787 489//4787 487//4787
f 486//4788 614//4788 487//4788
f 611//4789 486//4789 484//4789
f 483//4790 611//4790 484//4790
f 608//4791 483//4791 481//4791
f 480//4792 608//4792 481//4792
f 478//4793 605//4793 480//4793
f 477//4794 605//4794 478//4794
f 475//4795 602//4795 477//4795
f 474//4796 602//4796 475//4796
f 472//4797 599//4797 474//4797
f 471//4798 599//4798 472//4798
f 469//4799 596//4799 471//4799
f 468//4800 593//4800 469//4800
f 590//4801 468//4801 466//4801
f 465//4802 590//4802 466//4802
f 587//4803 465//4803 463//4803
f 462//4804 587//4804 463//4804
f 584//4805 462//4805 460//4805
f 459//4806 584//4806 460//4806
f 581//4807 459//4807 457//4807
f 456//4808 581//4808 457//4808
f 454//4809 578//4809 456//4809
f 453//4810 578//4810 454//4810
f 451//4811 575//4811 453//4811
f 450//4812 575//4812 451//4812
f 448//4813 572//4813 450//4813
f 447//4814 572//4814 448//4814
f 446//4815 568//4815 447//4815
f 566//4816 446//4816 444//4816
f 442//4817 566//4817 444//4817
f 441//4818 563//4818 442//4818
f 560//4819 441//4819 439//4819
f 438//4820 560//4820 439//4820
f 557//4821 438//4821 436//4821
f 435//4822 557//4822 436//4822
f 433//4823 554//4823 435//4823
f 432//4824 554//4824 433//4824
f 430//4825 551//4825 432//4825
f 429//4826 551//4826 430//4826
f 427//4827 548//4827 429//4827
f 426//4828 548//4828 427//4828
f 424//4829 545//4829 426//4829
f 423//4830 545//4830 424//4830
f 422//4831 541//4831 423//4831
f 538//4832 422//4832 420//4832
f 419//4833 538//4833 420//4833
f 535//4834 419//4834 417//4834
f 416//4835 535//4835 417//4835
f 532//4836 416//4836 414//4836
f 413//4837 532//4837 414//4837
f 411//4838 529//4838 413//4838
f 410//4839 529//4839 411//4839
f 408//4840 526//4840 410//4840
f 407//4841 526//4841 408//4841
f 405//4842 523//4842 407//4842
f 404//4843 523//4843 405//4843
f 402//4844 520//4844 404//4844
f 401//4845 520//4845 402//4845
f 400//4846 516//4846 401//4846
f 513//4847 400//4847 398//4847
f 397//4848 513//4848 398//4848
f 510//4849 397//4849 395//4849
f 394//4850 510//4850 395//4850
f 507//4851 394//4851 392//4851
f 391//4852 507//4852 392//4852
f 389//4853 504//4853 391//4853
f 388//4854 504//4854 389//4854
f 386//4855 501//4855 388//4855
f 385//4856 501//4856 386//4856
f 383//4857 498//4857 385//4857
f 382//4858 498//4858 383//4858
f 380//4859 495//4859 382//4859
f 379//4860 495//4860 380//4860
f 378//4861 491//4861 379//4861
f 488//4862 378//4862 376//4862
f 375//4863 488//4863 376//4863
f 485//4864 375//4864 373//4864
f 372//4865 485//4865 373//4865
f 482//4866 372//4866 370//4866
f 369//4867 482//4867 370//4867
f 367//4868 479//4868 369//4868
f 366//4869 479//4869 367//4869
f 364//4870 476//4870 366//4870
f 363//4871 476//4871 364//4871
f 361//4872 473//4872 363//4872
f 360//4873 473//4873 361//4873
f 358//4874 470//4874 360//4874
f 357//4875 467//4875 358//4875
f 464//4876 357//4876 355//4876
f 354//4877 464//4877 355//4877
f 461//4878 354//4878 352//4878
f 351//4879 461//4879 352//4879
f 458//4880 351//4880 349//4880
f 348//4881 458//4881 349//4881
f 346//4882 455//4882 348//4882
f 345//4883 455//4883 346//4883
f 343//4884 452//4884 345//4884
f 342//4885 452//4885 343//4885
f 340//4886 449//4886 342//4886
f 339//4887 449//4887 340//4887
f 338//4888 445//4888 339//4888
f 443//4889 338//4889 336//4889
f 334//4890 443//4890 336//4890
f 333//4891 440//4891 334//4891
f 437//4892 333//4892 331//4892
f 330//4893 437//4893 331//4893
f 434//4894 330//4894 328//4894
f 327//4895 434//4895 328//4895
f 325//4896 431//4896 327//4896
f 324//4897 431//4897 325//4897
f 322//4898 428//4898 324//4898
f 321//4899 428//4899 322//4899
f 319//4900 425//4900 321//4900
f 318//4901 425//4901 319//4901
f 317//4902 421//4902 318//4902
f 418//4903 317//4903 315//4903
f 314//4904 418//4904 315//4904
f 415//4905 314//4905 312//4905
f 311//4906 415//4906 312//4906
f 412//4907 311//4907 309//4907
f 308//4908 412//4908 309//4908
f 306//4909 409//4909 308//4909
f 305//4910 409//4910 306//4910
f 303//4911 406//4911 305//4911
f 302//4912 406//4912 303//4912
f 300//4913 403//4913 302//4913
f 299//4914 403//4914 300//4914
f 298//4915 399//4915 299//4915
f 396//4916 298//4916 296//4916
f 295//4917 396//4917 296//4917
f 393//4918 295//4918 293//4918
f 292//4919 393//4919 293//4919
f 390//4920 292//4920 290//4920
f 289//4921 390//4921 290//4921
f 287//4922 387//4922 289//4922
f 286//4923 387//4923 287//4923
f 284//4924 384//4924 286//4924
f 283//4925 384//4925 284//4925
f 281//4926 381//4926 283//4926
f 280//4927 381//4927 281//4927
f 279//4928 377//4928 280//4928
f 374//4929 279//4929 277//4929
f 276//4930 374//4930 277//4930
f 371//4931 276//4931 274//4931
f 273//4932 371//4932 274//4932
f 368//4933 273//4933 271//4933
f 270//4934 368//4934 271//4934
f 268//4935 365//4935 270//4935
f 267//4936 365//4936 268//4936
f 265//4937 362//4937 267//4937
f 264//4938 362//4938 265//4938
f 262//4939 359//4939 264//4939
f 261//4940 356//4940 262//4940
f 353//4941 261//4941 259//4941
f 258//4942 353//4942 259//4942
f 350//4943 258//4943 256//4943
f 255//4944 350//4944 256//4944
f 347//4945 255//4945 253//4945
f 252//4946 347//4946 253//4946
f 250//4947 344//4947 252//4947
f 249//4948 344//4948 250//4948
f 247//4949 341//4949 249//4949
f 246//4950 341//4950 247//4950
f 245//4951 337//4951 246//4951
f 335//4952 245//4952 243//4952
f 241//4953 335//4953 243//4953
f 240//4954 332//4954 241//4954
f 329//4955 240//4955 238//4955
f 237//4956 329//4956 238//4956
f 235//4957 326//4957 237//4957
f 234//4958 326//4958 235//4958
f 232//4959 323//4959 234//4959
f 231//4960 323//4960 232//4960
f 229//4961 320//4961 231//4961
f 228//4962 320//4962 229//4962
f 227//4963 316//4963 228//4963
f 313//4964 227//4964 225//4964
f 224//4965 313//4965 225//4965
f 310//4966 224//4966 222//4966
f 221//4967 310//4967 222//4967
f 219//4968 307//4968 221//4968
f 218//4969 307//4969 219//4969
f 216//4970 304//4970 218//4970
f 215//4971 304//4971 216//4971
f 213//4972 301//4972 215//4972
f 212//4973 301//4973 213//4973
f 211//4974 297//4974 212//4974
f 294//4975 211//4975 209//4975
f 208//4976 294//4976 209//4976
f 291//4977 208//4977 206//4977
f 205//4978 291//4978 206//4978
f 203//4979 288//4979 205//4979
f 202//4980 288//4980 203//4980
f 200//4981 285//4981 202//4981
f 199//4982 285//4982 200//4982
f 197//4983 282//4983 199//4983
f 196//4984 282//4984 197//4984
f 195//4985 278//4985 196//4985
f 275//4986 195//4986 193//4986
f 192//4987 275//4987 193//4987
f 272//4988 192//4988 190//4988
f 189//4989 272//4989 190//4989
f 187//4990 269//4990 189//4990
f 186//4991 269//4991 187//4991
f 184//4992 266//4992 186//4992
f 183//4993 266//4993 184//4993
f 181//4994 263//4994 183//4994
f 180//4995 260//4995 181//4995
f 257//4996 180//4996 178//4996
f 177//4997 257//4997 178//4997
f 254//4998 177//4998 175//4998
f 174//4999 254//4999 175//4999
f 172//5000 251//5000 174//5000
f 171//5001 251//5001 172//5001
f 169//5002 248//5002 171//5002
f 168//5003 248//5003 169//5003
f 167//5004 244//5004 168//5004
f 242//5005 167//5005 165//5005
f 163//5006 242//5006 165//5006
f 162//5007 239//5007 163//5007
f 236//5008 162//5008 160//5008
f 159//5009 236//5009 160//5009
f 157//5010 233//5010 159//5010
f 156//5011 233//5011 157//5011
f 154//5012 230//5012 156//5012
f 153//5013 230//5013 154//5013
f 152//5014 226//5014 153//5014
f 223//5015 152//5015 150//5015
f 149//5016 223//5016 150//5016
f 220//5017 149//5017 147//5017
f 146//5018 220//5018 147//5018
f 144//5019 217//5019 146//5019
f 143//5020 217//5020 144//5020
f 141//5021 214//5021 143//5021
f 140//5022 214//5022 141//5022
f 139//5023 210//5023 140//5023
f 207//5024 139//5024 137//5024
f 136//5025 207//5025 137//5025
f 204//5026 136//5026 134//5026
f 133//5027 204//5027 134//5027
f 131//5028 201//5028 133//5028
f 130//5029 201//5029 131//5029
f 128//5030 198//5030 130//5030
f 127//5031 198//5031 128//5031
f 126//5032 194//5032 127//5032
f 191//5033 126//5033 124//5033
f 123//5034 191//5034 124//5034
f 188//5035 123//5035 121//5035
f 120//5036 188//5036 121//5036
f 118//5037 185//5037 120//5037
f 117//5038 185//5038 118//5038
f 115//5039 182//5039 117//5039
f 114//5040 179//5040 115//5040
f 176//5041 114//5041 112//5041
f 111//5042 176//5042 112//5042
f 173//5043 111//5043 109//5043
f 108//5044 173//5044 109//5044
f 106//5045 170//5045 108//5045
f 105//5046 170//5046 106//5046
f 104//5047 166//5047 105//5047
f 164//5048 104//5048 102//5048
f 100//5049 164//5049 102//5049
f 99//5050 161//5050 100//5050
f 97//5051 158//5051 99//5051
f 96//5052 158//5052 97//5052
f 94//5053 155//5053 96//5053
f 93//5054 155//5054 94//5054
f 92//5055 151//5055 93//5055
f 148//5056 92//5056 90//5056
f 89//5057 148//5057 90//5057
f 87//5058 145//5058 89//5058
f 86//5059 145//5059 87//5059
f 84//5060 142//5060 86//5060
f 83//5061 142//5061 84//5061
f 82//5062 138//5062 83//5062
f 135//5063 82//5063 80//5063
f 79//5064 135//5064 80//5064
f 77//5065 132//5065 79//5065
f 76//5066 132//5066 77//5066
f 74//5067 129//5067 76//5067
f 73//5068 129//5068 74//5068
f 72//5069 125//5069 73//5069
f 122//5070 72//5070 70//5070
f 69//5071 122//5071 70//5071
f 67//5072 119//5072 69//5072
f 66//5073 119//5073 67//5073
f 64//5074 116//5074 66//5074
f 63//5075 113//5075 64//5075
f 110//5076 63//5076 61//5076
f 60//5077 110//5077 61//5077
f 58//5078 107//5078 60//5078
f 57//5079 107//5079 58//5079
f 56//5080 103//5080 57//5080
f 101//5081 56//5081 54//5081
f 52//5082 101//5082 54//5082
f 51//5083 98//5083 52//5083
f 49//5084 95//5084 51//5084
f 48//5085 95//5085 49//5085
f 47//5086 91//5086 48//5086
f 88//5087 47//5087 45//5087
f 44//5088 88//5088 45//5088
f 42//5089 85//5089 44//5089
f 41//5090 85//5090 42//5090
f 40//5091 81//5091 41//5091
f 78//5092 40//5092 38//5092
f 37//5093 78//5093 38//5093
f 35//5094 75//5094 37//5094
f 34//5095 75//5095 35//5095
f 33//5096 71//5096 34//5096
f 68//5097 33//5097 31//5097
f 30//5098 68//5098 31//5098
f 28//5099 65//5099 30//5099
f 27//5100 62//5100 28//5100
f 59//5101 27//5101 25//5101
f 24//5102 59//5102 25//5102
f 23//5103 55//5103 24//5103
f 53//5104 23//5104 21//5104
f 20//5105 53//5105 21//5105
f 19//5106 50//5106 20//5106
f 18//5107 46//5107 19//5107
f 16//5108 43//5108 18//5108
f 15//5109 43//5109 16//5109
f 14//5110 39//5110 15//5110
f 12//5111 36//5111 14//5111
f 11//5112 36//5112 12//5112
f 10//5113 32//5113 11//5113
f 8//5114 29//5114 10//5114
f 7//5115 26//5115 8//5115
f 6//5116 22//5116 7//5116
f 5//5117 9//5117 4//5117
f 4//5118 13//5118 1//5118
f 2//5119 6//5119 3//5119
f 1//5120 17//5120 2//5120
