# Blender v3.0.0 OBJ File: ''
# www.blender.org
mtllib sub.mtl
o sub
v 0.573830 0.737191 -0.642311
v 0.580276 0.673733 -0.637245
v 0.593023 0.682520 -0.640220
v 0.573697 0.716357 -0.652499
v 0.876886 0.427312 -0.657144
v 0.863324 0.473270 -0.607716
v 0.879412 0.449021 -0.624797
v 0.848566 0.458547 -0.642510
v 0.915235 0.473874 -0.540135
v 0.893593 0.488430 -0.551071
v 0.874929 0.512572 -0.508168
v 0.910385 0.486067 -0.503968
v 0.675532 0.714781 -0.651723
v 0.673499 0.664238 -0.651651
v 0.667920 0.719456 -0.656395
v 0.907018 0.455097 -0.591533
v 0.936562 0.452037 -0.564857
v 0.650938 0.691743 -0.651629
v 0.714939 0.446759 -0.787492
v 0.664294 0.479842 -0.771336
v 0.709980 0.458279 -0.771377
v 0.907435 0.494193 -0.477642
v 0.951575 0.461620 -0.501924
v 0.676265 0.764944 -0.655164
v 0.682220 0.739998 -0.640967
v 0.938671 0.471521 -0.470664
v 0.674347 0.456205 -0.806887
v 0.873230 0.520029 -0.479017
v 0.712925 0.603468 -0.643102
v 0.723687 0.574906 -0.620176
v 0.719817 0.557780 -0.654518
v 0.708986 0.590077 -0.661152
v 0.676610 0.687581 -0.643617
v 0.310123 0.571564 -0.970688
v 0.333764 0.530658 -0.975130
v 0.315385 0.535303 -0.999160
v 0.663588 0.544126 -0.734654
v 0.636459 0.585051 -0.734261
v 0.667814 0.572633 -0.727017
v 0.640388 0.753099 -0.668837
v 0.648670 0.707391 -0.673646
v 0.648477 0.735967 -0.679602
v 0.642918 0.549801 -0.739720
v 0.631021 0.468356 -0.447360
v 0.630649 0.484935 -0.468345
v 0.592533 0.448015 -0.455076
v 0.602129 0.479310 -0.485053
v 0.302114 0.560313 -0.994541
v 0.745952 0.537751 -0.633277
v 0.731161 0.546288 -0.643140
v 0.892352 0.474902 -0.576343
v 0.598077 0.712677 -0.644990
v 0.655425 0.743424 -0.643172
v 0.609670 0.574566 -0.743130
v 0.622076 0.536290 -0.750536
v 0.654123 0.768273 -0.634625
v 0.669665 0.787353 -0.656488
v 0.574582 0.675301 -0.651557
v 0.578159 0.723236 -0.670970
v 0.582125 0.680594 -0.671584
v 0.595331 0.678951 -0.679410
v 0.593003 0.722794 -0.677371
v 0.949270 0.442458 -0.422952
v 0.971938 0.427343 -0.453303
v 0.950149 0.463109 -0.457088
v 0.973422 0.446073 -0.482001
v 0.440941 0.478047 -0.953871
v 0.443311 0.446952 -0.990033
v 0.426760 0.463353 -0.987599
v 0.675200 0.488322 -0.437600
v 0.672854 0.502231 -0.457014
v 0.497922 0.494770 -0.609581
v 0.491609 0.482817 -0.614694
v 0.474718 0.457568 -0.587008
v 0.394518 0.448493 -0.666204
v 0.402618 0.468585 -0.708598
v 0.378739 0.436132 -0.667525
v 0.458193 0.456483 -0.977149
v 0.340922 0.540194 -0.951063
v 0.375902 0.454399 -0.705460
v 0.582519 0.519936 -0.541763
v 0.583758 0.563867 -0.558381
v 0.561360 0.546641 -0.577940
v 0.506716 0.492189 -0.594063
v 0.382927 0.479421 -0.987061
v 0.407262 0.485673 -0.969527
v 0.408935 0.456243 -1.009562
v 0.596808 0.537870 -0.544181
v 0.854751 0.431385 -0.672758
v 0.493841 0.457465 -0.563443
v 0.663351 0.811079 -0.643651
v 0.658658 0.808722 -0.629878
v 0.789473 0.499364 -0.365210
v 0.765189 0.465923 -0.327611
v 0.787906 0.481974 -0.341989
v 0.755968 0.485333 -0.366645
v 0.629787 0.765093 -0.665417
v 0.606920 0.749134 -0.658688
v 0.623521 0.720359 -0.661716
v 0.564310 0.578837 -0.578486
v 0.552496 0.589944 -0.602271
v 0.539659 0.561904 -0.618567
v 0.540655 0.605822 -0.627955
v 0.530643 0.571337 -0.638052
v 0.581227 0.798643 -0.636350
v 0.586753 0.755533 -0.639021
v 0.595653 0.789324 -0.649069
v 0.875416 0.523614 -0.454192
v 0.561723 0.763160 -0.652060
v 0.575603 0.756994 -0.677256
v 0.524522 0.478918 -0.560153
v 0.908026 0.509570 -0.435415
v 0.685972 0.615438 -0.584585
v 0.688620 0.638870 -0.623212
v 0.676220 0.652335 -0.607812
v 0.588735 0.565035 -0.737565
v 0.584111 0.604518 -0.725541
v 0.673132 0.590776 -0.721020
v 0.685184 0.553036 -0.720792
v 0.574681 0.539884 -0.739127
v 0.472059 0.481385 -0.928119
v 0.475982 0.470108 -0.961916
v 0.675393 0.515572 -0.738697
v 0.666869 0.647670 -0.591132
v 0.545856 0.520716 -0.773548
v 0.587222 0.505152 -0.781691
v 0.553329 0.498566 -0.819540
v 0.568778 0.573261 -0.725379
v 0.689110 0.580230 -0.703724
v 0.370942 0.507961 -0.951032
v 0.389696 0.498857 -0.952690
v 0.609183 0.673816 -0.688511
v 0.608084 0.716958 -0.688631
v 0.619370 0.694473 -0.697008
v 0.733757 0.554893 -0.609380
v 0.529965 0.510301 -0.812987
v 0.567036 0.776237 -0.637865
v 0.357086 0.494290 -0.980532
v 0.458836 0.470299 -0.945035
v 0.562634 0.617625 -0.603831
v 0.781064 0.533099 -0.415787
v 0.804299 0.525522 -0.398192
v 0.796766 0.547316 -0.442581
v 0.643662 0.456937 -0.422770
v 0.736510 0.481880 -0.723606
v 0.766408 0.462090 -0.722000
v 0.742734 0.449774 -0.761171
v 0.601637 0.736472 -0.649099
v 0.658121 0.788888 -0.621929
v 0.826495 0.537610 -0.419271
v 0.689608 0.473222 -0.406991
v 0.704658 0.528829 -0.698305
v 0.725650 0.522355 -0.676377
v 0.581170 0.591317 -0.565728
v 0.713298 0.470357 -0.752475
v 0.689885 0.804877 -0.661287
v 0.801360 0.427441 -0.732111
v 0.804510 0.446987 -0.703126
v 0.830845 0.417958 -0.713886
v 0.497934 0.407645 -0.502352
v 0.512983 0.440157 -0.523273
v 0.476061 0.412260 -0.528697
v 0.483056 0.513699 -0.722790
v 0.481849 0.499008 -0.688911
v 0.518183 0.524529 -0.720119
v 0.838181 0.519343 -0.558364
v 0.855915 0.500096 -0.577833
v 0.812278 0.526339 -0.575452
v 0.793414 0.476457 -0.674734
v 0.617068 0.735126 -0.708167
v 0.634812 0.702440 -0.695695
v 0.467023 0.426883 -0.553168
v 0.393819 0.480585 -0.746499
v 0.363869 0.472275 -0.756330
v 0.356928 0.454943 -0.724555
v 0.619156 0.506003 -0.767437
v 0.640154 0.507428 -0.757327
v 0.281955 0.509143 -0.921055
v 0.271329 0.475624 -0.925942
v 0.283486 0.480420 -0.887620
v 0.606209 0.696774 -0.665697
v 0.257034 0.450059 -0.864550
v 0.286021 0.470015 -0.851913
v 0.509777 0.514252 -0.639493
v 0.496406 0.493188 -0.645488
v 0.447596 0.430539 -0.576452
v 0.505694 0.509627 -0.683558
v 0.825069 0.458647 -0.667304
v 0.269411 0.459703 -0.897424
v 0.530065 0.418683 -0.481454
v 0.622864 0.487820 -0.788706
v 0.700544 0.793061 -0.651787
v 0.801893 0.509466 -0.619500
v 0.835620 0.435448 -0.685900
v 0.418689 0.494015 -0.751375
v 0.424673 0.494354 -0.737819
v 0.275409 0.436567 -0.825929
v 0.272288 0.454713 -0.846648
v 0.257753 0.422723 -0.832105
v 0.570504 0.468654 -0.502219
v 0.749915 0.420708 -0.793990
v 0.721876 0.432114 -0.805252
v 0.479998 0.483421 -0.654245
v 0.711322 0.608765 -0.621794
v 0.714024 0.503339 -0.425770
v 0.746067 0.532737 -0.437727
v 0.716017 0.519797 -0.444677
v 0.607319 0.681055 -0.675761
v 0.349059 0.509133 -0.969924
v 0.330681 0.503518 -1.003884
v 0.556046 0.568645 -0.717470
v 0.715901 0.577075 -0.594851
v 0.455566 0.474852 -0.663317
v 0.456101 0.457112 -0.620496
v 0.868423 0.509069 -0.539817
v 0.661661 0.445888 -0.389816
v 0.673683 0.733489 -0.617612
v 0.662596 0.693611 -0.615664
v 0.678717 0.705522 -0.631274
v 0.332970 0.483090 -1.004420
v 0.689976 0.779013 -0.641934
v 0.821021 0.546683 -0.503266
v 0.838647 0.529303 -0.528475
v 0.800422 0.553128 -0.509407
v 0.682801 0.763463 -0.624432
v 0.410881 0.500829 -0.774775
v 0.432329 0.517865 -0.797519
v 0.476615 0.467896 -0.620460
v 0.797022 0.540859 -0.555041
v 0.712212 0.467522 -0.378108
v 0.445866 0.508606 -0.751100
v 0.278692 0.542849 -0.942104
v 0.299259 0.518677 -0.912395
v 0.305262 0.552092 -0.931231
v 0.402092 0.441242 -0.638206
v 0.373485 0.420237 -0.647539
v 0.533815 0.593336 -0.652237
v 0.309675 0.515040 -1.016376
v 0.755123 0.515647 -0.409498
v 0.930289 0.468497 -0.522917
v 0.771570 0.427512 -0.762367
v 0.731134 0.490921 -0.397210
v 0.548070 0.592266 -0.690982
v 0.426030 0.434161 -0.603248
v 0.323319 0.545897 -0.928651
v 0.349046 0.531549 -0.917373
v 0.324960 0.558858 -0.948090
v 0.382792 0.518693 -0.915286
v 0.428929 0.438190 -1.016500
v 0.304238 0.490976 -0.869469
v 0.311848 0.507749 -0.891469
v 0.612867 0.608810 -0.733560
v 0.537847 0.535505 -0.617761
v 0.851722 0.520786 -0.368160
v 0.888842 0.511958 -0.343769
v 0.878369 0.528031 -0.385544
v 0.517955 0.522719 -0.622700
v 0.617841 0.439098 -0.419155
v 0.584252 0.499204 -0.526650
v 0.558815 0.486811 -0.536485
v 0.712793 0.489698 -0.735504
v 0.680275 0.491908 -0.750595
v 0.407612 0.517969 -0.905041
v 0.418055 0.474027 -0.696044
v 0.556436 0.458111 -0.912190
v 0.543281 0.442590 -0.922973
v 0.500017 0.474672 -0.924955
v 0.534091 0.513620 -0.595063
v 0.902578 0.521997 -0.372834
v 0.667027 0.812364 -0.608586
v 0.665018 0.823927 -0.617026
v 0.704243 0.592496 -0.587177
v 0.748985 0.508573 -0.674334
v 0.658862 0.631797 -0.578276
v 0.929356 0.503161 -0.346375
v 0.939079 0.478448 -0.331316
v 0.953894 0.475767 -0.357871
v 0.709393 0.505047 -0.716600
v 0.324945 0.527203 -0.909050
v 0.501132 0.466074 -0.929221
v 0.775194 0.524741 -0.624071
v 0.427503 0.468551 -0.674953
v 0.521743 0.540819 -0.645246
v 0.946241 0.492819 -0.370735
v 0.511490 0.514479 -0.669651
v 0.529435 0.537599 -0.698172
v 0.449270 0.490230 -0.703085
v 0.684939 0.586275 -0.563662
v 0.843445 0.542188 -0.462529
v 0.657840 0.703884 -0.618552
v 0.274232 0.492598 -0.926716
v 0.430137 0.412301 -0.569753
v 0.437621 0.400567 -0.550415
v 0.598600 0.765644 -0.648237
v 0.936313 0.430613 -0.599141
v 0.701269 0.560715 -0.689002
v 0.530014 0.559748 -0.666161
v 0.650731 0.732040 -0.621747
v 0.428875 0.456185 -0.647075
v 0.867753 0.485894 -0.323490
v 0.893433 0.490450 -0.321953
v 0.540267 0.564470 -0.690981
v 0.896733 0.460723 -0.312408
v 0.916879 0.484972 -0.322568
v 0.535434 0.459527 -0.523980
v 0.903469 0.431544 -0.628716
v 0.948305 0.453198 -0.538723
v 0.513892 0.508286 -0.830513
v 0.506340 0.526346 -0.793199
v 0.682335 0.740581 -0.628124
v 0.953542 0.480457 -0.390629
v 0.933670 0.506232 -0.396558
v 0.846582 0.535746 -0.495050
v 0.361155 0.526497 -0.926689
v 0.858139 0.504782 -0.342179
v 0.605224 0.499776 -0.502079
v 0.614814 0.529456 -0.530518
v 0.838697 0.489376 -0.610261
v 0.676245 0.566743 -0.551685
v 0.660019 0.545235 -0.519308
v 0.680864 0.554048 -0.529560
v 0.572464 0.478660 -0.850155
v 0.579844 0.491553 -0.814696
v 0.869836 0.453724 -0.318888
v 0.828382 0.465626 -0.328441
v 0.858465 0.442539 -0.313440
v 0.776338 0.496233 -0.664261
v 0.816080 0.483283 -0.641984
v 0.570181 0.641117 -0.655671
v 0.576240 0.657354 -0.661343
v 0.654193 0.424373 -0.881028
v 0.627592 0.424627 -0.900059
v 0.605565 0.447149 -0.893955
v 0.628211 0.522111 -0.511985
v 0.832528 0.442796 -0.312265
v 0.421589 0.429392 -1.025508
v 0.674775 0.617714 -0.572590
v 0.399785 0.437799 -1.022367
v 0.489698 0.512769 -0.843787
v 0.642312 0.444704 -0.865269
v 0.658848 0.760848 -0.622036
v 0.390696 0.461913 -1.005049
v 0.656037 0.606037 -0.558478
v 0.265056 0.522414 -0.945443
v 0.561116 0.413513 -0.928724
v 0.555017 0.425887 -0.940766
v 0.452230 0.436533 -1.012284
v 0.787189 0.450246 -0.308685
v 0.775742 0.435815 -0.286963
v 0.810254 0.488949 -0.339526
v 0.844098 0.477351 -0.327227
v 0.688511 0.607217 -0.691975
v 0.693086 0.633287 -0.657935
v 0.771066 0.511112 -0.392967
v 0.699147 0.443993 -0.347829
v 0.691330 0.416374 -0.320059
v 0.725308 0.438201 -0.310882
v 0.650875 0.686807 -0.613055
v 0.655322 0.657549 -0.601493
v 0.656116 0.681175 -0.617287
v 0.599032 0.404091 -0.398490
v 0.566716 0.426024 -0.452759
v 0.546689 0.398877 -0.445494
v 0.697874 0.628531 -0.641322
v 0.759861 0.483349 -0.699138
v 0.639241 0.664237 -0.656306
v 0.659036 0.656437 -0.672245
v 0.641671 0.683683 -0.665722
v 0.666858 0.424146 -0.353439
v 0.625985 0.420804 -0.390862
v 0.828289 0.521562 -0.380719
v 0.849459 0.530042 -0.393773
v 0.646194 0.471344 -0.800034
v 0.422018 0.500591 -0.935961
v 0.912829 0.504411 -0.337657
v 0.446253 0.492679 -0.929297
v 0.467244 0.491419 -0.909462
v 0.509674 0.492428 -0.873184
v 0.825963 0.503168 -0.353233
v 0.925719 0.514360 -0.369934
v 0.538846 0.487422 -0.859061
v 0.580938 0.653272 -0.631298
v 0.365259 0.405674 -0.669095
v 0.467649 0.453316 -0.997852
v 0.305816 0.572134 -0.955135
v 0.599975 0.702672 -0.621235
v 0.609819 0.674814 -0.627875
v 0.595700 0.671286 -0.621401
v 0.615362 0.686398 -0.588828
v 0.604344 0.674175 -0.595844
v 0.609608 0.655387 -0.587846
v 0.750584 0.447967 -0.304453
v 0.687297 0.405925 -0.870044
v 0.246681 0.422187 -0.848476
v 0.614677 0.561638 -0.543250
v 0.643525 0.551086 -0.530948
v 0.958923 0.451954 -0.372824
v 0.628683 0.668835 -0.695239
v 0.596266 0.743836 -0.693036
v 0.587627 0.703136 -0.605232
v 0.372352 0.447805 -1.005392
v 0.375401 0.418328 -1.017209
v 0.343919 0.422940 -0.998068
v 0.480082 0.499870 -0.886011
v 0.650823 0.687783 -0.687444
v 0.368047 0.421306 -0.680224
v 0.468933 0.527030 -0.822398
v 0.563155 0.414666 -0.917305
v 0.224089 0.461544 -1.016543
v 0.241246 0.483691 -0.982569
v 0.218482 0.480420 -1.031660
v 0.650478 0.521079 -0.492606
v 0.650227 0.576299 -0.546478
v 0.552827 0.443729 -0.487293
v 0.723333 0.455168 -0.345409
v 0.665794 0.445540 -0.840738
v 0.682364 0.421424 -0.859482
v 0.639342 0.583347 -0.544386
v 0.322095 0.496587 -0.859858
v 0.339216 0.516941 -0.889690
v 0.232695 0.572538 -1.044442
v 0.227169 0.577728 -1.023090
v 0.259275 0.583201 -1.014841
v 0.372790 0.491382 -0.789946
v 0.243153 0.511485 -1.046668
v 0.222957 0.487463 -1.051105
v 0.219745 0.500669 -1.045322
v 0.975668 0.433091 -0.552309
v 0.544736 0.545577 -0.716294
v 0.646683 0.731288 -0.695903
v 0.972908 0.442694 -0.529010
v 0.279328 0.535253 -1.030065
v 0.293364 0.545544 -1.019548
v 0.631939 0.631676 -0.570822
v 0.617783 0.589523 -0.549298
v 0.339852 0.453976 -1.004386
v 0.356951 0.473563 -0.993034
v 0.623313 0.404698 -0.908511
v 0.584285 0.415468 -0.913269
v 0.606173 0.431873 -0.901609
v 0.866016 0.406570 -0.691905
v 0.631207 0.499200 -0.482819
v 0.683699 0.520495 -0.467783
v 0.699591 0.441394 -0.814259
v 0.669222 0.758049 -0.615137
v 0.674284 0.790982 -0.609983
v 0.683819 0.779666 -0.620433
v 0.495238 0.483252 -0.911771
v 0.674889 0.634100 -0.686625
v 0.627832 0.613345 -0.558218
v 0.657133 0.724423 -0.650529
v 0.591116 0.517946 -0.760280
v 0.667288 0.622561 -0.704689
v 0.768013 0.442568 -0.746649
v 0.343033 0.506282 -0.860557
v 0.224573 0.524526 -1.051253
v 0.215365 0.529596 -1.041260
v 0.232106 0.549878 -1.046564
v 0.522201 0.533072 -0.665542
v 0.935253 0.490205 -0.423501
v 0.612591 0.725016 -0.658424
v 0.771611 0.551835 -0.469963
v 0.789572 0.557476 -0.482803
v 0.529216 0.473638 -0.900136
v 0.736969 0.556960 -0.589567
v 0.882423 0.527482 -0.421828
v 0.912708 0.517412 -0.402161
v 0.400241 0.416433 -0.604660
v 0.219768 0.507468 -1.030940
v 0.583036 0.651356 -0.676368
v 0.259006 0.438429 -0.881511
v 0.247337 0.423090 -0.867055
v 0.372477 0.376133 -0.652253
v 0.368833 0.395649 -0.683844
v 0.762396 0.540081 -0.603738
v 0.778052 0.540867 -0.581454
v 0.564747 0.530192 -0.747382
v 0.767350 0.411282 -0.266670
v 0.791357 0.423041 -0.279735
v 0.215190 0.460442 -1.043453
v 0.451481 0.526596 -0.812635
v 0.501854 0.530923 -0.780556
v 0.487705 0.453130 -0.982081
v 0.551662 0.472791 -0.883355
v 0.751084 0.420317 -0.272652
v 0.369394 0.392848 -0.639952
v 0.860584 0.399475 -0.336249
v 0.847426 0.374343 -0.336844
v 0.865726 0.368761 -0.363253
v 0.596389 0.628808 -0.711800
v 0.547160 0.618093 -0.645843
v 0.557828 0.630368 -0.621930
v 0.712070 0.549269 -0.501686
v 0.704624 0.562385 -0.547230
v 0.637067 0.663718 -0.630821
v 0.763276 0.541126 -0.440851
v 0.925354 0.483476 -0.448629
v 0.815880 0.550785 -0.471329
v 0.809165 0.446790 -0.308062
v 0.982507 0.443822 -0.503338
v 0.675369 0.680272 -0.626712
v 0.682586 0.654386 -0.637603
v 0.729555 0.540363 -0.466429
v 0.703842 0.536407 -0.479238
v 0.828261 0.429402 -0.306554
v 0.947630 0.472001 -0.412079
v 0.698481 0.619820 -0.609038
v 0.639119 0.627010 -0.717037
v 0.614514 0.627567 -0.720426
v 0.615097 0.649524 -0.697408
v 0.680738 0.540023 -0.498003
v 0.775603 0.554983 -0.539098
v 0.633899 0.673520 -0.600478
v 0.576365 0.623599 -0.699985
v 0.652876 0.673662 -0.650624
v 0.644231 0.643266 -0.704971
v 0.724820 0.557432 -0.522886
v 0.225883 0.491878 -1.015640
v 0.589490 0.435357 -0.909797
v 0.572520 0.444644 -0.914049
v 0.658842 0.680731 -0.678679
v 0.488405 0.426412 -0.992844
v 0.467434 0.401164 -0.990085
v 0.442410 0.403280 -1.017488
v 0.535080 0.426030 -0.958101
v 0.509076 0.426169 -0.971591
v 0.508953 0.450142 -0.962293
v 0.509036 0.439023 -0.978696
v 0.452072 0.420922 -1.016433
v 0.287320 0.500489 -1.029159
v 0.309226 0.490465 -1.023603
v 0.711144 0.568426 -0.572626
v 0.298777 0.454292 -0.812206
v 0.313750 0.477328 -0.827652
v 0.656427 0.645357 -0.695638
v 0.965209 0.423867 -0.578820
v 0.986877 0.412659 -0.566824
v 0.255586 0.536462 -1.041195
v 0.263516 0.562525 -1.034683
v 0.258610 0.569803 -0.976260
v 0.285709 0.567979 -0.951051
v 0.950321 0.429988 -0.417988
v 0.913741 0.405966 -0.383618
v 0.489935 0.467394 -0.945235
v 0.529154 0.443327 -0.945705
v 0.329085 0.471386 -0.795852
v 0.673075 0.814463 -0.656359
v 0.363188 0.434901 -0.678388
v 0.236506 0.462486 -1.053285
v 0.619442 0.717875 -0.620651
v 0.597056 0.732022 -0.616685
v 0.336052 0.488750 -0.821127
v 0.341084 0.473256 -0.779789
v 0.410683 0.520565 -0.822188
v 0.409411 0.526259 -0.842498
v 0.392188 0.509849 -0.812194
v 0.653202 0.399245 -0.340875
v 0.261649 0.478075 -1.043848
v 0.248029 0.488927 -1.044858
v 0.556806 0.633180 -0.643172
v 0.571286 0.642890 -0.627556
v 0.560608 0.628141 -0.661733
v 0.219812 0.547201 -1.024524
v 0.220659 0.554308 -1.046408
v 0.705070 0.419516 -0.838541
v 0.595899 0.650325 -0.681501
v 0.246720 0.543733 -1.045180
v 0.366884 0.517194 -0.855087
v 0.650643 0.706018 -0.683631
v 0.899006 0.410169 -0.660081
v 0.930819 0.412830 -0.628252
v 0.449382 0.504640 -0.905084
v 0.479742 0.530007 -0.784356
v 0.956115 0.452930 -0.411989
v 0.527061 0.445084 -0.933363
v 0.368186 0.523212 -0.878772
v 0.600156 0.428118 -0.425309
v 0.646151 0.659235 -0.690930
v 0.922957 0.389380 -0.407579
v 0.904618 0.362909 -0.411685
v 0.929678 0.360141 -0.442669
v 0.347274 0.426293 -0.732857
v 0.341307 0.442343 -0.746054
v 0.328906 0.452161 -0.780580
v 0.547210 0.614339 -0.675635
v 0.584510 0.718888 -0.612147
v 0.412505 0.410040 -1.031637
v 0.635192 0.406188 -0.365596
v 0.279643 0.429143 -0.915003
v 0.259479 0.417917 -0.896134
v 0.280265 0.440317 -0.917102
v 0.357144 0.501755 -0.827305
v 0.345192 0.440827 -0.714104
v 0.392095 0.530491 -0.874231
v 0.409957 0.528054 -0.874546
v 0.345142 0.430107 -0.983057
v 0.651508 0.728954 -0.595267
v 0.658648 0.719867 -0.606876
v 0.625592 0.734778 -0.612710
v 0.545982 0.500388 -0.566524
v 0.629261 0.721387 -0.626610
v 0.615338 0.697084 -0.627906
v 1.000407 0.414448 -0.539050
v 0.722933 0.417697 -0.288070
v 0.589209 0.461828 -0.876010
v 0.940380 0.370398 -0.447371
v 0.577129 0.638820 -0.637970
v 0.385277 0.404958 -0.615516
v 0.374091 0.525287 -0.896503
v 0.330943 0.428817 -0.753996
v 0.494600 0.402069 -0.965714
v 0.268262 0.571668 -1.024250
v 0.300422 0.459740 -1.015853
v 0.271396 0.465032 -1.039133
v 0.600921 0.608844 -0.560728
v 0.582984 0.616683 -0.578983
v 0.850599 0.536541 -0.416945
v 0.267287 0.508973 -1.036325
v 0.595832 0.693414 -0.597452
v 0.668559 0.665916 -0.615966
v 0.238354 0.510093 -0.989725
v 0.440534 0.526590 -0.847195
v 0.461766 0.516681 -0.862800
v 0.296579 0.437694 -0.800801
v 0.675056 0.649593 -0.672499
v 0.883514 0.429339 -0.324624
v 0.910602 0.432984 -0.322466
v 0.792086 0.467387 -0.331412
v 0.248133 0.555781 -0.973650
v 0.439618 0.517989 -0.879958
v 0.238939 0.576515 -1.001871
v 0.258724 0.586691 -1.001921
v 0.605447 0.478301 -0.822434
v 0.254305 0.498876 -0.969106
v 0.232491 0.483475 -1.006207
v 0.888542 0.388293 -0.373210
v 0.584891 0.637439 -0.681310
v 0.262947 0.497919 -0.945106
v 0.589993 0.648861 -0.611405
v 0.637290 0.462376 -0.829870
v 0.618633 0.456054 -0.863253
v 0.738913 0.561732 -0.530983
v 0.749848 0.552989 -0.492812
v 0.765675 0.560058 -0.518412
v 0.858293 0.536993 -0.431049
v 0.249144 0.474282 -0.972095
v 0.242508 0.460660 -0.978704
v 0.954742 0.397476 -0.435007
v 0.953773 0.417597 -0.420784
v 0.359301 0.400567 -0.704382
v 0.350998 0.422895 -0.712459
v 0.300868 0.418060 -0.931538
v 0.295957 0.393908 -0.922377
v 0.277071 0.409541 -0.912929
v 0.960194 0.412331 -0.595695
v 0.828976 0.545687 -0.448281
v 0.737622 0.407575 -0.274146
v 0.735393 0.385188 -0.275992
v 0.221375 0.530956 -1.021198
v 0.583073 0.725598 -0.595492
v 0.594648 0.741494 -0.604805
v 0.523281 0.531280 -0.747595
v 0.320848 0.391999 -0.929827
v 0.510823 0.397503 -0.481701
v 0.995334 0.428041 -0.497874
v 0.606016 0.630238 -0.573458
v 0.586137 0.639411 -0.588553
v 0.768699 0.399016 -0.266134
v 0.749116 0.466560 -0.340398
v 0.994746 0.431797 -0.521037
v 0.567058 0.519829 -0.564747
v 0.271755 0.391281 -0.898186
v 0.639951 0.361501 -0.876705
v 0.675731 0.387574 -0.870159
v 0.678897 0.355407 -0.834908
v 0.459072 0.520541 -0.776720
v 0.484611 0.522826 -0.747321
v 0.278465 0.417072 -0.801876
v 0.308611 0.417386 -0.766904
v 0.333366 0.409893 -0.734937
v 0.731855 0.561872 -0.561755
v 0.946417 0.456247 -0.335644
v 0.655614 0.609215 -0.722283
v 0.700174 0.379626 -0.839192
v 0.327453 0.380350 -0.949947
v 0.343862 0.386560 -0.964847
v 0.341297 0.358821 -0.952233
v 0.650329 0.395355 -0.895935
v 0.609563 0.376255 -0.902267
v 0.919434 0.464744 -0.315560
v 0.743098 0.403829 -0.814509
v 0.632305 0.375923 -0.896478
v 0.603683 0.398114 -0.909671
v 0.712624 0.369825 -0.816255
v 0.259638 0.392746 -0.880651
v 0.602559 0.780146 -0.666122
v 0.230687 0.555580 -1.003016
v 0.635091 0.693049 -0.613421
v 0.625670 0.696969 -0.582719
v 0.325527 0.460059 -1.003826
v 0.562467 0.613393 -0.703554
v 0.363605 0.374167 -0.979865
v 0.286033 0.580907 -0.991226
v 0.644900 0.695291 -0.623044
v 0.246211 0.448019 -0.984892
v 0.598143 0.657780 -0.634826
v 0.801831 0.413058 -0.282710
v 0.789314 0.390439 -0.274014
v 0.815379 0.399511 -0.288743
v 0.595106 0.801958 -0.663749
v 0.686297 0.815009 -0.605921
v 0.563289 0.795454 -0.637613
v 0.632808 0.777024 -0.696542
v 0.633989 0.762086 -0.720461
v 0.616087 0.775850 -0.707645
v 0.334384 0.459458 -0.763969
v 0.214720 0.563372 -1.037380
v 0.264777 0.400393 -0.810022
v 0.245398 0.402545 -0.846770
v 0.244424 0.404267 -0.864889
v 0.955303 0.456976 -0.352118
v 0.655587 0.662279 -0.653114
v 0.377638 0.374492 -0.677472
v 0.952320 0.461428 -0.426178
v 0.591386 0.791265 -0.684320
v 0.749717 0.432173 -0.284602
v 0.746213 0.389462 -0.799221
v 0.264855 0.459978 -0.944942
v 0.698555 0.807765 -0.606677
v 0.219126 0.571054 -1.041849
v 0.787450 0.408778 -0.768593
v 0.251205 0.539726 -0.972523
v 0.809129 0.310415 -0.430127
v 0.828444 0.307620 -0.452151
v 0.851628 0.321853 -0.431158
v 0.759399 0.339152 -0.712681
v 0.746477 0.328917 -0.692388
v 0.726977 0.335988 -0.732484
v 0.694694 0.292182 -0.542137
v 0.663938 0.305668 -0.524155
v 0.649201 0.300206 -0.557101
v 0.407645 0.360864 -0.701078
v 0.388229 0.379087 -0.707751
v 0.429167 0.357907 -0.740084
v 0.556671 0.329065 -0.545172
v 0.553314 0.323058 -0.569973
v 0.589732 0.317378 -0.554417
v 0.444320 0.346844 -0.730358
v 0.428058 0.339159 -0.689430
v 0.480806 0.320876 -0.735236
v 0.460812 0.329996 -0.711046
v 0.617778 0.297412 -0.712742
v 0.655201 0.303355 -0.695091
v 0.651905 0.295656 -0.673414
v 0.898289 0.340686 -0.576047
v 0.925505 0.335343 -0.528804
v 0.893650 0.333195 -0.555883
v 0.391873 0.338969 -0.857057
v 0.390099 0.330535 -0.886090
v 0.433035 0.324221 -0.872661
v 0.514326 0.302841 -0.727673
v 0.528257 0.298777 -0.735198
v 0.544377 0.292486 -0.717768
v 0.814489 0.295167 -0.507757
v 0.787021 0.287889 -0.511152
v 0.777550 0.295050 -0.544568
v 0.398905 0.333484 -0.903738
v 0.368051 0.336668 -0.918015
v 0.951524 0.344604 -0.528898
v 0.927659 0.336365 -0.493853
v 0.357641 0.337488 -0.897954
v 0.919843 0.444724 -0.316739
v 0.887405 0.320345 -0.488559
v 0.901266 0.323761 -0.512875
v 0.352106 0.347593 -0.859729
v 0.297480 0.361259 -0.875231
v 0.288829 0.373162 -0.895024
v 0.306456 0.376148 -0.904353
v 0.858007 0.309053 -0.510421
v 0.817628 0.303818 -0.534426
v 0.674434 0.326788 -0.436117
v 0.666695 0.339971 -0.396700
v 0.642496 0.336594 -0.437260
v 0.715746 0.320258 -0.692607
v 0.684247 0.313387 -0.699932
v 0.699924 0.329337 -0.736818
v 0.401265 0.386492 -1.020249
v 0.417267 0.389231 -1.021190
v 0.428131 0.376193 -0.996678
v 0.566681 0.285869 -0.713458
v 0.564657 0.291556 -0.702109
v 0.636473 0.317973 -0.507911
v 0.614234 0.324895 -0.504464
v 0.624115 0.310696 -0.544564
v 0.501294 0.314894 -0.720715
v 0.530142 0.303126 -0.699084
v 0.262332 0.379059 -0.870061
v 0.515354 0.368511 -0.897091
v 0.483070 0.350383 -0.878005
v 0.489411 0.362646 -0.911589
v 0.335035 0.407529 -0.959427
v 0.320794 0.419341 -0.961115
v 0.647509 0.309742 -0.724275
v 0.731622 0.288506 -0.522487
v 0.726954 0.283012 -0.554935
v 0.753687 0.334981 -0.336613
v 0.727289 0.344990 -0.326260
v 0.726073 0.332476 -0.364872
v 0.605259 0.303895 -0.747457
v 0.878324 0.323692 -0.539715
v 0.568163 0.335396 -0.512313
v 0.533845 0.346965 -0.515768
v 0.697150 0.307040 -0.491203
v 0.700653 0.298057 -0.518313
v 0.500490 0.353691 -0.534710
v 0.519219 0.335860 -0.558411
v 0.671310 0.323178 -0.745658
v 0.932245 0.393994 -0.607910
v 0.917013 0.364667 -0.605124
v 0.883140 0.359733 -0.628963
v 0.761232 0.292282 -0.469842
v 0.782369 0.294752 -0.455605
v 0.770320 0.302665 -0.428291
v 0.746373 0.324323 -0.372843
v 0.722904 0.321460 -0.402709
v 0.519501 0.358850 -0.869391
v 0.554744 0.374436 -0.890288
v 0.422961 0.329818 -0.907312
v 0.776076 0.320896 -0.373305
v 0.750659 0.311852 -0.410268
v 0.787767 0.313114 -0.403293
v 0.810437 0.314122 -0.575629
v 0.843010 0.312786 -0.538797
v 0.442450 0.325155 -0.903731
v 0.322083 0.353506 -0.866235
v 0.294446 0.367007 -0.843130
v 0.452969 0.329160 -0.882818
v 0.737669 0.295665 -0.489525
v 0.583104 0.366476 -0.890053
v 0.563792 0.356668 -0.866410
v 0.588166 0.290339 -0.718869
v 0.784056 0.339426 -0.690630
v 0.768966 0.348167 -0.730453
v 0.681158 0.288560 -0.566768
v 0.953554 0.350422 -0.488853
v 0.561802 0.292567 -0.739545
v 0.470596 0.319389 -0.683572
v 0.490295 0.316341 -0.699904
v 0.839590 0.324349 -0.580280
v 0.713189 0.315288 -0.435207
v 0.693469 0.330117 -0.401227
v 0.717410 0.306324 -0.468982
v 0.690732 0.316791 -0.458417
v 0.751386 0.284412 -0.527143
v 0.387123 0.349969 -0.940621
v 0.374749 0.362714 -0.969701
v 0.402826 0.366882 -0.985672
v 0.383682 0.401527 -1.023544
v 0.705086 0.283334 -0.561617
v 0.635396 0.365450 -0.390786
v 0.620395 0.358105 -0.412088
v 0.603418 0.347450 -0.443602
v 0.814236 0.360006 -0.706847
v 0.340770 0.343283 -0.889002
v 0.320413 0.354670 -0.899781
v 0.664596 0.316049 -0.490656
v 0.918295 0.498008 -0.449204
v 0.589543 0.343948 -0.856648
v 0.611120 0.336450 -0.842993
v 0.591048 0.325775 -0.815686
v 0.363399 0.352502 -0.947258
v 0.859469 0.308508 -0.492421
v 0.821407 0.296194 -0.483339
v 0.598418 0.770719 -0.706089
v 0.587184 0.765860 -0.695700
v 0.596582 0.762229 -0.689090
v 0.752227 0.298720 -0.584340
v 0.783628 0.304106 -0.569308
v 0.611929 0.742819 -0.588871
v 0.621272 0.728549 -0.569489
v 0.633386 0.733741 -0.581937
v 0.807994 0.378523 -0.291412
v 0.819629 0.376015 -0.307969
v 0.605315 0.662913 -0.672899
v 0.611880 0.663700 -0.658355
v 0.860585 0.335471 -0.596761
v 0.284729 0.437461 -0.947111
v 0.257530 0.436131 -0.983811
v 0.279984 0.432352 -0.971615
v 0.969330 0.352527 -0.513491
v 0.831967 0.325340 -0.402277
v 0.662260 0.289955 -0.581194
v 0.679565 0.281887 -0.593967
v 0.627963 0.296060 -0.592355
v 0.639462 0.288539 -0.607716
v 0.441685 0.340984 -0.924529
v 0.503495 0.333235 -0.582803
v 0.535844 0.320467 -0.596440
v 0.393346 0.372418 -0.723925
v 0.365227 0.382558 -0.727067
v 1.006113 0.406687 -0.516403
v 0.997229 0.410241 -0.486811
v 0.854367 0.337458 -0.385726
v 0.817158 0.342660 -0.341557
v 0.815340 0.328744 -0.379240
v 0.859159 0.315545 -0.462597
v 0.701293 0.286224 -0.595797
v 0.607833 0.712049 -0.666740
v 0.506615 0.313676 -0.750983
v 0.421218 0.365154 -0.973132
v 0.419027 0.350098 -0.940900
v 0.606313 0.649903 -0.679962
v 0.804912 0.297263 -0.463619
v 0.792500 0.285946 -0.489702
v 0.609005 0.339410 -0.461837
v 0.565170 0.346652 -0.484089
v 0.593953 0.335005 -0.488668
v 0.607200 0.303513 -0.586559
v 0.582215 0.310188 -0.587058
v 0.585679 0.299840 -0.620707
v 0.270003 0.426938 -0.996897
v 0.238830 0.436171 -1.013816
v 0.237591 0.436715 -1.033250
v 0.570237 0.287950 -0.682778
v 0.906697 0.345921 -0.430760
v 0.858913 0.331258 -0.407648
v 0.378039 0.369856 -0.751714
v 0.606626 0.282200 -0.671928
v 0.831032 0.353062 -0.677727
v 0.922785 0.352694 -0.580187
v 0.490714 0.345030 -0.848809
v 0.646730 0.706379 -0.614248
v 0.659368 0.708363 -0.606959
v 0.641268 0.329521 -0.466163
v 0.739673 0.303925 -0.449320
v 0.869308 0.350015 -0.632159
v 0.899525 0.331062 -0.464669
v 0.542375 0.358449 -0.857668
v 0.891277 0.333483 -0.443049
v 0.445359 0.328240 -0.674315
v 0.410159 0.343639 -0.650987
v 0.614515 0.288220 -0.684913
v 0.642919 0.282672 -0.626696
v 0.676841 0.287091 -0.623573
v 0.304625 0.424919 -0.966614
v 0.297089 0.427040 -0.982139
v 0.820305 0.327799 -0.612708
v 0.840672 0.341174 -0.637378
v 0.342855 0.341040 -0.916782
v 0.483423 0.334075 -0.597337
v 0.505917 0.321891 -0.618519
v 0.516031 0.302770 -0.684614
v 0.598115 0.742666 -0.677764
v 0.981743 0.407875 -0.455142
v 0.605936 0.775159 -0.691519
v 0.609100 0.760630 -0.671046
v 0.611121 0.288605 -0.635759
v 0.552452 0.308114 -0.623001
v 0.484264 0.328386 -0.756373
v 0.619101 0.697297 -0.666172
v 0.488782 0.318970 -0.648833
v 0.510351 0.310404 -0.657585
v 0.769365 0.283435 -0.502953
v 0.647588 0.655202 -0.596631
v 0.569438 0.336611 -0.834298
v 0.542253 0.341868 -0.823801
v 0.646515 0.347489 -0.399960
v 0.477483 0.337309 -0.766509
v 0.448191 0.345747 -0.767623
v 0.321087 0.361213 -0.840063
v 0.465051 0.332898 -0.843878
v 0.704278 0.339346 -0.361642
v 0.738125 0.289101 -0.565626
v 0.734072 0.298989 -0.604872
v 0.453831 0.333045 -0.854176
v 0.317479 0.437061 -0.993387
v 0.382247 0.391454 -1.017214
v 0.351927 0.402144 -0.986983
v 0.348224 0.407709 -1.003226
v 0.683831 0.334636 -0.771423
v 0.731641 0.346872 -0.763464
v 0.269040 0.374016 -0.858367
v 0.587427 0.309054 -0.778615
v 0.543284 0.296311 -0.675661
v 0.603733 0.648006 -0.673520
v 0.358306 0.366919 -0.785553
v 0.377425 0.364708 -0.770435
v 0.846770 0.414712 -0.314460
v 0.834412 0.392250 -0.308692
v 0.259485 0.434131 -1.028141
v 0.617192 0.663318 -0.637642
v 0.631057 0.669310 -0.617250
v 0.630563 0.661940 -0.626521
v 0.410955 0.357398 -0.763418
v 0.624104 0.682084 -0.627123
v 0.636953 0.708413 -0.631241
v 0.632461 0.315661 -0.759503
v 0.414337 0.335705 -0.844728
v 0.388321 0.348956 -0.821739
v 0.717156 0.300376 -0.627690
v 0.684738 0.295702 -0.643579
v 0.696426 0.306720 -0.667357
v 0.730102 0.313228 -0.657556
v 0.931649 0.418167 -0.378747
v 0.469510 0.333288 -0.617163
v 0.628190 0.702054 -0.627350
v 0.396021 0.353453 -0.791363
v 0.478005 0.331958 -0.789068
v 0.499423 0.326189 -0.788094
v 0.450268 0.373642 -0.971044
v 0.439173 0.330335 -0.842404
v 0.801224 0.328717 -0.636461
v 0.769072 0.322328 -0.648558
v 0.776185 0.312361 -0.606178
v 0.251204 0.506287 -0.971320
v 0.590504 0.326358 -0.521693
v 0.619628 0.670905 -0.657163
v 0.793120 0.332836 -0.349523
v 0.800330 0.359010 -0.303429
v 0.780096 0.339977 -0.325459
v 0.885249 0.400232 -0.352922
v 0.871294 0.412187 -0.334988
v 0.755833 0.349824 -0.300777
v 0.797560 0.334599 -0.660981
v 0.911918 0.422867 -0.342499
v 0.936155 0.428650 -0.343466
v 0.967741 0.356242 -0.535470
v 0.616982 0.654797 -0.652382
v 0.744951 0.310814 -0.634869
v 0.538348 0.312762 -0.768297
v 0.519969 0.330752 -0.790418
v 0.545841 0.326411 -0.798490
v 0.641575 0.725504 -0.634783
v 0.587458 0.287899 -0.659166
v 0.543289 0.301641 -0.655191
v 0.356178 0.356990 -0.827446
v 0.523784 0.350586 -0.844538
v 0.504420 0.337333 -0.818546
v 0.654223 0.330890 -0.789282
v 0.707384 0.350113 -0.795163
v 0.639524 0.349551 -0.860234
v 0.609009 0.357907 -0.884907
v 0.439630 0.337009 -0.634711
v 0.463458 0.325387 -0.652596
v 0.642865 0.285275 -0.648960
v 0.389293 0.356439 -0.662364
v 0.384741 0.365634 -0.632956
v 0.408195 0.345140 -0.815656
v 0.610947 0.723583 -0.674038
v 0.561217 0.306936 -0.771130
v 0.576465 0.319491 -0.801937
v 0.669374 0.829579 -0.635604
v 0.336904 0.340486 -0.934711
v 0.351595 0.345436 -0.941529
v 0.600515 0.721757 -0.662227
v 0.665141 0.344262 -0.822781
v 0.432441 0.345037 -0.789533
v 0.452605 0.332301 -0.817419
v 0.429400 0.337695 -0.815249
v 0.477574 0.331127 -0.816706
v 0.297742 0.373735 -0.817708
v 0.922887 0.341636 -0.463107
v 0.563785 0.761626 -0.668267
v 0.323273 0.371608 -0.804843
v 0.375017 0.338600 -0.868556
v 0.611293 0.690215 -0.652290
v 0.637008 0.680858 -0.638170
v 0.632978 0.707012 -0.638752
v 0.632468 0.338187 -0.834883
v 0.623535 0.325381 -0.801292
v 0.585554 0.711339 -0.583204
v 0.348543 0.365493 -0.799396
v 0.305395 0.425663 -0.943152
v 0.473737 0.369813 -0.944200
v 0.439959 0.360697 -0.951323
v 0.236007 0.446499 -1.051103
v 0.218750 0.451918 -1.048605
v 0.310447 0.385587 -0.781940
v 0.288638 0.385947 -0.802096
v 0.323085 0.350024 -0.921533
v 0.761427 0.362275 -0.281097
v 0.777193 0.356307 -0.290222
v 0.613524 0.767066 -0.659771
v 0.413974 0.349570 -0.621890
v 0.267417 0.381748 -0.832349
v 0.702325 0.820715 -0.640934
v 0.679427 0.830000 -0.619317
v 0.701403 0.822328 -0.618973
v 0.286671 0.429040 -1.002042
v 0.384688 0.389026 -0.612518
v 0.336968 0.379051 -0.765971
v 0.539576 0.400155 -0.927782
v 0.462358 0.344175 -0.920949
v 0.338155 0.416132 -0.982458
v 0.930038 0.419359 -0.357856
v 0.902889 0.408629 -0.355302
v 0.601397 0.771013 -0.677138
v 0.541957 0.387401 -0.916624
v 0.510633 0.381362 -0.930976
v 0.752553 0.355406 -0.764010
v 0.477846 0.343613 -0.572155
v 0.449349 0.345474 -0.595831
v 0.386071 0.373156 -0.996656
v 0.647746 0.704441 -0.598297
v 0.354367 0.428051 -0.693552
v 0.578847 0.404494 -0.911114
v 0.549217 0.385404 -0.900506
v 0.423661 0.392863 -0.565339
v 0.703974 0.400865 -0.289597
v 0.956978 0.393032 -0.591206
v 0.648186 0.718490 -0.581465
v 0.479602 0.440352 -1.001787
v 0.983811 0.394714 -0.566928
v 0.770483 0.382678 -0.769035
v 0.802488 0.392210 -0.746336
v 0.789146 0.364750 -0.737462
v 0.819062 0.378212 -0.719462
v 0.651374 0.746353 -0.707409
v 0.655684 0.752930 -0.688484
v 0.363799 0.391686 -0.987848
v 0.402243 0.369130 -0.611243
v 0.762564 0.375502 -0.272667
v 0.324708 0.393970 -0.946974
v 0.429336 0.368633 -0.585589
v 0.583503 0.648206 -0.602202
v 0.688990 0.371526 -0.330356
v 0.664903 0.385246 -0.339665
v 0.670577 0.356313 -0.365596
v 0.648450 0.769225 -0.683945
v 0.911201 0.385264 -0.631055
v 0.725682 0.415191 -0.825132
v 0.312339 0.375588 -0.928728
v 0.227854 0.517101 -1.015942
v 0.612709 0.747028 -0.606596
v 0.246661 0.525401 -0.981965
v 0.632670 0.658911 -0.593933
v 0.654029 0.375395 -0.362306
v 0.628477 0.780284 -0.682307
v 0.618677 0.767150 -0.667274
v 0.537646 0.533095 -0.725632
v 0.635535 0.740435 -0.715016
v 0.616464 0.749353 -0.723213
v 0.608682 0.765219 -0.720970
v 1.000073 0.393015 -0.542131
v 1.003658 0.390436 -0.520296
v 0.583868 0.427536 -0.907510
v 0.508257 0.410868 -0.968608
v 0.541711 0.407738 -0.946488
v 0.475858 0.394844 -0.514065
v 0.878516 0.366305 -0.648055
v 0.861032 0.374538 -0.676367
v 0.883003 0.390823 -0.663189
v 0.611822 0.709208 -0.571066
v 0.593898 0.721743 -0.575988
v 0.624281 0.647307 -0.576477
v 0.836627 0.401398 -0.720279
v 0.629918 0.710738 -0.568573
v 0.458675 0.362487 -0.563176
v 0.536604 0.375423 -0.475862
v 0.314013 0.377791 -0.918581
v 0.969312 0.363715 -0.489797
v 0.553211 0.386160 -0.447492
v 0.579178 0.777546 -0.687626
v 0.555499 0.785045 -0.681275
v 0.549800 0.779801 -0.659973
v 0.558061 0.798872 -0.673404
v 0.569525 0.791860 -0.689408
v 0.585345 0.803372 -0.672697
v 0.270024 0.449202 -1.033171
v 0.878667 0.351159 -0.390678
v 0.689042 0.820006 -0.657392
v 0.707808 0.805096 -0.652981
v 0.949827 0.437034 -0.352965
v 0.933021 0.436645 -0.329429
v 0.818521 0.359360 -0.318313
v 0.587777 0.807405 -0.653666
v 0.318555 0.360297 -0.926716
v 0.680739 0.829977 -0.644566
v 0.550133 0.783775 -0.646428
v 0.550185 0.799285 -0.655913
v 0.561736 0.772903 -0.681723
v 0.630703 0.741379 -0.600063
v 0.598664 0.734200 -0.578950
v 0.515314 0.374343 -0.497201
v 0.957608 0.378651 -0.456019
v 0.473835 0.366650 -0.544189
v 0.653191 0.760964 -0.706765
v 0.742302 0.367286 -0.783598
v 0.582876 0.390155 -0.904406
v 0.551237 0.396598 -0.923087
v 0.596100 0.698180 -0.582597
v 0.987920 0.377308 -0.550071
v 0.988648 0.368457 -0.527509
v 0.647474 0.646586 -0.579619
v 0.573923 0.388287 -0.423413
v 0.249769 0.390210 -0.843232
v 0.567311 0.807832 -0.652521
v 0.292948 0.404176 -0.778677
v 0.624450 0.390576 -0.373530
v 0.295781 0.443217 -1.015261
v 0.279840 0.580002 -0.973051
v 0.977351 0.391162 -0.464734
v 0.733620 0.365864 -0.290682
v 0.475398 0.350858 -0.910386
v 0.706451 0.806671 -0.630450
v 0.263378 0.449929 -0.947244
v 0.846471 0.386463 -0.699393
v 0.273660 0.450505 -0.921884
v 0.708634 0.388249 -0.290534
v 0.787869 0.370611 -0.281166
v 0.991794 0.374840 -0.505715
v 0.844510 0.350061 -0.355353
v 0.607479 0.377464 -0.401485
v 0.997980 0.395710 -0.487681
v 0.982677 0.375681 -0.486174
v 0.954739 0.441398 -0.385154
v 0.564974 0.363852 -0.460669
v 0.957971 0.379241 -0.584314
v 0.484049 0.378701 -0.522126
v 0.594979 0.754532 -0.709790
v 0.478736 0.386076 -0.966335
v 0.447475 0.386122 -0.996001
v 0.906358 0.398359 -0.650298
v 0.588707 0.365388 -0.435276
v 0.306428 0.364132 -0.900692
v 0.859576 0.429612 -0.322869
v 0.342954 0.444611 -0.993611
v 0.222076 0.448584 -1.022755
v 0.702063 0.794392 -0.623186
v 0.699641 0.352034 -0.342802
v 0.698926 0.375714 -0.310297
v 0.749540 0.559393 -0.554315
v 0.935708 0.404864 -0.626462
v 0.348053 0.393463 -0.731989
v 0.674143 0.391989 -0.317181
v 0.323772 0.397173 -0.754701
v 0.721700 0.355851 -0.314475
v 0.525549 0.394867 -0.945901
v 0.958328 0.364499 -0.562262
v 0.512317 0.398213 -0.952870
vt 0.004776 0.997291
vt 0.009574 0.973755
vt 0.017044 0.977575
vt 0.036285 0.974364
vt 0.031187 0.997392
vt 0.025439 0.990237
vt 0.070404 0.975334
vt 0.045616 0.997463
vt 0.050149 0.985349
vt 0.104584 0.975334
vt 0.105708 0.991383
vt 0.079795 0.997463
vt 0.118747 0.975991
vt 0.132981 0.983228
vt 0.114512 0.997245
vt 0.142230 0.983581
vt 0.161716 0.975991
vt 0.157480 0.997245
vt 0.170167 0.996279
vt 0.171572 0.977420
vt 0.175975 0.997761
vt 0.211832 0.980408
vt 0.192551 0.997218
vt 0.185211 0.977521
vt 0.220400 0.977420
vt 0.235064 0.988300
vt 0.224803 0.997761
vt 0.243747 0.989981
vt 0.250641 0.977521
vt 0.257981 0.997218
vt 0.274878 0.978507
vt 0.281476 0.997486
vt 0.266902 0.984383
vt 0.292979 0.997676
vt 0.290915 0.978655
vt 0.307269 0.992535
vt 0.324377 0.978562
vt 0.326308 0.997336
vt 0.315791 0.988073
vt 0.335111 0.986065
vt 0.348532 0.978655
vt 0.350596 0.997676
vt 0.384282 0.985398
vt 0.366437 0.997486
vt 0.359839 0.978507
vt 0.393080 0.997643
vt 0.394184 0.979104
vt 0.409433 0.992769
vt 0.435524 0.997518
vt 0.418433 0.987230
vt 0.439916 0.979199
vt 0.461155 0.991866
vt 0.449196 0.997518
vt 0.453588 0.979199
vt 0.469972 0.978932
vt 0.475779 0.980413
vt 0.470006 0.997550
vt 0.484385 0.984246
vt 0.498676 0.979104
vt 0.497572 0.997643
vt 0.513365 0.978823
vt 0.512853 0.997588
vt 0.507630 0.987712
vt 0.537597 0.997246
vt 0.522076 0.980348
vt 0.540391 0.979628
vt 0.555383 0.979695
vt 0.564071 0.997600
vt 0.549709 0.990188
vt 0.573086 0.997386
vt 0.577461 0.979695
vt 0.581520 0.990510
vt 0.590539 0.979695
vt 0.600127 0.983671
vt 0.599227 0.997600
vt 0.625722 0.990416
vt 0.613868 0.997571
vt 0.608888 0.979722
vt 0.647950 0.979722
vt 0.652930 0.997571
vt 0.634287 0.993743
vt 0.672690 0.990207
vt 0.661621 0.997246
vt 0.664414 0.979628
vt 0.681129 0.997303
vt 0.681326 0.980403
vt 0.692109 0.984531
vt 0.719644 0.980408
vt 0.715829 0.990603
vt 0.700364 0.997218
vt 0.728306 0.997289
vt 0.739839 0.980131
vt 0.741857 0.990928
vt 0.761850 0.991110
vt 0.750280 0.997550
vt 0.756053 0.980413
vt 0.784642 0.995999
vt 0.771102 0.997600
vt 0.784792 0.980302
vt 0.796014 0.980360
vt 0.800204 0.987579
vt 0.793591 0.997627
vt 0.821932 0.980075
vt 0.821417 0.995108
vt 0.808737 0.997714
vt 0.844393 0.980075
vt 0.831198 0.997714
vt 0.830322 0.982356
vt 0.866823 0.980302
vt 0.853133 0.997600
vt 0.854033 0.983671
vt 0.875025 0.980913
vt 0.887910 0.997302
vt 0.877056 0.997346
vt 0.896610 0.988423
vt 0.922297 0.980802
vt 0.919987 0.997716
vt 0.952886 0.989042
vt 0.930729 0.997716
vt 0.933039 0.980802
vt 0.960964 0.997560
vt 0.967255 0.980848
vt 0.977972 0.987976
vt 0.024197 0.963253
vt 0.012645 0.969123
vt 0.004628 0.952363
vt 0.038085 0.969123
vt 0.033049 0.964524
vt 0.042724 0.951913
vt 0.072309 0.958193
vt 0.051577 0.969108
vt 0.065882 0.952109
vt 0.094208 0.952309
vt 0.087917 0.969020
vt 0.081536 0.957113
vt 0.118967 0.952028
vt 0.123583 0.968994
vt 0.103173 0.956065
vt 0.140444 0.969108
vt 0.132425 0.960943
vt 0.154749 0.952109
vt 0.190846 0.952145
vt 0.182105 0.969006
vt 0.163526 0.961849
vt 0.211938 0.968108
vt 0.200195 0.969123
vt 0.204833 0.951913
vt 0.241460 0.964946
vt 0.221364 0.968772
vt 0.229265 0.952153
vt 0.267351 0.952153
vt 0.259450 0.968772
vt 0.250433 0.957198
vt 0.275855 0.969006
vt 0.284596 0.952145
vt 0.288047 0.960092
vt 0.308339 0.952363
vt 0.316356 0.969123
vt 0.296485 0.959518
vt 0.324243 0.952373
vt 0.334559 0.952993
vt 0.337129 0.968762
vt 0.362849 0.956091
vt 0.346919 0.968999
vt 0.345795 0.952950
vt 0.391710 0.952911
vt 0.378930 0.968668
vt 0.371826 0.952473
vt 0.400774 0.968697
vt 0.409262 0.952936
vt 0.408120 0.968693
vt 0.418942 0.968820
vt 0.432707 0.952491
vt 0.431345 0.961211
vt 0.466887 0.952491
vt 0.453122 0.968820
vt 0.442298 0.960766
vt 0.491590 0.969151
vt 0.475973 0.963877
vt 0.486259 0.952721
vt 0.517042 0.952895
vt 0.517814 0.964798
vt 0.500434 0.969109
vt 0.540601 0.952592
vt 0.535659 0.969110
vt 0.526592 0.956298
vt 0.549297 0.968774
vt 0.552965 0.952748
vt 0.561591 0.965623
vt 0.570600 0.959030
vt 0.586996 0.952936
vt 0.578508 0.968697
vt 0.626417 0.952895
vt 0.609809 0.969109
vt 0.596266 0.958747
vt 0.650892 0.966306
vt 0.635729 0.969006
vt 0.637706 0.952908
vt 0.669859 0.959899
vt 0.660106 0.969058
vt 0.664111 0.952744
vt 0.694464 0.952578
vt 0.696493 0.968848
vt 0.677970 0.967377
vt 0.710523 0.952592
vt 0.724067 0.962954
vt 0.705581 0.969110
vt 0.745226 0.952911
vt 0.757585 0.963579
vt 0.732445 0.968668
vt 0.791026 0.952908
vt 0.789049 0.969006
vt 0.766200 0.961352
vt 0.800454 0.953381
vt 0.825728 0.963049
vt 0.813281 0.968874
vt 0.848911 0.953391
vt 0.855578 0.968906
vt 0.834793 0.957573
vt 0.873928 0.962209
vt 0.868776 0.968715
vt 0.864514 0.953525
vt 0.986940 0.981980
vt 0.994840 0.988981
vt 0.986790 0.997678
vt 0.881896 0.968670
vt 0.886813 0.959743
vt 0.901848 0.953195
vt 0.921416 0.969122
vt 0.911828 0.965145
vt 0.910257 0.953161
vt 0.930619 0.953965
vt 0.940582 0.953100
vt 0.929736 0.968972
vt 0.949981 0.967613
vt 0.949868 0.953381
vt 0.962695 0.968874
vt 0.027765 0.947098
vt 0.004549 0.938353
vt 0.032987 0.931536
vt 0.977649 0.968906
vt 0.970982 0.953391
vt 0.986720 0.956485
vt 0.057252 0.946890
vt 0.041725 0.942372
vt 0.052991 0.931701
vt 0.078375 0.931370
vt 0.078112 0.947324
vt 0.066044 0.943023
vt 0.096332 0.931346
vt 0.096873 0.947377
vt 0.087497 0.938805
vt 0.123575 0.931371
vt 0.110529 0.947150
vt 0.105812 0.938224
vt 0.132258 0.947098
vt 0.137479 0.931536
vt 0.150226 0.937786
vt 0.170855 0.931308
vt 0.168028 0.946922
vt 0.158650 0.938396
vt 0.179674 0.947324
vt 0.179937 0.931370
vt 0.195645 0.938786
vt 0.204202 0.931336
vt 0.228151 0.943928
vt 0.215361 0.947297
vt 0.236388 0.946846
vt 0.256341 0.931371
vt 0.248743 0.940910
vt 0.282463 0.931782
vt 0.267701 0.947152
vt 0.265083 0.936093
vt 0.291274 0.938946
vt 0.302624 0.931946
vt 0.305956 0.947335
vt 0.332995 0.931829
vt 0.334744 0.947025
vt 0.315175 0.936135
vt 0.354016 0.947236
vt 0.343137 0.936596
vt 0.374247 0.932219
vt 0.383746 0.946977
vt 0.389561 0.932080
vt 0.391123 0.941265
vt 0.409137 0.946977
vt 0.400284 0.940212
vt 0.414951 0.932080
vt 0.431836 0.939229
vt 0.427614 0.946968
vt 0.423316 0.931975
vt 0.441296 0.931946
vt 0.459068 0.938288
vt 0.444628 0.947335
vt 0.470486 0.947025
vt 0.468737 0.931829
vt 0.492085 0.941243
vt 0.531253 0.935544
vt 0.500463 0.947302
vt 0.511363 0.932257
vt 0.540162 0.947152
vt 0.554924 0.931782
vt 0.567836 0.937118
vt 0.601328 0.943782
vt 0.576672 0.947236
vt 0.596903 0.932219
vt 0.631480 0.932257
vt 0.620580 0.947302
vt 0.610078 0.942561
vt 0.639722 0.946983
vt 0.647741 0.932637
vt 0.652293 0.941217
vt 0.660392 0.947232
vt 0.664206 0.935039
vt 0.676885 0.932433
vt 0.706589 0.938556
vt 0.688232 0.947380
vt 0.685712 0.932719
vt 0.738128 0.932589
vt 0.731442 0.947231
vt 0.715757 0.933615
vt 0.746483 0.940096
vt 0.764745 0.932625
vt 0.760391 0.947217
vt 0.774263 0.942989
vt 0.779472 0.932526
vt 0.793439 0.947382
vt 0.839231 0.941633
vt 0.802053 0.946941
vt 0.815185 0.932831
vt 0.858733 0.932819
vt 0.862474 0.947118
vt 0.848384 0.935543
vt 0.904294 0.940516
vt 0.875108 0.947315
vt 0.871654 0.932797
vt 0.928677 0.946992
vt 0.912119 0.941497
vt 0.927237 0.932390
vt 0.949671 0.947317
vt 0.937206 0.946175
vt 0.937726 0.932573
vt 0.960188 0.947013
vt 0.958590 0.932543
vt 0.983935 0.937310
vt 0.022073 0.912259
vt 0.005826 0.926287
vt 0.004385 0.911685
vt 0.036099 0.926331
vt 0.030860 0.920422
vt 0.034228 0.911755
vt 0.044481 0.926678
vt 0.064461 0.912139
vt 0.069193 0.924222
vt 0.093596 0.911922
vt 0.086038 0.926581
vt 0.078098 0.918086
vt 0.125108 0.926610
vt 0.101733 0.912852
vt 0.121654 0.912092
vt 0.134415 0.926512
vt 0.138769 0.911920
vt 0.150106 0.917751
vt 0.158483 0.918087
vt 0.170053 0.911647
vt 0.163036 0.926667
vt 0.207763 0.912126
vt 0.194632 0.926235
vt 0.179394 0.916425
vt 0.221239 0.926678
vt 0.216447 0.916499
vt 0.241219 0.912139
vt 0.257659 0.911884
vt 0.280328 0.917923
vt 0.250973 0.926526
vt 0.289288 0.911867
vt 0.312494 0.918277
vt 0.301234 0.926612
vt 0.342975 0.911809
vt 0.335240 0.922054
vt 0.321121 0.926235
vt 0.359221 0.911922
vt 0.364257 0.916521
vt 0.351663 0.926581
vt 0.388952 0.911931
vt 0.380933 0.926278
vt 0.372230 0.922399
vt 0.441201 0.918732
vt 0.411603 0.926676
vt 0.397636 0.911821
vt 0.470458 0.926675
vt 0.449569 0.919846
vt 0.467938 0.912014
vt 0.484297 0.926533
vt 0.479249 0.911677
vt 0.491137 0.922560
vt 0.499552 0.926152
vt 0.517397 0.912589
vt 0.509181 0.926020
vt 0.532755 0.926152
vt 0.526333 0.918453
vt 0.550600 0.912589
vt 0.571825 0.918687
vt 0.558907 0.926313
vt 0.561733 0.912148
vt 0.591990 0.921076
vt 0.580093 0.926626
vt 0.582614 0.912504
vt 0.635255 0.912570
vt 0.621591 0.926591
vt 0.601502 0.920656
vt 0.651831 0.926465
vt 0.644362 0.912301
vt 0.660169 0.919079
vt 0.680380 0.926145
vt 0.669042 0.920314
vt 0.687621 0.912363
vt 0.710717 0.925009
vt 0.696947 0.926404
vt 0.698420 0.912455
vt 0.729522 0.912307
vt 0.732886 0.926397
vt 0.719670 0.919423
vt 0.741441 0.912531
vt 0.749494 0.915021
vt 0.741298 0.926358
vt 0.758218 0.918644
vt 0.778666 0.912686
vt 0.770123 0.926627
vt 0.796290 0.913956
vt 0.806374 0.912316
vt 0.787219 0.926377
vt 0.815372 0.913249
vt 0.833185 0.912455
vt 0.831713 0.926404
vt 0.841919 0.921350
vt 0.866044 0.912253
vt 0.855590 0.926353
vt 0.874277 0.926177
vt 0.892747 0.912159
vt 0.895146 0.923521
vt 0.904284 0.916720
vt 0.928506 0.912568
vt 0.927632 0.926133
vt 0.940799 0.926435
vt 0.936626 0.912595
vt 0.950351 0.915847
vt 0.980797 0.912653
vt 0.962320 0.926479
vt 0.959317 0.919200
vt 0.029116 0.900837
vt 0.004849 0.906701
vt 0.021096 0.892673
vt 0.049941 0.902204
vt 0.037440 0.907058
vt 0.039423 0.892941
vt 0.058704 0.902608
vt 0.067117 0.892617
vt 0.069607 0.906833
vt 0.091488 0.906925
vt 0.078439 0.901222
vt 0.088574 0.892908
vt 0.104200 0.896137
vt 0.119105 0.893034
vt 0.099647 0.906686
vt 0.127075 0.906767
vt 0.137528 0.892667
vt 0.144738 0.898688
vt 0.154031 0.892617
vt 0.184282 0.899791
vt 0.156521 0.906833
vt 0.216446 0.905009
vt 0.193257 0.906548
vt 0.194131 0.892982
vt 0.224647 0.906686
vt 0.244105 0.893034
vt 0.253369 0.901583
vt 0.261730 0.901403
vt 0.286645 0.892823
vt 0.278114 0.906728
vt 0.313428 0.903032
vt 0.294965 0.906710
vt 0.297913 0.892946
vt 0.343648 0.892558
vt 0.340850 0.906711
vt 0.322049 0.898340
vt 0.358442 0.906710
vt 0.352015 0.900626
vt 0.361390 0.892946
vt 0.370810 0.906559
vt 0.378051 0.892778
vt 0.388645 0.897381
vt 0.406545 0.892918
vt 0.411578 0.906815
vt 0.396908 0.900919
vt 0.429057 0.893100
vt 0.446410 0.896559
vt 0.420513 0.907041
vt 0.455294 0.904592
vt 0.473842 0.892562
vt 0.471017 0.906727
vt 0.504197 0.900007
vt 0.485816 0.906812
vt 0.482452 0.892721
vt 0.533778 0.896709
vt 0.529926 0.906916
vt 0.513571 0.893037
vt 0.575659 0.906879
vt 0.542206 0.894775
vt 0.568190 0.892715
vt 0.584014 0.906711
vt 0.586812 0.892558
vt 0.605167 0.902282
vt 0.613391 0.906791
vt 0.632546 0.892730
vt 0.645927 0.903654
vt 0.677905 0.893266
vt 0.681396 0.906586
vt 0.655175 0.894020
vt 0.690243 0.900484
vt 0.702215 0.893423
vt 0.694671 0.906939
vt 0.727116 0.897561
vt 0.711527 0.906777
vt 0.715989 0.893215
vt 0.751466 0.893246
vt 0.746526 0.906834
vt 0.735809 0.899707
vt 0.778206 0.898462
vt 0.769008 0.906728
vt 0.760381 0.893656
vt 0.803647 0.893324
vt 0.819333 0.906940
vt 0.786693 0.899222
vt 0.827957 0.893219
vt 0.848742 0.904553
vt 0.829213 0.907010
vt 0.871496 0.893645
vt 0.871656 0.903347
vt 0.857647 0.907053
vt 0.880066 0.903001
vt 0.899398 0.893304
vt 0.900030 0.906899
vt 0.908762 0.906996
vt 0.909179 0.894137
vt 0.920922 0.893122
vt 0.947011 0.907036
vt 0.930177 0.896342
vt 0.958605 0.893502
vt 0.990174 0.893236
vt 0.981069 0.907056
vt 0.967045 0.900691
vt 0.004634 0.878277
vt 0.023767 0.874177
vt 0.019997 0.887922
vt 0.046976 0.887688
vt 0.032913 0.874245
vt 0.052308 0.877749
vt 0.061097 0.878308
vt 0.078351 0.874374
vt 0.077831 0.887977
vt 0.109544 0.874189
vt 0.105081 0.887751
vt 0.087710 0.887886
vt 0.131518 0.887925
vt 0.118960 0.885169
vt 0.139692 0.874254
vt 0.148529 0.881246
vt 0.159353 0.874474
vt 0.188831 0.887783
vt 0.197825 0.887970
vt 0.209984 0.874096
vt 0.218828 0.884597
vt 0.228383 0.887035
vt 0.247685 0.874630
vt 0.256313 0.887701
vt 0.285815 0.877293
vt 0.265041 0.887967
vt 0.273257 0.874536
vt 0.302149 0.887655
vt 0.294147 0.874316
vt 0.312233 0.886015
vt 0.320569 0.888052
vt 0.334085 0.874257
vt 0.335656 0.886242
vt 0.367296 0.887998
vt 0.347412 0.887559
vt 0.343920 0.874239
vt 0.377569 0.887872
vt 0.376937 0.874278
vt 0.390720 0.882089
vt 0.415048 0.874207
vt 0.428886 0.887758
vt 0.399583 0.880822
vt 0.437696 0.874316
vt 0.448280 0.882999
vt 0.442895 0.887534
vt 0.457310 0.884561
vt 0.465046 0.874316
vt 0.473048 0.887655
vt 0.505541 0.887792
vt 0.481815 0.881387
vt 0.489200 0.874637
vt 0.527519 0.887758
vt 0.513680 0.874207
vt 0.542686 0.874912
vt 0.568132 0.882763
vt 0.551214 0.887808
vt 0.556154 0.874220
vt 0.581250 0.874316
vt 0.586450 0.887534
vt 0.577028 0.882055
vt 0.595388 0.888070
vt 0.618574 0.874356
vt 0.627573 0.881893
vt 0.635928 0.881083
vt 0.653699 0.874137
vt 0.644779 0.887676
vt 0.672788 0.874281
vt 0.672905 0.888010
vt 0.663036 0.883439
vt 0.682362 0.888010
vt 0.693957 0.874476
vt 0.700182 0.883704
vt 0.716847 0.887914
vt 0.708625 0.876329
vt 0.730154 0.874387
vt 0.771585 0.874257
vt 0.758069 0.888052
vt 0.738284 0.878465
vt 0.780677 0.881481
vt 0.790725 0.874245
vt 0.804788 0.887688
vt 0.829460 0.877549
vt 0.814122 0.887732
vt 0.813486 0.874278
vt 0.838338 0.888033
vt 0.841690 0.874179
vt 0.850543 0.880945
vt 0.858572 0.874474
vt 0.888124 0.883952
vt 0.888049 0.887783
vt 0.906189 0.874209
vt 0.926279 0.880144
vt 0.897085 0.888030
vt 0.950857 0.888070
vt 0.935491 0.880634
vt 0.974043 0.874356
vt 0.019737 0.867107
vt 0.004565 0.869459
vt 0.012739 0.855787
vt 0.049231 0.856152
vt 0.035381 0.869560
vt 0.028349 0.858166
vt 0.070974 0.855921
vt 0.078131 0.864171
vt 0.057668 0.869448
vt 0.992791 0.876103
vt 0.983303 0.887826
vt 0.983114 0.874662
vt 0.087098 0.856571
vt 0.106542 0.862116
vt 0.088280 0.869586
vt 0.133911 0.861440
vt 0.115331 0.869390
vt 0.120239 0.856436
vt 0.162074 0.859906
vt 0.150769 0.869101
vt 0.143431 0.856428
vt 0.170885 0.859325
vt 0.186049 0.856625
vt 0.187269 0.869190
vt 0.206186 0.869088
vt 0.196232 0.860389
vt 0.198453 0.856343
vt 0.215542 0.856227
vt 0.221547 0.869128
vt 0.215837 0.862708
vt 0.230275 0.861392
vt 0.243863 0.856688
vt 0.252514 0.869563
vt 0.270829 0.860392
vt 0.269598 0.869372
vt 0.260973 0.856497
vt 0.305601 0.863666
vt 0.288647 0.869563
vt 0.279996 0.856688
vt 0.334756 0.856319
vt 0.340738 0.869608
vt 0.314117 0.866721
vt 0.375611 0.857564
vt 0.356663 0.869314
vt 0.349095 0.856647
vt 0.384575 0.856603
vt 0.402639 0.861580
vt 0.393001 0.869582
vt 0.411248 0.862285
vt 0.421129 0.856199
vt 0.415439 0.869504
vt 0.446135 0.863237
vt 0.430637 0.869401
vt 0.437707 0.856718
vt 0.478417 0.856527
vt 0.479325 0.869164
vt 0.454771 0.867689
vt 0.487939 0.856457
vt 0.508348 0.869386
vt 0.490822 0.864757
vt 0.541527 0.860926
vt 0.516613 0.869506
vt 0.530141 0.856257
vt 0.550488 0.856640
vt 0.562953 0.857782
vt 0.552370 0.869501
vt 0.595825 0.856436
vt 0.590917 0.869390
vt 0.571473 0.863846
vt 0.605454 0.856624
vt 0.622087 0.858980
vt 0.614323 0.869350
vt 0.649223 0.856603
vt 0.657650 0.869582
vt 0.631664 0.858862
vt 0.668376 0.869241
vt 0.666933 0.856448
vt 0.683507 0.865516
vt 0.704101 0.856644
vt 0.703684 0.869503
vt 0.691507 0.866704
vt 0.713138 0.869354
vt 0.712286 0.856402
vt 0.736268 0.861898
vt 0.774441 0.858660
vt 0.750894 0.869608
vt 0.744913 0.856319
vt 0.796481 0.869108
vt 0.783567 0.857487
vt 0.803375 0.856648
vt 0.825831 0.856632
vt 0.822339 0.869378
vt 0.812336 0.859443
vt 0.843132 0.869226
vt 0.834354 0.867117
vt 0.843905 0.856530
vt 0.852545 0.861373
vt 0.867820 0.856476
vt 0.867462 0.869456
vt 0.877699 0.869190
vt 0.876478 0.856625
vt 0.895359 0.864381
vt 0.931644 0.856500
vt 0.923485 0.869328
vt 0.903469 0.863917
vt 0.965100 0.866228
vt 0.941041 0.869316
vt 0.945315 0.856641
vt 0.984360 0.856624
vt 0.993229 0.869350
vt 0.974181 0.865505
vt 0.034021 0.837873
vt 0.021309 0.851125
vt 0.004322 0.845262
vt 0.042167 0.850824
vt 0.057334 0.837978
vt 0.067482 0.846677
vt 0.084667 0.850938
vt 0.076530 0.850759
vt 0.077304 0.838063
vt 0.093522 0.846064
vt 0.117559 0.837935
vt 0.118412 0.850887
vt 0.154523 0.850871
vt 0.127695 0.843054
vt 0.139949 0.837768
vt 0.191590 0.838105
vt 0.192772 0.851120
vt 0.163855 0.847366
vt 0.201411 0.850924
vt 0.217342 0.838016
vt 0.231795 0.840942
vt 0.242982 0.850727
vt 0.241009 0.837836
vt 0.250717 0.843479
vt 0.271047 0.838000
vt 0.276151 0.850954
vt 0.259064 0.848038
vt 0.307956 0.842052
vt 0.284993 0.850776
vt 0.298840 0.837962
vt 0.352417 0.846104
vt 0.317177 0.851021
vt 0.325622 0.838214
vt 0.365850 0.837734
vt 0.367830 0.850808
vt 0.361281 0.844181
vt 0.376017 0.838021
vt 0.395417 0.839979
vt 0.398599 0.851094
vt 0.420740 0.837873
vt 0.422748 0.848688
vt 0.408027 0.851125
vt 0.430765 0.838443
vt 0.452831 0.838173
vt 0.454714 0.851035
vt 0.466633 0.850776
vt 0.463741 0.839820
vt 0.480481 0.837962
vt 0.500426 0.851085
vt 0.489497 0.838054
vt 0.512402 0.839201
vt 0.527839 0.838016
vt 0.532976 0.850866
vt 0.520997 0.842323
vt 0.567809 0.838214
vt 0.559365 0.851021
vt 0.541115 0.839962
vt 0.580396 0.850976
vt 0.576774 0.837950
vt 0.590493 0.849296
vt 0.600419 0.850698
vt 0.599511 0.838061
vt 0.625732 0.850626
vt 0.665042 0.838174
vt 0.660767 0.850849
vt 0.634252 0.849932
vt 0.674324 0.838016
vt 0.688187 0.842474
vt 0.679460 0.850866
vt 0.696363 0.850912
vt 0.699854 0.838166
vt 0.717425 0.838642
vt 0.763122 0.851085
vt 0.726280 0.844134
vt 0.752192 0.838054
vt 0.799966 0.851094
vt 0.771751 0.847856
vt 0.777384 0.838021
vt 0.814684 0.837732
vt 0.817231 0.848201
vt 0.808993 0.851037
vt 0.825829 0.850861
vt 0.833988 0.838033
vt 0.841623 0.846824
vt 0.850074 0.850688
vt 0.861055 0.837917
vt 0.871556 0.842657
vt 0.891701 0.841448
vt 0.892828 0.850788
vt 0.880632 0.837995
vt 0.902300 0.846379
vt 0.920775 0.837961
vt 0.917859 0.850946
vt 0.928832 0.846331
vt 0.946496 0.838252
vt 0.939426 0.850935
vt 0.955133 0.842437
vt 0.975453 0.837791
vt 0.961925 0.851039
vt 0.004864 0.820775
vt 0.011629 0.823927
vt 0.015799 0.833064
vt 0.037567 0.828078
vt 0.024895 0.832882
vt 0.036712 0.820687
vt 0.062739 0.828306
vt 0.045988 0.832737
vt 0.071650 0.820763
vt 0.080964 0.825296
vt 0.105031 0.820692
vt 0.110900 0.833048
vt 0.157134 0.821645
vt 0.135519 0.832909
vt 0.120095 0.820685
vt 0.186520 0.828921
vt 0.165645 0.832920
vt 0.175696 0.820867
vt 0.209671 0.825560
vt 0.199623 0.832796
vt 0.194836 0.820767
vt 0.218743 0.833060
vt 0.231894 0.820745
vt 0.247599 0.831361
vt 0.985244 0.850702
vt 0.984000 0.838646
vt 0.989551 0.848730
vt 0.256299 0.820830
vt 0.274878 0.827988
vt 0.257072 0.832733
vt 0.304684 0.820527
vt 0.290814 0.832979
vt 0.283809 0.824526
vt 0.356677 0.825144
vt 0.315562 0.833042
vt 0.312982 0.820742
vt 0.366188 0.820685
vt 0.381613 0.832909
vt 0.370196 0.831640
vt 0.389902 0.820413
vt 0.414773 0.829382
vt 0.392429 0.833044
vt 0.449921 0.820798
vt 0.438886 0.832946
vt 0.423706 0.825958
vt 0.476411 0.820437
vt 0.488970 0.833199
vt 0.458718 0.826025
vt 0.989319 0.920916
vt 0.993553 0.914065
vt 0.994353 0.926143
vt 0.531667 0.823632
vt 0.509561 0.833105
vt 0.497614 0.820573
vt 0.545982 0.833084
vt 0.540234 0.820824
vt 0.555996 0.824644
vt 0.564679 0.832964
vt 0.582524 0.820876
vt 0.587285 0.830057
vt 0.621708 0.820471
vt 0.599129 0.833182
vt 0.596612 0.822172
vt 0.643604 0.820834
vt 0.634952 0.833164
vt 0.630320 0.821419
vt 0.665736 0.820597
vt 0.670810 0.831532
vt 0.652500 0.832921
vt 0.679483 0.820794
vt 0.714837 0.821309
vt 0.701798 0.832821
vt 0.723431 0.832979
vt 0.737301 0.820527
vt 0.740111 0.832810
vt 0.748586 0.820692
vt 0.764633 0.824167
vt 0.754455 0.833048
vt 0.784694 0.820860
vt 0.791663 0.832852
vt 0.773044 0.832042
vt 0.813634 0.823553
vt 0.805048 0.833065
vt 0.800431 0.820907
vt 0.840540 0.824605
vt 0.826048 0.832810
vt 0.823239 0.820527
vt 0.862023 0.833152
vt 0.849397 0.826526
vt 0.874974 0.820621
vt 0.896751 0.828270
vt 0.882999 0.833164
vt 0.891651 0.820834
vt 0.916599 0.833161
vt 0.906076 0.820928
vt 0.928249 0.821979
vt 0.949915 0.820597
vt 0.936680 0.832921
vt 0.937560 0.826532
vt 0.958874 0.826742
vt 0.970898 0.820824
vt 0.976646 0.833084
vt 0.004001 0.803166
vt 0.021284 0.807162
vt 0.007768 0.815744
vt 0.030258 0.815773
vt 0.031808 0.803539
vt 0.050494 0.806212
vt 0.064905 0.815567
vt 0.059342 0.803235
vt 0.074280 0.807887
vt 0.083950 0.811106
vt 0.097259 0.803340
vt 0.085442 0.815535
vt 0.111141 0.803114
vt 0.115569 0.809569
vt 0.106436 0.815383
vt 0.132658 0.815672
vt 0.124230 0.809152
vt 0.142333 0.803060
vt 0.991999 0.832756
vt 0.986259 0.823427
vt 0.992509 0.820842
vt 0.158427 0.815386
vt 0.150728 0.810369
vt 0.156936 0.803548
vt 0.167494 0.807940
vt 0.183848 0.803065
vt 0.186374 0.815696
vt 0.194426 0.815390
vt 0.203154 0.806189
vt 0.220087 0.803416
vt 0.229212 0.803482
vt 0.265534 0.815356
vt 0.246134 0.813399
vt 0.299310 0.803395
vt 0.301890 0.815695
vt 0.273492 0.811040
vt 0.310763 0.815616
vt 0.315981 0.803288
vt 0.329311 0.803586
vt 0.338528 0.815790
vt 0.345527 0.803559
vt 0.354743 0.814023
vt 0.379868 0.815773
vt 0.363821 0.812298
vt 0.381418 0.803539
vt 0.408029 0.803580
vt 0.418552 0.815814
vt 0.390494 0.812266
vt 0.449851 0.815625
vt 0.427419 0.812272
vt 0.438828 0.803089
vt 0.462600 0.803359
vt 0.469084 0.813065
vt 0.458735 0.815789
vt 0.511243 0.803979
vt 0.477949 0.815599
vt 0.488983 0.803451
vt 0.520469 0.805643
vt 0.534004 0.803559
vt 0.527004 0.815790
vt 0.555899 0.815726
vt 0.542688 0.812514
vt 0.559713 0.803533
vt 0.569657 0.803494
vt 0.581308 0.814683
vt 0.569147 0.815408
vt 0.615150 0.803519
vt 0.605098 0.815573
vt 0.590519 0.804913
vt 0.623269 0.806170
vt 0.632625 0.803114
vt 0.627921 0.815383
vt 0.647597 0.815888
vt 0.641446 0.803169
vt 0.668137 0.805130
vt 0.710424 0.815665
vt 0.685770 0.815263
vt 0.676972 0.803561
vt 0.719347 0.810682
vt 0.737848 0.803225
vt 0.749795 0.815758
vt 0.791516 0.803419
vt 0.796302 0.815448
vt 0.758222 0.815039
vt 0.804870 0.811832
vt 0.822110 0.803169
vt 0.828261 0.815888
vt 0.856915 0.807482
vt 0.850298 0.815852
vt 0.837740 0.803090
vt 0.888023 0.805657
vt 0.872718 0.815504
vt 0.865749 0.803512
vt 0.908931 0.815789
vt 0.896890 0.810697
vt 0.912795 0.803359
vt 0.921315 0.805725
vt 0.947714 0.803398
vt 0.934563 0.815713
vt 0.982139 0.815594
vt 0.956949 0.804694
vt 0.986673 0.803480
vt 0.009537 0.785887
vt 0.015101 0.798220
vt 0.004220 0.792579
vt 0.052403 0.795569
vt 0.023511 0.798309
vt 0.044573 0.786040
vt 0.060684 0.788025
vt 0.064435 0.786080
vt 0.075369 0.798369
vt 0.094962 0.786335
vt 0.117012 0.798541
vt 0.084162 0.792316
vt 0.149536 0.790963
vt 0.125184 0.798373
vt 0.133018 0.786525
vt 0.177116 0.787191
vt 0.165346 0.798264
vt 0.159077 0.786573
vt 0.211790 0.789836
vt 0.193316 0.798253
vt 0.185868 0.786538
vt 0.236629 0.793001
vt 0.224375 0.798287
vt 0.219950 0.786724
vt 0.246033 0.798104
vt 0.248537 0.786413
vt 0.279786 0.790018
vt 0.313210 0.798045
vt 0.288340 0.789075
vt 0.309209 0.786420
vt 0.338323 0.786521
vt 0.347341 0.798095
vt 0.321315 0.796105
vt 0.379709 0.789590
vt 0.362173 0.798276
vt 0.355721 0.786316
vt 0.388380 0.798207
vt 0.397417 0.786733
vt 0.403285 0.795104
vt 0.425841 0.786241
vt 0.424961 0.792630
vt 0.411460 0.798383
vt 0.453736 0.786495
vt 0.466530 0.794079
vt 0.434788 0.798245
vt 0.475235 0.798126
vt 0.488274 0.786614
vt 0.497024 0.792860
vt 0.533243 0.789336
vt 0.505742 0.798377
vt 0.511660 0.786372
vt 0.556597 0.798253
vt 0.542151 0.789547
vt 0.549149 0.786538
vt 0.584679 0.786374
vt 0.575105 0.798060
vt 0.564463 0.791249
vt 0.604581 0.786501
vt 0.612957 0.792098
vt 0.593701 0.798016
vt 0.621297 0.790949
vt 0.651323 0.786733
vt 0.642286 0.798207
vt 0.659923 0.798044
vt 0.671577 0.786261
vt 0.675862 0.792086
vt 0.706695 0.797331
vt 0.686888 0.798169
vt 0.684852 0.786272
vt 0.715046 0.786459
vt 0.740133 0.789136
vt 0.733132 0.798158
vt 0.748853 0.797286
vt 0.756587 0.786690
vt 0.770677 0.798265
vt 0.780258 0.796187
vt 0.800494 0.786626
vt 0.796892 0.798544
vt 0.809290 0.795975
vt 0.816887 0.786435
vt 0.823268 0.798343
vt 0.845008 0.786272
vt 0.847044 0.798169
vt 0.832172 0.791890
vt 0.855590 0.786318
vt 0.879776 0.793283
vt 0.868117 0.798095
vt 0.888256 0.798487
vt 0.898394 0.786502
vt 0.906436 0.797703
vt 0.915492 0.796659
vt 0.920386 0.786578
vt 0.936898 0.798451
vt 0.945463 0.786428
vt 0.966646 0.790106
vt 0.953169 0.798369
vt 0.034234 0.769070
vt 0.038576 0.780817
vt 0.004880 0.777673
vt 0.047205 0.769265
vt 0.074183 0.774089
vt 0.057407 0.780967
vt 0.975499 0.789411
vt 0.992359 0.786399
vt 0.991261 0.798450
vt 0.082458 0.781136
vt 0.094433 0.769251
vt 0.109671 0.779061
vt 0.135310 0.780937
vt 0.118256 0.777796
vt 0.142893 0.769004
vt 0.151889 0.769111
vt 0.179638 0.772704
vt 0.177147 0.780857
vt 0.187872 0.775260
vt 0.214357 0.769066
vt 0.211853 0.780757
vt 0.255801 0.769025
vt 0.249883 0.781029
vt 0.223465 0.777330
vt 0.264535 0.770582
vt 0.272410 0.769159
vt 0.276961 0.781001
vt 0.296400 0.777210
vt 0.287670 0.781076
vt 0.285763 0.769426
vt 0.320518 0.769177
vt 0.312684 0.781026
vt 0.305346 0.771529
vt 0.329903 0.777679
vt 0.334315 0.769265
vt 0.344517 0.780967
vt 0.357750 0.781035
vt 0.353251 0.770928
vt 0.372130 0.768894
vt 0.400941 0.780938
vt 0.381546 0.777434
vt 0.391367 0.769187
vt 0.410515 0.779357
vt 0.409702 0.769111
vt 0.434959 0.780857
vt 0.462551 0.770463
vt 0.460335 0.781103
vt 0.443824 0.769230
vt 0.494467 0.780747
vt 0.471457 0.780307
vt 0.493072 0.769043
vt 0.523687 0.769087
vt 0.511356 0.780739
vt 0.503591 0.772913
vt 0.533115 0.777810
vt 0.542018 0.769244
vt 0.550714 0.780762
vt 0.584645 0.771234
vt 0.567315 0.780762
vt 0.558620 0.769244
vt 0.594638 0.780926
vt 0.593737 0.770491
vt 0.612710 0.769232
vt 0.621988 0.773450
vt 0.638629 0.769154
vt 0.628490 0.781140
vt 0.646678 0.778399
vt 0.656939 0.768938
vt 0.652688 0.781149
vt 0.676234 0.769366
vt 0.680723 0.777154
vt 0.665651 0.781085
vt 0.711763 0.775110
vt 0.694070 0.780697
vt 0.690068 0.769072
vt 0.753094 0.776031
vt 0.720271 0.780937
vt 0.727854 0.769004
vt 0.772035 0.780938
vt 0.762461 0.769187
vt 0.789288 0.777005
vt 0.816593 0.781121
vt 0.798645 0.774730
vt 0.811961 0.769376
vt 0.840628 0.776154
vt 0.827474 0.780747
vt 0.826079 0.769043
vt 0.857636 0.769425
vt 0.866434 0.781128
vt 0.849453 0.776464
vt 0.891208 0.780691
vt 0.875575 0.778075
vt 0.878294 0.769070
vt 0.900681 0.780813
vt 0.900089 0.769098
vt 0.914668 0.779758
vt 0.940279 0.775273
vt 0.923738 0.780713
vt 0.933311 0.769026
vt 0.952133 0.769324
vt 0.961797 0.772011
vt 0.949002 0.780755
vt 0.980095 0.769220
vt 0.986041 0.776653
vt 0.970608 0.780943
vt 0.019428 0.752437
vt 0.025698 0.764128
vt 0.004707 0.754874
vt 0.034187 0.752456
vt 0.059864 0.755978
vt 0.044717 0.763897
vt 0.076293 0.752182
vt 0.088820 0.763960
vt 0.068711 0.761945
vt 0.096710 0.756739
vt 0.117863 0.752310
vt 0.118455 0.764025
vt 0.155406 0.756937
vt 0.131349 0.764029
vt 0.127008 0.752282
vt 0.164449 0.764101
vt 0.167413 0.754937
vt 0.174735 0.752945
vt 0.206681 0.752799
vt 0.201847 0.764062
vt 0.183492 0.754337
vt 0.221885 0.764141
vt 0.214887 0.752821
vt 0.237975 0.758008
vt 0.246252 0.760893
vt 0.257128 0.753155
vt 0.259660 0.763880
vt 0.292705 0.756379
vt 0.274929 0.764340
vt 0.267648 0.753111
vt 0.301357 0.763987
vt 0.323904 0.753207
vt 0.314012 0.762338
vt 0.353533 0.752947
vt 0.352926 0.764153
vt 0.332829 0.757275
vt 0.375710 0.763860
vt 0.362916 0.756277
vt 0.386975 0.753189
vt 0.408181 0.752974
vt 0.412188 0.763929
vt 0.396180 0.756389
vt 0.450097 0.761955
vt 0.421827 0.764252
vt 0.440150 0.752822
vt 0.468928 0.753144
vt 0.468642 0.763911
vt 0.458339 0.760772
vt 0.478472 0.752926
vt 0.494030 0.757493
vt 0.486514 0.764127
vt 0.501978 0.763789
vt 0.510171 0.753165
vt 0.512293 0.764409
vt 0.526061 0.764164
vt 0.521436 0.755298
vt 0.549706 0.753002
vt 0.576606 0.753105
vt 0.579225 0.764164
vt 0.558120 0.759261
vt 0.611035 0.764215
vt 0.588130 0.763068
vt 0.618514 0.753086
vt 0.627664 0.759723
vt 0.639504 0.752701
vt 0.639656 0.764405
vt 0.668327 0.753143
vt 0.656022 0.764063
vt 0.649253 0.761912
vt 0.694776 0.753672
vt 0.693318 0.764377
vt 0.677617 0.753002
vt 0.713968 0.753105
vt 0.714873 0.764154
vt 0.703814 0.762664
vt 0.747434 0.758998
vt 0.724509 0.764329
vt 0.732563 0.752718
vt 0.757995 0.753075
vt 0.769904 0.764007
vt 0.756782 0.762587
vt 0.793699 0.759678
vt 0.785740 0.763904
vt 0.779079 0.752765
vt 0.801951 0.753217
vt 0.807961 0.755967
vt 0.807749 0.763914
vt 0.829043 0.764271
vt 0.816867 0.753050
vt 0.836286 0.757376
vt 0.845732 0.764154
vt 0.844827 0.753105
vt 0.857004 0.755905
vt 0.880060 0.761538
vt 0.865274 0.764287
vt 0.872346 0.752887
vt 0.900099 0.753046
vt 0.912908 0.753448
vt 0.889465 0.763908
vt 0.938442 0.752908
vt 0.924899 0.763884
vt 0.921437 0.754275
vt 0.964914 0.753111
vt 0.972194 0.764340
vt 0.946540 0.754214
vt 0.012179 0.736262
vt 0.024355 0.747483
vt 0.004133 0.741643
vt 0.045280 0.736355
vt 0.050882 0.741101
vt 0.032975 0.747275
vt 0.062165 0.747109
vt 0.060017 0.739711
vt 0.081447 0.736229
vt 0.089956 0.738572
vt 0.109485 0.736114
vt 0.106849 0.747180
vt 0.981084 0.757686
vt 0.993609 0.752926
vt 0.994914 0.763882
vt 0.143482 0.736372
vt 0.128425 0.747312
vt 0.118881 0.740513
vt 0.157810 0.735949
vt 0.157582 0.747470
vt 0.152066 0.743530
vt 0.166103 0.747573
vt 0.180955 0.736045
vt 0.185373 0.744955
vt 0.194344 0.747617
vt 0.194191 0.735913
vt 0.207273 0.736101
vt 0.239268 0.747536
vt 0.215928 0.743435
vt 0.223783 0.735925
vt 0.250871 0.747092
vt 0.248339 0.736367
vt 0.265121 0.741412
vt 0.273942 0.738978
vt 0.289913 0.736295
vt 0.292805 0.747251
vt 0.301393 0.740234
vt 0.316465 0.736303
vt 0.309293 0.747235
vt 0.325645 0.740539
vt 0.339562 0.736342
vt 0.342602 0.747503
vt 0.364223 0.736120
vt 0.365716 0.740549
vt 0.350680 0.747096
vt 0.374719 0.736342
vt 0.395317 0.745243
vt 0.377758 0.747503
vt 0.423656 0.736311
vt 0.422463 0.747287
vt 0.404268 0.738957
vt 0.440674 0.747158
vt 0.432378 0.737223
vt 0.448898 0.736042
vt 0.477545 0.736023
vt 0.472471 0.747170
vt 0.457082 0.741300
vt 0.487246 0.743006
vt 0.494490 0.736112
vt 0.515153 0.747372
vt 0.542283 0.736045
vt 0.527431 0.747573
vt 0.523902 0.742850
vt 0.550858 0.747310
vt 0.553741 0.736237
vt 0.563252 0.746264
vt 0.577155 0.736023
vt 0.592071 0.744106
vt 0.572081 0.747170
vt 0.601497 0.736996
vt 0.620258 0.735930
vt 0.612204 0.747542
vt 0.644224 0.739875
vt 0.628915 0.747105
vt 0.632898 0.736122
vt 0.680111 0.747030
vt 0.652932 0.747287
vt 0.654125 0.736311
vt 0.689445 0.740942
vt 0.697243 0.736203
vt 0.713095 0.747509
vt 0.737214 0.747348
vt 0.722052 0.744301
vt 0.722068 0.736090
vt 0.750863 0.747079
vt 0.745586 0.736254
vt 0.760794 0.736960
vt 0.769880 0.736112
vt 0.801812 0.739227
vt 0.790543 0.747372
vt 0.811230 0.747427
vt 0.818709 0.736298
vt 0.839599 0.743127
vt 0.859440 0.736384
vt 0.865959 0.741816
vt 0.848117 0.747244
vt 0.905338 0.736384
vt 0.894016 0.747244
vt 0.874290 0.738093
vt 0.919571 0.736011
vt 0.939368 0.745881
vt 0.914738 0.747274
vt 0.971361 0.742297
vt 0.960437 0.747385
vt 0.947635 0.735892
vt 0.004659 0.720092
vt 0.021382 0.720644
vt 0.016738 0.731369
vt 0.029604 0.731112
vt 0.041374 0.720039
vt 0.048083 0.729961
vt 0.096638 0.731361
vt 0.057001 0.728156
vt 0.080937 0.719986
vt 0.109219 0.731101
vt 0.105254 0.719945
vt 0.123590 0.726410
vt 0.136536 0.731081
vt 0.132243 0.719828
vt 0.149851 0.725728
vt 0.158607 0.730952
vt 0.161242 0.719886
vt 0.174262 0.729042
vt 0.994830 0.747114
vt 0.980166 0.736234
vt 0.993394 0.740419
vt 0.205998 0.721326
vt 0.198151 0.731119
vt 0.183006 0.719861
vt 0.213952 0.727365
vt 0.219503 0.720092
vt 0.231582 0.731369
vt 0.255787 0.720144
vt 0.258085 0.726843
vt 0.240730 0.731084
vt 0.278300 0.726206
vt 0.267470 0.730895
vt 0.267756 0.720128
vt 0.297738 0.731245
vt 0.286739 0.729135
vt 0.289815 0.719963
vt 0.308232 0.731020
vt 0.305833 0.719658
vt 0.335136 0.726594
vt 0.344613 0.727482
vt 0.363418 0.719754
vt 0.356856 0.730994
vt 0.379043 0.719754
vt 0.393728 0.730098
vt 0.372481 0.730994
vt 0.411162 0.719946
vt 0.418194 0.731340
vt 0.402396 0.728793
vt 0.426766 0.730391
vt 0.430582 0.720195
vt 0.455772 0.731095
vt 0.482898 0.731157
vt 0.464516 0.730102
vt 0.470096 0.719663
vt 0.525111 0.719806
vt 0.506788 0.731236
vt 0.491272 0.721150
vt 0.533385 0.720058
vt 0.556777 0.724114
vt 0.545295 0.730990
vt 0.573473 0.719703
vt 0.577764 0.728875
vt 0.565697 0.731341
vt 0.586041 0.730937
vt 0.598819 0.722711
vt 0.621861 0.720545
vt 0.630204 0.721587
vt 0.650478 0.720742
vt 0.648864 0.731032
vt 0.695684 0.723217
vt 0.671647 0.731346
vt 0.659288 0.720678
vt 0.707982 0.724563
vt 0.704528 0.731032
vt 0.706142 0.720742
vt 0.751744 0.720545
vt 0.745474 0.726930
vt 0.715924 0.730937
vt 0.777409 0.724499
vt 0.759887 0.730918
vt 0.761284 0.720652
vt 0.805629 0.731199
vt 0.786986 0.727721
vt 0.805019 0.720550
vt 0.814119 0.727195
vt 0.841095 0.720225
vt 0.838103 0.731186
vt 0.863089 0.720754
vt 0.861353 0.730854
vt 0.849935 0.725347
vt 0.871783 0.720694
vt 0.882842 0.722184
vt 0.874076 0.731032
vt 0.911652 0.726828
vt 0.891883 0.730872
vt 0.896529 0.720748
vt 0.920345 0.720729
vt 0.935015 0.726625
vt 0.922490 0.731385
vt 0.944289 0.725348
vt 0.974552 0.720374
vt 0.968529 0.730924
vt 0.003925 0.714404
vt 0.031261 0.704425
vt 0.028639 0.714841
vt 0.072157 0.709663
vt 0.075321 0.714780
vt 0.040793 0.704318
vt 0.108329 0.714663
vt 0.084538 0.713414
vt 0.102037 0.704390
vt 0.992508 0.731126
vt 0.982652 0.727230
vt 0.994247 0.720299
vt 0.134215 0.705290
vt 0.143268 0.714813
vt 0.117020 0.704270
vt 0.175005 0.712338
vt 0.151580 0.714957
vt 0.154572 0.703996
vt 0.184130 0.711600
vt 0.197554 0.704413
vt 0.195507 0.714801
vt 0.233611 0.708242
vt 0.206917 0.714914
vt 0.209626 0.704252
vt 0.265101 0.705886
vt 0.242776 0.714721
vt 0.253296 0.704469
vt 0.273842 0.705464
vt 0.291339 0.704344
vt 0.283881 0.714633
vt 0.300016 0.711557
vt 0.302546 0.704049
vt 0.305942 0.714652
vt 0.325247 0.704503
vt 0.323191 0.713200
vt 0.315316 0.714622
vt 0.334518 0.712047
vt 0.359289 0.704272
vt 0.365583 0.714792
vt 0.385045 0.711278
vt 0.374091 0.714706
vt 0.383883 0.704291
vt 0.420370 0.712743
vt 0.393971 0.715070
vt 0.396654 0.704023
vt 0.437473 0.704320
vt 0.445413 0.712814
vt 0.429314 0.714939
vt 0.454545 0.710498
vt 0.472895 0.704265
vt 0.464086 0.714965
vt 0.513185 0.715032
vt 0.481935 0.711427
vt 0.505992 0.704335
vt 0.521805 0.714897
vt 0.523544 0.704071
vt 0.529684 0.709261
vt 0.538342 0.706183
vt 0.553430 0.704373
vt 0.547756 0.714867
vt 0.568091 0.708376
vt 0.562985 0.714872
vt 0.561725 0.704019
vt 0.593427 0.712590
vt 0.577133 0.714821
vt 0.582105 0.704474
vt 0.601575 0.709230
vt 0.626764 0.704365
vt 0.614090 0.714655
vt 0.667910 0.706350
vt 0.635574 0.714655
vt 0.648249 0.704365
vt 0.697906 0.715070
vt 0.676063 0.704012
vt 0.718545 0.704668
vt 0.737294 0.704325
vt 0.738306 0.715104
vt 0.727191 0.713103
vt 0.767124 0.705317
vt 0.749897 0.714944
vt 0.747888 0.704130
vt 0.776146 0.714696
vt 0.782169 0.704146
vt 0.789335 0.706715
vt 0.798052 0.706747
vt 0.829196 0.704291
vt 0.819404 0.714706
vt 0.838189 0.704450
vt 0.853458 0.707877
vt 0.846073 0.714627
vt 0.875406 0.714666
vt 0.861641 0.704933
vt 0.868328 0.704526
vt 0.884181 0.715052
vt 0.904956 0.704378
vt 0.912293 0.713874
vt 0.921514 0.708636
vt 0.948417 0.704210
vt 0.943208 0.714673
vt 0.957607 0.704497
vt 0.980455 0.712151
vt 0.959219 0.714894
vt 0.035107 0.689553
vt 0.014675 0.699175
vt 0.004648 0.688804
vt 0.074928 0.688315
vt 0.068267 0.699093
vt 0.043187 0.692481
vt 0.096239 0.688471
vt 0.093777 0.699407
vt 0.083584 0.690121
vt 0.129815 0.688428
vt 0.132332 0.699438
vt 0.104844 0.693004
vt 0.141221 0.688711
vt 0.154700 0.688982
vt 0.148551 0.699103
vt 0.163887 0.688842
vt 0.184877 0.698096
vt 0.173102 0.699306
vt 0.194244 0.699093
vt 0.200905 0.688315
vt 0.216432 0.692833
vt 0.248845 0.688535
vt 0.237917 0.696547
vt 0.225403 0.698995
vt 0.273131 0.688618
vt 0.273559 0.699189
vt 0.257041 0.694751
vt 0.306907 0.699481
vt 0.282578 0.688371
vt 0.308717 0.690971
vt 0.319168 0.688601
vt 0.345416 0.699144
vt 0.317879 0.691038
vt 0.353610 0.699255
vt 0.358601 0.688542
vt 0.379591 0.695801
vt 0.388582 0.693975
vt 0.405122 0.688535
vt 0.404455 0.699232
vt 0.429674 0.688790
vt 0.430576 0.699225
vt 0.413591 0.697016
vt 0.457801 0.694081
vt 0.438795 0.699172
vt 0.441417 0.688756
vt 0.468061 0.688744
vt 0.475969 0.698412
vt 0.466015 0.699133
vt 0.499255 0.688603
vt 0.512262 0.696902
vt 0.484537 0.699005
vt 0.528453 0.699027
vt 0.520591 0.696112
vt 0.531880 0.688620
vt 0.542331 0.699001
vt 0.541013 0.692042
vt 0.567224 0.688787
vt 0.608854 0.688800
vt 0.599089 0.694812
vt 0.575230 0.699330
vt 0.635189 0.688832
vt 0.637334 0.699488
vt 0.618033 0.697413
vt 0.667978 0.689119
vt 0.652693 0.699123
vt 0.646398 0.688604
vt 0.677546 0.688380
vt 0.685760 0.692996
vt 0.680942 0.698983
vt 0.712864 0.688652
vt 0.704705 0.699270
vt 0.695028 0.697830
vt 0.732604 0.699353
vt 0.721296 0.688401
vt 0.749844 0.690690
vt 0.777513 0.688355
vt 0.774831 0.699401
vt 0.757914 0.690501
vt 0.788273 0.694861
vt 0.804162 0.688317
vt 0.786552 0.699099
vt 0.828811 0.691999
vt 0.812906 0.699338
vt 0.816583 0.688377
vt 0.862508 0.688542
vt 0.857516 0.699255
vt 0.837494 0.692879
vt 0.887307 0.699052
vt 0.871158 0.691396
vt 0.897828 0.688800
vt 0.916741 0.699179
vt 0.906887 0.690441
vt 0.923102 0.688673
vt 0.931859 0.699296
vt 0.940668 0.688597
vt 0.949821 0.698819
vt 0.966616 0.688670
vt 0.968820 0.699097
vt 0.958172 0.697214
vt 0.020220 0.673128
vt 0.022513 0.683466
vt 0.004787 0.677417
vt 0.055181 0.672840
vt 0.032185 0.683795
vt 0.033643 0.673090
vt 0.980129 0.688762
vt 0.987680 0.698892
vt 0.977913 0.699402
vt 0.084152 0.673065
vt 0.088588 0.677946
vt 0.063613 0.683823
vt 0.103828 0.683668
vt 0.096947 0.675382
vt 0.109014 0.672916
vt 0.160927 0.683701
vt 0.117362 0.676790
vt 0.142677 0.672642
vt 0.169911 0.672988
vt 0.179116 0.673143
vt 0.170923 0.683767
vt 0.187524 0.676692
vt 0.195983 0.673121
vt 0.192705 0.683611
vt 0.230176 0.672857
vt 0.225624 0.683407
vt 0.204196 0.676311
vt 0.238299 0.672805
vt 0.248976 0.674624
vt 0.241454 0.683531
vt 0.268918 0.673026
vt 0.279797 0.683665
vt 0.257538 0.683138
vt 0.295086 0.683262
vt 0.288399 0.683668
vt 0.293584 0.672916
vt 0.304460 0.673148
vt 0.329349 0.677971
vt 0.308187 0.683414
vt 0.353577 0.683657
vt 0.338639 0.679004
vt 0.356546 0.672830
vt 0.989080 0.714797
vt 0.990308 0.704515
vt 0.994352 0.712676
vt 0.390397 0.673148
vt 0.394125 0.683414
vt 0.365258 0.678237
vt 0.420204 0.683306
vt 0.403232 0.674158
vt 0.424849 0.673182
vt 0.434290 0.672863
vt 0.448268 0.675232
vt 0.439365 0.683798
vt 0.485233 0.674721
vt 0.473185 0.683627
vt 0.457479 0.673011
vt 0.534411 0.672934
vt 0.519693 0.683337
vt 0.493297 0.680832
vt 0.554414 0.683468
vt 0.543630 0.679340
vt 0.575816 0.673164
vt 0.584942 0.681689
vt 0.588483 0.672732
vt 0.599791 0.683685
vt 0.608605 0.673093
vt 0.635017 0.677549
vt 0.614510 0.683350
vt 0.668786 0.673118
vt 0.674394 0.675567
vt 0.643893 0.683332
vt 0.683512 0.683821
vt 0.707058 0.672874
vt 0.713235 0.682607
vt 0.730827 0.675046
vt 0.728829 0.683539
vt 0.722049 0.672937
vt 0.739631 0.680067
vt 0.751113 0.673191
vt 0.765315 0.683640
vt 0.791467 0.672648
vt 0.801492 0.680819
vt 0.773857 0.683430
vt 0.838981 0.677604
vt 0.817422 0.683774
vt 0.810541 0.673173
vt 0.854981 0.683695
vt 0.847789 0.672997
vt 0.874186 0.675502
vt 0.889157 0.683534
vt 0.883394 0.680939
vt 0.887897 0.672681
vt 0.897522 0.683657
vt 0.900491 0.672830
vt 0.919908 0.677261
vt 0.946709 0.678863
vt 0.930734 0.683429
vt 0.928530 0.673001
vt 0.955531 0.681509
vt 0.966791 0.673173
vt 0.973672 0.683774
vt 0.004252 0.664225
vt 0.023002 0.657418
vt 0.021606 0.667683
vt 0.047030 0.658012
vt 0.064909 0.657463
vt 0.031285 0.667992
vt 0.093703 0.659315
vt 0.081870 0.667879
vt 0.073594 0.657300
vt 0.126786 0.658756
vt 0.102661 0.667852
vt 0.102232 0.657281
vt 0.155039 0.657466
vt 0.165066 0.667838
vt 0.135538 0.665496
vt 0.173916 0.668140
vt 0.181772 0.660548
vt 0.205264 0.657798
vt 0.245303 0.657798
vt 0.232526 0.666024
vt 0.213955 0.668140
vt 0.266554 0.657636
vt 0.285179 0.667902
vt 0.254721 0.666200
vt 0.316673 0.667666
vt 0.294805 0.666871
vt 0.322306 0.657831
vt 0.347038 0.657627
vt 0.343132 0.665916
vt 0.331700 0.667811
vt 0.356010 0.668050
vt 0.358745 0.657864
vt 0.383965 0.657738
vt 0.399867 0.657879
vt 0.409359 0.665744
vt 0.393089 0.667996
vt 0.436882 0.667997
vt 0.418842 0.667378
vt 0.436069 0.657751
vt 0.460138 0.667908
vt 0.445866 0.658014
vt 0.469657 0.659263
vt 0.500920 0.667605
vt 0.477928 0.666140
vt 0.480419 0.657987
vt 0.508910 0.660968
vt 0.541736 0.657533
vt 0.533096 0.667934
vt 0.550430 0.657760
vt 0.563991 0.664551
vt 0.556828 0.667845
vt 0.573083 0.666637
vt 0.581552 0.657984
vt 0.592319 0.667824
vt 0.606739 0.667980
vt 0.601187 0.657896
vt 0.613492 0.661571
vt 0.667147 0.658012
vt 0.651402 0.667992
vt 0.622345 0.667623
vt 0.686178 0.667764
vt 0.676317 0.660310
vt 0.701029 0.657853
vt 0.710162 0.658062
vt 0.731513 0.666021
vt 0.709097 0.667671
vt 0.751932 0.657935
vt 0.768859 0.667667
vt 0.741103 0.662624
vt 0.777616 0.665305
vt 0.793029 0.657960
vt 0.787792 0.667991
vt 0.990610 0.683783
vt 0.983059 0.673653
vt 0.992913 0.682391
vt 0.802387 0.667968
vt 0.806239 0.657761
vt 0.821872 0.660378
vt 0.852579 0.667904
vt 0.830996 0.664940
vt 0.835657 0.657987
vt 0.887817 0.657611
vt 0.880234 0.667373
vt 0.861920 0.668093
vt 0.925375 0.662709
vt 0.905352 0.668033
vt 0.896508 0.657532
vt 0.934753 0.667970
vt 0.934054 0.657586
vt 0.954085 0.658273
vt 0.041379 0.642248
vt 0.029999 0.652360
vt 0.004202 0.647556
vt 0.969575 0.667830
vt 0.962608 0.661584
vt 0.987723 0.657638
vt 0.073589 0.642195
vt 0.070854 0.652381
vt 0.050133 0.651322
vt 0.082132 0.652097
vt 0.087464 0.642158
vt 0.104199 0.651827
vt 0.142822 0.652026
vt 0.112369 0.650766
vt 0.134527 0.642091
vt 0.151832 0.644902
vt 0.160440 0.641921
vt 0.160352 0.652156
vt 0.192236 0.649450
vt 0.169590 0.652312
vt 0.182937 0.642274
vt 0.200470 0.651954
vt 0.206165 0.644948
vt 0.245272 0.642344
vt 0.253991 0.652182
vt 0.262472 0.642086
vt 0.277105 0.649111
vt 0.285159 0.652388
vt 0.294349 0.641973
vt 0.318460 0.648180
vt 0.346242 0.642356
vt 0.349703 0.651964
vt 0.327575 0.643175
vt 0.358801 0.642386
vt 0.389112 0.646236
vt 0.358961 0.652088
vt 0.407262 0.652440
vt 0.397964 0.642306
vt 0.419068 0.647208
vt 0.459014 0.644820
vt 0.449162 0.651936
vt 0.428661 0.642318
vt 0.468271 0.642316
vt 0.486915 0.646144
vt 0.479038 0.652155
vt 0.495971 0.644078
vt 0.510473 0.641938
vt 0.518313 0.652168
vt 0.539515 0.652283
vt 0.526603 0.646947
vt 0.544410 0.642202
vt 0.571125 0.642319
vt 0.581128 0.652255
vt 0.553156 0.651631
vt 0.590713 0.652265
vt 0.618013 0.642308
vt 0.609318 0.652103
vt 0.626326 0.652117
vt 0.641611 0.642113
vt 0.658169 0.647608
vt 0.689057 0.649790
vt 0.666841 0.652162
vt 0.684988 0.641970
vt 0.725762 0.642070
vt 0.733842 0.646703
vt 0.697807 0.652381
vt 0.763991 0.642274
vt 0.750645 0.652312
vt 0.742815 0.642783
vt 0.781571 0.652235
vt 0.772555 0.641874
vt 0.798447 0.647717
vt 0.812662 0.652160
vt 0.807184 0.642323
vt 0.822351 0.650700
vt 0.867180 0.652311
vt 0.831827 0.651796
vt 0.853932 0.642322
vt 0.880800 0.652195
vt 0.875624 0.642861
vt 0.892264 0.641936
vt 0.901179 0.650165
vt 0.913939 0.642399
vt 0.918681 0.652308
vt 0.949853 0.643810
vt 0.952736 0.652110
vt 0.927653 0.641921
vt 0.961096 0.646630
vt 0.972857 0.642393
vt 0.971792 0.652002
vt 0.004648 0.634136
vt 0.022308 0.627255
vt 0.016525 0.636899
vt 0.030677 0.630846
vt 0.060558 0.627201
vt 0.033222 0.637180
vt 0.076732 0.636996
vt 0.069664 0.627146
vt 0.095000 0.636067
vt 0.104429 0.626820
vt 0.117584 0.629738
vt 0.115081 0.637059
vt 0.163347 0.627215
vt 0.153063 0.636826
vt 0.126761 0.634809
vt 0.199672 0.627101
vt 0.192894 0.637218
vt 0.171998 0.637136
vt 0.232265 0.637157
vt 0.208416 0.626849
vt 0.224434 0.628983
vt 0.252039 0.637096
vt 0.240627 0.632703
vt 0.281247 0.627129
vt 0.295325 0.626867
vt 0.312145 0.632375
vt 0.289176 0.636987
vt 0.350013 0.626864
vt 0.340823 0.637278
vt 0.320933 0.633992
vt 0.372991 0.634737
vt 0.362685 0.637234
vt 0.358936 0.626778
vt 0.391231 0.626988
vt 0.398235 0.635441
vt 0.381662 0.636952
vt 0.994735 0.652294
vt 0.982118 0.652220
vt 0.982308 0.641875
vt 0.407051 0.627305
vt 0.430993 0.637103
vt 0.414882 0.635479
vt 0.443710 0.627295
vt 0.457369 0.636894
vt 0.440078 0.636495
vt 0.477547 0.637179
vt 0.466026 0.627264
vt 0.492291 0.633294
vt 0.525779 0.628647
vt 0.508044 0.637067
vt 0.501335 0.627146
vt 0.535127 0.627758
vt 0.547426 0.627235
vt 0.543890 0.636976
vt 0.558889 0.637277
vt 0.556523 0.627140
vt 0.584421 0.634922
vt 0.593188 0.637066
vt 0.593202 0.627147
vt 0.607406 0.632871
vt 0.615930 0.634342
vt 0.618953 0.627095
vt 0.631255 0.637269
vt 0.640386 0.635419
vt 0.647447 0.627092
vt 0.663832 0.636957
vt 0.679820 0.630197
vt 0.677705 0.637271
vt 0.671959 0.627282
vt 0.714403 0.637366
vt 0.689058 0.632599
vt 0.709611 0.627188
vt 0.750825 0.627199
vt 0.723526 0.637156
vt 0.732166 0.626755
vt 0.759092 0.637032
vt 0.773650 0.627101
vt 0.785690 0.633144
vt 0.794865 0.636994
vt 0.803560 0.627199
vt 0.817443 0.632219
vt 0.841739 0.637367
vt 0.826471 0.633940
vt 0.843015 0.627297
vt 0.865840 0.626988
vt 0.856271 0.636952
vt 0.851853 0.628043
vt 0.874394 0.631400
vt 0.894827 0.627204
vt 0.900199 0.637048
vt 0.933373 0.632435
vt 0.927757 0.637124
vt 0.909132 0.626859
vt 0.955416 0.636894
vt 0.941756 0.627295
vt 0.961624 0.630073
vt 0.974775 0.637249
vt 0.970058 0.631023
vt 0.986944 0.627100
vt 0.007638 0.621151
vt 0.004157 0.612077
vt 0.029812 0.622203
vt 0.065642 0.611992
vt 0.051084 0.621923
vt 0.038948 0.618663
vt 0.074866 0.621884
vt 0.090171 0.612037
vt 0.097240 0.621887
vt 0.106027 0.619431
vt 0.112441 0.611813
vt 0.124713 0.622105
vt 0.132839 0.612438
vt 0.159271 0.612156
vt 0.139017 0.622171
vt 0.197039 0.621807
vt 0.168204 0.611741
vt 0.193354 0.615388
vt 0.205571 0.617183
vt 0.228398 0.612031
vt 0.230764 0.622168
vt 0.281511 0.614345
vt 0.244926 0.621939
vt 0.239553 0.612095
vt 0.298953 0.621803
vt 0.290452 0.616853
vt 0.307217 0.611779
vt 0.333720 0.612003
vt 0.338218 0.622110
vt 0.315944 0.619964
vt 0.347482 0.612038
vt 0.362095 0.615326
vt 0.361063 0.622082
vt 0.370581 0.620937
vt 0.382774 0.612022
vt 0.389309 0.622170
vt 0.416442 0.621910
vt 0.399246 0.620890
vt 0.397783 0.612466
vt 0.434283 0.621920
vt 0.425231 0.612397
vt 0.447359 0.621186
vt 0.456614 0.616006
vt 0.477617 0.612633
vt 0.466223 0.622240
vt 0.514361 0.620800
vt 0.503359 0.622061
vt 0.486824 0.612694
vt 0.551849 0.612639
vt 0.549079 0.622149
vt 0.522667 0.617692
vt 0.588863 0.616389
vt 0.584642 0.622102
vt 0.560655 0.612228
vt 0.617694 0.612375
vt 0.609843 0.620000
vt 0.597136 0.622208
vt 0.642907 0.614160
vt 0.657454 0.621887
vt 0.626796 0.612535
vt 0.666931 0.622150
vt 0.674293 0.612712
vt 0.682922 0.616112
vt 0.691814 0.617865
vt 0.708259 0.612281
vt 0.710742 0.622101
vt 0.749765 0.613818
vt 0.730264 0.621848
vt 0.719585 0.612255
vt 0.774515 0.612647
vt 0.764361 0.622205
vt 0.758416 0.614771
vt 0.784040 0.612611
vt 0.800739 0.618923
vt 0.788894 0.621893
vt 0.809353 0.612316
vt 0.817140 0.613262
vt 0.809953 0.621819
vt 0.825269 0.621135
vt 0.826103 0.612459
vt 0.831842 0.621788
vt 0.839856 0.618040
vt 0.859022 0.612643
vt 0.848972 0.622130
vt 0.870554 0.622202
vt 0.868077 0.612578
vt 0.883839 0.621617
vt 0.920784 0.612498
vt 0.917352 0.621832
vt 0.893338 0.619365
vt 0.931269 0.620407
vt 0.928925 0.612382
vt 0.952233 0.621887
vt 0.974988 0.622022
vt 0.961011 0.619975
vt 0.968642 0.612261
vt 0.004238 0.606945
vt 0.006880 0.597474
vt 0.025719 0.600398
vt 0.054363 0.597358
vt 0.038346 0.606948
vt 0.035107 0.603276
vt 0.983611 0.612414
vt 0.994584 0.615096
vt 0.986831 0.621908
vt 0.063296 0.597624
vt 0.080541 0.607132
vt 0.062871 0.601977
vt 0.102422 0.597417
vt 0.097413 0.607107
vt 0.089627 0.606160
vt 0.110542 0.600274
vt 0.118629 0.597603
vt 0.111267 0.607041
vt 0.127360 0.601194
vt 0.142491 0.597469
vt 0.144969 0.607093
vt 0.153598 0.603292
vt 0.158416 0.597305
vt 0.161636 0.606799
vt 0.170163 0.597156
vt 0.202630 0.599142
vt 0.176812 0.606787
vt 0.228195 0.605656
vt 0.211675 0.606837
vt 0.227473 0.597531
vt 0.252627 0.602372
vt 0.237205 0.606735
vt 0.236941 0.597368
vt 0.277683 0.603249
vt 0.261417 0.606734
vt 0.266079 0.597270
vt 0.310970 0.606833
vt 0.287037 0.604867
vt 0.305608 0.597393
vt 0.345022 0.602582
vt 0.324590 0.606778
vt 0.319828 0.597597
vt 0.368790 0.607024
vt 0.354377 0.602104
vt 0.365083 0.597501
vt 0.392297 0.597408
vt 0.391516 0.606778
vt 0.377806 0.605613
vt 0.400605 0.597272
vt 0.424619 0.602263
vt 0.423913 0.606778
vt 0.433443 0.606073
vt 0.454130 0.597459
vt 0.445402 0.606660
vt 0.463283 0.598656
vt 0.491395 0.597478
vt 0.463660 0.606739
vt 0.503021 0.597530
vt 0.518625 0.605936
vt 0.500251 0.607040
vt 0.543282 0.599508
vt 0.545564 0.606882
vt 0.527560 0.597373
vt 0.554649 0.606016
vt 0.563388 0.597493
vt 0.580360 0.606642
vt 0.589409 0.603137
vt 0.625444 0.597459
vt 0.605534 0.606983
vt 0.645586 0.597524
vt 0.673748 0.601133
vt 0.634192 0.607131
vt 0.697078 0.597563
vt 0.697939 0.606849
vt 0.682253 0.601845
vt 0.722206 0.605791
vt 0.706715 0.606958
vt 0.721795 0.597540
vt 0.731293 0.602733
vt 0.739196 0.597408
vt 0.748025 0.606826
vt 0.756381 0.603470
vt 0.764259 0.597459
vt 0.784130 0.607064
vt 0.831951 0.597216
vt 0.822706 0.607064
vt 0.792395 0.603214
vt 0.877551 0.601496
vt 0.863356 0.606887
vt 0.840767 0.597472
vt 0.912964 0.607156
vt 0.886168 0.599266
vt 0.913382 0.597192
vt 0.931561 0.597216
vt 0.949635 0.597360
vt 0.922315 0.607064
vt 0.966192 0.606821
vt 0.958981 0.597483
vt 0.992677 0.600627
vt 0.028540 0.590260
vt 0.003910 0.592370
vt 0.027624 0.582853
vt 0.037826 0.592219
vt 0.045109 0.582719
vt 0.062427 0.588079
vt 0.088552 0.582650
vt 0.096317 0.590476
vt 0.071221 0.592177
vt 0.104867 0.590586
vt 0.113721 0.582612
vt 0.128671 0.592372
vt 0.153561 0.582606
vt 0.160211 0.592238
vt 0.137542 0.586199
vt 0.186710 0.582719
vt 0.179428 0.592219
vt 0.169720 0.586577
vt 0.222382 0.587446
vt 0.196167 0.592606
vt 0.196585 0.582643
vt 0.241869 0.582812
vt 0.251297 0.592281
vt 0.230945 0.587900
vt 0.282937 0.582600
vt 0.274525 0.592591
vt 0.260593 0.586262
vt 0.324068 0.583689
vt 0.311439 0.592551
vt 0.291642 0.582681
vt 0.355639 0.591643
vt 0.332909 0.592398
vt 0.353322 0.582712
vt 0.400324 0.582982
vt 0.384527 0.592287
vt 0.364679 0.584047
vt 0.408830 0.582971
vt 0.439745 0.584038
vt 0.416125 0.592346
vt 0.454524 0.592284
vt 0.449163 0.582844
vt 0.472681 0.589532
vt 0.508319 0.582716
vt 0.487761 0.592550
vt 0.481577 0.585263
vt 0.516715 0.582706
vt 0.533192 0.583452
vt 0.523090 0.592230
vt 0.542666 0.592299
vt 0.541804 0.583014
vt 0.559306 0.585156
vt 0.579937 0.582596
vt 0.590616 0.592189
vt 0.567902 0.587488
vt 0.599524 0.592229
vt 0.600305 0.582859
vt 0.615630 0.585786
vt 0.648320 0.584003
vt 0.624383 0.592174
vt 0.627815 0.582839
vt 0.685976 0.592402
vt 0.656424 0.582924
vt 0.669441 0.583036
vt 0.714311 0.582909
vt 0.723852 0.587377
vt 0.694401 0.592434
vt 0.747811 0.592372
vt 0.732861 0.582612
vt 0.760069 0.587101
vt 0.781213 0.592258
vt 0.769432 0.587597
vt 0.784138 0.583067
vt 0.812328 0.589696
vt 0.792940 0.592343
vt 0.795371 0.582733
vt 0.820939 0.589793
vt 0.828919 0.582563
vt 0.834142 0.592440
vt 0.843023 0.584980
vt 0.861373 0.582924
vt 0.858731 0.592396
vt 0.892263 0.590112
vt 0.870734 0.592054
vt 0.875369 0.582661
vt 0.915666 0.582971
vt 0.922961 0.592346
vt 0.900927 0.591323
vt 0.931655 0.588630
vt 0.943552 0.583079
vt 0.949000 0.592175
vt 0.982954 0.592596
vt 0.957680 0.582928
vt 0.976062 0.583983
vt 0.004558 0.578058
vt 0.019282 0.568261
vt 0.034646 0.577905
vt 0.069411 0.577788
vt 0.043193 0.574103
vt 0.046822 0.568373
vt 0.089492 0.577738
vt 0.078901 0.570452
vt 0.093124 0.568538
vt 0.120295 0.577256
vt 0.102481 0.578050
vt 0.115577 0.568330
vt 0.140900 0.568240
vt 0.157987 0.571155
vt 0.129549 0.577972
vt 0.192475 0.577461
vt 0.166043 0.577743
vt 0.186475 0.568120
vt 0.209905 0.567996
vt 0.223121 0.574970
vt 0.202058 0.577790
vt 0.231710 0.574722
vt 0.246725 0.568008
vt 0.242425 0.577624
vt 0.271938 0.568171
vt 0.267276 0.577635
vt 0.255395 0.572174
vt 0.290917 0.577848
vt 0.280970 0.568714
vt 0.311330 0.568163
vt 0.319444 0.575183
vt 0.348630 0.568384
vt 0.355840 0.577722
vt 0.371081 0.577604
vt 0.364855 0.568376
vt 0.395303 0.573452
vt 0.411247 0.568157
vt 0.417621 0.577680
vt 0.404017 0.576270
vt 0.437063 0.577827
vt 0.426555 0.573151
vt 0.454660 0.569068
vt 0.469818 0.578020
vt 0.463818 0.568680
vt 0.494456 0.569228
vt 0.503618 0.577463
vt 0.510236 0.569094
vt 0.525674 0.577863
vt 0.535121 0.569027
vt 0.544193 0.568775
vt 0.544385 0.577576
vt 0.568715 0.575967
vt 0.553387 0.577541
vt 0.559089 0.568615
vt 0.597987 0.577882
vt 0.577458 0.575152
vt 0.605646 0.568800
vt 0.615175 0.568815
vt 0.630799 0.569072
vt 0.631749 0.577883
vt 0.691126 0.577965
vt 0.640197 0.574259
vt 0.668193 0.569067
vt 0.733967 0.571410
vt 0.700113 0.577728
vt 0.724957 0.568636
vt 0.750177 0.568800
vt 0.755742 0.576040
vt 0.742518 0.577882
vt 0.792216 0.572424
vt 0.764220 0.577617
vt 0.774481 0.568987
vt 0.827223 0.572752
vt 0.823938 0.577965
vt 0.801005 0.569067
vt 0.836564 0.577943
vt 0.849344 0.568900
vt 0.861336 0.573582
vt 0.880532 0.568938
vt 0.870601 0.577757
vt 0.870435 0.570618
vt 0.899846 0.571766
vt 0.892733 0.577850
vt 0.888797 0.568641
vt 0.922712 0.568603
vt 0.911584 0.577517
vt 0.908975 0.569253
vt 0.931581 0.569072
vt 0.949390 0.574871
vt 0.932530 0.577883
vt 0.958704 0.568995
vt 0.972309 0.570405
vt 0.963473 0.577864
vt 0.981187 0.573873
vt 0.992981 0.568660
vt 0.993359 0.577687
vt 0.004158 0.560239
vt 0.024665 0.554438
vt 0.028146 0.563513
vt 0.036888 0.559687
vt 0.060253 0.554393
vt 0.060153 0.563342
vt 0.077586 0.560917
vt 0.068427 0.563273
vt 0.069657 0.554293
vt 0.086824 0.563405
vt 0.100383 0.554124
vt 0.110891 0.558801
vt 0.128431 0.563206
vt 0.119895 0.554230
vt 0.131117 0.559144
vt 0.177184 0.561214
vt 0.150490 0.562961
vt 0.140342 0.554262
vt 0.227483 0.554948
vt 0.201456 0.563314
vt 0.186017 0.554544
vt 0.260656 0.555419
vt 0.235885 0.563194
vt 0.247270 0.554531
vt 0.268767 0.557151
vt 0.292192 0.554531
vt 0.280807 0.563194
vt 0.301485 0.563224
vt 0.314380 0.554204
vt 0.317765 0.562626
vt 0.350938 0.554784
vt 0.351836 0.563320
vt 0.326500 0.554398
vt 0.373511 0.554006
vt 0.382090 0.561506
vt 0.360649 0.562982
vt 0.390953 0.563465
vt 0.394970 0.555169
vt 0.414409 0.554339
vt 0.446653 0.554185
vt 0.443934 0.563189
vt 0.423728 0.559517
vt 0.455145 0.563260
vt 0.458566 0.554395
vt 0.465039 0.557249
vt 0.473742 0.554245
vt 0.493738 0.558473
vt 0.486762 0.563401
vt 0.520184 0.562992
vt 0.502575 0.557765
vt 0.525886 0.554065
vt 0.534399 0.554920
vt 0.552360 0.554443
vt 0.538911 0.563405
vt 0.586722 0.559823
vt 0.561518 0.563492
vt 0.560918 0.554176
vt 0.595215 0.561320
vt 0.606284 0.554281
vt 0.616602 0.563111
vt 0.625699 0.554386
vt 0.631215 0.558326
vt 0.629486 0.562955
vt 0.680385 0.562998
vt 0.641007 0.558040
vt 0.639691 0.554312
vt 0.711607 0.563269
vt 0.688520 0.558081
vt 0.706983 0.554403
vt 0.741031 0.562027
vt 0.720019 0.563451
vt 0.734459 0.554404
vt 0.757448 0.563390
vt 0.749445 0.554261
vt 0.777372 0.558796
vt 0.793745 0.554194
vt 0.788996 0.563036
vt 0.786285 0.558584
vt 0.802541 0.554173
vt 0.824779 0.562344
vt 0.804858 0.563103
vt 0.847322 0.560936
vt 0.833251 0.563218
vt 0.840773 0.554310
vt 0.867147 0.562963
vt 0.856231 0.554282
vt 0.877436 0.557650
vt 0.909174 0.563492
vt 0.885968 0.557083
vt 0.908574 0.554176
vt 0.917580 0.554786
vt 0.944759 0.554528
vt 0.927604 0.563110
vt 0.962745 0.563100
vt 0.953801 0.559028
vt 0.961620 0.554095
vt 0.983856 0.563225
vt 0.971123 0.562038
vt 0.975203 0.554365
vt 0.004022 0.547561
vt 0.006306 0.540523
vt 0.015685 0.549049
vt 0.055887 0.544978
vt 0.024778 0.549355
vt 0.038906 0.540314
vt 0.085435 0.540428
vt 0.067937 0.549452
vt 0.064695 0.542067
vt 0.094454 0.549168
vt 0.098683 0.540186
vt 0.107134 0.547860
vt 0.129000 0.540045
vt 0.124083 0.548972
vt 0.115924 0.540778
vt 0.168448 0.540112
vt 0.153330 0.549220
vt 0.138079 0.541951
vt 0.202076 0.540214
vt 0.189181 0.549234
vt 0.176835 0.543624
vt 0.210607 0.540452
vt 0.216115 0.547225
vt 0.211878 0.549042
vt 0.252840 0.540174
vt 0.237514 0.548970
vt 0.225077 0.541330
vt 0.272321 0.540063
vt 0.285176 0.542669
vt 0.261193 0.548977
vt 0.307097 0.542601
vt 0.326236 0.540304
vt 0.294329 0.549226
vt 0.363015 0.540361
vt 0.350236 0.549404
vt 0.335380 0.542971
vt 0.371909 0.540291
vt 0.402366 0.541993
vt 0.382227 0.549121
vt 0.443388 0.540380
vt 0.422701 0.548994
vt 0.412063 0.542720
vt 0.468125 0.540078
vt 0.456716 0.549261
vt 0.453092 0.541565
vt 0.493091 0.549168
vt 0.477396 0.546362
vt 0.480397 0.540381
vt 0.501088 0.540474
vt 0.517982 0.549083
vt 0.504502 0.548811
vt 0.526460 0.549223
vt 0.536721 0.540236
vt 0.546744 0.548560
vt 0.572367 0.540529
vt 0.589284 0.549429
vt 0.555231 0.546370
vt 0.608788 0.545290
vt 0.598491 0.549146
vt 0.604790 0.540479
vt 0.626871 0.549052
vt 0.617981 0.540070
vt 0.643511 0.544756
vt 0.690273 0.540314
vt 0.676145 0.549355
vt 0.652099 0.540553
vt 0.698985 0.546226
vt 0.714925 0.540268
vt 0.709946 0.549402
vt 0.731432 0.542288
vt 0.743522 0.540496
vt 0.724448 0.549266
vt 0.755027 0.547120
vt 0.752079 0.540186
vt 0.775455 0.549479
vt 0.799349 0.544331
vt 0.785987 0.549111
vt 0.784862 0.540105
vt 0.827719 0.540157
vt 0.835858 0.549091
vt 0.807695 0.545482
vt 0.856327 0.540418
vt 0.866345 0.548055
vt 0.844279 0.549324
vt 0.875956 0.544564
vt 0.896551 0.540448
vt 0.886291 0.549077
vt 0.906160 0.540212
vt 0.923347 0.549460
vt 0.910330 0.549348
vt 0.956667 0.549400
vt 0.931871 0.546727
vt 0.948664 0.540271
vt 0.003949 0.526333
vt 0.032348 0.529958
vt 0.044643 0.535019
vt 0.964885 0.544024
vt 0.980254 0.540292
vt 0.991170 0.548973
vt 0.053305 0.526167
vt 0.088491 0.527090
vt 0.061443 0.535101
vt 0.105927 0.535245
vt 0.097274 0.526385
vt 0.113404 0.532888
vt 0.154808 0.526418
vt 0.150544 0.535499
vt 0.122105 0.531567
vt 0.163973 0.526222
vt 0.182449 0.533033
vt 0.181160 0.535470
vt 0.190812 0.535082
vt 0.197999 0.526525
vt 0.200810 0.533805
vt 0.209368 0.535236
vt 0.241276 0.526315
vt 0.239737 0.533397
vt 0.250604 0.526261
vt 0.278151 0.533454
vt 0.252167 0.535514
vt 0.287094 0.535412
vt 0.292073 0.526278
vt 0.297050 0.530967
vt 0.335459 0.526479
vt 0.326990 0.535131
vt 0.306264 0.534365
vt 0.343959 0.534980
vt 0.359285 0.526184
vt 0.368791 0.533167
vt 0.377858 0.526392
vt 0.415887 0.529525
vt 0.390552 0.535178
vt 0.450800 0.526261
vt 0.452363 0.535514
vt 0.424362 0.533967
vt 0.460938 0.535534
vt 0.476563 0.535534
vt 0.460938 0.526581
vt 0.484375 0.535534
vt 0.500000 0.535534
vt 0.484375 0.526581
vt 0.507813 0.535534
vt 0.523438 0.535534
vt 0.507813 0.526581
vt 0.531250 0.535534
vt 0.546875 0.535534
vt 0.531250 0.526581
vt 0.554688 0.535534
vt 0.570313 0.535534
vt 0.554688 0.526581
vt 0.578125 0.535534
vt 0.593750 0.535534
vt 0.578125 0.526581
vt 0.601563 0.535534
vt 0.617188 0.535534
vt 0.601563 0.526581
vt 0.625725 0.535203
vt 0.636629 0.526656
vt 0.652502 0.531912
vt 0.661133 0.535534
vt 0.676758 0.535534
vt 0.661133 0.526581
vt 0.684570 0.535534
vt 0.700195 0.535534
vt 0.684570 0.526581
vt 0.708008 0.535534
vt 0.723633 0.535534
vt 0.708008 0.526581
vt 0.731445 0.535534
vt 0.747070 0.535534
vt 0.731445 0.526581
vt 0.754883 0.535534
vt 0.770508 0.535534
vt 0.754883 0.526581
vt 0.778320 0.535534
vt 0.793945 0.535534
vt 0.778320 0.526581
vt 0.801758 0.535534
vt 0.817383 0.535534
vt 0.801758 0.526581
vt 0.825195 0.535534
vt 0.840820 0.535534
vt 0.825195 0.526581
vt 0.862132 0.530923
vt 0.849322 0.535367
vt 0.854560 0.527081
vt 0.870117 0.535534
vt 0.885742 0.535534
vt 0.870117 0.526581
vt 0.893555 0.535534
vt 0.909180 0.535534
vt 0.893555 0.526581
vt 0.916992 0.535534
vt 0.932617 0.535534
vt 0.916992 0.526581
vt 0.940430 0.535534
vt 0.956055 0.535534
vt 0.940430 0.526581
vt 0.963867 0.535534
vt 0.979492 0.535534
vt 0.963867 0.526581
vt 0.003906 0.521544
vt 0.019531 0.521544
vt 0.003906 0.512591
vt 0.027344 0.521544
vt 0.042969 0.521544
vt 0.027344 0.512591
vt 0.050781 0.521544
vt 0.066406 0.521544
vt 0.050781 0.512591
vt 0.074219 0.521544
vt 0.089844 0.521544
vt 0.074219 0.512591
vt 0.097656 0.521544
vt 0.113281 0.521544
vt 0.097656 0.512591
vt 0.121094 0.521544
vt 0.136719 0.521544
vt 0.121094 0.512591
vt 0.144531 0.521544
vt 0.160156 0.521544
vt 0.144531 0.512591
vt 0.167969 0.521544
vt 0.183594 0.521544
vt 0.167969 0.512591
vt 0.191406 0.521544
vt 0.207031 0.521544
vt 0.191406 0.512591
vt 0.214844 0.521544
vt 0.230469 0.521544
vt 0.214844 0.512591
vt 0.238281 0.521544
vt 0.253906 0.521544
vt 0.238281 0.512591
vt 0.261719 0.521544
vt 0.277344 0.521544
vt 0.261719 0.512591
vt 0.285156 0.521544
vt 0.300781 0.521544
vt 0.285156 0.512591
vt 0.308594 0.521544
vt 0.324219 0.521544
vt 0.308594 0.512591
vt 0.332031 0.521544
vt 0.347656 0.521544
vt 0.332031 0.512591
vt 0.355469 0.521544
vt 0.371094 0.521544
vt 0.355469 0.512591
vt 0.395769 0.521451
vt 0.379343 0.516847
vt 0.401528 0.513098
vt 0.438100 0.513100
vt 0.429127 0.521255
vt 0.411053 0.521111
vt 0.446289 0.521544
vt 0.461914 0.521544
vt 0.446289 0.512591
vt 0.498261 0.514249
vt 0.490078 0.521288
vt 0.470261 0.512702
vt 0.506836 0.521544
vt 0.522461 0.521544
vt 0.506836 0.512591
vt 0.530300 0.521428
vt 0.534473 0.512840
vt 0.560666 0.513664
vt 0.569336 0.521544
vt 0.584961 0.521544
vt 0.569336 0.512591
vt 0.592773 0.521544
vt 0.608398 0.521544
vt 0.592773 0.512591
vt 0.616211 0.521544
vt 0.631836 0.521544
vt 0.616211 0.512591
vt 0.664858 0.512956
vt 0.656414 0.521501
vt 0.639700 0.515575
vt 0.672852 0.521544
vt 0.688477 0.521544
vt 0.672852 0.512591
vt 0.696289 0.521544
vt 0.711914 0.521544
vt 0.696289 0.512591
vt 0.719727 0.521544
vt 0.735352 0.521544
vt 0.719727 0.512591
vt 0.743164 0.521544
vt 0.758789 0.521544
vt 0.743164 0.512591
vt 0.766602 0.521544
vt 0.782227 0.521544
vt 0.766602 0.512591
vt 0.790039 0.521544
vt 0.805664 0.521544
vt 0.790039 0.512591
vt 0.813477 0.521544
vt 0.829102 0.521544
vt 0.813477 0.512591
vt 0.836914 0.521544
vt 0.852539 0.521544
vt 0.836914 0.512591
vt 0.860352 0.521544
vt 0.875977 0.521544
vt 0.860352 0.512591
vt 0.883789 0.521544
vt 0.899414 0.521544
vt 0.883789 0.512591
vt 0.907227 0.521544
vt 0.922852 0.521544
vt 0.907227 0.512591
vt 0.930664 0.521544
vt 0.946289 0.521544
vt 0.930664 0.512591
vt 0.954102 0.521544
vt 0.969727 0.521544
vt 0.954102 0.512591
vt 0.977539 0.521544
vt 0.993164 0.521544
vt 0.977539 0.512591
vt 0.003906 0.508114
vt 0.019531 0.508114
vt 0.003906 0.499161
vt 0.027344 0.508114
vt 0.042969 0.508114
vt 0.027344 0.499161
vt 0.050781 0.508114
vt 0.066406 0.508114
vt 0.050781 0.499161
vt 0.074219 0.508114
vt 0.089844 0.508114
vt 0.074219 0.499161
vt 0.097656 0.508114
vt 0.113281 0.508114
vt 0.097656 0.499161
vt 0.121094 0.508114
vt 0.136719 0.508114
vt 0.121094 0.499161
vt 0.146306 0.507785
vt 0.145382 0.500820
vt 0.165593 0.499393
vt 0.173828 0.508114
vt 0.189453 0.508114
vt 0.173828 0.499161
vt 0.197266 0.508114
vt 0.212891 0.508114
vt 0.197266 0.499161
vt 0.220703 0.508114
vt 0.236328 0.508114
vt 0.220703 0.499161
vt 0.255876 0.499352
vt 0.265785 0.503266
vt 0.244733 0.507651
vt 0.274414 0.508114
vt 0.290039 0.508114
vt 0.274414 0.499161
vt 0.297852 0.508114
vt 0.313477 0.508114
vt 0.297852 0.499161
vt 0.321289 0.508114
vt 0.336914 0.508114
vt 0.321289 0.499161
vt 0.344727 0.508114
vt 0.360352 0.508114
vt 0.344727 0.499161
vt 0.368193 0.507859
vt 0.379465 0.499610
vt 0.389074 0.505844
vt 0.397461 0.508114
vt 0.413086 0.508114
vt 0.397461 0.499161
vt 0.420898 0.508114
vt 0.436523 0.508114
vt 0.420898 0.499161
vt 0.444336 0.508114
vt 0.459961 0.508114
vt 0.444336 0.499161
vt 0.467773 0.508114
vt 0.483398 0.508114
vt 0.467773 0.499161
vt 0.491211 0.508114
vt 0.506836 0.508114
vt 0.491211 0.499161
vt 0.515224 0.508079
vt 0.519454 0.501697
vt 0.540050 0.499635
vt 0.548828 0.508114
vt 0.564453 0.508114
vt 0.548828 0.499161
vt 0.572266 0.508114
vt 0.587891 0.508114
vt 0.572266 0.499161
vt 0.595703 0.508114
vt 0.611328 0.508114
vt 0.595703 0.499161
vt 0.619141 0.508114
vt 0.634766 0.508114
vt 0.619141 0.499161
vt 0.643122 0.499625
vt 0.663839 0.500730
vt 0.658288 0.508003
vt 0.671875 0.508114
vt 0.687500 0.508114
vt 0.671875 0.499161
vt 0.695313 0.508114
vt 0.710938 0.508114
vt 0.695313 0.499161
vt 0.718750 0.508114
vt 0.734375 0.508114
vt 0.718750 0.499161
vt 0.742188 0.508114
vt 0.757813 0.508114
vt 0.742188 0.499161
vt 0.765625 0.508114
vt 0.781250 0.508114
vt 0.765625 0.499161
vt 0.789416 0.507813
vt 0.791402 0.499585
vt 0.801159 0.502596
vt 0.809570 0.508114
vt 0.825195 0.508114
vt 0.809570 0.499161
vt 0.852371 0.507851
vt 0.833895 0.501040
vt 0.850908 0.499427
vt 0.861080 0.507971
vt 0.861643 0.501392
vt 0.875000 0.499566
vt 0.882813 0.508114
vt 0.898438 0.508114
vt 0.882813 0.499161
vt 0.935824 0.507775
vt 0.907134 0.505472
vt 0.929322 0.499213
vt 0.944336 0.508114
vt 0.959961 0.508114
vt 0.944336 0.499161
vt 0.967773 0.508114
vt 0.983398 0.508114
vt 0.967773 0.499161
vt 0.003906 0.494684
vt 0.019531 0.494684
vt 0.003906 0.485730
vt 0.027344 0.494684
vt 0.042969 0.494684
vt 0.027344 0.485730
vt 0.050781 0.494684
vt 0.066406 0.494684
vt 0.050781 0.485730
vt 0.074219 0.494684
vt 0.089844 0.494684
vt 0.074219 0.485730
vt 0.097656 0.494684
vt 0.113281 0.494684
vt 0.097656 0.485730
vt 0.121094 0.494684
vt 0.136719 0.494684
vt 0.121094 0.485730
vt 0.144531 0.494684
vt 0.160156 0.494684
vt 0.144531 0.485730
vt 0.167969 0.494684
vt 0.183594 0.494684
vt 0.167969 0.485730
vt 0.191406 0.494684
vt 0.207031 0.494684
vt 0.191406 0.485730
vt 0.214844 0.494684
vt 0.230469 0.494684
vt 0.214844 0.485730
vt 0.238281 0.494684
vt 0.253906 0.494684
vt 0.238281 0.485730
vt 0.262330 0.485782
vt 0.281844 0.486688
vt 0.268832 0.494345
vt 0.290039 0.494684
vt 0.305664 0.494684
vt 0.290039 0.485730
vt 0.313477 0.494684
vt 0.329102 0.494684
vt 0.313477 0.485730
vt 0.343348 0.494140
vt 0.337186 0.490693
vt 0.358821 0.485960
vt 0.367188 0.494684
vt 0.382813 0.494684
vt 0.367188 0.485730
vt 0.413229 0.485754
vt 0.398371 0.494566
vt 0.391205 0.487003
vt 0.421875 0.494684
vt 0.437500 0.494684
vt 0.421875 0.485730
vt 0.445313 0.494684
vt 0.460938 0.494684
vt 0.445313 0.485730
vt 0.468750 0.494684
vt 0.484375 0.494684
vt 0.468750 0.485730
vt 0.492188 0.494684
vt 0.507813 0.494684
vt 0.492188 0.485730
vt 0.543465 0.492387
vt 0.516875 0.494489
vt 0.515977 0.485954
vt 0.551758 0.494684
vt 0.567383 0.494684
vt 0.551758 0.485730
vt 0.575195 0.494684
vt 0.590820 0.494684
vt 0.575195 0.485730
vt 0.598633 0.494684
vt 0.614258 0.494684
vt 0.598633 0.485730
vt 0.622070 0.494684
vt 0.637695 0.494684
vt 0.622070 0.485730
vt 0.645508 0.494684
vt 0.661133 0.494684
vt 0.645508 0.485730
vt 0.668945 0.494684
vt 0.684570 0.494684
vt 0.668945 0.485730
vt 0.692383 0.494684
vt 0.708008 0.494684
vt 0.692383 0.485730
vt 0.715820 0.494684
vt 0.731445 0.494684
vt 0.715820 0.485730
vt 0.739258 0.494684
vt 0.754883 0.494684
vt 0.739258 0.485730
vt 0.762695 0.494684
vt 0.778320 0.494684
vt 0.762695 0.485730
vt 0.786133 0.494684
vt 0.801758 0.494684
vt 0.786133 0.485730
vt 0.809570 0.494684
vt 0.825195 0.494684
vt 0.809570 0.485730
vt 0.833669 0.486027
vt 0.856101 0.489380
vt 0.840826 0.494277
vt 0.864258 0.494684
vt 0.879883 0.494684
vt 0.864258 0.485730
vt 0.887695 0.494684
vt 0.903320 0.494684
vt 0.887695 0.485730
vt 0.939544 0.494198
vt 0.911139 0.489229
vt 0.920254 0.485982
vt 0.948242 0.494684
vt 0.963867 0.494684
vt 0.948242 0.485730
vt 0.971680 0.494684
vt 0.987305 0.494684
vt 0.971680 0.485730
vt 0.003906 0.481253
vt 0.019531 0.481253
vt 0.003906 0.472300
vt 0.027344 0.481253
vt 0.042969 0.481253
vt 0.027344 0.472300
vt 0.050781 0.481253
vt 0.066406 0.481253
vt 0.050781 0.472300
vt 0.074219 0.481253
vt 0.089844 0.481253
vt 0.074219 0.472300
vt 0.097656 0.481253
vt 0.113281 0.481253
vt 0.097656 0.472300
vt 0.151469 0.475056
vt 0.134333 0.480897
vt 0.121325 0.472598
vt 0.160156 0.481253
vt 0.175781 0.481253
vt 0.160156 0.472300
vt 0.183594 0.481253
vt 0.199219 0.481253
vt 0.183594 0.472300
vt 0.243098 0.480016
vt 0.207453 0.481082
vt 0.235932 0.472454
vt 0.250977 0.481253
vt 0.266602 0.481253
vt 0.250977 0.472300
vt 0.274414 0.481253
vt 0.290039 0.481253
vt 0.274414 0.472300
vt 0.297852 0.481253
vt 0.313477 0.481253
vt 0.297852 0.472300
vt 0.321289 0.481253
vt 0.336914 0.481253
vt 0.321289 0.472300
vt 0.344727 0.481253
vt 0.360352 0.481253
vt 0.344727 0.472300
vt 0.368164 0.481253
vt 0.383789 0.481253
vt 0.368164 0.472300
vt 0.391602 0.481253
vt 0.407227 0.481253
vt 0.391602 0.472300
vt 0.415039 0.481253
vt 0.430664 0.481253
vt 0.415039 0.472300
vt 0.438477 0.481253
vt 0.454102 0.481253
vt 0.438477 0.472300
vt 0.461914 0.481253
vt 0.477539 0.481253
vt 0.461914 0.472300
vt 0.485352 0.481253
vt 0.500977 0.481253
vt 0.485352 0.472300
vt 0.508789 0.481253
vt 0.524414 0.481253
vt 0.508789 0.472300
vt 0.532227 0.481253
vt 0.547852 0.481253
vt 0.532227 0.472300
vt 0.555664 0.481253
vt 0.571289 0.481253
vt 0.555664 0.472300
vt 0.579102 0.481253
vt 0.594727 0.481253
vt 0.579102 0.472300
vt 0.602539 0.481253
vt 0.618164 0.481253
vt 0.602539 0.472300
vt 0.625977 0.481253
vt 0.641602 0.481253
vt 0.625977 0.472300
vt 0.649414 0.481253
vt 0.665039 0.481253
vt 0.649414 0.472300
vt 0.672852 0.481253
vt 0.688477 0.481253
vt 0.672852 0.472300
vt 0.696289 0.481253
vt 0.711914 0.481253
vt 0.696289 0.472300
vt 0.719727 0.481253
vt 0.735352 0.481253
vt 0.719727 0.472300
vt 0.743164 0.481253
vt 0.758789 0.481253
vt 0.743164 0.472300
vt 0.766602 0.481253
vt 0.782227 0.481253
vt 0.766602 0.472300
vt 0.790039 0.481253
vt 0.805664 0.481253
vt 0.790039 0.472300
vt 0.842377 0.472454
vt 0.813898 0.481082
vt 0.817313 0.472342
vt 0.850586 0.481253
vt 0.866211 0.481253
vt 0.850586 0.472300
vt 0.874023 0.481253
vt 0.889648 0.481253
vt 0.874023 0.472300
vt 0.897461 0.481253
vt 0.913086 0.481253
vt 0.897461 0.472300
vt 0.920898 0.481253
vt 0.936523 0.481253
vt 0.920898 0.472300
vt 0.944336 0.481253
vt 0.959961 0.481253
vt 0.944336 0.472300
vt 0.041107 0.462667
vt 0.011925 0.467720
vt 0.004617 0.459239
vt 0.967773 0.481253
vt 0.983398 0.481253
vt 0.967773 0.472300
vt 0.049805 0.467823
vt 0.065430 0.467823
vt 0.049805 0.458870
vt 0.073242 0.467823
vt 0.088867 0.467823
vt 0.073242 0.458870
vt 0.096680 0.467823
vt 0.112305 0.467823
vt 0.096680 0.458870
vt 0.120117 0.467823
vt 0.135742 0.467823
vt 0.120117 0.458870
vt 0.147589 0.459193
vt 0.160304 0.467707
vt 0.144116 0.465093
vt 0.168945 0.467823
vt 0.184570 0.467823
vt 0.168945 0.458870
vt 0.210013 0.459056
vt 0.202001 0.467581
vt 0.192702 0.460405
vt 0.218750 0.467823
vt 0.234375 0.467823
vt 0.218750 0.458870
vt 0.242188 0.467823
vt 0.257813 0.467823
vt 0.242188 0.458870
vt 0.265625 0.467823
vt 0.281250 0.467823
vt 0.265625 0.458870
vt 0.289063 0.467823
vt 0.304688 0.467823
vt 0.289063 0.458870
vt 0.312500 0.467823
vt 0.328125 0.467823
vt 0.312500 0.458870
vt 0.993747 0.527779
vt 0.988004 0.535359
vt 0.988176 0.526669
vt 0.367217 0.467428
vt 0.336864 0.464926
vt 0.348416 0.459056
vt 0.375977 0.467823
vt 0.391602 0.467823
vt 0.375977 0.458870
vt 0.399414 0.467823
vt 0.415039 0.467823
vt 0.399414 0.458870
vt 0.422852 0.467823
vt 0.438477 0.467823
vt 0.422852 0.458870
vt 0.446289 0.467823
vt 0.461914 0.467823
vt 0.446289 0.458870
vt 0.469727 0.467823
vt 0.485352 0.467823
vt 0.469727 0.458870
vt 0.493164 0.467823
vt 0.508789 0.467823
vt 0.493164 0.458870
vt 0.539502 0.462276
vt 0.516646 0.467647
vt 0.530123 0.459384
vt 0.547852 0.467823
vt 0.563477 0.467823
vt 0.547852 0.458870
vt 0.571289 0.467823
vt 0.586914 0.467823
vt 0.571289 0.458870
vt 0.594727 0.467823
vt 0.610352 0.467823
vt 0.594727 0.458870
vt 0.618164 0.467823
vt 0.633789 0.467823
vt 0.618164 0.458870
vt 0.641602 0.467823
vt 0.657227 0.467823
vt 0.641602 0.458870
vt 0.665039 0.467823
vt 0.680664 0.467823
vt 0.665039 0.458870
vt 0.688477 0.467823
vt 0.704102 0.467823
vt 0.688477 0.458870
vt 0.711914 0.467823
vt 0.727539 0.467823
vt 0.711914 0.458870
vt 0.735352 0.467823
vt 0.750977 0.467823
vt 0.735352 0.458870
vt 0.785578 0.467651
vt 0.759363 0.465089
vt 0.788992 0.458912
vt 0.807761 0.463741
vt 0.797141 0.467808
vt 0.798951 0.459298
vt 0.816406 0.467823
vt 0.832031 0.467823
vt 0.816406 0.458870
vt 0.839844 0.467823
vt 0.855469 0.467823
vt 0.839844 0.458870
vt 0.863281 0.467823
vt 0.878906 0.467823
vt 0.863281 0.458870
vt 0.886719 0.467823
vt 0.902344 0.467823
vt 0.886719 0.458870
vt 0.910156 0.467823
vt 0.925781 0.467823
vt 0.910156 0.458870
vt 0.957031 0.467823
vt 0.972656 0.467823
vt 0.957031 0.458870
vt 0.003906 0.454393
vt 0.019531 0.454393
vt 0.003906 0.445439
vt 0.027344 0.454393
vt 0.042969 0.454393
vt 0.027344 0.445439
vt 0.050781 0.454393
vt 0.066406 0.454393
vt 0.050781 0.445439
vt 0.984628 0.459339
vt 0.991654 0.467362
vt 0.980681 0.464680
vt 0.074219 0.454393
vt 0.089844 0.454393
vt 0.074219 0.445439
vt 0.097656 0.454393
vt 0.113281 0.454393
vt 0.097656 0.445439
vt 0.141922 0.450144
vt 0.128462 0.454375
vt 0.121570 0.445762
vt 0.179042 0.454115
vt 0.150873 0.447410
vt 0.169115 0.445881
vt 0.187500 0.454393
vt 0.203125 0.454393
vt 0.187500 0.445439
vt 0.210938 0.454393
vt 0.226563 0.454393
vt 0.210938 0.445439
vt 0.235267 0.454331
vt 0.247896 0.445469
vt 0.259856 0.446056
vt 0.268555 0.454393
vt 0.284180 0.454393
vt 0.268555 0.445439
vt 0.291992 0.454393
vt 0.307617 0.454393
vt 0.291992 0.445439
vt 0.336969 0.445683
vt 0.343761 0.454285
vt 0.316277 0.452300
vt 0.352872 0.445691
vt 0.386736 0.451963
vt 0.372161 0.453907
vt 0.395508 0.454393
vt 0.411133 0.454393
vt 0.395508 0.445439
vt 0.418945 0.454393
vt 0.434570 0.454393
vt 0.418945 0.445439
vt 0.442383 0.454393
vt 0.458008 0.454393
vt 0.442383 0.445439
vt 0.465820 0.454393
vt 0.481445 0.454393
vt 0.465820 0.445439
vt 0.489258 0.454393
vt 0.504883 0.454393
vt 0.489258 0.445439
vt 0.529171 0.451460
vt 0.513200 0.454143
vt 0.524468 0.445998
vt 0.537109 0.454393
vt 0.552734 0.454393
vt 0.537109 0.445439
vt 0.560547 0.454393
vt 0.576172 0.454393
vt 0.560547 0.445439
vt 0.583984 0.454393
vt 0.599609 0.454393
vt 0.583984 0.445439
vt 0.607422 0.454393
vt 0.623047 0.454393
vt 0.607422 0.445439
vt 0.630859 0.454393
vt 0.646484 0.454393
vt 0.630859 0.445439
vt 0.654297 0.454393
vt 0.669922 0.454393
vt 0.654297 0.445439
vt 0.677734 0.454393
vt 0.693359 0.454393
vt 0.677734 0.445439
vt 0.701172 0.454393
vt 0.716797 0.454393
vt 0.701172 0.445439
vt 0.724779 0.445881
vt 0.750006 0.450216
vt 0.734706 0.454115
vt 0.758789 0.454393
vt 0.774414 0.454393
vt 0.758789 0.445439
vt 0.782227 0.454393
vt 0.797852 0.454393
vt 0.782227 0.445439
vt 0.805664 0.454393
vt 0.821289 0.454393
vt 0.805664 0.445439
vt 0.829175 0.445981
vt 0.835749 0.446634
vt 0.833219 0.454142
vt 0.843750 0.454393
vt 0.859375 0.454393
vt 0.843750 0.445439
vt 0.867188 0.454393
vt 0.882813 0.454393
vt 0.867188 0.445439
vt 0.890625 0.454393
vt 0.906250 0.454393
vt 0.890625 0.445439
vt 0.914063 0.454393
vt 0.929688 0.454393
vt 0.914063 0.445439
vt 0.937500 0.454393
vt 0.953125 0.454393
vt 0.937500 0.445439
vt 0.960938 0.454393
vt 0.976563 0.454393
vt 0.960938 0.445439
vt 0.003906 0.440963
vt 0.019531 0.440963
vt 0.003906 0.432009
vt 0.027344 0.440963
vt 0.042969 0.440963
vt 0.027344 0.432009
vt 0.070368 0.440646
vt 0.051371 0.435030
vt 0.054063 0.432526
vt 0.079102 0.440963
vt 0.094727 0.440963
vt 0.079102 0.432009
vt 0.102539 0.440963
vt 0.118164 0.440963
vt 0.102539 0.432009
vt 0.125977 0.440963
vt 0.141602 0.440963
vt 0.125977 0.432009
vt 0.149414 0.440963
vt 0.165039 0.440963
vt 0.149414 0.432009
vt 0.202465 0.436895
vt 0.173762 0.440844
vt 0.188619 0.432033
vt 0.210938 0.440963
vt 0.226563 0.440963
vt 0.210938 0.432009
vt 0.234375 0.440963
vt 0.250000 0.440963
vt 0.234375 0.432009
vt 0.257818 0.440703
vt 0.268869 0.432451
vt 0.286544 0.439263
vt 0.294922 0.440963
vt 0.310547 0.440963
vt 0.294922 0.432009
vt 0.318359 0.440963
vt 0.333984 0.440963
vt 0.318359 0.432009
vt 0.341797 0.440963
vt 0.357422 0.440963
vt 0.341797 0.432009
vt 0.365466 0.440649
vt 0.383201 0.432228
vt 0.383185 0.440440
vt 0.391602 0.440963
vt 0.407227 0.440963
vt 0.391602 0.432009
vt 0.415039 0.440963
vt 0.430664 0.440963
vt 0.415039 0.432009
vt 0.438477 0.440963
vt 0.454102 0.440963
vt 0.438477 0.432009
vt 0.461914 0.440963
vt 0.477539 0.440963
vt 0.461914 0.432009
vt 0.485352 0.440963
vt 0.500977 0.440963
vt 0.485352 0.432009
vt 0.508789 0.440963
vt 0.524414 0.440963
vt 0.508789 0.432009
vt 0.532227 0.440963
vt 0.547852 0.440963
vt 0.532227 0.432009
vt 0.555664 0.440963
vt 0.571289 0.440963
vt 0.555664 0.432009
vt 0.579102 0.440963
vt 0.594727 0.440963
vt 0.579102 0.432009
vt 0.602539 0.440963
vt 0.618164 0.440963
vt 0.602539 0.432009
vt 0.625977 0.440963
vt 0.641602 0.440963
vt 0.625977 0.432009
vt 0.680758 0.438482
vt 0.649615 0.440938
vt 0.660736 0.432107
vt 0.689453 0.440963
vt 0.705078 0.440963
vt 0.689453 0.432009
vt 0.712891 0.440963
vt 0.728516 0.440963
vt 0.712891 0.432009
vt 0.736328 0.440963
vt 0.751953 0.440963
vt 0.736328 0.432009
vt 0.759766 0.440963
vt 0.775391 0.440963
vt 0.759766 0.432009
vt 0.984458 0.445998
vt 0.994372 0.448252
vt 0.984490 0.454339
vt 0.783203 0.440963
vt 0.798828 0.440963
vt 0.783203 0.432009
vt 0.806641 0.440963
vt 0.822266 0.440963
vt 0.806641 0.432009
vt 0.830078 0.440963
vt 0.845703 0.440963
vt 0.830078 0.432009
vt 0.872242 0.440568
vt 0.854432 0.434769
vt 0.877791 0.432114
vt 0.885742 0.440963
vt 0.901367 0.440963
vt 0.885742 0.432009
vt 0.909180 0.440963
vt 0.924805 0.440963
vt 0.909180 0.432009
vt 0.932617 0.440963
vt 0.948242 0.440963
vt 0.932617 0.432009
vt 0.956055 0.440963
vt 0.971680 0.440963
vt 0.956055 0.432009
vt 0.979492 0.440963
vt 0.995117 0.440963
vt 0.979492 0.432009
vt 0.003906 0.427532
vt 0.019531 0.427532
vt 0.003906 0.418579
vt 0.027344 0.427532
vt 0.042969 0.427532
vt 0.027344 0.418579
vt 0.051455 0.426099
vt 0.068095 0.418956
vt 0.068314 0.427073
vt 0.076172 0.427532
vt 0.091797 0.427532
vt 0.076172 0.418579
vt 0.099609 0.427532
vt 0.115234 0.427532
vt 0.099609 0.418579
vt 0.123047 0.427532
vt 0.138672 0.427532
vt 0.123047 0.418579
vt 0.146484 0.427532
vt 0.162109 0.427532
vt 0.146484 0.418579
vt 0.169922 0.427532
vt 0.185547 0.427532
vt 0.169922 0.418579
vt 0.193359 0.427532
vt 0.208984 0.427532
vt 0.193359 0.418579
vt 0.216797 0.427532
vt 0.232422 0.427532
vt 0.216797 0.418579
vt 0.240234 0.427532
vt 0.255859 0.427532
vt 0.240234 0.418579
vt 0.263672 0.427532
vt 0.279297 0.427532
vt 0.263672 0.418579
vt 0.287109 0.427532
vt 0.302734 0.427532
vt 0.287109 0.418579
vt 0.329636 0.418690
vt 0.349453 0.427276
vt 0.311278 0.427514
vt 0.357422 0.427532
vt 0.373047 0.427532
vt 0.357422 0.418579
vt 0.380859 0.427532
vt 0.396484 0.427532
vt 0.380859 0.418579
vt 0.404297 0.427532
vt 0.419922 0.427532
vt 0.404297 0.418579
vt 0.427734 0.427532
vt 0.443359 0.427532
vt 0.427734 0.418579
vt 0.455889 0.427475
vt 0.451619 0.419941
vt 0.461147 0.418901
vt 0.469727 0.427532
vt 0.485352 0.427532
vt 0.469727 0.418579
vt 0.493164 0.427532
vt 0.508789 0.427532
vt 0.493164 0.418579
vt 0.516602 0.427532
vt 0.532227 0.427532
vt 0.516602 0.418579
vt 0.540039 0.427532
vt 0.555664 0.427532
vt 0.540039 0.418579
vt 0.563477 0.427532
vt 0.579102 0.427532
vt 0.563477 0.418579
vt 0.586914 0.427532
vt 0.602539 0.427532
vt 0.586914 0.418579
vt 0.610352 0.427532
vt 0.625977 0.427532
vt 0.610352 0.418579
vt 0.633789 0.427532
vt 0.649414 0.427532
vt 0.633789 0.418579
vt 0.657227 0.427532
vt 0.672852 0.427532
vt 0.657227 0.418579
vt 0.680664 0.427532
vt 0.696289 0.427532
vt 0.680664 0.418579
vt 0.704102 0.427532
vt 0.719727 0.427532
vt 0.704102 0.418579
vt 0.727539 0.427532
vt 0.743164 0.427532
vt 0.727539 0.418579
vt 0.750977 0.427532
vt 0.766602 0.427532
vt 0.750977 0.418579
vt 0.774414 0.427532
vt 0.790039 0.427532
vt 0.774414 0.418579
vt 0.797852 0.427532
vt 0.813477 0.427532
vt 0.797852 0.418579
vt 0.821289 0.427532
vt 0.836914 0.427532
vt 0.821289 0.418579
vt 0.844727 0.427532
vt 0.860352 0.427532
vt 0.844727 0.418579
vt 0.868164 0.427532
vt 0.883789 0.427532
vt 0.868164 0.418579
vt 0.891602 0.427532
vt 0.907227 0.427532
vt 0.891602 0.418579
vt 0.915039 0.427532
vt 0.930664 0.427532
vt 0.915039 0.418579
vt 0.938477 0.427532
vt 0.954102 0.427532
vt 0.938477 0.418579
vt 0.961914 0.427532
vt 0.977539 0.427532
vt 0.961914 0.418579
vt 0.014355 0.405499
vt 0.004220 0.413813
vt 0.006218 0.405320
vt 0.049687 0.408897
vt 0.026860 0.414049
vt 0.023269 0.405198
vt 0.057948 0.410136
vt 0.070449 0.405282
vt 0.060300 0.414065
vt 0.079102 0.414102
vt 0.094727 0.414102
vt 0.079102 0.405148
vt 0.102539 0.414102
vt 0.118164 0.414102
vt 0.102539 0.405148
vt 0.125977 0.414102
vt 0.141602 0.414102
vt 0.125977 0.405148
vt 0.149414 0.414102
vt 0.165039 0.414102
vt 0.149414 0.405148
vt 0.172852 0.414102
vt 0.188477 0.414102
vt 0.172852 0.405148
vt 0.196289 0.414102
vt 0.211914 0.414102
vt 0.196289 0.405148
vt 0.220142 0.413813
vt 0.229116 0.405657
vt 0.249841 0.406424
vt 0.309003 0.407653
vt 0.270452 0.413930
vt 0.258584 0.405581
vt 0.325771 0.413682
vt 0.317915 0.406810
vt 0.340764 0.405417
vt 0.348633 0.414102
vt 0.364258 0.414102
vt 0.348633 0.405148
vt 0.372070 0.414102
vt 0.387695 0.414102
vt 0.372070 0.405148
vt 0.406110 0.413395
vt 0.395684 0.413851
vt 0.405204 0.405206
vt 0.414063 0.414102
vt 0.429688 0.414102
vt 0.414063 0.405148
vt 0.437500 0.414102
vt 0.453125 0.414102
vt 0.437500 0.405148
vt 0.460938 0.414102
vt 0.476563 0.414102
vt 0.460938 0.405148
vt 0.484628 0.405617
vt 0.499124 0.408891
vt 0.491654 0.413641
vt 0.507813 0.414102
vt 0.523438 0.414102
vt 0.507813 0.405148
vt 0.531250 0.414102
vt 0.546875 0.414102
vt 0.531250 0.405148
vt 0.554688 0.414102
vt 0.570313 0.414102
vt 0.554688 0.405148
vt 0.578125 0.414102
vt 0.593750 0.414102
vt 0.578125 0.405148
vt 0.601563 0.414102
vt 0.617188 0.414102
vt 0.601563 0.405148
vt 0.625464 0.407159
vt 0.646316 0.405198
vt 0.649907 0.414049
vt 0.658203 0.414102
vt 0.673828 0.414102
vt 0.658203 0.405148
vt 0.681641 0.414102
vt 0.697266 0.414102
vt 0.681641 0.405148
vt 0.705078 0.414102
vt 0.720703 0.414102
vt 0.705078 0.405148
vt 0.728516 0.414102
vt 0.744141 0.414102
vt 0.728516 0.405148
vt 0.751953 0.414102
vt 0.767578 0.414102
vt 0.751953 0.405148
vt 0.775391 0.414102
vt 0.791016 0.414102
vt 0.775391 0.405148
vt 0.798828 0.414102
vt 0.814453 0.414102
vt 0.798828 0.405148
vt 0.831107 0.405334
vt 0.847820 0.411260
vt 0.823095 0.413860
vt 0.856445 0.414102
vt 0.872070 0.414102
vt 0.856445 0.405148
vt 0.879883 0.414102
vt 0.895508 0.414102
vt 0.879883 0.405148
vt 0.903320 0.414102
vt 0.918945 0.414102
vt 0.903320 0.405148
vt 0.926758 0.414102
vt 0.942383 0.414102
vt 0.926758 0.405148
vt 0.950195 0.414102
vt 0.965820 0.414102
vt 0.950195 0.405148
vt 0.973633 0.414102
vt 0.989258 0.414102
vt 0.973633 0.405148
vt 0.003906 0.400672
vt 0.019531 0.400672
vt 0.003906 0.391718
vt 0.027344 0.400672
vt 0.042969 0.400672
vt 0.027344 0.391718
vt 0.050781 0.400672
vt 0.066406 0.400672
vt 0.050781 0.391718
vt 0.074219 0.400672
vt 0.089844 0.400672
vt 0.074219 0.391718
vt 0.097656 0.400672
vt 0.113281 0.400672
vt 0.097656 0.391718
vt 0.121094 0.400672
vt 0.136719 0.400672
vt 0.121094 0.391718
vt 0.144531 0.400672
vt 0.160156 0.400672
vt 0.144531 0.391718
vt 0.167969 0.400672
vt 0.183594 0.400672
vt 0.167969 0.391718
vt 0.191406 0.400672
vt 0.207031 0.400672
vt 0.191406 0.391718
vt 0.214844 0.400672
vt 0.230469 0.400672
vt 0.214844 0.391718
vt 0.238281 0.400672
vt 0.253906 0.400672
vt 0.238281 0.391718
vt 0.261719 0.400672
vt 0.277344 0.400672
vt 0.261719 0.391718
vt 0.285156 0.400672
vt 0.300781 0.400672
vt 0.285156 0.391718
vt 0.308594 0.400672
vt 0.324219 0.400672
vt 0.308594 0.391718
vt 0.332031 0.400672
vt 0.347656 0.400672
vt 0.332031 0.391718
vt 0.355469 0.400672
vt 0.371094 0.400672
vt 0.355469 0.391718
vt 0.378906 0.400672
vt 0.394531 0.400672
vt 0.378906 0.391718
vt 0.402344 0.400672
vt 0.417969 0.400672
vt 0.402344 0.391718
vt 0.425781 0.400672
vt 0.441406 0.400672
vt 0.425781 0.391718
vt 0.449219 0.400672
vt 0.464844 0.400672
vt 0.449219 0.391718
vt 0.472656 0.400672
vt 0.488281 0.400672
vt 0.472656 0.391718
vt 0.993012 0.421489
vt 0.985483 0.427036
vt 0.985695 0.419090
vt 0.496094 0.400672
vt 0.511719 0.400672
vt 0.496094 0.391718
vt 0.519531 0.400672
vt 0.535156 0.400672
vt 0.519531 0.391718
vt 0.542969 0.400672
vt 0.558594 0.400672
vt 0.542969 0.391718
vt 0.566406 0.400672
vt 0.582031 0.400672
vt 0.566406 0.391718
vt 0.604711 0.392077
vt 0.609224 0.400562
vt 0.590564 0.400118
vt 0.617188 0.400672
vt 0.632813 0.400672
vt 0.617188 0.391718
vt 0.640625 0.400672
vt 0.656250 0.400672
vt 0.640625 0.391718
vt 0.664063 0.400672
vt 0.679688 0.400672
vt 0.664063 0.391718
vt 0.687500 0.400672
vt 0.703125 0.400672
vt 0.687500 0.391718
vt 0.710938 0.400672
vt 0.726563 0.400672
vt 0.710938 0.391718
vt 0.734375 0.400672
vt 0.750000 0.400672
vt 0.734375 0.391718
vt 0.757813 0.400672
vt 0.773438 0.400672
vt 0.757813 0.391718
vt 0.781250 0.400672
vt 0.796875 0.400672
vt 0.781250 0.391718
vt 0.804688 0.400672
vt 0.820313 0.400672
vt 0.804688 0.391718
vt 0.828125 0.400672
vt 0.843750 0.400672
vt 0.828125 0.391718
vt 0.851563 0.400672
vt 0.867188 0.400672
vt 0.851563 0.391718
vt 0.875000 0.400672
vt 0.890625 0.400672
vt 0.875000 0.391718
vt 0.898438 0.400672
vt 0.914063 0.400672
vt 0.898438 0.391718
vt 0.921875 0.400672
vt 0.937500 0.400672
vt 0.921875 0.391718
vt 0.945313 0.400672
vt 0.960938 0.400672
vt 0.945313 0.391718
vt 0.980182 0.391925
vt 0.988341 0.400119
vt 0.969104 0.397016
vt 0.003906 0.387241
vt 0.019531 0.387241
vt 0.003906 0.378288
vt 0.027344 0.387241
vt 0.042969 0.387241
vt 0.027344 0.378288
vt 0.050781 0.387241
vt 0.066406 0.387241
vt 0.050781 0.378288
vt 0.074219 0.387241
vt 0.089844 0.387241
vt 0.074219 0.378288
vt 0.097656 0.387241
vt 0.113281 0.387241
vt 0.097656 0.378288
vt 0.121094 0.387241
vt 0.136719 0.387241
vt 0.121094 0.378288
vt 0.144531 0.387241
vt 0.160156 0.387241
vt 0.144531 0.378288
vt 0.191810 0.378468
vt 0.172257 0.386912
vt 0.168873 0.378491
vt 0.215474 0.379722
vt 0.204185 0.387215
vt 0.200198 0.378495
vt 0.237684 0.380835
vt 0.235029 0.386905
vt 0.223706 0.378789
vt 0.266029 0.378468
vt 0.268573 0.384802
vt 0.246475 0.386912
vt 0.314320 0.382279
vt 0.294001 0.386925
vt 0.277696 0.378804
vt 0.337929 0.378434
vt 0.328226 0.386876
vt 0.322624 0.382130
vt 0.346680 0.387241
vt 0.362305 0.387241
vt 0.346680 0.378288
vt 0.370326 0.380531
vt 0.395158 0.378718
vt 0.380419 0.387070
vt 0.403320 0.387241
vt 0.418945 0.387241
vt 0.403320 0.378288
vt 0.426758 0.387241
vt 0.442383 0.387241
vt 0.426758 0.378288
vt 0.450195 0.387241
vt 0.465820 0.387241
vt 0.450195 0.378288
vt 0.473633 0.387241
vt 0.489258 0.387241
vt 0.473633 0.378288
vt 0.497070 0.387241
vt 0.512695 0.387241
vt 0.497070 0.378288
vt 0.520508 0.387241
vt 0.536133 0.387241
vt 0.520508 0.378288
vt 0.543945 0.387241
vt 0.559570 0.387241
vt 0.543945 0.378288
vt 0.581831 0.378511
vt 0.578277 0.386228
vt 0.568315 0.387093
vt 0.589844 0.387241
vt 0.605469 0.387241
vt 0.589844 0.378288
vt 0.613281 0.387241
vt 0.628906 0.387241
vt 0.613281 0.378288
vt 0.658506 0.381855
vt 0.637172 0.386862
vt 0.646370 0.378596
vt 0.666992 0.387241
vt 0.682617 0.387241
vt 0.666992 0.378288
vt 0.690430 0.387241
vt 0.706055 0.387241
vt 0.690430 0.378288
vt 0.713867 0.387241
vt 0.729492 0.387241
vt 0.713867 0.378288
vt 0.737305 0.387241
vt 0.752930 0.387241
vt 0.737305 0.378288
vt 0.760742 0.387241
vt 0.776367 0.387241
vt 0.760742 0.378288
vt 0.784180 0.387241
vt 0.799805 0.387241
vt 0.784180 0.378288
vt 0.807617 0.387241
vt 0.823242 0.387241
vt 0.807617 0.378288
vt 0.831055 0.387241
vt 0.846680 0.387241
vt 0.831055 0.378288
vt 0.854492 0.387241
vt 0.870117 0.387241
vt 0.854492 0.378288
vt 0.877930 0.387241
vt 0.893555 0.387241
vt 0.877930 0.378288
vt 0.901367 0.387241
vt 0.916992 0.387241
vt 0.901367 0.378288
vt 0.924805 0.387241
vt 0.940430 0.387241
vt 0.924805 0.378288
vt 0.948242 0.387241
vt 0.963867 0.387241
vt 0.948242 0.378288
vt 0.971680 0.387241
vt 0.987305 0.387241
vt 0.971680 0.378288
vt 0.003906 0.373811
vt 0.019531 0.373811
vt 0.003906 0.364857
vt 0.027344 0.373811
vt 0.042969 0.373811
vt 0.027344 0.364857
vt 0.050781 0.373811
vt 0.066406 0.373811
vt 0.050781 0.364857
vt 0.085601 0.373781
vt 0.074404 0.373694
vt 0.077614 0.365406
vt 0.107067 0.365236
vt 0.100261 0.373472
vt 0.094118 0.367512
vt 0.115234 0.373811
vt 0.130859 0.373811
vt 0.115234 0.364857
vt 0.138672 0.373811
vt 0.154297 0.373811
vt 0.138672 0.364857
vt 0.162109 0.373811
vt 0.177734 0.373811
vt 0.162109 0.364857
vt 0.185547 0.373811
vt 0.201172 0.373811
vt 0.185547 0.364857
vt 0.208984 0.373811
vt 0.224609 0.373811
vt 0.208984 0.364857
vt 0.232422 0.373811
vt 0.248047 0.373811
vt 0.232422 0.364857
vt 0.255859 0.373811
vt 0.271484 0.373811
vt 0.255859 0.364857
vt 0.279297 0.373811
vt 0.294922 0.373811
vt 0.279297 0.364857
vt 0.302734 0.373811
vt 0.318359 0.373811
vt 0.302734 0.364857
vt 0.326172 0.373811
vt 0.341797 0.373811
vt 0.326172 0.364857
vt 0.349609 0.373811
vt 0.365234 0.373811
vt 0.349609 0.364857
vt 0.373047 0.373811
vt 0.388672 0.373811
vt 0.373047 0.364857
vt 0.396484 0.373811
vt 0.412109 0.373811
vt 0.396484 0.364857
vt 0.419922 0.373811
vt 0.435547 0.373811
vt 0.419922 0.364857
vt 0.443359 0.373811
vt 0.458984 0.373811
vt 0.443359 0.364857
vt 0.466797 0.373811
vt 0.482422 0.373811
vt 0.466797 0.364857
vt 0.490234 0.373811
vt 0.505859 0.373811
vt 0.490234 0.364857
vt 0.513672 0.373811
vt 0.529297 0.373811
vt 0.513672 0.364857
vt 0.537109 0.373811
vt 0.552734 0.373811
vt 0.537109 0.364857
vt 0.560547 0.373811
vt 0.576172 0.373811
vt 0.560547 0.364857
vt 0.605068 0.371887
vt 0.584085 0.373445
vt 0.593788 0.365003
vt 0.613281 0.373811
vt 0.628906 0.373811
vt 0.613281 0.364857
vt 0.636719 0.373811
vt 0.652344 0.373811
vt 0.636719 0.364857
vt 0.660529 0.365014
vt 0.686214 0.368587
vt 0.671813 0.373564
vt 0.694336 0.373811
vt 0.709961 0.373811
vt 0.694336 0.364857
vt 0.717773 0.373811
vt 0.733398 0.373811
vt 0.717773 0.364857
vt 0.741211 0.373811
vt 0.756836 0.373811
vt 0.741211 0.364857
vt 0.764648 0.373811
vt 0.780273 0.373811
vt 0.764648 0.364857
vt 0.788151 0.370274
vt 0.817602 0.365217
vt 0.803455 0.373258
vt 0.826172 0.373811
vt 0.841797 0.373811
vt 0.826172 0.364857
vt 0.849609 0.373811
vt 0.865234 0.373811
vt 0.849609 0.364857
vt 0.873047 0.373811
vt 0.888672 0.373811
vt 0.873047 0.364857
vt 0.896484 0.373811
vt 0.912109 0.373811
vt 0.896484 0.364857
vt 0.919922 0.373811
vt 0.935547 0.373811
vt 0.919922 0.364857
vt 0.943443 0.373655
vt 0.953456 0.365215
vt 0.958174 0.371440
vt 0.966797 0.373811
vt 0.982422 0.373811
vt 0.966797 0.364857
vt 0.003906 0.360381
vt 0.019531 0.360381
vt 0.003906 0.351427
vt 0.027344 0.360381
vt 0.042969 0.360381
vt 0.027344 0.351427
vt 0.050781 0.360381
vt 0.066406 0.360381
vt 0.050781 0.351427
vt 0.074219 0.360381
vt 0.089844 0.360381
vt 0.074219 0.351427
vt 0.097656 0.360381
vt 0.113281 0.360381
vt 0.097656 0.351427
vt 0.121094 0.360381
vt 0.136719 0.360381
vt 0.121094 0.351427
vt 0.144531 0.360381
vt 0.160156 0.360381
vt 0.144531 0.351427
vt 0.167969 0.360381
vt 0.183594 0.360381
vt 0.167969 0.351427
vt 0.191406 0.360381
vt 0.207031 0.360381
vt 0.191406 0.351427
vt 0.214844 0.360381
vt 0.230469 0.360381
vt 0.214844 0.351427
vt 0.238281 0.360381
vt 0.253906 0.360381
vt 0.238281 0.351427
vt 0.261719 0.360381
vt 0.277344 0.360381
vt 0.261719 0.351427
vt 0.285156 0.360381
vt 0.300781 0.360381
vt 0.285156 0.351427
vt 0.308594 0.360381
vt 0.324219 0.360381
vt 0.308594 0.351427
vt 0.332031 0.360381
vt 0.347656 0.360381
vt 0.332031 0.351427
vt 0.355469 0.360381
vt 0.371094 0.360381
vt 0.355469 0.351427
vt 0.378906 0.360381
vt 0.394531 0.360381
vt 0.378906 0.351427
vt 0.402344 0.360381
vt 0.417969 0.360381
vt 0.402344 0.351427
vt 0.425781 0.360381
vt 0.441406 0.360381
vt 0.425781 0.351427
vt 0.449219 0.360381
vt 0.464844 0.360381
vt 0.449219 0.351427
vt 0.472656 0.360381
vt 0.488281 0.360381
vt 0.472656 0.351427
vt 0.496094 0.360381
vt 0.511719 0.360381
vt 0.496094 0.351427
vt 0.519531 0.360381
vt 0.535156 0.360381
vt 0.519531 0.351427
vt 0.542969 0.360381
vt 0.558594 0.360381
vt 0.542969 0.351427
vt 0.566406 0.360381
vt 0.582031 0.360381
vt 0.566406 0.351427
vt 0.597600 0.351815
vt 0.612966 0.359250
vt 0.590024 0.360187
vt 0.621094 0.360381
vt 0.636719 0.360381
vt 0.621094 0.351427
vt 0.644531 0.360381
vt 0.660156 0.360381
vt 0.644531 0.351427
vt 0.667969 0.360381
vt 0.683594 0.360381
vt 0.667969 0.351427
vt 0.691406 0.360381
vt 0.707031 0.360381
vt 0.691406 0.351427
vt 0.714844 0.360381
vt 0.730469 0.360381
vt 0.714844 0.351427
vt 0.738281 0.360381
vt 0.753906 0.360381
vt 0.738281 0.351427
vt 0.761719 0.360381
vt 0.777344 0.360381
vt 0.761719 0.351427
vt 0.785156 0.360381
vt 0.800781 0.360381
vt 0.785156 0.351427
vt 0.808594 0.360381
vt 0.824219 0.360381
vt 0.808594 0.351427
vt 0.832031 0.360381
vt 0.847656 0.360381
vt 0.832031 0.351427
vt 0.855469 0.360381
vt 0.871094 0.360381
vt 0.855469 0.351427
vt 0.878906 0.360381
vt 0.894531 0.360381
vt 0.878906 0.351427
vt 0.902344 0.360381
vt 0.917969 0.360381
vt 0.902344 0.351427
vt 0.925781 0.360381
vt 0.941406 0.360381
vt 0.925781 0.351427
vt 0.955288 0.351749
vt 0.962588 0.358176
vt 0.950029 0.360323
vt 0.970703 0.360381
vt 0.986328 0.360381
vt 0.970703 0.351427
vt 0.003906 0.346950
vt 0.019531 0.346950
vt 0.003906 0.337997
vt 0.027344 0.346950
vt 0.042969 0.346950
vt 0.027344 0.337997
vt 0.050781 0.346950
vt 0.066406 0.346950
vt 0.050781 0.337997
vt 0.090137 0.338519
vt 0.111251 0.341652
vt 0.074990 0.346438
vt 0.119141 0.346950
vt 0.134766 0.346950
vt 0.119141 0.337997
vt 0.142688 0.346683
vt 0.166307 0.338375
vt 0.181796 0.344078
vt 0.190430 0.346950
vt 0.206055 0.346950
vt 0.190430 0.337997
vt 0.213867 0.346950
vt 0.229492 0.346950
vt 0.213867 0.337997
vt 0.237305 0.346950
vt 0.252930 0.346950
vt 0.237305 0.337997
vt 0.261196 0.343156
vt 0.281991 0.338315
vt 0.294760 0.346552
vt 0.302734 0.346950
vt 0.318359 0.346950
vt 0.302734 0.337997
vt 0.326172 0.346950
vt 0.341797 0.346950
vt 0.326172 0.337997
vt 0.349609 0.346950
vt 0.365234 0.346950
vt 0.349609 0.337997
vt 0.373047 0.346950
vt 0.388672 0.346950
vt 0.373047 0.337997
vt 0.396484 0.346950
vt 0.412109 0.346950
vt 0.396484 0.337997
vt 0.419922 0.346950
vt 0.435547 0.346950
vt 0.419922 0.337997
vt 0.443359 0.346950
vt 0.458984 0.346950
vt 0.443359 0.337997
vt 0.466797 0.346950
vt 0.482422 0.346950
vt 0.466797 0.337997
vt 0.490234 0.346950
vt 0.505859 0.346950
vt 0.490234 0.337997
vt 0.513672 0.346950
vt 0.529297 0.346950
vt 0.513672 0.337997
vt 0.537109 0.346950
vt 0.552734 0.346950
vt 0.537109 0.337997
vt 0.560547 0.346950
vt 0.576172 0.346950
vt 0.560547 0.337997
vt 0.583984 0.346950
vt 0.599609 0.346950
vt 0.583984 0.337997
vt 0.607422 0.346950
vt 0.623047 0.346950
vt 0.607422 0.337997
vt 0.630859 0.346950
vt 0.646484 0.346950
vt 0.630859 0.337997
vt 0.654297 0.346950
vt 0.669922 0.346950
vt 0.654297 0.337997
vt 0.677734 0.346950
vt 0.693359 0.346950
vt 0.677734 0.337997
vt 0.724213 0.338095
vt 0.713091 0.346926
vt 0.701997 0.340466
vt 0.732422 0.346950
vt 0.748047 0.346950
vt 0.732422 0.337997
vt 0.755859 0.346950
vt 0.771484 0.346950
vt 0.755859 0.337997
vt 0.779297 0.346950
vt 0.794922 0.346950
vt 0.779297 0.337997
vt 0.802734 0.346950
vt 0.818359 0.346950
vt 0.802734 0.337997
vt 0.827082 0.338438
vt 0.842545 0.341041
vt 0.827804 0.346563
vt 0.850586 0.346950
vt 0.866211 0.346950
vt 0.850586 0.337997
vt 0.874023 0.346950
vt 0.889648 0.346950
vt 0.874023 0.337997
vt 0.897461 0.346950
vt 0.913086 0.346950
vt 0.897461 0.337997
vt 0.920945 0.341760
vt 0.971034 0.338375
vt 0.966622 0.346789
vt 0.979492 0.346950
vt 0.995117 0.346950
vt 0.979492 0.337997
vt 0.003906 0.333520
vt 0.019531 0.333520
vt 0.003906 0.324566
vt 0.027344 0.333520
vt 0.042969 0.333520
vt 0.027344 0.324566
vt 0.051734 0.324636
vt 0.061116 0.332240
vt 0.051246 0.332966
vt 0.069336 0.333520
vt 0.084961 0.333520
vt 0.069336 0.324566
vt 0.092773 0.333520
vt 0.108398 0.333520
vt 0.092773 0.324566
vt 0.118680 0.324586
vt 0.122609 0.326795
vt 0.116923 0.333030
vt 0.131421 0.326747
vt 0.137744 0.324738
vt 0.134376 0.333405
vt 0.146484 0.333520
vt 0.162109 0.333520
vt 0.146484 0.324566
vt 0.169922 0.333520
vt 0.185547 0.333520
vt 0.169922 0.324566
vt 0.193359 0.333520
vt 0.208984 0.333520
vt 0.193359 0.324566
vt 0.216797 0.333520
vt 0.232422 0.333520
vt 0.216797 0.324566
vt 0.240234 0.333520
vt 0.255859 0.333520
vt 0.240234 0.324566
vt 0.263672 0.333520
vt 0.279297 0.333520
vt 0.263672 0.324566
vt 0.287109 0.333520
vt 0.302734 0.333520
vt 0.287109 0.324566
vt 0.310547 0.333520
vt 0.326172 0.333520
vt 0.310547 0.324566
vt 0.333984 0.333520
vt 0.349609 0.333520
vt 0.333984 0.324566
vt 0.357422 0.333520
vt 0.373047 0.333520
vt 0.357422 0.324566
vt 0.380859 0.333520
vt 0.396484 0.333520
vt 0.380859 0.324566
vt 0.404297 0.333520
vt 0.419922 0.333520
vt 0.404297 0.324566
vt 0.427734 0.333520
vt 0.443359 0.333520
vt 0.427734 0.324566
vt 0.451750 0.333139
vt 0.460784 0.324987
vt 0.460670 0.329360
vt 0.468750 0.333520
vt 0.484375 0.333520
vt 0.468750 0.324566
vt 0.492188 0.333520
vt 0.507813 0.333520
vt 0.492188 0.324566
vt 0.515625 0.333520
vt 0.531250 0.333520
vt 0.515625 0.324566
vt 0.539063 0.333520
vt 0.554688 0.333520
vt 0.539063 0.324566
vt 0.583971 0.324910
vt 0.576910 0.333236
vt 0.562735 0.327653
vt 0.591797 0.333520
vt 0.607422 0.333520
vt 0.591797 0.324566
vt 0.615234 0.333520
vt 0.630859 0.333520
vt 0.615234 0.324566
vt 0.638672 0.333520
vt 0.654297 0.333520
vt 0.638672 0.324566
vt 0.662109 0.333520
vt 0.677734 0.333520
vt 0.662109 0.324566
vt 0.685571 0.333236
vt 0.687907 0.324636
vt 0.706836 0.328872
vt 0.714844 0.333520
vt 0.730469 0.333520
vt 0.714844 0.324566
vt 0.738281 0.333520
vt 0.753906 0.333520
vt 0.738281 0.324566
vt 0.761719 0.333520
vt 0.777344 0.333520
vt 0.761719 0.324566
vt 0.785156 0.333520
vt 0.800781 0.333520
vt 0.785156 0.324566
vt 0.808594 0.333520
vt 0.824219 0.333520
vt 0.808594 0.324566
vt 0.858343 0.324954
vt 0.850766 0.333326
vt 0.832315 0.333319
vt 0.867100 0.332448
vt 0.871965 0.324654
vt 0.871793 0.333345
vt 0.879883 0.333520
vt 0.895508 0.333520
vt 0.879883 0.324566
vt 0.903320 0.333520
vt 0.918945 0.333520
vt 0.903320 0.324566
vt 0.926758 0.333520
vt 0.942383 0.333520
vt 0.926758 0.324566
vt 0.950195 0.333520
vt 0.965820 0.333520
vt 0.950195 0.324566
vt 0.973633 0.333520
vt 0.989258 0.333520
vt 0.973633 0.324566
vt 0.003906 0.320090
vt 0.019531 0.320090
vt 0.003906 0.311136
vt 0.027344 0.320090
vt 0.042969 0.320090
vt 0.027344 0.311136
vt 0.050781 0.320090
vt 0.066406 0.320090
vt 0.050781 0.311136
vt 0.082538 0.311312
vt 0.086368 0.319862
vt 0.074687 0.318937
vt 0.094727 0.320090
vt 0.110352 0.320090
vt 0.094727 0.311136
vt 0.118164 0.320090
vt 0.133789 0.320090
vt 0.118164 0.311136
vt 0.141602 0.320090
vt 0.157227 0.320090
vt 0.141602 0.311136
vt 0.165039 0.320090
vt 0.180664 0.320090
vt 0.165039 0.311136
vt 0.188477 0.320090
vt 0.204102 0.320090
vt 0.188477 0.311136
vt 0.211914 0.320090
vt 0.227539 0.320090
vt 0.211914 0.311136
vt 0.235352 0.320090
vt 0.250977 0.320090
vt 0.235352 0.311136
vt 0.258789 0.320090
vt 0.274414 0.320090
vt 0.258789 0.311136
vt 0.282227 0.320090
vt 0.297852 0.320090
vt 0.282227 0.311136
vt 0.305664 0.320090
vt 0.321289 0.320090
vt 0.305664 0.311136
vt 0.329102 0.320090
vt 0.344727 0.320090
vt 0.329102 0.311136
vt 0.352539 0.320090
vt 0.368164 0.320090
vt 0.352539 0.311136
vt 0.375977 0.320090
vt 0.391602 0.320090
vt 0.375977 0.311136
vt 0.399414 0.320090
vt 0.415039 0.320090
vt 0.399414 0.311136
vt 0.422852 0.320090
vt 0.438477 0.320090
vt 0.422852 0.311136
vt 0.446289 0.320090
vt 0.461914 0.320090
vt 0.446289 0.311136
vt 0.469727 0.320090
vt 0.485352 0.320090
vt 0.469727 0.311136
vt 0.508859 0.319982
vt 0.493255 0.311576
vt 0.533557 0.318113
vt 0.541992 0.320090
vt 0.557617 0.320090
vt 0.541992 0.311136
vt 0.565430 0.320090
vt 0.581055 0.320090
vt 0.565430 0.311136
vt 0.589788 0.313118
vt 0.615642 0.311205
vt 0.613306 0.319806
vt 0.624023 0.320090
vt 0.639648 0.320090
vt 0.624023 0.311136
vt 0.647461 0.320090
vt 0.663086 0.320090
vt 0.647461 0.311136
vt 0.696055 0.311437
vt 0.686233 0.319684
vt 0.671399 0.314891
vt 0.711680 0.314606
vt 0.704782 0.319913
vt 0.706145 0.311193
vt 0.719727 0.320090
vt 0.735352 0.320090
vt 0.719727 0.311136
vt 0.785100 0.319918
vt 0.743634 0.319514
vt 0.773232 0.311569
vt 0.792969 0.320090
vt 0.808594 0.320090
vt 0.792969 0.311136
vt 0.816406 0.320090
vt 0.832031 0.320090
vt 0.816406 0.311136
vt 0.840807 0.314642
vt 0.882869 0.311147
vt 0.852260 0.319694
vt 0.891602 0.320090
vt 0.907227 0.320090
vt 0.891602 0.311136
vt 0.915039 0.320090
vt 0.930664 0.320090
vt 0.915039 0.311136
vt 0.938477 0.320090
vt 0.954102 0.320090
vt 0.938477 0.311136
vt 0.961914 0.320090
vt 0.977539 0.320090
vt 0.961914 0.311136
vt 0.003906 0.306659
vt 0.019531 0.306659
vt 0.003906 0.297706
vt 0.027344 0.306659
vt 0.042969 0.306659
vt 0.027344 0.297706
vt 0.050781 0.306659
vt 0.066406 0.306659
vt 0.050781 0.297706
vt 0.074219 0.306659
vt 0.089844 0.306659
vt 0.074219 0.297706
vt 0.097656 0.306659
vt 0.113281 0.306659
vt 0.097656 0.297706
vt 0.121094 0.306659
vt 0.136719 0.306659
vt 0.121094 0.297706
vt 0.144531 0.306659
vt 0.160156 0.306659
vt 0.144531 0.297706
vt 0.167969 0.306659
vt 0.183594 0.306659
vt 0.167969 0.297706
vt 0.191406 0.306659
vt 0.207031 0.306659
vt 0.191406 0.297706
vt 0.259730 0.300379
vt 0.238729 0.306475
vt 0.215013 0.297756
vt 0.267578 0.306659
vt 0.283203 0.306659
vt 0.267578 0.297706
vt 0.291016 0.306659
vt 0.306641 0.306659
vt 0.291016 0.297706
vt 0.314453 0.306659
vt 0.330078 0.306659
vt 0.314453 0.297706
vt 0.337891 0.306659
vt 0.353516 0.306659
vt 0.337891 0.297706
vt 0.361328 0.306659
vt 0.376953 0.306659
vt 0.361328 0.297706
vt 0.398275 0.306261
vt 0.385507 0.298024
vt 0.410800 0.300990
vt 0.418945 0.306659
vt 0.434570 0.306659
vt 0.418945 0.297706
vt 0.442383 0.306659
vt 0.458008 0.306659
vt 0.442383 0.297706
vt 0.465820 0.306659
vt 0.481445 0.306659
vt 0.465820 0.297706
vt 0.489258 0.306659
vt 0.504883 0.306659
vt 0.489258 0.297706
vt 0.512695 0.306659
vt 0.528320 0.306659
vt 0.512695 0.297706
vt 0.536133 0.306659
vt 0.551758 0.306659
vt 0.536133 0.297706
vt 0.559570 0.306659
vt 0.575195 0.306659
vt 0.559570 0.297706
vt 0.583008 0.306659
vt 0.598633 0.306659
vt 0.583008 0.297706
vt 0.606445 0.306659
vt 0.622070 0.306659
vt 0.606445 0.297706
vt 0.629883 0.306659
vt 0.645508 0.306659
vt 0.629883 0.297706
vt 0.653320 0.306659
vt 0.668945 0.306659
vt 0.653320 0.297706
vt 0.676758 0.306659
vt 0.692383 0.306659
vt 0.676758 0.297706
vt 0.700195 0.306659
vt 0.715820 0.306659
vt 0.700195 0.297706
vt 0.723633 0.306659
vt 0.739258 0.306659
vt 0.723633 0.297706
vt 0.747070 0.306659
vt 0.762695 0.306659
vt 0.747070 0.297706
vt 0.770508 0.306659
vt 0.786133 0.306659
vt 0.770508 0.297706
vt 0.793945 0.306659
vt 0.809570 0.306659
vt 0.793945 0.297706
vt 0.817383 0.306659
vt 0.833008 0.306659
vt 0.817383 0.297706
vt 0.840820 0.306659
vt 0.856445 0.306659
vt 0.840820 0.297706
vt 0.864258 0.306659
vt 0.879883 0.306659
vt 0.864258 0.297706
vt 0.887695 0.306659
vt 0.903320 0.306659
vt 0.887695 0.297706
vt 0.911133 0.306659
vt 0.926758 0.306659
vt 0.911133 0.297706
vt 0.934570 0.306659
vt 0.950195 0.306659
vt 0.934570 0.297706
vt 0.958008 0.306659
vt 0.973633 0.306659
vt 0.958008 0.297706
vt 0.020840 0.284617
vt 0.023843 0.291896
vt 0.004870 0.293155
vt 0.032227 0.293229
vt 0.047852 0.293229
vt 0.032227 0.284275
vt 0.055664 0.293229
vt 0.071289 0.293229
vt 0.055664 0.284275
vt 0.079608 0.284451
vt 0.096017 0.291180
vt 0.083438 0.293001
vt 0.104492 0.293229
vt 0.120117 0.293229
vt 0.104492 0.284275
vt 0.127930 0.293229
vt 0.143555 0.293229
vt 0.127930 0.284275
vt 0.174296 0.284801
vt 0.151824 0.293021
vt 0.161589 0.287010
vt 0.182617 0.293229
vt 0.198242 0.293229
vt 0.182617 0.284275
vt 0.206055 0.293229
vt 0.221680 0.293229
vt 0.206055 0.284275
vt 0.229492 0.293229
vt 0.245117 0.293229
vt 0.229492 0.284275
vt 0.252930 0.293229
vt 0.268555 0.293229
vt 0.252930 0.284275
vt 0.276367 0.293229
vt 0.291992 0.293229
vt 0.276367 0.284275
vt 0.300560 0.292760
vt 0.313749 0.284779
vt 0.323925 0.287465
vt 0.332031 0.293229
vt 0.347656 0.293229
vt 0.332031 0.284275
vt 0.355469 0.293229
vt 0.371094 0.293229
vt 0.355469 0.284275
vt 0.398502 0.290724
vt 0.379363 0.293021
vt 0.401835 0.284801
vt 0.410728 0.290793
vt 0.433887 0.284524
vt 0.429714 0.293112
vt 0.442383 0.293229
vt 0.458008 0.293229
vt 0.442383 0.284275
vt 0.465820 0.293229
vt 0.481445 0.293229
vt 0.465820 0.284275
vt 0.489258 0.293229
vt 0.504883 0.293229
vt 0.489258 0.284275
vt 0.512695 0.293229
vt 0.528320 0.293229
vt 0.512695 0.284275
vt 0.536133 0.293229
vt 0.551758 0.293229
vt 0.536133 0.284275
vt 0.559570 0.293229
vt 0.575195 0.293229
vt 0.559570 0.284275
vt 0.614315 0.284286
vt 0.627652 0.287578
vt 0.583705 0.292833
vt 0.635742 0.293229
vt 0.651367 0.293229
vt 0.635742 0.284275
vt 0.659933 0.292560
vt 0.680154 0.284676
vt 0.676655 0.293111
vt 0.688477 0.293229
vt 0.704102 0.293229
vt 0.688477 0.284275
vt 0.711914 0.293229
vt 0.727539 0.293229
vt 0.711914 0.284275
vt 0.735352 0.293229
vt 0.750977 0.293229
vt 0.735352 0.284275
vt 0.758789 0.293229
vt 0.774414 0.293229
vt 0.758789 0.284275
vt 0.782227 0.293229
vt 0.797852 0.293229
vt 0.782227 0.284275
vt 0.805664 0.293229
vt 0.821289 0.293229
vt 0.805664 0.284275
vt 0.829102 0.293229
vt 0.844727 0.293229
vt 0.829102 0.284275
vt 0.871329 0.287175
vt 0.860529 0.293156
vt 0.852814 0.284505
vt 0.890227 0.292848
vt 0.880620 0.288849
vt 0.899261 0.284696
vt 0.907227 0.293229
vt 0.922852 0.293229
vt 0.907227 0.284275
vt 0.930664 0.293229
vt 0.946289 0.293229
vt 0.930664 0.284275
vt 0.954584 0.287017
vt 0.975189 0.285153
vt 0.961879 0.292920
vt 0.024519 0.271910
vt 0.024209 0.276024
vt 0.004371 0.279752
vt 0.050427 0.279269
vt 0.033607 0.273761
vt 0.049262 0.271851
vt 0.080452 0.273549
vt 0.068539 0.279622
vt 0.059047 0.271757
vt 0.090397 0.271823
vt 0.116070 0.279295
vt 0.088911 0.278106
vt 0.149802 0.278224
vt 0.125753 0.279301
vt 0.124765 0.271664
vt 0.180441 0.279301
vt 0.158805 0.274055
vt 0.179452 0.271664
vt 0.189021 0.276740
vt 0.221844 0.271834
vt 0.203475 0.279666
vt 0.989202 0.298420
vt 0.994682 0.303067
vt 0.981942 0.306203
vt 0.259169 0.279462
vt 0.231215 0.271773
vt 0.251630 0.271442
vt 0.270861 0.271621
vt 0.292868 0.279343
vt 0.267780 0.276666
vt 0.322408 0.279361
vt 0.301570 0.279774
vt 0.301716 0.271413
vt 0.331471 0.271675
vt 0.348457 0.277538
vt 0.334922 0.279622
vt 0.363101 0.279431
vt 0.356529 0.271808
vt 0.378412 0.271815
vt 0.415636 0.276826
vt 0.387208 0.279666
vt 0.406412 0.271473
vt 0.450072 0.279483
vt 0.424149 0.276185
vt 0.441025 0.271668
vt 0.465721 0.271588
vt 0.499080 0.279250
vt 0.458584 0.276756
vt 0.541348 0.276133
vt 0.532233 0.279380
vt 0.507923 0.271828
vt 0.567168 0.275603
vt 0.551799 0.279334
vt 0.549961 0.271878
vt 0.578145 0.271824
vt 0.589109 0.279470
vt 0.576027 0.279282
vt 0.610201 0.271939
vt 0.608640 0.279470
vt 0.597676 0.271824
vt 0.636976 0.275214
vt 0.626357 0.279462
vt 0.618817 0.271442
vt 0.645846 0.279303
vt 0.676348 0.271538
vt 0.671453 0.278957
vt 0.690792 0.279415
vt 0.684990 0.271607
vt 0.697724 0.272794
vt 0.709316 0.279596
vt 0.706238 0.271775
vt 0.726202 0.275673
vt 0.735121 0.271773
vt 0.763076 0.279462
vt 0.742958 0.274956
vt 0.802179 0.272783
vt 0.785387 0.279240
vt 0.772205 0.271612
vt 0.811516 0.273463
vt 0.840373 0.271764
vt 0.820266 0.279710
vt 0.873504 0.272705
vt 0.882869 0.279250
vt 0.849511 0.271588
vt 0.910668 0.279448
vt 0.893182 0.278243
vt 0.891785 0.271854
vt 0.945038 0.276727
vt 0.932815 0.279501
vt 0.919107 0.271828
vt 0.954098 0.279396
vt 0.966501 0.271788
vt 0.974422 0.276228
vt 0.985863 0.315993
vt 0.991740 0.312162
vt 0.993932 0.319602
vt 0.004275 0.259214
vt 0.017545 0.258968
vt 0.021169 0.266665
vt 0.053376 0.266415
vt 0.029635 0.266214
vt 0.051228 0.259017
vt 0.079711 0.258580
vt 0.085752 0.266505
vt 0.061738 0.261514
vt 0.124143 0.259048
vt 0.115192 0.264602
vt 0.093776 0.266811
vt 0.133742 0.266839
vt 0.153849 0.258893
vt 0.165068 0.264499
vt 0.173841 0.266589
vt 0.184452 0.258578
vt 0.199030 0.261724
vt 0.991011 0.288385
vt 0.983551 0.292775
vt 0.987104 0.285058
vt 0.219917 0.266194
vt 0.207574 0.266914
vt 0.221956 0.258906
vt 0.257555 0.260777
vt 0.234489 0.266860
vt 0.231254 0.258760
vt 0.265669 0.263954
vt 0.288525 0.258583
vt 0.284508 0.266878
vt 0.296995 0.262522
vt 0.300942 0.258994
vt 0.309727 0.266875
vt 0.326053 0.266775
vt 0.319301 0.258969
vt 0.338082 0.263884
vt 0.346955 0.258557
vt 0.376011 0.258927
vt 0.367388 0.266898
vt 0.385094 0.259044
vt 0.405815 0.260104
vt 0.387065 0.266911
vt 0.425237 0.266785
vt 0.414188 0.263661
vt 0.429292 0.258712
vt 0.994216 0.274895
vt 0.988210 0.279609
vt 0.983250 0.271533
vt 0.446324 0.258927
vt 0.457415 0.261034
vt 0.437700 0.266898
vt 0.483533 0.261597
vt 0.466178 0.266923
vt 0.470085 0.258635
vt 0.499912 0.259064
vt 0.517510 0.262015
vt 0.492539 0.266591
vt 0.525429 0.263709
vt 0.554150 0.258606
vt 0.545297 0.266579
vt 0.566986 0.266466
vt 0.562918 0.258646
vt 0.592000 0.262129
vt 0.601502 0.265127
vt 0.617492 0.259089
vt 0.615422 0.266769
vt 0.633360 0.258701
vt 0.658681 0.266793
vt 0.626735 0.265916
vt 0.685586 0.261278
vt 0.671934 0.266801
vt 0.667445 0.259013
vt 0.705580 0.266858
vt 0.694943 0.259074
vt 0.705941 0.261183
vt 0.735316 0.258969
vt 0.742069 0.266775
vt 0.714315 0.265065
vt 0.753244 0.266714
vt 0.750633 0.258931
vt 0.757418 0.259402
vt 0.784091 0.259064
vt 0.776719 0.266591
vt 0.765781 0.260453
vt 0.798038 0.266579
vt 0.792420 0.264372
vt 0.794050 0.258848
vt 0.808085 0.258733
vt 0.820522 0.266373
vt 0.807192 0.266075
vt 0.842333 0.258922
vt 0.864368 0.259946
vt 0.829415 0.266548
vt 0.877139 0.266579
vt 0.873152 0.258848
vt 0.880841 0.261987
vt 0.889143 0.263756
vt 0.892021 0.258737
vt 0.897823 0.266544
vt 0.906340 0.263068
vt 0.923091 0.258636
vt 0.911875 0.266481
vt 0.932383 0.266481
vt 0.943598 0.258636
vt 0.950042 0.259600
vt 0.971297 0.258897
vt 0.967217 0.266571
vt 0.958680 0.258824
vt 0.023823 0.253838
vt 0.003941 0.246173
vt 0.032380 0.250105
vt 0.057630 0.253718
vt 0.041823 0.246940
vt 0.068241 0.245707
vt 0.108269 0.253643
vt 0.076247 0.245796
vt 0.101820 0.248564
vt 0.989647 0.258581
vt 0.982965 0.266421
vt 0.980077 0.260525
vt 0.116398 0.253898
vt 0.118469 0.246219
vt 0.132287 0.247355
vt 0.140916 0.248280
vt 0.168100 0.246147
vt 0.156405 0.253983
vt 0.179849 0.246086
vt 0.193557 0.253759
vt 0.177097 0.250668
vt 0.202343 0.250035
vt 0.215027 0.246034
vt 0.218105 0.253855
vt 0.241389 0.246149
vt 0.230800 0.253777
vt 0.226602 0.248898
vt 0.250385 0.249921
vt 0.258942 0.246187
vt 0.267288 0.254024
vt 0.282149 0.246063
vt 0.284559 0.253640
vt 0.275789 0.247588
vt 0.293322 0.245879
vt 0.316422 0.247605
vt 0.315329 0.253602
vt 0.325847 0.246217
vt 0.355935 0.246064
vt 0.335714 0.253947
vt 0.364669 0.251238
vt 0.385743 0.245680
vt 0.396592 0.253526
vt 0.424041 0.245862
vt 0.423326 0.253915
vt 0.405392 0.248392
vt 0.444467 0.246147
vt 0.450651 0.253434
vt 0.432772 0.253983
vt 0.459013 0.246217
vt 0.473215 0.249289
vt 0.461112 0.254001
vt 0.482041 0.245926
vt 0.509120 0.246571
vt 0.491087 0.253742
vt 0.531760 0.253938
vt 0.518040 0.249831
vt 0.524766 0.246196
vt 0.555912 0.248159
vt 0.548541 0.253512
vt 0.540089 0.245838
vt 0.588444 0.246641
vt 0.565341 0.253901
vt 0.567650 0.245740
vt 0.635613 0.253643
vt 0.597585 0.250510
vt 0.603591 0.245796
vt 0.644413 0.246070
vt 0.661446 0.248941
vt 0.654431 0.253706
vt 0.684745 0.254001
vt 0.670743 0.248846
vt 0.682646 0.246217
vt 0.704753 0.246217
vt 0.714620 0.253947
vt 0.693903 0.252843
vt 0.735163 0.254033
vt 0.723464 0.248642
vt 0.735310 0.245672
vt 0.744032 0.248555
vt 0.772883 0.246051
vt 0.747196 0.253672
vt 0.796166 0.245740
vt 0.793857 0.253901
vt 0.782001 0.245949
vt 0.820224 0.253901
vt 0.804835 0.251952
vt 0.808368 0.245949
vt 0.828913 0.246199
vt 0.849297 0.251949
vt 0.830671 0.253787
vt 0.876897 0.246526
vt 0.858326 0.254000
vt 0.858840 0.245826
vt 0.907082 0.246825
vt 0.895242 0.253847
vt 0.885217 0.245676
vt 0.915950 0.253504
vt 0.921837 0.246195
vt 0.934711 0.252438
vt 0.961526 0.253613
vt 0.943838 0.253039
vt 0.945377 0.245956
vt 0.987232 0.254000
vt 0.969913 0.248639
vt 0.987746 0.245826
vt 0.025527 0.237245
vt 0.004083 0.240700
vt 0.007898 0.233241
vt 0.058613 0.233212
vt 0.056496 0.240669
vt 0.034631 0.239520
vt 0.068324 0.236026
vt 0.084843 0.233043
vt 0.087106 0.240941
vt 0.120689 0.234274
vt 0.121929 0.240683
vt 0.096257 0.233211
vt 0.130624 0.238148
vt 0.142882 0.232876
vt 0.155917 0.241113
vt 0.164225 0.234701
vt 0.173913 0.233241
vt 0.170099 0.240700
vt 0.184775 0.241074
vt 0.183486 0.233098
vt 0.201105 0.237357
vt 0.231712 0.233978
vt 0.237741 0.240966
vt 0.209844 0.233184
vt 0.267136 0.240738
vt 0.246259 0.234901
vt 0.293573 0.233032
vt 0.331752 0.233133
vt 0.324714 0.240926
vt 0.302115 0.237842
vt 0.340814 0.236687
vt 0.366019 0.233019
vt 0.369254 0.241118
vt 0.381976 0.238252
vt 0.397598 0.232905
vt 0.378792 0.240632
vt 0.406354 0.236813
vt 0.435904 0.232806
vt 0.414545 0.241130
vt 0.466177 0.232806
vt 0.465423 0.239266
vt 0.444819 0.241130
vt 0.475148 0.241125
vt 0.484858 0.233856
vt 0.492153 0.239758
vt 0.517091 0.234600
vt 0.501434 0.241061
vt 0.500580 0.233670
vt 0.534311 0.233576
vt 0.526455 0.241167
vt 0.526079 0.235906
vt 0.543855 0.240827
vt 0.553683 0.233777
vt 0.560869 0.239214
vt 0.569916 0.239825
vt 0.570669 0.233366
vt 0.586427 0.240756
vt 0.629227 0.233594
vt 0.621030 0.240834
vt 0.595426 0.233856
vt 0.637974 0.233766
vt 0.660823 0.236932
vt 0.645255 0.241043
vt 0.682102 0.233421
vt 0.688563 0.240682
vt 0.669803 0.238089
vt 0.724105 0.233823
vt 0.710204 0.240891
vt 0.697497 0.237196
vt 0.733026 0.240867
vt 0.738669 0.233456
vt 0.764628 0.236785
vt 0.788759 0.233598
vt 0.799796 0.240645
vt 0.773338 0.237960
vt 0.809635 0.233791
vt 0.855096 0.239188
vt 0.807782 0.241057
vt 0.863745 0.240959
vt 0.872083 0.233573
vt 0.884598 0.238997
vt 0.915318 0.233766
vt 0.922599 0.241043
vt 0.893513 0.237742
vt 0.955466 0.233456
vt 0.949823 0.240867
vt 0.931417 0.234533
vt 0.970790 0.240682
vt 0.964329 0.233421
vt 0.976326 0.234211
vt 0.013729 0.227767
vt 0.004363 0.221222
vt 0.027177 0.220823
vt 0.060887 0.222848
vt 0.038417 0.227922
vt 0.035579 0.220711
vt 0.069956 0.228153
vt 0.074629 0.220966
vt 0.089570 0.224018
vt 0.097673 0.220593
vt 0.125696 0.221809
vt 0.121283 0.228097
vt 0.133980 0.228141
vt 0.142791 0.222257
vt 0.153548 0.221020
vt 0.173820 0.227774
vt 0.162783 0.220727
vt 0.179642 0.221701
vt 0.223039 0.223126
vt 0.188066 0.227890
vt 0.218589 0.220501
vt 0.244673 0.221023
vt 0.252529 0.227896
vt 0.232226 0.226848
vt 0.293451 0.228129
vt 0.260983 0.226143
vt 0.272650 0.220822
vt 0.323591 0.224499
vt 0.322748 0.228129
vt 0.301947 0.220822
vt 0.340834 0.227880
vt 0.332813 0.220604
vt 0.349408 0.222616
vt 0.357763 0.223202
vt 0.370775 0.220857
vt 0.365218 0.227937
vt 0.379348 0.222678
vt 0.394237 0.220575
vt 0.384132 0.228308
vt 0.408973 0.220853
vt 0.419649 0.225002
vt 0.403195 0.228283
vt 0.455416 0.220686
vt 0.429863 0.227968
vt 0.428610 0.222900
vt 0.464758 0.227496
vt 0.471087 0.220743
vt 0.486337 0.228011
vt 0.523005 0.220685
vt 0.504504 0.228141
vt 0.495279 0.222788
vt 0.531643 0.228115
vt 0.552674 0.221023
vt 0.572263 0.222540
vt 0.603575 0.220915
vt 0.588163 0.228260
vt 0.580997 0.225690
vt 0.624057 0.225902
vt 0.612867 0.228303
vt 0.617389 0.220943
vt 0.647703 0.228211
vt 0.633269 0.228190
vt 0.638644 0.221028
vt 0.669888 0.227631
vt 0.656619 0.227876
vt 0.669320 0.220836
vt 0.684939 0.227876
vt 0.677884 0.222042
vt 0.697640 0.220836
vt 0.706971 0.228278
vt 0.707189 0.220776
vt 0.730330 0.225623
vt 0.754823 0.228278
vt 0.739199 0.228020
vt 0.755040 0.220776
vt 0.784155 0.220999
vt 0.777344 0.226483
vt 0.763987 0.228308
vt 0.792763 0.225951
vt 0.828003 0.221034
vt 0.843183 0.228022
vt 0.994147 0.238535
vt 0.986583 0.240999
vt 0.985269 0.233552
vt 0.864132 0.221021
vt 0.865056 0.227987
vt 0.852247 0.227584
vt 0.883168 0.227897
vt 0.873542 0.220545
vt 0.896322 0.222852
vt 0.904611 0.227376
vt 0.939563 0.220774
vt 0.933869 0.227779
vt 0.961449 0.227577
vt 0.954154 0.228241
vt 0.948336 0.220570
vt 0.003929 0.209592
vt 0.032809 0.208557
vt 0.007681 0.215523
vt 0.970095 0.223369
vt 0.979959 0.220713
vt 0.978082 0.228157
vt 0.064215 0.208708
vt 0.052427 0.215533
vt 0.041101 0.211779
vt 0.073437 0.208366
vt 0.082540 0.215550
vt 0.072920 0.215531
vt 0.100360 0.210068
vt 0.094102 0.215750
vt 0.091503 0.208264
vt 0.108493 0.208488
vt 0.129921 0.215583
vt 0.109655 0.215475
vt 0.149120 0.208264
vt 0.151719 0.215750
vt 0.139015 0.215997
vt 0.172130 0.215817
vt 0.160214 0.213083
vt 0.170815 0.208371
vt 0.180978 0.208350
vt 0.210236 0.208753
vt 0.183259 0.215724
vt 0.239732 0.214183
vt 0.218992 0.215822
vt 0.221799 0.208661
vt 0.248237 0.215830
vt 0.250276 0.208542
vt 0.257049 0.209945
vt 0.266276 0.210298
vt 0.275837 0.208413
vt 0.280107 0.215947
vt 0.301228 0.208682
vt 0.298944 0.215720
vt 0.288900 0.211866
vt 0.335254 0.215967
vt 0.309578 0.212445
vt 0.324322 0.208559
vt 0.369623 0.208674
vt 0.359914 0.215943
vt 0.344700 0.210294
vt 0.378903 0.211685
vt 0.399227 0.208516
vt 0.396204 0.215763
vt 0.441056 0.210288
vt 0.420504 0.215699
vt 0.408130 0.208185
vt 0.460254 0.215967
vt 0.449322 0.208559
vt 0.478623 0.212937
vt 0.487462 0.210704
vt 0.499657 0.208302
vt 0.510604 0.215550
vt 0.535002 0.208421
vt 0.528715 0.215775
vt 0.519020 0.212636
vt 0.545339 0.208250
vt 0.557126 0.211903
vt 0.543707 0.215687
vt 0.993426 0.228012
vt 0.988932 0.220841
vt 0.993471 0.222445
vt 0.566390 0.215626
vt 0.571947 0.208545
vt 0.578725 0.213474
vt 0.588891 0.208309
vt 0.594072 0.215228
vt 0.587558 0.215978
vt 0.619032 0.208232
vt 0.611402 0.215946
vt 0.603272 0.214948
vt 0.665443 0.208845
vt 0.636363 0.215973
vt 0.627363 0.208436
vt 0.686547 0.208309
vt 0.685214 0.215978
vt 0.674715 0.212134
vt 0.696133 0.212914
vt 0.710504 0.208223
vt 0.700411 0.215695
vt 0.735733 0.212118
vt 0.719701 0.215844
vt 0.720995 0.208522
vt 0.748640 0.214495
vt 0.744157 0.208282
vt 0.767767 0.215786
vt 0.784023 0.208437
vt 0.788302 0.211218
vt 0.776598 0.215455
vt 0.803301 0.215579
vt 0.797693 0.213129
vt 0.833823 0.208190
vt 0.848629 0.215718
vt 0.842496 0.208406
vt 0.855971 0.211268
vt 0.889368 0.208631
vt 0.884707 0.215583
vt 0.865046 0.213599
vt 0.926286 0.212957
vt 0.912788 0.215938
vt 0.898379 0.208591
vt 0.956191 0.208706
vt 0.946975 0.215782
vt 0.934747 0.212160
vt 0.966226 0.208571
vt 0.978266 0.213663
vt 0.965658 0.215851
vt 0.004518 0.202626
vt 0.009670 0.196120
vt 0.024032 0.203531
vt 0.059635 0.196298
vt 0.057782 0.203564
vt 0.032542 0.196536
vt 0.987062 0.208673
vt 0.994272 0.213095
vt 0.989873 0.215954
vt 0.092642 0.202093
vt 0.068751 0.203290
vt 0.088890 0.196162
vt 0.126365 0.203238
vt 0.101327 0.196678
vt 0.128984 0.196019
vt 0.140785 0.203399
vt 0.137953 0.196345
vt 0.155156 0.199313
vt 0.176591 0.196201
vt 0.192477 0.198062
vt 0.163143 0.203145
vt 0.220031 0.195927
vt 0.224351 0.203310
vt 0.202073 0.196309
vt 0.274962 0.196531
vt 0.260573 0.203292
vt 0.233026 0.196099
vt 0.283313 0.199460
vt 0.315849 0.196323
vt 0.303309 0.203689
vt 0.346724 0.202561
vt 0.325107 0.203537
vt 0.348210 0.196278
vt 0.356593 0.203598
vt 0.358327 0.196868
vt 0.373097 0.196034
vt 0.382012 0.203346
vt 0.407564 0.196064
vt 0.408442 0.201747
vt 0.435037 0.200167
vt 0.417380 0.203238
vt 0.420000 0.196019
vt 0.466644 0.202315
vt 0.444272 0.203341
vt 0.452469 0.196101
vt 0.474821 0.197238
vt 0.486988 0.196214
vt 0.486918 0.203221
vt 0.519099 0.203204
vt 0.495793 0.196134
vt 0.520543 0.199693
vt 0.552254 0.198956
vt 0.545412 0.203263
vt 0.529654 0.195873
vt 0.560724 0.196108
vt 0.578901 0.201957
vt 0.566289 0.203348
vt 0.587855 0.203300
vt 0.590900 0.199745
vt 0.611558 0.196210
vt 0.644761 0.196210
vt 0.635879 0.203246
vt 0.621058 0.203300
vt 0.661043 0.203334
vt 0.654278 0.200182
vt 0.670871 0.196284
vt 0.685337 0.196762
vt 0.708705 0.198438
vt 0.679068 0.203147
vt 0.740833 0.200138
vt 0.717395 0.203166
vt 0.733204 0.196722
vt 0.749418 0.196967
vt 0.768115 0.200940
vt 0.752729 0.203636
vt 0.787020 0.203211
vt 0.777017 0.201233
vt 0.811977 0.196740
vt 0.820911 0.203166
vt 0.822629 0.197576
vt 0.836720 0.196722
vt 0.873208 0.199723
vt 0.851022 0.203473
vt 0.844993 0.196485
vt 0.893573 0.196651
vt 0.894993 0.203203
vt 0.882670 0.199860
vt 0.927797 0.198393
vt 0.904071 0.203420
vt 0.914434 0.196731
vt 0.965511 0.203357
vt 0.942661 0.200190
vt 0.936621 0.196636
vt 0.977123 0.196921
vt 0.989151 0.202340
vt 0.974521 0.203622
vt 0.004560 0.188027
vt 0.024470 0.184124
vt 0.019378 0.190941
vt 0.051364 0.187325
vt 0.046601 0.191001
vt 0.033419 0.184357
vt 0.090084 0.190889
vt 0.059891 0.188267
vt 0.082624 0.184277
vt 0.098891 0.185889
vt 0.126032 0.184351
vt 0.105340 0.190968
vt 0.150792 0.188190
vt 0.135470 0.191093
vt 0.139814 0.184414
vt 0.159644 0.187978
vt 0.179482 0.184250
vt 0.168273 0.191378
vt 0.188262 0.184410
vt 0.203710 0.184979
vt 0.206597 0.190876
vt 0.226170 0.188721
vt 0.215106 0.191341
vt 0.222279 0.184375
vt 0.244547 0.184168
vt 0.242353 0.191129
vt 0.234840 0.185250
vt 0.264744 0.191167
vt 0.253224 0.185077
vt 0.259763 0.184144
vt 0.280112 0.191123
vt 0.274267 0.189094
vt 0.287096 0.184146
vt 0.306712 0.188272
vt 0.299361 0.191048
vt 0.295119 0.184154
vt 0.325791 0.184244
vt 0.324582 0.191113
vt 0.316372 0.184305
vt 0.352172 0.188071
vt 0.334199 0.191005
vt 0.349132 0.184383
vt 0.360558 0.184282
vt 0.378756 0.191357
vt 0.366231 0.191242
vt 0.398037 0.191137
vt 0.386757 0.184254
vt 0.405175 0.185970
vt 0.434839 0.184485
vt 0.457263 0.191121
vt 0.413568 0.186719
vt 0.500574 0.190886
vt 0.466574 0.190608
vt 0.484714 0.184172
vt 0.513295 0.188327
vt 0.509571 0.184189
vt 0.519642 0.191156
vt 0.552214 0.184459
vt 0.539446 0.191084
vt 0.528355 0.188977
vt 0.580938 0.187499
vt 0.578951 0.191357
vt 0.560753 0.184282
vt 0.611281 0.184578
vt 0.621920 0.190852
vt 0.589493 0.189844
vt 0.630258 0.184318
vt 0.654061 0.186105
vt 0.633267 0.190946
vt 0.665437 0.184353
vt 0.674207 0.190405
vt 0.662179 0.191225
vt 0.715564 0.187471
vt 0.682738 0.190907
vt 0.700261 0.184487
vt 0.724344 0.190893
vt 0.730030 0.184657
vt 0.730029 0.190778
vt 0.760877 0.184316
vt 0.750029 0.191192
vt 0.738810 0.185586
vt 0.991077 0.366931
vt 0.994736 0.367642
vt 0.993296 0.373628
vt 0.770266 0.191122
vt 0.771522 0.184246
vt 0.791391 0.187116
vt 0.808406 0.191169
vt 0.800485 0.186729
vt 0.819259 0.184185
vt 0.836180 0.184558
vt 0.845873 0.189585
vt 0.827631 0.191114
vt 0.856074 0.184419
vt 0.867052 0.186238
vt 0.855135 0.190933
vt 0.889665 0.184476
vt 0.895375 0.190897
vt 0.875091 0.186419
vt 0.920625 0.184152
vt 0.919762 0.190938
vt 0.904171 0.187432
vt 0.929647 0.189711
vt 0.939936 0.184399
vt 0.968104 0.191104
vt 0.004255 0.176515
vt 0.011678 0.172364
vt 0.036187 0.179630
vt 0.073887 0.172738
vt 0.044950 0.179389
vt 0.044996 0.175478
vt 0.976591 0.191192
vt 0.987439 0.184316
vt 0.993525 0.188419
vt 0.097418 0.179609
vt 0.082785 0.172584
vt 0.105795 0.173024
vt 0.123026 0.179147
vt 0.114725 0.172747
vt 0.143622 0.175031
vt 0.172490 0.174586
vt 0.160223 0.179340
vt 0.153190 0.172511
vt 0.218658 0.179227
vt 0.181618 0.178268
vt 0.193577 0.172616
vt 0.226630 0.175814
vt 0.237585 0.172386
vt 0.256594 0.179370
vt 0.272456 0.179241
vt 0.264681 0.178416
vt 0.273387 0.172751
vt 0.321405 0.175246
vt 0.310237 0.179294
vt 0.281348 0.172573
vt 0.330399 0.172648
vt 0.342670 0.173370
vt 0.338328 0.179272
vt 0.362919 0.172907
vt 0.363207 0.179524
vt 0.350653 0.177661
vt 0.371856 0.175994
vt 0.389054 0.172431
vt 0.393061 0.179363
vt 0.401647 0.172386
vt 0.421913 0.172494
vt 0.420657 0.179370
vt 0.440273 0.172718
vt 0.439129 0.179339
vt 0.430753 0.173742
vt 0.450145 0.172751
vt 0.460015 0.177321
vt 0.449214 0.179241
vt 0.493618 0.179194
vt 0.469485 0.176572
vt 0.490610 0.172567
vt 0.502855 0.179524
vt 0.502568 0.172907
vt 0.516398 0.179103
vt 0.558382 0.172617
vt 0.525240 0.179586
vt 0.536491 0.175629
vt 0.566914 0.172568
vt 0.585576 0.172933
vt 0.581008 0.179380
vt 0.594637 0.172519
vt 0.622763 0.174878
vt 0.604143 0.179501
vt 0.675579 0.175707
vt 0.653552 0.179369
vt 0.631128 0.172733
vt 0.689128 0.177752
vt 0.683980 0.172607
vt 0.693666 0.179356
vt 0.715734 0.179370
vt 0.702349 0.178482
vt 0.722063 0.172617
vt 0.746660 0.179547
vt 0.730819 0.178544
vt 0.749071 0.172805
vt 0.758539 0.172663
vt 0.784167 0.172911
vt 0.768807 0.179180
vt 0.805292 0.179194
vt 0.792271 0.175422
vt 0.803895 0.172806
vt 0.814166 0.172691
vt 0.820914 0.174843
vt 0.815252 0.179557
vt 0.840233 0.172599
vt 0.835999 0.179450
vt 0.829936 0.176454
vt 0.848892 0.179577
vt 0.858941 0.173462
vt 0.871284 0.172741
vt 0.880294 0.173636
vt 0.901541 0.172740
vt 0.890716 0.179511
vt 0.925353 0.172468
vt 0.937382 0.177996
vt 0.910963 0.179229
vt 0.946133 0.179255
vt 0.954567 0.172379
vt 0.962080 0.178258
vt 0.028784 0.161496
vt 0.020808 0.167371
vt 0.004129 0.161094
vt 0.975037 0.179313
vt 0.971027 0.172565
vt 0.976668 0.173789
vt 0.062554 0.167878
vt 0.038045 0.160612
vt 0.076503 0.162005
vt 0.097384 0.167590
vt 0.085782 0.161908
vt 0.101728 0.160911
vt 0.136706 0.167875
vt 0.110781 0.161922
vt 0.130027 0.160710
vt 0.176503 0.163969
vt 0.145357 0.167834
vt 0.178500 0.160865
vt 0.989657 0.179410
vt 0.986221 0.172471
vt 0.994025 0.174571
vt 0.194180 0.167467
vt 0.186683 0.160793
vt 0.216280 0.163207
vt 0.225570 0.163024
vt 0.237904 0.160872
vt 0.230731 0.167838
vt 0.263267 0.165784
vt 0.253994 0.167688
vt 0.246375 0.160721
vt 0.289400 0.161236
vt 0.285670 0.167629
vt 0.272109 0.160838
vt 0.298795 0.167754
vt 0.298226 0.160959
vt 0.313828 0.166267
vt 0.322523 0.161120
vt 0.330947 0.162325
vt 0.323475 0.167403
vt 0.346961 0.160721
vt 0.354580 0.167688
vt 0.338903 0.162628
vt 0.363789 0.160816
vt 0.377883 0.167629
vt 0.367206 0.165810
vt 0.386061 0.160698
vt 0.416033 0.163131
vt 0.395329 0.167460
vt 0.425397 0.165178
vt 0.446449 0.160793
vt 0.453946 0.167467
vt 0.476581 0.164754
vt 0.462596 0.167677
vt 0.468179 0.160684
vt 0.499043 0.167739
vt 0.486188 0.165133
vt 0.493370 0.160779
vt 0.508367 0.167597
vt 0.523042 0.161113
vt 0.533571 0.163285
vt 0.548436 0.160803
vt 0.551652 0.166288
vt 0.542200 0.167862
vt 0.566592 0.160881
vt 0.575443 0.167475
vt 0.560440 0.167086
vt 0.606191 0.160612
vt 0.603862 0.166538
vt 0.584423 0.167368
vt 0.614894 0.161795
vt 0.629491 0.160803
vt 0.623255 0.167862
vt 0.642793 0.167502
vt 0.637806 0.162417
vt 0.657725 0.160880
vt 0.666522 0.160780
vt 0.688248 0.160817
vt 0.682931 0.167509
vt 0.696882 0.160774
vt 0.716010 0.162064
vt 0.704342 0.167385
vt 0.725435 0.164476
vt 0.756581 0.160612
vt 0.734814 0.167368
vt 0.765274 0.162795
vt 0.780837 0.160726
vt 0.770888 0.167858
vt 0.789237 0.165585
vt 0.801340 0.160872
vt 0.806118 0.167389
vt 0.820815 0.160879
vt 0.832721 0.167779
vt 0.814829 0.166722
vt 0.842632 0.167375
vt 0.841392 0.160966
vt 0.860378 0.163285
vt 0.869235 0.167553
vt 0.887163 0.160702
vt 0.896106 0.162875
vt 0.930946 0.161762
vt 0.918110 0.167380
vt 0.905235 0.161136
vt 0.969067 0.161013
vt 0.955826 0.167566
vt 0.940363 0.164963
vt 0.007108 0.156054
vt 0.004810 0.149355
vt 0.028743 0.151321
vt 0.052542 0.156121
vt 0.037994 0.149009
vt 0.066684 0.151312
vt 0.075583 0.152315
vt 0.093240 0.149244
vt 0.101542 0.155644
vt 0.977898 0.161204
vt 0.988128 0.160962
vt 0.984095 0.167660
vt 0.128468 0.154947
vt 0.109801 0.155766
vt 0.113255 0.149298
vt 0.151332 0.155734
vt 0.137578 0.149067
vt 0.154377 0.152180
vt 0.163416 0.150910
vt 0.176641 0.149067
vt 0.190394 0.155734
vt 0.199009 0.155897
vt 0.215785 0.149019
vt 0.214983 0.154312
vt 0.238167 0.149978
vt 0.224344 0.155938
vt 0.225376 0.149182
vt 0.270228 0.155908
vt 0.246861 0.154233
vt 0.264031 0.149453
vt 0.301091 0.156013
vt 0.279215 0.155792
vt 0.313068 0.149474
vt 0.322166 0.149544
vt 0.348625 0.152229
vt 0.337200 0.155944
vt 0.371714 0.149925
vt 0.362859 0.156114
vt 0.356923 0.150021
vt 0.389588 0.149850
vt 0.401786 0.155730
vt 0.380826 0.152971
vt 0.410971 0.155170
vt 0.423495 0.149898
vt 0.427037 0.155844
vt 0.453714 0.149642
vt 0.454521 0.155640
vt 0.436342 0.149778
vt 0.464770 0.153904
vt 0.463499 0.149785
vt 0.497697 0.156007
vt 0.518974 0.155730
vt 0.506775 0.149850
vt 0.520695 0.151492
vt 0.550381 0.149727
vt 0.548815 0.155716
vt 0.529398 0.151285
vt 0.585199 0.149705
vt 0.566850 0.155937
vt 0.558770 0.151303
vt 0.608247 0.155419
vt 0.594044 0.155949
vt 0.600797 0.149540
vt 0.625845 0.155651
vt 0.617077 0.149975
vt 0.634267 0.149462
vt 0.643302 0.149829
vt 0.677574 0.150249
vt 0.666331 0.155686
vt 0.698790 0.156021
vt 0.685598 0.152938
vt 0.693121 0.149629
vt 0.710380 0.149574
vt 0.725236 0.156007
vt 0.707669 0.152324
vt 0.746304 0.155696
vt 0.734000 0.152020
vt 0.748197 0.149527
vt 0.802362 0.155808
vt 0.756900 0.150411
vt 0.783956 0.149475
vt 0.831631 0.150671
vt 0.814866 0.155745
vt 0.811328 0.149624
vt 0.861930 0.154861
vt 0.840660 0.155845
vt 0.856031 0.149793
vt 0.875602 0.149825
vt 0.897237 0.155071
vt 0.870182 0.156007
vt 0.921939 0.156007
vt 0.906090 0.150808
vt 0.927359 0.149825
vt 0.954918 0.155845
vt 0.936214 0.151314
vt 0.970289 0.149793
vt 0.004834 0.143386
vt 0.012443 0.138077
vt 0.035471 0.143934
vt 0.049077 0.137671
vt 0.066176 0.144185
vt 0.044305 0.141478
vt 0.095871 0.143623
vt 0.075615 0.143889
vt 0.074808 0.137891
vt 0.107021 0.137975
vt 0.147518 0.140470
vt 0.105455 0.143965
vt 0.181276 0.140334
vt 0.168068 0.143861
vt 0.156480 0.137662
vt 0.993832 0.155386
vt 0.978635 0.155618
vt 0.980782 0.149684
vt 0.204621 0.144287
vt 0.189497 0.138207
vt 0.216655 0.139395
vt 0.224639 0.144363
vt 0.233125 0.137840
vt 0.239475 0.142786
vt 0.270494 0.137809
vt 0.281947 0.142861
vt 0.248108 0.144205
vt 0.290659 0.141975
vt 0.310273 0.137840
vt 0.301788 0.144363
vt 0.318920 0.138723
vt 0.337100 0.137938
vt 0.330948 0.144142
vt 0.353837 0.144083
vt 0.346652 0.138646
vt 0.373735 0.137977
vt 0.382066 0.143048
vt 0.410251 0.137895
vt 0.390802 0.144152
vt 0.419267 0.144083
vt 0.439165 0.137977
vt 0.439541 0.143238
vt 0.477849 0.138106
vt 0.498377 0.140837
vt 0.448289 0.144222
vt 0.512469 0.137811
vt 0.519731 0.142955
vt 0.507108 0.143972
vt 0.543523 0.143803
vt 0.529165 0.143899
vt 0.537587 0.137710
vt 0.566551 0.138045
vt 0.559791 0.143958
vt 0.552205 0.139094
vt 0.591679 0.144067
vt 0.575669 0.143215
vt 0.582224 0.138173
vt 0.621342 0.137960
vt 0.635366 0.144326
vt 0.600180 0.143402
vt 0.643935 0.138256
vt 0.657300 0.137806
vt 0.657130 0.144022
vt 0.666776 0.138027
vt 0.693018 0.141467
vt 0.679523 0.144278
vt 0.719132 0.140534
vt 0.701934 0.144097
vt 0.703178 0.137757
vt 0.728236 0.144090
vt 0.732805 0.138281
vt 0.742568 0.137884
vt 0.751154 0.138147
vt 0.784004 0.144372
vt 0.767987 0.142238
vt 0.800216 0.138199
vt 0.819571 0.144233
vt 0.792176 0.140248
vt 0.842672 0.138207
vt 0.841801 0.143853
vt 0.828987 0.139063
vt 0.875333 0.144234
vt 0.851267 0.138428
vt 0.878897 0.137934
vt 0.920915 0.144185
vt 0.887051 0.137912
vt 0.920620 0.137705
vt 0.930163 0.137692
vt 0.946570 0.142254
vt 0.938512 0.144162
vt 0.955482 0.144188
vt 0.956392 0.138131
vt 0.968753 0.139247
vt 0.019236 0.126781
vt 0.026165 0.133178
vt 0.004682 0.128619
vt 0.982657 0.143997
vt 0.977802 0.138680
vt 0.993050 0.137944
vt 0.048221 0.126889
vt 0.057669 0.132640
vt 0.034554 0.130181
vt 0.084321 0.131032
vt 0.066595 0.132965
vt 0.071008 0.126678
vt 0.116221 0.130860
vt 0.095626 0.132922
vt 0.092881 0.126759
vt 0.125262 0.129226
vt 0.136326 0.126606
vt 0.137429 0.132689
vt 0.172282 0.131015
vt 0.146428 0.132928
vt 0.162967 0.126815
vt 0.199327 0.126759
vt 0.202072 0.132922
vt 0.180957 0.129789
vt 0.224634 0.126489
vt 0.225240 0.132940
vt 0.209964 0.131713
vt 0.253931 0.132085
vt 0.234136 0.133163
vt 0.242514 0.126578
vt 0.262959 0.126838
vt 0.283491 0.127497
vt 0.276730 0.133110
vt 0.306891 0.127164
vt 0.293657 0.132878
vt 0.292346 0.126641
vt 0.324949 0.133181
vt 0.315545 0.130574
vt 0.324698 0.126787
vt 0.333779 0.131552
vt 0.370040 0.126767
vt 0.365810 0.133149
vt 0.396335 0.126832
vt 0.410267 0.133162
vt 0.378676 0.131641
vt 0.419610 0.133018
vt 0.427022 0.126485
vt 0.437738 0.129386
vt 0.446491 0.128278
vt 0.473926 0.126718
vt 0.450767 0.132986
vt 0.502188 0.133041
vt 0.482833 0.127008
vt 0.514757 0.129296
vt 0.534065 0.126752
vt 0.546879 0.131542
vt 0.523673 0.132805
vt 0.577923 0.127022
vt 0.586039 0.133142
vt 0.555895 0.130684
vt 0.617527 0.130355
vt 0.602337 0.133178
vt 0.595408 0.126781
vt 0.656491 0.129333
vt 0.640472 0.132925
vt 0.626297 0.126711
vt 0.691999 0.132794
vt 0.667419 0.132543
vt 0.665799 0.126478
vt 0.700970 0.127022
vt 0.728685 0.130996
vt 0.709086 0.133142
vt 0.770297 0.129218
vt 0.754221 0.133067
vt 0.738272 0.126743
vt 0.779080 0.126478
vt 0.800798 0.126580
vt 0.805280 0.132794
vt 0.843544 0.132819
vt 0.813837 0.126928
vt 0.835707 0.129636
vt 0.871409 0.133067
vt 0.851896 0.133042
vt 0.855459 0.126743
vt 0.894962 0.127920
vt 0.879947 0.132918
vt 0.883280 0.126995
vt 0.920903 0.132852
vt 0.903942 0.129857
vt 0.924509 0.126957
vt 0.933020 0.132640
vt 0.934400 0.126517
vt 0.944131 0.130073
vt 0.985942 0.131729
vt 0.970714 0.132969
vt 0.952431 0.126757
vt 0.004198 0.116893
vt 0.025211 0.115469
vt 0.020980 0.121938
vt 0.034083 0.121638
vt 0.034253 0.115422
vt 0.044506 0.119980
vt 0.066562 0.115517
vt 0.077500 0.121656
vt 0.053062 0.121270
vt 0.103301 0.121713
vt 0.086094 0.117989
vt 0.104546 0.115373
vt 0.136202 0.115641
vt 0.140793 0.121862
vt 0.114102 0.119901
vt 0.149425 0.115621
vt 0.183649 0.119997
vt 0.156508 0.121535
vt 0.192704 0.121165
vt 0.200582 0.115528
vt 0.204975 0.121887
vt 0.226968 0.116285
vt 0.221504 0.121878
vt 0.213513 0.115656
vt 0.252704 0.121811
vt 0.235440 0.119778
vt 0.240249 0.115770
vt 0.266596 0.115447
vt 0.276214 0.120411
vt 0.261207 0.121749
vt 0.289230 0.121862
vt 0.284640 0.115641
vt 0.298235 0.120933
vt 0.306890 0.115287
vt 0.326794 0.116243
vt 0.323988 0.121801
vt 0.347248 0.115338
vt 0.363458 0.115526
vt 0.335271 0.121878
vt 0.372117 0.121838
vt 0.379801 0.115501
vt 0.401677 0.115722
vt 0.421262 0.115875
vt 0.419544 0.121464
vt 0.410600 0.119292
vt 0.448373 0.121656
vt 0.429782 0.118309
vt 0.458679 0.116261
vt 0.466877 0.121961
vt 0.492154 0.116305
vt 0.487535 0.118426
vt 0.518658 0.115940
vt 0.501927 0.121877
vt 0.500088 0.118056
vt 0.541878 0.115842
vt 0.554122 0.119355
vt 0.528055 0.121802
vt 0.576921 0.116047
vt 0.585728 0.119538
vt 0.562686 0.121704
vt 0.621843 0.116047
vt 0.607608 0.121704
vt 0.594421 0.119059
vt 0.653506 0.118906
vt 0.630014 0.121656
vt 0.640320 0.116261
vt 0.688888 0.115997
vt 0.699310 0.121873
vt 0.662821 0.118445
vt 0.733881 0.120257
vt 0.708958 0.121877
vt 0.725690 0.115940
vt 0.750928 0.121562
vt 0.742536 0.116977
vt 0.758536 0.116253
vt 0.787345 0.121613
vt 0.766969 0.121875
vt 0.782490 0.116296
vt 0.810291 0.117172
vt 0.799699 0.121520
vt 0.796483 0.116035
vt 0.828244 0.116351
vt 0.841099 0.117929
vt 0.819294 0.121905
vt 0.880127 0.117611
vt 0.856193 0.121783
vt 0.849674 0.116351
vt 0.915275 0.116017
vt 0.914643 0.121586
vt 0.889578 0.121475
vt 0.969177 0.120232
vt 0.923885 0.121444
vt 0.953219 0.116360
vt 0.015016 0.110683
vt 0.004487 0.108511
vt 0.030537 0.105104
vt 0.042352 0.105104
vt 0.068819 0.110605
vt 0.039222 0.108191
vt 0.089907 0.105874
vt 0.111252 0.104707
vt 0.077966 0.110723
vt 0.119330 0.106664
vt 0.137055 0.104731
vt 0.140974 0.110341
vt 0.150140 0.110548
vt 0.149843 0.104843
vt 0.175768 0.110796
vt 0.205929 0.106165
vt 0.187849 0.110341
vt 0.183930 0.104731
vt 0.233117 0.106235
vt 0.219199 0.110433
vt 0.214179 0.104858
vt 0.261649 0.110283
vt 0.241765 0.109399
vt 0.266969 0.105087
vt 0.978327 0.117031
vt 0.990488 0.116306
vt 0.986541 0.121647
vt 0.275595 0.108449
vt 0.291926 0.104732
vt 0.300336 0.110500
vt 0.313473 0.104918
vt 0.336558 0.109340
vt 0.309251 0.110630
vt 0.345447 0.110489
vt 0.348809 0.105513
vt 0.359235 0.105057
vt 0.367401 0.110337
vt 0.380862 0.104778
vt 0.378158 0.109101
vt 0.421766 0.110334
vt 0.390402 0.104989
vt 0.424402 0.105268
vt 0.432972 0.110313
vt 0.439404 0.104903
vt 0.445560 0.107210
vt 0.470409 0.110335
vt 0.454349 0.108450
vt 0.462914 0.104685
vt 0.507248 0.105183
vt 0.485083 0.110410
vt 0.478521 0.106623
vt 0.538105 0.105003
vt 0.548322 0.110607
vt 0.516007 0.107114
vt 0.557197 0.110659
vt 0.568091 0.104815
vt 0.572889 0.109005
vt 0.582002 0.108827
vt 0.597279 0.104788
vt 0.596241 0.110263
vt 0.606759 0.104834
vt 0.617640 0.110475
vt 0.605835 0.109057
vt 0.637275 0.110659
vt 0.626307 0.104926
vt 0.648169 0.104815
vt 0.656264 0.110365
vt 0.664838 0.105100
vt 0.671589 0.110633
vt 0.693690 0.104926
vt 0.704658 0.110659
vt 0.679741 0.110800
vt 0.712903 0.110486
vt 0.716376 0.106741
vt 0.732069 0.105088
vt 0.764548 0.105384
vt 0.740581 0.110578
vt 0.742909 0.104652
vt 0.773356 0.105103
vt 0.787107 0.109718
vt 0.780568 0.110651
vt 0.807260 0.110785
vt 0.795428 0.105587
vt 0.807576 0.105083
vt 0.821000 0.104898
vt 0.827838 0.110480
vt 0.815523 0.109120
vt 0.836026 0.104669
vt 0.853290 0.106702
vt 0.841350 0.110496
vt 0.861599 0.105179
vt 0.880510 0.109176
vt 0.868259 0.110385
vt 0.913783 0.104919
vt 0.911608 0.108913
vt 0.888808 0.110796
vt 0.925062 0.104751
vt 0.943604 0.110312
vt 0.922376 0.108813
vt 0.961321 0.104705
vt 0.956752 0.110515
vt 0.952316 0.105633
vt 0.032919 0.099892
vt 0.004793 0.097533
vt 0.018819 0.094521
vt 0.969780 0.105204
vt 0.994697 0.105063
vt 0.974484 0.110665
vt 0.041280 0.094521
vt 0.060737 0.095458
vt 0.055380 0.099892
vt 0.100877 0.099986
vt 0.069963 0.098920
vt 0.088583 0.094296
vt 0.110206 0.099194
vt 0.123568 0.094415
vt 0.118672 0.100101
vt 0.132079 0.098940
vt 0.134470 0.094220
vt 0.158537 0.100026
vt 0.193230 0.094158
vt 0.190834 0.099789
vt 0.167896 0.099811
vt 0.202023 0.094414
vt 0.227338 0.098400
vt 0.204370 0.099986
vt 0.275522 0.097854
vt 0.248338 0.099986
vt 0.236044 0.094296
vt 0.291957 0.098874
vt 0.285003 0.100029
vt 0.291118 0.094464
vt 0.305554 0.094436
vt 0.312126 0.100095
vt 0.299922 0.098336
vt 0.340823 0.094145
vt 0.327362 0.099705
vt 0.320589 0.098301
vt 0.364439 0.094193
vt 0.368399 0.099710
vt 0.349885 0.097040
vt 0.397458 0.099988
vt 0.377869 0.098471
vt 0.410569 0.094314
vt 0.419579 0.094299
vt 0.432969 0.096224
vt 0.426243 0.099859
vt 0.441858 0.098070
vt 0.454479 0.094112
vt 0.457739 0.099745
vt 0.473839 0.100143
vt 0.466629 0.094122
vt 0.491943 0.094051
vt 0.515239 0.094236
vt 0.534235 0.099852
vt 0.500011 0.095476
vt 0.564033 0.094430
vt 0.560559 0.098175
vt 0.543820 0.100033
vt 0.578708 0.099687
vt 0.573137 0.098577
vt 0.583729 0.094228
vt 0.591954 0.100082
vt 0.593926 0.096374
vt 0.606605 0.094178
vt 0.616092 0.097217
vt 0.628121 0.094326
vt 0.633126 0.100088
vt 0.649120 0.099702
vt 0.641625 0.094053
vt 0.652547 0.094757
vt 0.693830 0.097736
vt 0.669490 0.099901
vt 0.661515 0.094243
vt 0.702305 0.100082
vt 0.716957 0.094178
vt 0.720757 0.097466
vt 0.744548 0.094480
vt 0.744522 0.099639
vt 0.729784 0.096043
vt 0.761012 0.094241
vt 0.767986 0.098397
vt 0.753221 0.099960
vt 0.792200 0.100151
vt 0.777133 0.099295
vt 0.783839 0.094084
vt 0.801528 0.099977
vt 0.804333 0.094419
vt 0.821942 0.099645
vt 0.856681 0.094193
vt 0.830985 0.099650
vt 0.836305 0.094454
vt 0.888723 0.096825
vt 0.881211 0.099675
vt 0.865609 0.094367
vt 0.906781 0.099867
vt 0.898371 0.094100
vt 0.917351 0.094829
vt 0.970426 0.094517
vt 0.956838 0.099220
vt 0.926478 0.099772
vt 0.979044 0.095776
vt 0.990467 0.094509
vt 0.993140 0.100038
vt 0.031091 0.086100
vt 0.004880 0.089356
vt 0.017991 0.083682
vt 0.060124 0.089395
vt 0.039330 0.088494
vt 0.048891 0.083676
vt 0.084159 0.088920
vt 0.068844 0.089382
vt 0.070157 0.083765
vt 0.092938 0.087655
vt 0.100883 0.083407
vt 0.105230 0.089073
vt 0.131710 0.083781
vt 0.134058 0.089353
vt 0.113630 0.087957
vt 0.142672 0.085583
vt 0.157010 0.083389
vt 0.158630 0.089454
vt 0.180229 0.083705
vt 0.179347 0.089137
vt 0.167489 0.086841
vt 0.213209 0.084175
vt 0.198712 0.089343
vt 0.188495 0.083739
vt 0.258172 0.086298
vt 0.221850 0.089086
vt 0.234159 0.083831
vt 0.267814 0.083560
vt 0.289205 0.087881
vt 0.267182 0.089130
vt 0.319479 0.089000
vt 0.298087 0.084679
vt 0.321293 0.083417
vt 0.365617 0.083786
vt 0.340424 0.089484
vt 0.330644 0.088550
vt 0.425501 0.087198
vt 0.386601 0.089020
vt 0.374572 0.083492
vt 0.457326 0.089117
vt 0.433754 0.088877
vt 0.443037 0.083603
vt 0.493229 0.088855
vt 0.466135 0.089093
vt 0.477379 0.083657
vt 0.532238 0.085511
vt 0.502357 0.089156
vt 0.504754 0.083526
vt 0.562447 0.083762
vt 0.558818 0.089492
vt 0.541083 0.086055
vt 0.581608 0.089395
vt 0.570375 0.083676
vt 0.601765 0.085749
vt 0.638767 0.084173
vt 0.610582 0.089327
vt 0.615200 0.087206
vt 0.662377 0.089053
vt 0.648212 0.089262
vt 0.671938 0.084236
vt 0.693252 0.084274
vt 0.711857 0.084112
vt 0.681593 0.089086
vt 0.746835 0.086997
vt 0.726188 0.089388
vt 0.720289 0.084320
vt 0.758270 0.089237
vt 0.755740 0.084200
vt 0.774501 0.086793
vt 0.808074 0.089157
vt 0.784081 0.088040
vt 0.809412 0.084010
vt 0.835239 0.084370
vt 0.844510 0.089427
vt 0.818246 0.089029
vt 0.852962 0.086967
vt 0.871118 0.084216
vt 0.878269 0.089105
vt 0.887456 0.089073
vt 0.897942 0.084389
vt 0.906097 0.084920
vt 0.920254 0.089227
vt 0.914445 0.084061
vt 0.953823 0.089020
vt 0.962855 0.084105
vt 0.977676 0.084052
vt 0.962054 0.089399
vt 0.018317 0.078560
vt 0.004467 0.073745
vt 0.025212 0.074707
vt 0.057743 0.076280
vt 0.051881 0.078772
vt 0.033255 0.073322
vt 0.084862 0.078527
vt 0.066444 0.076811
vt 0.083207 0.073714
vt 0.093334 0.077662
vt 0.102064 0.073797
vt 0.114079 0.078624
vt 0.148561 0.078772
vt 0.122422 0.076172
vt 0.129934 0.073322
vt 0.157884 0.073683
vt 0.167865 0.075611
vt 0.164662 0.078612
vt 0.175943 0.073731
vt 0.197484 0.073897
vt 0.201874 0.078629
vt 0.234033 0.076550
vt 0.210584 0.078787
vt 0.231934 0.073546
vt 0.247694 0.078787
vt 0.242895 0.074596
vt 0.269043 0.073546
vt 0.278024 0.078727
vt 0.284922 0.073420
vt 0.296798 0.076183
vt 0.993126 0.089202
vt 0.987024 0.086434
vt 0.989868 0.084056
vt 0.306046 0.078418
vt 0.304932 0.073350
vt 0.320994 0.074074
vt 0.329639 0.075482
vt 0.342772 0.073706
vt 0.353426 0.078507
vt 0.371221 0.078667
vt 0.361933 0.073680
vt 0.382898 0.075161
vt 0.403033 0.073514
vt 0.391956 0.078606
vt 0.392030 0.074775
vt 0.411806 0.074231
vt 0.423722 0.073841
vt 0.425035 0.078416
vt 0.451631 0.078584
vt 0.434257 0.077910
vt 0.442356 0.073521
vt 0.485616 0.075495
vt 0.471590 0.078507
vt 0.460936 0.073706
vt 0.511038 0.078427
vt 0.494496 0.078485
vt 0.507650 0.073440
vt 0.528505 0.073628
vt 0.541581 0.077934
vt 0.520027 0.078408
vt 0.562151 0.073361
vt 0.567182 0.078567
vt 0.549899 0.074571
vt 0.576156 0.075761
vt 0.592451 0.073531
vt 0.583168 0.078804
vt 0.617483 0.073391
vt 0.603773 0.078795
vt 0.600941 0.073449
vt 0.626331 0.073569
vt 0.645568 0.076672
vt 0.626689 0.078707
vt 0.664522 0.078584
vt 0.655247 0.073521
vt 0.675180 0.077110
vt 0.693529 0.078785
vt 0.683836 0.073758
vt 0.710294 0.074844
vt 0.740428 0.073820
vt 0.733872 0.078861
vt 0.719349 0.074776
vt 0.749651 0.073361
vt 0.768905 0.076652
vt 0.754682 0.078567
vt 0.788011 0.078794
vt 0.778212 0.073369
vt 0.805968 0.078412
vt 0.814523 0.075438
vt 0.839221 0.073569
vt 0.839580 0.078707
vt 0.994959 0.592613
vt 0.991725 0.590553
vt 0.995108 0.587521
vt 0.865712 0.077833
vt 0.848522 0.078347
vt 0.859851 0.073345
vt 0.874989 0.078696
vt 0.881481 0.073338
vt 0.884194 0.078851
vt 0.893038 0.078176
vt 0.893596 0.073403
vt 0.919881 0.078352
vt 0.928387 0.075023
vt 0.943715 0.073449
vt 0.946547 0.078795
vt 0.961280 0.073308
vt 0.978995 0.076983
vt 0.955380 0.078557
vt 0.018799 0.063278
vt 0.019914 0.068346
vt 0.003960 0.065569
vt 0.028520 0.063641
vt 0.055506 0.064424
vt 0.030175 0.068454
vt 0.988123 0.078902
vt 0.988272 0.073811
vt 0.992440 0.073418
vt 0.080844 0.067102
vt 0.064038 0.063271
vt 0.110060 0.068322
vt 0.150901 0.063631
vt 0.118199 0.068780
vt 0.130006 0.063549
vt 0.188898 0.065861
vt 0.160047 0.068364
vt 0.162684 0.063298
vt 0.197330 0.068564
vt 0.212344 0.063566
vt 0.224000 0.065968
vt 0.266215 0.068494
vt 0.232705 0.063523
vt 0.268907 0.065989
vt 0.277945 0.068640
vt 0.281498 0.063390
vt 0.292142 0.066147
vt 0.301505 0.066667
vt 0.312167 0.063767
vt 0.312415 0.068796
vt 0.334157 0.068789
vt 0.320666 0.068529
vt 0.332409 0.063312
vt 0.343544 0.063429
vt 0.363662 0.067935
vt 0.353899 0.068331
vt 0.372527 0.068452
vt 0.373866 0.063305
vt 0.395341 0.068053
vt 0.403932 0.065140
vt 0.427693 0.063761
vt 0.412987 0.068290
vt 0.449222 0.063701
vt 0.453448 0.067523
vt 0.435951 0.068643
vt 0.481964 0.063705
vt 0.504678 0.068406
vt 0.462196 0.067750
vt 0.513225 0.067407
vt 0.525165 0.063613
vt 0.534521 0.068753
vt 0.556359 0.064892
vt 0.545550 0.068407
vt 0.543665 0.063383
vt 0.572764 0.063364
vt 0.600938 0.068787
vt 0.564736 0.066321
vt 0.624811 0.068663
vt 0.610233 0.065517
vt 0.649134 0.063695
vt 0.681540 0.063415
vt 0.682793 0.068483
vt 0.657573 0.068608
vt 0.718372 0.063826
vt 0.720398 0.066457
vt 0.691501 0.068505
vt 0.729239 0.068128
vt 0.744808 0.064017
vt 0.763512 0.068548
vt 0.772316 0.064290
vt 0.790434 0.067700
vt 0.775568 0.068520
vt 0.799690 0.068554
vt 0.799224 0.063984
vt 0.813375 0.067698
vt 0.834674 0.063809
vt 0.821737 0.068730
vt 0.821993 0.065117
vt 0.843469 0.064003
vt 0.878496 0.065763
vt 0.856781 0.068357
vt 0.912721 0.064020
vt 0.902169 0.068302
vt 0.887618 0.064296
vt 0.924570 0.067651
vt 0.921792 0.064200
vt 0.955029 0.068400
vt 0.991184 0.064008
vt 0.983085 0.068396
vt 0.963101 0.066896
vt 0.004618 0.056497
vt 0.013904 0.054214
vt 0.023944 0.058374
vt 0.076946 0.058752
vt 0.032495 0.055777
vt 0.055463 0.054192
vt 0.085500 0.054140
vt 0.112466 0.057502
vt 0.087596 0.058510
vt 0.121775 0.055153
vt 0.146646 0.054145
vt 0.143894 0.058726
vt 0.183567 0.055614
vt 0.155484 0.058502
vt 0.160102 0.053953
vt 0.206870 0.056261
vt 0.191913 0.058374
vt 0.201025 0.054231
vt 0.230908 0.058627
vt 0.215041 0.056781
vt 0.227265 0.054007
vt 0.254506 0.055190
vt 0.243604 0.058627
vt 0.239960 0.054007
vt 0.288697 0.058425
vt 0.263595 0.058700
vt 0.272821 0.053841
vt 0.320737 0.054730
vt 0.319169 0.058540
vt 0.297694 0.053792
vt 0.329482 0.058233
vt 0.334144 0.053905
vt 0.342847 0.057783
vt 0.378436 0.056136
vt 0.351694 0.058682
vt 0.359110 0.054258
vt 0.418351 0.057760
vt 0.390735 0.058622
vt 0.387092 0.054171
vt 0.439354 0.054220
vt 0.442026 0.058151
vt 0.427235 0.058247
vt 0.469388 0.058312
vt 0.450565 0.054137
vt 0.472099 0.055562
vt 0.498679 0.053740
vt 0.509833 0.058635
vt 0.480936 0.056351
vt 0.537010 0.054220
vt 0.524892 0.058247
vt 0.519030 0.053759
vt 0.554379 0.054099
vt 0.563378 0.058697
vt 0.545398 0.058235
vt 0.578983 0.058458
vt 0.572206 0.055095
vt 0.591282 0.053790
vt 0.628003 0.054605
vt 0.627958 0.058516
vt 0.600031 0.053981
vt 0.652035 0.054099
vt 0.643054 0.058235
vt 0.636838 0.054331
vt 0.670226 0.054189
vt 0.664760 0.058258
vt 0.660287 0.054234
vt 0.695671 0.056435
vt 0.679408 0.058258
vt 0.684875 0.054189
vt 0.704291 0.054608
vt 0.723270 0.054173
vt 0.724096 0.058344
vt 0.734908 0.054103
vt 0.739177 0.058246
vt 0.732908 0.055015
vt 0.747347 0.058570
vt 0.748258 0.053904
vt 0.767581 0.054414
vt 0.786050 0.058604
vt 0.776393 0.056402
vt 0.797809 0.054194
vt 0.820851 0.055423
vt 0.811547 0.058401
vt 0.806611 0.053987
vt 0.847682 0.054164
vt 0.857339 0.056366
vt 0.829937 0.058254
vt 0.887430 0.054258
vt 0.880014 0.058682
vt 0.865697 0.054427
vt 0.924282 0.054461
vt 0.907738 0.058464
vt 0.896351 0.053795
vt 0.958471 0.057784
vt 0.933309 0.058482
vt 0.938666 0.054048
vt 0.970588 0.058735
vt 0.967091 0.054662
vt 0.981294 0.054132
vt 0.029646 0.044230
vt 0.038037 0.048814
vt 0.004800 0.044614
vt 0.065891 0.047635
vt 0.046815 0.048940
vt 0.053569 0.044292
vt 0.101900 0.046651
vt 0.075094 0.048865
vt 0.080052 0.044332
vt 0.111791 0.048831
vt 0.110965 0.044660
vt 0.133524 0.048662
vt 0.142323 0.048133
vt 0.168919 0.044332
vt 0.163962 0.048865
vt 0.177118 0.044328
vt 0.216755 0.047533
vt 0.192994 0.048911
vt 0.225691 0.044714
vt 0.239118 0.048177
vt 0.225381 0.048828
vt 0.269988 0.046050
vt 0.251679 0.048971
vt 0.247289 0.044239
vt 0.307224 0.047953
vt 0.278343 0.048988
vt 0.283959 0.044299
vt 0.335310 0.048926
vt 0.315890 0.044600
vt 0.342732 0.044776
vt 0.383736 0.046828
vt 0.362372 0.049122
vt 0.351218 0.044227
vt 0.419832 0.047729
vt 0.392069 0.048884
vt 0.396045 0.044704
vt 0.445018 0.047318
vt 0.430463 0.049156
vt 0.428157 0.044562
vt 0.453621 0.048935
vt 0.470975 0.044694
vt 0.477137 0.048141
vt 0.510707 0.049120
vt 0.485791 0.044637
vt 0.511216 0.045285
vt 0.539502 0.044637
vt 0.564418 0.049120
vt 0.519701 0.046497
vt 0.592674 0.047585
vt 0.573068 0.048717
vt 0.583619 0.044435
vt 0.600643 0.045898
vt 0.645934 0.044686
vt 0.647782 0.048927
vt 0.675634 0.044718
vt 0.666522 0.048861
vt 0.656482 0.044701
vt 0.716018 0.045030
vt 0.712083 0.048735
vt 0.684368 0.044762
vt 0.725530 0.044363
vt 0.740665 0.047806
vt 0.731010 0.049010
vt 0.749406 0.047412
vt 0.765044 0.044398
vt 0.765510 0.048968
vt 0.773481 0.048786
vt 0.784066 0.044655
vt 0.794556 0.047682
vt 0.803161 0.044686
vt 0.827741 0.044937
vt 0.805008 0.048927
vt 0.872430 0.044328
vt 0.863204 0.049186
vt 0.836108 0.047116
vt 0.887686 0.044712
vt 0.881442 0.049240
vt 0.882607 0.045014
vt 0.895646 0.045000
vt 0.903228 0.044750
vt 0.905169 0.048739
vt 0.939252 0.049156
vt 0.913937 0.045169
vt 0.936946 0.044562
vt 0.961286 0.048706
vt 0.948200 0.044681
vt 0.977286 0.047982
vt 0.046447 0.039284
vt 0.004511 0.038852
vt 0.036112 0.034771
vt 0.080142 0.034805
vt 0.068200 0.039654
vt 0.055100 0.037235
vt 0.114607 0.039193
vt 0.089761 0.039578
vt 0.101520 0.035167
vt 0.148033 0.039534
vt 0.123600 0.038471
vt 0.143757 0.034826
vt 0.160131 0.034830
vt 0.168202 0.037989
vt 0.156778 0.039257
vt 0.208321 0.035019
vt 0.211285 0.037018
vt 0.177697 0.039190
vt 0.229283 0.039516
vt 0.220475 0.036025
vt 0.246452 0.034735
vt 0.272541 0.039701
vt 0.255742 0.036588
vt 0.268354 0.035197
vt 0.287666 0.039212
vt 0.281787 0.036418
vt 0.308827 0.034821
vt 0.339424 0.035295
vt 0.322346 0.039701
vt 0.318159 0.035197
vt 0.357014 0.039233
vt 0.348004 0.036459
vt 0.369972 0.035191
vt 0.420183 0.039638
vt 0.378225 0.037389
vt 0.403757 0.035034
vt 0.442237 0.035191
vt 0.445489 0.039421
vt 0.429279 0.039233
vt 0.482133 0.038928
vt 0.455050 0.039597
vt 0.465430 0.035535
vt 0.490906 0.039597
vt 0.510414 0.035454
vt 0.518327 0.036585
vt 0.526807 0.037153
vt 0.529244 0.035528
vt 0.545879 0.039403
vt 0.555875 0.035559
vt 0.575858 0.037059
vt 0.554324 0.039219
vt 0.594874 0.039713
vt 0.584612 0.035950
vt 0.608634 0.035648
vt 0.617997 0.039514
vt 0.619565 0.035704
vt 0.648221 0.039181
vt 0.656306 0.039188
vt 0.664305 0.035710
vt 0.675926 0.037237
vt 0.684906 0.038139
vt 0.706621 0.035544
vt 0.706905 0.039573
vt 0.734874 0.037769
vt 0.714954 0.039306
vt 0.726388 0.035759
vt 0.756219 0.036273
vt 0.753090 0.039360
vt 0.743180 0.035446
vt 0.795963 0.038007
vt 0.764915 0.039716
vt 0.775535 0.035649
vt 0.815478 0.037665
vt 0.809155 0.039674
vt 0.805124 0.035400
vt 0.825069 0.039573
vt 0.824785 0.035544
vt 0.848079 0.038966
vt 0.869454 0.035444
vt 0.868531 0.039667
vt 0.856876 0.037265
vt 0.878136 0.035989
vt 0.885413 0.035511
vt 0.898321 0.039206
vt 0.928382 0.035454
vt 0.908874 0.039597
vt 0.906849 0.036965
vt 0.936842 0.035764
vt 0.954301 0.036221
vt 0.937538 0.039318
vt 0.962979 0.039488
vt 0.971570 0.035558
vt 0.975006 0.039610
vt 0.020214 0.028074
vt 0.005324 0.030176
vt 0.004154 0.026189
vt 0.028651 0.029940
vt 0.043951 0.026042
vt 0.050513 0.029829
vt 0.070595 0.029947
vt 0.059474 0.026082
vt 0.078624 0.026990
vt 0.091018 0.026003
vt 0.106885 0.027849
vt 0.087083 0.029709
vt 0.115937 0.028825
vt 0.134246 0.025905
vt 0.130482 0.030009
vt 0.154452 0.027468
vt 0.142606 0.029780
vt 0.146659 0.026157
vt 0.188950 0.030176
vt 0.163525 0.029528
vt 0.174427 0.026091
vt 0.201628 0.025905
vt 0.218943 0.029052
vt 0.197865 0.030009
vt 0.252755 0.026246
vt 0.241321 0.029793
vt 0.228018 0.028972
vt 0.284123 0.028808
vt 0.261275 0.030201
vt 0.274734 0.025969
vt 0.319310 0.025865
vt 0.292714 0.029666
vt 0.294710 0.026562
vt 0.994843 0.045696
vt 0.992677 0.048823
vt 0.985894 0.045169
vt 0.358780 0.027673
vt 0.346841 0.030082
vt 0.327730 0.026136
vt 0.393041 0.025887
vt 0.407358 0.030143
vt 0.367880 0.026585
vt 0.417466 0.026259
vt 0.433476 0.027112
vt 0.416957 0.030094
vt 0.465371 0.026582
vt 0.464579 0.030196
vt 0.442020 0.026193
vt 0.490593 0.026217
vt 0.479342 0.030173
vt 0.474330 0.028039
vt 0.499211 0.028226
vt 0.514887 0.025899
vt 0.511012 0.029887
vt 0.550350 0.026070
vt 0.551879 0.029678
vt 0.523480 0.026053
vt 0.573005 0.029958
vt 0.561008 0.029168
vt 0.567383 0.026166
vt 0.581428 0.026191
vt 0.611371 0.026053
vt 0.612687 0.029780
vt 0.636614 0.029713
vt 0.621101 0.027261
vt 0.627091 0.025973
vt 0.664043 0.028211
vt 0.645571 0.029955
vt 0.644971 0.025961
vt 0.690410 0.025973
vt 0.703327 0.029789
vt 0.671938 0.027716
vt 0.711942 0.026855
vt 0.722826 0.026021
vt 0.726144 0.029927
vt 0.735003 0.029795
vt 0.745813 0.026280
vt 0.759024 0.029492
vt 0.780714 0.025961
vt 0.781313 0.029955
vt 0.767950 0.028293
vt 0.807598 0.029890
vt 0.790963 0.026015
vt 0.831341 0.028884
vt 0.840112 0.030015
vt 0.841193 0.026013
vt 0.854964 0.027703
vt 0.863948 0.029882
vt 0.875116 0.025834
vt 0.898024 0.028360
vt 0.907207 0.025973
vt 0.947559 0.028229
vt 0.920124 0.029789
vt 0.956418 0.029697
vt 0.965033 0.026063
vt 0.970509 0.028842
vt 0.004567 0.017455
vt 0.021285 0.020195
vt 0.015003 0.021242
vt 0.994379 0.027578
vt 0.978703 0.029904
vt 0.985866 0.026610
vt 0.993396 0.037426
vt 0.984110 0.039709
vt 0.984902 0.036096
vt 0.050834 0.019446
vt 0.030189 0.021231
vt 0.031291 0.017865
vt 0.060072 0.019885
vt 0.076526 0.017885
vt 0.084212 0.020805
vt 0.105829 0.021164
vt 0.092790 0.020337
vt 0.110601 0.017358
vt 0.138073 0.017456
vt 0.141737 0.020994
vt 0.119845 0.019288
vt 0.154350 0.020801
vt 0.150550 0.017514
vt 0.169189 0.018510
vt 0.178701 0.018740
vt 0.193921 0.017384
vt 0.210727 0.021216
vt 0.219209 0.017472
vt 0.233768 0.017768
vt 0.220101 0.021060
vt 0.242893 0.019423
vt 0.251435 0.017472
vt 0.252327 0.021060
vt 0.293166 0.020967
vt 0.261517 0.020699
vt 0.276707 0.017876
vt 0.324338 0.017602
vt 0.321342 0.021125
vt 0.301799 0.019544
vt 0.333716 0.020875
vt 0.347840 0.017697
vt 0.359863 0.019824
vt 0.368411 0.021032
vt 0.377892 0.017573
vt 0.383031 0.019584
vt 0.404575 0.021119
vt 0.391721 0.019540
vt 0.398535 0.017565
vt 0.462988 0.019803
vt 0.429981 0.020954
vt 0.413372 0.017692
vt 0.493433 0.018844
vt 0.472162 0.021078
vt 0.473005 0.017448
vt 0.502788 0.019642
vt 0.530190 0.017754
vt 0.532968 0.021204
vt 0.541973 0.018698
vt 0.565716 0.017692
vt 0.582325 0.020954
vt 0.591683 0.017795
vt 0.611746 0.019324
vt 0.602173 0.020822
vt 0.624181 0.020632
vt 0.620212 0.017581
vt 0.638803 0.020929
vt 0.648243 0.017651
vt 0.666792 0.019515
vt 0.655872 0.021067
vt 0.685704 0.018393
vt 0.692094 0.021021
vt 0.675391 0.017628
vt 0.716936 0.018330
vt 0.713753 0.020711
vt 0.700962 0.019915
vt 0.726335 0.020916
vt 0.738985 0.017908
vt 0.752312 0.019626
vt 0.761272 0.018162
vt 0.782568 0.019509
vt 0.772402 0.021031
vt 0.822160 0.018855
vt 0.813045 0.021034
vt 0.791796 0.017911
vt 0.830240 0.020569
vt 0.842178 0.018160
vt 0.851781 0.020736
vt 0.870336 0.020736
vt 0.860733 0.018160
vt 0.887674 0.020220
vt 0.915413 0.019941
vt 0.895657 0.021147
vt 0.905979 0.018304
vt 0.924509 0.020913
vt 0.930793 0.017947
vt 0.952139 0.020419
vt 0.982550 0.017947
vt 0.976267 0.020913
vt 0.960205 0.020189
vt 0.008947 0.012606
vt 0.004569 0.009591
vt 0.021141 0.010205
vt 0.029776 0.012743
vt 0.030419 0.010665
vt 0.054513 0.010018
vt 0.066682 0.012541
vt 0.062794 0.009594
vt 0.081236 0.009694
vt 0.103733 0.010530
vt 0.098814 0.012492
vt 0.089895 0.009887
vt 0.112552 0.011519
vt 0.127172 0.010071
vt 0.123369 0.012700
vt 0.159017 0.012443
vt 0.136238 0.010137
vt 0.157792 0.009664
vt 0.188203 0.009514
vt 0.175554 0.012522
vt 0.167640 0.011392
vt 0.214875 0.011613
vt 0.196500 0.012494
vt 0.199700 0.009560
vt 0.250545 0.012640
vt 0.223675 0.012622
vt 0.229296 0.009517
vt 0.259530 0.012571
vt 0.261935 0.009668
vt 0.287187 0.011912
vt 0.296272 0.012761
vt 0.308388 0.009525
vt 0.326214 0.012622
vt 0.364474 0.009668
vt 0.362069 0.012571
vt 0.335524 0.009894
vt 0.375634 0.012756
vt 0.373535 0.009752
vt 0.391765 0.012078
vt 0.447586 0.012553
vt 0.413785 0.012815
vt 0.400447 0.009524
vt 0.474652 0.012622
vt 0.456826 0.009525
vt 0.480272 0.009517
vt 0.488575 0.012392
vt 0.498099 0.009887
vt 0.507017 0.012492
vt 0.516211 0.012032
vt 0.522556 0.009747
vt 0.526524 0.012798
vt 0.557198 0.012352
vt 0.535932 0.012253
vt 0.551319 0.009558
vt 0.580209 0.010297
vt 0.571977 0.012627
vt 0.565587 0.010000
vt 0.596644 0.010458
vt 0.591417 0.012399
vt 0.589690 0.011613
vt 0.625610 0.010189
vt 0.622766 0.012567
vt 0.604536 0.011293
vt 0.645732 0.010126
vt 0.642817 0.012469
vt 0.634303 0.011501
vt 0.654834 0.012807
vt 0.654777 0.010301
vt 0.667967 0.011031
vt 0.676572 0.010374
vt 0.689893 0.010292
vt 0.677130 0.012624
vt 0.711853 0.010486
vt 0.721236 0.012288
vt 0.698525 0.012831
vt 0.750967 0.012585
vt 0.729621 0.010113
vt 0.766187 0.011229
vt 0.774632 0.010663
vt 0.791971 0.010147
vt 0.797332 0.012474
vt 0.815324 0.010461
vt 0.823840 0.012259
vt 0.806209 0.012640
vt 0.853257 0.012362
vt 0.832167 0.012307
vt 0.854968 0.010424
vt 0.864219 0.012563
vt 0.869388 0.010400
vt 0.880205 0.011581
vt 0.889647 0.011031
vt 0.909679 0.010611
vt 0.914327 0.012820
vt 0.940245 0.011856
vt 0.927999 0.012820
vt 0.923351 0.010611
vt 0.948539 0.011779
vt 0.969981 0.010303
vt 0.963372 0.012761
vt 0.019370 0.002539
vt 0.026139 0.004690
vt 0.004413 0.004653
vt 0.995003 0.012035
vt 0.979755 0.012771
vt 0.978898 0.010479
vt 0.034493 0.002563
vt 0.059425 0.003294
vt 0.037457 0.004562
vt 0.090733 0.003178
vt 0.084617 0.004609
vt 0.068045 0.003995
vt 0.109383 0.004877
vt 0.099069 0.003110
vt 0.115373 0.003589
vt 0.153292 0.004525
vt 0.124569 0.003686
vt 0.142200 0.003306
vt 0.194434 0.003015
vt 0.187619 0.004991
vt 0.161426 0.004166
vt 0.219741 0.002834
vt 0.223278 0.004883
vt 0.203374 0.003928
vt 0.250979 0.004610
vt 0.231656 0.004100
vt 0.250032 0.003219
vt 0.290799 0.002807
vt 0.276461 0.005001
vt 0.260575 0.003140
vt 0.318485 0.003093
vt 0.299807 0.004610
vt 0.298860 0.003219
vt 0.338896 0.005030
vt 0.327954 0.003218
vt 0.349779 0.004197
vn 0.1637 0.0950 0.9819
vn -0.9789 -0.0846 0.1858
vn 0.5102 0.6952 -0.5064
vn 0.5053 0.6967 -0.5092
vn 0.6081 0.7751 -0.1716
vn 0.6025 0.7773 -0.1812
vn 0.5132 -0.0219 -0.8580
vn 0.4868 0.7466 -0.4535
vn -0.1191 -0.0969 -0.9881
vn 0.6063 0.7781 -0.1642
vn 0.3791 0.8040 -0.4581
vn 0.5073 0.8378 -0.2018
vn 0.8914 -0.0440 -0.4512
vn 0.5892 0.8079 -0.0126
vn 0.3941 0.8128 -0.4290
vn 0.6030 0.7806 -0.1645
vn 0.9588 0.1960 -0.2058
vn 0.9025 0.2275 -0.3658
vn 0.4919 -0.0667 -0.8681
vn 0.5979 0.7823 -0.1745
vn 0.9649 -0.0392 -0.2598
vn 0.7396 0.4788 -0.4731
vn 0.2969 0.2058 -0.9325
vn 0.8689 0.1066 0.4833
vn 0.2842 0.1974 -0.9382
vn -0.4736 0.6870 0.5511
vn -0.4649 0.6826 0.5638
vn 0.7385 0.4794 -0.4741
vn 0.6577 0.5684 -0.4943
vn 0.5493 0.7252 -0.4152
vn 0.2238 0.1156 0.9678
vn -0.5920 0.1301 -0.7953
vn 0.2138 0.2519 -0.9438
vn -0.8573 0.1267 -0.4989
vn -0.9694 -0.0265 -0.2440
vn -0.9255 -0.0808 -0.3699
vn 0.3430 0.2048 -0.9168
vn -0.3953 0.0217 -0.9183
vn 0.7894 0.5161 0.3325
vn 0.7741 0.5111 0.3736
vn 0.5627 0.6447 -0.5174
vn -0.4410 0.7035 0.5573
vn -0.8669 0.4921 -0.0801
vn -0.6110 0.7542 0.2407
vn 0.0747 0.7585 -0.6473
vn 0.7649 0.4877 -0.4208
vn -0.3855 0.8197 0.4236
vn -0.7400 0.2561 0.6219
vn -0.6070 0.6532 0.4526
vn 0.2097 0.7920 -0.5734
vn 0.3651 0.7573 -0.5415
vn -0.2833 0.3463 0.8943
vn -0.4383 0.7015 0.5620
vn -0.5128 -0.0353 -0.8578
vn 0.4958 0.6941 -0.5219
vn -0.5918 0.6454 0.4830
vn -0.9442 0.1408 -0.2977
vn -0.1924 0.7917 0.5799
vn -0.3559 0.8005 0.4822
vn 0.2533 0.0445 0.9664
vn -0.8751 0.0883 0.4759
vn -0.8779 0.1191 0.4638
vn 0.6755 0.0410 0.7362
vn -0.8401 0.0676 -0.5382
vn -0.8605 0.1041 0.4987
vn 0.5986 0.7837 -0.1659
vn -0.8553 -0.2232 0.4676
vn -0.8762 -0.2201 -0.4288
vn -0.8707 0.1216 0.4766
vn -0.5221 0.6647 0.5343
vn 0.5175 0.8017 -0.2992
vn 0.8499 0.4227 0.3147
vn -0.3484 0.2355 -0.9073
vn 0.4764 0.1469 -0.8669
vn -0.2243 0.1146 -0.9678
vn -0.3776 0.8643 -0.3322
vn 0.2952 0.2525 -0.9215
vn -0.9295 -0.0116 0.3685
vn 0.6813 0.5104 0.5247
vn 0.2577 0.8862 -0.3850
vn -0.4437 0.2131 -0.8705
vn 0.7821 0.2463 -0.5724
vn 0.3378 0.7892 -0.5128
vn -0.6187 -0.0179 -0.7854
vn 0.8682 0.4873 0.0935
vn 0.3344 0.8692 -0.3643
vn -0.0074 -0.0628 0.9980
vn 0.3241 0.7911 -0.5188
vn 0.3051 0.2622 -0.9155
vn -0.2626 0.8883 -0.3769
vn -0.7823 0.3167 0.5364
vn -0.0468 0.8935 0.4466
vn -0.4413 0.7055 0.5545
vn 0.4915 0.7006 -0.5173
vn 0.6013 0.0478 0.7976
vn -0.0409 -0.1484 0.9881
vn -0.9827 0.0913 0.1612
vn -0.0602 0.8919 0.4481
vn -0.4407 0.7052 0.5554
vn 0.7073 0.4519 -0.5436
vn -0.7175 0.3590 0.5969
vn 0.3478 0.7404 -0.5752
vn 0.8185 0.3933 -0.4189
vn -0.1459 -0.1011 -0.9841
vn -0.9531 -0.1236 -0.2763
vn 0.5331 0.6735 -0.5121
vn -0.5490 0.6170 0.5639
vn -0.2993 0.8793 0.3706
vn 0.4632 0.8040 -0.3729
vn 0.5228 0.6853 -0.5070
vn 0.2084 -0.2479 -0.9461
vn -0.5370 0.6511 0.5364
vn -0.3618 0.8494 0.3842
vn 0.3024 0.6285 -0.7166
vn -0.9301 0.2565 0.2629
vn -0.3620 0.8494 0.3839
vn 0.7349 0.0704 -0.6745
vn -0.6218 0.7389 0.2595
vn -0.8491 0.5262 0.0449
vn -0.5311 0.6488 0.5449
vn -0.4365 0.8754 0.2077
vn -0.3622 -0.1609 -0.9181
vn 0.5088 0.6889 -0.5163
vn -0.7927 0.5969 -0.1233
vn -0.5674 0.6150 0.5476
vn 0.3776 0.7353 -0.5628
vn -0.3549 0.2542 -0.8997
vn -0.8772 0.4787 -0.0359
vn 0.4449 -0.2821 -0.8500
vn 0.4535 0.7913 -0.4101
vn 0.5332 0.6735 -0.5119
vn 0.3379 0.0305 0.9407
vn -0.5865 0.7737 0.2396
vn -0.3881 0.8489 0.3589
vn -0.6219 0.5403 0.5669
vn -0.8074 -0.1982 -0.5556
vn -0.5157 0.6698 0.5342
vn 0.4839 0.7585 -0.4365
vn -0.4455 0.8252 0.3473
vn 0.9394 0.3424 -0.0144
vn -0.4331 0.7020 0.5654
vn -0.9911 -0.0256 -0.1304
vn 0.7643 0.4261 -0.4841
vn -0.5777 0.2794 -0.7670
vn 0.9058 0.3427 0.2491
vn -0.4233 0.8351 0.3512
vn 0.5643 0.7998 -0.2045
vn -0.4359 0.7542 0.4910
vn 0.7490 -0.1771 0.6384
vn 0.3490 0.6624 -0.6629
vn -0.4042 0.8408 0.3600
vn 0.7683 -0.1680 -0.6176
vn 0.3712 0.8652 -0.3370
vn 0.9560 -0.1844 0.2281
vn -0.3149 0.8779 0.3607
vn -0.4383 0.8326 0.3387
vn 0.4113 0.8721 -0.2651
vn -0.4364 0.7543 0.4904
vn -0.4536 0.8393 0.2997
vn -0.4711 0.4959 0.7295
vn -0.6259 0.6970 0.3498
vn -0.4417 0.7045 0.5555
vn -0.5846 0.7029 0.4053
vn -0.5779 0.7910 0.2006
vn -0.9604 0.2350 0.1497
vn 0.6289 0.5306 -0.5682
vn -0.7076 0.5326 0.4644
vn -0.4338 0.7024 0.5644
vn 0.5043 0.8296 -0.2395
vn 0.4654 0.7443 -0.4789
vn -0.4326 0.7028 0.5647
vn -0.6991 0.4161 -0.5815
vn -0.5050 0.7025 0.5014
vn 0.2063 0.8060 0.5548
vn 0.3768 0.8453 -0.3787
vn 0.5621 0.6442 -0.5187
vn -0.6354 0.7041 0.3170
vn -0.5473 0.6138 0.5689
vn -0.2966 0.2826 -0.9122
vn -0.8907 0.0748 0.4484
vn -0.0167 0.9318 0.3627
vn -0.6097 0.6500 0.4536
vn -0.4791 0.7114 0.5141
vn -0.5282 0.6625 0.5312
vn 0.2174 0.2438 -0.9451
vn 0.3966 0.4763 -0.7847
vn 0.3644 0.6551 -0.6619
vn 0.2029 0.8801 -0.4293
vn -0.5161 0.8080 0.2843
vn 0.3044 0.3559 -0.8836
vn -0.5133 0.6800 0.5236
vn -0.5309 0.6307 0.5661
vn -0.5265 0.7943 0.3031
vn -0.5715 0.2241 -0.7894
vn 0.4259 0.2971 -0.8546
vn -0.5410 0.7155 0.4421
vn 0.0509 0.9363 0.3475
vn 0.5275 0.7380 -0.4209
vn -0.9127 0.1253 0.3889
vn -0.4118 0.2839 -0.8660
vn 0.8200 0.4348 0.3721
vn 0.5051 0.7007 -0.5038
vn 0.4298 0.6967 -0.5743
vn -0.9441 0.1444 0.2964
vn 0.4756 0.7332 -0.4860
vn 0.4389 0.4213 0.7936
vn -0.8406 -0.2034 0.5020
vn -0.4208 0.7207 0.5510
vn 0.7635 0.5275 0.3727
vn 0.7945 0.0800 -0.6019
vn 0.5274 0.7035 -0.4764
vn -0.2752 0.5091 0.8155
vn -0.0738 -0.1255 0.9893
vn 0.3715 0.4508 -0.8116
vn -0.5169 0.6643 0.5399
vn 0.4784 0.7321 -0.4849
vn -0.3991 0.8280 0.3938
vn -0.8455 0.1241 0.5194
vn 0.7700 0.5667 0.2931
vn -0.7404 0.6679 0.0756
vn -0.3843 0.8519 0.3557
vn -0.4236 0.8344 0.3526
vn 0.6363 0.4347 0.6373
vn 0.5275 0.8331 -0.1667
vn -0.2966 0.1287 0.9463
vn -0.7846 0.1615 0.5985
vn -0.5116 0.6324 0.5817
vn 0.5574 0.0983 0.8244
vn -0.5168 0.6372 0.5717
vn 0.4944 0.7355 -0.4632
vn 0.8700 0.1991 -0.4510
vn -0.9918 0.1243 -0.0291
vn -0.9787 0.0190 -0.2043
vn -0.7228 0.6812 0.1168
vn -0.4076 0.8263 0.3888
vn 0.7449 0.6562 -0.1201
vn -0.5754 0.3924 0.7176
vn 0.3690 0.4255 -0.8263
vn -0.3926 0.8352 0.3851
vn -0.1640 0.6850 0.7098
vn -0.9124 0.2405 -0.3311
vn 0.0982 0.3141 0.9443
vn -0.7919 0.6053 0.0804
vn -0.5067 0.6782 0.5322
vn 0.4735 0.7229 -0.5031
vn 0.5188 0.8114 -0.2692
vn 0.2910 0.8829 -0.3684
vn 0.8078 -0.1349 0.5738
vn 0.7982 0.5974 -0.0783
vn 0.5533 0.8257 -0.1102
vn 0.7942 0.4536 -0.4044
vn 0.8446 0.2307 -0.4831
vn -0.1179 0.6675 0.7352
vn -0.4103 0.6966 0.5886
vn 0.5092 0.6994 -0.5016
vn 0.9947 -0.1023 -0.0043
vn -0.5158 0.6805 0.5204
vn 0.3570 0.7574 -0.5466
vn -0.3858 0.8522 0.3535
vn 0.5029 0.6917 -0.5183
vn -0.1087 0.8523 0.5117
vn 0.3008 0.8745 -0.3806
vn -0.0611 0.4866 0.8715
vn 0.5081 0.7028 -0.4979
vn -0.8745 0.1674 -0.4552
vn 0.4597 0.6215 -0.6343
vn -0.4240 0.6943 0.5816
vn 0.3481 0.4157 -0.8402
vn 0.0425 0.5827 0.8116
vn 0.5223 0.6964 -0.4922
vn 0.2549 0.5797 -0.7739
vn 0.5085 0.7028 -0.4975
vn 0.7077 0.3951 0.5857
vn -0.4874 0.8337 0.2596
vn 0.8664 0.2225 -0.4471
vn 0.0870 0.5387 -0.8380
vn 0.3524 0.8684 -0.3490
vn 0.5158 0.6883 -0.5101
vn 0.4702 0.6957 -0.5430
vn -0.8515 0.2446 0.4639
vn 0.7859 0.4581 -0.4153
vn 0.8144 0.4774 -0.3299
vn 0.0571 0.7277 -0.6835
vn 0.4021 0.3681 0.8384
vn -0.5979 0.7494 0.2845
vn -0.6743 0.3431 0.6539
vn 0.8568 0.5081 0.0881
vn -0.1519 0.8704 -0.4684
vn 0.0787 0.8108 0.5801
vn -0.1265 0.5239 0.8423
vn 0.8436 0.3656 -0.3934
vn -0.3426 0.7619 0.5497
vn 0.4861 0.7192 -0.4965
vn -0.5597 0.6610 0.4999
vn 0.7814 0.3285 0.5306
vn -0.6881 0.0753 0.7217
vn -0.2692 0.8098 0.5213
vn -0.5758 0.5792 0.5770
vn 0.8502 0.5175 -0.0969
vn 0.5267 0.8027 -0.2798
vn 0.5023 0.7066 -0.4984
vn 0.4244 0.8570 -0.2922
vn 0.6655 0.2563 0.7010
vn -0.5098 0.7044 0.4939
vn -0.1278 0.9135 0.3862
vn 0.3334 0.8258 -0.4548
vn 0.1703 0.8908 -0.4213
vn 0.2622 0.8915 0.3693
vn 0.5329 0.6664 -0.5216
vn -0.4376 0.7917 0.4264
vn -0.2518 0.8102 0.5294
vn -0.3264 0.5757 0.7497
vn 0.3556 0.8641 -0.3563
vn 0.9617 -0.1602 -0.2223
vn -0.2563 0.8132 0.5225
vn -0.7613 0.6484 0.0042
vn 0.2454 0.8897 0.3851
vn 0.3234 0.8761 -0.3576
vn -0.0979 0.8657 -0.4909
vn -0.1305 0.9131 0.3862
vn -0.9255 0.0745 0.3713
vn -0.2619 0.1200 0.9576
vn -0.9131 0.4001 0.0782
vn -0.5162 0.7795 -0.3550
vn 0.3349 0.7707 0.5421
vn -0.7268 0.6668 0.1647
vn -0.4289 0.0632 -0.9011
vn -0.6393 0.1425 0.7556
vn 0.5749 0.8001 -0.1712
vn -0.0311 0.7993 0.6001
vn 0.5091 0.4938 -0.7050
vn -0.5718 0.5777 0.5825
vn -0.7100 0.5307 0.4629
vn -0.2539 0.3549 0.8998
vn -0.1991 0.1261 0.9718
vn 0.3170 0.8761 -0.3632
vn 0.9804 0.1960 0.0175
vn 0.1010 -0.0319 -0.9944
vn 0.4877 0.7099 -0.5081
vn -0.4719 0.3226 0.8205
vn -0.6681 -0.1848 -0.7208
vn -0.7854 0.1102 -0.6091
vn -0.4341 0.7554 0.4908
vn 0.1677 0.7535 0.6357
vn -0.4666 0.2871 -0.8366
vn 0.4812 0.6546 -0.5831
vn -0.4840 0.6647 0.5691
vn 0.4794 0.7150 -0.5088
vn -0.4205 0.2998 -0.8563
vn 0.4244 0.8570 -0.2924
vn 0.3675 0.8628 -0.3473
vn 0.3944 -0.0843 -0.9151
vn -0.5088 0.6777 0.5308
vn 0.4855 0.6954 -0.5299
vn -0.8770 0.3725 0.3035
vn 0.2763 0.9016 -0.3329
vn 0.8170 0.5407 -0.2004
vn -0.9070 0.0640 0.4163
vn -0.3514 0.8532 0.3855
vn -0.4197 0.7426 0.5218
vn 0.3568 0.2888 0.8884
vn 0.3658 0.7538 -0.5459
vn -0.5059 0.6781 0.5332
vn 0.4990 0.8442 -0.1960
vn 0.4066 0.7626 -0.5032
vn 0.3241 0.8728 -0.3649
vn -0.3829 0.8448 0.3738
vn 0.1947 0.8839 -0.4251
vn 0.8691 0.2004 -0.4521
vn -0.4124 0.7970 0.4414
vn 0.4676 0.7199 -0.5129
vn 0.3575 0.2885 0.8882
vn -0.3147 0.8584 0.4051
vn -0.0973 0.9610 -0.2588
vn -0.3642 0.8472 0.3868
vn -0.2133 0.3479 -0.9129
vn 0.4867 0.8352 -0.2558
vn -0.5609 0.2345 -0.7940
vn 0.3608 -0.1551 -0.9197
vn -0.1088 0.2929 0.9499
vn 0.5119 0.7853 -0.3481
vn 0.4700 0.8343 -0.2882
vn 0.5017 0.1803 -0.8460
vn 0.2149 0.5802 0.7856
vn -0.3926 0.2031 0.8970
vn 0.0601 0.4607 -0.8855
vn -0.5514 0.6289 0.5482
vn 0.2109 0.3635 -0.9074
vn 0.4403 0.5871 0.6793
vn 0.5109 0.6997 -0.4994
vn 0.5110 0.6584 -0.5527
vn -0.4396 0.6354 0.6349
vn -0.5068 0.6781 0.5323
vn 0.4808 0.7197 -0.5009
vn -0.5613 -0.0431 0.8265
vn 0.5960 -0.2128 0.7743
vn -0.3567 0.8529 0.3812
vn 0.1848 0.3498 -0.9184
vn 0.2312 0.8739 -0.4277
vn 0.3647 0.6195 -0.6951
vn -0.4419 0.6606 0.6069
vn -0.4132 0.2368 0.8793
vn 0.7504 0.4722 -0.4625
vn 0.1488 0.8479 -0.5088
vn 0.3914 0.7510 -0.5318
vn 0.4098 0.7530 -0.5148
vn 0.4198 0.7955 -0.4369
vn 0.1470 0.5378 0.8301
vn -0.4342 0.1124 -0.8938
vn -0.0147 0.4883 -0.8725
vn 0.4612 0.8396 -0.2870
vn 0.5418 0.6536 -0.5283
vn 0.3806 0.6413 -0.6663
vn 0.1820 0.8997 0.3968
vn 0.6765 0.4576 -0.5770
vn 0.5016 0.6786 -0.5365
vn 0.5255 0.8267 -0.2013
vn -0.4136 0.6941 0.5892
vn -0.3818 0.8507 0.3613
vn -0.6124 0.3160 -0.7246
vn -0.8492 0.5150 -0.1168
vn -0.3932 0.7214 0.5701
vn 0.7906 0.5456 -0.2781
vn 0.7195 0.3206 -0.6161
vn -0.4339 0.7018 0.5650
vn -0.5531 0.6298 0.5453
vn 0.3207 0.0857 0.9433
vn -0.4369 0.7539 0.4907
vn -0.4017 0.8296 0.3878
vn -0.1134 0.9583 0.2623
vn 0.3624 0.8671 -0.3418
vn 0.6623 0.7265 -0.1832
vn 0.4546 0.8505 -0.2646
vn 0.8607 0.1757 -0.4779
vn 0.8535 0.5171 -0.0643
vn -0.5111 0.7043 0.4927
vn -0.9986 0.0480 -0.0211
vn 0.2306 0.5769 0.7836
vn -0.4942 0.1254 -0.8603
vn -0.3397 0.8490 0.4046
vn -0.7732 0.3142 0.5508
vn 0.5460 0.6610 -0.5148
vn -0.8748 0.3461 -0.3390
vn -0.9627 -0.2654 -0.0529
vn 0.3992 0.8625 -0.3109
vn -0.9123 0.3754 -0.1639
vn 0.4591 0.8563 -0.2368
vn -0.0223 0.5776 -0.8160
vn -0.0466 0.6750 -0.7363
vn -0.3383 0.3132 -0.8874
vn 0.1312 0.6048 0.7855
vn -0.8750 0.4385 0.2050
vn -0.9618 0.2382 -0.1350
vn -0.0533 0.9973 -0.0509
vn 0.3710 0.8053 -0.4624
vn 0.3155 0.8704 -0.3781
vn 0.0600 0.6239 0.7792
vn -0.9760 -0.2130 0.0447
vn 0.7167 -0.3889 0.5789
vn -0.2980 0.5797 -0.7584
vn -0.8260 0.5577 0.0822
vn -0.1157 0.9493 0.2923
vn -0.8376 0.0859 0.5394
vn -0.3871 0.7623 0.5188
vn -0.9404 0.3397 -0.0167
vn 0.5965 0.7993 -0.0731
vn 0.1508 0.9645 0.2167
vn 0.2396 0.5899 0.7711
vn -0.1354 0.6333 -0.7620
vn -0.7732 0.4351 -0.4613
vn -0.3944 0.8642 -0.3124
vn -0.8634 0.4220 -0.2764
vn -0.8504 0.2387 -0.4689
vn 0.4992 0.8578 0.1220
vn 0.7119 0.6705 0.2088
vn 0.2241 0.6729 0.7050
vn -0.2781 0.7796 0.5612
vn -0.1809 0.0657 0.9813
vn 0.7241 0.6896 0.0057
vn 0.4794 0.8504 -0.2166
vn 0.8762 0.3728 -0.3054
vn -0.9054 0.2542 -0.3401
vn -0.0714 0.8469 0.5269
vn -0.3611 0.8010 0.4775
vn -0.1807 0.0608 0.9817
vn 0.4328 0.5381 0.7232
vn 0.5356 0.6629 -0.5232
vn 0.6248 0.7795 -0.0453
vn 0.6049 0.7870 -0.1216
vn -0.4357 0.7538 0.4918
vn 0.7914 0.4749 0.3850
vn 0.1110 0.7177 -0.6874
vn -0.3725 0.7505 0.5458
vn 0.3969 0.8774 -0.2695
vn 0.4982 -0.0651 0.8646
vn 0.0480 0.7163 0.6961
vn -0.5156 0.6043 -0.6075
vn -0.0787 -0.0638 -0.9949
vn -0.3530 0.7796 0.5173
vn -0.0741 0.6093 -0.7895
vn -0.1204 0.9486 0.2928
vn -0.9161 0.0329 0.3996
vn 0.5598 0.0182 0.8284
vn 0.4951 0.7950 -0.3505
vn 0.2558 0.0250 -0.9664
vn 0.2911 0.0130 -0.9566
vn -0.9482 0.3007 -0.1028
vn 0.4829 0.7293 -0.4847
vn 0.7188 0.5204 0.4610
vn -0.6199 0.6469 0.4442
vn -0.3392 0.4610 -0.8200
vn 0.6117 0.2071 0.7635
vn 0.5922 -0.5556 -0.5836
vn 0.4365 0.3273 -0.8381
vn -0.5264 0.6730 0.5196
vn 1.0000 0.0043 0.0021
vn 0.5533 -0.2557 -0.7927
vn 0.3471 0.2587 -0.9014
vn 0.5766 0.5374 0.6155
vn -0.5765 0.6792 0.4542
vn 0.6100 0.5259 -0.5926
vn -0.9527 0.2761 -0.1269
vn 0.5958 0.6560 -0.4633
vn -0.8807 0.4736 0.0046
vn 0.4830 0.0711 -0.8727
vn -0.6058 0.4115 0.6809
vn 0.5052 0.3556 0.7863
vn 0.3040 0.9525 0.0196
vn 0.5932 0.0380 0.8042
vn 0.5009 0.8215 -0.2724
vn -0.6070 0.6754 0.4189
vn -0.2614 0.0375 -0.9645
vn -0.5255 0.7663 0.3696
vn -0.3633 0.8285 0.4261
vn -0.4036 -0.1400 -0.9042
vn -0.0833 0.1446 -0.9860
vn -0.5784 -0.1851 0.7945
vn -0.3711 0.8538 0.3652
vn -0.3680 0.8891 0.2723
vn -0.5741 0.5974 0.5600
vn -0.8378 0.5442 -0.0435
vn 0.2317 0.2022 -0.9515
vn -0.5144 0.6614 0.5459
vn 0.8316 0.0703 0.5510
vn 0.4864 0.1581 -0.8593
vn -0.2816 0.9099 -0.3047
vn -0.9759 0.2158 0.0323
vn 0.4985 0.6970 -0.5155
vn 0.5218 0.6890 -0.5030
vn 0.5023 0.7316 -0.4608
vn -0.5351 0.0510 -0.8432
vn -0.4197 0.6923 0.5870
vn 0.4625 0.0799 -0.8830
vn -0.2880 0.9011 0.3242
vn 0.8227 0.4477 0.3503
vn 0.9608 0.2275 0.1585
vn -0.3645 0.8588 0.3601
vn 0.4862 0.8011 -0.3491
vn 0.4849 0.8498 -0.2065
vn 0.4818 0.6907 -0.5393
vn 0.8644 0.2167 -0.4537
vn 0.7025 0.6870 -0.1856
vn 0.2825 0.8864 -0.3666
vn -0.2669 0.7007 -0.6616
vn -0.3699 0.5065 0.7788
vn 0.7833 0.2627 -0.5634
vn -0.0249 0.9952 -0.0952
vn -0.3537 0.8484 0.3937
vn 0.9123 0.4057 -0.0553
vn 0.5225 0.8520 -0.0327
vn -0.3640 0.8476 0.3862
vn -0.3255 0.8734 0.3622
vn 0.4889 0.7776 -0.3955
vn -0.4639 0.4092 0.7857
vn -0.8031 0.1038 -0.5868
vn -0.5478 0.6344 0.5454
vn 0.7235 -0.0342 -0.6895
vn 0.6365 -0.5282 0.5620
vn -0.9452 -0.0942 0.3127
vn -0.8717 0.4861 -0.0627
vn -0.3613 0.8486 0.3864
vn -0.4267 0.0970 -0.8992
vn -0.7600 0.6433 0.0924
vn -0.3261 0.1616 -0.9314
vn -0.5593 0.5970 0.5752
vn -0.6475 -0.1057 -0.7547
vn 0.2759 0.0719 -0.9585
vn -0.3628 0.8476 0.3873
vn -0.4604 0.8086 0.3662
vn -0.1509 0.5472 0.8233
vn 0.2253 0.2053 -0.9524
vn 0.1225 0.9394 -0.3201
vn -0.9465 0.2732 -0.1719
vn 0.4085 0.8636 -0.2955
vn -0.1544 0.2258 0.9618
vn -0.6721 0.6880 -0.2737
vn 0.6094 0.0836 0.7885
vn 0.5081 0.7003 -0.5013
vn -0.3657 0.0606 -0.9287
vn 0.4354 0.8192 -0.3734
vn -0.3091 0.8778 0.3660
vn -0.9040 0.0415 -0.4254
vn 0.4929 0.7030 -0.5126
vn 0.9337 0.3300 0.1391
vn -0.5183 0.6742 0.5262
vn -0.9526 0.2047 0.2252
vn -0.5751 0.3684 -0.7304
vn -0.5141 0.6720 0.5330
vn 0.6775 0.6352 -0.3709
vn 0.5417 0.6656 -0.5134
vn -0.5562 0.6460 0.5228
vn -0.5043 0.6536 0.5644
vn 0.6590 0.5543 -0.5084
vn -0.0177 0.3094 -0.9508
vn 0.3256 0.8748 -0.3587
vn 0.6955 -0.4809 0.5339
vn 0.4506 0.7341 -0.5080
vn 0.8028 -0.1109 0.5859
vn -0.2218 0.3108 -0.9242
vn -0.8211 0.3187 -0.4736
vn 0.3281 0.8453 -0.4216
vn -0.5049 0.6523 0.5653
vn -0.0430 0.9221 -0.3845
vn -0.8638 0.2502 0.4374
vn 0.1237 0.9395 -0.3195
vn 0.2493 0.7571 -0.6038
vn 0.5847 0.2190 -0.7811
vn -0.6179 0.5667 0.5450
vn 0.7070 0.4724 -0.5263
vn -0.3788 0.8533 0.3582
vn 0.4883 0.7007 -0.5202
vn 0.5852 -0.5060 -0.6336
vn 0.5927 -0.5560 -0.5828
vn 0.6528 0.5299 -0.5414
vn 0.5088 0.6931 -0.5106
vn 0.1510 0.7216 0.6757
vn 0.5469 -0.3487 -0.7611
vn -0.5525 0.4167 0.7218
vn -0.4692 0.6704 0.5748
vn 0.2761 0.9610 0.0163
vn -0.4400 0.6354 0.6346
vn 0.4232 0.0219 -0.9058
vn -0.8343 -0.4026 0.3766
vn -0.4646 0.6068 0.6450
vn 0.4990 0.4700 0.7281
vn -0.5574 0.6022 0.5715
vn -0.6094 0.7486 0.2614
vn -0.2774 0.9208 0.2742
vn -0.9118 0.0432 0.4084
vn 0.1501 0.1365 -0.9792
vn 0.1286 -0.0944 0.9872
vn 0.5298 0.8227 -0.2063
vn 0.5300 0.5862 -0.6127
vn 0.7918 0.2502 -0.5572
vn -0.5116 0.6781 0.5276
vn -0.1637 0.8214 0.5464
vn 0.5094 0.6980 -0.5032
vn -0.3900 0.8650 0.3156
vn 0.5222 -0.3462 -0.7794
vn 0.3219 0.4774 -0.8176
vn 0.5848 0.8111 -0.0083
vn -0.9408 -0.0257 0.3380
vn 0.2296 0.9323 -0.2795
vn -0.6596 0.4830 0.5759
vn 0.7519 0.6115 -0.2462
vn 0.5643 0.5710 -0.5962
vn 0.4738 0.7898 -0.3895
vn -0.8677 0.0746 0.4915
vn -0.7646 0.4136 0.4943
vn -0.4445 0.6983 0.5610
vn -0.4802 0.6339 0.6062
vn -0.0345 0.5455 0.8374
vn -0.6597 0.1356 0.7392
vn 0.3028 0.8843 -0.3555
vn 0.4239 -0.0125 -0.9056
vn -0.3622 0.8484 0.3861
vn -0.4354 0.8487 0.3003
vn 0.3987 -0.0333 -0.9165
vn 0.3224 0.9017 -0.2882
vn 0.3267 0.4312 0.8410
vn 0.4662 0.5093 -0.7234
vn -0.5163 0.7006 0.4925
vn -0.0270 -0.3527 0.9353
vn -0.1515 0.4020 0.9030
vn 0.7586 0.6513 -0.0158
vn -0.3218 0.9217 0.2165
vn -0.0187 0.7430 0.6691
vn -0.5055 0.5076 0.6978
vn 0.3344 0.8687 -0.3654
vn -0.4370 0.8511 0.2911
vn 0.3164 0.8756 -0.3651
vn -0.7138 0.3638 0.5984
vn -0.8390 0.4496 0.3066
vn 0.6591 -0.4711 0.5862
vn -0.5182 0.7516 -0.4082
vn 0.6872 0.5239 -0.5032
vn 0.9943 -0.0152 -0.1051
vn -0.2270 0.7491 0.6223
vn -0.5927 -0.0185 0.8052
vn -0.8398 0.4385 0.3199
vn -0.8996 0.3471 0.2650
vn 0.9627 0.0128 -0.2704
vn -0.3811 0.7591 0.5278
vn 0.6217 -0.2612 -0.7384
vn 0.3657 0.8556 -0.3664
vn -0.0505 0.9703 0.2367
vn -0.2321 0.7957 0.5594
vn 0.5199 0.8477 -0.1053
vn 0.7827 0.1348 -0.6076
vn -0.8521 0.4793 0.2103
vn 0.3969 0.0366 -0.9171
vn -0.5057 0.7918 0.3425
vn 0.2839 0.0683 -0.9564
vn 0.5783 0.7108 0.4004
vn -0.3661 0.7451 0.5575
vn 0.3474 0.8644 -0.3635
vn 0.5943 0.4512 -0.6657
vn -0.7744 0.0514 0.6306
vn -0.0097 0.9629 0.2696
vn 0.3233 0.8763 -0.3572
vn -0.4532 0.8119 0.3681
vn 0.3572 0.8674 -0.3464
vn -0.1476 -0.3042 0.9411
vn 0.4435 0.7278 -0.5231
vn -0.8756 0.2173 0.4313
vn 0.3675 0.8564 -0.3627
vn 0.3451 0.8626 -0.3698
vn 0.8407 0.0066 0.5415
vn 0.3661 0.8652 -0.3427
vn 0.2133 0.4444 -0.8700
vn -0.4071 0.2719 0.8720
vn 0.6233 0.5853 -0.5186
vn 0.4949 0.8225 -0.2801
vn -0.5473 0.6459 0.5322
vn 0.5615 0.7588 -0.3301
vn 0.3273 0.8629 -0.3851
vn 0.6525 -0.4162 0.6333
vn -0.9439 -0.3072 0.1212
vn -0.7300 0.6199 0.2876
vn -0.5612 -0.1913 -0.8053
vn -0.1472 0.9069 0.3949
vn 0.5697 0.6491 -0.5041
vn -0.8613 0.5061 -0.0451
vn 0.2660 0.9634 0.0335
vn 0.0223 0.0926 -0.9955
vn -0.3689 0.0901 -0.9251
vn 0.4162 0.0196 0.9091
vn 0.4048 0.6119 0.6796
vn 0.3846 0.8838 -0.2663
vn -0.2369 -0.0564 0.9699
vn -0.9555 -0.0549 0.2900
vn 0.5216 0.4382 -0.7320
vn -0.0960 0.9599 -0.2634
vn -0.8467 0.4642 -0.2601
vn -0.0445 0.9988 0.0181
vn -0.0852 -0.1857 -0.9789
vn -0.2948 -0.2859 -0.9118
vn 0.1663 0.6260 0.7619
vn -0.6978 0.4843 -0.5277
vn -0.6063 0.5441 0.5800
vn 0.7132 0.6608 0.2340
vn -0.4298 0.4004 0.8093
vn -0.2885 0.7416 0.6057
vn -0.1667 0.9332 0.3184
vn 0.3697 0.8536 -0.3669
vn 0.6786 0.0425 0.7332
vn -0.2534 0.8137 0.5231
vn -0.2877 0.0102 0.9577
vn -0.3212 0.8357 0.4454
vn -0.3576 0.8634 0.3558
vn 0.3217 0.8642 -0.3867
vn -0.6303 0.6889 0.3580
vn 0.6782 0.6241 -0.3879
vn 0.3330 0.2195 -0.9170
vn -0.5870 0.6291 0.5095
vn -0.4798 0.5302 0.6991
vn -0.4449 0.8735 0.1975
vn -0.7295 -0.2884 -0.6203
vn -0.4339 0.6500 0.6239
vn -0.8668 0.0594 0.4952
vn 0.5425 -0.5957 -0.5923
vn 0.5082 0.7026 -0.4981
vn -0.8260 0.0976 0.5552
vn -0.5418 0.6476 0.5358
vn 0.8664 0.1098 -0.4870
vn -0.2168 0.8924 0.3957
vn 0.1966 0.8610 -0.4691
vn -0.3550 0.9040 0.2382
vn -0.5836 0.5230 0.6212
vn -0.1839 0.8985 0.3986
vn 0.5074 0.7024 -0.4992
vn 0.7323 0.6608 0.1645
vn 0.4510 0.8504 -0.2710
vn -0.4352 0.7822 0.4458
vn -0.5195 0.6850 0.5108
vn 0.7373 0.5477 0.3956
vn -0.6421 0.5354 0.5487
vn -0.2324 0.9348 0.2686
vn -0.6148 0.4383 0.6557
vn -0.6297 0.1274 -0.7664
vn -0.1665 0.5332 0.8294
vn 0.5473 0.6062 -0.5771
vn -0.2295 0.8024 0.5509
vn 0.3799 0.8839 -0.2726
vn 0.4648 0.6849 -0.5611
vn 0.2863 0.2738 -0.9182
vn -0.3542 0.8836 0.3063
vn 0.3478 0.9321 -0.1007
vn -0.8198 0.3800 -0.4284
vn 0.9875 -0.0077 -0.1573
vn 0.0803 0.5145 -0.8537
vn 0.8647 0.1956 0.4627
vn -0.6526 0.5459 0.5254
vn -0.6429 -0.3906 -0.6589
vn 0.6249 0.6477 0.4358
vn 0.2433 0.2691 -0.9319
vn 0.5532 -0.5900 -0.5881
vn -0.7956 0.4038 0.4517
vn 0.8240 0.5269 0.2082
vn 0.3030 0.8554 -0.4202
vn 0.4686 0.6975 -0.5421
vn -0.4388 0.7732 0.4579
vn -0.0280 0.7663 0.6418
vn -0.3233 0.7450 0.5835
vn -0.5048 0.6933 0.5144
vn -0.5414 0.6471 0.5368
vn -0.4464 0.7462 0.4940
vn -0.2487 0.2791 -0.9275
vn -0.1827 0.1442 0.9725
vn 0.4615 0.6908 -0.5566
vn 0.4168 0.8584 -0.2991
vn -0.4664 0.8652 0.1842
vn -0.5800 -0.2922 -0.7605
vn 0.2978 -0.3398 -0.8921
vn 0.0712 0.3345 0.9397
vn 0.6220 -0.4485 -0.6419
vn 0.5317 -0.5731 -0.6236
vn 0.1501 -0.2807 -0.9480
vn 0.6271 -0.5329 -0.5681
vn 0.6606 -0.4124 -0.6273
vn -0.9286 0.2468 -0.2772
vn 0.5419 0.7585 0.3619
vn 0.9916 -0.1284 0.0173
vn -0.7907 -0.3244 -0.5192
vn 0.4300 0.3436 0.8349
vn -0.3640 -0.1951 -0.9107
vn 0.0019 0.8841 0.4672
vn 0.3231 0.8763 -0.3573
vn 0.3244 0.0798 -0.9426
vn 0.9413 0.1281 0.3123
vn -0.2556 0.2457 0.9350
vn 0.3579 0.9329 -0.0407
vn 0.5100 0.7011 -0.4983
vn 0.4173 0.8403 -0.3460
vn -0.5794 0.7375 0.3470
vn -0.5075 0.7691 0.3885
vn -0.8269 0.2999 0.4758
vn 0.3434 0.8781 -0.3331
vn 0.9529 0.1250 0.2764
vn 0.4280 -0.1612 -0.8893
vn 0.5010 0.8329 -0.2351
vn 0.1171 0.9811 0.1539
vn -0.3506 0.6964 -0.6262
vn -0.6807 -0.2501 -0.6885
vn 0.2431 -0.0253 -0.9697
vn 0.3748 0.8235 -0.4259
vn 0.6459 0.5836 -0.4921
vn -0.8292 0.0691 0.5547
vn -0.7148 -0.4651 0.5223
vn -0.3759 0.8673 0.3263
vn 0.0970 0.9566 0.2747
vn 0.2485 0.9533 -0.1719
vn 0.0706 0.2264 0.9715
vn -0.5070 0.6800 0.5297
vn -0.9396 0.0928 -0.3294
vn 0.4697 0.0781 0.8794
vn 0.3507 0.8144 -0.4623
vn -0.9172 0.2028 -0.3430
vn 0.9304 0.2941 0.2185
vn -0.1219 -0.1059 0.9869
vn -0.0656 -0.0259 0.9975
vn 0.4964 0.6960 -0.5188
vn 0.2696 0.9613 -0.0572
vn 0.2741 0.8217 -0.4997
vn 0.4491 0.8619 -0.2354
vn -0.4483 0.8223 0.3506
vn -0.8451 0.2790 0.4560
vn 0.6655 0.0293 0.7458
vn -0.8638 0.1898 0.4666
vn -0.7880 -0.3262 -0.5222
vn -0.9549 -0.2786 0.1029
vn -0.8588 0.0378 -0.5110
vn 0.6385 0.5800 -0.5059
vn -0.4336 0.7930 0.4279
vn 0.9827 0.1176 0.1433
vn -0.8933 0.0060 0.4494
vn -0.3239 0.5616 -0.7614
vn -0.8352 0.2917 -0.4663
vn -0.5610 0.6114 0.5581
vn 0.3816 0.9010 -0.2063
vn 0.0905 0.3155 0.9446
vn 0.5229 0.6844 -0.5080
vn 0.0611 -0.2524 -0.9657
vn -0.8945 -0.4191 -0.1558
vn 0.9821 -0.1712 -0.0783
vn 0.8801 0.3371 -0.3344
vn -0.5992 0.6014 0.5285
vn -0.4461 0.6882 0.5722
vn 0.6075 -0.5133 -0.6062
vn 0.4160 0.7837 -0.4613
vn 0.0263 0.9337 -0.3571
vn -0.8613 -0.2070 0.4639
vn 0.4000 0.1276 0.9076
vn -0.5806 0.5770 0.5744
vn -0.0292 -0.1524 0.9879
vn -0.7608 0.3386 0.5536
vn 0.5619 0.8269 -0.0225
vn -0.2074 0.2393 -0.9485
vn -0.5414 0.7424 0.3947
vn 0.5579 0.6460 -0.5210
vn -0.9806 0.1779 -0.0825
vn -0.6443 0.5443 0.5372
vn -0.7477 0.3330 0.5745
vn -0.8445 -0.0724 0.5306
vn 0.5470 0.6421 -0.5371
vn 0.2524 -0.9073 0.3364
vn 0.2681 -0.9180 -0.2923
vn -0.2519 -0.9302 0.2669
vn -0.6051 -0.7463 -0.2773
vn -0.2563 -0.9309 0.2602
vn -0.5723 -0.7342 -0.3652
vn -0.5861 -0.7883 -0.1872
vn -0.3222 0.8797 0.3498
vn 0.2794 -0.9174 -0.2834
vn 0.2937 -0.9161 -0.2728
vn -0.2260 -0.9317 0.2844
vn -0.3082 -0.9496 -0.0577
vn 0.2779 -0.9201 -0.2760
vn -0.0207 -0.9844 -0.1748
vn 0.3353 -0.9421 0.0069
vn -0.1888 -0.9803 -0.0579
vn -0.0896 -0.3788 0.9211
vn 0.3781 -0.9217 0.0861
vn -0.4523 -0.8266 -0.3349
vn -0.2769 -0.9381 0.2079
vn -0.1054 -0.8719 -0.4783
vn 0.2781 -0.9228 -0.2666
vn -0.2923 -0.9227 0.2512
vn 0.2670 -0.9207 -0.2846
vn 0.1165 -0.8545 -0.5062
vn -0.3296 -0.8663 0.3754
vn -0.2481 -0.9308 0.2684
vn -0.4644 -0.8739 0.1439
vn -0.4658 -0.8334 -0.2975
vn 0.3499 -0.8993 -0.2623
vn -0.3923 -0.5755 -0.7176
vn 0.2757 -0.9213 -0.2743
vn -0.1974 -0.9615 0.1912
vn -0.2300 -0.9236 0.3066
vn 0.2768 -0.9217 -0.2719
vn 0.2849 -0.9277 -0.2411
vn -0.3318 -0.8980 0.2891
vn -0.2372 -0.9309 0.2778
vn 0.3379 0.8557 -0.3920
vn -0.7870 0.3191 0.5280
vn -0.3728 -0.8588 0.3515
vn 0.5305 0.6689 -0.5207
vn 0.2735 -0.9218 -0.2748
vn 0.5706 -0.3662 -0.7350
vn -0.0583 -0.9655 0.2540
vn -0.2565 -0.9220 0.2899
vn 0.1981 -0.9159 -0.3491
vn 0.2512 0.9131 -0.3213
vn -0.1820 -0.9511 -0.2497
vn -0.0133 -0.9691 0.2463
vn 0.2770 -0.9197 -0.2783
vn -0.2152 -0.9720 -0.0945
vn 0.2831 -0.9183 -0.2767
vn -0.2567 -0.9292 0.2658
vn -0.3421 -0.9300 0.1342
vn 0.2647 -0.9630 0.0512
vn -0.2706 -0.9237 0.2711
vn -0.4253 -0.7512 0.5048
vn -0.2260 -0.8206 -0.5250
vn 0.2917 -0.8333 0.4697
vn 0.2848 -0.9080 -0.3072
vn -0.2543 -0.9269 0.2760
vn 0.4587 -0.8824 0.1049
vn 0.2717 -0.9189 -0.2860
vn 0.1307 -0.9541 -0.2694
vn -0.3347 -0.9130 -0.2333
vn 0.2767 -0.9195 -0.2791
vn -0.2812 -0.9286 0.2420
vn -0.0102 0.9999 0.0030
vn -0.2780 -0.9342 0.2234
vn -0.1569 -0.9698 0.1868
vn -0.0750 -0.9247 -0.3733
vn -0.1471 -0.3728 -0.9162
vn -0.1223 -0.9266 0.3557
vn 0.0385 -0.9527 0.3014
vn 0.3993 -0.8521 -0.3383
vn 0.3203 -0.9029 -0.2867
vn -0.5581 0.6903 0.4604
vn 0.2729 -0.9223 -0.2738
vn -0.4046 -0.8961 -0.1825
vn 0.2764 -0.9218 -0.2718
vn -0.2620 -0.9236 0.2798
vn -0.2560 -0.9391 0.2292
vn 0.5054 0.8085 -0.3015
vn -0.2545 -0.9343 0.2496
vn -0.0624 -0.9131 -0.4028
vn -0.2566 -0.9220 0.2899
vn -0.1126 -0.8273 -0.5504
vn 0.4169 0.4536 -0.7877
vn -0.2783 -0.9103 0.3064
vn -0.2096 -0.9524 0.2214
vn 0.3517 -0.9018 0.2510
vn 0.0291 0.8930 0.4492
vn 0.2856 -0.9205 -0.2668
vn 0.1824 0.8317 0.5244
vn -0.1047 -0.9861 -0.1289
vn 0.5237 0.6075 -0.5973
vn 0.7460 -0.3357 0.5751
vn 0.3241 -0.9446 0.0521
vn 0.5945 0.5230 -0.6108
vn 0.9026 -0.1626 -0.3986
vn -0.2447 -0.9279 0.2812
vn 0.2795 -0.9193 -0.2772
vn -0.2907 -0.9239 0.2489
vn 0.3144 -0.9416 0.1209
vn 0.2555 -0.9237 0.2855
vn -0.2557 -0.9354 0.2444
vn -0.2523 -0.9302 0.2666
vn -0.0796 -0.7946 -0.6018
vn -0.2554 -0.9299 0.2647
vn -0.4879 -0.8485 -0.2049
vn -0.3531 -0.8990 0.2590
vn -0.2429 -0.9162 0.3186
vn 0.3003 0.2218 -0.9277
vn -0.4857 -0.8741 -0.0061
vn 0.4310 -0.9023 -0.0002
vn -0.1423 0.9552 0.2596
vn -0.3743 -0.9176 -0.1340
vn 0.9342 0.2547 0.2498
vn -0.2359 -0.9441 0.2303
vn -0.2569 -0.9350 0.2444
vn 0.2571 -0.9105 0.3238
vn -0.2599 -0.9293 0.2625
vn 0.2831 0.8882 -0.3619
vn 0.3550 -0.9090 0.2182
vn 0.1863 -0.9770 -0.1033
vn -0.2357 -0.9225 0.3058
vn 0.5233 -0.1133 -0.8446
vn -0.4082 -0.8720 -0.2703
vn 0.1919 -0.8941 -0.4046
vn -0.1472 -0.4807 0.8645
vn 0.2959 -0.9537 -0.0529
vn -0.2506 -0.9233 0.2910
vn 0.1027 -0.8633 -0.4942
vn 0.2673 -0.9239 0.2737
vn -0.3109 -0.8945 0.3212
vn 0.8953 0.4423 0.0537
vn -0.2540 -0.9315 0.2603
vn -0.2795 -0.9601 -0.0090
vn -0.8400 -0.1148 0.5302
vn -0.3232 -0.9427 -0.0825
vn 0.2903 -0.8892 -0.3536
vn 0.2203 -0.9171 0.3324
vn -0.3229 -0.8913 0.3184
vn 0.4180 -0.8478 0.3264
vn 0.2708 -0.9236 -0.2715
vn -0.2717 -0.9331 0.2357
vn -0.5453 0.6240 0.5597
vn -0.1348 -0.9839 -0.1176
vn 0.3559 -0.8418 -0.4060
vn 0.8237 0.3600 0.4380
vn 0.3664 -0.8654 -0.3418
vn 0.2736 -0.9308 -0.2423
vn -0.4929 -0.0514 0.8686
vn -0.2449 -0.9254 0.2893
vn -0.2938 -0.9304 0.2192
vn 0.3686 -0.8673 -0.3346
vn 0.3852 -0.8991 0.2079
vn -0.2591 -0.9296 0.2620
vn -0.2776 -0.9286 0.2464
vn -0.2742 -0.8184 -0.5050
vn 0.3644 -0.9025 0.2295
vn -0.4592 -0.8814 -0.1111
vn 0.2685 -0.9258 -0.2661
vn 0.1416 -0.9777 -0.1552
vn -0.2907 -0.9567 0.0104
vn 0.2812 -0.9222 -0.2653
vn 0.3849 -0.8428 0.3763
vn 0.2814 -0.9216 -0.2673
vn -0.2610 -0.9311 0.2549
vn -0.4201 -0.8930 0.1614
vn -0.2409 -0.9296 0.2789
vn -0.2937 -0.9047 -0.3086
vn -0.2959 -0.9354 0.1935
vn -0.9172 -0.3900 0.0811
vn 0.8220 0.3734 0.4299
vn -0.3039 -0.9026 0.3048
vn -0.2928 -0.9258 0.2390
vn -0.6526 0.5667 0.5030
vn -0.2574 -0.9308 0.2597
vn -0.3364 -0.9411 0.0347
vn 0.3368 0.8557 -0.3930
vn -0.2482 -0.9284 0.2766
vn 0.2111 -0.9294 0.3028
vn 0.2794 -0.9218 -0.2689
vn -0.7617 -0.6417 -0.0894
vn -0.6798 -0.5528 -0.4819
vn -0.0350 0.7074 0.7059
vn 0.2599 -0.9216 0.2882
vn 0.2507 0.9346 -0.2523
vn -0.4494 -0.8161 -0.3634
vn -0.7825 0.2248 0.5807
vn -0.2600 -0.9274 0.2688
vn -0.3111 -0.9382 0.1515
vn 0.1830 -0.9738 -0.1349
vn -0.1175 0.9546 0.2739
vn -0.4417 0.7032 0.5571
vn -0.2402 -0.9389 0.2465
vn -0.3355 -0.8244 -0.4559
vn 0.4192 -0.8458 0.3301
vn -0.3000 -0.9065 0.2971
vn -0.3315 -0.9400 0.0804
vn -0.2777 -0.9349 0.2210
vn 0.1366 0.4047 -0.9042
vn -0.2414 -0.9334 0.2657
vn 0.3713 -0.8912 -0.2606
vn -0.2867 -0.9127 0.2911
vn -0.2752 -0.9362 0.2186
vn 0.2823 -0.9229 -0.2617
vn 0.2958 -0.9477 0.1197
vn -0.3895 -0.8983 -0.2030
vn 0.1534 -0.8595 -0.4877
vn -0.4840 -0.8558 -0.1828
vn 0.7742 0.3395 0.5342
vn 0.9137 0.4065 -0.0009
vn 0.1061 -0.9416 0.3196
vn -0.2563 -0.9299 0.2639
vn 0.2815 -0.9178 -0.2801
vn -0.3379 -0.9315 0.1349
vn 0.1969 -0.9429 -0.2688
vn -0.1678 -0.9678 -0.1874
vn 0.5516 -0.4813 -0.6813
vn 0.2700 -0.9195 -0.2856
vn -0.3123 -0.9133 0.2614
vn -0.9805 -0.1965 -0.0055
vn -0.0407 -0.9992 0.0012
vn 0.2778 -0.9194 -0.2784
vn 0.8392 0.5288 0.1269
vn 0.6754 -0.1885 0.7130
vn -0.0682 -0.9770 -0.2020
vn 0.5227 0.6536 -0.5474
vn -0.3517 0.8024 0.4821
vn -0.1536 0.6295 -0.7616
vn 0.3434 -0.9016 0.2632
vn -0.7070 0.3737 0.6005
vn -0.8595 -0.0754 0.5056
vn -0.2671 -0.9361 0.2288
vn -0.2502 -0.9324 0.2610
vn -0.4799 -0.6610 -0.5768
vn 0.7939 -0.0370 -0.6070
vn -0.0357 -0.3546 0.9343
vn 0.2207 0.3223 0.9206
vn -0.2327 -0.9304 0.2834
vn -0.3261 -0.9108 0.2530
vn 0.2626 -0.9164 -0.3020
vn -0.2661 -0.9343 0.2374
vn 0.2732 -0.9180 -0.2873
vn 0.2677 -0.9194 -0.2883
vn 0.2614 -0.9201 -0.2916
vn 0.2702 -0.9249 -0.2673
vn 0.7345 -0.2412 0.6343
vn 0.5880 -0.7845 -0.1967
vn -0.2913 -0.9257 0.2412
vn -0.6517 0.0768 0.7546
vn -0.2567 0.3632 -0.8956
vn 0.4949 0.0372 -0.8682
vn 0.5674 -0.5343 -0.6265
vn -0.2586 -0.9277 0.2692
vn -0.2631 -0.9401 0.2169
vn 0.2863 -0.8971 -0.3365
vn -0.2264 -0.9448 0.2369
vn 0.2848 -0.9214 -0.2644
vn 0.2827 -0.9221 -0.2643
vn -0.8171 -0.1780 0.5483
vn -0.2615 -0.9267 0.2700
vn -0.7661 0.1939 0.6128
vn -0.1029 0.9645 0.2432
vn 0.2644 -0.9088 0.3228
vn 0.8722 0.4863 -0.0531
vn 0.2678 -0.8370 0.4771
vn -0.1096 -0.8643 0.4908
vn 0.6476 -0.4391 0.6227
vn -0.1912 -0.9028 0.3853
vn 0.1087 -0.8941 -0.4344
vn 0.2791 -0.9064 -0.3171
vn -0.3134 0.7833 0.5369
vn 0.2709 -0.9229 -0.2736
vn 0.4404 -0.0587 0.8959
vn -0.3402 0.0208 0.9401
vn 0.2743 -0.9201 -0.2797
vn 0.2794 -0.9178 -0.2820
vn 0.0833 -0.8873 0.4536
vn -0.8628 -0.1978 0.4653
vn 0.2241 -0.8639 0.4510
vn 0.0007 -0.9363 -0.3513
vn 0.5249 -0.8322 -0.1786
vn 0.2985 -0.9203 -0.2529
vn -0.3535 0.8648 0.3566
vn 0.9102 -0.0797 -0.4065
vn -0.8877 -0.2487 0.3875
vn 0.2889 -0.9200 -0.2649
vn -0.2831 -0.8456 -0.4525
vn -0.7330 0.6540 0.1869
vn -0.2630 -0.9248 0.2750
vn -0.2190 -0.9291 0.2981
vn 0.1973 -0.9250 -0.3246
vn 0.6056 0.0453 0.7945
vn 0.2325 -0.9237 0.3043
vn 0.2951 -0.9075 -0.2989
vn -0.2625 -0.9310 0.2538
vn -0.5136 0.8568 0.0466
vn 0.2887 -0.9195 -0.2667
vn 0.1285 -0.8801 -0.4570
vn -0.3020 -0.9391 0.1642
vn -0.1142 0.5801 0.8065
vn 0.2741 -0.9208 -0.2774
vn -0.2611 -0.9572 0.1252
vn 0.2715 -0.9179 -0.2893
vn -0.5783 -0.7999 0.1606
vn 0.2092 -0.9423 -0.2612
vn -0.2643 -0.9307 0.2527
vn -0.2271 -0.9394 0.2569
vn -0.9504 0.3024 0.0723
vn -0.0381 -0.9187 -0.3932
vn 0.5055 -0.5547 -0.6609
vn 0.5300 0.6753 -0.5130
vn 0.4843 0.1454 0.8628
vn -0.3751 -0.8781 0.2969
vn -0.2476 -0.9328 0.2618
vn 0.2615 -0.9207 -0.2896
vn -0.8892 0.3921 -0.2359
vn -0.3089 -0.9366 0.1657
vn -0.2462 -0.9249 0.2897
vn -0.1101 -0.9823 -0.1515
vn -0.4624 0.3829 -0.7997
vn -0.2381 -0.9275 0.2883
vn 0.2535 -0.9272 -0.2758
vn 0.2849 -0.9216 -0.2637
vn 0.1117 -0.9030 -0.4149
vn 0.9489 -0.2474 0.1962
vn -0.2546 -0.9292 0.2680
vn 0.0203 -0.5450 0.8382
vn 0.9316 -0.1224 -0.3421
vn 0.3014 -0.9153 -0.2671
vn -0.2749 -0.9341 0.2278
vn -0.3306 -0.9342 0.1342
vn -0.0457 -0.9980 -0.0440
vn -0.1663 -0.9824 0.0856
vn -0.5213 -0.8436 0.1287
vn -0.3351 -0.9290 0.1572
vn -0.2318 0.5392 -0.8096
vn -0.2345 -0.9318 0.2770
vn 0.4238 -0.8457 0.3242
vn 0.9998 -0.0190 -0.0081
vn 0.3896 0.8456 -0.3649
vn 0.7589 -0.6430 -0.1028
vn -0.2826 -0.9353 0.2129
vn 0.2699 -0.9214 -0.2795
vn -0.3336 -0.9416 0.0466
vn -0.2230 -0.9311 0.2887
vn -0.1734 -0.9429 0.2845
vn 0.9120 -0.1039 -0.3967
vn -0.7092 0.3756 0.5966
vn 0.4947 0.7184 -0.4890
vn 0.9133 0.4039 0.0525
vn -0.2556 -0.9341 0.2492
vn 0.0057 -0.9118 -0.4107
vn 0.2958 0.9359 0.1913
vn -0.8675 -0.1229 0.4821
vn 0.1917 -0.9330 -0.3047
vn -0.9816 -0.1896 -0.0218
vn 0.5915 -0.1673 0.7887
vn -0.2575 -0.9299 0.2628
vn -0.2339 -0.9519 0.1977
vn 0.3334 -0.8798 -0.3389
vn -0.2397 -0.7577 -0.6069
vn 0.3802 0.8403 -0.3864
vn -0.2540 -0.9312 0.2616
vn -0.2866 -0.8352 -0.4694
vn 0.0779 -0.9603 -0.2678
vn 0.2742 -0.9206 -0.2781
vn -0.2292 -0.9285 0.2922
vn 0.6212 0.1135 0.7754
vn -0.5060 0.1246 -0.8535
vn 0.2695 0.9296 -0.2515
vn 0.2635 -0.9181 -0.2959
vn -0.3300 -0.9315 0.1534
vn 0.3631 -0.9151 -0.1756
vn 0.2792 -0.9184 -0.2805
vn -0.2664 0.9600 0.0860
vn -0.2561 -0.9335 0.2510
vn 0.3197 0.9464 0.0466
vn 0.9028 0.3666 -0.2248
vn -0.2558 -0.9281 0.2705
vn 0.1558 -0.9290 -0.3357
vn 0.2741 -0.9206 -0.2781
vn 0.1562 -0.9810 -0.1150
vn 0.1156 -0.9510 -0.2868
vn -0.1908 -0.9377 0.2903
vn -0.6419 -0.1158 -0.7580
vn -0.2726 -0.9389 0.2104
vn -0.6443 -0.1111 -0.7567
vn -0.0478 -0.9984 0.0307
vn -0.2613 -0.9647 0.0330
vn -0.7569 0.2971 0.5821
vn -0.1605 -0.9683 0.1914
vn 0.5380 0.0430 0.8418
vn 0.3625 -0.8539 -0.3735
vn 0.0410 -0.8759 -0.4808
vn -0.2447 -0.8780 -0.4114
vn 0.2663 -0.9187 -0.2916
vn 0.1940 -0.9311 -0.3089
vn -0.6888 0.2071 -0.6947
vn -0.0500 -0.8873 -0.4585
vn 0.2506 -0.9468 -0.2017
vn -0.6270 0.4308 -0.6491
vn 0.0566 0.6622 -0.7472
vn 0.3949 0.0116 -0.9186
vn -0.6092 0.0283 -0.7925
vn -0.7505 -0.2626 -0.6065
vn -0.2721 -0.9390 0.2106
vn -0.4970 -0.8677 0.0087
vn -0.2549 -0.9367 0.2401
vn 0.3164 -0.8605 -0.3994
vn 0.2680 -0.9176 -0.2935
vn 0.7961 0.2815 0.5356
vn 0.2800 -0.9231 -0.2635
vn -0.3265 -0.8408 -0.4318
vn 0.2824 -0.9224 -0.2635
vn 0.8274 0.1039 -0.5520
vn -0.3351 -0.8760 0.3470
vn 0.1629 -0.9053 -0.3924
vn -0.4285 0.3211 0.8446
vn 0.2564 0.8622 -0.4369
vn -0.2542 -0.9334 0.2533
vn 0.1712 -0.9104 -0.3766
vn -0.2394 -0.9340 0.2651
vn -0.2160 -0.9327 0.2887
vn 0.1752 0.3212 0.9307
vn -0.4417 -0.8801 0.1739
vn 0.0495 -0.9042 -0.4242
vn -0.8217 0.2973 0.4862
vn 0.8040 -0.1462 -0.5763
vn -0.9568 -0.0329 0.2889
vn -0.5870 0.5493 0.5948
vn -0.8469 -0.1313 0.5154
vn -0.8566 -0.3989 0.3273
vn 0.1719 -0.9339 -0.3135
vn -0.6290 0.5629 0.5362
vn 0.1131 0.9931 0.0299
vn -0.2447 -0.8593 -0.4492
vn 0.2662 -0.9191 -0.2905
vn -0.0089 -0.8439 0.5365
vn -0.2059 -0.9607 0.1863
vn -0.2682 -0.9323 0.2428
vn 0.3590 -0.9016 -0.2413
vn -0.9232 0.0794 0.3760
vn 0.9425 0.2249 -0.2473
vn 0.9793 0.0655 -0.1914
vn -0.4717 0.7722 0.4256
vn -0.2922 0.6471 -0.7042
vn 0.1921 -0.9268 -0.3227
vn 0.3011 -0.9525 -0.0453
vn -0.2298 -0.9391 0.2554
vn -0.1198 -0.1662 0.9788
vn 0.9227 -0.3496 -0.1625
vn -0.2682 -0.9358 0.2289
vn -0.2720 -0.8366 -0.4756
vn -0.2969 -0.9216 0.2499
vn 0.3787 -0.8957 -0.2329
vn 0.2779 -0.9224 -0.2682
vn -0.3328 -0.9145 0.2300
vn 0.5429 -0.8293 -0.1327
vn 0.0693 -0.8961 -0.4385
vn -0.3701 -0.8851 0.2822
vn -0.2728 -0.9280 0.2535
vn -0.2712 -0.9313 0.2431
vn -0.0422 0.8161 -0.5764
vn 0.3299 0.9424 -0.0554
vn 0.0999 -0.9947 0.0246
vn -0.6778 0.6843 0.2689
vn 0.0317 -0.8540 -0.5193
vn -0.2434 -0.9495 -0.1983
vn -0.1121 -0.9098 -0.3995
vn 0.3100 -0.9161 -0.2543
vn -0.2749 -0.9321 0.2359
vn -0.6325 0.3978 -0.6646
vn 0.0494 -0.9499 0.3086
vn 0.1348 0.4994 -0.8558
vn -0.5950 0.4233 -0.6832
vn 0.0808 -0.9867 -0.1414
vn -0.2447 -0.9201 0.3059
vn -0.2463 -0.9288 0.2770
vn -0.4718 -0.8738 -0.1178
vn 0.0516 -0.0219 -0.9984
vn 0.1531 0.8546 -0.4962
vn 0.3374 -0.8432 0.4186
vn 0.3197 -0.8855 -0.3373
vn 0.2342 -0.8901 0.3909
vn -0.8342 -0.3639 0.4144
vn -0.1047 -0.9482 0.3001
vn 0.1387 -0.9836 -0.1153
vn -0.0011 0.7164 -0.6977
vn -0.3654 -0.8998 0.2385
vn -0.2934 -0.8802 0.3730
vn 0.2568 -0.9119 0.3201
vn 0.7062 -0.0455 -0.7065
vn 0.3566 0.0544 -0.9327
vn 0.9097 -0.2407 -0.3383
vn -0.2502 -0.9330 0.2588
vn 0.2509 -0.9296 -0.2698
vn -0.2653 -0.9220 0.2821
vn -0.2659 -0.9277 0.2622
vn 0.0166 0.9625 0.2708
vn 0.5267 -0.8500 -0.0082
vn 0.6080 -0.7783 -0.1568
vn 0.2627 -0.9196 -0.2920
vn 0.3232 -0.9099 0.2600
vn 0.2596 -0.9182 0.2991
vn -0.2532 -0.9355 0.2463
vn -0.7222 -0.6880 -0.0711
vn -0.7004 -0.0037 0.7138
vn 0.0915 -0.9893 -0.1138
vn -0.3114 -0.9451 -0.0989
vn 0.2838 -0.9074 -0.3100
vn 0.2234 -0.8594 0.4599
vn -0.3294 -0.7855 -0.5240
vn 0.2809 -0.9202 -0.2727
vn -0.1952 -0.9707 0.1403
vn -0.7676 -0.3565 -0.5326
vn -0.2181 -0.8734 -0.4355
vn -0.6185 -0.7470 -0.2438
vn 0.2789 -0.9236 -0.2629
vn 0.3653 -0.8540 -0.3705
vn 0.8320 -0.1762 -0.5261
vn -0.2466 -0.8700 -0.4269
vn 0.8252 0.0127 -0.5648
vn 0.0001 -0.9129 -0.4081
vn 0.0088 -0.8766 -0.4812
vn -0.2019 -0.8487 -0.4888
vn 0.4680 0.8217 -0.3253
vn -0.2578 -0.9294 0.2641
vn -0.2481 -0.9521 0.1789
vn -0.2214 -0.9285 0.2982
vn 0.4921 -0.8287 0.2666
vn -0.8151 -0.1428 0.5615
vn -0.2779 -0.9361 0.2156
vn -0.2737 -0.9302 0.2444
vn -0.8342 -0.5342 0.1368
vn 0.2761 -0.9219 -0.2718
vn -0.2449 -0.9380 0.2453
vn 0.2876 -0.9013 -0.3240
vn -0.2863 -0.9409 0.1811
vn -0.9272 0.1449 0.3454
vn 0.4435 -0.8605 0.2509
vn -0.8952 0.4390 -0.0763
vn -0.4086 0.8980 -0.1633
vn 0.2724 -0.9227 -0.2728
vn 0.8110 0.3109 -0.4956
vn 0.3381 -0.8634 -0.3746
vn 0.7426 0.5939 -0.3096
vn -0.9378 -0.2076 0.2783
vn -0.6102 0.5652 0.5552
vn -0.1375 -0.9560 0.2590
vn 0.2835 -0.9495 0.1344
vn 0.2676 -0.9194 -0.2882
vn -0.2073 0.9549 0.2124
vn 0.2797 0.2583 -0.9247
vn -0.1908 -0.9805 -0.0471
vn 0.3300 -0.8990 -0.2880
vn 0.6908 0.6590 -0.2975
vn 0.3456 -0.8694 -0.3533
vn -0.2681 -0.9372 0.2231
vn -0.2598 -0.9290 0.2637
vn 0.3980 -0.8380 -0.3733
vn -0.2982 -0.8610 0.4121
vn 0.2326 -0.9155 0.3283
vn -0.8671 -0.2874 0.4069
vn 0.0609 -0.0165 -0.9980
vn -0.2209 -0.9092 0.3530
vn 0.2848 -0.9225 -0.2604
vn -0.0467 -0.9096 0.4128
vn -0.3179 -0.9432 -0.0960
vn -0.3953 -0.8852 0.2452
vn -0.4532 0.8371 0.3063
vn 0.2304 -0.9258 0.2997
vn -0.2902 -0.9498 0.1170
vn -0.3082 -0.9106 0.2753
vn -0.5088 -0.8408 -0.1849
vn 0.7584 0.6461 0.0855
vn 0.3352 0.2979 -0.8938
vn -0.2579 -0.9294 0.2640
vn -0.2937 -0.9223 0.2513
vn 0.4959 0.2467 -0.8326
vn -0.0444 -0.9096 -0.4130
vn 0.0483 -0.9697 -0.2395
vn 0.3419 -0.9042 0.2558
vn 0.7975 0.5392 -0.2705
vn -0.0378 -0.9677 0.2493
vn 0.2750 -0.9225 -0.2708
vn 0.4002 0.5361 -0.7433
vn 0.1568 0.5404 -0.8267
vn -0.2559 -0.9307 0.2614
vn 0.8266 0.4183 -0.3765
vn -0.0024 -0.8699 -0.4932
vn 0.2994 -0.9293 -0.2164
vn -0.0216 -0.8904 -0.4547
vn -0.2631 -0.9264 0.2693
vn 0.3451 -0.8684 -0.3561
vn 0.9589 -0.2493 -0.1352
vn 0.4204 -0.0193 0.9071
vn 0.1984 -0.9193 -0.3399
vn 0.8818 -0.1485 -0.4476
vn 0.2846 -0.9207 -0.2670
vn 0.2836 -0.9220 -0.2635
vn 0.8679 0.0507 0.4941
vn 0.2562 -0.9200 0.2965
vn -0.9021 -0.1668 0.3980
vn 0.0135 -0.9241 0.3819
vn -0.5016 -0.8640 0.0439
vn 0.4238 0.8840 -0.1974
vn -0.3893 -0.8893 0.2400
vn -0.5567 -0.7719 -0.3071
vn 0.1734 -0.9606 -0.2172
vn -0.2724 -0.8777 -0.3943
vn -0.1583 0.9405 0.3007
vn 0.1664 -0.9242 -0.3438
vn 0.2274 -0.9649 -0.1317
vn -0.2980 -0.9238 0.2406
vn -0.2600 -0.9298 0.2606
vn -0.2340 -0.9350 0.2664
vn 0.4463 0.8266 -0.3427
vn -0.0867 0.9601 0.2658
vn -0.5555 -0.6244 0.5491
vn -0.2826 -0.9353 0.2128
vn 0.2078 -0.9129 -0.3514
vn -0.2663 -0.8561 -0.4429
vn -0.1045 -0.9470 0.3036
vn -0.0865 -0.9162 -0.3913
vn -0.2747 -0.8449 -0.4589
vn -0.4809 -0.8495 -0.2171
vn -0.9353 -0.2617 0.2381
vn -0.2656 -0.9410 0.2099
vn 0.2911 -0.9080 -0.3013
vn -0.2721 -0.9372 0.2180
vn 0.2821 -0.9200 -0.2721
vn 0.2806 -0.9225 -0.2651
vn 0.2845 -0.9217 -0.2636
vn 0.0813 -0.9129 0.4000
vn 0.7432 -0.6569 -0.1271
vn 0.3859 -0.8890 0.2467
vn 0.4376 -0.8470 -0.3020
vn 0.3730 -0.9243 0.0815
vn 0.1687 -0.9718 -0.1646
vn -0.2942 -0.9260 0.2366
vn -0.4024 -0.8738 -0.2730
vn -0.2933 -0.9138 0.2811
vn 0.2834 -0.9218 -0.2646
vn 0.5635 -0.8207 0.0944
vn 0.3368 0.8700 -0.3600
vn -0.3314 -0.8879 0.3190
vn -0.3382 -0.9402 0.0409
vn -0.2311 0.9327 0.2769
vn -0.2884 -0.9411 0.1763
vn 0.2703 -0.9178 -0.2908
vn 0.5104 0.5747 -0.6397
vn 0.0798 0.6000 0.7960
vn -0.5047 0.8618 0.0516
vn 0.5048 0.7597 -0.4100
vn 0.2864 -0.9216 -0.2618
vn -0.2112 -0.9446 0.2512
vn -0.7078 0.3346 0.6221
vn 0.3411 -0.8908 -0.3004
vn -0.2497 -0.9257 0.2840
vn 0.3135 -0.9235 0.2211
vn 0.3965 -0.9161 -0.0599
vn 0.3444 -0.9094 0.2332
vn -0.8028 -0.4677 0.3698
vn 0.3909 -0.8952 0.2141
vn 0.2420 -0.9131 0.3281
vn -0.3020 -0.9377 0.1715
vn 0.2628 -0.9128 0.3126
vn -0.2440 -0.9344 0.2596
vn 0.2755 -0.9218 -0.2726
vn 0.2799 -0.9182 -0.2804
vn -0.5730 0.6094 0.5481
vn 0.2774 -0.9211 -0.2732
vn 0.0647 -0.9034 0.4240
vn -0.2878 -0.9340 0.2119
vn -0.2029 -0.7540 -0.6248
vn -0.2732 -0.9235 0.2694
vn -0.2081 0.9581 0.1968
vn -0.4739 0.8423 -0.2569
vn -0.2594 -0.9296 0.2617
vn -0.2556 -0.9423 0.2163
vn -0.3532 -0.8936 0.2769
vn -0.2491 -0.9278 0.2778
vn 0.2504 -0.8836 -0.3957
vn -0.2711 -0.9342 0.2319
vn 0.2763 -0.9198 -0.2787
vn 0.2844 -0.9217 -0.2638
vn -0.2616 -0.9267 0.2700
vn -0.4368 -0.8892 0.1362
vn 0.2710 -0.9220 0.2766
vn -0.2444 -0.9270 0.2845
vn 0.0165 -0.9132 -0.4072
vn -0.2422 -0.9280 0.2830
vn -0.1731 -0.9837 -0.0496
vn 0.4038 -0.8679 -0.2894
vn -0.2978 -0.9225 0.2456
vn -0.2323 -0.8428 -0.4856
vn -0.5730 -0.7382 -0.3560
vn -0.2422 -0.9254 0.2915
vn -0.2513 -0.9223 0.2937
vn 0.1812 -0.9261 -0.3308
vn -0.4622 -0.8794 -0.1142
vn 0.5079 0.6655 -0.5470
vn -0.1437 -0.9613 0.2351
vn 0.0115 -0.9963 -0.0855
vn -0.7361 -0.3584 0.5742
vn -0.2943 -0.9555 -0.0185
vn 0.2823 -0.8630 -0.4189
vn -0.9598 -0.2464 0.1342
vn -0.2531 -0.9291 0.2697
vn -0.3006 -0.9033 0.3061
vn -0.2000 -0.9660 -0.1637
vn -0.2593 -0.9286 0.2654
vn 0.2730 -0.9304 -0.2446
vn 0.2209 0.3177 -0.9221
vn 0.2702 -0.9247 -0.2682
vn 0.2741 -0.9221 -0.2731
vn -0.9492 -0.2980 0.1013
vn 0.5166 -0.3428 -0.7846
vn 0.2679 -0.9238 -0.2737
vn -0.3102 -0.8939 0.3236
vn -0.0462 -0.9704 0.2369
vn -0.3885 -0.8976 -0.2082
vn 0.2825 -0.9224 -0.2635
vn -0.2508 -0.9323 0.2607
vn -0.7673 0.2337 0.5971
vn 0.2598 -0.9651 -0.0330
vn 0.1254 0.5617 -0.8178
vn -0.2607 -0.9296 0.2605
vn 0.2779 -0.9192 -0.2791
vn -0.5029 -0.7702 0.3922
vn 0.1778 -0.9086 -0.3779
vn 0.2764 -0.9217 -0.2720
vn -0.1702 -0.8319 -0.5282
vn 0.2786 -0.9087 -0.3110
vn -0.9487 -0.0296 0.3149
vn 0.9258 0.1586 0.3431
vn -0.2804 -0.9011 0.3308
vn -0.2379 -0.9288 0.2842
vn 0.2527 0.4868 -0.8361
vn -0.5300 -0.6034 -0.5958
vn -0.4424 0.8053 -0.3948
vn -0.3944 0.1879 0.8995
vn 0.7297 -0.1208 -0.6730
vn 0.5961 -0.4941 -0.6329
vn 0.6006 -0.4948 -0.6281
vn 0.5029 0.6918 -0.5182
vn 0.9301 -0.3567 -0.0878
vn -0.7333 -0.1365 -0.6661
vn -0.2845 0.7737 -0.5660
vn 0.3174 0.9457 -0.0704
vn -0.4076 0.4331 0.8039
vn 0.1207 0.9536 0.2758
vn -0.5699 0.6083 0.5525
vn 0.3162 0.3896 0.8650
vn -0.6352 -0.5241 0.5673
vn -0.8459 -0.1359 0.5158
vn 0.2220 -0.3143 0.9230
vn -0.9883 0.1497 -0.0276
vn -0.9957 0.0703 0.0602
vn -0.7009 -0.1130 -0.7043
vn 0.6141 -0.5733 0.5424
vn -0.1900 0.6043 0.7737
vn -0.0321 0.9391 0.3422
vn -0.6491 -0.7156 -0.2581
vn 0.1855 0.8734 -0.4502
vn -0.4149 0.8070 0.4203
vn -0.5523 -0.6070 0.5715
vn -0.6392 0.7543 0.1498
vn -0.5630 -0.6101 0.5575
vn -0.3026 0.7726 0.5581
vn 0.6205 0.3481 0.7027
vn 0.8569 0.2086 0.4714
vn 0.7168 -0.3890 0.5788
vn -0.1939 -0.2153 0.9571
vn 0.6292 -0.7162 -0.3019
vn -0.4180 0.8056 0.4198
vn 0.4824 0.7104 -0.5124
vn 0.1217 0.2807 0.9521
vn -0.8821 0.4475 -0.1472
vn 0.3309 0.8627 -0.3825
vn 0.3766 -0.1453 -0.9149
vn -0.8166 0.5568 0.1521
vn -0.4461 0.4314 0.7842
vn -0.6120 0.4954 0.6164
vn 0.6429 0.0920 -0.7604
vn 0.9905 -0.1367 0.0136
vn -0.8164 -0.1727 0.5511
vn -0.9540 0.1919 0.2303
vn 0.1049 0.7240 0.6818
vn 0.3864 0.8061 -0.4481
vn -0.3018 0.9142 0.2704
vn -0.3953 0.8290 0.3957
vn -0.6154 -0.0027 -0.7882
vn 0.2055 0.8232 -0.5293
vn 0.2144 0.8208 -0.5294
vn 0.6100 -0.2258 0.7595
vn -0.5797 0.6033 0.5477
vn 0.1044 0.4228 0.9002
vn 0.4621 0.7700 -0.4401
vn 0.0712 0.5043 -0.8606
vn -0.8256 0.1021 0.5550
vn -0.6713 0.5045 0.5430
vn -0.2836 0.7209 -0.6323
vn -0.1124 0.5730 0.8118
vn 0.0427 0.7932 0.6074
vn 0.1057 0.7828 0.6132
vn -0.5565 -0.2408 0.7952
vn -0.7179 0.5138 0.4697
vn 0.4917 0.7073 -0.5079
vn -0.8687 -0.0493 0.4929
vn 0.2549 0.3774 0.8903
vn -0.6871 0.0133 -0.7264
vn -0.6111 0.5215 0.5955
vn -0.5858 -0.6016 0.5431
vn -0.1558 0.9245 0.3479
vn -0.9576 -0.1177 -0.2630
vn -0.4854 0.6893 0.5379
vn 0.0263 0.7443 0.6674
vn -0.4105 0.6842 -0.6028
vn 0.2225 0.4597 -0.8598
vn 0.6129 -0.5172 0.5973
vn 0.4915 0.8630 -0.1167
vn -0.6613 0.4886 0.5692
vn 0.3003 -0.2124 -0.9299
vn 0.4817 0.2922 0.8262
vn 0.8828 0.3117 -0.3516
vn 0.1058 0.7478 -0.6554
vn 0.8365 0.0652 -0.5441
vn -0.8236 -0.1813 0.5374
vn -0.4207 0.6195 0.6628
vn 0.4800 -0.1816 -0.8583
vn 0.4019 0.5812 -0.7076
vn 0.2823 0.9579 0.0515
vn 0.8312 0.2647 0.4889
vn 0.9869 0.0078 -0.1611
vn 0.9597 -0.0804 -0.2693
vn 0.2661 0.9627 -0.0488
vn -0.3223 0.8675 0.3790
vn -0.8694 0.2734 -0.4117
vn 0.4993 0.8371 -0.2235
vn -0.4641 0.7430 0.4823
vn -0.2093 0.8796 0.4273
vn -0.0515 0.6629 -0.7469
vn -0.9124 0.0954 -0.3980
vn -0.4114 -0.0341 0.9108
vn 0.6548 -0.2730 -0.7048
vn -0.3014 0.8997 0.3157
vn 0.4393 0.5628 -0.7002
vn 0.0572 0.8710 0.4879
vn 0.3721 0.8446 -0.3849
vn 0.5404 0.6476 -0.5373
vn 0.3194 0.1465 -0.9362
vn 0.3200 0.8557 -0.4067
vn 0.6145 -0.5937 -0.5195
vn 0.5546 -0.1721 -0.8141
vn 0.3181 0.2406 -0.9170
vn 0.4835 0.6302 -0.6075
vn 0.1332 0.9170 -0.3760
vn -0.0875 -0.1861 -0.9786
vn 0.6368 -0.2354 -0.7342
vn 0.1896 0.2504 -0.9494
vn -0.5315 0.5485 0.6455
vn 0.6834 -0.4699 -0.5587
vn -0.2398 0.0380 0.9701
vn 0.6406 0.6651 -0.3837
vn 0.6597 -0.4182 -0.6244
vn -0.3538 0.5165 0.7798
vn 0.6564 0.4600 -0.5979
vn 0.4900 0.7568 -0.4326
vn 0.6092 -0.4943 -0.6201
vn 0.6076 -0.3832 -0.6957
vn -0.1352 -0.0147 0.9907
vn -0.5596 -0.6047 0.5667
vn -0.1536 0.9728 0.1736
vn 0.4745 0.2733 0.8367
vn -0.5292 -0.6731 0.5166
vn -0.8844 0.0590 -0.4629
vn -0.1127 0.2887 0.9508
vn 0.5771 -0.6489 0.4958
vn 0.8278 0.5192 0.2126
vn -0.5919 -0.5308 0.6065
vn -0.6900 -0.4437 0.5718
vn 0.3920 -0.1293 -0.9109
vn -0.8027 -0.1514 -0.5768
vn -0.9426 0.2791 -0.1835
vn -0.1312 0.8700 -0.4752
vn 0.4587 -0.3477 -0.8177
vn -0.4515 0.7583 0.4702
vn -0.5695 0.6058 0.5556
vn 0.6776 -0.4307 0.5962
vn 0.3407 -0.0972 -0.9351
vn 0.4289 0.6879 0.5855
vn 0.6044 0.6087 -0.5140
vn 0.8559 -0.2542 0.4504
vn 0.7647 -0.3513 0.5402
vn 0.5895 -0.0355 0.8070
vn 0.1469 -0.0552 0.9876
vn 0.7203 -0.3999 0.5668
vn 0.5022 0.7082 -0.4961
vn 0.8208 0.4477 0.3548
vn -0.0212 0.9998 0.0065
vn -0.6996 -0.3860 -0.6012
vn -0.6987 0.4657 0.5431
vn -0.0622 0.4622 0.8846
vn 0.3457 0.7400 -0.5770
vn -0.2755 0.6643 -0.6948
vn 0.8619 0.4430 -0.2468
vn -0.4744 0.6692 -0.5720
vn -0.9997 0.0156 0.0200
vn -0.3095 0.8770 0.3676
vn -0.9060 0.1034 -0.4104
vn 0.7363 0.4493 0.5059
vn -0.5797 0.6765 0.4541
vn 0.3175 0.9475 -0.0385
vn -0.8856 0.4622 0.0458
vn -0.7630 0.4502 -0.4639
vn -0.4867 -0.1063 0.8671
vn 0.8590 0.3491 -0.3744
vn 0.5034 0.6157 -0.6062
vn -0.2596 0.8034 0.5358
vn -0.9549 0.2819 0.0932
vn 0.8511 0.3153 -0.4197
vn 0.6214 -0.1831 0.7618
vn 0.3484 0.8315 -0.4327
vn 0.2358 0.7054 0.6685
vn -0.6112 0.5978 0.5187
vn -0.1904 -0.4157 -0.8894
vn 0.5179 0.6544 -0.5509
vn -0.7673 -0.3901 -0.5091
vn 0.4719 0.7245 -0.5025
vn 0.4397 0.8491 0.2927
vn 0.1097 -0.5754 0.8105
vn -0.6820 0.6693 0.2947
vn -0.4935 -0.6916 0.5274
vn 0.1406 -0.5946 0.7916
vn 0.7085 -0.5211 0.4759
vn 0.5701 -0.5718 0.5900
vn 0.5795 0.5768 -0.5758
vn 0.1092 0.8005 0.5893
vn 0.2169 -0.0431 -0.9752
vn 0.5719 0.1733 -0.8018
vn 0.3010 0.2186 -0.9282
vn 0.5728 0.4615 -0.6774
vn -0.7854 0.0946 -0.6117
vn 0.4740 0.7481 -0.4644
vn 0.5879 -0.5033 -0.6333
vn 0.0190 0.9998 0.0002
vn -0.5559 -0.5999 0.5754
vn -0.8703 0.2603 0.4181
vn 0.5859 0.5195 -0.6220
vn -0.7006 0.0541 -0.7115
vn 0.8926 -0.1500 -0.4251
vn 0.2551 0.9249 -0.2818
vn 0.3809 -0.1367 -0.9145
vn 0.5978 -0.5074 -0.6206
vn -0.6150 0.5114 0.6002
vn -0.2937 0.9558 0.0141
vn -0.6354 -0.5469 -0.5452
vn 0.3714 0.4947 -0.7857
vn -0.1045 -0.3442 -0.9331
vn 0.4576 -0.3842 -0.8019
vn 0.1771 0.1921 -0.9653
vn 0.6912 -0.2994 -0.6578
vn 0.3922 -0.1607 -0.9057
vn 0.3240 -0.7519 -0.5741
vn -0.1374 -0.5144 -0.8465
vn 0.5013 -0.5983 -0.6252
vn 0.2252 -0.7075 -0.6699
vn 0.3682 0.8392 -0.4001
vn -0.1304 -0.6216 0.7724
vn 0.8376 -0.4989 -0.2227
vn 0.4541 -0.7404 -0.4957
vn 0.1354 0.3950 0.9086
vn -0.1982 -0.5094 -0.8374
vn 0.5775 -0.6341 0.5142
vn -0.5515 -0.5352 0.6398
vn -0.8935 -0.0125 0.4490
vn 0.9178 0.3941 0.0480
vn -0.6391 -0.3619 -0.6787
vn 0.1789 0.3897 0.9034
vn -0.4240 -0.1851 -0.8865
vn 0.9221 -0.3868 0.0095
vn -0.2200 0.9717 -0.0860
vn -0.8204 -0.4483 -0.3550
vn 0.4803 0.8754 -0.0544
vn 0.9808 -0.1458 -0.1296
vn -0.2783 -0.4991 0.8206
vn -0.8162 -0.5776 -0.0110
vn -0.6254 -0.5142 0.5869
vn -0.6549 -0.1328 0.7440
vn 0.6716 -0.4627 0.5786
vn -0.3118 0.6409 -0.7015
vn -0.9439 -0.0383 0.3281
vn -0.8864 -0.3870 -0.2542
vn -0.4329 0.7847 0.4437
vn -0.3371 0.9150 0.2217
vn -0.3717 0.8055 0.4614
vn 0.3978 0.1793 -0.8998
vn 0.5339 -0.0618 0.8433
vn -0.4189 0.7194 0.5541
vn -0.7716 0.1814 0.6097
vn -0.2605 0.9415 0.2138
vn -0.1947 0.2934 0.9359
vn 0.5480 -0.4681 0.6932
vn -0.1808 0.7801 0.5989
vn -0.8114 0.1896 0.5528
vn -0.1449 0.9309 -0.3352
vn 0.5601 0.2024 0.8033
vn 0.5228 0.3120 0.7933
vn 0.2213 0.9395 -0.2616
vn -0.0532 0.7826 0.6203
vn 0.7695 0.4257 -0.4760
vn 0.6087 -0.5259 -0.5941
vn -0.6651 0.7408 -0.0944
vn 0.8632 0.2966 -0.4085
vn -0.2035 0.9394 0.2761
vn -0.8377 -0.5181 0.1726
vn 0.5231 -0.7000 -0.4862
vn 0.4210 0.6567 0.6257
vn -0.7757 0.5506 -0.3084
vn 0.5455 -0.2919 0.7856
vn -0.2046 0.9373 0.2821
vn -0.1557 0.9499 -0.2712
vn -0.5581 -0.4956 0.6655
vn -0.3357 0.9147 0.2251
vn -0.8461 0.5216 0.1097
vn 0.3477 -0.7891 -0.5063
vn -0.8500 0.1399 -0.5078
vn -0.7280 0.2953 0.6187
vn -0.7024 -0.0065 0.7118
vn -0.6152 0.6284 0.4761
vn -0.6005 0.7110 0.3658
vn 0.3915 0.9200 0.0195
vn -0.5521 0.7704 -0.3189
vn -0.6455 0.7525 0.1307
vn 0.0114 0.9335 -0.3584
vn 0.1649 0.9512 -0.2608
vn -0.8426 0.5227 -0.1296
vn 0.2401 0.4083 -0.8807
vn 0.6611 0.4567 -0.5953
vn 0.7889 -0.0135 0.6143
vn 0.3560 0.8086 -0.4685
vn 0.0889 0.3968 -0.9136
vn 0.5496 0.2663 0.7918
vn 0.7773 0.1770 0.6037
vn -0.5103 0.8037 -0.3061
vn 0.3253 -0.7482 -0.5783
vn 0.4118 -0.3946 0.8214
vn -0.4833 0.0902 -0.8708
vn -0.2407 -0.2781 -0.9299
vn 0.2562 0.9572 0.1349
vn -0.8716 -0.3576 0.3353
vn 0.9363 -0.2668 0.2284
vn -0.3504 -0.5237 -0.7765
vn 0.2654 0.9634 0.0382
vn -0.9064 0.0288 -0.4214
vn 0.5080 0.8197 -0.2648
vn -0.3177 0.1934 -0.9282
vn -0.4364 -0.1186 0.8919
vn -0.7812 -0.4709 -0.4099
vn 0.6036 -0.5512 0.5761
vn 0.2905 0.8529 0.4339
vn 0.4469 0.4160 0.7920
vn 0.4286 -0.1523 -0.8906
vn 0.1042 0.8044 0.5848
vn -0.3346 -0.5506 0.7647
vn -0.9578 0.2592 0.1242
vn -0.5889 -0.5253 0.6142
vn 0.1299 0.3896 -0.9118
vn -0.0576 0.7905 0.6098
vn 0.0395 0.1588 -0.9865
vn -0.4514 0.8491 -0.2743
vn 0.5307 -0.2749 -0.8017
vn 0.4114 -0.7863 -0.4610
vn 0.5079 0.8159 -0.2761
vn 0.9571 0.2889 0.0225
vn -0.1572 0.9496 0.2711
vn 0.6499 0.3325 -0.6834
vn 0.5994 -0.5290 -0.6008
vn 0.0234 -0.4443 -0.8956
vn 0.5373 0.6994 -0.4713
vn 0.0067 -0.1958 -0.9806
vn 0.0926 -0.1018 -0.9905
vn 0.1518 0.4299 -0.8900
vn 0.4694 0.4104 -0.7818
vn 0.3306 -0.3619 -0.8716
vn 0.5446 -0.4861 -0.6834
vn -0.3536 0.4841 0.8004
vn 0.9513 0.3063 0.0359
vn -0.7643 -0.3610 -0.5343
vn -0.3596 0.9194 0.1592
vn 0.1392 0.9527 -0.2700
vn -0.9878 0.1233 0.0954
vn -0.6450 -0.1062 -0.7568
vn -0.8591 0.1251 0.4963
vn 0.3786 -0.0511 -0.9242
vn 0.4165 0.4099 0.8115
vn 0.9472 0.0774 0.3111
vn 0.6649 -0.4151 -0.6209
vn 0.3736 0.5547 0.7435
vn -0.8487 -0.5265 0.0506
vn 0.3647 0.6218 0.6931
vn 0.6252 -0.3617 -0.6916
vn 0.7928 0.5725 0.2088
vn 0.5928 -0.5589 -0.5799
vn 0.6095 -0.4839 -0.6280
vn 0.6074 -0.4824 -0.6312
vn 0.5736 -0.5207 -0.6324
vn 0.6488 -0.4366 -0.6232
vn -0.6730 -0.6102 -0.4179
vn 0.3601 0.9198 -0.1561
vn -0.7685 0.1456 0.6230
vn 0.0266 0.9947 -0.0996
vn 0.9524 -0.1281 0.2766
vn 0.6037 0.5631 -0.5643
vn 0.5771 0.5779 0.5770
vn -0.7256 0.4778 0.4952
vn 0.5015 0.5083 0.7001
vn 0.2550 0.2803 0.9254
vn 0.4995 -0.3280 -0.8018
vn 0.2835 -0.2809 -0.9169
vn 0.4509 -0.1940 -0.8712
vn 0.4865 0.3045 -0.8189
vn 0.0444 0.8845 0.4644
vn 0.9555 0.2945 0.0185
vn -0.4653 0.7386 0.4878
vn -0.4546 -0.5122 0.7287
vn -0.5282 0.6661 0.5267
vn 0.4047 0.2491 -0.8799
vn 0.3219 0.8608 -0.3942
vn 0.5270 -0.3221 0.7865
vn -0.8927 0.4483 0.0465
vn -0.5157 0.8369 0.1834
vn 0.6288 -0.6212 0.4676
vn 0.8170 -0.5745 0.0503
vn 0.6357 -0.5148 0.5752
vn -0.8899 0.1715 0.4228
vn 0.5362 0.8358 0.1179
vn -0.1812 -0.1274 -0.9752
vn -0.4991 -0.6277 0.5974
vn 0.7504 -0.5452 0.3736
vn 0.7110 -0.7031 0.0132
vn -0.5420 -0.6795 0.4945
vn 0.8401 0.3932 -0.3736
vn -0.6027 0.4762 -0.6404
vn -0.3358 0.8443 0.4175
vn 0.8205 0.3817 -0.4255
vn 0.6799 0.6305 -0.3744
vn 0.6105 0.5300 -0.5885
vn -0.0022 0.9984 0.0559
vn 0.1746 0.7258 -0.6653
vn 0.9066 -0.2082 -0.3671
vn 0.5278 0.8021 -0.2794
vn 0.4264 0.8943 -0.1360
vn -0.0785 0.8659 0.4941
vn 0.5204 -0.3514 -0.7782
vn 0.6114 -0.5209 0.5957
vn 0.8650 -0.4493 0.2233
vn -0.6730 0.0900 0.7341
vn -0.5360 -0.6240 0.5686
vn -0.6127 0.4876 0.6219
vn -0.5346 -0.6331 0.5599
vn -0.7607 0.2115 0.6136
vn 0.6412 -0.4717 0.6053
vn -0.4576 -0.6900 0.5608
vn -0.6251 -0.6776 -0.3873
vn 0.6550 -0.5062 0.5609
vn -0.9295 -0.2788 0.2417
vn -0.6094 0.6569 -0.4439
vn -0.2820 0.8203 -0.4977
vn -0.8226 -0.1962 0.5337
vn 0.0800 0.9819 0.1717
vn -0.1451 0.2391 -0.9601
vn 0.4301 0.7483 -0.5051
vn 0.2383 -0.3448 0.9079
vn -0.4977 0.1487 -0.8545
vn -0.8597 0.2372 0.4524
vn 0.6122 -0.1790 0.7701
vn 0.4182 0.8282 -0.3732
vn -0.5140 -0.6334 -0.5784
vn -0.7195 0.3641 0.5914
vn -0.9117 -0.1252 -0.3912
vn -0.5738 -0.3343 -0.7476
vn 0.2392 -0.1953 -0.9511
vn 0.6014 -0.3746 -0.7057
vn 0.6518 -0.6475 -0.3950
vn 0.5807 -0.5529 -0.5976
vn 0.4270 -0.7672 -0.4786
vn 0.6671 -0.3588 -0.6529
vn 0.4398 0.4470 -0.7790
vn 0.5920 -0.5560 -0.5835
vn 0.5827 -0.5314 -0.6149
vn 0.5709 -0.5424 -0.6163
vn 0.3946 0.5707 -0.7201
vn 0.6096 -0.1179 -0.7839
vn 0.5346 -0.3164 -0.7837
vn 0.6941 -0.4907 0.5267
vn 0.2140 0.8709 0.4425
vn 0.6048 -0.6964 -0.3862
vn 0.5970 0.8022 -0.0076
vn 0.8976 0.0200 0.4404
vn -0.5556 -0.5941 0.5817
vn 0.6056 -0.5662 0.5592
vn -0.5066 -0.4059 -0.7607
vn 0.8128 -0.5399 0.2187
vn -0.5516 -0.6203 0.5576
vn -0.5112 0.8031 -0.3060
vn -0.5541 -0.6202 0.5553
vn -0.7046 0.6359 -0.3150
vn 0.6326 -0.5038 0.5882
vn -0.7347 -0.3893 -0.5556
vn 0.1073 0.9607 0.2561
vn 0.6408 -0.4223 0.6411
vn 0.0391 0.9978 0.0533
vn -0.8671 -0.1433 -0.4771
vn 0.6767 0.0224 0.7359
vn 0.3841 0.0418 -0.9223
vn -0.8178 -0.4963 -0.2914
vn 0.5791 -0.5478 0.6038
vn -0.4319 0.7341 0.5241
vn 0.0551 -0.5448 0.8367
vn -0.3485 0.8866 0.3042
vn -0.5309 -0.2969 0.7937
vn 0.6314 -0.1094 0.7677
vn 0.2274 0.0322 -0.9733
vn 0.4590 0.1034 0.8824
vn 0.0526 -0.5855 0.8089
vn 0.5332 -0.1794 -0.8267
vn -0.2293 0.9689 -0.0927
vn -0.4047 0.8916 -0.2033
vn 0.0087 0.9780 -0.2084
vn -0.5499 -0.1537 -0.8209
vn -0.8206 0.4289 0.3777
vn -0.2426 -0.5945 -0.7666
vn 0.4572 0.8818 0.1160
vn -0.8884 0.4383 -0.1369
vn -0.5554 -0.6036 0.5720
vn 0.4490 0.2257 0.8646
vn -0.5424 -0.6117 0.5759
vn -0.7229 0.3041 0.6204
vn 0.5289 0.7101 -0.4648
vn 0.6350 -0.4376 0.6366
vn -0.8523 -0.1275 0.5072
vn -0.5553 -0.6361 0.5358
vn -0.7206 0.2953 0.6273
vn 0.9031 0.3470 -0.2531
vn 0.4251 0.7205 -0.5479
vn -0.8568 0.5147 0.0297
vn -0.9494 -0.0031 0.3141
vn 0.6674 -0.5185 0.5345
vn 0.7807 0.4381 -0.4456
vn 0.4634 0.6963 -0.5481
vn -0.4521 0.8592 0.2396
vn -0.8245 -0.1618 0.5422
vn 0.0308 -0.5873 0.8088
vn 0.1372 0.7888 0.5991
vn 0.2626 -0.5346 0.8033
vn -0.4683 0.4025 0.7866
vn -0.8017 -0.5960 -0.0456
vn -0.4015 0.7830 0.4751
vn 0.1461 -0.6047 0.7829
vn -0.7604 0.4106 0.5032
vn -0.8089 0.2967 0.5076
vn 0.0215 0.8278 0.5606
vn -0.6887 -0.2943 -0.6626
vn 0.6956 -0.4863 0.5289
vn 0.8932 -0.4431 0.0763
vn 0.1604 0.9502 0.2672
vn -0.5908 0.5678 0.5732
vn -0.1906 0.9786 -0.0781
vn 0.6263 -0.5470 0.5554
vn 0.7780 -0.3325 -0.5330
vn 0.5789 -0.0361 -0.8146
vn 0.6010 -0.6554 0.4575
vn -0.5563 -0.6361 0.5347
vn -0.5135 -0.6304 0.5821
vn 0.9766 -0.1134 -0.1830
vn -0.4327 0.7375 0.5185
vn 0.1780 0.9801 -0.0876
vn 0.9583 0.0325 0.2838
vn 0.9610 -0.1927 0.1985
vn 0.5642 -0.6649 0.4895
vn 0.6535 0.4020 -0.6414
vn -0.9000 0.0599 0.4318
vn 0.6675 -0.4199 -0.6149
vn -0.7339 -0.0932 0.6728
vn 0.5682 -0.5990 -0.5643
vn 0.6670 -0.4311 -0.6077
vn 0.3866 -0.7586 -0.5245
vn 0.8212 -0.5352 -0.1981
vn 0.4168 0.3062 -0.8559
vn 0.5976 -0.5576 -0.5762
vn -0.2944 0.3262 0.8983
vn -0.5127 -0.6767 0.5284
vn 0.3169 0.9458 -0.0704
vn -0.1598 0.9665 0.2010
vn 0.5904 -0.6272 0.5081
vn -0.8804 0.2267 0.4166
vn 0.1536 0.4299 -0.8897
vn 0.3822 -0.6767 0.6293
vn 0.8898 -0.4341 -0.1409
vn -0.5526 -0.6290 0.5467
vn 0.4342 -0.3858 0.8140
vn 0.9541 -0.2898 -0.0756
vn -0.6034 -0.6541 -0.4562
vn -0.5291 -0.6428 0.5539
vn 0.2381 -0.7286 0.6422
vn 0.3548 -0.6555 0.6666
vn -0.0385 0.5793 0.8142
vn 0.6414 -0.7663 -0.0377
vn 0.5195 -0.5867 0.6212
vn -0.6001 -0.6474 0.4697
vn -0.2597 0.1627 0.9519
vn 0.7792 0.3568 -0.5154
vn 0.0548 0.2258 -0.9726
vn -0.7847 -0.6079 -0.1210
vn -0.5649 -0.6650 0.4886
vn -0.7159 -0.3690 -0.5927
vn -0.7614 -0.3431 -0.5500
vn -0.9252 0.0719 0.3725
vn -0.8933 -0.4162 -0.1697
vn -0.8102 -0.0356 -0.5851
vn 0.2562 0.8500 -0.4603
vn -0.7315 -0.6748 0.0977
vn 0.6003 -0.5195 0.6080
vn -0.5189 -0.5833 0.6249
vn -0.9056 0.0439 0.4219
vn -0.9061 0.1381 0.3998
vn 0.3749 0.8333 -0.4064
vn 0.7997 0.2825 -0.5298
vn 0.9367 -0.1467 0.3179
vn -0.3373 0.2747 -0.9004
vn 0.4166 0.0854 0.9051
vn -0.6770 0.0241 -0.7356
vn 0.6875 -0.7163 -0.1196
vn 0.5387 -0.5850 0.6063
vn -0.5080 -0.6265 0.5912
vn 0.6200 0.4919 -0.6112
vn 0.5064 -0.7354 0.4502
vn -0.6437 0.5347 0.5474
vn 0.8506 0.1215 0.5116
vn -0.8800 0.1108 0.4618
vn -0.8257 -0.1864 0.5324
vn 0.3379 0.8401 0.4244
vn 0.2126 0.9486 0.2346
vn 0.2714 0.9007 0.3394
vn -0.7243 -0.6079 -0.3252
vn -0.5292 -0.6811 0.5060
vn 0.1934 0.9716 -0.1360
vn -0.4210 0.3339 -0.8434
vn 0.4920 0.7436 -0.4528
vn -0.7281 0.2782 -0.6265
vn -0.5871 -0.7020 -0.4031
vn -0.8462 -0.0730 0.5278
vn 0.5049 0.6517 -0.5660
vn 0.5514 -0.3355 -0.7638
vn 0.4136 -0.7758 -0.4766
vn 0.6700 -0.3953 -0.6284
vn -0.0821 -0.6837 -0.7252
vn 0.6800 -0.7243 0.1140
vn 0.0665 0.9768 -0.2035
vn -0.5184 -0.6913 0.5034
vn 0.0898 0.9942 -0.0588
vn 0.6727 0.2569 -0.6939
vn -0.6091 -0.7020 -0.3690
vn -0.5695 -0.7097 0.4147
vn -0.5738 -0.5504 0.6065
vn -0.5554 -0.6244 0.5492
vn -0.5657 -0.5899 0.5761
vn -0.5769 -0.7344 -0.3574
vn -0.5882 -0.8047 0.0803
vn -0.5668 -0.6955 0.4415
vn -0.5760 -0.6950 0.4304
vn 0.2353 0.9640 -0.1236
vn -0.4705 -0.7203 0.5097
vn 0.4007 -0.3267 -0.8560
vn -0.7094 -0.5566 0.4323
vn -0.8976 -0.0693 0.4353
vn 0.8567 -0.5084 0.0871
vn -0.8221 -0.5652 -0.0685
vn 0.5095 -0.6882 -0.5166
vn 0.9348 -0.3537 -0.0332
vn 0.7943 -0.6073 -0.0139
vn -0.4222 -0.2630 0.8675
vn 0.2562 0.9344 -0.2474
vn 0.6333 -0.7465 0.2040
vn -0.3889 -0.5797 -0.7160
vn 0.2444 -0.8392 -0.4859
vn -0.4909 -0.6890 0.5332
vn 0.3740 -0.3090 0.8745
vn -0.8546 -0.3922 -0.3404
vn 0.6293 -0.7161 -0.3021
vn -0.2671 0.9402 0.2115
vn 0.6127 -0.7264 -0.3113
vn -0.6419 -0.4642 0.6103
vn -0.5929 0.5101 0.6231
vn -0.5628 -0.6248 0.5411
vn 0.4040 -0.3223 0.8561
vn 0.6440 -0.2088 -0.7360
vn -0.4203 -0.2973 0.8573
vn 0.4257 -0.5400 -0.7261
vn -0.5469 -0.6916 0.4717
vn 0.3983 -0.5287 -0.7495
vn 0.2527 0.9549 -0.1560
vn -0.6374 -0.6677 -0.3846
vn -0.5613 -0.6410 0.5235
vn 0.4113 0.5846 -0.6994
vn 0.4093 0.1619 0.8979
vn 0.5573 -0.6712 -0.4888
vn -0.8743 -0.1806 0.4505
vn -0.4993 -0.6481 0.5751
vn -0.1209 0.9484 0.2932
vn -0.6059 -0.2791 0.7450
vn -0.6968 0.2193 0.6830
vn 0.1512 0.9880 -0.0302
vn -0.5597 -0.5797 0.5922
vn -0.4953 -0.7387 0.4571
vn -0.6071 -0.4509 0.6543
vn 0.5160 -0.6156 -0.5956
vn 0.6000 -0.7232 0.3420
vn 0.5856 -0.7965 -0.1504
vn -0.5558 -0.5796 0.5959
vn 0.2646 0.9583 -0.1081
vn -0.7714 0.5987 0.2156
vn -0.1131 -0.6722 -0.7317
vn -0.5397 -0.6519 0.5328
vn 0.5191 -0.6402 -0.5663
vn 0.6569 -0.4780 -0.5830
vn 0.6232 -0.6715 0.4009
vn 0.5812 -0.5973 -0.5527
vn 0.6500 -0.3018 -0.6975
vn -0.2875 0.9475 -0.1403
vn 0.4426 -0.7312 -0.5190
vn 0.4504 -0.6429 -0.6195
vn -0.0600 -0.4368 -0.8975
vn 0.2230 -0.6020 -0.7667
vn -0.0431 -0.4333 -0.9002
vn 0.2526 -0.7326 -0.6320
vn 0.3233 0.8802 -0.3474
vn 0.1716 -0.6798 -0.7130
vn 0.4199 -0.5599 -0.7143
vn 0.4194 -0.7923 -0.4432
vn 0.4223 -0.8138 -0.3992
vn -0.5882 -0.7433 -0.3186
vn -0.8564 0.0498 -0.5138
vn -0.4852 -0.7252 0.4886
vn -0.2131 -0.8286 -0.5177
vn -0.5206 -0.6716 0.5272
vn -0.2953 -0.7672 0.5694
vn -0.2601 -0.4869 -0.8338
vn 0.8934 0.4476 -0.0384
vn -0.0022 0.8695 -0.4940
vn -0.5309 -0.6739 0.5139
vn -0.7369 -0.3421 0.5831
vn -0.6305 -0.7757 0.0271
vn 0.4170 -0.7748 -0.4751
vn -0.5350 -0.8114 0.2355
vn -0.3545 0.9145 0.1951
vn -0.8446 -0.4217 -0.3298
vn 0.5217 -0.5076 0.6857
vn -0.8623 -0.1282 0.4900
vn -0.7028 -0.5483 0.4533
vn -0.5503 -0.7199 0.4229
vn 0.3484 0.9070 -0.2367
vn -0.5427 -0.5627 0.6235
vn -0.4968 -0.6825 0.5361
vn -0.3426 -0.7922 0.5050
vn 0.7314 0.6818 -0.0156
vn 0.3800 -0.7495 -0.5421
vn -0.0373 0.9993 -0.0029
vn -0.4418 -0.7703 0.4599
vn -0.5972 -0.5107 0.6185
vn -0.4845 -0.2414 0.8408
vn -0.3429 -0.8194 0.4594
vn 0.2042 -0.7090 -0.6750
vn -0.7743 -0.6134 0.1555
vn -0.9099 0.0392 0.4129
vn -0.0367 -0.7106 0.7027
vn -0.7547 -0.4532 0.4743
vn -0.0035 -0.6262 -0.7797
vn 0.4994 -0.7629 -0.4106
vn 0.5079 -0.7123 -0.4844
vn -0.0453 -0.7267 -0.6854
vn -0.6802 -0.6405 -0.3566
vn 0.5655 -0.7614 -0.3169
vn 0.4596 -0.8009 -0.3839
vn -0.9349 -0.1014 -0.3400
vn 0.5271 -0.7064 -0.4724
vn 0.5017 -0.7154 -0.4864
vn 0.2223 -0.7719 -0.5956
vn 0.6191 -0.7100 0.3357
vn -0.8197 -0.5410 0.1884
vn -0.5581 -0.8192 0.1321
vn 0.1663 0.9804 0.1055
vn 0.5043 -0.7115 0.4893
vn -0.2900 -0.7410 -0.6056
vn 0.1359 0.9890 0.0577
vn 0.4188 -0.6879 0.5928
vn 0.5048 -0.7270 0.4655
vn 0.6503 -0.7539 0.0932
vn 0.6178 -0.7537 0.2240
vn -0.5374 -0.6478 0.5399
vn 0.2896 0.9271 -0.2380
vn 0.3819 -0.6039 0.6997
vn 0.5494 -0.8142 -0.1877
vn 0.5883 -0.7101 -0.3869
vn 0.4906 -0.7358 -0.4668
vn -0.6630 -0.4356 0.6088
vn 0.7120 0.2936 -0.6379
vn 0.4819 -0.7412 -0.4674
vn 0.5604 -0.8084 -0.1803
vn 0.2503 -0.7764 -0.5783
vn 0.1082 -0.7974 -0.5937
vn 0.1484 -0.7516 -0.6427
vn 0.3098 -0.4652 -0.8292
vn 0.3933 -0.7280 -0.5615
vn -0.7138 0.3338 -0.6157
vn -0.4689 -0.7990 0.3765
vn -0.4468 -0.7891 0.4215
vn -0.4515 -0.7876 0.4193
vn 0.6755 -0.5657 0.4730
vn 0.4528 -0.7365 0.5026
vn 0.4313 -0.7445 0.5096
vn 0.3243 -0.6086 0.7242
vn -0.3515 -0.7656 0.5389
vn -0.9069 -0.4167 0.0630
vn -0.6007 -0.7993 0.0160
vn 0.5992 -0.7634 -0.2411
vn -0.6380 -0.5521 -0.5367
vn 0.4217 -0.7912 -0.4429
vn -0.9103 -0.4133 -0.0236
vn -0.6944 -0.6295 0.3486
vn 0.4916 -0.7701 -0.4066
vn -0.6742 -0.6070 0.4207
vn 0.4489 -0.7510 -0.4843
vn 0.3465 -0.7391 0.5776
vn -0.6934 -0.1199 0.7105
vn -0.6759 -0.6053 0.4204
vn -0.6169 -0.7868 -0.0221
vn 0.1160 -0.7914 -0.6002
vn 0.0107 -0.6787 -0.7343
vn 0.3140 -0.6987 -0.6428
vn 0.0661 0.9278 -0.3672
vn 0.6274 -0.7621 -0.1598
vn -0.4324 -0.8563 0.2825
vn -0.5258 -0.8238 0.2120
vn 0.5460 -0.8187 -0.1778
vn -0.3739 -0.8010 0.4675
vn 0.4413 -0.7691 0.4623
vn -0.4702 -0.7488 0.4671
vn -0.4931 -0.8420 0.2190
vn -0.1649 -0.7674 -0.6196
vn 0.4977 -0.8221 -0.2764
vn -0.4102 -0.8189 0.4014
vn -0.3056 -0.8282 0.4697
vn 0.4645 -0.8492 0.2510
vn -0.7740 -0.5949 0.2168
vn 0.5875 -0.7490 0.3064
vn 0.2416 -0.7884 -0.5658
vn 0.2929 -0.8013 0.5217
vn 0.2592 -0.8315 -0.4914
vn -0.5076 -0.8318 0.2247
vn 0.5335 -0.5473 -0.6449
vn -0.3869 -0.7934 -0.4699
vn -0.5493 -0.8248 -0.1344
vn -0.5150 -0.6537 0.5545
vn -0.5263 -0.8044 -0.2757
vn 0.0796 -0.8803 -0.4677
usemtl Texture
s off
f 1/1/1 2/2/1 3/3/1
f 2/4/2 1/5/2 4/6/2
f 5/7/3 6/8/3 7/9/3
f 5/10/4 8/11/4 6/12/4
f 9/13/5 10/14/5 11/15/5
f 12/16/6 9/17/6 11/18/6
f 13/19/7 14/20/7 15/21/7
f 16/22/8 10/23/8 17/24/8
f 14/25/9 18/26/9 15/27/9
f 9/28/10 17/29/10 10/30/10
f 19/31/11 20/32/11 21/33/11
f 22/34/12 23/35/12 12/36/12
f 13/37/13 24/38/13 25/39/13
f 26/40/14 23/41/14 22/42/14
f 27/43/15 20/44/15 19/45/15
f 28/46/16 12/47/16 11/48/16
f 29/49/17 30/50/17 31/51/17
f 32/52/18 29/53/18 31/54/18
f 13/55/19 15/56/19 24/57/19
f 22/58/20 12/59/20 28/60/20
f 14/61/21 13/62/21 33/63/21
f 34/64/22 35/65/22 36/66/22
f 37/67/23 38/68/23 39/69/23
f 40/70/24 41/71/24 42/72/24
f 37/73/25 43/74/25 38/75/25
f 44/76/26 45/77/26 46/78/26
f 46/79/27 45/80/27 47/81/27
f 48/82/28 34/83/28 36/84/28
f 30/85/29 49/86/29 50/87/29
f 16/88/30 51/89/30 10/90/30
f 1/91/31 3/92/31 52/93/31
f 53/94/32 24/95/32 15/96/32
f 54/97/33 38/98/33 55/99/33
f 53/100/34 56/101/34 57/102/34
f 58/103/35 4/104/35 59/105/35
f 58/106/36 59/107/36 60/108/36
f 55/109/37 38/110/37 43/111/37
f 61/112/38 59/113/38 62/114/38
f 63/115/39 64/116/39 65/117/39
f 66/118/40 65/119/40 64/120/40
f 67/121/41 68/122/41 69/123/41
f 70/124/42 71/125/42 44/126/42
f 72/127/43 73/128/43 74/129/43
f 75/130/44 76/131/44 77/132/44
f 68/133/45 67/134/45 78/135/45
f 35/136/46 34/137/46 79/138/46
f 76/139/47 80/140/47 77/141/47
f 81/142/48 82/143/48 83/144/48
f 84/145/49 72/146/49 74/147/49
f 85/148/50 86/149/50 87/150/50
f 87/151/51 86/152/51 69/153/51
f 82/154/52 81/155/52 88/156/52
f 44/157/53 71/158/53 45/159/53
f 61/160/54 60/161/54 59/162/54
f 89/163/55 8/164/55 5/165/55
f 90/166/56 84/167/56 74/168/56
f 91/169/57 56/170/57 92/171/57
f 93/172/58 94/173/58 95/174/58
f 94/175/59 93/176/59 96/177/59
f 97/178/60 98/179/60 99/180/60
f 83/181/61 100/182/61 101/183/61
f 102/184/62 103/185/62 104/186/62
f 105/187/63 106/188/63 107/189/63
f 57/190/64 56/191/64 91/192/64
f 83/193/65 101/194/65 102/195/65
f 28/196/66 108/197/66 22/198/66
f 1/199/67 109/200/67 4/201/67
f 4/202/68 109/203/68 110/204/68
f 102/205/69 101/206/69 103/207/69
f 90/208/70 111/209/70 84/210/70
f 22/211/71 108/212/71 112/213/71
f 113/214/72 114/215/72 115/216/72
f 116/217/73 117/218/73 54/219/73
f 39/220/74 118/221/74 119/222/74
f 55/223/75 120/224/75 54/225/75
f 121/226/76 122/227/76 78/228/76
f 43/229/77 37/230/77 123/231/77
f 58/232/78 2/233/78 4/234/78
f 124/235/79 113/236/79 115/237/79
f 125/238/80 126/239/80 127/240/80
f 117/241/81 116/242/81 128/243/81
f 118/244/82 129/245/82 119/246/82
f 85/247/83 130/248/83 131/249/83
f 132/250/84 133/251/84 134/252/84
f 49/253/85 30/254/85 135/255/85
f 125/256/86 127/257/86 136/258/86
f 106/259/87 105/260/87 137/261/87
f 130/262/88 85/263/88 138/264/88
f 123/265/89 55/266/89 43/267/89
f 121/268/90 78/269/90 139/270/90
f 100/271/91 140/272/91 101/273/91
f 141/274/92 142/275/92 143/276/92
f 144/277/93 70/278/93 44/279/93
f 145/280/94 146/281/94 147/282/94
f 106/283/95 52/284/95 148/285/95
f 106/286/96 1/287/96 52/288/96
f 149/289/97 92/290/97 56/291/97
f 142/292/98 150/293/98 143/294/98
f 70/295/99 144/296/99 151/297/99
f 152/298/100 31/299/100 153/300/100
f 140/301/101 100/302/101 154/303/101
f 155/304/102 145/305/102 147/306/102
f 153/307/103 31/308/103 50/309/103
f 156/310/104 24/311/104 57/312/104
f 110/313/105 59/314/105 4/315/105
f 157/316/106 158/317/106 159/318/106
f 160/319/107 161/320/107 162/321/107
f 163/322/108 164/323/108 165/324/108
f 166/325/109 167/326/109 168/327/109
f 146/328/110 169/329/110 158/330/110
f 134/331/111 170/332/111 171/333/111
f 161/334/112 90/335/112 172/336/112
f 173/337/113 174/338/113 175/339/113
f 176/340/114 177/341/114 20/342/114
f 178/343/115 179/344/115 180/345/115
f 80/346/116 173/347/116 175/348/116
f 62/349/117 181/350/117 61/351/117
f 180/352/118 182/353/118 183/354/118
f 73/355/119 184/356/119 185/357/119
f 90/358/120 186/359/120 172/360/120
f 165/361/121 164/362/121 187/363/121
f 24/364/122 53/365/122 57/366/122
f 158/367/123 169/368/123 188/369/123
f 180/370/124 189/371/124 182/372/124
f 160/373/125 190/374/125 161/375/125
f 20/376/126 191/377/126 176/378/126
f 120/379/127 116/380/127 54/381/127
f 73/382/128 72/383/128 184/384/128
f 24/385/129 156/386/129 192/387/129
f 193/388/130 168/389/130 167/390/130
f 158/391/131 194/392/131 159/393/131
f 97/394/132 99/395/132 40/396/132
f 195/397/133 76/398/133 196/399/133
f 195/400/134 173/401/134 76/402/134
f 197/403/135 198/404/135 199/405/135
f 133/406/136 170/407/136 134/408/136
f 46/409/137 47/410/137 200/411/137
f 19/412/138 201/413/138 202/414/138
f 187/415/139 164/416/139 203/417/139
f 29/418/140 204/419/140 30/420/140
f 205/421/141 206/422/141 207/423/141
f 132/424/142 208/425/142 133/426/142
f 209/427/143 210/428/143 35/429/143
f 128/430/144 211/431/144 117/432/144
f 212/433/145 30/434/145 204/435/145
f 213/436/146 214/437/146 203/438/146
f 11/439/147 10/440/147 215/441/147
f 144/442/148 216/443/148 151/444/148
f 217/445/149 218/446/149 219/447/149
f 220/448/150 209/449/150 138/450/150
f 76/451/151 173/452/151 80/453/151
f 24/454/152 221/455/152 25/456/152
f 222/457/153 223/458/153 224/459/153
f 221/460/154 225/461/154 25/462/154
f 226/463/155 195/464/155 227/465/155
f 203/466/156 214/467/156 228/468/156
f 223/469/157 229/470/157 224/471/157
f 230/472/158 151/473/158 216/474/158
f 227/475/159 195/476/159 231/477/159
f 232/478/160 233/479/160 234/480/160
f 235/481/161 75/482/161 236/483/161
f 151/484/162 205/485/162 70/486/162
f 75/487/163 77/488/163 236/489/163
f 187/490/164 203/491/164 185/492/164
f 104/493/165 103/494/165 237/495/165
f 210/496/166 238/497/166 35/498/166
f 182/499/167 199/500/167 198/501/167
f 239/502/168 206/503/168 205/504/168
f 240/505/169 12/506/169 23/507/169
f 19/508/170 241/509/170 201/510/170
f 205/511/171 151/512/171 242/513/171
f 117/514/172 211/515/172 243/516/172
f 186/517/173 74/518/173 244/519/173
f 245/520/174 246/521/174 247/522/174
f 130/523/175 248/524/175 131/525/175
f 249/526/176 69/527/176 68/528/176
f 250/529/177 251/530/177 180/531/177
f 162/532/178 161/533/178 172/534/178
f 54/535/179 117/536/179 252/537/179
f 253/538/180 102/539/180 104/540/180
f 254/541/181 255/542/181 256/543/181
f 257/544/182 72/545/182 84/546/182
f 44/547/183 46/548/183 258/549/183
f 200/550/184 259/551/184 260/552/184
f 38/553/185 54/554/185 252/555/185
f 123/556/186 261/557/186 262/558/186
f 262/559/187 20/560/187 177/561/187
f 131/562/188 248/563/188 263/564/188
f 264/565/189 76/566/189 75/567/189
f 265/568/190 266/569/190 267/570/190
f 257/571/191 84/572/191 268/573/191
f 178/574/192 180/575/192 251/576/192
f 264/577/193 196/578/193 76/579/193
f 128/580/194 120/581/194 211/582/194
f 119/583/195 123/584/195 37/585/195
f 90/586/196 74/587/196 186/588/196
f 256/589/197 255/590/197 269/591/197
f 51/592/198 167/593/198 10/594/198
f 149/595/199 270/596/199 271/597/199
f 116/598/200 120/599/200 128/600/200
f 204/601/201 272/602/201 212/603/201
f 167/604/202 51/605/202 6/606/202
f 87/607/203 69/608/203 249/609/203
f 149/610/204 271/611/204 92/612/204
f 49/613/205 273/614/205 153/615/205
f 274/616/206 113/617/206 124/618/206
f 1/619/207 137/620/207 109/621/207
f 44/622/208 258/623/208 144/624/208
f 275/625/209 276/626/209 277/627/209
f 123/628/210 119/629/210 152/630/210
f 278/631/211 261/632/211 123/633/211
f 279/634/212 234/635/212 233/636/212
f 137/637/213 1/638/213 106/639/213
f 266/640/214 280/641/214 267/642/214
f 200/643/215 47/644/215 259/645/215
f 49/646/216 281/647/216 273/648/216
f 282/649/217 264/650/217 75/651/217
f 253/652/218 104/653/218 283/654/218
f 277/655/219 284/656/219 275/657/219
f 285/658/220 286/659/220 187/660/220
f 287/661/221 164/662/221 163/663/221
f 203/664/222 164/665/222 213/666/222
f 272/667/223 113/668/223 288/669/223
f 108/670/224 28/671/224 289/672/224
f 217/673/225 290/674/225 218/675/225
f 179/676/226 178/677/226 291/678/226
f 292/679/227 293/680/227 172/681/227
f 294/682/228 107/683/228 106/684/228
f 162/685/229 172/686/229 293/687/229
f 295/688/230 16/689/230 17/690/230
f 296/691/231 32/692/231 31/693/231
f 297/694/232 104/695/232 237/696/232
f 53/697/233 298/698/233 56/699/233
f 73/700/234 185/701/234 228/702/234
f 244/703/235 214/704/235 299/705/235
f 79/706/236 34/707/236 247/708/236
f 233/709/237 232/710/237 178/711/237
f 177/712/238 176/713/238 55/714/238
f 213/715/239 164/716/239 287/717/239
f 300/718/240 301/719/240 255/720/240
f 297/721/241 237/722/241 302/723/241
f 301/724/242 303/725/242 304/726/242
f 72/727/243 257/728/243 184/729/243
f 260/730/244 305/731/244 200/732/244
f 306/733/245 16/734/245 295/735/245
f 9/736/246 307/737/246 17/738/246
f 308/739/247 309/740/247 136/741/247
f 310/742/248 217/743/248 219/744/248
f 284/745/249 311/746/249 312/747/249
f 289/748/250 28/749/250 313/750/250
f 209/751/251 79/752/251 314/753/251
f 119/754/252 296/755/252 152/756/252
f 300/757/253 255/758/253 315/759/253
f 316/760/254 317/761/254 81/762/254
f 167/763/255 6/764/255 318/765/255
f 25/766/256 310/767/256 219/768/256
f 111/769/257 305/770/257 260/771/257
f 20/772/258 155/773/258 21/774/258
f 287/775/259 163/776/259 231/777/259
f 8/778/260 89/779/260 194/780/260
f 319/781/261 320/782/261 321/783/261
f 322/784/262 127/785/262 323/786/262
f 324/787/263 325/788/263 326/789/263
f 327/790/264 193/791/264 328/792/264
f 329/793/265 58/794/265 330/795/265
f 331/796/266 332/797/266 333/798/266
f 316/799/267 334/800/267 317/801/267
f 123/802/268 177/803/268 55/804/268
f 325/805/269 335/806/269 326/807/269
f 328/808/270 8/809/270 188/810/270
f 336/811/271 87/812/271 249/813/271
f 328/814/272 193/815/272 318/816/272
f 337/817/273 288/818/273 113/819/273
f 214/820/274 244/821/274 74/822/274
f 152/823/275 296/824/275 31/825/275
f 336/826/276 338/827/276 87/828/276
f 309/829/277 308/830/277 339/831/277
f 328/832/278 6/833/278 8/834/278
f 333/835/279 340/836/279 331/837/279
f 298/838/280 341/839/280 56/840/280
f 79/841/281 209/842/281 35/843/281
f 30/844/282 50/845/282 31/846/282
f 342/847/283 85/848/283 87/849/283
f 343/850/284 288/851/284 337/852/284
f 203/853/285 228/854/285 185/855/285
f 344/856/286 178/857/286 232/858/286
f 345/859/287 346/860/287 266/861/287
f 68/862/288 78/863/288 347/864/288
f 348/865/289 94/866/289 349/867/289
f 350/868/290 351/869/290 315/870/290
f 352/871/291 353/872/291 29/873/291
f 93/874/292 354/875/292 96/876/292
f 261/877/293 278/878/293 145/879/293
f 355/880/294 356/881/294 357/882/294
f 358/883/295 359/884/295 360/885/295
f 83/886/296 82/887/296 100/888/296
f 93/889/297 142/890/297 354/891/297
f 361/892/298 362/893/298 363/894/298
f 29/895/299 353/896/299 364/897/299
f 11/898/300 223/899/300 313/900/300
f 365/901/301 273/902/301 327/903/301
f 166/904/302 229/905/302 223/906/302
f 366/907/303 367/908/303 368/909/303
f 369/910/304 216/911/304 370/912/304
f 150/913/305 371/914/305 372/915/305
f 20/916/306 27/917/306 373/918/306
f 131/919/307 263/920/307 374/921/307
f 275/922/308 269/923/308 375/924/308
f 139/925/309 376/926/309 377/927/309
f 216/928/310 355/929/310 230/930/310
f 142/931/311 93/932/311 371/933/311
f 351/934/312 300/935/312 315/936/312
f 378/937/313 339/938/313 308/939/313
f 13/940/314 25/941/314 219/942/314
f 379/943/315 371/944/315 93/945/315
f 286/946/316 165/947/316 187/948/316
f 380/949/317 269/950/317 275/951/317
f 308/952/318 381/953/318 378/954/318
f 139/955/319 377/956/319 121/957/319
f 142/958/320 371/959/320 150/960/320
f 329/961/321 382/962/321 58/963/321
f 300/964/322 324/965/322 303/966/322
f 77/967/323 383/968/323 236/969/323
f 384/970/324 347/971/324 78/972/324
f 245/973/325 247/974/325 385/975/325
f 73/976/326 228/977/326 74/978/326
f 386/979/327 387/980/327 388/981/327
f 389/982/328 390/983/328 391/984/328
f 28/985/329 11/986/329 313/987/329
f 94/988/330 392/989/330 349/990/330
f 393/991/331 332/992/331 331/993/331
f 363/994/332 362/995/332 190/996/332
f 182/997/333 394/998/333 199/999/333
f 395/1000/334 317/1001/334 396/1002/334
f 300/1003/335 351/1004/335 324/1005/335
f 381/1006/336 308/1007/336 127/1008/336
f 311/1009/337 277/1010/337 397/1011/337
f 398/1012/338 134/1013/338 171/1014/338
f 145/1015/339 273/1016/339 365/1017/339
f 88/1018/340 317/1019/340 395/1020/340
f 110/1021/341 399/1022/341 59/1023/341
f 388/1024/342 400/1025/342 386/1026/342
f 96/1027/343 354/1028/343 242/1029/343
f 234/1030/344 245/1031/344 385/1032/344
f 401/1033/345 402/1034/345 403/1035/345
f 19/1036/346 147/1037/346 241/1038/346
f 258/1039/347 370/1040/347 216/1041/347
f 145/1042/348 278/1043/348 273/1044/348
f 338/1045/349 402/1046/349 401/1047/349
f 168/1048/350 229/1049/350 166/1050/350
f 404/1051/351 339/1052/351 378/1053/351
f 171/1054/352 405/1055/352 398/1056/352
f 369/1057/353 356/1058/353 355/1059/353
f 6/1060/354 16/1061/354 7/1062/354
f 383/1063/355 77/1064/355 406/1065/355
f 407/1066/356 309/1067/356 339/1068/356
f 408/1069/357 345/1070/357 266/1071/357
f 409/1072/358 410/1073/358 411/1074/358
f 213/1075/359 287/1076/359 282/1077/359
f 412/1078/360 320/1079/360 334/1080/360
f 288/1081/361 343/1082/361 413/1083/361
f 21/1084/362 155/1085/362 147/1086/362
f 200/1087/363 414/1088/363 46/1089/363
f 223/1090/364 11/1091/364 215/1092/364
f 69/1093/365 86/1094/365 67/1095/365
f 381/1096/366 127/1097/366 322/1098/366
f 226/1099/367 173/1100/367 195/1101/367
f 121/1102/368 377/1103/368 404/1104/368
f 296/1105/369 129/1106/369 32/1107/369
f 230/1108/370 355/1109/370 415/1110/370
f 331/1111/371 416/1112/371 417/1113/371
f 343/1114/372 418/1115/372 413/1116/372
f 419/1117/373 420/1118/373 251/1119/373
f 421/1120/374 422/1121/374 423/1122/374
f 424/1123/375 173/1124/375 226/1125/375
f 425/1126/376 426/1127/376 427/1128/376
f 17/1129/377 307/1130/377 428/1131/377
f 120/1132/378 429/1133/378 211/1134/378
f 430/1135/379 171/1136/379 170/1137/379
f 300/1138/380 303/1139/380 301/1140/380
f 139/1141/381 78/1142/381 67/1143/381
f 428/1144/382 307/1145/382 431/1146/382
f 238/1147/383 432/1148/383 433/1149/383
f 434/1150/384 343/1151/384 274/1152/384
f 154/1153/385 82/1154/385 435/1155/385
f 401/1156/386 436/1157/386 437/1158/386
f 190/1159/387 414/1160/387 161/1161/387
f 438/1162/388 439/1163/388 440/1164/388
f 304/1165/389 276/1166/389 275/1167/389
f 328/1168/390 188/1169/390 169/1170/390
f 89/1171/391 5/1172/391 441/1173/391
f 442/1174/392 71/1175/392 443/1176/392
f 305/1177/393 414/1178/393 200/1179/393
f 417/1180/394 416/1181/394 444/1182/394
f 341/1183/395 445/1184/395 446/1185/395
f 447/1186/396 446/1187/396 445/1188/396
f 282/1189/397 287/1190/397 264/1191/397
f 332/1192/398 438/1193/398 440/1194/398
f 404/1195/399 448/1196/399 121/1197/399
f 262/1198/400 261/1199/400 155/1200/400
f 412/1201/401 442/1202/401 443/1203/401
f 395/1204/402 435/1205/402 82/1206/402
f 449/1207/403 353/1208/403 352/1209/403
f 85/1210/404 131/1211/404 86/1212/404
f 376/1213/405 67/1214/405 374/1215/405
f 86/1216/406 374/1217/406 67/1218/406
f 314/1219/407 130/1220/407 209/1221/407
f 450/1222/408 343/1223/408 434/1224/408
f 15/1225/409 18/1226/409 451/1227/409
f 176/1228/410 452/1229/410 55/1230/410
f 166/1231/411 223/1232/411 215/1233/411
f 159/1234/412 89/1235/412 441/1236/412
f 262/1237/413 155/1238/413 20/1239/413
f 269/1240/414 255/1241/414 375/1242/414
f 453/1243/415 449/1244/415 352/1245/415
f 241/1246/416 147/1247/416 454/1248/416
f 9/1249/417 240/1250/417 307/1251/417
f 239/1252/418 242/1253/418 354/1254/418
f 455/1255/419 420/1256/419 419/1257/419
f 456/1258/420 457/1259/420 458/1260/420
f 285/1261/421 459/1262/421 286/1263/421
f 334/1264/422 320/1265/422 317/1266/422
f 311/1267/423 460/1268/423 312/1269/423
f 238/1270/424 433/1271/424 36/1272/424
f 205/1273/425 242/1274/425 239/1275/425
f 362/1276/426 414/1277/426 190/1278/426
f 98/1279/427 461/1280/427 99/1281/427
f 230/1282/428 242/1283/428 151/1284/428
f 282/1285/429 75/1286/429 299/1287/429
f 462/1288/430 143/1289/430 463/1290/430
f 448/1291/431 378/1292/431 464/1293/431
f 465/1294/432 49/1295/432 135/1296/432
f 112/1297/433 466/1298/433 467/1299/433
f 129/1300/434 296/1301/434 119/1302/434
f 29/1303/435 364/1304/435 204/1305/435
f 244/1306/436 235/1307/436 468/1308/436
f 411/1309/437 469/1310/437 427/1311/437
f 343/1312/438 337/1313/438 274/1314/438
f 61/1315/439 470/1316/439 60/1317/439
f 299/1318/440 235/1319/440 244/1320/440
f 101/1321/441 140/1322/441 103/1323/441
f 188/1324/442 8/1325/442 194/1326/442
f 471/1327/443 472/1328/443 182/1329/443
f 473/1330/444 383/1331/444 474/1332/444
f 475/1333/445 465/1334/445 476/1335/445
f 184/1336/446 283/1337/446 459/1338/446
f 307/1339/447 23/1340/447 431/1341/447
f 338/1342/448 342/1343/448 87/1344/448
f 477/1345/449 120/1346/449 452/1347/449
f 15/1348/450 451/1349/450 53/1350/450
f 349/1351/451 478/1352/451 479/1353/451
f 283/1354/452 184/1355/452 257/1356/452
f 411/1357/453 426/1358/453 480/1359/453
f 407/1360/454 481/1361/454 482/1362/454
f 384/1363/455 122/1364/455 483/1365/455
f 464/1366/456 378/1367/456 484/1368/456
f 478/1369/457 349/1370/457 485/1371/457
f 473/1372/458 486/1373/458 383/1374/458
f 487/1375/459 488/1376/459 489/1377/459
f 252/1378/460 117/1379/460 490/1380/460
f 491/1381/461 103/1382/461 492/1383/461
f 493/1384/462 494/1385/462 321/1386/462
f 359/1387/463 358/1388/463 495/1389/463
f 496/1390/464 239/1391/464 141/1392/464
f 182/1393/465 472/1394/465 394/1395/465
f 22/1396/466 497/1397/466 26/1398/466
f 463/1399/467 143/1400/467 498/1401/467
f 499/1402/468 335/1403/468 325/1404/468
f 55/1405/469 452/1406/469 120/1407/469
f 429/1408/470 286/1409/470 302/1410/470
f 384/1411/471 78/1412/471 122/1413/471
f 286/1414/472 297/1415/472 302/1416/472
f 302/1417/473 243/1418/473 211/1419/473
f 23/1420/474 66/1421/474 500/1422/474
f 284/1423/475 380/1424/475 275/1425/475
f 349/1426/476 479/1427/476 499/1428/476
f 239/1429/477 496/1430/477 206/1431/477
f 298/1432/478 290/1433/478 217/1434/478
f 284/1435/479 312/1436/479 380/1437/479
f 500/1438/480 431/1439/480 23/1440/480
f 14/1441/481 501/1442/481 502/1443/481
f 237/1444/482 243/1445/482 302/1446/482
f 396/1447/483 320/1448/483 319/1449/483
f 503/1450/484 504/1451/484 443/1452/484
f 341/1453/485 298/1454/485 217/1455/485
f 479/1456/486 505/1457/486 499/1458/486
f 188/1459/487 194/1460/487 158/1461/487
f 65/1462/488 26/1463/488 497/1464/488
f 65/1465/489 497/1466/489 506/1467/489
f 230/1468/490 96/1469/490 242/1470/490
f 204/1471/491 507/1472/491 272/1473/491
f 508/1474/492 509/1475/492 510/1476/492
f 320/1477/493 412/1478/493 511/1479/493
f 465/1480/494 512/1481/494 476/1482/494
f 389/1483/495 391/1484/495 513/1485/495
f 255/1486/496 301/1487/496 375/1488/496
f 490/1489/497 117/1490/497 514/1491/497
f 18/1492/498 14/1493/498 515/1494/498
f 207/1495/499 503/1496/499 443/1497/499
f 516/1498/500 508/1499/500 510/1500/500
f 493/1501/501 517/1502/501 494/1503/501
f 518/1504/502 469/1505/502 411/1506/502
f 225/1507/503 445/1508/503 217/1509/503
f 215/1510/504 10/1511/504 167/1512/504
f 519/1513/505 408/1514/505 520/1515/505
f 408/1516/506 266/1517/506 520/1518/506
f 283/1519/507 104/1520/507 297/1521/507
f 51/1522/508 16/1523/508 6/1524/508
f 507/1525/509 113/1526/509 272/1527/509
f 468/1528/510 235/1529/510 236/1530/510
f 338/1531/511 401/1532/511 342/1533/511
f 367/1534/512 521/1535/512 368/1536/512
f 522/1537/513 523/1538/513 524/1539/513
f 525/1540/514 526/1541/514 527/1542/514
f 305/1543/515 111/1544/515 90/1545/515
f 528/1546/516 527/1547/516 526/1548/516
f 524/1549/517 529/1550/517 522/1551/517
f 530/1552/518 238/1553/518 531/1554/518
f 272/1555/519 288/1556/519 532/1557/519
f 183/1558/520 533/1559/520 534/1560/520
f 453/1561/521 535/1562/521 449/1563/521
f 459/1564/522 283/1565/522 297/1566/522
f 536/1567/523 428/1568/523 537/1569/523
f 237/1570/524 103/1571/524 491/1572/524
f 433/1573/525 538/1574/525 539/1575/525
f 540/1576/526 232/1577/526 541/1578/526
f 542/1579/527 63/1580/527 543/1581/527
f 466/1582/528 256/1583/528 467/1584/528
f 294/1585/529 106/1586/529 148/1587/529
f 527/1588/530 544/1589/530 545/1590/530
f 546/1591/531 534/1592/531 533/1593/531
f 156/1594/532 57/1595/532 547/1596/532
f 534/1597/533 250/1598/533 183/1599/533
f 77/1600/534 80/1601/534 548/1602/534
f 549/1603/535 480/1604/535 426/1605/535
f 550/1606/536 386/1607/536 551/1608/536
f 217/1609/537 445/1610/537 341/1611/537
f 552/1612/538 553/1613/538 424/1614/538
f 554/1615/539 555/1616/539 556/1617/539
f 356/1618/540 369/1619/540 557/1620/540
f 185/1621/541 184/1622/541 285/1623/541
f 558/1624/542 549/1625/542 559/1626/542
f 46/1627/543 414/1628/543 362/1629/543
f 294/1630/544 148/1631/544 98/1632/544
f 119/1633/545 37/1634/545 39/1635/545
f 560/1636/546 561/1637/546 562/1638/546
f 563/1639/547 564/1640/547 457/1641/547
f 202/1642/548 565/1643/548 444/1644/548
f 417/1645/549 444/1646/549 565/1647/549
f 17/1648/550 428/1649/550 295/1650/550
f 566/1651/551 61/1652/551 132/1653/551
f 442/1654/552 334/1655/552 316/1656/552
f 539/1657/553 538/1658/553 567/1659/553
f 568/1660/554 556/1661/554 555/1662/554
f 532/1663/555 212/1664/555 272/1665/555
f 430/1666/556 41/1667/556 569/1668/556
f 196/1669/557 264/1670/557 287/1671/557
f 215/1672/558 167/1673/558 166/1674/558
f 112/1675/559 108/1676/559 466/1677/559
f 570/1678/560 306/1679/560 571/1680/560
f 129/1681/561 352/1682/561 32/1683/561
f 135/1684/562 212/1685/562 465/1686/562
f 374/1687/563 263/1688/563 572/1689/563
f 509/1690/564 490/1691/564 510/1692/564
f 317/1693/565 320/1694/565 396/1695/565
f 352/1696/566 129/1697/566 118/1698/566
f 481/1699/567 573/1700/567 482/1701/567
f 299/1702/568 213/1703/568 282/1704/568
f 506/1705/569 397/1706/569 574/1707/569
f 545/1708/570 544/1709/570 575/1710/570
f 556/1711/571 424/1712/571 226/1713/571
f 420/1714/572 455/1715/572 576/1716/572
f 130/1717/573 314/1718/573 248/1719/573
f 234/1720/574 541/1721/574 232/1722/574
f 57/1723/575 91/1724/575 547/1725/575
f 361/1726/576 370/1727/576 577/1728/576
f 405/1729/577 521/1730/577 578/1731/577
f 579/1732/578 580/1733/578 581/1734/578
f 582/1735/579 583/1736/579 584/1737/579
f 237/1738/580 491/1739/580 585/1740/580
f 174/1741/581 424/1742/581 553/1743/581
f 386/1744/582 586/1745/582 551/1746/582
f 185/1747/583 285/1748/583 187/1749/583
f 338/1750/584 587/1751/584 402/1752/584
f 557/1753/585 369/1754/585 588/1755/585
f 589/1756/586 590/1757/586 591/1758/586
f 398/1759/587 405/1760/587 578/1761/587
f 424/1762/588 556/1763/588 592/1764/588
f 80/1765/589 593/1766/589 548/1767/589
f 413/1768/590 395/1769/590 396/1770/590
f 559/1771/591 549/1772/591 426/1773/591
f 263/1774/592 594/1775/592 595/1776/592
f 459/1777/593 297/1778/593 286/1779/593
f 49/1780/594 465/1781/594 475/1782/594
f 395/1783/595 418/1784/595 435/1785/595
f 403/1786/596 596/1787/596 401/1788/596
f 41/1789/597 368/1790/597 521/1791/597
f 193/1792/598 167/1793/598 318/1794/598
f 566/1795/599 470/1796/599 61/1797/599
f 597/1798/600 598/1799/600 599/1800/600
f 226/1801/601 227/1802/601 556/1803/601
f 470/1804/602 330/1805/602 60/1806/602
f 146/1807/603 145/1808/603 365/1809/603
f 569/1810/604 41/1811/604 521/1812/604
f 111/1813/605 260/1814/605 600/1815/605
f 236/1816/606 383/1817/606 486/1818/606
f 601/1819/607 602/1820/607 550/1821/607
f 111/1822/608 600/1823/608 84/1824/608
f 428/1825/609 603/1826/609 537/1827/609
f 139/1828/610 67/1829/610 376/1830/610
f 604/1831/611 357/1832/611 356/1833/611
f 361/1834/612 577/1835/612 362/1836/612
f 50/1837/613 49/1838/613 153/1839/613
f 336/1840/614 587/1841/614 338/1842/614
f 605/1843/615 484/1844/615 322/1845/615
f 581/1846/616 606/1847/616 579/1848/616
f 16/1849/617 306/1850/617 7/1851/617
f 310/1852/618 225/1853/618 217/1854/618
f 342/1855/619 401/1856/619 437/1857/619
f 590/1858/620 471/1859/620 591/1860/620
f 323/1861/621 126/1862/621 191/1863/621
f 46/1864/622 362/1865/622 577/1866/622
f 561/1867/623 607/1868/623 562/1869/623
f 236/1870/624 486/1871/624 608/1872/624
f 609/1873/625 594/1874/625 263/1875/625
f 176/1876/626 191/1877/626 126/1878/626
f 210/1879/627 531/1880/627 238/1881/627
f 610/1882/628 582/1883/628 584/1884/628
f 433/1885/629 48/1886/629 36/1887/629
f 214/1888/630 213/1889/630 299/1890/630
f 571/1891/631 306/1892/631 295/1893/631
f 526/1894/632 611/1895/632 523/1896/632
f 523/1897/633 522/1898/633 526/1899/633
f 433/1900/634 612/1901/634 48/1902/634
f 340/1903/635 416/1904/635 331/1905/635
f 279/1906/636 245/1907/636 234/1908/636
f 531/1909/637 613/1910/637 614/1911/637
f 154/1912/638 615/1913/638 616/1914/638
f 412/1915/639 334/1916/639 442/1917/639
f 617/1918/640 256/1919/640 466/1920/640
f 207/1921/641 443/1922/641 71/1923/641
f 238/1924/642 618/1925/642 432/1926/642
f 388/1927/643 619/1928/643 400/1929/643
f 316/1930/644 47/1931/644 442/1932/644
f 360/1933/645 359/1934/645 620/1935/645
f 610/1936/646 584/1937/646 533/1938/646
f 250/1939/647 180/1940/647 183/1941/647
f 568/1942/648 555/1943/648 594/1944/648
f 518/1945/649 621/1946/649 469/1947/649
f 567/1948/650 456/1949/650 458/1950/650
f 418/1951/651 395/1952/651 413/1953/651
f 12/1954/652 240/1955/652 9/1956/652
f 331/1957/653 417/1958/653 393/1959/653
f 238/1960/654 36/1961/654 35/1962/654
f 600/1963/655 268/1964/655 84/1965/655
f 254/1966/656 315/1967/656 255/1968/656
f 146/1969/657 365/1970/657 169/1971/657
f 455/1972/658 419/1973/658 552/1974/658
f 613/1975/659 531/1976/659 220/1977/659
f 123/1978/660 262/1979/660 177/1980/660
f 23/1981/661 65/1982/661 66/1983/661
f 56/1984/662 341/1985/662 149/1986/662
f 622/1987/663 407/1988/663 623/1989/663
f 533/1990/664 624/1991/664 610/1992/664
f 502/1993/665 353/1994/665 625/1995/665
f 152/1996/666 278/1997/666 123/1998/666
f 483/1999/667 122/2000/667 527/2001/667
f 253/2002/668 83/2003/668 102/2004/668
f 492/2005/669 103/2006/669 140/2007/669
f 205/2008/670 207/2009/670 71/2010/670
f 47/2011/671 45/2012/671 442/2013/671
f 435/2014/672 418/2015/672 343/2016/672
f 154/2017/673 100/2018/673 82/2019/673
f 136/2020/674 309/2021/674 125/2022/674
f 432/2023/675 425/2024/675 538/2025/675
f 424/2026/676 174/2027/676 173/2028/676
f 592/2029/677 455/2030/677 552/2031/677
f 614/2032/678 558/2033/678 531/2034/678
f 623/2035/679 407/2036/679 339/2037/679
f 413/2038/680 396/2039/680 319/2040/680
f 535/2041/681 453/2042/681 516/2043/681
f 355/2044/682 216/2045/682 369/2046/682
f 303/2047/683 626/2048/683 627/2049/683
f 615/2050/684 435/2051/684 450/2052/684
f 79/2053/685 247/2054/685 246/2055/685
f 576/2056/686 568/2057/686 594/2058/686
f 628/2059/687 499/2060/687 325/2061/687
f 629/2062/688 232/2063/688 540/2064/688
f 623/2065/689 404/2066/689 630/2067/689
f 422/2068/690 631/2069/690 632/2070/690
f 605/2071/691 322/2072/691 633/2073/691
f 154/2074/692 616/2075/692 140/2076/692
f 634/2077/693 635/2078/693 410/2079/693
f 636/2080/694 489/2081/694 580/2082/694
f 490/2083/695 637/2084/695 510/2085/695
f 278/2086/696 152/2087/696 153/2088/696
f 430/2089/697 42/2090/697 41/2091/697
f 354/2092/698 142/2093/698 141/2094/698
f 446/2095/699 149/2096/699 341/2097/699
f 410/2098/700 638/2099/700 634/2100/700
f 639/2101/701 390/2102/701 388/2103/701
f 311/2104/702 397/2105/702 506/2106/702
f 443/2107/703 511/2108/703 412/2109/703
f 569/2110/704 171/2111/704 430/2112/704
f 640/2113/705 416/2114/705 641/2115/705
f 642/2116/706 643/2117/706 644/2118/706
f 379/2119/707 350/2120/707 315/2121/707
f 645/2122/708 108/2123/708 289/2124/708
f 405/2125/709 569/2126/709 521/2127/709
f 180/2128/710 179/2129/710 189/2130/710
f 425/2131/711 432/2132/711 618/2133/711
f 419/2134/712 534/2135/712 552/2136/712
f 538/2137/713 425/2138/713 456/2139/713
f 212/2140/714 532/2141/714 465/2142/714
f 354/2143/715 141/2144/715 239/2145/715
f 373/2146/716 640/2147/716 633/2148/716
f 539/2149/717 612/2150/717 433/2151/717
f 390/2152/718 639/2153/718 391/2154/718
f 617/2155/719 372/2156/719 256/2157/719
f 381/2158/720 484/2159/720 378/2160/720
f 534/2161/721 419/2162/721 250/2163/721
f 339/2164/722 404/2165/722 623/2166/722
f 324/2167/723 626/2168/723 303/2169/723
f 306/2170/724 5/2171/724 7/2172/724
f 646/2173/725 409/2174/725 647/2175/725
f 27/2176/726 416/2177/726 640/2178/726
f 605/2179/727 633/2180/727 640/2181/727
f 501/2182/728 620/2183/728 502/2184/728
f 448/2185/729 404/2186/729 378/2187/729
f 332/2188/730 440/2189/730 333/2190/730
f 82/2191/731 88/2192/731 395/2193/731
f 527/2194/732 545/2195/732 525/2196/732
f 544/2197/733 527/2198/733 122/2199/733
f 257/2200/734 268/2201/734 253/2202/734
f 544/2203/735 280/2204/735 575/2205/735
f 265/2206/736 484/2207/736 605/2208/736
f 648/2209/737 649/2210/737 579/2211/737
f 650/2212/738 651/2213/738 582/2214/738
f 638/2215/739 178/2216/739 634/2217/739
f 652/2218/740 653/2219/740 654/2220/740
f 496/2221/741 141/2222/741 143/2223/741
f 571/2224/742 295/2225/742 655/2226/742
f 184/2227/743 459/2228/743 285/2229/743
f 645/2230/744 289/2231/744 656/2232/744
f 458/2233/745 564/2234/745 421/2235/745
f 602/2236/746 387/2237/746 386/2238/746
f 326/2239/747 626/2240/747 324/2241/747
f 375/2242/748 304/2243/748 275/2244/748
f 229/2245/749 512/2246/749 224/2247/749
f 657/2248/750 658/2249/750 478/2250/750
f 659/2251/751 457/2252/751 469/2253/751
f 138/2254/752 437/2255/752 220/2256/752
f 422/2257/753 632/2258/753 423/2259/753
f 586/2260/754 660/2261/754 661/2262/754
f 573/2263/755 662/2264/755 482/2265/755
f 457/2266/756 564/2267/756 458/2268/756
f 663/2269/757 653/2270/757 652/2271/757
f 301/2272/758 304/2273/758 375/2274/758
f 551/2275/759 586/2276/759 661/2277/759
f 664/2278/760 363/2279/760 190/2280/760
f 500/2281/761 66/2282/761 665/2283/761
f 666/2284/762 667/2285/762 616/2286/762
f 420/2287/763 279/2288/763 251/2289/763
f 643/2290/764 493/2291/764 503/2292/764
f 640/2293/765 373/2294/765 27/2295/765
f 219/2296/766 218/2297/766 501/2298/766
f 379/2299/767 254/2300/767 371/2301/767
f 658/2302/768 668/2303/768 478/2304/768
f 669/2305/769 392/2306/769 94/2307/769
f 196/2308/770 287/2309/770 231/2310/770
f 265/2311/771 464/2312/771 484/2313/771
f 198/2314/772 183/2315/772 182/2316/772
f 670/2317/773 603/2318/773 428/2319/773
f 531/2320/774 558/2321/774 530/2322/774
f 268/2323/775 671/2324/775 253/2325/775
f 615/2326/776 666/2327/776 616/2328/776
f 568/2329/777 576/2330/777 455/2331/777
f 654/2332/778 672/2333/778 590/2334/778
f 442/2335/779 45/2336/779 71/2337/779
f 671/2338/780 83/2339/780 253/2340/780
f 673/2341/781 674/2342/781 675/2343/781
f 327/2344/782 328/2345/782 169/2346/782
f 671/2347/783 81/2348/783 83/2349/783
f 305/2350/784 161/2351/784 414/2352/784
f 210/2353/785 209/2354/785 220/2355/785
f 321/2356/786 511/2357/786 493/2358/786
f 86/2359/787 131/2360/787 374/2361/787
f 676/2362/788 231/2363/788 677/2364/788
f 664/2365/789 190/2366/789 160/2367/789
f 511/2368/790 321/2369/790 320/2370/790
f 365/2371/791 327/2372/791 169/2373/791
f 204/2374/792 364/2375/792 507/2376/792
f 223/2377/793 222/2378/793 313/2379/793
f 669/2380/794 96/2381/794 230/2382/794
f 186/2383/795 244/2384/795 292/2385/795
f 665/2386/796 66/2387/796 64/2388/796
f 678/2389/797 679/2390/797 624/2391/797
f 643/2392/798 503/2393/798 462/2394/798
f 650/2395/799 582/2396/799 680/2397/799
f 510/2398/800 566/2399/800 132/2400/800
f 666/2401/801 615/2402/801 450/2403/801
f 655/2404/802 295/2405/802 536/2406/802
f 254/2407/803 379/2408/803 315/2409/803
f 476/2410/804 512/2411/804 229/2412/804
f 280/2413/805 266/2414/805 575/2415/805
f 558/2416/806 559/2417/806 530/2418/806
f 677/2419/807 231/2420/807 163/2421/807
f 532/2422/808 681/2423/808 465/2424/808
f 302/2425/809 211/2426/809 429/2427/809
f 219/2428/810 33/2429/810 13/2430/810
f 85/2431/811 437/2432/811 138/2433/811
f 277/2434/812 276/2435/812 682/2436/812
f 678/2437/813 624/2438/813 197/2439/813
f 170/2440/814 133/2441/814 399/2442/814
f 114/2443/815 113/2444/815 507/2445/815
f 683/2446/816 38/2447/816 252/2448/816
f 674/2449/817 684/2450/817 675/2451/817
f 388/2452/818 382/2453/818 639/2454/818
f 30/2455/819 212/2456/819 135/2457/819
f 323/2458/820 127/2459/820 126/2460/820
f 5/2461/821 306/2462/821 570/2463/821
f 207/2464/822 206/2465/822 503/2466/822
f 541/2467/823 234/2468/823 385/2469/823
f 251/2470/824 279/2471/824 233/2472/824
f 244/2473/825 468/2474/825 292/2475/825
f 90/2476/826 161/2477/826 305/2478/826
f 144/2479/827 258/2480/827 216/2481/827
f 510/2482/828 132/2483/828 398/2484/828
f 351/2485/829 325/2486/829 324/2487/829
f 5/2488/830 570/2489/830 441/2490/830
f 229/2491/831 168/2492/831 476/2493/831
f 195/2494/832 196/2495/832 231/2496/832
f 685/2497/833 686/2498/833 687/2499/833
f 438/2500/834 688/2501/834 689/2502/834
f 303/2503/835 690/2504/835 304/2505/835
f 393/2506/836 691/2507/836 684/2508/836
f 692/2509/837 674/2510/837 673/2511/837
f 689/2512/838 693/2513/838 438/2514/838
f 684/2515/839 691/2516/839 694/2517/839
f 674/2518/840 393/2519/840 684/2520/840
f 189/2521/841 471/2522/841 182/2523/841
f 113/2524/842 274/2525/842 337/2526/842
f 33/2527/843 219/2528/843 501/2529/843
f 695/2530/844 590/2531/844 672/2532/844
f 690/2533/845 276/2534/845 304/2535/845
f 398/2536/846 132/2537/846 134/2538/846
f 279/2539/847 420/2540/847 246/2541/847
f 322/2542/848 484/2543/848 381/2544/848
f 539/2545/849 458/2546/849 421/2547/849
f 696/2548/850 107/2549/850 294/2550/850
f 350/2551/851 325/2552/851 351/2553/851
f 246/2554/852 248/2555/852 314/2556/852
f 328/2557/853 318/2558/853 6/2559/853
f 281/2560/854 476/2561/854 168/2562/854
f 553/2563/855 552/2564/855 546/2565/855
f 534/2566/856 546/2567/856 552/2568/856
f 422/2569/857 697/2570/857 631/2571/857
f 572/2572/858 630/2573/858 404/2574/858
f 513/2575/859 698/2576/859 699/2577/859
f 220/2578/860 700/2579/860 613/2580/860
f 307/2581/861 240/2582/861 23/2583/861
f 246/2584/862 576/2585/862 609/2586/862
f 117/2587/863 701/2588/863 514/2589/863
f 686/2590/864 702/2591/864 687/2592/864
f 559/2593/865 426/2594/865 425/2595/865
f 633/2596/866 191/2597/866 373/2598/866
f 34/2599/867 48/2600/867 703/2601/867
f 495/2602/868 358/2603/868 704/2604/868
f 179/2605/869 647/2606/869 705/2607/869
f 299/2608/870 75/2609/870 235/2610/870
f 656/2611/871 143/2612/871 150/2613/871
f 662/2614/872 125/2615/872 482/2616/872
f 706/2617/873 3/2618/873 2/2619/873
f 292/2620/874 172/2621/874 186/2622/874
f 58/2623/875 60/2624/875 330/2625/875
f 707/2626/876 708/2627/876 709/2628/876
f 191/2629/877 20/2630/877 373/2631/877
f 243/2632/878 237/2633/878 585/2634/878
f 710/2635/879 107/2636/879 696/2637/879
f 711/2638/880 270/2639/880 446/2640/880
f 712/2641/881 137/2642/881 105/2643/881
f 147/2644/882 146/2645/882 454/2646/882
f 467/2647/883 256/2648/883 269/2649/883
f 713/2650/884 714/2651/884 715/2652/884
f 122/2653/885 121/2654/885 544/2655/885
f 175/2656/886 174/2657/886 716/2658/886
f 697/2659/887 422/2660/887 717/2661/887
f 52/2662/888 461/2663/888 148/2664/888
f 718/2665/889 199/2666/889 719/2667/889
f 695/2668/890 720/2669/890 590/2670/890
f 583/2671/891 593/2672/891 716/2673/891
f 471/2674/892 189/2675/892 591/2676/892
f 48/2677/893 612/2678/893 703/2679/893
f 392/2680/894 669/2681/894 415/2682/894
f 397/2683/895 277/2684/895 721/2685/895
f 697/2686/896 563/2687/896 659/2688/896
f 252/2689/897 490/2690/897 509/2691/897
f 701/2692/898 243/2693/898 585/2694/898
f 588/2695/899 369/2696/899 370/2697/899
f 367/2698/900 722/2699/900 625/2700/900
f 450/2701/901 435/2702/901 343/2703/901
f 454/2704/902 146/2705/902 158/2706/902
f 425/2707/903 427/2708/903 456/2709/903
f 723/2710/904 473/2711/904 474/2712/904
f 724/2713/905 63/2714/905 65/2715/905
f 725/2716/906 710/2717/906 696/2718/906
f 600/2719/907 671/2720/907 268/2721/907
f 604/2722/908 726/2723/908 357/2724/908
f 727/2725/909 694/2726/909 691/2727/909
f 346/2728/910 575/2729/910 266/2730/910
f 662/2731/911 477/2732/911 125/2733/911
f 705/2734/912 728/2735/912 179/2736/912
f 668/2737/913 708/2738/913 707/2739/913
f 600/2740/914 259/2741/914 671/2742/914
f 711/2743/915 446/2744/915 729/2745/915
f 616/2746/916 667/2747/916 492/2748/916
f 346/2749/917 545/2750/917 575/2751/917
f 421/2752/918 564/2753/918 730/2754/918
f 716/2755/919 593/2756/919 175/2757/919
f 731/2758/920 201/2759/920 241/2760/920
f 456/2761/921 427/2762/921 469/2763/921
f 47/2764/922 316/2765/922 259/2766/922
f 199/2767/923 718/2768/923 678/2769/923
f 659/2770/924 732/2771/924 697/2772/924
f 731/2773/925 241/2774/925 157/2775/925
f 733/2776/926 734/2777/926 735/2778/926
f 736/2779/927 737/2780/927 738/2781/927
f 739/2782/928 740/2783/928 741/2784/928
f 742/2785/929 743/2786/929 744/2787/929
f 745/2788/930 746/2789/930 747/2790/930
f 748/2791/931 749/2792/931 742/2793/931
f 750/2794/932 751/2795/932 748/2796/932
f 246/2797/933 420/2798/933 576/2799/933
f 752/2800/934 753/2801/934 754/2802/934
f 755/2803/935 756/2804/935 757/2805/935
f 758/2806/936 759/2807/936 760/2808/936
f 761/2809/937 762/2810/937 763/2811/937
f 764/2812/938 765/2813/938 766/2814/938
f 767/2815/939 759/2816/939 768/2817/939
f 769/2818/940 770/2819/940 756/2820/940
f 771/2821/941 768/2822/941 759/2823/941
f 772/2824/942 303/2825/942 627/2826/942
f 770/2827/943 773/2828/943 774/2829/943
f 751/2830/944 749/2831/944 748/2832/944
f 759/2833/945 775/2834/945 771/2835/945
f 776/2836/946 777/2837/946 778/2838/946
f 779/2839/947 764/2840/947 780/2841/947
f 781/2842/948 782/2843/948 783/2844/948
f 784/2845/949 785/2846/949 786/2847/949
f 787/2848/950 788/2849/950 789/2850/950
f 790/2851/951 791/2852/951 763/2853/951
f 792/2854/952 793/2855/952 794/2856/952
f 795/2857/953 763/2858/953 796/2859/953
f 777/2860/954 776/2861/954 797/2862/954
f 798/2863/955 799/2864/955 800/2865/955
f 596/2866/956 801/2867/956 802/2868/956
f 753/2869/957 752/2870/957 803/2871/957
f 804/2872/958 739/2873/958 805/2874/958
f 806/2875/959 807/2876/959 808/2877/959
f 803/2878/960 752/2879/960 809/2880/960
f 756/2881/961 774/2882/961 810/2883/961
f 745/2884/962 811/2885/962 812/2886/962
f 813/2887/963 740/2888/963 814/2889/963
f 605/2890/964 641/2891/964 333/2892/964
f 259/2893/965 81/2894/965 671/2895/965
f 812/2896/966 815/2897/966 816/2898/966
f 241/2899/967 454/2900/967 157/2901/967
f 785/2902/968 803/2903/968 817/2904/968
f 818/2905/969 819/2906/969 820/2907/969
f 821/2908/970 822/2909/970 823/2910/970
f 824/2911/971 808/2912/971 825/2913/971
f 826/2914/972 798/2915/972 827/2916/972
f 263/2917/973 595/2918/973 630/2919/973
f 828/2920/974 759/2921/974 767/2922/974
f 829/2923/975 830/2924/975 831/2925/975
f 832/2926/976 833/2927/976 780/2928/976
f 834/2929/977 760/2930/977 828/2931/977
f 786/2932/978 785/2933/978 817/2934/978
f 747/2935/979 794/2936/979 793/2937/979
f 835/2938/980 836/2939/980 776/2940/980
f 837/2941/981 760/2942/981 834/2943/981
f 838/2944/982 813/2945/982 814/2946/982
f 761/2947/983 763/2948/983 795/2949/983
f 839/2950/984 840/2951/984 827/2952/984
f 791/2953/985 790/2954/985 841/2955/985
f 842/2956/986 736/2957/986 843/2958/986
f 739/2959/987 741/2960/987 844/2961/987
f 845/2962/988 770/2963/988 769/2964/988
f 738/2965/989 784/2966/989 786/2967/989
f 841/2968/990 790/2969/990 846/2970/990
f 847/2971/991 751/2972/991 848/2973/991
f 810/2974/992 833/2975/992 849/2976/992
f 850/2977/993 851/2978/993 781/2979/993
f 481/2980/994 622/2981/994 555/2982/994
f 852/2983/995 853/2984/995 813/2985/995
f 804/2986/996 805/2987/996 854/2988/996
f 855/2989/997 856/2990/997 857/2991/997
f 787/2992/998 858/2993/998 587/2994/998
f 805/2995/999 739/2996/999 859/2997/999
f 860/2998/1000 861/2999/1000 862/3000/1000
f 863/3001/1001 842/3002/1001 843/3003/1001
f 769/3004/1002 756/3005/1002 755/3006/1002
f 283/3007/1003 257/3008/1003 253/3009/1003
f 785/3010/1004 753/3011/1004 803/3012/1004
f 864/3013/1005 865/3014/1005 771/3015/1005
f 809/3016/1006 752/3017/1006 841/3018/1006
f 859/3019/1007 739/3020/1007 844/3021/1007
f 853/3022/1008 866/3023/1008 813/3024/1008
f 112/3025/1009 867/3026/1009 22/3027/1009
f 814/3028/1010 804/3029/1010 838/3030/1010
f 868/3031/1011 869/3032/1011 870/3033/1011
f 851/3034/1012 825/3035/1012 808/3036/1012
f 702/3037/1013 871/3038/1013 687/3039/1013
f 453/3040/1014 508/3041/1014 516/3042/1014
f 791/3043/1015 796/3044/1015 763/3045/1015
f 864/3046/1016 771/3047/1016 775/3048/1016
f 872/3049/1017 734/3050/1017 873/3051/1017
f 874/3052/1018 875/3053/1018 876/3054/1018
f 877/3055/1019 878/3056/1019 766/3057/1019
f 879/3058/1020 880/3059/1020 881/3060/1020
f 828/3061/1021 760/3062/1021 759/3063/1021
f 545/3064/1022 346/3065/1022 525/3066/1022
f 709/3067/1023 882/3068/1023 883/3069/1023
f 773/3070/1024 779/3071/1024 774/3072/1024
f 683/3073/1025 352/3074/1025 118/3075/1025
f 884/3076/1026 208/3077/1026 885/3078/1026
f 830/3079/1027 824/3080/1027 825/3081/1027
f 755/3082/1028 757/3083/1028 886/3084/1028
f 887/3085/1029 888/3086/1029 889/3087/1029
f 769/3088/1030 890/3089/1030 845/3090/1030
f 735/3091/1031 891/3092/1031 733/3093/1031
f 844/3094/1032 892/3095/1032 893/3096/1032
f 892/3097/1033 894/3098/1033 895/3099/1033
f 896/3100/1034 834/3101/1034 828/3102/1034
f 897/3103/1035 898/3104/1035 816/3105/1035
f 742/3106/1036 744/3107/1036 748/3108/1036
f 899/3109/1037 743/3110/1037 900/3111/1037
f 806/3112/1038 808/3113/1038 824/3114/1038
f 118/3115/1039 38/3116/1039 683/3117/1039
f 864/3118/1040 835/3119/1040 865/3120/1040
f 770/3121/1041 774/3122/1041 756/3123/1041
f 642/3124/1042 517/3125/1042 643/3126/1042
f 848/3127/1043 751/3128/1043 795/3129/1043
f 901/3130/1044 665/3131/1044 902/3132/1044
f 775/3133/1045 835/3134/1045 864/3135/1045
f 859/3136/1046 844/3137/1046 893/3138/1046
f 903/3139/1047 904/3140/1047 905/3141/1047
f 746/3142/1048 816/3143/1048 898/3144/1048
f 263/3145/1049 630/3146/1049 572/3147/1049
f 773/3148/1050 906/3149/1050 872/3150/1050
f 859/3151/1051 893/3152/1051 907/3153/1051
f 743/3154/1052 899/3155/1052 744/3156/1052
f 62/3157/1053 908/3158/1053 181/3159/1053
f 761/3160/1054 750/3161/1054 909/3162/1054
f 910/3163/1055 911/3164/1055 857/3165/1055
f 566/3166/1056 912/3167/1056 884/3168/1056
f 779/3169/1057 872/3170/1057 873/3171/1057
f 813/3172/1058 866/3173/1058 740/3174/1058
f 789/3175/1059 857/3176/1059 787/3177/1059
f 873/3178/1060 913/3179/1060 914/3180/1060
f 915/3181/1061 916/3182/1061 917/3183/1061
f 277/3184/1062 311/3185/1062 284/3186/1062
f 918/3187/1063 919/3188/1063 920/3189/1063
f 921/3190/1064 922/3191/1064 923/3192/1064
f 638/3193/1065 410/3194/1065 646/3195/1065
f 791/3196/1066 924/3197/1066 796/3198/1066
f 826/3199/1067 799/3200/1067 798/3201/1067
f 913/3202/1068 733/3203/1068 822/3204/1068
f 888/3205/1069 921/3206/1069 889/3207/1069
f 925/3208/1070 903/3209/1070 926/3210/1070
f 780/3211/1071 766/3212/1071 878/3213/1071
f 744/3214/1072 899/3215/1072 927/3216/1072
f 588/3217/1073 370/3218/1073 361/3219/1073
f 791/3220/1074 841/3221/1074 928/3222/1074
f 863/3223/1075 929/3224/1075 842/3225/1075
f 665/3226/1076 64/3227/1076 902/3228/1076
f 769/3229/1077 755/3230/1077 930/3231/1077
f 799/3232/1078 826/3233/1078 931/3234/1078
f 932/3235/1079 358/3236/1079 933/3237/1079
f 934/3238/1080 915/3239/1080 917/3240/1080
f 821/3241/1081 935/3242/1081 852/3243/1081
f 930/3244/1082 755/3245/1082 936/3246/1082
f 773/3247/1083 770/3248/1083 937/3249/1083
f 898/3250/1084 919/3251/1084 746/3252/1084
f 853/3253/1085 934/3254/1085 866/3255/1085
f 938/3256/1086 827/3257/1086 840/3258/1086
f 773/3259/1087 939/3260/1087 906/3261/1087
f 940/3262/1088 941/3263/1088 749/3264/1088
f 942/3265/1089 928/3266/1089 841/3267/1089
f 907/3268/1090 943/3269/1090 944/3270/1090
f 945/3271/1091 889/3272/1091 946/3273/1091
f 849/3274/1092 832/3275/1092 947/3276/1092
f 581/3277/1093 770/3278/1093 845/3279/1093
f 886/3280/1094 947/3281/1094 948/3282/1094
f 825/3283/1095 851/3284/1095 850/3285/1095
f 949/3286/1096 771/3287/1096 865/3288/1096
f 897/3289/1097 950/3290/1097 951/3291/1097
f 796/3292/1098 952/3293/1098 848/3294/1098
f 821/3295/1099 852/3296/1099 838/3297/1099
f 133/3298/1100 953/3299/1100 399/3300/1100
f 902/3301/1101 64/3302/1101 954/3303/1101
f 915/3304/1102 862/3305/1102 916/3306/1102
f 781/3307/1103 783/3308/1103 934/3309/1103
f 955/3310/1104 876/3311/1104 956/3312/1104
f 920/3313/1105 957/3314/1105 894/3315/1105
f 802/3316/1106 945/3317/1106 946/3318/1106
f 265/3319/1107 605/3320/1107 333/3321/1107
f 951/3322/1108 958/3323/1108 898/3324/1108
f 913/3325/1109 822/3326/1109 914/3327/1109
f 833/3328/1110 779/3329/1110 780/3330/1110
f 360/3331/1111 358/3332/1111 704/3333/1111
f 802/3334/1112 663/3335/1112 652/3336/1112
f 485/3337/1113 349/3338/1113 726/3339/1113
f 735/3340/1114 926/3341/1114 891/3342/1114
f 630/3343/1115 622/3344/1115 623/3345/1115
f 959/3346/1116 909/3347/1116 750/3348/1116
f 208/3349/1117 960/3350/1117 133/3351/1117
f 919/3352/1118 898/3353/1118 958/3354/1118
f 961/3355/1119 847/3356/1119 962/3357/1119
f 914/3358/1120 963/3359/1120 765/3360/1120
f 359/3361/1121 495/3362/1121 964/3363/1121
f 205/3364/1122 71/3365/1122 70/3366/1122
f 893/3367/1123 895/3368/1123 943/3369/1123
f 840/3370/1124 965/3371/1124 966/3372/1124
f 926/3373/1125 939/3374/1125 925/3375/1125
f 967/3376/1126 862/3377/1126 783/3378/1126
f 750/3379/1127 795/3380/1127 751/3381/1127
f 968/3382/1128 744/3383/1128 969/3384/1128
f 700/3385/1129 437/3386/1129 436/3387/1129
f 775/3388/1130 970/3389/1130 835/3390/1130
f 931/3391/1131 971/3392/1131 799/3393/1131
f 782/3394/1132 851/3395/1132 972/3396/1132
f 781/3397/1133 934/3398/1133 853/3399/1133
f 877/3400/1134 973/3401/1134 974/3402/1134
f 760/3403/1135 837/3404/1135 975/3405/1135
f 847/3406/1136 940/3407/1136 749/3408/1136
f 976/3409/1137 802/3410/1137 946/3411/1137
f 977/3412/1138 978/3413/1138 979/3414/1138
f 64/3415/1139 649/3416/1139 954/3417/1139
f 724/3418/1140 506/3419/1140 574/3420/1140
f 831/3421/1141 823/3422/1141 822/3423/1141
f 794/3424/1142 747/3425/1142 919/3426/1142
f 980/3427/1143 981/3428/1143 738/3429/1143
f 836/3430/1144 982/3431/1144 776/3432/1144
f 809/3433/1145 846/3434/1145 983/3435/1145
f 796/3436/1146 984/3437/1146 952/3438/1146
f 985/3439/1147 637/3440/1147 566/3441/1147
f 754/3442/1148 753/3443/1148 785/3444/1148
f 927/3445/1149 986/3446/1149 987/3447/1149
f 400/3448/1150 660/3449/1150 586/3450/1150
f 510/3451/1151 912/3452/1151 566/3453/1151
f 832/3454/1152 780/3455/1152 878/3456/1152
f 364/3457/1153 114/3458/1153 507/3459/1153
f 988/3460/1154 709/3461/1154 989/3462/1154
f 990/3463/1155 921/3464/1155 923/3465/1155
f 991/3466/1156 992/3467/1156 993/3468/1156
f 96/3469/1157 669/3470/1157 94/3471/1157
f 290/3472/1158 704/3473/1158 932/3474/1158
f 939/3475/1159 735/3476/1159 906/3477/1159
f 344/3478/1160 232/3479/1160 732/3480/1160
f 646/3481/1161 291/3482/1161 638/3483/1161
f 969/3484/1162 744/3485/1162 994/3486/1162
f 958/3487/1163 920/3488/1163 919/3489/1163
f 802/3490/1164 801/3491/1164 663/3492/1164
f 995/3493/1165 698/3494/1165 992/3495/1165
f 601/3496/1166 996/3497/1166 298/3498/1166
f 335/3499/1167 499/3500/1167 505/3501/1167
f 823/3502/1168 935/3503/1168 821/3504/1168
f 945/3505/1169 887/3506/1169 889/3507/1169
f 997/3508/1170 809/3509/1170 983/3510/1170
f 758/3511/1171 998/3512/1171 999/3513/1171
f 1000/3514/1172 944/3515/1172 1001/3516/1172
f 1002/3517/1173 754/3518/1173 785/3519/1173
f 1003/3520/1174 784/3521/1174 737/3522/1174
f 738/3523/1175 786/3524/1175 980/3525/1175
f 989/3526/1176 487/3527/1176 988/3528/1176
f 1004/3529/1177 543/3530/1177 63/3531/1177
f 950/3532/1178 1005/3533/1178 961/3534/1178
f 704/3535/1179 298/3536/1179 996/3537/1179
f 602/3538/1180 386/3539/1180 550/3540/1180
f 933/3541/1181 932/3542/1181 598/3543/1181
f 698/3544/1182 1006/3545/1182 932/3546/1182
f 994/3547/1183 987/3548/1183 1007/3549/1183
f 968/3550/1184 1008/3551/1184 1009/3552/1184
f 1010/3553/1185 910/3554/1185 789/3555/1185
f 1011/3556/1186 998/3557/1186 760/3558/1186
f 948/3559/1187 947/3560/1187 1012/3561/1187
f 1013/3562/1188 1012/3563/1188 1014/3564/1188
f 344/3565/1189 1015/3566/1189 634/3567/1189
f 1016/3568/1190 811/3569/1190 745/3570/1190
f 1017/3571/1191 960/3572/1191 208/3573/1191
f 993/3574/1192 495/3575/1192 991/3576/1192
f 904/3577/1193 1018/3578/1193 905/3579/1193
f 603/3580/1194 665/3581/1194 901/3582/1194
f 1019/3583/1195 1020/3584/1195 904/3585/1195
f 636/3586/1196 1021/3587/1196 1022/3588/1196
f 487/3589/1197 489/3590/1197 636/3591/1197
f 1023/3592/1198 807/3593/1198 806/3594/1198
f 767/3595/1199 768/3596/1199 855/3597/1199
f 971/3598/1200 975/3599/1200 799/3600/1200
f 511/3601/1201 443/3602/1201 504/3603/1201
f 842/3604/1202 1024/3605/1202 737/3606/1202
f 996/3607/1203 601/3608/1203 1006/3609/1203
f 298/3610/1204 704/3611/1204 290/3612/1204
f 1024/3613/1205 1013/3614/1205 737/3615/1205
f 737/3616/1206 1013/3617/1206 1003/3618/1206
f 627/3619/1207 626/3620/1207 1025/3621/1207
f 953/3622/1208 461/3623/1208 98/3624/1208
f 1025/3625/1209 1026/3626/1209 627/3627/1209
f 911/3628/1210 855/3629/1210 857/3630/1210
f 890/3631/1211 769/3632/1211 1027/3633/1211
f 779/3634/1212 810/3635/1212 774/3636/1212
f 556/3637/1213 568/3638/1213 592/3639/1213
f 884/3640/1214 885/3641/1214 985/3642/1214
f 912/3643/1215 1028/3644/1215 885/3645/1215
f 1013/3646/1216 1014/3647/1216 1029/3648/1216
f 1030/3649/1217 1031/3650/1217 1032/3651/1217
f 1033/3652/1218 298/3653/1218 53/3654/1218
f 1034/3655/1219 920/3656/1219 1035/3657/1219
f 1036/3658/1220 970/3659/1220 775/3660/1220
f 931/3661/1221 1037/3662/1221 1038/3663/1221
f 276/3664/1222 690/3665/1222 682/3666/1222
f 891/3667/1223 905/3668/1223 733/3669/1223
f 1039/3670/1224 1040/3671/1224 980/3672/1224
f 844/3673/1225 741/3674/1225 892/3675/1225
f 912/3676/1226 985/3677/1226 1028/3678/1226
f 756/3679/1227 810/3680/1227 757/3681/1227
f 1041/3682/1228 869/3683/1228 1042/3684/1228
f 1043/3685/1229 941/3686/1229 940/3687/1229
f 666/3688/1230 450/3689/1230 434/3690/1230
f 1029/3691/1231 1000/3692/1231 1003/3693/1231
f 961/3694/1232 1044/3695/1232 847/3696/1232
f 754/3697/1233 1045/3698/1233 942/3699/1233
f 1046/3700/1234 941/3701/1234 1047/3702/1234
f 854/3703/1235 766/3704/1235 765/3705/1235
f 1005/3706/1236 1043/3707/1236 1044/3708/1236
f 1011/3709/1237 1048/3710/1237 998/3711/1237
f 1049/3712/1238 908/3713/1238 461/3714/1238
f 983/3715/1239 1050/3716/1239 1051/3717/1239
f 908/3718/1240 1049/3719/1240 99/3720/1240
f 157/3721/1241 454/3722/1241 158/3723/1241
f 41/3724/1242 99/3725/1242 368/3726/1242
f 782/3727/1243 967/3728/1243 783/3729/1243
f 793/3730/1244 1016/3731/1244 747/3732/1244
f 737/3733/1245 784/3734/1245 738/3735/1245
f 1052/3736/1246 91/3737/1246 92/3738/1246
f 1007/3739/1247 986/3740/1247 1048/3741/1247
f 739/3742/1248 804/3743/1248 814/3744/1248
f 791/3745/1249 928/3746/1249 924/3747/1249
f 991/3748/1250 388/3749/1250 387/3750/1250
f 814/3751/1251 740/3752/1251 739/3753/1251
f 1045/3754/1252 928/3755/1252 942/3756/1252
f 948/3757/1253 1012/3758/1253 1024/3759/1253
f 768/3760/1254 1053/3761/1254 1054/3762/1254
f 98/3763/1255 148/3764/1255 1055/3765/1255
f 794/3766/1256 741/3767/1256 740/3768/1256
f 99/3769/1257 461/3770/1257 908/3771/1257
f 908/3772/1258 461/3773/1258 181/3774/1258
f 1040/3775/1259 1039/3776/1259 1056/3777/1259
f 1057/3778/1260 1058/3779/1260 969/3780/1260
f 1059/3781/1261 1048/3782/1261 1011/3783/1261
f 971/3784/1262 1060/3785/1262 1058/3786/1262
f 1053/3787/1263 768/3788/1263 949/3789/1263
f 952/3790/1264 962/3791/1264 848/3792/1264
f 1044/3793/1265 1043/3794/1265 940/3795/1265
f 387/3796/1266 995/3797/1266 991/3798/1266
f 970/3799/1267 1061/3800/1267 836/3801/1267
f 939/3802/1268 1062/3803/1268 925/3804/1268
f 25/3805/1269 225/3806/1269 310/3807/1269
f 416/3808/1270 27/3809/1270 444/3810/1270
f 221/3811/1271 24/3812/1271 192/3813/1271
f 853/3814/1272 852/3815/1272 850/3816/1272
f 1000/3817/1273 1001/3818/1273 1003/3819/1273
f 109/3820/1274 1063/3821/1274 110/3822/1274
f 1064/3823/1275 1061/3824/1275 970/3825/1275
f 758/3826/1276 1065/3827/1276 759/3828/1276
f 461/3829/1277 1066/3830/1277 181/3831/1277
f 81/3832/1278 259/3833/1278 316/3834/1278
f 273/3835/1279 281/3836/1279 193/3837/1279
f 502/3838/1280 114/3839/1280 353/3840/1280
f 998/3841/1281 1048/3842/1281 999/3843/1281
f 870/3844/1282 983/3845/1282 1051/3846/1282
f 645/3847/1283 617/3848/1283 466/3849/1283
f 965/3850/1124 1032/3851/1124 966/3852/1124
f 1067/3853/1284 996/3854/1284 1068/3855/1284
f 1069/3856/1285 1070/3857/1285 869/3858/1285
f 400/3859/1286 1071/3860/1286 660/3861/1286
f 3/3862/1287 885/3863/1287 1066/3864/1287
f 918/3865/1288 741/3866/1288 794/3867/1288
f 943/3868/1289 957/3869/1289 928/3870/1289
f 936/3871/1290 948/3872/1290 929/3873/1290
f 778/3874/1291 653/3875/1291 663/3876/1291
f 19/3877/1292 444/3878/1292 27/3879/1292
f 918/3880/1293 794/3881/1293 919/3882/1293
f 966/3883/1294 1032/3884/1294 1031/3885/1294
f 966/3886/1295 1031/3887/1295 1038/3888/1295
f 1056/3889/1296 1039/3890/1296 1069/3891/1296
f 1059/3892/1297 1057/3893/1297 1007/3894/1297
f 461/3895/1298 52/3896/1298 1066/3897/1298
f 18/3898/1299 1068/3899/1299 451/3900/1299
f 630/3901/1300 595/3902/1300 622/3903/1300
f 1002/3904/1301 1003/3905/1301 1001/3906/1301
f 1059/3907/1302 1007/3908/1302 1048/3909/1302
f 914/3910/1303 765/3911/1303 873/3912/1303
f 1013/3913/1304 1029/3914/1304 1003/3915/1304
f 885/3916/1305 706/3917/1305 991/3918/1305
f 999/3919/1306 1048/3920/1306 986/3921/1306
f 495/3922/1307 366/3923/1307 1017/3924/1307
f 1028/3925/1308 885/3926/1308 991/3927/1308
f 740/3928/1309 792/3929/1309 794/3930/1309
f 938/3931/1310 1037/3932/1310 826/3933/1310
f 1069/3934/1311 1039/3935/1311 1070/3936/1311
f 1045/3937/1312 943/3938/1312 928/3939/1312
f 1070/3940/1313 870/3941/1313 869/3942/1313
f 1058/3943/1314 1057/3944/1314 1059/3945/1314
f 18/3946/1315 1067/3947/1315 1068/3948/1315
f 1072/3949/1316 1064/3950/1316 1036/3951/1316
f 515/3952/1317 1067/3953/1317 18/3954/1317
f 1008/3955/1318 1058/3956/1318 1060/3957/1318
f 1009/3958/1319 1008/3959/1319 1060/3960/1319
f 1028/3961/1320 495/3962/1320 1017/3963/1320
f 957/3964/1321 1034/3965/1321 928/3966/1321
f 52/3967/1322 3/3968/1322 1066/3969/1322
f 1040/3970/1323 1056/3971/1323 675/3972/1323
f 871/3973/1324 855/3974/1324 768/3975/1324
f 1051/3976/1325 1032/3977/1325 965/3978/1325
f 754/3979/1326 1001/3980/1326 1045/3981/1326
f 1060/3982/1327 1038/3983/1327 1009/3984/1327
f 1033/3985/1328 53/3986/1328 451/3987/1328
f 1051/3988/1329 965/3989/1329 870/3990/1329
f 766/3991/1330 854/3992/1330 973/3993/1330
f 1033/3994/1331 451/3995/1331 1068/3996/1331
f 148/3997/1332 461/3998/1332 1055/3999/1332
f 559/4000/1333 425/4001/1333 618/4002/1333
f 722/4003/1334 1067/4004/1334 515/4005/1334
f 495/4006/1335 1067/4007/1335 722/4008/1335
f 1072/4009/1336 1036/4010/1336 999/4011/1336
f 1073/4012/1337 591/4013/1337 887/4014/1337
f 783/4015/1338 915/4016/1338 934/4017/1338
f 1074/4018/1339 1075/4019/1339 1010/4020/1339
f 1002/4021/1340 1001/4022/1340 754/4023/1340
f 706/4024/1341 885/4025/1341 3/4026/1341
f 766/4027/1342 973/4028/1342 877/4029/1342
f 1076/4030/1343 923/4031/1343 1077/4032/1343
f 1012/4033/1344 1013/4034/1344 1024/4035/1344
f 985/4036/1345 885/4037/1345 1028/4038/1345
f 1064/4039/1346 1078/4040/1346 1079/4041/1346
f 1070/4042/1347 983/4043/1347 870/4044/1347
f 1028/4045/1348 1017/4046/1348 885/4047/1348
f 544/4048/1349 121/4049/1349 267/4050/1349
f 830/4051/1350 825/4052/1350 850/4053/1350
f 910/4054/1351 857/4055/1351 789/4056/1351
f 986/4057/1352 1072/4058/1352 999/4059/1352
f 1036/4060/1353 1064/4061/1353 970/4062/1353
f 960/4063/1354 1017/4064/1354 368/4065/1354
f 1080/4066/1355 1053/4067/1355 949/4068/1355
f 966/4069/1356 1038/4070/1356 1037/4071/1356
f 629/4072/1357 631/4073/1357 697/4074/1357
f 578/4075/1358 521/4076/1358 367/4077/1358
f 659/4078/1359 563/4079/1359 457/4080/1359
f 629/4081/1360 540/4082/1360 631/4083/1360
f 178/4084/1361 344/4085/1361 634/4086/1361
f 1047/4087/1362 486/4088/1362 473/4089/1362
f 1031/4090/1363 1009/4091/1363 1038/4092/1363
f 199/4093/1364 678/4094/1364 197/4095/1364
f 722/4096/1365 366/4097/1365 495/4098/1365
f 1032/4099/1366 1051/4100/1366 1030/4101/1366
f 1001/4102/1367 944/4103/1367 1045/4104/1367
f 1081/4105/1368 1023/4106/1368 1082/4107/1368
f 1058/4108/1369 1059/4109/1369 1011/4110/1369
f 1034/4111/1370 1035/4112/1370 984/4113/1370
f 1006/4114/1371 602/4115/1371 1068/4116/1371
f 382/4117/1372 2/4118/1372 58/4119/1372
f 1066/4120/1373 208/4121/1373 181/4122/1373
f 208/4123/1374 1066/4124/1374 885/4125/1374
f 419/4126/1375 251/4127/1375 250/4128/1375
f 388/4129/1376 991/4130/1376 706/4131/1376
f 1038/4132/1377 1060/4133/1377 931/4134/1377
f 779/4135/1378 873/4136/1378 764/4137/1378
f 1057/4138/1379 994/4139/1379 1007/4140/1379
f 99/4141/1380 960/4142/1380 368/4143/1380
f 1083/4144/1381 98/4145/1381 956/4146/1381
f 1008/4147/1382 969/4148/1382 1058/4149/1382
f 1051/4150/1383 1050/4151/1383 1030/4152/1383
f 851/4153/1384 782/4154/1384 781/4155/1384
f 971/4156/1385 931/4157/1385 1060/4158/1385
f 810/4159/1386 779/4160/1386 833/4161/1386
f 941/4162/1387 1043/4163/1387 1084/4164/1387
f 1006/4165/1388 1068/4166/1388 996/4167/1388
f 966/4168/1389 1037/4169/1389 938/4170/1389
f 1061/4171/1390 1085/4172/1390 836/4173/1390
f 961/4174/1391 1005/4175/1391 1044/4176/1391
f 962/4177/1392 951/4178/1392 961/4179/1392
f 722/4180/1393 14/4181/1393 625/4182/1393
f 1086/4183/1394 1087/4184/1394 1088/4185/1394
f 971/4186/1395 1058/4187/1395 1011/4188/1395
f 884/4189/1396 885/4190/1396 1017/4191/1396
f 896/4192/1397 828/4193/1397 911/4194/1397
f 790/4195/1398 763/4196/1398 846/4197/1398
f 870/4198/1399 965/4199/1399 868/4200/1399
f 976/4201/1400 946/4202/1400 1089/4203/1400
f 999/4204/1401 1036/4205/1401 758/4206/1401
f 1068/4207/1402 602/4208/1402 601/4209/1402
f 1020/4210/1403 806/4211/1403 1018/4212/1403
f 908/4213/1404 1055/4214/1404 461/4215/1404
f 1033/4216/1405 1068/4217/1405 601/4218/1405
f 946/4219/1406 921/4220/1406 1089/4221/1406
f 972/4222/1407 808/4223/1407 807/4224/1407
f 957/4225/1408 920/4226/1408 1034/4227/1408
f 941/4228/1409 1046/4229/1409 749/4230/1409
f 602/4231/1410 1006/4232/1410 995/4233/1410
f 1028/4234/1411 991/4235/1411 495/4236/1411
f 1082/4237/1412 1020/4238/1412 1019/4239/1412
f 948/4240/1413 1024/4241/1413 929/4242/1413
f 1020/4243/1414 1018/4244/1414 904/4245/1414
f 1090/4246/1415 486/4247/1415 1047/4248/1415
f 824/4249/1416 829/4250/1416 806/4251/1416
f 943/4252/1417 1045/4253/1417 944/4254/1417
f 342/4255/1418 437/4256/1418 85/4257/1418
f 1091/4258/1419 1078/4259/1419 1072/4260/1419
f 1072/4261/1420 1078/4262/1420 1064/4263/1420
f 903/4264/1421 905/4265/1421 891/4266/1421
f 566/4267/1422 884/4268/1422 985/4269/1422
f 530/4270/1423 559/4271/1423 618/4272/1423
f 98/4273/1424 62/4274/1424 953/4275/1424
f 920/4276/1425 958/4277/1425 1035/4278/1425
f 997/4279/1426 983/4280/1426 1070/4281/1426
f 986/4282/1427 1091/4283/1427 1072/4284/1427
f 962/4285/1428 1035/4286/1428 958/4287/1428
f 150/4288/1429 372/4289/1429 617/4290/1429
f 1092/4291/1430 345/4292/1430 408/4293/1430
f 834/4294/1431 1093/4295/1431 837/4296/1431
f 1003/4297/1432 1002/4298/1432 784/4299/1432
f 906/4300/1433 735/4301/1433 734/4302/1433
f 733/4303/1434 905/4304/1434 831/4305/1434
f 958/4306/1435 951/4307/1435 962/4308/1435
f 978/4309/1436 1094/4310/1436 979/4311/1436
f 99/4312/1437 1049/4313/1437 960/4314/1437
f 975/4315/1438 971/4316/1438 1011/4317/1438
f 796/4318/1439 848/4319/1439 795/4320/1439
f 981/4321/1440 980/4322/1440 1040/4323/1440
f 1026/4324/1441 1025/4325/1441 1095/4326/1441
f 856/4327/1442 871/4328/1442 702/4329/1442
f 817/4330/1443 1039/4331/1443 980/4332/1443
f 924/4333/1444 928/4334/1444 1034/4335/1444
f 1073/4336/1445 802/4337/1445 652/4338/1445
f 846/4339/1446 762/4340/1446 1030/4341/1446
f 959/4342/1447 968/4343/1447 1009/4344/1447
f 974/4345/1448 1000/4346/1448 1029/4347/1448
f 675/4348/1449 1056/4349/1449 1041/4350/1449
f 995/4351/1450 1006/4352/1450 698/4353/1450
f 966/4354/1451 938/4355/1451 840/4356/1451
f 992/4357/1452 991/4358/1452 995/4359/1452
f 911/4360/1453 767/4361/1453 855/4362/1453
f 923/4363/1454 1076/4364/1454 990/4365/1454
f 828/4366/1455 767/4367/1455 911/4368/1455
f 281/4369/1456 49/4370/1456 475/4371/1456
f 747/4372/1457 746/4373/1457 919/4374/1457
f 1034/4375/1458 984/4376/1458 924/4377/1458
f 758/4378/1459 1036/4379/1459 775/4380/1459
f 1004/4381/1460 1096/4382/1460 543/4383/1460
f 704/4384/1461 996/4385/1461 1067/4386/1461
f 1008/4387/1462 968/4388/1462 969/4389/1462
f 951/4390/1463 950/4391/1463 961/4392/1463
f 461/4393/1464 953/4394/1464 1049/4395/1464
f 944/4396/1465 1000/4397/1465 907/4398/1465
f 957/4399/1466 943/4400/1466 895/4401/1466
f 1069/4402/1467 1041/4403/1467 1056/4404/1467
f 838/4405/1468 963/4406/1468 821/4407/1468
f 495/4408/1469 704/4409/1469 1067/4410/1469
f 1096/4411/1470 1021/4412/1470 543/4413/1470
f 92/4414/1471 271/4415/1471 1052/4416/1471
f 1033/4417/1472 601/4418/1472 298/4419/1472
f 997/4420/1473 1070/4421/1473 1039/4422/1473
f 1097/4423/1474 1083/4424/1474 956/4425/1474
f 1098/4426/1475 798/4427/1475 1099/4428/1475
f 460/4429/1476 867/4430/1476 312/4431/1476
f 960/4432/1477 1049/4433/1477 133/4434/1477
f 624/4435/1478 679/4436/1478 610/4437/1478
f 946/4438/1479 889/4439/1479 921/4440/1479
f 1011/4441/1480 760/4442/1480 975/4443/1480
f 784/4444/1481 1002/4445/1481 785/4446/1481
f 573/4447/1482 677/4448/1482 662/4449/1482
f 598/4450/1483 932/4451/1483 599/4452/1483
f 962/4453/1484 847/4454/1484 848/4455/1484
f 948/4456/1485 936/4457/1485 886/4458/1485
f 908/4459/1486 62/4460/1486 1055/4461/1486
f 1100/4462/1487 981/4463/1487 1040/4464/1487
f 969/4465/1488 994/4466/1488 1057/4467/1488
f 894/4468/1489 918/4469/1489 920/4470/1489
f 800/4471/1490 1099/4472/1490 798/4473/1490
f 816/4474/1491 815/4475/1491 1101/4476/1491
f 905/4477/1492 829/4478/1492 831/4479/1492
f 885/4480/1493 884/4481/1493 912/4482/1493
f 602/4483/1494 995/4484/1494 387/4485/1494
f 758/4486/1495 775/4487/1495 1065/4488/1495
f 1014/4489/1496 974/4490/1496 1029/4491/1496
f 831/4492/1497 830/4493/1497 823/4494/1497
f 924/4495/1498 984/4496/1498 796/4497/1498
f 921/4498/1499 888/4499/1499 922/4500/1499
f 592/4501/1500 568/4502/1500 455/4503/1500
f 1018/4504/1501 829/4505/1501 905/4506/1501
f 940/4507/1502 847/4508/1502 1044/4509/1502
f 1084/4510/1503 1043/4511/1503 1102/4512/1503
f 1009/4513/1504 909/4514/1504 959/4515/1504
f 665/4516/1505 670/4517/1505 500/4518/1505
f 599/4519/1506 932/4520/1506 550/4521/1506
f 994/4522/1507 927/4523/1507 987/4524/1507
f 927/4525/1508 1091/4526/1508 986/4527/1508
f 393/4528/1509 438/4529/1509 332/4530/1509
f 983/4531/1510 846/4532/1510 1050/4533/1510
f 921/4534/1511 990/4535/1511 1089/4536/1511
f 926/4537/1512 735/4538/1512 939/4539/1512
f 964/4540/1513 992/4541/1513 513/4542/1513
f 914/4543/1514 821/4544/1514 963/4545/1514
f 817/4546/1515 997/4547/1515 1039/4548/1515
f 932/4549/1516 1006/4550/1516 550/4551/1516
f 208/4552/1517 61/4553/1517 181/4554/1517
f 745/4555/1518 747/4556/1518 1016/4557/1518
f 964/4558/1519 993/4559/1519 992/4560/1519
f 857/4561/1520 1103/4562/1520 787/4563/1520
f 805/4564/1521 973/4565/1521 854/4566/1521
f 869/4567/1522 868/4568/1522 1042/4569/1522
f 816/4570/1523 1101/4571/1523 897/4572/1523
f 843/4573/1524 981/4574/1524 1100/4575/1524
f 62/4576/1525 399/4577/1525 953/4578/1525
f 40/4579/1526 99/4580/1526 41/4581/1526
f 1037/4582/1527 931/4583/1527 826/4584/1527
f 62/4585/1528 98/4586/1528 1055/4587/1528
f 1000/4588/1529 974/4589/1529 907/4590/1529
f 1012/4591/1530 947/4592/1530 1014/4593/1530
f 597/4594/1531 933/4595/1531 598/4596/1531
f 822/4597/1532 733/4598/1532 831/4599/1532
f 932/4600/1533 704/4601/1533 358/4602/1533
f 1023/4603/1534 806/4604/1534 1020/4605/1534
f 887/4606/1535 945/4607/1535 1073/4608/1535
f 108/4609/1536 645/4610/1536 466/4611/1536
f 1085/4612/1537 982/4613/1537 836/4614/1537
f 968/4615/1538 959/4616/1538 748/4617/1538
f 907/4618/1539 893/4619/1539 943/4620/1539
f 846/4621/1540 1030/4622/1540 1050/4623/1540
f 462/4624/1541 496/4625/1541 143/4626/1541
f 1031/4627/1542 909/4628/1542 1009/4629/1542
f 932/4630/1543 933/4631/1543 1104/4632/1543
f 952/4633/1544 984/4634/1544 1035/4635/1544
f 895/4636/1545 894/4637/1545 957/4638/1545
f 970/4639/1546 836/4640/1546 835/4641/1546
f 281/4642/1547 475/4643/1547 476/4644/1547
f 993/4645/1548 964/4646/1548 495/4647/1548
f 862/4648/1549 967/4649/1549 860/4650/1549
f 850/4651/1550 781/4652/1550 853/4653/1550
f 1069/4654/1551 869/4655/1551 1041/4656/1551
f 762/4657/1552 909/4658/1552 1030/4659/1552
f 824/4660/1553 830/4661/1553 829/4662/1553
f 856/4663/1554 1103/4664/1554 857/4665/1554
f 1030/4666/1555 909/4667/1555 1031/4668/1555
f 748/4669/1556 744/4670/1556 968/4671/1556
f 650/4672/1557 1105/4673/1557 651/4674/1557
f 1035/4675/1558 962/4676/1558 952/4677/1558
f 886/4678/1559 936/4679/1559 755/4680/1559
f 813/4681/1560 838/4682/1560 852/4683/1560
f 786/4684/1561 817/4685/1561 980/4686/1561
f 886/4687/1562 849/4688/1562 947/4689/1562
f 1014/4690/1563 877/4691/1563 974/4692/1563
f 1018/4693/1564 806/4694/1564 829/4695/1564
f 1104/4696/1565 698/4697/1565 932/4698/1565
f 1062/4699/1566 939/4700/1566 937/4701/1566
f 1106/4702/1567 1107/4703/1567 1098/4704/1567
f 1004/4705/1568 1095/4706/1568 1096/4707/1568
f 963/4708/1569 854/4709/1569 765/4710/1569
f 987/4711/1570 986/4712/1570 1007/4713/1570
f 762/4714/1571 761/4715/1571 909/4716/1571
f 1102/4717/1572 950/4718/1572 1101/4719/1572
f 832/4720/1573 1014/4721/1573 947/4722/1573
f 837/4723/1574 799/4724/1574 975/4725/1574
f 464/4726/1575 265/4727/1575 267/4728/1575
f 811/4729/1576 916/4730/1576 812/4731/1576
f 1073/4732/1577 945/4733/1577 802/4734/1577
f 503/4735/1578 496/4736/1578 462/4737/1578
f 963/4738/1579 838/4739/1579 854/4740/1579
f 736/4741/1580 842/4742/1580 737/4743/1580
f 155/4744/1581 261/4745/1581 145/4746/1581
f 628/4747/1582 95/4748/1582 94/4749/1582
f 985/4750/1583 912/4751/1583 637/4752/1583
f 281/4753/1584 168/4754/1584 193/4755/1584
f 973/4756/1585 907/4757/1585 974/4758/1585
f 823/4759/1586 830/4760/1586 935/4761/1586
f 608/4762/1587 1108/4763/1587 468/4764/1587
f 1024/4765/1588 842/4766/1588 929/4767/1588
f 851/4768/1589 808/4769/1589 972/4770/1589
f 906/4771/1590 734/4772/1590 872/4773/1590
f 773/4774/1591 872/4775/1591 779/4776/1591
f 937/4777/1592 939/4778/1592 773/4779/1592
f 133/4780/1593 1049/4781/1593 953/4782/1593
f 1062/4783/1594 937/4784/1594 770/4785/1594
f 733/4786/1595 913/4787/1595 734/4788/1595
f 775/4789/1596 759/4790/1596 1065/4791/1596
f 903/4792/1597 891/4793/1597 926/4794/1597
f 893/4795/1598 892/4796/1598 895/4797/1598
f 817/4798/1599 803/4799/1599 997/4800/1599
f 843/4801/1600 738/4802/1600 981/4803/1600
f 1109/4804/1601 356/4805/1601 557/4806/1601
f 803/4807/1602 809/4808/1602 997/4809/1602
f 1082/4810/1603 1023/4811/1603 1020/4812/1603
f 935/4813/1604 850/4814/1604 852/4815/1604
f 653/4816/1605 778/4817/1605 777/4818/1605
f 1005/4819/1606 1102/4820/1606 1043/4821/1606
f 662/4822/1607 677/4823/1607 165/4824/1607
f 912/4825/1608 510/4826/1608 637/4827/1608
f 830/4828/1609 850/4829/1609 935/4830/1609
f 760/4831/1610 998/4832/1610 758/4833/1610
f 899/4834/1611 900/4835/1611 927/4836/1611
f 898/4837/1612 897/4838/1612 951/4839/1612
f 910/4840/1613 1075/4841/1613 911/4842/1613
f 744/4843/1614 927/4844/1614 994/4845/1614
f 849/4846/1615 757/4847/1615 810/4848/1615
f 878/4849/1616 877/4850/1616 1014/4851/1616
f 917/4852/1617 811/4853/1617 1016/4854/1617
f 1080/4855/1618 949/4856/1618 865/4857/1618
f 873/4858/1619 734/4859/1619 913/4860/1619
f 792/4861/1620 934/4862/1620 793/4863/1620
f 855/4864/1621 871/4865/1621 856/4866/1621
f 934/4867/1622 917/4868/1622 793/4869/1622
f 768/4870/1623 771/4871/1623 949/4872/1623
f 1098/4873/1624 1107/4874/1624 798/4875/1624
f 950/4876/1625 1102/4877/1625 1005/4878/1625
f 868/4879/1626 965/4880/1626 840/4881/1626
f 959/4882/1627 750/4883/1627 748/4884/1627
f 740/4885/1628 866/4886/1628 792/4887/1628
f 897/4888/1629 1101/4889/1629 950/4890/1629
f 809/4891/1630 841/4892/1630 846/4893/1630
f 776/4894/1631 982/4895/1631 797/4896/1631
f 138/4897/1632 209/4898/1632 130/4899/1632
f 804/4900/1633 854/4901/1633 838/4902/1633
f 805/4903/1634 859/4904/1634 907/4905/1634
f 650/4906/1635 406/4907/1635 1105/4908/1635
f 835/4909/1636 776/4910/1636 865/4911/1636
f 910/4912/1637 1010/4913/1637 1075/4914/1637
f 651/4915/1638 583/4916/1638 582/4917/1638
f 793/4918/1639 917/4919/1639 1016/4920/1639
f 783/4921/1640 862/4922/1640 915/4923/1640
f 846/4924/1641 763/4925/1641 762/4926/1641
f 741/4927/1642 918/4928/1642 894/4929/1642
f 973/4930/1643 805/4931/1643 907/4932/1643
f 539/4933/1644 567/4934/1644 458/4935/1644
f 780/4936/1645 764/4937/1645 766/4938/1645
f 757/4939/1646 849/4940/1646 886/4941/1646
f 593/4942/1647 583/4943/1647 651/4944/1647
f 1110/4945/1648 819/4946/1648 818/4947/1648
f 754/4948/1649 942/4949/1649 752/4950/1649
f 917/4951/1650 916/4952/1650 811/4953/1650
f 822/4954/1651 821/4955/1651 914/4956/1651
f 847/4957/1652 749/4958/1652 751/4959/1652
f 832/4960/1653 878/4961/1653 1014/4962/1653
f 892/4963/1654 741/4964/1654 894/4965/1654
f 1108/4966/1655 293/4967/1655 468/4968/1655
f 764/4969/1656 873/4970/1656 765/4971/1656
f 508/4972/1657 252/4973/1657 509/4974/1657
f 746/4975/1658 745/4976/1658 816/4977/1658
f 832/4978/1659 849/4979/1659 833/4980/1659
f 761/4981/1660 795/4982/1660 750/4983/1660
f 827/4984/1661 938/4985/1661 826/4986/1661
f 942/4987/1662 841/4988/1662 752/4989/1662
f 868/4990/1663 839/4991/1663 1042/4992/1663
f 736/4993/1664 738/4994/1664 843/4995/1664
f 409/4996/1665 411/4997/1665 480/4998/1665
f 597/4999/1666 1111/5000/1666 933/5001/1666
f 745/5002/1667 812/5003/1667 816/5004/1667
f 866/5005/1668 934/5006/1668 792/5007/1668
f 1112/5008/1669 347/5009/1669 384/5010/1669
f 777/5011/1670 672/5012/1670 653/5013/1670
f 637/5014/1671 490/5015/1671 514/5016/1671
f 435/5017/1672 615/5018/1672 154/5019/1672
f 1113/5020/1673 655/5021/1673 537/5022/1673
f 1114/5023/1674 1115/5024/1674 1116/5025/1674
f 1115/5026/1675 1117/5027/1675 1116/5028/1675
f 89/5029/1676 159/5030/1676 194/5031/1676
f 430/5032/1677 1118/5033/1677 1119/5034/1677
f 801/5035/1678 1120/5036/1678 686/5037/1678
f 477/5038/1679 429/5039/1679 120/5040/1679
f 222/5041/1680 498/5042/1680 289/5043/1680
f 81/5044/1681 317/5045/1681 88/5046/1681
f 656/5047/1682 150/5048/1682 645/5049/1682
f 258/5050/1683 46/5051/1683 577/5052/1683
f 288/5053/1684 413/5054/1684 319/5055/1684
f 1121/5056/1685 1108/5057/1685 1090/5058/1685
f 646/5059/1686 410/5060/1686 409/5061/1686
f 708/5062/1687 668/5063/1687 1122/5064/1687
f 720/5065/1688 394/5066/1688 472/5067/1688
f 719/5068/1689 394/5069/1689 720/5070/1689
f 1123/5071/1690 801/5072/1690 686/5073/1690
f 579/5074/1691 606/5075/1691 648/5076/1691
f 1087/5077/1692 270/5078/1692 711/5079/1692
f 372/5080/1693 254/5081/1693 256/5082/1693
f 1120/5083/1694 801/5084/1694 978/5085/1694
f 125/5086/1695 477/5087/1695 452/5088/1695
f 355/5089/1696 357/5090/1696 415/5091/1696
f 1124/5092/1697 1108/5093/1697 1121/5094/1697
f 1125/5095/1698 561/5096/1698 492/5097/1698
f 1126/5098/1699 1127/5099/1699 1128/5100/1699
f 93/5101/1700 95/5102/1700 350/5103/1700
f 97/5104/1701 40/5105/1701 1129/5106/1701
f 682/5107/1702 721/5108/1702 277/5109/1702
f 487/5110/1703 989/5111/1703 488/5112/1703
f 1122/5113/1704 668/5114/1704 658/5115/1704
f 820/5116/1705 1130/5117/1705 818/5118/1705
f 415/5119/1706 357/5120/1706 392/5121/1706
f 202/5122/1707 1131/5123/1707 565/5124/1707
f 706/5125/1708 2/5126/1708 382/5127/1708
f 663/5128/1709 1123/5129/1709 1132/5130/1709
f 322/5131/1710 323/5132/1710 633/5133/1710
f 437/5134/1711 700/5135/1711 220/5136/1711
f 730/5137/1712 717/5138/1712 422/5139/1712
f 604/5140/1713 1109/5141/1713 657/5142/1713
f 533/5143/1714 584/5144/1714 546/5145/1714
f 220/5146/1715 531/5147/1715 210/5148/1715
f 33/5149/1716 501/5150/1716 14/5151/1716
f 1133/5152/1717 659/5153/1717 469/5154/1717
f 584/5155/1718 716/5156/1718 546/5157/1718
f 246/5158/1719 245/5159/1719 279/5160/1719
f 376/5161/1720 374/5162/1720 572/5163/1720
f 227/5164/1721 231/5165/1721 676/5166/1721
f 592/5167/1722 552/5168/1722 424/5169/1722
f 652/5170/1723 654/5171/1723 589/5172/1723
f 126/5173/1724 125/5174/1724 452/5175/1724
f 126/5176/1725 452/5177/1725 176/5178/1725
f 447/5179/1726 445/5180/1726 225/5181/1726
f 1109/5182/1727 604/5183/1727 356/5184/1727
f 368/5185/1728 1017/5186/1728 366/5187/1728
f 376/5188/1729 572/5189/1729 377/5190/1729
f 1134/5191/1730 599/5192/1730 551/5193/1730
f 719/5194/1731 199/5195/1731 394/5196/1731
f 197/5197/1732 624/5198/1732 198/5199/1732
f 1134/5200/1733 551/5201/1733 661/5202/1733
f 271/5203/1734 270/5204/1734 1087/5205/1734
f 94/5206/1735 348/5207/1735 628/5208/1735
f 628/5209/1736 348/5210/1736 499/5211/1736
f 446/5212/1737 270/5213/1737 149/5214/1737
f 1125/5215/1738 492/5216/1738 667/5217/1738
f 202/5218/1739 201/5219/1739 1131/5220/1739
f 732/5221/1740 1133/5222/1740 1135/5223/1740
f 964/5224/1741 513/5225/1741 1136/5226/1741
f 589/5227/1742 654/5228/1742 590/5229/1742
f 679/5230/1743 680/5231/1743 610/5232/1743
f 1128/5233/1744 1127/5234/1744 1137/5235/1744
f 371/5236/1745 254/5237/1745 372/5238/1745
f 411/5239/1746 427/5240/1746 426/5241/1746
f 1125/5242/1747 667/5243/1747 391/5244/1747
f 97/5245/1748 1138/5246/1748 1139/5247/1748
f 477/5248/1749 1140/5249/1749 429/5250/1749
f 683/5251/1750 252/5252/1750 508/5253/1750
f 636/5254/1751 580/5255/1751 579/5256/1751
f 312/5257/1752 467/5258/1752 380/5259/1752
f 680/5260/1753 582/5261/1753 610/5262/1753
f 1141/5263/1754 1142/5264/1754 714/5265/1754
f 319/5266/1755 532/5267/1755 288/5268/1755
f 725/5269/1756 696/5270/1756 1097/5271/1756
f 1143/5272/1757 715/5273/1757 714/5274/1757
f 1113/5275/1758 603/5276/1758 1144/5277/1758
f 732/5278/1759 659/5279/1759 1133/5280/1759
f 604/5281/1760 485/5282/1760 726/5283/1760
f 714/5284/1761 1118/5285/1761 1141/5286/1761
f 683/5287/1762 508/5288/1762 453/5289/1762
f 498/5290/1763 656/5291/1763 289/5292/1763
f 542/5293/1764 64/5294/1764 63/5295/1764
f 1144/5296/1765 603/5297/1765 1145/5298/1765
f 603/5299/1766 901/5300/1766 1145/5301/1766
f 498/5302/1767 224/5303/1767 463/5304/1767
f 503/5305/1768 493/5306/1768 504/5307/1768
f 472/5308/1769 471/5309/1769 590/5310/1769
f 500/5311/1770 670/5312/1770 431/5313/1770
f 80/5314/1771 175/5315/1771 593/5316/1771
f 493/5317/1772 511/5318/1772 504/5319/1772
f 510/5320/1773 578/5321/1773 516/5322/1773
f 720/5323/1774 472/5324/1774 590/5325/1774
f 1109/5326/1775 658/5327/1775 657/5328/1775
f 1110/5329/1776 655/5330/1776 1113/5331/1776
f 677/5332/1777 163/5333/1777 165/5334/1777
f 535/5335/1778 516/5336/1778 578/5337/1778
f 319/5338/1779 321/5339/1779 494/5340/1779
f 340/5341/1780 641/5342/1780 416/5343/1780
f 157/5344/1781 159/5345/1781 731/5346/1781
f 587/5347/1782 336/5348/1782 529/5349/1782
f 191/5350/1783 633/5351/1783 323/5352/1783
f 1146/5353/1784 408/5354/1784 519/5355/1784
f 522/5356/1785 529/5357/1785 1112/5358/1785
f 529/5359/1786 347/5360/1786 1112/5361/1786
f 483/5362/1787 1112/5363/1787 384/5364/1787
f 249/5365/1788 68/5366/1788 347/5367/1788
f 611/5368/1789 526/5369/1789 1147/5370/1789
f 346/5371/1790 1148/5372/1790 525/5373/1790
f 347/5374/1791 529/5375/1791 249/5376/1791
f 1149/5377/1792 162/5378/1792 293/5379/1792
f 1150/5380/1793 1151/5381/1793 1152/5382/1793
f 1153/5383/1794 880/5384/1794 1154/5385/1794
f 714/5386/1795 713/5387/1795 1129/5388/1795
f 731/5389/1796 1114/5390/1796 727/5391/1796
f 666/5392/1797 1155/5393/1797 667/5394/1797
f 1156/5395/1798 731/5396/1798 159/5397/1798
f 19/5398/1799 202/5399/1799 444/5400/1799
f 1150/5401/1800 1152/5402/1800 1130/5403/1800
f 1114/5404/1801 731/5405/1801 1115/5406/1801
f 880/5407/1802 1153/5408/1802 1157/5409/1802
f 1108/5410/1803 1124/5411/1803 1158/5412/1803
f 463/5413/1804 644/5414/1804 643/5415/1804
f 880/5416/1805 1157/5417/1805 1111/5418/1805
f 812/5419/1806 916/5420/1806 1159/5421/1806
f 663/5422/1807 1160/5423/1807 778/5424/1807
f 1155/5425/1808 666/5426/1808 434/5427/1808
f 1161/5428/1809 606/5429/1809 845/5430/1809
f 114/5431/1810 502/5432/1810 115/5433/1810
f 363/5434/1811 664/5435/1811 1159/5436/1811
f 1162/5437/1812 363/5438/1812 1159/5439/1812
f 725/5440/1813 1097/5441/1813 1163/5442/1813
f 875/5443/1814 110/5444/1814 1163/5445/1814
f 1164/5446/1815 1165/5447/1815 1166/5448/1815
f 1167/5449/1816 1166/5450/1816 1168/5451/1816
f 1076/5452/1817 614/5453/1817 1169/5454/1817
f 553/5455/1818 716/5456/1818 174/5457/1818
f 370/5458/1819 258/5459/1819 577/5460/1819
f 489/5461/1820 1170/5462/1820 580/5463/1820
f 456/5464/1821 567/5465/1821 538/5466/1821
f 1129/5467/1822 1138/5468/1822 97/5469/1822
f 1171/5470/1823 1086/5471/1823 1172/5472/1823
f 721/5473/1824 682/5474/1824 1173/5475/1824
f 682/5476/1825 1174/5477/1825 1173/5478/1825
f 690/5479/1826 772/5480/1826 682/5481/1826
f 690/5482/1827 303/5483/1827 772/5484/1827
f 1175/5485/1828 883/5486/1828 882/5487/1828
f 193/5488/1829 327/5489/1829 273/5490/1829
f 710/5491/1830 1176/5492/1830 107/5493/1830
f 622/5494/1831 481/5495/1831 407/5496/1831
f 685/5497/1832 687/5498/1832 1177/5499/1832
f 198/5500/1833 624/5501/1833 533/5502/1833
f 97/5503/1834 1139/5504/1834 98/5505/1834
f 612/5506/1835 421/5507/1835 423/5508/1835
f 1171/5509/1836 547/5510/1836 1178/5511/1836
f 625/5512/1837 14/5513/1837 502/5514/1837
f 547/5515/1838 1052/5516/1838 1178/5517/1838
f 1179/5518/1839 1180/5519/1839 1165/5520/1839
f 556/5521/1840 227/5522/1840 554/5523/1840
f 1165/5524/1841 1180/5525/1841 1166/5526/1841
f 1176/5527/1842 105/5528/1842 107/5529/1842
f 198/5530/1843 533/5531/1843 183/5532/1843
f 467/5533/1844 269/5534/1844 380/5535/1844
f 663/5536/1845 1132/5537/1845 1160/5538/1845
f 547/5539/1846 91/5540/1846 1052/5541/1846
f 137/5542/1847 712/5543/1847 1179/5544/1847
f 460/5545/1848 311/5546/1848 506/5547/1848
f 1112/5548/1849 483/5549/1849 528/5550/1849
f 93/5551/1850 350/5552/1850 379/5553/1850
f 189/5554/1851 179/5555/1851 728/5556/1851
f 460/5557/1852 506/5558/1852 497/5559/1852
f 772/5560/1853 1174/5561/1853 682/5562/1853
f 535/5563/1854 367/5564/1854 625/5565/1854
f 711/5566/1855 1088/5567/1855 1087/5568/1855
f 955/5569/1856 956/5570/1856 1139/5571/1856
f 1163/5572/1857 110/5573/1857 1181/5574/1857
f 597/5575/1858 599/5576/1858 1182/5577/1858
f 469/5578/1859 457/5579/1859 456/5580/1859
f 278/5581/1860 153/5582/1860 273/5583/1860
f 597/5584/1861 1182/5585/1861 881/5586/1861
f 389/5587/1862 513/5588/1862 699/5589/1862
f 1183/5590/1863 661/5591/1863 660/5592/1863
f 1184/5593/1864 812/5594/1864 1159/5595/1864
f 389/5596/1865 699/5597/1865 1153/5598/1865
f 606/5599/1866 581/5600/1866 845/5601/1866
f 648/5602/1867 606/5603/1867 1185/5604/1867
f 393/5605/1868 417/5606/1868 565/5607/1868
f 499/5608/1869 348/5609/1869 349/5610/1869
f 510/5611/1870 398/5612/1870 578/5613/1870
f 405/5614/1871 171/5615/1871 569/5616/1871
f 118/5617/1872 39/5618/1872 38/5619/1872
f 1156/5620/1873 159/5621/1873 441/5622/1873
f 564/5623/1874 717/5624/1874 730/5625/1874
f 423/5626/1875 703/5627/1875 612/5628/1875
f 1114/5629/1876 1116/5630/1876 1100/5631/1876
f 494/5632/1877 642/5633/1877 681/5634/1877
f 1158/5635/1878 1186/5636/1878 1108/5637/1878
f 621/5638/1879 1135/5639/1879 1133/5640/1879
f 691/5641/1880 201/5642/1880 731/5643/1880
f 117/5644/1881 243/5645/1881 701/5646/1881
f 537/5647/1882 603/5648/1882 1113/5649/1882
f 1129/5650/1883 1187/5651/1883 714/5652/1883
f 614/5653/1884 1076/5654/1884 549/5655/1884
f 1188/5656/1885 1114/5657/1885 1100/5658/1885
f 160/5659/1886 162/5660/1886 1149/5661/1886
f 609/5662/1887 576/5663/1887 594/5664/1887
f 695/5665/1888 777/5666/1888 797/5667/1888
f 336/5668/1889 249/5669/1889 529/5670/1889
f 689/5671/1890 1189/5672/1890 693/5673/1890
f 439/5674/1891 1106/5675/1891 1190/5676/1891
f 1190/5677/1892 408/5678/1892 439/5679/1892
f 346/5680/1893 345/5681/1893 1148/5682/1893
f 524/5683/1894 587/5684/1894 529/5685/1894
f 1075/5686/1895 1074/5687/1895 896/5688/1895
f 839/5689/1896 827/5690/1896 1189/5691/1896
f 1188/5692/1897 1100/5693/1897 1040/5694/1897
f 1074/5695/1898 1093/5696/1898 896/5697/1898
f 333/5698/1899 641/5699/1899 340/5700/1899
f 389/5701/1900 1153/5702/1900 1191/5703/1900
f 1192/5704/1901 1145/5705/1901 1193/5706/1901
f 1151/5707/1902 1150/5708/1902 936/5709/1902
f 434/5710/1903 1194/5711/1903 1155/5712/1903
f 689/5713/1904 839/5714/1904 1189/5715/1904
f 1104/5716/1905 1111/5717/1905 699/5718/1905
f 664/5719/1906 1149/5720/1906 1184/5721/1906
f 1135/5722/1907 344/5723/1907 732/5724/1907
f 1187/5725/1908 1129/5726/1908 1119/5727/1908
f 653/5728/1909 672/5729/1909 654/5730/1909
f 391/5731/1910 1136/5732/1910 513/5733/1910
f 1164/5734/1911 1167/5735/1911 1181/5736/1911
f 430/5737/1912 1119/5738/1912 42/5739/1912
f 391/5740/1913 639/5741/1913 1125/5742/1913
f 474/5743/1914 743/5744/1914 723/5745/1914
f 713/5746/1915 1138/5747/1915 1129/5748/1915
f 992/5749/1916 698/5750/1916 513/5751/1916
f 1122/5752/1917 658/5753/1917 1081/5754/1917
f 797/5755/1918 719/5756/1918 720/5757/1918
f 1090/5758/1919 1047/5759/1919 1121/5760/1919
f 1195/5761/1920 361/5762/1920 363/5763/1920
f 649/5764/1921 543/5765/1921 579/5766/1921
f 706/5767/1922 382/5768/1922 388/5769/1922
f 583/5770/1923 716/5771/1923 584/5772/1923
f 1196/5773/1924 719/5774/1924 797/5775/1924
f 415/5776/1925 669/5777/1925 230/5778/1925
f 676/5779/1926 677/5780/1926 573/5781/1926
f 1139/5782/1927 1138/5783/1927 955/5784/1927
f 618/5785/1928 238/5786/1928 530/5787/1928
f 550/5788/1929 1006/5789/1929 601/5790/1929
f 726/5791/1930 392/5792/1930 357/5793/1930
f 884/5794/1931 1017/5795/1931 208/5796/1931
f 481/5797/1932 227/5798/1932 676/5799/1932
f 350/5800/1933 95/5801/1933 325/5802/1933
f 883/5803/1934 989/5804/1934 709/5805/1934
f 712/5806/1935 105/5807/1935 1197/5808/1935
f 291/5809/1936 178/5810/1936 638/5811/1936
f 1166/5812/1937 1197/5813/1937 1168/5814/1937
f 707/5815/1938 709/5816/1938 988/5817/1938
f 479/5818/1939 707/5819/1939 505/5820/1939
f 407/5821/1940 482/5822/1940 309/5823/1940
f 392/5824/1941 726/5825/1941 349/5826/1941
f 625/5827/1942 353/5828/1942 449/5829/1942
f 727/5830/1943 1188/5831/1943 694/5832/1943
f 491/5833/1944 562/5834/1944 585/5835/1944
f 352/5836/1945 29/5837/1945 32/5838/1945
f 555/5839/1946 554/5840/1946 481/5841/1946
f 1179/5842/1947 1165/5843/1947 109/5844/1947
f 929/5845/1948 1151/5846/1948 936/5847/1948
f 294/5848/1949 1083/5849/1949 696/5850/1949
f 491/5851/1950 560/5852/1950 562/5853/1950
f 708/5854/1951 882/5855/1951 709/5856/1951
f 554/5857/1952 227/5858/1952 481/5859/1952
f 730/5860/1953 422/5861/1953 421/5862/1953
f 109/5863/1954 137/5864/1954 1179/5865/1954
f 573/5866/1955 481/5867/1955 676/5868/1955
f 560/5869/1956 491/5870/1956 492/5871/1956
f 1089/5872/1957 436/5873/1957 976/5874/1957
f 637/5875/1958 329/5876/1958 330/5877/1958
f 718/5878/1959 1198/5879/1959 678/5880/1959
f 1199/5881/1960 361/5882/1960 1195/5883/1960
f 956/5884/1961 98/5885/1961 1139/5886/1961
f 553/5887/1962 546/5888/1962 716/5889/1962
f 1178/5890/1963 1087/5891/1963 1086/5892/1963
f 514/5893/1964 562/5894/1964 637/5895/1964
f 561/5896/1965 560/5897/1965 492/5898/1965
f 607/5899/1966 561/5900/1966 639/5901/1966
f 367/5902/1967 366/5903/1967 722/5904/1967
f 801/5905/1968 1123/5906/1968 663/5907/1968
f 520/5908/1969 266/5909/1969 265/5910/1969
f 691/5911/1970 1131/5912/1970 201/5913/1970
f 40/5914/1971 42/5915/1971 1119/5916/1971
f 19/5917/1972 21/5918/1972 147/5919/1972
f 599/5920/1973 550/5921/1973 551/5922/1973
f 505/5923/1974 707/5924/1974 988/5925/1974
f 1129/5926/1975 40/5927/1975 1119/5928/1975
f 562/5929/1976 701/5930/1976 585/5931/1976
f 1200/5932/1977 436/5933/1977 1089/5934/1977
f 933/5935/1978 358/5936/1978 218/5937/1978
f 402/5938/1979 858/5939/1979 979/5940/1979
f 1163/5941/1980 1181/5942/1980 1167/5943/1980
f 703/5944/1981 1201/5945/1981 34/5946/1981
f 390/5947/1982 619/5948/1982 388/5949/1982
f 721/5950/1983 1173/5951/1983 397/5952/1983
f 62/5953/1984 59/5954/1984 399/5955/1984
f 34/5956/1985 1201/5957/1985 385/5958/1985
f 637/5959/1986 330/5960/1986 470/5961/1986
f 312/5962/1987 112/5963/1987 467/5964/1987
f 587/5965/1988 858/5966/1988 402/5967/1988
f 389/5968/1989 619/5969/1989 390/5970/1989
f 720/5971/1990 695/5972/1990 797/5973/1990
f 648/5974/1991 1185/5975/1991 1202/5976/1991
f 1194/5977/1992 964/5978/1992 1136/5979/1992
f 274/5980/1993 124/5981/1993 1194/5982/1993
f 1200/5983/1994 613/5984/1994 700/5985/1994
f 1155/5986/1995 1194/5987/1995 1136/5988/1995
f 658/5989/1996 1203/5990/1996 1081/5991/1996
f 650/5992/1997 383/5993/1997 406/5994/1997
f 1184/5995/1998 1159/5996/1998 664/5997/1998
f 436/5998/1999 1200/5999/1999 700/6000/1999
f 1183/6001/2000 880/6002/2000 879/6003/2000
f 714/6004/2001 1142/6005/2001 1143/6006/2001
f 165/6007/2002 286/6008/2002 1140/6009/2002
f 655/6010/2003 1110/6011/2003 818/6012/2003
f 1099/6013/2004 1204/6014/2004 1074/6015/2004
f 428/6016/2005 431/6017/2005 670/6018/2005
f 603/6019/2006 670/6020/2006 665/6021/2006
f 517/6022/2007 493/6023/2007 643/6024/2007
f 453/6025/2008 352/6026/2008 683/6027/2008
f 1114/6028/2009 1188/6029/2009 727/6030/2009
f 788/6031/2010 787/6032/2010 587/6033/2010
f 483/6034/2011 527/6035/2011 528/6036/2011
f 439/6037/2012 693/6038/2012 1106/6039/2012
f 438/6040/2013 693/6041/2013 439/6042/2013
f 440/6043/2014 439/6044/2014 1146/6045/2014
f 519/6046/2015 333/6047/2015 440/6048/2015
f 587/6049/2016 524/6050/2016 788/6051/2016
f 688/6052/2017 674/6053/2017 692/6054/2017
f 667/6055/2018 1155/6056/2018 391/6057/2018
f 1172/6058/2019 1086/6059/2019 1205/6060/2019
f 652/6061/2020 591/6062/2020 1073/6063/2020
f 662/6064/2021 165/6065/2021 1140/6066/2021
f 248/6067/2022 609/6068/2022 263/6069/2022
f 728/6070/2023 1206/6071/2023 189/6072/2023
f 591/6073/2024 652/6074/2024 589/6075/2024
f 1090/6076/2025 608/6077/2025 486/6078/2025
f 549/6079/2026 558/6080/2026 614/6081/2026
f 501/6082/2027 360/6083/2027 620/6084/2027
f 1088/6085/2028 729/6086/2028 1205/6087/2028
f 1152/6088/2029 1207/6089/2029 441/6090/2029
f 1088/6091/2030 711/6092/2030 729/6093/2030
f 591/6094/2031 189/6095/2031 1208/6096/2031
f 620/6097/2032 359/6098/2032 115/6099/2032
f 731/6100/2033 1156/6101/2033 1115/6102/2033
f 502/6103/2034 620/6104/2034 115/6105/2034
f 1117/6106/2035 1207/6107/2035 863/6108/2035
f 1117/6109/2036 1115/6110/2036 1156/6111/2036
f 1156/6112/2037 1207/6113/2037 1117/6114/2037
f 1207/6115/2038 1151/6116/2038 863/6117/2038
f 570/6118/2039 1152/6119/2039 441/6120/2039
f 1103/6121/2040 1120/6122/2040 977/6123/2040
f 246/6124/2041 609/6125/2041 248/6126/2041
f 1090/6127/2042 1108/6128/2042 608/6129/2042
f 662/6130/2043 1140/6131/2043 477/6132/2043
f 221/6133/2044 447/6134/2044 225/6135/2044
f 536/6136/2045 537/6137/2045 655/6138/2045
f 881/6139/2046 1111/6140/2046 597/6141/2046
f 608/6142/2047 468/6143/2047 236/6144/2047
f 880/6145/2048 1111/6146/2048 881/6147/2048
f 434/6148/2049 274/6149/2049 1194/6150/2049
f 525/6151/2050 1148/6152/2050 1147/6153/2050
f 1190/6154/2051 1099/6155/2051 1092/6156/2051
f 525/6157/2052 1147/6158/2052 526/6159/2052
f 688/6160/2053 438/6161/2053 393/6162/2053
f 105/6163/2054 1176/6164/2054 1197/6165/2054
f 1086/6166/2055 1088/6167/2055 1205/6168/2055
f 712/6169/2056 1197/6170/2056 1180/6171/2056
f 658/6172/2057 1209/6173/2057 1203/6174/2057
f 260/6175/2058 259/6176/2058 600/6177/2058
f 1172/6178/2059 156/6179/2059 1171/6180/2059
f 127/6181/2060 308/6182/2060 136/6183/2060
f 882/6184/2061 708/6185/2061 1210/6186/2061
f 596/6187/2062 1094/6188/2062 801/6189/2062
f 411/6190/2063 410/6191/2063 635/6192/2063
f 636/6193/2064 543/6194/2064 1021/6195/2064
f 1193/6196/2065 1145/6197/2065 1211/6198/2065
f 488/6199/2066 1175/6200/2066 1212/6201/2066
f 291/6202/2067 646/6203/2067 179/6204/2067
f 247/6205/2068 34/6206/2068 385/6207/2068
f 549/6208/2069 1076/6209/2069 1077/6210/2069
f 860/6211/2070 1199/6212/2070 1213/6213/2070
f 1214/6214/2071 1215/6215/2071 1211/6216/2071
f 1004/6217/2072 1216/6218/2072 1173/6219/2072
f 1217/6220/2073 1159/6221/2073 916/6222/2073
f 22/6223/2074 867/6224/2074 497/6225/2074
f 1167/6226/2075 1164/6227/2075 1166/6228/2075
f 496/6229/2076 503/6230/2076 206/6231/2076
f 497/6232/2077 867/6233/2077 460/6234/2077
f 535/6235/2078 578/6236/2078 367/6237/2078
f 535/6238/2079 625/6239/2079 449/6240/2079
f 595/6241/2080 555/6242/2080 622/6243/2080
f 1167/6244/2081 1168/6245/2081 725/6246/2081
f 724/6247/2082 574/6248/2082 63/6249/2082
f 312/6250/2083 867/6251/2083 112/6252/2083
f 313/6253/2084 222/6254/2084 289/6255/2084
f 1201/6256/2085 541/6257/2085 385/6258/2085
f 1218/6259/2086 819/6260/2086 1110/6261/2086
f 543/6262/2087 636/6263/2087 579/6264/2087
f 1211/6265/2088 1145/6266/2088 1214/6267/2088
f 1199/6268/2089 588/6269/2089 361/6270/2089
f 1137/6271/2090 1199/6272/2090 860/6273/2090
f 664/6274/2091 160/6275/2091 1149/6276/2091
f 1184/6277/2092 1219/6278/2092 815/6279/2092
f 1199/6280/2093 557/6281/2093 588/6282/2093
f 1170/6283/2094 489/6284/2094 1212/6285/2094
f 815/6286/2095 812/6287/2095 1184/6288/2095
f 978/6289/2096 977/6290/2096 1120/6291/2096
f 489/6292/2097 488/6293/2097 1212/6294/2097
f 1105/6295/2098 593/6296/2098 651/6297/2098
f 329/6298/2099 637/6299/2099 562/6300/2099
f 715/6301/2100 1143/6302/2100 874/6303/2100
f 1015/6304/2101 621/6305/2101 518/6306/2101
f 143/6307/2102 656/6308/2102 498/6309/2102
f 1171/6310/2103 156/6311/2103 547/6312/2103
f 377/6313/2104 572/6314/2104 404/6315/2104
f 708/6316/2105 1122/6317/2105 1210/6318/2105
f 979/6319/2106 403/6320/2106 402/6321/2106
f 621/6322/2107 344/6323/2107 1135/6324/2107
f 294/6325/2108 98/6326/2108 1083/6327/2108
f 1171/6328/2109 1178/6329/2109 1086/6330/2109
f 1220/6331/2110 1142/6332/2110 170/6333/2110
f 1179/6334/2111 712/6335/2111 1180/6336/2111
f 403/6337/2112 979/6338/2112 1094/6339/2112
f 1103/6340/2113 702/6341/2113 1120/6342/2113
f 692/6343/2114 689/6344/2114 688/6345/2114
f 393/6346/2115 674/6347/2115 688/6348/2115
f 1093/6349/2116 1074/6350/2116 1204/6351/2116
f 611/6352/2117 1099/6353/2117 1221/6354/2117
f 1106/6355/2118 1098/6356/2118 1190/6357/2118
f 522/6358/2119 528/6359/2119 526/6360/2119
f 519/6361/2120 520/6362/2120 333/6363/2120
f 1222/6364/2121 524/6365/2121 523/6366/2121
f 1222/6367/2122 523/6368/2122 1221/6369/2122
f 523/6370/2123 611/6371/2123 1221/6372/2123
f 520/6373/2124 265/6374/2124 333/6375/2124
f 1112/6376/2125 528/6377/2125 522/6378/2125
f 570/6379/2126 1223/6380/2126 1152/6381/2126
f 1214/6382/2127 1202/6383/2127 1215/6384/2127
f 124/6385/2128 964/6386/2128 1194/6387/2128
f 820/6388/2129 1150/6389/2129 1130/6390/2129
f 23/6391/2130 26/6392/2130 65/6393/2130
f 1214/6394/2131 902/6395/2131 954/6396/2131
f 1219/6397/2132 1108/6398/2132 1186/6399/2132
f 1202/6400/2133 1185/6401/2133 1215/6402/2133
f 977/6403/2134 979/6404/2134 858/6405/2134
f 1062/6406/2135 770/6407/2135 581/6408/2135
f 1159/6409/2136 1217/6410/2136 1162/6411/2136
f 514/6412/2137 701/6413/2137 562/6414/2137
f 1224/6415/2138 1162/6416/2138 1217/6417/2138
f 286/6418/2139 429/6419/2139 1140/6420/2139
f 954/6421/2140 648/6422/2140 1202/6423/2140
f 386/6424/2141 400/6425/2141 586/6426/2141
f 319/6427/2142 494/6428/2142 532/6429/2142
f 648/6430/2143 954/6431/2143 649/6432/2143
f 150/6433/2144 617/6434/2144 645/6435/2144
f 1160/6436/2145 1225/6437/2145 778/6438/2145
f 542/6439/2146 543/6440/2146 649/6441/2146
f 408/6442/2147 1190/6443/2147 1092/6444/2147
f 1165/6445/2148 1181/6446/2148 1063/6447/2148
f 636/6448/2149 1022/6449/2149 487/6450/2149
f 540/6451/2150 1201/6452/2150 631/6453/2150
f 1226/6454/2151 1022/6455/2151 626/6456/2151
f 661/6457/2152 1183/6458/2152 879/6459/2152
f 406/6460/2153 77/6461/2153 548/6462/2153
f 1226/6463/2154 988/6464/2154 1022/6465/2154
f 725/6466/2155 1163/6467/2155 1167/6468/2155
f 988/6469/2156 1226/6470/2156 505/6471/2156
f 326/6472/2157 1226/6473/2157 626/6474/2157
f 1169/6475/2158 613/6476/2158 1200/6477/2158
f 561/6478/2159 1125/6479/2159 639/6480/2159
f 1197/6481/2160 1166/6482/2160 1180/6483/2160
f 1168/6484/2161 1197/6485/2161 1176/6486/2161
f 1142/6487/2162 1220/6488/2162 1143/6489/2162
f 562/6490/2163 607/6491/2163 329/6492/2163
f 596/6493/2164 1227/6494/2164 401/6495/2164
f 314/6496/2165 79/6497/2165 246/6498/2165
f 1094/6499/2166 596/6500/2166 403/6501/2166
f 1198/6502/2167 718/6503/2167 1079/6504/2167
f 505/6505/2168 1226/6506/2168 335/6507/2168
f 1079/6508/2169 1078/6509/2169 1198/6510/2169
f 679/6511/2170 678/6512/2170 1198/6513/2170
f 710/6514/2171 725/6515/2171 1168/6516/2171
f 883/6517/2172 1175/6518/2172 488/6519/2172
f 732/6520/2173 629/6521/2173 697/6522/2173
f 1224/6523/2174 1213/6524/2174 1195/6525/2174
f 680/6526/2175 679/6527/2175 1198/6528/2175
f 290/6529/2176 933/6530/2176 218/6531/2176
f 599/6532/2177 1134/6533/2177 1182/6534/2177
f 1225/6535/2178 1160/6536/2178 1132/6537/2178
f 1228/6538/2179 409/6539/2179 480/6540/2179
f 580/6541/2180 1170/6542/2180 925/6543/2180
f 1083/6544/2181 1097/6545/2181 696/6546/2181
f 1097/6547/2182 875/6548/2182 1163/6549/2182
f 228/6550/2183 214/6551/2183 74/6552/2183
f 1015/6553/2184 344/6554/2184 621/6555/2184
f 1226/6556/2185 326/6557/2185 335/6558/2185
f 359/6559/2186 964/6560/2186 124/6561/2186
f 1122/6562/2187 1081/6563/2187 1082/6564/2187
f 604/6565/2188 657/6566/2188 485/6567/2188
f 1165/6568/2189 1063/6569/2189 109/6570/2189
f 1201/6571/2190 632/6572/2190 631/6573/2190
f 1122/6574/2191 1082/6575/2191 1210/6576/2191
f 1154/6577/2192 1183/6578/2192 660/6579/2192
f 1071/6580/2193 1154/6581/2193 660/6582/2193
f 1136/6583/2194 391/6584/2194 1155/6585/2194
f 1120/6586/2195 702/6587/2195 686/6588/2195
f 1214/6589/2196 954/6590/2196 1202/6591/2196
f 1216/6592/2197 397/6593/2197 1173/6594/2197
f 532/6595/2198 494/6596/2198 681/6597/2198
f 293/6598/2199 292/6599/2199 468/6600/2199
f 715/6601/2200 955/6602/2200 1138/6603/2200
f 581/6604/2201 580/6605/2201 925/6606/2201
f 1113/6607/2202 1144/6608/2202 1192/6609/2202
f 714/6610/2203 1187/6611/2203 1118/6612/2203
f 1157/6613/2204 699/6614/2204 1111/6615/2204
f 1224/6616/2205 1195/6617/2205 1162/6618/2205
f 1186/6619/2206 815/6620/2206 1219/6621/2206
f 1118/6622/2207 1187/6623/2207 1119/6624/2207
f 541/6625/2208 1201/6626/2208 540/6627/2208
f 512/6628/2209 463/6629/2209 224/6630/2209
f 1214/6631/2210 901/6632/2210 902/6633/2210
f 901/6634/2211 1214/6635/2211 1145/6636/2211
f 1161/6637/2212 1185/6638/2212 606/6639/2212
f 393/6640/2213 1131/6641/2213 691/6642/2213
f 697/6643/2214 717/6644/2214 563/6645/2214
f 1156/6646/2215 441/6647/2215 1207/6648/2215
f 232/6649/2216 629/6650/2216 732/6651/2216
f 675/6652/2217 684/6653/2217 694/6654/2217
f 1113/6655/2218 1192/6656/2218 1218/6657/2218
f 1099/6658/2219 1190/6659/2219 1098/6660/2219
f 1144/6661/2220 1145/6662/2220 1192/6663/2220
f 432/6664/2221 538/6665/2221 433/6666/2221
f 1116/6667/2222 1117/6668/2222 863/6669/2222
f 1183/6670/2223 1154/6671/2223 880/6672/2223
f 1124/6673/2224 1121/6674/2224 1102/6675/2224
f 222/6676/2225 224/6677/2225 498/6678/2225
f 643/6679/2226 462/6680/2226 463/6681/2226
f 1111/6682/2227 1104/6683/2227 933/6684/2227
f 646/6685/2228 647/6686/2228 179/6687/2228
f 439/6688/2229 408/6689/2229 1146/6690/2229
f 729/6691/2230 446/6692/2230 1229/6693/2230
f 63/6694/2231 574/6695/2231 1216/6696/2231
f 1121/6697/2232 1047/6698/2232 1084/6699/2232
f 446/6700/2233 447/6701/2233 1229/6702/2233
f 574/6703/2234 397/6704/2234 1216/6705/2234
f 110/6706/2235 1063/6707/2235 1181/6708/2235
f 1128/6709/2236 1230/6710/2236 1126/6711/2236
f 1025/6712/2237 626/6713/2237 1096/6714/2237
f 626/6715/2238 1022/6716/2238 1096/6717/2238
f 95/6718/2239 628/6719/2239 325/6720/2239
f 1099/6721/2240 800/6722/2240 1204/6723/2240
f 882/6724/2241 1019/6725/2241 1175/6726/2241
f 1196/6727/2242 1085/6728/2242 718/6729/2242
f 485/6730/2243 657/6731/2243 478/6732/2243
f 544/6733/2244 267/6734/2244 280/6735/2244
f 14/6736/2245 722/6737/2245 515/6738/2245
f 473/6739/2246 723/6740/2246 1046/6741/2246
f 1079/6742/2247 718/6743/2247 1085/6744/2247
f 1132/6745/2248 685/6746/2248 1177/6747/2248
f 1053/6748/2249 1080/6749/2249 687/6750/2249
f 607/6751/2250 382/6752/2250 329/6753/2250
f 564/6754/2251 563/6755/2251 717/6756/2251
f 1132/6757/2252 1123/6758/2252 685/6759/2252
f 267/6760/2253 121/6761/2253 448/6762/2253
f 473/6763/2254 1046/6764/2254 1047/6765/2254
f 989/6766/2255 883/6767/2255 488/6768/2255
f 1203/6769/2256 1209/6770/2256 1231/6771/2256
f 607/6772/2257 639/6773/2257 382/6774/2257
f 1133/6775/2258 469/6776/2258 621/6777/2258
f 464/6778/2259 267/6779/2259 448/6780/2259
f 1097/6781/2260 956/6782/2260 876/6783/2260
f 1205/6784/2261 729/6785/2261 1229/6786/2261
f 566/6787/2262 637/6788/2262 470/6789/2262
f 478/6790/2263 668/6791/2263 707/6792/2263
f 686/6793/2264 685/6794/2264 1123/6795/2264
f 1004/6796/2265 63/6797/2265 1216/6798/2265
f 1019/6799/2266 882/6800/2266 1210/6801/2266
f 1084/6802/2267 1102/6803/2267 1121/6804/2267
f 1097/6805/2268 876/6806/2268 875/6807/2268
f 1170/6808/2269 903/6809/2269 925/6810/2269
f 616/6811/2270 492/6812/2270 140/6813/2270
f 64/6814/2271 542/6815/2271 649/6816/2271
f 593/6817/2272 1105/6818/2272 548/6819/2272
f 1015/6820/2273 518/6821/2273 634/6822/2273
f 359/6823/2274 124/6824/2274 115/6825/2274
f 879/6826/2275 1182/6827/2275 1134/6828/2275
f 1182/6829/2276 879/6830/2276 881/6831/2276
f 978/6832/2277 801/6833/2277 1094/6834/2277
f 1124/6835/2278 1102/6836/2278 1158/6837/2278
f 1232/6838/2279 465/6839/2279 681/6840/2279
f 1077/6841/2280 480/6842/2280 549/6843/2280
f 536/6844/2281 295/6845/2281 428/6846/2281
f 1143/6847/2282 1220/6848/2282 875/6849/2282
f 399/6850/2283 1220/6851/2283 170/6852/2283
f 635/6853/2284 634/6854/2284 518/6855/2284
f 565/6856/2285 1131/6857/2285 393/6858/2285
f 1169/6859/2286 614/6860/2286 613/6861/2286
f 1074/6862/2287 1221/6863/2287 1099/6864/2287
f 1152/6865/2288 1151/6866/2288 1207/6867/2288
f 1042/6868/2289 839/6869/2289 689/6870/2289
f 1211/6871/2290 890/6872/2290 1193/6873/2290
f 715/6874/2291 1138/6875/2291 713/6876/2291
f 916/6877/2292 862/6878/2292 1217/6879/2292
f 1232/6880/2293 642/6881/2293 644/6882/2293
f 571/6883/2294 1233/6884/2294 570/6885/2294
f 1046/6886/2295 723/6887/2295 742/6888/2295
f 1234/6889/2296 900/6890/2296 650/6891/2296
f 1199/6892/2297 1195/6893/2297 1213/6894/2297
f 967/6895/2298 1128/6896/2298 860/6897/2298
f 860/6898/2299 1128/6899/2299 1137/6900/2299
f 1046/6901/2300 742/6902/2300 749/6903/2300
f 474/6904/2301 650/6905/2301 743/6906/2301
f 1235/6907/2302 1127/6908/2302 1126/6909/2302
f 1231/6910/2303 1235/6911/2303 1126/6912/2303
f 1232/6913/2304 644/6914/2304 512/6915/2304
f 1101/6916/2305 1158/6917/2305 1102/6918/2305
f 1172/6919/2306 192/6920/2306 156/6921/2306
f 650/6922/2307 680/6923/2307 1234/6924/2307
f 647/6925/2308 409/6926/2308 1228/6927/2308
f 192/6928/2309 1172/6929/2309 1205/6930/2309
f 1208/6931/2310 887/6932/2310 591/6933/2310
f 1040/6934/2311 694/6935/2311 1188/6936/2311
f 192/6937/2312 1205/6938/2312 1229/6939/2312
f 221/6940/2313 192/6941/2313 1229/6942/2313
f 1154/6943/2314 1071/6944/2314 1153/6945/2314
f 309/6946/2315 482/6947/2315 125/6948/2315
f 221/6949/2316 1229/6950/2316 447/6951/2316
f 802/6952/2317 1227/6953/2317 596/6954/2317
f 976/6955/2318 1227/6956/2318 802/6957/2318
f 1078/6958/2319 1091/6959/2319 1236/6960/2319
f 360/6961/2320 218/6962/2320 358/6963/2320
f 1132/6964/2321 1177/6965/2321 1225/6966/2321
f 1233/6967/2322 818/6968/2322 1130/6969/2322
f 879/6970/2323 1134/6971/2323 661/6972/2323
f 818/6973/2324 1233/6974/2324 655/6975/2324
f 1234/6976/2325 680/6977/2325 1236/6978/2325
f 251/6979/2326 233/6980/2326 178/6981/2326
f 1236/6982/2327 1198/6983/2327 1078/6984/2327
f 218/6985/2328 360/6986/2328 501/6987/2328
f 1223/6988/2329 570/6989/2329 1233/6990/2329
f 1153/6991/2330 1071/6992/2330 1191/6993/2330
f 1076/6994/2331 1169/6995/2331 990/6996/2331
f 1236/6997/2332 1091/6998/2332 1234/6999/2332
f 1200/7000/2333 990/7001/2333 1169/7002/2333
f 512/7003/2334 465/7004/2334 1232/7005/2334
f 777/7006/2335 695/7007/2335 672/7008/2335
f 1237/7009/2336 1126/7010/2336 1230/7011/2336
f 421/7012/2337 612/7013/2337 539/7014/2337
f 479/7015/2338 478/7016/2338 707/7017/2338
f 675/7018/2339 694/7019/2339 1040/7020/2339
f 718/7021/2340 719/7022/2340 1196/7023/2340
f 860/7024/2341 1213/7025/2341 861/7026/2341
f 494/7027/2342 517/7028/2342 642/7029/2342
f 1109/7030/2343 1235/7031/2343 1209/7032/2343
f 1235/7033/2344 1109/7034/2344 557/7035/2344
f 681/7036/2345 642/7037/2345 1232/7038/2345
f 1108/7039/2346 1219/7040/2346 1149/7041/2346
f 743/7042/2347 650/7043/2347 900/7044/2347
f 1127/7045/2348 557/7046/2348 1199/7047/2348
f 430/7048/2349 1141/7049/2349 1118/7050/2349
f 1161/7051/2350 890/7052/2350 1211/7053/2350
f 799/7054/2351 837/7055/2351 1204/7056/2351
f 1219/7057/2352 1184/7058/2352 1149/7059/2352
f 512/7060/2353 644/7061/2353 463/7062/2353
f 876/7063/2354 955/7064/2354 874/7065/2354
f 1054/7066/2355 1053/7067/2355 687/7068/2355
f 1213/7069/2356 1224/7070/2356 861/7071/2356
f 1223/7072/2357 1130/7073/2357 1152/7074/2357
f 691/7075/2358 731/7076/2358 727/7077/2358
f 1062/7078/2359 581/7079/2359 925/7080/2359
f 1223/7081/2360 1233/7082/2360 1130/7083/2360
f 1110/7084/2361 1113/7085/2361 1218/7086/2361
f 874/7087/2362 955/7088/2362 715/7089/2362
f 1041/7090/2363 673/7091/2363 675/7092/2363
f 524/7093/2364 1222/7094/2364 788/7095/2364
f 1106/7096/2365 693/7097/2365 1189/7098/2365
f 1107/7099/2366 827/7100/2366 798/7101/2366
f 1107/7102/2367 1106/7103/2367 1189/7104/2367
f 692/7105/2368 673/7106/2368 1042/7107/2368
f 605/7108/2369 640/7109/2369 641/7110/2369
f 1042/7111/2370 689/7112/2370 692/7113/2370
f 1147/7114/2371 1148/7115/2371 1238/7116/2371
f 1221/7117/2372 1010/7118/2372 1222/7119/2372
f 1027/7120/2373 769/7121/2373 1239/7122/2373
f 742/7123/2374 723/7124/2374 743/7125/2374
f 875/7126/2375 1220/7127/2375 110/7128/2375
f 1158/7129/2376 1101/7130/2376 815/7131/2376
f 839/7132/2377 868/7133/2377 840/7134/2377
f 1217/7135/2378 862/7136/2378 1224/7137/2378
f 1081/7138/2379 1203/7139/2379 1023/7140/2379
f 977/7141/2380 858/7142/2380 787/7143/2380
f 65/7144/2381 506/7145/2381 724/7146/2381
f 61/7147/2382 208/7148/2382 132/7149/2382
f 1224/7150/2383 862/7151/2383 861/7152/2383
f 406/7153/2384 548/7154/2384 1105/7155/2384
f 797/7156/2385 982/7157/2385 1196/7158/2385
f 1010/7159/2386 1221/7160/2386 1074/7161/2386
f 941/7162/2387 1084/7163/2387 1047/7164/2387
f 1052/7165/2388 271/7166/2388 1087/7167/2388
f 1165/7168/2389 1164/7169/2389 1181/7170/2389
f 988/7171/2390 487/7172/2390 1022/7173/2390
f 518/7174/2391 411/7175/2391 635/7176/2391
f 1127/7177/2392 1235/7178/2392 557/7179/2392
f 1126/7180/2393 1237/7181/2393 1231/7182/2393
f 1168/7183/2394 1176/7184/2394 710/7185/2394
f 1209/7186/2395 1235/7187/2395 1231/7188/2395
f 1237/7189/2396 1203/7190/2396 1231/7191/2396
f 1023/7192/2397 1203/7193/2397 1237/7194/2397
f 353/7195/2398 114/7196/2398 364/7197/2398
f 990/7198/2399 1200/7199/2399 1089/7200/2399
f 1052/7201/2400 1087/7202/2400 1178/7203/2400
f 972/7204/2401 1128/7205/2401 782/7206/2401
f 1236/7207/2402 680/7208/2402 1198/7209/2402
f 1209/7210/2403 658/7211/2403 1109/7212/2403
f 927/7213/2404 1234/7214/2404 1091/7215/2404
f 976/7216/2405 436/7217/2405 1227/7218/2405
f 400/7219/2406 1191/7220/2406 1071/7221/2406
f 1206/7222/2407 728/7223/2407 705/7224/2407
f 1157/7225/2408 1153/7226/2408 699/7227/2408
f 1228/7228/2409 705/7229/2409 647/7230/2409
f 687/7231/2410 871/7232/2410 1054/7233/2410
f 1239/7234/2411 1192/7235/2411 1027/7236/2411
f 1239/7237/2412 1218/7238/2412 1192/7239/2412
f 1141/7240/2413 170/7241/2413 1142/7242/2413
f 1220/7243/2414 399/7244/2414 110/7245/2414
f 1027/7246/2415 1192/7247/2415 1193/7248/2415
f 1239/7249/2416 769/7250/2416 930/7251/2416
f 778/7252/2417 1225/7253/2417 776/7254/2417
f 1151/7255/2418 929/7256/2418 863/7257/2418
f 1239/7258/2419 819/7259/2419 1218/7260/2419
f 1093/7261/2420 834/7262/2420 896/7263/2420
f 845/7264/2421 890/7265/2421 1161/7266/2421
f 1191/7267/2422 400/7268/2422 619/7269/2422
f 900/7270/2423 1234/7271/2423 927/7272/2423
f 632/7273/2424 1201/7274/2424 703/7275/2424
f 1185/7276/2425 1161/7277/2425 1215/7278/2425
f 977/7279/2426 787/7280/2426 1103/7281/2426
f 595/7282/2427 594/7283/2427 555/7284/2427
f 1210/7285/2428 1082/7286/2428 1019/7287/2428
f 1212/7288/2429 903/7289/2429 1170/7290/2429
f 1095/7291/2430 1004/7292/2430 1173/7293/2430
f 1026/7294/2431 1095/7295/2431 1173/7296/2431
f 1127/7297/2432 1199/7298/2432 1137/7299/2432
f 423/7300/2433 632/7301/2433 703/7302/2433
f 1022/7303/2434 1021/7304/2434 1096/7305/2434
f 1092/7306/2435 1099/7307/2435 1238/7308/2435
f 1150/7309/2436 820/7310/2436 936/7311/2436
f 936/7312/2437 819/7313/2437 930/7314/2437
f 1195/7315/2438 363/7316/2438 1162/7317/2438
f 655/7318/2439 1233/7319/2439 571/7320/2439
f 1239/7321/2440 930/7322/2440 819/7323/2440
f 837/7324/2441 1093/7325/2441 1204/7326/2441
f 1240/7327/2442 1099/7328/2442 611/7329/2442
f 896/7330/2443 911/7331/2443 1075/7332/2443
f 1240/7333/2444 1147/7334/2444 1238/7335/2444
f 1146/7336/2445 519/7337/2445 440/7338/2445
f 1222/7339/2446 789/7340/2446 788/7341/2446
f 1143/7342/2447 875/7343/2447 874/7344/2447
f 887/7345/2448 1206/7346/2448 888/7347/2448
f 1128/7348/2449 972/7349/2449 1230/7350/2449
f 1230/7351/2450 972/7352/2450 807/7353/2450
f 1173/7354/2451 1174/7355/2451 1026/7356/2451
f 1175/7357/2452 904/7358/2452 1212/7359/2452
f 904/7360/2453 1175/7361/2453 1019/7362/2453
f 772/7363/2454 627/7364/2454 1174/7365/2454
f 1237/7366/2455 807/7367/2455 1023/7368/2455
f 480/7369/2456 1077/7370/2456 1228/7371/2456
f 922/7372/2457 1228/7373/2457 923/7374/2457
f 1092/7375/2458 1238/7376/2458 1148/7377/2458
f 1177/7378/2459 687/7379/2459 1080/7380/2459
f 789/7381/2460 1222/7382/2460 1010/7383/2460
f 865/7384/2461 1177/7385/2461 1080/7386/2461
f 1206/7387/2462 705/7388/2462 888/7389/2462
f 1116/7390/2463 843/7391/2463 1100/7392/2463
f 1228/7393/2464 922/7394/2464 705/7395/2464
f 843/7396/2465 1116/7397/2465 863/7398/2465
f 1025/7399/2466 1096/7400/2466 1095/7401/2466
f 1149/7402/2467 293/7403/2467 1108/7404/2467
f 705/7405/2468 922/7406/2468 888/7407/2468
f 1077/7408/2469 923/7409/2469 1228/7410/2469
f 1238/7411/2470 1099/7412/2470 1240/7413/2470
f 1107/7414/2471 1189/7415/2471 827/7416/2471
f 611/7417/2472 1147/7418/2472 1240/7419/2472
f 290/7420/2473 932/7421/2473 933/7422/2473
f 1204/7423/2474 800/7424/2474 799/7425/2474
f 389/7426/2475 1191/7427/2475 619/7428/2475
f 1196/7429/2476 982/7430/2476 1085/7431/2476
f 890/7432/2477 1027/7433/2477 1193/7434/2477
f 782/7435/2478 1128/7436/2478 967/7437/2478
f 1212/7438/2479 904/7439/2479 903/7440/2479
f 1230/7441/2480 807/7442/2480 1237/7443/2480
f 887/7444/2481 1208/7445/2481 1206/7446/2481
f 436/7447/2482 401/7448/2482 1227/7449/2482
f 345/7450/2483 1092/7451/2483 1148/7452/2483
f 1085/7453/2484 1061/7454/2484 1079/7455/2484
f 1064/7456/2485 1079/7457/2485 1061/7458/2485
f 699/7459/2486 698/7460/2486 1104/7461/2486
f 474/7462/2487 383/7463/2487 650/7464/2487
f 1211/7465/2488 1215/7466/2488 1161/7467/2488
f 1041/7468/2489 1042/7469/2489 673/7470/2489
f 1026/7471/2490 1174/7472/2490 627/7473/2490
f 871/7474/2491 768/7475/2491 1054/7476/2491
f 189/7477/2492 1206/7478/2492 1208/7479/2492
f 936/7480/2493 820/7481/2493 819/7482/2493
f 856/7483/2494 702/7484/2494 1103/7485/2494
f 1225/7486/2495 1177/7487/2495 865/7488/2495
f 815/7489/2496 1186/7490/2496 1158/7491/2496
f 776/7492/2497 1225/7493/2497 865/7494/2497
f 1141/7495/2498 430/7496/2498 170/7497/2498
