# Blender v3.0.0 OBJ File: ''
# www.blender.org
mtllib robot.mtl
o robot
v 0.069431 0.306483 -0.008001
v 0.077371 0.287780 -0.004784
v 0.050474 0.261129 -0.000348
v 0.031192 0.268917 -0.001560
v 0.023269 0.287740 -0.005006
v 0.031003 0.306763 -0.008186
v 0.050176 0.314565 -0.009524
v 0.069434 0.268921 -0.001519
v 0.050415 0.284791 -0.021153
v 0.069445 0.303532 -0.024457
v 0.077328 0.284791 -0.021153
v 0.050415 0.311295 -0.025826
v 0.031385 0.303532 -0.024457
v 0.023502 0.284791 -0.021153
v 0.031385 0.266050 -0.017848
v 0.050415 0.258287 -0.016480
v 0.069445 0.266050 -0.017848
v 0.020821 0.323134 -0.033418
v 0.045654 0.320671 -0.032150
v 0.030806 0.314842 -0.033418
v 0.029869 0.333917 -0.032150
v 0.066350 0.318915 -0.027118
v 0.037215 0.342672 -0.023341
v 0.069345 0.322115 -0.009441
v 0.040412 0.346481 -0.009303
v 0.058545 0.326510 0.004753
v 0.038066 0.343686 0.004753
v 0.047321 0.322658 0.014505
v 0.031535 0.335903 0.014505
v 0.035932 0.313814 0.017110
v 0.022462 0.325090 0.017110
v 0.027341 0.303575 0.011845
v 0.013862 0.314840 0.011845
v 0.008355 0.308278 0.000063
v 0.021991 0.296813 -0.006346
v 0.007950 0.307795 -0.014525
v 0.021710 0.296250 -0.023090
v 0.012466 0.313177 -0.026804
v 0.020864 0.306130 -0.026804
v 0.053032 0.320673 -0.010461
v 0.035597 0.312724 -0.009129
v 0.027121 0.302637 -0.007401
v 0.106313 0.033856 -0.037627
v 0.105066 0.034615 -0.054154
v 0.106313 0.037834 -0.050897
v 0.105066 0.050917 -0.061127
v 0.106313 0.051019 -0.056358
v 0.105066 0.067490 -0.054120
v 0.106313 0.064208 -0.050895
v 0.105076 0.074354 -0.037603
v 0.106313 0.068192 -0.037627
v 0.105052 0.027770 -0.037643
v 0.106313 0.037834 -0.024358
v 0.105066 0.034578 -0.021024
v 0.105066 0.051109 -0.014154
v 0.106313 0.051019 -0.018896
v 0.105066 0.067456 -0.021120
v 0.106313 0.064208 -0.024359
v 0.096984 0.050791 -0.062119
v 0.096984 0.068026 -0.054802
v 0.096984 0.075266 -0.037578
v 0.096984 0.067950 -0.020381
v 0.096984 0.051052 -0.013267
v 0.096984 0.033941 -0.020286
v 0.096984 0.026832 -0.037658
v 0.096984 0.034146 -0.054870
v 0.087930 0.108487 -0.010566
v 0.073250 0.108487 0.010712
v 0.082605 0.073500 0.021404
v 0.096123 0.053687 -0.002049
v 0.076331 0.144239 -0.009133
v 0.064283 0.150747 0.008684
v 0.072155 0.138383 -0.042377
v 0.078129 0.111253 -0.060420
v 0.071251 0.159123 -0.023146
v 0.071312 0.152421 -0.007181
v 0.070187 0.153920 -0.038496
v 0.089652 0.057378 -0.069046
v 0.074032 0.063022 -0.078381
v 0.055023 0.064085 -0.080393
v 0.055023 0.110487 -0.069733
v 0.055023 0.140464 -0.048808
v 0.055023 0.157978 -0.044504
v 0.055023 0.108487 0.016616
v 0.055023 0.079601 0.027410
v 0.078954 0.053379 -0.068076
v 0.055023 0.054451 -0.071094
v 0.078205 0.065782 0.018958
v 0.084743 0.050915 -0.000702
v 0.055023 0.069507 0.023123
v 0.084739 0.050992 -0.013769
v 0.062717 0.174800 -0.029628
v 0.071274 0.190695 -0.023248
v 0.071274 0.174979 -0.029595
v 0.062701 0.190657 -0.023060
v 0.071274 0.197212 -0.007317
v 0.062446 0.197224 -0.007177
v 0.071274 0.190674 0.008584
v 0.062446 0.190657 0.008678
v 0.071274 0.174756 0.015089
v 0.062745 0.174742 0.015206
v 0.071274 0.159001 0.008616
v 0.062768 0.158959 0.008684
v 0.062743 0.158945 -0.023060
v 0.084811 0.050778 -0.061614
v 0.084708 0.033941 -0.020286
v 0.084580 0.026832 -0.037658
v 0.084708 0.034146 -0.054870
v -0.000736 0.033856 -0.037627
v -0.000736 0.037834 -0.050897
v 0.000814 0.034615 -0.054154
v 0.000814 0.050917 -0.061127
v -0.000736 0.051019 -0.056358
v 0.000814 0.067490 -0.054120
v -0.000736 0.064208 -0.050895
v 0.000804 0.074354 -0.037603
v -0.000736 0.068192 -0.037627
v 0.000828 0.027770 -0.037643
v 0.000814 0.034578 -0.021024
v -0.000736 0.037834 -0.024358
v 0.000814 0.051110 -0.014154
v -0.000736 0.051019 -0.018896
v 0.000814 0.067456 -0.021120
v -0.000736 0.064208 -0.024359
v 0.008112 0.050791 -0.062119
v 0.008112 0.068026 -0.054802
v 0.008112 0.075266 -0.037578
v 0.008112 0.067950 -0.020381
v 0.008112 0.051052 -0.013267
v 0.008112 0.033941 -0.020286
v 0.008112 0.026832 -0.037658
v 0.008112 0.034146 -0.054870
v 0.016888 0.108487 -0.010566
v 0.022213 0.073500 0.021404
v 0.031568 0.108487 0.010712
v 0.009294 0.053687 -0.002049
v 0.028487 0.144239 -0.009133
v 0.040535 0.150747 0.008684
v 0.032663 0.138383 -0.042377
v 0.026689 0.111253 -0.060420
v 0.033512 0.152421 -0.007181
v 0.042532 0.158959 0.008684
v 0.033573 0.159123 -0.023146
v 0.034631 0.153921 -0.038496
v 0.030786 0.063023 -0.078381
v 0.013262 0.057378 -0.069428
v 0.041682 0.150686 0.021043
v 0.025864 0.053379 -0.068076
v 0.026613 0.065782 0.018958
v 0.020075 0.050915 -0.000702
v 0.020079 0.050992 -0.013769
v 0.042583 0.174800 -0.029628
v 0.033549 0.174979 -0.029595
v 0.033549 0.190695 -0.023248
v 0.042587 0.190657 -0.023062
v 0.033549 0.197212 -0.007317
v 0.042372 0.197224 -0.007177
v 0.033549 0.190674 0.008584
v 0.042372 0.190657 0.008678
v 0.033549 0.174756 0.015089
v 0.042532 0.174742 0.015206
v 0.033549 0.159001 0.008616
v 0.042557 0.158945 -0.023060
v 0.020007 0.050778 -0.061614
v 0.020110 0.033941 -0.020286
v 0.020238 0.026832 -0.037658
v 0.020110 0.034146 -0.054870
v 0.024583 0.163725 -0.018537
v 0.024583 0.174970 -0.024595
v 0.025746 0.174995 -0.028817
v 0.025746 0.190168 -0.022735
v 0.024583 0.187126 -0.019560
v 0.025746 0.196405 -0.007362
v 0.024583 0.192163 -0.007399
v 0.025737 0.190112 0.007881
v 0.024583 0.186110 0.003848
v 0.025759 0.159768 -0.022515
v 0.025746 0.153372 -0.007242
v 0.024583 0.157668 -0.007293
v 0.025746 0.159670 0.008014
v 0.024583 0.162703 0.004863
v 0.025746 0.174868 0.014129
v 0.024583 0.174863 0.009900
v 0.080280 0.163725 -0.018537
v 0.079083 0.174995 -0.028817
v 0.080280 0.174970 -0.024595
v 0.079083 0.190168 -0.022735
v 0.080280 0.187126 -0.019560
v 0.079083 0.196405 -0.007362
v 0.080280 0.192163 -0.007399
v 0.079093 0.190111 0.007881
v 0.080280 0.186110 0.003848
v 0.079071 0.159768 -0.022515
v 0.080280 0.157668 -0.007293
v 0.079083 0.153372 -0.007242
v 0.079083 0.159670 0.008014
v 0.080280 0.162703 0.004863
v 0.079083 0.174868 0.014129
v 0.080280 0.174863 0.009900
v 0.007228 0.038424 0.004720
v 0.024890 0.042328 0.042971
v 0.025059 0.056299 0.031866
v 0.001781 0.013544 0.015147
v 0.007748 0.013545 -0.017120
v 0.007748 0.032534 -0.017399
v 0.020586 0.038424 -0.074525
v 0.007748 0.013544 -0.057645
v 0.007748 0.032514 -0.057318
v 0.022343 0.020221 -0.074900
v 0.055063 0.048353 0.045321
v 0.055063 0.062614 0.036623
v 0.007416 0.013620 0.050844
v 0.022838 0.018775 0.071627
v 0.055063 0.023817 0.076865
v 0.025107 0.056136 0.024815
v 0.055063 0.062128 0.029484
v 0.013324 0.042142 0.001205
v 0.011346 0.036232 -0.057161
v 0.011346 0.036252 -0.017399
v 0.024279 0.042223 -0.070341
v 0.055063 0.020221 -0.078019
v 0.055063 0.038424 -0.078711
v 0.055063 0.042208 -0.074253
v 0.010676 -0.000068 -0.017120
v 0.001329 -0.000068 0.017432
v 0.007748 -0.000068 -0.058790
v 0.021890 0.006782 -0.078250
v 0.022385 0.005086 0.076465
v 0.006963 0.000008 0.053130
v 0.055063 0.010129 0.081703
v 0.055063 0.006706 -0.081703
v 0.055063 -0.000068 0.017432
v 0.055063 -0.000068 -0.018058
v 0.055063 -0.000068 -0.061945
v 0.055063 0.005265 0.076310
v 0.055063 0.000008 0.053130
v 0.025107 0.082130 0.011867
v 0.055063 0.082130 0.017230
v 0.021986 0.082130 -0.005379
v 0.011351 0.056179 -0.059642
v 0.055063 0.061304 -0.069252
v 0.027582 0.059936 -0.066662
v 0.101259 0.038424 0.004720
v 0.079317 0.056299 0.031866
v 0.079486 0.042328 0.042971
v 0.106706 0.013544 0.015147
v 0.096628 0.013545 -0.017120
v 0.096628 0.032534 -0.017399
v 0.083790 0.038424 -0.074525
v 0.096628 0.032514 -0.057318
v 0.096628 0.013544 -0.057645
v 0.082033 0.020221 -0.074900
v 0.096960 0.013620 0.050844
v 0.081538 0.018775 0.071627
v 0.079269 0.056136 0.024815
v 0.091052 0.042142 0.001205
v 0.093030 0.036232 -0.057161
v 0.093030 0.036252 -0.017399
v 0.080097 0.042223 -0.070341
v 0.093700 -0.000068 -0.017120
v 0.107159 -0.000068 0.017432
v 0.096628 -0.000068 -0.058790
v 0.082486 0.006782 -0.078250
v 0.081990 0.005086 0.076465
v 0.097412 0.000008 0.053130
v 0.079269 0.082130 0.011867
v 0.082389 0.082130 -0.005379
v 0.093024 0.056179 -0.059642
v 0.076794 0.059936 -0.066662
v 0.062548 0.150626 0.021103
v 0.033375 0.166169 0.030878
v 0.032870 0.170782 0.019736
v 0.033638 0.159513 0.013745
v 0.071301 0.159460 0.013920
v 0.071286 0.166082 0.031026
v 0.071860 0.170729 0.019910
v 0.062532 0.166170 0.032999
v 0.042008 0.166204 0.033026
v 0.064858 0.199130 0.021743
v 0.066877 0.195872 0.014597
v 0.037990 0.195872 0.014597
v 0.040184 0.199190 0.021683
v 0.033065 0.183646 0.019932
v 0.071992 0.183646 0.019932
v 0.033374 0.189403 0.030130
v 0.071286 0.188505 0.030133
v 0.062531 0.189297 0.032051
v 0.042007 0.189331 0.032078
v 0.114354 0.437829 -0.008760
v 0.116967 0.495694 -0.015254
v 0.116971 0.437829 -0.015189
v 0.114334 0.495694 -0.008576
v 0.123278 0.495694 -0.017801
v 0.123272 0.437829 -0.017776
v 0.129630 0.495694 -0.015148
v 0.129588 0.437829 -0.015153
v 0.132315 0.495694 -0.008576
v 0.132223 0.437829 -0.008760
v 0.129579 0.495694 -0.002494
v 0.129570 0.437829 -0.002539
v 0.123278 0.495694 -0.000009
v 0.123272 0.437829 0.000026
v 0.116943 0.495694 -0.002483
v 0.116963 0.437829 -0.002535
v 0.123440 0.374474 -0.021138
v 0.117898 0.369458 -0.008748
v 0.117901 0.374302 -0.020731
v 0.123429 0.369458 -0.008748
v 0.123448 0.387475 -0.029415
v 0.123494 0.373375 -0.023664
v 0.114480 0.387417 -0.029415
v 0.114480 0.372901 -0.023376
v 0.123448 0.402045 -0.023380
v 0.114480 0.401987 -0.023380
v 0.123448 0.408081 -0.008747
v 0.114480 0.408023 -0.008747
v 0.117903 0.374719 0.004026
v 0.123434 0.374719 0.004026
v 0.117917 0.387429 0.009289
v 0.123447 0.387429 0.009289
v 0.117924 0.399242 0.004285
v 0.123475 0.399570 0.004135
v 0.123458 0.402037 0.005868
v 0.114480 0.402037 0.005868
v 0.128961 0.369458 -0.008748
v 0.128964 0.374302 -0.020732
v 0.132415 0.372901 -0.023376
v 0.132415 0.387533 -0.029415
v 0.132415 0.402103 -0.023380
v 0.132415 0.408139 -0.008747
v 0.128966 0.374719 0.004026
v 0.128980 0.387429 0.009289
v 0.128987 0.399242 0.004285
v 0.132415 0.402037 0.005868
v 0.138714 0.369458 -0.008748
v 0.138698 0.374619 -0.021478
v 0.132415 0.366796 -0.008747
v 0.138698 0.387289 -0.026726
v 0.138698 0.399959 -0.021478
v 0.138714 0.405205 -0.008747
v 0.139537 0.373101 -0.008747
v 0.139537 0.377147 -0.018954
v 0.139537 0.387289 -0.023155
v 0.139537 0.397434 -0.018953
v 0.139537 0.401392 -0.008747
v 0.132415 0.372859 0.005950
v 0.138698 0.374719 0.004026
v 0.132415 0.387494 0.012012
v 0.138698 0.387429 0.009290
v 0.138698 0.399959 0.003983
v 0.139537 0.377147 0.001460
v 0.139537 0.387289 0.005661
v 0.139537 0.397434 0.001458
v 0.108689 0.369275 -0.008747
v 0.108705 0.374503 -0.021478
v 0.114480 0.366811 -0.008747
v 0.108705 0.387173 -0.026726
v 0.108705 0.399843 -0.021478
v 0.108689 0.405089 -0.008747
v 0.114480 0.372846 0.005885
v 0.108705 0.374503 0.003983
v 0.114480 0.387417 0.011920
v 0.108705 0.387173 0.009231
v 0.108705 0.399843 0.003983
v 0.117064 0.372561 -0.022633
v 0.117064 0.366796 -0.008747
v 0.117064 0.372859 0.005950
v 0.117064 0.387494 0.012012
v 0.117063 0.401161 0.006234
v 0.129672 0.372600 -0.022633
v 0.129672 0.366796 -0.008747
v 0.129672 0.372859 0.005950
v 0.129671 0.387494 0.012012
v 0.129671 0.401161 0.006234
v 0.114365 0.401780 -0.008859
v 0.116972 0.412868 -0.015169
v 0.116973 0.401780 -0.015155
v 0.114361 0.412868 -0.008819
v 0.123271 0.412868 -0.017768
v 0.123269 0.401780 -0.017763
v 0.129575 0.412868 -0.015154
v 0.129566 0.401780 -0.015155
v 0.132194 0.412868 -0.008819
v 0.132174 0.401780 -0.008859
v 0.129568 0.412868 -0.002553
v 0.129566 0.401780 -0.002562
v 0.123271 0.412868 0.000038
v 0.123269 0.401780 0.000045
v 0.116969 0.412868 -0.002551
v 0.116973 0.401780 -0.002562
v 0.107909 0.432196 -0.008746
v 0.111454 0.432196 -0.022482
v 0.123213 0.432196 -0.025998
v 0.135618 0.432196 -0.022447
v 0.139181 0.432196 -0.008746
v 0.135600 0.432196 0.004558
v 0.123213 0.432196 0.008053
v 0.111446 0.432196 0.004561
v 0.035955 0.387837 -0.014535
v 0.019519 0.387077 -0.023308
v 0.027323 0.395501 -0.021688
v 0.045013 0.394047 -0.012457
v 0.000000 0.386532 -0.026721
v 0.000000 0.395569 -0.024775
v 0.016792 0.379300 0.047467
v 0.031405 0.379894 0.029726
v 0.046774 0.388602 0.024574
v 0.027128 0.388319 0.046434
v 0.000000 0.378567 0.051777
v 0.000000 0.387395 0.050235
v 0.043232 0.384283 0.002254
v 0.052689 0.390485 0.004563
v 0.034683 0.380570 -0.010867
v 0.018340 0.377753 -0.020449
v 0.000000 0.377600 -0.023735
v 0.017990 0.369100 0.043501
v 0.031049 0.371585 0.024178
v 0.000000 0.367774 0.047566
v 0.044514 0.377721 0.003353
v 0.032542 0.374067 -0.010599
v 0.014832 0.368867 -0.020240
v 0.000000 0.369052 -0.024384
v 0.014968 0.356352 0.042119
v 0.029660 0.364764 0.022122
v 0.000000 0.356272 0.046566
v 0.040043 0.372079 0.001541
v 0.032594 0.368168 -0.012277
v 0.017094 0.360847 -0.024892
v 0.000000 0.360711 -0.028091
v 0.032361 0.357520 0.025536
v 0.016916 0.345214 0.033135
v 0.000000 0.343328 0.036274
v 0.040928 0.367348 0.002128
v 0.000000 0.335829 0.044716
v 0.000000 0.316809 0.039620
v 0.026096 0.318914 0.035762
v 0.019021 0.338005 0.040877
v 0.046040 0.336912 0.028193
v 0.039923 0.353766 0.032708
v 0.058274 0.347434 0.013106
v 0.051223 0.362702 0.017197
v 0.058274 0.352403 -0.005437
v 0.051223 0.367670 -0.001347
v 0.046040 0.350834 -0.023764
v 0.039923 0.367687 -0.019248
v 0.029117 0.339032 -0.039318
v 0.022041 0.358123 -0.034203
v 0.000000 0.339137 -0.043712
v 0.000000 0.358157 -0.038616
v 0.000000 0.296647 0.025373
v 0.015447 0.297534 0.022064
v 0.015447 0.313667 -0.038146
v 0.000000 0.314553 -0.041454
v 0.000000 0.288511 0.007254
v 0.012747 0.289003 0.005418
v 0.012747 0.297956 -0.027996
v 0.000000 0.298448 -0.029832
v 0.012464 0.290567 -0.012847
v 0.000000 0.290567 -0.012847
v 0.030865 0.317925 0.027435
v 0.047317 0.335386 0.022201
v 0.053150 0.341541 0.009525
v 0.053150 0.345515 -0.005310
v 0.047317 0.344500 -0.018169
v 0.033746 0.334019 -0.032628
v 0.018026 0.299811 0.016206
v 0.020310 0.314279 -0.031602
v 0.016729 0.296251 0.003765
v 0.016729 0.303413 -0.022966
v 0.016502 0.297502 -0.010847
v 0.024321 0.321827 0.019481
v 0.032008 0.331059 0.016389
v 0.038451 0.338741 0.008057
v 0.041516 0.342159 -0.005243
v 0.038267 0.338699 -0.018446
v 0.031068 0.330265 -0.026887
v 0.016437 0.312606 0.014820
v 0.022584 0.320033 -0.028173
v 0.011437 0.306306 0.002679
v 0.015662 0.311660 -0.022596
v 0.011117 0.305691 -0.010608
v 0.081485 0.511960 -0.045229
v 0.083376 0.480977 -0.055899
v 0.046266 0.482515 -0.058986
v 0.046266 0.513283 -0.046419
v 0.088606 0.441817 -0.047703
v 0.046266 0.449526 -0.056505
v 0.069824 0.400743 -0.025401
v 0.046266 0.400725 -0.036006
v 0.094164 0.425746 -0.025893
v 0.054207 0.453201 0.066727
v 0.087502 0.458420 0.053281
v 0.082644 0.491798 0.049678
v 0.051481 0.491798 0.052798
v 0.082338 0.510320 0.033721
v 0.046266 0.510322 0.034356
v 0.082168 0.525415 0.003047
v 0.052359 0.525392 0.003618
v 0.081547 0.525083 -0.021912
v 0.046238 0.525356 -0.022066
v -0.000359 0.513050 -0.046551
v 0.025658 0.518698 -0.037040
v -0.000359 0.482516 -0.058986
v -0.000359 0.449526 -0.056505
v -0.000359 0.400725 -0.036006
v 0.052886 0.417046 0.068590
v 0.047843 0.396984 0.055141
v 0.082695 0.411580 0.053923
v 0.092827 0.432755 0.037504
v 0.069823 0.392951 0.036247
v 0.025556 0.491962 0.052766
v 0.044863 0.536953 -0.013085
v 0.051530 0.530061 0.005743
v 0.025658 0.542157 -0.028502
v -0.000359 0.544584 -0.035171
v 0.036598 0.514317 0.048992
v 0.025658 0.510776 0.057716
v 0.044517 0.517407 0.038489
v 0.050270 0.523515 0.023931
v 0.041567 0.537872 -0.010726
v 0.047724 0.531631 0.006314
v 0.023755 0.542599 -0.024834
v -0.000359 0.544852 -0.031024
v 0.013297 0.509613 0.062005
v 0.023755 0.513472 0.055190
v 0.012609 0.512186 0.059311
v 0.041605 0.520064 0.036992
v 0.034292 0.516152 0.048002
v 0.046359 0.525054 0.023274
v -0.000359 0.508349 0.064385
v -0.000359 0.485739 0.057314
v 0.088908 0.408970 0.002047
v 0.080411 0.397543 0.004274
v 0.096212 0.424911 0.001108
v -0.000359 0.396984 0.061358
v 0.028258 0.396984 0.060971
v 0.035958 0.514811 -0.009305
v 0.041263 0.509432 0.005380
v 0.020608 0.518884 -0.021462
v -0.000359 0.520826 -0.026796
v 0.020608 0.493784 0.047499
v -0.000359 0.491843 0.052833
v -0.000359 0.511220 0.061380
v 0.036116 0.499088 0.032926
v 0.085089 0.509351 -0.042227
v 0.085579 0.480440 -0.052054
v 0.090739 0.444228 -0.044396
v 0.095149 0.429312 -0.024152
v 0.089537 0.459638 0.049333
v 0.085179 0.490699 0.045986
v 0.085115 0.507940 0.031095
v 0.085017 0.522792 0.002728
v 0.084178 0.522589 -0.020466
v 0.094146 0.435817 0.034690
v 0.096706 0.428536 0.000909
v 0.085269 0.432515 0.000115
v 0.085269 0.433990 -0.022362
v 0.085269 0.439465 0.030587
v 0.085269 0.447462 -0.042596
v 0.085269 0.460392 0.045414
v 0.015105 0.465253 0.064692
v 0.028485 0.452487 0.069013
v -0.000359 0.469153 0.063171
v 0.032618 0.436091 0.070474
v 0.028161 0.418588 0.071149
v -0.000359 0.416791 0.071820
v 0.013317 0.461076 0.062623
v 0.025177 0.449986 0.063712
v 0.026947 0.451543 0.067986
v 0.014438 0.463111 0.063813
v -0.000359 0.464672 0.062275
v -0.000359 0.466916 0.062609
v 0.028964 0.435771 0.065115
v 0.031147 0.436077 0.069275
v 0.024923 0.421151 0.066562
v 0.026854 0.420082 0.070029
v -0.000359 0.421177 0.066480
v -0.000359 0.419060 0.070682
v -0.082203 0.511960 -0.045229
v -0.046985 0.482515 -0.058986
v -0.084095 0.480977 -0.055899
v -0.046985 0.513283 -0.046419
v -0.046985 0.449526 -0.056505
v -0.089325 0.441817 -0.047703
v -0.046985 0.400725 -0.036006
v -0.070542 0.400743 -0.025401
v -0.094883 0.425746 -0.025893
v -0.054926 0.453201 0.066727
v -0.083362 0.491798 0.049678
v -0.088220 0.458420 0.053281
v -0.052200 0.491798 0.052798
v -0.083057 0.510320 0.033721
v -0.046985 0.510322 0.034356
v -0.053077 0.525392 0.003618
v -0.082886 0.525415 0.003047
v -0.082266 0.525083 -0.021912
v -0.046957 0.525356 -0.022066
v -0.026377 0.518698 -0.037040
v -0.053604 0.417046 0.068590
v -0.083414 0.411580 0.053923
v -0.048562 0.396984 0.055141
v -0.093546 0.432755 0.037504
v -0.070542 0.392951 0.036247
v -0.026275 0.491962 0.052766
v -0.045581 0.536953 -0.013085
v -0.052248 0.530062 0.005743
v -0.026377 0.542157 -0.028502
v -0.037317 0.514317 0.048992
v -0.026377 0.510776 0.057716
v -0.045235 0.517408 0.038489
v -0.050988 0.523515 0.023931
v -0.042286 0.537872 -0.010726
v -0.048443 0.531631 0.006314
v -0.024474 0.542599 -0.024834
v -0.014016 0.509613 0.062005
v -0.024474 0.513473 0.055190
v -0.013327 0.512186 0.059311
v -0.042323 0.520064 0.036992
v -0.035010 0.516152 0.048002
v -0.047077 0.525054 0.023274
v -0.089626 0.408970 0.002047
v -0.081129 0.397543 0.004274
v -0.096931 0.424911 0.001108
v -0.045261 0.394047 -0.012491
v -0.027571 0.395501 -0.021722
v -0.047133 0.388602 0.024574
v -0.027375 0.388319 0.046527
v -0.028977 0.396984 0.060971
v -0.052936 0.390485 0.004529
v -0.036676 0.514811 -0.009305
v -0.041982 0.509432 0.005380
v -0.021327 0.518884 -0.021462
v -0.021327 0.493784 0.047499
v -0.036835 0.499088 0.032926
v -0.085448 0.509351 -0.042227
v -0.085938 0.480440 -0.052054
v -0.091457 0.444228 -0.044396
v -0.095868 0.429312 -0.024152
v -0.090256 0.459638 0.049333
v -0.085538 0.490699 0.045986
v -0.085474 0.507940 0.031095
v -0.085376 0.522792 0.002728
v -0.084538 0.522589 -0.020466
v -0.094865 0.435817 0.034690
v -0.097424 0.428536 0.000909
v -0.085628 0.432515 0.000115
v -0.085628 0.433990 -0.022362
v -0.085628 0.439465 0.030587
v -0.085628 0.447462 -0.042596
v -0.085628 0.460392 0.045414
v -0.015824 0.465253 0.064692
v -0.029203 0.452487 0.069013
v -0.033337 0.436091 0.070474
v -0.028880 0.418588 0.071149
v -0.014036 0.461076 0.062623
v -0.027666 0.451543 0.067986
v -0.025895 0.449986 0.063712
v -0.015157 0.463111 0.063813
v -0.031866 0.436077 0.069275
v -0.029682 0.435771 0.065115
v -0.027572 0.420082 0.070029
v -0.025641 0.421151 0.066562
v 0.102728 0.248556 0.050332
v 0.096003 0.252145 0.046993
v 0.094192 0.249572 0.047874
v 0.100917 0.245983 0.051214
v 0.103448 0.243870 0.043846
v 0.096724 0.247460 0.040507
v 0.099989 0.248547 0.040557
v 0.103351 0.246752 0.042226
v 0.102870 0.249665 0.046282
v 0.099508 0.251460 0.044612
v 0.100983 0.242832 0.043365
v 0.096874 0.245026 0.041324
v 0.094672 0.246937 0.047820
v 0.098781 0.244744 0.049861
v 0.122061 0.252875 0.030024
v 0.110950 0.243717 0.039347
v 0.097034 0.251145 0.032437
v 0.105939 0.261481 0.022019
v 0.122579 0.265512 0.042565
v 0.106457 0.274118 0.034560
v 0.097027 0.262100 0.044227
v 0.110943 0.254672 0.051137
v 0.110789 0.265429 0.022043
v 0.123314 0.258744 0.028262
v 0.124481 0.267710 0.035550
v 0.111956 0.274395 0.029331
v 0.107161 0.243243 0.042436
v 0.095860 0.249275 0.036824
v 0.094964 0.255665 0.045498
v 0.106264 0.249633 0.051110
v 0.104948 0.234750 0.043072
v 0.096669 0.224414 0.042740
v 0.085881 0.230172 0.037384
v 0.090351 0.242541 0.035824
v 0.099629 0.236790 0.055977
v 0.085032 0.244581 0.048729
v 0.082732 0.234211 0.048068
v 0.093520 0.228453 0.053424
v 0.090104 0.222146 0.052748
v 0.080109 0.227482 0.047784
v 0.083005 0.226371 0.040757
v 0.093001 0.221036 0.045720
v 0.093898 0.246638 0.038270
v 0.105132 0.240641 0.043849
v 0.101704 0.243380 0.053698
v 0.090469 0.249377 0.048120
v 0.122895 0.268095 0.031831
v 0.125993 0.271071 0.028677
v 0.117147 0.272838 0.028111
v 0.116140 0.271985 0.029048
v 0.123069 0.263485 0.025770
v 0.116957 0.267263 0.024428
v 0.115652 0.269753 0.029314
v 0.119841 0.267517 0.031395
v 0.119396 0.263343 0.027822
v 0.115206 0.265580 0.025742
v 0.125313 0.271524 0.024920
v 0.119774 0.271945 0.025003
v 0.120085 0.264924 0.022262
v 0.125269 0.264199 0.022243
v 0.144909 0.278604 0.002630
v 0.134929 0.277621 0.026112
v 0.133437 0.256345 0.018347
v 0.138755 0.251870 0.002630
v 0.144945 0.278604 -0.020159
v 0.138871 0.251893 -0.020159
v 0.136751 0.278604 -0.033895
v 0.133437 0.256259 -0.034321
v 0.140577 0.287970 0.002630
v 0.132160 0.286072 0.018037
v 0.140636 0.287970 -0.020159
v 0.131923 0.286422 -0.029108
v 0.118229 0.255657 -0.035488
v 0.118377 0.278604 -0.035040
v 0.118104 0.286859 -0.029901
v 0.115521 0.256164 0.018748
v 0.111016 0.277349 0.026423
v 0.106454 0.278604 0.002630
v 0.110142 0.258292 0.002630
v 0.106422 0.278604 -0.020159
v 0.110945 0.259117 -0.020159
v 0.110241 0.278604 -0.032372
v 0.113065 0.262264 -0.032479
v 0.110630 0.286017 0.018308
v 0.107307 0.287970 0.002630
v 0.107253 0.287970 -0.020159
v 0.120109 0.250880 0.002630
v 0.120109 0.250880 -0.020159
v 0.131225 0.254885 0.013850
v 0.131635 0.253633 0.009356
v 0.132135 0.252977 -0.025829
v 0.131827 0.254260 -0.029401
v 0.124606 0.253414 0.009305
v 0.125351 0.254724 0.013953
v 0.127550 0.252756 -0.025824
v 0.127377 0.254107 -0.029436
v 0.132815 0.251631 -0.005696
v 0.132854 0.251639 -0.010310
v 0.126826 0.251440 -0.010310
v 0.126816 0.251442 -0.005696
v 0.132911 0.248160 -0.011601
v 0.132911 0.250223 -0.011601
v 0.132911 0.250223 -0.004309
v 0.132911 0.248160 -0.004309
v 0.124881 0.247634 -0.011601
v 0.124881 0.247634 -0.004309
v 0.124746 0.250329 -0.004309
v 0.124746 0.250329 -0.011601
v 0.132780 0.247158 -0.005333
v 0.132780 0.247158 -0.010646
v 0.125763 0.246590 -0.010620
v 0.125815 0.246654 -0.005333
v 0.120766 0.241164 -0.017150
v 0.119574 0.221861 -0.016547
v 0.119574 0.221861 0.000674
v 0.120766 0.241164 0.001277
v 0.138562 0.240427 -0.017150
v 0.138562 0.240427 0.001277
v 0.135601 0.220391 0.000674
v 0.135601 0.220391 -0.016547
v 0.122363 0.246078 -0.000949
v 0.122368 0.246115 -0.014924
v 0.135507 0.247012 -0.014924
v 0.135507 0.247012 -0.000949
v 0.121123 0.217490 -0.014929
v 0.121123 0.217490 -0.000944
v 0.131644 0.215004 -0.000944
v 0.131644 0.215004 -0.014929
v 0.122457 0.214047 -0.011601
v 0.121898 0.210657 -0.011601
v 0.121898 0.210657 -0.004309
v 0.122457 0.214047 -0.004309
v 0.129929 0.212549 -0.011601
v 0.129929 0.212549 -0.004309
v 0.129507 0.209160 -0.004309
v 0.129507 0.209160 -0.011600
v 0.123191 0.216745 -0.005465
v 0.123191 0.216745 -0.010116
v 0.128564 0.215542 -0.010116
v 0.128564 0.215542 -0.005465
v 0.121528 0.207516 -0.010711
v 0.121528 0.207516 -0.005467
v 0.125434 0.206673 -0.005467
v 0.125434 0.206673 -0.010711
v 0.116594 0.202769 -0.016630
v 0.113791 0.184810 -0.014694
v 0.113791 0.184810 -0.001344
v 0.116594 0.202769 0.000591
v 0.130220 0.199118 -0.016630
v 0.130220 0.199118 0.000591
v 0.125416 0.184392 -0.001344
v 0.125416 0.184392 -0.014694
v 0.121235 0.178120 -0.013440
v 0.121235 0.178120 -0.002599
v 0.113815 0.180108 -0.002599
v 0.113815 0.180108 -0.013440
v 0.119425 0.207566 -0.001489
v 0.119425 0.207566 -0.014550
v 0.130106 0.206089 -0.014550
v 0.130106 0.206089 -0.001489
v 0.132543 0.251526 -0.031672
v 0.132543 0.253596 -0.030820
v 0.132543 0.251383 -0.024717
v 0.132543 0.249274 -0.025484
v 0.125291 0.251080 -0.031834
v 0.125291 0.248828 -0.025647
v 0.125383 0.251289 -0.024690
v 0.125557 0.253422 -0.030899
v 0.132424 0.248740 -0.026663
v 0.132424 0.250381 -0.031171
v 0.127551 0.249954 -0.031327
v 0.127551 0.248313 -0.026818
v 0.121575 0.247304 -0.038542
v 0.120499 0.230737 -0.043992
v 0.120499 0.225418 -0.029378
v 0.121575 0.241612 -0.022905
v 0.137646 0.246679 -0.038769
v 0.137646 0.240987 -0.023132
v 0.134972 0.224170 -0.029832
v 0.134972 0.229489 -0.044446
v 0.122866 0.246470 -0.023276
v 0.124434 0.251210 -0.035446
v 0.134887 0.251579 -0.034846
v 0.134887 0.247263 -0.022987
v 0.121898 0.226528 -0.043969
v 0.121898 0.222208 -0.032101
v 0.131399 0.220099 -0.032869
v 0.131399 0.224419 -0.044737
v 0.123103 0.222578 -0.042208
v 0.122597 0.219702 -0.043255
v 0.122597 0.217450 -0.037067
v 0.123103 0.220326 -0.036020
v 0.129850 0.221308 -0.042670
v 0.129850 0.219056 -0.036483
v 0.129469 0.216179 -0.037530
v 0.129469 0.218431 -0.043717
v 0.123766 0.222973 -0.036168
v 0.123766 0.224410 -0.040115
v 0.128617 0.223389 -0.040486
v 0.128617 0.221952 -0.036540
v 0.122263 0.216762 -0.043470
v 0.122263 0.215142 -0.039020
v 0.127207 0.214426 -0.039281
v 0.127207 0.216046 -0.043730
v 0.117808 0.214562 -0.049959
v 0.115082 0.198724 -0.053863
v 0.115082 0.194601 -0.042535
v 0.117808 0.209243 -0.035345
v 0.130112 0.211464 -0.051087
v 0.130112 0.206145 -0.036473
v 0.125775 0.194246 -0.042664
v 0.125775 0.198369 -0.053992
v 0.121999 0.192659 -0.054865
v 0.121999 0.189311 -0.045665
v 0.115298 0.190998 -0.045051
v 0.115298 0.194347 -0.054251
v 0.120364 0.213956 -0.035629
v 0.120364 0.217989 -0.046712
v 0.130010 0.216736 -0.047168
v 0.130010 0.212702 -0.036085
v 0.131392 0.249641 0.009018
v 0.131392 0.251194 0.008566
v 0.131390 0.253538 0.015609
v 0.131328 0.251429 0.016062
v 0.124118 0.249133 0.009155
v 0.124118 0.251020 0.016198
v 0.124118 0.253328 0.015543
v 0.124118 0.251441 0.008500
v 0.131261 0.249448 0.015522
v 0.131261 0.248073 0.010390
v 0.125864 0.247586 0.010521
v 0.125864 0.248961 0.015653
v 0.119247 0.240600 0.005659
v 0.118055 0.222111 0.011238
v 0.118055 0.226568 0.027872
v 0.119247 0.245369 0.023458
v 0.137043 0.239888 0.005850
v 0.137043 0.244658 0.023649
v 0.134082 0.225148 0.028253
v 0.134082 0.220690 0.011618
v 0.122413 0.249539 0.020036
v 0.122413 0.245922 0.006538
v 0.133988 0.246825 0.006296
v 0.133988 0.250442 0.019794
v 0.119604 0.218307 0.013932
v 0.119604 0.221927 0.027441
v 0.130125 0.219526 0.028084
v 0.130125 0.215906 0.014575
v 0.120938 0.215843 0.018038
v 0.120379 0.212568 0.018916
v 0.120379 0.214456 0.025959
v 0.120938 0.217730 0.025081
v 0.128410 0.214397 0.018426
v 0.128410 0.216284 0.025469
v 0.127988 0.213010 0.026346
v 0.127988 0.211122 0.019303
v 0.121672 0.220037 0.023266
v 0.121672 0.218833 0.018773
v 0.127045 0.217671 0.019085
v 0.127045 0.218875 0.023577
v 0.120009 0.209765 0.020588
v 0.120009 0.211122 0.025653
v 0.125484 0.210308 0.025871
v 0.125484 0.208950 0.020806
v 0.115075 0.203648 0.016099
v 0.112056 0.186802 0.022617
v 0.112056 0.190257 0.035512
v 0.115075 0.208105 0.032733
v 0.128700 0.200122 0.017044
v 0.128700 0.204579 0.033678
v 0.123897 0.189853 0.035620
v 0.123897 0.186398 0.022725
v 0.119716 0.180664 0.025560
v 0.119716 0.183470 0.036032
v 0.112296 0.185391 0.035517
v 0.112296 0.182585 0.025045
v 0.117906 0.212200 0.029482
v 0.117906 0.208819 0.016867
v 0.128587 0.207393 0.017249
v 0.128587 0.210773 0.029865
v 0.128723 0.278766 -0.013604
v 0.123538 0.278766 -0.015037
v 0.123505 0.278766 -0.002106
v 0.128705 0.278766 -0.004107
v 0.123562 0.287970 -0.024270
v 0.123528 0.287970 0.006506
v 0.133651 0.288339 -0.017347
v 0.133620 0.288339 -0.000726
v 0.112970 0.288339 -0.000726
v 0.112942 0.288339 -0.017347
v 0.123547 0.288339 0.003151
v 0.123572 0.288339 -0.020133
v 0.117886 0.278766 -0.004166
v 0.117870 0.278766 -0.013551
v 0.113558 0.363986 -0.018409
v 0.114229 0.353434 -0.017749
v 0.112687 0.353434 -0.008859
v 0.112250 0.363986 -0.008859
v 0.123108 0.363986 -0.022364
v 0.123119 0.353434 -0.021431
v 0.132659 0.363986 -0.018409
v 0.132009 0.353434 -0.017749
v 0.134318 0.363986 -0.008859
v 0.133743 0.353434 -0.008859
v 0.132659 0.363986 0.000692
v 0.132009 0.353434 0.000031
v 0.123108 0.363986 0.004647
v 0.123119 0.353434 0.003714
v 0.113558 0.363986 0.000692
v 0.114229 0.353434 0.000031
v 0.099391 0.314838 -0.008859
v 0.104090 0.314837 -0.027886
v 0.105457 0.298519 -0.026519
v 0.101325 0.298519 -0.008859
v 0.123118 0.314837 -0.035767
v 0.123118 0.298519 -0.033834
v 0.142145 0.314837 -0.027886
v 0.140778 0.298519 -0.026519
v 0.146673 0.314837 -0.008859
v 0.144740 0.298519 -0.008859
v 0.142145 0.314837 0.010169
v 0.140778 0.298519 0.008802
v 0.123118 0.314837 0.018050
v 0.123118 0.298519 0.016117
v 0.104090 0.314838 0.010169
v 0.105457 0.298519 0.008802
v 0.113609 0.294646 -0.018368
v 0.109722 0.294764 -0.008859
v 0.123118 0.294646 -0.022307
v 0.132627 0.294646 -0.018368
v 0.136509 0.294772 -0.008859
v 0.132627 0.294646 0.000651
v 0.123118 0.294646 0.004589
v 0.113609 0.294646 0.000651
v 0.117428 0.365053 -0.008859
v 0.118115 0.365053 -0.013873
v 0.123129 0.365053 -0.015950
v 0.128143 0.365053 -0.013873
v 0.129015 0.365053 -0.008859
v 0.128143 0.365053 -0.003845
v 0.123129 0.365053 -0.001768
v 0.118115 0.365053 -0.003845
v 0.117428 0.386594 -0.008859
v 0.118115 0.386594 -0.013873
v 0.123129 0.386594 -0.015950
v 0.128143 0.386594 -0.013873
v 0.129015 0.386594 -0.008859
v 0.128143 0.386594 -0.003845
v 0.123129 0.386594 -0.001768
v 0.118115 0.386594 -0.003845
v 0.113592 0.297565 -0.008859
v 0.116382 0.297565 -0.015594
v 0.116382 0.280820 -0.015594
v 0.113592 0.280820 -0.008858
v 0.123118 0.297565 -0.018384
v 0.123118 0.280820 -0.018384
v 0.129853 0.297565 -0.015594
v 0.129853 0.280820 -0.015594
v 0.132643 0.297565 -0.008859
v 0.132643 0.280820 -0.008858
v 0.129853 0.297565 -0.002123
v 0.129853 0.280820 -0.002123
v 0.123118 0.297565 0.000667
v 0.123118 0.280820 0.000667
v 0.116382 0.297565 -0.002123
v 0.116382 0.280820 -0.002123
v 0.085435 0.509840 -0.030157
v 0.085434 0.493922 -0.035329
v 0.085435 0.519678 -0.016617
v 0.085435 0.519678 0.000120
v 0.085435 0.509840 0.013660
v 0.085434 0.493922 0.018832
v 0.085434 0.478005 0.013660
v 0.085434 0.468167 0.000120
v 0.085434 0.468167 -0.016617
v 0.085434 0.478005 -0.030157
v 0.102212 0.509840 -0.030157
v 0.102212 0.493922 -0.035329
v 0.102212 0.519678 -0.016617
v 0.102212 0.519678 0.000120
v 0.102212 0.509840 0.013660
v 0.102212 0.493922 0.018832
v 0.102212 0.478005 0.013660
v 0.102212 0.468167 0.000120
v 0.102212 0.468167 -0.016617
v 0.102212 0.478005 -0.030157
v 0.115340 0.537353 0.017565
v 0.115340 0.544281 -0.008490
v 0.108000 0.544281 -0.008490
v 0.108000 0.537353 0.017565
v 0.115340 0.518424 0.036494
v 0.108000 0.518424 0.036494
v 0.115340 0.492566 0.043422
v 0.108000 0.492566 0.043422
v 0.115340 0.466679 0.036344
v 0.108000 0.466708 0.036494
v 0.115251 0.441813 0.012206
v 0.107864 0.441852 0.012302
v 0.137150 0.532322 0.013198
v 0.137150 0.538080 -0.008490
v 0.137150 0.514057 0.028931
v 0.137150 0.492566 0.034689
v 0.137150 0.466672 0.028424
v 0.136879 0.446048 0.012496
v 0.156405 0.521235 0.005444
v 0.156405 0.524916 -0.008490
v 0.156405 0.506309 0.015499
v 0.156405 0.492573 0.019180
v 0.159949 0.466625 0.012736
v 0.115288 0.441231 0.004816
v 0.136949 0.445295 0.004769
v 0.107854 0.441485 0.004792
v 0.107017 0.450516 0.002045
v 0.107045 0.539473 -0.008490
v 0.107045 0.533183 0.015181
v 0.107045 0.515998 0.032366
v 0.107045 0.492524 0.038656
v 0.107045 0.469049 0.032366
v 0.107045 0.451774 0.015138
v 0.101860 0.531013 -0.008490
v 0.101860 0.525868 0.010911
v 0.101860 0.511811 0.024968
v 0.101860 0.492610 0.030113
v 0.101860 0.473408 0.024968
v 0.101860 0.459277 0.010876
v 0.098021 0.519835 -0.008490
v 0.098021 0.511053 0.010835
v 0.098021 0.492130 0.018190
v 0.098021 0.475598 0.013121
v 0.098061 0.467879 -0.008490
v 0.101904 0.459275 -0.008490
v 0.165256 0.504882 -0.001338
v 0.165183 0.506416 -0.008490
v 0.165396 0.500368 0.004434
v 0.165411 0.491857 0.008931
v 0.151659 0.454476 0.004735
v 0.160988 0.466279 0.004596
v 0.151187 0.454961 0.012505
v 0.165216 0.478056 0.004579
v 0.164391 0.478803 0.011374
v 0.115283 0.450437 -0.000912
v 0.101899 0.451949 -0.008490
v 0.115261 0.450674 -0.008490
v 0.144224 0.458799 -0.008490
v 0.153214 0.467085 -0.008490
v 0.153032 0.466874 -0.000912
v 0.128779 0.452172 -0.000912
v 0.128763 0.452320 -0.008490
v 0.144255 0.458770 -0.000912
v 0.166736 0.502049 -0.004604
v 0.166674 0.502744 -0.008490
v 0.166890 0.498618 -0.000591
v 0.166700 0.490823 0.002854
v 0.158361 0.476651 -0.008490
v 0.158179 0.476440 -0.000912
v 0.160905 0.490245 -0.008490
v 0.160723 0.490034 -0.000912
v 0.160755 0.497278 -0.008490
v 0.160572 0.497067 -0.002283
v 0.160572 0.499412 -0.005103
v 0.160755 0.500110 -0.008490
v 0.115340 0.537353 -0.034544
v 0.108000 0.537353 -0.034544
v 0.115340 0.518424 -0.053473
v 0.108000 0.518424 -0.053473
v 0.115340 0.492566 -0.060402
v 0.108000 0.492566 -0.060402
v 0.115340 0.466679 -0.053324
v 0.108000 0.466708 -0.053473
v 0.115251 0.441813 -0.029185
v 0.107864 0.441852 -0.029282
v 0.137150 0.532322 -0.030178
v 0.137150 0.514057 -0.045910
v 0.137150 0.492566 -0.051669
v 0.137150 0.466672 -0.045403
v 0.136879 0.446048 -0.029475
v 0.156405 0.521235 -0.022423
v 0.156405 0.506309 -0.032479
v 0.156405 0.492573 -0.036159
v 0.159949 0.466625 -0.029716
v 0.115288 0.441231 -0.021795
v 0.136949 0.445295 -0.021748
v 0.107854 0.441485 -0.021771
v 0.107017 0.450516 -0.019024
v 0.107045 0.533183 -0.032160
v 0.107045 0.515998 -0.049345
v 0.107045 0.492524 -0.055635
v 0.107045 0.469049 -0.049345
v 0.107045 0.451774 -0.032117
v 0.101860 0.525868 -0.027891
v 0.101860 0.511811 -0.041947
v 0.101860 0.492610 -0.047092
v 0.101860 0.473408 -0.041947
v 0.101860 0.459277 -0.027855
v 0.098021 0.511053 -0.027815
v 0.098021 0.492130 -0.035169
v 0.098021 0.475598 -0.030100
v 0.165256 0.504882 -0.015641
v 0.165397 0.500368 -0.021414
v 0.165411 0.491857 -0.025910
v 0.151659 0.454476 -0.021714
v 0.160988 0.466279 -0.021576
v 0.151187 0.454961 -0.029484
v 0.164391 0.478803 -0.028353
v 0.165216 0.478056 -0.021558
v 0.115283 0.450437 -0.016068
v 0.153032 0.466874 -0.016068
v 0.128779 0.452173 -0.016068
v 0.144255 0.458770 -0.016068
v 0.166736 0.502049 -0.012375
v 0.166890 0.498618 -0.016388
v 0.166700 0.490823 -0.019833
v 0.158179 0.476440 -0.016068
v 0.160723 0.490034 -0.016068
v 0.160572 0.497067 -0.014696
v 0.160572 0.499412 -0.011876
v -0.114354 0.437830 -0.008760
v -0.116971 0.437830 -0.015189
v -0.116967 0.495694 -0.015254
v -0.114334 0.495694 -0.008576
v -0.123272 0.437830 -0.017776
v -0.123278 0.495694 -0.017801
v -0.129588 0.437830 -0.015153
v -0.129630 0.495694 -0.015148
v -0.132223 0.437830 -0.008760
v -0.132315 0.495694 -0.008576
v -0.129570 0.437830 -0.002539
v -0.129579 0.495694 -0.002494
v -0.123272 0.437830 0.000026
v -0.123278 0.495694 -0.000009
v -0.116963 0.437830 -0.002535
v -0.116943 0.495694 -0.002483
v -0.123440 0.374474 -0.021138
v -0.117900 0.374302 -0.020731
v -0.117898 0.369458 -0.008748
v -0.123429 0.369458 -0.008748
v -0.123448 0.387475 -0.029415
v -0.114480 0.387417 -0.029415
v -0.123494 0.373375 -0.023664
v -0.114480 0.372901 -0.023376
v -0.123448 0.402045 -0.023380
v -0.114480 0.401987 -0.023380
v -0.123448 0.408081 -0.008747
v -0.114480 0.408023 -0.008747
v -0.117903 0.374719 0.004026
v -0.123434 0.374719 0.004026
v -0.117917 0.387429 0.009289
v -0.123447 0.387429 0.009289
v -0.117923 0.399242 0.004285
v -0.123474 0.399570 0.004135
v -0.123458 0.402037 0.005868
v -0.114480 0.402037 0.005868
v -0.128961 0.369458 -0.008748
v -0.128963 0.374302 -0.020732
v -0.132415 0.372901 -0.023376
v -0.132415 0.387533 -0.029415
v -0.132415 0.402103 -0.023380
v -0.132415 0.408139 -0.008747
v -0.128966 0.374719 0.004026
v -0.128980 0.387429 0.009289
v -0.128987 0.399242 0.004285
v -0.132415 0.402037 0.005868
v -0.138714 0.369458 -0.008748
v -0.138698 0.374619 -0.021478
v -0.132415 0.366796 -0.008747
v -0.138698 0.387289 -0.026726
v -0.138698 0.399959 -0.021478
v -0.138714 0.405205 -0.008747
v -0.139537 0.373101 -0.008747
v -0.139537 0.377147 -0.018954
v -0.139537 0.387289 -0.023155
v -0.139537 0.397434 -0.018953
v -0.139537 0.401393 -0.008747
v -0.132415 0.372859 0.005950
v -0.138698 0.374719 0.004026
v -0.132415 0.387494 0.012012
v -0.138698 0.387429 0.009289
v -0.138698 0.399959 0.003983
v -0.139537 0.377147 0.001460
v -0.139537 0.387289 0.005661
v -0.139537 0.397434 0.001458
v -0.108705 0.374503 -0.021478
v -0.108689 0.369275 -0.008747
v -0.114480 0.366811 -0.008747
v -0.108705 0.387173 -0.026726
v -0.108705 0.399843 -0.021478
v -0.108689 0.405090 -0.008747
v -0.108705 0.374503 0.003983
v -0.114480 0.372846 0.005885
v -0.108705 0.387173 0.009231
v -0.114480 0.387417 0.011920
v -0.108705 0.399843 0.003983
v -0.117064 0.366797 -0.008747
v -0.117064 0.372562 -0.022633
v -0.117064 0.372859 0.005950
v -0.117063 0.387494 0.012012
v -0.117063 0.401161 0.006234
v -0.129672 0.372600 -0.022633
v -0.129672 0.366797 -0.008747
v -0.129671 0.372859 0.005950
v -0.129671 0.387494 0.012012
v -0.129671 0.401161 0.006234
v -0.114365 0.401780 -0.008859
v -0.116973 0.401780 -0.015155
v -0.116972 0.412868 -0.015169
v -0.114361 0.412868 -0.008819
v -0.123269 0.401780 -0.017763
v -0.123271 0.412868 -0.017768
v -0.129566 0.401780 -0.015155
v -0.129575 0.412868 -0.015154
v -0.132173 0.401780 -0.008859
v -0.132194 0.412868 -0.008819
v -0.129566 0.401780 -0.002563
v -0.129567 0.412868 -0.002553
v -0.123269 0.401780 0.000045
v -0.123271 0.412868 0.000038
v -0.116973 0.401780 -0.002563
v -0.116969 0.412868 -0.002551
v -0.107909 0.432196 -0.008746
v -0.111454 0.432196 -0.022482
v -0.123213 0.432196 -0.025998
v -0.135618 0.432196 -0.022447
v -0.139180 0.432196 -0.008746
v -0.135600 0.432196 0.004558
v -0.123213 0.432196 0.008053
v -0.111446 0.432196 0.004561
v -0.035955 0.387837 -0.014535
v -0.019519 0.387077 -0.023308
v -0.016792 0.379300 0.047467
v -0.031405 0.379894 0.029726
v -0.043232 0.384283 0.002254
v -0.034683 0.380570 -0.010867
v -0.018339 0.377753 -0.020449
v -0.017990 0.369100 0.043501
v -0.031049 0.371585 0.024178
v -0.044514 0.377721 0.003353
v -0.032542 0.374067 -0.010599
v -0.014832 0.368867 -0.020240
v -0.014968 0.356352 0.042119
v -0.029660 0.364764 0.022122
v -0.040043 0.372079 0.001541
v -0.032594 0.368169 -0.012277
v -0.017094 0.360847 -0.024892
v -0.032361 0.357520 0.025536
v -0.016916 0.345214 0.033135
v -0.040928 0.367348 0.002128
v -0.026096 0.318914 0.035762
v -0.019021 0.338006 0.040877
v -0.046040 0.336912 0.028193
v -0.039923 0.353766 0.032708
v -0.058274 0.347434 0.013106
v -0.051223 0.362702 0.017197
v -0.058274 0.352403 -0.005437
v -0.051223 0.367670 -0.001347
v -0.046040 0.350834 -0.023764
v -0.039923 0.367687 -0.019248
v -0.029116 0.339032 -0.039318
v -0.022041 0.358123 -0.034203
v -0.015447 0.297534 0.022064
v -0.015447 0.313667 -0.038146
v -0.012747 0.289003 0.005418
v -0.012747 0.297956 -0.027996
v -0.012464 0.290567 -0.012847
v -0.030865 0.317925 0.027435
v -0.047317 0.335386 0.022201
v -0.053150 0.341541 0.009525
v -0.053150 0.345516 -0.005310
v -0.047317 0.344501 -0.018169
v -0.033746 0.334019 -0.032628
v -0.018026 0.299811 0.016206
v -0.020310 0.314279 -0.031602
v -0.016729 0.296251 0.003765
v -0.016729 0.303413 -0.022966
v -0.016502 0.297502 -0.010847
v -0.024321 0.321827 0.019481
v -0.032008 0.331059 0.016389
v -0.038451 0.338741 0.008057
v -0.041515 0.342159 -0.005243
v -0.038267 0.338699 -0.018446
v -0.031068 0.330265 -0.026887
v -0.016437 0.312606 0.014820
v -0.022584 0.320034 -0.028173
v -0.011437 0.306307 0.002679
v -0.015662 0.311661 -0.022596
v -0.011116 0.305691 -0.010608
v -0.102728 0.248556 0.050332
v -0.094192 0.249572 0.047874
v -0.096003 0.252145 0.046993
v -0.100917 0.245983 0.051214
v -0.103448 0.243871 0.043846
v -0.096724 0.247460 0.040507
v -0.099989 0.248547 0.040557
v -0.103352 0.246752 0.042226
v -0.102870 0.249666 0.046282
v -0.099508 0.251460 0.044612
v -0.100983 0.242832 0.043365
v -0.096874 0.245026 0.041324
v -0.094672 0.246937 0.047820
v -0.098781 0.244744 0.049861
v -0.122061 0.252875 0.030024
v -0.097034 0.251145 0.032437
v -0.110950 0.243717 0.039346
v -0.105939 0.261481 0.022019
v -0.122579 0.265512 0.042565
v -0.097027 0.262100 0.044227
v -0.106457 0.274118 0.034560
v -0.110943 0.254672 0.051137
v -0.110789 0.265429 0.022043
v -0.123314 0.258744 0.028262
v -0.124481 0.267710 0.035550
v -0.111956 0.274395 0.029331
v -0.107161 0.243243 0.042436
v -0.095860 0.249275 0.036824
v -0.094964 0.255665 0.045498
v -0.106264 0.249633 0.051110
v -0.104948 0.234750 0.043072
v -0.085881 0.230172 0.037384
v -0.096669 0.224414 0.042740
v -0.090351 0.242541 0.035824
v -0.099629 0.236790 0.055977
v -0.082732 0.234211 0.048068
v -0.085032 0.244581 0.048729
v -0.093520 0.228453 0.053424
v -0.090104 0.222146 0.052748
v -0.083005 0.226371 0.040757
v -0.080109 0.227482 0.047784
v -0.093001 0.221036 0.045720
v -0.093898 0.246638 0.038270
v -0.105132 0.240641 0.043849
v -0.101704 0.243380 0.053698
v -0.090469 0.249377 0.048120
v -0.122895 0.268095 0.031831
v -0.117147 0.272838 0.028111
v -0.125993 0.271072 0.028677
v -0.116140 0.271985 0.029048
v -0.123069 0.263485 0.025770
v -0.116957 0.267263 0.024428
v -0.115652 0.269753 0.029314
v -0.119841 0.267517 0.031395
v -0.119396 0.263343 0.027822
v -0.115206 0.265580 0.025742
v -0.125313 0.271524 0.024920
v -0.119775 0.271946 0.025003
v -0.120085 0.264925 0.022262
v -0.125269 0.264199 0.022243
v -0.144909 0.278604 0.002630
v -0.133437 0.256345 0.018347
v -0.134929 0.277621 0.026111
v -0.138755 0.251870 0.002630
v -0.144945 0.278604 -0.020159
v -0.138871 0.251893 -0.020159
v -0.136751 0.278604 -0.033895
v -0.133437 0.256259 -0.034321
v -0.140577 0.287970 0.002630
v -0.132160 0.286072 0.018037
v -0.140636 0.287970 -0.020159
v -0.131923 0.286422 -0.029108
v -0.118229 0.255657 -0.035488
v -0.118377 0.278604 -0.035040
v -0.118104 0.286859 -0.029901
v -0.115521 0.256164 0.018748
v -0.106454 0.278604 0.002630
v -0.111016 0.277349 0.026423
v -0.110142 0.258292 0.002630
v -0.106422 0.278604 -0.020159
v -0.110945 0.259118 -0.020159
v -0.110241 0.278604 -0.032372
v -0.113065 0.262264 -0.032479
v -0.107307 0.287970 0.002630
v -0.110630 0.286017 0.018308
v -0.107252 0.287970 -0.020159
v -0.120109 0.250880 0.002630
v -0.120109 0.250880 -0.020159
v -0.131225 0.254885 0.013850
v -0.131635 0.253633 0.009356
v -0.132135 0.252977 -0.025829
v -0.131827 0.254260 -0.029401
v -0.124606 0.253414 0.009305
v -0.125351 0.254724 0.013953
v -0.127550 0.252756 -0.025824
v -0.127377 0.254108 -0.029436
v -0.132815 0.251631 -0.005696
v -0.132854 0.251639 -0.010310
v -0.126826 0.251440 -0.010310
v -0.126816 0.251442 -0.005696
v -0.132911 0.248160 -0.011601
v -0.132911 0.250223 -0.004309
v -0.132911 0.250223 -0.011601
v -0.132911 0.248160 -0.004309
v -0.124881 0.247634 -0.011601
v -0.124746 0.250329 -0.004309
v -0.124881 0.247634 -0.004309
v -0.124746 0.250329 -0.011601
v -0.132780 0.247158 -0.005333
v -0.132780 0.247158 -0.010646
v -0.125763 0.246590 -0.010620
v -0.125815 0.246654 -0.005333
v -0.120766 0.241164 -0.017150
v -0.119574 0.221861 0.000674
v -0.119574 0.221861 -0.016547
v -0.120766 0.241164 0.001277
v -0.138562 0.240427 -0.017150
v -0.135601 0.220391 0.000674
v -0.138562 0.240427 0.001277
v -0.135601 0.220391 -0.016547
v -0.122363 0.246078 -0.000949
v -0.122368 0.246115 -0.014924
v -0.135507 0.247012 -0.014924
v -0.135507 0.247012 -0.000949
v -0.121123 0.217490 -0.014929
v -0.121123 0.217490 -0.000944
v -0.131644 0.215004 -0.000944
v -0.131644 0.215004 -0.014929
v -0.122457 0.214047 -0.011601
v -0.121898 0.210657 -0.004309
v -0.121898 0.210657 -0.011601
v -0.122457 0.214047 -0.004309
v -0.129929 0.212550 -0.011601
v -0.129507 0.209160 -0.004309
v -0.129929 0.212550 -0.004309
v -0.129507 0.209160 -0.011601
v -0.123191 0.216745 -0.005465
v -0.123191 0.216745 -0.010116
v -0.128564 0.215542 -0.010116
v -0.128564 0.215542 -0.005465
v -0.121528 0.207516 -0.010711
v -0.121528 0.207516 -0.005467
v -0.125434 0.206673 -0.005467
v -0.125434 0.206673 -0.010711
v -0.116594 0.202769 -0.016630
v -0.113791 0.184810 -0.001344
v -0.113791 0.184810 -0.014694
v -0.116594 0.202769 0.000591
v -0.130220 0.199118 -0.016630
v -0.125416 0.184392 -0.001344
v -0.130220 0.199119 0.000591
v -0.125416 0.184392 -0.014694
v -0.121235 0.178120 -0.013440
v -0.113815 0.180108 -0.002599
v -0.121235 0.178120 -0.002599
v -0.113815 0.180108 -0.013440
v -0.119425 0.207566 -0.001489
v -0.119425 0.207566 -0.014550
v -0.130106 0.206089 -0.014550
v -0.130106 0.206089 -0.001489
v -0.132543 0.251526 -0.031672
v -0.132543 0.251383 -0.024717
v -0.132543 0.253596 -0.030820
v -0.132543 0.249274 -0.025484
v -0.125291 0.251080 -0.031834
v -0.125383 0.251289 -0.024690
v -0.125291 0.248828 -0.025647
v -0.125557 0.253422 -0.030899
v -0.132424 0.248740 -0.026663
v -0.132424 0.250381 -0.031171
v -0.127551 0.249954 -0.031327
v -0.127551 0.248313 -0.026818
v -0.121575 0.247304 -0.038542
v -0.120499 0.225418 -0.029378
v -0.120499 0.230737 -0.043992
v -0.121575 0.241613 -0.022905
v -0.137646 0.246679 -0.038769
v -0.134972 0.224170 -0.029832
v -0.137646 0.240987 -0.023132
v -0.134972 0.229489 -0.044446
v -0.122866 0.246470 -0.023276
v -0.124434 0.251210 -0.035446
v -0.134887 0.251579 -0.034846
v -0.134887 0.247263 -0.022987
v -0.121898 0.226528 -0.043969
v -0.121898 0.222209 -0.032101
v -0.131399 0.220099 -0.032869
v -0.131399 0.224419 -0.044737
v -0.123103 0.222578 -0.042208
v -0.122597 0.217450 -0.037067
v -0.122597 0.219702 -0.043255
v -0.123103 0.220326 -0.036020
v -0.129850 0.221308 -0.042670
v -0.129469 0.216179 -0.037530
v -0.129850 0.219056 -0.036483
v -0.129469 0.218431 -0.043717
v -0.123766 0.222973 -0.036168
v -0.123766 0.224410 -0.040115
v -0.128617 0.223389 -0.040487
v -0.128617 0.221952 -0.036540
v -0.122263 0.216762 -0.043470
v -0.122263 0.215142 -0.039020
v -0.127207 0.214427 -0.039281
v -0.127207 0.216046 -0.043730
v -0.117808 0.214562 -0.049959
v -0.115082 0.194601 -0.042535
v -0.115082 0.198724 -0.053863
v -0.117808 0.209243 -0.035345
v -0.130112 0.211464 -0.051087
v -0.125775 0.194246 -0.042664
v -0.130112 0.206145 -0.036473
v -0.125775 0.198370 -0.053992
v -0.121999 0.192660 -0.054865
v -0.115298 0.190998 -0.045051
v -0.121999 0.189311 -0.045665
v -0.115298 0.194347 -0.054251
v -0.120364 0.213956 -0.035629
v -0.120364 0.217989 -0.046712
v -0.130010 0.216736 -0.047168
v -0.130010 0.212703 -0.036085
v -0.131392 0.249641 0.009018
v -0.131390 0.253538 0.015609
v -0.131392 0.251194 0.008566
v -0.131328 0.251429 0.016062
v -0.124118 0.249133 0.009154
v -0.124118 0.253328 0.015543
v -0.124118 0.251020 0.016198
v -0.124118 0.251441 0.008500
v -0.131261 0.249448 0.015522
v -0.131261 0.248073 0.010390
v -0.125864 0.247586 0.010521
v -0.125864 0.248961 0.015653
v -0.119247 0.240600 0.005659
v -0.118055 0.226568 0.027872
v -0.118055 0.222111 0.011237
v -0.119247 0.245369 0.023458
v -0.137043 0.239889 0.005850
v -0.134082 0.225148 0.028253
v -0.137043 0.244658 0.023649
v -0.134082 0.220690 0.011618
v -0.122413 0.249539 0.020036
v -0.122413 0.245922 0.006538
v -0.133988 0.246825 0.006296
v -0.133988 0.250442 0.019794
v -0.119604 0.218307 0.013932
v -0.119604 0.221927 0.027441
v -0.130125 0.219526 0.028084
v -0.130125 0.215906 0.014575
v -0.120938 0.215843 0.018038
v -0.120379 0.214456 0.025959
v -0.120379 0.212569 0.018915
v -0.120938 0.217730 0.025081
v -0.128410 0.214397 0.018426
v -0.127988 0.213010 0.026346
v -0.128410 0.216284 0.025469
v -0.127988 0.211122 0.019303
v -0.121672 0.220037 0.023266
v -0.121672 0.218833 0.018773
v -0.127045 0.217671 0.019085
v -0.127045 0.218875 0.023577
v -0.120009 0.209765 0.020588
v -0.120009 0.211122 0.025653
v -0.125484 0.210308 0.025871
v -0.125484 0.208951 0.020806
v -0.115075 0.203648 0.016099
v -0.112057 0.190257 0.035512
v -0.112057 0.186802 0.022617
v -0.115075 0.208105 0.032733
v -0.128700 0.200122 0.017044
v -0.123897 0.189854 0.035620
v -0.128700 0.204579 0.033678
v -0.123897 0.186398 0.022725
v -0.119716 0.180664 0.025560
v -0.112296 0.185391 0.035517
v -0.119716 0.183470 0.036032
v -0.112296 0.182585 0.025045
v -0.117906 0.212200 0.029482
v -0.117906 0.208819 0.016867
v -0.128587 0.207393 0.017249
v -0.128587 0.210773 0.029865
v -0.128723 0.278766 -0.013604
v -0.123505 0.278766 -0.002106
v -0.123538 0.278766 -0.015037
v -0.128705 0.278766 -0.004107
v -0.123562 0.287970 -0.024270
v -0.123528 0.287970 0.006506
v -0.133651 0.288339 -0.017347
v -0.133620 0.288339 -0.000726
v -0.112970 0.288339 -0.000726
v -0.112942 0.288339 -0.017347
v -0.123547 0.288339 0.003151
v -0.123572 0.288339 -0.020133
v -0.117886 0.278766 -0.004166
v -0.117870 0.278766 -0.013551
v -0.113558 0.363986 -0.018409
v -0.112687 0.353434 -0.008859
v -0.114229 0.353434 -0.017749
v -0.112250 0.363986 -0.008859
v -0.123108 0.363986 -0.022365
v -0.123119 0.353434 -0.021431
v -0.132658 0.363986 -0.018409
v -0.132009 0.353434 -0.017749
v -0.133743 0.353434 -0.008859
v -0.134318 0.363986 -0.008859
v -0.132658 0.363986 0.000691
v -0.132009 0.353434 0.000031
v -0.123108 0.363986 0.004647
v -0.123119 0.353434 0.003714
v -0.113558 0.363986 0.000691
v -0.114229 0.353434 0.000031
v -0.099391 0.314838 -0.008859
v -0.105457 0.298519 -0.026519
v -0.104090 0.314838 -0.027886
v -0.101324 0.298519 -0.008859
v -0.123118 0.298519 -0.033834
v -0.123118 0.314838 -0.035767
v -0.140778 0.298519 -0.026519
v -0.142145 0.314838 -0.027886
v -0.144740 0.298519 -0.008859
v -0.146673 0.314838 -0.008859
v -0.140778 0.298519 0.008802
v -0.142145 0.314838 0.010169
v -0.123118 0.298519 0.016117
v -0.123118 0.314838 0.018050
v -0.105457 0.298519 0.008802
v -0.104090 0.314838 0.010169
v -0.113609 0.294646 -0.018368
v -0.109722 0.294764 -0.008859
v -0.123118 0.294646 -0.022307
v -0.132627 0.294646 -0.018368
v -0.136509 0.294772 -0.008859
v -0.132627 0.294646 0.000651
v -0.123118 0.294646 0.004589
v -0.113609 0.294646 0.000651
v -0.117428 0.365053 -0.008859
v -0.118115 0.365053 -0.013873
v -0.123129 0.365053 -0.015950
v -0.128143 0.365053 -0.013873
v -0.129015 0.365053 -0.008859
v -0.128143 0.365053 -0.003845
v -0.123129 0.365053 -0.001768
v -0.118115 0.365053 -0.003845
v -0.117428 0.386594 -0.008859
v -0.118115 0.386594 -0.013873
v -0.123129 0.386594 -0.015950
v -0.128143 0.386594 -0.013873
v -0.129015 0.386594 -0.008859
v -0.128143 0.386594 -0.003845
v -0.123129 0.386594 -0.001768
v -0.118115 0.386594 -0.003845
v -0.113592 0.297565 -0.008859
v -0.116382 0.280820 -0.015594
v -0.116382 0.297565 -0.015594
v -0.113592 0.280820 -0.008859
v -0.123118 0.280820 -0.018384
v -0.123118 0.297565 -0.018384
v -0.129853 0.280820 -0.015594
v -0.129853 0.297565 -0.015594
v -0.132643 0.280820 -0.008859
v -0.132643 0.297565 -0.008859
v -0.129853 0.280820 -0.002123
v -0.129853 0.297565 -0.002123
v -0.123118 0.280820 0.000667
v -0.123118 0.297565 0.000667
v -0.116382 0.280820 -0.002123
v -0.116382 0.297565 -0.002123
v -0.115339 0.537353 0.017565
v -0.108000 0.544281 -0.008490
v -0.115339 0.544282 -0.008490
v -0.108000 0.537353 0.017565
v -0.115339 0.518424 0.036494
v -0.108000 0.518424 0.036494
v -0.115339 0.492566 0.043422
v -0.108000 0.492566 0.043422
v -0.115339 0.466679 0.036344
v -0.108000 0.466709 0.036494
v -0.115251 0.441814 0.012206
v -0.107864 0.441852 0.012302
v -0.137150 0.532322 0.013198
v -0.137150 0.538080 -0.008490
v -0.137150 0.514057 0.028931
v -0.137150 0.492566 0.034689
v -0.137150 0.466672 0.028424
v -0.136879 0.446048 0.012496
v -0.156405 0.521235 0.005444
v -0.156405 0.524916 -0.008490
v -0.156405 0.506309 0.015499
v -0.156405 0.492573 0.019180
v -0.159949 0.466626 0.012736
v -0.115287 0.441231 0.004816
v -0.136949 0.445295 0.004769
v -0.107854 0.441485 0.004792
v -0.107017 0.450516 0.002045
v -0.107045 0.539473 -0.008490
v -0.107045 0.533183 0.015181
v -0.107045 0.515998 0.032366
v -0.107045 0.492524 0.038656
v -0.107045 0.469049 0.032366
v -0.107045 0.451774 0.015138
v -0.101860 0.531013 -0.008490
v -0.101860 0.525868 0.010911
v -0.101860 0.511811 0.024968
v -0.101860 0.492610 0.030113
v -0.101860 0.473408 0.024968
v -0.101860 0.459278 0.010876
v -0.098021 0.519836 -0.008490
v -0.098021 0.511053 0.010835
v -0.098021 0.492130 0.018190
v -0.098021 0.475598 0.013121
v -0.101904 0.459275 -0.008490
v -0.098061 0.467880 -0.008490
v -0.165256 0.504882 -0.001338
v -0.165183 0.506416 -0.008490
v -0.165396 0.500368 0.004434
v -0.165411 0.491857 0.008931
v -0.151659 0.454476 0.004735
v -0.160988 0.466279 0.004596
v -0.151187 0.454961 0.012505
v -0.164391 0.478803 0.011374
v -0.165216 0.478056 0.004579
v -0.115282 0.450437 -0.000912
v -0.101898 0.451949 -0.008490
v -0.115261 0.450674 -0.008490
v -0.144224 0.458799 -0.008490
v -0.153031 0.466874 -0.000912
v -0.153214 0.467085 -0.008490
v -0.128779 0.452173 -0.000912
v -0.128763 0.452320 -0.008490
v -0.144254 0.458770 -0.000912
v -0.166736 0.502049 -0.004604
v -0.166674 0.502745 -0.008490
v -0.166890 0.498618 -0.000592
v -0.166700 0.490823 0.002853
v -0.158361 0.476651 -0.008490
v -0.158178 0.476440 -0.000912
v -0.160905 0.490246 -0.008490
v -0.160723 0.490035 -0.000912
v -0.160755 0.497279 -0.008490
v -0.160572 0.497067 -0.002283
v -0.160572 0.499412 -0.005103
v -0.160755 0.500110 -0.008490
v -0.115339 0.537353 -0.034544
v -0.108000 0.537353 -0.034544
v -0.115339 0.518424 -0.053473
v -0.108000 0.518424 -0.053473
v -0.115339 0.492566 -0.060402
v -0.108000 0.492566 -0.060402
v -0.115339 0.466679 -0.053324
v -0.108000 0.466709 -0.053473
v -0.115251 0.441814 -0.029185
v -0.107864 0.441852 -0.029282
v -0.137150 0.532322 -0.030178
v -0.137150 0.514057 -0.045910
v -0.137150 0.492566 -0.051669
v -0.137150 0.466672 -0.045403
v -0.136879 0.446048 -0.029475
v -0.156405 0.521235 -0.022423
v -0.156405 0.506309 -0.032479
v -0.156405 0.492573 -0.036159
v -0.159949 0.466626 -0.029716
v -0.115287 0.441231 -0.021795
v -0.136949 0.445295 -0.021748
v -0.107854 0.441485 -0.021771
v -0.107017 0.450516 -0.019024
v -0.107045 0.533183 -0.032160
v -0.107045 0.515998 -0.049345
v -0.107045 0.492524 -0.055635
v -0.107045 0.469049 -0.049345
v -0.107045 0.451774 -0.032117
v -0.101860 0.525868 -0.027891
v -0.101860 0.511811 -0.041947
v -0.101860 0.492610 -0.047092
v -0.101860 0.473408 -0.041947
v -0.101860 0.459277 -0.027855
v -0.098021 0.511053 -0.027815
v -0.098021 0.492130 -0.035169
v -0.098021 0.475598 -0.030100
v -0.165256 0.504882 -0.015641
v -0.165396 0.500368 -0.021414
v -0.165411 0.491857 -0.025910
v -0.151659 0.454476 -0.021714
v -0.160988 0.466279 -0.021576
v -0.151187 0.454961 -0.029484
v -0.165216 0.478056 -0.021558
v -0.164391 0.478803 -0.028353
v -0.115282 0.450437 -0.016068
v -0.153031 0.466874 -0.016068
v -0.128779 0.452173 -0.016068
v -0.144254 0.458770 -0.016068
v -0.166736 0.502049 -0.012375
v -0.166890 0.498618 -0.016388
v -0.166700 0.490823 -0.019833
v -0.158178 0.476440 -0.016068
v -0.160723 0.490035 -0.016068
v -0.160572 0.497067 -0.014696
v -0.160572 0.499412 -0.011876
v -0.085434 0.493923 -0.035329
v -0.102212 0.509840 -0.030157
v -0.085434 0.509840 -0.030157
v -0.102212 0.493923 -0.035329
v -0.102212 0.519678 -0.016617
v -0.085434 0.519678 -0.016617
v -0.102212 0.519678 0.000120
v -0.085434 0.519678 0.000120
v -0.102212 0.509840 0.013660
v -0.085434 0.509840 0.013660
v -0.102212 0.493922 0.018832
v -0.085434 0.493922 0.018832
v -0.102212 0.478005 0.013660
v -0.085434 0.478005 0.013660
v -0.102212 0.468167 0.000120
v -0.085434 0.468167 0.000120
v -0.102212 0.468167 -0.016617
v -0.085434 0.468167 -0.016617
v -0.102212 0.478005 -0.030157
v -0.085434 0.478005 -0.030157
v 0.042587 0.190657 -0.023062
v 0.039271 0.228840 -0.021417
v 0.064704 0.228840 -0.021651
v 0.062701 0.190657 -0.023060
v 0.042810 0.197073 0.008451
v 0.062990 0.197073 0.008451
v 0.064704 0.224528 0.026104
v 0.042600 0.224528 0.026104
v 0.060531 0.260891 0.027996
v 0.045840 0.260891 0.028694
v 0.062668 0.271667 0.017788
v 0.041783 0.271674 0.018344
v 0.063173 0.197061 -0.005910
v 0.072523 0.224528 0.008848
v 0.066609 0.261139 -0.001516
v 0.069434 0.268921 -0.001519
v 0.069282 0.268838 0.011323
v 0.077371 0.287780 -0.004784
v 0.069431 0.306483 -0.008001
v 0.069093 0.305485 0.005499
v 0.076804 0.287295 0.003977
v 0.050176 0.314565 -0.009524
v 0.050243 0.313042 0.005215
v 0.031192 0.268917 -0.001560
v 0.050474 0.261129 -0.000348
v 0.039675 0.260891 0.008848
v 0.031637 0.269017 0.011402
v 0.034479 0.224528 0.008848
v 0.042716 0.197061 -0.005910
v 0.023269 0.287740 -0.005006
v 0.023523 0.287475 0.010866
v 0.031003 0.306763 -0.008186
v 0.031192 0.306079 0.007902
v 0.042583 0.174800 -0.029628
v 0.062717 0.174800 -0.029628
v 0.062745 0.174742 0.015206
v 0.042532 0.174742 0.015206
v 0.042557 0.158945 -0.023060
v 0.062743 0.158945 -0.023060
v 0.062768 0.158959 0.008684
v 0.062988 0.152375 -0.007234
v 0.042794 0.152375 -0.007234
v 0.042532 0.158959 0.008684
v 0.029270 0.283430 -0.019300
v 0.034194 0.297014 -0.032177
v 0.029270 0.281637 -0.029466
v 0.034194 0.298807 -0.022011
v 0.048716 0.304459 -0.033490
v 0.048716 0.306252 -0.023324
v 0.064330 0.299611 -0.032635
v 0.064330 0.301403 -0.022469
v 0.071890 0.285309 -0.030113
v 0.071890 0.287102 -0.019947
v 0.066967 0.269932 -0.027402
v 0.066967 0.271725 -0.017236
v 0.052444 0.262487 -0.026089
v 0.052444 0.264280 -0.015923
v 0.036830 0.267336 -0.026944
v 0.036830 0.269128 -0.016778
v 0.038159 0.293496 -0.032965
v 0.034427 0.281841 -0.030910
v 0.049167 0.299140 -0.033960
v 0.061003 0.295465 -0.033312
v 0.066733 0.284624 -0.031401
v 0.063001 0.272968 -0.029346
v 0.051993 0.267325 -0.028351
v 0.040158 0.271000 -0.028999
v 0.038159 0.291721 -0.043035
v 0.034427 0.280065 -0.040980
v 0.049167 0.297364 -0.044030
v 0.061003 0.293689 -0.043382
v 0.066733 0.282848 -0.041471
v 0.063001 0.271193 -0.039416
v 0.051993 0.265549 -0.038421
v 0.040158 0.269224 -0.039069
v 0.041357 0.288323 -0.046851
v 0.038586 0.279669 -0.045325
v 0.049531 0.292514 -0.047590
v 0.058319 0.289785 -0.047108
v 0.062574 0.281735 -0.045689
v 0.059803 0.273080 -0.044163
v 0.051630 0.268890 -0.043424
v 0.042841 0.271619 -0.043905
v 0.050580 0.280362 -0.047435
v -0.071169 0.306483 -0.008001
v -0.052213 0.261129 -0.000348
v -0.079110 0.287780 -0.004784
v -0.025007 0.287740 -0.005006
v -0.032931 0.268917 -0.001560
v -0.032742 0.306763 -0.008186
v -0.051915 0.314565 -0.009524
v -0.071173 0.268921 -0.001519
v -0.052154 0.284791 -0.021153
v -0.079067 0.284791 -0.021153
v -0.071184 0.303532 -0.024457
v -0.052154 0.311295 -0.025826
v -0.033124 0.303532 -0.024457
v -0.025241 0.284791 -0.021153
v -0.033124 0.266050 -0.017848
v -0.052154 0.258287 -0.016480
v -0.071184 0.266050 -0.017848
v -0.022559 0.323134 -0.033418
v -0.032545 0.314842 -0.033418
v -0.047393 0.320671 -0.032150
v -0.031608 0.333917 -0.032150
v -0.068089 0.318916 -0.027118
v -0.038954 0.342672 -0.023341
v -0.071084 0.322115 -0.009441
v -0.042151 0.346481 -0.009303
v -0.060284 0.326510 0.004753
v -0.039805 0.343686 0.004753
v -0.049059 0.322658 0.014505
v -0.033274 0.335903 0.014505
v -0.037671 0.313814 0.017110
v -0.024201 0.325090 0.017110
v -0.029080 0.303575 0.011845
v -0.015600 0.314840 0.011845
v -0.010094 0.308278 0.000063
v -0.023730 0.296813 -0.006346
v -0.009689 0.307795 -0.014525
v -0.023449 0.296250 -0.023090
v -0.014205 0.313177 -0.026804
v -0.022603 0.306130 -0.026804
v -0.054770 0.320673 -0.010461
v -0.037336 0.312724 -0.009129
v -0.028860 0.302637 -0.007401
v -0.108052 0.033856 -0.037627
v -0.108052 0.037834 -0.050897
v -0.106805 0.034615 -0.054154
v -0.106804 0.050917 -0.061127
v -0.108052 0.051019 -0.056358
v -0.106805 0.067490 -0.054120
v -0.108052 0.064208 -0.050895
v -0.106815 0.074354 -0.037603
v -0.108052 0.068192 -0.037627
v -0.106791 0.027770 -0.037643
v -0.106805 0.034578 -0.021024
v -0.108052 0.037834 -0.024358
v -0.106805 0.051110 -0.014154
v -0.108052 0.051019 -0.018896
v -0.106805 0.067456 -0.021120
v -0.108052 0.064208 -0.024359
v -0.098723 0.050791 -0.062119
v -0.098723 0.068026 -0.054802
v -0.098723 0.075266 -0.037578
v -0.098723 0.067950 -0.020381
v -0.098723 0.051052 -0.013267
v -0.098723 0.033941 -0.020286
v -0.098723 0.026832 -0.037658
v -0.098723 0.034146 -0.054870
v -0.089668 0.108487 -0.010566
v -0.084344 0.073500 0.021404
v -0.074989 0.108487 0.010712
v -0.097862 0.053687 -0.002049
v -0.078070 0.144239 -0.009133
v -0.066022 0.150747 0.008684
v -0.073894 0.138383 -0.042377
v -0.079868 0.111253 -0.060420
v -0.072990 0.159123 -0.023146
v -0.073051 0.152421 -0.007181
v -0.071926 0.153921 -0.038496
v -0.075771 0.063023 -0.078381
v -0.091391 0.057378 -0.069046
v -0.056761 0.064085 -0.080393
v -0.056761 0.110487 -0.069733
v -0.056761 0.140464 -0.048808
v -0.056761 0.157978 -0.044504
v -0.056761 0.108487 0.016616
v -0.056761 0.079601 0.027410
v -0.080693 0.053379 -0.068076
v -0.056761 0.054451 -0.071094
v -0.079944 0.065782 0.018958
v -0.086482 0.050915 -0.000702
v -0.056761 0.069507 0.023123
v -0.086478 0.050992 -0.013769
v -0.064456 0.174800 -0.029628
v -0.073013 0.174979 -0.029595
v -0.073013 0.190696 -0.023248
v -0.064439 0.190657 -0.023060
v -0.073013 0.197212 -0.007317
v -0.064185 0.197225 -0.007177
v -0.073013 0.190674 0.008584
v -0.064185 0.190657 0.008678
v -0.073013 0.174756 0.015089
v -0.064484 0.174742 0.015206
v -0.073013 0.159001 0.008616
v -0.064506 0.158959 0.008684
v -0.064482 0.158945 -0.023060
v -0.086550 0.050778 -0.061614
v -0.086447 0.033941 -0.020286
v -0.086319 0.026832 -0.037658
v -0.086447 0.034146 -0.054870
v -0.001003 0.033856 -0.037627
v -0.002553 0.034615 -0.054154
v -0.001003 0.037834 -0.050897
v -0.002553 0.050917 -0.061127
v -0.001003 0.051019 -0.056358
v -0.002553 0.067490 -0.054120
v -0.001003 0.064208 -0.050895
v -0.002543 0.074354 -0.037603
v -0.001003 0.068192 -0.037627
v -0.002567 0.027770 -0.037643
v -0.001003 0.037834 -0.024358
v -0.002553 0.034578 -0.021024
v -0.002553 0.051110 -0.014154
v -0.001003 0.051019 -0.018896
v -0.002553 0.067456 -0.021120
v -0.001003 0.064208 -0.024359
v -0.009851 0.050791 -0.062119
v -0.009851 0.068026 -0.054802
v -0.009851 0.075266 -0.037578
v -0.009851 0.067950 -0.020381
v -0.009851 0.051052 -0.013267
v -0.009851 0.033941 -0.020286
v -0.009851 0.026832 -0.037658
v -0.009851 0.034146 -0.054870
v -0.018627 0.108487 -0.010566
v -0.033307 0.108487 0.010712
v -0.023952 0.073500 0.021404
v -0.011033 0.053687 -0.002049
v -0.030226 0.144239 -0.009133
v -0.042274 0.150747 0.008684
v -0.034402 0.138383 -0.042377
v -0.028428 0.111253 -0.060420
v -0.035251 0.152421 -0.007181
v -0.044271 0.158959 0.008684
v -0.035312 0.159123 -0.023146
v -0.036370 0.153921 -0.038496
v -0.015001 0.057378 -0.069428
v -0.032525 0.063023 -0.078381
v -0.043420 0.150686 0.021043
v -0.027603 0.053379 -0.068076
v -0.028352 0.065782 0.018958
v -0.021814 0.050915 -0.000702
v -0.021818 0.050992 -0.013769
v -0.044322 0.174800 -0.029628
v -0.035288 0.190696 -0.023248
v -0.035288 0.174979 -0.029595
v -0.044326 0.190657 -0.023062
v -0.035288 0.197212 -0.007317
v -0.044111 0.197225 -0.007177
v -0.035288 0.190674 0.008585
v -0.044111 0.190657 0.008678
v -0.035288 0.174756 0.015089
v -0.044271 0.174742 0.015206
v -0.035288 0.159001 0.008616
v -0.044296 0.158945 -0.023060
v -0.021746 0.050778 -0.061614
v -0.021849 0.033941 -0.020286
v -0.021977 0.026832 -0.037658
v -0.021849 0.034146 -0.054870
v -0.026322 0.163725 -0.018537
v -0.027485 0.174995 -0.028817
v -0.026322 0.174970 -0.024595
v -0.027485 0.190168 -0.022735
v -0.026322 0.187126 -0.019560
v -0.027485 0.196405 -0.007362
v -0.026322 0.192163 -0.007399
v -0.027476 0.190112 0.007881
v -0.026322 0.186110 0.003848
v -0.027498 0.159768 -0.022515
v -0.026322 0.157668 -0.007293
v -0.027485 0.153372 -0.007242
v -0.027485 0.159670 0.008014
v -0.026322 0.162703 0.004864
v -0.027485 0.174869 0.014129
v -0.026322 0.174863 0.009900
v -0.082019 0.163725 -0.018537
v -0.082019 0.174970 -0.024595
v -0.080822 0.174995 -0.028817
v -0.080822 0.190168 -0.022735
v -0.082019 0.187126 -0.019560
v -0.080822 0.196405 -0.007362
v -0.082019 0.192163 -0.007399
v -0.080832 0.190112 0.007881
v -0.082019 0.186110 0.003848
v -0.080809 0.159768 -0.022515
v -0.080822 0.153372 -0.007242
v -0.082019 0.157668 -0.007293
v -0.080822 0.159670 0.008014
v -0.082019 0.162703 0.004864
v -0.080822 0.174869 0.014129
v -0.082019 0.174863 0.009900
v -0.008967 0.038424 0.004720
v -0.026798 0.056299 0.031866
v -0.026628 0.042328 0.042971
v -0.003520 0.013544 0.015147
v -0.009487 0.013545 -0.017120
v -0.009487 0.032534 -0.017399
v -0.022325 0.038424 -0.074525
v -0.009487 0.032514 -0.057318
v -0.009487 0.013545 -0.057645
v -0.024082 0.020221 -0.074900
v -0.056802 0.062614 0.036623
v -0.056802 0.048353 0.045321
v -0.009155 0.013620 0.050844
v -0.024577 0.018775 0.071627
v -0.056802 0.023817 0.076865
v -0.026846 0.056136 0.024815
v -0.056802 0.062128 0.029484
v -0.015063 0.042142 0.001205
v -0.013085 0.036232 -0.057161
v -0.013085 0.036252 -0.017399
v -0.026018 0.042223 -0.070341
v -0.056802 0.020221 -0.078019
v -0.056802 0.038424 -0.078711
v -0.056802 0.042208 -0.074253
v -0.012415 -0.000068 -0.017120
v -0.003068 -0.000068 0.017432
v -0.009487 -0.000068 -0.058789
v -0.023629 0.006782 -0.078250
v -0.024124 0.005086 0.076466
v -0.008702 0.000008 0.053130
v -0.056802 0.010129 0.081703
v -0.056802 0.006706 -0.081703
v -0.056802 -0.000068 0.017432
v -0.056802 -0.000068 -0.018057
v -0.056802 -0.000068 -0.061945
v -0.056802 0.005265 0.076310
v -0.056802 0.000008 0.053130
v -0.026846 0.082130 0.011867
v -0.056802 0.082130 0.017230
v -0.023725 0.082130 -0.005379
v -0.013090 0.056179 -0.059642
v -0.056802 0.061304 -0.069252
v -0.029321 0.059936 -0.066662
v -0.102998 0.038424 0.004720
v -0.081225 0.042328 0.042971
v -0.081056 0.056299 0.031866
v -0.108445 0.013545 0.015147
v -0.098366 0.013545 -0.017120
v -0.098366 0.032534 -0.017399
v -0.085529 0.038424 -0.074525
v -0.098366 0.013545 -0.057645
v -0.098366 0.032514 -0.057318
v -0.083772 0.020221 -0.074900
v -0.098699 0.013620 0.050844
v -0.083277 0.018775 0.071627
v -0.081008 0.056136 0.024815
v -0.092791 0.042142 0.001205
v -0.094769 0.036232 -0.057161
v -0.094769 0.036253 -0.017399
v -0.081836 0.042223 -0.070341
v -0.095439 -0.000068 -0.017120
v -0.108898 -0.000068 0.017432
v -0.098366 -0.000068 -0.058790
v -0.084224 0.006783 -0.078250
v -0.083729 0.005086 0.076466
v -0.099151 0.000008 0.053130
v -0.081008 0.082130 0.011867
v -0.084128 0.082130 -0.005379
v -0.094763 0.056179 -0.059642
v -0.078533 0.059937 -0.066662
v -0.064287 0.150626 0.021103
v -0.035114 0.166169 0.030878
v -0.035377 0.159513 0.013745
v -0.034609 0.170782 0.019736
v -0.073040 0.159460 0.013920
v -0.073025 0.166083 0.031026
v -0.073599 0.170729 0.019910
v -0.064271 0.166170 0.032999
v -0.043747 0.166204 0.033026
v -0.066597 0.199130 0.021743
v -0.039729 0.195872 0.014597
v -0.068616 0.195872 0.014597
v -0.041923 0.199190 0.021683
v -0.034804 0.183646 0.019932
v -0.073731 0.183646 0.019932
v -0.035113 0.189403 0.030130
v -0.073024 0.188505 0.030133
v -0.064270 0.189297 0.032051
v -0.043746 0.189331 0.032078
v -0.044326 0.190657 -0.023062
v -0.066443 0.228840 -0.021651
v -0.041010 0.228840 -0.021417
v -0.064439 0.190657 -0.023060
v -0.044549 0.197073 0.008451
v -0.066443 0.224528 0.026104
v -0.064729 0.197073 0.008451
v -0.044339 0.224528 0.026104
v -0.062270 0.260891 0.027996
v -0.047579 0.260891 0.028694
v -0.064407 0.271667 0.017788
v -0.043522 0.271674 0.018344
v -0.064912 0.197061 -0.005910
v -0.074262 0.224528 0.008848
v -0.068348 0.261139 -0.001516
v -0.071021 0.268838 0.011322
v -0.071173 0.268921 -0.001519
v -0.079110 0.287780 -0.004784
v -0.070832 0.305485 0.005499
v -0.071169 0.306483 -0.008001
v -0.078543 0.287295 0.003977
v -0.051982 0.313042 0.005215
v -0.051915 0.314565 -0.009524
v -0.032931 0.268917 -0.001560
v -0.041413 0.260891 0.008848
v -0.052213 0.261129 -0.000348
v -0.033376 0.269017 0.011402
v -0.036217 0.224528 0.008848
v -0.044455 0.197061 -0.005910
v -0.025007 0.287740 -0.005006
v -0.025262 0.287475 0.010866
v -0.032742 0.306763 -0.008186
v -0.032930 0.306079 0.007902
v -0.044322 0.174800 -0.029628
v -0.064456 0.174800 -0.029628
v -0.064484 0.174742 0.015206
v -0.044271 0.174742 0.015206
v -0.044296 0.158945 -0.023060
v -0.064482 0.158945 -0.023060
v -0.064506 0.158959 0.008684
v -0.064727 0.152375 -0.007234
v -0.044533 0.152375 -0.007234
v -0.044271 0.158959 0.008684
v -0.031009 0.283430 -0.019300
v -0.031009 0.281637 -0.029466
v -0.035932 0.297014 -0.032177
v -0.035932 0.298807 -0.022011
v -0.050454 0.304459 -0.033490
v -0.050454 0.306252 -0.023324
v -0.066069 0.299611 -0.032635
v -0.066069 0.301403 -0.022469
v -0.073629 0.285309 -0.030114
v -0.073629 0.287102 -0.019947
v -0.068706 0.269932 -0.027402
v -0.068706 0.271725 -0.017236
v -0.054183 0.262487 -0.026089
v -0.054183 0.264280 -0.015923
v -0.038569 0.267336 -0.026944
v -0.038569 0.269128 -0.016778
v -0.039898 0.293496 -0.032965
v -0.036166 0.281841 -0.030910
v -0.050906 0.299140 -0.033960
v -0.062741 0.295465 -0.033312
v -0.068472 0.284624 -0.031401
v -0.064740 0.272968 -0.029346
v -0.053732 0.267325 -0.028351
v -0.041897 0.271000 -0.028999
v -0.039898 0.291721 -0.043035
v -0.036166 0.280065 -0.040980
v -0.050906 0.297364 -0.044030
v -0.062741 0.293689 -0.043382
v -0.068472 0.282849 -0.041471
v -0.064740 0.271193 -0.039416
v -0.053732 0.265550 -0.038421
v -0.041897 0.269224 -0.039069
v -0.043096 0.288323 -0.046851
v -0.040325 0.279669 -0.045325
v -0.051270 0.292514 -0.047590
v -0.060058 0.289785 -0.047108
v -0.064313 0.281735 -0.045689
v -0.061542 0.273080 -0.044163
v -0.053368 0.268890 -0.043424
v -0.044580 0.271619 -0.043905
v -0.052319 0.280362 -0.047435
v 0.015268 0.521520 0.040866
v 0.013554 0.533446 0.037778
v 0.007840 0.534633 0.042571
v 0.000000 0.521452 0.044559
v 0.000000 0.533898 0.041437
v 0.000000 0.515264 0.043074
v 0.016748 0.515185 0.039350
v 0.026105 0.521856 0.032500
v 0.022824 0.533493 0.029836
v 0.020324 0.534681 0.036801
v 0.027382 0.515153 0.030474
v 0.031834 0.522196 0.020659
v 0.032270 0.516223 0.018482
v 0.032639 0.522567 0.004938
v 0.032427 0.535890 0.003071
v 0.032250 0.535051 0.010152
v 0.030454 0.533483 0.018842
v 0.031870 0.524481 -0.006864
v 0.031891 0.528612 -0.008480
v 0.032247 0.522984 -0.002589
v 0.031943 0.535276 -0.004495
v 0.012029 0.534822 0.036659
v 0.006151 0.535572 0.039378
v 0.020278 0.534799 0.028795
v 0.016798 0.535548 0.033778
v 0.029206 0.534693 0.025738
v 0.024642 0.535475 0.024334
v 0.029582 0.536447 0.002973
v 0.028695 0.535700 0.009830
v 0.029567 0.524151 -0.007084
v 0.029567 0.528500 -0.008837
v 0.029567 0.535721 -0.004716
v 0.000000 0.514255 0.042087
v 0.016193 0.514316 0.038596
v 0.026246 0.514567 0.030133
v 0.031196 0.515673 0.018356
v 0.029582 0.522103 0.004926
v 0.009763 0.530159 0.023484
v 0.000000 0.529838 0.031512
v 0.027552 0.534736 0.018668
v 0.015877 0.530066 0.014454
v 0.018990 0.532872 0.006242
v 0.000000 0.527839 0.013104
v 0.000000 0.529873 0.006371
v -0.000032 0.534784 0.039934
v 0.013447 0.514000 0.029730
v 0.018738 0.514977 0.018235
v 0.018971 0.521329 0.005082
v 0.000000 0.513543 0.031842
v 0.000000 0.514458 0.017887
v 0.000000 0.520849 0.005167
v 0.029567 0.522509 -0.002757
v 0.031911 0.532982 -0.007431
v 0.029567 0.533118 -0.007673
v -0.007328 0.534633 0.042681
v -0.012978 0.533200 0.038296
v -0.015268 0.521520 0.040866
v -0.016748 0.515185 0.039350
v -0.020515 0.534682 0.036665
v -0.022957 0.533247 0.029663
v -0.026105 0.521856 0.032500
v -0.027382 0.515153 0.030474
v -0.029257 0.534692 0.025916
v -0.029125 0.533203 0.018668
v -0.031834 0.522196 0.020659
v -0.032270 0.516223 0.018482
v -0.032310 0.534978 0.011189
v -0.032639 0.522566 0.004938
v -0.032427 0.535890 0.003071
v -0.031870 0.524481 -0.006864
v -0.032247 0.522984 -0.002589
v -0.031891 0.528612 -0.008480
v -0.031943 0.535276 -0.004495
v -0.006412 0.535573 0.039308
v -0.011805 0.534822 0.036918
v -0.017207 0.535545 0.033449
v -0.020411 0.534799 0.028621
v -0.024766 0.535474 0.024092
v -0.026224 0.534736 0.018493
v -0.028663 0.535539 0.010897
v -0.029582 0.536447 0.002973
v -0.029567 0.528500 -0.008837
v -0.029567 0.524151 -0.007084
v -0.029567 0.535721 -0.004716
v -0.016193 0.514317 0.038596
v -0.026246 0.514567 0.030133
v -0.031196 0.515673 0.018356
v -0.029582 0.522103 0.004926
v -0.009763 0.530159 0.023484
v -0.015877 0.530066 0.014454
v -0.018990 0.532872 0.006242
v -0.013447 0.514000 0.029730
v -0.018738 0.514976 0.018235
v -0.018971 0.521329 0.005082
v -0.029567 0.522509 -0.002757
v -0.029567 0.533118 -0.007673
v -0.031911 0.532982 -0.007431
v 0.029439 0.536430 -0.008169
v 0.029439 0.537188 0.004016
v 0.029439 0.522378 0.003030
v 0.029439 0.524061 -0.008780
v 0.023498 0.536379 -0.016172
v 0.022435 0.524875 -0.017859
v 0.013278 0.536341 -0.020931
v 0.012772 0.524875 -0.022630
v -0.000064 0.536327 -0.022293
v -0.000064 0.524875 -0.023899
v 0.023278 0.551652 -0.006779
v 0.024756 0.551830 0.004037
v 0.017927 0.551475 -0.015036
v 0.010639 0.551343 -0.019808
v -0.000064 0.551294 -0.021257
v 0.006557 0.537409 0.039122
v 0.013270 0.536533 0.037420
v 0.008477 0.552122 0.034174
v -0.000064 0.552137 0.037070
v -0.000064 0.536613 0.040800
v 0.018210 0.537266 0.033100
v 0.023442 0.536321 0.028524
v 0.016788 0.552071 0.026394
v 0.026435 0.537446 0.022208
v 0.029065 0.536863 0.016658
v 0.022459 0.551974 0.015698
v 0.029236 0.537848 0.010872
v 0.018358 0.569297 -0.006596
v 0.019621 0.569578 0.003838
v 0.013296 0.568944 -0.014624
v -0.000064 0.568586 -0.020970
v 0.008494 0.568682 -0.019444
v 0.006204 0.565272 0.030051
v 0.004457 0.570293 0.028890
v 0.002877 0.565600 0.031257
v 0.004115 0.559107 0.035846
v -0.000064 0.570305 0.031060
v -0.000064 0.565891 0.033356
v 0.017196 0.569955 0.013007
v 0.019444 0.581262 -0.007172
v 0.020688 0.581825 0.002699
v 0.014546 0.580714 -0.015085
v 0.009067 0.580312 -0.019979
v -0.000064 0.580164 -0.021571
v 0.018275 0.582298 0.012891
v 0.020521 0.593047 -0.008000
v 0.021882 0.593858 0.001763
v 0.015502 0.592261 -0.015990
v 0.009089 0.591687 -0.021037
v -0.000064 0.591477 -0.022709
v 0.008341 0.595312 0.025457
v -0.000064 0.595404 0.027396
v -0.000064 0.582869 0.029949
v 0.008020 0.582812 0.027785
v 0.014305 0.595029 0.019930
v 0.012973 0.582607 0.021734
v 0.019592 0.594546 0.011616
v 0.021251 0.596726 0.001584
v 0.019982 0.595887 -0.007634
v 0.017190 0.599162 -0.005697
v 0.018302 0.599781 0.001247
v 0.015237 0.595056 -0.015288
v 0.013485 0.598574 -0.011464
v 0.008888 0.594394 -0.020252
v 0.007744 0.598150 -0.015188
v -0.000064 0.594176 -0.021887
v -0.000064 0.597995 -0.016447
v -0.000064 0.597905 0.026077
v 0.008241 0.597842 0.024200
v 0.007447 0.600949 0.017914
v -0.000064 0.601025 0.019262
v 0.014178 0.597725 0.018757
v 0.012977 0.600717 0.014053
v 0.019154 0.597340 0.010857
v 0.016787 0.600321 0.008209
v 0.003755 0.601463 0.001410
v 0.003255 0.601272 -0.000478
v 0.001846 0.601160 -0.001874
v -0.000064 0.601120 -0.002385
v 0.001849 0.601760 0.004706
v -0.000064 0.601799 0.005218
v 0.003252 0.601651 0.003311
v 0.006593 0.579631 0.027961
v -0.000064 0.579741 0.030105
v 0.009255 0.581824 0.026138
v 0.010408 0.560012 0.028109
v 0.014713 0.558507 0.024122
v 0.017159 0.559756 0.019600
v 0.017707 0.563680 0.015675
v 0.016265 0.578317 0.015143
v 0.004970 0.570264 0.027901
v 0.006446 0.565752 0.028811
v 0.006001 0.566890 0.025807
v 0.005180 0.570150 0.025167
v 0.007268 0.577692 0.027077
v 0.006645 0.575149 0.024441
v 0.012461 0.581124 0.021522
v 0.009191 0.580555 0.025384
v 0.007920 0.577548 0.023119
v 0.010271 0.577957 0.020342
v 0.010246 0.561085 0.027145
v 0.008675 0.563555 0.024378
v 0.014021 0.559703 0.023566
v 0.011377 0.562573 0.021800
v 0.016136 0.560813 0.019682
v 0.012893 0.563369 0.019015
v 0.016669 0.564336 0.016233
v 0.013325 0.565873 0.016536
v 0.016021 0.570023 0.014019
v 0.012904 0.569976 0.014723
v 0.015381 0.577453 0.015710
v 0.012397 0.575336 0.016159
v 0.006491 0.568429 0.022120
v 0.006065 0.569995 0.021906
v 0.006681 0.572394 0.021557
v 0.007435 0.573546 0.020833
v 0.008686 0.573800 0.019088
v 0.007797 0.566830 0.021437
v 0.009094 0.566359 0.020200
v 0.009489 0.566821 0.018769
v 0.010029 0.567942 0.017674
v 0.009827 0.569911 0.016803
v 0.009584 0.572484 0.017493
v 0.007261 0.569852 0.019033
v 0.029120 0.534222 0.005942
v 0.028600 0.521696 0.004039
v 0.006308 0.535579 0.038248
v 0.017120 0.535464 0.032285
v 0.021922 0.534503 0.027875
v 0.024775 0.535572 0.021886
v 0.027515 0.534960 0.016135
v 0.028652 0.535457 0.010940
v 0.029439 0.534386 0.007341
v 0.026006 0.521137 -0.007750
v 0.021050 0.521137 -0.016220
v 0.011810 0.521146 -0.021093
v -0.000064 0.521146 -0.022167
v -0.000064 0.536220 0.031627
v 0.011284 0.536296 0.024770
v 0.014676 0.535834 0.015350
v 0.015309 0.534565 0.008320
v -0.000064 0.536583 0.023830
v -0.000064 0.535823 0.015334
v -0.000064 0.533895 0.008917
v 0.015309 0.521435 0.006367
v -0.000064 0.521377 0.006758
v 0.015309 0.520849 -0.007462
v -0.000064 0.520782 -0.007462
v -0.029568 0.522378 0.003030
v -0.029568 0.536481 0.004016
v -0.029568 0.536430 -0.008169
v -0.029568 0.524061 -0.008780
v -0.023627 0.536379 -0.016172
v -0.022564 0.524875 -0.017859
v -0.013407 0.536341 -0.020931
v -0.012900 0.524875 -0.022630
v -0.024884 0.551830 0.004037
v -0.023407 0.551652 -0.006779
v -0.018056 0.551475 -0.015036
v -0.010768 0.551343 -0.019808
v -0.008606 0.552122 0.034174
v -0.013399 0.536533 0.037420
v -0.006834 0.537408 0.039084
v -0.016917 0.552071 0.026394
v -0.023571 0.536321 0.028524
v -0.018696 0.537259 0.032788
v -0.026147 0.537405 0.023089
v -0.022588 0.551974 0.015698
v -0.029194 0.536863 0.016658
v -0.029366 0.537524 0.010854
v -0.019573 0.569578 0.003612
v -0.018487 0.569297 -0.006596
v -0.013425 0.568944 -0.014624
v -0.008623 0.568682 -0.019444
v -0.003168 0.565582 0.031188
v -0.004533 0.570293 0.028890
v -0.000064 0.558830 0.037758
v -0.004097 0.559045 0.035711
v -0.017324 0.569955 0.013007
v -0.020817 0.581825 0.002699
v -0.019573 0.581262 -0.007172
v -0.014675 0.580714 -0.015085
v -0.009196 0.580312 -0.019979
v -0.018404 0.582298 0.012891
v -0.022011 0.593858 0.001763
v -0.020650 0.593047 -0.008000
v -0.015631 0.592261 -0.015990
v -0.009218 0.591687 -0.021037
v -0.008469 0.595312 0.025457
v -0.008149 0.582812 0.027785
v -0.014434 0.595029 0.019930
v -0.013101 0.582607 0.021734
v -0.019721 0.594546 0.011616
v -0.017319 0.599162 -0.005697
v -0.020111 0.595179 -0.007634
v -0.021380 0.596019 0.001584
v -0.018431 0.599781 0.001247
v -0.013614 0.598574 -0.011464
v -0.015366 0.594348 -0.015288
v -0.007873 0.598150 -0.015188
v -0.009017 0.593687 -0.020252
v -0.007576 0.600949 0.017914
v -0.008370 0.597135 0.024200
v -0.013106 0.600717 0.014053
v -0.014307 0.597018 0.018757
v -0.016916 0.600321 0.008209
v -0.019283 0.596632 0.010857
v -0.003883 0.601463 0.001410
v -0.003383 0.601272 -0.000478
v -0.001974 0.601160 -0.001874
v -0.001977 0.601760 0.004706
v -0.003379 0.601651 0.003311
v -0.006848 0.579631 0.027961
v -0.009384 0.581824 0.026138
v -0.010537 0.560012 0.028109
v -0.014842 0.558507 0.024122
v -0.006275 0.565272 0.030051
v -0.017835 0.563680 0.015675
v -0.017288 0.559756 0.019600
v -0.016394 0.578317 0.015143
v -0.006410 0.566887 0.025567
v -0.006575 0.565752 0.028811
v -0.005099 0.570264 0.027901
v -0.005309 0.570150 0.025167
v -0.007306 0.577572 0.027098
v -0.006774 0.575149 0.024441
v -0.007840 0.577289 0.022975
v -0.009320 0.580555 0.025384
v -0.012589 0.581124 0.021522
v -0.010400 0.577957 0.020342
v -0.008921 0.563492 0.024749
v -0.010375 0.561085 0.027145
v -0.011505 0.562573 0.021800
v -0.014150 0.559703 0.023566
v -0.013022 0.563369 0.019015
v -0.016265 0.560813 0.019682
v -0.013454 0.565873 0.016536
v -0.016797 0.564336 0.016233
v -0.013033 0.569976 0.014723
v -0.016150 0.570023 0.013739
v -0.015509 0.577453 0.015710
v -0.012526 0.575336 0.016159
v -0.006620 0.568429 0.022120
v -0.006398 0.570152 0.021810
v -0.006810 0.572394 0.021557
v -0.007564 0.573546 0.020833
v -0.008692 0.573742 0.019500
v -0.007782 0.566728 0.021576
v -0.009223 0.566359 0.020200
v -0.009950 0.566741 0.018863
v -0.010158 0.567942 0.017674
v -0.009956 0.569911 0.016803
v -0.009712 0.572484 0.017493
v -0.007390 0.569852 0.019033
v -0.029248 0.533514 0.005942
v -0.028729 0.521696 0.004039
v -0.005961 0.535578 0.038358
v -0.017200 0.535466 0.032330
v -0.022050 0.534503 0.027875
v -0.024590 0.535546 0.022545
v -0.027644 0.534960 0.016135
v -0.029568 0.534386 0.007341
v -0.026135 0.521137 -0.007750
v -0.021179 0.521137 -0.016220
v -0.011939 0.521146 -0.021093
v -0.011413 0.536296 0.024770
v -0.014805 0.535834 0.015350
v -0.015438 0.533858 0.008320
v -0.015438 0.521435 0.006367
v -0.015438 0.520849 -0.007462
v 0.001008 0.602413 0.000966
v -0.000064 0.602347 0.000210
v -0.001136 0.602413 0.000966
v -0.000456 0.602523 0.002216
v 0.000721 0.602507 0.002034
v -0.000459 0.607993 -0.000095
v 0.000675 0.607993 0.000711
v -0.001594 0.607993 0.000711
v -0.001289 0.607993 0.001848
v -0.000459 0.607993 0.002234
v 0.000370 0.607993 0.001848
v 0.001190 0.618856 -0.000942
v -0.000064 0.618933 -0.001826
v -0.000064 0.620522 -0.002887
v 0.002414 0.620369 -0.001139
v -0.001317 0.618856 -0.000942
v -0.002542 0.620369 -0.001139
v -0.000981 0.618746 0.000307
v -0.001878 0.620153 0.001330
v -0.000064 0.618709 0.000731
v -0.000064 0.620080 0.002168
v 0.000854 0.618746 0.000307
v 0.001750 0.620153 0.001330
v -0.000064 0.621796 -0.000348
v -0.005116 0.584415 0.027972
v -0.014366 0.588154 0.027717
v -0.015012 0.587908 0.030959
v -0.005675 0.584250 0.029205
v -0.015920 0.585375 0.031348
v -0.006213 0.582119 0.029538
v -0.022257 0.589448 0.022953
v -0.023913 0.589221 0.026097
v -0.024268 0.586505 0.026504
v -0.005789 0.581784 0.027972
v -0.015039 0.584690 0.027716
v -0.022930 0.585984 0.022953
v 0.015408 0.586737 0.030959
v 0.014821 0.587102 0.027717
v 0.004746 0.584675 0.027972
v 0.005118 0.584402 0.029205
v 0.015955 0.583984 0.031348
v 0.005472 0.582618 0.029538
v 0.024396 0.586328 0.026097
v 0.022814 0.586866 0.022953
v 0.024723 0.583554 0.026504
v 0.005028 0.582268 0.027972
v 0.014821 0.583573 0.027717
v 0.022814 0.583338 0.022953
v 0.000339 0.613996 -0.001709
v 0.001542 0.614145 -0.000866
v -0.000865 0.614145 -0.000866
v -0.000541 0.614354 0.000322
v 0.000339 0.614425 0.000725
v 0.001219 0.614354 0.000322
v 0.017119 0.569500 -0.008509
v 0.018659 0.573946 -0.006675
v 0.021078 0.573946 -0.007127
v 0.020917 0.569500 -0.008962
v 0.019359 0.575787 -0.002246
v 0.021465 0.575787 -0.002698
v 0.020064 0.573946 0.002184
v 0.021853 0.573946 0.001731
v 0.022013 0.569500 0.003566
v 0.020612 0.565054 0.002184
v 0.021853 0.565054 0.001731
v 0.020345 0.563212 -0.002246
v 0.021465 0.563212 -0.002698
v 0.019084 0.565054 -0.006675
v 0.021078 0.565054 -0.007127
v 0.022329 0.571828 -0.005111
v 0.022244 0.569500 -0.006072
v 0.022531 0.572792 -0.002791
v 0.022734 0.571828 -0.000472
v 0.022818 0.569500 0.000489
v 0.022734 0.567171 -0.000472
v 0.022531 0.566207 -0.002791
v 0.022329 0.567171 -0.005111
v 0.027079 0.574009 -0.007716
v 0.026916 0.569500 -0.009576
v 0.027472 0.575877 -0.003224
v 0.027865 0.574009 0.001268
v 0.028027 0.569500 0.003129
v 0.027865 0.564991 0.001268
v 0.027472 0.563123 -0.003224
v 0.027079 0.564991 -0.007716
v 0.027957 0.573732 -0.007571
v 0.027804 0.569502 -0.009316
v 0.028326 0.575484 -0.003357
v 0.028694 0.573732 0.000856
v 0.028847 0.569502 0.002602
v 0.028694 0.565272 0.000856
v 0.028326 0.563520 -0.003357
v 0.027957 0.565272 -0.007571
v 0.029157 0.569438 -0.003357
v 0.027299 0.568741 0.025108
v 0.024788 0.563791 0.023166
v 0.025076 0.565424 0.020800
v 0.025670 0.567991 0.019514
v 0.026167 0.570946 0.019794
v 0.025379 0.567151 0.030355
v 0.024956 0.564742 0.028664
v 0.024744 0.563541 0.026045
v 0.020100 0.560723 0.021772
v 0.020598 0.563549 0.017675
v 0.021465 0.568002 0.015439
v 0.022351 0.573057 0.015900
v 0.023701 0.566651 0.032508
v 0.021114 0.566487 0.034186
v 0.020391 0.562374 0.031288
v 0.020024 0.560293 0.026755
v 0.014366 0.560309 0.021262
v 0.014941 0.563571 0.016532
v 0.015845 0.568700 0.013968
v 0.016881 0.574572 0.014489
v 0.018524 0.566537 0.035288
v 0.015538 0.566955 0.035581
v 0.014702 0.562217 0.032249
v 0.014279 0.559813 0.027015
v 0.009119 0.562658 0.021774
v 0.009617 0.565483 0.017676
v 0.010332 0.569966 0.015452
v 0.011218 0.575023 0.015888
v 0.012711 0.567571 0.035264
v 0.010150 0.568429 0.034163
v 0.009411 0.564312 0.031291
v 0.009044 0.562229 0.026757
v 0.005763 0.567145 0.023166
v 0.006049 0.568779 0.020804
v 0.006395 0.571390 0.019533
v 0.006892 0.574348 0.019776
v 0.007674 0.569520 0.032393
v 0.006407 0.570509 0.030321
v 0.005932 0.568101 0.028669
v 0.005096 0.572656 0.025108
v 0.016206 0.570740 0.035344
v 0.016979 0.575127 0.034327
v 0.014999 0.575028 0.034327
v 0.013258 0.574080 0.034327
v 0.012101 0.572471 0.034327
v 0.011756 0.570518 0.034327
v 0.012293 0.568610 0.034327
v 0.013605 0.567123 0.034327
v 0.015432 0.566353 0.034327
v 0.017412 0.566452 0.034327
v 0.019153 0.567400 0.034327
v 0.020311 0.569010 0.034327
v 0.020655 0.570962 0.034327
v 0.020118 0.572871 0.034327
v 0.018806 0.574357 0.034327
v 0.014031 0.578467 0.031478
v 0.017599 0.578646 0.031478
v 0.010894 0.576759 0.031478
v 0.008809 0.573858 0.031478
v 0.008188 0.570340 0.031478
v 0.009156 0.566901 0.031478
v 0.011520 0.564223 0.031478
v 0.014811 0.562835 0.031478
v 0.018380 0.563013 0.031478
v 0.021517 0.564721 0.031478
v 0.023602 0.567622 0.031478
v 0.024223 0.571140 0.031478
v 0.023255 0.574579 0.031478
v 0.020891 0.577258 0.031478
v 0.013494 0.580376 0.027362
v 0.017944 0.580598 0.027362
v 0.009582 0.578245 0.027362
v 0.006982 0.574628 0.027362
v 0.006208 0.570241 0.027362
v 0.007415 0.565953 0.027362
v 0.010362 0.562613 0.027362
v 0.014467 0.560882 0.027362
v 0.018917 0.561104 0.027362
v 0.022829 0.563235 0.027362
v 0.025429 0.566852 0.027362
v 0.026203 0.571239 0.027362
v 0.024996 0.575527 0.027362
v 0.022049 0.578867 0.027362
v 0.013494 0.580376 0.022792
v 0.017944 0.580598 0.022792
v 0.009582 0.578245 0.022792
v 0.006982 0.574628 0.022792
v 0.006208 0.570241 0.022792
v 0.007415 0.565953 0.022792
v 0.010362 0.562613 0.022792
v 0.014467 0.560882 0.022792
v 0.018917 0.561104 0.022792
v 0.022829 0.563235 0.022792
v 0.025429 0.566852 0.022792
v 0.026203 0.571239 0.022792
v 0.024996 0.575527 0.022792
v 0.022049 0.578867 0.022792
v 0.014031 0.578467 0.018675
v 0.017599 0.578646 0.018675
v 0.010894 0.576759 0.018675
v 0.008188 0.570340 0.018675
v 0.011520 0.564223 0.018675
v 0.014811 0.562835 0.018675
v 0.018380 0.563013 0.018675
v 0.021517 0.564721 0.018675
v 0.023602 0.567622 0.018675
v 0.024223 0.571140 0.018675
v 0.023255 0.574579 0.018675
v 0.020891 0.577258 0.018675
v 0.014999 0.575028 0.015826
v 0.016979 0.575127 0.015826
v 0.013258 0.574080 0.015826
v 0.012101 0.572471 0.015826
v 0.011756 0.570518 0.015826
v 0.012293 0.568610 0.015826
v 0.013605 0.567123 0.015826
v 0.015432 0.566353 0.015826
v 0.017412 0.566452 0.015826
v 0.019153 0.567400 0.015826
v 0.020311 0.569010 0.015826
v 0.020655 0.570962 0.015826
v 0.020118 0.572871 0.015826
v 0.018806 0.574357 0.015826
v 0.007405 0.578067 0.024094
v 0.007186 0.576827 0.021399
v 0.006583 0.573396 0.030769
v 0.007064 0.576135 0.029493
v 0.012261 0.581410 0.023366
v 0.011883 0.579267 0.018701
v 0.008241 0.573519 0.033091
v 0.010848 0.573383 0.034901
v 0.011671 0.578062 0.032711
v 0.012184 0.580969 0.028494
v 0.018174 0.581904 0.023101
v 0.017738 0.579430 0.017715
v 0.013478 0.573132 0.036089
v 0.016542 0.572649 0.036405
v 0.017492 0.578037 0.033888
v 0.018084 0.581394 0.029021
v 0.023561 0.579418 0.023369
v 0.023183 0.577276 0.018704
v 0.019461 0.572073 0.036063
v 0.022132 0.571389 0.034876
v 0.022970 0.576067 0.032713
v 0.023483 0.578975 0.028497
v 0.026981 0.574615 0.024094
v 0.026765 0.573375 0.021404
v 0.024736 0.570588 0.032967
v 0.026107 0.569947 0.030733
v 0.026640 0.572678 0.029497
v 0.026935 0.574363 0.027060
v -0.024715 0.569021 0.023703
v -0.022805 0.566173 0.020003
v -0.022558 0.564770 0.022035
v -0.023316 0.568377 0.018899
v -0.023742 0.570915 0.019140
v -0.022702 0.565587 0.026757
v -0.023065 0.567656 0.028209
v -0.022520 0.564556 0.024507
v -0.018960 0.564562 0.017319
v -0.018532 0.562136 0.020838
v -0.019704 0.568387 0.015400
v -0.020465 0.572728 0.015796
v -0.021624 0.567227 0.030058
v -0.018782 0.563553 0.029010
v -0.019403 0.567086 0.031498
v -0.018467 0.561766 0.025117
v -0.014102 0.564581 0.016338
v -0.013608 0.561780 0.020400
v -0.014878 0.568986 0.014136
v -0.015768 0.574029 0.014583
v -0.017179 0.567128 0.032445
v -0.013944 0.563684 0.029504
v -0.014615 0.567487 0.032696
v -0.013533 0.561354 0.025341
v -0.009530 0.566223 0.017321
v -0.009103 0.563797 0.020840
v -0.010144 0.570073 0.015411
v -0.010905 0.574416 0.015785
v -0.012187 0.568016 0.032424
v -0.009353 0.565218 0.029012
v -0.009987 0.568753 0.031479
v -0.006221 0.567651 0.022035
v -0.006466 0.569054 0.020007
v -0.006763 0.571296 0.018915
v -0.007190 0.573836 0.019124
v -0.007861 0.569690 0.029959
v -0.006365 0.568471 0.026761
v -0.006773 0.570540 0.028180
v -0.006184 0.567434 0.024510
v -0.005648 0.572383 0.023703
v -0.015188 0.570738 0.032493
v -0.014152 0.574421 0.031620
v -0.015852 0.574506 0.031620
v -0.012656 0.573606 0.031620
v -0.011663 0.572224 0.031620
v -0.011367 0.570547 0.031620
v -0.011828 0.568908 0.031620
v -0.012955 0.567632 0.031620
v -0.014524 0.566971 0.031620
v -0.016224 0.567055 0.031620
v -0.017719 0.567870 0.031620
v -0.018713 0.569252 0.031620
v -0.019009 0.570929 0.031620
v -0.018548 0.572568 0.031620
v -0.017421 0.573844 0.031620
v -0.013321 0.577374 0.029174
v -0.016385 0.577527 0.029174
v -0.010627 0.575907 0.029174
v -0.008836 0.573416 0.029174
v -0.008303 0.570394 0.029174
v -0.009134 0.567441 0.029174
v -0.011164 0.565141 0.029174
v -0.017055 0.564102 0.029174
v -0.019749 0.565569 0.029174
v -0.021540 0.568060 0.029174
v -0.022073 0.571082 0.029174
v -0.021242 0.574035 0.029174
v -0.019212 0.576335 0.029174
v -0.012860 0.579013 0.025638
v -0.016680 0.579204 0.025638
v -0.009500 0.577183 0.025638
v -0.007267 0.574077 0.025638
v -0.006602 0.570310 0.025638
v -0.007639 0.566627 0.025638
v -0.010170 0.563759 0.025638
v -0.013695 0.562273 0.025638
v -0.017516 0.562463 0.025638
v -0.020876 0.564293 0.025638
v -0.023109 0.567399 0.025638
v -0.023773 0.571167 0.025638
v -0.022737 0.574849 0.025638
v -0.020206 0.577717 0.025638
v -0.012860 0.579013 0.021714
v -0.016680 0.579204 0.021714
v -0.009500 0.577183 0.021714
v -0.007267 0.574077 0.021714
v -0.010170 0.563759 0.021714
v -0.013695 0.562273 0.021714
v -0.017516 0.562463 0.021714
v -0.020876 0.564293 0.021714
v -0.023109 0.567399 0.021714
v -0.023773 0.571167 0.021714
v -0.022737 0.574849 0.021714
v -0.020206 0.577717 0.021714
v -0.013321 0.577374 0.018179
v -0.016385 0.577527 0.018179
v -0.010627 0.575907 0.018179
v -0.008836 0.573416 0.018179
v -0.008303 0.570394 0.018179
v -0.009134 0.567441 0.018179
v -0.011164 0.565141 0.018179
v -0.013991 0.563949 0.018179
v -0.017055 0.564102 0.018179
v -0.019749 0.565569 0.018179
v -0.021540 0.568060 0.018179
v -0.022073 0.571082 0.018179
v -0.021242 0.574035 0.018179
v -0.019212 0.576335 0.018179
v -0.014152 0.574421 0.015732
v -0.015852 0.574506 0.015732
v -0.012656 0.573606 0.015732
v -0.011663 0.572224 0.015732
v -0.011367 0.570547 0.015732
v -0.011828 0.568908 0.015732
v -0.012955 0.567632 0.015732
v -0.014524 0.566971 0.015732
v -0.016224 0.567055 0.015732
v -0.017719 0.567870 0.015732
v -0.018713 0.569252 0.015732
v -0.019009 0.570929 0.015732
v -0.018548 0.572568 0.015732
v -0.017421 0.573844 0.015732
v -0.007442 0.575966 0.020518
v -0.007338 0.575370 0.027468
v -0.006925 0.573018 0.028565
v -0.007592 0.576812 0.025376
v -0.011476 0.578060 0.018201
v -0.011801 0.579901 0.022207
v -0.008348 0.573125 0.030558
v -0.011294 0.577026 0.030232
v -0.010587 0.573008 0.032112
v -0.011734 0.579522 0.026610
v -0.016504 0.578201 0.017354
v -0.016878 0.580325 0.021979
v -0.012846 0.572792 0.033133
v -0.016293 0.577004 0.031243
v -0.015477 0.572377 0.033404
v -0.016801 0.579887 0.027063
v -0.021180 0.576351 0.018203
v -0.021504 0.578190 0.022209
v -0.017983 0.571882 0.033111
v -0.020997 0.575313 0.030233
v -0.020277 0.571295 0.032091
v -0.021437 0.577810 0.026613
v -0.024442 0.574065 0.022832
v -0.024256 0.573000 0.020522
v -0.022514 0.570608 0.030452
v -0.024148 0.572402 0.027472
v -0.023691 0.570056 0.028533
v -0.024402 0.573849 0.025379
v -0.016706 0.569500 -0.008509
v -0.020664 0.573946 -0.007127
v -0.018245 0.573946 -0.006675
v -0.020504 0.569500 -0.008962
v -0.021052 0.575787 -0.002698
v -0.018945 0.575787 -0.002246
v -0.021439 0.573946 0.001731
v -0.019650 0.573946 0.002184
v -0.021805 0.569578 0.003612
v -0.019207 0.569578 0.003838
v -0.021439 0.565054 0.001731
v -0.020198 0.565054 0.002184
v -0.021052 0.563212 -0.002698
v -0.019932 0.563212 -0.002246
v -0.020664 0.565054 -0.007127
v -0.018671 0.565054 -0.006675
v -0.021915 0.571828 -0.005111
v -0.021831 0.569500 -0.006072
v -0.022118 0.572792 -0.002791
v -0.022321 0.571828 -0.000472
v -0.022405 0.569500 0.000489
v -0.022321 0.567171 -0.000472
v -0.022118 0.566207 -0.002791
v -0.021915 0.567171 -0.005111
v -0.026665 0.574009 -0.007716
v -0.026502 0.569500 -0.009576
v -0.027058 0.575877 -0.003224
v -0.027451 0.574009 0.001268
v -0.027614 0.569500 0.003129
v -0.027451 0.564991 0.001268
v -0.027058 0.563123 -0.003224
v -0.026665 0.564991 -0.007716
v -0.027544 0.573732 -0.007571
v -0.027391 0.569502 -0.009316
v -0.027912 0.575484 -0.003357
v -0.028281 0.573732 0.000856
v -0.028434 0.569502 0.002602
v -0.028281 0.565272 0.000856
v -0.027912 0.563520 -0.003357
v -0.027544 0.565272 -0.007571
v -0.028743 0.569438 -0.003357
vt 0.456466 0.551343
vt 0.451644 0.518421
vt 0.476573 0.479156
vt 0.492054 0.495907
vt 0.496846 0.528826
vt 0.488392 0.558756
vt 0.471702 0.568009
vt 0.460120 0.488476
vt 0.474328 0.522132
vt 0.490522 0.489774
vt 0.497230 0.522132
vt 0.474328 0.476371
vt 0.458134 0.489774
vt 0.451426 0.522132
vt 0.458134 0.554489
vt 0.474328 0.567892
vt 0.490522 0.554489
vt 0.407091 0.584226
vt 0.391485 0.614738
vt 0.407074 0.614751
vt 0.391425 0.584150
vt 0.475836 0.584062
vt 0.459634 0.614696
vt 0.476016 0.614684
vt 0.459454 0.584135
vt 0.443114 0.614713
vt 0.442934 0.584210
vt 0.424416 0.614728
vt 0.424433 0.584150
vt 0.423206 0.626018
vt 0.411551 0.656883
vt 0.423247 0.649030
vt 0.411497 0.626019
vt 0.398917 0.672151
vt 0.399099 0.626019
vt 0.387178 0.664926
vt 0.387290 0.626024
vt 0.375624 0.647042
vt 0.375671 0.626019
vt 0.495813 0.626001
vt 0.485508 0.656744
vt 0.495833 0.666445
vt 0.485447 0.626002
vt 0.475466 0.652386
vt 0.475421 0.626005
vt 0.465546 0.653252
vt 0.465559 0.626007
vt 0.454975 0.626016
vt 0.454885 0.652440
vt 0.444449 0.626018
vt 0.444547 0.652655
vt 0.434064 0.626017
vt 0.434146 0.645471
vt 0.479570 0.708191
vt 0.495394 0.706441
vt 0.465270 0.698151
vt 0.456303 0.676117
vt 0.375827 0.584422
vt 0.375726 0.614828
vt 0.415861 0.675038
vt 0.404041 0.691942
vt 0.428284 0.665820
vt 0.493127 0.584053
vt 0.493009 0.614685
vt 0.444453 0.679787
vt 0.490146 0.553365
vt 0.474115 0.566573
vt 0.458106 0.553264
vt 0.451497 0.521234
vt 0.458158 0.489653
vt 0.496808 0.521377
vt 0.458254 0.462825
vt 0.472802 0.463774
vt 0.486661 0.478585
vt 0.493782 0.495822
vt 0.498093 0.505790
vt 0.474551 0.434696
vt 0.460551 0.433416
vt 0.463310 0.427963
vt 0.454644 0.405824
vt 0.458683 0.405645
vt 0.460580 0.377772
vt 0.463311 0.383321
vt 0.474572 0.366153
vt 0.474551 0.376578
vt 0.474538 0.445002
vt 0.485792 0.427963
vt 0.488616 0.433479
vt 0.494436 0.405497
vt 0.490419 0.405645
vt 0.488535 0.377829
vt 0.485790 0.383321
vt 0.397601 0.445487
vt 0.401644 0.428778
vt 0.401644 0.445471
vt 0.397601 0.428749
vt 0.397620 0.566748
vt 0.401726 0.549824
vt 0.401724 0.566726
vt 0.397620 0.549819
vt 0.401713 0.531779
vt 0.397618 0.531878
vt 0.401713 0.514698
vt 0.397613 0.514685
vt 0.397603 0.497094
vt 0.401650 0.479948
vt 0.401652 0.496909
vt 0.397603 0.479945
vt 0.401644 0.462373
vt 0.397601 0.462415
vt 0.330044 0.098667
vt 0.317433 0.082296
vt 0.323671 0.035682
vt 0.344374 0.030550
vt 0.322573 0.129751
vt 0.311755 0.129599
vt 0.343818 0.161714
vt 0.356328 0.126195
vt 0.322469 0.160268
vt 0.316706 0.140114
vt 0.330926 0.172043
vt 0.228787 0.187318
vt 0.194441 0.161267
vt 0.203254 0.147866
vt 0.210727 0.127359
vt 0.236718 0.160903
vt 0.246145 0.200244
vt 0.253509 0.182573
vt 0.257454 0.211717
vt 0.263319 0.195235
vt 0.305279 0.082296
vt 0.305279 0.043810
vt 0.197753 0.177171
vt 0.356998 0.079858
vt 0.370190 0.086684
vt 0.349794 0.059541
vt 0.351665 0.035400
vt 0.196072 0.146403
vt 0.205331 0.120394
vt 0.320737 0.025398
vt 0.325097 0.005590
vt 0.332685 0.009283
vt 0.305279 0.030361
vt 0.325656 -0.003512
vt 0.333636 -0.000802
vt 0.330123 0.207926
vt 0.324064 0.229747
vt 0.324064 0.208168
vt 0.330123 0.229694
vt 0.324134 0.252736
vt 0.330190 0.252928
vt 0.324134 0.274569
vt 0.330190 0.274697
vt 0.310229 0.191778
vt 0.316116 0.170591
vt 0.316116 0.191800
vt 0.310236 0.170596
vt 0.316116 0.149600
vt 0.310296 0.149567
vt 0.330114 0.186157
vt 0.324068 0.186397
vt 0.271387 0.215427
vt 0.266824 0.225212
vt 0.188099 0.164712
vt 0.189141 0.151784
vt 0.180375 0.163361
vt 0.181327 0.148327
vt 0.391358 0.497090
vt 0.391358 0.479945
vt 0.391358 0.462415
vt 0.391359 0.445489
vt 0.391360 0.514671
vt 0.473884 0.338983
vt 0.485125 0.332249
vt 0.487884 0.337703
vt 0.493791 0.310110
vt 0.489751 0.309932
vt 0.487855 0.282059
vt 0.485123 0.287608
vt 0.473863 0.270441
vt 0.473884 0.280865
vt 0.473897 0.349289
vt 0.459819 0.337766
vt 0.462643 0.332249
vt 0.453999 0.309784
vt 0.458016 0.309932
vt 0.459900 0.282117
vt 0.462644 0.287608
vt 0.407596 0.480063
vt 0.403294 0.480032
vt 0.403301 0.462450
vt 0.407598 0.462454
vt 0.403299 0.445430
vt 0.407598 0.445427
vt 0.403301 0.428750
vt 0.407598 0.428709
vt 0.407626 0.566760
vt 0.403368 0.566743
vt 0.403328 0.549988
vt 0.407610 0.549975
vt 0.407620 0.532107
vt 0.403328 0.532116
vt 0.403330 0.514776
vt 0.407610 0.514772
vt 0.403328 0.497376
vt 0.407610 0.497193
vt 0.274512 0.096522
vt 0.283401 0.035682
vt 0.289639 0.082296
vt 0.264216 0.025553
vt 0.283411 0.130209
vt 0.295618 0.129931
vt 0.261798 0.153589
vt 0.247398 0.129745
vt 0.289495 0.142108
vt 0.296776 0.149567
vt 0.281179 0.164750
vt 0.271389 0.171194
vt 0.218901 0.099465
vt 0.224537 0.067950
vt 0.312335 0.321412
vt 0.310970 0.315152
vt 0.315525 0.319365
vt 0.236376 0.072573
vt 0.248826 0.071616
vt 0.257157 0.053099
vt 0.256694 0.028687
vt 0.215279 0.086985
vt 0.286335 0.025398
vt 0.274786 0.009283
vt 0.281975 0.005590
vt 0.273375 0.000398
vt 0.280624 -0.003334
vt 0.331912 0.208841
vt 0.337963 0.209084
vt 0.337963 0.230647
vt 0.331912 0.230626
vt 0.337906 0.252585
vt 0.331844 0.252647
vt 0.337906 0.274353
vt 0.331844 0.274481
vt 0.296843 0.191778
vt 0.290960 0.191800
vt 0.290960 0.170591
vt 0.296776 0.170596
vt 0.290960 0.149600
vt 0.331924 0.187073
vt 0.337959 0.187313
vt 0.278346 0.196912
vt 0.280414 0.182464
vt 0.227097 0.055881
vt 0.216304 0.070008
vt 0.219085 0.040892
vt 0.210088 0.055341
vt 0.413771 0.532109
vt 0.413792 0.514772
vt 0.413771 0.497193
vt 0.413710 0.480066
vt 0.413818 0.549888
vt 0.484245 0.330844
vt 0.489846 0.310068
vt 0.493752 0.310026
vt 0.488128 0.281990
vt 0.485190 0.287608
vt 0.473913 0.270468
vt 0.473946 0.278301
vt 0.459818 0.282096
vt 0.463545 0.289485
vt 0.487925 0.338159
vt 0.473802 0.349977
vt 0.473847 0.342036
vt 0.459695 0.338340
vt 0.462606 0.332733
vt 0.454040 0.310259
vt 0.457949 0.310265
vt 0.388547 0.566780
vt 0.384276 0.566762
vt 0.384276 0.550038
vt 0.388547 0.550027
vt 0.384246 0.532220
vt 0.388538 0.532189
vt 0.384269 0.514991
vt 0.388538 0.514963
vt 0.384248 0.497454
vt 0.388538 0.497513
vt 0.388504 0.480498
vt 0.384246 0.480483
vt 0.384232 0.462498
vt 0.388495 0.462562
vt 0.384231 0.445628
vt 0.388491 0.445631
vt 0.384231 0.428850
vt 0.388491 0.428819
vt 0.464190 0.426198
vt 0.454683 0.405380
vt 0.458589 0.405422
vt 0.460306 0.377345
vt 0.463245 0.382962
vt 0.474522 0.365822
vt 0.474489 0.373656
vt 0.488617 0.377450
vt 0.484889 0.384839
vt 0.460510 0.433514
vt 0.474588 0.437390
vt 0.474633 0.445332
vt 0.488740 0.433695
vt 0.485829 0.428087
vt 0.494395 0.405614
vt 0.490486 0.405619
vt 0.382552 0.566744
vt 0.378419 0.549900
vt 0.378419 0.566726
vt 0.382552 0.549889
vt 0.378420 0.531995
vt 0.382555 0.532112
vt 0.378421 0.515014
vt 0.382555 0.514987
vt 0.378442 0.497337
vt 0.382576 0.497496
vt 0.382571 0.480500
vt 0.378440 0.462561
vt 0.378442 0.480484
vt 0.382579 0.462679
vt 0.378438 0.445779
vt 0.382573 0.445781
vt 0.378438 0.428938
vt 0.382573 0.428907
vt 0.382230 0.027167
vt 0.382084 0.059841
vt 0.375292 0.059725
vt 0.370547 0.050056
vt 0.370614 0.036515
vt 0.375453 0.027034
vt 0.381271 0.025514
vt 0.374497 0.025912
vt 0.369848 0.035765
vt 0.370047 0.049301
vt 0.374978 0.058590
vt 0.381767 0.058174
vt 0.285666 0.207513
vt 0.279374 0.226835
vt 0.424740 0.212747
vt 0.446863 0.211649
vt 0.441105 0.194862
vt 0.429628 0.241827
vt 0.411111 0.239023
vt 0.411787 0.217494
vt 0.379263 0.205861
vt 0.387854 0.235502
vt 0.388877 0.214049
vt 0.375082 0.221965
vt 0.458354 0.183662
vt 0.453108 0.172727
vt 0.448339 0.253905
vt 0.462271 0.240812
vt 0.476327 0.227855
vt 0.438744 0.189637
vt 0.450381 0.166550
vt 0.422886 0.208231
vt 0.389131 0.209852
vt 0.411951 0.213284
vt 0.381432 0.200233
vt 0.359655 0.200649
vt 0.365664 0.183714
vt 0.366913 0.180193
vt 0.442199 0.002224
vt 0.466633 0.023371
vt 0.442199 0.023371
vt 0.466646 0.002224
vt 0.466670 0.023403
vt 0.489226 0.002150
vt 0.489213 0.023370
vt 0.466673 0.002222
vt 0.396263 0.023391
vt 0.416774 0.002009
vt 0.416775 0.023319
vt 0.396219 0.002181
vt 0.489258 0.002227
vt 0.489248 0.023373
vt 0.442221 0.002267
vt 0.442221 0.023432
vt 0.442215 0.023403
vt 0.442215 0.002218
vt 0.444246 0.077522
vt 0.457724 0.100614
vt 0.444246 0.101240
vt 0.460563 0.077522
vt 0.454319 0.141469
vt 0.444246 0.130571
vt 0.458614 0.128462
vt 0.444246 0.143776
vt 0.458852 0.053664
vt 0.444246 0.038173
vt 0.454169 0.038069
vt 0.444246 0.053664
vt 0.444246 0.034568
vt 0.416763 0.023371
vt 0.416761 0.002224
vt 0.407077 0.098838
vt 0.397795 0.071159
vt 0.397795 0.092436
vt 0.410303 0.076488
vt 0.409783 0.113760
vt 0.415224 0.103440
vt 0.409874 0.165329
vt 0.416049 0.124677
vt 0.416049 0.170067
vt 0.397795 0.176020
vt 0.410649 0.185112
vt 0.404500 0.173344
vt 0.397795 0.189578
vt 0.479687 0.132224
vt 0.468499 0.161811
vt 0.476151 0.175334
vt 0.493629 0.145706
vt 0.494719 0.109121
vt 0.483818 0.107538
vt 0.482364 0.042374
vt 0.485179 0.062278
vt 0.496088 0.063172
vt 0.492835 0.043162
vt 0.497183 0.188303
vt 0.488715 0.209395
vt 0.465708 0.155073
vt 0.477669 0.127990
vt 0.483037 0.062208
vt 0.481681 0.107290
vt 0.480040 0.046864
vt 0.352120 0.165000
vt 0.346940 0.183079
vt 0.355116 0.163871
vt 0.466628 0.002172
vt 0.466628 0.023349
vt 0.442192 0.023349
vt 0.442173 0.002172
vt 0.416786 0.023403
vt 0.396389 0.023370
vt 0.396349 0.002150
vt 0.416785 0.002222
vt 0.489204 0.023391
vt 0.466638 0.023319
vt 0.466641 0.002009
vt 0.489218 0.002181
vt 0.416770 0.023350
vt 0.416766 0.002175
vt 0.432513 0.100614
vt 0.428427 0.077522
vt 0.435919 0.141469
vt 0.431624 0.128462
vt 0.431386 0.053664
vt 0.436069 0.038069
vt 0.489270 0.002172
vt 0.489265 0.023349
vt 0.390635 0.099398
vt 0.387688 0.076488
vt 0.387648 0.115442
vt 0.382768 0.103440
vt 0.387416 0.162806
vt 0.381942 0.124677
vt 0.381942 0.170067
vt 0.391948 0.173063
vt 0.387343 0.185112
vt 0.298955 0.321423
vt 0.295840 0.320037
vt 0.299897 0.315221
vt 0.315382 0.299553
vt 0.318536 0.300884
vt 0.314834 0.314196
vt 0.296550 0.314037
vt 0.295268 0.299437
vt 0.291697 0.301078
vt 0.299916 0.299459
vt 0.310808 0.299423
vt 0.298672 0.263906
vt 0.296619 0.253239
vt 0.313683 0.253245
vt 0.311765 0.263836
vt 0.299180 0.209162
vt 0.299203 0.228787
vt 0.293672 0.225199
vt 0.294005 0.210833
vt 0.311154 0.228791
vt 0.311157 0.209166
vt 0.316254 0.210865
vt 0.316704 0.225230
vt 0.316589 0.240203
vt 0.293594 0.240195
vt 0.315387 0.274691
vt 0.318835 0.272604
vt 0.291880 0.271489
vt 0.295268 0.275646
vt 0.299916 0.274918
vt 0.310808 0.274882
vt 0.295673 0.261579
vt 0.314773 0.260796
vt 0.132920 0.046469
vt 0.127888 0.143756
vt 0.127897 0.046469
vt 0.133062 0.143756
vt 0.123027 0.143753
vt 0.123234 0.046495
vt 0.118165 0.143750
vt 0.118168 0.046466
vt 0.156760 0.046377
vt 0.151697 0.143521
vt 0.151839 0.046377
vt 0.156759 0.143521
vt 0.147018 0.143521
vt 0.147027 0.046377
vt 0.142501 0.143639
vt 0.142497 0.046423
vt 0.137587 0.143639
vt 0.137590 0.046423
vt 0.180149 0.048847
vt 0.176447 0.053251
vt 0.176449 0.050290
vt 0.180141 0.053251
vt 0.180154 0.029206
vt 0.180160 0.047174
vt 0.174164 0.029283
vt 0.174164 0.047174
vt 0.180154 0.009759
vt 0.174164 0.009837
vt 0.180154 0.001704
vt 0.174164 0.001782
vt 0.167055 0.053310
vt 0.163364 0.046289
vt 0.163360 0.053310
vt 0.167058 0.046289
vt 0.163373 0.029326
vt 0.167067 0.029326
vt 0.163378 0.013559
vt 0.167085 0.013122
vt 0.167067 0.007943
vt 0.161077 0.001840
vt 0.161077 0.009829
vt 0.167067 0.001763
vt 0.183836 0.053251
vt 0.183703 0.050694
vt 0.186144 0.047174
vt 0.186144 0.029128
vt 0.186144 0.009682
vt 0.186144 0.001627
vt 0.170754 0.046289
vt 0.170750 0.053310
vt 0.170762 0.029326
vt 0.170767 0.013559
vt 0.173057 0.001686
vt 0.173057 0.009829
vt 0.161088 0.110119
vt 0.163794 0.087018
vt 0.165166 0.090019
vt 0.158970 0.110116
vt 0.175356 0.077482
vt 0.175178 0.081732
vt 0.186870 0.087012
vt 0.185190 0.090019
vt 0.191639 0.110116
vt 0.189336 0.110119
vt 0.163968 0.110120
vt 0.167165 0.094004
vt 0.175180 0.087370
vt 0.183197 0.094006
vt 0.186325 0.110120
vt 0.163756 0.133314
vt 0.165245 0.130288
vt 0.175326 0.142894
vt 0.175289 0.138599
vt 0.186818 0.133192
vt 0.185190 0.130220
vt 0.167165 0.126237
vt 0.175180 0.132870
vt 0.183197 0.126234
vt 0.186830 0.087038
vt 0.189658 0.110194
vt 0.185518 0.090048
vt 0.191653 0.110187
vt 0.175335 0.077481
vt 0.175485 0.081743
vt 0.163796 0.087031
vt 0.165451 0.090048
vt 0.159016 0.110187
vt 0.161296 0.110193
vt 0.186874 0.133342
vt 0.185518 0.130339
vt 0.175326 0.142894
vt 0.175484 0.138644
vt 0.163756 0.133314
vt 0.165451 0.130339
vt 0.174164 0.056784
vt 0.175890 0.049109
vt 0.175890 0.056803
vt 0.161077 0.048788
vt 0.162804 0.056862
vt 0.162804 0.048771
vt 0.161077 0.056843
vt 0.161077 0.029342
vt 0.162803 0.029238
vt 0.162803 0.010998
vt 0.184311 0.049058
vt 0.184311 0.056804
vt 0.186144 0.056804
vt 0.173057 0.056862
vt 0.171225 0.048771
vt 0.171225 0.056862
vt 0.173057 0.048771
vt 0.171224 0.029238
vt 0.173057 0.029238
vt 0.167081 0.009829
vt 0.171224 0.010998
vt 0.132844 0.002275
vt 0.127900 0.019343
vt 0.127901 0.002275
vt 0.132875 0.019343
vt 0.123115 0.019338
vt 0.123128 0.002271
vt 0.118169 0.019334
vt 0.118170 0.002265
vt 0.156760 0.001913
vt 0.151884 0.019044
vt 0.151915 0.001913
vt 0.156760 0.019044
vt 0.147031 0.019044
vt 0.147033 0.001913
vt 0.142496 0.019193
vt 0.142495 0.002094
vt 0.137591 0.019193
vt 0.137592 0.002094
vt 0.132907 0.037714
vt 0.127844 0.037636
vt 0.123113 0.037713
vt 0.151839 0.046377
vt 0.156755 0.037680
vt 0.151852 0.037628
vt 0.123113 0.037713
vt 0.118160 0.037736
vt 0.147007 0.037654
vt 0.142486 0.037671
vt 0.137531 0.037611
vt 0.032274 0.182789
vt 0.018822 0.182811
vt 0.018885 0.169276
vt 0.032408 0.169266
vt 0.006085 0.182872
vt 0.006085 0.169267
vt 0.070526 0.182692
vt 0.058294 0.182703
vt 0.058201 0.169252
vt 0.070451 0.169285
vt 0.083409 0.182702
vt 0.083392 0.169282
vt 0.046206 0.182745
vt 0.046241 0.169243
vt 0.032262 0.198015
vt 0.018803 0.197988
vt 0.006085 0.198003
vt 0.070524 0.197785
vt 0.058294 0.197861
vt 0.083430 0.197838
vt 0.046219 0.197894
vt 0.032197 0.213064
vt 0.018746 0.213103
vt 0.006085 0.213085
vt 0.070549 0.213039
vt 0.058286 0.213020
vt 0.083452 0.213002
vt 0.046194 0.212971
vt 0.032203 0.226746
vt 0.018783 0.226798
vt 0.006085 0.226811
vt 0.058260 0.226670
vt 0.070524 0.226772
vt 0.083397 0.226736
vt 0.046208 0.226717
vt 0.007918 0.125710
vt 0.006846 0.099845
vt 0.021286 0.097998
vt 0.018964 0.124795
vt 0.037086 0.115510
vt 0.035098 0.139151
vt 0.051082 0.121718
vt 0.048557 0.143313
vt 0.060390 0.121279
vt 0.060776 0.145063
vt 0.075033 0.121685
vt 0.074533 0.147313
vt 0.092348 0.110311
vt 0.091863 0.139396
vt 0.110275 0.120847
vt 0.105873 0.147175
vt 0.009429 0.069142
vt 0.018318 0.067221
vt 0.102487 0.081237
vt 0.112269 0.087816
vt 0.013898 0.044590
vt 0.021497 0.048983
vt 0.102436 0.061855
vt 0.111231 0.067592
vt 0.020804 0.134224
vt 0.010571 0.135267
vt 0.038769 0.149407
vt 0.060488 0.153482
vt 0.074961 0.155559
vt 0.090397 0.149777
vt 0.100360 0.155063
vt 0.026604 0.034010
vt 0.018739 0.027032
vt 0.024463 0.015267
vt 0.031194 0.023691
vt 0.026909 0.093093
vt 0.040096 0.109048
vt 0.051971 0.111675
vt 0.060356 0.113624
vt 0.073419 0.112180
vt 0.087714 0.100106
vt 0.023891 0.067340
vt 0.095896 0.078005
vt 0.026715 0.054117
vt 0.096253 0.062642
vt 0.035132 0.029333
vt 0.030730 0.039695
vt 0.079514 0.061133
vt 0.077959 0.042183
vt 0.086142 0.036345
vt 0.086395 0.064627
vt 0.072208 0.025693
vt 0.076775 0.011313
vt 0.062236 0.017052
vt 0.062185 0.002511
vt 0.051649 0.022761
vt 0.049214 0.011214
vt 0.044318 0.038885
vt 0.040162 0.031024
vt 0.075037 0.079315
vt 0.078288 0.090604
vt 0.042393 0.059299
vt 0.038212 0.059638
vt 0.065081 0.090351
vt 0.065774 0.098897
vt 0.045957 0.076773
vt 0.043238 0.082676
vt 0.054749 0.089855
vt 0.053151 0.095711
vt 0.037618 0.417721
vt 0.036215 0.369364
vt 0.063741 0.370499
vt 0.063741 0.419210
vt 0.032335 0.315837
vt 0.063741 0.323857
vt 0.032926 0.262518
vt 0.063741 0.260754
vt 0.018467 0.298227
vt 0.136476 0.592765
vt 0.160283 0.601087
vt 0.156809 0.648959
vt 0.134527 0.648756
vt 0.156591 0.680491
vt 0.130798 0.680452
vt 0.156469 0.713503
vt 0.135154 0.713433
vt 0.037571 0.448196
vt 0.063762 0.448534
vt 0.059222 0.475707
vt 0.037111 0.475540
vt 0.098327 0.418827
vt 0.079028 0.430293
vt 0.098327 0.370499
vt 0.098327 0.323857
vt 0.098327 0.260754
vt 0.135531 0.541043
vt 0.131926 0.513283
vt 0.157395 0.534195
vt 0.164090 0.565482
vt 0.153133 0.507292
vt 0.115990 0.648993
vt 0.002149 0.794662
vt 0.023037 0.759265
vt 0.027428 0.787498
vt 0.013206 0.813650
vt 0.052027 0.727184
vt 0.052026 0.766624
vt 0.085351 0.704929
vt 0.085351 0.757780
vt 0.132564 0.833061
vt 0.118560 0.819290
vt 0.118429 0.789022
vt 0.147819 0.835731
vt 0.143090 0.847184
vt 0.151387 0.865675
vt 0.166767 0.884941
vt 0.160567 0.888545
vt 0.031649 0.792508
vt 0.019533 0.817806
vt 0.054464 0.773369
vt 0.085351 0.765161
vt 0.102736 0.813576
vt 0.116124 0.826333
vt 0.101855 0.820536
vt 0.138973 0.853606
vt 0.128747 0.838150
vt 0.155510 0.892280
vt 0.147423 0.871557
vt 0.085255 0.809274
vt 0.085255 0.773838
vt 0.002243 0.276519
vt 0.002247 0.261215
vt 0.002261 0.296942
vt 0.189087 0.509030
vt 0.189150 0.527038
vt 0.189192 0.551253
vt 0.034684 0.245096
vt 0.064593 0.245157
vt 0.098327 0.245551
vt 0.116101 0.483864
vt 0.151484 0.488445
vt 0.097460 0.512880
vt 0.097460 0.484004
vt 0.117922 0.512905
vt 0.002297 0.247440
vt 0.188732 0.492261
vt 0.136622 0.925875
vt 0.129849 0.955179
vt 0.114929 0.939764
vt 0.119487 0.920041
vt 0.110253 0.979488
vt 0.101740 0.956125
vt 0.083724 0.990135
vt 0.083724 0.963291
vt 0.097991 0.834738
vt 0.110253 0.841847
vt 0.101740 0.863486
vt 0.083724 0.856320
vt 0.083724 0.831201
vt 0.121845 0.854205
vt 0.129890 0.873151
vt 0.115065 0.883063
vt 0.135120 0.896747
vt 0.085255 0.817037
vt 0.034944 0.415016
vt 0.034581 0.369937
vt 0.029706 0.321048
vt 0.017346 0.302622
vt 0.163605 0.603082
vt 0.160489 0.647630
vt 0.160443 0.677265
vt 0.160373 0.709781
vt 0.034998 0.471651
vt 0.035619 0.445110
vt 0.167475 0.576636
vt 0.002263 0.301363
vt 0.189205 0.556477
vt 0.002276 0.309029
vt 0.015325 0.310888
vt 0.171052 0.583989
vt 0.189248 0.565449
vt 0.026927 0.325205
vt 0.166384 0.604711
vt 0.085236 0.865397
vt 0.098872 0.871308
vt 0.108958 0.887458
vt 0.112305 0.918097
vt 0.108854 0.934381
vt 0.098872 0.947729
vt 0.085236 0.953640
vt 0.108517 0.610099
vt 0.118084 0.591597
vt 0.097460 0.639816
vt 0.097460 0.615763
vt 0.121039 0.568102
vt 0.117853 0.543077
vt 0.097460 0.540469
vt 0.105690 0.599982
vt 0.112828 0.586600
vt 0.116985 0.590318
vt 0.108040 0.607099
vt 0.097460 0.604321
vt 0.097460 0.612607
vt 0.115107 0.569448
vt 0.119988 0.568160
vt 0.112675 0.551808
vt 0.116918 0.545282
vt 0.097460 0.551843
vt 0.097460 0.543782
vt 0.360983 0.690758
vt 0.345460 0.719903
vt 0.327558 0.615064
vt 0.327558 0.729354
vt 0.365940 0.653399
vt 0.360651 0.614977
vt 0.159036 0.417721
vt 0.132912 0.370499
vt 0.160439 0.369364
vt 0.132912 0.419210
vt 0.132912 0.323857
vt 0.164318 0.315837
vt 0.132912 0.260754
vt 0.161551 0.263430
vt 0.177338 0.297991
vt 0.058444 0.592765
vt 0.038111 0.648959
vt 0.034637 0.601086
vt 0.060393 0.648756
vt 0.038329 0.680491
vt 0.064122 0.680452
vt 0.059765 0.713433
vt 0.038451 0.713503
vt 0.159082 0.448196
vt 0.137431 0.475707
vt 0.132891 0.448534
vt 0.159543 0.475540
vt 0.117625 0.430293
vt 0.059388 0.541043
vt 0.038074 0.534195
vt 0.062994 0.513283
vt 0.030829 0.565482
vt 0.043658 0.506772
vt 0.078930 0.648993
vt 0.166333 0.794870
vt 0.143274 0.787498
vt 0.145036 0.759854
vt 0.157878 0.810438
vt 0.118675 0.766624
vt 0.118675 0.727184
vt 0.037946 0.833061
vt 0.052081 0.789022
vt 0.051950 0.819290
vt 0.020963 0.833017
vt 0.027253 0.847264
vt 0.017028 0.864664
vt 0.000659 0.883761
vt 0.006749 0.888284
vt 0.139053 0.792508
vt 0.152365 0.815292
vt 0.116238 0.773369
vt 0.067774 0.813576
vt 0.054386 0.826333
vt 0.068654 0.820536
vt 0.031537 0.853606
vt 0.042051 0.838602
vt 0.011671 0.892781
vt 0.020719 0.871188
vt 0.194205 0.277848
vt 0.194202 0.260823
vt 0.194168 0.296490
vt 0.005916 0.507831
vt 0.005907 0.526162
vt 0.005900 0.550812
vt 0.161590 0.247673
vt 0.132784 0.246003
vt 0.044765 0.485706
vt 0.077966 0.483864
vt 0.076997 0.512905
vt 0.194125 0.247149
vt 0.005905 0.490761
vt 0.030826 0.925875
vt 0.052520 0.939764
vt 0.037599 0.955179
vt 0.047961 0.920041
vt 0.065708 0.956125
vt 0.057195 0.979488
vt 0.069457 0.834738
vt 0.065708 0.863486
vt 0.057195 0.841848
vt 0.045604 0.854205
vt 0.052383 0.883063
vt 0.037558 0.873151
vt 0.032328 0.896747
vt 0.161710 0.415016
vt 0.162291 0.369658
vt 0.167179 0.321686
vt 0.178981 0.302225
vt 0.031171 0.605091
vt 0.034000 0.647630
vt 0.034046 0.677265
vt 0.034116 0.709781
vt 0.161656 0.471651
vt 0.161034 0.445110
vt 0.027014 0.575201
vt 0.194182 0.301286
vt 0.005898 0.556130
vt 0.194163 0.308842
vt 0.181377 0.310405
vt 0.022405 0.584623
vt 0.005890 0.564469
vt 0.169500 0.325673
vt 0.029045 0.609755
vt 0.061515 0.887458
vt 0.071601 0.871308
vt 0.058168 0.918097
vt 0.061618 0.934381
vt 0.071601 0.947729
vt 0.086402 0.610099
vt 0.076836 0.591597
vt 0.073880 0.568102
vt 0.077067 0.543077
vt 0.089229 0.599982
vt 0.077935 0.590318
vt 0.082092 0.586600
vt 0.086879 0.607099
vt 0.074932 0.568160
vt 0.079813 0.569448
vt 0.078002 0.545282
vt 0.082245 0.551808
vt 0.294132 0.690758
vt 0.309656 0.719903
vt 0.289175 0.653399
vt 0.294464 0.614977
vt 0.250167 0.935172
vt 0.257857 0.935294
vt 0.257814 0.952553
vt 0.250176 0.952571
vt 0.242353 0.952624
vt 0.265838 0.952532
vt 0.234598 0.917941
vt 0.242382 0.917850
vt 0.234594 0.952583
vt 0.250185 0.917943
vt 0.257875 0.917945
vt 0.265808 0.917941
vt 0.242327 0.969858
vt 0.234608 0.969838
vt 0.257862 0.969791
vt 0.250156 0.969832
vt 0.265723 0.969810
vt 0.192965 0.965782
vt 0.192957 0.929152
vt 0.180527 0.929148
vt 0.180544 0.965770
vt 0.205745 0.965767
vt 0.218289 0.965790
vt 0.218282 0.929211
vt 0.205749 0.929150
vt 0.230546 0.965763
vt 0.230545 0.929267
vt 0.180551 0.979243
vt 0.192950 0.979211
vt 0.205724 0.979199
vt 0.218285 0.979227
vt 0.230548 0.979221
vt 0.192974 0.916346
vt 0.180535 0.916325
vt 0.218278 0.916357
vt 0.205762 0.916343
vt 0.230542 0.916325
vt 0.218300 0.965673
vt 0.218343 0.928964
vt 0.230569 0.928938
vt 0.230548 0.965637
vt 0.205769 0.965674
vt 0.193002 0.965740
vt 0.193040 0.929046
vt 0.205790 0.929019
vt 0.196040 0.908475
vt 0.196051 0.877141
vt 0.211373 0.877179
vt 0.211358 0.908502
vt 0.180520 0.965719
vt 0.180565 0.929042
vt 0.230551 0.979046
vt 0.218352 0.979118
vt 0.205765 0.979140
vt 0.192967 0.979137
vt 0.180533 0.979214
vt 0.218370 0.916138
vt 0.230567 0.916093
vt 0.193026 0.916190
vt 0.205810 0.916166
vt 0.180564 0.916162
vt 0.189718 0.887666
vt 0.194440 0.877646
vt 0.194425 0.908578
vt 0.189716 0.898519
vt 0.179407 0.908573
vt 0.184303 0.898557
vt 0.179427 0.877674
vt 0.184275 0.887597
vt 0.194421 0.908628
vt 0.189743 0.898537
vt 0.189740 0.887533
vt 0.194465 0.877422
vt 0.179438 0.908692
vt 0.184337 0.898659
vt 0.184360 0.887491
vt 0.179463 0.877478
vt 0.257722 0.952604
vt 0.257692 0.935293
vt 0.250170 0.935286
vt 0.250164 0.952574
vt 0.265740 0.935240
vt 0.242345 0.935278
vt 0.250184 0.969731
vt 0.257741 0.969773
vt 0.234590 0.969749
vt 0.242346 0.969742
vt 0.234582 0.935274
vt 0.265643 0.969731
vt 0.257738 0.917980
vt 0.250157 0.917974
vt 0.242356 0.917964
vt 0.234591 0.918032
vt 0.265617 0.917987
vt 0.194476 0.877420
vt 0.194447 0.908601
vt 0.189716 0.898095
vt 0.189707 0.887102
vt 0.179404 0.908686
vt 0.184301 0.898145
vt 0.179412 0.877412
vt 0.184274 0.887148
vt 0.261380 0.831024
vt 0.261643 0.857926
vt 0.238007 0.858496
vt 0.238462 0.830930
vt 0.260900 0.796810
vt 0.238408 0.796911
vt 0.261130 0.773544
vt 0.238309 0.773562
vt 0.270909 0.830903
vt 0.270759 0.857854
vt 0.270679 0.796575
vt 0.270690 0.773526
vt 0.238227 0.740087
vt 0.221682 0.773915
vt 0.221637 0.739986
vt 0.238247 0.726161
vt 0.221623 0.725989
vt 0.221447 0.858554
vt 0.199895 0.858684
vt 0.199905 0.831327
vt 0.214373 0.831314
vt 0.199965 0.796857
vt 0.214348 0.797013
vt 0.200069 0.773627
vt 0.214369 0.773600
vt 0.192206 0.858632
vt 0.192332 0.831442
vt 0.192171 0.796628
vt 0.192212 0.773538
vt 0.221523 0.831361
vt 0.221569 0.797068
vt 0.214466 0.773181
vt 0.214379 0.740177
vt 0.233454 0.846185
vt 0.233470 0.839230
vt 0.233440 0.787956
vt 0.233416 0.782766
vt 0.229113 0.839148
vt 0.229115 0.846595
vt 0.229166 0.788162
vt 0.229158 0.782909
vt 0.233511 0.817468
vt 0.233506 0.810531
vt 0.229135 0.810351
vt 0.229139 0.817671
vt 0.257935 0.935306
vt 0.257881 0.952671
vt 0.250204 0.952665
vt 0.250215 0.935285
vt 0.234603 0.935272
vt 0.242399 0.935298
vt 0.242392 0.952644
vt 0.234604 0.952571
vt 0.265807 0.935346
vt 0.265783 0.952674
vt 0.250248 0.918095
vt 0.257945 0.918137
vt 0.234608 0.918044
vt 0.242415 0.918077
vt 0.265823 0.918153
vt 0.257835 0.969803
vt 0.250204 0.969810
vt 0.242385 0.969789
vt 0.234602 0.969809
vt 0.265760 0.969838
vt 0.218320 0.965743
vt 0.218313 0.929011
vt 0.230551 0.929054
vt 0.230546 0.965763
vt 0.205756 0.965740
vt 0.192985 0.965807
vt 0.192988 0.929017
vt 0.205773 0.928973
vt 0.180557 0.965790
vt 0.180556 0.929057
vt 0.230545 0.979176
vt 0.218307 0.979216
vt 0.205766 0.979178
vt 0.192999 0.979235
vt 0.180551 0.979243
vt 0.218303 0.916156
vt 0.230548 0.916209
vt 0.192980 0.916172
vt 0.205774 0.916138
vt 0.180562 0.916212
vt 0.242337 0.952642
vt 0.242326 0.935291
vt 0.250186 0.935308
vt 0.250206 0.952626
vt 0.265695 0.952589
vt 0.257709 0.952706
vt 0.257756 0.935285
vt 0.265694 0.935281
vt 0.234594 0.952583
vt 0.234592 0.935333
vt 0.250178 0.969827
vt 0.242343 0.969821
vt 0.265656 0.969819
vt 0.257692 0.969790
vt 0.234597 0.969832
vt 0.242305 0.918069
vt 0.250179 0.918064
vt 0.257719 0.918006
vt 0.265711 0.918016
vt 0.234583 0.918096
vt 0.218260 0.965701
vt 0.218268 0.928986
vt 0.230533 0.928995
vt 0.230524 0.965714
vt 0.205732 0.965710
vt 0.192958 0.965693
vt 0.192955 0.928976
vt 0.205763 0.928953
vt 0.211139 0.877152
vt 0.211139 0.908728
vt 0.195976 0.908728
vt 0.195976 0.877152
vt 0.180530 0.965736
vt 0.180505 0.928986
vt 0.230530 0.979172
vt 0.218261 0.979232
vt 0.205750 0.979213
vt 0.192967 0.979204
vt 0.180497 0.979156
vt 0.218250 0.916179
vt 0.230523 0.916136
vt 0.192966 0.916151
vt 0.205753 0.916131
vt 0.180507 0.916143
vt 0.194422 0.908269
vt 0.189752 0.898563
vt 0.189752 0.887529
vt 0.194422 0.877753
vt 0.179517 0.877729
vt 0.184498 0.887529
vt 0.184498 0.898563
vt 0.179517 0.908225
vt 0.179525 0.877817
vt 0.194381 0.877796
vt 0.189722 0.887732
vt 0.184439 0.887732
vt 0.194381 0.908270
vt 0.189722 0.898474
vt 0.179525 0.908310
vt 0.184439 0.898474
vt 0.194381 0.877796
vt 0.194381 0.908270
vt 0.189719 0.898453
vt 0.189719 0.887538
vt 0.179486 0.877796
vt 0.184317 0.887619
vt 0.184317 0.898542
vt 0.179486 0.908270
vt 0.234583 0.952681
vt 0.234598 0.935291
vt 0.242334 0.935405
vt 0.242337 0.952642
vt 0.257895 0.952622
vt 0.250195 0.952613
vt 0.250197 0.935356
vt 0.257852 0.935313
vt 0.265707 0.935298
vt 0.265720 0.952685
vt 0.242357 0.969823
vt 0.234599 0.969821
vt 0.257746 0.969761
vt 0.250196 0.969827
vt 0.265811 0.969814
vt 0.234589 0.918212
vt 0.242338 0.918087
vt 0.250164 0.918122
vt 0.257853 0.918119
vt 0.265690 0.918199
vt 0.180493 0.965625
vt 0.180516 0.928956
vt 0.192968 0.928964
vt 0.192959 0.965625
vt 0.218308 0.965581
vt 0.205756 0.965587
vt 0.205761 0.928979
vt 0.218291 0.928977
vt 0.230542 0.928974
vt 0.230538 0.965565
vt 0.192945 0.979154
vt 0.180520 0.979160
vt 0.218283 0.979145
vt 0.205765 0.979140
vt 0.230537 0.979104
vt 0.180522 0.916131
vt 0.192953 0.916128
vt 0.205765 0.916153
vt 0.218282 0.916116
vt 0.230538 0.916095
vt 0.234632 0.952747
vt 0.234616 0.935233
vt 0.242347 0.935252
vt 0.242435 0.952703
vt 0.258004 0.952648
vt 0.250329 0.952822
vt 0.250215 0.935285
vt 0.257996 0.935368
vt 0.265777 0.935228
vt 0.265754 0.952494
vt 0.242462 0.969758
vt 0.234637 0.969784
vt 0.258056 0.969804
vt 0.250351 0.969758
vt 0.265701 0.969807
vt 0.234589 0.918212
vt 0.242424 0.918116
vt 0.250240 0.918124
vt 0.257899 0.918009
vt 0.265754 0.918078
vt 0.205689 0.929014
vt 0.205710 0.965746
vt 0.192939 0.965788
vt 0.192933 0.929071
vt 0.218240 0.928925
vt 0.230533 0.928979
vt 0.230528 0.965750
vt 0.218273 0.965773
vt 0.211393 0.877035
vt 0.211428 0.908691
vt 0.195941 0.908774
vt 0.195958 0.876972
vt 0.180509 0.965811
vt 0.180505 0.928986
vt 0.192927 0.916156
vt 0.205696 0.916134
vt 0.218232 0.916127
vt 0.230522 0.916158
vt 0.180514 0.916226
vt 0.205704 0.979195
vt 0.192914 0.979214
vt 0.230534 0.979214
vt 0.218243 0.979189
vt 0.180512 0.979258
vt 0.194376 0.908336
vt 0.189725 0.898635
vt 0.189718 0.887666
vt 0.194376 0.877882
vt 0.179475 0.877874
vt 0.184330 0.887680
vt 0.184330 0.898652
vt 0.179475 0.908323
vt 0.179547 0.877787
vt 0.194366 0.877748
vt 0.189731 0.887639
vt 0.184446 0.887750
vt 0.194366 0.908055
vt 0.189731 0.898320
vt 0.179547 0.908125
vt 0.184446 0.898441
vt 0.179488 0.908296
vt 0.179506 0.877860
vt 0.184405 0.887713
vt 0.184371 0.898582
vt 0.194398 0.908300
vt 0.189708 0.898594
vt 0.189722 0.887732
vt 0.194415 0.877883
vt 0.250170 0.935362
vt 0.250163 0.952653
vt 0.242326 0.952631
vt 0.242342 0.935336
vt 0.257823 0.935398
vt 0.265642 0.935419
vt 0.265630 0.952657
vt 0.257781 0.952647
vt 0.234602 0.952679
vt 0.234594 0.935266
vt 0.242376 0.918239
vt 0.250141 0.918197
vt 0.257684 0.918160
vt 0.265730 0.918236
vt 0.234587 0.918054
vt 0.250145 0.969793
vt 0.242381 0.969822
vt 0.265618 0.969792
vt 0.257636 0.969774
vt 0.234597 0.969832
vt 0.218307 0.965776
vt 0.218298 0.929152
vt 0.230547 0.929116
vt 0.230547 0.965794
vt 0.205762 0.965808
vt 0.192987 0.965789
vt 0.192986 0.929144
vt 0.205761 0.929157
vt 0.180548 0.965808
vt 0.180543 0.929157
vt 0.230543 0.979233
vt 0.218297 0.979234
vt 0.205750 0.979213
vt 0.192984 0.979233
vt 0.180551 0.979223
vt 0.218294 0.916223
vt 0.230548 0.916209
vt 0.192994 0.916228
vt 0.205761 0.916242
vt 0.180547 0.916205
vt 0.250197 0.935356
vt 0.250187 0.952550
vt 0.242357 0.952565
vt 0.242359 0.935253
vt 0.257898 0.935258
vt 0.265764 0.935270
vt 0.265795 0.952626
vt 0.257868 0.952512
vt 0.234604 0.952571
vt 0.234610 0.935146
vt 0.242360 0.918067
vt 0.250178 0.918218
vt 0.257857 0.918236
vt 0.265684 0.918166
vt 0.234588 0.918067
vt 0.250184 0.969803
vt 0.242354 0.969793
vt 0.265786 0.969764
vt 0.257826 0.969747
vt 0.234618 0.969748
vt 0.192948 0.929017
vt 0.192937 0.965747
vt 0.180509 0.965742
vt 0.180530 0.929056
vt 0.205721 0.929063
vt 0.218262 0.929053
vt 0.218277 0.965731
vt 0.205725 0.965731
vt 0.211197 0.876922
vt 0.211197 0.908335
vt 0.195924 0.908448
vt 0.195924 0.877083
vt 0.230525 0.929047
vt 0.230537 0.965767
vt 0.180522 0.916131
vt 0.192945 0.916143
vt 0.205709 0.916137
vt 0.218241 0.916162
vt 0.230523 0.916136
vt 0.192938 0.979211
vt 0.180535 0.979182
vt 0.218285 0.979227
vt 0.205734 0.979202
vt 0.230530 0.979172
vt 0.194403 0.908024
vt 0.189759 0.898368
vt 0.189759 0.887413
vt 0.194403 0.877696
vt 0.179505 0.877704
vt 0.184453 0.887475
vt 0.184446 0.898441
vt 0.179505 0.908037
vt 0.179558 0.877927
vt 0.194368 0.877908
vt 0.189737 0.887878
vt 0.184476 0.887795
vt 0.194368 0.908380
vt 0.189737 0.898597
vt 0.179558 0.908414
vt 0.184476 0.898507
vt 0.194353 0.877784
vt 0.194353 0.908159
vt 0.189741 0.898453
vt 0.189741 0.887576
vt 0.179517 0.877778
vt 0.184418 0.887593
vt 0.184418 0.898471
vt 0.179517 0.908148
vt 0.221416 0.900590
vt 0.221437 0.888569
vt 0.238110 0.888628
vt 0.238058 0.900305
vt 0.233157 0.879821
vt 0.233157 0.869309
vt 0.229005 0.869611
vt 0.228994 0.880000
vt 0.177076 0.810738
vt 0.180485 0.808816
vt 0.180589 0.825571
vt 0.177148 0.823043
vt 0.180907 0.796497
vt 0.169303 0.773524
vt 0.169133 0.796486
vt 0.169405 0.858633
vt 0.180625 0.841995
vt 0.169127 0.831487
vt 0.173931 0.805973
vt 0.174056 0.827510
vt 0.187672 0.827252
vt 0.187586 0.805714
vt 0.180476 0.832297
vt 0.181018 0.802210
vt 0.184281 0.822832
vt 0.184233 0.810670
vt 0.180370 0.711420
vt 0.180399 0.695413
vt 0.194195 0.695417
vt 0.194195 0.711420
vt 0.273281 0.711548
vt 0.273281 0.695525
vt 0.285112 0.695526
vt 0.285105 0.711546
vt 0.260588 0.711545
vt 0.260588 0.695527
vt 0.245970 0.711546
vt 0.245970 0.695527
vt 0.231273 0.711545
vt 0.231273 0.695527
vt 0.218730 0.711420
vt 0.218729 0.695397
vt 0.207075 0.711419
vt 0.207076 0.695415
vt 0.194195 0.613719
vt 0.180548 0.613695
vt 0.180454 0.583429
vt 0.194195 0.583429
vt 0.285148 0.613834
vt 0.273282 0.613820
vt 0.273291 0.583488
vt 0.285126 0.583488
vt 0.260589 0.613847
vt 0.260587 0.583486
vt 0.245970 0.613847
vt 0.245970 0.583486
vt 0.231272 0.613847
vt 0.231252 0.583414
vt 0.218728 0.613571
vt 0.218739 0.583414
vt 0.207079 0.613714
vt 0.207085 0.583429
vt 0.228546 0.440455
vt 0.228544 0.466087
vt 0.222028 0.457493
vt 0.223105 0.443157
vt 0.218210 0.481837
vt 0.216463 0.465974
vt 0.205658 0.477454
vt 0.209705 0.463614
vt 0.200415 0.454426
vt 0.205748 0.451778
vt 0.200306 0.428849
vt 0.206823 0.437443
vt 0.210641 0.413099
vt 0.212387 0.428962
vt 0.223192 0.417482
vt 0.219146 0.431322
vt 0.240884 0.414748
vt 0.242323 0.425022
vt 0.240446 0.425637
vt 0.239485 0.418782
vt 0.235626 0.412021
vt 0.235977 0.416962
vt 0.231000 0.417988
vt 0.232891 0.420944
vt 0.230904 0.428765
vt 0.232827 0.428135
vt 0.232526 0.438979
vt 0.233909 0.434950
vt 0.237783 0.441706
vt 0.237417 0.436770
vt 0.242409 0.435739
vt 0.240504 0.432788
vt 0.219759 0.528994
vt 0.224643 0.529294
vt 0.224643 0.568787
vt 0.219759 0.568520
vt 0.215050 0.528994
vt 0.215050 0.568520
vt 0.210782 0.529049
vt 0.210782 0.568569
vt 0.206073 0.529049
vt 0.206073 0.568569
vt 0.201364 0.529049
vt 0.201364 0.568569
vt 0.234538 0.529308
vt 0.239247 0.529308
vt 0.239247 0.568799
vt 0.234538 0.568799
vt 0.229352 0.529294
vt 0.229352 0.568787
vt 0.222892 0.525081
vt 0.217515 0.525121
vt 0.217515 0.494414
vt 0.222892 0.494369
vt 0.211189 0.525121
vt 0.211189 0.494414
vt 0.205669 0.525041
vt 0.205669 0.494324
vt 0.200976 0.525041
vt 0.200976 0.494324
vt 0.244503 0.525039
vt 0.239369 0.525060
vt 0.239369 0.494345
vt 0.244503 0.494323
vt 0.233043 0.525060
vt 0.233043 0.494345
vt 0.227734 0.525081
vt 0.227734 0.494369
vt 0.219810 0.454569
vt 0.220597 0.444402
vt 0.215869 0.460576
vt 0.211082 0.458905
vt 0.208253 0.450533
vt 0.209040 0.440367
vt 0.212982 0.434360
vt 0.217769 0.436031
vt 0.253669 0.331944
vt 0.257786 0.311359
vt 0.269446 0.294987
vt 0.261681 0.332369
vt 0.244275 0.343767
vt 0.246697 0.348029
vt 0.233194 0.342313
vt 0.231331 0.346229
vt 0.224657 0.328137
vt 0.213195 0.324132
vt 0.221925 0.306654
vt 0.204087 0.300051
vt 0.226043 0.286069
vt 0.205785 0.260046
vt 0.235436 0.274245
vt 0.216513 0.233680
vt 0.246517 0.275700
vt 0.236991 0.227143
vt 0.255054 0.289876
vt 0.251809 0.231046
vt 0.264620 0.250607
vt 0.217483 0.385019
vt 0.227493 0.385019
vt 0.227493 0.405070
vt 0.217483 0.405070
vt 0.236853 0.385019
vt 0.236853 0.405070
vt 0.198079 0.362742
vt 0.208061 0.362742
vt 0.208061 0.382792
vt 0.198079 0.382792
vt 0.217857 0.362742
vt 0.217857 0.382792
vt 0.227378 0.362742
vt 0.227378 0.382792
vt 0.236898 0.362742
vt 0.236898 0.382792
vt 0.246821 0.362742
vt 0.246821 0.382792
vt 0.256515 0.362819
vt 0.256515 0.382873
vt 0.198039 0.385019
vt 0.207962 0.385019
vt 0.207962 0.405070
vt 0.198039 0.405070
vt 0.318803 0.967349
vt 0.345612 0.967353
vt 0.345614 0.980542
vt 0.318815 0.980538
vt 0.292798 0.967351
vt 0.292808 0.980541
vt 0.372844 0.967193
vt 0.399717 0.967191
vt 0.399722 0.980321
vt 0.372848 0.980322
vt 0.345742 0.967191
vt 0.345740 0.980338
vt 0.319316 0.967191
vt 0.319310 0.980338
vt 0.412812 0.941724
vt 0.435050 0.952798
vt 0.435050 0.980136
vt 0.408335 0.966812
vt 0.396681 0.906602
vt 0.388926 0.930411
vt 0.390776 0.865274
vt 0.377987 0.880686
vt 0.388555 0.820374
vt 0.374619 0.842449
vt 0.389039 0.777795
vt 0.372864 0.784275
vt 0.420763 0.906797
vt 0.435050 0.913875
vt 0.410452 0.878095
vt 0.406679 0.851679
vt 0.413286 0.798582
vt 0.421569 0.701466
vt 0.421443 0.737134
vt 0.413717 0.737272
vt 0.413672 0.701736
vt 0.292826 0.980334
vt 0.292854 0.967185
vt 0.304281 0.782323
vt 0.312801 0.796701
vt 0.310520 0.781713
vt 0.321552 0.944353
vt 0.301889 0.933913
vt 0.299909 0.940835
vt 0.321552 0.952335
vt 0.287614 0.905390
vt 0.284185 0.909416
vt 0.282389 0.866426
vt 0.278429 0.866498
vt 0.287614 0.827463
vt 0.284185 0.823579
vt 0.301925 0.798790
vt 0.321552 0.930307
vt 0.305436 0.921767
vt 0.293759 0.898435
vt 0.289485 0.866564
vt 0.293759 0.834693
vt 0.305465 0.811239
vt 0.321552 0.911750
vt 0.305499 0.897173
vt 0.299389 0.865764
vt 0.303600 0.838324
vt 0.321552 0.825513
vt 0.321552 0.811235
vt 0.427717 0.869096
vt 0.435050 0.872097
vt 0.421798 0.860315
vt 0.417187 0.843938
vt 0.421573 0.768873
vt 0.421632 0.797878
vt 0.413419 0.768809
vt 0.421650 0.817537
vt 0.414682 0.819557
vt 0.316372 0.770254
vt 0.311682 0.769960
vt 0.311702 0.753765
vt 0.316397 0.753524
vt 0.323097 0.752249
vt 0.323097 0.770149
vt 0.321552 0.799075
vt 0.423026 0.346119
vt 0.423026 0.322742
vt 0.431468 0.323279
vt 0.423026 0.394273
vt 0.431468 0.375153
vt 0.431468 0.394594
vt 0.423026 0.374956
vt 0.431468 0.346123
vt 0.431066 0.862601
vt 0.435050 0.863983
vt 0.426951 0.855894
vt 0.423419 0.841040
vt 0.437759 0.343130
vt 0.437605 0.314184
vt 0.437849 0.408050
vt 0.437797 0.374979
vt 0.423026 0.302307
vt 0.431468 0.302844
vt 0.423026 0.279240
vt 0.431468 0.279777
vt 0.423026 0.269143
vt 0.429940 0.269680
vt 0.437586 0.291667
vt 0.435663 0.271138
vt 0.426799 0.266252
vt 0.423026 0.265002
vt 0.423026 0.253735
vt 0.427354 0.254676
vt 0.431825 0.259500
vt 0.403795 0.783894
vt 0.372615 0.967351
vt 0.372622 0.980540
vt 0.399474 0.967348
vt 0.399482 0.980538
vt 0.319028 0.967220
vt 0.292870 0.980363
vt 0.292856 0.967221
vt 0.319083 0.980362
vt 0.345596 0.967219
vt 0.345592 0.980379
vt 0.372708 0.967218
vt 0.372704 0.980378
vt 0.457287 0.941724
vt 0.461764 0.966812
vt 0.473419 0.906602
vt 0.481173 0.930411
vt 0.479323 0.865274
vt 0.491285 0.884292
vt 0.480983 0.819965
vt 0.494664 0.843941
vt 0.480594 0.777863
vt 0.496070 0.783496
vt 0.449336 0.906797
vt 0.459647 0.878095
vt 0.463421 0.851679
vt 0.456814 0.799278
vt 0.448379 0.702562
vt 0.456402 0.738277
vt 0.448258 0.737932
vt 0.456769 0.702549
vt 0.399493 0.980379
vt 0.399519 0.967218
vt 0.338823 0.782323
vt 0.332585 0.781713
vt 0.330303 0.796701
vt 0.343195 0.940835
vt 0.341215 0.933913
vt 0.358919 0.909416
vt 0.355490 0.905390
vt 0.364675 0.866498
vt 0.360715 0.866427
vt 0.358919 0.823579
vt 0.355490 0.827463
vt 0.341179 0.798790
vt 0.337668 0.921767
vt 0.349345 0.898435
vt 0.353619 0.866564
vt 0.349345 0.834693
vt 0.337639 0.811239
vt 0.337605 0.897173
vt 0.343715 0.865764
vt 0.339504 0.838324
vt 0.442382 0.869096
vt 0.448301 0.860315
vt 0.452912 0.843938
vt 0.448357 0.769924
vt 0.448248 0.799267
vt 0.456312 0.769617
vt 0.455417 0.819557
vt 0.448450 0.817537
vt 0.330043 0.770254
vt 0.334491 0.753765
vt 0.334511 0.769960
vt 0.330277 0.753298
vt 0.414583 0.323279
vt 0.414583 0.394594
vt 0.414583 0.375153
vt 0.414583 0.346123
vt 0.439034 0.862601
vt 0.443148 0.855894
vt 0.446680 0.841040
vt 0.408292 0.343130
vt 0.408447 0.314184
vt 0.408202 0.408050
vt 0.408254 0.374979
vt 0.414583 0.302844
vt 0.414583 0.279777
vt 0.416111 0.269680
vt 0.408466 0.291667
vt 0.410388 0.271138
vt 0.419253 0.266252
vt 0.418697 0.254676
vt 0.414226 0.259500
vt 0.466457 0.783776
vt 0.132920 0.046469
vt 0.127897 0.046469
vt 0.127888 0.143756
vt 0.133062 0.143756
vt 0.123234 0.046495
vt 0.123027 0.143753
vt 0.118168 0.046466
vt 0.118165 0.143750
vt 0.156760 0.046377
vt 0.151839 0.046377
vt 0.151697 0.143521
vt 0.156759 0.143521
vt 0.147027 0.046377
vt 0.147018 0.143521
vt 0.142497 0.046423
vt 0.142501 0.143639
vt 0.137590 0.046423
vt 0.137587 0.143639
vt 0.180149 0.048847
vt 0.176449 0.050290
vt 0.176447 0.053251
vt 0.180141 0.053251
vt 0.180154 0.029206
vt 0.174164 0.029283
vt 0.180160 0.047174
vt 0.174164 0.047174
vt 0.180154 0.009759
vt 0.174164 0.009837
vt 0.180154 0.001704
vt 0.174164 0.001782
vt 0.167055 0.053310
vt 0.163360 0.053310
vt 0.163364 0.046289
vt 0.167058 0.046289
vt 0.163373 0.029326
vt 0.167067 0.029326
vt 0.163378 0.013559
vt 0.167085 0.013122
vt 0.167067 0.007943
vt 0.161077 0.009829
vt 0.161077 0.001840
vt 0.167067 0.001763
vt 0.183836 0.053251
vt 0.183703 0.050694
vt 0.186144 0.047174
vt 0.186144 0.029128
vt 0.186144 0.009682
vt 0.186144 0.001627
vt 0.170754 0.046289
vt 0.170750 0.053310
vt 0.170762 0.029326
vt 0.170767 0.013559
vt 0.173057 0.001686
vt 0.173057 0.009829
vt 0.161088 0.110119
vt 0.165166 0.090019
vt 0.163794 0.087018
vt 0.158970 0.110116
vt 0.175178 0.081732
vt 0.175356 0.077482
vt 0.185190 0.090019
vt 0.186870 0.087012
vt 0.189336 0.110119
vt 0.191639 0.110116
vt 0.163968 0.110120
vt 0.167165 0.094004
vt 0.175180 0.087370
vt 0.183197 0.094006
vt 0.186325 0.110120
vt 0.163756 0.133314
vt 0.165245 0.130288
vt 0.175326 0.142894
vt 0.175289 0.138599
vt 0.186818 0.133192
vt 0.185190 0.130220
vt 0.167165 0.126237
vt 0.175180 0.132870
vt 0.183197 0.126234
vt 0.186830 0.087038
vt 0.185518 0.090048
vt 0.189658 0.110194
vt 0.191653 0.110187
vt 0.175335 0.077481
vt 0.175485 0.081743
vt 0.163796 0.087031
vt 0.165451 0.090048
vt 0.159016 0.110187
vt 0.161296 0.110193
vt 0.185518 0.130339
vt 0.186874 0.133342
vt 0.175484 0.138644
vt 0.175326 0.142894
vt 0.165451 0.130339
vt 0.163756 0.133314
vt 0.174164 0.056784
vt 0.175890 0.056803
vt 0.175890 0.049109
vt 0.161077 0.048788
vt 0.162804 0.048771
vt 0.162804 0.056862
vt 0.161077 0.056843
vt 0.161077 0.029342
vt 0.162803 0.029238
vt 0.162803 0.010998
vt 0.184311 0.049058
vt 0.184311 0.056804
vt 0.186144 0.056804
vt 0.173057 0.056862
vt 0.171225 0.056862
vt 0.171225 0.048771
vt 0.173057 0.048771
vt 0.171224 0.029238
vt 0.173057 0.029238
vt 0.171224 0.010998
vt 0.167081 0.009829
vt 0.132844 0.002275
vt 0.127901 0.002275
vt 0.127900 0.019343
vt 0.132875 0.019343
vt 0.123128 0.002271
vt 0.123115 0.019338
vt 0.118170 0.002265
vt 0.118169 0.019334
vt 0.156760 0.001913
vt 0.151915 0.001913
vt 0.151884 0.019044
vt 0.156760 0.019044
vt 0.147033 0.001913
vt 0.147031 0.019044
vt 0.142495 0.002094
vt 0.142496 0.019193
vt 0.137592 0.002094
vt 0.137591 0.019193
vt 0.132907 0.037714
vt 0.127844 0.037636
vt 0.123113 0.037713
vt 0.151839 0.046377
vt 0.156755 0.037680
vt 0.151852 0.037628
vt 0.123113 0.037713
vt 0.118160 0.037736
vt 0.147007 0.037654
vt 0.142486 0.037671
vt 0.137531 0.037611
vt 0.032274 0.182789
vt 0.018885 0.169276
vt 0.018822 0.182811
vt 0.032408 0.169266
vt 0.070526 0.182692
vt 0.058201 0.169252
vt 0.058294 0.182703
vt 0.070451 0.169285
vt 0.046206 0.182745
vt 0.046241 0.169243
vt 0.032262 0.198015
vt 0.018803 0.197988
vt 0.070524 0.197785
vt 0.058294 0.197861
vt 0.046219 0.197894
vt 0.032197 0.213064
vt 0.018746 0.213103
vt 0.070549 0.213039
vt 0.058286 0.213020
vt 0.046194 0.212971
vt 0.032203 0.226746
vt 0.018783 0.226798
vt 0.058260 0.226670
vt 0.070524 0.226772
vt 0.046208 0.226717
vt 0.021286 0.097998
vt 0.018964 0.124795
vt 0.037086 0.115510
vt 0.035098 0.139151
vt 0.051082 0.121718
vt 0.048557 0.143313
vt 0.060390 0.121279
vt 0.060776 0.145063
vt 0.075033 0.121685
vt 0.074533 0.147313
vt 0.092348 0.110311
vt 0.091863 0.139396
vt 0.018318 0.067221
vt 0.102487 0.081237
vt 0.021497 0.048983
vt 0.102436 0.061855
vt 0.020804 0.134224
vt 0.038769 0.149407
vt 0.060488 0.153482
vt 0.074961 0.155559
vt 0.090397 0.149777
vt 0.026604 0.034010
vt 0.031194 0.023691
vt 0.026909 0.093093
vt 0.040096 0.109048
vt 0.051971 0.111675
vt 0.060356 0.113624
vt 0.073419 0.112180
vt 0.087714 0.100106
vt 0.023891 0.067340
vt 0.095896 0.078005
vt 0.026715 0.054117
vt 0.096253 0.062642
vt 0.035132 0.029333
vt 0.030730 0.039695
vt 0.079514 0.061133
vt 0.086142 0.036345
vt 0.077959 0.042183
vt 0.086395 0.064627
vt 0.076775 0.011313
vt 0.072208 0.025693
vt 0.062185 0.002511
vt 0.062236 0.017052
vt 0.049214 0.011214
vt 0.051649 0.022761
vt 0.040162 0.031024
vt 0.044318 0.038885
vt 0.075037 0.079315
vt 0.078288 0.090604
vt 0.038212 0.059638
vt 0.042393 0.059299
vt 0.065081 0.090351
vt 0.065774 0.098897
vt 0.043238 0.082676
vt 0.045957 0.076773
vt 0.053151 0.095711
vt 0.054749 0.089855
vt 0.250167 0.935172
vt 0.257814 0.952553
vt 0.257857 0.935294
vt 0.250176 0.952571
vt 0.242353 0.952624
vt 0.265838 0.952532
vt 0.234598 0.917941
vt 0.242382 0.917850
vt 0.234594 0.952583
vt 0.250185 0.917943
vt 0.257875 0.917945
vt 0.265808 0.917941
vt 0.242327 0.969858
vt 0.234608 0.969838
vt 0.257862 0.969791
vt 0.250156 0.969832
vt 0.265723 0.969810
vt 0.192965 0.965782
vt 0.180527 0.929148
vt 0.192957 0.929152
vt 0.180544 0.965770
vt 0.205745 0.965767
vt 0.218282 0.929211
vt 0.218289 0.965790
vt 0.205749 0.929150
vt 0.230546 0.965763
vt 0.230545 0.929267
vt 0.180551 0.979243
vt 0.192950 0.979211
vt 0.205724 0.979199
vt 0.218285 0.979227
vt 0.230548 0.979221
vt 0.192974 0.916346
vt 0.180535 0.916325
vt 0.218278 0.916357
vt 0.205762 0.916343
vt 0.230542 0.916325
vt 0.218300 0.965673
vt 0.230569 0.928938
vt 0.218343 0.928964
vt 0.230548 0.965637
vt 0.205769 0.965674
vt 0.193040 0.929046
vt 0.193002 0.965740
vt 0.205790 0.929019
vt 0.196040 0.908475
vt 0.211373 0.877179
vt 0.196051 0.877141
vt 0.211358 0.908502
vt 0.180520 0.965719
vt 0.180565 0.929042
vt 0.230551 0.979046
vt 0.218352 0.979118
vt 0.205765 0.979140
vt 0.192967 0.979137
vt 0.180533 0.979214
vt 0.218370 0.916138
vt 0.230567 0.916093
vt 0.193026 0.916190
vt 0.205810 0.916166
vt 0.180564 0.916162
vt 0.189718 0.887666
vt 0.194425 0.908578
vt 0.194440 0.877646
vt 0.189716 0.898519
vt 0.179407 0.908573
vt 0.184303 0.898557
vt 0.179427 0.877674
vt 0.184275 0.887597
vt 0.194421 0.908628
vt 0.189740 0.887533
vt 0.189743 0.898537
vt 0.194465 0.877422
vt 0.184337 0.898659
vt 0.179438 0.908692
vt 0.184360 0.887491
vt 0.179463 0.877478
vt 0.257722 0.952604
vt 0.250170 0.935286
vt 0.257692 0.935293
vt 0.250164 0.952574
vt 0.265740 0.935240
vt 0.242345 0.935278
vt 0.250184 0.969731
vt 0.257741 0.969773
vt 0.234590 0.969749
vt 0.242346 0.969742
vt 0.234582 0.935274
vt 0.265643 0.969731
vt 0.257738 0.917980
vt 0.250157 0.917974
vt 0.242356 0.917964
vt 0.234591 0.918032
vt 0.265617 0.917987
vt 0.194476 0.877420
vt 0.189716 0.898095
vt 0.194447 0.908601
vt 0.189707 0.887102
vt 0.179404 0.908686
vt 0.184301 0.898145
vt 0.179412 0.877412
vt 0.184274 0.887148
vt 0.261380 0.831024
vt 0.238007 0.858496
vt 0.261643 0.857926
vt 0.238462 0.830930
vt 0.260900 0.796810
vt 0.238408 0.796911
vt 0.261130 0.773544
vt 0.238309 0.773562
vt 0.270909 0.830903
vt 0.270759 0.857854
vt 0.270679 0.796575
vt 0.270690 0.773526
vt 0.238227 0.740087
vt 0.221682 0.773915
vt 0.221637 0.739986
vt 0.238247 0.726161
vt 0.221623 0.725989
vt 0.221447 0.858554
vt 0.199905 0.831327
vt 0.199895 0.858684
vt 0.214373 0.831314
vt 0.199965 0.796857
vt 0.214348 0.797013
vt 0.200069 0.773627
vt 0.214369 0.773600
vt 0.192332 0.831442
vt 0.192206 0.858632
vt 0.192171 0.796628
vt 0.192212 0.773538
vt 0.221523 0.831361
vt 0.221569 0.797068
vt 0.214379 0.740177
vt 0.214466 0.773181
vt 0.233454 0.846185
vt 0.233470 0.839230
vt 0.233440 0.787956
vt 0.233416 0.782766
vt 0.229113 0.839148
vt 0.229115 0.846595
vt 0.229166 0.788162
vt 0.229158 0.782909
vt 0.233511 0.817468
vt 0.233506 0.810531
vt 0.229135 0.810351
vt 0.229139 0.817671
vt 0.257935 0.935306
vt 0.250204 0.952665
vt 0.257881 0.952671
vt 0.250215 0.935285
vt 0.234603 0.935272
vt 0.242392 0.952644
vt 0.242399 0.935298
vt 0.234604 0.952571
vt 0.265807 0.935346
vt 0.265783 0.952674
vt 0.250248 0.918095
vt 0.257945 0.918137
vt 0.234608 0.918044
vt 0.242415 0.918077
vt 0.265823 0.918153
vt 0.257835 0.969803
vt 0.250204 0.969810
vt 0.242385 0.969789
vt 0.234602 0.969809
vt 0.265760 0.969838
vt 0.218320 0.965743
vt 0.230551 0.929054
vt 0.218313 0.929011
vt 0.230546 0.965763
vt 0.205756 0.965740
vt 0.192988 0.929017
vt 0.192985 0.965807
vt 0.205773 0.928973
vt 0.180557 0.965790
vt 0.180556 0.929057
vt 0.230545 0.979176
vt 0.218307 0.979216
vt 0.205766 0.979178
vt 0.192999 0.979235
vt 0.180551 0.979243
vt 0.218303 0.916156
vt 0.230548 0.916209
vt 0.192980 0.916172
vt 0.205774 0.916138
vt 0.180562 0.916212
vt 0.242337 0.952642
vt 0.250186 0.935308
vt 0.242326 0.935291
vt 0.250206 0.952626
vt 0.265695 0.952589
vt 0.257756 0.935285
vt 0.257709 0.952706
vt 0.265694 0.935281
vt 0.234594 0.952583
vt 0.234592 0.935333
vt 0.250178 0.969827
vt 0.242343 0.969821
vt 0.265656 0.969819
vt 0.257692 0.969790
vt 0.234597 0.969832
vt 0.242305 0.918069
vt 0.250179 0.918064
vt 0.257719 0.918006
vt 0.265711 0.918016
vt 0.234583 0.918096
vt 0.218260 0.965701
vt 0.230533 0.928995
vt 0.218268 0.928986
vt 0.230524 0.965714
vt 0.205732 0.965710
vt 0.192955 0.928976
vt 0.192958 0.965693
vt 0.205763 0.928953
vt 0.211139 0.877152
vt 0.195976 0.908728
vt 0.211139 0.908728
vt 0.195976 0.877152
vt 0.180530 0.965736
vt 0.180505 0.928986
vt 0.230530 0.979172
vt 0.218261 0.979232
vt 0.205750 0.979213
vt 0.192967 0.979204
vt 0.180497 0.979156
vt 0.218250 0.916179
vt 0.230523 0.916136
vt 0.192966 0.916151
vt 0.205753 0.916131
vt 0.180507 0.916143
vt 0.194422 0.908269
vt 0.189752 0.887529
vt 0.189752 0.898563
vt 0.194422 0.877753
vt 0.179517 0.877729
vt 0.184498 0.887529
vt 0.179517 0.908225
vt 0.184498 0.898563
vt 0.179525 0.877817
vt 0.189722 0.887732
vt 0.194381 0.877796
vt 0.184439 0.887732
vt 0.189722 0.898474
vt 0.194381 0.908270
vt 0.179525 0.908310
vt 0.184439 0.898474
vt 0.194381 0.877796
vt 0.189719 0.898453
vt 0.194381 0.908270
vt 0.189719 0.887538
vt 0.179486 0.877796
vt 0.184317 0.887619
vt 0.184317 0.898542
vt 0.179486 0.908270
vt 0.234583 0.952681
vt 0.242334 0.935405
vt 0.234598 0.935291
vt 0.242337 0.952642
vt 0.257895 0.952622
vt 0.250197 0.935356
vt 0.250195 0.952613
vt 0.257852 0.935313
vt 0.265707 0.935298
vt 0.265720 0.952685
vt 0.242357 0.969823
vt 0.234599 0.969821
vt 0.257746 0.969761
vt 0.250196 0.969827
vt 0.265811 0.969814
vt 0.234589 0.918212
vt 0.242338 0.918087
vt 0.250164 0.918122
vt 0.257853 0.918119
vt 0.265690 0.918199
vt 0.180493 0.965625
vt 0.192968 0.928964
vt 0.180516 0.928956
vt 0.192959 0.965625
vt 0.218308 0.965581
vt 0.205761 0.928979
vt 0.205756 0.965587
vt 0.218291 0.928977
vt 0.230542 0.928974
vt 0.230538 0.965565
vt 0.192945 0.979154
vt 0.180520 0.979160
vt 0.218283 0.979145
vt 0.205765 0.979140
vt 0.230537 0.979104
vt 0.180522 0.916131
vt 0.192953 0.916128
vt 0.205765 0.916153
vt 0.218282 0.916116
vt 0.230538 0.916095
vt 0.234632 0.952747
vt 0.242347 0.935252
vt 0.234616 0.935233
vt 0.242435 0.952703
vt 0.258004 0.952648
vt 0.250215 0.935285
vt 0.250329 0.952822
vt 0.257996 0.935368
vt 0.265777 0.935228
vt 0.265754 0.952494
vt 0.242462 0.969758
vt 0.234637 0.969784
vt 0.258056 0.969804
vt 0.250351 0.969758
vt 0.265701 0.969807
vt 0.234589 0.918212
vt 0.242424 0.918116
vt 0.250240 0.918124
vt 0.257899 0.918009
vt 0.265754 0.918078
vt 0.205689 0.929014
vt 0.192939 0.965788
vt 0.205710 0.965746
vt 0.192933 0.929071
vt 0.218240 0.928925
vt 0.230528 0.965750
vt 0.230533 0.928979
vt 0.218273 0.965773
vt 0.211393 0.877035
vt 0.195941 0.908774
vt 0.211428 0.908691
vt 0.195958 0.876972
vt 0.180509 0.965811
vt 0.180505 0.928986
vt 0.192927 0.916156
vt 0.205696 0.916134
vt 0.218232 0.916127
vt 0.230522 0.916158
vt 0.180514 0.916226
vt 0.205704 0.979195
vt 0.192914 0.979214
vt 0.230534 0.979214
vt 0.218243 0.979189
vt 0.180512 0.979258
vt 0.194376 0.908336
vt 0.189718 0.887666
vt 0.189725 0.898635
vt 0.194376 0.877882
vt 0.179475 0.877874
vt 0.184330 0.887680
vt 0.179475 0.908323
vt 0.184330 0.898652
vt 0.179547 0.877787
vt 0.189731 0.887639
vt 0.194366 0.877748
vt 0.184446 0.887750
vt 0.189731 0.898320
vt 0.194366 0.908055
vt 0.179547 0.908125
vt 0.184446 0.898441
vt 0.179488 0.908296
vt 0.184405 0.887713
vt 0.179506 0.877860
vt 0.184371 0.898582
vt 0.194398 0.908300
vt 0.189708 0.898594
vt 0.189722 0.887732
vt 0.194415 0.877883
vt 0.250170 0.935362
vt 0.242326 0.952631
vt 0.250163 0.952653
vt 0.242342 0.935336
vt 0.257823 0.935398
vt 0.265630 0.952657
vt 0.265642 0.935419
vt 0.257781 0.952647
vt 0.234602 0.952679
vt 0.234594 0.935266
vt 0.242376 0.918239
vt 0.250141 0.918197
vt 0.257684 0.918160
vt 0.265730 0.918236
vt 0.234587 0.918054
vt 0.250145 0.969793
vt 0.242381 0.969822
vt 0.265618 0.969792
vt 0.257636 0.969774
vt 0.234597 0.969832
vt 0.218307 0.965776
vt 0.230547 0.929116
vt 0.218298 0.929152
vt 0.230547 0.965794
vt 0.205762 0.965808
vt 0.192986 0.929144
vt 0.192987 0.965789
vt 0.205761 0.929157
vt 0.180548 0.965808
vt 0.180543 0.929157
vt 0.230543 0.979233
vt 0.218297 0.979234
vt 0.205750 0.979213
vt 0.192984 0.979233
vt 0.180551 0.979223
vt 0.218294 0.916223
vt 0.230548 0.916209
vt 0.192994 0.916228
vt 0.205761 0.916242
vt 0.180547 0.916205
vt 0.250197 0.935356
vt 0.242357 0.952565
vt 0.250187 0.952550
vt 0.242359 0.935253
vt 0.257898 0.935258
vt 0.265795 0.952626
vt 0.265764 0.935270
vt 0.257868 0.952512
vt 0.234604 0.952571
vt 0.234610 0.935146
vt 0.242360 0.918067
vt 0.250178 0.918218
vt 0.257857 0.918236
vt 0.265684 0.918166
vt 0.234588 0.918067
vt 0.250184 0.969803
vt 0.242354 0.969793
vt 0.265786 0.969764
vt 0.257826 0.969747
vt 0.234618 0.969748
vt 0.192948 0.929017
vt 0.180509 0.965742
vt 0.192937 0.965747
vt 0.180530 0.929056
vt 0.205721 0.929063
vt 0.218277 0.965731
vt 0.218262 0.929053
vt 0.205725 0.965731
vt 0.211197 0.876922
vt 0.195924 0.908448
vt 0.211197 0.908335
vt 0.195924 0.877083
vt 0.230525 0.929047
vt 0.230537 0.965767
vt 0.180522 0.916131
vt 0.192945 0.916143
vt 0.205709 0.916137
vt 0.218241 0.916162
vt 0.230523 0.916136
vt 0.192938 0.979211
vt 0.180535 0.979182
vt 0.218285 0.979227
vt 0.205734 0.979202
vt 0.230530 0.979172
vt 0.194403 0.908024
vt 0.189759 0.887413
vt 0.189759 0.898368
vt 0.194403 0.877696
vt 0.179505 0.877704
vt 0.184453 0.887475
vt 0.179505 0.908037
vt 0.184446 0.898441
vt 0.179558 0.877927
vt 0.189737 0.887878
vt 0.194368 0.877908
vt 0.184476 0.887795
vt 0.189737 0.898597
vt 0.194368 0.908380
vt 0.179558 0.908414
vt 0.184476 0.898507
vt 0.194353 0.877784
vt 0.189741 0.898453
vt 0.194353 0.908159
vt 0.189741 0.887576
vt 0.179517 0.877778
vt 0.184418 0.887593
vt 0.184418 0.898471
vt 0.179517 0.908148
vt 0.221416 0.900590
vt 0.238110 0.888628
vt 0.221437 0.888569
vt 0.238058 0.900305
vt 0.233157 0.879821
vt 0.233157 0.869309
vt 0.229005 0.869611
vt 0.228994 0.880000
vt 0.177076 0.810738
vt 0.180589 0.825571
vt 0.180485 0.808816
vt 0.177148 0.823043
vt 0.169303 0.773524
vt 0.180907 0.796497
vt 0.169133 0.796486
vt 0.180625 0.841995
vt 0.169405 0.858633
vt 0.169127 0.831487
vt 0.173931 0.805973
vt 0.174056 0.827510
vt 0.187672 0.827252
vt 0.187586 0.805714
vt 0.180476 0.832297
vt 0.181018 0.802210
vt 0.184281 0.822832
vt 0.184233 0.810670
vt 0.180259 0.711402
vt 0.194166 0.695389
vt 0.180275 0.695397
vt 0.194169 0.711388
vt 0.273212 0.711282
vt 0.284948 0.695289
vt 0.273213 0.695288
vt 0.284941 0.711280
vt 0.260547 0.711278
vt 0.260547 0.695289
vt 0.245927 0.695290
vt 0.245927 0.711280
vt 0.231246 0.711279
vt 0.231246 0.695290
vt 0.218701 0.711364
vt 0.218697 0.695347
vt 0.207065 0.711374
vt 0.207065 0.695376
vt 0.194151 0.613685
vt 0.180241 0.583420
vt 0.180358 0.613675
vt 0.194145 0.583414
vt 0.284984 0.613541
vt 0.273223 0.583363
vt 0.273214 0.613528
vt 0.284961 0.583363
vt 0.260546 0.583361
vt 0.260548 0.613554
vt 0.245927 0.583361
vt 0.245927 0.613554
vt 0.231244 0.583382
vt 0.231245 0.613554
vt 0.218684 0.583388
vt 0.218679 0.613511
vt 0.207066 0.583408
vt 0.207062 0.613666
vt 0.228546 0.440455
vt 0.222028 0.457493
vt 0.228544 0.466087
vt 0.223105 0.443157
vt 0.216463 0.465974
vt 0.218210 0.481837
vt 0.209705 0.463614
vt 0.205658 0.477454
vt 0.205748 0.451778
vt 0.200415 0.454426
vt 0.206823 0.437443
vt 0.200306 0.428849
vt 0.212387 0.428962
vt 0.210641 0.413099
vt 0.219146 0.431322
vt 0.223192 0.417482
vt 0.240884 0.414748
vt 0.240446 0.425637
vt 0.242323 0.425022
vt 0.239485 0.418782
vt 0.235626 0.412021
vt 0.235977 0.416962
vt 0.231000 0.417988
vt 0.232891 0.420944
vt 0.230904 0.428765
vt 0.232827 0.428135
vt 0.232526 0.438979
vt 0.233909 0.434950
vt 0.237783 0.441706
vt 0.237417 0.436770
vt 0.242409 0.435739
vt 0.240504 0.432788
vt 0.219759 0.528994
vt 0.224643 0.568787
vt 0.224643 0.529294
vt 0.219759 0.568520
vt 0.215050 0.528994
vt 0.215050 0.568520
vt 0.210782 0.529049
vt 0.210782 0.568569
vt 0.206073 0.529049
vt 0.206073 0.568569
vt 0.201364 0.529049
vt 0.201364 0.568569
vt 0.234538 0.529308
vt 0.239247 0.568799
vt 0.239247 0.529308
vt 0.234538 0.568799
vt 0.229352 0.529294
vt 0.229352 0.568787
vt 0.222892 0.525081
vt 0.217515 0.494414
vt 0.217515 0.525121
vt 0.222892 0.494369
vt 0.211189 0.494414
vt 0.211189 0.525121
vt 0.205669 0.494324
vt 0.205669 0.525041
vt 0.200976 0.494324
vt 0.200976 0.525041
vt 0.244503 0.525039
vt 0.239369 0.494345
vt 0.239369 0.525060
vt 0.244503 0.494323
vt 0.233043 0.494345
vt 0.233043 0.525060
vt 0.227734 0.494369
vt 0.227734 0.525081
vt 0.219810 0.454569
vt 0.220597 0.444402
vt 0.215869 0.460576
vt 0.211082 0.458905
vt 0.208253 0.450533
vt 0.209040 0.440367
vt 0.212982 0.434360
vt 0.217769 0.436031
vt 0.318803 0.967349
vt 0.345614 0.980542
vt 0.345612 0.967353
vt 0.318815 0.980538
vt 0.292798 0.967351
vt 0.292808 0.980541
vt 0.372844 0.967193
vt 0.399722 0.980321
vt 0.399717 0.967191
vt 0.372848 0.980322
vt 0.345742 0.967191
vt 0.345740 0.980338
vt 0.319316 0.967191
vt 0.319310 0.980338
vt 0.412812 0.941724
vt 0.435050 0.980136
vt 0.435050 0.952798
vt 0.408335 0.966812
vt 0.396681 0.906602
vt 0.388926 0.930411
vt 0.390776 0.865274
vt 0.377987 0.880686
vt 0.388555 0.820374
vt 0.374619 0.842449
vt 0.389039 0.777795
vt 0.372864 0.784275
vt 0.420763 0.906797
vt 0.435050 0.913875
vt 0.410452 0.878095
vt 0.406679 0.851679
vt 0.413286 0.798582
vt 0.421569 0.701466
vt 0.413717 0.737272
vt 0.421443 0.737134
vt 0.413672 0.701736
vt 0.292826 0.980334
vt 0.292854 0.967185
vt 0.304281 0.782323
vt 0.310520 0.781713
vt 0.312801 0.796701
vt 0.321552 0.944353
vt 0.299909 0.940835
vt 0.301889 0.933913
vt 0.321552 0.952335
vt 0.284185 0.909416
vt 0.287614 0.905390
vt 0.278429 0.866498
vt 0.282389 0.866426
vt 0.284185 0.823579
vt 0.287614 0.827463
vt 0.301925 0.798790
vt 0.321552 0.930307
vt 0.305436 0.921767
vt 0.293759 0.898435
vt 0.289485 0.866564
vt 0.293759 0.834693
vt 0.305465 0.811239
vt 0.321552 0.911750
vt 0.305499 0.897173
vt 0.299389 0.865764
vt 0.303600 0.838324
vt 0.321552 0.811235
vt 0.321552 0.825513
vt 0.427717 0.869096
vt 0.435050 0.872097
vt 0.421798 0.860315
vt 0.417187 0.843938
vt 0.421573 0.768873
vt 0.421632 0.797878
vt 0.413419 0.768809
vt 0.414682 0.819557
vt 0.421650 0.817537
vt 0.316372 0.770254
vt 0.311702 0.753765
vt 0.311682 0.769960
vt 0.316397 0.753524
vt 0.323097 0.752249
vt 0.323097 0.770149
vt 0.321552 0.799075
vt 0.423026 0.346119
vt 0.431468 0.323279
vt 0.423026 0.322742
vt 0.423026 0.394273
vt 0.431468 0.394594
vt 0.431468 0.375153
vt 0.423026 0.374956
vt 0.431468 0.346123
vt 0.431066 0.862601
vt 0.435050 0.863983
vt 0.426951 0.855894
vt 0.423419 0.841040
vt 0.437759 0.343130
vt 0.437605 0.314184
vt 0.437849 0.408050
vt 0.437797 0.374979
vt 0.423026 0.302307
vt 0.431468 0.302844
vt 0.423026 0.279240
vt 0.431468 0.279777
vt 0.423026 0.269143
vt 0.429940 0.269680
vt 0.437586 0.291667
vt 0.435663 0.271138
vt 0.426799 0.266252
vt 0.423026 0.265002
vt 0.427354 0.254676
vt 0.423026 0.253735
vt 0.431825 0.259500
vt 0.403795 0.783894
vt 0.372615 0.967351
vt 0.372622 0.980540
vt 0.399474 0.967348
vt 0.399482 0.980538
vt 0.319028 0.967220
vt 0.292856 0.967221
vt 0.292870 0.980363
vt 0.319083 0.980362
vt 0.345596 0.967219
vt 0.345592 0.980379
vt 0.372708 0.967218
vt 0.372704 0.980378
vt 0.457287 0.941724
vt 0.461764 0.966812
vt 0.473419 0.906602
vt 0.481173 0.930411
vt 0.479323 0.865274
vt 0.491285 0.884292
vt 0.480983 0.819965
vt 0.494664 0.843941
vt 0.480594 0.777863
vt 0.496070 0.783496
vt 0.449336 0.906797
vt 0.459647 0.878095
vt 0.463421 0.851679
vt 0.456814 0.799278
vt 0.448379 0.702562
vt 0.448258 0.737932
vt 0.456402 0.738277
vt 0.456769 0.702549
vt 0.399493 0.980379
vt 0.399519 0.967218
vt 0.338823 0.782323
vt 0.330303 0.796701
vt 0.332585 0.781713
vt 0.341215 0.933913
vt 0.343195 0.940835
vt 0.355490 0.905390
vt 0.358919 0.909416
vt 0.360715 0.866427
vt 0.364675 0.866498
vt 0.355490 0.827463
vt 0.358919 0.823579
vt 0.341179 0.798790
vt 0.337668 0.921767
vt 0.349345 0.898435
vt 0.353619 0.866564
vt 0.349345 0.834693
vt 0.337639 0.811239
vt 0.337605 0.897173
vt 0.343715 0.865764
vt 0.339504 0.838324
vt 0.442382 0.869096
vt 0.448301 0.860315
vt 0.452912 0.843938
vt 0.448357 0.769924
vt 0.448248 0.799267
vt 0.456312 0.769617
vt 0.448450 0.817537
vt 0.455417 0.819557
vt 0.330043 0.770254
vt 0.334511 0.769960
vt 0.334491 0.753765
vt 0.330277 0.753298
vt 0.414583 0.323279
vt 0.414583 0.375153
vt 0.414583 0.394594
vt 0.414583 0.346123
vt 0.439034 0.862601
vt 0.443148 0.855894
vt 0.446680 0.841040
vt 0.408292 0.343130
vt 0.408447 0.314184
vt 0.408202 0.408050
vt 0.408254 0.374979
vt 0.414583 0.302844
vt 0.414583 0.279777
vt 0.416111 0.269680
vt 0.408466 0.291667
vt 0.410388 0.271138
vt 0.419253 0.266252
vt 0.418697 0.254676
vt 0.414226 0.259500
vt 0.466457 0.783776
vt 0.217483 0.385019
vt 0.227493 0.405070
vt 0.227493 0.385019
vt 0.217483 0.405070
vt 0.236853 0.405070
vt 0.236853 0.385019
vt 0.198079 0.362742
vt 0.208061 0.382792
vt 0.208061 0.362742
vt 0.198079 0.382792
vt 0.217857 0.382792
vt 0.217857 0.362742
vt 0.227378 0.382792
vt 0.227378 0.362742
vt 0.236898 0.382792
vt 0.236898 0.362742
vt 0.246821 0.382792
vt 0.246821 0.362742
vt 0.256515 0.382873
vt 0.256515 0.362819
vt 0.198039 0.385019
vt 0.207962 0.405070
vt 0.207962 0.385019
vt 0.198039 0.405070
vt 0.253669 0.331944
vt 0.269446 0.294987
vt 0.257786 0.311359
vt 0.261681 0.332369
vt 0.244275 0.343767
vt 0.246697 0.348029
vt 0.233194 0.342313
vt 0.231331 0.346229
vt 0.224657 0.328137
vt 0.213195 0.324132
vt 0.221925 0.306654
vt 0.204087 0.300051
vt 0.226043 0.286069
vt 0.205785 0.260046
vt 0.235436 0.274245
vt 0.216513 0.233680
vt 0.246517 0.275700
vt 0.236991 0.227143
vt 0.255054 0.289876
vt 0.251809 0.231046
vt 0.264620 0.250607
vt 0.332477 0.390609
vt 0.328046 0.434282
vt 0.317959 0.432504
vt 0.320225 0.387223
vt 0.278848 0.390058
vt 0.290693 0.391494
vt 0.290722 0.423818
vt 0.277746 0.422245
vt 0.286978 0.466171
vt 0.278354 0.465126
vt 0.288194 0.480410
vt 0.275588 0.477484
vt 0.310115 0.391619
vt 0.300357 0.423956
vt 0.309882 0.468268
vt 0.307711 0.476958
vt 0.296360 0.475488
vt 0.301754 0.498005
vt 0.295152 0.530926
vt 0.290415 0.519085
vt 0.295590 0.498299
vt 0.301698 0.390222
vt 0.296360 0.475488
vt 0.278911 0.546857
vt 0.279081 0.526608
vt 0.330156 0.482180
vt 0.319275 0.470407
vt 0.343132 0.476796
vt 0.345480 0.488780
vt 0.347221 0.434856
vt 0.341790 0.399860
vt 0.267921 0.475497
vt 0.267811 0.464637
vt 0.268044 0.419470
vt 0.269339 0.387904
vt 0.333524 0.505318
vt 0.344515 0.512179
vt 0.261521 0.503313
vt 0.327582 0.526354
vt 0.335017 0.537992
vt 0.268146 0.517085
vt 0.267977 0.537981
vt 0.353528 0.571186
vt 0.365472 0.594462
vt 0.353497 0.594791
vt 0.365502 0.571185
vt 0.290536 0.571187
vt 0.303717 0.594589
vt 0.290612 0.594877
vt 0.303622 0.571176
vt 0.341226 0.571188
vt 0.341244 0.594636
vt 0.298845 0.363476
vt 0.303474 0.345557
vt 0.312795 0.338956
vt 0.322056 0.348673
vt 0.325562 0.369839
vt 0.329660 0.370725
vt 0.336021 0.352409
vt 0.346050 0.348023
vt 0.354259 0.359087
vt 0.356267 0.378849
vt 0.350078 0.403100
vt 0.317131 0.594689
vt 0.317131 0.571180
vt 0.328836 0.594689
vt 0.328836 0.571180
vt 0.363817 0.331648
vt 0.358496 0.347729
vt 0.358496 0.331648
vt 0.363817 0.347729
vt 0.363745 0.228399
vt 0.358424 0.243355
vt 0.358424 0.228399
vt 0.363745 0.243355
vt 0.358424 0.259437
vt 0.363745 0.259437
vt 0.358502 0.271989
vt 0.363823 0.271989
vt 0.358502 0.288070
vt 0.363823 0.288070
vt 0.358490 0.299514
vt 0.363811 0.299514
vt 0.358490 0.315596
vt 0.363811 0.315596
vt 0.377767 0.274621
vt 0.377396 0.291580
vt 0.374066 0.294002
vt 0.374555 0.271628
vt 0.384031 0.263152
vt 0.382818 0.256498
vt 0.392518 0.263893
vt 0.394016 0.257475
vt 0.398258 0.276409
vt 0.401588 0.273987
vt 0.397887 0.293368
vt 0.401099 0.296361
vt 0.391624 0.304836
vt 0.392836 0.311491
vt 0.383136 0.304096
vt 0.381638 0.310514
vt 0.348935 0.321934
vt 0.348935 0.309745
vt 0.354206 0.309745
vt 0.354206 0.321934
vt 0.348924 0.240203
vt 0.348924 0.228866
vt 0.354195 0.228866
vt 0.354195 0.240203
vt 0.348924 0.252392
vt 0.354195 0.252392
vt 0.348941 0.262533
vt 0.354212 0.262533
vt 0.348941 0.274723
vt 0.354212 0.274723
vt 0.348930 0.286598
vt 0.354200 0.286598
vt 0.348930 0.298787
vt 0.354200 0.298787
vt 0.380357 0.277034
vt 0.380082 0.289627
vt 0.377396 0.291580
vt 0.377767 0.274621
vt 0.385008 0.268518
vt 0.384031 0.263152
vt 0.391311 0.269068
vt 0.392518 0.263893
vt 0.395573 0.278361
vt 0.398258 0.276409
vt 0.395297 0.290955
vt 0.397887 0.293368
vt 0.390646 0.299471
vt 0.391624 0.304836
vt 0.384344 0.298921
vt 0.383136 0.304096
vt 0.387827 0.283994
vt 0.456466 0.551343
vt 0.476573 0.479156
vt 0.451644 0.518421
vt 0.496846 0.528826
vt 0.492054 0.495907
vt 0.488392 0.558756
vt 0.471702 0.568009
vt 0.460120 0.488476
vt 0.474328 0.522132
vt 0.497230 0.522132
vt 0.490522 0.489774
vt 0.474328 0.476371
vt 0.458134 0.489774
vt 0.451426 0.522132
vt 0.458134 0.554489
vt 0.474328 0.567892
vt 0.490522 0.554489
vt 0.407091 0.584226
vt 0.407074 0.614751
vt 0.391485 0.614738
vt 0.391425 0.584150
vt 0.475836 0.584062
vt 0.476016 0.614684
vt 0.459634 0.614696
vt 0.459454 0.584135
vt 0.443114 0.614713
vt 0.442934 0.584210
vt 0.424416 0.614728
vt 0.424433 0.584150
vt 0.423206 0.626018
vt 0.423247 0.649030
vt 0.411551 0.656883
vt 0.411497 0.626019
vt 0.398917 0.672151
vt 0.399099 0.626019
vt 0.387178 0.664926
vt 0.387290 0.626024
vt 0.375624 0.647042
vt 0.375671 0.626019
vt 0.495813 0.626001
vt 0.495833 0.666445
vt 0.485508 0.656744
vt 0.485447 0.626002
vt 0.475466 0.652386
vt 0.475421 0.626005
vt 0.465546 0.653252
vt 0.465559 0.626007
vt 0.454975 0.626016
vt 0.454885 0.652440
vt 0.444449 0.626018
vt 0.444547 0.652655
vt 0.434064 0.626017
vt 0.434146 0.645471
vt 0.479570 0.708191
vt 0.495394 0.706441
vt 0.465270 0.698151
vt 0.456303 0.676117
vt 0.375726 0.614828
vt 0.375827 0.584422
vt 0.415861 0.675038
vt 0.404041 0.691942
vt 0.428284 0.665820
vt 0.493127 0.584053
vt 0.493009 0.614685
vt 0.444453 0.679787
vt 0.490146 0.553365
vt 0.458106 0.553264
vt 0.474115 0.566573
vt 0.451497 0.521234
vt 0.458158 0.489653
vt 0.496808 0.521377
vt 0.472802 0.463774
vt 0.458254 0.462825
vt 0.486661 0.478585
vt 0.493782 0.495822
vt 0.498093 0.505790
vt 0.474551 0.434696
vt 0.463310 0.427963
vt 0.460551 0.433416
vt 0.454644 0.405824
vt 0.458683 0.405645
vt 0.460580 0.377772
vt 0.463311 0.383321
vt 0.474572 0.366153
vt 0.474551 0.376578
vt 0.474538 0.445002
vt 0.488616 0.433479
vt 0.485792 0.427963
vt 0.494436 0.405497
vt 0.490419 0.405645
vt 0.488535 0.377829
vt 0.485790 0.383321
vt 0.397601 0.445487
vt 0.401644 0.445471
vt 0.401644 0.428778
vt 0.397601 0.428749
vt 0.397620 0.566748
vt 0.401724 0.566726
vt 0.401726 0.549824
vt 0.397620 0.549819
vt 0.401713 0.531779
vt 0.397618 0.531878
vt 0.401713 0.514698
vt 0.397613 0.514685
vt 0.397603 0.497094
vt 0.401652 0.496909
vt 0.401650 0.479948
vt 0.397603 0.479945
vt 0.401644 0.462373
vt 0.397601 0.462415
vt 0.330044 0.098667
vt 0.323671 0.035682
vt 0.317433 0.082296
vt 0.344374 0.030550
vt 0.322573 0.129751
vt 0.311755 0.129599
vt 0.343818 0.161714
vt 0.356328 0.126195
vt 0.322469 0.160268
vt 0.316706 0.140114
vt 0.330926 0.172043
vt 0.228787 0.187318
vt 0.203254 0.147866
vt 0.194441 0.161267
vt 0.210727 0.127359
vt 0.236718 0.160903
vt 0.246145 0.200244
vt 0.253509 0.182573
vt 0.257454 0.211717
vt 0.263319 0.195235
vt 0.305279 0.082296
vt 0.305279 0.043810
vt 0.197753 0.177171
vt 0.356998 0.079858
vt 0.370190 0.086684
vt 0.349794 0.059541
vt 0.351665 0.035400
vt 0.196072 0.146403
vt 0.205331 0.120394
vt 0.320737 0.025398
vt 0.332685 0.009283
vt 0.325097 0.005590
vt 0.305279 0.030361
vt 0.333636 -0.000802
vt 0.325656 -0.003512
vt 0.330123 0.207926
vt 0.324064 0.208168
vt 0.324064 0.229747
vt 0.330123 0.229694
vt 0.324134 0.252736
vt 0.330190 0.252928
vt 0.324134 0.274569
vt 0.330190 0.274697
vt 0.310229 0.191778
vt 0.316116 0.191800
vt 0.316116 0.170591
vt 0.310236 0.170596
vt 0.316116 0.149600
vt 0.310296 0.149567
vt 0.330114 0.186157
vt 0.324068 0.186397
vt 0.271387 0.215427
vt 0.266824 0.225212
vt 0.188099 0.164712
vt 0.189141 0.151784
vt 0.180375 0.163361
vt 0.181327 0.148327
vt 0.391358 0.497090
vt 0.391358 0.479945
vt 0.391358 0.462415
vt 0.391359 0.445489
vt 0.391360 0.514671
vt 0.473884 0.338983
vt 0.487884 0.337703
vt 0.485125 0.332249
vt 0.493791 0.310110
vt 0.489751 0.309932
vt 0.487855 0.282059
vt 0.485123 0.287608
vt 0.473863 0.270441
vt 0.473884 0.280865
vt 0.473897 0.349289
vt 0.462643 0.332249
vt 0.459819 0.337766
vt 0.453999 0.309784
vt 0.458016 0.309932
vt 0.459900 0.282117
vt 0.462644 0.287608
vt 0.407596 0.480063
vt 0.403301 0.462450
vt 0.403294 0.480032
vt 0.407598 0.462454
vt 0.403299 0.445430
vt 0.407598 0.445427
vt 0.403301 0.428750
vt 0.407598 0.428709
vt 0.407626 0.566760
vt 0.403328 0.549988
vt 0.403368 0.566743
vt 0.407610 0.549975
vt 0.407620 0.532107
vt 0.403330 0.514776
vt 0.403328 0.532116
vt 0.407610 0.514772
vt 0.403328 0.497376
vt 0.407610 0.497193
vt 0.274512 0.096522
vt 0.289639 0.082296
vt 0.283401 0.035682
vt 0.264216 0.025553
vt 0.283411 0.130209
vt 0.295618 0.129931
vt 0.261798 0.153589
vt 0.247398 0.129745
vt 0.289495 0.142108
vt 0.296776 0.149567
vt 0.281179 0.164750
vt 0.271389 0.171194
vt 0.224537 0.067950
vt 0.218901 0.099465
vt 0.312335 0.321412
vt 0.315525 0.319365
vt 0.310970 0.315152
vt 0.236376 0.072573
vt 0.248826 0.071616
vt 0.257157 0.053099
vt 0.256694 0.028687
vt 0.215279 0.086985
vt 0.286335 0.025398
vt 0.281975 0.005590
vt 0.274786 0.009283
vt 0.280624 -0.003334
vt 0.273375 0.000398
vt 0.331912 0.208841
vt 0.337963 0.230647
vt 0.337963 0.209084
vt 0.331912 0.230626
vt 0.337906 0.252585
vt 0.331844 0.252647
vt 0.337906 0.274353
vt 0.331844 0.274481
vt 0.296843 0.191778
vt 0.290960 0.170591
vt 0.290960 0.191800
vt 0.296776 0.170596
vt 0.290960 0.149600
vt 0.331924 0.187073
vt 0.337959 0.187313
vt 0.278346 0.196912
vt 0.280414 0.182464
vt 0.227097 0.055881
vt 0.216304 0.070008
vt 0.219085 0.040892
vt 0.210088 0.055341
vt 0.413771 0.532109
vt 0.413792 0.514772
vt 0.413771 0.497193
vt 0.413710 0.480066
vt 0.413818 0.549888
vt 0.484245 0.330844
vt 0.493752 0.310026
vt 0.489846 0.310068
vt 0.488128 0.281990
vt 0.485190 0.287608
vt 0.473913 0.270468
vt 0.473946 0.278301
vt 0.459818 0.282096
vt 0.463545 0.289485
vt 0.487925 0.338159
vt 0.473847 0.342036
vt 0.473802 0.349977
vt 0.459695 0.338340
vt 0.462606 0.332733
vt 0.454040 0.310259
vt 0.457949 0.310265
vt 0.388547 0.566780
vt 0.384276 0.550038
vt 0.384276 0.566762
vt 0.388547 0.550027
vt 0.384246 0.532220
vt 0.388538 0.532189
vt 0.384269 0.514991
vt 0.388538 0.514963
vt 0.384248 0.497454
vt 0.388538 0.497513
vt 0.388504 0.480498
vt 0.384232 0.462498
vt 0.384246 0.480483
vt 0.388495 0.462562
vt 0.384231 0.445628
vt 0.388491 0.445631
vt 0.384231 0.428850
vt 0.388491 0.428819
vt 0.464190 0.426198
vt 0.458589 0.405422
vt 0.454683 0.405380
vt 0.460306 0.377345
vt 0.463245 0.382962
vt 0.474522 0.365822
vt 0.474489 0.373656
vt 0.488617 0.377450
vt 0.484889 0.384839
vt 0.460510 0.433514
vt 0.474633 0.445332
vt 0.474588 0.437390
vt 0.488740 0.433695
vt 0.485829 0.428087
vt 0.494395 0.405614
vt 0.490486 0.405619
vt 0.382552 0.566744
vt 0.378419 0.566726
vt 0.378419 0.549900
vt 0.382552 0.549889
vt 0.378420 0.531995
vt 0.382555 0.532112
vt 0.378421 0.515014
vt 0.382555 0.514987
vt 0.378442 0.497337
vt 0.382576 0.497496
vt 0.382571 0.480500
vt 0.378442 0.480484
vt 0.378440 0.462561
vt 0.382579 0.462679
vt 0.378438 0.445779
vt 0.382573 0.445781
vt 0.378438 0.428938
vt 0.382573 0.428907
vt 0.382230 0.027167
vt 0.375292 0.059725
vt 0.382084 0.059841
vt 0.370547 0.050056
vt 0.370614 0.036515
vt 0.375453 0.027034
vt 0.381271 0.025514
vt 0.369848 0.035765
vt 0.374497 0.025912
vt 0.370047 0.049301
vt 0.374978 0.058590
vt 0.381767 0.058174
vt 0.285666 0.207513
vt 0.279374 0.226835
vt 0.424740 0.212747
vt 0.441105 0.194862
vt 0.446863 0.211649
vt 0.429628 0.241827
vt 0.411111 0.239023
vt 0.411787 0.217494
vt 0.379263 0.205861
vt 0.388877 0.214049
vt 0.387854 0.235502
vt 0.375082 0.221965
vt 0.453108 0.172727
vt 0.458354 0.183662
vt 0.448339 0.253905
vt 0.462271 0.240812
vt 0.476327 0.227855
vt 0.438744 0.189637
vt 0.450381 0.166550
vt 0.422886 0.208231
vt 0.389131 0.209852
vt 0.411951 0.213284
vt 0.381432 0.200233
vt 0.359655 0.200649
vt 0.365664 0.183714
vt 0.366913 0.180193
vt 0.442199 0.002224
vt 0.442199 0.023371
vt 0.466633 0.023371
vt 0.466646 0.002224
vt 0.466670 0.023403
vt 0.489213 0.023370
vt 0.489226 0.002150
vt 0.466673 0.002222
vt 0.396263 0.023391
vt 0.416775 0.023319
vt 0.416774 0.002009
vt 0.396219 0.002181
vt 0.489248 0.023373
vt 0.489258 0.002227
vt 0.442221 0.023432
vt 0.442221 0.002267
vt 0.442215 0.023403
vt 0.442215 0.002218
vt 0.444246 0.077522
vt 0.444246 0.101240
vt 0.457724 0.100614
vt 0.460563 0.077522
vt 0.454319 0.141469
vt 0.458614 0.128462
vt 0.444246 0.130571
vt 0.444246 0.143776
vt 0.458852 0.053664
vt 0.454169 0.038069
vt 0.444246 0.038173
vt 0.444246 0.053664
vt 0.444246 0.034568
vt 0.416761 0.002224
vt 0.416763 0.023371
vt 0.407077 0.098838
vt 0.397795 0.092436
vt 0.397795 0.071159
vt 0.410303 0.076488
vt 0.409783 0.113760
vt 0.415224 0.103440
vt 0.409874 0.165329
vt 0.416049 0.124677
vt 0.416049 0.170067
vt 0.397795 0.176020
vt 0.404500 0.173344
vt 0.410649 0.185112
vt 0.397795 0.189578
vt 0.479687 0.132224
vt 0.476151 0.175334
vt 0.468499 0.161811
vt 0.493629 0.145706
vt 0.494719 0.109121
vt 0.483818 0.107538
vt 0.482364 0.042374
vt 0.496088 0.063172
vt 0.485179 0.062278
vt 0.492835 0.043162
vt 0.497183 0.188303
vt 0.488715 0.209395
vt 0.465708 0.155073
vt 0.477669 0.127990
vt 0.483037 0.062208
vt 0.481681 0.107290
vt 0.480040 0.046864
vt 0.352120 0.165000
vt 0.346940 0.183079
vt 0.355116 0.163871
vt 0.466628 0.002172
vt 0.442192 0.023349
vt 0.466628 0.023349
vt 0.442173 0.002172
vt 0.416786 0.023403
vt 0.396349 0.002150
vt 0.396389 0.023370
vt 0.416785 0.002222
vt 0.489204 0.023391
vt 0.466641 0.002009
vt 0.466638 0.023319
vt 0.489218 0.002181
vt 0.416766 0.002175
vt 0.416770 0.023350
vt 0.432513 0.100614
vt 0.428427 0.077522
vt 0.435919 0.141469
vt 0.431624 0.128462
vt 0.431386 0.053664
vt 0.436069 0.038069
vt 0.489265 0.023349
vt 0.489270 0.002172
vt 0.390635 0.099398
vt 0.387688 0.076488
vt 0.387648 0.115442
vt 0.382768 0.103440
vt 0.387416 0.162806
vt 0.381942 0.124677
vt 0.381942 0.170067
vt 0.387343 0.185112
vt 0.391948 0.173063
vt 0.298955 0.321423
vt 0.299897 0.315221
vt 0.295840 0.320037
vt 0.315382 0.299553
vt 0.314834 0.314196
vt 0.318536 0.300884
vt 0.296550 0.314037
vt 0.295268 0.299437
vt 0.291697 0.301078
vt 0.299916 0.299459
vt 0.310808 0.299423
vt 0.298672 0.263906
vt 0.313683 0.253245
vt 0.296619 0.253239
vt 0.311765 0.263836
vt 0.299180 0.209162
vt 0.293672 0.225199
vt 0.299203 0.228787
vt 0.294005 0.210833
vt 0.311154 0.228791
vt 0.316254 0.210865
vt 0.311157 0.209166
vt 0.316704 0.225230
vt 0.316589 0.240203
vt 0.293594 0.240195
vt 0.315387 0.274691
vt 0.318835 0.272604
vt 0.291880 0.271489
vt 0.295268 0.275646
vt 0.299916 0.274918
vt 0.310808 0.274882
vt 0.295673 0.261579
vt 0.314773 0.260796
vt 0.332477 0.390609
vt 0.317959 0.432504
vt 0.328046 0.434282
vt 0.320225 0.387223
vt 0.278848 0.390058
vt 0.290722 0.423818
vt 0.290693 0.391494
vt 0.277746 0.422245
vt 0.286978 0.466171
vt 0.278354 0.465126
vt 0.288194 0.480410
vt 0.275588 0.477484
vt 0.310115 0.391619
vt 0.300357 0.423956
vt 0.309882 0.468268
vt 0.296360 0.475488
vt 0.307711 0.476958
vt 0.301754 0.498005
vt 0.290415 0.519085
vt 0.295152 0.530926
vt 0.295590 0.498299
vt 0.301698 0.390222
vt 0.296360 0.475488
vt 0.279081 0.526608
vt 0.278911 0.546857
vt 0.330156 0.482180
vt 0.343132 0.476796
vt 0.319275 0.470407
vt 0.345480 0.488780
vt 0.347221 0.434856
vt 0.341790 0.399860
vt 0.267921 0.475497
vt 0.267811 0.464637
vt 0.268044 0.419470
vt 0.269339 0.387904
vt 0.333524 0.505318
vt 0.344515 0.512179
vt 0.261521 0.503313
vt 0.327582 0.526354
vt 0.335017 0.537992
vt 0.268146 0.517085
vt 0.267977 0.537981
vt 0.353528 0.571186
vt 0.353497 0.594791
vt 0.365472 0.594462
vt 0.365502 0.571185
vt 0.290536 0.571187
vt 0.290612 0.594877
vt 0.303717 0.594589
vt 0.303622 0.571176
vt 0.341226 0.571188
vt 0.341244 0.594636
vt 0.298845 0.363476
vt 0.303474 0.345557
vt 0.312795 0.338956
vt 0.322056 0.348673
vt 0.325562 0.369839
vt 0.329660 0.370725
vt 0.336021 0.352409
vt 0.346050 0.348023
vt 0.354259 0.359087
vt 0.356267 0.378849
vt 0.350078 0.403100
vt 0.317131 0.594689
vt 0.317131 0.571180
vt 0.328836 0.594689
vt 0.328836 0.571180
vt 0.363817 0.331648
vt 0.358496 0.331648
vt 0.358496 0.347729
vt 0.363817 0.347729
vt 0.363745 0.228399
vt 0.358424 0.228399
vt 0.358424 0.243355
vt 0.363745 0.243355
vt 0.358424 0.259437
vt 0.363745 0.259437
vt 0.358502 0.271989
vt 0.363823 0.271989
vt 0.358502 0.288070
vt 0.363823 0.288070
vt 0.358490 0.299514
vt 0.363811 0.299514
vt 0.358490 0.315596
vt 0.363811 0.315596
vt 0.377767 0.274621
vt 0.374066 0.294002
vt 0.377396 0.291580
vt 0.374555 0.271628
vt 0.384031 0.263152
vt 0.382818 0.256498
vt 0.392518 0.263893
vt 0.394016 0.257475
vt 0.398258 0.276409
vt 0.401588 0.273987
vt 0.397887 0.293368
vt 0.401099 0.296361
vt 0.391624 0.304836
vt 0.392836 0.311491
vt 0.383136 0.304096
vt 0.381638 0.310514
vt 0.348935 0.321934
vt 0.354206 0.309745
vt 0.348935 0.309745
vt 0.354206 0.321934
vt 0.348924 0.240203
vt 0.354195 0.228866
vt 0.348924 0.228866
vt 0.354195 0.240203
vt 0.348924 0.252392
vt 0.354195 0.252392
vt 0.348941 0.262533
vt 0.354212 0.262533
vt 0.348941 0.274723
vt 0.354212 0.274723
vt 0.348930 0.286598
vt 0.354200 0.286598
vt 0.348930 0.298787
vt 0.354200 0.298787
vt 0.380357 0.277034
vt 0.377396 0.291580
vt 0.380082 0.289627
vt 0.377767 0.274621
vt 0.385008 0.268518
vt 0.384031 0.263152
vt 0.391311 0.269068
vt 0.392518 0.263893
vt 0.395573 0.278361
vt 0.398258 0.276409
vt 0.395297 0.290955
vt 0.397887 0.293368
vt 0.390646 0.299471
vt 0.391624 0.304836
vt 0.384344 0.298921
vt 0.383136 0.304096
vt 0.387827 0.283994
vt 0.856756 0.396827
vt 0.852777 0.462648
vt 0.842004 0.470892
vt 0.830507 0.408303
vt 0.830314 0.472873
vt 0.831290 0.378530
vt 0.862796 0.365245
vt 0.888729 0.398570
vt 0.885710 0.462856
vt 0.869273 0.465831
vt 0.897855 0.368907
vt 0.922955 0.411226
vt 0.929773 0.387139
vt 0.960580 0.435311
vt 0.958889 0.503897
vt 0.942081 0.490568
vt 0.920474 0.473435
vt 0.986525 0.463003
vt 0.988533 0.485698
vt 0.977593 0.448903
vt 0.976338 0.512570
vt 0.853739 0.471045
vt 0.843581 0.478501
vt 0.884864 0.471210
vt 0.869977 0.473918
vt 0.902737 0.471413
vt 0.900233 0.479306
vt 0.955592 0.509998
vt 0.938819 0.497211
vt 0.990227 0.458569
vt 0.992667 0.487280
vt 0.974874 0.520167
vt 0.830891 0.369158
vt 0.867084 0.356213
vt 0.899879 0.361135
vt 0.932246 0.380752
vt 0.962945 0.429724
vt 0.790993 0.117480
vt 0.779385 0.103911
vt 0.806637 0.081363
vt 0.828842 0.107104
vt 0.802623 0.130469
vt 0.773086 0.086888
vt 0.766394 0.068178
vt 0.792643 0.052059
vt 0.763620 0.039793
vt 0.761467 0.017770
vt 0.785437 0.026567
vt 0.828434 0.046191
vt 0.828284 0.025094
vt 0.829053 0.140278
vt 0.815139 0.135416
vt 0.889277 0.316937
vt 0.860806 0.315627
vt 0.900290 0.264869
vt 0.872575 0.264887
vt 0.896370 0.196674
vt 0.870802 0.199187
vt 0.830891 0.325171
vt 0.830891 0.263780
vt 0.830488 0.201191
vt 0.870842 0.150286
vt 0.830488 0.162897
vt 0.896370 0.136644
vt 0.904674 0.142570
vt 0.896338 0.196630
vt 0.984187 0.505641
vt 0.985906 0.511975
vt 0.980802 0.444107
vt 0.909869 0.154181
vt 0.909869 0.173895
vt 0.904674 0.191843
vt 0.818834 0.470774
vt 0.807908 0.462414
vt 0.803943 0.396569
vt 0.797905 0.364969
vt 0.791337 0.465968
vt 0.775002 0.462555
vt 0.771997 0.398247
vt 0.762662 0.369152
vt 0.757741 0.471356
vt 0.740228 0.473083
vt 0.737759 0.410854
vt 0.730624 0.387634
vt 0.718117 0.490488
vt 0.700082 0.434905
vt 0.701767 0.503507
vt 0.674091 0.462580
vt 0.683041 0.448483
vt 0.672079 0.485277
vt 0.684289 0.512167
vt 0.816603 0.478114
vt 0.830016 0.479270
vt 0.806933 0.470818
vt 0.790431 0.474355
vt 0.775831 0.470919
vt 0.759745 0.479203
vt 0.743485 0.480392
vt 0.721459 0.497177
vt 0.705049 0.509622
vt 0.667930 0.486869
vt 0.670376 0.458155
vt 0.685740 0.519775
vt 0.794870 0.353933
vt 0.760838 0.360796
vt 0.728396 0.381163
vt 0.697701 0.429331
vt 0.850691 0.080736
vt 0.878218 0.102504
vt 0.867708 0.115312
vt 0.855346 0.129719
vt 0.864284 0.051040
vt 0.890720 0.066409
vt 0.884556 0.084510
vt 0.871125 0.025347
vt 0.892877 0.040641
vt 0.894950 0.015870
vt 0.843483 0.134785
vt 0.772505 0.316937
vt 0.800976 0.315627
vt 0.761492 0.264869
vt 0.789207 0.264887
vt 0.764317 0.195692
vt 0.790175 0.199187
vt 0.790135 0.150286
vt 0.764317 0.135662
vt 0.764349 0.195646
vt 0.755730 0.137614
vt 0.674696 0.511574
vt 0.676429 0.505229
vt 0.679816 0.443699
vt 0.754812 0.188101
vt 0.750178 0.171188
vt 0.750310 0.151999
vt 0.917201 0.480730
vt 0.938151 0.615906
vt 0.919166 0.613486
vt 0.923235 0.527786
vt 0.940507 0.544211
vt 0.953441 0.620097
vt 0.957433 0.554043
vt 0.971033 0.622543
vt 0.973509 0.556719
vt 0.993425 0.623225
vt 0.993425 0.557431
vt 0.938992 0.703777
vt 0.917483 0.698749
vt 0.957434 0.707378
vt 0.973432 0.709287
vt 0.993425 0.709816
vt 0.842505 0.595089
vt 0.853653 0.590939
vt 0.847150 0.683549
vt 0.831732 0.682015
vt 0.831732 0.589509
vt 0.864062 0.597632
vt 0.875647 0.594694
vt 0.867891 0.687615
vt 0.887055 0.604787
vt 0.897550 0.604506
vt 0.892524 0.693051
vt 0.907169 0.613486
vt 0.940860 0.806444
vt 0.915294 0.802790
vt 0.962268 0.808886
vt 0.993425 0.810363
vt 0.975882 0.810069
vt 0.844469 0.762447
vt 0.841263 0.792346
vt 0.838905 0.763256
vt 0.840082 0.725779
vt 0.831732 0.791531
vt 0.831732 0.764781
vt 0.889523 0.799281
vt 0.938417 0.876453
vt 0.914633 0.874196
vt 0.959206 0.877699
vt 0.974384 0.878100
vt 0.993425 0.878131
vt 0.888288 0.871231
vt 0.936662 0.945549
vt 0.914002 0.944801
vt 0.957329 0.945453
vt 0.974316 0.944944
vt 0.993425 0.944659
vt 0.849681 0.939983
vt 0.831732 0.939427
vt 0.831732 0.864994
vt 0.848304 0.865871
vt 0.866988 0.941428
vt 0.863734 0.868074
vt 0.889906 0.943283
vt 0.913812 0.961604
vt 0.935912 0.961884
vt 0.933745 0.979872
vt 0.914128 0.979586
vt 0.956396 0.961337
vt 0.952565 0.979684
vt 0.973910 0.960266
vt 0.971341 0.979301
vt 0.993425 0.959917
vt 0.993425 0.979104
vt 0.831732 0.954734
vt 0.850227 0.955419
vt 0.854141 0.977042
vt 0.831732 0.976726
vt 0.868109 0.957791
vt 0.873696 0.977854
vt 0.890527 0.959977
vt 0.893823 0.978827
vt 0.915660 0.987103
vt 0.941706 0.986905
vt 0.967824 0.987100
vt 0.993421 0.987173
vt 0.860367 0.987025
vt 0.831737 0.986936
vt 0.888473 0.987249
vt 0.845599 0.847248
vt 0.831732 0.846689
vt 0.851941 0.861043
vt 0.854264 0.732904
vt 0.866749 0.726374
vt 0.877668 0.736182
vt 0.885440 0.761243
vt 0.881590 0.846784
vt 0.842753 0.792727
vt 0.845573 0.765943
vt 0.847181 0.774369
vt 0.844672 0.793599
vt 0.847399 0.835739
vt 0.848258 0.823121
vt 0.863237 0.859553
vt 0.852542 0.854078
vt 0.852124 0.837835
vt 0.860730 0.841772
vt 0.854732 0.739696
vt 0.853922 0.755630
vt 0.866157 0.733653
vt 0.863173 0.751359
vt 0.875786 0.742296
vt 0.870829 0.757557
vt 0.882720 0.764748
vt 0.876243 0.773529
vt 0.885581 0.799108
vt 0.878762 0.798440
vt 0.879205 0.841436
vt 0.873240 0.828855
vt 0.850455 0.785283
vt 0.849395 0.794526
vt 0.851134 0.808693
vt 0.853773 0.815806
vt 0.858420 0.817696
vt 0.854756 0.776353
vt 0.859778 0.774303
vt 0.863700 0.777278
vt 0.866204 0.784943
vt 0.867069 0.796900
vt 0.864590 0.811496
vt 0.856124 0.795303
vt 0.916387 0.595130
vt 0.921916 0.523250
vt 0.842461 0.584922
vt 0.852343 0.580899
vt 0.863536 0.587596
vt 0.874981 0.584470
vt 0.886421 0.594055
vt 0.897957 0.593714
vt 0.907345 0.599523
vt 0.913896 0.595304
vt 0.942382 0.526605
vt 0.957807 0.531355
vt 0.974217 0.534136
vt 0.993425 0.534740
vt 0.561216 0.209123
vt 0.583343 0.184442
vt 0.585132 0.226515
vt 0.594915 0.210409
vt 0.604251 0.193931
vt 0.609741 0.173277
vt 0.589830 0.150539
vt 0.615013 0.152331
vt 0.590950 0.124668
vt 0.618632 0.120623
vt 0.617151 0.134168
vt 0.573822 0.232024
vt 0.561356 0.236904
vt 0.561080 0.181652
vt 0.560933 0.150936
vt 0.560822 0.126821
vt 0.617982 0.115549
vt 0.590916 0.108832
vt 0.616930 0.100316
vt 0.560785 0.110665
vt 0.590677 0.059277
vt 0.611642 0.058114
vt 0.560538 0.059716
vt 0.583581 0.011133
vt 0.601780 0.028158
vt 0.560283 0.007687
vt 0.740229 0.527786
vt 0.744182 0.609368
vt 0.725312 0.615906
vt 0.722957 0.544211
vt 0.710023 0.620097
vt 0.706031 0.554043
vt 0.692431 0.622543
vt 0.689955 0.556719
vt 0.670039 0.623225
vt 0.670039 0.557431
vt 0.745981 0.698749
vt 0.724472 0.703777
vt 0.706030 0.707378
vt 0.690032 0.709287
vt 0.670039 0.709816
vt 0.816313 0.683549
vt 0.809811 0.590939
vt 0.820712 0.595105
vt 0.795573 0.687615
vt 0.787817 0.594694
vt 0.798620 0.597764
vt 0.778058 0.604058
vt 0.770940 0.693051
vt 0.765914 0.604506
vt 0.756210 0.611608
vt 0.748170 0.802790
vt 0.722604 0.806444
vt 0.701196 0.808886
vt 0.687582 0.810069
vt 0.670039 0.810363
vt 0.825422 0.763615
vt 0.822309 0.792346
vt 0.831732 0.725985
vt 0.823208 0.726670
vt 0.773941 0.799281
vt 0.748830 0.874196
vt 0.725047 0.876453
vt 0.704258 0.877699
vt 0.689079 0.878100
vt 0.670039 0.878131
vt 0.775176 0.871231
vt 0.749462 0.944801
vt 0.726802 0.945549
vt 0.706135 0.945453
vt 0.689148 0.944944
vt 0.670039 0.944659
vt 0.813783 0.939983
vt 0.815160 0.865871
vt 0.796476 0.941428
vt 0.799730 0.868074
vt 0.773558 0.943283
vt 0.729719 0.979872
vt 0.727411 0.957765
vt 0.749489 0.957485
vt 0.749336 0.979586
vt 0.710900 0.979684
vt 0.706970 0.957219
vt 0.692123 0.979301
vt 0.689501 0.956147
vt 0.670039 0.979104
vt 0.670039 0.959917
vt 0.809323 0.977042
vt 0.813185 0.951301
vt 0.789768 0.977854
vt 0.795252 0.953672
vt 0.769641 0.978827
vt 0.772786 0.955859
vt 0.747803 0.987103
vt 0.721753 0.986905
vt 0.695632 0.988068
vt 0.670035 0.987173
vt 0.803104 0.987025
vt 0.774995 0.987249
vt 0.817614 0.847248
vt 0.811522 0.861043
vt 0.809200 0.732904
vt 0.796715 0.726374
vt 0.819109 0.762447
vt 0.778024 0.761243
vt 0.785796 0.736182
vt 0.781874 0.846784
vt 0.816283 0.774369
vt 0.817891 0.765943
vt 0.820711 0.792727
vt 0.818791 0.793599
vt 0.816065 0.835739
vt 0.815205 0.823121
vt 0.811339 0.837835
vt 0.810922 0.854078
vt 0.800227 0.859553
vt 0.802734 0.841772
vt 0.809542 0.755630
vt 0.808733 0.739696
vt 0.800291 0.751359
vt 0.797307 0.733653
vt 0.792635 0.757557
vt 0.787678 0.742296
vt 0.787221 0.773529
vt 0.780744 0.764748
vt 0.784702 0.798440
vt 0.777210 0.799264
vt 0.784260 0.841436
vt 0.790224 0.828855
vt 0.813008 0.785283
vt 0.814069 0.794526
vt 0.812330 0.808693
vt 0.809691 0.815806
vt 0.805044 0.817696
vt 0.808708 0.776353
vt 0.803686 0.774303
vt 0.799764 0.777278
vt 0.797260 0.784943
vt 0.796395 0.796900
vt 0.798874 0.811496
vt 0.807340 0.795303
vt 0.746958 0.591011
vt 0.741548 0.523250
vt 0.821818 0.584853
vt 0.811121 0.580899
vt 0.831732 0.579118
vt 0.800043 0.587578
vt 0.788482 0.584470
vt 0.778351 0.593536
vt 0.765507 0.593714
vt 0.756462 0.599489
vt 0.749568 0.595304
vt 0.721082 0.526605
vt 0.705657 0.531355
vt 0.689247 0.534136
vt 0.670039 0.534740
vt 0.537482 0.227278
vt 0.538850 0.185154
vt 0.527636 0.211649
vt 0.518050 0.195311
vt 0.512979 0.177153
vt 0.506881 0.154064
vt 0.532037 0.151465
vt 0.504647 0.136649
vt 0.502957 0.122477
vt 0.530674 0.125155
vt 0.549773 0.232801
vt 0.530640 0.109798
vt 0.503559 0.116903
vt 0.504545 0.102117
vt 0.530400 0.060243
vt 0.509425 0.059751
vt 0.537024 0.011879
vt 0.518994 0.029484
vt 0.960981 0.097282
vt 0.950770 0.085210
vt 0.962816 0.064330
vt 0.944931 0.064448
vt 0.960051 0.048884
vt 0.945027 0.040562
vt 0.951033 0.019946
vt 0.961341 0.008130
vt 0.966364 0.038466
vt 0.973187 0.008279
vt 0.983398 0.020350
vt 0.973896 0.049331
vt 0.989238 0.041112
vt 0.989142 0.064998
vt 0.983134 0.085614
vt 0.969702 0.064416
vt 0.972828 0.097428
vt 0.974224 0.351434
vt 0.974360 0.280352
vt 0.982204 0.281033
vt 0.982227 0.351520
vt 0.965590 0.351380
vt 0.965656 0.281110
vt 0.951205 0.351405
vt 0.958358 0.282502
vt 0.951205 0.282872
vt 0.942269 0.351425
vt 0.942170 0.282375
vt 0.989111 0.281878
vt 0.989023 0.351160
vt 0.982162 0.145198
vt 0.974617 0.145950
vt 0.974573 0.127082
vt 0.981962 0.127025
vt 0.965786 0.145697
vt 0.965890 0.127145
vt 0.958396 0.146046
vt 0.958771 0.127141
vt 0.951205 0.145933
vt 0.951205 0.127078
vt 0.941975 0.145665
vt 0.941972 0.127141
vt 0.989285 0.144712
vt 0.989301 0.126996
vt 0.961584 0.058493
vt 0.961972 0.046279
vt 0.966854 0.053909
vt 0.967186 0.041632
vt 0.971823 0.046740
vt 0.971812 0.059009
vt 0.966767 0.064101
vt 0.638346 0.552882
vt 0.638188 0.625949
vt 0.652311 0.627054
vt 0.652377 0.552639
vt 0.665924 0.626509
vt 0.665890 0.552784
vt 0.638162 0.695397
vt 0.652290 0.695182
vt 0.666197 0.695836
vt 0.638248 0.530693
vt 0.652460 0.529954
vt 0.625040 0.626359
vt 0.625112 0.552633
vt 0.625102 0.715456
vt 0.638291 0.715082
vt 0.625111 0.695301
vt 0.616157 0.627083
vt 0.616209 0.695153
vt 0.616228 0.552782
vt 0.665955 0.626803
vt 0.652248 0.626887
vt 0.652244 0.552822
vt 0.665951 0.552814
vt 0.625052 0.626875
vt 0.616033 0.626800
vt 0.616113 0.552754
vt 0.625096 0.552766
vt 0.665938 0.695459
vt 0.652146 0.695372
vt 0.625087 0.695313
vt 0.616063 0.695275
vt 0.652321 0.530262
vt 0.638276 0.552832
vt 0.638287 0.530406
vt 0.638255 0.627025
vt 0.638238 0.714993
vt 0.625077 0.715089
vt 0.638238 0.695391
vt 0.974510 0.201749
vt 0.982180 0.202163
vt 0.965731 0.202485
vt 0.958380 0.204068
vt 0.951205 0.204429
vt 0.942058 0.203795
vt 0.989211 0.203036
vt 0.695786 0.213535
vt 0.698488 0.184912
vt 0.707059 0.185040
vt 0.707054 0.213535
vt 0.698488 0.159257
vt 0.707055 0.159447
vt 0.698488 0.129731
vt 0.707052 0.130063
vt 0.698478 0.103610
vt 0.707054 0.103610
vt 0.698503 0.071965
vt 0.707052 0.071965
vt 0.698511 0.044419
vt 0.707054 0.044115
vt 0.698493 0.018280
vt 0.707056 0.018059
vt 0.698476 0.240452
vt 0.707055 0.240029
vt 0.713895 0.060477
vt 0.714016 0.031598
vt 0.721972 0.038870
vt 0.721909 0.053992
vt 0.724241 0.011406
vt 0.727327 0.028295
vt 0.738579 0.011729
vt 0.734836 0.028463
vt 0.748631 0.032374
vt 0.740101 0.039275
vt 0.748510 0.061251
vt 0.740037 0.054398
vt 0.738285 0.081443
vt 0.734682 0.064974
vt 0.723948 0.081122
vt 0.727173 0.064805
vt 0.692714 0.158835
vt 0.692714 0.130078
vt 0.674207 0.130075
vt 0.674215 0.158835
vt 0.692710 0.102904
vt 0.674197 0.102932
vt 0.692705 0.071650
vt 0.674195 0.071684
vt 0.692703 0.044298
vt 0.674178 0.044298
vt 0.692706 0.018136
vt 0.674186 0.018119
vt 0.692738 0.240571
vt 0.692735 0.213682
vt 0.674225 0.213819
vt 0.674231 0.240624
vt 0.692726 0.185372
vt 0.674219 0.185401
vt 0.669825 0.129970
vt 0.669872 0.158834
vt 0.669819 0.102969
vt 0.669787 0.071634
vt 0.669765 0.044299
vt 0.669787 0.018161
vt 0.669909 0.213786
vt 0.669926 0.240402
vt 0.669859 0.185334
vt 0.657265 0.305148
vt 0.676433 0.267294
vt 0.689598 0.332943
vt 0.657037 0.359285
vt 0.703313 0.267896
vt 0.722158 0.306602
vt 0.675883 0.397991
vt 0.702762 0.398593
vt 0.721930 0.360738
vt 0.585121 0.439444
vt 0.593659 0.439444
vt 0.593659 0.455826
vt 0.593659 0.467819
vt 0.593659 0.488530
vt 0.589180 0.398325
vt 0.592405 0.409630
vt 0.593659 0.423062
vt 0.605600 0.439444
vt 0.605600 0.467819
vt 0.605600 0.488591
vt 0.605600 0.507494
vt 0.595966 0.380477
vt 0.604525 0.367327
vt 0.605600 0.390297
vt 0.605600 0.411069
vt 0.621913 0.439444
vt 0.621913 0.472209
vt 0.621913 0.496194
vt 0.621913 0.516273
vt 0.612777 0.361999
vt 0.621913 0.359267
vt 0.621913 0.382693
vt 0.621913 0.406679
vt 0.638225 0.439444
vt 0.638225 0.467819
vt 0.638225 0.488591
vt 0.638226 0.507493
vt 0.630626 0.362228
vt 0.638763 0.368407
vt 0.638225 0.390297
vt 0.638225 0.411069
vt 0.650167 0.439444
vt 0.650167 0.455826
vt 0.650167 0.467819
vt 0.650167 0.488529
vt 0.648770 0.383066
vt 0.654824 0.401203
vt 0.651600 0.411788
vt 0.650167 0.423061
vt 0.658080 0.439444
vt 0.651294 0.285181
vt 0.646679 0.316524
vt 0.617753 0.347556
vt 0.647045 0.253507
vt 0.634460 0.339490
vt 0.634880 0.230258
vt 0.642397 0.240472
vt 0.618199 0.221615
vt 0.627229 0.223510
vt 0.601489 0.229915
vt 0.609524 0.223399
vt 0.601068 0.339147
vt 0.588904 0.315898
vt 0.589270 0.252881
vt 0.593572 0.240465
vt 0.584655 0.284224
vt 0.558300 0.879378
vt 0.558300 0.906204
vt 0.552356 0.903547
vt 0.547590 0.896103
vt 0.544944 0.885347
vt 0.544944 0.873408
vt 0.547590 0.862651
vt 0.552356 0.855208
vt 0.558300 0.852551
vt 0.564244 0.855208
vt 0.569011 0.862651
vt 0.571656 0.873408
vt 0.571656 0.885347
vt 0.569011 0.896103
vt 0.564244 0.903547
vt 0.547590 0.922930
vt 0.558300 0.927716
vt 0.539000 0.909516
vt 0.534234 0.890134
vt 0.534234 0.868621
vt 0.539000 0.849239
vt 0.547590 0.835826
vt 0.558300 0.831038
vt 0.569011 0.835826
vt 0.577600 0.849239
vt 0.582367 0.868621
vt 0.582367 0.890134
vt 0.577600 0.909516
vt 0.569011 0.922930
vt 0.544944 0.933686
vt 0.558300 0.939655
vt 0.534234 0.916961
vt 0.528290 0.892791
vt 0.528290 0.865965
vt 0.534234 0.841795
vt 0.544944 0.825069
vt 0.558300 0.819099
vt 0.571656 0.825069
vt 0.582367 0.841795
vt 0.588311 0.865965
vt 0.588311 0.892791
vt 0.581493 0.918329
vt 0.571656 0.933686
vt 0.542575 0.945923
vt 0.559012 0.951804
vt 0.528503 0.926504
vt 0.521476 0.896218
vt 0.522062 0.862279
vt 0.528373 0.834170
vt 0.542728 0.810646
vt 0.557993 0.806530
vt 0.572966 0.812411
vt 0.585979 0.832640
vt 0.593007 0.862926
vt 0.592714 0.896277
vt 0.585687 0.923623
vt 0.573691 0.945335
vt 0.539779 0.958209
vt 0.557929 0.963522
vt 0.523318 0.933634
vt 0.515502 0.897136
vt 0.515171 0.857410
vt 0.523388 0.824019
vt 0.537151 0.800978
vt 0.557999 0.794131
vt 0.576150 0.802101
vt 0.590226 0.824770
vt 0.599156 0.860865
vt 0.597834 0.896606
vt 0.590890 0.929261
vt 0.575088 0.957545
vt 0.532748 0.977119
vt 0.556213 0.987876
vt 0.513930 0.946979
vt 0.503488 0.903423
vt 0.503487 0.855081
vt 0.513931 0.811525
vt 0.532748 0.781384
vt 0.556212 0.770626
vt 0.579677 0.781384
vt 0.598496 0.811525
vt 0.608938 0.855081
vt 0.608938 0.903423
vt 0.598495 0.946979
vt 0.579678 0.977120
vt 0.504351 0.443045
vt 0.512889 0.443045
vt 0.512889 0.459428
vt 0.512889 0.471421
vt 0.512889 0.492131
vt 0.508411 0.401926
vt 0.511635 0.413231
vt 0.512889 0.426663
vt 0.524831 0.443045
vt 0.524831 0.471421
vt 0.524831 0.492193
vt 0.524830 0.511095
vt 0.515197 0.384079
vt 0.523756 0.370928
vt 0.524831 0.393898
vt 0.524831 0.414670
vt 0.541143 0.443045
vt 0.541143 0.475810
vt 0.541143 0.499796
vt 0.541143 0.519874
vt 0.532007 0.365601
vt 0.541143 0.362869
vt 0.541143 0.386295
vt 0.541143 0.410281
vt 0.557456 0.443045
vt 0.557456 0.471421
vt 0.557456 0.492192
vt 0.557456 0.511095
vt 0.549857 0.365830
vt 0.557993 0.372008
vt 0.557456 0.393898
vt 0.557456 0.414670
vt 0.569398 0.443045
vt 0.569398 0.459428
vt 0.569397 0.471421
vt 0.568000 0.386667
vt 0.574055 0.404804
vt 0.570830 0.415390
vt 0.569397 0.426663
vt 0.577310 0.443045
vt 0.651134 0.285550
vt 0.646519 0.316893
vt 0.617593 0.347925
vt 0.646885 0.253876
vt 0.634300 0.339859
vt 0.634721 0.230627
vt 0.642237 0.240841
vt 0.618039 0.221984
vt 0.627069 0.223879
vt 0.601329 0.230284
vt 0.609365 0.223768
vt 0.600909 0.339516
vt 0.588744 0.316267
vt 0.589110 0.253251
vt 0.593413 0.240834
vt 0.584495 0.284593
vt 0.585653 0.439240
vt 0.594191 0.455623
vt 0.594191 0.439240
vt 0.594191 0.467616
vt 0.594191 0.488326
vt 0.592937 0.409426
vt 0.589713 0.398121
vt 0.594191 0.422858
vt 0.606133 0.467616
vt 0.606133 0.439240
vt 0.606133 0.488388
vt 0.606133 0.507290
vt 0.596499 0.380274
vt 0.606133 0.390093
vt 0.605058 0.367123
vt 0.606133 0.410865
vt 0.622445 0.472005
vt 0.622446 0.439240
vt 0.622446 0.495991
vt 0.622446 0.516069
vt 0.613310 0.361796
vt 0.622445 0.382490
vt 0.622445 0.359063
vt 0.622445 0.406475
vt 0.638758 0.467616
vt 0.638758 0.439240
vt 0.638758 0.488388
vt 0.638758 0.507290
vt 0.631159 0.362024
vt 0.638758 0.390093
vt 0.639295 0.368203
vt 0.638758 0.410865
vt 0.650700 0.439240
vt 0.650700 0.455622
vt 0.650700 0.467616
vt 0.650700 0.488326
vt 0.649303 0.382862
vt 0.652133 0.411584
vt 0.655357 0.400999
vt 0.650700 0.422858
vt 0.658613 0.439240
vt 0.651339 0.284980
vt 0.617798 0.347355
vt 0.646724 0.316323
vt 0.647090 0.253306
vt 0.634505 0.339290
vt 0.634925 0.230057
vt 0.642442 0.240272
vt 0.618244 0.221414
vt 0.627274 0.223309
vt 0.601534 0.229714
vt 0.609569 0.223199
vt 0.601114 0.338947
vt 0.588949 0.315698
vt 0.589315 0.252681
vt 0.593618 0.240264
vt 0.584700 0.284023
vt 0.560228 0.643105
vt 0.554284 0.667274
vt 0.560228 0.669930
vt 0.549517 0.659830
vt 0.546872 0.649074
vt 0.546872 0.637135
vt 0.549518 0.626379
vt 0.554284 0.618934
vt 0.560228 0.616278
vt 0.566172 0.618934
vt 0.570939 0.626379
vt 0.573584 0.637135
vt 0.573584 0.649074
vt 0.570939 0.659830
vt 0.566172 0.667274
vt 0.549518 0.686656
vt 0.560228 0.691443
vt 0.540928 0.673243
vt 0.536162 0.653861
vt 0.536162 0.632348
vt 0.540928 0.612965
vt 0.549517 0.599553
vt 0.560228 0.594765
vt 0.570939 0.599553
vt 0.579528 0.612965
vt 0.584295 0.632348
vt 0.584295 0.653860
vt 0.579528 0.673243
vt 0.570939 0.686656
vt 0.546872 0.697413
vt 0.560228 0.703382
vt 0.536162 0.680687
vt 0.530218 0.656518
vt 0.530218 0.629692
vt 0.536162 0.605522
vt 0.546872 0.588796
vt 0.560228 0.582826
vt 0.573584 0.588796
vt 0.584294 0.605522
vt 0.590239 0.629692
vt 0.590239 0.656518
vt 0.583421 0.682057
vt 0.573584 0.697413
vt 0.544503 0.709649
vt 0.560940 0.715531
vt 0.530431 0.690231
vt 0.523404 0.659945
vt 0.523990 0.626006
vt 0.530300 0.597897
vt 0.544656 0.574373
vt 0.559921 0.570257
vt 0.574894 0.576138
vt 0.587907 0.596366
vt 0.594934 0.626653
vt 0.594642 0.660004
vt 0.587614 0.687350
vt 0.575619 0.709062
vt 0.541707 0.721936
vt 0.559857 0.727249
vt 0.525245 0.697361
vt 0.517430 0.660863
vt 0.517099 0.621137
vt 0.525316 0.587746
vt 0.539079 0.564705
vt 0.559927 0.557857
vt 0.578078 0.565828
vt 0.592154 0.588497
vt 0.601084 0.624592
vt 0.599762 0.660333
vt 0.592817 0.692988
vt 0.577016 0.721272
vt 0.534676 0.740846
vt 0.558141 0.751603
vt 0.515858 0.710706
vt 0.505416 0.667150
vt 0.505415 0.618807
vt 0.515859 0.575252
vt 0.534676 0.545110
vt 0.558140 0.534353
vt 0.581605 0.545110
vt 0.600424 0.575252
vt 0.610866 0.618807
vt 0.610866 0.667149
vt 0.600423 0.710706
vt 0.581606 0.740847
vt 0.504397 0.442842
vt 0.512935 0.459224
vt 0.512935 0.442842
vt 0.512935 0.471217
vt 0.512935 0.491927
vt 0.511681 0.413027
vt 0.508457 0.401722
vt 0.512935 0.426459
vt 0.524876 0.471217
vt 0.524876 0.442842
vt 0.524877 0.491989
vt 0.524876 0.510891
vt 0.515242 0.383875
vt 0.524876 0.393694
vt 0.523801 0.370725
vt 0.524876 0.414467
vt 0.541189 0.475606
vt 0.541189 0.442842
vt 0.541189 0.499592
vt 0.541189 0.519670
vt 0.532053 0.365397
vt 0.541189 0.386091
vt 0.541189 0.362665
vt 0.541189 0.410077
vt 0.557502 0.471217
vt 0.557501 0.442842
vt 0.557502 0.491989
vt 0.557502 0.510891
vt 0.549902 0.365626
vt 0.557502 0.393694
vt 0.558039 0.371804
vt 0.557502 0.414467
vt 0.569443 0.442842
vt 0.569443 0.459224
vt 0.569443 0.471217
vt 0.569443 0.491927
vt 0.568046 0.386463
vt 0.570876 0.415186
vt 0.574101 0.404601
vt 0.569443 0.426459
vt 0.577356 0.442842
vt 0.651019 0.285350
vt 0.617478 0.347724
vt 0.646404 0.316692
vt 0.646770 0.253675
vt 0.634185 0.339659
vt 0.634606 0.230426
vt 0.642122 0.240641
vt 0.617925 0.221784
vt 0.626955 0.223678
vt 0.601215 0.230083
vt 0.609250 0.223567
vt 0.600794 0.339316
vt 0.588630 0.316067
vt 0.588995 0.253050
vt 0.593298 0.240633
vt 0.584380 0.284392
vt 0.695786 0.213535
vt 0.707059 0.185040
vt 0.698488 0.184912
vt 0.707054 0.213535
vt 0.707055 0.159447
vt 0.698488 0.159257
vt 0.707052 0.130063
vt 0.698488 0.129731
vt 0.707054 0.103610
vt 0.698478 0.103610
vt 0.707052 0.071965
vt 0.698503 0.071965
vt 0.707054 0.044115
vt 0.698511 0.044419
vt 0.707056 0.018059
vt 0.698493 0.018280
vt 0.698476 0.240452
vt 0.707055 0.240029
vt 0.713895 0.060477
vt 0.721972 0.038870
vt 0.714016 0.031598
vt 0.721909 0.053992
vt 0.727327 0.028295
vt 0.724241 0.011406
vt 0.734836 0.028463
vt 0.738579 0.011729
vt 0.740101 0.039275
vt 0.748631 0.032374
vt 0.740037 0.054398
vt 0.748510 0.061251
vt 0.734682 0.064974
vt 0.738285 0.081443
vt 0.727173 0.064805
vt 0.723948 0.081122
vt 0.692714 0.158835
vt 0.674207 0.130075
vt 0.692714 0.130078
vt 0.674215 0.158835
vt 0.674197 0.102932
vt 0.692710 0.102904
vt 0.674195 0.071684
vt 0.692705 0.071650
vt 0.674178 0.044298
vt 0.692703 0.044298
vt 0.674186 0.018119
vt 0.692706 0.018136
vt 0.692738 0.240571
vt 0.674225 0.213819
vt 0.692735 0.213682
vt 0.674231 0.240624
vt 0.674219 0.185401
vt 0.692726 0.185372
vt 0.669825 0.129970
vt 0.669872 0.158834
vt 0.669819 0.102969
vt 0.669787 0.071634
vt 0.669765 0.044299
vt 0.669787 0.018161
vt 0.669909 0.213786
vt 0.669926 0.240402
vt 0.669859 0.185334
vt 0.657265 0.305148
vt 0.689598 0.332943
vt 0.676433 0.267294
vt 0.657037 0.359285
vt 0.703313 0.267896
vt 0.722158 0.306602
vt 0.675883 0.397991
vt 0.702762 0.398593
vt 0.721930 0.360738
vn 0.0059 -0.1688 -0.9856
vn 0.0051 -0.1691 -0.9856
vn 0.0024 -0.1723 -0.9850
vn -0.0131 -0.1853 -0.9826
vn 0.0023 -0.1701 -0.9854
vn 0.0018 -0.1685 -0.9857
vn 0.0035 -0.1692 -0.9856
vn 0.0112 -0.1751 -0.9845
vn -0.0000 -0.1736 -0.9848
vn 0.0004 -0.1726 -0.9850
vn 0.0980 -0.3446 -0.9336
vn 0.0617 -0.3812 -0.9224
vn -0.0023 -0.1727 -0.9850
vn 1.0000 -0.0007 -0.0015
vn 0.9812 0.1899 -0.0342
vn 1.0000 0.0036 -0.0032
vn 0.9675 0.2371 -0.0877
vn -0.9238 -0.3787 0.0558
vn -0.7070 -0.6979 0.1145
vn -0.9239 -0.3786 0.0558
vn -0.7047 -0.6999 0.1162
vn 0.0027 -0.9851 0.1721
vn -0.0006 -0.9848 0.1738
vn 0.7082 -0.6954 0.1224
vn 0.7072 -0.6963 0.1228
vn -0.1213 -0.1463 -0.9818
vn 0.1935 0.2307 -0.9536
vn -0.0875 -0.1047 -0.9906
vn 0.1902 0.2828 -0.9401
vn 0.5348 0.7054 -0.4652
vn 0.4921 0.6636 -0.5634
vn 0.6274 0.7750 -0.0765
vn 0.6426 0.7649 -0.0433
vn 0.5829 0.6926 0.4249
vn 0.5545 0.6610 0.5055
vn 0.3244 0.3868 0.8632
vn 0.2932 0.3495 0.8899
vn -0.0501 -0.0600 0.9969
vn -0.0618 -0.0739 0.9953
vn -0.3833 -0.5296 0.7567
vn -0.3926 -0.4697 0.7907
vn -0.5621 -0.7580 0.3309
vn -0.7796 -0.6093 0.1449
vn -0.6928 -0.7030 -0.1607
vn -0.8484 -0.4881 -0.2050
vn -0.4762 -0.4255 -0.7696
vn -0.2961 -0.3529 -0.8876
vn 0.2986 -0.9247 0.2363
vn 0.0618 -0.9392 0.3379
vn 0.3232 -0.9168 0.2346
vn 0.6317 -0.7717 0.0740
vn 0.5210 -0.8470 0.1053
vn 0.6849 -0.7283 0.0215
vn 0.7614 -0.6480 0.0195
vn 0.7603 -0.6492 0.0230
vn 0.9678 0.1613 -0.1932
vn 0.9921 0.0818 -0.0946
vn 0.2196 -0.4664 -0.8569
vn 0.0546 -0.2768 -0.9594
vn 0.1544 -0.5763 -0.8025
vn 0.0748 -0.4844 -0.8717
vn -0.9882 -0.1523 0.0135
vn -0.9896 -0.1426 0.0182
vn 0.0324 -0.2259 -0.9736
vn -0.0044 0.1704 0.9854
vn -0.0011 0.1512 0.9885
vn -0.0011 0.1677 0.9858
vn -0.0006 0.1699 0.9855
vn -0.0181 0.1507 0.9884
vn -0.0022 0.1631 0.9866
vn 0.7523 -0.6584 0.0235
vn -0.0702 0.0912 0.9934
vn -0.0214 0.1468 0.9889
vn -0.0015 0.1699 0.9855
vn -0.0022 0.1778 0.9841
vn 0.0026 0.1563 0.9877
vn 0.9768 -0.2142 -0.0003
vn 0.9672 -0.1857 -0.1734
vn 0.9648 -0.2006 -0.1701
vn 0.9672 -0.0005 -0.2541
vn 0.9673 0.0031 -0.2536
vn 0.9653 0.1847 -0.1845
vn 0.9671 0.1803 -0.1796
vn 0.9774 0.2113 0.0002
vn 0.9804 0.1968 -0.0002
vn 0.9792 -0.2029 -0.0004
vn 0.9657 -0.1974 0.1685
vn 0.9682 -0.1821 0.1718
vn 0.9671 0.0019 0.2545
vn 0.9669 -0.0002 0.2551
vn 0.9652 0.1847 0.1852
vn 0.9669 0.1809 0.1797
vn 0.0712 -0.1455 -0.9868
vn 0.1064 0.7080 -0.6982
vn 0.1198 -0.0006 -0.9928
vn 0.1073 0.7032 -0.7029
vn 0.1107 0.9938 -0.0010
vn 0.1101 0.9939 0.0008
vn 0.1090 0.7074 0.6984
vn 0.1060 0.6995 0.7067
vn 0.1004 0.3871 0.9165
vn 0.0979 0.3862 0.9172
vn 0.0525 -0.9242 0.3783
vn 0.1156 -0.9933 -0.0018
vn 0.1069 -0.9201 0.3768
vn 0.0557 -0.9984 -0.0053
vn 0.1059 -0.7085 -0.6978
vn 0.0521 -0.7068 -0.7055
vn 0.9327 0.3028 0.1959
vn 0.5839 0.2865 0.7596
vn 0.7095 0.3011 0.6372
vn 0.9674 0.1341 0.2147
vn 0.9277 0.3139 0.2022
vn 0.7738 0.2201 0.5940
vn 0.9507 0.2663 -0.1591
vn 0.9142 0.3426 -0.2167
vn 0.9674 0.2398 -0.0812
vn 0.8517 0.4137 0.3217
vn 0.9807 0.1543 -0.1203
vn 0.3470 0.4360 -0.8304
vn 0.5613 0.2465 -0.7901
vn 0.3797 0.2523 -0.8901
vn 0.0126 0.2239 -0.9745
vn 0.0302 0.4320 -0.9014
vn 0.3510 0.4242 -0.8347
vn 0.0442 0.4262 -0.9036
vn 0.3880 0.2439 -0.8888
vn 0.0453 0.2384 -0.9701
vn 0.0325 0.2449 0.9690
vn 0.0224 0.3500 0.9365
vn 0.8508 0.3166 -0.4194
vn 0.7668 0.2581 -0.5877
vn 0.9437 0.3212 -0.0789
vn 0.9778 0.1634 0.1311
vn 0.9971 0.0293 0.0697
vn 0.1643 -0.7253 -0.6686
vn 0.0057 -0.6945 -0.7195
vn 0.0038 -0.7034 -0.7108
vn 0.0700 -0.7114 -0.6992
vn 0.3025 -0.4730 0.8275
vn 0.2055 -0.8847 0.4185
vn 0.2864 -0.8570 0.4284
vn 0.2859 -0.4387 0.8519
vn 0.0101 -0.3849 0.9229
vn 0.0073 -0.3909 0.9204
vn 0.0049 -1.0000 -0.0006
vn 0.0645 -0.9962 0.0577
vn 0.0012 -0.0078 -1.0000
vn -0.0158 0.7055 -0.7085
vn 0.0018 0.0017 -1.0000
vn -0.0173 0.7117 -0.7022
vn 0.0001 1.0000 -0.0043
vn 0.0007 1.0000 0.0052
vn 0.0070 0.7072 0.7070
vn 0.0066 0.7057 0.7085
vn 0.0133 -0.0000 0.9999
vn 0.0131 0.0016 0.9999
vn 0.0097 -0.7064 0.7077
vn 0.0092 -0.6532 0.7571
vn 0.0024 -0.3785 -0.9256
vn -0.0014 -0.3767 -0.9263
vn 0.0076 -0.9231 0.3845
vn 0.0344 0.9909 -0.1301
vn 0.0733 0.9819 -0.1744
vn 0.2292 0.9527 -0.1996
vn -0.0230 0.9473 -0.3195
vn 0.1055 -0.3782 0.9197
vn 0.1138 -0.3813 0.9174
vn 0.1119 -0.3806 0.9179
vn 0.1037 -0.3775 0.9202
vn 0.7735 0.2477 -0.5833
vn 0.1227 -0.7432 -0.6578
vn 0.0743 -0.9231 -0.3772
vn -0.0103 -0.9622 -0.2720
vn 0.0645 -0.9962 0.0578
vn -0.0000 -0.9255 0.3787
vn 0.0000 -1.0000 -0.0067
vn -0.0077 -0.7080 -0.7062
vn -0.0380 -0.3753 -0.9261
vn -0.0000 -0.3571 0.9341
vn -0.0361 -0.3793 0.9246
vn -0.9649 -0.2626 -0.0004
vn -0.9472 -0.2445 -0.2076
vn -0.9507 -0.2266 -0.2117
vn -0.9506 -0.0006 -0.3104
vn -0.9508 0.0038 -0.3098
vn -0.9479 0.2254 -0.2250
vn -0.9505 0.2202 -0.2191
vn -0.9656 0.2599 0.0002
vn -0.9702 0.2424 -0.0002
vn -0.9685 -0.2489 -0.0005
vn -0.9521 -0.2223 0.2098
vn -0.9485 -0.2407 0.2059
vn -0.9505 0.0023 0.3108
vn -0.9502 -0.0002 0.3115
vn -0.9477 0.2253 0.2258
vn -0.9503 0.2209 0.2193
vn -0.0793 -0.1460 -0.9861
vn -0.1327 -0.0003 -0.9912
vn -0.1176 0.7073 -0.6970
vn -0.1186 0.7021 -0.7021
vn -0.1226 0.9925 -0.0011
vn -0.1220 0.9925 0.0008
vn -0.1203 0.7068 0.6971
vn -0.1173 0.6983 0.7061
vn -0.1108 0.3866 0.9156
vn -0.1083 0.3857 0.9162
vn -0.0580 -0.9239 0.3782
vn -0.1183 -0.9189 0.3763
vn -0.1278 -0.9918 -0.0018
vn -0.0616 -0.9981 -0.0052
vn -0.1168 -0.7079 -0.6966
vn -0.0575 -0.7064 -0.7055
vn -0.9339 0.2996 0.1951
vn -0.7006 0.2995 0.6477
vn -0.5583 0.2847 0.7793
vn -0.9663 0.1307 0.2217
vn -0.9276 0.3141 0.2021
vn -0.7731 0.2473 0.5840
vn -0.9507 0.2663 -0.1591
vn -0.9176 0.3419 -0.2027
vn -0.8492 0.4191 0.3212
vn -0.9365 0.2278 0.2665
vn -0.9674 0.2401 -0.0811
vn -0.9807 0.1542 -0.1199
vn -0.2947 0.4382 -0.8492
vn -0.3365 0.2638 -0.9040
vn -0.5048 0.2633 -0.8221
vn -0.2783 0.4300 -0.8588
vn -0.3005 0.2499 -0.9204
vn -0.9676 0.2354 0.0909
vn -0.8723 0.3277 -0.3630
vn -0.8187 0.2872 -0.4973
vn -0.9456 0.3156 -0.0793
vn -0.9777 0.1580 0.1386
vn -0.9946 0.0402 0.0954
vn -0.1297 -0.7411 -0.6588
vn -0.0560 -0.7155 -0.6963
vn -0.2984 -0.4691 0.8312
vn -0.2989 -0.8511 0.4316
vn -0.2169 -0.8805 0.4214
vn -0.2817 -0.4377 0.8539
vn -0.0652 -0.9962 0.0570
vn -0.0050 -1.0000 -0.0005
vn -0.0011 -0.0076 -1.0000
vn -0.0016 0.0015 -1.0000
vn 0.0148 0.7056 -0.7085
vn 0.0164 0.7090 -0.7050
vn -0.0002 1.0000 -0.0042
vn -0.0006 1.0000 0.0016
vn -0.0070 0.7072 0.7070
vn -0.0066 0.7031 0.7110
vn -0.0127 -0.0001 0.9999
vn -0.0124 -0.0022 0.9999
vn -0.0092 -0.7064 0.7077
vn -0.0087 -0.6503 0.7596
vn -0.0025 -0.3786 -0.9256
vn 0.0013 -0.3767 -0.9263
vn -0.0072 -0.9231 0.3845
vn -0.1712 0.9593 -0.2244
vn -0.0713 0.9794 -0.1887
vn 0.0218 0.9473 -0.3195
vn -0.1168 -0.3778 0.9185
vn -0.1236 -0.3800 0.9167
vn -0.1258 -0.3807 0.9161
vn -0.1147 -0.3771 0.9191
vn -0.8749 0.1893 -0.4459
vn -0.0918 -0.7603 -0.6431
vn -0.0679 -0.9321 -0.3556
vn 0.0114 -0.9557 -0.2942
vn -0.0050 -1.0000 -0.0006
vn -0.0679 -0.9321 -0.3557
vn 0.0077 -0.7080 -0.7061
vn 0.0389 -0.3753 -0.9261
vn 0.0369 -0.3793 0.9245
vn -1.0000 0.0000 0.0000
vn -0.9763 -0.1528 -0.1533
vn -0.9640 -0.0218 -0.2649
vn -0.9665 -0.0088 -0.2566
vn -0.9665 0.1812 -0.1820
vn -0.9666 0.1835 -0.1790
vn -0.9646 0.2638 0.0002
vn -0.9664 0.2572 0.0005
vn -0.9769 0.1509 0.1512
vn -0.9800 0.1409 0.1406
vn -0.9787 -0.1447 -0.1454
vn -0.9675 -0.2529 -0.0074
vn -0.9650 -0.2615 -0.0206
vn -0.9664 -0.1805 0.1832
vn -0.9662 -0.1824 0.1821
vn -0.9644 -0.0004 0.2643
vn -0.9662 0.0008 0.2577
vn -0.0947 0.7033 -0.7045
vn -0.0946 0.7029 -0.7050
vn -0.1020 0.9948 0.0007
vn -0.1034 0.9946 0.0027
vn -0.1134 0.7043 0.7008
vn -0.1135 0.6999 0.7051
vn -0.1223 0.0065 0.9925
vn -0.1197 -0.0017 0.9928
vn -0.1075 -0.3760 0.9204
vn -0.1034 -0.3780 0.9200
vn -0.1085 -0.9168 -0.3844
vn -0.1092 -0.9168 -0.3841
vn -0.1151 -0.7003 -0.7045
vn -0.1128 -0.7002 -0.7050
vn -0.1011 -0.0029 -0.9949
vn -0.0984 -0.0028 -0.9951
vn -0.1095 -0.9177 0.3819
vn -0.1141 -0.9181 0.3797
vn -0.1155 -0.9182 0.3790
vn -0.1082 -0.9176 0.3825
vn 0.9750 -0.1570 -0.1575
vn 0.9646 -0.0090 -0.2635
vn 0.9620 -0.0224 -0.2720
vn 0.9646 0.1861 -0.1869
vn 0.9647 0.1885 -0.1839
vn 0.9626 0.2709 0.0002
vn 0.9645 0.2641 0.0006
vn 0.9756 0.1551 0.1554
vn 0.9788 0.1448 0.1445
vn 0.9775 -0.1487 -0.1494
vn 0.9630 -0.2685 -0.0211
vn 0.9657 -0.2597 -0.0076
vn 0.9645 -0.1854 0.1882
vn 0.9643 -0.1874 0.1871
vn 0.9625 -0.0004 0.2714
vn 0.9643 0.0009 0.2647
vn 0.0947 0.7033 -0.7045
vn 0.1019 0.9948 0.0007
vn 0.0946 0.7029 -0.7050
vn 0.1033 0.9946 0.0027
vn 0.1133 0.7043 0.7008
vn 0.1135 0.6999 0.7051
vn 0.1222 0.0065 0.9925
vn 0.1197 -0.0017 0.9928
vn 0.1075 -0.3760 0.9204
vn 0.1033 -0.3780 0.9200
vn 0.1085 -0.9168 -0.3844
vn 0.1150 -0.7003 -0.7045
vn 0.1092 -0.9168 -0.3841
vn 0.1127 -0.7002 -0.7050
vn 0.1011 -0.0029 -0.9949
vn 0.0983 -0.0028 -0.9952
vn 0.1094 -0.9177 0.3819
vn 0.1154 -0.9182 0.3790
vn 0.1141 -0.9181 0.3797
vn 0.1081 -0.9176 0.3825
vn -0.9998 -0.0161 0.0067
vn -1.0000 -0.0040 -0.0091
vn -1.0000 -0.0066 -0.0027
vn -0.9999 -0.0021 -0.0137
vn -0.9999 -0.0014 -0.0155
vn -1.0000 -0.0014 0.0008
vn 1.0000 -0.0010 0.0078
vn 1.0000 -0.0010 0.0017
vn 1.0000 -0.0010 0.0045
vn 0.9999 -0.0010 0.0139
vn 1.0000 0.0065 -0.0007
vn 1.0000 0.0041 0.0017
vn 1.0000 0.0088 -0.0030
vn 0.0000 0.9243 -0.3816
vn -0.9651 0.2255 0.1333
vn -0.5728 0.6159 0.5409
vn -0.5925 0.4891 0.6401
vn -0.9862 0.1646 0.0179
vn -0.9935 -0.0871 -0.0733
vn -0.9999 -0.0002 -0.0125
vn -0.4626 -0.0178 -0.8864
vn -0.9495 -0.0015 -0.3137
vn -0.9421 0.0058 -0.3354
vn -0.4755 0.0820 -0.8759
vn 0.0240 0.6749 0.7375
vn 0.0251 0.5205 0.8535
vn -0.8939 0.3146 0.3193
vn -0.5119 0.4948 0.7022
vn 0.0222 0.5864 0.8097
vn 0.0192 0.9980 -0.0607
vn -0.5760 0.8171 -0.0253
vn -0.3649 0.9303 -0.0356
vn 0.0237 0.9974 -0.0680
vn -0.6017 0.7791 -0.1761
vn -0.5871 0.7883 -0.1842
vn -0.6979 0.6843 -0.2116
vn -0.7048 0.7052 -0.0769
vn -0.7165 0.6933 -0.0775
vn -0.6995 0.7048 -0.1180
vn -0.3173 0.8179 -0.4800
vn -0.4105 0.8250 -0.3885
vn 0.0105 0.1205 -0.9927
vn 0.0119 -0.0379 -0.9992
vn 0.0085 0.7641 -0.6450
vn 0.0073 0.7623 -0.6472
vn -0.9821 -0.1644 -0.0918
vn -0.9991 0.0279 -0.0318
vn -0.9622 0.0438 -0.2688
vn -0.5197 0.2255 -0.8241
vn -0.5522 0.2792 0.7856
vn -0.9299 0.0908 0.3564
vn 0.0222 0.3350 0.9419
vn 0.0101 0.2629 -0.9648
vn -0.0000 -1.0000 0.0011
vn -0.0000 -1.0000 0.0000
vn -0.0264 -0.9397 -0.3410
vn 0.0014 -0.9843 -0.1763
vn -0.0086 -0.9916 -0.1291
vn 0.0035 -0.9460 -0.3243
vn 0.0013 -0.9968 0.0803
vn -0.0006 -0.8888 0.4583
vn 0.0065 -0.9671 0.2543
vn -0.0000 -0.9937 0.1123
vn -0.0006 -0.7426 0.6697
vn -0.7730 0.2991 0.5595
vn 0.0257 0.4834 0.8750
vn 0.0187 0.5223 0.8526
vn -0.6827 0.3601 0.6358
vn -0.9675 0.1889 0.1679
vn -0.9616 0.2324 0.1460
vn -0.8484 -0.0092 -0.5292
vn -0.9826 0.1762 0.0591
vn -0.9288 0.0372 -0.3687
vn 0.0129 0.2427 -0.9700
vn -0.5046 0.2699 -0.8201
vn -0.3154 0.1647 -0.9345
vn 0.0135 0.2533 -0.9673
vn 0.9681 0.2296 0.1002
vn 0.5735 0.4950 0.6527
vn 0.5645 0.6106 0.5554
vn 0.9866 0.1623 0.0156
vn 0.9855 -0.0946 -0.1410
vn 0.9940 -0.0016 -0.1095
vn 0.4732 -0.0198 -0.8808
vn 0.9421 0.0058 -0.3354
vn 0.9495 -0.0015 -0.3137
vn 0.4846 0.0810 -0.8710
vn 0.8723 0.3219 0.3682
vn 0.5316 0.4880 0.6922
vn 0.3792 0.9239 -0.0505
vn 0.5916 0.8058 -0.0256
vn 0.4129 0.8656 -0.2833
vn 0.4463 0.8550 -0.2641
vn 0.6979 0.6842 -0.2116
vn 0.7165 0.6933 -0.0775
vn 0.6772 0.7289 -0.1004
vn 0.6995 0.7048 -0.1180
vn 0.4142 0.8243 -0.3860
vn 0.3281 0.8187 -0.4713
vn 0.9751 -0.1662 -0.1467
vn 0.9994 0.0300 -0.0195
vn 0.9622 0.0438 -0.2688
vn 0.5272 0.2250 -0.8194
vn 0.5710 0.2756 0.7733
vn 0.9091 0.0982 0.4047
vn 0.0316 -0.9394 -0.3415
vn 0.0098 -0.9916 -0.1286
vn -0.0013 -0.9970 0.0773
vn -0.0079 -0.9651 0.2619
vn 0.7850 0.2943 0.5451
vn 0.7028 0.3513 0.6186
vn 0.9675 0.1889 0.1679
vn 0.9616 0.2324 0.1460
vn 0.8484 -0.0092 -0.5292
vn 0.9826 0.1762 0.0591
vn 0.9288 0.0372 -0.3687
vn 0.3300 0.1668 -0.9291
vn 0.5143 0.2702 -0.8139
vn 1.0000 -0.0000 0.0000
vn 0.9416 0.1738 0.2884
vn 0.9740 0.1798 0.1378
vn -0.9793 -0.1841 0.0842
vn -0.9991 -0.0322 0.0279
vn -0.9029 -0.4051 0.1435
vn -0.8020 -0.5608 0.2056
vn 0.8926 -0.4203 0.1635
vn 0.9758 -0.1943 0.1002
vn 0.7779 -0.5858 0.2275
vn 0.9987 -0.0344 0.0371
vn 0.1021 -0.2936 0.9505
vn -0.1125 -0.2935 0.9493
vn -0.0276 -0.8776 0.4787
vn 0.0198 -0.8797 0.4750
vn 0.0025 0.9063 -0.4226
vn 0.0000 0.9099 -0.4149
vn 0.0007 0.9089 -0.4170
vn 0.0033 0.9052 -0.4250
vn 0.5007 0.3628 -0.7859
vn 0.5132 0.1826 -0.8386
vn 0.5006 0.2026 -0.8417
vn 0.4627 0.3981 -0.7921
vn 0.3617 -0.7771 -0.5150
vn 0.2099 -0.2600 0.9425
vn -0.3533 -0.7660 -0.5371
vn -0.4708 0.2181 -0.8549
vn -0.4488 0.3413 -0.8259
vn -0.4734 0.3538 -0.8067
vn -0.4884 0.2286 -0.8421
vn -0.2291 -0.2627 0.9373
vn 0.0000 0.4688 -0.8833
vn 0.0000 -0.0565 -0.9984
vn 0.0000 -0.0508 -0.9987
vn -0.9707 0.2362 -0.0442
vn -0.9890 0.1395 -0.0488
vn 0.9885 0.1511 -0.0079
vn 0.9736 0.2284 -0.0051
vn 0.1084 0.4024 0.9090
vn -0.0964 0.3968 0.9128
vn 0.4575 -0.0032 -0.8892
vn 0.2308 0.3307 0.9151
vn -0.4312 0.0203 -0.9020
vn -0.2030 0.3544 0.9128
vn 0.0000 -0.4000 -0.9165
vn 0.0668 0.7149 0.6960
vn -0.0453 0.7208 0.6916
vn 0.8914 0.4516 -0.0388
vn 0.8541 0.5200 0.0042
vn -0.8834 0.4635 -0.0695
vn -0.8246 0.5656 -0.0095
vn -0.0019 -1.0000 -0.0083
vn 0.0000 -1.0000 -0.0049
vn -1.0000 -0.0010 0.0048
vn -0.7095 -0.0002 -0.7047
vn -0.7081 -0.0005 -0.7061
vn -0.9999 0.0001 0.0150
vn 0.0058 -0.0008 -1.0000
vn 0.0021 -0.0003 -1.0000
vn 0.7099 -0.0006 -0.7043
vn 0.7081 -0.0003 -0.7062
vn 0.9998 -0.0018 0.0182
vn 1.0000 -0.0005 0.0060
vn 0.6907 -0.0018 0.7232
vn 0.7011 -0.0000 0.7130
vn 0.0021 -0.0000 1.0000
vn 0.0010 -0.0002 1.0000
vn -0.6959 -0.0001 0.7181
vn -0.7030 -0.0013 0.7112
vn -0.0000 -0.9271 -0.3749
vn 0.0002 -1.0000 0.0030
vn 0.0013 -0.9271 -0.3748
vn 0.0000 -1.0000 0.0030
vn -0.0000 0.0027 -1.0000
vn 0.0007 -0.4292 -0.9032
vn -0.2067 0.0035 -0.9784
vn -0.1955 -0.6915 -0.6954
vn -0.0046 0.7076 -0.7066
vn -0.2188 0.6918 -0.6882
vn -0.0065 1.0000 0.0004
vn -0.2235 0.9747 -0.0002
vn 0.0000 -0.7079 0.7063
vn 0.0000 -0.7078 0.7064
vn 0.0000 0.0038 1.0000
vn 0.0000 0.0041 1.0000
vn 0.0013 0.3906 0.9206
vn -0.0000 0.3908 0.9205
vn -0.0018 0.8983 0.4394
vn -0.2188 0.6945 0.6854
vn -0.0002 -1.0000 0.0031
vn -0.0014 -0.9271 -0.3747
vn 0.1851 -0.6948 -0.6950
vn 0.1927 0.0054 -0.9812
vn 0.1999 0.6954 -0.6903
vn 0.2027 0.9792 0.0008
vn 0.0000 -0.7077 0.7065
vn 0.0000 0.0042 1.0000
vn -0.0013 0.3906 0.9206
vn 0.1984 0.6957 0.6904
vn 0.3866 -0.9222 -0.0010
vn 0.3764 -0.6609 -0.6492
vn 0.1897 -0.9818 -0.0019
vn 0.3932 -0.0093 -0.9194
vn 0.4143 0.6396 -0.6475
vn 0.4222 0.9065 0.0000
vn 0.9737 -0.1618 -0.1604
vn 0.9750 -0.2224 0.0008
vn 0.9754 -0.2206 0.0005
vn 0.9735 -0.1634 -0.1601
vn 0.9735 -0.0000 -0.2289
vn 0.9735 0.1615 -0.1621
vn 0.9738 0.1607 -0.1607
vn 0.9766 0.2150 0.0000
vn 0.9775 0.2111 -0.0000
vn 0.1910 -0.6941 0.6940
vn 0.3919 -0.6524 0.6487
vn 0.1937 0.0043 0.9810
vn 0.3979 0.0012 0.9174
vn 0.4083 0.6441 0.6468
vn 0.9732 -0.1623 0.1627
vn 0.9728 -0.1671 0.1602
vn 0.9743 0.0023 0.2253
vn 0.9741 -0.0022 0.2259
vn 0.9736 0.1612 0.1615
vn 0.9738 0.1607 0.1607
vn -0.3901 -0.9208 -0.0013
vn -0.3939 -0.6575 -0.6422
vn -0.1937 -0.9811 -0.0013
vn -0.4217 -0.0100 -0.9067
vn -0.4437 0.6294 -0.6380
vn -0.4519 0.8921 -0.0000
vn -0.2019 -0.6933 0.6918
vn -0.3992 -0.6544 0.6422
vn -0.2232 -0.0005 0.9748
vn -0.4218 -0.0100 0.9066
vn -0.4459 0.6280 0.6379
vn -1.0000 0.0000 -0.0003
vn -1.0000 0.0001 -0.0010
vn -1.0000 0.0006 -0.0015
vn -1.0000 -0.0012 0.0005
vn -1.0000 0.0012 0.0005
vn -1.0000 -0.0001 -0.0010
vn -1.0000 -0.0006 -0.0015
vn 0.0130 -0.8918 -0.4521
vn -0.0055 -1.0000 -0.0012
vn -0.0144 -0.7039 0.7101
vn -0.0331 0.0075 0.9994
vn 0.0006 0.3873 0.9220
vn -0.0199 -0.8990 -0.4375
vn -0.0002 -1.0000 -0.0021
vn -0.0000 -0.7076 0.7066
vn 0.0000 0.0036 1.0000
vn -0.0005 0.3872 0.9220
vn 0.9474 -0.2967 -0.1197
vn 0.9415 -0.3112 -0.1292
vn 0.1061 -0.8073 0.5805
vn 0.0498 -0.9003 0.4325
vn 0.0716 -0.7514 0.6560
vn 0.0384 -0.9003 0.4336
vn 0.9469 -0.2973 0.1225
vn 0.9464 -0.2987 0.1228
vn 0.9461 -0.2996 0.1230
vn 0.9472 -0.2965 0.1223
vn 0.9472 -0.1229 0.2961
vn 0.9464 -0.1242 0.2982
vn 0.9459 -0.1250 0.2994
vn 0.9476 -0.1222 0.2951
vn -0.0240 -0.5915 0.8059
vn 0.1137 -0.6504 0.7510
vn -0.0280 -0.5921 0.8054
vn 0.1341 -0.6758 0.7248
vn 0.9476 0.1244 0.2943
vn 0.9473 0.1245 0.2951
vn 0.9472 0.1246 0.2954
vn 0.9477 0.1243 0.2940
vn -0.1646 -0.8099 0.5630
vn -0.1981 -0.7659 0.6117
vn -0.9554 -0.2738 -0.1109
vn -0.9605 -0.2567 -0.1073
vn -0.9610 -0.2558 0.1056
vn -0.9608 -0.2563 0.1059
vn -0.9607 -0.2566 0.1061
vn -0.9611 -0.2554 0.1053
vn -0.9632 -0.1027 0.2484
vn -0.9624 -0.1033 0.2511
vn -0.9620 -0.1036 0.2525
vn -0.9636 -0.1024 0.2471
vn -0.0837 -0.6595 0.7471
vn -0.0610 -0.7004 0.7112
vn -0.9654 0.1017 0.2401
vn -0.9649 0.1027 0.2417
vn -0.9646 0.1033 0.2425
vn -0.9656 0.1012 0.2394
vn -1.0000 -0.0010 -0.0004
vn -0.7071 -0.0004 -0.7071
vn -0.7071 -0.0007 -0.7071
vn -1.0000 -0.0001 0.0027
vn 0.0006 -0.0008 -1.0000
vn 0.0000 -0.0004 -1.0000
vn 0.7076 -0.0006 -0.7067
vn 0.7071 -0.0004 -0.7071
vn 1.0000 -0.0020 0.0032
vn 1.0000 -0.0009 -0.0002
vn 0.7052 -0.0016 0.7090
vn 0.7069 -0.0002 0.7073
vn 0.0007 0.0002 1.0000
vn 0.0005 0.0001 1.0000
vn -0.7058 -0.0004 0.7084
vn -0.7070 -0.0013 0.7072
vn -0.9701 0.2426 0.0022
vn -0.4357 0.8306 -0.3468
vn -0.6820 0.2417 -0.6903
vn -0.6386 0.7688 -0.0334
vn 0.0240 0.8330 -0.5527
vn -0.0053 0.2538 -0.9672
vn 0.3669 0.8501 -0.3779
vn 0.6844 0.2407 -0.6882
vn 0.6100 0.7914 0.0399
vn 0.9690 0.2470 0.0051
vn 0.4133 0.8401 0.3513
vn 0.6803 0.2413 0.6920
vn -0.0237 0.8283 0.5598
vn -0.0055 0.2520 0.9677
vn -0.3831 0.8381 0.3884
vn -0.6825 0.2401 0.6903
vn -0.9383 -0.3445 0.0294
vn -0.6445 -0.4079 -0.6466
vn -0.0197 -0.4123 -0.9108
vn 0.6730 -0.4094 -0.6160
vn 0.9303 -0.3660 -0.0251
vn 0.6328 -0.4135 0.6547
vn 0.0191 -0.4008 0.9159
vn -0.6784 -0.3903 0.6225
vn 0.4979 -0.4556 -0.7379
vn 0.2151 0.0136 -0.9765
vn 0.3703 -0.1873 -0.9098
vn 0.5542 -0.6331 -0.5404
vn 0.0000 0.2105 -0.9776
vn 0.0003 0.1783 -0.9840
vn 0.3661 -0.3332 0.8689
vn 0.5490 -0.7627 0.3420
vn 0.5335 -0.8285 0.1703
vn 0.5325 -0.5084 0.6767
vn 0.0018 0.1013 0.9949
vn 0.0023 0.1721 0.9851
vn 0.5712 -0.8022 -0.1740
vn 0.5616 -0.8166 -0.1332
vn 0.6062 -0.4213 -0.6746
vn 0.3423 -0.3153 -0.8851
vn 0.3468 -0.3361 -0.8756
vn 0.5896 -0.4049 -0.6989
vn -0.0000 -0.3170 -0.9484
vn -0.0000 -0.3158 -0.9488
vn 0.5653 -0.2733 0.7783
vn 0.8629 -0.2702 0.4271
vn 0.8366 -0.2968 0.4604
vn 0.4815 -0.2736 0.8326
vn -0.0000 -0.3544 0.9351
vn -0.0000 -0.3635 0.9316
vn 0.9642 0.1626 0.2094
vn 0.9907 0.1363 -0.0039
vn 0.6514 -0.2467 -0.7175
vn 0.3154 -0.1108 -0.9425
vn 0.3976 -0.1758 -0.9006
vn 0.6790 -0.2722 -0.6819
vn -0.0000 0.0756 -0.9971
vn -0.0000 0.0185 -0.9998
vn 0.5312 -0.2205 0.8181
vn 0.8299 -0.3393 0.4430
vn 0.8304 -0.3000 0.4695
vn 0.6166 -0.2140 0.7576
vn 0.0000 -0.1212 0.9926
vn -0.0000 -0.0865 0.9962
vn 0.8064 -0.5401 -0.2409
vn 0.8255 -0.5367 -0.1747
vn 0.6108 0.2632 -0.7468
vn 0.2789 0.5158 -0.8101
vn 0.3055 0.5179 -0.7990
vn 0.7003 0.1957 -0.6865
vn 0.0000 0.4062 -0.9138
vn 0.0000 0.4525 -0.8918
vn 0.4263 -0.4616 0.7780
vn 0.6835 0.3546 0.6380
vn 0.6855 0.4891 0.5393
vn 0.4432 -0.5146 0.7340
vn 0.0000 -0.6140 0.7893
vn 0.0000 -0.6224 0.7827
vn 0.9660 0.2328 0.1129
vn 0.9775 0.1669 -0.1294
vn 0.0000 -0.2275 0.9738
vn -0.0000 -0.4326 0.9016
vn 0.2687 -0.3001 0.9153
vn 0.3171 -0.1346 0.9388
vn 0.5769 -0.0088 0.8168
vn 0.6111 0.0271 0.7911
vn 0.8723 0.2772 0.4028
vn 0.8700 0.2962 0.3942
vn 0.8613 0.4572 -0.2218
vn 0.8718 0.4415 -0.2123
vn 0.6015 0.4150 -0.6826
vn 0.6486 0.4083 -0.6424
vn 0.2697 0.2127 -0.9392
vn 0.3148 0.3405 -0.8860
vn -0.0000 0.0956 -0.9954
vn -0.0000 0.2588 -0.9659
vn -0.0000 -0.7535 0.6575
vn 0.1707 -0.7415 0.6489
vn 0.1697 -0.3463 -0.9226
vn -0.0000 -0.3459 -0.9383
vn 0.0000 -0.9835 0.1810
vn 0.0663 -0.9850 0.1595
vn 0.0645 -0.7570 -0.6503
vn -0.0000 -0.7468 -0.6651
vn -0.0984 0.7164 0.6908
vn -0.0000 0.7476 0.6641
vn 0.0000 0.7444 0.6678
vn -0.0645 0.7270 0.6836
vn -0.1470 0.8240 0.5472
vn -0.1576 0.7968 0.5833
vn -0.0489 0.9311 0.3614
vn -0.0083 0.9807 0.1953
vn 0.0322 0.9893 0.1421
vn -0.0886 0.9862 -0.1398
vn -0.0866 0.9806 -0.1758
vn -0.0741 0.9493 -0.3055
vn -0.0703 0.9480 -0.3104
vn 0.0000 0.9702 -0.2425
vn -0.0000 0.9718 -0.2358
vn 0.0055 -0.9654 -0.2606
vn -0.0000 -0.9656 -0.2601
vn 0.6489 -0.6254 0.4334
vn 0.7798 -0.5637 0.2723
vn 0.7552 -0.5679 0.3274
vn 0.6664 -0.6192 0.4153
vn 0.7735 -0.6298 -0.0703
vn 0.7860 -0.6166 -0.0451
vn 0.7847 -0.5416 -0.3016
vn 0.7652 -0.5747 -0.2903
vn 0.8545 -0.2207 -0.4701
vn 0.7896 -0.3384 -0.5118
vn 0.7144 -0.2502 -0.6534
vn 0.6886 -0.2891 -0.6650
vn 0.7855 -0.6007 0.1487
vn 0.8337 -0.5344 0.1392
vn 0.6965 -0.5452 -0.4666
vn 0.7281 -0.4932 -0.4761
vn 0.8707 -0.4916 0.0162
vn 0.8781 -0.4781 0.0188
vn 0.8584 -0.4317 -0.2771
vn 0.8781 -0.4031 -0.2578
vn 0.8727 -0.4709 -0.1290
vn 0.8727 -0.4707 -0.1298
vn 0.5862 -0.4178 -0.6941
vn 0.3891 -0.6935 -0.6064
vn 0.3903 -0.8262 -0.4061
vn 0.5628 -0.4195 -0.7122
vn 0.2221 -0.8698 -0.4405
vn 0.2495 -0.9155 -0.3155
vn 0.3319 -0.9393 -0.0869
vn 0.2549 -0.9558 -0.1463
vn 0.5716 -0.8165 0.0813
vn 0.4567 -0.8883 0.0487
vn 0.7757 -0.6291 -0.0494
vn 0.7449 -0.6669 0.0164
vn 0.7738 -0.0128 -0.6334
vn 0.8544 0.1570 -0.4953
vn 0.7996 -0.5241 0.2931
vn 0.8559 -0.3788 0.3521
vn 0.9121 0.3653 -0.1864
vn 0.8753 0.4692 -0.1169
vn 0.9189 0.0592 0.3900
vn 0.9731 0.1170 0.1983
vn 0.8193 0.5051 0.2715
vn 0.8578 0.4787 0.1871
vn 0.7664 -0.6424 0.0029
vn 0.7672 -0.6414 -0.0051
vn 0.7608 -0.6489 -0.0089
vn 0.7586 -0.6515 -0.0083
vn 0.7720 -0.6355 0.0140
vn 0.7695 -0.6387 0.0061
vn 0.7515 -0.6589 0.0324
vn 0.7619 -0.6475 0.0139
vn 0.7798 -0.6260 -0.0065
vn 0.7744 -0.6327 -0.0065
vn 0.7698 -0.6383 -0.0040
vn 0.3988 0.6005 -0.6931
vn 0.5078 0.1031 -0.8553
vn 0.0376 0.1515 -0.9877
vn 0.0249 0.6738 -0.7385
vn 0.5741 -0.2949 -0.7639
vn 0.0618 -0.2379 -0.9693
vn 0.5341 -0.6240 -0.5704
vn 0.1297 -0.4457 -0.8858
vn 0.8358 -0.4321 -0.3387
vn 0.2058 0.1709 0.9636
vn 0.6818 0.0541 0.7295
vn 0.4898 0.4165 0.7659
vn 0.0441 0.5353 0.8435
vn 0.4271 0.7198 0.5473
vn 0.0087 0.7890 0.6143
vn 0.3535 0.9137 0.2004
vn 0.0062 0.9751 0.2218
vn 0.3824 0.8907 -0.2459
vn 0.0146 0.9549 -0.2966
vn 0.0000 0.4919 -0.8707
vn 0.0094 0.8748 -0.4845
vn 0.0000 0.1552 -0.9879
vn -0.0000 -0.2342 -0.9722
vn -0.0000 -0.3873 -0.9220
vn 0.2308 -0.2786 0.9322
vn 0.2369 -0.5942 0.7687
vn 0.6787 -0.4272 0.5974
vn 0.9383 -0.1878 0.2905
vn 0.5947 -0.7302 0.3365
vn 0.0193 0.4795 0.8773
vn 0.9814 0.1743 -0.0806
vn 0.7142 0.3993 -0.5749
vn 0.8235 0.4043 -0.3979
vn 0.9786 0.1985 -0.0543
vn 0.3526 0.3192 -0.8796
vn 0.4108 0.3613 -0.8371
vn 0.0000 0.3395 -0.9406
vn 0.0000 0.3407 -0.9402
vn 0.7425 -0.2353 0.6271
vn 0.5067 -0.2219 0.8331
vn 0.4603 -0.2787 0.8429
vn 0.8861 -0.1314 0.4445
vn 0.8677 -0.0725 0.4917
vn 0.9775 -0.1658 0.1301
vn 0.4007 0.8763 0.2674
vn 0.3304 0.9387 0.0986
vn 0.3264 0.9411 0.0884
vn 0.3943 0.8821 0.2577
vn 0.1824 0.9829 -0.0239
vn 0.1798 0.9833 -0.0266
vn 0.0000 0.9979 -0.0645
vn 0.0000 0.9979 -0.0644
vn 0.1035 0.7322 0.6732
vn 0.2015 0.7379 0.6442
vn 0.1968 0.7408 0.6423
vn 0.1082 0.7319 0.6728
vn 0.3420 0.7382 0.5815
vn 0.4187 0.7633 0.4919
vn 0.4422 0.7580 0.4794
vn 0.3264 0.7386 0.5898
vn 0.2806 0.8662 0.4135
vn 0.2887 0.8651 0.4101
vn 0.2546 -0.2854 0.9240
vn 0.0000 -0.2985 0.9544
vn -0.0000 -0.3153 0.9490
vn 0.8358 -0.5456 -0.0616
vn 0.7840 -0.6171 -0.0670
vn 0.9592 -0.2813 0.0271
vn 0.0724 -0.9555 -0.2860
vn 0.1659 -0.9576 -0.2353
vn 0.1046 -0.9592 -0.2628
vn 0.0254 -0.9445 -0.3276
vn -0.0003 -0.9193 -0.3936
vn 0.0014 -0.9088 -0.4173
vn 0.1722 -0.9298 0.3252
vn 0.1523 -0.8828 0.4444
vn 0.1928 -0.9750 0.1107
vn 0.1433 -0.9861 0.0843
vn -0.0004 -0.7959 0.6055
vn 0.0037 -0.7574 0.6530
vn 0.0747 -0.8591 0.5063
vn 0.2360 -0.9644 -0.1195
vn 0.2169 -0.9686 -0.1216
vn -0.9310 0.2602 0.2560
vn -0.7341 0.2182 0.6430
vn -0.7693 0.2240 0.5983
vn -0.9409 0.2947 0.1667
vn -0.4006 0.1814 0.8981
vn -0.4209 0.1822 0.8886
vn -0.0000 0.1733 0.9849
vn -0.0000 0.1723 0.9850
vn -0.2691 0.4083 -0.8723
vn -0.4843 0.3844 -0.7859
vn -0.4722 0.4305 -0.7692
vn 0.0000 0.4369 -0.8995
vn -0.0000 0.4036 -0.9150
vn -0.7268 0.3711 -0.5780
vn -0.9001 0.2973 -0.3185
vn -0.8502 0.3775 -0.3670
vn -0.9486 0.3102 -0.0628
vn 0.0000 0.7243 0.6895
vn 0.0000 0.7230 0.6908
vn 0.7471 0.4387 -0.4994
vn 0.8882 0.0998 -0.4485
vn 0.9730 0.2283 -0.0338
vn 0.9435 0.3314 0.0056
vn 0.9858 0.1662 -0.0238
vn 0.8503 0.2861 0.4418
vn 0.7778 0.5065 0.3720
vn 0.6784 0.7139 0.1739
vn 0.7243 0.6683 -0.1693
vn 0.9721 0.2329 -0.0284
vn 0.8853 0.4634 -0.0385
vn 0.3479 0.9330 -0.0917
vn 0.4519 0.8459 0.2834
vn 0.5012 0.7546 -0.4235
vn 0.5016 0.4828 0.7178
vn 0.6790 0.2440 -0.6924
vn -0.0027 0.9392 0.3435
vn 0.0000 0.9397 0.3420
vn 0.0017 0.9387 0.3448
vn 0.0044 0.9364 0.3509
vn -0.0033 0.9386 0.3450
vn -0.0176 0.9411 0.3376
vn -0.1185 0.1038 0.9875
vn -0.1790 0.1106 0.9776
vn -0.0000 0.3677 0.9300
vn -0.0000 0.0935 0.9956
vn -0.2211 0.0563 0.9736
vn -0.0235 -0.1015 0.9946
vn 0.1522 -0.4291 0.8903
vn -0.0000 -0.0146 0.9999
vn -0.0000 -0.4670 0.8842
vn -0.3347 -0.3754 0.8643
vn -0.7727 -0.4192 0.4767
vn -0.7735 -0.3949 0.4957
vn -0.3295 -0.3183 0.8889
vn 0.0000 -0.1756 0.9845
vn 0.0000 -0.1471 0.9891
vn -0.8819 0.0342 0.4701
vn -0.8876 0.0320 0.4594
vn -0.4513 0.7451 0.4911
vn -0.5488 0.6724 0.4966
vn 0.0000 0.8931 0.4499
vn 0.0000 0.8994 0.4371
vn -0.4993 -0.1274 0.8570
vn -0.3315 -0.2675 0.9047
vn -0.0000 -0.2517 0.9678
vn -0.6286 0.0380 0.7768
vn -0.2788 0.4040 0.8712
vn 0.0000 0.4483 0.8939
vn -0.0015 0.0970 0.9953
vn -0.0005 0.0964 0.9953
vn 0.0000 0.0976 0.9952
vn 0.0000 0.0962 0.9954
vn -0.0025 0.0982 0.9952
vn -0.0031 0.0994 0.9950
vn -0.4190 0.5954 -0.6856
vn -0.0376 0.1515 -0.9877
vn -0.5341 0.1038 -0.8390
vn -0.0249 0.6738 -0.7385
vn -0.0618 -0.2379 -0.9693
vn -0.5747 -0.2932 -0.7640
vn -0.1297 -0.4457 -0.8858
vn -0.5341 -0.6240 -0.5704
vn -0.8358 -0.4321 -0.3387
vn -0.2058 0.1709 0.9636
vn -0.5123 0.4151 0.7518
vn -0.6818 0.0541 0.7295
vn -0.0441 0.5353 0.8435
vn -0.4541 0.7096 0.5388
vn -0.0087 0.7890 0.6143
vn -0.0062 0.9751 0.2218
vn -0.3818 0.9029 0.1973
vn -0.4121 0.8782 -0.2427
vn -0.0146 0.9549 -0.2966
vn -0.0094 0.8748 -0.4845
vn -0.2308 -0.2786 0.9322
vn -0.6787 -0.4272 0.5974
vn -0.2369 -0.5942 0.7687
vn -0.9383 -0.1878 0.2905
vn -0.5947 -0.7302 0.3365
vn -0.0193 0.4795 0.8773
vn -0.9814 0.1743 -0.0806
vn -0.8235 0.4043 -0.3979
vn -0.7142 0.3993 -0.5749
vn -0.9786 0.1985 -0.0543
vn -0.4108 0.3613 -0.8371
vn -0.3526 0.3192 -0.8796
vn -0.7426 -0.2353 0.6271
vn -0.4603 -0.2787 0.8429
vn -0.5067 -0.2219 0.8331
vn -0.8861 -0.1314 0.4445
vn -0.8677 -0.0725 0.4917
vn -0.9775 -0.1658 0.1301
vn -0.4007 0.8763 0.2674
vn -0.3264 0.9411 0.0884
vn -0.3305 0.9387 0.0986
vn -0.3943 0.8821 0.2577
vn -0.1798 0.9833 -0.0266
vn -0.1824 0.9829 -0.0239
vn -0.1035 0.7322 0.6732
vn -0.1968 0.7407 0.6423
vn -0.2015 0.7378 0.6442
vn -0.1082 0.7319 0.6728
vn -0.3420 0.7382 0.5815
vn -0.4422 0.7580 0.4794
vn -0.4188 0.7633 0.4919
vn -0.3264 0.7386 0.5898
vn -0.2806 0.8662 0.4135
vn -0.2887 0.8651 0.4101
vn -0.2546 -0.2854 0.9240
vn -0.8358 -0.5456 -0.0616
vn -0.7840 -0.6171 -0.0670
vn -0.9592 -0.2813 0.0271
vn -0.0726 -0.9558 -0.2848
vn -0.1033 -0.9596 -0.2618
vn -0.1645 -0.9583 -0.2337
vn -0.0250 -0.9443 -0.3280
vn -0.1701 -0.9311 0.3225
vn -0.1909 -0.9755 0.1094
vn -0.1492 -0.8832 0.4447
vn -0.1420 -0.9864 0.0828
vn -0.0759 -0.8588 0.5067
vn -0.2132 -0.9692 -0.1228
vn -0.2326 -0.9652 -0.1197
vn 0.9310 0.2602 0.2560
vn 0.7693 0.2240 0.5983
vn 0.7341 0.2182 0.6430
vn 0.9409 0.2947 0.1667
vn 0.4209 0.1822 0.8886
vn 0.4006 0.1814 0.8981
vn 0.2691 0.4083 -0.8723
vn 0.4723 0.4305 -0.7692
vn 0.4843 0.3844 -0.7859
vn 0.7268 0.3711 -0.5780
vn 0.8502 0.3775 -0.3670
vn 0.9001 0.2973 -0.3185
vn 0.9486 0.3102 -0.0628
vn -0.7807 0.4155 -0.4668
vn -0.9186 0.1001 -0.3823
vn -0.9706 0.2391 -0.0263
vn -0.9414 0.3372 0.0071
vn -0.9841 0.1731 -0.0395
vn -0.8830 0.2699 0.3840
vn -0.8179 0.4644 0.3396
vn -0.7264 0.6678 0.1622
vn -0.7720 0.6159 -0.1569
vn -0.9706 0.2384 -0.0321
vn -0.8832 0.4675 -0.0386
vn -0.3387 0.9364 -0.0916
vn -0.4391 0.8519 0.2855
vn -0.4863 0.7602 -0.4309
vn -0.4789 0.4905 0.7280
vn -0.6491 0.2520 -0.7178
vn 0.0027 0.9392 0.3435
vn -0.0017 0.9387 0.3448
vn -0.0044 0.9364 0.3509
vn 0.0033 0.9386 0.3450
vn 0.0176 0.9411 0.3376
vn 0.1185 0.1038 0.9875
vn 0.1790 0.1106 0.9776
vn 0.2212 0.0563 0.9736
vn 0.0235 -0.1015 0.9946
vn -0.1522 -0.4291 0.8903
vn 0.3347 -0.3754 0.8643
vn 0.7735 -0.3949 0.4957
vn 0.7727 -0.4192 0.4767
vn 0.3295 -0.3183 0.8889
vn 0.8876 0.0320 0.4594
vn 0.8819 0.0342 0.4702
vn 0.5488 0.6724 0.4966
vn 0.4513 0.7451 0.4911
vn 0.4992 -0.1274 0.8570
vn 0.3315 -0.2675 0.9048
vn 0.6286 0.0380 0.7768
vn 0.2788 0.4040 0.8712
vn 0.0015 0.0970 0.9953
vn 0.0005 0.0964 0.9953
vn 0.0025 0.0982 0.9952
vn 0.0031 0.0994 0.9950
vn -0.1995 0.4405 0.8753
vn 0.8081 -0.4313 0.4013
vn -0.8081 0.4313 -0.4013
vn 0.1723 -0.4783 -0.8611
vn 0.3516 0.8996 0.2589
vn 0.3516 0.8996 0.2590
vn 0.9948 0.0836 0.0580
vn 0.9958 0.0680 0.0615
vn -0.2478 0.7725 -0.5846
vn -0.2481 0.7726 -0.5844
vn -0.2468 0.7724 -0.5852
vn -0.2466 0.7724 -0.5853
vn 0.2986 -0.2873 -0.9101
vn 0.2985 -0.2873 -0.9101
vn -0.4872 -0.1064 0.8668
vn -0.4872 -0.1065 0.8668
vn 0.2989 -0.8837 0.3602
vn 0.3011 -0.8824 0.3617
vn 0.2930 -0.8873 0.3562
vn 0.2910 -0.8885 0.3547
vn -0.9477 -0.1668 -0.2722
vn -0.9473 -0.1530 -0.2816
vn 0.6859 -0.6371 -0.3516
vn 0.3811 -0.9199 -0.0924
vn -0.7043 -0.3474 -0.6190
vn -0.4301 -0.0522 -0.9013
vn 0.6830 0.3108 0.6610
vn -0.4239 0.8977 0.1201
vn -0.7097 0.5730 0.4100
vn 0.3558 0.0134 0.9345
vn 0.0825 0.3065 -0.9483
vn 0.8178 -0.0774 -0.5702
vn 0.8667 0.4987 -0.0132
vn 0.1032 0.9163 -0.3869
vn -0.0807 -0.9667 0.2430
vn -0.8203 -0.5592 -0.1198
vn -0.8762 -0.0345 0.4807
vn -0.0822 -0.4579 0.8852
vn 0.8883 -0.3146 -0.3346
vn 0.6006 -0.6861 -0.4105
vn -0.4126 -0.1537 -0.8978
vn -0.2802 0.2938 -0.9139
vn 0.3553 -0.1363 0.9247
vn -0.8103 0.4709 0.3488
vn -0.8957 0.2476 0.3693
vn 0.1952 -0.3275 0.9245
vn -0.0314 -0.6930 0.7202
vn -0.9352 -0.2240 0.2744
vn -0.6798 -0.4636 -0.5683
vn 0.2789 -0.9548 -0.1033
vn 0.1623 0.7491 -0.6423
vn 0.8964 0.3531 -0.2678
vn 0.5605 0.5267 0.6391
vn -0.2109 0.9417 0.2621
vn 0.5003 0.8630 -0.0698
vn 0.4938 0.8665 -0.0731
vn 0.4696 0.8824 -0.0308
vn 0.4919 0.8704 -0.0200
vn -0.5716 -0.7060 0.4181
vn -0.5893 -0.6965 0.4095
vn -0.5727 -0.6486 0.5014
vn -0.6040 -0.6323 0.4851
vn 0.0935 0.6821 0.7252
vn 0.0890 0.6792 0.7285
vn 0.0900 0.6798 0.7278
vn 0.0950 0.6831 0.7242
vn 0.8113 -0.4539 0.3685
vn -0.7806 0.3629 -0.5090
vn -0.2069 0.4299 0.8788
vn -0.2870 0.1754 0.9417
vn 0.0395 -0.6399 -0.7674
vn -0.3141 -0.7256 -0.6122
vn 0.4008 -0.6201 0.6744
vn 0.0638 -0.7935 0.6052
vn -0.9734 0.1997 -0.1120
vn -0.7608 0.3818 -0.5248
vn 0.0708 0.9730 -0.2196
vn 0.1900 0.9782 0.0834
vn -0.1342 -0.9517 -0.2763
vn -0.5406 -0.8329 0.1182
vn 0.9836 0.0566 -0.1712
vn 0.7925 -0.4592 0.4013
vn -0.3620 0.3251 -0.8737
vn -0.6145 0.4493 -0.6485
vn 0.5848 0.4662 -0.6638
vn 0.5901 0.4722 -0.6548
vn 0.5956 0.4433 -0.6698
vn 0.5703 0.4483 -0.6883
vn 0.9759 0.1020 0.1928
vn 0.5122 0.1895 0.8377
vn 0.4600 -0.6295 0.6262
vn 0.6354 -0.7483 0.1906
vn 0.9633 0.0959 -0.2508
vn 0.6500 -0.7309 -0.2081
vn 0.5231 0.2338 -0.8196
vn 0.4558 -0.4882 -0.7442
vn 0.5705 0.8046 0.1645
vn 0.2641 0.8465 0.4623
vn 0.5670 0.7921 -0.2258
vn 0.1841 0.7999 -0.5711
vn -0.3693 -0.5879 -0.7198
vn -0.1155 0.2754 -0.9544
vn -0.1379 0.8007 -0.5830
vn -0.4777 -0.6638 0.5755
vn -0.5789 0.1172 0.8069
vn -0.9931 -0.0540 0.1045
vn -0.8573 -0.5065 0.0920
vn -0.9862 -0.0622 -0.1535
vn -0.8456 -0.5110 -0.1547
vn -0.6993 0.1865 -0.6901
vn -0.8179 -0.3064 -0.4870
vn -0.5331 0.7258 0.4347
vn -0.6909 0.7143 0.1116
vn -0.6844 0.6990 -0.2074
vn -0.2609 -0.9592 0.1086
vn -0.3265 -0.9357 -0.1335
vn 0.0366 -0.9566 0.2890
vn 0.0305 -0.9565 0.2902
vn 0.0891 -0.9529 -0.2900
vn 0.0866 -0.9349 -0.3441
vn 0.0295 -0.9465 0.3213
vn 0.0082 -0.9548 0.2970
vn 0.0132 -0.9548 -0.2969
vn 0.0268 -0.9516 -0.3062
vn 0.4858 -0.8740 0.0060
vn 0.4778 -0.8784 0.0060
vn 0.0601 -0.9981 0.0159
vn 0.0666 -0.9978 -0.0075
vn 0.9999 0.0139 0.0000
vn 0.9998 0.0220 0.0020
vn -0.9988 -0.0497 0.0000
vn -0.0000 0.0000 -1.0000
vn 0.0000 -0.0000 1.0000
vn 0.9916 -0.1296 0.0000
vn -0.7591 -0.6510 0.0015
vn -0.7154 -0.6986 0.0155
vn -0.7269 -0.6867 0.0119
vn -0.7636 -0.6457 0.0000
vn 0.0459 -0.6888 -0.7234
vn 0.0507 -0.6609 -0.7488
vn 0.0498 -0.6661 -0.7442
vn 0.0453 -0.6922 -0.7203
vn 0.0465 -0.7022 0.7105
vn 0.0519 -0.7172 0.6950
vn 0.0510 -0.7149 0.6974
vn 0.0459 -0.7006 0.7121
vn -0.4731 0.8810 -0.0003
vn -0.4705 0.8824 -0.0014
vn -0.4716 0.8818 -0.0009
vn -0.4736 0.8807 0.0000
vn 0.0058 0.7411 -0.6714
vn -0.0222 0.6730 -0.7393
vn -0.0165 0.6875 -0.7260
vn 0.0098 0.7501 -0.6612
vn 0.0046 0.7155 0.6986
vn -0.0252 0.7977 0.6026
vn -0.0137 0.7676 0.6408
vn 0.0091 0.7019 0.7122
vn -0.6647 0.2381 -0.7081
vn -0.7126 -0.1888 -0.6757
vn -0.7082 -0.1967 0.6781
vn -0.6702 0.2314 0.7052
vn 0.7161 0.1732 -0.6761
vn 0.7195 0.1686 0.6737
vn 0.6599 -0.3465 0.6666
vn 0.6639 -0.3423 -0.6649
vn -0.5182 0.7311 0.4438
vn -0.5067 0.7309 -0.4572
vn 0.4165 0.7648 -0.4915
vn 0.4243 0.7682 0.4794
vn -0.5567 -0.6868 -0.4674
vn -0.5445 -0.6824 0.4876
vn 0.2684 -0.8165 0.5111
vn 0.2755 -0.8227 -0.4972
vn -0.9790 0.2038 0.0000
vn -0.9898 0.1422 0.0000
vn -0.9897 0.1429 0.0000
vn -0.9786 0.2058 0.0000
vn 0.9923 -0.1235 0.0000
vn -0.6316 -0.7749 0.0238
vn -0.6450 -0.7639 -0.0220
vn 0.9098 0.4150 0.0000
vn 0.0959 0.4654 -0.8799
vn 0.1076 0.4807 -0.8702
vn 0.1015 0.4727 -0.8753
vn 0.0923 0.4605 -0.8828
vn 0.0794 0.3864 0.9189
vn 0.0836 0.3733 0.9240
vn 0.0819 0.3786 0.9219
vn 0.0782 0.3902 0.9174
vn -0.2852 0.9584 -0.0113
vn -0.2789 0.9595 0.0399
vn 0.5211 -0.8535 0.0000
vn -0.0530 -0.2623 -0.9635
vn -0.0574 -0.2659 -0.9623
vn -0.0547 -0.2637 -0.9631
vn -0.0513 -0.2609 -0.9640
vn -0.0675 -0.3347 0.9399
vn -0.0701 -0.3245 0.9433
vn -0.0682 -0.3321 0.9408
vn -0.0666 -0.3383 0.9387
vn -0.6363 0.3042 -0.7089
vn -0.7196 -0.0626 -0.6916
vn -0.7128 -0.0710 0.6978
vn -0.6420 0.2947 0.7078
vn 0.7002 -0.0511 -0.7122
vn 0.7000 -0.0611 0.7116
vn 0.6337 -0.4007 0.6617
vn 0.6388 -0.4020 -0.6560
vn 0.2793 -0.8074 -0.5197
vn 0.2728 -0.8005 0.5336
vn -0.6538 -0.5577 0.5114
vn -0.6638 -0.5608 -0.4948
vn -0.3422 0.8182 0.4620
vn -0.3423 0.8080 -0.4796
vn 0.6308 0.6087 -0.4811
vn 0.6344 0.6136 0.4701
vn 0.1691 0.9840 0.0562
vn 0.1398 0.9902 0.0061
vn -0.1971 -0.9802 -0.0197
vn -0.1975 -0.9801 0.0211
vn -0.0076 0.9992 -0.0388
vn -0.0028 0.9994 0.0346
vn -0.1273 0.9914 0.0301
vn -0.1107 0.9934 -0.0288
vn -0.9959 0.0903 0.0101
vn -0.9994 0.0327 0.0119
vn -0.9986 0.0507 0.0113
vn -0.9940 0.1090 0.0096
vn 0.0005 0.3726 -0.9280
vn 0.0014 0.3705 -0.9288
vn -0.0018 0.3784 -0.9257
vn -0.0027 0.3805 -0.9248
vn 0.0026 -0.3583 0.9336
vn 0.0014 -0.3621 0.9321
vn 0.0065 -0.3465 0.9380
vn 0.0079 -0.3420 0.9397
vn 0.9916 -0.1218 -0.0443
vn 0.9916 -0.1217 -0.0443
vn -0.3644 -0.8751 -0.3185
vn 0.0467 -0.3939 -0.9180
vn 0.0576 -0.3117 -0.9484
vn 0.0538 -0.3413 -0.9384
vn 0.0453 -0.4041 -0.9136
vn 0.0459 -0.8840 0.4652
vn 0.0670 -0.9114 0.4061
vn 0.0627 -0.9061 0.4184
vn 0.0437 -0.8808 0.4714
vn 0.5376 0.8314 -0.1403
vn 0.9677 0.2520 0.0071
vn 0.9332 0.3517 0.0735
vn 0.4171 0.8868 -0.1992
vn -0.4541 0.8428 0.2890
vn -0.5463 0.7756 0.3163
vn -0.5015 0.8103 0.3033
vn -0.4321 0.8565 0.2821
vn -0.0193 0.9124 -0.4089
vn -0.0181 0.9140 -0.4052
vn -0.0082 0.5815 0.8135
vn -0.0299 0.6385 0.7690
vn -0.0197 0.6121 0.7905
vn -0.0045 0.5714 0.8206
vn -0.6762 0.4763 -0.5620
vn -0.7126 0.0537 -0.6995
vn -0.7082 -0.4167 0.5699
vn -0.6690 -0.0317 0.7426
vn 0.7202 0.3874 -0.5755
vn 0.7195 -0.0720 0.6907
vn 0.6599 -0.5537 0.5079
vn 0.6639 -0.0943 -0.7419
vn -0.5296 0.5375 0.6562
vn -0.3685 0.9018 -0.2256
vn 0.4291 0.8845 -0.1829
vn 0.4244 0.5578 0.7132
vn -0.5567 -0.4855 -0.6741
vn -0.5445 -0.8081 0.2248
vn 0.2684 -0.9421 0.2010
vn 0.2755 -0.6031 -0.7486
vn -0.9867 0.1530 0.0557
vn -0.9898 0.1336 0.0486
vn -0.9897 0.1343 0.0489
vn 0.9923 -0.1161 -0.0422
vn -0.0000 0.3420 -0.9397
vn -0.0000 -0.3420 0.9397
vn -0.9649 0.2467 0.0898
vn 0.9098 0.3900 0.1419
vn 0.0959 0.7382 -0.6677
vn 0.1076 0.7494 -0.6533
vn 0.1015 0.7436 -0.6609
vn 0.0923 0.7347 -0.6721
vn 0.0794 0.0488 0.9956
vn 0.0836 0.0347 0.9959
vn 0.0819 0.0404 0.9958
vn 0.0782 0.0529 0.9955
vn -0.2893 0.9069 0.3064
vn -0.2985 0.8872 0.3518
vn 0.7046 -0.6668 -0.2427
vn -0.0526 0.0633 -0.9966
vn -0.0413 0.0775 -0.9961
vn -0.0461 0.0714 -0.9964
vn -0.0562 0.0587 -0.9967
vn -0.0644 -0.6458 0.7607
vn -0.0575 -0.6675 0.7424
vn -0.0613 -0.6557 0.7525
vn -0.0666 -0.6390 0.7663
vn -0.6337 0.5318 -0.5618
vn -0.7250 0.1680 -0.6680
vn -0.7183 -0.3103 0.6227
vn -0.6394 0.0375 0.7679
vn 0.7002 0.1956 -0.6866
vn 0.7000 -0.3008 0.6478
vn 0.6337 -0.6029 0.4847
vn 0.6388 -0.1533 -0.7539
vn 0.2794 -0.5810 -0.7644
vn 0.2728 -0.9347 0.2276
vn -0.6395 -0.7137 0.2858
vn -0.6499 -0.3722 -0.6626
vn -0.3475 0.6069 0.7148
vn -0.3423 0.9233 -0.1743
vn 0.6332 0.7314 -0.2531
vn 0.6386 0.4043 0.6548
vn 0.1692 0.9305 0.3248
vn 0.1636 0.9195 0.3574
vn -0.1971 -0.9143 -0.3538
vn -0.2883 -0.8912 -0.3502
vn -0.1975 -0.9282 -0.3154
vn -0.2877 -0.9086 -0.3029
vn -0.0129 0.9532 0.3021
vn -0.0042 0.9290 0.3700
vn -0.1013 0.9311 0.3504
vn -0.0782 0.9402 0.3314
vn 0.9996 -0.0273 0.0092
vn 1.0000 0.0000 0.0002
vn 0.9997 -0.0223 0.0134
vn 0.9994 -0.0313 0.0170
vn -0.0002 -0.2740 -0.9617
vn -0.0005 -0.2730 -0.9620
vn 0.0011 -0.2784 -0.9605
vn 0.0016 -0.2798 -0.9601
vn -0.0005 0.2615 0.9652
vn 0.0027 0.2730 0.9620
vn -0.0115 0.2226 0.9748
vn -0.0150 0.2101 0.9776
vn 0.4087 0.8901 -0.2017
vn 0.3961 0.8757 -0.2760
vn -0.7268 -0.6635 0.1778
vn 0.0332 -0.6555 -0.7545
vn 0.0388 -0.6365 -0.7703
vn 0.0367 -0.6436 -0.7645
vn 0.0320 -0.6596 -0.7510
vn 0.0339 -0.2360 0.9712
vn 0.0471 -0.2639 0.9634
vn 0.0431 -0.2555 0.9658
vn 0.0314 -0.2307 0.9725
vn 0.8494 0.1152 -0.5150
vn 0.9838 0.1742 0.0411
vn 0.9962 0.0770 0.0402
vn 0.5116 0.2297 -0.8280
vn -0.8501 0.5134 -0.1169
vn -0.9746 0.2004 0.0996
vn -0.9431 0.3322 0.0131
vn -0.8190 0.5542 -0.1485
vn 0.0164 0.3607 -0.9325
vn 0.0211 0.3736 -0.9274
vn -0.0251 0.7861 0.6176
vn -0.0092 0.7550 0.6557
vn -0.0148 0.7662 0.6424
vn -0.0284 0.7924 0.6094
vn -0.6692 0.1132 -0.7344
vn -0.7126 -0.3572 -0.6039
vn -0.7082 -0.0145 0.7059
vn -0.6743 0.4590 0.5785
vn 0.7159 -0.0073 -0.6981
vn 0.7195 0.3372 0.6071
vn 0.6599 -0.1622 0.7336
vn 0.6639 -0.5027 -0.5536
vn -0.4204 0.8775 0.2308
vn -0.4077 0.6340 -0.6571
vn 0.4133 0.6121 -0.6742
vn 0.4222 0.8673 0.2639
vn -0.5567 -0.7843 -0.2737
vn -0.5445 -0.5330 0.6476
vn 0.2684 -0.6564 0.7050
vn 0.2755 -0.9234 -0.2673
vn -0.9867 0.1573 -0.0421
vn -0.9898 0.1374 -0.0368
vn -0.9897 0.1380 -0.0370
vn 0.9923 -0.1193 0.0320
vn 0.0000 -0.2588 -0.9659
vn -0.0000 0.2588 0.9659
vn -0.9649 0.2535 -0.0679
vn 0.9098 0.4009 -0.1074
vn 0.9098 0.4008 -0.1074
vn 0.0959 0.2218 -0.9704
vn 0.1076 0.2391 -0.9650
vn 0.1015 0.2301 -0.9679
vn 0.0923 0.2163 -0.9720
vn 0.0794 0.6110 0.7876
vn 0.0836 0.5996 0.7959
vn 0.0819 0.6043 0.7926
vn 0.0782 0.6143 0.7852
vn -0.2893 0.9186 -0.2692
vn -0.2985 0.9285 -0.2207
vn 0.7046 -0.6854 0.1836
vn -0.0526 -0.5198 -0.8526
vn -0.0413 -0.5079 -0.8604
vn -0.0461 -0.5130 -0.8571
vn -0.0562 -0.5236 -0.8501
vn -0.0644 -0.0927 0.9936
vn -0.0575 -0.1209 0.9910
vn -0.0613 -0.1055 0.9925
vn -0.0666 -0.0838 0.9943
vn -0.6337 0.1134 -0.7652
vn -0.7250 -0.2455 -0.6435
vn -0.7183 0.1030 0.6881
vn -0.6394 0.4712 0.6075
vn 0.7002 -0.2336 -0.6747
vn 0.7000 0.1252 0.7031
vn 0.6337 -0.2158 0.7429
vn 0.6388 -0.5581 -0.5296
vn 0.2794 -0.9144 -0.2929
vn 0.2728 -0.6352 0.7226
vn -0.6395 -0.4207 0.6435
vn -0.6499 -0.6849 -0.3293
vn -0.3475 0.9071 0.2374
vn -0.3423 0.6563 -0.6724
vn 0.6332 0.4540 -0.6269
vn 0.6386 0.7067 0.3045
vn 0.1692 0.9486 -0.2676
vn 0.1636 0.9582 -0.2347
vn -0.1971 -0.9519 0.2347
vn -0.2883 -0.9309 0.2244
vn -0.1975 -0.9412 0.2740
vn -0.2877 -0.9180 0.2730
vn -0.1306 0.9644 -0.2300
vn -0.1257 0.9484 -0.2910
vn 0.0499 -0.2646 0.9631
vn 0.0574 -0.3713 0.9267
vn -0.0511 -0.3523 0.9345
vn -0.0270 -0.2891 0.9569
vn -0.4789 0.7989 0.3638
vn -0.0038 0.8198 0.5726
vn -0.0047 0.8108 -0.5854
vn -0.4954 0.7990 -0.3409
vn 0.0122 0.9873 -0.1581
vn 0.0027 0.9917 0.1283
vn 0.0352 0.9984 -0.0434
vn 0.0351 0.9985 0.0420
vn -0.0442 0.9984 0.0351
vn -0.0415 0.9980 -0.0472
vn 0.0084 0.9944 0.1058
vn -0.0008 0.9961 -0.0879
vn 0.4928 0.7989 -0.3448
vn 0.4764 0.7990 0.3670
vn -0.0070 0.4813 -0.8765
vn -0.6992 0.5289 -0.4811
vn -0.6687 0.5429 0.5080
vn -0.0059 0.4699 0.8827
vn 0.6643 0.5449 0.5117
vn 0.6942 0.5310 -0.4858
vn -0.6656 0.5283 -0.5272
vn -0.7735 0.1495 -0.6159
vn -0.9903 0.1389 0.0000
vn -0.8076 0.5897 -0.0000
vn -0.0002 0.5427 -0.8399
vn 0.0001 0.1410 -0.9900
vn 0.6572 0.5296 -0.5363
vn 0.7684 0.1470 -0.6229
vn 0.8147 0.5798 0.0000
vn 0.9912 0.1320 0.0000
vn 0.6572 0.5296 0.5363
vn 0.7684 0.1470 0.6229
vn -0.0002 0.5427 0.8399
vn 0.0001 0.1410 0.9900
vn -0.6656 0.5283 0.5272
vn -0.7735 0.1495 0.6159
vn -0.9951 0.0987 0.0016
vn -0.7508 0.1112 -0.6512
vn -0.6273 -0.5644 -0.5366
vn -0.8257 -0.5641 -0.0038
vn -0.0000 0.1124 -0.9937
vn -0.0000 -0.5732 -0.8194
vn 0.7546 0.1094 -0.6470
vn 0.6316 -0.5592 -0.5371
vn 0.9952 0.0974 -0.0017
vn 0.8263 -0.5632 0.0042
vn 0.7533 0.1111 0.6482
vn 0.6299 -0.5639 0.5341
vn -0.0000 0.1124 0.9937
vn -0.0000 -0.5732 0.8194
vn -0.7519 0.1096 0.6501
vn -0.6289 -0.5599 0.5395
vn -0.2545 -0.9434 -0.2127
vn -0.3944 -0.9186 -0.0250
vn 0.0000 -0.9479 -0.3185
vn 0.2302 -0.9479 -0.2201
vn 0.3996 -0.9163 0.0267
vn 0.2564 -0.9431 0.2119
vn 0.0000 -0.9479 0.3185
vn -0.2299 -0.9479 0.2205
vn -0.2019 0.9794 0.0000
vn -0.1394 0.9860 -0.0920
vn 0.0002 0.9864 -0.1641
vn 0.1366 0.9860 -0.0960
vn 0.1973 0.9803 -0.0000
vn 0.1366 0.9860 0.0960
vn 0.0002 0.9864 0.1641
vn -0.1394 0.9860 0.0920
vn -0.7918 0.0000 -0.6108
vn 0.7807 -0.0000 -0.6250
vn 0.7807 0.0000 0.6250
vn -0.7918 0.0000 0.6108
vn -0.7071 0.0000 -0.7071
vn 0.7071 -0.0000 -0.7071
vn 0.7071 -0.0000 0.7071
vn -0.7071 0.0000 0.7071
vn 0.4192 -0.8032 0.4233
vn 0.5877 -0.8091 -0.0029
vn 0.5878 -0.8090 -0.0014
vn 0.4192 -0.8022 0.4252
vn -0.0000 -0.8022 0.5971
vn -0.4190 -0.8033 0.4233
vn -0.4222 -0.8022 0.4222
vn -0.5872 -0.8094 0.0015
vn -0.5871 -0.8095 0.0031
vn -0.4190 -0.8022 -0.4254
vn -0.4190 -0.8033 -0.4233
vn -0.0000 -0.8022 -0.5971
vn 0.4191 -0.8032 -0.4232
vn 0.4222 -0.8022 -0.4222
vn 0.9991 0.0342 -0.0265
vn 0.9999 -0.0040 0.0096
vn 1.0000 -0.0014 0.0077
vn 0.9983 0.0452 -0.0359
vn 0.9410 0.3367 -0.0350
vn 0.9552 0.2823 -0.0888
vn 0.9900 0.1412 0.0032
vn 0.9942 0.1051 0.0230
vn 0.9989 0.0404 0.0248
vn 0.9997 0.0161 0.0155
vn 0.9999 0.0037 0.0123
vn 1.0000 0.0048 0.0085
vn 1.0000 -0.0022 0.0053
vn 1.0000 -0.0003 0.0047
vn 1.0000 -0.0049 0.0011
vn 1.0000 -0.0032 0.0022
vn 1.0000 -0.0046 -0.0016
vn 1.0000 -0.0044 0.0005
vn 1.0000 -0.0031 -0.0058
vn 1.0000 -0.0046 -0.0015
vn 1.0000 -0.0043 -0.0004
vn 0.0000 0.5878 -0.8090
vn 0.0000 0.9511 -0.3090
vn 0.0000 0.9511 0.3090
vn 0.0000 0.5878 0.8090
vn 0.0000 -0.5878 0.8090
vn 0.0000 -0.9511 0.3090
vn 0.0000 -0.9511 -0.3090
vn 0.0000 -0.5878 -0.8090
vn -0.0000 0.8665 0.4992
vn -0.0000 1.0000 0.0000
vn 0.0000 0.5000 0.8660
vn -0.0000 -0.0026 1.0000
vn 0.0016 -0.0021 1.0000
vn 0.0141 -0.4956 0.8684
vn 0.0154 -0.4920 0.8705
vn 0.0065 -0.6973 0.7167
vn 0.0057 -0.6975 0.7166
vn 0.4349 0.7606 0.4821
vn 0.4145 0.9101 -0.0000
vn 0.2733 0.9619 -0.0000
vn 0.3070 0.8116 0.4971
vn 0.4876 0.4179 0.7666
vn 0.3717 0.4642 0.8040
vn 0.4874 0.0182 0.8730
vn 0.3648 0.0045 0.9311
vn 0.4100 -0.3873 0.8258
vn 0.2831 -0.4331 0.8558
vn 0.2513 -0.6272 0.7372
vn 0.1258 -0.6912 0.7116
vn 0.7238 0.5695 0.3896
vn 0.7373 0.6756 -0.0000
vn 0.7021 0.3153 0.6385
vn 0.6722 0.0660 0.7374
vn 0.5664 -0.2389 0.7887
vn 0.1891 -0.9785 0.0822
vn 0.3588 -0.9287 0.0934
vn 0.3657 -0.9262 0.0916
vn 0.1906 -0.9786 0.0781
vn -0.1052 -0.8493 -0.5172
vn -0.0291 -0.8944 -0.4463
vn -0.0193 -0.9978 0.0635
vn -0.0046 -0.9988 0.0489
vn -0.9950 -0.0944 0.0326
vn -0.9961 -0.0874 0.0084
vn -0.9959 -0.0906 0.0057
vn -0.9809 0.1948 -0.0000
vn -0.9808 0.1689 0.0974
vn -0.9808 0.1690 0.0972
vn -0.9809 0.1947 -0.0000
vn -0.9807 0.0975 0.1695
vn -0.9807 0.0979 0.1693
vn -0.9805 -0.0004 0.1964
vn -0.9805 0.0002 0.1964
vn -0.9807 -0.0949 0.1710
vn -0.9804 -0.0957 0.1725
vn -0.9911 -0.1052 0.0820
vn -0.8976 0.4408 -0.0000
vn -0.9020 0.3752 0.2137
vn -0.8529 0.4522 0.2608
vn -0.8526 0.5226 -0.0000
vn -0.9061 0.2055 0.3699
vn -0.8537 0.2599 0.4513
vn -0.9041 0.0048 0.4274
vn -0.8549 -0.0006 0.5189
vn -0.9000 -0.2132 0.3801
vn -0.8560 -0.2587 0.4476
vn -0.9131 -0.3693 0.1726
vn -0.8567 -0.4635 0.2263
vn -0.7462 -0.6363 0.1956
vn -0.9549 0.2969 -0.0000
vn -0.9572 0.1943 0.2147
vn -0.9529 0.0157 0.3029
vn -0.9557 -0.2043 0.2119
vn -0.9131 -0.4078 0.0000
vn -0.9856 -0.1690 -0.0000
vn 0.8972 0.4013 0.1846
vn 0.9035 0.4287 0.0000
vn 0.8408 0.3172 0.4388
vn 0.7738 0.1572 0.6136
vn 0.6706 -0.7359 0.0933
vn 0.8697 -0.4751 0.1340
vn 0.8680 -0.4807 0.1247
vn 0.6733 -0.7342 0.0870
vn 0.9677 -0.2008 0.1526
vn 0.9702 -0.2002 0.1367
vn -0.1955 -0.4064 -0.8925
vn -0.3236 -0.3026 -0.8965
vn -0.0744 -0.9950 -0.0671
vn -0.0492 -0.9926 -0.1111
vn -0.0706 -0.9975 -0.0000
vn -0.0950 -0.9955 0.0000
vn -0.9674 -0.2532 -0.0000
vn 0.5404 -0.8414 0.0000
vn 0.7924 -0.6100 -0.0000
vn 0.7878 -0.6159 0.0016
vn 0.1255 -0.9921 0.0000
vn 0.2599 -0.9654 -0.0213
vn 0.1275 -0.9913 -0.0314
vn -1.0000 -0.0002 -0.0000
vn -1.0000 0.0006 -0.0021
vn -1.0000 0.0003 -0.0018
vn -1.0000 -0.0007 -0.0006
vn -1.0000 -0.0008 0.0000
vn 0.2586 -0.9660 -0.0000
vn 0.5414 -0.8407 -0.0073
vn 0.9323 0.3418 0.1181
vn 0.9265 0.3763 -0.0000
vn 0.9230 0.3848 -0.0000
vn 0.9375 0.3142 0.1499
vn 0.9563 0.1946 0.2181
vn 0.9634 0.1602 0.2148
vn 0.9762 0.0137 0.2164
vn 0.9815 0.0033 0.1915
vn 0.3612 -0.4564 -0.8132
vn 0.3038 -0.5232 -0.7962
vn 0.4856 -0.3659 -0.7939
vn 0.5478 -0.3167 -0.7743
vn 0.1495 -0.5250 -0.8379
vn 0.0822 -0.5399 -0.8377
vn 0.0678 -0.5270 -0.8471
vn 0.2048 -0.4672 -0.8601
vn 0.9441 -0.3297 -0.0000
vn 0.9418 -0.3360 0.0133
vn 0.9968 -0.0798 0.0000
vn 0.9958 -0.0893 0.0227
vn 0.9998 0.0188 -0.0000
vn 0.9991 0.0299 0.0304
vn 0.6059 -0.2027 -0.7693
vn 0.6144 -0.1713 -0.7702
vn 0.5585 -0.1520 -0.8155
vn 0.4931 -0.2220 -0.8411
vn 0.9990 0.0262 0.0373
vn 0.4053 -0.9142 0.0000
vn 0.4066 -0.9136 0.0000
vn 0.3891 -0.8338 -0.3917
vn 0.3807 -0.8263 -0.4152
vn 0.3442 -0.5652 -0.7497
vn 0.3974 -0.5147 -0.7597
vn 0.6350 -0.0680 0.7695
vn 0.4459 -0.4867 0.7512
vn -0.0000 0.8665 -0.4992
vn 0.0000 0.5000 -0.8660
vn 0.0000 -0.0026 -1.0000
vn 0.0016 -0.0021 -1.0000
vn 0.0141 -0.4956 -0.8684
vn 0.0154 -0.4920 -0.8705
vn 0.0065 -0.6973 -0.7167
vn 0.0057 -0.6975 -0.7166
vn 0.4349 0.7606 -0.4821
vn 0.3070 0.8116 -0.4971
vn 0.4876 0.4179 -0.7666
vn 0.3717 0.4642 -0.8040
vn 0.4874 0.0182 -0.8730
vn 0.3648 0.0045 -0.9311
vn 0.4100 -0.3873 -0.8258
vn 0.2831 -0.4330 -0.8558
vn 0.2513 -0.6272 -0.7372
vn 0.1258 -0.6912 -0.7116
vn 0.7238 0.5695 -0.3896
vn 0.7021 0.3153 -0.6385
vn 0.6722 0.0660 -0.7374
vn 0.5664 -0.2389 -0.7887
vn 0.1891 -0.9785 -0.0822
vn 0.3657 -0.9262 -0.0916
vn 0.3588 -0.9287 -0.0934
vn 0.1906 -0.9786 -0.0781
vn -0.1052 -0.8493 0.5172
vn -0.0193 -0.9978 -0.0635
vn -0.0291 -0.8944 0.4463
vn -0.0046 -0.9988 -0.0489
vn -0.9950 -0.0944 -0.0326
vn -0.9959 -0.0906 -0.0057
vn -0.9961 -0.0874 -0.0084
vn -0.9808 0.1690 -0.0972
vn -0.9808 0.1689 -0.0974
vn -0.9807 0.0980 -0.1693
vn -0.9807 0.0975 -0.1695
vn -0.9805 0.0002 -0.1964
vn -0.9805 -0.0004 -0.1964
vn -0.9804 -0.0957 -0.1725
vn -0.9807 -0.0949 -0.1710
vn -0.9911 -0.1052 -0.0820
vn -0.8529 0.4522 -0.2608
vn -0.9020 0.3752 -0.2137
vn -0.8537 0.2599 -0.4513
vn -0.9061 0.2055 -0.3699
vn -0.8549 -0.0006 -0.5189
vn -0.9041 0.0048 -0.4274
vn -0.8560 -0.2587 -0.4476
vn -0.9000 -0.2132 -0.3801
vn -0.8567 -0.4635 -0.2263
vn -0.9131 -0.3693 -0.1726
vn -0.7462 -0.6363 -0.1956
vn -0.9571 0.1943 -0.2147
vn -0.9529 0.0157 -0.3029
vn -0.9557 -0.2043 -0.2119
vn 0.8972 0.4013 -0.1845
vn 0.8408 0.3172 -0.4388
vn 0.7738 0.1572 -0.6136
vn 0.6706 -0.7359 -0.0933
vn 0.8680 -0.4807 -0.1247
vn 0.8697 -0.4751 -0.1340
vn 0.6733 -0.7342 -0.0870
vn 0.9702 -0.2002 -0.1367
vn 0.9677 -0.2008 -0.1526
vn -0.1956 -0.4064 0.8925
vn -0.3236 -0.3026 0.8965
vn -0.0744 -0.9950 0.0671
vn -0.0492 -0.9926 0.1111
vn 0.7878 -0.6159 -0.0016
vn 0.1275 -0.9913 0.0314
vn 0.2599 -0.9654 0.0213
vn -1.0000 0.0002 0.0017
vn -1.0000 0.0006 0.0021
vn -1.0000 -0.0005 0.0009
vn 0.5414 -0.8407 0.0073
vn 0.9323 0.3418 -0.1181
vn 0.9375 0.3142 -0.1499
vn 0.9563 0.1946 -0.2180
vn 0.9634 0.1602 -0.2148
vn 0.9762 0.0137 -0.2164
vn 0.9815 0.0033 -0.1915
vn 0.3612 -0.4564 0.8132
vn 0.4856 -0.3659 0.7939
vn 0.3038 -0.5232 0.7962
vn 0.5478 -0.3167 0.7743
vn 0.1495 -0.5250 0.8379
vn 0.0678 -0.5270 0.8471
vn 0.0822 -0.5399 0.8377
vn 0.2048 -0.4672 0.8601
vn 0.9418 -0.3360 -0.0133
vn 0.9958 -0.0893 -0.0227
vn 0.9991 0.0299 -0.0304
vn 0.6059 -0.2027 0.7693
vn 0.6144 -0.1713 0.7702
vn 0.5585 -0.1520 0.8155
vn 0.4931 -0.2220 0.8411
vn 0.9990 0.0262 -0.0373
vn 0.3891 -0.8338 0.3917
vn 0.3807 -0.8263 0.4152
vn 0.3442 -0.5652 0.7497
vn 0.3974 -0.5147 0.7597
vn 0.6350 -0.0680 -0.7695
vn 0.4459 -0.4867 -0.7512
vn 1.0000 -0.0010 0.0048
vn 0.7081 -0.0005 -0.7061
vn 0.7095 -0.0002 -0.7047
vn 0.9999 0.0001 0.0150
vn -0.0021 -0.0003 -1.0000
vn -0.0058 -0.0008 -1.0000
vn -0.7081 -0.0003 -0.7062
vn -0.7099 -0.0006 -0.7043
vn -1.0000 -0.0005 0.0060
vn -0.9998 -0.0018 0.0182
vn -0.7011 -0.0000 0.7130
vn -0.6907 -0.0018 0.7232
vn -0.0010 -0.0002 1.0000
vn -0.0021 -0.0000 1.0000
vn 0.7030 -0.0013 0.7112
vn 0.6959 -0.0001 0.7181
vn -0.0013 -0.9271 -0.3748
vn -0.0002 -1.0000 0.0030
vn 0.2067 0.0035 -0.9784
vn -0.0007 -0.4292 -0.9032
vn 0.1955 -0.6915 -0.6954
vn 0.0046 0.7076 -0.7066
vn 0.2188 0.6918 -0.6882
vn 0.0065 1.0000 0.0004
vn 0.2235 0.9747 -0.0002
vn 0.0018 0.8983 0.4394
vn 0.2188 0.6945 0.6854
vn 0.0002 -1.0000 0.0031
vn 0.0014 -0.9271 -0.3747
vn -0.1851 -0.6948 -0.6950
vn -0.1927 0.0054 -0.9812
vn -0.1999 0.6954 -0.6903
vn -0.2027 0.9792 0.0008
vn 0.0014 0.3906 0.9206
vn -0.1984 0.6957 0.6904
vn -0.3866 -0.9222 -0.0010
vn -0.3764 -0.6609 -0.6492
vn -0.1897 -0.9818 -0.0019
vn -0.3932 -0.0093 -0.9194
vn -0.4143 0.6396 -0.6475
vn -0.4222 0.9065 -0.0000
vn -0.9737 -0.1618 -0.1604
vn -0.9754 -0.2206 0.0005
vn -0.9750 -0.2224 0.0008
vn -0.9735 -0.1634 -0.1601
vn -0.9735 0.0000 -0.2289
vn -0.9738 0.1607 -0.1607
vn -0.9735 0.1615 -0.1621
vn -0.9775 0.2111 0.0000
vn -0.9766 0.2150 -0.0000
vn -0.1910 -0.6941 0.6940
vn -0.3919 -0.6524 0.6487
vn -0.1937 0.0043 0.9810
vn -0.3979 0.0012 0.9174
vn -0.4083 0.6441 0.6468
vn -0.9732 -0.1623 0.1627
vn -0.9728 -0.1671 0.1602
vn -0.9743 0.0023 0.2253
vn -0.9741 -0.0022 0.2259
vn -0.9736 0.1612 0.1615
vn -0.9738 0.1607 0.1607
vn 0.3939 -0.6575 -0.6422
vn 0.3901 -0.9208 -0.0013
vn 0.1937 -0.9811 -0.0013
vn 0.4217 -0.0100 -0.9067
vn 0.4437 0.6294 -0.6380
vn 0.4519 0.8921 0.0000
vn 0.3992 -0.6544 0.6422
vn 0.2018 -0.6933 0.6918
vn 0.4218 -0.0100 0.9066
vn 0.2231 -0.0005 0.9748
vn 0.4459 0.6280 0.6379
vn 1.0000 0.0000 -0.0003
vn 1.0000 0.0006 -0.0015
vn 1.0000 0.0001 -0.0010
vn 1.0000 -0.0012 0.0005
vn 1.0000 0.0012 0.0005
vn 1.0000 -0.0001 -0.0010
vn 1.0000 -0.0006 -0.0015
vn 0.0055 -1.0000 -0.0012
vn -0.0130 -0.8919 -0.4521
vn 0.0144 -0.7039 0.7101
vn 0.0331 0.0075 0.9994
vn -0.0006 0.3873 0.9220
vn 0.0199 -0.8990 -0.4375
vn 0.0002 -1.0000 -0.0021
vn 0.0000 0.0037 1.0000
vn 0.0005 0.3872 0.9220
vn -0.9474 -0.2967 -0.1197
vn -0.9415 -0.3112 -0.1292
vn -0.1061 -0.8073 0.5805
vn -0.0716 -0.7514 0.6560
vn -0.0498 -0.9003 0.4324
vn -0.0384 -0.9003 0.4336
vn -0.9469 -0.2973 0.1225
vn -0.9461 -0.2995 0.1230
vn -0.9464 -0.2988 0.1228
vn -0.9471 -0.2966 0.1223
vn -0.9472 -0.1229 0.2962
vn -0.9459 -0.1250 0.2994
vn -0.9464 -0.1242 0.2982
vn -0.9476 -0.1222 0.2951
vn 0.0240 -0.5915 0.8059
vn 0.0280 -0.5921 0.8054
vn -0.1137 -0.6504 0.7510
vn -0.1341 -0.6758 0.7248
vn -0.9476 0.1244 0.2944
vn -0.9472 0.1246 0.2954
vn -0.9474 0.1245 0.2949
vn -0.9477 0.1243 0.2940
vn 0.1646 -0.8099 0.5630
vn 0.1982 -0.7659 0.6117
vn 0.9554 -0.2738 -0.1109
vn 0.9605 -0.2567 -0.1073
vn 0.9610 -0.2558 0.1056
vn 0.9607 -0.2566 0.1061
vn 0.9608 -0.2563 0.1059
vn 0.9611 -0.2554 0.1053
vn 0.9632 -0.1027 0.2485
vn 0.9620 -0.1036 0.2525
vn 0.9624 -0.1033 0.2511
vn 0.9635 -0.1024 0.2472
vn 0.0837 -0.6595 0.7471
vn 0.0610 -0.7004 0.7112
vn 0.9654 0.1017 0.2402
vn 0.9646 0.1033 0.2425
vn 0.9649 0.1027 0.2417
vn 0.9657 0.1012 0.2393
vn 1.0000 -0.0010 -0.0004
vn 0.7071 -0.0007 -0.7071
vn 1.0000 -0.0001 0.0027
vn -0.0006 -0.0008 -1.0000
vn -0.7076 -0.0006 -0.7067
vn -1.0000 -0.0009 -0.0001
vn -1.0000 -0.0020 0.0032
vn -0.7069 -0.0002 0.7073
vn -0.7052 -0.0016 0.7090
vn -0.0005 0.0001 1.0000
vn -0.0007 0.0002 1.0000
vn 0.7070 -0.0013 0.7072
vn 0.7058 -0.0004 0.7084
vn 0.9701 0.2426 0.0022
vn 0.6820 0.2417 -0.6903
vn 0.4357 0.8306 -0.3468
vn 0.6386 0.7688 -0.0334
vn 0.0053 0.2538 -0.9672
vn -0.0240 0.8330 -0.5527
vn -0.6844 0.2407 -0.6882
vn -0.3669 0.8501 -0.3779
vn -0.9690 0.2470 0.0051
vn -0.6100 0.7914 0.0398
vn -0.6803 0.2413 0.6920
vn -0.4133 0.8401 0.3513
vn 0.0055 0.2520 0.9677
vn 0.0237 0.8283 0.5598
vn 0.6825 0.2401 0.6903
vn 0.3831 0.8381 0.3884
vn 0.9383 -0.3446 0.0294
vn 0.6445 -0.4080 -0.6466
vn 0.0197 -0.4123 -0.9108
vn -0.6730 -0.4094 -0.6160
vn -0.9303 -0.3660 -0.0251
vn -0.6328 -0.4135 0.6547
vn -0.0191 -0.4008 0.9159
vn 0.6784 -0.3903 0.6225
vn -0.4915 -0.4701 -0.7331
vn -0.3698 -0.2033 -0.9066
vn -0.2121 0.0075 -0.9772
vn -0.5447 -0.6453 -0.5356
vn -0.3631 -0.3493 0.8638
vn -0.5236 -0.8361 0.1638
vn -0.5397 -0.7726 0.3344
vn -0.5267 -0.5230 0.6701
vn -0.5607 -0.8095 -0.1740
vn -0.5510 -0.8235 -0.1352
vn -0.6062 -0.4213 -0.6746
vn -0.3468 -0.3361 -0.8756
vn -0.3423 -0.3153 -0.8851
vn -0.5896 -0.4049 -0.6989
vn -0.5653 -0.2733 0.7783
vn -0.8366 -0.2968 0.4604
vn -0.8629 -0.2702 0.4271
vn -0.4815 -0.2736 0.8326
vn -0.9642 0.1626 0.2094
vn -0.9907 0.1364 -0.0038
vn -0.6514 -0.2467 -0.7175
vn -0.3976 -0.1758 -0.9006
vn -0.3154 -0.1108 -0.9425
vn -0.6790 -0.2721 -0.6819
vn -0.5312 -0.2204 0.8181
vn -0.8304 -0.3000 0.4695
vn -0.8299 -0.3393 0.4430
vn -0.6166 -0.2140 0.7576
vn -0.8064 -0.5401 -0.2409
vn -0.8255 -0.5367 -0.1747
vn -0.6108 0.2632 -0.7468
vn -0.3055 0.5179 -0.7990
vn -0.2789 0.5158 -0.8101
vn -0.7003 0.1957 -0.6865
vn -0.4263 -0.4616 0.7780
vn -0.6855 0.4891 0.5393
vn -0.6835 0.3546 0.6380
vn -0.4432 -0.5146 0.7340
vn -0.9659 0.2328 0.1129
vn -0.9774 0.1669 -0.1293
vn -0.2687 -0.3001 0.9153
vn -0.3171 -0.1346 0.9388
vn -0.5769 -0.0088 0.8168
vn -0.6111 0.0271 0.7911
vn -0.8723 0.2772 0.4028
vn -0.8700 0.2962 0.3942
vn -0.8613 0.4572 -0.2218
vn -0.8718 0.4415 -0.2123
vn -0.6015 0.4150 -0.6826
vn -0.6486 0.4083 -0.6424
vn -0.2697 0.2127 -0.9392
vn -0.3148 0.3405 -0.8860
vn -0.1707 -0.7415 0.6489
vn -0.1697 -0.3463 -0.9226
vn -0.0663 -0.9850 0.1596
vn -0.0645 -0.7570 -0.6503
vn 0.0985 0.7164 0.6908
vn 0.0645 0.7270 0.6836
vn 0.1470 0.8240 0.5472
vn 0.1576 0.7968 0.5833
vn 0.0489 0.9311 0.3614
vn 0.0083 0.9807 0.1953
vn -0.0322 0.9893 0.1421
vn 0.0886 0.9862 -0.1398
vn 0.0866 0.9806 -0.1758
vn 0.0741 0.9493 -0.3055
vn 0.0703 0.9480 -0.3104
vn -0.0055 -0.9654 -0.2606
vn -0.6489 -0.6254 0.4334
vn -0.7552 -0.5679 0.3274
vn -0.7798 -0.5637 0.2723
vn -0.6664 -0.6192 0.4153
vn -0.7860 -0.6166 -0.0451
vn -0.7735 -0.6298 -0.0703
vn -0.7652 -0.5747 -0.2903
vn -0.7847 -0.5416 -0.3017
vn -0.7896 -0.3384 -0.5118
vn -0.8545 -0.2207 -0.4701
vn -0.6886 -0.2891 -0.6650
vn -0.7144 -0.2502 -0.6534
vn -0.7855 -0.6007 0.1487
vn -0.8337 -0.5344 0.1392
vn -0.7281 -0.4932 -0.4761
vn -0.6965 -0.5452 -0.4666
vn -0.8707 -0.4916 0.0162
vn -0.8781 -0.4781 0.0188
vn -0.8781 -0.4031 -0.2578
vn -0.8584 -0.4317 -0.2771
vn -0.8727 -0.4707 -0.1299
vn -0.8727 -0.4709 -0.1290
vn -0.5862 -0.4178 -0.6941
vn -0.3903 -0.8262 -0.4061
vn -0.3891 -0.6935 -0.6064
vn -0.5628 -0.4195 -0.7122
vn -0.2495 -0.9155 -0.3155
vn -0.2221 -0.8698 -0.4405
vn -0.2549 -0.9558 -0.1463
vn -0.3319 -0.9393 -0.0869
vn -0.4567 -0.8883 0.0487
vn -0.5716 -0.8165 0.0813
vn -0.7449 -0.6669 0.0164
vn -0.7757 -0.6291 -0.0495
vn -0.7738 -0.0128 -0.6334
vn -0.8544 0.1570 -0.4953
vn -0.8559 -0.3788 0.3521
vn -0.7996 -0.5241 0.2931
vn -0.9121 0.3653 -0.1864
vn -0.8753 0.4692 -0.1169
vn -0.9731 0.1170 0.1983
vn -0.9189 0.0592 0.3900
vn -0.8578 0.4787 0.1871
vn -0.8193 0.5051 0.2715
vn -0.7664 -0.6424 0.0029
vn -0.7608 -0.6489 -0.0089
vn -0.7672 -0.6414 -0.0051
vn -0.7586 -0.6515 -0.0083
vn -0.7720 -0.6354 0.0140
vn -0.7695 -0.6387 0.0061
vn -0.7619 -0.6475 0.0139
vn -0.7515 -0.6589 0.0324
vn -0.7798 -0.6260 -0.0065
vn -0.7744 -0.6327 -0.0065
vn -0.7697 -0.6383 -0.0040
vn 0.1995 0.4405 0.8753
vn -0.8081 -0.4313 0.4013
vn 0.8081 0.4313 -0.4013
vn -0.1723 -0.4783 -0.8611
vn -0.3516 0.8996 0.2589
vn -0.3516 0.8996 0.2590
vn -0.9948 0.0836 0.0580
vn -0.9958 0.0680 0.0615
vn 0.2478 0.7725 -0.5846
vn 0.2467 0.7724 -0.5852
vn 0.2481 0.7726 -0.5844
vn 0.2466 0.7724 -0.5853
vn -0.2986 -0.2873 -0.9101
vn 0.4872 -0.1064 0.8668
vn -0.2988 -0.8837 0.3601
vn -0.2930 -0.8873 0.3561
vn -0.3011 -0.8824 0.3617
vn -0.2910 -0.8885 0.3547
vn 0.9477 -0.1668 -0.2722
vn 0.9473 -0.1530 -0.2816
vn -0.6859 -0.6371 -0.3516
vn 0.7043 -0.3474 -0.6190
vn -0.3811 -0.9199 -0.0924
vn 0.4301 -0.0522 -0.9013
vn -0.6830 0.3108 0.6610
vn 0.7097 0.5730 0.4100
vn 0.4239 0.8977 0.1201
vn -0.3558 0.0134 0.9345
vn -0.0825 0.3065 -0.9483
vn -0.8178 -0.0774 -0.5702
vn -0.8667 0.4987 -0.0132
vn -0.1032 0.9163 -0.3870
vn 0.0807 -0.9667 0.2430
vn 0.8203 -0.5592 -0.1198
vn 0.8762 -0.0345 0.4807
vn 0.0822 -0.4579 0.8852
vn -0.8883 -0.3146 -0.3346
vn 0.4127 -0.1537 -0.8978
vn -0.6006 -0.6862 -0.4105
vn 0.2802 0.2938 -0.9139
vn -0.3553 -0.1363 0.9247
vn 0.8957 0.2476 0.3693
vn 0.8103 0.4709 0.3488
vn -0.1952 -0.3275 0.9245
vn 0.0314 -0.6930 0.7202
vn 0.6798 -0.4636 -0.5683
vn 0.9352 -0.2239 0.2744
vn -0.2789 -0.9548 -0.1033
vn -0.1623 0.7491 -0.6423
vn -0.8964 0.3531 -0.2678
vn -0.5605 0.5267 0.6391
vn 0.2109 0.9417 0.2621
vn -0.5003 0.8630 -0.0698
vn -0.4938 0.8665 -0.0731
vn -0.4696 0.8824 -0.0308
vn -0.4919 0.8704 -0.0200
vn 0.5893 -0.6965 0.4095
vn 0.5716 -0.7060 0.4181
vn 0.5727 -0.6486 0.5014
vn 0.6040 -0.6323 0.4851
vn -0.0935 0.6821 0.7253
vn -0.0900 0.6798 0.7278
vn -0.0890 0.6792 0.7285
vn -0.0950 0.6830 0.7242
vn -0.8113 -0.4539 0.3685
vn 0.7806 0.3629 -0.5090
vn 0.2069 0.4300 0.8788
vn 0.2870 0.1754 0.9417
vn -0.0395 -0.6399 -0.7674
vn 0.3141 -0.7256 -0.6122
vn -0.4008 -0.6201 0.6744
vn -0.0638 -0.7935 0.6052
vn 0.9734 0.1997 -0.1120
vn 0.7608 0.3818 -0.5248
vn -0.0708 0.9730 -0.2196
vn -0.1900 0.9782 0.0833
vn 0.1342 -0.9516 -0.2763
vn 0.5406 -0.8329 0.1182
vn -0.9836 0.0566 -0.1712
vn -0.7925 -0.4592 0.4013
vn 0.3620 0.3251 -0.8737
vn 0.6145 0.4494 -0.6485
vn -0.5849 0.4662 -0.6638
vn -0.5901 0.4722 -0.6548
vn -0.5956 0.4433 -0.6698
vn -0.5704 0.4483 -0.6883
vn -0.9759 0.1020 0.1928
vn -0.4600 -0.6295 0.6262
vn -0.5122 0.1895 0.8377
vn -0.6354 -0.7483 0.1906
vn -0.9633 0.0959 -0.2508
vn -0.6500 -0.7309 -0.2081
vn -0.5231 0.2338 -0.8196
vn -0.4558 -0.4882 -0.7442
vn -0.5705 0.8046 0.1645
vn -0.2641 0.8465 0.4623
vn -0.5670 0.7921 -0.2258
vn -0.1841 0.7999 -0.5711
vn 0.3693 -0.5879 -0.7198
vn 0.1155 0.2754 -0.9544
vn 0.1379 0.8007 -0.5830
vn 0.4777 -0.6638 0.5755
vn 0.9931 -0.0540 0.1045
vn 0.5789 0.1172 0.8069
vn 0.8573 -0.5065 0.0920
vn 0.9862 -0.0622 -0.1535
vn 0.8456 -0.5110 -0.1547
vn 0.6993 0.1865 -0.6901
vn 0.8179 -0.3064 -0.4870
vn 0.6909 0.7143 0.1116
vn 0.5331 0.7258 0.4347
vn 0.6844 0.6989 -0.2074
vn 0.2609 -0.9592 0.1086
vn 0.3265 -0.9357 -0.1335
vn -0.0366 -0.9566 0.2890
vn -0.0305 -0.9565 0.2902
vn -0.0891 -0.9529 -0.2900
vn -0.0866 -0.9349 -0.3441
vn -0.0295 -0.9465 0.3213
vn -0.0082 -0.9548 0.2970
vn -0.0132 -0.9548 -0.2969
vn -0.0268 -0.9516 -0.3062
vn -0.4858 -0.8740 0.0060
vn -0.4778 -0.8784 0.0060
vn -0.0601 -0.9981 0.0159
vn -0.0666 -0.9978 -0.0075
vn -0.9998 0.0220 0.0020
vn -0.9999 0.0139 0.0000
vn 0.9988 -0.0497 0.0000
vn -0.9916 -0.1296 0.0000
vn 0.7591 -0.6510 0.0015
vn 0.7269 -0.6867 0.0119
vn 0.7154 -0.6985 0.0155
vn 0.7636 -0.6457 0.0000
vn -0.0459 -0.6888 -0.7235
vn -0.0498 -0.6661 -0.7442
vn -0.0507 -0.6609 -0.7488
vn -0.0453 -0.6922 -0.7203
vn -0.0464 -0.7022 0.7105
vn -0.0511 -0.7149 0.6974
vn -0.0519 -0.7172 0.6949
vn -0.0459 -0.7006 0.7121
vn 0.4731 0.8810 -0.0003
vn 0.4716 0.8818 -0.0009
vn 0.4705 0.8824 -0.0014
vn 0.4736 0.8807 0.0000
vn -0.0058 0.7411 -0.6714
vn 0.0165 0.6875 -0.7260
vn 0.0222 0.6730 -0.7393
vn -0.0098 0.7501 -0.6612
vn -0.0046 0.7155 0.6986
vn 0.0137 0.7676 0.6408
vn 0.0252 0.7977 0.6025
vn -0.0091 0.7019 0.7122
vn 0.6648 0.2381 -0.7081
vn 0.7082 -0.1967 0.6781
vn 0.7126 -0.1888 -0.6757
vn 0.6702 0.2314 0.7052
vn -0.7161 0.1732 -0.6761
vn -0.6599 -0.3466 0.6666
vn -0.7195 0.1686 0.6737
vn -0.6639 -0.3423 -0.6649
vn 0.5182 0.7311 0.4438
vn 0.5067 0.7309 -0.4572
vn -0.4165 0.7648 -0.4916
vn -0.4243 0.7682 0.4794
vn 0.5567 -0.6868 -0.4674
vn 0.5445 -0.6824 0.4876
vn -0.2684 -0.8165 0.5111
vn -0.2755 -0.8227 -0.4972
vn 0.9790 0.2038 0.0000
vn 0.9897 0.1429 0.0000
vn 0.9898 0.1422 0.0000
vn 0.9786 0.2058 0.0000
vn -0.9923 -0.1235 0.0000
vn 0.6316 -0.7749 0.0238
vn 0.6450 -0.7639 -0.0220
vn -0.9098 0.4150 0.0000
vn -0.0959 0.4654 -0.8799
vn -0.1015 0.4727 -0.8753
vn -0.1076 0.4807 -0.8702
vn -0.0923 0.4605 -0.8828
vn -0.0794 0.3864 0.9189
vn -0.0819 0.3786 0.9220
vn -0.0836 0.3732 0.9240
vn -0.0782 0.3902 0.9174
vn 0.2852 0.9584 -0.0113
vn 0.2789 0.9595 0.0399
vn -0.5211 -0.8535 0.0000
vn 0.0530 -0.2623 -0.9635
vn 0.0547 -0.2637 -0.9631
vn 0.0574 -0.2659 -0.9623
vn 0.0513 -0.2609 -0.9640
vn 0.0675 -0.3347 0.9399
vn 0.0682 -0.3320 0.9408
vn 0.0701 -0.3245 0.9433
vn 0.0666 -0.3383 0.9387
vn 0.6363 0.3042 -0.7089
vn 0.7128 -0.0710 0.6978
vn 0.7196 -0.0626 -0.6916
vn 0.6420 0.2947 0.7078
vn -0.7002 -0.0511 -0.7122
vn -0.6337 -0.4007 0.6617
vn -0.7000 -0.0611 0.7116
vn -0.6388 -0.4020 -0.6561
vn -0.2793 -0.8074 -0.5197
vn 0.6538 -0.5577 0.5114
vn -0.2728 -0.8005 0.5336
vn 0.6638 -0.5608 -0.4948
vn 0.3422 0.8182 0.4620
vn 0.3423 0.8080 -0.4796
vn -0.6308 0.6088 -0.4811
vn -0.6344 0.6136 0.4701
vn -0.1398 0.9902 0.0061
vn -0.1691 0.9840 0.0562
vn 0.1971 -0.9802 -0.0197
vn 0.1975 -0.9801 0.0211
vn 0.0076 0.9992 -0.0388
vn 0.0028 0.9994 0.0346
vn 0.1273 0.9914 0.0301
vn 0.1107 0.9934 -0.0288
vn 0.9959 0.0903 0.0101
vn 0.9986 0.0507 0.0113
vn 0.9994 0.0327 0.0119
vn 0.9940 0.1090 0.0096
vn -0.0005 0.3726 -0.9280
vn 0.0018 0.3784 -0.9257
vn -0.0013 0.3705 -0.9288
vn 0.0027 0.3805 -0.9248
vn -0.0026 -0.3584 0.9336
vn -0.0065 -0.3464 0.9381
vn -0.0014 -0.3621 0.9321
vn -0.0079 -0.3420 0.9397
vn -0.9916 -0.1218 -0.0444
vn -0.9916 -0.1219 -0.0444
vn 0.3645 -0.8751 -0.3185
vn 0.3644 -0.8751 -0.3185
vn -0.0467 -0.3939 -0.9179
vn -0.0538 -0.3412 -0.9384
vn -0.0576 -0.3116 -0.9485
vn -0.0453 -0.4041 -0.9136
vn -0.0459 -0.8840 0.4652
vn -0.0627 -0.9061 0.4184
vn -0.0670 -0.9114 0.4060
vn -0.0437 -0.8808 0.4714
vn -0.5376 0.8315 -0.1402
vn -0.9332 0.3517 0.0735
vn -0.9677 0.2521 0.0070
vn -0.4170 0.8868 -0.1991
vn 0.4541 0.8428 0.2890
vn 0.5015 0.8103 0.3033
vn 0.5463 0.7756 0.3163
vn 0.4321 0.8565 0.2821
vn 0.0193 0.9124 -0.4089
vn 0.0181 0.9141 -0.4052
vn 0.0082 0.5815 0.8135
vn 0.0197 0.6121 0.7905
vn 0.0299 0.6385 0.7690
vn 0.0044 0.5714 0.8207
vn 0.6762 0.4763 -0.5620
vn 0.7082 -0.4167 0.5699
vn 0.7126 0.0537 -0.6995
vn 0.6690 -0.0317 0.7426
vn -0.7202 0.3874 -0.5755
vn -0.6599 -0.5537 0.5079
vn -0.7195 -0.0720 0.6907
vn -0.6639 -0.0943 -0.7419
vn 0.5296 0.5375 0.6562
vn 0.3685 0.9018 -0.2256
vn -0.4291 0.8845 -0.1829
vn -0.4244 0.5578 0.7132
vn 0.5567 -0.4855 -0.6741
vn 0.5445 -0.8081 0.2248
vn -0.2684 -0.9421 0.2010
vn -0.2755 -0.6031 -0.7486
vn 0.9867 0.1530 0.0557
vn 0.9897 0.1343 0.0489
vn 0.9898 0.1336 0.0486
vn -0.9923 -0.1161 -0.0422
vn 0.9649 0.2467 0.0898
vn -0.9098 0.3900 0.1419
vn -0.0959 0.7382 -0.6677
vn -0.1015 0.7436 -0.6609
vn -0.1076 0.7494 -0.6534
vn -0.0923 0.7347 -0.6721
vn -0.0794 0.0488 0.9956
vn -0.0819 0.0404 0.9958
vn -0.0836 0.0347 0.9959
vn -0.0782 0.0529 0.9955
vn 0.2893 0.9069 0.3064
vn 0.2985 0.8872 0.3518
vn -0.7046 -0.6668 -0.2427
vn 0.0526 0.0632 -0.9966
vn 0.0461 0.0714 -0.9964
vn 0.0413 0.0775 -0.9961
vn 0.0562 0.0587 -0.9967
vn 0.0644 -0.6458 0.7608
vn 0.0613 -0.6557 0.7525
vn 0.0575 -0.6675 0.7424
vn 0.0666 -0.6390 0.7664
vn 0.6337 0.5318 -0.5618
vn 0.7183 -0.3103 0.6227
vn 0.7250 0.1680 -0.6680
vn 0.6394 0.0375 0.7679
vn -0.7002 0.1956 -0.6866
vn -0.6337 -0.6029 0.4847
vn -0.7000 -0.3008 0.6478
vn -0.6388 -0.1533 -0.7539
vn -0.2794 -0.5810 -0.7644
vn 0.6395 -0.7137 0.2858
vn -0.2728 -0.9347 0.2276
vn 0.6499 -0.3722 -0.6626
vn 0.3475 0.6069 0.7148
vn 0.3423 0.9233 -0.1743
vn -0.6332 0.7314 -0.2531
vn -0.6386 0.4043 0.6548
vn -0.1636 0.9195 0.3574
vn -0.1692 0.9305 0.3248
vn 0.1971 -0.9143 -0.3538
vn 0.2883 -0.8912 -0.3502
vn 0.1975 -0.9282 -0.3154
vn 0.2876 -0.9086 -0.3029
vn 0.0129 0.9532 0.3020
vn 0.0042 0.9290 0.3700
vn 0.1014 0.9311 0.3504
vn 0.0782 0.9402 0.3314
vn -0.9996 -0.0273 0.0092
vn -0.9997 -0.0223 0.0134
vn -1.0000 0.0000 0.0002
vn -0.9994 -0.0313 0.0170
vn 0.0002 -0.2740 -0.9617
vn -0.0012 -0.2784 -0.9605
vn 0.0005 -0.2730 -0.9620
vn -0.0016 -0.2798 -0.9601
vn 0.0005 0.2616 0.9652
vn 0.0115 0.2226 0.9748
vn -0.0027 0.2730 0.9620
vn 0.0150 0.2102 0.9775
vn -0.4087 0.8901 -0.2017
vn -0.3961 0.8757 -0.2760
vn 0.7268 -0.6635 0.1778
vn -0.0332 -0.6555 -0.7545
vn -0.0367 -0.6436 -0.7645
vn -0.0388 -0.6365 -0.7703
vn -0.0320 -0.6596 -0.7510
vn -0.0339 -0.2360 0.9712
vn -0.0431 -0.2555 0.9658
vn -0.0471 -0.2639 0.9634
vn -0.0314 -0.2307 0.9725
vn -0.8494 0.1151 -0.5151
vn -0.9962 0.0770 0.0401
vn -0.9838 0.1742 0.0411
vn -0.5116 0.2296 -0.8280
vn 0.8502 0.5134 -0.1169
vn 0.9431 0.3322 0.0131
vn 0.9746 0.2004 0.0996
vn 0.8191 0.5542 -0.1485
vn -0.0164 0.3607 -0.9325
vn -0.0212 0.3736 -0.9274
vn 0.0251 0.7861 0.6176
vn 0.0148 0.7662 0.6424
vn 0.0092 0.7550 0.6557
vn 0.0284 0.7924 0.6094
vn 0.6692 0.1132 -0.7344
vn 0.7082 -0.0145 0.7059
vn 0.7126 -0.3572 -0.6039
vn 0.6743 0.4590 0.5785
vn -0.7159 -0.0073 -0.6981
vn -0.6599 -0.1622 0.7336
vn -0.7195 0.3372 0.6071
vn -0.6639 -0.5027 -0.5536
vn 0.4204 0.8775 0.2308
vn 0.4077 0.6340 -0.6571
vn -0.4133 0.6121 -0.6742
vn -0.4222 0.8673 0.2639
vn 0.5567 -0.7843 -0.2737
vn 0.5445 -0.5330 0.6476
vn -0.2684 -0.6564 0.7050
vn -0.2755 -0.9234 -0.2673
vn 0.9867 0.1573 -0.0421
vn 0.9897 0.1380 -0.0370
vn 0.9898 0.1374 -0.0368
vn -0.9923 -0.1193 0.0320
vn 0.9649 0.2536 -0.0679
vn -0.9098 0.4009 -0.1074
vn -0.0959 0.2218 -0.9704
vn -0.1015 0.2301 -0.9679
vn -0.1076 0.2391 -0.9650
vn -0.0923 0.2163 -0.9720
vn -0.0794 0.6110 0.7876
vn -0.0819 0.6043 0.7925
vn -0.0836 0.5997 0.7959
vn -0.0782 0.6143 0.7852
vn 0.2893 0.9186 -0.2692
vn 0.2985 0.9285 -0.2207
vn -0.7046 -0.6854 0.1836
vn 0.0526 -0.5198 -0.8526
vn 0.0461 -0.5130 -0.8571
vn 0.0413 -0.5079 -0.8604
vn 0.0562 -0.5236 -0.8501
vn 0.0644 -0.0927 0.9936
vn 0.0613 -0.1055 0.9925
vn 0.0575 -0.1209 0.9910
vn 0.0666 -0.0838 0.9943
vn 0.6337 0.1134 -0.7652
vn 0.7183 0.1030 0.6881
vn 0.7250 -0.2455 -0.6435
vn 0.6394 0.4712 0.6075
vn -0.7002 -0.2336 -0.6747
vn -0.6337 -0.2158 0.7429
vn -0.7000 0.1252 0.7031
vn -0.6388 -0.5580 -0.5296
vn -0.2794 -0.9144 -0.2929
vn 0.6395 -0.4207 0.6435
vn -0.2728 -0.6351 0.7226
vn 0.6499 -0.6849 -0.3293
vn 0.3475 0.9071 0.2374
vn 0.3423 0.6563 -0.6724
vn -0.6332 0.4540 -0.6269
vn -0.6386 0.7067 0.3045
vn -0.1636 0.9582 -0.2347
vn -0.1692 0.9485 -0.2676
vn 0.1971 -0.9519 0.2347
vn 0.2883 -0.9309 0.2244
vn 0.1975 -0.9412 0.2740
vn 0.2877 -0.9180 0.2730
vn 0.1306 0.9644 -0.2300
vn 0.1257 0.9484 -0.2910
vn -0.0499 -0.2645 0.9631
vn -0.0574 -0.3713 0.9267
vn 0.0511 -0.3523 0.9345
vn 0.0270 -0.2890 0.9569
vn 0.4789 0.7989 0.3638
vn 0.0047 0.8108 -0.5854
vn 0.0038 0.8198 0.5726
vn 0.4954 0.7990 -0.3409
vn -0.0122 0.9873 -0.1581
vn -0.0027 0.9917 0.1283
vn -0.0352 0.9984 -0.0434
vn -0.0351 0.9985 0.0420
vn 0.0442 0.9984 0.0351
vn 0.0415 0.9980 -0.0472
vn -0.0084 0.9943 0.1058
vn 0.0008 0.9961 -0.0879
vn -0.4928 0.7989 -0.3449
vn -0.4764 0.7990 0.3670
vn 0.0070 0.4813 -0.8765
vn 0.6992 0.5289 -0.4811
vn 0.6687 0.5429 0.5080
vn 0.0059 0.4699 0.8827
vn -0.6643 0.5449 0.5117
vn -0.6942 0.5310 -0.4858
vn 0.6656 0.5283 -0.5272
vn 0.9903 0.1389 -0.0000
vn 0.7735 0.1495 -0.6159
vn 0.8076 0.5897 -0.0000
vn 0.0002 0.5427 -0.8399
vn -0.0001 0.1410 -0.9900
vn -0.6572 0.5296 -0.5363
vn -0.7684 0.1470 -0.6229
vn -0.9912 0.1320 -0.0000
vn -0.8147 0.5798 -0.0000
vn -0.6572 0.5296 0.5363
vn -0.7684 0.1470 0.6229
vn 0.0002 0.5427 0.8399
vn -0.0001 0.1410 0.9900
vn 0.6656 0.5283 0.5272
vn 0.7735 0.1495 0.6160
vn 0.9951 0.0987 0.0016
vn 0.6273 -0.5644 -0.5366
vn 0.7508 0.1112 -0.6512
vn 0.8257 -0.5641 -0.0038
vn -0.6316 -0.5592 -0.5371
vn -0.7546 0.1094 -0.6470
vn -0.8263 -0.5632 0.0042
vn -0.9952 0.0974 -0.0017
vn -0.6299 -0.5639 0.5341
vn -0.7533 0.1111 0.6482
vn 0.6288 -0.5599 0.5395
vn 0.7519 0.1096 0.6501
vn 0.2545 -0.9434 -0.2127
vn 0.3944 -0.9186 -0.0250
vn -0.2302 -0.9479 -0.2201
vn -0.3996 -0.9163 0.0267
vn -0.2563 -0.9431 0.2119
vn 0.2299 -0.9479 0.2205
vn 0.2019 0.9794 -0.0000
vn 0.1394 0.9860 -0.0920
vn -0.0002 0.9864 -0.1641
vn -0.1366 0.9860 -0.0960
vn -0.1973 0.9803 -0.0000
vn -0.1366 0.9860 0.0960
vn -0.0002 0.9864 0.1641
vn 0.1394 0.9860 0.0920
vn 0.7918 0.0000 -0.6108
vn -0.7807 0.0000 -0.6250
vn -0.7807 0.0000 0.6250
vn 0.7918 0.0000 0.6108
vn -0.4192 -0.8032 0.4233
vn -0.5878 -0.8090 -0.0014
vn -0.5877 -0.8091 -0.0029
vn -0.4192 -0.8022 0.4252
vn 0.4222 -0.8022 0.4222
vn 0.4190 -0.8033 0.4233
vn 0.5871 -0.8095 0.0031
vn 0.5872 -0.8094 0.0015
vn 0.4190 -0.8033 -0.4233
vn 0.4190 -0.8022 -0.4254
vn -0.4222 -0.8022 -0.4222
vn -0.4192 -0.8032 -0.4232
vn -0.0016 -0.0021 1.0000
vn -0.0141 -0.4956 0.8684
vn -0.0153 -0.4920 0.8705
vn -0.0065 -0.6973 0.7167
vn -0.0057 -0.6975 0.7166
vn -0.4349 0.7606 0.4821
vn -0.2733 0.9619 -0.0000
vn -0.4145 0.9101 -0.0000
vn -0.3070 0.8116 0.4971
vn -0.4876 0.4179 0.7666
vn -0.3717 0.4642 0.8040
vn -0.4874 0.0182 0.8730
vn -0.3648 0.0045 0.9311
vn -0.4100 -0.3873 0.8258
vn -0.2831 -0.4330 0.8558
vn -0.2513 -0.6272 0.7372
vn -0.1258 -0.6912 0.7116
vn -0.7238 0.5695 0.3896
vn -0.7373 0.6756 -0.0000
vn -0.7021 0.3153 0.6385
vn -0.6722 0.0660 0.7374
vn -0.5664 -0.2389 0.7887
vn -0.1891 -0.9785 0.0822
vn -0.3657 -0.9262 0.0916
vn -0.3588 -0.9287 0.0934
vn -0.1906 -0.9786 0.0781
vn 0.1052 -0.8493 -0.5172
vn 0.0193 -0.9978 0.0635
vn 0.0291 -0.8944 -0.4463
vn 0.0046 -0.9988 0.0489
vn 0.9950 -0.0945 0.0326
vn 0.9959 -0.0906 0.0057
vn 0.9961 -0.0874 0.0084
vn 0.9808 0.1948 -0.0000
vn 0.9808 0.1690 0.0972
vn 0.9808 0.1689 0.0974
vn 0.9807 0.0980 0.1693
vn 0.9807 0.0975 0.1695
vn 0.9805 0.0002 0.1964
vn 0.9805 -0.0004 0.1964
vn 0.9804 -0.0957 0.1725
vn 0.9807 -0.0949 0.1710
vn 0.9911 -0.1052 0.0820
vn 0.8976 0.4408 -0.0000
vn 0.8529 0.4522 0.2608
vn 0.9020 0.3752 0.2137
vn 0.8526 0.5226 -0.0000
vn 0.8537 0.2599 0.4513
vn 0.9061 0.2055 0.3699
vn 0.8549 -0.0006 0.5189
vn 0.9041 0.0048 0.4274
vn 0.8560 -0.2587 0.4476
vn 0.9000 -0.2132 0.3801
vn 0.8567 -0.4635 0.2263
vn 0.9131 -0.3693 0.1726
vn 0.7462 -0.6363 0.1956
vn 0.9549 0.2969 -0.0000
vn 0.9571 0.1943 0.2147
vn 0.9529 0.0157 0.3029
vn 0.9557 -0.2043 0.2119
vn 0.9856 -0.1690 0.0000
vn 0.9131 -0.4078 -0.0000
vn -0.8972 0.4013 0.1845
vn -0.9035 0.4287 -0.0000
vn -0.8408 0.3172 0.4388
vn -0.7738 0.1572 0.6136
vn -0.6706 -0.7359 0.0933
vn -0.8680 -0.4807 0.1247
vn -0.8697 -0.4751 0.1340
vn -0.6733 -0.7342 0.0870
vn -0.9702 -0.2002 0.1367
vn -0.9677 -0.2008 0.1527
vn 0.1955 -0.4064 -0.8925
vn 0.3236 -0.3026 -0.8965
vn 0.0744 -0.9950 -0.0671
vn 0.0706 -0.9975 -0.0000
vn 0.0492 -0.9926 -0.1111
vn 0.0950 -0.9955 0.0000
vn 0.9674 -0.2532 -0.0000
vn -0.5404 -0.8414 -0.0000
vn -0.7878 -0.6159 0.0016
vn -0.7924 -0.6100 -0.0000
vn -0.1255 -0.9921 -0.0000
vn -0.1275 -0.9913 -0.0314
vn -0.2599 -0.9654 -0.0213
vn 1.0000 -0.0002 0.0000
vn 1.0000 0.0002 -0.0017
vn 1.0000 0.0006 -0.0021
vn 1.0000 -0.0005 -0.0009
vn 1.0000 -0.0008 0.0000
vn -0.2586 -0.9660 0.0000
vn -0.5415 -0.8407 -0.0073
vn -0.9323 0.3418 0.1181
vn -0.9230 0.3848 0.0000
vn -0.9265 0.3763 0.0000
vn -0.9375 0.3142 0.1499
vn -0.9563 0.1946 0.2181
vn -0.9634 0.1602 0.2148
vn -0.9762 0.0137 0.2164
vn -0.9815 0.0033 0.1915
vn -0.3612 -0.4564 -0.8132
vn -0.4856 -0.3659 -0.7939
vn -0.3038 -0.5232 -0.7962
vn -0.5478 -0.3167 -0.7743
vn -0.1495 -0.5250 -0.8379
vn -0.0678 -0.5270 -0.8471
vn -0.0822 -0.5399 -0.8377
vn -0.2048 -0.4672 -0.8601
vn -0.9441 -0.3297 -0.0000
vn -0.9418 -0.3360 0.0133
vn -0.9968 -0.0798 0.0000
vn -0.9958 -0.0893 0.0226
vn -0.9998 0.0188 -0.0000
vn -0.9991 0.0299 0.0304
vn -0.6059 -0.2027 -0.7693
vn -0.6144 -0.1713 -0.7702
vn -0.5585 -0.1520 -0.8155
vn -0.4931 -0.2220 -0.8411
vn -0.9990 0.0262 0.0373
vn -0.4053 -0.9142 0.0000
vn -0.3891 -0.8338 -0.3917
vn -0.4066 -0.9136 0.0000
vn -0.3807 -0.8263 -0.4152
vn -0.3442 -0.5652 -0.7497
vn -0.3974 -0.5147 -0.7597
vn -0.6350 -0.0680 0.7695
vn -0.4459 -0.4867 0.7512
vn 0.0000 -0.0025 -1.0000
vn -0.0016 -0.0021 -1.0000
vn -0.0141 -0.4956 -0.8684
vn -0.0153 -0.4920 -0.8705
vn -0.0065 -0.6973 -0.7167
vn -0.0057 -0.6975 -0.7166
vn -0.4349 0.7606 -0.4821
vn -0.3070 0.8116 -0.4971
vn -0.4876 0.4179 -0.7666
vn -0.3717 0.4642 -0.8040
vn -0.4874 0.0182 -0.8730
vn -0.3648 0.0045 -0.9311
vn -0.4100 -0.3873 -0.8258
vn -0.2831 -0.4330 -0.8558
vn -0.2513 -0.6272 -0.7372
vn -0.1258 -0.6912 -0.7116
vn -0.7238 0.5695 -0.3896
vn -0.7021 0.3153 -0.6385
vn -0.6722 0.0660 -0.7374
vn -0.5664 -0.2389 -0.7887
vn -0.1891 -0.9785 -0.0822
vn -0.3588 -0.9287 -0.0934
vn -0.3657 -0.9262 -0.0916
vn -0.1906 -0.9786 -0.0781
vn 0.1052 -0.8493 0.5172
vn 0.0291 -0.8944 0.4463
vn 0.0193 -0.9978 -0.0635
vn 0.0046 -0.9988 -0.0489
vn 0.9950 -0.0945 -0.0326
vn 0.9961 -0.0874 -0.0084
vn 0.9959 -0.0906 -0.0057
vn 0.9808 0.1689 -0.0974
vn 0.9808 0.1690 -0.0972
vn 0.9807 0.0975 -0.1695
vn 0.9807 0.0980 -0.1693
vn 0.9805 -0.0004 -0.1964
vn 0.9805 0.0002 -0.1964
vn 0.9807 -0.0949 -0.1710
vn 0.9804 -0.0957 -0.1725
vn 0.9911 -0.1052 -0.0820
vn 0.9020 0.3752 -0.2137
vn 0.8529 0.4522 -0.2608
vn 0.9061 0.2055 -0.3699
vn 0.8537 0.2599 -0.4513
vn 0.9041 0.0048 -0.4274
vn 0.8549 -0.0006 -0.5189
vn 0.9000 -0.2132 -0.3801
vn 0.8560 -0.2587 -0.4476
vn 0.9131 -0.3693 -0.1726
vn 0.8567 -0.4635 -0.2263
vn 0.7462 -0.6363 -0.1956
vn 0.9571 0.1943 -0.2147
vn 0.9529 0.0157 -0.3029
vn 0.9557 -0.2043 -0.2119
vn -0.8972 0.4013 -0.1845
vn -0.8408 0.3172 -0.4388
vn -0.7738 0.1572 -0.6136
vn -0.6706 -0.7359 -0.0933
vn -0.8697 -0.4751 -0.1340
vn -0.8680 -0.4807 -0.1247
vn -0.6733 -0.7342 -0.0870
vn -0.9677 -0.2008 -0.1527
vn -0.9702 -0.2002 -0.1367
vn 0.1955 -0.4064 0.8925
vn 0.3236 -0.3026 0.8965
vn 0.0745 -0.9950 0.0671
vn 0.0492 -0.9926 0.1111
vn -0.7878 -0.6159 -0.0016
vn -0.2599 -0.9654 0.0213
vn -0.1275 -0.9913 0.0314
vn 1.0000 0.0006 0.0021
vn 1.0000 0.0002 0.0017
vn 1.0000 -0.0005 0.0009
vn -0.5415 -0.8407 0.0073
vn -0.9323 0.3418 -0.1181
vn -0.9375 0.3142 -0.1499
vn -0.9563 0.1946 -0.2181
vn -0.9634 0.1602 -0.2148
vn -0.9762 0.0137 -0.2164
vn -0.9815 0.0033 -0.1915
vn -0.3612 -0.4564 0.8132
vn -0.3038 -0.5232 0.7962
vn -0.4856 -0.3659 0.7939
vn -0.5478 -0.3167 0.7743
vn -0.1495 -0.5250 0.8379
vn -0.0822 -0.5399 0.8377
vn -0.0678 -0.5270 0.8471
vn -0.2048 -0.4672 0.8601
vn -0.9418 -0.3360 -0.0133
vn -0.9958 -0.0893 -0.0226
vn -0.9991 0.0299 -0.0304
vn -0.6059 -0.2027 0.7693
vn -0.6144 -0.1713 0.7702
vn -0.5585 -0.1520 0.8155
vn -0.4931 -0.2220 0.8411
vn -0.9990 0.0262 -0.0373
vn -0.3891 -0.8338 0.3917
vn -0.3807 -0.8263 0.4152
vn -0.3442 -0.5652 0.7497
vn -0.3974 -0.5147 0.7597
vn -0.6350 -0.0680 -0.7695
vn -0.4459 -0.4867 -0.7512
vn -1.0000 0.0016 0.0045
vn -0.9996 0.0003 0.0279
vn -0.9994 -0.0088 0.0348
vn -0.9996 0.0265 -0.0048
vn -0.9683 0.2489 -0.0218
vn -0.9762 0.2083 -0.0607
vn -0.9989 0.0439 -0.0172
vn -0.9997 0.0227 -0.0077
vn -1.0000 0.0023 -0.0014
vn -1.0000 0.0004 -0.0030
vn -1.0000 0.0005 -0.0033
vn -1.0000 0.0019 -0.0041
vn -1.0000 0.0035 -0.0037
vn -1.0000 0.0031 -0.0040
vn -1.0000 0.0057 -0.0013
vn -1.0000 0.0038 -0.0026
vn -1.0000 0.0054 0.0019
vn -1.0000 0.0052 -0.0006
vn -1.0000 0.0036 0.0069
vn -1.0000 0.0054 0.0017
vn -1.0000 0.0038 0.0087
vn -0.0033 0.0389 -0.9992
vn -0.0092 0.0422 -0.9991
vn -0.0063 0.0406 -0.9992
vn 0.0001 0.0369 -0.9993
vn 0.0000 -0.5408 0.8411
vn 0.0000 -0.3119 0.9501
vn 0.0059 -0.3162 0.9487
vn 0.0360 0.3430 0.9386
vn 0.0393 0.3550 0.9340
vn 0.0268 0.6901 0.7232
vn 0.0193 0.6961 0.7177
vn 0.9818 -0.1752 -0.0738
vn 0.9986 -0.0521 -0.0080
vn 0.9732 -0.1379 -0.1838
vn 0.9637 -0.1633 0.2113
vn 0.9400 -0.3412 0.0089
vn 0.9330 -0.3598 0.0126
vn 0.8892 -0.0589 0.4537
vn 0.9963 0.0598 0.0613
vn 0.9159 0.3979 0.0523
vn 0.8799 0.3542 0.3167
vn 0.9221 0.0392 0.3851
vn 0.9373 -0.3272 0.1204
vn 0.9085 -0.0719 0.4117
vn 0.8641 0.1183 0.4892
vn 0.7082 0.2542 0.6586
vn 0.3736 0.9238 0.0839
vn 0.0139 0.9958 0.0903
vn 0.0396 0.8297 0.5568
vn 0.2785 0.7186 0.6373
vn 0.0487 0.3038 0.9515
vn 0.0256 0.2976 0.9543
vn -0.5477 -0.8164 -0.1831
vn -0.6437 0.1405 -0.7523
vn -0.9535 -0.3012 0.0107
vn -0.5878 -0.5253 0.6152
vn -0.9819 0.0336 -0.1866
vn -0.9877 -0.0773 0.1356
vn -0.6437 0.1404 -0.7523
vn -0.9953 -0.0882 0.0404
vn -0.9831 -0.1808 -0.0296
vn -0.6880 -0.2018 0.6971
vn -0.9452 0.0464 0.3232
vn -0.9022 -0.0752 0.4246
vn -0.9493 -0.2898 0.1221
vn -0.9990 0.0390 0.0213
vn -0.9234 -0.3823 0.0347
vn -0.9202 -0.3908 0.0234
vn -0.9991 -0.0397 0.0166
vn -0.2667 0.1428 0.9531
vn -0.6776 0.7344 0.0379
vn -0.5656 0.6795 0.4673
vn -0.1911 0.2307 0.9541
vn -0.0722 0.0258 -0.9971
vn 0.9642 0.0846 -0.2515
vn 0.9677 0.0897 -0.2354
vn -0.0615 0.5306 -0.8454
vn -0.0077 0.5483 -0.8362
vn 0.0000 -0.0003 -1.0000
vn 0.0000 0.3826 -0.9239
vn 0.0001 0.3826 -0.9239
vn 0.0000 0.2895 0.9572
vn 0.0000 -0.0480 0.9988
vn 0.0000 -0.0504 0.9987
vn 0.0000 -0.7057 -0.7085
vn 0.0000 -0.7083 -0.7059
vn 0.9999 -0.0048 0.0154
vn 0.9999 -0.0071 0.0127
vn 0.9999 -0.0066 0.0132
vn 0.9999 -0.0047 0.0156
vn 0.9999 -0.0046 0.0158
vn 0.9999 -0.0041 -0.0160
vn 0.9998 -0.0036 -0.0170
vn 0.9999 -0.0044 -0.0153
vn 0.9999 -0.0045 -0.0150
vn 0.9993 0.0147 -0.0330
vn -1.0000 -0.0009 0.0086
vn -1.0000 -0.0034 0.0088
vn -1.0000 -0.0020 0.0074
vn -1.0000 0.0022 0.0043
vn -0.9999 -0.0022 0.0141
vn -0.9999 0.0006 -0.0110
vn -0.9999 -0.0013 -0.0159
vn -1.0000 0.0019 -0.0075
vn -1.0000 0.0025 -0.0060
vn -0.9999 0.0144 0.0066
vn 0.0000 -0.7083 0.7059
vn 0.0000 -0.7056 0.7086
vn 0.0000 -1.0000 -0.0004
vn 0.0000 -1.0000 -0.0005
vn -0.9962 -0.0858 0.0151
vn -0.7660 0.6330 -0.1116
vn -0.0872 0.9811 -0.1730
vn 0.6428 0.7544 -0.1330
vn 0.9962 0.0858 -0.0151
vn 0.7660 -0.6330 0.1116
vn 0.0872 -0.9811 0.1730
vn -0.6428 -0.7544 0.1330
vn -0.1982 -0.0039 -0.9802
vn -0.2578 -0.1899 -0.9474
vn -0.0226 0.0861 -0.9960
vn 0.1663 0.0275 -0.9857
vn 0.2578 -0.1455 -0.9552
vn 0.1982 -0.3315 -0.9224
vn 0.0226 -0.4216 -0.9065
vn -0.1663 -0.3629 -0.9168
vn -0.4000 0.1824 -0.8982
vn -0.5201 -0.1929 -0.8320
vn -0.7185 -0.1822 -0.6712
vn -0.5526 0.3363 -0.7626
vn -0.0455 0.3641 -0.9302
vn -0.0629 0.5874 -0.8069
vn 0.3356 0.2458 -0.9094
vn 0.4636 0.4239 -0.7780
vn 0.5201 -0.1033 -0.8478
vn 0.7186 -0.0584 -0.6930
vn 0.3999 -0.4786 -0.7817
vn 0.5525 -0.5769 -0.6016
vn 0.0455 -0.6603 -0.7496
vn 0.0629 -0.8279 -0.5573
vn -0.3356 -0.5420 -0.7705
vn -0.4636 -0.6644 -0.5862
vn -0.0000 -0.1737 -0.9848
vn -0.0059 -0.1688 -0.9856
vn -0.0024 -0.1723 -0.9850
vn -0.0051 -0.1691 -0.9856
vn -0.0023 -0.1701 -0.9854
vn 0.0131 -0.1853 -0.9826
vn -0.0018 -0.1685 -0.9857
vn -0.0035 -0.1692 -0.9856
vn -0.0112 -0.1751 -0.9845
vn -0.0004 -0.1726 -0.9850
vn -0.0980 -0.3446 -0.9336
vn -0.0617 -0.3812 -0.9224
vn 0.0023 -0.1727 -0.9850
vn -1.0000 -0.0007 -0.0015
vn -1.0000 0.0036 -0.0032
vn -0.9812 0.1899 -0.0342
vn -0.9675 0.2371 -0.0877
vn 0.9238 -0.3787 0.0558
vn 0.9239 -0.3787 0.0558
vn 0.7070 -0.6979 0.1145
vn 0.7047 -0.6999 0.1162
vn -0.0027 -0.9851 0.1721
vn 0.0006 -0.9848 0.1738
vn -0.7082 -0.6954 0.1224
vn -0.7072 -0.6963 0.1228
vn 0.1213 -0.1463 -0.9818
vn 0.0875 -0.1047 -0.9906
vn -0.1935 0.2307 -0.9536
vn -0.1902 0.2828 -0.9401
vn -0.5348 0.7054 -0.4652
vn -0.4921 0.6636 -0.5634
vn -0.6274 0.7750 -0.0765
vn -0.6426 0.7649 -0.0433
vn -0.5829 0.6926 0.4249
vn -0.5545 0.6610 0.5055
vn -0.3244 0.3868 0.8632
vn -0.2932 0.3495 0.8899
vn 0.0501 -0.0600 0.9969
vn 0.0618 -0.0739 0.9953
vn 0.3833 -0.5296 0.7567
vn 0.3926 -0.4697 0.7907
vn 0.5621 -0.7580 0.3309
vn 0.7796 -0.6093 0.1449
vn 0.6928 -0.7030 -0.1607
vn 0.8484 -0.4881 -0.2050
vn 0.4762 -0.4255 -0.7696
vn 0.2961 -0.3529 -0.8876
vn -0.2986 -0.9247 0.2363
vn -0.3232 -0.9168 0.2346
vn -0.0618 -0.9392 0.3379
vn -0.6317 -0.7717 0.0740
vn -0.6849 -0.7283 0.0215
vn -0.5210 -0.8470 0.1053
vn -0.7603 -0.6492 0.0230
vn -0.7614 -0.6480 0.0195
vn -0.9921 0.0818 -0.0946
vn -0.9678 0.1613 -0.1932
vn -0.0546 -0.2768 -0.9594
vn -0.2196 -0.4664 -0.8569
vn -0.1544 -0.5763 -0.8025
vn -0.0748 -0.4844 -0.8717
vn 0.9896 -0.1426 0.0182
vn 0.9882 -0.1523 0.0135
vn -0.0324 -0.2259 -0.9736
vn 0.0044 0.1704 0.9854
vn 0.0011 0.1677 0.9858
vn 0.0011 0.1512 0.9885
vn 0.0006 0.1699 0.9855
vn 0.0181 0.1507 0.9884
vn 0.0022 0.1631 0.9866
vn -0.7523 -0.6584 0.0235
vn 0.0214 0.1468 0.9889
vn 0.0702 0.0912 0.9934
vn 0.0015 0.1699 0.9855
vn 0.0022 0.1778 0.9841
vn -0.0026 0.1563 0.9877
vn -0.9768 -0.2141 -0.0003
vn -0.9648 -0.2006 -0.1701
vn -0.9672 -0.1856 -0.1734
vn -0.9672 -0.0005 -0.2541
vn -0.9673 0.0031 -0.2537
vn -0.9653 0.1847 -0.1844
vn -0.9671 0.1803 -0.1796
vn -0.9774 0.2113 0.0002
vn -0.9804 0.1968 -0.0002
vn -0.9792 -0.2029 -0.0004
vn -0.9682 -0.1821 0.1717
vn -0.9657 -0.1973 0.1685
vn -0.9671 0.0019 0.2544
vn -0.9669 -0.0002 0.2551
vn -0.9652 0.1846 0.1851
vn -0.9669 0.1809 0.1797
vn -0.0712 -0.1456 -0.9868
vn -0.1198 -0.0006 -0.9928
vn -0.1064 0.7080 -0.6982
vn -0.1073 0.7032 -0.7029
vn -0.1107 0.9938 -0.0010
vn -0.1101 0.9939 0.0008
vn -0.1090 0.7074 0.6984
vn -0.1060 0.6995 0.7067
vn -0.1004 0.3871 0.9165
vn -0.0979 0.3862 0.9172
vn -0.0525 -0.9242 0.3783
vn -0.1069 -0.9201 0.3768
vn -0.1156 -0.9933 -0.0018
vn -0.0557 -0.9984 -0.0053
vn -0.1059 -0.7085 -0.6978
vn -0.0521 -0.7068 -0.7055
vn -0.9327 0.3028 0.1959
vn -0.7095 0.3011 0.6372
vn -0.5839 0.2865 0.7596
vn -0.9674 0.1341 0.2147
vn -0.9277 0.3139 0.2022
vn -0.7738 0.2201 0.5940
vn -0.9142 0.3426 -0.2167
vn -0.9674 0.2398 -0.0812
vn -0.8517 0.4137 0.3217
vn -0.9807 0.1543 -0.1203
vn -0.3470 0.4360 -0.8304
vn -0.3797 0.2523 -0.8901
vn -0.5613 0.2465 -0.7901
vn -0.0126 0.2239 -0.9745
vn -0.0302 0.4320 -0.9014
vn -0.3510 0.4242 -0.8347
vn -0.0442 0.4262 -0.9036
vn -0.3880 0.2439 -0.8888
vn -0.0453 0.2384 -0.9701
vn -0.0325 0.2449 0.9690
vn -0.0224 0.3500 0.9365
vn -0.8508 0.3166 -0.4194
vn -0.7668 0.2581 -0.5877
vn -0.9437 0.3212 -0.0789
vn -0.9778 0.1634 0.1311
vn -0.9971 0.0293 0.0697
vn -0.1643 -0.7253 -0.6686
vn -0.0038 -0.7034 -0.7108
vn -0.0057 -0.6945 -0.7195
vn -0.0701 -0.7114 -0.6992
vn -0.3025 -0.4730 0.8275
vn -0.2864 -0.8570 0.4284
vn -0.2055 -0.8847 0.4185
vn -0.2859 -0.4387 0.8519
vn -0.0101 -0.3849 0.9229
vn -0.0073 -0.3909 0.9204
vn -0.0645 -0.9962 0.0577
vn -0.0049 -1.0000 -0.0005
vn -0.0012 -0.0078 -1.0000
vn -0.0018 0.0017 -1.0000
vn 0.0158 0.7055 -0.7085
vn 0.0173 0.7117 -0.7023
vn -0.0001 1.0000 -0.0043
vn -0.0007 1.0000 0.0052
vn -0.0066 0.7057 0.7085
vn -0.0133 0.0000 0.9999
vn -0.0131 0.0016 0.9999
vn -0.0097 -0.7064 0.7077
vn -0.0092 -0.6532 0.7571
vn -0.0024 -0.3785 -0.9256
vn 0.0014 -0.3767 -0.9263
vn -0.0076 -0.9231 0.3845
vn -0.0344 0.9909 -0.1301
vn -0.2292 0.9527 -0.1996
vn -0.0733 0.9819 -0.1744
vn 0.0230 0.9473 -0.3195
vn -0.1055 -0.3782 0.9197
vn -0.1119 -0.3806 0.9179
vn -0.1138 -0.3813 0.9174
vn -0.1037 -0.3775 0.9202
vn -0.7735 0.2477 -0.5833
vn -0.1227 -0.7432 -0.6578
vn -0.0743 -0.9231 -0.3773
vn -0.0645 -0.9962 0.0578
vn 0.0103 -0.9622 -0.2720
vn -0.0049 -1.0000 -0.0006
vn 0.0077 -0.7080 -0.7062
vn 0.0380 -0.3753 -0.9261
vn 0.0361 -0.3793 0.9246
vn 0.9649 -0.2626 -0.0004
vn 0.9507 -0.2266 -0.2117
vn 0.9471 -0.2445 -0.2076
vn 0.9506 -0.0006 -0.3104
vn 0.9508 0.0037 -0.3098
vn 0.9479 0.2254 -0.2250
vn 0.9505 0.2202 -0.2191
vn 0.9656 0.2599 0.0002
vn 0.9702 0.2424 -0.0002
vn 0.9685 -0.2489 -0.0005
vn 0.9485 -0.2407 0.2059
vn 0.9521 -0.2223 0.2098
vn 0.9505 0.0023 0.3108
vn 0.9502 -0.0002 0.3115
vn 0.9477 0.2253 0.2259
vn 0.9503 0.2209 0.2193
vn 0.0793 -0.1460 -0.9861
vn 0.1176 0.7073 -0.6970
vn 0.1327 -0.0003 -0.9912
vn 0.1186 0.7021 -0.7021
vn 0.1226 0.9925 -0.0011
vn 0.1220 0.9925 0.0008
vn 0.1203 0.7068 0.6971
vn 0.1173 0.6983 0.7062
vn 0.1108 0.3866 0.9156
vn 0.1083 0.3858 0.9162
vn 0.0580 -0.9239 0.3782
vn 0.1278 -0.9918 -0.0018
vn 0.1183 -0.9189 0.3763
vn 0.0616 -0.9981 -0.0052
vn 0.1168 -0.7079 -0.6966
vn 0.0575 -0.7064 -0.7055
vn 0.9339 0.2996 0.1951
vn 0.5583 0.2847 0.7793
vn 0.7006 0.2995 0.6477
vn 0.9663 0.1307 0.2217
vn 0.9276 0.3141 0.2021
vn 0.7731 0.2473 0.5840
vn 0.9176 0.3419 -0.2027
vn 0.8492 0.4191 0.3212
vn 0.9365 0.2278 0.2665
vn 0.9674 0.2401 -0.0811
vn 0.9807 0.1542 -0.1199
vn 0.2947 0.4382 -0.8492
vn 0.5048 0.2633 -0.8221
vn 0.3365 0.2638 -0.9040
vn 0.2783 0.4300 -0.8588
vn 0.3005 0.2499 -0.9204
vn 0.9676 0.2354 0.0909
vn 0.8723 0.3277 -0.3630
vn 0.8187 0.2872 -0.4973
vn 0.9456 0.3156 -0.0793
vn 0.9777 0.1580 0.1386
vn 0.9946 0.0402 0.0954
vn 0.1297 -0.7411 -0.6588
vn 0.0560 -0.7155 -0.6963
vn 0.2984 -0.4690 0.8312
vn 0.2170 -0.8805 0.4214
vn 0.2989 -0.8511 0.4316
vn 0.2817 -0.4377 0.8539
vn 0.0050 -1.0000 -0.0005
vn 0.0652 -0.9962 0.0570
vn 0.0011 -0.0076 -1.0000
vn -0.0148 0.7056 -0.7085
vn 0.0016 0.0015 -1.0000
vn -0.0164 0.7090 -0.7050
vn 0.0002 1.0000 -0.0042
vn 0.0006 1.0000 0.0016
vn 0.0066 0.7031 0.7110
vn 0.0126 -0.0001 0.9999
vn 0.0124 -0.0022 0.9999
vn 0.0092 -0.7064 0.7077
vn 0.0087 -0.6503 0.7596
vn 0.0025 -0.3786 -0.9256
vn -0.0013 -0.3767 -0.9263
vn 0.0072 -0.9231 0.3845
vn 0.0713 0.9794 -0.1887
vn 0.1712 0.9593 -0.2244
vn -0.0218 0.9473 -0.3195
vn 0.1168 -0.3778 0.9185
vn 0.1258 -0.3807 0.9161
vn 0.1236 -0.3800 0.9167
vn 0.1147 -0.3771 0.9191
vn 0.8749 0.1893 -0.4459
vn 0.0918 -0.7603 -0.6431
vn 0.0679 -0.9322 -0.3556
vn -0.0114 -0.9557 -0.2942
vn 0.0050 -1.0000 -0.0006
vn 0.0679 -0.9321 -0.3557
vn -0.0077 -0.7080 -0.7061
vn -0.0389 -0.3753 -0.9261
vn -0.0369 -0.3793 0.9245
vn 0.9763 -0.1528 -0.1533
vn 0.9665 -0.0088 -0.2566
vn 0.9640 -0.0218 -0.2649
vn 0.9665 0.1812 -0.1820
vn 0.9666 0.1835 -0.1790
vn 0.9646 0.2638 0.0002
vn 0.9664 0.2572 0.0005
vn 0.9769 0.1509 0.1512
vn 0.9800 0.1409 0.1406
vn 0.9787 -0.1447 -0.1454
vn 0.9650 -0.2614 -0.0206
vn 0.9675 -0.2528 -0.0074
vn 0.9664 -0.1805 0.1832
vn 0.9662 -0.1824 0.1821
vn 0.9645 -0.0004 0.2643
vn 0.9662 0.0008 0.2577
vn 0.1020 0.9948 0.0007
vn 0.1034 0.9946 0.0027
vn 0.1134 0.7043 0.7008
vn 0.1136 0.6999 0.7051
vn 0.1223 0.0065 0.9925
vn 0.1198 -0.0017 0.9928
vn 0.1034 -0.3780 0.9200
vn 0.1151 -0.7003 -0.7045
vn 0.1128 -0.7002 -0.7050
vn 0.0984 -0.0028 -0.9951
vn 0.1095 -0.9177 0.3819
vn 0.1082 -0.9176 0.3825
vn -0.9750 -0.1570 -0.1575
vn -0.9620 -0.0224 -0.2720
vn -0.9646 -0.0090 -0.2635
vn -0.9646 0.1861 -0.1869
vn -0.9647 0.1885 -0.1839
vn -0.9626 0.2709 0.0002
vn -0.9645 0.2641 0.0006
vn -0.9756 0.1551 0.1554
vn -0.9788 0.1448 0.1445
vn -0.9775 -0.1487 -0.1494
vn -0.9657 -0.2597 -0.0076
vn -0.9630 -0.2685 -0.0211
vn -0.9645 -0.1854 0.1881
vn -0.9643 -0.1874 0.1871
vn -0.9625 -0.0004 0.2714
vn -0.9643 0.0009 0.2647
vn -0.1019 0.9948 0.0007
vn -0.1033 0.9946 0.0027
vn -0.1133 0.7043 0.7008
vn -0.1222 0.0065 0.9925
vn -0.1033 -0.3780 0.9200
vn -0.1150 -0.7003 -0.7045
vn -0.1127 -0.7002 -0.7050
vn -0.1010 -0.0029 -0.9949
vn -0.0983 -0.0028 -0.9952
vn -0.1094 -0.9177 0.3819
vn -0.1154 -0.9182 0.3790
vn -0.1081 -0.9176 0.3825
vn 0.9999 -0.0114 0.0020
vn 0.9999 -0.0113 0.0020
vn 0.9998 -0.0161 0.0067
vn 1.0000 -0.0066 -0.0027
vn 0.9999 -0.0014 -0.0155
vn 1.0000 -0.0013 0.0008
vn -1.0000 0.0028 0.0036
vn -1.0000 -0.0010 0.0045
vn -1.0000 -0.0010 0.0017
vn -0.9999 -0.0003 0.0122
vn -1.0000 0.0065 -0.0007
vn -1.0000 0.0088 -0.0030
vn 0.9651 0.2255 0.1333
vn 0.5925 0.4891 0.6401
vn 0.5728 0.6159 0.5409
vn 0.9862 0.1645 0.0179
vn 0.9935 -0.0871 -0.0733
vn 0.9999 -0.0002 -0.0125
vn 0.4626 -0.0178 -0.8864
vn 0.4755 0.0820 -0.8759
vn -0.0251 0.5205 0.8535
vn -0.0240 0.6749 0.7375
vn 0.8939 0.3146 0.3193
vn 0.5119 0.4948 0.7022
vn -0.0222 0.5864 0.8097
vn -0.0192 0.9980 -0.0607
vn 0.3649 0.9303 -0.0356
vn 0.5760 0.8171 -0.0253
vn -0.0237 0.9974 -0.0680
vn 0.5871 0.7883 -0.1842
vn 0.6017 0.7791 -0.1761
vn 0.7048 0.7052 -0.0769
vn 0.4105 0.8250 -0.3885
vn 0.3173 0.8179 -0.4800
vn -0.0105 0.1205 -0.9927
vn -0.0119 -0.0379 -0.9992
vn -0.0085 0.7641 -0.6450
vn -0.0073 0.7623 -0.6472
vn 0.9821 -0.1644 -0.0918
vn 0.9991 0.0279 -0.0318
vn 0.5197 0.2255 -0.8241
vn 0.5522 0.2792 0.7856
vn 0.9299 0.0908 0.3564
vn -0.0222 0.3350 0.9419
vn -0.0101 0.2629 -0.9648
vn 0.0264 -0.9397 -0.3410
vn 0.0086 -0.9916 -0.1291
vn -0.0014 -0.9843 -0.1763
vn -0.0035 -0.9460 -0.3243
vn -0.0013 -0.9968 0.0803
vn -0.0065 -0.9671 0.2543
vn 0.0006 -0.8888 0.4583
vn 0.0006 -0.7426 0.6697
vn 0.7730 0.2991 0.5595
vn -0.0187 0.5223 0.8526
vn -0.0257 0.4834 0.8750
vn 0.6827 0.3601 0.6358
vn 0.8484 -0.0093 -0.5292
vn -0.0129 0.2427 -0.9700
vn 0.3154 0.1647 -0.9345
vn 0.5046 0.2699 -0.8201
vn -0.0135 0.2533 -0.9673
vn -0.9681 0.2296 0.1002
vn -0.5645 0.6106 0.5554
vn -0.5735 0.4950 0.6527
vn -0.9866 0.1623 0.0156
vn -0.9855 -0.0946 -0.1410
vn -0.9940 -0.0016 -0.1095
vn -0.4731 -0.0198 -0.8808
vn -0.4846 0.0810 -0.8710
vn -0.8723 0.3219 0.3682
vn -0.5316 0.4880 0.6922
vn -0.5916 0.8058 -0.0256
vn -0.3792 0.9239 -0.0505
vn -0.4463 0.8550 -0.2641
vn -0.4129 0.8656 -0.2833
vn -0.6979 0.6842 -0.2116
vn -0.6772 0.7289 -0.1004
vn -0.3281 0.8187 -0.4713
vn -0.4142 0.8243 -0.3860
vn -0.9751 -0.1662 -0.1468
vn -0.9994 0.0300 -0.0195
vn -0.5272 0.2250 -0.8194
vn -0.5710 0.2756 0.7733
vn -0.9091 0.0982 0.4047
vn -0.0316 -0.9394 -0.3415
vn -0.0098 -0.9916 -0.1286
vn 0.0013 -0.9970 0.0773
vn 0.0079 -0.9651 0.2619
vn -0.7850 0.2943 0.5451
vn -0.7028 0.3513 0.6186
vn -0.8484 -0.0093 -0.5292
vn -0.5143 0.2702 -0.8139
vn -0.3300 0.1668 -0.9291
vn -0.9740 0.1798 0.1379
vn -0.9416 0.1738 0.2884
vn 0.9793 -0.1841 0.0842
vn 0.9029 -0.4051 0.1435
vn 0.9991 -0.0322 0.0279
vn 0.8020 -0.5608 0.2056
vn -0.8926 -0.4203 0.1635
vn -0.7779 -0.5858 0.2275
vn -0.9758 -0.1943 0.1002
vn -0.9987 -0.0344 0.0371
vn -0.1021 -0.2936 0.9505
vn 0.0276 -0.8776 0.4787
vn 0.1125 -0.2935 0.9493
vn -0.0197 -0.8797 0.4750
vn -0.0025 0.9063 -0.4226
vn -0.0007 0.9089 -0.4170
vn -0.0033 0.9052 -0.4250
vn -0.5007 0.3628 -0.7859
vn -0.5006 0.2026 -0.8417
vn -0.5132 0.1826 -0.8386
vn -0.4627 0.3981 -0.7921
vn -0.3617 -0.7771 -0.5150
vn -0.2099 -0.2600 0.9425
vn 0.3533 -0.7660 -0.5371
vn 0.4708 0.2181 -0.8549
vn 0.4734 0.3538 -0.8067
vn 0.4488 0.3413 -0.8259
vn 0.4884 0.2286 -0.8421
vn 0.2291 -0.2627 0.9373
vn 0.9707 0.2362 -0.0442
vn 0.9890 0.1395 -0.0488
vn -0.9885 0.1511 -0.0079
vn -0.9736 0.2284 -0.0050
vn -0.1084 0.4024 0.9090
vn 0.0964 0.3968 0.9128
vn -0.4575 -0.0032 -0.8892
vn -0.2308 0.3307 0.9151
vn 0.4312 0.0203 -0.9020
vn 0.2030 0.3544 0.9128
vn -0.0668 0.7149 0.6960
vn 0.0453 0.7208 0.6916
vn -0.8914 0.4516 -0.0388
vn -0.8541 0.5200 0.0042
vn 0.8834 0.4635 -0.0695
vn 0.8246 0.5656 -0.0095
vn 0.0019 -1.0000 -0.0083
vn 0.0033 0.0389 -0.9992
vn 0.0063 0.0406 -0.9992
vn 0.0092 0.0422 -0.9991
vn -0.0001 0.0369 -0.9993
vn -0.0059 -0.3162 0.9487
vn -0.0360 0.3430 0.9386
vn -0.0393 0.3550 0.9340
vn -0.0268 0.6901 0.7232
vn -0.0193 0.6961 0.7177
vn -0.9818 -0.1752 -0.0738
vn -0.9732 -0.1379 -0.1838
vn -0.9986 -0.0521 -0.0080
vn -0.9637 -0.1633 0.2113
vn -0.9400 -0.3412 0.0089
vn -0.8892 -0.0589 0.4537
vn -0.9329 -0.3598 0.0126
vn -0.9963 0.0598 0.0613
vn -0.8799 0.3542 0.3167
vn -0.9159 0.3979 0.0523
vn -0.9221 0.0392 0.3851
vn -0.9373 -0.3272 0.1204
vn -0.9085 -0.0719 0.4117
vn -0.8641 0.1183 0.4892
vn -0.7082 0.2542 0.6586
vn -0.3736 0.9238 0.0839
vn -0.0396 0.8297 0.5568
vn -0.0139 0.9958 0.0903
vn -0.2785 0.7186 0.6373
vn -0.0487 0.3038 0.9515
vn -0.0256 0.2976 0.9543
vn 0.5477 -0.8164 -0.1831
vn 0.9535 -0.3012 0.0107
vn 0.6437 0.1404 -0.7523
vn 0.5878 -0.5253 0.6152
vn 0.9877 -0.0773 0.1356
vn 0.9819 0.0336 -0.1866
vn 0.9831 -0.1808 -0.0296
vn 0.9953 -0.0882 0.0404
vn 0.6880 -0.2018 0.6971
vn 0.9452 0.0464 0.3232
vn 0.9022 -0.0752 0.4246
vn 0.9493 -0.2898 0.1221
vn 0.9990 0.0390 0.0213
vn 0.9202 -0.3908 0.0234
vn 0.9234 -0.3823 0.0347
vn 0.9991 -0.0397 0.0166
vn 0.2667 0.1428 0.9531
vn 0.6776 0.7344 0.0379
vn 0.5656 0.6795 0.4673
vn 0.1911 0.2307 0.9541
vn 0.0722 0.0258 -0.9971
vn -0.9642 0.0846 -0.2515
vn -0.9677 0.0897 -0.2354
vn 0.0615 0.5306 -0.8454
vn 0.0077 0.5483 -0.8362
vn -0.0001 0.3826 -0.9239
vn -0.9999 -0.0047 0.0155
vn -0.9999 -0.0067 0.0132
vn -0.9999 -0.0071 0.0127
vn -0.9999 -0.0047 0.0156
vn -0.9999 -0.0046 0.0158
vn -0.9999 -0.0041 -0.0160
vn -0.9999 -0.0044 -0.0153
vn -0.9998 -0.0036 -0.0170
vn -0.9999 -0.0045 -0.0150
vn -0.9993 0.0147 -0.0330
vn 1.0000 -0.0009 0.0086
vn 1.0000 -0.0019 0.0074
vn 1.0000 -0.0034 0.0088
vn 1.0000 0.0022 0.0044
vn 0.9999 -0.0022 0.0141
vn 0.9999 0.0006 -0.0110
vn 1.0000 0.0019 -0.0075
vn 0.9999 -0.0013 -0.0159
vn 1.0000 0.0025 -0.0060
vn 0.9999 0.0144 0.0066
vn 0.9962 -0.0858 0.0151
vn 0.7660 0.6330 -0.1116
vn 0.0872 0.9811 -0.1730
vn -0.6428 0.7544 -0.1330
vn -0.9962 0.0858 -0.0151
vn -0.7660 -0.6330 0.1116
vn -0.0872 -0.9811 0.1730
vn 0.6428 -0.7544 0.1330
vn 0.1982 -0.0039 -0.9801
vn 0.2578 -0.1899 -0.9474
vn 0.0226 0.0861 -0.9960
vn -0.1663 0.0275 -0.9857
vn -0.2578 -0.1455 -0.9552
vn -0.1982 -0.3315 -0.9224
vn -0.0226 -0.4216 -0.9065
vn 0.1663 -0.3629 -0.9169
vn 0.3999 0.1824 -0.8982
vn 0.7186 -0.1822 -0.6712
vn 0.5201 -0.1929 -0.8320
vn 0.5525 0.3363 -0.7626
vn 0.0455 0.3641 -0.9302
vn 0.0629 0.5874 -0.8069
vn -0.3356 0.2458 -0.9094
vn -0.4636 0.4239 -0.7780
vn -0.5201 -0.1033 -0.8478
vn -0.7186 -0.0584 -0.6930
vn -0.3999 -0.4786 -0.7817
vn -0.5525 -0.5769 -0.6016
vn -0.0455 -0.6603 -0.7496
vn -0.0629 -0.8279 -0.5573
vn 0.3356 -0.5420 -0.7705
vn 0.4636 -0.6644 -0.5862
vn 0.4105 -0.0197 0.9117
vn 0.3920 0.2830 0.8754
vn 0.2563 0.1808 0.9495
vn 0.0003 -0.0717 0.9974
vn 0.0126 0.2432 0.9699
vn 0.0000 -0.4628 0.8864
vn 0.4182 -0.4289 0.8007
vn 0.7654 0.0404 0.6423
vn 0.7353 0.3413 0.5855
vn 0.6054 0.2249 0.7635
vn 0.7204 -0.5154 0.4641
vn 0.9667 0.0297 0.2542
vn 0.8473 -0.5308 0.0157
vn 0.8121 -0.5646 -0.1471
vn 0.9996 0.0158 -0.0213
vn 0.9954 0.0478 0.0826
vn 0.9699 0.1495 0.1922
vn 0.8085 -0.5276 -0.2606
vn 0.9988 0.0045 -0.0495
vn 0.7400 -0.6517 -0.1665
vn 0.9986 0.0130 -0.0510
vn 0.1010 0.9557 0.2765
vn 0.2602 0.8389 0.4781
vn 0.0915 0.9950 0.0408
vn -0.0575 0.9954 -0.0761
vn 0.1309 0.9749 0.1801
vn 0.3202 0.9182 0.2332
vn 0.0117 0.9990 -0.0428
vn -0.0740 0.9972 0.0145
vn 0.1758 0.9787 0.1062
vn -0.0639 0.9979 0.0120
vn 0.1647 0.9722 0.1667
vn 0.1912 0.9814 0.0178
vn 0.0625 0.9976 0.0300
vn -0.0589 0.9914 0.1173
vn 0.1458 -0.3639 -0.9200
vn 0.1516 -0.0781 -0.9854
vn 0.1518 -0.0636 -0.9864
vn 0.1399 -0.3614 -0.9219
vn 0.1883 0.9090 -0.3720
vn 0.2047 0.8977 -0.3902
vn 0.0000 -0.8924 0.4513
vn 0.1829 -0.9037 0.3871
vn 0.2412 -0.9615 0.1318
vn 0.2802 -0.9401 -0.1940
vn 0.1174 -0.9407 -0.3182
vn 0.8440 0.1733 0.5076
vn -0.2160 0.9584 -0.1868
vn 0.0017 0.9479 -0.3185
vn 0.0559 0.9981 -0.0256
vn -0.2613 0.9647 0.0338
vn -0.2861 0.9445 0.1612
vn -0.0000 0.9947 0.1032
vn -0.0000 0.9589 0.2839
vn -0.0062 0.9965 -0.0836
vn 0.0319 -0.9993 -0.0213
vn 0.0457 -0.9665 -0.2525
vn 0.0440 -0.8985 -0.4367
vn 0.0000 -1.0000 0.0073
vn 0.0000 -0.9655 -0.2605
vn -0.0000 -0.8936 -0.4489
vn -0.0968 0.0266 -0.9949
vn -0.0142 0.1000 -0.9949
vn 0.0000 0.1210 -0.9927
vn 0.0000 0.1322 -0.9912
vn -0.1345 -0.0112 -0.9909
vn -0.2519 -0.1306 -0.9589
vn -1.0000 0.0002 0.0012
vn -1.0000 0.0003 0.0019
vn 0.1209 0.5424 -0.8314
vn 0.1343 0.5304 -0.8370
vn 0.1801 -0.9627 -0.2020
vn 0.1656 -0.9220 -0.3500
vn 1.0000 -0.0026 -0.0088
vn -0.2263 0.1804 0.9572
vn -0.4221 0.2730 0.8644
vn -0.4096 -0.0199 0.9120
vn -0.4182 -0.4290 0.8007
vn -0.6314 0.2123 0.7458
vn -0.7225 0.3484 0.5971
vn -0.7648 0.0387 0.6431
vn -0.7204 -0.5154 0.4641
vn -0.8664 0.2108 0.4526
vn -0.9401 0.2692 0.2093
vn -0.9666 0.0460 0.2522
vn -0.8473 -0.5308 0.0157
vn -0.9874 0.0813 0.1358
vn -0.8110 -0.5659 -0.1486
vn -0.9995 0.0151 -0.0260
vn -0.8085 -0.5276 -0.2606
vn -0.7400 -0.6517 -0.1665
vn -0.9988 0.0045 -0.0495
vn -0.9986 0.0130 -0.0510
vn 0.0371 0.9952 -0.0908
vn -0.0893 0.9522 0.2921
vn -0.0011 0.8898 0.4563
vn -0.1548 0.9785 0.1365
vn -0.3252 0.8018 0.5013
vn 0.0579 0.9983 -0.0007
vn -0.1362 0.9743 0.1794
vn -0.0372 0.9987 -0.0341
vn -0.3608 0.8980 0.2518
vn 0.0555 0.9983 0.0204
vn -0.1750 0.9787 0.1077
vn -0.0296 0.9990 -0.0334
vn -0.4242 0.9044 0.0467
vn 0.0620 0.9114 0.4068
vn -0.1391 0.9704 0.1972
vn -0.0596 0.9978 0.0302
vn -0.1914 0.9814 0.0141
vn -0.1518 -0.0636 -0.9864
vn -0.1516 -0.0781 -0.9854
vn -0.1458 -0.3639 -0.9200
vn -0.1399 -0.3614 -0.9219
vn -0.2047 0.8977 -0.3902
vn -0.1883 0.9090 -0.3720
vn -0.1829 -0.9038 0.3870
vn -0.2412 -0.9615 0.1319
vn -0.2802 -0.9401 -0.1940
vn -0.1174 -0.9407 -0.3182
vn 0.2159 0.9577 -0.1902
vn 0.2749 0.9609 0.0346
vn 0.2899 0.9456 0.1480
vn -0.0319 -0.9993 -0.0213
vn -0.0457 -0.9665 -0.2525
vn -0.0440 -0.8985 -0.4367
vn 0.0142 0.1000 -0.9949
vn 0.0968 0.0266 -0.9949
vn 0.1345 -0.0112 -0.9909
vn 0.2519 -0.1306 -0.9589
vn 1.0000 0.0003 0.0019
vn 1.0000 0.0002 0.0012
vn -0.1343 0.5304 -0.8370
vn -0.1209 0.5424 -0.8314
vn -0.1801 -0.9627 -0.2021
vn -0.1656 -0.9220 -0.3500
vn -1.0000 -0.0026 -0.0088
vn 0.3660 0.9294 0.0482
vn 0.9348 0.1866 -0.3022
vn 0.9881 0.1535 0.0035
vn 0.8812 -0.4441 0.1623
vn 0.8622 -0.3844 -0.3300
vn 0.6504 0.1607 -0.7424
vn 0.6159 -0.2313 -0.7531
vn 0.2805 0.1188 -0.9525
vn 0.2777 -0.1533 -0.9484
vn 0.0000 0.1051 -0.9945
vn 0.0000 -0.1424 -0.9898
vn 0.8948 0.3092 -0.3220
vn 0.9520 0.3060 0.0117
vn 0.6860 0.2437 -0.6856
vn 0.3339 0.1062 -0.9366
vn 0.0000 0.0509 -0.9987
vn 0.2560 -0.0721 0.9640
vn 0.4937 -0.1825 0.8503
vn 0.5288 0.2743 0.8032
vn -0.0077 0.0783 0.9969
vn -0.0088 -0.1115 0.9937
vn 0.6549 -0.1004 0.7490
vn 0.7974 -0.1973 0.5703
vn 0.7272 0.3877 0.5664
vn 0.8963 -0.1116 0.4291
vn 0.9576 -0.1765 0.2277
vn 0.8791 0.3595 0.3130
vn 0.9943 0.0656 0.0837
vn 0.9367 0.0800 -0.3407
vn 0.9049 0.0993 0.4140
vn 0.7712 0.0620 -0.6335
vn 0.0000 -0.0089 -1.0000
vn 0.4382 0.0231 -0.8986
vn 0.6493 0.4476 0.6148
vn 0.6644 0.1449 0.7332
vn 0.4359 0.4557 0.7761
vn 0.5208 0.3095 0.7956
vn -0.0004 0.2177 0.9760
vn -0.0021 0.5467 0.8373
vn 0.8518 0.1303 0.5074
vn 0.9400 -0.1047 -0.3247
vn 0.9943 -0.0893 0.0587
vn 0.7624 -0.1017 -0.6391
vn 0.4469 -0.0806 -0.8909
vn 0.0000 -0.0767 -0.9971
vn 0.9171 -0.0778 0.3911
vn 0.9354 0.0530 -0.3495
vn 0.9974 0.0609 0.0389
vn 0.7344 0.0613 -0.6759
vn 0.4057 0.0898 -0.9096
vn 0.0000 0.0947 -0.9955
vn 0.4530 0.2829 0.8454
vn -0.0070 0.3348 0.9423
vn 0.0010 0.1023 0.9948
vn 0.5355 -0.0257 0.8441
vn 0.7669 0.1663 0.6198
vn 0.7952 -0.1529 0.5867
vn 0.9206 0.0950 0.3788
vn 0.8866 0.4626 0.0020
vn 0.8125 0.4737 -0.3398
vn 0.4241 0.8770 -0.2261
vn 0.4759 0.8777 -0.0570
vn 0.6049 0.5110 -0.6107
vn 0.2971 0.8839 -0.3612
vn 0.3175 0.5511 -0.7717
vn 0.1362 0.8998 -0.4146
vn -0.0155 0.5743 -0.8185
vn -0.0119 0.9021 -0.4314
vn -0.0191 0.7006 0.7133
vn 0.3579 0.6601 0.6604
vn 0.1440 0.9568 0.2525
vn 0.0000 0.9661 0.2583
vn 0.6446 0.5635 0.5166
vn 0.3257 0.9214 0.2121
vn 0.8135 0.4920 0.3101
vn 0.4403 0.8920 0.1024
vn 0.2115 0.9737 -0.0850
vn 0.1747 0.9650 -0.1955
vn 0.1071 0.9591 -0.2620
vn 0.0000 0.9531 -0.3027
vn 0.1040 0.9888 0.1071
vn 0.0009 0.9912 0.1326
vn 0.1950 0.9806 0.0187
vn 0.4836 -0.0756 0.8720
vn 0.0027 0.0754 0.9971
vn 0.7566 -0.2155 0.6174
vn 0.7012 0.4262 0.5716
vn 0.6883 0.4966 0.5289
vn 0.7435 0.4393 0.5042
vn 0.7136 0.3703 0.5947
vn 0.7748 -0.1568 0.6124
vn 0.9592 0.0552 0.2774
vn 0.8553 0.4675 0.2236
vn -0.0765 0.1122 0.9907
vn 0.9861 0.0036 0.1663
vn 0.0793 0.4429 0.8931
vn 0.9333 -0.3145 0.1735
vn 0.6860 -0.4499 0.5718
vn 0.7911 -0.4237 0.4412
vn 0.8137 -0.4728 0.3381
vn 0.6329 -0.5354 0.5592
vn 0.7173 0.5936 0.3649
vn 0.7211 0.6299 0.2885
vn 0.5976 0.6565 0.4603
vn 0.5811 0.6894 0.4325
vn 0.5421 0.6140 0.5737
vn 0.4809 0.6454 0.5935
vn 0.4902 0.4816 0.7264
vn 0.4136 0.4985 0.7618
vn 0.4704 0.1060 0.8760
vn 0.3858 0.0946 0.9177
vn 0.5898 -0.3178 0.7424
vn 0.4894 -0.3619 0.7934
vn 0.8612 0.3915 0.3242
vn 0.9486 0.0423 0.3135
vn 0.9066 -0.2465 0.3424
vn 0.8170 -0.3379 0.4673
vn 0.1694 -0.9813 0.0912
vn 0.7349 0.5311 0.4216
vn 0.6990 0.5684 0.4339
vn -0.4022 0.8901 -0.2145
vn 0.5479 0.4214 0.7227
vn 0.5972 0.1180 0.7934
vn 0.6454 -0.2358 0.7265
vn 0.8073 0.1130 0.5792
vn 0.9349 -0.1492 0.3221
vn 0.4653 -0.6910 0.5532
vn 0.2245 -0.4499 0.8644
vn 0.3376 -0.5714 0.7480
vn 0.5210 -0.5962 0.6108
vn 0.5921 -0.6600 0.4625
vn 0.6908 -0.6614 0.2921
vn 0.7742 -0.6042 0.1887
vn 0.9759 -0.1708 0.1355
vn 0.9956 0.0717 0.0604
vn 0.3586 -0.9199 -0.1586
vn 0.3878 -0.8257 -0.4097
vn 0.1606 -0.8082 -0.5666
vn 0.0000 -0.8228 -0.5684
vn 0.0001 -0.9960 -0.0892
vn -0.0530 -0.9980 -0.0358
vn -0.0742 -0.9959 -0.0526
vn -0.1279 -0.9833 -0.1296
vn -0.0745 -0.9969 -0.0249
vn -0.0204 -0.9945 0.1025
vn -0.0658 -0.9972 -0.0351
vn 0.0065 -0.9819 0.1895
vn 0.0195 -0.9824 0.1855
vn 0.0254 -0.9860 0.1647
vn -0.0557 -0.9975 -0.0428
vn -0.0000 -0.9999 0.0151
vn 0.0080 -0.9835 0.1805
vn 0.0219 -0.9575 0.2877
vn 0.0994 -0.1515 0.9835
vn 0.0742 -0.7303 0.6791
vn -0.0044 -0.9930 0.1179
vn 0.0045 -0.1700 0.9854
vn 0.0013 -0.7441 0.6681
vn 0.0163 -0.9998 0.0081
vn 0.0000 -1.0000 0.0087
vn -0.8809 -0.4455 0.1596
vn -0.9897 0.1430 0.0062
vn -0.9356 0.1902 -0.2974
vn -0.8622 -0.3844 -0.3300
vn -0.6504 0.1607 -0.7424
vn -0.6159 -0.2313 -0.7531
vn -0.2805 0.1188 -0.9525
vn -0.2777 -0.1533 -0.9484
vn -0.9527 0.3037 0.0125
vn -0.8962 0.3070 -0.3202
vn -0.6860 0.2437 -0.6856
vn -0.3339 0.1062 -0.9366
vn -0.5220 0.2727 0.8082
vn -0.5033 -0.1823 0.8447
vn -0.2401 -0.0576 0.9690
vn -0.7270 0.3882 0.5664
vn -0.7985 -0.2012 0.5674
vn -0.6511 -0.0964 0.7528
vn -0.8976 -0.1139 0.4258
vn -0.8800 0.3599 0.3101
vn -0.9585 -0.1663 0.2316
vn -0.9968 0.0198 0.0774
vn -0.9926 0.1057 0.0598
vn -0.9386 0.0818 -0.3351
vn -0.7712 0.0620 -0.6335
vn -0.4382 0.0231 -0.8986
vn -0.4345 0.4461 0.7825
vn -0.6518 0.1396 0.7454
vn -0.0131 0.2326 0.9725
vn -0.5272 0.3213 0.7866
vn -0.8244 0.1265 0.5517
vn -0.9939 -0.0944 0.0576
vn -0.9404 -0.1064 -0.3230
vn -0.7624 -0.1017 -0.6391
vn -0.4469 -0.0806 -0.8909
vn -0.9171 -0.0778 0.3911
vn -0.9949 0.0939 0.0371
vn -0.9319 0.0870 -0.3520
vn -0.7291 0.0989 -0.6773
vn -0.4071 0.1289 -0.9043
vn -0.4428 0.3437 0.8281
vn -0.5361 -0.0175 0.8440
vn -0.7595 0.2138 0.6144
vn -0.7952 -0.1529 0.5867
vn -0.9164 0.1328 0.3775
vn -0.4687 0.8502 -0.2397
vn -0.8172 0.4652 -0.3402
vn -0.8926 0.4509 0.0015
vn -0.5231 0.8507 -0.0529
vn -0.3312 0.8588 -0.3908
vn -0.6073 0.5076 -0.6112
vn -0.1540 0.8779 -0.4533
vn -0.3283 0.5624 -0.7589
vn -0.1704 0.9437 0.2837
vn -0.3709 0.6712 0.6418
vn -0.3608 0.9000 0.2447
vn -0.6475 0.5620 0.5148
vn -0.4833 0.8668 0.1227
vn -0.8196 0.4823 0.3092
vn -0.2044 0.9755 -0.0811
vn -0.1800 0.9641 -0.1953
vn -0.1073 0.9575 -0.2677
vn -0.1056 0.9889 0.1047
vn -0.1859 0.9825 0.0107
vn -0.5027 -0.0836 0.8604
vn -0.7598 -0.2144 0.6137
vn -0.6990 0.4278 0.5731
vn -0.6883 0.4966 0.5288
vn -0.6404 0.4396 0.6297
vn -0.7111 0.3756 0.5944
vn -0.7435 0.4393 0.5042
vn -0.7748 -0.1568 0.6124
vn -0.8834 0.4389 0.1641
vn -0.8481 0.4571 0.2681
vn -0.9501 0.0680 0.3044
vn -0.9848 0.0294 0.1713
vn -0.8283 -0.2702 0.4907
vn -0.9389 -0.3021 0.1649
vn -0.2915 0.6041 0.7417
vn -0.7889 -0.4272 0.4418
vn -0.6851 -0.4507 0.5723
vn -0.6292 -0.5280 0.5704
vn -0.3597 -0.1884 0.9139
vn -0.7183 0.5877 0.3724
vn -0.5950 0.6785 0.4309
vn -0.5976 0.6566 0.4602
vn -0.4923 0.6397 0.5902
vn -0.5420 0.6140 0.5737
vn -0.4136 0.4985 0.7618
vn -0.4954 0.4921 0.7159
vn -0.4196 0.1056 0.9015
vn -0.4312 0.0996 0.8968
vn -0.5878 -0.3246 0.7410
vn -0.5062 -0.3664 0.7807
vn -0.8878 0.3410 0.3090
vn -0.4078 -0.4655 0.7855
vn -0.9228 -0.2155 0.3195
vn -0.7964 -0.3290 0.5075
vn -0.7240 -0.3704 0.5819
vn 0.3961 0.3610 0.8442
vn -0.6473 0.5765 0.4986
vn -0.6167 0.5414 0.5714
vn -0.5723 0.4491 0.6861
vn -0.5972 0.1180 0.7934
vn -0.6602 -0.2640 0.7032
vn -0.8096 0.1092 0.5768
vn -0.9135 -0.1247 0.3872
vn -0.4648 -0.6937 0.5502
vn -0.2376 -0.4528 0.8594
vn -0.3107 -0.5171 0.7976
vn 0.0036 -0.4366 0.8997
vn -0.5234 -0.5982 0.6068
vn -0.5950 -0.6600 0.4587
vn -0.6928 -0.6618 0.2866
vn -0.7617 -0.6196 0.1896
vn -0.9575 -0.2603 0.1239
vn -0.9911 0.1129 0.0711
vn -0.3586 -0.9199 -0.1586
vn -0.3878 -0.8257 -0.4097
vn -0.1606 -0.8082 -0.5666
vn 0.0531 -0.9980 -0.0350
vn 0.0752 -0.9958 -0.0518
vn 0.1250 -0.9824 -0.1390
vn 0.0742 -0.9964 -0.0404
vn 0.0650 -0.9967 -0.0480
vn 0.0110 -0.9901 0.1401
vn 0.0621 0.9114 0.4068
vn -0.0632 -0.9023 0.4264
vn -0.0385 -0.9567 0.2886
vn 0.0504 -0.9974 -0.0509
vn -0.0738 -0.7331 0.6761
vn -0.0965 -0.1579 0.9827
vn -0.0677 -0.8536 0.5166
vn -0.0163 -0.9998 0.0081
vn 0.2825 0.9377 -0.2022
vn 0.0111 0.9247 -0.3805
vn -0.2813 0.9496 -0.1383
vn -0.1316 0.9780 0.1621
vn 0.1981 0.9718 0.1283
vn 0.5770 -0.0029 -0.8168
vn 0.5745 -0.1490 -0.8049
vn 0.5738 -0.1380 -0.8073
vn 0.5765 -0.0028 -0.8171
vn -0.5778 -0.0845 -0.8118
vn -0.5761 -0.1098 -0.8099
vn -0.5763 -0.1135 -0.8093
vn -0.8858 -0.0961 0.4540
vn -0.4240 -0.0582 0.9038
vn -0.7612 0.0944 0.6416
vn -0.9644 0.0634 0.2567
vn -0.0240 0.1257 0.9918
vn 0.6996 0.0454 0.7131
vn 0.7404 0.0700 0.6685
vn 0.9646 0.0702 0.2540
vn 0.9657 -0.0047 0.2596
vn 0.5454 -0.2595 -0.7970
vn 0.5425 -0.2768 -0.7932
vn 0.4835 -0.4860 -0.7280
vn 0.4835 -0.4861 -0.7280
vn -0.5363 -0.3053 -0.7869
vn -0.5357 -0.3100 -0.7854
vn -0.4835 -0.4861 -0.7280
vn -0.4835 -0.4860 -0.7280
vn -0.8933 -0.3999 0.2053
vn -0.7217 -0.4354 0.5381
vn -0.5778 -0.6878 0.4394
vn -0.7777 -0.6090 0.1559
vn -0.0125 -0.4303 0.9026
vn -0.0000 -0.7238 0.6900
vn 0.7324 -0.3731 0.5695
vn 0.5778 -0.6878 0.4394
vn 0.9186 -0.3295 0.2182
vn 0.7777 -0.6090 0.1559
vn 0.4763 0.8750 -0.0862
vn -0.0000 0.8939 -0.4484
vn -0.0000 0.9989 0.0471
vn -0.4763 0.8750 -0.0862
vn -0.3804 0.8321 0.4037
vn -0.0000 0.8261 0.5635
vn 0.3803 0.8321 0.4037
vn 0.3901 0.8834 0.2597
vn 0.2245 0.9670 0.1207
vn 0.2342 0.9639 0.1264
vn 0.3962 0.8690 0.2965
vn 0.2137 0.0943 0.9723
vn -0.1158 0.1813 0.9766
vn -0.1442 0.2021 0.9687
vn 0.2140 0.0981 0.9719
vn 0.0904 0.9888 0.1188
vn 0.0913 0.9893 0.1137
vn -0.4490 0.1894 0.8732
vn -0.4496 0.2058 0.8692
vn 0.9240 -0.2044 0.3230
vn 0.8976 -0.2297 0.3761
vn 0.9116 -0.2169 0.3491
vn 0.9366 -0.1905 0.2940
vn 0.2664 -0.0519 -0.9625
vn 0.2870 -0.0558 -0.9563
vn 0.0256 -0.0062 -0.9997
vn 0.0256 -0.0065 -0.9997
vn -0.9018 0.1132 -0.4170
vn -0.8852 0.0466 -0.4628
vn -0.9043 0.1261 -0.4077
vn -0.9121 0.1773 -0.3698
vn 0.5025 -0.0977 -0.8590
vn -0.2525 -0.9610 0.1131
vn -0.2497 -0.9608 0.1207
vn -0.2027 -0.9758 0.0826
vn -0.2010 -0.9773 0.0675
vn -0.3005 -0.9461 0.1210
vn -0.3001 -0.9465 0.1184
vn -0.0682 0.9892 0.1294
vn -0.0560 0.9907 0.1243
vn -0.2518 0.9338 0.2543
vn -0.2578 0.9239 0.2827
vn 0.1810 0.1750 0.9678
vn 0.1378 0.1621 0.9771
vn -0.1870 0.1373 0.9727
vn -0.1866 0.1446 0.9717
vn 0.0991 0.9886 0.1137
vn 0.1000 0.9879 0.1188
vn 0.4753 0.1879 0.8595
vn 0.4742 0.1820 0.8614
vn -0.9535 -0.1195 0.2766
vn -0.9579 -0.1122 0.2642
vn -0.9506 -0.1243 0.2846
vn -0.9455 -0.1320 0.2976
vn -0.0256 -0.0024 -0.9997
vn -0.2961 0.0000 -0.9552
vn -0.2695 -0.0002 -0.9630
vn -0.0257 -0.0030 -0.9997
vn 0.8866 0.0153 -0.4624
vn 0.8953 0.0404 -0.4436
vn 0.8881 0.0197 -0.4592
vn 0.8808 0.0000 -0.4735
vn -0.5119 0.0000 -0.8590
vn 0.0067 -0.9975 0.0704
vn 0.0579 -0.9939 0.0943
vn 0.0647 -0.9937 0.0912
vn 0.0052 -0.9983 0.0581
vn 0.1314 -0.9781 0.1615
vn 0.1346 -0.9744 0.1798
vn 0.5802 -0.1322 -0.8037
vn 0.5783 -0.1231 -0.8065
vn -0.5788 -0.1034 -0.8089
vn -0.5786 -0.1035 -0.8090
vn -0.7689 0.0810 0.6342
vn -0.9665 0.0436 0.2528
vn 0.0301 0.1123 0.9932
vn 0.7915 0.0552 0.6086
vn 0.9648 0.0057 0.2631
vn -0.1286 0.0007 -0.9917
vn -0.1315 0.7064 -0.6955
vn -0.1163 0.7044 -0.7002
vn -0.1315 -0.0149 -0.9912
vn 0.0050 0.9999 0.0146
vn -0.0043 0.9996 -0.0281
vn 0.1619 0.6774 0.7176
vn 0.1671 0.7246 0.6686
vn 0.1264 -0.0247 0.9917
vn 0.2788 -0.5858 0.7610
vn 0.2100 -0.7051 0.6773
vn 0.0287 -0.9983 0.0504
vn -0.0289 -0.9972 -0.0684
vn -0.1390 -0.6863 -0.7139
vn -0.1648 -0.6915 -0.7034
vn 0.9087 -0.0000 -0.4174
vn 0.9173 0.2380 -0.3192
vn 0.9381 0.3366 -0.0821
vn 0.9588 0.2380 0.1551
vn 0.9674 0.0000 0.2532
vn 0.9588 -0.2380 0.1550
vn 0.9381 -0.3366 -0.0821
vn 0.9173 -0.2380 -0.3192
vn -0.6001 -0.0000 -0.7999
vn -0.5784 0.6005 -0.5522
vn -0.5261 0.8492 0.0460
vn -0.4738 0.6005 0.6442
vn -0.4521 0.0000 0.8920
vn -0.4738 -0.6005 0.6442
vn -0.5261 -0.8492 0.0460
vn -0.5784 -0.6005 -0.5522
vn 0.2807 -0.0006 -0.9598
vn 0.3200 0.6606 -0.6791
vn 0.3180 0.6469 -0.6931
vn 0.2807 0.0007 -0.9598
vn 0.4143 0.9098 -0.0242
vn 0.4102 0.9105 -0.0521
vn 0.5043 0.6253 0.5955
vn 0.5023 0.6398 0.5817
vn 0.5409 -0.0005 0.8411
vn 0.5409 0.0007 0.8411
vn 0.5070 -0.6248 0.5938
vn 0.5052 -0.6380 0.5811
vn 0.4186 -0.9078 -0.0247
vn 0.4145 -0.9085 -0.0524
vn 0.3234 -0.6602 -0.6779
vn 0.3211 -0.6454 -0.6931
vn 0.9788 0.0954 -0.1814
vn 0.9870 0.1356 -0.0866
vn 0.9964 -0.0016 -0.0853
vn 0.9752 0.0003 -0.2213
vn 0.9952 0.0973 0.0100
vn 0.9987 0.0003 0.0518
vn 0.9784 -0.0965 -0.1830
vn 0.9866 -0.1385 -0.0866
vn 0.9951 -0.0985 0.0118
vn 0.9596 -0.2158 0.1805
vn 0.7433 -0.6432 -0.1839
vn 0.7656 -0.5040 -0.3997
vn 0.7513 -0.4763 -0.4567
vn 0.8809 0.2426 -0.4063
vn 0.7671 0.3439 0.5416
vn 0.7676 -0.5579 0.3155
vn 0.7389 -0.6674 0.0929
vn 0.3318 -0.8944 -0.2998
vn 0.3746 -0.6475 -0.6637
vn 0.3978 -0.4500 -0.7995
vn 0.5496 0.4022 -0.7322
vn 0.6275 0.2399 0.7407
vn 0.4450 0.2530 0.8590
vn 0.3519 -0.7637 0.5412
vn 0.3250 -0.9334 0.1520
vn -0.1632 -0.9254 -0.3420
vn -0.1128 -0.6408 -0.7593
vn -0.0682 -0.3843 -0.9207
vn 0.0927 0.5204 -0.8489
vn 0.2550 0.2176 0.9421
vn 0.0421 0.2686 0.9623
vn -0.1369 -0.7688 0.6246
vn -0.1710 -0.9698 0.1737
vn -0.6227 -0.7250 -0.2944
vn -0.5732 -0.4808 -0.6636
vn -0.5281 -0.2878 -0.7989
vn -0.3781 0.5628 -0.7350
vn -0.1614 0.2968 0.9412
vn -0.3279 0.3876 0.8615
vn -0.5977 -0.5949 0.5375
vn -0.6403 -0.7529 0.1523
vn -0.9217 -0.3615 -0.1406
vn -0.8929 -0.2086 -0.3989
vn -0.8684 -0.1965 -0.4552
vn -0.8684 -0.1965 -0.4553
vn -0.7510 0.5193 -0.4079
vn -0.5124 0.4446 0.7347
vn -0.5952 0.6005 0.5340
vn -0.9168 -0.2856 0.2791
vn -0.0765 0.1123 0.9907
vn -0.9766 0.1155 0.1815
vn 0.5497 0.4023 -0.7321
vn -0.3782 0.5628 -0.7350
vn 0.0386 0.2192 0.9749
vn -0.0603 0.2142 0.9749
vn -0.1472 0.1668 0.9749
vn -0.2051 0.0864 0.9749
vn -0.2223 -0.0111 0.9749
vn -0.1954 -0.1064 0.9749
vn -0.1299 -0.1807 0.9749
vn -0.0386 -0.2191 0.9749
vn 0.0603 -0.2142 0.9749
vn 0.1472 -0.1668 0.9749
vn 0.2051 -0.0864 0.9749
vn 0.2223 0.0111 0.9749
vn 0.1954 0.1064 0.9749
vn 0.1299 0.1807 0.9749
vn -0.2149 0.7639 0.6085
vn -0.1689 0.6002 0.7818
vn 0.1083 0.6140 0.7818
vn 0.1378 0.7815 0.6085
vn -0.5251 0.5950 0.6085
vn -0.4125 0.4675 0.7818
vn -0.7312 0.3082 0.6085
vn -0.5745 0.2422 0.7818
vn -0.7926 -0.0396 0.6085
vn -0.6227 -0.0311 0.7818
vn -0.6969 -0.3795 0.6085
vn -0.5476 -0.2982 0.7818
vn -0.4632 -0.6443 0.6085
vn -0.3640 -0.5062 0.7818
vn -0.1378 -0.7815 0.6085
vn -0.1083 -0.6140 0.7818
vn 0.2149 -0.7639 0.6085
vn 0.1688 -0.6002 0.7818
vn 0.5251 -0.5950 0.6085
vn 0.4126 -0.4675 0.7818
vn 0.7312 -0.3082 0.6085
vn 0.5745 -0.2422 0.7818
vn 0.7926 0.0396 0.6085
vn 0.6227 0.0311 0.7818
vn 0.6969 0.3795 0.6085
vn 0.5476 0.2982 0.7818
vn 0.4632 0.6443 0.6085
vn 0.3640 0.5062 0.7818
vn -0.2645 0.9399 0.2160
vn 0.1696 0.9616 0.2160
vn -0.6461 0.7321 0.2160
vn -0.8997 0.3793 0.2160
vn -0.9752 -0.0487 0.2160
vn -0.8575 -0.4670 0.2160
vn -0.5700 -0.7928 0.2160
vn -0.1695 -0.9616 0.2160
vn 0.2645 -0.9399 0.2160
vn 0.6461 -0.7321 0.2160
vn 0.8997 -0.3793 0.2160
vn 0.9752 0.0487 0.2160
vn 0.8575 0.4670 0.2160
vn 0.5700 0.7928 0.2160
vn -0.2644 0.9399 -0.2160
vn 0.1696 0.9616 -0.2160
vn -0.6480 0.7293 -0.2194
vn -0.8966 0.3818 -0.2244
vn -0.9728 -0.0567 -0.2247
vn -0.8573 -0.4571 -0.2368
vn -0.5700 -0.7928 -0.2160
vn -0.1695 -0.9616 -0.2160
vn 0.2645 -0.9399 -0.2160
vn 0.6461 -0.7321 -0.2160
vn 0.8997 -0.3793 -0.2160
vn 0.9752 0.0487 -0.2160
vn 0.8575 0.4670 -0.2160
vn 0.5700 0.7928 -0.2160
vn -0.2149 0.7639 -0.6085
vn 0.1378 0.7815 -0.6085
vn -0.5401 0.5804 -0.6094
vn 0.1695 -0.9813 0.0911
vn -0.7893 -0.0562 -0.6114
vn -0.4021 0.8901 -0.2147
vn -0.4781 -0.6275 -0.6146
vn -0.1378 -0.7815 -0.6085
vn 0.2149 -0.7639 -0.6085
vn 0.5251 -0.5950 -0.6085
vn 0.7312 -0.3082 -0.6085
vn 0.7926 0.0396 -0.6085
vn 0.6969 0.3795 -0.6085
vn 0.4632 0.6443 -0.6085
vn -0.1689 0.6002 -0.7818
vn 0.1083 0.6140 -0.7818
vn -0.4126 0.4675 -0.7818
vn -0.6071 0.2385 -0.7580
vn -0.6355 -0.0151 -0.7719
vn -0.5642 -0.3226 -0.7600
vn -0.3817 -0.5063 -0.7733
vn -0.1083 -0.6140 -0.7818
vn 0.1688 -0.6002 -0.7818
vn 0.4125 -0.4675 -0.7818
vn 0.5746 -0.2422 -0.7818
vn 0.6227 0.0311 -0.7818
vn 0.5476 0.2982 -0.7818
vn 0.3640 0.5062 -0.7818
vn -0.7510 0.6544 -0.0878
vn -0.7778 0.5216 -0.3506
vn -0.7921 -0.4269 0.4363
vn -0.7903 0.4878 0.3707
vn 0.0794 0.4429 0.8930
vn -0.3261 0.9332 -0.1513
vn -0.3604 0.7340 -0.5756
vn -0.6489 -0.3615 0.6695
vn -0.4701 -0.3951 0.7893
vn -0.3701 0.6608 0.6530
vn -0.3337 0.8942 0.2983
vn 0.1710 0.9698 -0.1737
vn 0.1319 0.7442 -0.6548
vn -0.2827 -0.3749 0.8829
vn -0.0704 -0.4291 0.9005
vn 0.1160 0.6503 0.7507
vn 0.1632 0.9254 0.3420
vn 0.6246 0.7660 -0.1520
vn 0.5909 0.5633 -0.5774
vn 0.5497 0.4022 -0.7322
vn 0.1337 -0.4539 0.8810
vn 0.3027 -0.5302 0.7920
vn 0.5727 0.4917 0.6560
vn 0.6177 0.7270 0.2998
vn 0.9310 0.3537 -0.0901
vn 0.9070 0.2207 -0.3586
vn 0.4912 -0.5651 0.6629
vn 0.5905 -0.6854 0.4261
vn 0.9111 0.1815 0.3701
vn 0.9268 0.3312 0.1772
vn 0.3978 -0.4501 -0.7995
vn 0.7513 -0.4764 -0.4567
vn -0.9596 -0.2158 0.1805
vn -0.7656 -0.5040 -0.3997
vn -0.7433 -0.6432 -0.1839
vn -0.7513 -0.4763 -0.4567
vn -0.8809 0.2426 -0.4063
vn -0.7513 -0.4764 -0.4567
vn -0.7676 -0.5579 0.3155
vn -0.7671 0.3439 0.5415
vn -0.7389 -0.6674 0.0929
vn -0.3746 -0.6475 -0.6637
vn -0.3318 -0.8944 -0.2998
vn -0.3978 -0.4500 -0.7995
vn -0.5497 0.4022 -0.7322
vn -0.6275 0.2399 0.7407
vn -0.3276 -0.7667 0.5522
vn -0.4450 0.2530 0.8591
vn -0.3250 -0.9334 0.1520
vn 0.1128 -0.6408 -0.7593
vn 0.1632 -0.9254 -0.3420
vn 0.0682 -0.3843 -0.9207
vn -0.0927 0.5204 -0.8489
vn -0.2344 0.1979 0.9518
vn 0.1483 -0.7709 0.6194
vn -0.0350 0.2290 0.9728
vn 0.1870 -0.9600 0.2082
vn 0.5732 -0.4808 -0.6636
vn 0.6163 -0.7267 -0.3035
vn 0.5281 -0.2878 -0.7989
vn 0.3781 0.5628 -0.7351
vn 0.1490 0.2709 0.9510
vn 0.5599 -0.6276 0.5409
vn 0.3279 0.3876 0.8615
vn 0.9185 -0.3502 -0.1838
vn 0.8929 -0.2086 -0.3989
vn 0.8684 -0.1965 -0.4553
vn 0.7510 0.5193 -0.4079
vn 0.5124 0.4446 0.7347
vn 0.9127 -0.2561 0.3185
vn 0.5952 0.6005 0.5340
vn 0.9227 -0.3738 0.0941
vn 0.9754 0.1271 0.1800
vn -0.5496 0.4022 -0.7322
vn 0.3782 0.5628 -0.7350
vn 0.0603 0.2142 0.9749
vn -0.0386 0.2192 0.9749
vn 0.1472 0.1668 0.9749
vn 0.2051 0.0864 0.9749
vn 0.2223 -0.0111 0.9749
vn 0.1954 -0.1064 0.9749
vn 0.1299 -0.1807 0.9749
vn 0.0386 -0.2191 0.9749
vn -0.0603 -0.2142 0.9749
vn -0.1472 -0.1668 0.9749
vn -0.2051 -0.0864 0.9749
vn -0.2223 0.0111 0.9749
vn -0.1954 0.1064 0.9749
vn -0.1299 0.1807 0.9749
vn 0.2149 0.7639 0.6085
vn -0.1083 0.6140 0.7818
vn 0.1689 0.6002 0.7818
vn -0.1378 0.7815 0.6085
vn 0.5251 0.5950 0.6085
vn 0.4126 0.4675 0.7818
vn 0.7312 0.3082 0.6085
vn 0.5745 0.2422 0.7818
vn 0.7926 -0.0395 0.6085
vn 0.6227 -0.0311 0.7818
vn 0.6969 -0.3795 0.6085
vn 0.5475 -0.2982 0.7819
vn 0.5063 -0.6261 0.5930
vn 0.3774 -0.4657 0.8004
vn 0.1483 -0.7710 0.6194
vn 0.0632 -0.5588 0.8269
vn -0.2689 -0.7428 0.6131
vn -0.1689 -0.6002 0.7818
vn -0.5251 -0.5950 0.6085
vn -0.4126 -0.4675 0.7818
vn -0.7312 -0.3082 0.6085
vn -0.5745 -0.2421 0.7818
vn -0.7926 0.0396 0.6085
vn -0.6227 0.0311 0.7818
vn -0.6969 0.3795 0.6085
vn -0.5476 0.2982 0.7818
vn -0.4632 0.6443 0.6085
vn -0.3639 0.5062 0.7818
vn 0.2645 0.9399 0.2160
vn -0.1695 0.9616 0.2160
vn 0.6461 0.7321 0.2160
vn 0.8963 0.3842 0.2214
vn 0.9714 -0.0595 0.2301
vn 0.8629 -0.4638 0.2004
vn 0.5700 -0.7928 0.2160
vn 0.1818 -0.9658 0.1847
vn -0.2761 -0.9394 0.2034
vn -0.6461 -0.7321 0.2160
vn -0.8997 -0.3793 0.2160
vn -0.9752 0.0487 0.2160
vn -0.8575 0.4670 0.2160
vn -0.5700 0.7928 0.2160
vn 0.2645 0.9399 -0.2160
vn -0.1696 0.9616 -0.2160
vn 0.6461 0.7321 -0.2160
vn 0.8926 0.3929 -0.2212
vn -0.4078 -0.4654 0.7855
vn 0.3961 0.3611 0.8442
vn 0.5794 -0.7852 -0.2186
vn 0.1696 -0.9616 -0.2160
vn -0.2644 -0.9399 -0.2160
vn -0.6461 -0.7321 -0.2160
vn -0.8997 -0.3793 -0.2160
vn -0.9752 0.0487 -0.2160
vn -0.8575 0.4670 -0.2160
vn -0.5700 0.7928 -0.2160
vn 0.2149 0.7639 -0.6085
vn -0.1378 0.7815 -0.6085
vn 0.5251 0.5950 -0.6085
vn 0.7312 0.3082 -0.6085
vn 0.7836 -0.0319 -0.6205
vn 0.6939 -0.3904 -0.6050
vn 0.4678 -0.6437 -0.6057
vn 0.1378 -0.7815 -0.6085
vn -0.2149 -0.7639 -0.6085
vn -0.5251 -0.5950 -0.6085
vn -0.7312 -0.3082 -0.6085
vn -0.7926 0.0395 -0.6085
vn -0.6969 0.3795 -0.6085
vn -0.4632 0.6443 -0.6085
vn 0.1689 0.6002 -0.7818
vn -0.1083 0.6140 -0.7818
vn 0.4126 0.4675 -0.7818
vn 0.5745 0.2422 -0.7818
vn 0.6227 -0.0311 -0.7818
vn 0.5476 -0.2982 -0.7818
vn 0.3640 -0.5062 -0.7818
vn 0.1083 -0.6140 -0.7818
vn -0.1689 -0.6002 -0.7818
vn -0.4126 -0.4675 -0.7818
vn -0.5745 -0.2422 -0.7818
vn -0.6227 0.0311 -0.7818
vn -0.5476 0.2982 -0.7818
vn -0.3640 0.5062 -0.7818
vn 0.9754 0.1272 0.1800
vn 0.7823 0.5198 -0.3432
vn 0.8684 -0.1966 -0.4552
vn 0.7916 0.4877 0.3681
vn 0.7921 -0.4269 0.4363
vn 0.7620 0.6236 0.1747
vn 0.3595 0.7337 -0.5765
vn 0.3219 0.9345 -0.1519
vn 0.6489 -0.3614 0.6695
vn 0.3701 0.6608 0.6529
vn 0.4701 -0.3950 0.7893
vn 0.3318 0.8945 0.2995
vn -0.1319 0.7442 -0.6548
vn -0.1710 0.9698 -0.1736
vn 0.2827 -0.3749 0.8829
vn -0.1160 0.6503 0.7507
vn 0.0704 -0.4291 0.9005
vn -0.1632 0.9254 0.3420
vn -0.5910 0.5633 -0.5774
vn -0.6246 0.7660 -0.1520
vn -0.1337 -0.4539 0.8810
vn -0.5727 0.4917 0.6560
vn -0.3027 -0.5302 0.7920
vn -0.6177 0.7270 0.2998
vn -0.9310 0.3537 -0.0901
vn -0.9070 0.2206 -0.3586
vn -0.4912 -0.5650 0.6629
vn -0.9111 0.1815 0.3701
vn -0.5905 -0.6854 0.4261
vn -0.9268 0.3312 0.1772
vn 0.8684 -0.1965 -0.4552
vn -0.7514 -0.4763 -0.4567
vn 0.1286 0.0007 -0.9917
vn 0.1163 0.7044 -0.7002
vn 0.1315 0.7064 -0.6955
vn 0.1315 -0.0149 -0.9912
vn 0.0043 0.9996 -0.0281
vn -0.0050 0.9999 0.0146
vn -0.1660 0.7289 0.6642
vn -0.1526 0.6847 0.7127
vn -0.1059 -0.0152 0.9943
vn -0.1090 0.0027 0.9940
vn -0.2066 -0.7024 0.6811
vn -0.2787 -0.5858 0.7610
vn 0.0289 -0.9972 -0.0684
vn -0.0287 -0.9983 0.0504
vn 0.1648 -0.6915 -0.7034
vn 0.1390 -0.6863 -0.7139
vn -0.9087 -0.0000 -0.4174
vn -0.9173 0.2380 -0.3192
vn -0.9381 0.3366 -0.0821
vn -0.9588 0.2380 0.1550
vn -0.9604 0.2436 0.1353
vn -0.9796 0.0178 0.2000
vn -0.9803 0.0096 0.1972
vn -0.9605 -0.2438 0.1345
vn -0.9572 -0.2536 0.1394
vn -0.9381 -0.3366 -0.0821
vn -0.9173 -0.2380 -0.3192
vn 0.6001 -0.0000 -0.7999
vn 0.5784 0.6005 -0.5521
vn 0.5261 0.8492 0.0460
vn 0.4738 0.6005 0.6442
vn 0.4521 -0.0000 0.8920
vn 0.4738 -0.6005 0.6442
vn 0.5261 -0.8492 0.0460
vn 0.5784 -0.6005 -0.5521
vn -0.2807 -0.0006 -0.9598
vn -0.3180 0.6470 -0.6931
vn -0.3200 0.6606 -0.6791
vn -0.2807 0.0007 -0.9598
vn -0.4103 0.9105 -0.0521
vn -0.4143 0.9098 -0.0242
vn -0.5023 0.6398 0.5817
vn -0.5043 0.6253 0.5955
vn -0.5409 0.0007 0.8411
vn -0.5409 -0.0005 0.8411
vn -0.5052 -0.6380 0.5811
vn -0.5070 -0.6248 0.5938
vn -0.4146 -0.9085 -0.0524
vn -0.4186 -0.9078 -0.0247
vn -0.3211 -0.6454 -0.6931
vn -0.3234 -0.6602 -0.6779
vn -0.9788 0.0954 -0.1814
vn -0.9964 -0.0016 -0.0853
vn -0.9870 0.1356 -0.0866
vn -0.9752 0.0003 -0.2212
vn -0.9952 0.0973 0.0100
vn -0.9987 0.0003 0.0518
vn -0.9784 -0.0965 -0.1830
vn -0.9866 -0.1385 -0.0866
vn -0.9951 -0.0985 0.0117
usemtl robot_material
s 1
f 1/1/1 2/2/2 3/3/3
f 3/3/3 4/4/4 5/5/5
f 3/3/3 5/5/5 6/6/6
f 3/3/3 7/7/7 1/1/1
f 3/3/3 6/6/6 7/7/7
f 2/2/2 8/8/8 3/3/3
f 9/9/9 10/10/10 11/11/9
f 9/9/9 12/12/11 10/10/10
f 9/9/9 13/13/12 12/12/11
f 9/9/9 14/14/13 13/13/12
f 9/9/9 15/15/9 14/14/13
f 9/9/9 16/16/9 15/15/9
f 9/9/9 17/17/9 16/16/9
f 9/9/9 11/11/9 17/17/9
f 11/18/14 1/19/15 2/20/16
f 11/18/14 10/21/17 1/19/15
f 14/22/18 4/23/19 5/24/20
f 14/22/18 15/25/21 4/23/19
f 15/25/21 3/26/22 4/23/19
f 15/25/21 16/27/23 3/26/22
f 16/27/23 8/28/24 3/26/22
f 16/27/23 17/29/25 8/28/24
f 17/29/25 2/20/16 8/28/24
f 17/29/25 11/18/14 2/20/16
f 18/30/26 19/31/27 20/32/28
f 18/30/26 21/33/29 19/31/27
f 21/33/29 22/34/30 19/31/27
f 21/33/29 23/35/31 22/34/30
f 23/35/31 24/36/32 22/34/30
f 23/35/31 25/37/33 24/36/32
f 25/37/33 26/38/34 24/36/32
f 25/37/33 27/39/35 26/38/34
f 27/40/35 28/41/36 26/42/34
f 27/40/35 29/43/37 28/41/36
f 29/43/37 30/44/38 28/41/36
f 29/43/37 31/45/39 30/44/38
f 31/45/39 32/46/40 30/44/38
f 31/45/39 33/47/41 32/46/40
f 33/47/41 34/48/42 32/46/40
f 32/46/40 34/48/42 35/49/43
f 34/48/42 36/50/44 35/49/43
f 35/49/43 36/50/44 37/51/45
f 36/50/44 38/52/46 37/51/45
f 37/51/45 38/52/46 39/53/47
f 38/52/46 20/32/28 39/53/47
f 38/52/46 18/30/26 20/32/28
f 40/54/48 24/55/49 26/42/50
f 41/56/51 28/41/52 30/44/53
f 41/56/51 32/46/54 42/57/55
f 40/54/48 26/42/50 28/41/52
f 41/56/51 30/44/53 32/46/54
f 10/21/17 22/58/56 24/59/57
f 10/21/17 24/59/57 1/19/15
f 12/60/11 19/31/58 22/34/59
f 12/60/11 22/34/59 10/61/10
f 12/60/11 13/62/12 20/32/60
f 12/60/11 20/32/60 19/31/58
f 39/53/61 20/32/60 13/62/12
f 37/63/45 14/22/62 5/24/63
f 37/63/45 5/24/63 35/64/43
f 14/65/13 37/51/64 13/62/12
f 37/51/64 39/53/61 13/62/12
f 4/66/65 3/67/66 8/68/67
f 4/66/65 8/68/67 2/69/68
f 4/66/65 2/69/68 1/70/69
f 4/66/65 1/70/69 5/71/70
f 41/56/51 40/54/48 28/41/52
f 42/57/55 32/46/54 35/49/71
f 1/70/69 24/72/72 40/73/73
f 1/70/69 40/73/73 41/74/74
f 1/70/69 41/74/74 42/75/75
f 1/70/69 42/75/75 35/76/76
f 1/70/69 35/76/76 5/71/70
f 43/77/77 44/78/78 45/79/79
f 46/80/80 45/79/79 44/78/78
f 45/79/79 46/80/80 47/81/81
f 48/82/82 47/81/81 46/80/80
f 47/81/81 48/82/82 49/83/83
f 50/84/84 49/83/83 48/82/82
f 49/83/83 50/84/84 51/85/85
f 44/78/78 43/77/77 52/86/86
f 43/77/77 53/87/87 54/88/88
f 55/89/89 54/88/88 53/87/87
f 53/87/87 56/90/90 55/89/89
f 57/91/91 55/89/89 56/90/90
f 56/90/90 58/92/92 57/91/91
f 50/84/84 57/91/91 58/92/92
f 58/92/92 51/85/85 50/84/84
f 54/88/88 52/86/86 43/77/77
f 59/93/93 48/94/94 46/95/95
f 59/93/93 60/96/96 48/94/94
f 60/97/96 50/98/97 48/99/94
f 60/97/96 61/100/98 50/98/97
f 61/100/98 57/101/99 50/98/97
f 61/100/98 62/102/100 57/101/99
f 62/102/100 55/103/101 57/101/99
f 62/102/100 63/104/102 55/103/101
f 64/105/103 52/106/104 54/107/105
f 64/105/103 65/108/106 52/106/104
f 65/108/106 44/109/107 52/106/104
f 65/108/106 66/110/108 44/109/107
f 66/110/108 46/95/95 44/109/107
f 66/110/108 59/93/93 46/95/95
f 67/111/109 68/112/110 69/113/111
f 69/113/111 70/114/112 67/111/109
f 71/115/113 72/116/114 68/112/110
f 68/112/110 67/111/109 71/115/113
f 73/117/115 71/115/113 67/111/109
f 67/111/109 74/118/116 73/117/115
f 75/119/117 76/120/118 71/115/113
f 75/119/117 73/117/115 77/121/119
f 74/122/120 78/123/121 79/124/122
f 80/125/123 81/126/124 79/124/122
f 73/127/125 74/122/120 81/126/124
f 81/126/124 82/128/126 73/127/125
f 77/129/127 73/127/125 82/128/126
f 82/128/126 83/130/128 77/129/127
f 72/116/114 84/131/129 68/112/110
f 69/113/111 68/112/110 84/131/129
f 84/131/129 85/132/130 69/113/111
f 60/133/131 78/123/132 74/122/116
f 61/134/133 74/118/116 67/111/109
f 61/134/133 60/135/131 74/118/116
f 62/136/134 61/134/133 67/111/109
f 62/136/134 67/111/109 70/114/112
f 62/136/134 70/114/112 63/137/135
f 79/124/122 81/126/124 74/122/120
f 86/138/136 87/139/137 80/125/138
f 80/125/138 79/124/139 86/138/136
f 88/140/140 89/141/141 70/142/142
f 70/142/142 69/113/143 88/140/140
f 90/143/144 88/140/140 69/113/143
f 69/113/143 85/132/145 90/143/144
f 89/141/141 91/144/146 63/145/147
f 63/145/147 70/142/142 89/141/141
f 92/146/148 93/147/149 94/148/150
f 92/146/148 95/149/151 93/147/149
f 95/149/151 96/150/152 93/147/149
f 95/149/151 97/151/153 96/150/152
f 97/151/153 98/152/154 96/150/152
f 97/151/153 99/153/155 98/152/154
f 99/154/155 100/155/156 98/156/154
f 99/154/155 101/157/157 100/155/156
f 101/157/157 102/158/158 100/155/156
f 101/157/157 103/159/159 102/158/158
f 104/160/160 94/148/150 75/161/161
f 104/160/160 92/146/148 94/148/150
f 73/117/115 75/119/117 71/115/113
f 76/120/162 102/158/158 103/159/159
f 83/130/163 104/162/164 77/129/165
f 77/129/165 104/162/164 75/163/166
f 64/105/167 54/107/168 55/103/169
f 64/105/167 55/103/169 63/104/170
f 59/164/171 78/123/171 60/133/171
f 86/138/136 79/124/139 78/123/172
f 105/165/173 59/164/174 63/166/175
f 105/165/173 63/166/175 91/167/146
f 105/165/173 86/138/136 78/123/172
f 105/165/173 78/123/172 59/164/174
f 106/168/176 107/169/177 65/108/106
f 65/108/106 64/105/103 106/168/176
f 107/169/177 108/170/178 66/110/108
f 66/110/108 65/108/106 107/169/177
f 108/170/178 105/171/179 59/93/93
f 59/93/93 66/110/108 108/170/178
f 91/172/180 106/168/180 64/105/180
f 64/105/181 63/104/181 91/172/181
f 109/173/182 110/174/183 111/175/184
f 112/176/185 111/175/184 110/174/183
f 110/174/183 113/177/186 112/176/185
f 114/178/187 112/176/185 113/177/186
f 113/177/186 115/179/188 114/178/187
f 116/180/189 114/178/187 115/179/188
f 115/179/188 117/181/190 116/180/189
f 111/175/184 118/182/191 109/173/182
f 109/173/182 119/183/192 120/184/193
f 121/185/194 120/184/193 119/183/192
f 120/184/193 121/185/194 122/186/195
f 123/187/196 122/186/195 121/185/194
f 122/186/195 123/187/196 124/188/197
f 116/180/189 124/188/197 123/187/196
f 124/188/197 116/180/189 117/181/190
f 119/183/192 109/173/182 118/182/191
f 125/189/198 112/190/199 114/191/200
f 125/189/198 114/191/200 126/192/201
f 126/192/201 114/191/200 116/193/202
f 126/192/201 116/193/202 127/194/203
f 127/194/203 116/193/202 123/195/204
f 127/194/203 123/195/204 128/196/205
f 128/197/205 123/198/204 121/199/206
f 128/197/205 121/199/206 129/200/207
f 130/201/208 119/202/209 118/203/210
f 130/201/208 118/203/210 131/204/211
f 131/204/211 118/203/210 111/205/212
f 131/204/211 111/205/212 132/206/213
f 132/206/213 111/205/212 112/190/199
f 132/206/213 112/190/199 125/189/198
f 133/207/214 134/208/215 135/209/216
f 134/208/215 133/207/214 136/210/217
f 137/211/218 135/209/216 138/212/219
f 135/209/216 137/211/218 133/207/214
f 139/213/220 133/207/214 137/211/218
f 133/207/214 139/213/220 140/214/221
f 141/215/222 138/212/219 142/216/223
f 138/212/219 141/215/222 137/211/218
f 143/217/224 137/211/218 141/215/222
f 143/217/224 144/218/225 139/213/220
f 140/214/226 145/219/227 146/220/228
f 80/125/123 145/219/227 81/126/124
f 139/213/229 81/126/124 140/214/226
f 81/126/124 139/213/229 82/128/126
f 144/218/230 82/128/126 139/213/229
f 82/128/126 144/218/230 83/130/128
f 138/221/219 147/222/231 142/223/223
f 135/209/216 84/131/129 138/212/219
f 134/208/215 84/131/129 135/209/216
f 84/131/129 134/208/215 85/132/130
f 126/224/232 140/214/221 146/220/233
f 127/225/234 133/207/214 140/214/221
f 127/225/234 140/214/221 126/224/232
f 128/226/235 133/207/214 127/225/234
f 128/226/235 136/210/217 133/207/214
f 128/226/235 129/227/236 136/210/217
f 145/219/227 140/214/226 81/126/124
f 148/228/237 80/125/138 87/139/137
f 80/125/138 148/228/237 145/219/238
f 149/229/239 136/230/240 150/231/241
f 136/230/240 149/229/239 134/208/242
f 90/143/144 134/208/242 149/229/239
f 134/208/242 90/143/144 85/132/145
f 150/231/241 129/232/243 151/233/244
f 129/232/243 150/231/241 136/230/240
f 152/234/245 153/235/246 154/236/247
f 152/234/245 154/236/247 155/237/248
f 155/237/248 154/236/247 156/238/249
f 155/237/248 156/238/249 157/239/250
f 157/239/250 156/238/249 158/240/251
f 157/239/250 158/240/251 159/241/252
f 159/242/252 158/243/251 160/244/253
f 159/242/252 160/244/253 161/245/254
f 161/245/254 160/244/253 162/246/255
f 161/245/254 162/246/255 142/216/256
f 163/247/257 143/248/258 153/235/246
f 163/247/257 153/235/246 152/234/245
f 139/213/220 137/211/218 143/217/224
f 141/215/259 142/216/256 162/246/255
f 83/130/163 144/218/260 163/249/261
f 144/218/260 143/250/262 163/249/261
f 130/201/263 121/199/264 119/202/265
f 130/201/263 129/200/266 121/199/264
f 125/251/267 126/224/267 146/220/267
f 148/228/237 146/220/268 145/219/238
f 164/252/269 129/253/243 125/251/270
f 164/252/269 151/254/271 129/253/243
f 164/252/272 146/220/268 148/228/237
f 164/252/272 125/251/270 146/220/268
f 165/255/176 131/204/211 166/256/177
f 131/204/211 165/255/176 130/201/208
f 166/256/177 132/206/213 167/257/273
f 132/206/213 166/256/177 131/204/211
f 167/257/273 125/189/198 164/258/274
f 125/189/198 167/257/273 132/206/213
f 151/259/180 130/201/180 165/255/180
f 130/201/275 151/259/275 129/200/275
f 113/177/276 110/174/276 109/173/276
f 113/177/276 109/173/276 120/184/276
f 113/177/276 120/184/276 122/186/276
f 113/177/276 122/186/276 124/188/276
f 113/177/276 124/188/276 117/181/276
f 113/177/276 117/181/276 115/179/276
f 168/260/277 169/261/278 170/262/279
f 171/263/280 170/262/279 169/261/278
f 169/261/278 172/264/281 171/263/280
f 173/265/282 171/263/280 172/264/281
f 172/264/281 174/266/283 173/265/282
f 175/267/284 173/265/282 174/266/283
f 174/266/283 176/268/285 175/267/284
f 170/262/279 177/269/286 168/260/277
f 168/260/277 178/270/287 179/271/288
f 180/272/289 179/271/288 178/270/287
f 179/271/288 180/272/289 181/273/290
f 182/274/291 181/273/290 180/272/289
f 181/273/290 182/274/291 183/275/292
f 175/267/284 183/275/292 182/274/291
f 183/275/292 175/267/284 176/268/285
f 178/270/287 168/260/277 177/269/286
f 154/276/293 171/277/294 173/278/295
f 154/276/293 173/278/295 156/279/296
f 156/279/296 173/278/295 175/280/297
f 156/279/296 175/280/297 158/281/298
f 158/281/298 175/280/297 182/282/299
f 158/281/298 182/282/299 160/283/300
f 160/283/300 182/282/299 180/284/301
f 160/283/300 180/284/301 162/285/302
f 141/286/303 178/287/304 177/288/305
f 141/286/303 177/288/305 143/289/306
f 143/289/306 177/288/305 170/290/307
f 143/289/306 170/290/307 153/291/308
f 153/291/308 170/290/307 171/292/294
f 153/291/308 171/292/294 154/293/293
f 141/286/309 180/284/310 178/287/311
f 141/286/309 162/285/312 180/284/310
f 184/294/313 185/295/314 186/296/315
f 187/297/316 186/296/315 185/295/314
f 186/296/315 187/297/316 188/298/317
f 189/299/318 188/298/317 187/297/316
f 188/298/317 189/299/318 190/300/319
f 191/301/320 190/300/319 189/299/318
f 190/300/319 191/301/320 192/302/321
f 185/295/314 184/294/313 193/303/322
f 184/294/313 194/304/323 195/305/324
f 196/306/325 195/305/324 194/304/323
f 194/304/323 197/307/326 196/306/325
f 198/308/327 196/306/325 197/307/326
f 197/307/326 199/309/328 198/308/327
f 191/301/320 198/308/327 199/309/328
f 199/309/328 192/302/321 191/301/320
f 195/305/324 193/303/322 184/294/313
f 93/310/329 189/311/330 187/312/331
f 93/310/329 96/313/332 189/311/330
f 96/313/332 191/314/333 189/311/330
f 96/313/332 98/315/334 191/314/333
f 98/315/334 198/316/335 191/314/333
f 98/315/334 100/317/336 198/316/335
f 100/317/336 196/318/337 198/316/335
f 100/317/336 102/319/338 196/318/337
f 76/320/339 193/321/340 195/322/341
f 76/320/339 75/323/342 193/321/340
f 75/323/342 185/324/343 193/321/340
f 75/323/342 94/325/344 185/324/343
f 94/325/344 187/326/331 185/324/343
f 94/325/344 93/327/329 187/326/331
f 76/320/345 195/322/346 196/318/347
f 76/320/345 196/318/347 102/319/348
f 104/328/349 101/329/349 99/330/349
f 104/328/350 99/330/351 97/331/352
f 104/328/350 97/331/352 95/332/353
f 104/328/354 95/332/354 92/333/354
f 163/334/355 152/335/356 155/336/357
f 163/334/355 155/336/357 157/337/358
f 163/334/359 157/337/360 159/338/359
f 163/334/359 159/338/359 161/339/361
f 104/162/362 163/249/362 161/340/362
f 104/162/362 161/340/362 101/341/362
f 104/162/164 83/130/163 163/249/261
f 200/342/363 201/343/364 202/344/365
f 201/343/364 200/342/363 203/345/366
f 204/346/367 200/342/363 205/347/368
f 200/342/363 204/346/367 203/345/366
f 206/348/369 207/349/370 208/350/371
f 207/349/370 206/348/369 209/351/372
f 202/344/365 210/352/373 211/353/374
f 210/352/373 202/344/365 201/343/364
f 203/345/366 212/354/375 201/343/364
f 213/355/376 201/343/364 212/354/375
f 201/343/364 214/356/377 210/352/373
f 214/356/377 201/343/364 213/355/376
f 211/353/378 215/357/379 202/344/380
f 215/357/379 211/353/378 216/358/381
f 202/344/380 217/359/382 200/342/383
f 217/359/382 202/344/380 215/357/379
f 218/360/384 205/347/385 219/361/386
f 205/347/385 218/360/384 208/350/387
f 208/350/387 220/362/388 206/348/389
f 220/362/388 208/350/387 218/360/384
f 221/363/390 206/348/369 222/364/391
f 206/348/369 221/363/390 209/351/372
f 223/365/392 206/348/389 220/362/388
f 206/348/389 223/365/392 222/364/393
f 224/366/394 203/367/366 204/368/367
f 203/367/366 224/366/394 225/369/395
f 209/370/372 226/371/396 207/372/370
f 226/371/396 209/370/372 227/373/397
f 212/374/375 228/375/398 213/376/376
f 228/375/398 212/374/375 229/377/399
f 203/367/366 229/378/399 212/379/375
f 229/378/399 203/367/366 225/369/395
f 213/376/376 230/380/400 214/381/377
f 230/380/400 213/376/376 228/375/398
f 221/382/390 227/373/397 209/370/372
f 227/373/397 221/382/390 231/383/401
f 232/384/402 224/385/403 233/386/403
f 224/385/403 232/384/402 225/387/402
f 227/388/404 234/389/405 226/390/406
f 234/389/405 227/388/404 231/391/407
f 229/392/408 235/393/409 228/394/410
f 235/393/409 229/392/408 236/395/411
f 225/387/402 236/395/411 229/392/408
f 236/395/411 225/387/402 232/384/402
f 235/393/409 230/396/412 228/394/410
f 207/349/370 205/347/368 208/350/371
f 205/347/368 207/349/370 204/346/367
f 217/359/382 205/347/385 200/342/383
f 205/347/385 217/359/382 219/361/386
f 224/366/394 207/397/370 226/398/396
f 207/397/370 224/366/394 204/368/367
f 233/386/403 226/390/406 234/389/405
f 226/390/406 233/386/403 224/385/403
f 237/399/413 216/400/414 238/401/415
f 216/400/414 237/399/413 215/402/416
f 239/403/417 215/402/416 237/399/413
f 215/402/416 239/403/417 217/404/418
f 240/405/419 219/406/420 239/403/417
f 219/406/420 240/405/419 218/407/421
f 241/408/422 220/409/423 242/410/424
f 220/409/423 241/408/422 223/411/425
f 217/404/418 239/403/417 219/406/420
f 218/407/421 242/410/424 220/409/423
f 218/407/421 240/405/419 242/410/424
f 243/412/426 244/413/427 245/414/428
f 245/414/428 246/415/429 243/412/426
f 247/416/430 248/417/431 243/412/426
f 243/412/426 246/415/429 247/416/430
f 249/418/432 250/419/433 251/420/434
f 251/420/434 252/421/435 249/418/432
f 244/413/427 211/353/374 210/352/373
f 210/352/373 245/414/428 244/413/427
f 253/422/436 245/414/428 254/423/437
f 245/414/428 253/422/436 246/415/429
f 245/414/428 210/352/373 214/356/377
f 214/356/377 254/423/437 245/414/428
f 211/353/378 244/413/438 255/424/439
f 255/424/439 216/358/381 211/353/378
f 244/413/438 243/412/440 256/425/441
f 256/425/441 255/424/439 244/413/438
f 257/426/442 258/427/443 248/417/444
f 248/417/444 250/419/445 257/426/442
f 250/419/445 249/418/446 259/428/447
f 259/428/447 257/426/442 250/419/445
f 221/363/390 222/364/391 249/429/432
f 249/429/432 252/430/435 221/363/390
f 223/365/392 259/431/447 249/429/446
f 249/429/446 222/364/393 223/365/392
f 260/432/448 247/433/430 246/434/429
f 246/434/429 261/435/449 260/432/448
f 252/436/435 251/437/434 262/438/450
f 262/438/450 263/439/451 252/436/435
f 253/440/436 254/441/437 264/442/452
f 264/442/452 265/443/453 253/440/436
f 246/434/429 253/444/436 265/445/453
f 265/445/453 261/435/449 246/434/429
f 254/441/437 214/381/377 230/380/400
f 230/380/400 264/442/452 254/441/437
f 221/382/390 252/436/435 263/439/451
f 263/439/451 231/383/401 221/382/390
f 232/384/402 233/386/403 260/446/403
f 260/446/403 261/447/402 232/384/402
f 263/448/454 262/449/455 234/389/405
f 234/389/405 231/391/407 263/448/454
f 265/450/456 264/451/457 235/393/409
f 235/393/409 236/395/411 265/450/456
f 261/447/402 265/450/456 236/395/411
f 236/395/411 232/384/402 261/447/402
f 235/393/409 264/451/457 230/396/412
f 251/420/434 250/419/433 248/417/431
f 248/417/431 247/416/430 251/420/434
f 256/425/441 243/412/440 248/417/444
f 248/417/444 258/427/443 256/425/441
f 260/432/448 262/452/450 251/453/434
f 251/453/434 247/433/430 260/432/448
f 233/386/403 234/389/405 262/449/455
f 262/449/455 260/446/403 233/386/403
f 266/454/458 238/401/415 216/400/414
f 216/400/414 255/455/459 266/454/458
f 267/456/460 266/454/458 255/455/459
f 255/455/459 256/457/461 267/456/460
f 268/458/462 267/456/460 258/459/463
f 258/459/463 257/460/464 268/458/462
f 241/408/422 269/461/465 259/462/466
f 259/462/466 223/411/425 241/408/422
f 256/457/461 258/459/463 267/456/460
f 257/460/464 259/462/466 269/461/465
f 257/460/464 269/461/465 268/458/462
f 53/87/467 49/83/467 51/85/467
f 53/87/467 51/85/467 58/92/467
f 53/87/467 58/92/467 56/90/467
f 53/87/467 43/77/467 45/79/467
f 53/87/467 45/79/467 47/81/467
f 53/87/467 47/81/467 49/83/467
f 168/260/276 176/268/276 169/261/276
f 169/261/276 176/268/276 172/264/276
f 172/264/276 176/268/276 174/266/276
f 176/268/276 168/260/276 183/275/276
f 183/275/276 168/260/276 181/273/276
f 181/273/276 168/260/276 179/271/276
f 72/463/114 103/464/468 270/465/469
f 72/116/114 71/115/113 76/120/118
f 72/116/114 76/120/118 103/159/468
f 184/294/467 186/296/467 188/298/467
f 184/294/467 188/298/467 190/300/467
f 184/294/467 190/300/467 192/302/467
f 184/294/467 192/302/467 199/309/467
f 184/294/467 199/309/467 197/307/467
f 184/294/467 197/307/467 194/304/467
f 271/466/470 272/467/471 273/468/472
f 273/468/472 147/222/473 271/466/470
f 274/469/474 275/470/475 270/465/476
f 275/470/475 274/469/474 276/471/477
f 277/472/478 278/473/479 147/222/480
f 147/222/480 270/465/481 277/472/478
f 279/474/482 280/475/483 281/476/484
f 279/474/482 281/476/484 282/477/485
f 103/478/486 101/479/487 276/480/488
f 276/480/488 274/481/489 103/478/486
f 270/465/490 103/464/490 274/469/490
f 270/465/481 275/470/491 277/472/478
f 147/222/492 273/468/492 142/223/492
f 161/482/493 142/483/494 273/484/495
f 273/484/495 272/485/496 161/482/493
f 147/222/480 278/473/479 271/466/497
f 101/479/498 161/482/498 283/486/499
f 283/486/499 284/487/500 101/479/498
f 272/467/471 271/466/470 285/488/501
f 285/488/501 283/489/502 272/467/471
f 275/470/475 276/471/477 284/490/503
f 284/490/503 286/491/504 275/470/475
f 278/473/479 277/472/478 287/492/505
f 287/492/505 288/493/506 278/473/479
f 276/480/488 101/479/487 284/487/507
f 277/472/478 275/470/491 286/491/508
f 286/491/508 287/492/505 277/472/478
f 161/482/493 272/485/496 283/486/509
f 271/466/497 278/473/479 288/493/506
f 288/493/506 285/488/510 271/466/497
f 284/487/500 283/486/499 281/476/511
f 281/476/511 280/475/511 284/487/500
f 288/493/506 287/492/505 279/474/512
f 279/474/512 282/477/513 288/493/506
f 286/491/508 279/474/512 287/492/505
f 286/491/504 284/490/503 280/494/514
f 280/494/514 279/474/515 286/491/504
f 281/495/516 285/488/501 282/477/517
f 285/488/501 281/495/516 283/489/502
f 285/488/510 288/493/506 282/477/513
f 72/463/518 270/465/481 147/222/480
f 72/463/518 147/222/480 138/221/519
f 72/116/114 138/212/219 84/131/129
f 289/496/520 290/497/521 291/498/522
f 290/497/521 289/496/520 292/499/523
f 291/498/522 293/500/524 294/501/525
f 293/500/524 291/498/522 290/497/521
f 294/501/525 295/502/526 296/503/527
f 295/502/526 294/501/525 293/500/524
f 296/504/527 297/505/528 298/506/529
f 297/505/528 296/504/527 295/507/526
f 298/506/529 299/508/530 300/509/531
f 299/508/530 298/506/529 297/505/528
f 300/509/531 301/510/532 302/511/533
f 301/510/532 300/509/531 299/508/530
f 302/511/533 303/512/534 304/513/535
f 303/512/534 302/511/533 301/510/532
f 304/513/535 292/499/523 289/496/520
f 292/499/523 304/513/535 303/512/534
f 305/514/536 306/515/537 307/516/538
f 306/515/537 305/514/536 308/517/539
f 309/518/540 310/519/541 311/520/542
f 312/521/543 311/520/542 310/519/541
f 313/522/544 311/520/542 314/523/545
f 311/520/542 313/522/544 309/518/540
f 315/524/546 314/523/545 316/525/547
f 314/523/545 315/524/546 313/522/544
f 308/526/539 317/527/548 306/528/537
f 317/527/548 308/526/539 318/529/549
f 318/529/549 319/530/550 317/527/548
f 319/530/550 318/529/549 320/531/551
f 320/531/551 321/532/552 319/530/550
f 321/532/552 320/531/551 322/533/553
f 323/534/554 316/535/547 324/536/555
f 316/535/547 323/534/554 315/537/546
f 325/538/556 305/514/536 326/539/557
f 305/514/536 325/538/556 308/517/539
f 327/540/558 310/519/541 328/541/559
f 309/518/540 328/541/559 310/519/541
f 328/541/559 313/522/544 329/542/560
f 313/522/544 328/541/559 309/518/540
f 329/542/560 315/524/546 330/543/561
f 315/524/546 329/542/560 313/522/544
f 331/544/562 308/526/539 325/545/556
f 308/526/539 331/544/562 318/529/549
f 332/546/563 318/529/549 331/544/562
f 318/529/549 332/546/563 320/531/551
f 333/547/564 320/531/551 332/546/563
f 320/531/551 333/547/564 322/533/553
f 330/548/561 323/534/554 334/549/565
f 323/534/554 330/548/561 315/537/546
f 335/550/566 327/551/558 336/552/567
f 327/551/558 335/550/566 337/553/568
f 336/552/567 328/554/559 338/555/569
f 328/554/559 336/552/567 327/551/558
f 338/555/569 329/556/560 339/557/570
f 329/556/560 338/555/569 328/554/559
f 339/557/570 330/558/561 340/559/571
f 330/558/561 339/557/570 329/556/560
f 336/552/572 341/560/573 335/550/574
f 341/560/573 336/552/572 342/561/575
f 342/561/575 338/555/576 343/562/576
f 338/555/576 342/561/575 336/552/572
f 343/562/576 339/557/577 344/563/578
f 339/557/577 343/562/576 338/555/576
f 344/563/578 340/559/579 345/564/580
f 340/559/579 344/563/578 339/557/577
f 346/565/581 335/550/566 347/566/582
f 335/550/566 346/565/581 337/553/568
f 348/567/583 347/566/582 349/568/584
f 347/566/582 348/567/583 346/565/581
f 334/569/565 349/568/584 350/570/585
f 349/568/584 334/569/565 348/567/583
f 330/558/561 350/570/585 340/559/571
f 350/570/585 330/558/561 334/569/565
f 341/560/573 347/566/586 335/550/574
f 347/566/586 341/560/573 351/571/587
f 349/568/588 351/571/587 352/572/589
f 351/571/587 349/568/588 347/566/586
f 350/570/590 352/572/589 353/573/591
f 352/572/589 350/570/590 349/568/588
f 340/559/579 353/573/591 345/564/580
f 353/573/591 340/559/579 350/570/590
f 312/574/543 354/575/592 355/576/593
f 354/575/592 312/574/543 356/577/594
f 311/578/542 355/576/593 357/579/595
f 355/576/593 311/578/542 312/574/543
f 314/580/545 357/579/595 358/581/596
f 357/579/595 314/580/545 311/578/542
f 316/582/547 358/581/596 359/583/597
f 358/581/596 316/582/547 314/580/545
f 354/575/592 360/584/598 361/585/599
f 360/584/598 354/575/592 356/577/594
f 361/585/599 362/586/600 363/587/601
f 362/586/600 361/585/599 360/584/598
f 363/587/601 324/588/555 364/589/602
f 324/588/555 363/587/601 362/586/600
f 364/589/602 316/582/547 359/583/597
f 316/582/547 364/589/602 324/588/555
f 357/579/603 359/583/604 358/581/605
f 357/579/603 364/589/606 359/583/604
f 357/579/603 363/587/276 364/589/606
f 357/579/603 361/585/607 363/587/276
f 357/579/603 354/575/608 361/585/607
f 357/579/603 355/576/609 354/575/608
f 356/590/594 365/591/610 366/592/611
f 365/591/610 356/590/594 312/521/543
f 312/521/543 310/519/541 365/591/610
f 360/593/598 366/594/611 367/595/612
f 366/594/611 360/593/598 356/596/594
f 362/597/600 367/595/612 368/598/613
f 367/595/612 362/597/600 360/593/598
f 369/599/614 323/534/554 324/536/555
f 324/536/555 368/598/613 369/599/614
f 368/598/613 324/536/555 362/597/600
f 370/600/615 310/519/541 327/540/558
f 327/540/558 371/601/616 370/600/615
f 371/601/616 327/540/558 337/602/568
f 337/603/568 372/604/617 371/605/616
f 372/604/617 337/603/568 346/606/581
f 346/606/581 373/607/618 372/604/617
f 373/607/618 346/606/581 348/608/583
f 334/549/565 323/609/554 374/610/619
f 348/608/583 374/610/619 373/607/618
f 374/610/619 348/608/583 334/549/565
f 366/592/620 307/516/620 306/515/620
f 307/516/621 366/592/621 365/591/621
f 365/591/622 305/514/623 307/516/624
f 305/514/623 365/591/622 310/519/625
f 367/595/626 306/528/627 317/527/628
f 306/528/627 367/595/626 366/594/629
f 368/598/630 317/527/631 319/530/632
f 317/527/631 368/598/630 367/595/633
f 323/609/634 321/532/635 322/533/636
f 321/532/635 323/609/634 369/599/637
f 369/599/638 319/530/639 321/532/640
f 319/530/639 369/599/638 368/598/641
f 310/519/625 326/539/642 305/514/623
f 326/539/642 310/519/625 370/600/643
f 370/600/644 325/538/644 326/539/644
f 325/538/645 370/600/645 371/601/645
f 371/605/646 331/544/647 325/545/648
f 331/544/647 371/605/646 372/604/649
f 372/604/650 332/546/651 331/544/652
f 332/546/651 372/604/650 373/607/653
f 374/610/654 322/533/636 333/547/655
f 322/533/636 374/610/654 323/609/634
f 373/607/656 333/547/657 332/546/658
f 333/547/657 373/607/656 374/610/659
f 375/611/660 376/612/661 377/613/662
f 376/612/661 375/611/660 378/614/663
f 377/613/662 379/615/664 380/616/665
f 379/615/664 377/613/662 376/612/661
f 380/616/665 381/617/666 382/618/667
f 381/617/666 380/616/665 379/615/664
f 382/619/667 383/620/668 384/621/669
f 383/620/668 382/619/667 381/622/666
f 384/621/669 385/623/670 386/624/671
f 385/623/670 384/621/669 383/620/668
f 386/624/671 387/625/672 388/626/673
f 387/625/672 386/624/671 385/623/670
f 388/626/673 389/627/674 390/628/675
f 389/627/674 388/626/673 387/625/672
f 390/628/675 378/614/663 375/611/660
f 378/614/663 390/628/675 389/627/674
f 391/629/676 291/498/677 392/630/678
f 291/498/677 391/629/676 289/496/679
f 392/630/678 294/501/680 393/631/681
f 294/501/680 392/630/678 291/498/677
f 393/632/681 296/504/682 394/633/683
f 296/503/682 393/631/681 294/501/680
f 394/633/683 298/506/684 395/634/685
f 298/635/684 394/636/683 296/503/682
f 395/634/685 300/509/686 396/637/687
f 300/509/686 395/634/685 298/506/684
f 396/637/687 302/511/688 397/638/689
f 302/511/688 396/637/687 300/509/686
f 397/638/689 304/513/690 398/639/691
f 304/513/690 397/638/689 302/511/688
f 398/639/691 289/496/679 391/629/676
f 289/496/679 398/639/691 304/513/690
f 378/614/692 392/630/678 376/612/693
f 392/630/678 378/614/692 391/629/676
f 376/612/693 393/631/681 379/615/694
f 393/631/681 376/612/693 392/630/678
f 379/615/694 394/636/683 381/617/695
f 394/636/683 379/615/694 393/631/681
f 381/622/695 395/634/685 383/620/696
f 395/634/685 381/622/695 394/633/683
f 383/620/696 396/637/687 385/623/697
f 396/637/687 383/620/696 395/634/685
f 385/623/697 397/638/689 387/625/698
f 397/638/689 385/623/697 396/637/687
f 387/625/698 398/639/691 389/627/699
f 398/639/691 387/625/698 397/638/689
f 389/627/699 391/629/676 378/614/692
f 391/629/676 389/627/699 398/639/691
f 352/572/467 343/562/467 344/563/467
f 352/572/467 344/563/467 345/564/467
f 352/572/467 345/564/467 353/573/467
f 343/562/467 352/572/467 351/571/467
f 343/562/467 351/571/467 341/560/467
f 343/562/467 341/560/467 342/561/467
f 399/640/700 400/641/701 401/642/702
f 401/642/702 402/643/703 399/640/700
f 400/641/701 403/644/704 404/645/705
f 404/645/705 401/642/702 400/641/701
f 405/646/706 406/647/707 407/648/708
f 407/648/708 408/649/709 405/646/706
f 409/650/710 405/646/706 408/649/709
f 408/649/709 410/651/711 409/650/710
f 411/652/712 399/640/700 402/643/703
f 402/643/703 412/653/713 411/652/712
f 406/647/707 411/652/712 412/653/713
f 412/653/713 407/648/708 406/647/707
f 413/654/714 414/655/715 400/641/716
f 400/641/716 399/640/717 413/654/714
f 414/655/715 415/656/718 403/644/719
f 403/644/719 400/641/716 414/655/715
f 416/657/720 417/658/721 406/647/722
f 406/647/722 405/646/723 416/657/720
f 418/659/724 416/657/720 405/646/723
f 405/646/723 409/650/725 418/659/724
f 419/660/726 413/654/714 399/640/717
f 399/640/717 411/652/727 419/660/726
f 417/658/721 419/660/726 411/652/727
f 411/652/727 406/647/722 417/658/721
f 420/661/728 421/662/729 414/655/730
f 414/655/730 413/654/731 420/661/728
f 421/662/729 422/663/732 415/656/733
f 415/656/733 414/655/730 421/662/729
f 423/664/734 424/665/735 417/658/736
f 417/658/736 416/657/737 423/664/734
f 425/666/738 423/664/734 416/657/737
f 416/657/737 418/659/739 425/666/738
f 426/667/740 420/661/728 413/654/731
f 413/654/731 419/660/741 426/667/740
f 424/665/735 426/667/740 419/660/741
f 419/660/741 417/658/736 424/665/735
f 427/668/742 428/669/743 421/662/744
f 421/662/744 420/661/745 427/668/742
f 428/669/743 429/670/746 422/663/747
f 422/663/747 421/662/744 428/669/743
f 423/664/748 430/671/749 424/665/750
f 430/671/749 423/664/748 431/672/751
f 432/673/752 431/672/751 423/664/748
f 423/664/748 425/666/753 432/673/752
f 433/674/754 427/668/742 420/661/745
f 420/661/745 426/667/755 433/674/754
f 424/665/750 433/674/754 426/667/755
f 433/674/754 424/665/750 430/671/749
f 434/675/756 435/676/757 436/677/758
f 434/675/756 436/677/758 437/678/759
f 437/678/759 436/677/758 438/679/760
f 437/678/759 438/679/760 439/680/761
f 439/680/761 438/679/760 440/681/762
f 439/680/761 440/681/762 441/682/763
f 441/682/763 440/681/762 442/683/764
f 441/682/763 442/683/764 443/684/765
f 443/684/765 442/683/764 444/685/766
f 443/684/765 444/685/766 445/686/767
f 445/686/767 444/685/766 446/687/768
f 445/686/767 446/687/768 447/688/769
f 447/688/769 446/687/768 448/689/770
f 447/688/769 448/689/770 449/690/771
f 435/676/757 450/691/772 451/692/773
f 435/676/757 451/692/773 436/677/758
f 446/687/768 452/693/774 453/694/775
f 446/687/768 453/694/775 448/689/770
f 450/691/772 454/695/776 455/696/777
f 450/691/772 455/696/777 451/692/773
f 452/693/774 456/697/778 457/698/779
f 452/693/774 457/698/779 453/694/775
f 431/699/780 432/700/781 434/675/782
f 434/675/782 437/678/783 431/699/780
f 430/701/784 431/699/780 437/678/783
f 437/678/783 439/680/785 430/701/784
f 439/680/785 441/682/786 430/701/784
f 433/702/787 430/701/784 441/682/786
f 441/682/786 443/684/788 433/702/787
f 427/703/789 433/702/787 443/684/788
f 443/684/788 445/686/790 427/703/789
f 428/704/791 427/703/789 445/686/790
f 445/686/790 447/688/792 428/704/791
f 429/705/793 428/704/791 447/688/792
f 447/688/792 449/690/794 429/705/793
f 458/706/795 459/707/796 457/708/779
f 457/708/779 456/709/778 458/706/795
f 459/707/796 458/706/795 455/696/777
f 455/696/777 454/695/776 459/707/796
f 460/710/797 461/711/798 438/679/799
f 438/679/799 436/677/800 460/710/797
f 461/711/798 462/712/801 440/681/802
f 440/681/802 438/679/799 461/711/798
f 462/712/801 463/713/803 442/683/804
f 442/683/804 440/681/802 462/712/801
f 463/713/803 464/714/805 444/685/806
f 444/685/806 442/683/804 463/713/803
f 464/714/805 465/715/807 446/687/808
f 446/687/808 444/685/806 464/714/805
f 466/716/809 460/710/797 436/677/800
f 436/677/800 451/692/810 466/716/809
f 465/715/807 467/717/811 452/693/812
f 452/693/812 446/687/808 465/715/807
f 468/718/813 466/716/809 451/692/810
f 451/692/810 455/696/814 468/718/813
f 452/693/812 469/719/815 456/697/816
f 469/719/815 452/693/812 467/717/811
f 469/720/815 470/721/817 458/706/818
f 458/706/818 456/709/816 469/720/815
f 470/721/817 468/718/813 455/696/814
f 455/696/814 458/706/818 470/721/817
f 471/722/819 472/723/820 461/724/821
f 461/724/821 460/725/822 471/722/819
f 472/723/820 473/726/823 462/727/824
f 462/727/824 461/724/821 472/723/820
f 473/726/823 474/728/825 463/729/826
f 463/729/826 462/727/824 473/726/823
f 474/728/825 475/730/827 464/731/828
f 464/731/828 463/729/826 474/728/825
f 475/730/827 476/732/829 465/733/830
f 465/733/830 464/731/828 475/730/827
f 477/734/831 471/722/819 460/725/822
f 460/725/822 466/735/832 477/734/831
f 465/733/830 478/736/833 467/737/834
f 478/736/833 465/733/830 476/732/829
f 479/738/835 477/734/831 466/735/832
f 466/735/832 468/739/836 479/738/835
f 467/737/834 480/740/837 469/741/838
f 480/740/837 467/737/834 478/736/833
f 480/740/837 481/742/839 470/743/840
f 470/743/840 469/741/838 480/740/837
f 481/742/839 479/738/835 468/739/836
f 468/739/836 470/743/840 481/742/839
f 471/722/841 476/732/842 475/730/843
f 471/722/841 475/730/843 474/728/844
f 471/722/841 474/728/844 473/726/845
f 471/722/841 473/726/845 472/723/846
f 471/722/841 477/734/847 479/738/848
f 471/722/841 479/738/848 481/742/849
f 471/722/841 481/742/849 480/740/850
f 471/722/841 480/740/850 478/736/851
f 471/722/841 478/736/851 476/732/842
f 482/744/852 483/745/853 484/746/854
f 484/746/854 485/747/855 482/744/852
f 483/745/853 486/748/856 487/749/857
f 487/749/857 484/746/854 483/745/853
f 486/748/856 488/750/858 489/751/859
f 489/751/859 487/749/857 486/748/856
f 488/750/858 486/748/856 490/752/860
f 491/753/861 492/754/862 493/755/863
f 493/755/863 494/756/864 491/753/861
f 494/756/864 493/755/863 495/757/865
f 495/757/865 496/758/866 494/756/864
f 495/757/865 497/759/867 498/760/868
f 498/760/868 496/758/866 495/757/865
f 499/761/869 500/762/870 498/763/868
f 498/763/868 497/764/867 499/761/869
f 485/747/855 501/765/871 502/766/872
f 484/746/854 503/767/873 501/765/871
f 501/765/871 485/747/855 484/746/854
f 484/746/854 487/749/857 504/768/874
f 504/768/874 503/767/873 484/746/854
f 487/749/857 489/751/859 505/769/875
f 505/769/875 504/768/874 487/749/857
f 492/754/862 491/753/861 506/770/876
f 506/770/876 507/771/877 508/772/878
f 492/754/862 508/772/878 509/773/879
f 507/771/877 510/774/880 508/772/878
f 496/758/866 511/775/881 494/756/864
f 498/776/882 500/777/883 512/778/884
f 512/778/884 513/779/885 498/776/882
f 500/777/883 502/780/886 514/781/887
f 514/781/887 512/778/884 500/777/883
f 502/780/886 501/782/888 515/783/889
f 515/783/889 514/781/887 502/780/886
f 516/784/890 517/785/891 511/786/892
f 516/784/890 511/786/892 496/787/893
f 516/784/890 496/787/893 518/788/894
f 519/789/895 518/788/894 496/787/893
f 519/789/895 496/787/893 498/790/882
f 519/789/895 498/790/882 513/791/885
f 513/779/896 512/778/897 520/792/898
f 520/792/898 521/793/899 513/779/896
f 512/778/897 514/781/900 522/794/901
f 522/794/901 520/792/898 512/778/897
f 514/781/900 515/783/902 523/795/903
f 523/795/903 522/794/901 514/781/900
f 524/796/904 517/785/905 525/797/906
f 525/797/906 526/798/907 524/796/904
f 516/784/908 518/788/909 527/799/910
f 527/799/910 528/800/911 516/784/908
f 519/789/912 513/791/896 521/801/899
f 521/801/899 529/802/913 519/789/912
f 511/786/892 517/785/891 524/796/914
f 524/796/914 530/803/915 531/804/916
f 511/786/892 524/796/914 531/804/916
f 485/747/855 502/766/872 500/762/870
f 532/805/917 533/806/918 488/750/858
f 488/750/858 490/752/860 532/805/917
f 534/807/919 532/805/917 490/752/860
f 533/808/918 532/809/917 508/772/878
f 508/772/878 510/774/880 533/808/918
f 499/761/869 482/744/852 485/747/855
f 485/747/855 500/762/870 499/761/869
f 534/810/919 509/773/879 508/772/878
f 508/772/878 532/809/917 534/810/919
f 489/751/920 488/750/921 402/811/922
f 402/811/922 401/812/923 489/751/920
f 505/769/924 489/751/920 401/812/923
f 401/812/923 404/813/925 505/769/924
f 507/771/926 408/814/927 407/815/928
f 407/815/928 510/774/929 507/771/926
f 535/816/930 410/817/931 408/814/927
f 408/814/927 507/771/926 536/818/932
f 488/750/921 533/806/933 412/819/934
f 412/819/934 402/811/922 488/750/921
f 533/808/933 510/774/929 407/815/928
f 407/815/928 412/820/934 533/808/933
f 521/821/935 520/822/936 537/823/937
f 537/823/937 538/824/938 521/821/935
f 520/822/936 522/825/939 539/826/940
f 539/826/940 537/823/937 520/822/936
f 522/825/939 523/827/941 540/828/942
f 540/828/942 539/826/940 522/825/939
f 526/829/943 525/830/944 541/831/945
f 526/829/943 541/831/945 542/832/946
f 526/829/943 542/832/946 543/833/947
f 528/834/948 527/835/949 544/836/950
f 528/834/948 544/836/950 541/831/945
f 528/834/948 541/831/945 525/830/944
f 529/837/951 521/821/935 538/824/938
f 529/837/951 538/824/938 544/836/950
f 529/837/951 544/836/950 527/835/949
f 517/785/905 516/784/908 528/800/911
f 528/800/911 525/797/906 517/785/905
f 530/803/952 524/796/904 526/798/907
f 526/798/907 543/838/953 530/803/952
f 518/788/909 519/789/912 529/802/913
f 529/802/913 527/799/910 518/788/909
f 483/745/853 482/744/852 545/839/954
f 545/839/954 546/840/955 483/745/853
f 486/748/856 483/745/853 546/840/955
f 546/840/955 547/841/956 486/748/856
f 490/752/860 486/748/856 547/841/956
f 547/841/956 548/842/957 490/752/860
f 493/755/863 492/754/862 549/843/958
f 549/843/958 550/844/959 493/755/863
f 495/757/865 493/755/863 550/844/959
f 550/844/959 551/845/960 495/757/865
f 497/759/867 495/757/865 551/845/960
f 551/845/960 552/846/961 497/759/867
f 499/761/869 497/764/867 552/847/961
f 552/847/961 553/848/962 499/761/869
f 492/754/862 509/773/879 554/849/963
f 554/849/963 549/843/958 492/754/862
f 534/807/919 490/752/860 548/842/957
f 548/842/957 555/850/964 534/807/919
f 482/744/852 499/761/869 553/848/962
f 553/848/962 545/839/954 482/744/852
f 509/773/879 534/810/919 555/851/964
f 555/851/964 554/849/963 509/773/879
f 556/852/965 555/850/964 548/842/957
f 548/842/957 557/853/966 556/852/965
f 558/854/967 554/849/963 555/851/964
f 555/851/964 556/855/965 558/854/967
f 559/856/968 557/853/966 548/842/957
f 548/842/957 547/841/956 559/856/968
f 547/841/956 546/840/955 559/856/968
f 549/843/958 554/849/963 558/854/967
f 558/854/967 560/857/969 549/843/958
f 560/857/969 550/844/959 549/843/958
f 542/858/970 541/859/971 544/860/972
f 542/858/970 544/860/972 538/861/973
f 542/858/970 538/861/973 537/862/974
f 542/858/975 537/862/975 539/863/975
f 542/858/971 539/863/971 540/864/971
f 561/865/976 562/866/977 494/756/864
f 561/865/976 494/756/864 511/775/881
f 494/756/864 562/866/977 491/753/861
f 561/865/976 511/775/881 531/867/978
f 561/865/976 531/867/978 563/868/979
f 564/869/980 491/753/861 562/866/977
f 565/870/981 507/771/877 506/770/876
f 565/870/981 506/770/876 564/869/980
f 507/771/877 565/870/981 536/818/982
f 566/871/983 535/816/984 536/818/982
f 567/872/985 568/873/986 569/874/987
f 569/874/987 570/875/988 567/872/985
f 571/876/989 567/872/985 570/875/988
f 570/875/988 572/877/990 571/876/989
f 568/873/986 573/878/991 574/879/992
f 574/879/992 569/874/987 568/873/986
f 573/878/991 575/880/993 576/881/994
f 576/881/994 574/879/992 573/878/991
f 575/880/993 577/882/995 578/883/996
f 578/883/996 576/881/994 575/880/993
f 569/874/997 562/866/977 570/875/998
f 561/865/976 570/875/998 562/866/977
f 570/875/998 561/865/976 572/877/999
f 563/868/979 572/877/999 561/865/976
f 562/866/977 569/874/997 564/869/980
f 574/879/1000 564/869/980 569/874/997
f 564/869/980 574/879/1000 565/870/981
f 576/881/1001 565/870/981 574/879/1000
f 578/883/1002 566/871/983 576/881/1001
f 565/870/981 576/881/1001 566/871/983
f 568/884/1003 567/885/1004 577/886/1005
f 567/885/1004 571/887/1006 577/886/1005
f 573/888/1007 568/884/1003 577/886/1005
f 575/889/1008 573/888/1007 577/886/1005
f 492/754/862 506/770/876 508/772/878
f 564/869/980 506/770/876 491/753/861
f 536/818/982 565/870/981 566/871/983
f 408/814/927 536/818/932 535/816/930
f 579/890/1009 580/891/1010 581/892/1011
f 580/891/1010 579/890/1009 582/893/1012
f 581/892/1011 583/894/1013 584/895/1014
f 583/894/1013 581/892/1011 580/891/1010
f 584/895/1014 585/896/1015 586/897/1016
f 585/896/1015 584/895/1014 583/894/1013
f 586/897/1016 587/898/1017 584/895/1014
f 588/899/1018 589/900/1019 590/901/1020
f 589/900/1019 588/899/1018 591/902/1021
f 591/902/1021 592/903/1022 589/900/1019
f 592/903/1022 591/902/1021 593/904/1023
f 592/903/1022 594/905/1024 595/906/1025
f 594/905/1024 592/903/1022 593/904/1023
f 596/907/1026 594/908/1024 597/909/1027
f 594/908/1024 596/907/1026 595/910/1025
f 582/893/1012 598/911/1028 501/765/871
f 580/891/1010 501/765/871 503/767/873
f 501/765/871 580/891/1010 582/893/1012
f 580/891/1010 504/768/874 583/894/1013
f 504/768/874 580/891/1010 503/767/873
f 583/894/1013 505/769/875 585/896/1015
f 505/769/875 583/894/1013 504/768/874
f 590/901/1020 599/912/1029 588/899/1018
f 599/912/1029 600/913/1030 601/914/1031
f 590/901/1020 602/915/1032 600/913/1030
f 601/914/1031 600/913/1030 603/916/1033
f 593/904/1023 591/902/1021 604/917/1034
f 594/918/1035 605/919/1036 597/920/1037
f 605/919/1036 594/918/1035 606/921/1038
f 597/920/1037 607/922/1039 598/923/1040
f 607/922/1039 597/920/1037 605/919/1036
f 598/923/1040 515/783/889 501/782/888
f 515/783/889 598/923/1040 607/922/1039
f 608/924/1041 604/925/1042 609/926/1043
f 608/924/1041 593/927/1044 604/925/1042
f 608/924/1041 610/928/1045 593/927/1044
f 611/929/1046 593/927/1044 610/928/1045
f 611/929/1046 594/930/1035 593/927/1044
f 611/929/1046 606/931/1038 594/930/1035
f 606/921/1047 612/932/1048 605/919/1049
f 612/932/1048 606/921/1047 613/933/1050
f 605/919/1049 614/934/1051 607/922/1052
f 614/934/1051 605/919/1049 612/932/1048
f 607/922/1052 523/795/903 515/783/902
f 523/795/903 607/922/1052 614/934/1051
f 615/935/1053 616/936/1054 609/926/1055
f 616/936/1054 615/935/1053 617/937/1056
f 608/924/1057 618/938/1058 610/928/1059
f 618/938/1058 608/924/1057 619/939/1060
f 611/929/1061 613/940/1050 606/931/1047
f 613/940/1050 611/929/1061 620/941/1062
f 604/925/1042 615/935/1063 609/926/1043
f 615/935/1063 531/804/916 530/803/915
f 604/925/1042 531/804/916 615/935/1063
f 582/893/1012 597/909/1027 598/911/1028
f 621/942/1064 586/897/1016 622/943/1065
f 586/897/1016 621/942/1064 587/898/1017
f 623/944/1066 587/898/1017 621/942/1064
f 622/945/1065 600/913/1030 621/946/1064
f 600/913/1030 622/945/1065 603/916/1033
f 596/907/1026 582/893/1012 579/890/1009
f 582/893/1012 596/907/1026 597/909/1027
f 623/947/1066 600/913/1030 602/915/1032
f 600/913/1030 623/947/1066 621/946/1064
f 585/896/1067 624/948/1068 586/897/1069
f 624/948/1068 585/896/1067 625/949/1070
f 505/769/924 625/949/1070 585/896/1067
f 625/949/1070 505/769/924 404/813/925
f 601/914/1071 626/950/1072 627/951/1073
f 626/950/1072 601/914/1071 603/916/1074
f 535/816/930 627/951/1073 410/817/931
f 627/951/1073 628/952/1075 601/914/1071
f 586/897/1069 629/953/1076 622/943/1077
f 629/953/1076 586/897/1069 624/948/1068
f 622/945/1077 626/950/1072 603/916/1074
f 626/950/1072 622/945/1077 629/954/1076
f 613/955/1078 630/956/1079 612/957/1080
f 630/956/1079 613/955/1078 631/958/1081
f 612/957/1080 632/959/1082 614/960/1083
f 632/959/1082 612/957/1080 630/956/1079
f 614/960/1083 540/828/942 523/827/941
f 540/828/942 614/960/1083 632/959/1082
f 617/961/1084 633/962/1085 616/963/1086
f 617/961/1084 542/832/946 633/962/1085
f 617/961/1084 543/833/947 542/832/946
f 619/964/1087 634/965/1088 618/966/1089
f 619/964/1087 633/962/1085 634/965/1088
f 619/964/1087 616/963/1086 633/962/1085
f 620/967/1090 631/958/1081 613/955/1078
f 620/967/1090 634/965/1088 631/958/1081
f 620/967/1090 618/966/1089 634/965/1088
f 609/926/1055 619/939/1060 608/924/1057
f 619/939/1060 609/926/1055 616/936/1054
f 530/803/952 617/937/1056 615/935/1053
f 617/937/1056 530/803/952 543/838/953
f 610/928/1059 620/941/1062 611/929/1061
f 620/941/1062 610/928/1059 618/938/1058
f 581/892/1011 635/968/1091 579/890/1009
f 635/968/1091 581/892/1011 636/969/1092
f 584/895/1014 636/969/1092 581/892/1011
f 636/969/1092 584/895/1014 637/970/1093
f 587/898/1017 637/970/1093 584/895/1014
f 637/970/1093 587/898/1017 638/971/1094
f 589/900/1019 639/972/1095 590/901/1020
f 639/972/1095 589/900/1019 640/973/1096
f 592/903/1022 640/973/1096 589/900/1019
f 640/973/1096 592/903/1022 641/974/1097
f 595/906/1025 641/974/1097 592/903/1022
f 641/974/1097 595/906/1025 642/975/1098
f 596/907/1026 642/976/1098 595/910/1025
f 642/976/1098 596/907/1026 643/977/1099
f 590/901/1020 644/978/1100 602/915/1032
f 644/978/1100 590/901/1020 639/972/1095
f 623/944/1066 638/971/1094 587/898/1017
f 638/971/1094 623/944/1066 645/979/1101
f 579/890/1009 643/977/1099 596/907/1026
f 643/977/1099 579/890/1009 635/968/1091
f 602/915/1032 645/980/1101 623/947/1066
f 645/980/1101 602/915/1032 644/978/1100
f 646/981/1102 638/971/1094 645/979/1101
f 638/971/1094 646/981/1102 647/982/1103
f 648/983/1104 645/980/1101 644/978/1100
f 645/980/1101 648/983/1104 646/984/1102
f 649/985/1105 638/971/1094 647/982/1103
f 638/971/1094 649/985/1105 637/970/1093
f 637/970/1093 649/985/1105 636/969/1092
f 639/972/1095 648/983/1104 644/978/1100
f 648/983/1104 639/972/1095 650/986/1106
f 650/986/1106 639/972/1095 640/973/1096
f 542/858/1107 634/987/1108 633/988/971
f 542/858/1107 631/989/1109 634/987/1108
f 542/858/1107 630/990/1110 631/989/1109
f 542/858/1111 632/991/1111 630/990/1111
f 542/858/971 540/864/971 632/991/971
f 651/992/1112 591/902/1021 652/993/1113
f 651/992/1112 604/917/1034 591/902/1021
f 591/902/1021 588/899/1018 652/993/1113
f 651/992/1112 531/867/978 604/917/1034
f 651/992/1112 563/868/979 531/867/978
f 653/994/1114 652/993/1113 588/899/1018
f 654/995/1115 599/912/1029 601/914/1031
f 654/995/1115 653/994/1114 599/912/1029
f 601/914/1031 628/952/1116 654/995/1115
f 566/871/983 628/952/1116 535/816/984
f 655/996/1117 656/997/1118 657/998/1119
f 656/997/1118 655/996/1117 658/999/1120
f 571/876/989 658/999/1120 655/996/1117
f 658/999/1120 571/876/989 572/877/990
f 657/998/1119 659/1000/1121 660/1001/1122
f 659/1000/1121 657/998/1119 656/997/1118
f 660/1001/1122 661/1002/1123 662/1003/1124
f 661/1002/1123 660/1001/1122 659/1000/1121
f 662/1003/1124 578/883/996 577/882/995
f 578/883/996 662/1003/1124 661/1002/1123
f 656/997/1125 658/999/1126 652/993/1113
f 651/992/1112 652/993/1113 658/999/1126
f 658/999/1126 572/877/999 651/992/1112
f 563/868/979 651/992/1112 572/877/999
f 652/993/1113 653/994/1114 656/997/1125
f 659/1000/1127 656/997/1125 653/994/1114
f 653/994/1114 654/995/1115 659/1000/1127
f 661/1002/1128 659/1000/1127 654/995/1115
f 578/883/1002 661/1002/1128 566/871/983
f 654/995/1115 566/871/983 661/1002/1128
f 657/1004/1129 577/886/1005 655/1005/1130
f 655/1005/1130 577/886/1005 571/887/1006
f 660/1006/1131 577/886/1005 657/1004/1129
f 662/1007/1132 577/886/1005 660/1006/1131
f 590/901/1020 600/913/1030 599/912/1029
f 653/994/1114 588/899/1018 599/912/1029
f 628/952/1116 566/871/983 654/995/1115
f 627/951/1073 535/816/930 628/952/1075
f 663/1008/1133 664/1009/1133 665/1010/1133
f 665/1010/1133 666/1011/1133 663/1008/1133
f 663/1008/1134 666/1011/1134 667/1012/1134
f 665/1010/1135 664/1009/1135 668/1013/1135
f 669/1014/1136 670/1015/1136 667/1012/1136
f 667/1012/1136 668/1016/1136 669/1014/1136
f 671/1017/1137 672/1018/1138 664/1009/1138
f 664/1009/1138 663/1008/1137 671/1017/1137
f 670/1015/1139 671/1017/1139 663/1008/1139
f 663/1008/1140 667/1012/1140 670/1015/1140
f 672/1018/1141 669/1019/1142 668/1013/1143
f 668/1013/1143 664/1009/1144 672/1018/1141
f 673/1020/1145 674/1021/1146 668/1016/1146
f 668/1016/1146 667/1012/1145 673/1020/1145
f 675/1022/1147 676/1023/1147 666/1011/1147
f 666/1011/1147 665/1010/1148 675/1022/1147
f 676/1023/1149 673/1020/1150 667/1012/1151
f 667/1012/1151 666/1011/1152 676/1023/1149
f 674/1024/1153 675/1022/1153 665/1010/1153
f 665/1010/1154 668/1013/1154 674/1024/1154
f 677/1025/1155 678/1026/1156 679/1027/1157
f 679/1027/1157 680/1028/1158 677/1025/1155
f 681/1029/1159 682/1030/1160 683/1031/1161
f 683/1031/1161 684/1032/1162 681/1029/1159
f 681/1029/1159 684/1032/1162 678/1026/1156
f 678/1026/1156 677/1025/1155 681/1029/1159
f 683/1031/1161 682/1030/1160 680/1033/1158
f 680/1033/1158 679/1034/1157 683/1031/1161
f 685/1035/1163 686/1036/1164 677/1025/1155
f 677/1025/1155 680/1028/1158 685/1035/1163
f 687/1037/1165 688/1038/1166 682/1030/1160
f 682/1030/1160 681/1029/1159 687/1037/1165
f 686/1036/1164 687/1037/1165 681/1029/1159
f 681/1029/1159 677/1025/1155 686/1036/1164
f 688/1038/1166 685/1039/1163 680/1033/1158
f 680/1033/1158 682/1030/1160 688/1038/1166
f 689/1040/1167 690/1041/1168 679/1027/1157
f 679/1027/1157 678/1026/1156 689/1040/1167
f 691/1042/1169 692/1043/1170 684/1032/1162
f 684/1032/1162 683/1031/1161 691/1042/1169
f 692/1043/1170 689/1040/1167 678/1026/1156
f 678/1026/1156 684/1032/1162 692/1043/1170
f 690/1044/1168 691/1042/1169 683/1031/1161
f 683/1031/1161 679/1034/1157 690/1044/1168
f 693/1045/1171 694/1046/1172 695/1047/1173
f 695/1047/1173 696/1048/1174 693/1045/1171
f 697/1049/1175 698/1050/1176 699/1051/1177
f 699/1051/1177 700/1052/1178 697/1049/1175
f 701/1053/1179 702/1054/1180 703/1055/1181
f 703/1055/1181 704/1056/1182 701/1053/1179
f 697/1049/1175 700/1052/1178 694/1046/1172
f 694/1046/1172 693/1045/1171 697/1049/1175
f 699/1051/1177 698/1050/1176 696/1057/1174
f 696/1057/1174 695/1058/1173 699/1051/1177
f 705/1059/1183 706/1060/1184 693/1045/1171
f 693/1045/1171 696/1048/1174 705/1059/1183
f 707/1061/1185 708/1062/1186 698/1050/1176
f 698/1050/1176 697/1049/1175 707/1061/1185
f 706/1060/1184 707/1061/1185 697/1049/1175
f 697/1049/1175 693/1045/1171 706/1060/1184
f 708/1062/1186 705/1063/1183 696/1057/1174
f 696/1057/1174 698/1050/1176 708/1062/1186
f 704/1064/1182 703/1065/1181 695/1047/1173
f 695/1047/1173 694/1046/1172 704/1064/1182
f 702/1066/1180 701/1067/1179 700/1052/1178
f 700/1052/1178 699/1051/1177 702/1066/1180
f 701/1067/1179 704/1064/1182 694/1046/1172
f 694/1046/1172 700/1052/1178 701/1067/1179
f 703/1068/1181 702/1066/1180 699/1051/1177
f 699/1051/1177 695/1058/1173 703/1068/1181
f 675/1069/1187 708/1070/1186 707/1071/1185
f 707/1071/1185 676/1072/1188 675/1069/1187
f 676/1072/1188 707/1071/1185 706/1073/1184
f 706/1073/1184 673/1074/1189 676/1072/1188
f 673/1074/1189 706/1073/1184 705/1075/1183
f 705/1075/1183 674/1076/1190 673/1074/1189
f 675/1069/1187 674/1076/1190 705/1075/1183
f 705/1075/1183 708/1070/1186 675/1069/1187
f 691/1077/1169 672/1078/1191 671/1079/1192
f 671/1079/1192 692/1080/1170 691/1077/1169
f 691/1077/1169 690/1081/1168 669/1082/1193
f 669/1082/1193 672/1078/1191 691/1077/1169
f 692/1080/1170 671/1079/1192 670/1083/1194
f 670/1083/1194 689/1084/1167 692/1080/1170
f 689/1084/1167 670/1083/1194 669/1082/1193
f 669/1082/1193 690/1081/1168 689/1084/1167
f 709/1085/1195 710/1086/1196 711/1087/1197
f 711/1087/1197 712/1088/1198 709/1085/1195
f 710/1086/1199 709/1085/1199 713/1089/1199
f 712/1088/1200 711/1087/1200 714/1090/1200
f 715/1091/1201 716/1092/1201 709/1085/1201
f 709/1085/1202 712/1088/1202 715/1091/1202
f 717/1093/1203 718/1094/1203 714/1090/1203
f 714/1090/1204 713/1095/1204 717/1093/1204
f 716/1092/1205 717/1096/1205 713/1089/1205
f 713/1089/1206 709/1085/1206 716/1092/1206
f 718/1094/1207 715/1091/1207 712/1088/1207
f 712/1088/1208 714/1090/1208 718/1094/1208
f 719/1097/1209 720/1098/1209 711/1087/1209
f 711/1087/1210 710/1086/1210 719/1097/1210
f 721/1099/1211 722/1100/1211 713/1095/1211
f 713/1095/1212 714/1090/1212 721/1099/1212
f 722/1101/1213 719/1097/1213 710/1086/1213
f 710/1086/1214 713/1089/1214 722/1101/1214
f 720/1098/1215 721/1099/1215 714/1090/1215
f 714/1090/1216 711/1087/1216 720/1098/1216
f 688/1102/1166 687/1103/1165 716/1104/1217
f 716/1104/1217 715/1105/1218 688/1102/1166
f 716/1104/1217 687/1103/1165 686/1106/1164
f 686/1106/1164 717/1107/1219 716/1104/1217
f 717/1107/1219 686/1106/1164 685/1108/1163
f 685/1108/1163 718/1109/1220 717/1107/1219
f 688/1102/1166 715/1105/1218 718/1109/1220
f 718/1109/1220 685/1108/1163 688/1102/1166
f 723/1110/1221 724/1111/1222 725/1112/1223
f 725/1112/1223 726/1113/1224 723/1110/1221
f 727/1114/1225 723/1110/1221 726/1113/1224
f 726/1113/1224 728/1115/1226 727/1114/1225
f 729/1116/1227 727/1114/1225 728/1115/1226
f 728/1115/1226 730/1117/1228 729/1116/1227
f 731/1118/1229 732/1119/1230 724/1111/1222
f 724/1111/1222 723/1110/1221 731/1118/1229
f 733/1120/1231 731/1118/1229 723/1110/1221
f 723/1110/1221 727/1114/1225 733/1120/1231
f 733/1120/1231 727/1114/1225 729/1116/1227
f 729/1116/1227 734/1121/1232 733/1120/1231
f 729/1122/1227 730/1117/1228 735/1123/1233
f 735/1123/1233 736/1124/1234 729/1122/1227
f 734/1125/1232 729/1122/1227 736/1124/1234
f 736/1124/1234 737/1126/1235 734/1125/1232
f 738/1127/1236 739/1128/1237 740/1129/1238
f 740/1129/1238 741/1130/1239 738/1127/1236
f 741/1130/1239 740/1129/1238 742/1131/1240
f 742/1131/1240 743/1132/1241 741/1130/1239
f 743/1132/1241 742/1131/1240 744/1133/1242
f 744/1133/1242 745/1134/1243 743/1132/1241
f 739/1128/1237 746/1135/1244 747/1136/1245
f 747/1136/1245 740/1129/1238 739/1128/1237
f 740/1129/1238 747/1136/1245 748/1137/1246
f 748/1137/1246 742/1131/1240 740/1129/1238
f 744/1133/1242 742/1131/1240 748/1137/1246
f 748/1137/1246 737/1138/1235 744/1133/1242
f 738/1127/1236 741/1130/1239 749/1139/1247
f 749/1139/1247 741/1130/1239 743/1132/1241
f 743/1132/1241 750/1140/1248 749/1139/1247
f 750/1140/1248 743/1132/1241 745/1134/1243
f 745/1134/1243 735/1123/1233 750/1140/1248
f 735/1123/1233 745/1141/1243 744/1142/1242
f 744/1142/1242 736/1124/1234 735/1123/1233
f 737/1126/1235 736/1124/1234 744/1142/1242
f 751/1143/1249 752/1144/1250 726/1113/1224
f 726/1113/1224 725/1112/1223 751/1143/1249
f 753/1145/1251 754/1146/1252 730/1117/1228
f 730/1117/1228 728/1115/1226 753/1145/1251
f 755/1147/1253 756/1148/1254 738/1127/1236
f 738/1127/1236 749/1139/1247 755/1147/1253
f 752/1144/1250 755/1147/1253 749/1139/1247
f 749/1139/1247 726/1113/1224 752/1144/1250
f 756/1148/1254 751/1143/1249 725/1112/1223
f 725/1112/1223 738/1127/1236 756/1148/1254
f 757/1149/1255 753/1145/1251 728/1115/1226
f 728/1115/1226 750/1140/1248 757/1149/1255
f 758/1150/1256 757/1149/1255 750/1140/1248
f 750/1140/1248 735/1123/1233 758/1150/1256
f 754/1146/1252 758/1150/1256 735/1123/1233
f 735/1123/1233 730/1117/1228 754/1146/1252
f 759/1151/1257 760/1152/1258 728/1115/1226
f 728/1115/1226 726/1113/1224 759/1151/1257
f 761/1153/1259 762/1154/1260 749/1139/1247
f 749/1139/1247 750/1140/1248 761/1153/1259
f 760/1152/1258 761/1153/1259 750/1140/1248
f 750/1140/1248 728/1115/1226 760/1152/1258
f 762/1154/1260 759/1151/1257 726/1113/1224
f 726/1113/1224 749/1139/1247 762/1154/1260
f 763/1155/467 764/1156/1261 765/1157/1262
f 765/1157/1262 766/1158/467 763/1155/467
f 767/1159/1263 768/1160/1263 769/1161/1263
f 769/1161/1263 770/1162/1263 767/1159/1263
f 767/1163/1264 770/1164/1264 764/1156/1264
f 764/1156/1264 763/1155/1264 767/1163/1264
f 769/1161/1265 768/1160/1265 766/1158/1265
f 766/1158/1265 765/1157/1265 769/1161/1265
f 771/1165/1266 772/1166/1266 763/1155/1266
f 763/1155/1266 766/1158/1266 771/1165/1266
f 773/1167/1267 774/1168/1268 768/1160/1269
f 768/1160/1269 767/1159/1270 773/1167/1267
f 772/1166/1271 773/1169/1272 767/1163/1273
f 767/1163/1273 763/1155/1274 772/1166/1271
f 774/1168/1275 771/1165/1276 766/1158/1277
f 766/1158/1277 768/1160/1278 774/1168/1275
f 760/1170/1258 759/1171/1257 765/1157/1262
f 765/1157/1262 764/1156/1261 760/1170/1258
f 762/1172/1279 761/1173/1280 770/1162/1281
f 770/1162/1281 769/1161/1282 762/1172/1279
f 761/1174/1283 760/1170/1284 764/1156/1285
f 764/1156/1285 770/1164/1286 761/1174/1283
f 759/1171/1287 762/1172/1288 769/1161/1289
f 769/1161/1289 765/1157/1290 759/1171/1287
f 775/1175/1291 776/1176/1292 777/1177/1293
f 777/1177/1293 778/1178/1294 775/1175/1291
f 779/1179/1295 780/1180/1296 781/1181/1297
f 781/1181/1297 782/1182/1298 779/1179/1295
f 779/1179/1295 782/1182/1298 776/1176/1292
f 776/1176/1292 775/1175/1291 779/1179/1295
f 781/1181/1297 780/1180/1296 778/1183/1294
f 778/1183/1294 777/1184/1293 781/1181/1297
f 783/1185/1299 784/1186/1300 775/1175/1291
f 775/1175/1291 778/1178/1294 783/1185/1299
f 785/1187/1301 786/1188/1302 780/1180/1296
f 780/1180/1296 779/1179/1295 785/1187/1301
f 784/1186/1300 785/1187/1301 779/1179/1295
f 779/1179/1295 775/1175/1291 784/1186/1300
f 786/1188/1302 783/1189/1299 778/1183/1294
f 778/1183/1294 780/1180/1296 786/1188/1302
f 787/1190/1303 788/1191/1304 777/1177/1293
f 777/1177/1293 776/1176/1292 787/1190/1303
f 789/1192/1305 790/1193/1306 782/1182/1298
f 782/1182/1298 781/1181/1297 789/1192/1305
f 790/1193/1306 787/1190/1303 776/1176/1292
f 776/1176/1292 782/1182/1298 790/1193/1306
f 788/1194/1304 789/1192/1305 781/1181/1297
f 781/1181/1297 777/1184/1293 788/1194/1304
f 791/1195/1307 792/1196/1308 793/1197/1309
f 793/1197/1309 794/1198/1310 791/1195/1307
f 795/1199/1311 796/1200/1311 797/1201/1311
f 797/1201/1311 798/1202/1311 795/1199/1311
f 795/1203/1264 798/1204/1264 792/1196/1264
f 792/1196/1264 791/1195/1264 795/1203/1264
f 797/1201/1265 796/1200/1265 794/1198/1265
f 794/1198/1265 793/1197/1265 797/1201/1265
f 799/1205/1312 800/1206/1313 791/1195/1307
f 791/1195/1307 794/1198/1310 799/1205/1312
f 801/1207/1314 802/1208/1314 796/1200/1314
f 796/1200/1314 795/1199/1314 801/1207/1314
f 800/1206/1315 801/1209/1316 795/1203/1317
f 795/1203/1317 791/1195/1318 800/1206/1315
f 802/1208/1319 799/1205/1320 794/1198/1321
f 794/1198/1321 796/1200/1322 802/1208/1319
f 803/1210/1323 804/1211/1324 793/1197/1309
f 793/1197/1309 792/1196/1308 803/1210/1323
f 805/1212/1325 806/1213/1325 798/1202/1325
f 798/1202/1325 797/1201/1325 805/1212/1325
f 806/1214/1326 803/1210/1327 792/1196/1328
f 792/1196/1328 798/1204/1329 806/1214/1326
f 804/1211/1330 805/1212/1331 797/1201/1332
f 797/1201/1332 793/1197/1333 804/1211/1330
f 807/1215/1334 808/1216/1335 809/1217/1336
f 809/1217/1336 810/1218/1337 807/1215/1334
f 811/1219/1338 812/1220/1339 813/1221/1340
f 813/1221/1340 814/1222/1341 811/1219/1338
f 815/1223/1342 816/1224/1343 817/1225/1344
f 817/1225/1344 818/1226/1345 815/1223/1342
f 811/1219/1338 814/1222/1341 808/1216/1335
f 808/1216/1335 807/1215/1334 811/1219/1338
f 813/1221/1340 812/1220/1339 810/1227/1337
f 810/1227/1337 809/1228/1336 813/1221/1340
f 819/1229/1346 820/1230/1347 807/1215/1334
f 807/1215/1334 810/1218/1337 819/1229/1346
f 821/1231/1348 822/1232/1349 812/1220/1339
f 812/1220/1339 811/1219/1338 821/1231/1348
f 820/1230/1347 821/1231/1348 811/1219/1338
f 811/1219/1338 807/1215/1334 820/1230/1347
f 822/1232/1349 819/1233/1346 810/1227/1337
f 810/1227/1337 812/1220/1339 822/1232/1349
f 818/1234/1345 817/1235/1344 809/1217/1336
f 809/1217/1336 808/1216/1335 818/1234/1345
f 816/1236/1343 815/1237/1342 814/1222/1341
f 814/1222/1341 813/1221/1340 816/1236/1343
f 815/1237/1342 818/1234/1345 808/1216/1335
f 808/1216/1335 814/1222/1341 815/1237/1342
f 817/1238/1344 816/1236/1343 813/1221/1340
f 813/1221/1340 809/1228/1336 817/1238/1344
f 821/1239/1348 806/1240/1350 805/1241/1351
f 805/1241/1351 822/1242/1349 821/1239/1348
f 819/1243/1346 822/1242/1349 805/1241/1351
f 805/1241/1351 804/1244/1324 819/1243/1346
f 804/1244/1324 803/1245/1323 820/1246/1347
f 820/1246/1347 819/1243/1346 804/1244/1324
f 821/1239/1348 820/1246/1347 803/1245/1323
f 803/1245/1323 806/1240/1350 821/1239/1348
f 787/1247/1303 790/1248/1306 801/1249/1352
f 801/1249/1352 800/1250/1313 787/1247/1303
f 790/1248/1306 789/1251/1305 802/1252/1353
f 802/1252/1353 801/1249/1352 790/1248/1306
f 802/1252/1353 789/1251/1305 788/1253/1304
f 788/1253/1304 799/1254/1312 802/1252/1353
f 800/1250/1313 799/1254/1312 788/1253/1304
f 788/1253/1304 787/1247/1303 800/1250/1313
f 786/1255/1302 785/1256/1301 772/1257/1354
f 772/1257/1354 771/1258/1355 786/1255/1302
f 783/1259/1299 786/1255/1302 771/1258/1355
f 771/1258/1355 774/1260/1356 783/1259/1299
f 783/1259/1299 774/1260/1356 773/1261/1357
f 773/1261/1357 784/1262/1300 783/1259/1299
f 785/1256/1301 784/1262/1300 773/1261/1357
f 773/1261/1357 772/1257/1354 785/1256/1301
f 823/1263/467 824/1264/467 825/1265/467
f 825/1265/467 826/1266/467 823/1263/467
f 827/1267/1358 828/1268/1359 829/1269/1360
f 829/1269/1360 830/1270/1361 827/1267/1358
f 827/1267/1362 830/1270/1363 824/1271/1364
f 824/1271/1364 823/1272/1365 827/1267/1362
f 829/1269/1366 828/1268/1367 826/1266/1368
f 826/1266/1368 825/1265/1369 829/1269/1366
f 831/1273/1370 832/1274/1371 823/1263/1370
f 823/1263/1370 826/1266/1370 831/1273/1370
f 833/1275/1372 834/1276/1372 828/1268/1372
f 828/1268/1372 827/1267/1372 833/1275/1372
f 832/1277/1373 833/1275/1374 827/1267/1375
f 827/1267/1375 823/1272/1376 832/1277/1373
f 834/1276/1377 831/1273/1378 826/1266/1379
f 826/1266/1379 828/1268/1380 834/1276/1377
f 754/1278/1381 753/1279/1382 825/1265/1383
f 825/1265/1383 824/1264/1384 754/1278/1381
f 757/1280/1385 758/1281/1386 830/1270/1387
f 830/1270/1387 829/1269/1388 757/1280/1385
f 758/1281/1389 754/1282/1381 824/1271/1384
f 824/1271/1384 830/1270/1390 758/1281/1389
f 753/1279/1391 757/1280/1392 829/1269/1393
f 829/1269/1393 825/1265/1394 753/1279/1391
f 835/1283/1395 836/1284/1396 837/1285/1397
f 837/1285/1397 838/1286/1398 835/1283/1395
f 839/1287/1399 840/1288/1400 841/1289/1401
f 841/1289/1401 842/1290/1402 839/1287/1399
f 839/1287/1399 842/1290/1402 836/1291/1396
f 836/1291/1396 835/1292/1395 839/1287/1399
f 841/1289/1401 840/1288/1400 838/1286/1398
f 838/1286/1398 837/1285/1397 841/1289/1401
f 843/1293/1403 844/1294/1404 835/1283/1395
f 835/1283/1395 838/1286/1398 843/1293/1403
f 845/1295/1405 846/1296/1406 840/1288/1400
f 840/1288/1400 839/1287/1399 845/1295/1405
f 844/1297/1404 845/1295/1405 839/1287/1399
f 839/1287/1399 835/1292/1395 844/1297/1404
f 846/1296/1406 843/1293/1403 838/1286/1398
f 838/1286/1398 840/1288/1400 846/1296/1406
f 847/1298/1407 848/1299/1408 837/1285/1397
f 837/1285/1397 836/1284/1396 847/1298/1407
f 849/1300/1409 850/1301/1410 842/1290/1402
f 842/1290/1402 841/1289/1401 849/1300/1409
f 850/1301/1410 847/1302/1407 836/1291/1396
f 836/1291/1396 842/1290/1402 850/1301/1410
f 848/1299/1408 849/1300/1409 841/1289/1401
f 841/1289/1401 837/1285/1397 848/1299/1408
f 851/1303/1411 852/1304/1412 853/1305/1413
f 853/1305/1413 854/1306/1411 851/1303/1411
f 855/1307/1414 856/1308/1414 857/1309/1414
f 857/1309/1414 858/1310/1414 855/1307/1414
f 855/1307/1415 858/1310/1415 852/1311/1415
f 852/1311/1415 851/1312/1415 855/1307/1415
f 857/1309/1416 856/1308/1416 854/1306/1416
f 854/1306/1416 853/1305/1416 857/1309/1416
f 859/1313/1417 860/1314/1417 851/1303/1417
f 851/1303/1417 854/1306/1417 859/1313/1417
f 861/1315/1418 862/1316/1418 856/1308/1418
f 856/1308/1418 855/1307/1418 861/1315/1418
f 860/1317/1419 861/1315/1420 855/1307/1421
f 855/1307/1421 851/1312/1422 860/1317/1419
f 862/1316/1423 859/1313/1424 854/1306/1425
f 854/1306/1425 856/1308/1426 862/1316/1423
f 863/1318/1427 864/1319/1428 853/1305/1413
f 853/1305/1413 852/1304/1412 863/1318/1427
f 865/1320/1429 866/1321/1429 858/1310/1429
f 858/1310/1429 857/1309/1429 865/1320/1429
f 866/1321/1430 863/1322/1431 852/1311/1432
f 852/1311/1432 858/1310/1433 866/1321/1430
f 864/1319/1434 865/1320/1435 857/1309/1436
f 857/1309/1436 853/1305/1437 864/1319/1434
f 867/1323/1438 868/1324/1439 869/1325/1440
f 869/1325/1440 870/1326/1441 867/1323/1438
f 871/1327/1442 872/1328/1443 873/1329/1444
f 873/1329/1444 874/1330/1445 871/1327/1442
f 875/1331/1446 876/1332/1447 877/1333/1448
f 877/1333/1448 878/1334/1449 875/1331/1446
f 871/1327/1442 874/1330/1445 868/1324/1439
f 868/1324/1439 867/1323/1438 871/1327/1442
f 873/1335/1444 872/1336/1443 870/1326/1441
f 870/1326/1441 869/1325/1440 873/1335/1444
f 879/1337/1450 880/1338/1451 867/1323/1438
f 867/1323/1438 870/1326/1441 879/1337/1450
f 881/1339/1452 882/1340/1453 872/1328/1443
f 872/1328/1443 871/1327/1442 881/1339/1452
f 880/1338/1451 881/1339/1452 871/1327/1442
f 871/1327/1442 867/1323/1438 880/1338/1451
f 882/1341/1453 879/1337/1450 870/1326/1441
f 870/1326/1441 872/1336/1443 882/1341/1453
f 878/1342/1449 877/1343/1448 869/1325/1440
f 869/1325/1440 868/1324/1439 878/1342/1449
f 876/1344/1447 875/1345/1446 874/1330/1445
f 874/1330/1445 873/1329/1444 876/1344/1447
f 875/1345/1446 878/1342/1449 868/1324/1439
f 868/1324/1439 874/1330/1445 875/1345/1446
f 877/1343/1448 876/1346/1447 873/1335/1444
f 873/1335/1444 869/1325/1440 877/1343/1448
f 881/1347/1452 866/1348/1454 865/1349/1455
f 865/1349/1455 882/1350/1453 881/1347/1452
f 879/1351/1450 882/1350/1453 865/1349/1455
f 865/1349/1455 864/1352/1428 879/1351/1450
f 864/1352/1428 863/1353/1427 880/1354/1451
f 880/1354/1451 879/1351/1450 864/1352/1428
f 881/1347/1452 880/1354/1451 863/1353/1427
f 863/1353/1427 866/1348/1454 881/1347/1452
f 847/1355/1407 850/1356/1410 861/1357/1456
f 861/1357/1456 860/1358/1457 847/1355/1407
f 850/1356/1410 849/1359/1409 862/1360/1458
f 862/1360/1458 861/1357/1456 850/1356/1410
f 862/1360/1458 849/1359/1409 848/1361/1408
f 848/1361/1408 859/1362/1459 862/1360/1458
f 860/1358/1457 859/1362/1459 848/1361/1408
f 848/1361/1408 847/1355/1407 860/1358/1457
f 846/1363/1406 845/1364/1405 832/1365/1460
f 832/1365/1460 831/1366/1461 846/1363/1406
f 843/1367/1403 846/1363/1406 831/1366/1461
f 831/1366/1461 834/1368/1462 843/1367/1403
f 843/1367/1403 834/1368/1462 833/1369/1463
f 833/1369/1463 844/1370/1404 843/1367/1403
f 845/1364/1405 844/1370/1404 833/1369/1463
f 833/1369/1463 832/1365/1460 845/1364/1405
f 883/1371/1464 884/1372/1465 885/1373/1466
f 885/1373/1466 886/1374/1467 883/1371/1464
f 887/1375/276 888/1376/276 889/1377/276
f 889/1377/276 890/1378/276 887/1375/276
f 887/1375/1468 890/1378/1469 884/1372/1470
f 884/1372/1470 883/1371/1471 887/1375/1468
f 889/1379/1472 888/1380/1473 886/1374/1474
f 886/1374/1474 885/1373/1475 889/1379/1472
f 891/1381/1476 892/1382/1477 883/1371/1464
f 883/1371/1464 886/1374/1467 891/1381/1476
f 893/1383/1478 894/1384/1478 888/1376/1478
f 888/1376/1478 887/1375/1478 893/1383/1478
f 892/1382/1479 893/1383/1480 887/1375/1481
f 887/1375/1481 883/1371/1482 892/1382/1479
f 894/1385/1483 891/1381/1484 886/1374/1485
f 886/1374/1485 888/1380/1486 894/1385/1483
f 752/1386/1487 751/1387/1488 885/1373/1489
f 885/1373/1489 884/1372/1490 752/1386/1487
f 756/1388/1491 755/1389/1492 890/1378/1493
f 890/1378/1493 889/1377/1494 756/1388/1491
f 755/1389/1495 752/1386/1487 884/1372/1490
f 884/1372/1490 890/1378/1496 755/1389/1495
f 751/1387/1497 756/1390/1498 889/1379/1499
f 889/1379/1499 885/1373/1500 751/1387/1497
f 895/1391/1501 896/1392/1502 897/1393/1503
f 897/1393/1503 898/1394/1504 895/1391/1501
f 899/1395/1505 900/1396/1506 901/1397/1507
f 901/1397/1507 902/1398/1508 899/1395/1505
f 899/1395/1505 902/1398/1508 896/1392/1502
f 896/1392/1502 895/1391/1501 899/1395/1505
f 901/1397/1507 900/1396/1506 898/1399/1504
f 898/1399/1504 897/1400/1503 901/1397/1507
f 903/1401/1509 904/1402/1510 895/1391/1501
f 895/1391/1501 898/1394/1504 903/1401/1509
f 905/1403/1511 906/1404/1512 900/1396/1506
f 900/1396/1506 899/1395/1505 905/1403/1511
f 904/1402/1510 905/1403/1511 899/1395/1505
f 899/1395/1505 895/1391/1501 904/1402/1510
f 906/1404/1512 903/1405/1509 898/1399/1504
f 898/1399/1504 900/1396/1506 906/1404/1512
f 907/1406/1513 908/1407/1514 897/1393/1503
f 897/1393/1503 896/1392/1502 907/1406/1513
f 909/1408/1515 910/1409/1516 902/1398/1508
f 902/1398/1508 901/1397/1507 909/1408/1515
f 910/1409/1516 907/1406/1513 896/1392/1502
f 896/1392/1502 902/1398/1508 910/1409/1516
f 908/1410/1514 909/1408/1515 901/1397/1507
f 901/1397/1507 897/1400/1503 908/1410/1514
f 911/1411/1517 912/1412/1518 913/1413/1519
f 913/1413/1519 914/1414/1517 911/1411/1517
f 915/1415/1520 916/1416/1520 917/1417/1520
f 917/1417/1520 918/1418/1520 915/1415/1520
f 915/1415/1521 918/1418/1521 912/1412/1521
f 912/1412/1521 911/1411/1521 915/1415/1521
f 917/1419/1522 916/1420/1522 914/1414/1522
f 914/1414/1522 913/1413/1522 917/1419/1522
f 919/1421/1523 920/1422/1523 911/1411/1523
f 911/1411/1523 914/1414/1523 919/1421/1523
f 921/1423/1524 922/1424/1525 916/1416/1524
f 916/1416/1524 915/1415/1524 921/1423/1524
f 920/1422/1526 921/1423/1527 915/1415/1528
f 915/1415/1528 911/1411/1529 920/1422/1526
f 922/1425/1530 919/1421/1531 914/1414/1532
f 914/1414/1532 916/1420/1533 922/1425/1530
f 923/1426/1534 924/1427/1535 913/1413/1519
f 913/1413/1519 912/1412/1518 923/1426/1534
f 925/1428/1536 926/1429/1536 918/1418/1536
f 918/1418/1536 917/1417/1536 925/1428/1536
f 926/1429/1537 923/1426/1538 912/1412/1539
f 912/1412/1539 918/1418/1540 926/1429/1537
f 924/1427/1541 925/1430/1542 917/1419/1543
f 917/1419/1543 913/1413/1544 924/1427/1541
f 927/1431/1545 928/1432/1546 929/1433/1547
f 929/1433/1547 930/1434/1548 927/1431/1545
f 931/1435/1549 932/1436/1550 933/1437/1551
f 933/1437/1551 934/1438/1552 931/1435/1549
f 935/1439/1553 936/1440/1554 937/1441/1555
f 937/1441/1555 938/1442/1556 935/1439/1553
f 931/1435/1549 934/1438/1552 928/1432/1546
f 928/1432/1546 927/1431/1545 931/1435/1549
f 933/1437/1551 932/1436/1550 930/1443/1548
f 930/1443/1548 929/1444/1547 933/1437/1551
f 939/1445/1557 940/1446/1558 927/1431/1545
f 927/1431/1545 930/1434/1548 939/1445/1557
f 941/1447/1559 942/1448/1560 932/1436/1550
f 932/1436/1550 931/1435/1549 941/1447/1559
f 940/1446/1558 941/1447/1559 931/1435/1549
f 931/1435/1549 927/1431/1545 940/1446/1558
f 942/1448/1560 939/1449/1557 930/1443/1548
f 930/1443/1548 932/1436/1550 942/1448/1560
f 938/1450/1556 937/1451/1555 929/1433/1547
f 929/1433/1547 928/1432/1546 938/1450/1556
f 936/1452/1554 935/1453/1553 934/1438/1552
f 934/1438/1552 933/1437/1551 936/1452/1554
f 935/1453/1553 938/1450/1556 928/1432/1546
f 928/1432/1546 934/1438/1552 935/1453/1553
f 937/1454/1555 936/1452/1554 933/1437/1551
f 933/1437/1551 929/1444/1547 937/1454/1555
f 941/1455/1559 926/1456/1561 925/1457/1562
f 925/1457/1562 942/1458/1560 941/1455/1559
f 939/1459/1557 942/1458/1560 925/1457/1562
f 925/1457/1562 924/1460/1535 939/1459/1557
f 924/1460/1535 923/1461/1534 940/1462/1558
f 940/1462/1558 939/1459/1557 924/1460/1535
f 941/1455/1559 940/1462/1558 923/1461/1534
f 923/1461/1534 926/1456/1561 941/1455/1559
f 907/1463/1513 910/1464/1516 921/1465/1563
f 921/1465/1563 920/1466/1564 907/1463/1513
f 910/1464/1516 909/1467/1515 922/1468/1565
f 922/1468/1565 921/1465/1563 910/1464/1516
f 922/1468/1565 909/1467/1515 908/1469/1514
f 908/1469/1514 919/1470/1566 922/1468/1565
f 920/1466/1564 919/1470/1566 908/1469/1514
f 908/1469/1514 907/1463/1513 920/1466/1564
f 906/1471/1512 905/1472/1511 892/1473/1477
f 892/1473/1477 891/1474/1476 906/1471/1512
f 903/1475/1509 906/1471/1512 891/1474/1476
f 891/1474/1476 894/1476/1567 903/1475/1509
f 903/1475/1509 894/1476/1567 893/1477/1568
f 893/1477/1568 904/1478/1510 903/1475/1509
f 905/1472/1511 904/1478/1510 893/1477/1568
f 893/1477/1568 892/1473/1477 905/1472/1511
f 746/1479/1244 739/1480/1237 724/1481/1222
f 724/1481/1222 732/1482/1230 746/1479/1244
f 725/1112/1223 724/1481/1222 719/1483/1569
f 719/1483/1569 722/1484/1570 725/1112/1223
f 739/1480/1237 738/1127/1236 721/1485/1571
f 721/1485/1571 720/1486/1572 739/1480/1237
f 738/1127/1236 725/1112/1223 722/1484/1570
f 722/1484/1570 721/1485/1571 738/1127/1236
f 724/1481/1222 739/1480/1237 720/1486/1572
f 720/1486/1572 719/1483/1569 724/1481/1222
f 943/1487/1573 944/1488/1574 945/1489/1575
f 945/1489/1575 946/1490/1576 943/1487/1573
f 737/1138/1235 947/1491/1577 734/1492/1232
f 947/1491/1577 733/1493/1231 734/1492/1232
f 746/1135/1244 732/1494/1230 948/1495/1578
f 732/1494/1230 731/1496/1229 948/1495/1578
f 948/1495/1578 747/1136/1245 746/1135/1244
f 949/1497/1579 950/1498/1580 731/1496/1229
f 731/1496/1229 733/1493/1231 949/1497/1579
f 951/1499/1581 952/1500/1582 748/1137/1246
f 748/1137/1246 747/1136/1245 951/1499/1581
f 950/1498/1580 953/1501/1583 948/1495/1578
f 948/1495/1578 731/1496/1229 950/1498/1580
f 954/1502/1584 949/1497/1579 733/1493/1231
f 733/1493/1231 947/1491/1577 954/1502/1584
f 737/1138/1235 748/1137/1246 947/1491/1577
f 952/1500/1582 954/1502/1584 947/1491/1577
f 947/1491/1577 748/1137/1246 952/1500/1582
f 955/1503/1585 945/1489/1575 944/1488/1574
f 944/1488/1574 956/1504/1586 955/1503/1585
f 747/1136/1245 948/1495/1578 953/1501/1583
f 953/1501/1583 951/1499/1581 747/1136/1245
f 946/1490/1576 945/1489/1575 953/1501/1587
f 953/1501/1587 950/1498/1588 946/1490/1576
f 943/1487/1573 946/1490/1576 950/1498/1588
f 950/1498/1588 949/1497/1589 943/1487/1573
f 944/1488/1574 943/1487/1573 949/1497/1589
f 949/1497/1589 954/1502/1590 944/1488/1574
f 955/1503/1585 956/1504/1586 952/1500/1591
f 952/1500/1591 951/1499/1592 955/1503/1585
f 956/1504/1586 944/1488/1574 954/1502/1590
f 954/1502/1590 952/1500/1591 956/1504/1586
f 945/1489/1575 955/1503/1585 951/1499/1592
f 951/1499/1592 953/1501/1587 945/1489/1575
f 957/1505/1593 958/1506/1594 959/1507/1595
f 959/1507/1595 960/1508/1596 957/1505/1593
f 961/1509/1597 962/1510/1598 958/1511/1594
f 958/1511/1594 957/1512/1593 961/1509/1597
f 963/1513/1599 964/1514/1600 962/1510/1598
f 962/1510/1598 961/1509/1597 963/1513/1599
f 963/1513/1599 965/1515/1601 966/1516/1602
f 966/1516/1602 964/1514/1600 963/1513/1599
f 967/1517/1603 968/1518/1604 966/1516/1602
f 966/1516/1602 965/1515/1601 967/1517/1603
f 969/1519/1605 970/1520/1606 968/1518/1604
f 968/1518/1604 967/1517/1603 969/1519/1605
f 971/1521/1607 972/1522/1608 970/1520/1606
f 970/1520/1606 969/1519/1605 971/1521/1607
f 971/1521/1607 960/1508/1596 959/1507/1595
f 959/1507/1595 972/1522/1608 971/1521/1607
f 973/1523/1609 974/1524/1610 975/1525/1611
f 975/1525/1611 976/1526/1612 973/1523/1609
f 974/1527/1610 977/1528/1613 978/1529/1614
f 978/1529/1614 975/1530/1611 974/1527/1610
f 977/1528/1613 979/1531/1615 980/1532/1616
f 980/1532/1616 978/1529/1614 977/1528/1613
f 979/1531/1615 981/1533/1617 982/1534/1618
f 982/1534/1618 980/1532/1616 979/1531/1615
f 981/1533/1617 983/1535/1619 984/1536/1620
f 984/1536/1620 982/1534/1618 981/1533/1617
f 983/1535/1619 985/1537/1621 986/1538/1622
f 986/1538/1622 984/1536/1620 983/1535/1619
f 985/1537/1621 987/1539/1623 988/1540/1624
f 988/1540/1624 986/1538/1622 985/1537/1621
f 987/1539/1623 973/1523/1609 976/1526/1612
f 976/1526/1612 988/1540/1624 987/1539/1623
f 976/1541/1612 975/1542/1611 989/1543/1625
f 989/1543/1625 990/1544/1626 976/1541/1612
f 975/1542/1611 978/1545/1614 991/1546/1627
f 991/1546/1627 989/1543/1625 975/1542/1611
f 978/1545/1614 980/1547/1616 992/1548/1628
f 992/1548/1628 991/1546/1627 978/1545/1614
f 980/1547/1616 982/1549/1618 993/1550/1629
f 993/1550/1629 992/1548/1628 980/1547/1616
f 982/1549/1618 984/1551/1620 994/1552/1630
f 994/1552/1630 993/1550/1629 982/1549/1618
f 984/1551/1620 986/1553/1622 995/1554/1631
f 995/1554/1631 994/1552/1630 984/1551/1620
f 986/1553/1622 988/1555/1624 996/1556/1632
f 996/1556/1632 995/1554/1631 986/1553/1622
f 988/1555/1624 976/1541/1612 990/1544/1626
f 990/1544/1626 996/1556/1632 988/1555/1624
f 957/1557/1593 960/1558/1596 997/1559/1633
f 997/1559/1633 998/1560/1634 957/1557/1593
f 961/1561/1597 957/1557/1593 998/1560/1634
f 998/1560/1634 999/1562/1635 961/1561/1597
f 963/1563/1599 961/1561/1597 999/1562/1635
f 999/1562/1635 1000/1564/1636 963/1563/1599
f 965/1565/1601 963/1563/1599 1000/1564/1636
f 1000/1564/1636 1001/1566/1637 965/1565/1601
f 967/1567/1603 965/1565/1601 1001/1566/1637
f 1001/1566/1637 1002/1568/1638 967/1567/1603
f 969/1569/1605 967/1567/1603 1002/1568/1638
f 1002/1568/1638 1003/1570/1639 969/1569/1605
f 971/1571/1607 969/1569/1605 1003/1570/1639
f 1003/1570/1639 1004/1572/1640 971/1571/1607
f 960/1558/1596 971/1571/1607 1004/1572/1640
f 1004/1572/1640 997/1559/1633 960/1558/1596
f 998/1573/1641 997/1574/276 1005/1575/276
f 1005/1575/276 1006/1576/1641 998/1573/1641
f 999/1577/1264 998/1573/1641 1006/1576/1641
f 1006/1576/1641 1007/1578/1264 999/1577/1264
f 1000/1579/1642 999/1577/1264 1007/1578/1264
f 1007/1578/1264 1008/1580/1642 1000/1579/1642
f 1001/1581/467 1000/1579/1642 1008/1580/1642
f 1008/1580/1642 1009/1582/467 1001/1581/467
f 1002/1583/1643 1001/1581/467 1009/1582/467
f 1009/1582/467 1010/1584/1643 1002/1583/1643
f 1003/1585/1265 1002/1586/1643 1010/1587/1643
f 1010/1587/1643 1011/1588/1265 1003/1585/1265
f 1004/1589/1644 1003/1585/1265 1011/1588/1265
f 1011/1588/1265 1012/1590/1644 1004/1589/1644
f 997/1574/276 1004/1589/1644 1012/1590/1644
f 1012/1590/1644 1005/1575/276 997/1574/276
f 1013/1591/276 1014/1592/1645 1015/1593/1645
f 1015/1593/1645 1016/1594/276 1013/1591/276
f 1014/1592/1645 1017/1595/1264 1018/1596/1264
f 1018/1596/1264 1015/1593/1645 1014/1592/1645
f 1017/1595/1264 1019/1597/1646 1020/1598/1646
f 1020/1598/1646 1018/1596/1264 1017/1595/1264
f 1019/1597/1646 1021/1599/467 1022/1600/467
f 1022/1600/467 1020/1598/1646 1019/1597/1646
f 1021/1601/467 1023/1602/1647 1024/1603/1647
f 1024/1603/1647 1022/1604/467 1021/1601/467
f 1023/1602/1647 1025/1605/1265 1026/1606/1265
f 1026/1606/1265 1024/1603/1647 1023/1602/1647
f 1025/1605/1265 1027/1607/1648 1028/1608/1648
f 1028/1608/1648 1026/1606/1265 1025/1605/1265
f 1027/1607/1648 1013/1591/276 1016/1594/276
f 1016/1594/276 1028/1608/1648 1027/1607/1648
f 1014/1609/1649 1013/1610/1650 990/1544/1651
f 990/1544/1651 989/1543/1652 1014/1609/1649
f 989/1543/1652 991/1546/1653 1017/1611/1653
f 1017/1611/1653 1014/1609/1649 989/1543/1652
f 991/1546/1653 992/1548/1654 1019/1612/1655
f 1019/1612/1655 1017/1611/1653 991/1546/1653
f 992/1548/1654 993/1550/1656 1021/1613/1657
f 1021/1613/1657 1019/1612/1655 992/1548/1654
f 993/1550/1656 994/1552/1658 1023/1614/1659
f 1023/1614/1659 1021/1613/1657 993/1550/1656
f 994/1552/1658 995/1554/1660 1025/1615/1660
f 1025/1615/1660 1023/1614/1659 994/1552/1658
f 995/1554/1660 996/1556/1661 1027/1616/1662
f 1027/1616/1662 1025/1615/1660 995/1554/1660
f 1013/1610/1650 1027/1616/1662 996/1556/1661
f 996/1556/1661 990/1544/1651 1013/1610/1650
f 958/1506/1594 974/1524/1610 973/1523/1609
f 973/1523/1609 959/1507/1595 958/1506/1594
f 977/1528/1613 974/1527/1610 958/1511/1594
f 958/1511/1594 962/1510/1598 977/1528/1613
f 979/1531/1615 977/1528/1613 962/1510/1598
f 962/1510/1598 964/1514/1600 979/1531/1615
f 981/1533/1617 979/1531/1615 964/1514/1600
f 964/1514/1600 966/1516/1602 981/1533/1617
f 968/1518/1604 983/1535/1619 981/1533/1617
f 981/1533/1617 966/1516/1602 968/1518/1604
f 985/1537/1621 983/1535/1619 968/1518/1604
f 968/1518/1604 970/1520/1606 985/1537/1621
f 987/1539/1623 985/1537/1621 970/1520/1606
f 970/1520/1606 972/1522/1608 987/1539/1623
f 973/1523/1609 987/1539/1623 972/1522/1608
f 972/1522/1608 959/1507/1595 973/1523/1609
f 1029/1617/1663 1030/1618/1664 546/1619/1665
f 546/1619/1665 545/1620/1666 1029/1617/1663
f 1031/1621/1667 1029/1617/1663 545/1620/1666
f 545/1620/1666 553/1622/1668 1031/1621/1667
f 1032/1623/1669 1031/1621/1667 553/1622/1668
f 553/1622/1668 552/1624/1670 1032/1623/1669
f 1033/1625/1671 1032/1623/1669 552/1624/1670
f 552/1624/1670 551/1626/1672 1033/1625/1671
f 1034/1627/1673 1033/1625/1671 551/1626/1672
f 551/1626/1672 550/1628/1674 1034/1627/1673
f 1035/1629/1675 1034/1627/1673 550/1628/1674
f 550/1628/1674 560/1630/1676 1035/1629/1675
f 1036/1631/1677 1035/1629/1675 560/1630/1676
f 560/1630/1676 558/1632/1678 1036/1631/1677
f 1037/1633/1679 1036/1631/1677 558/1632/1678
f 558/1632/1678 556/1634/1680 1037/1633/1679
f 1038/1635/1681 1037/1633/1679 557/1636/1682
f 557/1636/1682 559/1637/1683 1038/1635/1681
f 1030/1618/1664 1038/1635/1681 559/1637/1683
f 559/1637/1683 546/1619/1665 1030/1618/1664
f 556/1634/1680 557/1636/1682 1037/1633/1679
f 1030/1638/1264 1029/1639/1684 1039/1640/1684
f 1039/1640/1684 1040/1641/1264 1030/1638/1264
f 1029/1639/1684 1031/1642/1685 1041/1643/1685
f 1041/1643/1685 1039/1640/1684 1029/1639/1684
f 1031/1644/1685 1032/1645/1686 1042/1646/1686
f 1042/1646/1686 1041/1647/1685 1031/1644/1685
f 1032/1645/1686 1033/1648/1687 1043/1649/1687
f 1043/1649/1687 1042/1646/1686 1032/1645/1686
f 1033/1648/1687 1034/1650/1265 1044/1651/1265
f 1044/1651/1265 1043/1649/1687 1033/1648/1687
f 1034/1650/1265 1035/1652/1688 1045/1653/1688
f 1045/1653/1688 1044/1651/1265 1034/1650/1265
f 1035/1652/1688 1036/1654/1689 1046/1655/1689
f 1046/1655/1689 1045/1653/1688 1035/1652/1688
f 1036/1654/1689 1037/1656/1690 1047/1657/1690
f 1047/1657/1690 1046/1655/1689 1036/1654/1689
f 1037/1658/1690 1038/1659/1691 1048/1660/1691
f 1048/1660/1691 1047/1661/1690 1037/1658/1690
f 1038/1659/1691 1030/1638/1264 1040/1641/1264
f 1040/1641/1264 1048/1660/1691 1038/1659/1691
f 1049/1662/1692 1050/1663/1693 1051/1664/1693
f 1051/1664/1693 1052/1665/1692 1049/1662/1692
f 1053/1666/1694 1049/1662/1692 1052/1665/1692
f 1052/1665/1692 1054/1667/1694 1053/1666/1694
f 1055/1668/1695 1053/1669/1694 1054/1670/1694
f 1054/1670/1694 1056/1671/1696 1055/1668/1695
f 1057/1672/1697 1055/1668/1695 1056/1671/1696
f 1056/1671/1696 1058/1673/1698 1057/1672/1697
f 1059/1674/1699 1057/1672/1697 1058/1673/1698
f 1058/1673/1698 1060/1675/1700 1059/1674/1699
f 1061/1676/1701 1062/1677/1702 1050/1678/1703
f 1050/1678/1703 1049/1679/1704 1061/1676/1701
f 1063/1680/1705 1061/1676/1701 1049/1679/1704
f 1049/1679/1704 1053/1681/1706 1063/1680/1705
f 1064/1682/1707 1063/1680/1705 1053/1681/1706
f 1053/1681/1706 1055/1683/1708 1064/1682/1707
f 1065/1684/1709 1064/1682/1707 1055/1683/1708
f 1055/1683/1708 1057/1685/1710 1065/1684/1709
f 1066/1686/1711 1065/1684/1709 1057/1685/1710
f 1057/1685/1710 1059/1687/1712 1066/1686/1711
f 1067/1688/1713 1068/1689/1714 1062/1677/1702
f 1062/1677/1702 1061/1676/1701 1067/1688/1713
f 1069/1690/1715 1067/1688/1713 1061/1676/1701
f 1061/1676/1701 1063/1680/1705 1069/1690/1715
f 1070/1691/1716 1069/1690/1715 1063/1680/1705
f 1063/1680/1705 1064/1682/1707 1070/1691/1716
f 1071/1692/1717 1070/1691/1716 1064/1682/1707
f 1064/1682/1707 1065/1684/1709 1071/1692/1717
f 1072/1693/1718 1073/1694/1719 1066/1695/1720
f 1066/1695/1720 1059/1696/1721 1072/1693/1718
f 1074/1697/1722 1072/1698/1723 1059/1674/1724
f 1059/1674/1724 1060/1675/1725 1074/1697/1722
f 1060/1699/1726 1075/1700/1727 1074/1701/1728
f 1076/1702/1729 1077/1703/1730 1052/1704/1731
f 1052/1704/1731 1051/1705/1732 1076/1702/1729
f 1077/1703/1730 1078/1706/1733 1054/1707/1734
f 1054/1707/1734 1052/1704/1731 1077/1703/1730
f 1078/1706/1733 1079/1708/1735 1056/1709/1736
f 1056/1709/1736 1054/1707/1734 1078/1706/1733
f 1079/1708/1735 1080/1710/1737 1058/1711/1738
f 1058/1711/1738 1056/1709/1736 1079/1708/1735
f 1080/1710/1737 1081/1712/1739 1060/1699/1726
f 1060/1699/1726 1058/1711/1738 1080/1710/1737
f 1075/1700/1727 1060/1699/1726 1081/1712/1739
f 1082/1713/1740 1083/1714/1741 1077/1703/1742
f 1077/1703/1742 1076/1702/1743 1082/1713/1740
f 1083/1714/1741 1084/1715/1744 1078/1706/1745
f 1078/1706/1745 1077/1703/1742 1083/1714/1741
f 1084/1715/1744 1085/1716/1746 1079/1708/1747
f 1079/1708/1747 1078/1706/1745 1084/1715/1744
f 1085/1716/1746 1086/1717/1748 1080/1710/1749
f 1080/1710/1749 1079/1708/1747 1085/1716/1746
f 1086/1717/1748 1087/1718/1750 1081/1712/1751
f 1081/1712/1751 1080/1710/1749 1086/1717/1748
f 1075/1700/1752 1081/1712/1751 1087/1718/1750
f 1088/1719/1753 1089/1720/1754 1083/1714/1741
f 1083/1714/1741 1082/1713/1740 1088/1719/1753
f 1084/1715/1744 1083/1714/1741 1089/1720/1754
f 1089/1720/1754 1090/1721/1755 1085/1716/1746
f 1085/1716/1746 1084/1715/1744 1089/1720/1754
f 1090/1721/1755 1091/1722/1756 1086/1717/1748
f 1086/1717/1748 1085/1716/1746 1090/1721/1755
f 1087/1718/1750 1086/1717/1748 1091/1722/1756
f 1091/1722/1756 1092/1723/1757 1093/1724/1758
f 1093/1724/1758 1087/1718/1750 1091/1722/1756
f 1094/1725/1759 1095/1726/1760 1068/1689/1714
f 1068/1689/1714 1067/1688/1713 1094/1725/1759
f 1096/1727/1761 1094/1725/1759 1067/1688/1713
f 1067/1688/1713 1069/1690/1715 1096/1727/1761
f 1097/1728/1762 1096/1727/1761 1069/1690/1715
f 1069/1690/1715 1070/1691/1716 1097/1728/1762
f 1098/1729/1763 1099/1730/1764 1071/1692/1765
f 1071/1692/1765 1100/1731/1766 1098/1729/1763
f 1099/1730/1764 1101/1732/1767 1102/1733/1768
f 1102/1733/1768 1071/1692/1765 1099/1730/1764
f 1073/1694/1719 1098/1729/1763 1100/1731/1766
f 1100/1731/1766 1066/1695/1720 1073/1694/1719
f 1103/1734/1769 1072/1735/1723 1074/1736/1722
f 1103/1734/1769 1074/1736/1722 1075/1737/1770
f 1103/1734/1771 1075/1737/1772 1104/1738/1773
f 1103/1734/1771 1104/1738/1773 1105/1739/1774
f 1104/1740/1775 1075/1700/1752 1087/1718/1750
f 1104/1740/1775 1087/1718/1750 1093/1724/1758
f 1106/1741/1776 1107/1742/1777 1108/1743/1778
f 1105/1744/1779 1109/1745/1780 1103/1746/1781
f 1092/1723/1782 1091/1722/1783 1090/1721/1784
f 1092/1723/1782 1090/1721/1784 1089/1720/1785
f 1092/1723/1782 1089/1720/1785 1088/1719/1786
f 1110/1747/1787 1106/1741/1776 1111/1748/1788
f 1106/1741/1776 1108/1743/1778 1111/1748/1788
f 1105/1744/1779 1110/1747/1787 1109/1745/1780
f 1110/1747/1787 1111/1748/1788 1109/1745/1780
f 1112/1749/1789 1113/1750/1790 1095/1726/1791
f 1095/1726/1791 1094/1725/1792 1112/1749/1789
f 1114/1751/1793 1112/1749/1789 1094/1725/1792
f 1094/1725/1792 1096/1727/1794 1114/1751/1793
f 1115/1752/1795 1114/1751/1793 1096/1727/1794
f 1096/1727/1794 1097/1728/1796 1115/1752/1795
f 1101/1732/1767 1115/1752/1795 1097/1728/1796
f 1097/1728/1796 1102/1733/1768 1101/1732/1767
f 1098/1753/1797 1111/1748/1798 1108/1743/1799
f 1098/1753/1797 1108/1743/1799 1099/1754/1800
f 1109/1745/1801 1072/1755/1802 1103/1746/1803
f 1073/1756/1804 1072/1755/1802 1109/1745/1801
f 1098/1753/1797 1073/1756/1804 1109/1745/1801
f 1098/1753/1797 1109/1745/1801 1111/1748/1798
f 1116/1757/1805 1117/1758/1806 1108/1743/1778
f 1108/1743/1778 1107/1742/1777 1116/1757/1805
f 1118/1759/1807 1119/1760/1808 1117/1758/1806
f 1117/1758/1806 1116/1757/1805 1118/1759/1807
f 1120/1761/1809 1121/1762/1810 1119/1760/1808
f 1119/1760/1808 1118/1759/1807 1120/1761/1809
f 1099/1754/1800 1108/1743/1799 1117/1758/1811
f 1099/1754/1800 1117/1758/1811 1101/1763/1812
f 1101/1763/1812 1117/1758/1811 1119/1760/1813
f 1101/1763/1812 1119/1760/1813 1115/1764/1814
f 1120/1761/1809 1122/1765/1815 1121/1762/1810
f 1122/1765/1815 1120/1761/1809 1123/1766/467
f 1123/1766/1816 1113/1767/1817 1112/1768/1818
f 1123/1766/1816 1112/1768/1818 1122/1765/1819
f 1122/1765/1819 1112/1768/1818 1114/1769/1820
f 1122/1765/1819 1114/1769/1820 1121/1762/1821
f 1121/1762/1821 1114/1769/1820 1115/1764/1814
f 1121/1762/1821 1115/1764/1814 1119/1760/1813
f 1070/1691/1716 1071/1692/1717 1102/1733/1822
f 1070/1691/1716 1102/1733/1822 1097/1728/1762
f 1065/1684/1709 1066/1686/1711 1100/1770/1823
f 1065/1684/1709 1100/1770/1823 1071/1692/1717
f 1124/1771/1824 1051/1664/1693 1050/1663/1693
f 1051/1664/1693 1124/1771/1824 1125/1772/1824
f 1126/1773/1825 1125/1772/1824 1124/1771/1824
f 1125/1772/1824 1126/1773/1825 1127/1774/1825
f 1128/1775/1826 1127/1776/1825 1126/1777/1825
f 1127/1776/1825 1128/1775/1826 1129/1778/1827
f 1130/1779/1828 1129/1778/1827 1128/1775/1826
f 1129/1778/1827 1130/1779/1828 1131/1780/1829
f 1132/1781/1830 1131/1780/1829 1130/1779/1828
f 1131/1780/1829 1132/1781/1830 1133/1782/1831
f 1134/1783/1832 1050/1678/1703 1062/1677/1702
f 1050/1678/1703 1134/1783/1832 1124/1784/1833
f 1135/1785/1834 1124/1784/1833 1134/1783/1832
f 1124/1784/1833 1135/1785/1834 1126/1786/1835
f 1136/1787/1836 1126/1786/1835 1135/1785/1834
f 1126/1786/1835 1136/1787/1836 1128/1788/1837
f 1137/1789/1838 1128/1788/1837 1136/1787/1836
f 1128/1788/1837 1137/1789/1838 1130/1790/1839
f 1138/1791/1840 1130/1790/1839 1137/1789/1838
f 1130/1790/1839 1138/1791/1840 1132/1792/1841
f 1139/1793/1842 1062/1677/1702 1068/1689/1714
f 1062/1677/1702 1139/1793/1842 1134/1783/1832
f 1140/1794/1843 1134/1783/1832 1139/1793/1842
f 1134/1783/1832 1140/1794/1843 1135/1785/1834
f 1141/1795/1844 1135/1785/1834 1140/1794/1843
f 1135/1785/1834 1141/1795/1844 1136/1787/1836
f 1142/1796/1845 1136/1787/1836 1141/1795/1844
f 1136/1787/1836 1142/1796/1845 1137/1789/1838
f 1143/1797/1846 1138/1798/1847 1144/1799/1848
f 1138/1798/1847 1143/1797/1846 1132/1800/1849
f 1145/1801/1850 1132/1781/1851 1143/1802/1852
f 1132/1781/1851 1145/1801/1850 1133/1782/1853
f 1133/1803/1854 1145/1804/1855 1146/1805/1856
f 1076/1702/1729 1125/1806/1857 1147/1807/1858
f 1125/1806/1857 1076/1702/1729 1051/1705/1732
f 1147/1807/1858 1127/1808/1859 1148/1809/1860
f 1127/1808/1859 1147/1807/1858 1125/1806/1857
f 1148/1809/1860 1129/1810/1861 1149/1811/1862
f 1129/1810/1861 1148/1809/1860 1127/1808/1859
f 1149/1811/1862 1131/1812/1863 1150/1813/1864
f 1131/1812/1863 1149/1811/1862 1129/1810/1861
f 1150/1813/1864 1133/1803/1854 1151/1814/1865
f 1133/1803/1854 1150/1813/1864 1131/1812/1863
f 1146/1805/1856 1151/1814/1865 1133/1803/1854
f 1082/1713/1740 1147/1807/1866 1152/1815/1867
f 1147/1807/1866 1082/1713/1740 1076/1702/1743
f 1152/1815/1867 1148/1809/1868 1153/1816/1869
f 1148/1809/1868 1152/1815/1867 1147/1807/1866
f 1153/1816/1869 1149/1811/1870 1154/1817/1871
f 1149/1811/1870 1153/1816/1869 1148/1809/1868
f 1154/1817/1871 1150/1813/1872 1155/1818/1873
f 1150/1813/1872 1154/1817/1871 1149/1811/1870
f 1155/1818/1873 1151/1814/1874 1156/1819/1875
f 1151/1814/1874 1155/1818/1873 1150/1813/1872
f 1146/1805/1876 1156/1819/1875 1151/1814/1874
f 1088/1719/1753 1152/1815/1867 1157/1820/1877
f 1152/1815/1867 1088/1719/1753 1082/1713/1740
f 1153/1816/1869 1157/1820/1877 1152/1815/1867
f 1157/1820/1877 1154/1817/1871 1158/1821/1878
f 1154/1817/1871 1157/1820/1877 1153/1816/1869
f 1158/1821/1878 1155/1818/1873 1159/1822/1879
f 1155/1818/1873 1158/1821/1878 1154/1817/1871
f 1156/1819/1875 1159/1822/1879 1155/1818/1873
f 1159/1822/1879 1093/1724/1758 1092/1723/1757
f 1093/1724/1758 1159/1822/1879 1156/1819/1875
f 1160/1823/1880 1068/1689/1714 1095/1726/1760
f 1068/1689/1714 1160/1823/1880 1139/1793/1842
f 1161/1824/1881 1139/1793/1842 1160/1823/1880
f 1139/1793/1842 1161/1824/1881 1140/1794/1843
f 1162/1825/1882 1140/1794/1843 1161/1824/1881
f 1140/1794/1843 1162/1825/1882 1141/1795/1844
f 1163/1826/1883 1142/1796/1884 1164/1827/1885
f 1142/1796/1884 1163/1826/1883 1165/1828/1886
f 1164/1827/1885 1166/1829/1887 1167/1830/1888
f 1166/1829/1887 1164/1827/1885 1142/1796/1884
f 1144/1799/1848 1165/1828/1886 1163/1826/1883
f 1165/1828/1886 1144/1799/1848 1138/1798/1847
f 1168/1831/1889 1145/1832/1850 1143/1833/1852
f 1168/1831/1889 1146/1834/1890 1145/1832/1850
f 1168/1831/1891 1104/1738/1773 1146/1834/1892
f 1168/1831/1891 1105/1739/1774 1104/1738/1773
f 1104/1740/1775 1156/1819/1875 1146/1805/1876
f 1104/1740/1775 1093/1724/1758 1156/1819/1875
f 1106/1741/1776 1169/1835/1893 1107/1742/1777
f 1105/1744/1779 1168/1836/1894 1170/1837/1895
f 1092/1723/1782 1158/1821/1896 1159/1822/1897
f 1092/1723/1782 1157/1820/1898 1158/1821/1896
f 1092/1723/1782 1088/1719/1786 1157/1820/1898
f 1110/1747/1787 1171/1838/1899 1106/1741/1776
f 1106/1741/1776 1171/1838/1899 1169/1835/1893
f 1105/1744/1779 1170/1837/1895 1110/1747/1787
f 1110/1747/1787 1170/1837/1895 1171/1838/1899
f 1172/1839/1900 1095/1726/1791 1113/1750/1790
f 1095/1726/1791 1172/1839/1900 1160/1823/1901
f 1173/1840/1902 1160/1823/1901 1172/1839/1900
f 1160/1823/1901 1173/1840/1902 1161/1824/1903
f 1174/1841/1904 1161/1824/1903 1173/1840/1902
f 1161/1824/1903 1174/1841/1904 1162/1825/1905
f 1167/1830/1888 1162/1825/1905 1174/1841/1904
f 1162/1825/1905 1167/1830/1888 1166/1829/1887
f 1163/1842/1906 1169/1835/1907 1171/1838/1908
f 1163/1842/1906 1164/1843/1909 1169/1835/1907
f 1170/1837/1910 1168/1836/1911 1143/1844/1912
f 1144/1845/1913 1170/1837/1910 1143/1844/1912
f 1163/1842/1906 1170/1837/1910 1144/1845/1913
f 1163/1842/1906 1171/1838/1908 1170/1837/1910
f 1116/1757/1805 1169/1835/1893 1175/1846/1914
f 1169/1835/1893 1116/1757/1805 1107/1742/1777
f 1118/1759/1807 1175/1846/1914 1176/1847/1915
f 1175/1846/1914 1118/1759/1807 1116/1757/1805
f 1120/1761/1809 1176/1847/1915 1177/1848/1916
f 1176/1847/1915 1120/1761/1809 1118/1759/1807
f 1164/1843/1909 1175/1846/1917 1169/1835/1907
f 1164/1843/1909 1167/1849/1918 1175/1846/1917
f 1167/1849/1918 1176/1847/1919 1175/1846/1917
f 1167/1849/1918 1174/1850/1920 1176/1847/1919
f 1120/1761/1809 1177/1848/1916 1178/1851/1921
f 1178/1851/1921 1123/1766/467 1120/1761/1809
f 1123/1766/1816 1172/1852/1922 1113/1767/1817
f 1123/1766/1816 1178/1851/1923 1172/1852/1922
f 1178/1851/1923 1173/1853/1924 1172/1852/1922
f 1178/1851/1923 1177/1848/1925 1173/1853/1924
f 1177/1848/1925 1174/1850/1920 1173/1853/1924
f 1177/1848/1925 1176/1847/1919 1174/1850/1920
f 1141/1795/1844 1166/1829/1926 1142/1796/1845
f 1141/1795/1844 1162/1825/1882 1166/1829/1926
f 1137/1789/1838 1165/1854/1927 1138/1791/1840
f 1137/1789/1838 1142/1796/1845 1165/1854/1927
f 1179/1855/1928 1180/1856/1929 1181/1857/1930
f 1181/1857/1930 1182/1858/1931 1179/1855/1928
f 1180/1856/1929 1183/1859/1932 1184/1860/1933
f 1184/1860/1933 1181/1857/1930 1180/1856/1929
f 1183/1859/1932 1185/1861/1934 1186/1862/1935
f 1186/1862/1935 1184/1860/1933 1183/1859/1932
f 1185/1863/1934 1187/1864/1936 1188/1865/1937
f 1188/1865/1937 1186/1866/1935 1185/1863/1934
f 1187/1864/1936 1189/1867/1938 1190/1868/1939
f 1190/1868/1939 1188/1865/1937 1187/1864/1936
f 1189/1867/1938 1191/1869/1940 1192/1870/1941
f 1192/1870/1941 1190/1868/1939 1189/1867/1938
f 1191/1869/1940 1193/1871/1942 1194/1872/1943
f 1194/1872/1943 1192/1870/1941 1191/1869/1940
f 1193/1871/1942 1179/1855/1928 1182/1858/1931
f 1182/1858/1931 1194/1872/1943 1193/1871/1942
f 1195/1873/536 1196/1874/1944 1197/1875/1945
f 1197/1875/1945 1198/1876/539 1195/1873/536
f 1199/1877/540 1200/1878/1946 1201/1879/1947
f 1202/1880/1948 1201/1879/1947 1200/1878/1946
f 1203/1881/1949 1204/1882/1950 1200/1878/1946
f 1200/1878/1946 1199/1877/540 1203/1881/1949
f 1205/1883/1951 1206/1884/1952 1204/1882/1950
f 1204/1882/1950 1203/1881/1949 1205/1883/1951
f 1198/1885/539 1197/1886/1945 1207/1887/548
f 1207/1887/548 1208/1888/549 1198/1885/539
f 1208/1888/549 1207/1887/548 1209/1889/550
f 1209/1889/550 1210/1890/551 1208/1888/549
f 1210/1890/551 1209/1889/550 1211/1891/564
f 1211/1891/564 1212/1892/553 1210/1890/551
f 1213/1893/1953 1214/1894/1954 1206/1895/1952
f 1206/1895/1952 1205/1896/1951 1213/1893/1953
f 1215/1897/1955 1216/1898/1956 1195/1873/536
f 1195/1873/536 1198/1876/539 1215/1897/1955
f 1217/1899/1957 1218/1900/1958 1201/1879/1947
f 1199/1877/540 1201/1879/1947 1218/1900/1958
f 1218/1900/1958 1219/1901/1959 1203/1881/1949
f 1203/1881/1949 1199/1877/540 1218/1900/1958
f 1219/1901/1959 1220/1902/1960 1205/1883/1951
f 1205/1883/1951 1203/1881/1949 1219/1901/1959
f 1221/1903/562 1215/1904/1955 1198/1885/539
f 1198/1885/539 1208/1888/549 1221/1903/562
f 1222/1905/563 1221/1903/562 1208/1888/549
f 1208/1888/549 1210/1890/551 1222/1905/563
f 1223/1906/1961 1222/1905/563 1210/1890/551
f 1210/1890/551 1212/1892/553 1223/1906/1961
f 1220/1907/1960 1224/1908/1962 1213/1893/1953
f 1213/1893/1953 1205/1896/1951 1220/1907/1960
f 1225/1909/1963 1226/1910/1964 1217/1911/1957
f 1217/1911/1957 1227/1912/1965 1225/1909/1963
f 1226/1910/1964 1228/1913/1966 1218/1914/1958
f 1218/1914/1958 1217/1911/1957 1226/1910/1964
f 1228/1913/1966 1229/1915/1967 1219/1916/1959
f 1219/1916/1959 1218/1914/1958 1228/1913/1966
f 1229/1915/1967 1230/1917/1968 1220/1918/1960
f 1220/1918/1960 1219/1916/1959 1229/1915/1967
f 1226/1910/1969 1225/1909/1970 1231/1919/1971
f 1231/1919/1971 1232/1920/1972 1226/1910/1969
f 1232/1920/1972 1233/1921/1973 1228/1913/1973
f 1228/1913/1973 1226/1910/1969 1232/1920/1972
f 1233/1921/1973 1234/1922/1974 1229/1915/1975
f 1229/1915/1975 1228/1913/1973 1233/1921/1973
f 1234/1922/1974 1235/1923/1976 1230/1917/1977
f 1230/1917/1977 1229/1915/1975 1234/1922/1974
f 1236/1924/1978 1237/1925/1979 1225/1909/1963
f 1225/1909/1963 1227/1912/1965 1236/1924/1978
f 1238/1926/1980 1239/1927/1981 1237/1925/1979
f 1237/1925/1979 1236/1924/1978 1238/1926/1980
f 1224/1928/1962 1240/1929/1982 1239/1927/1981
f 1239/1927/1981 1238/1926/1980 1224/1928/1962
f 1220/1918/1960 1230/1917/1968 1240/1929/1982
f 1240/1929/1982 1224/1928/1962 1220/1918/1960
f 1231/1919/1971 1225/1909/1970 1237/1925/1983
f 1237/1925/1983 1241/1930/1984 1231/1919/1971
f 1239/1927/1985 1242/1931/1986 1241/1930/1984
f 1241/1930/1984 1237/1925/1983 1239/1927/1985
f 1240/1929/1987 1243/1932/1988 1242/1931/1986
f 1242/1931/1986 1239/1927/1985 1240/1929/1987
f 1230/1917/1977 1235/1923/1976 1243/1932/1988
f 1243/1932/1988 1240/1929/1987 1230/1917/1977
f 1202/1933/1948 1244/1934/1989 1245/1935/1990
f 1245/1935/1990 1246/1936/1991 1202/1933/1948
f 1200/1937/1946 1247/1938/1992 1244/1934/1989
f 1244/1934/1989 1202/1933/1948 1200/1937/1946
f 1204/1939/1950 1248/1940/1993 1247/1938/1992
f 1247/1938/1992 1200/1937/1946 1204/1939/1950
f 1206/1941/1952 1249/1942/1994 1248/1940/1993
f 1248/1940/1993 1204/1939/1950 1206/1941/1952
f 1245/1935/1990 1250/1943/1995 1251/1944/1996
f 1251/1944/1996 1246/1936/1991 1245/1935/1990
f 1250/1943/1995 1252/1945/1997 1253/1946/1998
f 1253/1946/1998 1251/1944/1996 1250/1943/1995
f 1252/1945/1997 1254/1947/1999 1214/1948/1954
f 1214/1948/1954 1253/1946/1998 1252/1945/1997
f 1254/1947/1999 1249/1942/1994 1206/1941/1952
f 1206/1941/1952 1214/1948/1954 1254/1947/1999
f 1247/1938/2000 1248/1940/2001 1249/1942/2002
f 1247/1938/2000 1249/1942/2002 1254/1947/2003
f 1247/1938/2000 1254/1947/2003 1252/1945/467
f 1247/1938/2000 1252/1945/467 1250/1943/2004
f 1247/1938/2000 1250/1943/2004 1245/1935/2005
f 1247/1938/2000 1245/1935/2005 1244/1934/2006
f 1246/1949/1991 1255/1950/2007 1256/1951/2008
f 1256/1951/2008 1202/1880/1948 1246/1949/1991
f 1202/1880/1948 1256/1951/2008 1201/1879/1947
f 1251/1952/1996 1257/1953/2009 1255/1954/2007
f 1255/1954/2007 1246/1955/1991 1251/1952/1996
f 1253/1956/1998 1258/1957/2010 1257/1953/2009
f 1257/1953/2009 1251/1952/1996 1253/1956/1998
f 1259/1958/2011 1214/1894/1954 1213/1893/1953
f 1214/1894/1954 1259/1958/2011 1258/1957/2010
f 1258/1957/2010 1253/1956/1998 1214/1894/1954
f 1260/1959/2012 1217/1899/1957 1201/1879/1947
f 1217/1899/1957 1260/1959/2012 1261/1960/2013
f 1261/1960/2013 1227/1961/1965 1217/1899/1957
f 1227/1962/1965 1261/1963/2013 1262/1964/617
f 1262/1964/617 1236/1965/1978 1227/1962/1965
f 1236/1965/1978 1262/1964/617 1263/1966/2014
f 1263/1966/2014 1238/1967/1980 1236/1965/1978
f 1224/1908/1962 1264/1968/2015 1213/1969/1953
f 1238/1967/1980 1263/1966/2014 1264/1968/2015
f 1264/1968/2015 1224/1908/1962 1238/1967/1980
f 1255/1950/2016 1197/1875/2016 1196/1874/2016
f 1196/1874/2017 1256/1951/2017 1255/1950/2017
f 1256/1951/2018 1196/1874/2019 1195/1873/2020
f 1195/1873/2020 1201/1879/2021 1256/1951/2018
f 1257/1953/2022 1207/1887/2023 1197/1886/2024
f 1197/1886/2024 1255/1954/2025 1257/1953/2022
f 1258/1957/2026 1209/1889/2027 1207/1887/2028
f 1207/1887/2028 1257/1953/2029 1258/1957/2026
f 1213/1969/2030 1212/1892/2031 1211/1891/2032
f 1211/1891/2032 1259/1958/2033 1213/1969/2030
f 1259/1958/2034 1211/1891/2035 1209/1889/2036
f 1209/1889/2036 1258/1957/2037 1259/1958/2034
f 1201/1879/2021 1195/1873/2020 1216/1898/2038
f 1216/1898/2038 1260/1959/2039 1201/1879/2021
f 1260/1959/2040 1216/1898/2040 1215/1897/2040
f 1215/1897/2041 1261/1960/2041 1260/1959/2041
f 1261/1963/2042 1215/1904/2043 1221/1903/2044
f 1221/1903/2044 1262/1964/2045 1261/1963/2042
f 1262/1964/2046 1221/1903/2047 1222/1905/2048
f 1222/1905/2048 1263/1966/2049 1262/1964/2046
f 1264/1968/2050 1223/1906/2051 1212/1892/2031
f 1212/1892/2031 1213/1969/2030 1264/1968/2050
f 1263/1966/2052 1222/1905/2053 1223/1906/2054
f 1223/1906/2054 1264/1968/2055 1263/1966/2052
f 1265/1970/2056 1266/1971/2057 1267/1972/667
f 1267/1972/667 1268/1973/2058 1265/1970/2056
f 1266/1971/2057 1269/1974/665 1270/1975/2059
f 1270/1975/2059 1267/1972/667 1266/1971/2057
f 1269/1974/665 1271/1976/661 1272/1977/2060
f 1272/1977/2060 1270/1975/2059 1269/1974/665
f 1271/1978/661 1273/1979/2061 1274/1980/2062
f 1274/1980/2062 1272/1981/2060 1271/1978/661
f 1273/1979/2061 1275/1982/2063 1276/1983/2064
f 1276/1983/2064 1274/1980/2062 1273/1979/2061
f 1275/1982/2063 1277/1984/2065 1278/1985/2066
f 1278/1985/2066 1276/1983/2064 1275/1982/2063
f 1277/1984/2065 1279/1986/2067 1280/1987/2068
f 1280/1987/2068 1278/1985/2066 1277/1984/2065
f 1279/1986/2067 1265/1970/2056 1268/1973/2058
f 1268/1973/2058 1280/1987/2068 1279/1986/2067
f 1281/1988/2069 1282/1989/2070 1180/1856/2071
f 1180/1856/2071 1179/1855/2072 1281/1988/2069
f 1282/1989/2070 1283/1990/2073 1183/1859/2074
f 1183/1859/2074 1180/1856/2071 1282/1989/2070
f 1283/1991/2073 1284/1992/2075 1185/1863/2076
f 1185/1861/2076 1183/1859/2074 1283/1990/2073
f 1284/1992/2075 1285/1993/2077 1187/1864/2078
f 1187/1994/2078 1185/1861/2076 1284/1995/2075
f 1285/1993/2077 1286/1996/2079 1189/1867/2080
f 1189/1867/2080 1187/1864/2078 1285/1993/2077
f 1286/1996/2079 1287/1997/2081 1191/1869/2082
f 1191/1869/2082 1189/1867/2080 1286/1996/2079
f 1287/1997/2081 1288/1998/2083 1193/1871/2084
f 1193/1871/2084 1191/1869/2082 1287/1997/2081
f 1288/1998/2083 1281/1988/2069 1179/1855/2072
f 1179/1855/2072 1193/1871/2084 1288/1998/2083
f 1268/1973/2085 1267/1972/2086 1282/1989/2070
f 1282/1989/2070 1281/1988/2069 1268/1973/2085
f 1267/1972/2086 1270/1975/2087 1283/1990/2073
f 1283/1990/2073 1282/1989/2070 1267/1972/2086
f 1270/1975/2087 1272/1977/2088 1284/1995/2075
f 1284/1995/2075 1283/1990/2073 1270/1975/2087
f 1272/1981/2088 1274/1980/2089 1285/1993/2077
f 1285/1993/2077 1284/1992/2075 1272/1981/2088
f 1274/1980/2089 1276/1983/2090 1286/1996/2079
f 1286/1996/2079 1285/1993/2077 1274/1980/2089
f 1276/1983/2090 1278/1985/2091 1287/1997/2081
f 1287/1997/2081 1286/1996/2079 1276/1983/2090
f 1278/1985/2091 1280/1987/2092 1288/1998/2083
f 1288/1998/2083 1287/1997/2081 1278/1985/2091
f 1280/1987/2092 1268/1973/2085 1281/1988/2069
f 1281/1988/2069 1288/1998/2083 1280/1987/2092
f 1242/1931/276 1234/1922/276 1233/1921/276
f 1242/1931/276 1235/1923/276 1234/1922/276
f 1242/1931/276 1243/1932/276 1235/1923/276
f 1233/1921/276 1241/1930/276 1242/1931/276
f 1233/1921/276 1231/1919/276 1241/1930/276
f 1233/1921/276 1232/1920/276 1231/1919/276
f 1289/1999/2093 625/2000/2094 1290/2001/2095
f 625/2000/2094 1289/1999/2093 624/2002/2096
f 1290/2001/2095 404/645/705 403/644/704
f 404/645/705 1290/2001/2095 625/2000/2094
f 1291/2003/2097 626/2004/2098 1292/2005/2099
f 626/2004/2098 1291/2003/2097 627/2006/2100
f 409/650/710 627/2006/2100 1291/2003/2097
f 627/2006/2100 409/650/710 410/651/711
f 1293/2007/2101 624/2002/2096 1289/1999/2093
f 624/2002/2096 1293/2007/2101 629/2008/2102
f 1292/2005/2099 629/2008/2102 1293/2007/2101
f 629/2008/2102 1292/2005/2099 626/2004/2098
f 1294/2009/2103 1290/2001/2104 1295/2010/2105
f 1290/2001/2104 1294/2009/2103 1289/1999/2106
f 1295/2010/2105 403/644/719 415/656/718
f 403/644/719 1295/2010/2105 1290/2001/2104
f 1296/2011/2107 1292/2005/2108 1297/2012/2109
f 1292/2005/2108 1296/2011/2107 1291/2003/2110
f 418/659/724 1291/2003/2110 1296/2011/2107
f 1291/2003/2110 418/659/724 409/650/725
f 1298/2013/2111 1289/1999/2106 1294/2009/2103
f 1289/1999/2106 1298/2013/2111 1293/2007/2112
f 1297/2012/2109 1293/2007/2112 1298/2013/2111
f 1293/2007/2112 1297/2012/2109 1292/2005/2108
f 1299/2014/2113 1295/2010/2114 1300/2015/2115
f 1295/2010/2114 1299/2014/2113 1294/2009/2116
f 1300/2015/2115 415/656/733 422/663/732
f 415/656/733 1300/2015/2115 1295/2010/2114
f 1301/2016/2117 1297/2012/2118 1302/2017/2119
f 1297/2012/2118 1301/2016/2117 1296/2011/2120
f 425/666/738 1296/2011/2120 1301/2016/2117
f 1296/2011/2120 425/666/738 418/659/739
f 1303/2018/2121 1294/2009/2116 1299/2014/2113
f 1294/2009/2116 1303/2018/2121 1298/2013/2122
f 1302/2017/2119 1298/2013/2122 1303/2018/2121
f 1298/2013/2122 1302/2017/2119 1297/2012/2118
f 1304/2019/2123 1300/2015/2124 1305/2020/2125
f 1300/2015/2124 1304/2019/2123 1299/2014/2126
f 1305/2020/2125 422/663/747 429/670/746
f 422/663/747 1305/2020/2125 1300/2015/2124
f 1301/2016/2127 1302/2017/2128 1306/2021/2129
f 1306/2021/2129 1307/2022/2130 1301/2016/2127
f 432/673/752 1301/2016/2127 1307/2022/2130
f 1301/2016/2127 432/673/752 425/666/753
f 1308/2023/2131 1299/2014/2126 1304/2019/2123
f 1299/2014/2126 1308/2023/2131 1303/2018/2132
f 1302/2017/2128 1303/2018/2132 1308/2023/2131
f 1308/2023/2131 1306/2021/2129 1302/2017/2128
f 434/675/756 1309/2024/2133 435/676/757
f 434/675/756 1310/2025/2134 1309/2024/2133
f 1310/2025/2134 1311/2026/2135 1309/2024/2133
f 1310/2025/2134 1312/2027/2136 1311/2026/2135
f 1312/2027/2136 1313/2028/2137 1311/2026/2135
f 1312/2027/2136 1314/2029/2138 1313/2028/2137
f 1314/2029/2138 1315/2030/2139 1313/2028/2137
f 1314/2029/2138 1316/2031/2140 1315/2030/2139
f 1316/2031/2140 1317/2032/2141 1315/2030/2139
f 1316/2031/2140 1318/2033/2142 1317/2032/2141
f 1318/2033/2142 1319/2034/2143 1317/2032/2141
f 1318/2033/2142 1320/2035/2144 1319/2034/2143
f 1320/2035/2144 448/689/770 1319/2034/2143
f 1320/2035/2144 449/690/771 448/689/770
f 435/676/757 1321/2036/2145 450/691/772
f 435/676/757 1309/2024/2133 1321/2036/2145
f 1319/2034/2143 453/694/775 1322/2037/2146
f 1319/2034/2143 448/689/770 453/694/775
f 450/691/772 1323/2038/2147 454/695/776
f 450/691/772 1321/2036/2145 1323/2038/2147
f 1322/2037/2146 457/698/779 1324/2039/2148
f 1322/2037/2146 453/694/775 457/698/779
f 1307/2040/2149 434/675/782 432/700/781
f 434/675/782 1307/2040/2149 1310/2025/2150
f 1306/2041/2151 1310/2025/2150 1307/2040/2149
f 1310/2025/2150 1306/2041/2151 1312/2027/2152
f 1312/2027/2152 1306/2041/2151 1314/2029/2153
f 1308/2042/2154 1314/2029/2153 1306/2041/2151
f 1314/2029/2153 1308/2042/2154 1316/2031/2155
f 1304/2043/2156 1316/2031/2155 1308/2042/2154
f 1316/2031/2155 1304/2043/2156 1318/2033/2157
f 1305/2044/2158 1318/2033/2157 1304/2043/2156
f 1318/2033/2157 1305/2044/2158 1320/2035/2159
f 429/705/793 1320/2035/2159 1305/2044/2158
f 1320/2035/2159 429/705/793 449/690/794
f 1325/2045/2160 457/708/779 459/707/796
f 457/708/779 1325/2045/2160 1324/2046/2148
f 459/707/796 1323/2038/2147 1325/2045/2160
f 1323/2038/2147 459/707/796 454/695/776
f 1326/2047/2161 1311/2026/2162 1327/2048/2163
f 1311/2026/2162 1326/2047/2161 1309/2024/2164
f 1327/2048/2163 1313/2028/2165 1328/2049/2166
f 1313/2028/2165 1327/2048/2163 1311/2026/2162
f 1328/2049/2166 1315/2030/2167 1329/2050/2168
f 1315/2030/2167 1328/2049/2166 1313/2028/2165
f 1329/2050/2168 1317/2032/2169 1330/2051/2170
f 1317/2032/2169 1329/2050/2168 1315/2030/2167
f 1330/2051/2170 1319/2034/2171 1331/2052/2172
f 1319/2034/2171 1330/2051/2170 1317/2032/2169
f 1332/2053/2173 1309/2024/2164 1326/2047/2161
f 1309/2024/2164 1332/2053/2173 1321/2036/2174
f 1331/2052/2172 1322/2037/2175 1333/2054/2176
f 1322/2037/2175 1331/2052/2172 1319/2034/2171
f 1334/2055/2177 1321/2036/2174 1332/2053/2173
f 1321/2036/2174 1334/2055/2177 1323/2038/2178
f 1322/2037/2175 1324/2039/2179 1335/2056/2180
f 1335/2056/2180 1333/2054/2176 1322/2037/2175
f 1335/2057/2180 1325/2045/2181 1336/2058/2182
f 1325/2045/2181 1335/2057/2180 1324/2046/2179
f 1336/2058/2182 1323/2038/2178 1334/2055/2177
f 1323/2038/2178 1336/2058/2182 1325/2045/2181
f 1337/2059/2183 1327/2060/2184 1338/2061/2185
f 1327/2060/2184 1337/2059/2183 1326/2062/2186
f 1338/2061/2185 1328/2063/2187 1339/2064/2188
f 1328/2063/2187 1338/2061/2185 1327/2060/2184
f 1339/2064/2188 1329/2065/2189 1340/2066/2190
f 1329/2065/2189 1339/2064/2188 1328/2063/2187
f 1340/2066/2190 1330/2067/2191 1341/2068/2192
f 1330/2067/2191 1340/2066/2190 1329/2065/2189
f 1341/2068/2192 1331/2069/2193 1342/2070/2194
f 1331/2069/2193 1341/2068/2192 1330/2067/2191
f 1343/2071/2195 1326/2062/2186 1337/2059/2183
f 1326/2062/2186 1343/2071/2195 1332/2072/2196
f 1331/2069/2193 1333/2073/2197 1344/2074/2198
f 1344/2074/2198 1342/2070/2194 1331/2069/2193
f 1345/2075/2199 1332/2072/2196 1343/2071/2195
f 1332/2072/2196 1345/2075/2199 1334/2076/2200
f 1333/2073/2197 1335/2077/2201 1346/2078/2202
f 1346/2078/2202 1344/2074/2198 1333/2073/2197
f 1346/2078/2202 1336/2079/2203 1347/2080/2204
f 1336/2079/2203 1346/2078/2202 1335/2077/2201
f 1347/2080/2204 1334/2076/2200 1345/2075/2199
f 1334/2076/2200 1347/2080/2204 1336/2079/2203
f 1337/2059/2205 1341/2068/2206 1342/2070/2207
f 1337/2059/2205 1340/2066/2208 1341/2068/2206
f 1337/2059/2205 1339/2064/2209 1340/2066/2208
f 1337/2059/2205 1338/2061/2210 1339/2064/2209
f 1337/2059/2205 1345/2075/2211 1343/2071/2212
f 1337/2059/2205 1347/2080/2213 1345/2075/2211
f 1337/2059/2205 1346/2078/2214 1347/2080/2213
f 1337/2059/2205 1344/2074/2215 1346/2078/2214
f 1337/2059/2205 1342/2070/2207 1344/2074/2215
f 1348/2081/2216 1349/2082/2216 1350/2083/2216
f 1349/2082/2216 1348/2081/2216 1351/2084/2216
f 1348/2081/2217 1352/2085/2217 1351/2084/2217
f 1349/2082/2218 1353/2086/2218 1350/2083/2218
f 1354/2087/2219 1352/2085/2219 1355/2088/2219
f 1352/2085/2219 1354/2087/2219 1353/2089/2219
f 1356/2090/2220 1350/2083/2220 1357/2091/2221
f 1350/2083/2220 1356/2090/2220 1348/2081/2220
f 1355/2088/2222 1348/2081/2222 1356/2090/2222
f 1348/2081/2223 1355/2088/2223 1352/2085/2223
f 1357/2091/2224 1353/2086/2225 1354/2092/2226
f 1353/2086/2225 1357/2091/2224 1350/2083/2227
f 1358/2093/2228 1353/2089/2228 1359/2094/2228
f 1353/2089/2228 1358/2093/2228 1352/2085/2228
f 1360/2095/2229 1351/2084/2229 1361/2096/2229
f 1351/2084/2229 1360/2095/2229 1349/2082/2229
f 1361/2096/2230 1352/2085/2231 1358/2093/2232
f 1352/2085/2231 1361/2096/2230 1351/2084/2233
f 1359/2097/2234 1349/2082/2234 1360/2095/2234
f 1349/2082/2235 1359/2097/2235 1353/2086/2235
f 1362/2098/2236 1363/2099/2237 1364/2100/2238
f 1363/2099/2237 1362/2098/2236 1365/2101/2239
f 1366/2102/2240 1367/2103/2241 1368/2104/2242
f 1367/2103/2241 1366/2102/2240 1369/2105/2243
f 1366/2102/2240 1364/2100/2238 1369/2105/2243
f 1364/2100/2238 1366/2102/2240 1362/2098/2236
f 1367/2103/2241 1365/2106/2239 1368/2104/2242
f 1365/2106/2239 1367/2103/2241 1363/2107/2237
f 1370/2108/2244 1362/2098/2236 1371/2109/2245
f 1362/2098/2236 1370/2108/2244 1365/2101/2239
f 1372/2110/2246 1368/2104/2242 1373/2111/2247
f 1368/2104/2242 1372/2110/2246 1366/2102/2240
f 1371/2109/2245 1366/2102/2240 1372/2110/2246
f 1366/2102/2240 1371/2109/2245 1362/2098/2236
f 1373/2111/2247 1365/2106/2239 1370/2112/2244
f 1365/2106/2239 1373/2111/2247 1368/2104/2242
f 1374/2113/2248 1363/2099/2237 1375/2114/2249
f 1363/2099/2237 1374/2113/2248 1364/2100/2238
f 1376/2115/2250 1369/2105/2243 1377/2116/2251
f 1369/2105/2243 1376/2115/2250 1367/2103/2241
f 1377/2116/2251 1364/2100/2238 1374/2113/2248
f 1364/2100/2238 1377/2116/2251 1369/2105/2243
f 1375/2117/2249 1367/2103/2241 1376/2115/2250
f 1367/2103/2241 1375/2117/2249 1363/2107/2237
f 1378/2118/2252 1379/2119/2253 1380/2120/2254
f 1379/2119/2253 1378/2118/2252 1381/2121/2255
f 1382/2122/2256 1383/2123/2257 1384/2124/2258
f 1383/2123/2257 1382/2122/2256 1385/2125/2259
f 1386/2126/2260 1387/2127/2261 1388/2128/2262
f 1387/2127/2261 1386/2126/2260 1389/2129/2263
f 1382/2122/2256 1380/2120/2254 1385/2125/2259
f 1380/2120/2254 1382/2122/2256 1378/2118/2252
f 1383/2123/2257 1381/2130/2255 1384/2124/2258
f 1381/2130/2255 1383/2123/2257 1379/2131/2253
f 1390/2132/2264 1378/2118/2252 1391/2133/2265
f 1378/2118/2252 1390/2132/2264 1381/2121/2255
f 1392/2134/2266 1384/2124/2258 1393/2135/2267
f 1384/2124/2258 1392/2134/2266 1382/2122/2256
f 1391/2133/2265 1382/2122/2256 1392/2134/2266
f 1382/2122/2256 1391/2133/2265 1378/2118/2252
f 1393/2135/2267 1381/2130/2255 1390/2136/2264
f 1381/2130/2255 1393/2135/2267 1384/2124/2258
f 1389/2137/2263 1379/2119/2253 1387/2138/2261
f 1379/2119/2253 1389/2137/2263 1380/2120/2254
f 1388/2139/2262 1385/2125/2259 1386/2140/2260
f 1385/2125/2259 1388/2139/2262 1383/2123/2257
f 1386/2140/2260 1380/2120/2254 1389/2137/2263
f 1380/2120/2254 1386/2140/2260 1385/2125/2259
f 1387/2141/2261 1383/2123/2257 1388/2139/2262
f 1383/2123/2257 1387/2141/2261 1379/2131/2253
f 1360/2142/2268 1392/2143/2266 1393/2144/2267
f 1392/2143/2266 1360/2142/2268 1361/2145/2269
f 1361/2145/2269 1391/2146/2265 1392/2143/2266
f 1391/2146/2265 1361/2145/2269 1358/2147/2270
f 1358/2147/2270 1390/2148/2264 1391/2146/2265
f 1390/2148/2264 1358/2147/2270 1359/2149/2271
f 1360/2142/2268 1390/2148/2264 1359/2149/2271
f 1390/2148/2264 1360/2142/2268 1393/2144/2267
f 1376/2150/2250 1356/2151/2272 1357/2152/2273
f 1356/2151/2272 1376/2150/2250 1377/2153/2251
f 1376/2150/2250 1354/2154/2274 1375/2155/2249
f 1354/2154/2274 1376/2150/2250 1357/2152/2273
f 1377/2153/2251 1355/2156/2275 1356/2151/2272
f 1355/2156/2275 1377/2153/2251 1374/2157/2248
f 1374/2157/2248 1354/2154/2274 1355/2156/2275
f 1354/2154/2274 1374/2157/2248 1375/2155/2249
f 1394/2158/2276 1395/2159/2277 1396/2160/2278
f 1395/2159/2277 1394/2158/2276 1397/2161/2279
f 1396/2160/2280 1398/2162/2280 1394/2158/2280
f 1397/2161/2281 1399/2163/2281 1395/2159/2281
f 1400/2164/2282 1394/2158/2282 1401/2165/2282
f 1394/2158/2283 1400/2164/2283 1397/2161/2283
f 1402/2166/2284 1399/2163/2284 1403/2167/2284
f 1399/2163/2285 1402/2166/2285 1398/2168/2285
f 1401/2165/2286 1398/2162/2286 1402/2169/2286
f 1398/2162/2287 1401/2165/2287 1394/2158/2287
f 1403/2167/2288 1397/2161/2288 1400/2164/2288
f 1397/2161/2289 1403/2167/2289 1399/2163/2289
f 1404/2170/2290 1395/2159/2290 1405/2171/2290
f 1395/2159/2291 1404/2170/2291 1396/2160/2291
f 1406/2172/2292 1398/2168/2292 1407/2173/2292
f 1398/2168/2293 1406/2172/2293 1399/2163/2293
f 1407/2174/2294 1396/2160/2294 1404/2170/2294
f 1396/2160/2295 1407/2174/2295 1398/2162/2295
f 1405/2171/2296 1399/2163/2296 1406/2172/2296
f 1399/2163/2297 1405/2171/2297 1395/2159/2297
f 1373/2175/2247 1401/2176/2298 1372/2177/2246
f 1401/2176/2298 1373/2175/2247 1400/2178/2299
f 1401/2176/2298 1371/2179/2245 1372/2177/2246
f 1371/2179/2245 1401/2176/2298 1402/2180/2300
f 1402/2180/2300 1370/2181/2244 1371/2179/2245
f 1370/2181/2244 1402/2180/2300 1403/2182/2301
f 1373/2175/2247 1403/2182/2301 1400/2178/2299
f 1403/2182/2301 1373/2175/2247 1370/2181/2244
f 1408/2183/2302 1409/2184/2303 1410/2185/2304
f 1409/2184/2303 1408/2183/2302 1411/2186/2305
f 1412/2187/2306 1411/2186/2305 1408/2183/2302
f 1411/2186/2305 1412/2187/2306 1413/2188/2307
f 1414/2189/2308 1413/2188/2307 1412/2187/2306
f 1413/2188/2307 1414/2189/2308 1415/2190/2309
f 1416/2191/2310 1410/2185/2304 1417/2192/2311
f 1410/2185/2304 1416/2191/2310 1408/2183/2302
f 1418/2193/2312 1408/2183/2302 1416/2191/2310
f 1408/2183/2302 1418/2193/2312 1412/2187/2306
f 1418/2193/2312 1414/2189/2308 1412/2187/2306
f 1414/2189/2308 1418/2193/2312 1419/2194/2313
f 1414/2195/2308 1420/2196/2314 1415/2190/2309
f 1420/2196/2314 1414/2195/2308 1421/2197/2315
f 1419/2198/2313 1421/2197/2315 1414/2195/2308
f 1421/2197/2315 1419/2198/2313 1422/2199/2316
f 1423/2200/2317 1424/2201/2318 1425/2202/2319
f 1424/2201/2318 1423/2200/2317 1426/2203/2320
f 1426/2203/2320 1427/2204/2321 1424/2201/2318
f 1427/2204/2321 1426/2203/2320 1428/2205/2322
f 1428/2205/2322 1429/2206/2323 1427/2204/2321
f 1429/2206/2323 1428/2205/2322 1430/2207/2324
f 1425/2202/2319 1431/2208/2325 1432/2209/2326
f 1431/2208/2325 1425/2202/2319 1424/2201/2318
f 1424/2201/2318 1433/2210/2327 1431/2208/2325
f 1433/2210/2327 1424/2201/2318 1427/2204/2321
f 1429/2206/2323 1433/2210/2327 1427/2204/2321
f 1433/2210/2327 1429/2206/2323 1422/2211/2316
f 1423/2200/2317 1434/2212/2328 1426/2203/2320
f 1434/2212/2328 1428/2205/2322 1426/2203/2320
f 1428/2205/2322 1434/2212/2328 1435/2213/2329
f 1435/2213/2329 1430/2207/2324 1428/2205/2322
f 1430/2207/2324 1435/2213/2329 1420/2196/2314
f 1420/2196/2314 1429/2214/2323 1430/2215/2324
f 1429/2214/2323 1420/2196/2314 1421/2197/2315
f 1422/2199/2316 1429/2214/2323 1421/2197/2315
f 1436/2216/2330 1411/2186/2305 1437/2217/2331
f 1411/2186/2305 1436/2216/2330 1409/2184/2303
f 1438/2218/2332 1415/2190/2309 1439/2219/2333
f 1415/2190/2309 1438/2218/2332 1413/2188/2307
f 1440/2220/2334 1423/2200/2317 1441/2221/2335
f 1423/2200/2317 1440/2220/2334 1434/2212/2328
f 1437/2217/2331 1434/2212/2328 1440/2220/2334
f 1434/2212/2328 1437/2217/2331 1411/2186/2305
f 1441/2221/2335 1409/2184/2303 1436/2216/2330
f 1409/2184/2303 1441/2221/2335 1423/2200/2317
f 1442/2222/2336 1413/2188/2307 1438/2218/2332
f 1413/2188/2307 1442/2222/2336 1435/2213/2329
f 1443/2223/2337 1435/2213/2329 1442/2222/2336
f 1435/2213/2329 1443/2223/2337 1420/2196/2314
f 1439/2219/2333 1420/2196/2314 1443/2223/2337
f 1420/2196/2314 1439/2219/2333 1415/2190/2309
f 1444/2224/2338 1413/2188/2307 1445/2225/2339
f 1413/2188/2307 1444/2224/2338 1411/2186/2305
f 1446/2226/2340 1434/2212/2328 1447/2227/2341
f 1434/2212/2328 1446/2226/2340 1435/2213/2329
f 1445/2225/2339 1435/2213/2329 1446/2226/2340
f 1435/2213/2329 1445/2225/2339 1413/2188/2307
f 1447/2227/2341 1411/2186/2305 1444/2224/2338
f 1411/2186/2305 1447/2227/2341 1434/2212/2328
f 1448/2228/276 1449/2229/2342 1450/2230/2343
f 1449/2229/2342 1448/2228/276 1451/2231/276
f 1452/2232/2344 1453/2233/2344 1454/2234/2344
f 1453/2233/2344 1452/2232/2344 1455/2235/2344
f 1452/2236/1264 1450/2230/1264 1455/2237/1264
f 1450/2230/1264 1452/2236/1264 1448/2228/1264
f 1453/2233/1265 1451/2231/1265 1454/2234/1265
f 1451/2231/1265 1453/2233/1265 1449/2229/1265
f 1456/2238/2345 1448/2228/2345 1457/2239/2345
f 1448/2228/2345 1456/2238/2345 1451/2231/2345
f 1458/2240/2346 1454/2234/2347 1459/2241/2348
f 1454/2234/2347 1458/2240/2346 1452/2232/2349
f 1457/2239/2350 1452/2236/2351 1458/2242/2352
f 1452/2236/2351 1457/2239/2350 1448/2228/2353
f 1459/2241/2354 1451/2231/2355 1456/2238/2356
f 1451/2231/2355 1459/2241/2354 1454/2234/2357
f 1445/2243/2339 1449/2229/2342 1444/2244/2338
f 1449/2229/2342 1445/2243/2339 1450/2230/2343
f 1447/2245/2358 1455/2235/2359 1446/2246/2360
f 1455/2235/2359 1447/2245/2358 1453/2233/2361
f 1446/2247/2362 1450/2230/2363 1445/2243/2364
f 1450/2230/2363 1446/2247/2362 1455/2237/2365
f 1444/2244/2366 1453/2233/2367 1447/2245/2368
f 1453/2233/2367 1444/2244/2366 1449/2229/2369
f 1460/2248/2370 1461/2249/2371 1462/2250/2372
f 1461/2249/2371 1460/2248/2370 1463/2251/2373
f 1464/2252/2374 1465/2253/2375 1466/2254/2376
f 1465/2253/2375 1464/2252/2374 1467/2255/2377
f 1464/2252/2374 1462/2250/2372 1467/2255/2377
f 1462/2250/2372 1464/2252/2374 1460/2248/2370
f 1465/2253/2375 1463/2256/2373 1466/2254/2376
f 1463/2256/2373 1465/2253/2375 1461/2257/2371
f 1468/2258/2378 1460/2248/2370 1469/2259/2379
f 1460/2248/2370 1468/2258/2378 1463/2251/2373
f 1470/2260/2380 1466/2254/2376 1471/2261/2381
f 1466/2254/2376 1470/2260/2380 1464/2252/2374
f 1469/2259/2379 1464/2252/2374 1470/2260/2380
f 1464/2252/2374 1469/2259/2379 1460/2248/2370
f 1471/2261/2381 1463/2256/2373 1468/2262/2378
f 1463/2256/2373 1471/2261/2381 1466/2254/2376
f 1472/2263/2382 1461/2249/2371 1473/2264/2383
f 1461/2249/2371 1472/2263/2382 1462/2250/2372
f 1474/2265/2384 1467/2255/2377 1475/2266/2385
f 1467/2255/2377 1474/2265/2384 1465/2253/2375
f 1475/2266/2385 1462/2250/2372 1472/2263/2382
f 1462/2250/2372 1475/2266/2385 1467/2255/2377
f 1473/2267/2383 1465/2253/2375 1474/2265/2384
f 1465/2253/2375 1473/2267/2383 1461/2257/2371
f 1476/2268/2386 1477/2269/2387 1478/2270/2388
f 1477/2269/2387 1476/2268/2386 1479/2271/2389
f 1480/2272/2390 1481/2273/2390 1482/2274/2390
f 1481/2273/2390 1480/2272/2390 1483/2275/2390
f 1480/2276/1264 1478/2270/1264 1483/2277/1264
f 1478/2270/1264 1480/2276/1264 1476/2268/1264
f 1481/2273/1265 1479/2271/1265 1482/2274/1265
f 1479/2271/1265 1481/2273/1265 1477/2269/1265
f 1484/2278/2391 1476/2268/2386 1485/2279/2392
f 1476/2268/2386 1484/2278/2391 1479/2271/2389
f 1486/2280/2393 1482/2274/2393 1487/2281/2393
f 1482/2274/2393 1486/2280/2393 1480/2272/2393
f 1485/2279/2394 1480/2276/2395 1486/2282/2396
f 1480/2276/2395 1485/2279/2394 1476/2268/2397
f 1487/2281/2398 1479/2271/2399 1484/2278/2400
f 1479/2271/2399 1487/2281/2398 1482/2274/2401
f 1488/2283/2402 1477/2269/2387 1489/2284/2403
f 1477/2269/2387 1488/2283/2402 1478/2270/2388
f 1490/2285/2404 1483/2275/2404 1491/2286/2404
f 1483/2275/2404 1490/2285/2404 1481/2273/2404
f 1491/2287/2405 1478/2270/2406 1488/2283/2407
f 1478/2270/2406 1491/2287/2405 1483/2277/2408
f 1489/2284/2409 1481/2273/2410 1490/2285/2411
f 1481/2273/2410 1489/2284/2409 1477/2269/2412
f 1492/2288/2413 1493/2289/2414 1494/2290/2415
f 1493/2289/2414 1492/2288/2413 1495/2291/2416
f 1496/2292/2417 1497/2293/2418 1498/2294/2419
f 1497/2293/2418 1496/2292/2417 1499/2295/2420
f 1500/2296/2421 1501/2297/2422 1502/2298/2423
f 1501/2297/2422 1500/2296/2421 1503/2299/2424
f 1496/2292/2417 1494/2290/2415 1499/2295/2420
f 1494/2290/2415 1496/2292/2417 1492/2288/2413
f 1497/2293/2418 1495/2300/2416 1498/2294/2419
f 1495/2300/2416 1497/2293/2418 1493/2301/2414
f 1504/2302/2425 1492/2288/2413 1505/2303/2426
f 1492/2288/2413 1504/2302/2425 1495/2291/2416
f 1506/2304/2427 1498/2294/2419 1507/2305/2428
f 1498/2294/2419 1506/2304/2427 1496/2292/2417
f 1505/2303/2426 1496/2292/2417 1506/2304/2427
f 1496/2292/2417 1505/2303/2426 1492/2288/2413
f 1507/2305/2428 1495/2300/2416 1504/2306/2425
f 1495/2300/2416 1507/2305/2428 1498/2294/2419
f 1503/2307/2424 1493/2289/2414 1501/2308/2422
f 1493/2289/2414 1503/2307/2424 1494/2290/2415
f 1502/2309/2423 1499/2295/2420 1500/2310/2421
f 1499/2295/2420 1502/2309/2423 1497/2293/2418
f 1500/2310/2421 1494/2290/2415 1503/2307/2424
f 1494/2290/2415 1500/2310/2421 1499/2295/2420
f 1501/2311/2422 1497/2293/2418 1502/2309/2423
f 1497/2293/2418 1501/2311/2422 1493/2301/2414
f 1506/2312/2427 1490/2313/2429 1491/2314/2430
f 1490/2313/2429 1506/2312/2427 1507/2315/2428
f 1504/2316/2425 1490/2313/2429 1507/2315/2428
f 1490/2313/2429 1504/2316/2425 1489/2317/2403
f 1489/2317/2403 1505/2318/2426 1488/2319/2402
f 1505/2318/2426 1489/2317/2403 1504/2316/2425
f 1506/2312/2427 1488/2319/2402 1505/2318/2426
f 1488/2319/2402 1506/2312/2427 1491/2314/2430
f 1472/2320/2382 1486/2321/2431 1475/2322/2385
f 1486/2321/2431 1472/2320/2382 1485/2323/2392
f 1475/2322/2385 1487/2324/2432 1474/2325/2384
f 1487/2324/2432 1475/2322/2385 1486/2321/2431
f 1487/2324/2432 1473/2326/2383 1474/2325/2384
f 1473/2326/2383 1487/2324/2432 1484/2327/2391
f 1485/2323/2392 1473/2326/2383 1484/2327/2391
f 1473/2326/2383 1485/2323/2392 1472/2320/2382
f 1471/2328/2381 1457/2329/2433 1470/2330/2380
f 1457/2329/2433 1471/2328/2381 1456/2331/2434
f 1468/2332/2378 1456/2331/2434 1471/2328/2381
f 1456/2331/2434 1468/2332/2378 1459/2333/2435
f 1468/2332/2378 1458/2334/2436 1459/2333/2435
f 1458/2334/2436 1468/2332/2378 1469/2335/2379
f 1470/2330/2380 1458/2334/2436 1469/2335/2379
f 1458/2334/2436 1470/2330/2380 1457/2329/2433
f 1508/2336/276 1509/2337/276 1510/2338/276
f 1509/2337/276 1508/2336/276 1511/2339/276
f 1512/2340/2437 1513/2341/2438 1514/2342/2439
f 1513/2341/2438 1512/2340/2437 1515/2343/2440
f 1512/2340/2441 1510/2344/2442 1515/2343/2443
f 1510/2344/2442 1512/2340/2441 1508/2345/2444
f 1513/2341/2445 1511/2339/2446 1514/2342/2447
f 1511/2339/2446 1513/2341/2445 1509/2337/2448
f 1516/2346/2449 1508/2336/2450 1517/2347/2450
f 1508/2336/2450 1516/2346/2449 1511/2339/2449
f 1518/2348/2451 1514/2342/2452 1519/2349/2452
f 1514/2342/2452 1518/2348/2451 1512/2340/2451
f 1517/2350/2453 1512/2340/2454 1518/2348/2455
f 1512/2340/2454 1517/2350/2453 1508/2345/2456
f 1519/2349/2457 1511/2339/2458 1516/2346/2459
f 1511/2339/2458 1519/2349/2457 1514/2342/2460
f 1439/2351/2461 1509/2337/2462 1438/2352/2463
f 1509/2337/2462 1439/2351/2461 1510/2338/2464
f 1442/2353/2465 1515/2343/2466 1443/2354/2467
f 1515/2343/2466 1442/2353/2465 1513/2341/2468
f 1443/2354/2469 1510/2344/2464 1439/2355/2461
f 1510/2344/2464 1443/2354/2469 1515/2343/2470
f 1438/2352/2471 1513/2341/2472 1442/2353/2473
f 1513/2341/2472 1438/2352/2471 1509/2337/2474
f 1520/2356/2475 1521/2357/2476 1522/2358/2477
f 1521/2357/2476 1520/2356/2475 1523/2359/2478
f 1524/2360/2479 1525/2361/2480 1526/2362/2481
f 1525/2361/2480 1524/2360/2479 1527/2363/2482
f 1524/2360/2479 1522/2364/2477 1527/2363/2482
f 1522/2364/2477 1524/2360/2479 1520/2365/2475
f 1525/2361/2480 1523/2359/2478 1526/2362/2481
f 1523/2359/2478 1525/2361/2480 1521/2357/2476
f 1528/2366/2483 1520/2356/2475 1529/2367/2484
f 1520/2356/2475 1528/2366/2483 1523/2359/2478
f 1530/2368/2485 1526/2362/2481 1531/2369/2486
f 1526/2362/2481 1530/2368/2485 1524/2360/2479
f 1529/2370/2484 1524/2360/2479 1530/2368/2485
f 1524/2360/2479 1529/2370/2484 1520/2365/2475
f 1531/2369/2486 1523/2359/2478 1528/2366/2483
f 1523/2359/2478 1531/2369/2486 1526/2362/2481
f 1532/2371/2487 1521/2357/2476 1533/2372/2488
f 1521/2357/2476 1532/2371/2487 1522/2358/2477
f 1534/2373/2489 1527/2363/2482 1535/2374/2490
f 1527/2363/2482 1534/2373/2489 1525/2361/2480
f 1535/2374/2490 1522/2364/2477 1532/2375/2487
f 1522/2364/2477 1535/2374/2490 1527/2363/2482
f 1533/2372/2488 1525/2361/2480 1534/2373/2489
f 1525/2361/2480 1533/2372/2488 1521/2357/2476
f 1536/2376/2491 1537/2377/2492 1538/2378/2493
f 1537/2377/2492 1536/2376/2491 1539/2379/2491
f 1540/2380/2494 1541/2381/2494 1542/2382/2494
f 1541/2381/2494 1540/2380/2494 1543/2383/2494
f 1540/2380/1415 1538/2384/1415 1543/2383/1415
f 1538/2384/1415 1540/2380/1415 1536/2385/1415
f 1541/2381/1416 1539/2379/1416 1542/2382/1416
f 1539/2379/1416 1541/2381/1416 1537/2377/1416
f 1544/2386/2495 1536/2376/2495 1545/2387/2495
f 1536/2376/2495 1544/2386/2495 1539/2379/2495
f 1546/2388/2496 1542/2382/2496 1547/2389/2496
f 1542/2382/2496 1546/2388/2496 1540/2380/2496
f 1545/2390/2497 1540/2380/2498 1546/2388/2499
f 1540/2380/2498 1545/2390/2497 1536/2385/2500
f 1547/2389/2501 1539/2379/2502 1544/2386/2503
f 1539/2379/2502 1547/2389/2501 1542/2382/2504
f 1548/2391/2505 1537/2377/2492 1549/2392/2506
f 1537/2377/2492 1548/2391/2505 1538/2378/2493
f 1550/2393/2507 1543/2383/2507 1551/2394/2507
f 1543/2383/2507 1550/2393/2507 1541/2381/2507
f 1551/2394/2508 1538/2384/2509 1548/2395/2510
f 1538/2384/2509 1551/2394/2508 1543/2383/2511
f 1549/2392/2512 1541/2381/2513 1550/2393/2514
f 1541/2381/2513 1549/2392/2512 1537/2377/2515
f 1552/2396/2516 1553/2397/2517 1554/2398/2518
f 1553/2397/2517 1552/2396/2516 1555/2399/2519
f 1556/2400/2520 1557/2401/2521 1558/2402/2522
f 1557/2401/2521 1556/2400/2520 1559/2403/2523
f 1560/2404/2524 1561/2405/2525 1562/2406/2526
f 1561/2405/2525 1560/2404/2524 1563/2407/2527
f 1556/2400/2520 1554/2398/2518 1559/2403/2523
f 1554/2398/2518 1556/2400/2520 1552/2396/2516
f 1557/2408/2521 1555/2399/2519 1558/2409/2522
f 1555/2399/2519 1557/2408/2521 1553/2397/2517
f 1564/2410/2528 1552/2396/2516 1565/2411/2529
f 1552/2396/2516 1564/2410/2528 1555/2399/2519
f 1566/2412/2530 1558/2402/2522 1567/2413/2531
f 1558/2402/2522 1566/2412/2530 1556/2400/2520
f 1565/2411/2529 1556/2400/2520 1566/2412/2530
f 1556/2400/2520 1565/2411/2529 1552/2396/2516
f 1567/2414/2531 1555/2399/2519 1564/2410/2528
f 1555/2399/2519 1567/2414/2531 1558/2409/2522
f 1563/2415/2527 1553/2397/2517 1561/2416/2525
f 1553/2397/2517 1563/2415/2527 1554/2398/2518
f 1562/2417/2526 1559/2403/2523 1560/2418/2524
f 1559/2403/2523 1562/2417/2526 1557/2401/2521
f 1560/2418/2524 1554/2398/2518 1563/2415/2527
f 1554/2398/2518 1560/2418/2524 1559/2403/2523
f 1561/2416/2525 1557/2408/2521 1562/2419/2526
f 1557/2408/2521 1561/2416/2525 1553/2397/2517
f 1566/2420/2530 1550/2421/2532 1551/2422/2533
f 1550/2421/2532 1566/2420/2530 1567/2423/2531
f 1564/2424/2528 1550/2421/2532 1567/2423/2531
f 1550/2421/2532 1564/2424/2528 1549/2425/2506
f 1549/2425/2506 1565/2426/2529 1548/2427/2505
f 1565/2426/2529 1549/2425/2506 1564/2424/2528
f 1566/2420/2530 1548/2427/2505 1565/2426/2529
f 1548/2427/2505 1566/2420/2530 1551/2422/2533
f 1532/2428/2487 1546/2429/2534 1535/2430/2490
f 1546/2429/2534 1532/2428/2487 1545/2431/2535
f 1535/2430/2490 1547/2432/2536 1534/2433/2489
f 1547/2432/2536 1535/2430/2490 1546/2429/2534
f 1547/2432/2536 1533/2434/2488 1534/2433/2489
f 1533/2434/2488 1547/2432/2536 1544/2435/2537
f 1545/2431/2535 1533/2434/2488 1544/2435/2537
f 1533/2434/2488 1545/2431/2535 1532/2428/2487
f 1531/2436/2486 1517/2437/2538 1530/2438/2485
f 1517/2437/2538 1531/2436/2486 1516/2439/2539
f 1528/2440/2483 1516/2439/2539 1531/2436/2486
f 1516/2439/2539 1528/2440/2483 1519/2441/2540
f 1528/2440/2483 1518/2442/2541 1519/2441/2540
f 1518/2442/2541 1528/2440/2483 1529/2443/2484
f 1530/2438/2485 1518/2442/2541 1529/2443/2484
f 1518/2442/2541 1530/2438/2485 1517/2437/2538
f 1568/2444/2542 1569/2445/2543 1570/2446/2544
f 1569/2445/2543 1568/2444/2542 1571/2447/2545
f 1572/2448/467 1573/2449/467 1574/2450/467
f 1573/2449/467 1572/2448/467 1575/2451/467
f 1572/2448/2546 1570/2446/2547 1575/2451/2548
f 1570/2446/2547 1572/2448/2546 1568/2444/2549
f 1573/2452/2550 1571/2447/2551 1574/2453/2552
f 1571/2447/2551 1573/2452/2550 1569/2445/2553
f 1576/2454/2554 1568/2444/2542 1577/2455/2555
f 1568/2444/2542 1576/2454/2554 1571/2447/2545
f 1578/2456/2556 1574/2450/2556 1579/2457/2556
f 1574/2450/2556 1578/2456/2556 1572/2448/2556
f 1577/2455/2557 1572/2448/2558 1578/2456/2559
f 1572/2448/2558 1577/2455/2557 1568/2444/2560
f 1579/2458/2561 1571/2447/2562 1576/2454/2563
f 1571/2447/2562 1579/2458/2561 1574/2453/2564
f 1437/2459/2565 1569/2445/2566 1436/2460/2567
f 1569/2445/2566 1437/2459/2565 1570/2446/2568
f 1441/2461/2569 1575/2451/2570 1440/2462/2571
f 1575/2451/2570 1441/2461/2569 1573/2449/2572
f 1440/2462/2573 1570/2446/2568 1437/2459/2565
f 1570/2446/2568 1440/2462/2573 1575/2451/2574
f 1436/2460/2575 1573/2452/2576 1441/2463/2577
f 1573/2452/2576 1436/2460/2575 1569/2445/2578
f 1580/2464/2579 1581/2465/2580 1582/2466/2581
f 1581/2465/2580 1580/2464/2579 1583/2467/2582
f 1584/2468/2583 1585/2469/2584 1586/2470/2585
f 1585/2469/2584 1584/2468/2583 1587/2471/2586
f 1584/2468/2583 1582/2466/2581 1587/2471/2586
f 1582/2466/2581 1584/2468/2583 1580/2464/2579
f 1585/2469/2584 1583/2472/2582 1586/2470/2585
f 1583/2472/2582 1585/2469/2584 1581/2473/2580
f 1588/2474/2587 1580/2464/2579 1589/2475/2588
f 1580/2464/2579 1588/2474/2587 1583/2467/2582
f 1590/2476/2589 1586/2470/2585 1591/2477/2590
f 1586/2470/2585 1590/2476/2589 1584/2468/2583
f 1589/2475/2588 1584/2468/2583 1590/2476/2589
f 1584/2468/2583 1589/2475/2588 1580/2464/2579
f 1591/2477/2590 1583/2472/2582 1588/2478/2587
f 1583/2472/2582 1591/2477/2590 1586/2470/2585
f 1592/2479/2591 1581/2465/2580 1593/2480/2592
f 1581/2465/2580 1592/2479/2591 1582/2466/2581
f 1594/2481/2593 1587/2471/2586 1595/2482/2594
f 1587/2471/2586 1594/2481/2593 1585/2469/2584
f 1595/2482/2594 1582/2466/2581 1592/2479/2591
f 1582/2466/2581 1595/2482/2594 1587/2471/2586
f 1593/2483/2592 1585/2469/2584 1594/2481/2593
f 1585/2469/2584 1593/2483/2592 1581/2473/2580
f 1596/2484/2595 1597/2485/2596 1598/2486/2597
f 1597/2485/2596 1596/2484/2595 1599/2487/2595
f 1600/2488/2598 1601/2489/2598 1602/2490/2598
f 1601/2489/2598 1600/2488/2598 1603/2491/2598
f 1600/2488/1521 1598/2486/1521 1603/2491/1521
f 1598/2486/1521 1600/2488/1521 1596/2484/1521
f 1601/2492/1522 1599/2487/1522 1602/2493/1522
f 1599/2487/1522 1601/2492/1522 1597/2485/1522
f 1604/2494/2599 1596/2484/2599 1605/2495/2599
f 1596/2484/2599 1604/2494/2599 1599/2487/2599
f 1606/2496/2600 1602/2490/2600 1607/2497/2600
f 1602/2490/2600 1606/2496/2600 1600/2488/2600
f 1605/2495/2601 1600/2488/2602 1606/2496/2603
f 1600/2488/2602 1605/2495/2601 1596/2484/2604
f 1607/2498/2605 1599/2487/2606 1604/2494/2607
f 1599/2487/2606 1607/2498/2605 1602/2493/2608
f 1608/2499/2609 1597/2485/2596 1609/2500/2610
f 1597/2485/2596 1608/2499/2609 1598/2486/2597
f 1610/2501/2611 1603/2491/2611 1611/2502/2611
f 1603/2491/2611 1610/2501/2611 1601/2489/2611
f 1611/2502/2612 1598/2486/2613 1608/2499/2614
f 1598/2486/2613 1611/2502/2612 1603/2491/2615
f 1609/2500/2616 1601/2492/2617 1610/2503/2618
f 1601/2492/2617 1609/2500/2616 1597/2485/2619
f 1612/2504/2620 1613/2505/2621 1614/2506/2622
f 1613/2505/2621 1612/2504/2620 1615/2507/2623
f 1616/2508/2624 1617/2509/2625 1618/2510/2626
f 1617/2509/2625 1616/2508/2624 1619/2511/2627
f 1620/2512/2628 1621/2513/2629 1622/2514/2630
f 1621/2513/2629 1620/2512/2628 1623/2515/2631
f 1616/2508/2624 1614/2506/2622 1619/2511/2627
f 1614/2506/2622 1616/2508/2624 1612/2504/2620
f 1617/2509/2625 1615/2516/2623 1618/2510/2626
f 1615/2516/2623 1617/2509/2625 1613/2517/2621
f 1624/2518/2632 1612/2504/2620 1625/2519/2633
f 1612/2504/2620 1624/2518/2632 1615/2507/2623
f 1626/2520/2634 1618/2510/2626 1627/2521/2635
f 1618/2510/2626 1626/2520/2634 1616/2508/2624
f 1625/2519/2633 1616/2508/2624 1626/2520/2634
f 1616/2508/2624 1625/2519/2633 1612/2504/2620
f 1627/2521/2635 1615/2516/2623 1624/2522/2632
f 1615/2516/2623 1627/2521/2635 1618/2510/2626
f 1623/2523/2631 1613/2505/2621 1621/2524/2629
f 1613/2505/2621 1623/2523/2631 1614/2506/2622
f 1622/2525/2630 1619/2511/2627 1620/2526/2628
f 1619/2511/2627 1622/2525/2630 1617/2509/2625
f 1620/2526/2628 1614/2506/2622 1623/2523/2631
f 1614/2506/2622 1620/2526/2628 1619/2511/2627
f 1621/2527/2629 1617/2509/2625 1622/2525/2630
f 1617/2509/2625 1621/2527/2629 1613/2517/2621
f 1626/2528/2634 1610/2529/2636 1611/2530/2637
f 1610/2529/2636 1626/2528/2634 1627/2531/2635
f 1624/2532/2632 1610/2529/2636 1627/2531/2635
f 1610/2529/2636 1624/2532/2632 1609/2533/2610
f 1609/2533/2610 1625/2534/2633 1608/2535/2609
f 1625/2534/2633 1609/2533/2610 1624/2532/2632
f 1626/2528/2634 1608/2535/2609 1625/2534/2633
f 1608/2535/2609 1626/2528/2634 1611/2530/2637
f 1592/2536/2591 1606/2537/2638 1595/2538/2594
f 1606/2537/2638 1592/2536/2591 1605/2539/2639
f 1595/2538/2594 1607/2540/2640 1594/2541/2593
f 1607/2540/2640 1595/2538/2594 1606/2537/2638
f 1607/2540/2640 1593/2542/2592 1594/2541/2593
f 1593/2542/2592 1607/2540/2640 1604/2543/2641
f 1605/2539/2639 1593/2542/2592 1604/2543/2641
f 1593/2542/2592 1605/2539/2639 1592/2536/2591
f 1591/2544/2590 1577/2545/2555 1590/2546/2589
f 1577/2545/2555 1591/2544/2590 1576/2547/2554
f 1588/2548/2587 1576/2547/2554 1591/2544/2590
f 1576/2547/2554 1588/2548/2587 1579/2549/2642
f 1588/2548/2587 1578/2550/2643 1579/2549/2642
f 1578/2550/2643 1588/2548/2587 1589/2551/2588
f 1590/2546/2589 1578/2550/2643 1589/2551/2588
f 1578/2550/2643 1590/2546/2589 1577/2545/2555
f 1432/2552/2326 1410/2553/2304 1425/2554/2319
f 1410/2553/2304 1432/2552/2326 1417/2555/2311
f 1409/2184/2303 1404/2556/2644 1410/2553/2304
f 1404/2556/2644 1409/2184/2303 1407/2557/2645
f 1425/2554/2319 1406/2558/2646 1423/2200/2317
f 1406/2558/2646 1425/2554/2319 1405/2559/2647
f 1423/2200/2317 1407/2557/2645 1409/2184/2303
f 1407/2557/2645 1423/2200/2317 1406/2558/2646
f 1410/2553/2304 1405/2559/2647 1425/2554/2319
f 1405/2559/2647 1410/2553/2304 1404/2556/2644
f 1628/2560/2648 1629/2561/2649 1630/2562/2650
f 1629/2561/2649 1628/2560/2648 1631/2563/2651
f 1422/2211/2316 1419/2564/2313 1632/2565/2652
f 1632/2565/2652 1419/2564/2313 1418/2566/2312
f 1432/2209/2326 1633/2567/2653 1417/2568/2311
f 1417/2568/2311 1633/2567/2653 1416/2569/2310
f 1633/2567/2653 1432/2209/2326 1431/2208/2325
f 1634/2570/2654 1416/2569/2310 1635/2571/2655
f 1416/2569/2310 1634/2570/2654 1418/2566/2312
f 1636/2572/2656 1433/2210/2327 1637/2573/2657
f 1433/2210/2327 1636/2572/2656 1431/2208/2325
f 1635/2571/2655 1633/2567/2653 1638/2574/2658
f 1633/2567/2653 1635/2571/2655 1416/2569/2310
f 1639/2575/2659 1418/2566/2312 1634/2570/2654
f 1418/2566/2312 1639/2575/2659 1632/2565/2652
f 1422/2211/2316 1632/2565/2652 1433/2210/2327
f 1637/2573/2657 1632/2565/2652 1639/2575/2659
f 1632/2565/2652 1637/2573/2657 1433/2210/2327
f 1640/2576/2660 1630/2562/2650 1629/2561/2649
f 1630/2562/2650 1640/2576/2660 1641/2577/2661
f 1431/2208/2325 1638/2574/2658 1633/2567/2653
f 1638/2574/2658 1431/2208/2325 1636/2572/2656
f 1631/2563/2651 1638/2574/2662 1629/2561/2649
f 1638/2574/2662 1631/2563/2651 1635/2571/2663
f 1628/2560/2648 1635/2571/2663 1631/2563/2651
f 1635/2571/2663 1628/2560/2648 1634/2570/2664
f 1630/2562/2650 1634/2570/2664 1628/2560/2648
f 1634/2570/2664 1630/2562/2650 1639/2575/2665
f 1640/2576/2660 1637/2573/2666 1641/2577/2661
f 1637/2573/2666 1640/2576/2660 1636/2572/2667
f 1641/2577/2661 1639/2575/2665 1630/2562/2650
f 1639/2575/2665 1641/2577/2661 1637/2573/2666
f 1629/2561/2649 1636/2572/2667 1640/2576/2660
f 1636/2572/2667 1629/2561/2649 1638/2574/2662
f 1642/2578/2668 1643/2579/2669 1644/2580/2670
f 1643/2579/2669 1642/2578/2668 1645/2581/2671
f 1646/2582/2672 1644/2583/2670 1647/2584/2673
f 1644/2583/2670 1646/2582/2672 1642/2585/2668
f 1648/2586/2674 1647/2584/2673 1649/2587/2675
f 1647/2584/2673 1648/2586/2674 1646/2582/2672
f 1648/2586/2674 1650/2588/2676 1651/2589/2677
f 1650/2588/2676 1648/2586/2674 1649/2587/2675
f 1652/2590/2678 1650/2588/2676 1653/2591/2679
f 1650/2588/2676 1652/2590/2678 1651/2589/2677
f 1654/2592/2680 1653/2591/2679 1655/2593/2681
f 1653/2591/2679 1654/2592/2680 1652/2590/2678
f 1656/2594/2682 1655/2593/2681 1657/2595/2683
f 1655/2593/2681 1656/2594/2682 1654/2592/2680
f 1656/2594/2682 1643/2579/2669 1645/2581/2671
f 1643/2579/2669 1656/2594/2682 1657/2595/2683
f 1658/2596/2684 1659/2597/2685 1660/2598/2686
f 1659/2597/2685 1658/2596/2684 1661/2599/2687
f 1660/2600/2686 1662/2601/1614 1663/2602/1613
f 1662/2601/1614 1660/2600/2686 1659/2603/2685
f 1663/2602/1613 1664/2604/2688 1665/2605/2689
f 1664/2604/2688 1663/2602/1613 1662/2601/1614
f 1665/2605/2689 1666/2606/2690 1667/2607/2691
f 1666/2606/2690 1665/2605/2689 1664/2604/2688
f 1667/2607/2691 1668/2608/2692 1669/2609/2693
f 1668/2608/2692 1667/2607/2691 1666/2606/2690
f 1669/2609/2693 1670/2610/1622 1671/2611/1621
f 1670/2610/1622 1669/2609/2693 1668/2608/2692
f 1671/2611/1621 1672/2612/2694 1673/2613/2695
f 1672/2612/2694 1671/2611/1621 1670/2610/1622
f 1673/2613/2695 1661/2599/2687 1658/2596/2684
f 1661/2599/2687 1673/2613/2695 1672/2612/2694
f 1661/2614/2687 1674/2615/2696 1659/2616/2685
f 1674/2615/2696 1661/2614/2687 1675/2617/2697
f 1659/2616/2685 1676/2618/1627 1662/2619/1614
f 1676/2618/1627 1659/2616/2685 1674/2615/2696
f 1662/2619/1614 1677/2620/2698 1664/2621/2688
f 1677/2620/2698 1662/2619/1614 1676/2618/1627
f 1664/2621/2688 1678/2622/2699 1666/2623/2690
f 1678/2622/2699 1664/2621/2688 1677/2620/2698
f 1666/2623/2690 1679/2624/2700 1668/2625/2692
f 1679/2624/2700 1666/2623/2690 1678/2622/2699
f 1668/2625/2692 1680/2626/1631 1670/2627/1622
f 1680/2626/1631 1668/2625/2692 1679/2624/2700
f 1670/2627/1622 1681/2628/2701 1672/2629/2694
f 1681/2628/2701 1670/2627/1622 1680/2626/1631
f 1672/2629/2694 1675/2617/2697 1661/2614/2687
f 1675/2617/2697 1672/2629/2694 1681/2628/2701
f 1642/2630/2668 1682/2631/2702 1645/2632/2671
f 1682/2631/2702 1642/2630/2668 1683/2633/2703
f 1646/2634/2672 1683/2633/2703 1642/2630/2668
f 1683/2633/2703 1646/2634/2672 1684/2635/2704
f 1648/2636/2674 1684/2635/2704 1646/2634/2672
f 1684/2635/2704 1648/2636/2674 1685/2637/2705
f 1651/2638/2677 1685/2637/2705 1648/2636/2674
f 1685/2637/2705 1651/2638/2677 1686/2639/2706
f 1652/2640/2678 1686/2639/2706 1651/2638/2677
f 1686/2639/2706 1652/2640/2678 1687/2641/2707
f 1654/2642/2680 1687/2641/2707 1652/2640/2678
f 1687/2641/2707 1654/2642/2680 1688/2643/2708
f 1656/2644/2682 1688/2643/2708 1654/2642/2680
f 1688/2643/2708 1656/2644/2682 1689/2645/2709
f 1645/2632/2671 1689/2645/2709 1656/2644/2682
f 1689/2645/2709 1645/2632/2671 1682/2631/2702
f 1683/2646/2710 1690/2647/467 1682/2648/467
f 1690/2647/467 1683/2646/2710 1691/2649/2710
f 1684/2650/1264 1691/2649/2710 1683/2646/2710
f 1691/2649/2710 1684/2650/1264 1692/2651/1264
f 1685/2652/2711 1692/2651/1264 1684/2650/1264
f 1692/2651/1264 1685/2652/2711 1693/2653/2711
f 1686/2654/276 1693/2653/2711 1685/2652/2711
f 1693/2653/2711 1686/2654/276 1694/2655/276
f 1687/2656/2712 1694/2655/276 1686/2654/276
f 1694/2655/276 1687/2656/2712 1695/2657/2712
f 1688/2658/1265 1695/2659/2712 1687/2660/2712
f 1695/2659/2712 1688/2658/1265 1696/2661/1265
f 1689/2662/2713 1696/2661/1265 1688/2658/1265
f 1696/2661/1265 1689/2662/2713 1697/2663/2713
f 1682/2648/467 1697/2663/2713 1689/2662/2713
f 1697/2663/2713 1682/2648/467 1690/2647/467
f 1698/2664/467 1699/2665/1646 1700/2666/1646
f 1699/2665/1646 1698/2664/467 1701/2667/467
f 1700/2666/1646 1702/2668/1264 1703/2669/1264
f 1702/2668/1264 1700/2666/1646 1699/2665/1646
f 1703/2669/1264 1704/2670/1645 1705/2671/1645
f 1704/2670/1645 1703/2669/1264 1702/2668/1264
f 1705/2671/1645 1706/2672/276 1707/2673/276
f 1706/2672/276 1705/2671/1645 1704/2670/1645
f 1707/2674/276 1708/2675/1648 1709/2676/1648
f 1708/2675/1648 1707/2674/276 1706/2677/276
f 1709/2676/1648 1710/2678/1265 1711/2679/1265
f 1710/2678/1265 1709/2676/1648 1708/2675/1648
f 1711/2679/1265 1712/2680/1647 1713/2681/1647
f 1712/2680/1647 1711/2679/1265 1710/2678/1265
f 1713/2681/1647 1701/2667/467 1698/2664/467
f 1701/2667/467 1713/2681/1647 1712/2680/1647
f 1700/2682/2714 1675/2617/2715 1698/2683/2716
f 1675/2617/2715 1700/2682/2714 1674/2615/2717
f 1674/2615/2717 1703/2684/1653 1676/2618/1653
f 1703/2684/1653 1674/2615/2717 1700/2682/2714
f 1676/2618/1653 1705/2685/2718 1677/2620/2719
f 1705/2685/2718 1676/2618/1653 1703/2684/1653
f 1677/2620/2719 1707/2686/2720 1678/2622/2721
f 1707/2686/2720 1677/2620/2719 1705/2685/2718
f 1678/2622/2721 1709/2687/2722 1679/2624/2723
f 1709/2687/2722 1678/2622/2721 1707/2686/2720
f 1679/2624/2723 1711/2688/1660 1680/2626/1660
f 1711/2688/1660 1679/2624/2723 1709/2687/2722
f 1680/2626/1660 1713/2689/2724 1681/2628/2725
f 1713/2689/2724 1680/2626/1660 1711/2688/1660
f 1698/2683/2716 1681/2628/2725 1713/2689/2724
f 1681/2628/2725 1698/2683/2716 1675/2617/2715
f 1644/2580/2670 1658/2596/2684 1660/2598/2686
f 1658/2596/2684 1644/2580/2670 1643/2579/2669
f 1663/2602/1613 1644/2583/2670 1660/2600/2686
f 1644/2583/2670 1663/2602/1613 1647/2584/2673
f 1665/2605/2689 1647/2584/2673 1663/2602/1613
f 1647/2584/2673 1665/2605/2689 1649/2587/2675
f 1667/2607/2691 1649/2587/2675 1665/2605/2689
f 1649/2587/2675 1667/2607/2691 1650/2588/2676
f 1653/2591/2679 1667/2607/2691 1669/2609/2693
f 1667/2607/2691 1653/2591/2679 1650/2588/2676
f 1671/2611/1621 1653/2591/2679 1669/2609/2693
f 1653/2591/2679 1671/2611/1621 1655/2593/2681
f 1673/2613/2695 1655/2593/2681 1671/2611/1621
f 1655/2593/2681 1673/2613/2695 1657/2595/2683
f 1658/2596/2684 1657/2595/2683 1673/2613/2695
f 1657/2595/2683 1658/2596/2684 1643/2579/2669
f 1714/2690/1692 1715/2691/1693 1716/2692/1693
f 1715/2691/1693 1714/2690/1692 1717/2693/1692
f 1718/2694/1694 1717/2693/1692 1714/2690/1692
f 1717/2693/1692 1718/2694/1694 1719/2695/1694
f 1720/2696/1695 1719/2697/1694 1718/2698/1694
f 1719/2697/1694 1720/2696/1695 1721/2699/2726
f 1722/2700/2727 1721/2699/2726 1720/2696/1695
f 1721/2699/2726 1722/2700/2727 1723/2701/2728
f 1724/2702/2729 1723/2701/2728 1722/2700/2727
f 1723/2701/2728 1724/2702/2729 1725/2703/2730
f 1726/2704/2731 1716/2705/2732 1727/2706/2733
f 1716/2705/2732 1726/2704/2731 1714/2707/2734
f 1728/2708/2735 1714/2707/2734 1726/2704/2731
f 1714/2707/2734 1728/2708/2735 1718/2709/2736
f 1729/2710/2737 1718/2709/2736 1728/2708/2735
f 1718/2709/2736 1729/2710/2737 1720/2711/2738
f 1730/2712/2739 1720/2711/2738 1729/2710/2737
f 1720/2711/2738 1730/2712/2739 1722/2713/2740
f 1731/2714/2741 1722/2713/2740 1730/2712/2739
f 1722/2713/2740 1731/2714/2741 1724/2715/2742
f 1732/2716/2743 1727/2706/2733 1733/2717/2744
f 1727/2706/2733 1732/2716/2743 1726/2704/2731
f 1734/2718/2745 1726/2704/2731 1732/2716/2743
f 1726/2704/2731 1734/2718/2745 1728/2708/2735
f 1735/2719/2746 1728/2708/2735 1734/2718/2745
f 1728/2708/2735 1735/2719/2746 1729/2710/2737
f 1736/2720/2747 1729/2710/2737 1735/2719/2746
f 1729/2710/2737 1736/2720/2747 1730/2712/2739
f 1737/2721/2748 1731/2722/2749 1738/2723/2750
f 1731/2722/2749 1737/2721/2748 1724/2724/2751
f 1739/2725/2752 1724/2702/2753 1737/2726/2754
f 1724/2702/2753 1739/2725/2752 1725/2703/2755
f 1725/2727/2756 1739/2728/2757 1740/2729/2758
f 1741/2730/2759 1717/2731/2760 1742/2732/2761
f 1717/2731/2760 1741/2730/2759 1715/2733/2759
f 1742/2732/2761 1719/2734/2762 1743/2735/2763
f 1719/2734/2762 1742/2732/2761 1717/2731/2760
f 1743/2735/2763 1721/2736/2764 1744/2737/2765
f 1721/2736/2764 1743/2735/2763 1719/2734/2762
f 1744/2737/2765 1723/2738/2766 1745/2739/2767
f 1723/2738/2766 1744/2737/2765 1721/2736/2764
f 1745/2739/2767 1725/2727/2756 1746/2740/2768
f 1725/2727/2756 1745/2739/2767 1723/2738/2766
f 1740/2729/2758 1746/2740/2768 1725/2727/2756
f 1747/2741/2769 1742/2732/2770 1748/2742/2771
f 1742/2732/2770 1747/2741/2769 1741/2730/2772
f 1748/2742/2771 1743/2735/2773 1749/2743/2774
f 1743/2735/2773 1748/2742/2771 1742/2732/2770
f 1749/2743/2774 1744/2737/2775 1750/2744/2776
f 1744/2737/2775 1749/2743/2774 1743/2735/2773
f 1750/2744/2776 1745/2739/2777 1751/2745/2778
f 1745/2739/2777 1750/2744/2776 1744/2737/2775
f 1751/2745/2778 1746/2740/2779 1752/2746/2780
f 1746/2740/2779 1751/2745/2778 1745/2739/2777
f 1740/2729/2781 1752/2746/2780 1746/2740/2779
f 1753/2747/2782 1748/2742/2771 1754/2748/2783
f 1748/2742/2771 1753/2747/2782 1747/2741/2769
f 1749/2743/2774 1754/2748/2783 1748/2742/2771
f 1754/2748/2783 1750/2744/2776 1755/2749/2784
f 1750/2744/2776 1754/2748/2783 1749/2743/2774
f 1755/2749/2784 1751/2745/2778 1756/2750/2785
f 1751/2745/2778 1755/2749/2784 1750/2744/2776
f 1752/2746/2780 1756/2750/2785 1751/2745/2778
f 1756/2750/2785 1757/2751/2786 1758/2752/2787
f 1757/2751/2786 1756/2750/2785 1752/2746/2780
f 1759/2753/2788 1733/2717/2744 1760/2754/2789
f 1733/2717/2744 1759/2753/2788 1732/2716/2743
f 1761/2755/2790 1732/2716/2743 1759/2753/2788
f 1732/2716/2743 1761/2755/2790 1734/2718/2745
f 1762/2756/2791 1734/2718/2745 1761/2755/2790
f 1734/2718/2745 1762/2756/2791 1735/2719/2746
f 1763/2757/2792 1736/2720/2793 1764/2758/2794
f 1736/2720/2793 1763/2757/2792 1765/2759/2795
f 1764/2758/2794 1766/2760/2796 1767/2761/2797
f 1766/2760/2796 1764/2758/2794 1736/2720/2793
f 1738/2723/2750 1765/2759/2795 1763/2757/2792
f 1765/2759/2795 1738/2723/2750 1731/2722/2749
f 1768/2762/2798 1739/2763/2752 1737/2764/2754
f 1768/2762/2798 1740/2765/2799 1739/2763/2752
f 1768/2762/2800 1769/2766/2801 1740/2765/2802
f 1768/2762/2800 1770/2767/2803 1769/2766/2801
f 1769/2768/2804 1752/2746/2780 1740/2729/2781
f 1769/2768/2804 1757/2751/2786 1752/2746/2780
f 1771/2769/2805 1772/2770/2806 1773/2771/2807
f 1770/2772/2808 1768/2773/2809 1774/2774/2810
f 1758/2752/2811 1755/2749/2812 1756/2750/2813
f 1758/2752/2811 1754/2748/2814 1755/2749/2812
f 1758/2752/2811 1753/2747/2815 1754/2748/2814
f 1775/2775/2816 1776/2776/2817 1771/2769/2805
f 1771/2769/2805 1776/2776/2817 1772/2770/2806
f 1770/2772/2808 1774/2774/2810 1775/2775/2816
f 1775/2775/2816 1774/2774/2810 1776/2776/2817
f 1777/2777/2818 1760/2754/2819 1778/2778/2820
f 1760/2754/2819 1777/2777/2818 1759/2753/2821
f 1779/2779/2822 1759/2753/2821 1777/2777/2818
f 1759/2753/2821 1779/2779/2822 1761/2755/2823
f 1780/2780/2824 1761/2755/2823 1779/2779/2822
f 1761/2755/2823 1780/2780/2824 1762/2756/2825
f 1767/2761/2797 1762/2756/2825 1780/2780/2824
f 1762/2756/2825 1767/2761/2797 1766/2760/2796
f 1763/2781/2826 1772/2770/2827 1776/2776/2828
f 1763/2781/2826 1764/2782/2829 1772/2770/2827
f 1774/2774/2830 1768/2773/2831 1737/2783/2832
f 1738/2784/2833 1774/2774/2830 1737/2783/2832
f 1763/2781/2826 1774/2774/2830 1738/2784/2833
f 1763/2781/2826 1776/2776/2828 1774/2774/2830
f 1781/2785/2834 1772/2770/2806 1782/2786/2835
f 1772/2770/2806 1781/2785/2834 1773/2771/2807
f 1783/2787/2836 1782/2786/2835 1784/2788/2837
f 1782/2786/2835 1783/2787/2836 1781/2785/2834
f 1785/2789/2838 1784/2788/2837 1786/2790/2839
f 1784/2788/2837 1785/2789/2838 1783/2787/2836
f 1764/2782/2829 1782/2786/2840 1772/2770/2827
f 1764/2782/2829 1767/2791/2841 1782/2786/2840
f 1767/2791/2841 1784/2788/2842 1782/2786/2840
f 1767/2791/2841 1780/2792/2843 1784/2788/2842
f 1785/2789/2838 1786/2790/2839 1787/2793/2844
f 1787/2793/2844 1788/2794/276 1785/2789/2838
f 1788/2794/2845 1777/2795/2846 1778/2796/2847
f 1788/2794/2845 1787/2793/2848 1777/2795/2846
f 1787/2793/2848 1779/2797/2849 1777/2795/2846
f 1787/2793/2848 1786/2790/2850 1779/2797/2849
f 1786/2790/2850 1780/2792/2843 1779/2797/2849
f 1786/2790/2850 1784/2788/2842 1780/2792/2843
f 1735/2719/2746 1766/2760/2851 1736/2720/2747
f 1735/2719/2746 1762/2756/2791 1766/2760/2851
f 1730/2712/2739 1765/2798/2852 1731/2714/2741
f 1730/2712/2739 1736/2720/2747 1765/2798/2852
f 1789/2799/1824 1716/2692/1693 1715/2691/1693
f 1715/2691/1693 1790/2800/1824 1789/2799/1824
f 1791/2801/1825 1789/2799/1824 1790/2800/1824
f 1790/2800/1824 1792/2802/1825 1791/2801/1825
f 1793/2803/2853 1791/2804/1825 1792/2805/1825
f 1792/2805/1825 1794/2806/2854 1793/2803/2853
f 1795/2807/2855 1793/2803/2853 1794/2806/2854
f 1794/2806/2854 1796/2808/2856 1795/2807/2855
f 1797/2809/2857 1795/2807/2855 1796/2808/2856
f 1796/2808/2856 1798/2810/2858 1797/2809/2857
f 1799/2811/2859 1727/2706/2733 1716/2705/2732
f 1716/2705/2732 1789/2812/2860 1799/2811/2859
f 1800/2813/2861 1799/2811/2859 1789/2812/2860
f 1789/2812/2860 1791/2814/2862 1800/2813/2861
f 1801/2815/2863 1800/2813/2861 1791/2814/2862
f 1791/2814/2862 1793/2816/2864 1801/2815/2863
f 1802/2817/2865 1801/2815/2863 1793/2816/2864
f 1793/2816/2864 1795/2818/2866 1802/2817/2865
f 1803/2819/2867 1802/2817/2865 1795/2818/2866
f 1795/2818/2866 1797/2820/2868 1803/2819/2867
f 1804/2821/2869 1733/2717/2744 1727/2706/2733
f 1727/2706/2733 1799/2811/2859 1804/2821/2869
f 1805/2822/2870 1804/2821/2869 1799/2811/2859
f 1799/2811/2859 1800/2813/2861 1805/2822/2870
f 1806/2823/2871 1805/2822/2870 1800/2813/2861
f 1800/2813/2861 1801/2815/2863 1806/2823/2871
f 1807/2824/2872 1806/2823/2871 1801/2815/2863
f 1801/2815/2863 1802/2817/2865 1807/2824/2872
f 1808/2825/2873 1809/2826/2874 1803/2827/2875
f 1803/2827/2875 1797/2828/2876 1808/2825/2873
f 1810/2829/2877 1808/2830/2878 1797/2809/2879
f 1797/2809/2879 1798/2810/2880 1810/2829/2877
f 1798/2831/2881 1811/2832/2882 1810/2833/2883
f 1741/2730/2759 1812/2834/2884 1790/2835/2885
f 1790/2835/2885 1715/2733/2759 1741/2730/2759
f 1812/2834/2884 1813/2836/2886 1792/2837/2887
f 1792/2837/2887 1790/2835/2885 1812/2834/2884
f 1813/2836/2886 1814/2838/2888 1794/2839/2889
f 1794/2839/2889 1792/2837/2887 1813/2836/2886
f 1814/2838/2888 1815/2840/2890 1796/2841/2891
f 1796/2841/2891 1794/2839/2889 1814/2838/2888
f 1815/2840/2890 1816/2842/2892 1798/2831/2881
f 1798/2831/2881 1796/2841/2891 1815/2840/2890
f 1811/2832/2882 1798/2831/2881 1816/2842/2892
f 1747/2741/2769 1817/2843/2893 1812/2834/2894
f 1812/2834/2894 1741/2730/2772 1747/2741/2769
f 1817/2843/2893 1818/2844/2895 1813/2836/2896
f 1813/2836/2896 1812/2834/2894 1817/2843/2893
f 1818/2844/2895 1819/2845/2897 1814/2838/2898
f 1814/2838/2898 1813/2836/2896 1818/2844/2895
f 1819/2845/2897 1820/2846/2899 1815/2840/2900
f 1815/2840/2900 1814/2838/2898 1819/2845/2897
f 1820/2846/2899 1821/2847/2901 1816/2842/2902
f 1816/2842/2902 1815/2840/2900 1820/2846/2899
f 1811/2832/2903 1816/2842/2902 1821/2847/2901
f 1753/2747/2782 1822/2848/2904 1817/2843/2893
f 1817/2843/2893 1747/2741/2769 1753/2747/2782
f 1818/2844/2895 1817/2843/2893 1822/2848/2904
f 1822/2848/2904 1823/2849/2905 1819/2845/2897
f 1819/2845/2897 1818/2844/2895 1822/2848/2904
f 1823/2849/2905 1824/2850/2906 1820/2846/2899
f 1820/2846/2899 1819/2845/2897 1823/2849/2905
f 1821/2847/2901 1820/2846/2899 1824/2850/2906
f 1824/2850/2906 1758/2752/2787 1757/2751/2786
f 1757/2751/2786 1821/2847/2901 1824/2850/2906
f 1825/2851/2907 1760/2754/2789 1733/2717/2744
f 1733/2717/2744 1804/2821/2869 1825/2851/2907
f 1826/2852/2908 1825/2851/2907 1804/2821/2869
f 1804/2821/2869 1805/2822/2870 1826/2852/2908
f 1827/2853/2909 1826/2852/2908 1805/2822/2870
f 1805/2822/2870 1806/2823/2871 1827/2853/2909
f 1828/2854/2910 1829/2855/2911 1807/2824/2912
f 1807/2824/2912 1830/2856/2913 1828/2854/2910
f 1829/2855/2911 1831/2857/2914 1832/2858/2915
f 1832/2858/2915 1807/2824/2912 1829/2855/2911
f 1809/2826/2874 1828/2854/2910 1830/2856/2913
f 1830/2856/2913 1803/2827/2875 1809/2826/2874
f 1833/2859/2916 1808/2860/2878 1810/2861/2877
f 1833/2859/2916 1810/2861/2877 1811/2862/2917
f 1833/2859/2918 1811/2862/2919 1769/2766/2801
f 1833/2859/2918 1769/2766/2801 1770/2767/2803
f 1769/2768/2804 1811/2832/2903 1821/2847/2901
f 1769/2768/2804 1821/2847/2901 1757/2751/2786
f 1771/2769/2805 1773/2771/2807 1834/2863/2920
f 1770/2772/2808 1835/2864/2921 1833/2865/2922
f 1758/2752/2811 1824/2850/2923 1823/2849/2924
f 1758/2752/2811 1823/2849/2924 1822/2848/2925
f 1758/2752/2811 1822/2848/2925 1753/2747/2815
f 1775/2775/2816 1771/2769/2805 1836/2866/2926
f 1771/2769/2805 1834/2863/2920 1836/2866/2926
f 1770/2772/2808 1775/2775/2816 1835/2864/2921
f 1775/2775/2816 1836/2866/2926 1835/2864/2921
f 1837/2867/2927 1778/2778/2820 1760/2754/2819
f 1760/2754/2819 1825/2851/2928 1837/2867/2927
f 1838/2868/2929 1837/2867/2927 1825/2851/2928
f 1825/2851/2928 1826/2852/2930 1838/2868/2929
f 1839/2869/2931 1838/2868/2929 1826/2852/2930
f 1826/2852/2930 1827/2853/2932 1839/2869/2931
f 1831/2857/2914 1839/2869/2931 1827/2853/2932
f 1827/2853/2932 1832/2858/2915 1831/2857/2914
f 1828/2870/2933 1836/2866/2934 1834/2863/2935
f 1828/2870/2933 1834/2863/2935 1829/2871/2936
f 1835/2864/2937 1808/2872/2938 1833/2865/2939
f 1809/2873/2940 1808/2872/2938 1835/2864/2937
f 1828/2870/2933 1809/2873/2940 1835/2864/2937
f 1828/2870/2933 1835/2864/2937 1836/2866/2934
f 1781/2785/2834 1840/2874/2941 1834/2863/2920
f 1834/2863/2920 1773/2771/2807 1781/2785/2834
f 1783/2787/2836 1841/2875/2942 1840/2874/2941
f 1840/2874/2941 1781/2785/2834 1783/2787/2836
f 1785/2789/2838 1842/2876/2943 1841/2875/2942
f 1841/2875/2942 1783/2787/2836 1785/2789/2838
f 1829/2871/2936 1834/2863/2935 1840/2874/2944
f 1829/2871/2936 1840/2874/2944 1831/2877/2945
f 1831/2877/2945 1840/2874/2944 1841/2875/2946
f 1831/2877/2945 1841/2875/2946 1839/2878/2947
f 1785/2789/2838 1843/2879/2948 1842/2876/2943
f 1843/2879/2948 1785/2789/2838 1788/2794/276
f 1788/2794/2845 1778/2796/2847 1837/2880/2949
f 1788/2794/2845 1837/2880/2949 1843/2879/2950
f 1843/2879/2950 1837/2880/2949 1838/2881/2951
f 1843/2879/2950 1838/2881/2951 1842/2876/2952
f 1842/2876/2952 1838/2881/2951 1839/2878/2947
f 1842/2876/2952 1839/2878/2947 1841/2875/2946
f 1806/2823/2871 1807/2824/2872 1832/2858/2953
f 1806/2823/2871 1832/2858/2953 1827/2853/2909
f 1802/2817/2865 1803/2819/2867 1830/2882/2954
f 1802/2817/2865 1830/2882/2954 1807/2824/2872
f 1844/2883/1264 1845/2884/1684 1846/2885/1684
f 1845/2884/1684 1844/2883/1264 1847/2886/1264
f 1846/2885/1684 1848/2887/1685 1849/2888/1685
f 1848/2887/1685 1846/2885/1684 1845/2884/1684
f 1849/2889/1685 1850/2890/1686 1851/2891/1686
f 1850/2890/1686 1849/2889/1685 1848/2892/1685
f 1851/2891/1686 1852/2893/1687 1853/2894/1687
f 1852/2893/1687 1851/2891/1686 1850/2890/1686
f 1853/2894/1687 1854/2895/1265 1855/2896/1265
f 1854/2895/1265 1853/2894/1687 1852/2893/1687
f 1855/2896/1265 1856/2897/1688 1857/2898/1688
f 1856/2897/1688 1855/2896/1265 1854/2895/1265
f 1857/2898/1688 1858/2899/1689 1859/2900/1689
f 1858/2899/1689 1857/2898/1688 1856/2897/1688
f 1859/2900/1689 1860/2901/1690 1861/2902/1690
f 1860/2901/1690 1859/2900/1689 1858/2899/1689
f 1861/2903/1690 1862/2904/1691 1863/2905/1691
f 1862/2904/1691 1861/2903/1690 1860/2906/1690
f 1863/2905/1691 1847/2886/1264 1844/2883/1264
f 1847/2886/1264 1863/2905/1691 1862/2904/1691
f 1846/2907/2955 636/2908/2956 1844/2909/2957
f 636/2908/2956 1846/2907/2955 635/2910/2958
f 1849/2911/2959 635/2910/2958 1846/2907/2955
f 635/2910/2958 1849/2911/2959 643/2912/2960
f 1851/2913/2961 643/2912/2960 1849/2911/2959
f 643/2912/2960 1851/2913/2961 642/2914/2962
f 1853/2915/2963 642/2914/2962 1851/2913/2961
f 642/2914/2962 1853/2915/2963 641/2916/2964
f 1855/2917/2965 641/2916/2964 1853/2915/2963
f 641/2916/2964 1855/2917/2965 640/2918/2966
f 1857/2919/2967 640/2918/2966 1855/2917/2965
f 640/2918/2966 1857/2919/2967 650/2920/2968
f 1859/2921/2969 650/2920/2968 1857/2919/2967
f 650/2920/2968 1859/2921/2969 648/2922/2970
f 1861/2923/2971 648/2922/2970 1859/2921/2969
f 648/2922/2970 1861/2923/2971 646/2924/2972
f 1863/2925/2973 647/2926/2974 1861/2923/2971
f 647/2926/2974 1863/2925/2973 649/2927/2975
f 1844/2909/2957 649/2927/2975 1863/2925/2973
f 649/2927/2975 1844/2909/2957 636/2908/2956
f 646/2924/2972 1861/2923/2971 647/2926/2974
f 1864/2928/2976 1865/2929/2977 1866/2930/2978
f 1866/2930/2978 1867/2931/2979 1864/2928/2976
f 1868/2932/2980 1869/2933/2980 1870/2934/2981
f 1870/2934/2981 1871/2935/2982 1868/2932/2980
f 1871/2935/2982 1870/2934/2981 1872/2936/2983
f 1872/2936/2983 1873/2937/2984 1871/2935/2982
f 1873/2937/2984 1872/2936/2983 1874/2938/2985
f 1874/2938/2985 1875/2939/2986 1873/2937/2984
f 1876/2940/2987 1867/2931/2988 1866/2930/2989
f 1866/2930/2989 1877/2941/2990 1876/2940/2987
f 1878/2942/2991 1879/2943/2992 1880/2944/2993
f 1881/2945/2994 1882/2946/2995 1883/2947/2996
f 1883/2947/2996 1884/2948/2997 1881/2945/2994
f 1869/2949/2998 1877/2941/2990 1870/2934/2999
f 1877/2941/2990 1869/2949/2998 1876/2940/2987
f 1877/2941/2990 1880/2944/2993 1872/2936/3000
f 1872/2936/3000 1870/2934/2999 1877/2941/2990
f 1884/2948/2997 1883/2947/2996 1874/2938/3001
f 1874/2950/3001 1872/2936/3000 1880/2944/2993
f 1882/2946/3002 1885/2951/3003 1886/2952/3004
f 1886/2952/3004 1883/2947/3005 1882/2946/3002
f 1874/2938/3006 1886/2952/3004 1875/2939/3007
f 1886/2952/3004 1874/2938/3006 1883/2947/3005
f 1887/2953/3008 1888/2954/3009 1889/2955/3010
f 1889/2955/3010 1890/2956/3011 1887/2953/3008
f 1889/2955/3010 1865/2929/3012 1891/2957/3013
f 1865/2929/3012 1889/2955/3010 1888/2954/3014
f 1865/2929/3012 1864/2928/3015 1892/2958/3016
f 1892/2958/3016 1891/2957/3013 1865/2929/3012
f 1890/2959/3011 1889/2960/3010 1875/2939/3017
f 1873/2937/3018 1875/2939/3017 1889/2960/3010
f 1873/2937/3018 1891/2961/3013 1871/2935/3019
f 1891/2961/3013 1873/2937/3018 1889/2960/3010
f 1891/2961/3013 1892/2962/3016 1868/2932/3020
f 1868/2932/3020 1871/2935/3019 1891/2961/3013
f 1884/2948/2997 1880/2944/2993 1879/2943/2992
f 1880/2944/2993 1884/2948/2997 1874/2938/3001
f 1879/2943/2992 1881/2945/2994 1884/2948/2997
f 1893/2963/3021 1887/2953/3022 1890/2956/3023
f 1890/2956/3023 1894/2964/3024 1893/2963/3021
f 1894/2965/3025 1890/2959/3011 1875/2939/3017
f 1895/2966/3026 1893/2963/3021 1894/2964/3024
f 1894/2964/3024 1896/2967/3027 1895/2966/3026
f 1896/2968/3028 1894/2965/3025 1875/2939/3017
f 1885/2951/3003 1895/2969/3026 1896/2968/3027
f 1896/2968/3027 1886/2952/3004 1885/2951/3003
f 1886/2952/3004 1896/2968/3027 1875/2939/3007
f 1879/2943/3029 1878/2942/3029 1888/2954/3029
f 1878/2942/3030 1880/2944/3030 1877/2941/3030
f 1878/2942/3031 1877/2941/3031 1866/2930/3031
f 1866/2930/3032 1888/2954/3032 1878/2942/3032
f 1865/2929/3033 1888/2954/3033 1866/2930/3033
f 1897/2970/3034 1867/2971/3035 1898/2972/3034
f 1897/2970/3034 1864/2973/3036 1867/2971/3035
f 1868/2974/3037 1899/2975/3038 1869/2976/3037
f 1868/2974/3037 1900/2977/3039 1899/2975/3038
f 1901/2978/3040 1898/2972/3034 1902/2979/3041
f 1901/2978/3040 1897/2970/3034 1898/2972/3034
f 1876/2940/3042 1869/2949/3043 1899/2980/3044
f 1876/2940/3042 1899/2980/3044 1903/2981/3045
f 1876/2940/3042 1903/2981/3045 1904/2982/3046
f 1876/2940/3047 1904/2982/3048 1902/2983/3049
f 1876/2940/3047 1902/2983/3049 1898/2984/3050
f 1876/2940/3051 1898/2984/3051 1867/2931/3051
f 1892/2958/3052 1864/2928/3053 1897/2985/3054
f 1892/2958/3052 1897/2985/3054 1901/2986/3055
f 1892/2958/3052 1901/2986/3055 1905/2987/3056
f 1892/2958/3057 1905/2987/3058 1906/2988/3059
f 1892/2958/3057 1906/2988/3059 1900/2989/3060
f 1892/2958/3061 1900/2989/3061 1868/2990/3061
f 1900/2977/3039 1903/2991/3062 1899/2975/3038
f 1900/2977/3039 1906/2992/3063 1903/2991/3062
f 1906/2992/3063 1904/2993/3064 1903/2991/3062
f 1906/2992/3063 1905/2994/3065 1904/2993/3064
f 1905/2994/3065 1902/2979/3041 1904/2993/3064
f 1905/2994/3065 1901/2978/3040 1902/2979/3041
f 1907/2995/3066 1908/2996/3067 1909/2997/3066
f 1907/2995/3066 1910/2998/3067 1908/2996/3067
f 1910/2999/3067 1911/3000/3068 1908/3001/3067
f 1910/2999/3067 1912/3002/3068 1911/3000/3068
f 1912/3002/3068 1913/3003/3069 1911/3000/3068
f 1912/3002/3068 1914/3004/3069 1913/3003/3069
f 1914/3004/3069 1915/3005/3070 1913/3003/3069
f 1914/3004/3069 1916/3006/3070 1915/3005/3070
f 1916/3006/3070 1917/3007/3071 1915/3005/3070
f 1916/3006/3070 1918/3008/3071 1917/3007/3071
f 1918/3008/3071 1919/3009/3072 1917/3007/3071
f 1918/3008/3071 1920/3010/3072 1919/3009/3072
f 1920/3010/3072 1921/3011/3073 1919/3009/3072
f 1920/3010/3072 1922/3012/3073 1921/3011/3073
f 1922/3012/3073 1909/2997/3066 1921/3011/3073
f 1922/3012/3073 1907/2995/3066 1909/2997/3066
f 1923/3013/3074 1924/3014/3075 1909/3015/3075
f 1909/3015/3075 1908/3016/3074 1923/3013/3074
f 1925/3017/3076 1923/3013/3074 1908/3016/3074
f 1908/3016/3074 1911/3018/3076 1925/3017/3076
f 1926/3019/3077 1925/3017/3076 1911/3018/3076
f 1911/3018/3076 1913/3020/3077 1926/3019/3077
f 1927/3021/3078 1926/3019/3077 1913/3020/3077
f 1913/3020/3077 1915/3022/3078 1927/3021/3078
f 1928/3023/3079 1927/3021/3078 1915/3022/3078
f 1915/3022/3078 1917/3024/3079 1928/3023/3079
f 1929/3025/3080 1928/3023/3079 1917/3024/3079
f 1917/3024/3079 1919/3026/3080 1929/3025/3080
f 1930/3027/3081 1929/3025/3080 1919/3026/3080
f 1919/3026/3080 1921/3028/3081 1930/3027/3081
f 1924/3014/3075 1930/3027/3081 1921/3028/3081
f 1921/3028/3081 1909/3015/3075 1924/3014/3075
f 1931/3029/3067 1932/3030/3066 1924/3031/3066
f 1924/3031/3066 1923/3032/3067 1931/3029/3067
f 1933/3033/3068 1931/3034/3067 1923/3035/3067
f 1923/3035/3067 1925/3036/3068 1933/3033/3068
f 1934/3037/3069 1933/3033/3068 1925/3036/3068
f 1925/3036/3068 1926/3038/3069 1934/3037/3069
f 1935/3039/3070 1934/3037/3069 1926/3038/3069
f 1926/3038/3069 1927/3040/3070 1935/3039/3070
f 1936/3041/3071 1935/3039/3070 1927/3040/3070
f 1927/3040/3070 1928/3042/3071 1936/3041/3071
f 1937/3043/3072 1936/3041/3071 1928/3042/3071
f 1928/3042/3071 1929/3044/3072 1937/3043/3072
f 1938/3045/3073 1937/3043/3072 1929/3044/3072
f 1929/3044/3072 1930/3046/3073 1938/3045/3073
f 1932/3030/3066 1938/3045/3073 1930/3046/3073
f 1930/3046/3073 1924/3031/3066 1932/3030/3066
f 1939/3047/3082 1940/3048/3083 1932/3049/3084
f 1932/3049/3084 1931/3050/3085 1939/3047/3082
f 1941/3051/3086 1939/3047/3082 1931/3050/3085
f 1931/3050/3085 1933/3052/3087 1941/3051/3086
f 1942/3053/3088 1941/3051/3086 1933/3052/3087
f 1933/3052/3087 1934/3054/3089 1942/3053/3088
f 1943/3055/3090 1942/3053/3088 1934/3054/3089
f 1934/3054/3089 1935/3056/3091 1943/3055/3090
f 1944/3057/3092 1943/3055/3090 1935/3056/3091
f 1935/3056/3091 1936/3058/3093 1944/3057/3092
f 1945/3059/3094 1944/3057/3092 1936/3058/3093
f 1936/3058/3093 1937/3060/3095 1945/3059/3094
f 1946/3061/3096 1945/3059/3094 1937/3060/3095
f 1937/3060/3095 1938/3062/3097 1946/3061/3096
f 1940/3048/3083 1946/3061/3096 1938/3062/3097
f 1938/3062/3097 1932/3049/3084 1940/3048/3083
f 1940/3048/3083 1939/3047/3082 1947/3063/3098
f 1939/3047/3082 1941/3051/3086 1947/3063/3098
f 1941/3051/3086 1942/3053/3088 1947/3063/3098
f 1942/3053/3088 1943/3055/3090 1947/3063/3098
f 1943/3055/3090 1944/3057/3092 1947/3063/3098
f 1944/3057/3092 1945/3059/3094 1947/3063/3098
f 1945/3059/3094 1946/3061/3096 1947/3063/3098
f 1946/3061/3096 1940/3048/3083 1947/3063/3098
f 1948/3064/3099 1949/3065/3100 1950/3066/3101
f 1949/3065/3100 1951/3067/3102 1952/3068/3103
f 1949/3065/3100 1953/3069/3104 1951/3067/3102
f 1949/3065/3100 1948/3064/3099 1954/3070/3105
f 1949/3065/3100 1954/3070/3105 1953/3069/3104
f 1950/3066/3101 1949/3065/3100 1955/3071/3106
f 1956/3072/9 1957/3073/9 1958/3074/3107
f 1956/3072/9 1958/3074/3107 1959/3075/3108
f 1956/3072/9 1959/3075/3108 1960/3076/3109
f 1956/3072/9 1960/3076/3109 1961/3077/3110
f 1956/3072/9 1961/3077/3110 1962/3078/3098
f 1956/3072/9 1962/3078/3098 1963/3079/3098
f 1956/3072/9 1963/3079/3098 1964/3080/3098
f 1956/3072/9 1964/3080/3098 1957/3073/9
f 1957/3081/3111 1950/3082/3112 1948/3083/3113
f 1957/3081/3111 1948/3083/3113 1958/3084/3114
f 1961/3085/3115 1951/3086/3116 1952/3087/3117
f 1961/3085/3115 1952/3087/3117 1962/3088/3118
f 1962/3088/3118 1952/3087/3117 1949/3089/3119
f 1962/3088/3118 1949/3089/3119 1963/3090/3120
f 1963/3090/3120 1949/3089/3119 1955/3091/3121
f 1963/3090/3120 1955/3091/3121 1964/3092/3122
f 1964/3092/3122 1955/3091/3121 1950/3082/3112
f 1964/3092/3122 1950/3082/3112 1957/3081/3111
f 1965/3093/3123 1966/3094/3124 1967/3095/3125
f 1965/3093/3123 1967/3095/3125 1968/3096/3126
f 1968/3096/3126 1967/3095/3125 1969/3097/3127
f 1968/3096/3126 1969/3097/3127 1970/3098/3128
f 1970/3098/3128 1969/3097/3127 1971/3099/3129
f 1970/3098/3128 1971/3099/3129 1972/3100/3130
f 1972/3100/3130 1971/3099/3129 1973/3101/3131
f 1972/3100/3130 1973/3101/3131 1974/3102/3132
f 1974/3103/3132 1973/3104/3131 1975/3105/3133
f 1974/3103/3132 1975/3105/3133 1976/3106/3134
f 1976/3106/3134 1975/3105/3133 1977/3107/3135
f 1976/3106/3134 1977/3107/3135 1978/3108/3136
f 1978/3108/3136 1977/3107/3135 1979/3109/3137
f 1978/3108/3136 1979/3109/3137 1980/3110/3138
f 1980/3110/3138 1979/3109/3137 1981/3111/3139
f 1979/3109/3137 1982/3112/3140 1981/3111/3139
f 1981/3111/3139 1982/3112/3140 1983/3113/3141
f 1982/3112/3140 1984/3114/3142 1983/3113/3141
f 1983/3113/3141 1984/3114/3142 1985/3115/3143
f 1984/3114/3142 1986/3116/3144 1985/3115/3143
f 1985/3115/3143 1986/3116/3144 1966/3094/3124
f 1985/3115/3143 1966/3094/3124 1965/3093/3123
f 1987/3117/3145 1973/3104/3146 1971/3118/3147
f 1988/3119/3148 1977/3107/3149 1975/3105/3150
f 1988/3119/3148 1989/3120/3151 1979/3109/3152
f 1987/3117/3145 1975/3105/3150 1973/3104/3146
f 1988/3119/3148 1979/3109/3152 1977/3107/3149
f 1958/3084/3114 1971/3121/3153 1969/3122/3154
f 1958/3084/3114 1948/3083/3113 1971/3121/3153
f 1959/3123/3108 1969/3097/3155 1967/3095/3156
f 1959/3123/3108 1958/3124/3107 1969/3097/3155
f 1959/3123/3108 1966/3094/3157 1960/3125/3109
f 1959/3123/3108 1967/3095/3156 1966/3094/3157
f 1986/3116/3158 1960/3125/3109 1966/3094/3157
f 1984/3126/3142 1951/3086/3159 1961/3085/3160
f 1984/3126/3142 1982/3127/3140 1951/3086/3159
f 1961/3128/3110 1960/3125/3109 1984/3114/3161
f 1984/3114/3161 1960/3125/3109 1986/3116/3158
f 1952/3129/3162 1955/3130/3163 1949/3131/3164
f 1952/3129/3162 1950/3132/3165 1955/3130/3163
f 1952/3129/3162 1948/3133/3166 1950/3132/3165
f 1952/3129/3162 1951/3134/3167 1948/3133/3166
f 1988/3119/3148 1975/3105/3150 1987/3117/3145
f 1989/3120/3151 1982/3112/3168 1979/3109/3152
f 1948/3133/3166 1987/3135/3169 1971/3136/3170
f 1948/3133/3166 1988/3137/3171 1987/3135/3169
f 1948/3133/3166 1989/3138/3172 1988/3137/3171
f 1948/3133/3166 1982/3139/3173 1989/3138/3172
f 1948/3133/3166 1951/3134/3167 1982/3139/3173
f 1990/3140/3174 1991/3141/3175 1992/3142/3176
f 1993/3143/3177 1992/3142/3176 1991/3141/3175
f 1991/3141/3175 1994/3144/3178 1993/3143/3177
f 1995/3145/3179 1993/3143/3177 1994/3144/3178
f 1994/3144/3178 1996/3146/3180 1995/3145/3179
f 1997/3147/3181 1995/3145/3179 1996/3146/3180
f 1996/3146/3180 1998/3148/3182 1997/3147/3181
f 1992/3142/3176 1999/3149/3183 1990/3140/3174
f 1990/3140/3174 2000/3150/3184 2001/3151/3185
f 2002/3152/3186 2001/3151/3185 2000/3150/3184
f 2001/3151/3185 2002/3152/3186 2003/3153/3187
f 2004/3154/3188 2003/3153/3187 2002/3152/3186
f 2003/3153/3187 2004/3154/3188 2005/3155/3189
f 1997/3147/3181 2005/3155/3189 2004/3154/3188
f 2005/3155/3189 1997/3147/3181 1998/3148/3182
f 2000/3150/3184 1990/3140/3174 1999/3149/3183
f 2006/3156/3190 1993/3157/3191 1995/3158/3192
f 2006/3156/3190 1995/3158/3192 2007/3159/3193
f 2007/3160/3193 1995/3161/3192 1997/3162/3194
f 2007/3160/3193 1997/3162/3194 2008/3163/3195
f 2008/3163/3195 1997/3162/3194 2004/3164/3196
f 2008/3163/3195 2004/3164/3196 2009/3165/3197
f 2009/3165/3197 2004/3164/3196 2002/3166/3198
f 2009/3165/3197 2002/3166/3198 2010/3167/3199
f 2011/3168/3200 2000/3169/3201 1999/3170/3202
f 2011/3168/3200 1999/3170/3202 2012/3171/3203
f 2012/3171/3203 1999/3170/3202 1992/3172/3204
f 2012/3171/3203 1992/3172/3204 2013/3173/3205
f 2013/3173/3205 1992/3172/3204 1993/3157/3191
f 2013/3173/3205 1993/3157/3191 2006/3156/3190
f 2014/3174/3206 2015/3175/3207 2016/3176/3208
f 2015/3175/3207 2014/3174/3206 2017/3177/3209
f 2018/3178/3210 2016/3176/3208 2019/3179/3211
f 2016/3176/3208 2018/3178/3210 2014/3174/3206
f 2020/3180/220 2014/3174/3206 2018/3178/3210
f 2014/3174/3206 2020/3180/220 2021/3181/3212
f 2022/3182/3213 2018/3178/3210 2023/3183/3214
f 2022/3182/3213 2024/3184/3215 2020/3180/220
f 2021/3185/3216 2025/3186/3217 2026/3187/3218
f 2027/3188/3219 2025/3186/3217 2028/3189/3220
f 2020/3190/3221 2028/3189/3220 2021/3185/3216
f 2028/3189/3220 2020/3190/3221 2029/3191/3222
f 2024/3192/3223 2029/3191/3222 2020/3190/3221
f 2029/3191/3222 2024/3192/3223 2030/3193/3224
f 2019/3179/3211 2016/3176/3208 2031/3194/3225
f 2015/3175/3207 2031/3194/3225 2016/3176/3208
f 2031/3194/3225 2015/3175/3207 2032/3195/3226
f 2007/3196/3227 2021/3185/3212 2026/3187/3228
f 2008/3197/3229 2014/3174/3206 2021/3181/3212
f 2008/3197/3229 2021/3181/3212 2007/3198/3227
f 2009/3199/3230 2014/3174/3206 2008/3197/3229
f 2009/3199/3230 2017/3177/3209 2014/3174/3206
f 2009/3199/3230 2010/3200/3231 2017/3177/3209
f 2025/3186/3217 2021/3185/3216 2028/3189/3220
f 2033/3201/3232 2027/3188/3233 2034/3202/3234
f 2027/3188/3233 2033/3201/3232 2025/3186/3235
f 2035/3203/3236 2017/3204/3237 2036/3205/3238
f 2017/3204/3237 2035/3203/3236 2015/3175/3239
f 2037/3206/3240 2015/3175/3239 2035/3203/3236
f 2015/3175/3239 2037/3206/3240 2032/3195/3241
f 2036/3205/3238 2010/3207/3242 2038/3208/3243
f 2010/3207/3242 2036/3205/3238 2017/3204/3237
f 2039/3209/3244 2040/3210/3245 2041/3211/3246
f 2039/3209/3244 2041/3211/3246 2042/3212/3247
f 2042/3212/3247 2041/3211/3246 2043/3213/3248
f 2042/3212/3247 2043/3213/3248 2044/3214/3249
f 2044/3214/3249 2043/3213/3248 2045/3215/251
f 2044/3214/3249 2045/3215/251 2046/3216/3250
f 2046/3217/3250 2045/3218/251 2047/3219/3251
f 2046/3217/3250 2047/3219/3251 2048/3220/3252
f 2048/3220/3252 2047/3219/3251 2049/3221/3253
f 2048/3220/3252 2049/3221/3253 2050/3222/3254
f 2051/3223/3255 2022/3224/3256 2040/3210/3245
f 2051/3223/3255 2040/3210/3245 2039/3209/3244
f 2020/3180/220 2018/3178/3210 2022/3182/3213
f 2023/3183/3257 2050/3222/3254 2049/3221/3253
f 2030/3193/3258 2024/3192/3259 2051/3225/3260
f 2024/3192/3259 2022/3226/3261 2051/3225/3260
f 2011/3168/3262 2002/3166/3263 2000/3169/3264
f 2011/3168/3262 2010/3167/3265 2002/3166/3263
f 2006/3227/3266 2007/3196/3266 2026/3187/3266
f 2033/3201/3232 2026/3187/3267 2025/3186/3235
f 2052/3228/3268 2010/3229/3269 2006/3227/3270
f 2052/3228/3268 2038/3230/3271 2010/3229/3269
f 2052/3228/3268 2026/3187/3267 2033/3201/3232
f 2052/3228/3268 2006/3227/3270 2026/3187/3267
f 2053/3231/176 2012/3171/3203 2054/3232/177
f 2012/3171/3203 2053/3231/176 2011/3168/3200
f 2054/3232/177 2013/3173/3205 2055/3233/3272
f 2013/3173/3205 2054/3232/177 2012/3171/3203
f 2055/3233/3272 2006/3156/3190 2052/3234/3273
f 2006/3156/3190 2055/3233/3272 2013/3173/3205
f 2038/3235/180 2011/3168/180 2053/3231/180
f 2011/3168/3274 2038/3235/3274 2010/3167/3274
f 2056/3236/3275 2057/3237/3276 2058/3238/3277
f 2059/3239/3278 2058/3238/3277 2057/3237/3276
f 2058/3238/3277 2059/3239/3278 2060/3240/3279
f 2061/3241/3280 2060/3240/3279 2059/3239/3278
f 2060/3240/3279 2061/3241/3280 2062/3242/3281
f 2063/3243/3282 2062/3242/3281 2061/3241/3280
f 2062/3242/3281 2063/3243/3282 2064/3244/3283
f 2057/3237/3276 2056/3236/3275 2065/3245/3284
f 2056/3236/3275 2066/3246/3285 2067/3247/3286
f 2068/3248/3287 2067/3247/3286 2066/3246/3285
f 2066/3246/3285 2069/3249/3288 2068/3248/3287
f 2070/3250/3289 2068/3248/3287 2069/3249/3288
f 2069/3249/3288 2071/3251/3290 2070/3250/3289
f 2063/3243/3282 2070/3250/3289 2071/3251/3290
f 2071/3251/3290 2064/3244/3283 2063/3243/3282
f 2067/3247/3286 2065/3245/3284 2056/3236/3275
f 2072/3252/3291 2061/3253/3292 2059/3254/3293
f 2072/3252/3291 2073/3255/3294 2061/3253/3292
f 2073/3255/3294 2063/3256/3295 2061/3253/3292
f 2073/3255/3294 2074/3257/3296 2063/3256/3295
f 2074/3257/3296 2070/3258/3297 2063/3256/3295
f 2074/3257/3296 2075/3259/3298 2070/3258/3297
f 2075/3260/3298 2068/3261/3299 2070/3262/3297
f 2075/3260/3298 2076/3263/3300 2068/3261/3299
f 2077/3264/3301 2065/3265/3302 2067/3266/3303
f 2077/3264/3301 2078/3267/3304 2065/3265/3302
f 2078/3267/3304 2057/3268/3305 2065/3265/3302
f 2078/3267/3304 2079/3269/3306 2057/3268/3305
f 2079/3269/3306 2059/3254/3293 2057/3268/3305
f 2079/3269/3306 2072/3252/3291 2059/3254/3293
f 2080/3270/3307 2081/3271/3308 2082/3272/3309
f 2082/3272/3309 2083/3273/3310 2080/3270/3307
f 2084/3274/3311 2085/3275/3312 2081/3271/3308
f 2081/3271/3308 2080/3270/3307 2084/3274/3311
f 2086/3276/115 2084/3274/3311 2080/3270/3307
f 2080/3270/3307 2087/3277/3313 2086/3276/115
f 2088/3278/3314 2089/3279/3315 2085/3275/3312
f 2085/3275/3312 2084/3274/3311 2088/3278/3314
f 2090/3280/3316 2088/3278/3314 2084/3274/3311
f 2090/3280/3316 2086/3276/115 2091/3281/3317
f 2087/3277/3318 2092/3282/3319 2093/3283/3320
f 2027/3188/3219 2028/3189/3220 2093/3283/3320
f 2086/3276/3321 2087/3277/3318 2028/3189/3220
f 2028/3189/3220 2029/3191/3222 2086/3276/3321
f 2091/3281/3322 2086/3276/3321 2029/3191/3222
f 2029/3191/3222 2030/3193/3224 2091/3281/3322
f 2085/3284/3312 2089/3285/3315 2094/3286/3323
f 2081/3271/3308 2085/3275/3312 2031/3194/3225
f 2082/3272/3309 2081/3271/3308 2031/3194/3225
f 2031/3194/3225 2032/3195/3226 2082/3272/3309
f 2073/3287/3324 2092/3282/3325 2087/3277/3313
f 2074/3288/3326 2087/3277/3313 2080/3270/3307
f 2074/3288/3326 2073/3287/3324 2087/3277/3313
f 2075/3289/3327 2074/3288/3326 2080/3270/3307
f 2075/3289/3327 2080/3270/3307 2083/3273/3310
f 2075/3289/3327 2083/3273/3310 2076/3290/3328
f 2093/3283/3320 2028/3189/3220 2087/3277/3318
f 2095/3291/3329 2034/3202/3234 2027/3188/3233
f 2027/3188/3233 2093/3283/3330 2095/3291/3329
f 2096/3292/3331 2097/3293/3332 2083/3294/3333
f 2083/3294/3333 2082/3272/3334 2096/3292/3331
f 2037/3206/3240 2096/3292/3331 2082/3272/3334
f 2082/3272/3334 2032/3195/3241 2037/3206/3240
f 2097/3293/3332 2098/3295/3335 2076/3296/3336
f 2076/3296/3336 2083/3294/3333 2097/3293/3332
f 2099/3297/3337 2100/3298/3338 2101/3299/3339
f 2099/3297/3337 2102/3300/3340 2100/3298/3338
f 2102/3300/3340 2103/3301/3341 2100/3298/3338
f 2102/3300/3340 2104/3302/3342 2103/3301/3341
f 2104/3302/3342 2105/3303/154 2103/3301/3341
f 2104/3302/3342 2106/3304/3343 2105/3303/154
f 2106/3305/3343 2107/3306/3344 2105/3307/154
f 2106/3305/3343 2108/3308/3345 2107/3306/3344
f 2108/3308/3345 2109/3309/3346 2107/3306/3344
f 2108/3308/3345 2089/3279/3347 2109/3309/3346
f 2110/3310/3348 2101/3299/3339 2090/3311/3349
f 2110/3310/3348 2099/3297/3337 2101/3299/3339
f 2086/3276/115 2090/3280/3316 2084/3274/3311
f 2088/3278/3350 2109/3309/3346 2089/3279/3347
f 2030/3193/3258 2110/3312/3351 2091/3281/3352
f 2091/3281/3352 2110/3312/3351 2090/3313/3353
f 2077/3264/3354 2067/3266/3355 2068/3261/3356
f 2077/3264/3354 2068/3261/3356 2076/3263/3357
f 2072/3314/3358 2092/3282/3358 2073/3287/3358
f 2095/3291/3329 2093/3283/3330 2092/3282/3359
f 2111/3315/3360 2072/3314/3361 2076/3316/3336
f 2111/3315/3360 2076/3316/3336 2098/3317/3362
f 2111/3315/3363 2095/3291/3329 2092/3282/3359
f 2111/3315/3363 2092/3282/3359 2072/3314/3361
f 2112/3318/176 2113/3319/177 2078/3267/3304
f 2078/3267/3304 2077/3264/3301 2112/3318/176
f 2113/3319/177 2114/3320/3364 2079/3269/3306
f 2079/3269/3306 2078/3267/3304 2113/3319/177
f 2114/3320/3364 2111/3321/3365 2072/3252/3291
f 2072/3252/3291 2079/3269/3306 2114/3320/3364
f 2098/3322/180 2112/3318/180 2077/3264/180
f 2077/3264/3366 2076/3263/3366 2098/3322/3366
f 2060/3240/467 2056/3236/467 2058/3238/467
f 2060/3240/467 2066/3246/467 2056/3236/467
f 2060/3240/467 2069/3249/467 2066/3246/467
f 2060/3240/467 2071/3251/467 2069/3249/467
f 2060/3240/467 2064/3244/467 2071/3251/467
f 2060/3240/467 2062/3242/467 2064/3244/467
f 2115/3323/3367 2116/3324/3368 2117/3325/3369
f 2118/3326/3370 2117/3325/3369 2116/3324/3368
f 2117/3325/3369 2118/3326/3370 2119/3327/3371
f 2120/3328/3372 2119/3327/3371 2118/3326/3370
f 2119/3327/3371 2120/3328/3372 2121/3329/3373
f 2122/3330/3374 2121/3329/3373 2120/3328/3372
f 2121/3329/3373 2122/3330/3374 2123/3331/3375
f 2116/3324/3368 2115/3323/3367 2124/3332/3376
f 2115/3323/3367 2125/3333/3377 2126/3334/3378
f 2127/3335/3379 2126/3334/3378 2125/3333/3377
f 2125/3333/3377 2128/3336/3380 2127/3335/3379
f 2129/3337/3381 2127/3335/3379 2128/3336/3380
f 2128/3336/3380 2130/3338/3382 2129/3337/3381
f 2122/3330/3374 2129/3337/3381 2130/3338/3382
f 2130/3338/3382 2123/3331/3375 2122/3330/3374
f 2126/3334/3378 2124/3332/3376 2115/3323/3367
f 2100/3339/329 2120/3340/3383 2118/3341/331
f 2100/3339/329 2103/3342/3384 2120/3340/3383
f 2103/3342/3384 2122/3343/3385 2120/3340/3383
f 2103/3342/3384 2105/3344/3386 2122/3343/3385
f 2105/3344/3386 2129/3345/3387 2122/3343/3385
f 2105/3344/3386 2107/3346/3388 2129/3345/3387
f 2107/3346/3388 2127/3347/337 2129/3345/3387
f 2107/3346/3388 2109/3348/3389 2127/3347/337
f 2088/3349/339 2124/3350/3390 2126/3351/341
f 2088/3349/339 2090/3352/3391 2124/3350/3390
f 2090/3352/3391 2116/3353/343 2124/3350/3390
f 2090/3352/3391 2101/3354/3392 2116/3353/343
f 2101/3354/3392 2118/3355/331 2116/3353/343
f 2101/3354/3392 2100/3356/329 2118/3355/331
f 2088/3349/3393 2126/3351/346 2127/3347/347
f 2088/3349/3393 2127/3347/347 2109/3348/3394
f 2131/3357/3395 2132/3358/3396 2133/3359/3397
f 2134/3360/3398 2133/3359/3397 2132/3358/3396
f 2132/3358/3396 2135/3361/3399 2134/3360/3398
f 2136/3362/3400 2134/3360/3398 2135/3361/3399
f 2135/3361/3399 2137/3363/3401 2136/3362/3400
f 2138/3364/3402 2136/3362/3400 2137/3363/3401
f 2137/3363/3401 2139/3365/3403 2138/3364/3402
f 2133/3359/3397 2140/3366/3404 2131/3357/3395
f 2131/3357/3395 2141/3367/3405 2142/3368/3406
f 2143/3369/3407 2142/3368/3406 2141/3367/3405
f 2142/3368/3406 2143/3369/3407 2144/3370/3408
f 2145/3371/3409 2144/3370/3408 2143/3369/3407
f 2144/3370/3408 2145/3371/3409 2146/3372/3410
f 2138/3364/3402 2146/3372/3410 2145/3371/3409
f 2146/3372/3410 2138/3364/3402 2139/3365/3403
f 2141/3367/3405 2131/3357/3395 2140/3366/3404
f 2041/3373/293 2134/3374/294 2136/3375/3411
f 2041/3373/293 2136/3375/3411 2043/3376/3412
f 2043/3376/3412 2136/3375/3411 2138/3377/3413
f 2043/3376/3412 2138/3377/3413 2045/3378/298
f 2045/3378/298 2138/3377/3413 2145/3379/3414
f 2045/3378/298 2145/3379/3414 2047/3380/300
f 2047/3380/300 2145/3379/3414 2143/3381/301
f 2047/3380/300 2143/3381/301 2049/3382/3415
f 2023/3383/303 2141/3384/304 2140/3385/3416
f 2023/3383/303 2140/3385/3416 2022/3386/3417
f 2022/3386/3417 2140/3385/3416 2133/3387/3418
f 2022/3386/3417 2133/3387/3418 2040/3388/3419
f 2040/3388/3419 2133/3387/3418 2134/3389/294
f 2040/3388/3419 2134/3389/294 2041/3390/293
f 2023/3383/3420 2143/3381/310 2141/3384/3421
f 2023/3383/3420 2049/3382/3422 2143/3381/310
f 2051/3391/3423 2046/3392/3424 2048/3393/3425
f 2051/3391/3423 2044/3394/3426 2046/3392/3424
f 2051/3391/3427 2042/3395/3427 2044/3394/3427
f 2051/3391/3428 2039/3396/3428 2042/3395/3428
f 2110/3397/3429 2102/3398/3430 2099/3399/3431
f 2110/3397/3429 2104/3400/3432 2102/3398/3430
f 2110/3397/3429 2106/3401/3433 2104/3400/3432
f 2110/3397/3429 2108/3402/3434 2106/3401/3433
f 2051/3225/362 2108/3403/362 2110/3312/362
f 2051/3225/362 2048/3404/362 2108/3403/362
f 2051/3225/3260 2110/3312/3351 2030/3193/3258
f 2147/3405/3435 2148/3406/3436 2149/3407/3437
f 2149/3407/3437 2150/3408/3438 2147/3405/3435
f 2151/3409/3439 2152/3410/3440 2147/3405/3435
f 2147/3405/3435 2150/3408/3438 2151/3409/3439
f 2153/3411/3441 2154/3412/433 2155/3413/434
f 2155/3413/434 2156/3414/3442 2153/3411/3441
f 2148/3406/3436 2157/3415/3443 2158/3416/3444
f 2158/3416/3444 2149/3407/3437 2148/3406/3436
f 2150/3408/3438 2149/3407/3437 2159/3417/3445
f 2160/3418/3446 2159/3417/3445 2149/3407/3437
f 2149/3407/3437 2158/3416/3444 2161/3419/3447
f 2161/3419/3447 2160/3418/3446 2149/3407/3437
f 2157/3415/3448 2148/3406/3449 2162/3420/3450
f 2162/3420/3450 2163/3421/3451 2157/3415/3448
f 2148/3406/3449 2147/3405/3452 2164/3422/3453
f 2164/3422/3453 2162/3420/3450 2148/3406/3449
f 2165/3423/442 2166/3424/443 2152/3410/3454
f 2152/3410/3454 2154/3412/445 2165/3423/442
f 2154/3412/445 2153/3411/3455 2167/3425/3456
f 2167/3425/3456 2165/3423/442 2154/3412/445
f 2168/3426/3457 2169/3427/3458 2153/3411/3441
f 2153/3411/3441 2156/3414/3442 2168/3426/3457
f 2170/3428/3459 2167/3425/3456 2153/3411/3455
f 2153/3411/3455 2169/3427/3460 2170/3428/3459
f 2171/3429/3461 2151/3430/3439 2150/3431/3438
f 2150/3431/3438 2172/3432/3462 2171/3429/3461
f 2156/3433/3442 2155/3434/434 2173/3435/450
f 2173/3435/450 2174/3436/3463 2156/3433/3442
f 2159/3437/3445 2160/3438/3446 2175/3439/3464
f 2175/3439/3464 2176/3440/3465 2159/3437/3445
f 2150/3431/3438 2159/3441/3445 2176/3442/3465
f 2176/3442/3465 2172/3432/3462 2150/3431/3438
f 2160/3438/3446 2161/3443/3447 2177/3444/3466
f 2177/3444/3466 2175/3439/3464 2160/3438/3446
f 2168/3445/3457 2156/3433/3442 2174/3436/3463
f 2174/3436/3463 2178/3446/3467 2168/3445/3457
f 2179/3447/402 2180/3448/403 2171/3449/403
f 2171/3449/403 2172/3450/402 2179/3447/402
f 2174/3451/3468 2173/3452/3469 2181/3453/3470
f 2181/3453/3470 2178/3454/3471 2174/3451/3468
f 2176/3455/3472 2175/3456/3473 2182/3457/3474
f 2182/3457/3474 2183/3458/411 2176/3455/3472
f 2172/3450/402 2176/3455/3472 2183/3458/411
f 2183/3458/411 2179/3447/402 2172/3450/402
f 2182/3457/3474 2175/3456/3473 2177/3459/3475
f 2155/3413/434 2154/3412/433 2152/3410/3440
f 2152/3410/3440 2151/3409/3439 2155/3413/434
f 2164/3422/3453 2147/3405/3452 2152/3410/3454
f 2152/3410/3454 2166/3424/443 2164/3422/3453
f 2171/3429/3461 2173/3460/450 2155/3461/434
f 2155/3461/434 2151/3430/3439 2171/3429/3461
f 2180/3448/403 2181/3453/3470 2173/3452/3469
f 2173/3452/3469 2171/3449/403 2180/3448/403
f 2184/3462/3476 2185/3463/3477 2163/3464/3478
f 2163/3464/3478 2162/3465/3479 2184/3462/3476
f 2186/3466/460 2184/3462/3476 2162/3465/3479
f 2162/3465/3479 2164/3467/461 2186/3466/460
f 2187/3468/3480 2186/3466/460 2166/3469/463
f 2166/3469/463 2165/3470/464 2187/3468/3480
f 2188/3471/3481 2189/3472/3482 2167/3473/3483
f 2167/3473/3483 2170/3474/3484 2188/3471/3481
f 2164/3467/461 2166/3469/463 2186/3466/460
f 2165/3470/464 2167/3473/3483 2189/3472/3482
f 2165/3470/464 2189/3472/3482 2187/3468/3480
f 2190/3475/3485 2191/3476/3486 2192/3477/3487
f 2191/3476/3486 2190/3475/3485 2193/3478/3488
f 2194/3479/3489 2190/3475/3485 2195/3480/3490
f 2190/3475/3485 2194/3479/3489 2193/3478/3488
f 2196/3481/3491 2197/3482/370 2198/3483/371
f 2197/3482/370 2196/3481/3491 2199/3484/3492
f 2192/3477/3487 2158/3416/3444 2157/3415/3443
f 2158/3416/3444 2192/3477/3487 2191/3476/3486
f 2200/3485/3493 2201/3486/3494 2191/3476/3486
f 2191/3476/3486 2193/3478/3488 2200/3485/3493
f 2191/3476/3486 2161/3419/3447 2158/3416/3444
f 2161/3419/3447 2191/3476/3486 2201/3486/3494
f 2157/3415/3448 2202/3487/3495 2192/3477/3496
f 2202/3487/3495 2157/3415/3448 2163/3421/3451
f 2192/3477/3496 2203/3488/3497 2190/3475/3498
f 2203/3488/3497 2192/3477/3496 2202/3487/3495
f 2204/3489/3499 2195/3480/3500 2205/3490/386
f 2195/3480/3500 2204/3489/3499 2198/3483/387
f 2198/3483/387 2206/3491/3501 2196/3481/3502
f 2206/3491/3501 2198/3483/387 2204/3489/3499
f 2168/3426/3457 2196/3492/3491 2169/3427/3458
f 2196/3492/3491 2168/3426/3457 2199/3493/3492
f 2170/3428/3459 2196/3492/3502 2206/3494/3501
f 2196/3492/3502 2170/3428/3459 2169/3427/3460
f 2207/3495/3503 2193/3496/3488 2194/3497/3489
f 2193/3496/3488 2207/3495/3503 2208/3498/3504
f 2199/3499/3492 2209/3500/396 2197/3501/370
f 2209/3500/396 2199/3499/3492 2210/3502/3505
f 2200/3503/3493 2211/3504/3506 2201/3505/3494
f 2211/3504/3506 2200/3503/3493 2212/3506/3507
f 2193/3496/3488 2212/3507/3507 2200/3508/3493
f 2212/3507/3507 2193/3496/3488 2208/3498/3504
f 2201/3505/3494 2177/3444/3466 2161/3443/3447
f 2177/3444/3466 2201/3505/3494 2211/3504/3506
f 2168/3445/3457 2210/3502/3505 2199/3499/3492
f 2210/3502/3505 2168/3445/3457 2178/3446/3467
f 2179/3447/402 2207/3509/403 2180/3448/403
f 2207/3509/403 2179/3447/402 2208/3510/402
f 2210/3511/3508 2181/3453/3470 2209/3512/3509
f 2181/3453/3470 2210/3511/3508 2178/3454/3471
f 2212/3513/3510 2182/3457/3474 2211/3514/3511
f 2182/3457/3474 2212/3513/3510 2183/3458/411
f 2208/3510/402 2183/3458/411 2212/3513/3510
f 2183/3458/411 2208/3510/402 2179/3447/402
f 2182/3457/3474 2177/3459/3475 2211/3514/3511
f 2197/3482/370 2195/3480/3490 2198/3483/371
f 2195/3480/3490 2197/3482/370 2194/3479/3489
f 2203/3488/3497 2195/3480/3500 2190/3475/3498
f 2195/3480/3500 2203/3488/3497 2205/3490/386
f 2207/3495/3503 2197/3515/370 2209/3516/396
f 2197/3515/370 2207/3495/3503 2194/3497/3489
f 2180/3448/403 2209/3512/3509 2181/3453/3470
f 2209/3512/3509 2180/3448/403 2207/3509/403
f 2213/3517/3512 2163/3464/3478 2185/3463/3477
f 2163/3464/3478 2213/3517/3512 2202/3518/3513
f 2214/3519/417 2202/3518/3513 2213/3517/3512
f 2202/3518/3513 2214/3519/417 2203/3520/418
f 2215/3521/3514 2205/3522/420 2214/3519/417
f 2205/3522/420 2215/3521/3514 2204/3523/421
f 2188/3471/3481 2206/3524/3515 2216/3525/3516
f 2206/3524/3515 2188/3471/3481 2170/3474/3484
f 2203/3520/418 2214/3519/417 2205/3522/420
f 2204/3523/421 2216/3525/3516 2206/3524/3515
f 2204/3523/421 2215/3521/3514 2216/3525/3516
f 2001/3151/276 1998/3148/276 1996/3146/276
f 2001/3151/276 2005/3155/276 1998/3148/276
f 2001/3151/276 2003/3153/276 2005/3155/276
f 2001/3151/276 1991/3141/276 1990/3140/276
f 2001/3151/276 1994/3144/276 1991/3141/276
f 2001/3151/276 1996/3146/276 1994/3144/276
f 2115/3323/467 2117/3325/467 2123/3331/467
f 2117/3325/467 2119/3327/467 2123/3331/467
f 2119/3327/467 2121/3329/467 2123/3331/467
f 2123/3331/467 2130/3338/467 2115/3323/467
f 2130/3338/467 2128/3336/467 2115/3323/467
f 2128/3336/467 2125/3333/467 2115/3323/467
f 2019/3526/3211 2217/3527/3517 2050/3528/3518
f 2019/3179/3211 2023/3183/3214 2018/3178/3210
f 2019/3179/3211 2050/3222/3518 2023/3183/3214
f 2131/3357/276 2135/3361/276 2132/3358/276
f 2131/3357/276 2137/3363/276 2135/3361/276
f 2131/3357/276 2139/3365/276 2137/3363/276
f 2131/3357/276 2146/3372/276 2139/3365/276
f 2131/3357/276 2144/3370/276 2146/3372/276
f 2131/3357/276 2142/3368/276 2144/3370/276
f 2218/3529/3519 2219/3530/3520 2220/3531/3521
f 2219/3530/3520 2218/3529/3519 2094/3286/3522
f 2221/3532/3523 2217/3527/3524 2222/3533/3525
f 2222/3533/3525 2223/3534/3526 2221/3532/3523
f 2224/3535/3527 2094/3286/3528 2225/3536/3529
f 2094/3286/3528 2224/3535/3527 2217/3527/3530
f 2226/3537/3531 2227/3538/3532 2228/3539/483
f 2226/3537/3531 2229/3540/3533 2227/3538/3532
f 2050/3541/3534 2223/3542/3535 2048/3543/3536
f 2223/3542/3535 2050/3541/3534 2221/3544/3537
f 2217/3527/3538 2221/3532/3538 2050/3528/3538
f 2217/3527/3530 2224/3535/3527 2222/3533/3539
f 2094/3286/3540 2089/3285/3540 2219/3530/3540
f 2108/3545/3541 2219/3546/3542 2089/3547/3543
f 2219/3546/3542 2108/3545/3541 2220/3548/3544
f 2094/3286/3528 2218/3529/3545 2225/3536/3529
f 2048/3543/498 2230/3549/499 2108/3545/498
f 2230/3549/499 2048/3543/498 2231/3550/500
f 2220/3531/3521 2232/3551/3546 2218/3529/3519
f 2232/3551/3546 2220/3531/3521 2230/3552/3547
f 2222/3533/3525 2231/3553/3548 2223/3534/3526
f 2231/3553/3548 2222/3533/3525 2233/3554/3549
f 2225/3536/3529 2234/3555/3550 2224/3535/3527
f 2234/3555/3550 2225/3536/3529 2235/3556/3551
f 2223/3542/3535 2231/3550/3552 2048/3543/3536
f 2224/3535/3527 2233/3554/3553 2222/3533/3539
f 2233/3554/3553 2224/3535/3527 2234/3555/3550
f 2108/3545/3541 2230/3549/3554 2220/3548/3544
f 2218/3529/3545 2235/3556/3551 2225/3536/3529
f 2235/3556/3551 2218/3529/3545 2232/3551/3555
f 2231/3550/500 2227/3538/511 2230/3549/499
f 2227/3538/511 2231/3550/500 2228/3539/511
f 2235/3556/3551 2226/3537/3556 2234/3555/3550
f 2226/3537/3556 2235/3556/3551 2229/3540/3557
f 2233/3554/3553 2234/3555/3550 2226/3537/3556
f 2233/3554/3549 2228/3557/3558 2231/3553/3548
f 2228/3557/3558 2233/3554/3549 2226/3537/3559
f 2227/3558/3560 2229/3540/3561 2232/3551/3546
f 2232/3551/3546 2230/3552/3547 2227/3558/3560
f 2232/3551/3555 2229/3540/3557 2235/3556/3551
f 2019/3526/3562 2094/3286/3528 2217/3527/3530
f 2019/3526/3562 2085/3284/519 2094/3286/3528
f 2019/3179/3211 2031/3194/3225 2085/3275/3312
f 2236/3559/3563 2237/3560/3564 2238/3561/3565
f 2237/3560/3564 2236/3559/3563 2239/3562/3566
f 2240/3563/2980 2241/3564/2981 2242/3565/2980
f 2241/3564/2981 2240/3563/2980 2243/3566/3567
f 2243/3566/3567 2244/3567/3568 2241/3564/2981
f 2244/3567/3568 2243/3566/3567 2245/3568/3569
f 2245/3568/3569 2246/3569/3570 2244/3567/3568
f 2246/3569/3570 2245/3568/3569 2247/3570/3571
f 2248/3571/3572 2237/3560/3573 2239/3562/3574
f 2237/3560/3573 2248/3571/3572 2249/3572/3575
f 2250/3573/3576 2251/3574/3577 2252/3575/3578
f 2253/3576/3579 2254/3577/3580 2255/3578/3581
f 2254/3577/3580 2253/3576/3579 2256/3579/3582
f 2242/3580/3583 2241/3564/3584 2249/3572/3575
f 2249/3572/3575 2248/3571/3572 2242/3580/3583
f 2249/3572/3575 2244/3567/3585 2251/3574/3577
f 2244/3567/3585 2249/3572/3575 2241/3564/3584
f 2256/3579/3582 2246/3569/3586 2254/3577/3580
f 2246/3581/3586 2251/3574/3577 2244/3567/3585
f 2255/3578/3587 2257/3582/3588 2258/3583/3589
f 2257/3582/3588 2255/3578/3587 2254/3577/3590
f 2246/3569/3591 2247/3570/3592 2257/3582/3588
f 2257/3582/3588 2254/3577/3590 2246/3569/3591
f 2259/3584/3593 2260/3585/3594 2261/3586/3595
f 2260/3585/3594 2259/3584/3593 2262/3587/3596
f 2260/3585/3594 2263/3588/3597 2238/3561/3598
f 2238/3561/3598 2261/3586/3595 2260/3585/3594
f 2238/3561/3598 2264/3589/3599 2236/3559/3600
f 2264/3589/3599 2238/3561/3598 2263/3588/3597
f 2262/3590/3596 2247/3570/3601 2260/3591/3594
f 2245/3568/3602 2260/3591/3594 2247/3570/3601
f 2245/3568/3602 2243/3566/3603 2263/3592/3597
f 2263/3592/3597 2260/3591/3594 2245/3568/3602
f 2263/3592/3597 2240/3563/3604 2264/3593/3599
f 2240/3563/3604 2263/3592/3597 2243/3566/3603
f 2256/3579/3582 2252/3575/3578 2251/3574/3577
f 2251/3574/3577 2246/3569/3586 2256/3579/3582
f 2252/3575/3578 2256/3579/3582 2253/3576/3579
f 2265/3594/3605 2262/3587/3606 2259/3584/3607
f 2262/3587/3606 2265/3594/3605 2266/3595/3608
f 2266/3596/3609 2247/3570/3601 2262/3590/3596
f 2267/3597/3610 2266/3595/3608 2265/3594/3605
f 2266/3595/3608 2267/3597/3610 2268/3598/3611
f 2268/3599/3612 2247/3570/3601 2266/3596/3609
f 2258/3583/3589 2268/3599/3611 2267/3600/3610
f 2268/3599/3611 2258/3583/3589 2257/3582/3588
f 2257/3582/3588 2247/3570/3592 2268/3599/3611
f 2252/3575/3613 2261/3586/3613 2250/3573/3613
f 2250/3573/3614 2249/3572/3614 2251/3574/3614
f 2250/3573/3615 2237/3560/3615 2249/3572/3615
f 2237/3560/3616 2250/3573/3616 2261/3586/3616
f 2238/3561/3617 2237/3560/3617 2261/3586/3617
f 2269/3601/3034 2270/3602/665 2239/3603/3035
f 2269/3601/3034 2239/3603/3035 2236/3604/3618
f 2240/3605/3037 2242/3606/3037 2271/3607/3038
f 2240/3605/3037 2271/3607/3038 2272/3608/3039
f 2273/3609/3040 2274/3610/3041 2270/3602/665
f 2273/3609/3040 2270/3602/665 2269/3601/3034
f 2248/3571/3619 2271/3611/3620 2242/3580/3621
f 2248/3571/3619 2275/3612/3622 2271/3611/3620
f 2248/3571/3619 2276/3613/3623 2275/3612/3622
f 2248/3571/3624 2274/3614/3625 2276/3613/3626
f 2248/3571/3624 2270/3615/3627 2274/3614/3625
f 2248/3571/3628 2239/3562/3628 2270/3615/3628
f 2264/3589/3629 2269/3616/3630 2236/3559/3631
f 2264/3589/3629 2273/3617/3632 2269/3616/3630
f 2264/3589/3629 2277/3618/3633 2273/3617/3632
f 2264/3589/3634 2278/3619/3635 2277/3618/3636
f 2264/3589/3634 2272/3620/3637 2278/3619/3635
f 2264/3589/3638 2240/3621/3638 2272/3620/3638
f 2272/3608/3039 2271/3607/3038 2275/3622/3062
f 2272/3608/3039 2275/3622/3062 2278/3623/3063
f 2278/3623/3063 2275/3622/3062 2276/3624/3064
f 2278/3623/3063 2276/3624/3064 2277/3625/3065
f 2277/3625/3065 2276/3624/3064 2274/3610/3041
f 2277/3625/3065 2274/3610/3041 2273/3609/3040
f 2279/3626/3639 2280/3627/3639 2281/3628/3640
f 2279/3626/3639 2281/3628/3640 2282/3629/3640
f 2282/3630/3640 2281/3631/3640 2283/3632/3641
f 2282/3630/3640 2283/3632/3641 2284/3633/3641
f 2284/3633/3641 2283/3632/3641 2285/3634/3642
f 2284/3633/3641 2285/3634/3642 2286/3635/3642
f 2286/3635/3642 2285/3634/3642 2287/3636/3643
f 2286/3635/3642 2287/3636/3643 2288/3637/3643
f 2288/3637/3643 2287/3636/3643 2289/3638/3644
f 2288/3637/3643 2289/3638/3644 2290/3639/3644
f 2290/3639/3644 2289/3638/3644 2291/3640/3645
f 2290/3639/3644 2291/3640/3645 2292/3641/3645
f 2292/3641/3645 2291/3640/3645 2293/3642/3646
f 2292/3641/3645 2293/3642/3646 2294/3643/3646
f 2294/3643/3646 2293/3642/3646 2280/3627/3639
f 2294/3643/3646 2280/3627/3639 2279/3626/3639
f 2295/3644/3647 2280/3645/3648 2296/3646/3648
f 2280/3645/3648 2295/3644/3647 2281/3647/3647
f 2297/3648/3649 2281/3647/3647 2295/3644/3647
f 2281/3647/3647 2297/3648/3649 2283/3649/3649
f 2298/3650/3650 2283/3649/3649 2297/3648/3649
f 2283/3649/3649 2298/3650/3650 2285/3651/3650
f 2299/3652/3651 2285/3651/3650 2298/3650/3650
f 2285/3651/3650 2299/3652/3651 2287/3653/3651
f 2300/3654/3652 2287/3653/3651 2299/3652/3651
f 2287/3653/3651 2300/3654/3652 2289/3655/3652
f 2301/3656/3653 2289/3655/3652 2300/3654/3652
f 2289/3655/3652 2301/3656/3653 2291/3657/3653
f 2302/3658/3654 2291/3657/3653 2301/3656/3653
f 2291/3657/3653 2302/3658/3654 2293/3659/3654
f 2296/3646/3648 2293/3659/3654 2302/3658/3654
f 2293/3659/3654 2296/3646/3648 2280/3645/3648
f 2303/3660/3640 2296/3661/3639 2304/3662/3639
f 2296/3661/3639 2303/3660/3640 2295/3663/3640
f 2305/3664/3641 2295/3665/3640 2303/3666/3640
f 2295/3665/3640 2305/3664/3641 2297/3667/3641
f 2306/3668/3642 2297/3667/3641 2305/3664/3641
f 2297/3667/3641 2306/3668/3642 2298/3669/3642
f 2307/3670/3643 2298/3669/3642 2306/3668/3642
f 2298/3669/3642 2307/3670/3643 2299/3671/3643
f 2308/3672/3644 2299/3671/3643 2307/3670/3643
f 2299/3671/3643 2308/3672/3644 2300/3673/3644
f 2309/3674/3645 2300/3673/3644 2308/3672/3644
f 2300/3673/3644 2309/3674/3645 2301/3675/3645
f 2310/3676/3646 2301/3675/3645 2309/3674/3645
f 2301/3675/3645 2310/3676/3646 2302/3677/3646
f 2304/3662/3639 2302/3677/3646 2310/3676/3646
f 2302/3677/3646 2304/3662/3639 2296/3661/3639
f 2311/3678/3655 2304/3679/3656 2312/3680/3657
f 2304/3679/3656 2311/3678/3655 2303/3681/3658
f 2313/3682/3659 2303/3681/3658 2311/3678/3655
f 2303/3681/3658 2313/3682/3659 2305/3683/3660
f 2314/3684/3661 2305/3683/3660 2313/3682/3659
f 2305/3683/3660 2314/3684/3661 2306/3685/3662
f 2315/3686/3663 2306/3685/3662 2314/3684/3661
f 2306/3685/3662 2315/3686/3663 2307/3687/3664
f 2316/3688/3665 2307/3687/3664 2315/3686/3663
f 2307/3687/3664 2316/3688/3665 2308/3689/3666
f 2317/3690/3667 2308/3689/3666 2316/3688/3665
f 2308/3689/3666 2317/3690/3667 2309/3691/3668
f 2318/3692/3669 2309/3691/3668 2317/3690/3667
f 2309/3691/3668 2318/3692/3669 2310/3693/3670
f 2312/3680/3657 2310/3693/3670 2318/3692/3669
f 2310/3693/3670 2312/3680/3657 2304/3679/3656
f 2312/3680/3657 2319/3694/9 2311/3678/3655
f 2311/3678/3655 2319/3694/9 2313/3682/3659
f 2313/3682/3659 2319/3694/9 2314/3684/3661
f 2314/3684/3661 2319/3694/9 2315/3686/3663
f 2315/3686/3663 2319/3694/9 2316/3688/3665
f 2316/3688/3665 2319/3694/9 2317/3690/3667
f 2317/3690/3667 2319/3694/9 2318/3692/3669
f 2318/3692/3669 2319/3694/9 2312/3680/3657
f 2320/3695/3671 2321/3696/3672 2322/3697/3673
f 2323/3698/3674 2320/3695/3671 2322/3697/3673
f 2323/3698/3674 2322/3697/3673 2324/3699/3675
f 2320/3695/3671 2323/3698/3674 2325/3700/3676
f 2325/3700/3676 2326/3701/3677 2320/3695/3671
f 2327/3702/3678 2328/3703/3679 2329/3704/3680
f 2320/3695/3671 2327/3702/3678 2329/3704/3680
f 2320/3695/3671 2329/3704/3680 2321/3696/3672
f 2327/3702/3678 2320/3695/3671 2326/3701/3677
f 2326/3701/3677 2330/3705/3681 2327/3702/3678
f 2331/3706/3682 2327/3702/3678 2330/3705/3681
f 2330/3705/3681 2332/3707/3683 2331/3706/3682
f 2333/3708/3684 2334/3709/3685 2335/3710/3686
f 2331/3706/3682 2333/3708/3684 2335/3710/3686
f 2331/3706/3682 2335/3710/3686 2336/3711/3687
f 2332/3707/3683 2333/3708/3684 2331/3706/3682
f 2337/3712/3688 2338/3713/3689 2339/3714/3690
f 2339/3714/3690 2340/3715/3691 2334/3709/3685
f 2334/3709/3685 2333/3708/3684 2339/3714/3690
f 2322/3697/3692 2321/3696/3693 2341/3716/3694
f 2341/3716/3694 2342/3717/3695 2322/3697/3692
f 2329/3704/3696 2328/3703/3697 2343/3718/3698
f 2343/3718/3698 2344/3719/3699 2329/3704/3696
f 2328/3703/3697 2345/3720/3700 2346/3721/3701
f 2346/3721/3701 2343/3718/3698 2328/3703/3697
f 2335/3710/3702 2334/3709/3703 2347/3722/3704
f 2347/3722/3704 2348/3723/3705 2335/3710/3702
f 2349/3724/3706 2350/3725/3707 2338/3713/3708
f 2338/3713/3708 2337/3712/3709 2349/3724/3706
f 2334/3709/3703 2340/3715/3710 2351/3726/3711
f 2351/3726/3711 2347/3722/3704 2334/3709/3703
f 2326/3701/3677 2325/3700/3676 2352/3727/3712
f 2352/3727/3712 2353/3728/3713 2326/3701/3677
f 2330/3705/3681 2326/3701/3677 2353/3728/3713
f 2353/3728/3713 2354/3729/3714 2330/3705/3681
f 2332/3707/3683 2330/3705/3681 2354/3729/3714
f 2354/3729/3714 2355/3730/3715 2332/3707/3683
f 2333/3708/3684 2332/3707/3683 2355/3730/3715
f 2355/3730/3715 2356/3731/3716 2333/3708/3684
f 2345/3720/3717 2328/3703/3679 2327/3702/3678
f 2345/3720/3717 2327/3702/3678 2331/3706/3682
f 2345/3720/3717 2331/3706/3682 2336/3711/3687
f 2344/3732/3699 2343/3733/3698 2357/3734/3718
f 2357/3734/3718 2358/3735/3719 2341/3736/3694
f 2344/3732/3699 2357/3734/3718 2341/3736/3694
f 2346/3737/3701 2359/3738/3720 2360/3739/3721
f 2346/3737/3701 2360/3739/3721 2357/3734/3718
f 2346/3737/3701 2357/3734/3718 2343/3733/3698
f 2348/3740/3705 2347/3741/3704 2361/3742/3722
f 2361/3742/3722 2360/3739/3721 2359/3738/3720
f 2348/3740/3705 2361/3742/3722 2359/3738/3720
f 2357/3734/3718 2360/3739/3721 2362/3743/3723
f 2362/3743/3723 2358/3735/3719 2357/3734/3718
f 2360/3739/3721 2361/3742/3722 2363/3744/3724
f 2363/3744/3724 2362/3743/3723 2360/3739/3721
f 2358/3735/3719 2364/3745/3725 2342/3746/3695
f 2342/3746/3695 2341/3736/3694 2358/3735/3719
f 2354/3747/3714 2353/3728/3713 2365/3748/3726
f 2355/3749/3715 2354/3747/3714 2365/3748/3726
f 2365/3748/3726 2366/3750/3727 2355/3749/3715
f 2356/3751/3716 2355/3749/3715 2366/3750/3727
f 2366/3750/3727 2367/3752/3728 2356/3751/3716
f 2366/3750/3727 2365/3748/3726 2368/3753/3729
f 2368/3753/3729 2369/3754/3730 2366/3750/3727
f 2367/3752/3728 2366/3750/3727 2369/3754/3730
f 2369/3754/3730 2370/3755/3731 2367/3752/3728
f 2361/3756/3732 2367/3752/3733 2370/3755/3734
f 2370/3755/3734 2363/3757/3735 2361/3756/3732
f 2356/3751/3736 2367/3752/3733 2361/3756/3732
f 2361/3756/3732 2347/3758/3737 2356/3751/3736
f 2351/3759/3738 2371/3760/3738 2356/3751/3739
f 2356/3751/3739 2347/3758/3739 2351/3759/3738
f 2352/3727/3712 2368/3753/3729 2365/3748/3726
f 2365/3748/3726 2353/3728/3713 2352/3727/3712
f 2340/3715/3710 2372/3761/3740 2373/3762/3741
f 2373/3762/3741 2351/3726/3711 2340/3715/3710
f 2356/3731/3716 2371/3763/3742 2339/3714/3690
f 2339/3714/3690 2333/3708/3684 2356/3731/3716
f 2337/3712/3688 2339/3714/3690 2371/3763/3742
f 2371/3763/3742 2349/3724/3743 2337/3712/3688
f 2340/3715/3691 2339/3714/3690 2338/3713/3689
f 2338/3713/3689 2372/3761/3744 2340/3715/3691
f 2350/3725/3707 2373/3762/3741 2372/3761/3740
f 2372/3761/3740 2338/3713/3708 2350/3725/3707
f 2371/3760/3738 2351/3759/3738 2373/3764/276
f 2371/3760/3738 2373/3764/276 2350/3765/276
f 2371/3760/3738 2350/3765/276 2349/3766/276
f 2323/3698/3674 2324/3699/3675 2374/3767/3745
f 2374/3767/3745 2375/3768/3746 2376/3769/3747
f 2323/3698/3674 2374/3767/3745 2376/3769/3747
f 2325/3700/3676 2323/3698/3674 2376/3769/3747
f 2376/3769/3747 2377/3770/3748 2325/3700/3676
f 2376/3769/3747 2375/3768/3746 2378/3771/3749
f 2378/3771/3749 2379/3772/3750 2380/3773/3751
f 2376/3769/3747 2378/3771/3749 2380/3773/3751
f 2377/3770/3748 2376/3769/3747 2380/3773/3751
f 2380/3773/3751 2381/3774/3752 2377/3770/3748
f 2380/3773/3751 2379/3772/3750 2382/3775/3753
f 2382/3775/3753 2383/3776/3754 2384/3777/3755
f 2380/3773/3751 2382/3775/3753 2384/3777/3755
f 2381/3774/3752 2380/3773/3751 2384/3777/3755
f 2384/3777/3755 2385/3778/3756 2381/3774/3752
f 2384/3777/3755 2383/3776/3754 2386/3779/3757
f 2387/3780/3758 2384/3777/3755 2386/3779/3757
f 2387/3780/3758 2386/3779/3757 2388/3781/3759
f 2385/3778/3756 2384/3777/3755 2387/3780/3758
f 2389/3782/3760 2390/3783/3761 2391/3784/3762
f 2388/3781/3759 2392/3785/3763 2390/3783/3761
f 2390/3783/3761 2387/3780/3758 2388/3781/3759
f 2393/3786/3764 2374/3767/3765 2324/3699/3766
f 2324/3699/3766 2364/3787/3725 2393/3786/3764
f 2374/3767/3765 2393/3786/3764 2394/3788/3767
f 2394/3788/3767 2375/3768/3768 2374/3767/3765
f 2395/3789/3769 2378/3771/3770 2375/3768/3768
f 2375/3768/3768 2394/3788/3767 2395/3789/3769
f 2378/3771/3770 2395/3789/3769 2396/3790/3771
f 2396/3790/3771 2379/3772/3772 2378/3771/3770
f 2397/3791/3773 2382/3775/3774 2379/3772/3772
f 2379/3772/3772 2396/3790/3771 2397/3791/3773
f 2382/3775/3774 2397/3791/3773 2398/3792/3775
f 2398/3792/3775 2383/3776/3776 2382/3775/3774
f 2399/3793/3777 2386/3779/3778 2383/3776/3776
f 2383/3776/3776 2398/3792/3775 2399/3793/3777
f 2386/3779/3778 2399/3793/3777 2400/3794/3779
f 2400/3794/3779 2388/3781/3780 2386/3779/3778
f 2391/3784/3781 2401/3795/3782 2402/3796/3783
f 2402/3796/3783 2389/3782/3784 2391/3784/3781
f 2403/3797/3785 2392/3785/3786 2388/3781/3780
f 2388/3781/3780 2400/3794/3779 2403/3797/3785
f 2352/3727/3712 2325/3700/3676 2377/3770/3748
f 2377/3770/3748 2404/3798/3787 2352/3727/3712
f 2404/3798/3787 2377/3770/3748 2381/3774/3752
f 2381/3774/3752 2405/3799/3788 2404/3798/3787
f 2405/3799/3788 2381/3774/3752 2385/3778/3756
f 2385/3778/3756 2406/3800/3789 2405/3799/3788
f 2406/3800/3789 2385/3778/3756 2387/3780/3758
f 2387/3780/3758 2407/3801/3790 2406/3800/3789
f 2408/3802/3791 2396/3803/3771 2395/3804/3769
f 2395/3804/3769 2394/3805/3767 2358/3735/3719
f 2408/3802/3791 2395/3804/3769 2358/3735/3719
f 2409/3806/3792 2398/3807/3775 2397/3808/3773
f 2397/3808/3773 2396/3803/3771 2408/3802/3791
f 2409/3806/3792 2397/3808/3773 2408/3802/3791
f 2398/3807/3775 2409/3806/3792 2410/3809/3793
f 2399/3810/3777 2398/3807/3775 2410/3809/3793
f 2399/3810/3777 2410/3809/3793 2400/3811/3779
f 2362/3743/3723 2409/3806/3792 2408/3802/3791
f 2408/3802/3791 2358/3735/3719 2362/3743/3723
f 2363/3744/3724 2410/3809/3793 2409/3806/3792
f 2409/3806/3792 2362/3743/3723 2363/3744/3724
f 2358/3735/3719 2394/3805/3767 2393/3812/3764
f 2393/3812/3764 2364/3745/3725 2358/3735/3719
f 2405/3813/3788 2411/3814/3794 2404/3798/3787
f 2411/3814/3794 2405/3813/3788 2406/3815/3789
f 2406/3815/3789 2412/3816/3795 2411/3814/3794
f 2412/3816/3795 2406/3815/3789 2407/3817/3790
f 2407/3817/3790 2413/3818/3796 2412/3816/3795
f 2368/3753/3729 2411/3814/3794 2412/3816/3795
f 2412/3816/3795 2369/3754/3730 2368/3753/3729
f 2369/3754/3730 2412/3816/3795 2413/3818/3796
f 2413/3818/3796 2370/3755/3731 2369/3754/3730
f 2370/3755/3734 2413/3818/3797 2410/3819/3798
f 2410/3819/3798 2363/3757/3735 2370/3755/3734
f 2410/3819/3798 2413/3818/3797 2407/3817/3799
f 2407/3817/3799 2400/3820/3800 2410/3819/3798
f 2407/3817/3801 2414/3821/3802 2403/3822/3802
f 2403/3822/3802 2400/3820/3801 2407/3817/3801
f 2411/3814/3794 2368/3753/3729 2352/3727/3712
f 2352/3727/3712 2404/3798/3787 2411/3814/3794
f 2415/3823/3803 2416/3824/3804 2392/3785/3786
f 2392/3785/3786 2403/3797/3785 2415/3823/3803
f 2390/3783/3761 2414/3825/3805 2407/3801/3790
f 2407/3801/3790 2387/3780/3758 2390/3783/3761
f 2414/3825/3805 2390/3783/3761 2389/3782/3760
f 2389/3782/3760 2402/3796/3806 2414/3825/3805
f 2391/3784/3762 2390/3783/3761 2392/3785/3763
f 2392/3785/3763 2416/3824/3807 2391/3784/3762
f 2416/3824/3804 2415/3823/3803 2401/3795/3782
f 2401/3795/3782 2391/3784/3781 2416/3824/3804
f 2414/3821/3802 2402/3826/467 2401/3827/467
f 2414/3821/3802 2401/3827/467 2415/3828/467
f 2414/3821/3802 2415/3828/467 2403/3822/3802
f 2324/3699/3766 2322/3697/3692 2342/3717/3695
f 2342/3717/3695 2364/3787/3725 2324/3699/3766
f 2321/3696/3693 2329/3704/3696 2344/3719/3699
f 2344/3719/3699 2341/3716/3694 2321/3696/3693
f 2359/3829/3720 2346/3721/3701 2345/3720/3700
f 2345/3720/3700 2336/3711/3808 2359/3829/3720
f 2336/3711/3808 2335/3710/3702 2348/3723/3705
f 2348/3723/3705 2359/3829/3720 2336/3711/3808
f 2417/3830/3809 2418/3831/3810 2419/3832/3811
f 2419/3832/3811 2420/3833/3812 2417/3830/3809
f 2421/3834/3813 2417/3830/3809 2420/3833/3812
f 2420/3833/3812 2422/3835/3814 2421/3834/3813
f 2423/3836/3815 2421/3834/3813 2422/3835/3814
f 2422/3835/3814 2424/3837/3816 2423/3836/3815
f 2425/3838/3817 2423/3836/3815 2424/3837/3816
f 2424/3837/3816 2426/3839/3818 2425/3838/3817
f 2427/3840/3819 2428/3841/3820 2418/3831/3810
f 2418/3831/3810 2417/3830/3809 2427/3840/3819
f 2429/3842/3821 2427/3840/3819 2417/3830/3809
f 2417/3830/3809 2421/3834/3813 2429/3842/3821
f 2430/3843/3822 2429/3842/3821 2421/3834/3813
f 2421/3834/3813 2423/3836/3815 2430/3843/3822
f 2431/3844/3823 2430/3843/3822 2423/3836/3815
f 2423/3836/3815 2425/3838/3817 2431/3844/3823
f 2432/3845/3824 2433/3846/3825 2434/3847/3826
f 2432/3845/3824 2434/3847/3826 2435/3848/3827
f 2432/3845/3824 2435/3848/3827 2436/3849/3828
f 2437/3850/3829 2438/3851/3830 2439/3852/3831
f 2437/3850/3829 2439/3852/3831 2434/3847/3826
f 2437/3850/3829 2434/3847/3826 2433/3846/3825
f 2440/3853/3832 2441/3854/3833 2442/3855/3834
f 2440/3853/3832 2442/3855/3834 2439/3852/3831
f 2440/3853/3832 2439/3852/3831 2438/3851/3830
f 2443/3856/3835 2418/3831/3810 2428/3841/3820
f 2443/3856/3835 2428/3841/3820 2442/3855/3834
f 2443/3856/3835 2442/3855/3834 2441/3854/3833
f 2444/3857/3836 2445/3858/3837 2428/3841/3820
f 2428/3841/3820 2427/3840/3819 2444/3857/3836
f 2446/3859/3838 2444/3857/3836 2427/3840/3819
f 2427/3840/3819 2429/3842/3821 2446/3859/3838
f 2447/3860/3839 2448/3861/3840 2430/3843/3822
f 2430/3843/3822 2431/3844/3823 2447/3860/3839
f 2449/3862/3841 2450/3863/3842 2451/3864/3843
f 2452/3865/3844 2434/3847/3826 2449/3862/3841
f 2449/3862/3841 2451/3864/3843 2452/3865/3844
f 2451/3864/3843 2450/3863/3842 2453/3866/3845
f 2453/3866/3845 2454/3867/3846 2451/3864/3843
f 2445/3858/3837 2455/3868/3847 2442/3855/3834
f 2442/3855/3834 2428/3841/3820 2445/3858/3837
f 2456/3869/3848 2457/3870/3849 2445/3858/3837
f 2445/3858/3837 2444/3857/3836 2456/3869/3848
f 2458/3871/3850 2456/3869/3848 2444/3857/3836
f 2444/3857/3836 2446/3859/3838 2458/3871/3850
f 2459/3872/3851 2458/3871/3850 2446/3859/3838
f 2446/3859/3838 2448/3861/3840 2459/3872/3851
f 2460/3873/3852 2459/3872/3851 2448/3861/3840
f 2448/3861/3840 2447/3860/3839 2460/3873/3852
f 2457/3870/3849 2461/3874/3853 2455/3868/3847
f 2455/3868/3847 2445/3858/3837 2457/3870/3849
f 2462/3875/3854 2463/3876/3855 2457/3870/3849
f 2457/3870/3849 2456/3869/3848 2462/3875/3854
f 2464/3877/3856 2462/3875/3854 2456/3869/3848
f 2456/3869/3848 2458/3871/3850 2464/3877/3856
f 2465/3878/3857 2464/3877/3856 2458/3871/3850
f 2458/3871/3850 2459/3872/3851 2465/3878/3857
f 2466/3879/3858 2465/3878/3857 2459/3872/3851
f 2459/3872/3851 2460/3873/3852 2466/3879/3858
f 2467/3880/3859 2468/3881/3860 2469/3882/3861
f 2469/3882/3861 2470/3883/3862 2467/3880/3859
f 2471/3884/3863 2467/3880/3859 2470/3883/3862
f 2470/3883/3862 2472/3885/3864 2471/3884/3863
f 2473/3886/3865 2471/3884/3863 2472/3885/3864
f 2472/3885/3864 2461/3874/3853 2473/3886/3865
f 2463/3876/3855 2473/3886/3865 2461/3874/3853
f 2461/3874/3853 2457/3870/3849 2463/3876/3855
f 2474/3887/3866 2475/3888/3867 2476/3889/3868
f 2476/3889/3868 2477/3890/3869 2474/3887/3866
f 2475/3888/3867 2478/3891/3870 2479/3892/3871
f 2479/3892/3871 2476/3889/3868 2475/3888/3867
f 2478/3891/3870 2480/3893/3872 2481/3894/3873
f 2481/3894/3873 2479/3892/3871 2478/3891/3870
f 2480/3893/3872 2482/3895/3874 2483/3896/3875
f 2483/3896/3875 2481/3894/3873 2480/3893/3872
f 2484/3897/3876 2485/3898/3877 2486/3899/3878
f 2486/3899/3878 2487/3900/3879 2484/3897/3876
f 2485/3898/3877 2488/3901/3880 2489/3902/3881
f 2489/3902/3881 2486/3899/3878 2485/3898/3877
f 2488/3901/3880 2490/3903/3882 2491/3904/3883
f 2491/3904/3883 2489/3902/3881 2488/3901/3880
f 2490/3903/3882 2474/3887/3866 2477/3890/3869
f 2477/3890/3869 2491/3904/3883 2490/3903/3882
f 2477/3890/3869 2476/3889/3868 2492/3905/3884
f 2476/3889/3868 2479/3892/3871 2493/3906/3885
f 2493/3906/3885 2492/3905/3884 2476/3889/3868
f 2479/3892/3871 2481/3894/3873 2494/3907/3886
f 2494/3907/3886 2493/3906/3885 2479/3892/3871
f 2481/3894/3873 2483/3896/3875 2495/3908/3887
f 2495/3908/3887 2494/3907/3886 2481/3894/3873
f 2487/3900/3879 2486/3899/3878 2496/3909/3888
f 2496/3909/3888 2497/3910/3889 2487/3900/3879
f 2486/3899/3878 2489/3902/3881 2498/3911/3890
f 2498/3911/3890 2496/3909/3888 2486/3899/3878
f 2489/3902/3881 2491/3904/3883 2492/3905/3884
f 2492/3905/3884 2498/3911/3890 2489/3902/3881
f 2491/3904/3883 2477/3890/3869 2492/3905/3884
f 2499/3912/3891 2500/3913/3892 2453/3866/3845
f 2453/3866/3845 2450/3863/3842 2499/3912/3891
f 2469/3882/3861 2500/3913/3892 2499/3912/3891
f 2499/3912/3891 2470/3883/3862 2469/3882/3861
f 2470/3883/3862 2499/3912/3891 2501/3914/3893
f 2501/3914/3893 2472/3885/3864 2470/3883/3862
f 2502/3915/3894 2449/3862/3841 2434/3847/3826
f 2502/3915/3894 2434/3847/3826 2439/3852/3831
f 2502/3915/3894 2439/3852/3831 2503/3916/3895
f 2504/3917/3896 2503/3916/3895 2439/3852/3831
f 2504/3917/3896 2439/3852/3831 2442/3855/3834
f 2442/3855/3834 2455/3868/3847 2505/3918/3897
f 2504/3917/3896 2442/3855/3834 2505/3918/3897
f 2506/3919/3898 2455/3868/3847 2461/3874/3853
f 2461/3874/3853 2472/3885/3864 2506/3919/3898
f 2507/3920/3899 2508/3921/3900 2509/3922/3901
f 2509/3922/3901 2510/3923/3902 2507/3920/3899
f 2511/3924/3903 2507/3920/3899 2510/3923/3902
f 2510/3923/3902 2512/3925/3904 2511/3924/3903
f 2513/3926/3905 2514/3927/3906 2515/3928/3907
f 2515/3928/3907 2516/3929/3908 2513/3926/3905
f 2514/3927/3906 2511/3924/3903 2512/3925/3904
f 2512/3925/3904 2515/3928/3907 2514/3927/3906
f 2508/3921/3900 2517/3930/3909 2518/3931/3910
f 2518/3931/3910 2509/3922/3901 2508/3921/3900
f 2517/3930/3909 2519/3932/3911 2520/3933/3912
f 2520/3933/3912 2518/3931/3910 2517/3930/3909
f 2519/3932/3911 2521/3934/3913 2522/3935/3914
f 2522/3935/3914 2520/3933/3912 2519/3932/3911
f 2521/3934/3913 2523/3936/3915 2524/3937/3916
f 2524/3937/3916 2522/3935/3914 2521/3934/3913
f 2523/3936/3915 2525/3938/3917 2526/3939/3918
f 2526/3939/3918 2524/3937/3916 2523/3936/3915
f 2527/3940/3919 2513/3926/3905 2516/3929/3908
f 2516/3929/3908 2528/3941/3920 2527/3940/3919
f 2525/3938/3917 2527/3940/3919 2528/3941/3920
f 2528/3941/3920 2526/3939/3918 2525/3938/3917
f 2510/3923/3902 2509/3922/3901 2529/3942/3921
f 2529/3942/3921 2530/3943/3922 2510/3923/3902
f 2512/3925/3904 2510/3923/3902 2530/3943/3922
f 2530/3943/3922 2531/3944/3923 2512/3925/3904
f 2516/3929/3908 2515/3928/3907 2532/3945/3924
f 2532/3945/3924 2533/3946/3925 2516/3929/3908
f 2515/3928/3907 2512/3925/3904 2531/3944/3923
f 2531/3944/3923 2532/3945/3924 2515/3928/3907
f 2509/3922/3901 2518/3931/3910 2534/3947/3926
f 2534/3947/3926 2529/3942/3921 2509/3922/3901
f 2518/3931/3910 2520/3933/3912 2535/3948/3927
f 2535/3948/3927 2534/3947/3926 2518/3931/3910
f 2520/3933/3912 2522/3935/3914 2536/3949/3928
f 2536/3949/3928 2535/3948/3927 2520/3933/3912
f 2522/3935/3914 2524/3937/3916 2537/3950/3929
f 2537/3950/3929 2536/3949/3928 2522/3935/3914
f 2524/3937/3916 2526/3939/3918 2538/3951/3930
f 2538/3951/3930 2537/3950/3929 2524/3937/3916
f 2528/3941/3920 2516/3929/3908 2533/3946/3925
f 2533/3946/3925 2539/3952/3931 2528/3941/3920
f 2526/3939/3918 2528/3941/3920 2539/3952/3931
f 2539/3952/3931 2538/3951/3930 2526/3939/3918
f 2530/3943/3922 2529/3942/3921 2540/3953/3932
f 2531/3944/3923 2530/3943/3922 2540/3953/3932
f 2533/3946/3925 2532/3945/3924 2540/3953/3932
f 2532/3945/3924 2531/3944/3923 2540/3953/3932
f 2529/3942/3921 2534/3947/3926 2540/3953/3932
f 2534/3947/3926 2535/3948/3927 2540/3953/3932
f 2535/3948/3927 2536/3949/3928 2540/3953/3932
f 2536/3949/3928 2537/3950/3929 2540/3953/3932
f 2537/3950/3929 2538/3951/3930 2540/3953/3932
f 2539/3952/3931 2533/3946/3925 2540/3953/3932
f 2538/3951/3930 2539/3952/3931 2540/3953/3932
f 2508/3921/3900 2507/3920/3899 2450/3863/3842
f 2450/3863/3842 2449/3862/3841 2508/3921/3900
f 2499/3912/3891 2450/3863/3842 2507/3920/3899
f 2507/3920/3899 2511/3924/3903 2499/3912/3891
f 2472/3885/3864 2501/3914/3893 2514/3927/3906
f 2514/3927/3906 2513/3926/3905 2472/3885/3864
f 2511/3924/3903 2514/3927/3906 2501/3914/3893
f 2501/3914/3893 2499/3912/3891 2511/3924/3903
f 2517/3930/3909 2508/3921/3900 2449/3862/3841
f 2449/3862/3841 2502/3915/3894 2517/3930/3909
f 2502/3915/3894 2503/3916/3895 2519/3932/3911
f 2519/3932/3911 2517/3930/3909 2502/3915/3894
f 2521/3934/3913 2519/3932/3911 2503/3916/3895
f 2503/3916/3895 2504/3917/3896 2521/3934/3913
f 2504/3917/3896 2505/3918/3897 2523/3936/3915
f 2523/3936/3915 2521/3934/3913 2504/3917/3896
f 2525/3938/3917 2523/3936/3915 2505/3918/3897
f 2505/3918/3897 2455/3868/3847 2525/3938/3917
f 2513/3926/3905 2527/3940/3919 2506/3919/3898
f 2506/3919/3898 2472/3885/3864 2513/3926/3905
f 2527/3940/3919 2525/3938/3917 2455/3868/3847
f 2455/3868/3847 2506/3919/3898 2527/3940/3919
f 2463/3876/3855 2462/3875/3854 2475/3888/3867
f 2475/3888/3867 2474/3887/3866 2463/3876/3855
f 2462/3875/3854 2464/3877/3856 2478/3891/3870
f 2478/3891/3870 2475/3888/3867 2462/3875/3854
f 2464/3877/3856 2465/3878/3857 2480/3893/3872
f 2480/3893/3872 2478/3891/3870 2464/3877/3856
f 2465/3878/3857 2466/3879/3858 2482/3895/3874
f 2482/3895/3874 2480/3893/3872 2465/3878/3857
f 2468/3881/3860 2467/3880/3859 2485/3898/3877
f 2485/3898/3877 2484/3897/3876 2468/3881/3860
f 2467/3880/3859 2471/3884/3863 2488/3901/3880
f 2488/3901/3880 2485/3898/3877 2467/3880/3859
f 2471/3884/3863 2473/3886/3865 2490/3903/3882
f 2490/3903/3882 2488/3901/3880 2471/3884/3863
f 2474/3887/3866 2490/3903/3882 2473/3886/3865
f 2473/3886/3865 2463/3876/3855 2474/3887/3866
f 2419/3832/3811 2418/3831/3810 2541/3954/3933
f 2541/3954/3933 2542/3955/3934 2419/3832/3811
f 2433/3846/3825 2432/3845/3824 2543/3956/3935
f 2543/3956/3935 2341/3957/3936 2433/3846/3825
f 2438/3851/3830 2437/3850/3829 2544/3958/3937
f 2544/3958/3937 2545/3959/3938 2438/3851/3830
f 2441/3854/3833 2440/3853/3832 2546/3960/3939
f 2546/3960/3939 2547/3961/3940 2441/3854/3833
f 2418/3831/3810 2443/3856/3835 2548/3962/3941
f 2548/3962/3941 2549/3963/3942 2418/3831/3810
f 2420/3833/3812 2419/3832/3811 2542/3955/3934
f 2542/3955/3934 2550/3964/3943 2420/3833/3812
f 2422/3835/3814 2420/3833/3812 2550/3964/3943
f 2550/3964/3943 2551/3965/3944 2422/3835/3814
f 2424/3837/3816 2422/3835/3814 2551/3965/3944
f 2551/3965/3944 2552/3966/3945 2424/3837/3816
f 2426/3839/3818 2424/3837/3816 2552/3966/3945
f 2552/3966/3945 2553/3967/3946 2426/3839/3818
f 2554/3968/3947 2555/3969/3948 2341/3970/3694
f 2544/3971/3949 2341/3970/3694 2555/3969/3948
f 2555/3969/3948 2545/3972/3950 2544/3971/3949
f 2546/3973/3951 2545/3972/3950 2555/3969/3948
f 2546/3973/3951 2555/3969/3948 2556/3974/3952
f 2546/3973/3951 2556/3974/3952 2547/3975/3953
f 2556/3974/3952 2557/3976/3954 2549/3977/3955
f 2556/3974/3952 2549/3977/3955 2548/3978/3956
f 2556/3974/3952 2548/3978/3956 2547/3975/3953
f 2543/3979/3957 2364/3980/3725 2554/3968/3947
f 2554/3968/3947 2341/3970/3694 2543/3979/3957
f 2556/3974/3952 2555/3969/3948 2558/3981/3958
f 2558/3981/3958 2559/3982/3959 2556/3974/3952
f 2557/3976/3954 2556/3974/3952 2559/3982/3959
f 2559/3982/3959 2560/3983/3960 2557/3976/3954
f 2558/3981/3958 2555/3969/3948 2554/3968/3947
f 2541/3984/3933 2557/3976/3961 2561/3985/3962
f 2561/3985/3962 2542/3986/3934 2541/3984/3933
f 2549/3977/3955 2557/3976/3954 2541/3984/3963
f 2557/3976/3961 2560/3983/3964 2562/3987/3965
f 2562/3987/3965 2561/3985/3962 2557/3976/3961
f 2542/3986/3934 2561/3985/3962 2563/3988/3966
f 2563/3988/3966 2550/3989/3943 2542/3986/3934
f 2561/3985/3962 2562/3987/3965 2564/3990/3967
f 2564/3990/3967 2563/3988/3966 2561/3985/3962
f 2550/3989/3943 2563/3988/3966 2552/3991/3945
f 2552/3991/3945 2551/3992/3944 2550/3989/3943
f 2563/3988/3966 2564/3990/3967 2553/3993/3946
f 2553/3993/3946 2552/3991/3945 2563/3988/3966
f 2549/3963/3942 2541/3954/3933 2418/3831/3810
f 2565/3994/3968 2566/3995/3969 2567/3996/3970
f 2567/3996/3970 2568/3997/3971 2565/3994/3968
f 2568/3997/3971 2567/3996/3970 2569/3998/3972
f 2569/3998/3972 2570/3999/3973 2568/3997/3971
f 2570/3999/3973 2569/3998/3972 2571/4000/3974
f 2571/4000/3974 2572/4001/3975 2570/3999/3973
f 2572/4001/3975 2571/4000/3974 2425/4002/3817
f 2425/4002/3817 2426/4003/3818 2572/4001/3975
f 2566/3995/3969 2573/4004/3976 2574/4005/3977
f 2574/4005/3977 2567/3996/3970 2566/3995/3969
f 2567/3996/3970 2574/4005/3977 2575/4006/3978
f 2575/4006/3978 2569/3998/3972 2567/3996/3970
f 2569/3998/3972 2575/4006/3978 2576/4007/3979
f 2576/4007/3979 2571/4000/3974 2569/3998/3972
f 2571/4000/3974 2576/4007/3979 2431/4008/3823
f 2431/4008/3823 2425/4002/3817 2571/4000/3974
f 2436/3849/3828 2435/3848/3827 2577/4009/3980
f 2577/4009/3980 2578/4010/3981 2579/4011/3982
f 2436/3849/3828 2577/4009/3980 2579/4011/3982
f 2580/4012/3983 2581/4013/3984 2582/4014/3985
f 2577/4009/3980 2580/4012/3983 2582/4014/3985
f 2578/4010/3981 2577/4009/3980 2582/4014/3985
f 2583/4015/3986 2581/4013/3984 2580/4012/3983
f 2583/4015/3986 2580/4012/3983 2584/4016/3987
f 2583/4015/3986 2584/4016/3987 2585/4017/3988
f 2573/4004/3976 2566/3995/3969 2586/4018/3989
f 2584/4016/3987 2573/4004/3976 2586/4018/3989
f 2585/4017/3988 2584/4016/3987 2586/4018/3989
f 2573/4004/3976 2587/4019/3990 2588/4020/3991
f 2588/4020/3991 2574/4005/3977 2573/4004/3976
f 2574/4005/3977 2588/4020/3991 2589/4021/3992
f 2589/4021/3992 2575/4006/3978 2574/4005/3977
f 2575/4006/3978 2589/4021/3992 2590/4022/3993
f 2590/4022/3993 2576/4007/3979 2575/4006/3978
f 2576/4007/3979 2590/4022/3993 2447/4023/3839
f 2447/4023/3839 2431/4008/3823 2576/4007/3979
f 2591/4024/3994 2454/3867/3846 2453/3866/3845
f 2453/3866/3845 2592/4025/3995 2591/4024/3994
f 2593/4026/3996 2594/4027/3997 2577/4009/3980
f 2577/4009/3980 2435/3848/3827 2593/4026/3996
f 2584/4016/3987 2595/4028/3998 2587/4019/3990
f 2587/4019/3990 2573/4004/3976 2584/4016/3987
f 2587/4019/3990 2596/4029/3999 2597/4030/4000
f 2597/4030/4000 2588/4020/3991 2587/4019/3990
f 2588/4020/3991 2597/4030/4000 2598/4031/4001
f 2598/4031/4001 2589/4021/3992 2588/4020/3991
f 2589/4021/3992 2598/4031/4001 2599/4032/4002
f 2599/4032/4002 2590/4022/3993 2589/4021/3992
f 2590/4022/3993 2599/4032/4002 2460/4033/3852
f 2460/4033/3852 2447/4023/3839 2590/4022/3993
f 2595/4028/3998 2600/4034/4003 2596/4029/3999
f 2596/4029/3999 2587/4019/3990 2595/4028/3998
f 2596/4029/3999 2601/4035/4004 2602/4036/4005
f 2602/4036/4005 2597/4030/4000 2596/4029/3999
f 2597/4030/4000 2602/4036/4005 2603/4037/4006
f 2603/4037/4006 2598/4031/4001 2597/4030/4000
f 2598/4031/4001 2603/4037/4006 2604/4038/4007
f 2604/4038/4007 2599/4032/4002 2598/4031/4001
f 2599/4032/4002 2604/4038/4007 2466/4039/3858
f 2466/4039/3858 2460/4033/3852 2599/4032/4002
f 2469/3882/3861 2468/3881/3860 2605/4040/4008
f 2605/4040/4008 2606/4041/4009 2469/3882/3861
f 2606/4041/4009 2605/4040/4008 2607/4042/4010
f 2607/4042/4010 2608/4043/4011 2606/4041/4009
f 2608/4043/4011 2607/4042/4010 2609/4044/4012
f 2609/4044/4012 2600/4034/4003 2608/4043/4011
f 2600/4034/4003 2609/4044/4012 2601/4035/4004
f 2601/4035/4004 2596/4029/3999 2600/4034/4003
f 2610/4045/4013 2611/4046/4014 2612/4047/4015
f 2612/4047/4015 2613/4048/4016 2610/4045/4013
f 2614/4049/4017 2615/4050/4018 2611/4046/4014
f 2611/4046/4014 2610/4045/4013 2614/4049/4017
f 2616/4051/4019 2617/4052/4020 2615/4050/4018
f 2615/4050/4018 2614/4049/4017 2616/4051/4019
f 2483/4053/3875 2482/4054/3874 2617/4052/4020
f 2617/4052/4020 2616/4051/4019 2483/4053/3875
f 2618/4055/4021 2619/4056/4022 2484/3897/3876
f 2484/3897/3876 2487/3900/3879 2618/4055/4021
f 2620/4057/4023 2621/4058/4024 2619/4056/4022
f 2619/4056/4022 2618/4055/4021 2620/4057/4023
f 2622/4059/4025 2623/4060/4026 2621/4058/4024
f 2621/4058/4024 2620/4057/4023 2622/4059/4025
f 2613/4048/4016 2612/4047/4015 2623/4060/4026
f 2623/4060/4026 2622/4059/4025 2613/4048/4016
f 2613/4048/4016 2624/4061/4027 2610/4045/4013
f 2625/4062/4028 2614/4049/4017 2610/4045/4013
f 2610/4045/4013 2624/4061/4027 2625/4062/4028
f 2626/4063/4029 2616/4051/4019 2614/4049/4017
f 2614/4049/4017 2625/4062/4028 2626/4063/4029
f 2495/4064/3887 2483/4053/3875 2616/4051/4019
f 2616/4051/4019 2626/4063/4029 2495/4064/3887
f 2627/4065/4030 2618/4055/4021 2487/3900/3879
f 2487/3900/3879 2497/3910/3889 2627/4065/4030
f 2628/4066/4031 2620/4057/4023 2618/4055/4021
f 2618/4055/4021 2627/4065/4030 2628/4066/4031
f 2624/4061/4027 2622/4059/4025 2620/4057/4023
f 2620/4057/4023 2628/4066/4031 2624/4061/4027
f 2622/4059/4025 2624/4061/4027 2613/4048/4016
f 2453/3866/3845 2500/3913/3892 2629/4067/4032
f 2629/4067/4032 2592/4025/3995 2453/3866/3845
f 2629/4067/4032 2500/3913/3892 2469/3882/3861
f 2469/3882/3861 2606/4041/4009 2629/4067/4032
f 2630/4068/4033 2629/4067/4032 2606/4041/4009
f 2606/4041/4009 2608/4043/4011 2630/4068/4033
f 2631/4069/4034 2632/4070/4035 2580/4012/3983
f 2631/4069/4034 2580/4012/3983 2577/4009/3980
f 2631/4069/4034 2577/4009/3980 2633/4071/4036
f 2634/4072/4037 2595/4028/3998 2584/4016/3987
f 2635/4073/4038 2634/4072/4037 2584/4016/3987
f 2635/4073/4038 2584/4016/3987 2580/4012/3983
f 2635/4073/4038 2580/4012/3983 2632/4070/4035
f 2600/4034/4003 2595/4028/3998 2636/4074/4039
f 2636/4074/4039 2608/4043/4011 2600/4034/4003
f 2637/4075/4040 2638/4076/4041 2639/4077/4042
f 2639/4077/4042 2640/4078/4043 2637/4075/4040
f 2640/4078/4043 2639/4077/4042 2641/4079/4044
f 2641/4079/4044 2642/4080/4045 2640/4078/4043
f 2643/4081/4046 2644/4082/4047 2645/4083/4048
f 2645/4083/4048 2646/4084/4049 2643/4081/4046
f 2642/4080/4045 2641/4079/4044 2644/4082/4047
f 2644/4082/4047 2643/4081/4046 2642/4080/4045
f 2647/4085/4050 2648/4086/4051 2638/4076/4041
f 2638/4076/4041 2637/4075/4040 2647/4085/4050
f 2649/4087/4052 2650/4088/4053 2648/4086/4051
f 2648/4086/4051 2647/4085/4050 2649/4087/4052
f 2651/4089/4054 2652/4090/4055 2650/4088/4053
f 2650/4088/4053 2649/4087/4052 2651/4089/4054
f 2653/4091/4056 2654/4092/4057 2652/4090/4055
f 2652/4090/4055 2651/4089/4054 2653/4091/4056
f 2655/4093/4058 2656/4094/4059 2654/4092/4057
f 2654/4092/4057 2653/4091/4056 2655/4093/4058
f 2646/4084/4049 2645/4083/4048 2657/4095/4060
f 2657/4095/4060 2658/4096/4061 2646/4084/4049
f 2658/4096/4061 2657/4095/4060 2656/4094/4059
f 2656/4094/4059 2655/4093/4058 2658/4096/4061
f 2659/4097/4062 2637/4075/4040 2640/4078/4043
f 2640/4078/4043 2660/4098/4063 2659/4097/4062
f 2660/4098/4063 2640/4078/4043 2642/4080/4045
f 2642/4080/4045 2661/4099/4064 2660/4098/4063
f 2662/4100/4065 2643/4081/4046 2646/4084/4049
f 2646/4084/4049 2663/4101/4066 2662/4100/4065
f 2661/4099/4064 2642/4080/4045 2643/4081/4046
f 2643/4081/4046 2662/4100/4065 2661/4099/4064
f 2664/4102/4067 2647/4085/4050 2637/4075/4040
f 2637/4075/4040 2659/4097/4062 2664/4102/4067
f 2665/4103/4068 2649/4087/4052 2647/4085/4050
f 2647/4085/4050 2664/4102/4067 2665/4103/4068
f 2666/4104/4069 2651/4089/4054 2649/4087/4052
f 2649/4087/4052 2665/4103/4068 2666/4104/4069
f 2667/4105/4070 2653/4091/4056 2651/4089/4054
f 2651/4089/4054 2666/4104/4069 2667/4105/4070
f 2668/4106/4071 2655/4093/4058 2653/4091/4056
f 2653/4091/4056 2667/4105/4070 2668/4106/4071
f 2663/4101/4066 2646/4084/4049 2658/4096/4061
f 2658/4096/4061 2669/4107/4072 2663/4101/4066
f 2669/4107/4072 2658/4096/4061 2655/4093/4058
f 2655/4093/4058 2668/4106/4071 2669/4107/4072
f 2660/4098/4063 2670/4108/4073 2659/4097/4062
f 2661/4099/4064 2670/4108/4073 2660/4098/4063
f 2663/4101/4066 2670/4108/4073 2662/4100/4065
f 2662/4100/4065 2670/4108/4073 2661/4099/4064
f 2659/4097/4062 2670/4108/4073 2664/4102/4067
f 2664/4102/4067 2670/4108/4073 2665/4103/4068
f 2665/4103/4068 2670/4108/4073 2666/4104/4069
f 2666/4104/4069 2670/4108/4073 2667/4105/4070
f 2667/4105/4070 2670/4108/4073 2668/4106/4071
f 2669/4107/4072 2670/4108/4073 2663/4101/4066
f 2668/4106/4071 2670/4108/4073 2669/4107/4072
f 2592/4025/3995 2639/4077/4042 2638/4076/4041
f 2638/4076/4041 2633/4071/4036 2592/4025/3995
f 2639/4077/4042 2592/4025/3995 2629/4067/4032
f 2629/4067/4032 2641/4079/4044 2639/4077/4042
f 2644/4082/4047 2630/4068/4033 2608/4043/4011
f 2608/4043/4011 2645/4083/4048 2644/4082/4047
f 2630/4068/4033 2644/4082/4047 2641/4079/4044
f 2641/4079/4044 2629/4067/4032 2630/4068/4033
f 2633/4071/4036 2638/4076/4041 2648/4086/4051
f 2648/4086/4051 2631/4069/4034 2633/4071/4036
f 2650/4088/4053 2632/4070/4035 2631/4069/4034
f 2631/4069/4034 2648/4086/4051 2650/4088/4053
f 2632/4070/4035 2650/4088/4053 2652/4090/4055
f 2652/4090/4055 2635/4073/4038 2632/4070/4035
f 2654/4092/4057 2634/4072/4037 2635/4073/4038
f 2635/4073/4038 2652/4090/4055 2654/4092/4057
f 2634/4072/4037 2654/4092/4057 2656/4094/4059
f 2656/4094/4059 2595/4028/3998 2634/4072/4037
f 2636/4074/4039 2657/4095/4060 2645/4083/4048
f 2645/4083/4048 2608/4043/4011 2636/4074/4039
f 2595/4028/3998 2656/4094/4059 2657/4095/4060
f 2657/4095/4060 2636/4074/4039 2595/4028/3998
f 2611/4046/4014 2602/4036/4005 2601/4035/4004
f 2601/4035/4004 2612/4047/4015 2611/4046/4014
f 2615/4050/4018 2603/4037/4006 2602/4036/4005
f 2602/4036/4005 2611/4046/4014 2615/4050/4018
f 2617/4052/4020 2604/4038/4007 2603/4037/4006
f 2603/4037/4006 2615/4050/4018 2617/4052/4020
f 2482/4054/3874 2466/4039/3858 2604/4038/4007
f 2604/4038/4007 2617/4052/4020 2482/4054/3874
f 2619/4056/4022 2605/4040/4008 2468/3881/3860
f 2468/3881/3860 2484/3897/3876 2619/4056/4022
f 2621/4058/4024 2607/4042/4010 2605/4040/4008
f 2605/4040/4008 2619/4056/4022 2621/4058/4024
f 2623/4060/4026 2609/4044/4012 2607/4042/4010
f 2607/4042/4010 2621/4058/4024 2623/4060/4026
f 2609/4044/4012 2623/4060/4026 2612/4047/4015
f 2612/4047/4015 2601/4035/4004 2609/4044/4012
f 2671/4109/4074 2566/3995/3969 2565/3994/3968
f 2565/3994/3968 2672/4110/4075 2671/4109/4074
f 2673/4111/4076 2579/4011/3982 2578/4010/3981
f 2578/4010/3981 2394/4112/4077 2673/4111/4076
f 2579/4011/3982 2673/4111/4076 2364/4113/4078
f 2364/4113/4078 2436/3849/3828 2579/4011/3982
f 2674/4114/4079 2582/4014/3985 2581/4013/3984
f 2581/4013/3984 2675/4115/4080 2674/4114/4079
f 2582/4014/3985 2674/4114/4079 2394/4112/4077
f 2394/4112/4077 2578/4010/3981 2582/4014/3985
f 2676/4116/4081 2583/4015/3986 2585/4017/3988
f 2585/4017/3988 2677/4117/4082 2676/4116/4081
f 2583/4015/3986 2676/4116/4081 2675/4115/4080
f 2675/4115/4080 2581/4013/3984 2583/4015/3986
f 2399/4118/4083 2586/4018/3989 2566/3995/3969
f 2566/3995/3969 2678/4119/4084 2399/4118/4083
f 2586/4018/3989 2399/4118/4083 2677/4117/4082
f 2677/4117/4082 2585/4017/3988 2586/4018/3989
f 2672/4110/4075 2565/3994/3968 2568/3997/3971
f 2568/3997/3971 2679/4120/4085 2672/4110/4075
f 2679/4120/4085 2568/3997/3971 2570/3999/3973
f 2570/3999/3973 2680/4121/4086 2679/4120/4085
f 2680/4121/4086 2570/3999/3973 2572/4001/3975
f 2572/4001/3975 2681/4122/4087 2680/4121/4086
f 2681/4122/4087 2572/4001/3975 2426/4003/3818
f 2426/4003/3818 2553/4123/3946 2681/4122/4087
f 2554/3968/3947 2394/4124/3767 2682/4125/4088
f 2674/4126/4089 2675/4127/4090 2682/4125/4088
f 2682/4125/4088 2394/4124/3767 2674/4126/4089
f 2682/4125/4088 2675/4127/4090 2676/4128/4091
f 2676/4128/4091 2677/4129/4092 2683/4130/4093
f 2682/4125/4088 2676/4128/4091 2683/4130/4093
f 2683/4130/4093 2677/4129/4092 2399/4131/4094
f 2399/4131/4094 2678/4132/4095 2684/4133/4096
f 2683/4130/4093 2399/4131/4094 2684/4133/4096
f 2673/4134/4097 2394/4124/3767 2554/3968/3947
f 2554/3968/3947 2364/3980/3725 2673/4134/4097
f 2558/3981/3958 2682/4125/4088 2683/4130/4093
f 2683/4130/4093 2559/3982/3959 2558/3981/3958
f 2559/3982/3959 2683/4130/4093 2684/4133/4096
f 2684/4133/4096 2560/3983/3960 2559/3982/3959
f 2558/3981/3958 2554/3968/3947 2682/4125/4088
f 2685/4135/4098 2684/4133/4099 2671/4136/4074
f 2671/4136/4074 2672/4137/4075 2685/4135/4098
f 2678/4132/4095 2671/4136/4100 2684/4133/4096
f 2562/3987/3965 2560/3983/3964 2684/4133/4099
f 2684/4133/4099 2685/4135/4098 2562/3987/3965
f 2686/4138/4101 2685/4135/4098 2672/4137/4075
f 2672/4137/4075 2679/4139/4085 2686/4138/4101
f 2564/3990/3967 2562/3987/3965 2685/4135/4098
f 2685/4135/4098 2686/4138/4101 2564/3990/3967
f 2681/4140/4087 2686/4138/4101 2679/4139/4085
f 2679/4139/4085 2680/4141/4086 2681/4140/4087
f 2553/3993/3946 2564/3990/3967 2686/4138/4101
f 2686/4138/4101 2681/4140/4087 2553/3993/3946
f 2678/4119/4084 2566/3995/3969 2671/4109/4074
f 2492/4142/3884 2493/4143/3885 2687/4144/4102
f 2493/4143/3885 2494/4145/3886 2688/4146/4103
f 2688/4146/4103 2687/4144/4102 2493/4143/3885
f 2494/4145/3886 2495/4147/3887 2688/4146/4103
f 2495/4147/3887 2626/4148/4029 2688/4146/4103
f 2626/4148/4029 2625/4149/4028 2689/4150/4104
f 2689/4150/4104 2688/4146/4103 2626/4148/4029
f 2625/4149/4028 2624/4151/4027 2689/4150/4104
f 2624/4151/4027 2628/4152/4031 2690/4153/4105
f 2690/4153/4105 2689/4150/4104 2624/4151/4027
f 2628/4152/4031 2627/4154/4030 2690/4153/4105
f 2627/4154/4030 2497/4155/3889 2690/4153/4105
f 2497/4155/3889 2496/4156/3888 2691/4157/4106
f 2691/4157/4106 2690/4153/4105 2497/4155/3889
f 2496/4156/3888 2498/4158/3890 2691/4157/4106
f 2498/4158/3890 2492/4142/3884 2687/4144/4102
f 2687/4144/4102 2691/4157/4106 2498/4158/3890
f 2688/4159/4107 2692/4160/4108 2693/4161/4109
f 2693/4161/4109 2687/4162/4110 2688/4159/4107
f 2688/4159/4111 2689/4163/4111 2694/4164/4112
f 2694/4164/4112 2692/4160/4113 2688/4159/4111
f 2689/4163/4114 2690/4165/4115 2695/4166/4116
f 2695/4166/4116 2694/4164/4117 2689/4163/4114
f 2696/4167/4118 2695/4166/4116 2690/4165/4115
f 2691/4168/4119 2697/4169/4120 2696/4167/4118
f 2696/4167/4118 2690/4165/4115 2691/4168/4119
f 2687/4162/4121 2693/4161/4122 2697/4170/4120
f 2697/4170/4120 2691/4171/4119 2687/4162/4121
f 2698/4172/4123 2699/4173/4124 2700/4174/4125
f 2700/4174/4125 2701/4175/4126 2698/4172/4123
f 2699/4173/4127 2702/4176/4128 2703/4177/4129
f 2703/4177/4129 2700/4174/4130 2699/4173/4127
f 2702/4176/4131 2704/4178/4132 2705/4179/4133
f 2705/4179/4133 2703/4177/4134 2702/4176/4131
f 2704/4178/4132 2706/4180/4135 2707/4181/4136
f 2707/4181/4136 2705/4179/4133 2704/4178/4132
f 2706/4180/4135 2708/4182/4137 2709/4183/4138
f 2709/4183/4138 2707/4181/4136 2706/4180/4135
f 2708/4184/4137 2698/4172/4139 2701/4175/4140
f 2701/4175/4140 2709/4185/4138 2708/4184/4137
f 2701/4186/4141 2700/4187/4142 2710/4188/4143
f 2700/4187/4142 2703/4189/4144 2710/4188/4143
f 2703/4189/4144 2705/4190/4145 2710/4188/4143
f 2705/4190/4145 2707/4191/4146 2710/4188/4143
f 2707/4191/4146 2709/4192/4147 2710/4188/4143
f 2709/4192/4147 2701/4186/4141 2710/4188/4143
f 2594/4027/3997 2593/4026/3996 2454/3867/3846
f 2454/3867/3846 2591/4024/3994 2594/4027/3997
f 2452/3865/3844 2451/3864/3843 2454/3867/3846
f 2454/3867/3846 2593/4026/3996 2452/3865/3844
f 2364/4113/4078 2543/3956/3935 2432/3845/3824
f 2432/3845/3824 2436/3849/3828 2364/4113/4078
f 2341/3957/3936 2544/3958/3937 2437/3850/3829
f 2437/3850/3829 2433/3846/3825 2341/3957/3936
f 2545/3959/3938 2546/3960/3939 2440/3853/3832
f 2440/3853/3832 2438/3851/3830 2545/3959/3938
f 2547/3961/3940 2548/3962/3941 2443/3856/3835
f 2443/3856/3835 2441/3854/3833 2547/3961/3940
f 2429/3842/3821 2430/3843/3822 2448/3861/3840
f 2448/3861/3840 2446/3859/3838 2429/3842/3821
f 2711/4193/4148 2712/4194/4149 2713/4195/4150
f 2713/4195/4150 2714/4196/4151 2711/4193/4148
f 2714/4196/4152 2713/4195/4153 2715/4197/4154
f 2715/4197/4154 2716/4198/4155 2714/4196/4152
f 2712/4194/4149 2717/4199/4156 2718/4200/4157
f 2718/4200/4157 2713/4195/4150 2712/4194/4149
f 2713/4195/4153 2718/4200/4158 2719/4201/4159
f 2719/4201/4159 2715/4197/4154 2713/4195/4153
f 2720/4202/4160 2711/4193/4161 2714/4196/4162
f 2714/4196/4162 2716/4203/4163 2720/4202/4160
f 2721/4204/4164 2712/4194/4165 2711/4193/4166
f 2711/4193/4166 2720/4205/4167 2721/4204/4164
f 2719/4206/4168 2718/4207/4169 2717/4199/4170
f 2717/4199/4170 2722/4208/4171 2719/4206/4168
f 2722/4208/4172 2717/4199/4172 2712/4194/4165
f 2712/4194/4165 2721/4204/4164 2722/4208/4172
f 2721/4204/4173 2715/4209/4174 2719/4210/4175
f 2719/4210/4175 2722/4208/4176 2721/4204/4173
f 2721/4204/4173 2720/4205/4177 2716/4211/4178
f 2716/4211/4178 2715/4209/4174 2721/4204/4173
f 2723/4212/4179 2724/4213/4180 2725/4214/4181
f 2725/4214/4181 2726/4215/4182 2723/4212/4179
f 2727/4216/4183 2723/4217/4184 2726/4218/4185
f 2726/4218/4185 2728/4219/4186 2727/4216/4183
f 2729/4220/4187 2730/4221/4188 2724/4213/4180
f 2724/4213/4180 2723/4212/4179 2729/4220/4187
f 2731/4222/4189 2729/4223/4190 2723/4217/4184
f 2723/4217/4184 2727/4216/4183 2731/4222/4189
f 2726/4224/4191 2725/4214/4192 2732/4225/4193
f 2732/4225/4193 2728/4226/4194 2726/4224/4191
f 2725/4214/4195 2724/4213/4196 2733/4227/4197
f 2733/4227/4197 2732/4225/4198 2725/4214/4195
f 2730/4228/4199 2729/4229/4200 2731/4222/4201
f 2731/4222/4201 2734/4230/4202 2730/4228/4199
f 2724/4213/4196 2730/4221/4203 2734/4230/4203
f 2734/4230/4203 2733/4227/4197 2724/4213/4196
f 2731/4222/4204 2727/4216/4205 2733/4227/4206
f 2733/4227/4206 2734/4230/4207 2731/4222/4204
f 2728/4219/4208 2732/4225/4209 2733/4227/4206
f 2733/4227/4206 2727/4216/4205 2728/4219/4208
f 2591/4024/3994 2592/4025/3995 2633/4071/4036
f 2633/4071/4036 2577/4009/3980 2594/4027/3997
f 2594/4027/3997 2591/4024/3994 2633/4071/4036
f 2434/3847/3826 2452/3865/3844 2593/4026/3996
f 2593/4026/3996 2435/3848/3827 2434/3847/3826
f 2692/4160/4108 2735/4231/4210 2736/4232/4211
f 2736/4232/4211 2693/4161/4109 2692/4160/4108
f 2737/4233/4212 2735/4231/4213 2692/4160/4113
f 2692/4160/4113 2694/4164/4112 2737/4233/4212
f 2738/4234/4214 2737/4233/4215 2694/4164/4117
f 2694/4164/4117 2695/4166/4116 2738/4234/4214
f 2739/4235/4216 2738/4234/4214 2695/4166/4116
f 2695/4166/4116 2696/4167/4118 2739/4235/4216
f 2697/4169/4120 2740/4236/4217 2739/4235/4216
f 2739/4235/4216 2696/4167/4118 2697/4169/4120
f 2693/4161/4122 2736/4232/4218 2740/4237/4217
f 2740/4237/4217 2697/4170/4120 2693/4161/4122
f 2735/4231/4210 2699/4173/4124 2698/4172/4123
f 2698/4172/4123 2736/4232/4211 2735/4231/4210
f 2702/4176/4128 2699/4173/4127 2735/4231/4213
f 2735/4231/4213 2737/4233/4212 2702/4176/4128
f 2704/4178/4132 2702/4176/4131 2737/4233/4215
f 2737/4233/4215 2738/4234/4214 2704/4178/4132
f 2706/4180/4135 2704/4178/4132 2738/4234/4214
f 2738/4234/4214 2739/4235/4216 2706/4180/4135
f 2740/4236/4217 2708/4182/4137 2706/4180/4135
f 2706/4180/4135 2739/4235/4216 2740/4236/4217
f 2736/4232/4218 2698/4172/4139 2708/4184/4137
f 2708/4184/4137 2740/4237/4217 2736/4232/4218
f 2741/4238/4219 2742/4239/4220 2743/4240/4221
f 2743/4240/4221 2744/4241/4222 2741/4238/4219
f 2742/4239/4220 2745/4242/4223 2746/4243/4224
f 2746/4243/4224 2743/4240/4221 2742/4239/4220
f 2745/4242/4223 2747/4244/4225 2748/4245/4226
f 2748/4245/4226 2746/4243/4224 2745/4242/4223
f 2747/4244/4225 2445/4246/3837 2749/4247/4227
f 2749/4247/4227 2748/4245/4226 2747/4244/4225
f 2445/4246/3837 2750/4248/4228 2751/4249/4229
f 2751/4249/4229 2749/4247/4227 2445/4246/3837
f 2750/4248/4228 2752/4250/4230 2753/4251/4231
f 2753/4251/4231 2751/4249/4229 2750/4248/4228
f 2752/4250/4230 2754/4252/4232 2755/4253/4233
f 2755/4253/4233 2753/4251/4231 2752/4250/4230
f 2754/4254/4232 2741/4238/4219 2744/4241/4222
f 2744/4241/4222 2755/4255/4233 2754/4254/4232
f 2744/4256/4234 2743/4257/4235 2756/4258/4235
f 2756/4258/4235 2757/4259/4234 2744/4256/4234
f 2743/4257/4235 2746/4260/4236 2758/4261/4236
f 2758/4261/4236 2756/4258/4235 2743/4257/4235
f 2746/4260/4236 2748/4262/4237 2759/4263/4237
f 2759/4263/4237 2758/4261/4236 2746/4260/4236
f 2748/4262/4237 2749/4264/4238 2760/4265/4238
f 2760/4265/4238 2759/4263/4237 2748/4262/4237
f 2749/4264/4238 2751/4266/4239 2761/4267/4239
f 2761/4267/4239 2760/4265/4238 2749/4264/4238
f 2751/4266/4239 2753/4268/4240 2762/4269/4240
f 2762/4269/4240 2761/4267/4239 2751/4266/4239
f 2753/4268/4240 2755/4270/4241 2763/4271/4241
f 2763/4271/4241 2762/4269/4240 2753/4268/4240
f 2755/4270/4241 2744/4256/4234 2757/4259/4234
f 2757/4259/4234 2763/4271/4241 2755/4270/4241
f 2757/4272/4242 2756/4273/4243 2764/4274/4243
f 2764/4274/4243 2765/4275/4242 2757/4272/4242
f 2756/4273/4243 2758/4276/4244 2766/4277/4244
f 2766/4277/4244 2764/4274/4243 2756/4273/4243
f 2758/4276/4244 2759/4278/4245 2767/4279/4245
f 2767/4279/4245 2766/4277/4244 2758/4276/4244
f 2759/4278/4245 2760/4280/4246 2768/4281/4246
f 2768/4281/4246 2767/4279/4245 2759/4278/4245
f 2760/4280/4246 2761/4282/4247 2769/4283/4247
f 2769/4283/4247 2768/4281/4246 2760/4280/4246
f 2761/4284/4247 2762/4285/4248 2770/4286/4248
f 2770/4286/4248 2769/4287/4247 2761/4284/4247
f 2762/4285/4248 2763/4288/4249 2771/4289/4249
f 2771/4289/4249 2770/4286/4248 2762/4285/4248
f 2763/4288/4249 2757/4272/4242 2765/4275/4242
f 2765/4275/4242 2771/4289/4249 2763/4288/4249
f 2765/4275/4250 2764/4274/4251 2772/4290/4252
f 2772/4290/4252 2773/4291/4253 2765/4275/4250
f 2764/4274/4251 2766/4277/4254 2774/4292/4255
f 2774/4292/4255 2772/4290/4252 2764/4274/4251
f 2766/4277/4254 2767/4279/4256 2775/4293/4257
f 2775/4293/4257 2774/4292/4255 2766/4277/4254
f 2767/4279/4256 2768/4281/4258 2776/4294/4259
f 2776/4294/4259 2775/4293/4257 2767/4279/4256
f 2768/4281/4258 2769/4283/4260 2777/4295/4261
f 2777/4295/4261 2776/4294/4259 2768/4281/4258
f 2769/4287/4260 2770/4286/4262 2778/4296/4263
f 2778/4296/4263 2777/4297/4261 2769/4287/4260
f 2770/4286/4262 2771/4289/4264 2779/4298/4265
f 2779/4298/4265 2778/4296/4263 2770/4286/4262
f 2771/4289/4264 2765/4275/4250 2773/4291/4253
f 2773/4291/4253 2779/4298/4265 2771/4289/4264
f 2772/4299/4266 2774/4300/4267 2780/4301/4268
f 2780/4301/4268 2773/4302/4269 2772/4299/4266
f 2780/4301/4268 2774/4300/4267 2775/4303/4270
f 2775/4303/4270 2776/4304/4271 2780/4301/4268
f 2779/4305/4272 2773/4302/4269 2780/4301/4268
f 2780/4301/4268 2778/4306/4273 2779/4305/4272
f 2777/4307/4274 2778/4306/4273 2780/4301/4268
f 2780/4301/4268 2776/4304/4271 2777/4307/4274
f 2781/4308/4275 2782/4309/4276 2783/4310/4277
f 2781/4308/4275 2783/4310/4277 2784/4311/4278
f 2781/4308/4275 2784/4311/4278 2785/4312/4279
f 2781/4308/4275 2786/4313/4280 2787/4314/4281
f 2781/4308/4275 2787/4314/4281 2788/4315/4282
f 2781/4308/4275 2788/4315/4282 2782/4309/4276
f 2782/4309/4276 2789/4316/4283 2790/4317/4284
f 2790/4317/4284 2783/4310/4277 2782/4309/4276
f 2783/4310/4277 2790/4317/4284 2791/4318/4285
f 2791/4318/4285 2784/4311/4278 2783/4310/4277
f 2784/4311/4278 2791/4318/4285 2792/4319/4286
f 2792/4319/4286 2785/4312/4279 2784/4311/4278
f 2793/4320/4287 2794/4321/4288 2795/4322/4289
f 2795/4322/4289 2787/4314/4281 2793/4320/4287
f 2787/4314/4281 2795/4322/4289 2796/4323/4290
f 2796/4323/4290 2788/4315/4282 2787/4314/4281
f 2788/4315/4282 2796/4323/4290 2789/4316/4283
f 2789/4316/4283 2782/4309/4276 2788/4315/4282
f 2789/4316/4283 2797/4324/4291 2798/4325/4292
f 2798/4325/4292 2790/4317/4284 2789/4316/4283
f 2790/4317/4284 2798/4325/4292 2799/4326/4293
f 2799/4326/4293 2791/4318/4285 2790/4317/4284
f 2800/4327/4294 2792/4319/4286 2791/4318/4285
f 2801/4328/4295 2802/4329/4296 2803/4330/4297
f 2803/4330/4297 2795/4322/4289 2801/4328/4295
f 2795/4322/4289 2803/4330/4297 2804/4331/4298
f 2804/4331/4298 2796/4323/4290 2795/4322/4289
f 2796/4323/4290 2804/4331/4298 2797/4324/4291
f 2797/4324/4291 2789/4316/4283 2796/4323/4290
f 2797/4324/4291 2805/4332/4299 2806/4333/4300
f 2806/4333/4300 2798/4325/4292 2797/4324/4291
f 2798/4325/4292 2806/4333/4300 2807/4334/4301
f 2807/4334/4301 2799/4326/4293 2798/4325/4292
f 2808/4335/4302 2800/4327/4294 2799/4326/4293
f 2809/4336/4303 2810/4337/4304 2811/4338/4305
f 2811/4338/4305 2803/4330/4297 2809/4336/4303
f 2803/4330/4297 2811/4338/4305 2812/4339/4306
f 2812/4339/4306 2804/4331/4298 2803/4330/4297
f 2804/4331/4298 2812/4339/4306 2805/4332/4299
f 2805/4332/4299 2797/4324/4291 2804/4331/4298
f 2813/4340/4307 2814/4341/4308 2806/4333/4300
f 2806/4333/4300 2805/4332/4299 2813/4340/4307
f 2806/4333/4300 2814/4341/4308 2815/4342/4309
f 2815/4342/4309 2807/4334/4301 2806/4333/4300
f 2807/4334/4301 2815/4342/4310 2816/4343/4311
f 2817/4344/4312 2818/4345/4313 2819/4346/4314
f 2819/4346/4314 2811/4338/4305 2817/4344/4312
f 2811/4338/4305 2819/4346/4314 2509/4347/4315
f 2509/4347/4315 2812/4339/4306 2811/4338/4305
f 2509/4347/4315 2813/4340/4307 2805/4332/4299
f 2805/4332/4299 2812/4339/4306 2509/4347/4315
f 2820/4348/4316 2814/4341/4308 2813/4340/4307
f 2820/4348/4316 2815/4342/4309 2814/4341/4308
f 2820/4348/4316 2819/4346/4314 2818/4345/4313
f 2820/4348/4316 2509/4347/4315 2819/4346/4314
f 2820/4348/4316 2813/4340/4307 2509/4347/4315
f 2802/4329/4296 2809/4336/4303 2803/4330/4297
f 2794/4321/4288 2801/4328/4295 2795/4322/4289
f 2810/4337/4304 2817/4344/4312 2811/4338/4305
f 2786/4313/4280 2793/4320/4287 2787/4314/4281
f 2781/4349/4275 2785/4350/4279 2800/4351/4294
f 2786/4352/4280 2781/4349/4275 2800/4351/4294
f 2785/4350/4279 2792/4353/4317 2800/4351/4294
f 2794/4354/4288 2793/4355/4287 2800/4351/4294
f 2802/4356/4296 2801/4357/4295 2800/4351/4294
f 2810/4358/4304 2809/4359/4303 2800/4351/4294
f 2808/4360/4318 2816/4361/4311 2800/4351/4294
f 2818/4362/4313 2817/4363/4312 2800/4351/4294
f 2816/4361/4311 2820/4364/4316 2800/4351/4294
f 2820/4364/4316 2818/4362/4313 2800/4351/4294
f 2809/4359/4303 2802/4356/4296 2800/4351/4294
f 2801/4357/4295 2794/4354/4288 2800/4351/4294
f 2817/4363/4312 2810/4358/4304 2800/4351/4294
f 2793/4355/4287 2786/4352/4280 2800/4351/4294
f 2821/4365/1265 2822/4366/4319 2823/4367/4320
f 2821/4365/1265 2823/4367/4320 2824/4368/4321
f 2821/4365/1265 2824/4368/4321 2825/4369/4322
f 2821/4365/1265 2825/4369/4322 2826/4370/4323
f 2821/4365/1265 2826/4370/4323 2827/4371/4324
f 2821/4365/1265 2827/4371/4324 2828/4372/4325
f 2821/4365/1265 2828/4372/4325 2829/4373/4326
f 2821/4365/1265 2829/4373/4326 2830/4374/4327
f 2821/4365/1265 2830/4374/4327 2831/4375/4328
f 2821/4365/1265 2831/4375/4328 2832/4376/4329
f 2821/4365/1265 2832/4376/4329 2833/4377/4330
f 2821/4365/1265 2833/4377/4330 2834/4378/4331
f 2821/4365/1265 2834/4378/4331 2835/4379/4332
f 2821/4365/1265 2835/4379/4332 2822/4366/4319
f 2836/4380/4333 2823/4367/4334 2822/4366/4335
f 2822/4366/4335 2837/4381/4336 2836/4380/4333
f 2838/4382/4337 2824/4368/4338 2823/4367/4334
f 2823/4367/4334 2836/4380/4333 2838/4382/4337
f 2839/4383/4339 2825/4369/4340 2824/4368/4338
f 2824/4368/4338 2838/4382/4337 2839/4383/4339
f 2840/4384/4341 2826/4370/4342 2825/4369/4340
f 2825/4369/4340 2839/4383/4339 2840/4384/4341
f 2841/4385/4343 2827/4371/4344 2826/4370/4342
f 2826/4370/4342 2840/4384/4341 2841/4385/4343
f 2842/4386/4345 2828/4372/4346 2827/4371/4344
f 2827/4371/4344 2841/4385/4343 2842/4386/4345
f 2843/4387/4347 2829/4373/4348 2828/4372/4346
f 2828/4372/4346 2842/4386/4345 2843/4387/4347
f 2844/4388/4349 2830/4374/4350 2829/4373/4348
f 2829/4373/4348 2843/4387/4347 2844/4388/4349
f 2845/4389/4351 2831/4375/4352 2830/4374/4350
f 2830/4374/4350 2844/4388/4349 2845/4389/4351
f 2846/4390/4353 2832/4376/4354 2831/4375/4352
f 2831/4375/4352 2845/4389/4351 2846/4390/4353
f 2847/4391/4355 2833/4377/4356 2832/4376/4354
f 2832/4376/4354 2846/4390/4353 2847/4391/4355
f 2848/4392/4357 2834/4378/4358 2833/4377/4356
f 2833/4377/4356 2847/4391/4355 2848/4392/4357
f 2849/4393/4359 2835/4379/4360 2834/4378/4358
f 2834/4378/4358 2848/4392/4357 2849/4393/4359
f 2837/4381/4336 2822/4366/4335 2835/4379/4360
f 2835/4379/4360 2849/4393/4359 2837/4381/4336
f 2850/4394/4361 2836/4380/4333 2837/4381/4336
f 2837/4381/4336 2851/4395/4362 2850/4394/4361
f 2852/4396/4363 2838/4382/4337 2836/4380/4333
f 2836/4380/4333 2850/4394/4361 2852/4396/4363
f 2853/4397/4364 2839/4383/4339 2838/4382/4337
f 2838/4382/4337 2852/4396/4363 2853/4397/4364
f 2854/4398/4365 2840/4384/4341 2839/4383/4339
f 2839/4383/4339 2853/4397/4364 2854/4398/4365
f 2855/4399/4366 2841/4385/4343 2840/4384/4341
f 2840/4384/4341 2854/4398/4365 2855/4399/4366
f 2856/4400/4367 2842/4386/4345 2841/4385/4343
f 2841/4385/4343 2855/4399/4366 2856/4400/4367
f 2857/4401/4368 2843/4387/4347 2842/4386/4345
f 2842/4386/4345 2856/4400/4367 2857/4401/4368
f 2858/4402/4369 2844/4388/4349 2843/4387/4347
f 2843/4387/4347 2857/4401/4368 2858/4402/4369
f 2859/4403/4370 2845/4389/4351 2844/4388/4349
f 2844/4388/4349 2858/4402/4369 2859/4403/4370
f 2860/4404/4371 2846/4390/4353 2845/4389/4351
f 2845/4389/4351 2859/4403/4370 2860/4404/4371
f 2861/4405/4372 2847/4391/4355 2846/4390/4353
f 2846/4390/4353 2860/4404/4371 2861/4405/4372
f 2862/4406/4373 2848/4392/4357 2847/4391/4355
f 2847/4391/4355 2861/4405/4372 2862/4406/4373
f 2863/4407/4374 2849/4393/4359 2848/4392/4357
f 2848/4392/4357 2862/4406/4373 2863/4407/4374
f 2851/4395/4362 2837/4381/4336 2849/4393/4359
f 2849/4393/4359 2863/4407/4374 2851/4395/4362
f 2864/4408/4375 2850/4394/4361 2851/4395/4362
f 2851/4395/4362 2865/4409/4376 2864/4408/4375
f 2866/4410/4377 2852/4396/4363 2850/4394/4361
f 2850/4394/4361 2864/4408/4375 2866/4410/4377
f 2867/4411/4378 2853/4397/4364 2852/4396/4363
f 2852/4396/4363 2866/4410/4377 2867/4411/4378
f 2868/4412/4379 2854/4398/4365 2853/4397/4364
f 2853/4397/4364 2867/4411/4378 2868/4412/4379
f 2869/4413/4380 2855/4399/4366 2854/4398/4365
f 2854/4398/4365 2868/4412/4379 2869/4413/4380
f 2870/4414/4381 2856/4400/4367 2855/4399/4366
f 2855/4399/4366 2869/4413/4380 2870/4414/4381
f 2871/4415/4382 2857/4401/4368 2856/4400/4367
f 2856/4400/4367 2870/4414/4381 2871/4415/4382
f 2872/4416/4383 2858/4402/4369 2857/4401/4368
f 2857/4401/4368 2871/4415/4382 2872/4416/4383
f 2873/4417/4384 2859/4403/4370 2858/4402/4369
f 2858/4402/4369 2872/4416/4383 2873/4417/4384
f 2874/4418/4385 2860/4404/4371 2859/4403/4370
f 2859/4403/4370 2873/4417/4384 2874/4418/4385
f 2875/4419/4386 2861/4405/4372 2860/4404/4371
f 2860/4404/4371 2874/4418/4385 2875/4419/4386
f 2876/4420/4387 2862/4406/4373 2861/4405/4372
f 2861/4405/4372 2875/4419/4386 2876/4420/4387
f 2877/4421/4388 2863/4407/4374 2862/4406/4373
f 2862/4406/4373 2876/4420/4387 2877/4421/4388
f 2865/4409/4376 2851/4395/4362 2863/4407/4374
f 2863/4407/4374 2877/4421/4388 2865/4409/4376
f 2878/4422/4389 2864/4408/4375 2865/4409/4376
f 2865/4409/4376 2879/4423/4390 2878/4422/4389
f 2880/4424/4391 2866/4410/4377 2864/4408/4375
f 2864/4408/4375 2878/4422/4389 2880/4424/4391
f 2533/4425/4392 2867/4411/4378 2866/4410/4377
f 2866/4410/4377 2880/4424/4391 2533/4425/4392
f 2881/4426/4393 2868/4412/4379 2867/4411/4378
f 2867/4411/4378 2533/4425/4392 2881/4426/4393
f 2536/4427/4394 2869/4413/4380 2868/4412/4379
f 2868/4412/4379 2881/4426/4393 2536/4427/4394
f 2882/4428/4395 2870/4414/4381 2869/4413/4380
f 2869/4413/4380 2536/4427/4394 2882/4428/4395
f 2883/4429/4396 2871/4415/4382 2870/4414/4381
f 2870/4414/4381 2882/4428/4395 2883/4429/4396
f 2884/4430/4397 2872/4416/4383 2871/4415/4382
f 2871/4415/4382 2883/4429/4396 2884/4430/4397
f 2885/4431/4398 2873/4417/4384 2872/4416/4383
f 2872/4416/4383 2884/4430/4397 2885/4431/4398
f 2886/4432/4399 2874/4418/4385 2873/4417/4384
f 2873/4417/4384 2885/4431/4398 2886/4432/4399
f 2887/4433/4400 2875/4419/4386 2874/4418/4385
f 2874/4418/4385 2886/4432/4399 2887/4433/4400
f 2888/4434/4401 2876/4420/4387 2875/4419/4386
f 2875/4419/4386 2887/4433/4400 2888/4434/4401
f 2889/4435/4402 2877/4421/4388 2876/4420/4387
f 2876/4420/4387 2888/4434/4401 2889/4435/4402
f 2879/4423/4390 2865/4409/4376 2877/4421/4388
f 2877/4421/4388 2889/4435/4402 2879/4423/4390
f 2890/4436/4403 2878/4422/4389 2879/4423/4390
f 2879/4423/4390 2891/4437/4404 2890/4436/4403
f 2892/4438/4405 2880/4424/4391 2878/4422/4389
f 2878/4422/4389 2890/4436/4403 2892/4438/4405
f 2893/4439/4406 2533/4425/4392 2880/4424/4391
f 2880/4424/4391 2892/4438/4405 2893/4439/4406
f 2894/4440/4407 2881/4426/4393 2533/4425/4392
f 2533/4425/4392 2893/4439/4406 2894/4440/4407
f 2895/4441/4408 2536/4427/4394 2881/4426/4393
f 2881/4426/4393 2894/4440/4407 2895/4441/4408
f 2896/4442/4409 2882/4428/4395 2536/4427/4394
f 2536/4427/4394 2895/4441/4408 2896/4442/4409
f 2897/4443/4410 2883/4429/4396 2882/4428/4395
f 2882/4428/4395 2896/4442/4409 2897/4443/4410
f 2898/4444/4411 2884/4430/4397 2883/4429/4396
f 2883/4429/4396 2897/4443/4410 2898/4444/4411
f 2899/4445/4412 2885/4431/4398 2884/4430/4397
f 2884/4430/4397 2898/4444/4411 2899/4445/4412
f 2900/4446/4413 2886/4432/4399 2885/4431/4398
f 2885/4431/4398 2899/4445/4412 2900/4446/4413
f 2901/4447/4414 2887/4433/4400 2886/4432/4399
f 2886/4432/4399 2900/4446/4413 2901/4447/4414
f 2902/4448/4415 2888/4434/4401 2887/4433/4400
f 2887/4433/4400 2901/4447/4414 2902/4448/4415
f 2903/4449/4416 2889/4435/4402 2888/4434/4401
f 2888/4434/4401 2902/4448/4415 2903/4449/4416
f 2891/4437/4404 2879/4423/4390 2889/4435/4402
f 2889/4435/4402 2903/4449/4416 2891/4437/4404
f 2820/4450/4316 2904/4451/4417 2905/4452/4418
f 2820/4450/4316 2905/4452/4418 2816/4453/4311
f 2820/4450/4316 2816/4453/4311 2815/4454/4310
f 2820/4450/4316 2906/4455/4419 2907/4456/4420
f 2820/4450/4316 2907/4456/4420 2511/4457/4421
f 2820/4450/4316 2511/4457/4421 2904/4451/4417
f 2904/4451/4417 2908/4458/4422 2909/4459/4423
f 2909/4459/4423 2905/4452/4418 2904/4451/4417
f 2905/4452/4418 2909/4459/4423 2808/4460/4302
f 2808/4460/4302 2816/4453/4311 2905/4452/4418
f 2816/4453/4311 2808/4460/4302 2807/4461/4301
f 2910/4462/4424 2911/4463/4425 2912/4464/4426
f 2912/4464/4426 2907/4456/4420 2910/4462/4424
f 2907/4456/4420 2912/4464/4426 2913/4465/4427
f 2913/4465/4427 2511/4457/4421 2907/4456/4420
f 2511/4457/4421 2913/4465/4427 2908/4458/4422
f 2908/4458/4422 2904/4451/4417 2511/4457/4421
f 2908/4458/4422 2914/4466/4428 2915/4467/4429
f 2915/4467/4429 2909/4459/4423 2908/4458/4422
f 2909/4459/4423 2915/4467/4429 2800/4468/4294
f 2800/4468/4294 2808/4460/4302 2909/4459/4423
f 2799/4469/4293 2807/4461/4301 2808/4460/4302
f 2916/4470/4430 2917/4471/4431 2918/4472/4432
f 2918/4472/4432 2912/4464/4426 2916/4470/4430
f 2912/4464/4426 2918/4472/4432 2919/4473/4433
f 2919/4473/4433 2913/4465/4427 2912/4464/4426
f 2913/4465/4427 2919/4473/4433 2914/4466/4428
f 2914/4466/4428 2908/4458/4422 2913/4465/4427
f 2914/4466/4428 2920/4474/4434 2921/4475/4435
f 2921/4475/4435 2915/4467/4429 2914/4466/4428
f 2915/4467/4429 2921/4475/4435 2792/4476/4436
f 2792/4476/4436 2800/4468/4294 2915/4467/4429
f 2791/4477/4285 2799/4469/4293 2800/4468/4294
f 2922/4478/4437 2923/4479/4438 2924/4480/4439
f 2924/4480/4439 2918/4472/4432 2922/4478/4437
f 2918/4472/4432 2924/4480/4439 2925/4481/4440
f 2925/4481/4440 2919/4473/4433 2918/4472/4432
f 2919/4473/4433 2925/4481/4440 2920/4474/4434
f 2920/4474/4434 2914/4466/4428 2919/4473/4433
f 2926/4482/4441 2927/4483/4442 2921/4475/4435
f 2921/4475/4435 2920/4474/4434 2926/4482/4441
f 2921/4475/4435 2927/4483/4442 2785/4484/4279
f 2785/4484/4279 2792/4476/4436 2921/4475/4435
f 2928/4485/4443 2929/4486/4444 2930/4487/4445
f 2930/4487/4445 2924/4480/4439 2928/4485/4443
f 2924/4480/4439 2930/4487/4445 2931/4488/4446
f 2931/4488/4446 2925/4481/4440 2924/4480/4439
f 2931/4488/4446 2926/4482/4441 2920/4474/4434
f 2920/4474/4434 2925/4481/4440 2931/4488/4446
f 2781/4489/4275 2927/4483/4442 2926/4482/4441
f 2781/4489/4275 2785/4484/4279 2927/4483/4442
f 2781/4489/4275 2930/4487/4445 2929/4486/4444
f 2781/4489/4275 2931/4488/4446 2930/4487/4445
f 2781/4489/4275 2926/4482/4441 2931/4488/4446
f 2917/4471/4431 2922/4478/4437 2918/4472/4432
f 2911/4463/4425 2916/4470/4430 2912/4464/4426
f 2923/4479/4438 2928/4485/4443 2924/4480/4439
f 2906/4455/4419 2910/4462/4424 2907/4456/4420
f 2820/4490/4316 2815/4491/4309 2799/4492/4293
f 2906/4493/4419 2820/4490/4316 2799/4492/4293
f 2815/4491/4309 2807/4494/4301 2799/4492/4293
f 2911/4495/4425 2910/4496/4424 2799/4492/4293
f 2917/4497/4431 2916/4498/4430 2799/4492/4293
f 2923/4499/4438 2922/4500/4437 2799/4492/4293
f 2791/4501/4447 2784/4502/4448 2799/4492/4293
f 2929/4503/4444 2928/4504/4443 2799/4492/4293
f 2784/4502/4448 2781/4505/4275 2799/4492/4293
f 2781/4505/4275 2929/4503/4444 2799/4492/4293
f 2922/4500/4437 2917/4497/4431 2799/4492/4293
f 2916/4498/4430 2911/4495/4425 2799/4492/4293
f 2928/4504/4443 2923/4499/4438 2799/4492/4293
f 2910/4496/4424 2906/4493/4419 2799/4492/4293
f 2932/4506/4449 2933/4507/4450 2934/4508/4451
f 2932/4506/4449 2935/4509/4452 2933/4507/4450
f 2932/4506/4449 2936/4510/4453 2935/4509/4454
f 2932/4506/4449 2937/4511/4455 2938/4512/4456
f 2932/4506/4449 2939/4513/4457 2937/4511/4455
f 2932/4506/4449 2934/4508/4451 2939/4513/4457
f 2934/4508/4451 2940/4514/4458 2941/4515/4459
f 2940/4514/4458 2934/4508/4451 2933/4507/4450
f 2933/4507/4450 2942/4516/4460 2940/4514/4458
f 2942/4516/4460 2933/4507/4450 2935/4509/4452
f 2943/4517/4461 2935/4509/4454 2936/4510/4453
f 2944/4518/4462 2945/4519/4463 2946/4520/4464
f 2945/4519/4463 2944/4518/4462 2937/4511/4455
f 2937/4511/4455 2947/4521/4465 2945/4519/4463
f 2947/4521/4465 2937/4511/4455 2939/4513/4457
f 2939/4513/4457 2941/4515/4459 2947/4521/4465
f 2941/4515/4459 2939/4513/4457 2934/4508/4451
f 2941/4515/4459 2948/4522/4466 2949/4523/4467
f 2948/4522/4466 2941/4515/4459 2940/4514/4458
f 2940/4514/4458 2950/4524/4468 2948/4522/4466
f 2950/4524/4468 2940/4514/4458 2942/4516/4460
f 2951/4525/4469 2942/4516/4460 2943/4517/4461
f 2952/4526/4470 2953/4527/4471 2954/4528/4472
f 2953/4527/4471 2952/4526/4470 2945/4519/4463
f 2945/4519/4463 2955/4529/4473 2953/4527/4471
f 2955/4529/4473 2945/4519/4463 2947/4521/4465
f 2947/4521/4465 2949/4523/4467 2955/4529/4473
f 2949/4523/4467 2947/4521/4465 2941/4515/4459
f 2949/4523/4467 2956/4530/4474 2957/4531/4475
f 2956/4530/4474 2949/4523/4467 2948/4522/4466
f 2948/4522/4466 2958/4532/4476 2956/4530/4474
f 2958/4532/4476 2948/4522/4466 2950/4524/4468
f 2959/4533/4477 2950/4524/4468 2951/4525/4469
f 2960/4534/4478 2961/4535/4479 2962/4536/4480
f 2961/4535/4479 2960/4534/4478 2953/4527/4471
f 2953/4527/4471 2647/4537/4050 2961/4535/4479
f 2647/4537/4050 2953/4527/4471 2955/4529/4473
f 2955/4529/4473 2957/4531/4475 2647/4537/4050
f 2957/4531/4475 2955/4529/4473 2949/4523/4467
f 2963/4538/4481 2956/4530/4474 2964/4539/4482
f 2956/4530/4474 2963/4538/4481 2957/4531/4475
f 2956/4530/4474 2965/4540/4483 2964/4539/4482
f 2965/4540/4483 2956/4530/4474 2958/4532/4476
f 2966/4541/4484 2958/4532/4476 2959/4533/4477
f 2967/4542/4485 2968/4543/4486 2969/4544/4487
f 2968/4543/4486 2967/4542/4485 2961/4535/4479
f 2961/4535/4479 2970/4545/4488 2968/4543/4486
f 2970/4545/4488 2961/4535/4479 2647/4537/4050
f 2970/4545/4488 2957/4531/4475 2963/4538/4481
f 2957/4531/4475 2970/4545/4488 2647/4537/4050
f 2971/4546/4489 2963/4538/4481 2964/4539/4482
f 2971/4546/4489 2964/4539/4482 2965/4540/4483
f 2971/4546/4489 2969/4544/4487 2968/4543/4486
f 2971/4546/4489 2968/4543/4486 2970/4545/4488
f 2971/4546/4489 2970/4545/4488 2963/4538/4481
f 2954/4528/4472 2953/4527/4471 2960/4534/4478
f 2946/4520/4464 2945/4519/4463 2952/4526/4470
f 2962/4536/4480 2961/4535/4479 2967/4542/4485
f 2938/4512/4456 2937/4511/4455 2944/4518/4462
f 2932/4547/4449 2951/4548/4469 2936/4549/4453
f 2938/4550/4456 2951/4548/4469 2932/4547/4449
f 2936/4549/4453 2951/4548/4469 2943/4551/4490
f 2946/4552/4464 2951/4548/4469 2944/4553/4462
f 2954/4554/4472 2951/4548/4469 2952/4555/4470
f 2962/4556/4480 2951/4548/4469 2960/4557/4478
f 2959/4558/4491 2951/4548/4469 2966/4559/4484
f 2969/4560/4487 2951/4548/4469 2967/4561/4485
f 2966/4559/4484 2951/4548/4469 2971/4562/4489
f 2971/4562/4489 2951/4548/4469 2969/4560/4487
f 2960/4557/4478 2951/4548/4469 2954/4554/4472
f 2952/4555/4470 2951/4548/4469 2946/4552/4464
f 2967/4561/4485 2951/4548/4469 2962/4556/4480
f 2944/4553/4462 2951/4548/4469 2938/4550/4456
f 2972/4563/1265 2973/4564/4492 2974/4565/4493
f 2972/4563/1265 2975/4566/4494 2973/4564/4492
f 2972/4563/1265 2976/4567/4495 2975/4566/4494
f 2972/4563/1265 2977/4568/4496 2976/4567/4495
f 2972/4563/1265 2978/4569/4497 2977/4568/4496
f 2972/4563/1265 2979/4570/4498 2978/4569/4497
f 2972/4563/1265 2980/4571/4499 2979/4570/4498
f 2972/4563/1265 2981/4572/4500 2980/4571/4499
f 2972/4563/1265 2982/4573/4501 2981/4572/4500
f 2972/4563/1265 2983/4574/4502 2982/4573/4501
f 2972/4563/1265 2984/4575/4503 2983/4574/4502
f 2972/4563/1265 2985/4576/4504 2984/4575/4503
f 2972/4563/1265 2986/4577/4505 2985/4576/4504
f 2972/4563/1265 2974/4565/4493 2986/4577/4505
f 2987/4578/4506 2974/4565/4507 2973/4564/4508
f 2974/4565/4507 2987/4578/4506 2988/4579/4509
f 2989/4580/4510 2973/4564/4508 2975/4566/4511
f 2973/4564/4508 2989/4580/4510 2987/4578/4506
f 2990/4581/4512 2975/4566/4511 2976/4567/4513
f 2975/4566/4511 2990/4581/4512 2989/4580/4510
f 2991/4582/4514 2976/4567/4513 2977/4568/4515
f 2976/4567/4513 2991/4582/4514 2990/4581/4512
f 2992/4583/4516 2977/4568/4515 2978/4569/4517
f 2977/4568/4515 2992/4583/4516 2991/4582/4514
f 2993/4584/4518 2978/4569/4517 2979/4570/4519
f 2978/4569/4517 2993/4584/4518 2992/4583/4516
f 2953/4585/4520 2979/4570/4519 2980/4571/4521
f 2979/4570/4519 2953/4585/4520 2993/4584/4518
f 2994/4586/4522 2980/4571/4521 2981/4572/4523
f 2980/4571/4521 2994/4586/4522 2953/4585/4520
f 2995/4587/4524 2981/4572/4523 2982/4573/4525
f 2981/4572/4523 2995/4587/4524 2994/4586/4522
f 2996/4588/4526 2982/4573/4525 2983/4574/4527
f 2982/4573/4525 2996/4588/4526 2995/4587/4524
f 2997/4589/4528 2983/4574/4527 2984/4575/4529
f 2983/4574/4527 2997/4589/4528 2996/4588/4526
f 2998/4590/4530 2984/4575/4529 2985/4576/4531
f 2984/4575/4529 2998/4590/4530 2997/4589/4528
f 2999/4591/4532 2985/4576/4531 2986/4577/4533
f 2985/4576/4531 2999/4591/4532 2998/4590/4530
f 2988/4579/4509 2986/4577/4533 2974/4565/4507
f 2986/4577/4533 2988/4579/4509 2999/4591/4532
f 3000/4592/4534 2988/4579/4509 2987/4578/4506
f 2988/4579/4509 3000/4592/4534 3001/4593/4535
f 3002/4594/4536 2987/4578/4506 2989/4580/4510
f 2987/4578/4506 3002/4594/4536 3000/4592/4534
f 3003/4595/4537 2989/4580/4510 2990/4581/4512
f 2989/4580/4510 3003/4595/4537 3002/4594/4536
f 3004/4596/4538 2990/4581/4512 2991/4582/4514
f 2990/4581/4512 3004/4596/4538 3003/4595/4537
f 3005/4597/4539 2991/4582/4514 2992/4583/4516
f 2991/4582/4514 3005/4597/4539 3004/4596/4538
f 3006/4598/4540 2992/4583/4516 2993/4584/4518
f 2992/4583/4516 3006/4598/4540 3005/4597/4539
f 3007/4599/4541 2993/4584/4518 2953/4585/4520
f 2993/4584/4518 3007/4599/4541 3006/4598/4540
f 3008/4600/4542 2953/4585/4520 2994/4586/4522
f 2953/4585/4520 3008/4600/4542 3007/4599/4541
f 3009/4601/4543 2994/4586/4522 2995/4587/4524
f 2994/4586/4522 3009/4601/4543 3008/4600/4542
f 3010/4602/4544 2995/4587/4524 2996/4588/4526
f 2995/4587/4524 3010/4602/4544 3009/4601/4543
f 3011/4603/4545 2996/4588/4526 2997/4589/4528
f 2996/4588/4526 3011/4603/4545 3010/4602/4544
f 3012/4604/4546 2997/4589/4528 2998/4590/4530
f 2997/4589/4528 3012/4604/4546 3011/4603/4545
f 3013/4605/4547 2998/4590/4530 2999/4591/4532
f 2998/4590/4530 3013/4605/4547 3012/4604/4546
f 3001/4593/4535 2999/4591/4532 2988/4579/4509
f 2999/4591/4532 3001/4593/4535 3013/4605/4547
f 3014/4606/4548 3001/4593/4535 3000/4592/4534
f 3001/4593/4535 3014/4606/4548 3015/4607/4549
f 3016/4608/4550 3000/4592/4534 3002/4594/4536
f 3000/4592/4534 3016/4608/4550 3014/4606/4548
f 3017/4609/4551 3002/4594/4536 3003/4595/4537
f 3002/4594/4536 3017/4609/4551 3016/4608/4550
f 2660/4610/4552 3003/4595/4537 3004/4596/4538
f 3003/4595/4537 2660/4610/4552 3017/4609/4551
f 2664/4611/4553 3004/4596/4538 3005/4597/4539
f 3004/4596/4538 2664/4611/4553 2660/4610/4552
f 3018/4612/4554 3005/4597/4539 3006/4598/4540
f 3005/4597/4539 3018/4612/4554 2664/4611/4553
f 3019/4613/4555 3006/4598/4540 3007/4599/4541
f 3006/4598/4540 3019/4613/4555 3018/4612/4554
f 3020/4614/4556 3007/4599/4541 3008/4600/4542
f 3007/4599/4541 3020/4614/4556 3019/4613/4555
f 3021/4615/4557 3008/4600/4542 3009/4601/4543
f 3008/4600/4542 3021/4615/4557 3020/4614/4556
f 3022/4616/4558 3009/4601/4543 3010/4602/4544
f 3009/4601/4543 3022/4616/4558 3021/4615/4557
f 3023/4617/4559 3010/4602/4544 3011/4603/4545
f 3010/4602/4544 3023/4617/4559 3022/4616/4558
f 3024/4618/4560 3011/4603/4545 3012/4604/4546
f 3011/4603/4545 3024/4618/4560 3023/4617/4559
f 3025/4619/4561 3012/4604/4546 3013/4605/4547
f 3012/4604/4546 3025/4619/4561 3024/4618/4560
f 3015/4607/4549 3013/4605/4547 3001/4593/4535
f 3013/4605/4547 3015/4607/4549 3025/4619/4561
f 3026/4620/4562 3015/4607/4549 3014/4606/4548
f 3015/4607/4549 3026/4620/4562 3027/4621/4563
f 3028/4622/4564 3014/4606/4548 3016/4608/4550
f 3014/4606/4548 3028/4622/4564 3026/4620/4562
f 3029/4623/4565 3016/4608/4550 3017/4609/4551
f 3016/4608/4550 3029/4623/4565 3028/4622/4564
f 3030/4624/4566 3017/4609/4551 2660/4610/4552
f 3017/4609/4551 3030/4624/4566 3029/4623/4565
f 3031/4625/4567 2660/4610/4552 2664/4611/4553
f 2660/4610/4552 3031/4625/4567 3030/4624/4566
f 3032/4626/4568 2664/4611/4553 3018/4612/4554
f 2664/4611/4553 3032/4626/4568 3031/4625/4567
f 3033/4627/4569 3018/4612/4554 3019/4613/4555
f 3018/4612/4554 3033/4627/4569 3032/4626/4568
f 3034/4628/4570 3019/4613/4555 3020/4614/4556
f 3019/4613/4555 3034/4628/4570 3033/4627/4569
f 3035/4629/4571 3020/4614/4556 3021/4615/4557
f 3020/4614/4556 3035/4629/4571 3034/4628/4570
f 3036/4630/4572 3021/4615/4557 3022/4616/4558
f 3021/4615/4557 3036/4630/4572 3035/4629/4571
f 3037/4631/4573 3022/4616/4558 3023/4617/4559
f 3022/4616/4558 3037/4631/4573 3036/4630/4572
f 3038/4632/4574 3023/4617/4559 3024/4618/4560
f 3023/4617/4559 3038/4632/4574 3037/4631/4573
f 3039/4633/4575 3024/4618/4560 3025/4619/4561
f 3024/4618/4560 3039/4633/4575 3038/4632/4574
f 3027/4621/4563 3025/4619/4561 3015/4607/4549
f 3025/4619/4561 3027/4621/4563 3039/4633/4575
f 3040/4634/4576 3027/4621/4563 3026/4620/4562
f 3027/4621/4563 3040/4634/4576 3041/4635/4577
f 3042/4636/4578 3026/4620/4562 3028/4622/4564
f 3026/4620/4562 3042/4636/4578 3040/4634/4576
f 3043/4637/4579 3028/4622/4564 3029/4623/4565
f 3028/4622/4564 3043/4637/4579 3042/4636/4578
f 3044/4638/4580 3029/4623/4565 3030/4624/4566
f 3029/4623/4565 3044/4638/4580 3043/4637/4579
f 3045/4639/4581 3030/4624/4566 3031/4625/4567
f 3030/4624/4566 3045/4639/4581 3044/4638/4580
f 3046/4640/4582 3031/4625/4567 3032/4626/4568
f 3031/4625/4567 3046/4640/4582 3045/4639/4581
f 3047/4641/4583 3032/4626/4568 3033/4627/4569
f 3032/4626/4568 3047/4641/4583 3046/4640/4582
f 3048/4642/4584 3033/4627/4569 3034/4628/4570
f 3033/4627/4569 3048/4642/4584 3047/4641/4583
f 3049/4643/4585 3034/4628/4570 3035/4629/4571
f 3034/4628/4570 3049/4643/4585 3048/4642/4584
f 3050/4644/4586 3035/4629/4571 3036/4630/4572
f 3035/4629/4571 3050/4644/4586 3049/4643/4585
f 3051/4645/4587 3036/4630/4572 3037/4631/4573
f 3036/4630/4572 3051/4645/4587 3050/4644/4586
f 3052/4646/4588 3037/4631/4573 3038/4632/4574
f 3037/4631/4573 3052/4646/4588 3051/4645/4587
f 3053/4647/4589 3038/4632/4574 3039/4633/4575
f 3038/4632/4574 3053/4647/4589 3052/4646/4588
f 3041/4635/4577 3039/4633/4575 3027/4621/4563
f 3039/4633/4575 3041/4635/4577 3053/4647/4589
f 2971/4648/4590 3054/4649/4591 2643/4650/4046
f 2971/4648/4590 2966/4651/4484 3054/4649/4591
f 2971/4648/4590 2965/4652/4592 2966/4651/4484
f 2971/4648/4590 3055/4653/4593 3056/4654/4594
f 2971/4648/4590 3057/4655/4595 3055/4653/4593
f 2971/4648/4590 2643/4650/4046 3057/4655/4595
f 2643/4650/4046 3058/4656/4596 3059/4657/4597
f 3058/4656/4596 2643/4650/4046 3054/4649/4591
f 3054/4649/4591 2959/4658/4477 3058/4656/4596
f 2959/4658/4477 3054/4649/4591 2966/4651/4484
f 2958/4659/4476 2966/4651/4484 2965/4652/4592
f 3060/4660/4598 3061/4661/4599 3062/4662/4600
f 3061/4661/4599 3060/4660/4598 3055/4653/4593
f 3055/4653/4593 3063/4663/4601 3061/4661/4599
f 3063/4663/4601 3055/4653/4593 3057/4655/4595
f 3057/4655/4595 3059/4657/4597 3063/4663/4601
f 3059/4657/4597 3057/4655/4595 2643/4650/4046
f 3059/4657/4597 3064/4664/4602 3065/4665/4603
f 3064/4664/4602 3059/4657/4597 3058/4656/4596
f 3058/4656/4596 2951/4666/4469 3064/4664/4602
f 2951/4666/4469 3058/4656/4596 2959/4658/4477
f 2950/4667/4468 2959/4658/4477 2958/4659/4476
f 3066/4668/4604 3067/4669/4605 3068/4670/4606
f 3067/4669/4605 3066/4668/4604 3061/4661/4599
f 3061/4661/4599 3069/4671/4607 3067/4669/4605
f 3069/4671/4607 3061/4661/4599 3063/4663/4601
f 3063/4663/4601 3065/4665/4603 3069/4671/4607
f 3065/4665/4603 3063/4663/4601 3059/4657/4597
f 3065/4665/4603 3070/4672/4608 3071/4673/4609
f 3070/4672/4608 3065/4665/4603 3064/4664/4602
f 3064/4664/4602 2943/4674/4461 3070/4672/4608
f 2943/4674/4461 3064/4664/4602 2951/4666/4469
f 2942/4675/4460 2951/4666/4469 2950/4667/4468
f 3072/4676/4610 3073/4677/4611 3074/4678/4612
f 3073/4677/4611 3072/4676/4610 3067/4669/4605
f 3067/4669/4605 3075/4679/4613 3073/4677/4611
f 3075/4679/4613 3067/4669/4605 3069/4671/4607
f 3069/4671/4607 3071/4673/4609 3075/4679/4613
f 3071/4673/4609 3069/4671/4607 3065/4665/4603
f 3076/4680/4614 3070/4672/4608 3077/4681/4615
f 3070/4672/4608 3076/4680/4614 3071/4673/4609
f 3070/4672/4608 2936/4682/4453 3077/4681/4615
f 2936/4682/4453 3070/4672/4608 2943/4674/4461
f 2935/4683/4454 2943/4674/4461 2942/4675/4460
f 3078/4684/4616 3079/4685/4617 3080/4686/4618
f 3079/4685/4617 3078/4684/4616 3073/4677/4611
f 3073/4677/4611 3081/4687/4619 3079/4685/4617
f 3081/4687/4619 3073/4677/4611 3075/4679/4613
f 3081/4687/4619 3071/4673/4609 3076/4680/4614
f 3071/4673/4609 3081/4687/4619 3075/4679/4613
f 2932/4688/4449 3076/4680/4614 3077/4681/4615
f 2932/4688/4449 3077/4681/4615 2936/4682/4453
f 2932/4688/4449 3080/4686/4618 3079/4685/4617
f 2932/4688/4449 3079/4685/4617 3081/4687/4619
f 2932/4688/4449 3081/4687/4619 3076/4680/4614
f 3068/4670/4606 3067/4669/4605 3072/4676/4610
f 3062/4662/4600 3061/4661/4599 3066/4668/4604
f 3074/4678/4612 3073/4677/4611 3078/4684/4616
f 3056/4654/4594 3055/4653/4593 3060/4660/4598
f 2971/4689/4590 2950/4690/4468 2965/4691/4620
f 3056/4692/4594 2950/4690/4468 2971/4689/4590
f 2965/4691/4620 2950/4690/4468 2958/4693/4476
f 3062/4694/4600 2950/4690/4468 3060/4695/4598
f 3068/4696/4606 2950/4690/4468 3066/4697/4604
f 3074/4698/4612 2950/4690/4468 3072/4699/4610
f 2942/4700/4460 2950/4690/4468 2935/4701/4621
f 3080/4702/4618 2950/4690/4468 3078/4703/4616
f 2935/4701/4621 2950/4690/4468 2932/4704/4449
f 2932/4704/4449 2950/4690/4468 3080/4702/4618
f 3072/4699/4610 2950/4690/4468 3068/4696/4606
f 3066/4697/4604 2950/4690/4468 3062/4694/4600
f 3078/4703/4616 2950/4690/4468 3074/4698/4612
f 3060/4695/4598 2950/4690/4468 3056/4692/4594
f 3082/4705/4622 3083/4706/4623 3084/4707/4624
f 3083/4706/4623 3082/4705/4622 3085/4708/4625
f 3084/4707/4624 3086/4709/4626 3087/4710/4627
f 3086/4709/4626 3084/4707/4624 3083/4706/4623
f 3087/4710/4627 3088/4711/4628 3089/4712/4629
f 3088/4711/4628 3087/4710/4627 3086/4709/4626
f 3089/4712/4629 3090/4713/4630 3091/4714/4631
f 3090/4713/4630 3089/4712/4629 3088/4711/4628
f 3091/4714/4631 3092/4715/4632 3093/4716/4633
f 3092/4715/4632 3091/4714/4631 3090/4713/4630
f 3093/4716/4633 3094/4717/4634 3095/4718/4635
f 3094/4717/4634 3093/4716/4633 3092/4715/4632
f 3095/4718/4635 3096/4719/4636 3097/4720/4637
f 3096/4719/4636 3095/4718/4635 3094/4717/4634
f 3097/4721/4637 3085/4708/4625 3082/4705/4622
f 3085/4708/4625 3097/4721/4637 3096/4722/4636
f 3085/4723/4638 3098/4724/4639 3083/4725/4639
f 3098/4724/4639 3085/4723/4638 3099/4726/4638
f 3083/4725/4639 3100/4727/4640 3086/4728/4640
f 3100/4727/4640 3083/4725/4639 3098/4724/4639
f 3086/4728/4640 3101/4729/4641 3088/4730/4642
f 3101/4729/4641 3086/4728/4640 3100/4727/4640
f 3088/4730/4642 3102/4731/4643 3090/4732/4644
f 3102/4731/4643 3088/4730/4642 3101/4729/4641
f 3090/4732/4644 3103/4733/4645 3092/4734/4646
f 3103/4733/4645 3090/4732/4644 3102/4731/4643
f 3092/4734/4646 3104/4735/4647 3094/4736/4647
f 3104/4735/4647 3092/4734/4646 3103/4733/4645
f 3094/4736/4647 3105/4737/4648 3096/4738/4648
f 3105/4737/4648 3094/4736/4647 3104/4735/4647
f 3096/4738/4648 3099/4726/4638 3085/4723/4638
f 3099/4726/4638 3096/4738/4648 3105/4737/4648
f 3099/4739/4649 3106/4740/4650 3098/4741/4650
f 3106/4740/4650 3099/4739/4649 3107/4742/4649
f 3098/4741/4650 3108/4743/4651 3100/4744/4651
f 3108/4743/4651 3098/4741/4650 3106/4740/4650
f 3100/4744/4651 3109/4745/4652 3101/4746/4652
f 3109/4745/4652 3100/4744/4651 3108/4743/4651
f 3101/4746/4652 3110/4747/4653 3102/4748/4653
f 3110/4747/4653 3101/4746/4652 3109/4745/4652
f 3102/4748/4653 3111/4749/4654 3103/4750/4654
f 3111/4749/4654 3102/4748/4653 3110/4747/4653
f 3103/4751/4654 3112/4752/4655 3104/4753/4655
f 3112/4752/4655 3103/4751/4654 3111/4754/4654
f 3104/4753/4655 3113/4755/4656 3105/4756/4656
f 3113/4755/4656 3104/4753/4655 3112/4752/4655
f 3105/4756/4656 3107/4742/4649 3099/4739/4649
f 3107/4742/4649 3105/4756/4656 3113/4755/4656
f 3107/4742/4657 3114/4757/4658 3106/4740/4659
f 3114/4757/4658 3107/4742/4657 3115/4758/4660
f 3106/4740/4659 3116/4759/4661 3108/4743/4662
f 3116/4759/4661 3106/4740/4659 3114/4757/4658
f 3108/4743/4662 3117/4760/4663 3109/4745/4664
f 3117/4760/4663 3108/4743/4662 3116/4759/4661
f 3109/4745/4664 3118/4761/4665 3110/4747/4666
f 3118/4761/4665 3109/4745/4664 3117/4760/4663
f 3110/4747/4666 3119/4762/4667 3111/4749/4668
f 3119/4762/4667 3110/4747/4666 3118/4761/4665
f 3111/4754/4668 3120/4763/4669 3112/4752/4670
f 3120/4763/4669 3111/4754/4668 3119/4764/4667
f 3112/4752/4670 3121/4765/4671 3113/4755/4672
f 3121/4765/4671 3112/4752/4670 3120/4763/4669
f 3113/4755/4672 3115/4758/4660 3107/4742/4657
f 3115/4758/4660 3113/4755/4672 3121/4765/4671
f 3114/4766/4673 3122/4767/4674 3116/4768/4675
f 3122/4767/4674 3114/4766/4673 3115/4769/4676
f 3122/4767/4674 3117/4770/4677 3116/4768/4675
f 3117/4770/4677 3122/4767/4674 3118/4771/4678
f 3121/4772/4679 3122/4767/4674 3115/4769/4676
f 3122/4767/4674 3121/4772/4679 3120/4773/4680
f 3119/4774/4681 3122/4767/4674 3120/4773/4680
f 3122/4767/4674 3119/4774/4681 3118/4771/4678
