# Blender v3.0.0 OBJ File: ''
# www.blender.org
mtllib sphere.mtl
o sphere
v 0.000000 0.500000 0.000000
v -0.024534 0.499398 0.000000
v -0.024416 0.499398 0.002405
v 0.000000 0.500000 0.000000
v -0.024062 0.499398 0.004786
v 0.000000 0.500000 0.000000
v -0.023477 0.499398 0.007122
v 0.000000 0.500000 0.000000
v -0.022666 0.499398 0.009389
v 0.000000 0.500000 0.000000
v -0.021637 0.499398 0.011565
v 0.000000 0.500000 0.000000
v -0.020399 0.499398 0.013630
v 0.000000 0.500000 0.000000
v -0.018965 0.499398 0.015564
v 0.000000 0.500000 0.000000
v -0.017348 0.499398 0.017348
v 0.000000 0.500000 0.000000
v -0.015564 0.499398 0.018965
v 0.000000 0.500000 0.000000
v -0.013630 0.499398 0.020399
v 0.000000 0.500000 0.000000
v -0.011565 0.499398 0.021637
v 0.000000 0.500000 0.000000
v -0.009389 0.499398 0.022666
v 0.000000 0.500000 0.000000
v -0.007122 0.499398 0.023478
v 0.000000 0.500000 0.000000
v -0.004786 0.499398 0.024063
v 0.000000 0.500000 0.000000
v -0.002405 0.499398 0.024416
v 0.000000 0.500000 0.000000
v -0.000000 0.499398 0.024534
v 0.000000 0.500000 0.000000
v 0.002405 0.499398 0.024416
v 0.000000 0.500000 0.000000
v 0.004786 0.499398 0.024063
v 0.000000 0.500000 0.000000
v 0.007122 0.499398 0.023478
v 0.000000 0.500000 0.000000
v 0.009389 0.499398 0.022666
v 0.000000 0.500000 0.000000
v 0.011565 0.499398 0.021637
v 0.000000 0.500000 0.000000
v 0.013630 0.499398 0.020399
v 0.000000 0.500000 0.000000
v 0.015564 0.499398 0.018965
v 0.000000 0.500000 0.000000
v 0.017348 0.499398 0.017348
v 0.000000 0.500000 0.000000
v 0.018965 0.499398 0.015564
v 0.000000 0.500000 0.000000
v 0.020399 0.499398 0.013630
v 0.000000 0.500000 0.000000
v 0.021637 0.499398 0.011565
v 0.000000 0.500000 0.000000
v 0.022666 0.499398 0.009389
v 0.000000 0.500000 0.000000
v 0.023477 0.499398 0.007122
v 0.000000 0.500000 0.000000
v 0.024062 0.499398 0.004786
v 0.000000 0.500000 0.000000
v 0.024416 0.499398 0.002405
v 0.000000 0.500000 0.000000
v 0.024534 0.499398 0.000000
v 0.000000 0.500000 0.000000
v 0.024416 0.499398 -0.002405
v 0.000000 0.500000 0.000000
v 0.024062 0.499398 -0.004786
v 0.000000 0.500000 0.000000
v 0.023477 0.499398 -0.007122
v 0.000000 0.500000 0.000000
v 0.022666 0.499398 -0.009389
v 0.000000 0.500000 0.000000
v 0.021637 0.499398 -0.011565
v 0.000000 0.500000 0.000000
v 0.020399 0.499398 -0.013630
v 0.000000 0.500000 0.000000
v 0.018965 0.499398 -0.015564
v 0.000000 0.500000 0.000000
v 0.017348 0.499398 -0.017348
v 0.000000 0.500000 0.000000
v 0.015564 0.499398 -0.018965
v 0.000000 0.500000 0.000000
v 0.013630 0.499398 -0.020399
v 0.000000 0.500000 0.000000
v 0.011565 0.499398 -0.021637
v 0.000000 0.500000 0.000000
v 0.009389 0.499398 -0.022666
v 0.000000 0.500000 0.000000
v 0.007122 0.499398 -0.023477
v 0.000000 0.500000 0.000000
v 0.004786 0.499398 -0.024062
v 0.000000 0.500000 0.000000
v 0.002405 0.499398 -0.024416
v 0.000000 0.500000 0.000000
v 0.000000 0.499398 -0.024534
v 0.000000 0.500000 0.000000
v -0.002405 0.499398 -0.024416
v 0.000000 0.500000 0.000000
v -0.004786 0.499398 -0.024062
v 0.000000 0.500000 0.000000
v -0.007122 0.499398 -0.023477
v 0.000000 0.500000 0.000000
v -0.009389 0.499398 -0.022666
v 0.000000 0.500000 0.000000
v -0.011565 0.499398 -0.021637
v 0.000000 0.500000 0.000000
v -0.013630 0.499398 -0.020399
v 0.000000 0.500000 0.000000
v -0.015564 0.499398 -0.018965
v 0.000000 0.500000 0.000000
v -0.017348 0.499398 -0.017348
v 0.000000 0.500000 0.000000
v -0.018965 0.499398 -0.015564
v 0.000000 0.500000 0.000000
v -0.020399 0.499398 -0.013630
v 0.000000 0.500000 0.000000
v -0.021637 0.499398 -0.011565
v 0.000000 0.500000 0.000000
v -0.022666 0.499398 -0.009389
v 0.000000 0.500000 0.000000
v -0.023477 0.499398 -0.007122
v 0.000000 0.500000 0.000000
v -0.024062 0.499398 -0.004786
v 0.000000 0.500000 0.000000
v -0.024416 0.499398 -0.002405
v 0.000000 0.500000 0.000000
v -0.024534 0.499398 0.000000
v -0.048773 0.497592 0.004804
v -0.049009 0.497592 0.000000
v -0.048067 0.497592 0.009561
v -0.046898 0.497592 0.014227
v -0.045278 0.497592 0.018755
v -0.043222 0.497592 0.023103
v -0.040749 0.497592 0.027228
v -0.037884 0.497592 0.031091
v -0.034654 0.497592 0.034654
v -0.031091 0.497592 0.037884
v -0.027228 0.497592 0.040749
v -0.023102 0.497592 0.043222
v -0.018755 0.497592 0.045278
v -0.014226 0.497592 0.046898
v -0.009561 0.497592 0.048067
v -0.004804 0.497592 0.048773
v -0.000000 0.497592 0.049009
v 0.004804 0.497592 0.048773
v 0.009561 0.497592 0.048067
v 0.014226 0.497592 0.046898
v 0.018755 0.497592 0.045278
v 0.023102 0.497592 0.043222
v 0.027228 0.497592 0.040749
v 0.031091 0.497592 0.037884
v 0.034654 0.497592 0.034654
v 0.037884 0.497592 0.031091
v 0.040749 0.497592 0.027228
v 0.043222 0.497592 0.023103
v 0.045278 0.497592 0.018755
v 0.046898 0.497592 0.014227
v 0.048067 0.497592 0.009561
v 0.048773 0.497592 0.004804
v 0.049009 0.497592 0.000000
v 0.048773 0.497592 -0.004804
v 0.048067 0.497592 -0.009561
v 0.046898 0.497592 -0.014226
v 0.045278 0.497592 -0.018755
v 0.043222 0.497592 -0.023102
v 0.040749 0.497592 -0.027228
v 0.037884 0.497592 -0.031091
v 0.034654 0.497592 -0.034654
v 0.031091 0.497592 -0.037884
v 0.027228 0.497592 -0.040749
v 0.023102 0.497592 -0.043222
v 0.018755 0.497592 -0.045278
v 0.014226 0.497592 -0.046898
v 0.009561 0.497592 -0.048067
v 0.004804 0.497592 -0.048772
v 0.000000 0.497592 -0.049008
v -0.004804 0.497592 -0.048772
v -0.009561 0.497592 -0.048067
v -0.014226 0.497592 -0.046898
v -0.018755 0.497592 -0.045278
v -0.023102 0.497592 -0.043222
v -0.027228 0.497592 -0.040749
v -0.031091 0.497592 -0.037884
v -0.034654 0.497592 -0.034654
v -0.037884 0.497592 -0.031091
v -0.040749 0.497592 -0.027228
v -0.043222 0.497592 -0.023102
v -0.045278 0.497592 -0.018755
v -0.046898 0.497592 -0.014226
v -0.048067 0.497592 -0.009561
v -0.048773 0.497592 -0.004804
v -0.049009 0.497592 0.000000
v -0.073012 0.494588 0.007191
v -0.073365 0.494588 0.000000
v -0.071956 0.494588 0.014313
v -0.070206 0.494588 0.021297
v -0.067781 0.494588 0.028076
v -0.064702 0.494588 0.034584
v -0.061001 0.494588 0.040760
v -0.056712 0.494588 0.046542
v -0.051877 0.494588 0.051877
v -0.046542 0.494588 0.056712
v -0.040760 0.494588 0.061001
v -0.034584 0.494588 0.064702
v -0.028076 0.494588 0.067781
v -0.021297 0.494588 0.070206
v -0.014313 0.494588 0.071956
v -0.007191 0.494588 0.073012
v -0.000000 0.494588 0.073365
v 0.007191 0.494588 0.073012
v 0.014313 0.494588 0.071956
v 0.021297 0.494588 0.070206
v 0.028076 0.494588 0.067781
v 0.034584 0.494588 0.064702
v 0.040760 0.494588 0.061001
v 0.046542 0.494588 0.056712
v 0.051877 0.494588 0.051877
v 0.056712 0.494588 0.046542
v 0.061001 0.494588 0.040760
v 0.064702 0.494588 0.034584
v 0.067781 0.494588 0.028076
v 0.070206 0.494588 0.021297
v 0.071956 0.494588 0.014313
v 0.073012 0.494588 0.007191
v 0.073365 0.494588 0.000000
v 0.073012 0.494588 -0.007191
v 0.071956 0.494588 -0.014313
v 0.070206 0.494588 -0.021297
v 0.067781 0.494588 -0.028076
v 0.064702 0.494588 -0.034584
v 0.061001 0.494588 -0.040759
v 0.056712 0.494588 -0.046542
v 0.051877 0.494588 -0.051877
v 0.046542 0.494588 -0.056712
v 0.040760 0.494588 -0.061001
v 0.034584 0.494588 -0.064702
v 0.028076 0.494588 -0.067781
v 0.021297 0.494588 -0.070206
v 0.014313 0.494588 -0.071955
v 0.007191 0.494588 -0.073012
v 0.000000 0.494588 -0.073365
v -0.007191 0.494588 -0.073012
v -0.014313 0.494588 -0.071955
v -0.021297 0.494588 -0.070206
v -0.028076 0.494588 -0.067781
v -0.034584 0.494588 -0.064702
v -0.040760 0.494588 -0.061001
v -0.046542 0.494588 -0.056712
v -0.051877 0.494588 -0.051877
v -0.056712 0.494588 -0.046542
v -0.061001 0.494588 -0.040759
v -0.064702 0.494588 -0.034584
v -0.067781 0.494588 -0.028076
v -0.070206 0.494588 -0.021297
v -0.071956 0.494588 -0.014313
v -0.073012 0.494588 -0.007191
v -0.073365 0.494588 0.000000
v -0.097075 0.490393 0.009561
v -0.097545 0.490393 0.000000
v -0.095671 0.490393 0.019030
v -0.093345 0.490393 0.028316
v -0.090120 0.490393 0.037329
v -0.086027 0.490393 0.045983
v -0.081106 0.490393 0.054193
v -0.075403 0.490393 0.061882
v -0.068975 0.490393 0.068975
v -0.061882 0.490393 0.075404
v -0.054193 0.490393 0.081106
v -0.045982 0.490393 0.086027
v -0.037329 0.490393 0.090120
v -0.028316 0.490393 0.093345
v -0.019030 0.490393 0.095671
v -0.009561 0.490393 0.097076
v -0.000000 0.490393 0.097545
v 0.009561 0.490393 0.097076
v 0.019030 0.490393 0.095671
v 0.028316 0.490393 0.093345
v 0.037329 0.490393 0.090120
v 0.045982 0.490393 0.086027
v 0.054193 0.490393 0.081106
v 0.061882 0.490393 0.075404
v 0.068975 0.490393 0.068975
v 0.075403 0.490393 0.061882
v 0.081106 0.490393 0.054193
v 0.086027 0.490393 0.045983
v 0.090120 0.490393 0.037329
v 0.093345 0.490393 0.028316
v 0.095671 0.490393 0.019030
v 0.097075 0.490393 0.009561
v 0.097545 0.490393 0.000000
v 0.097075 0.490393 -0.009561
v 0.095671 0.490393 -0.019030
v 0.093345 0.490393 -0.028316
v 0.090120 0.490393 -0.037329
v 0.086027 0.490393 -0.045982
v 0.081106 0.490393 -0.054193
v 0.075403 0.490393 -0.061882
v 0.068975 0.490393 -0.068975
v 0.061882 0.490393 -0.075403
v 0.054193 0.490393 -0.081106
v 0.045982 0.490393 -0.086027
v 0.037329 0.490393 -0.090120
v 0.028316 0.490393 -0.093345
v 0.019030 0.490393 -0.095671
v 0.009561 0.490393 -0.097075
v 0.000000 0.490393 -0.097545
v -0.009561 0.490393 -0.097075
v -0.019030 0.490393 -0.095671
v -0.028316 0.490393 -0.093345
v -0.037329 0.490393 -0.090120
v -0.045982 0.490393 -0.086027
v -0.054193 0.490393 -0.081106
v -0.061882 0.490393 -0.075403
v -0.068975 0.490393 -0.068975
v -0.075403 0.490393 -0.061882
v -0.081106 0.490393 -0.054193
v -0.086027 0.490393 -0.045982
v -0.090120 0.490393 -0.037329
v -0.093345 0.490393 -0.028316
v -0.095671 0.490393 -0.019030
v -0.097075 0.490393 -0.009561
v -0.097545 0.490393 0.000000
v -0.120905 0.485016 0.011908
v -0.121490 0.485016 0.000000
v -0.119156 0.485016 0.023702
v -0.116259 0.485016 0.035267
v -0.112242 0.485016 0.046492
v -0.107145 0.485016 0.057270
v -0.101015 0.485016 0.067496
v -0.093913 0.485016 0.077073
v -0.085906 0.485016 0.085907
v -0.077072 0.485016 0.093913
v -0.067496 0.485016 0.101015
v -0.057270 0.485016 0.107145
v -0.046492 0.485016 0.112242
v -0.035267 0.485016 0.116259
v -0.023702 0.485016 0.119156
v -0.011908 0.485016 0.120905
v -0.000000 0.485016 0.121490
v 0.011908 0.485016 0.120905
v 0.023702 0.485016 0.119156
v 0.035267 0.485016 0.116259
v 0.046492 0.485016 0.112242
v 0.057270 0.485016 0.107145
v 0.067496 0.485016 0.101015
v 0.077072 0.485016 0.093913
v 0.085906 0.485016 0.085907
v 0.093913 0.485016 0.077073
v 0.101015 0.485016 0.067496
v 0.107145 0.485016 0.057270
v 0.112242 0.485016 0.046492
v 0.116259 0.485016 0.035267
v 0.119156 0.485016 0.023702
v 0.120905 0.485016 0.011908
v 0.121490 0.485016 0.000000
v 0.120905 0.485016 -0.011908
v 0.119156 0.485016 -0.023701
v 0.116259 0.485016 -0.035267
v 0.112242 0.485016 -0.046492
v 0.107145 0.485016 -0.057270
v 0.101015 0.485016 -0.067496
v 0.093913 0.485016 -0.077072
v 0.085906 0.485016 -0.085906
v 0.077072 0.485016 -0.093913
v 0.067496 0.485016 -0.101015
v 0.057270 0.485016 -0.107145
v 0.046492 0.485016 -0.112242
v 0.035267 0.485016 -0.116259
v 0.023702 0.485016 -0.119156
v 0.011908 0.485016 -0.120905
v 0.000000 0.485016 -0.121490
v -0.011908 0.485016 -0.120905
v -0.023702 0.485016 -0.119156
v -0.035267 0.485016 -0.116259
v -0.046492 0.485016 -0.112242
v -0.057270 0.485016 -0.107145
v -0.067496 0.485016 -0.101015
v -0.077072 0.485016 -0.093913
v -0.085906 0.485016 -0.085906
v -0.093913 0.485016 -0.077072
v -0.101015 0.485016 -0.067496
v -0.107145 0.485016 -0.057270
v -0.112242 0.485016 -0.046492
v -0.116259 0.485016 -0.035267
v -0.119156 0.485016 -0.023701
v -0.120905 0.485016 -0.011908
v -0.121490 0.485016 0.000000
v -0.144443 0.478470 0.014227
v -0.145142 0.478470 0.000000
v -0.142353 0.478470 0.028316
v -0.138893 0.478470 0.042133
v -0.134094 0.478470 0.055544
v -0.128004 0.478470 0.068420
v -0.120681 0.478470 0.080637
v -0.112197 0.478470 0.092077
v -0.102631 0.478470 0.102631
v -0.092077 0.478470 0.112197
v -0.080637 0.478470 0.120682
v -0.068420 0.478470 0.128004
v -0.055544 0.478470 0.134094
v -0.042133 0.478470 0.138893
v -0.028316 0.478470 0.142354
v -0.014226 0.478470 0.144444
v -0.000000 0.478470 0.145142
v 0.014226 0.478470 0.144444
v 0.028316 0.478470 0.142354
v 0.042133 0.478470 0.138893
v 0.055544 0.478470 0.134094
v 0.068420 0.478470 0.128004
v 0.080637 0.478470 0.120682
v 0.092077 0.478470 0.112197
v 0.102631 0.478470 0.102631
v 0.112197 0.478470 0.092077
v 0.120681 0.478470 0.080637
v 0.128004 0.478470 0.068420
v 0.134094 0.478470 0.055544
v 0.138893 0.478470 0.042133
v 0.142353 0.478470 0.028316
v 0.144443 0.478470 0.014227
v 0.145142 0.478470 0.000000
v 0.144443 0.478470 -0.014226
v 0.142353 0.478470 -0.028316
v 0.138893 0.478470 -0.042133
v 0.134094 0.478470 -0.055543
v 0.128004 0.478470 -0.068420
v 0.120681 0.478470 -0.080637
v 0.112197 0.478470 -0.092077
v 0.102631 0.478470 -0.102631
v 0.092077 0.478470 -0.112196
v 0.080637 0.478470 -0.120681
v 0.068420 0.478470 -0.128004
v 0.055544 0.478470 -0.134094
v 0.042133 0.478470 -0.138892
v 0.028316 0.478470 -0.142353
v 0.014226 0.478470 -0.144443
v 0.000000 0.478470 -0.145142
v -0.014226 0.478470 -0.144443
v -0.028316 0.478470 -0.142353
v -0.042133 0.478470 -0.138892
v -0.055544 0.478470 -0.134094
v -0.068420 0.478470 -0.128004
v -0.080637 0.478470 -0.120681
v -0.092077 0.478470 -0.112196
v -0.102631 0.478470 -0.102631
v -0.112197 0.478470 -0.092077
v -0.120681 0.478470 -0.080637
v -0.128004 0.478470 -0.068420
v -0.134094 0.478470 -0.055543
v -0.138893 0.478470 -0.042133
v -0.142353 0.478470 -0.028316
v -0.144443 0.478470 -0.014226
v -0.145142 0.478470 0.000000
v -0.167634 0.470772 0.016511
v -0.168445 0.470772 0.000000
v -0.165208 0.470772 0.032862
v -0.161192 0.470772 0.048897
v -0.155623 0.470772 0.064461
v -0.148555 0.470772 0.079404
v -0.140057 0.470772 0.093583
v -0.130210 0.470772 0.106860
v -0.119109 0.470772 0.119109
v -0.106860 0.470772 0.130210
v -0.093583 0.470772 0.140057
v -0.079404 0.470772 0.148555
v -0.064461 0.470772 0.155623
v -0.048897 0.470772 0.161192
v -0.032862 0.470772 0.165208
v -0.016510 0.470772 0.167634
v -0.000000 0.470772 0.168445
v 0.016510 0.470772 0.167634
v 0.032862 0.470772 0.165208
v 0.048897 0.470772 0.161192
v 0.064461 0.470772 0.155623
v 0.079404 0.470772 0.148555
v 0.093583 0.470772 0.140057
v 0.106860 0.470772 0.130210
v 0.119109 0.470772 0.119109
v 0.130210 0.470772 0.106860
v 0.140057 0.470772 0.093583
v 0.148555 0.470772 0.079404
v 0.155623 0.470772 0.064461
v 0.161192 0.470772 0.048897
v 0.165208 0.470772 0.032862
v 0.167634 0.470772 0.016511
v 0.168445 0.470772 0.000000
v 0.167634 0.470772 -0.016510
v 0.165208 0.470772 -0.032862
v 0.161192 0.470772 -0.048897
v 0.155623 0.470772 -0.064461
v 0.148555 0.470772 -0.079404
v 0.140057 0.470772 -0.093583
v 0.130210 0.470772 -0.106860
v 0.119109 0.470772 -0.119108
v 0.106860 0.470772 -0.130210
v 0.093583 0.470772 -0.140057
v 0.079404 0.470772 -0.148555
v 0.064461 0.470772 -0.155623
v 0.048897 0.470772 -0.161192
v 0.032862 0.470772 -0.165208
v 0.016510 0.470772 -0.167634
v 0.000000 0.470772 -0.168445
v -0.016510 0.470772 -0.167634
v -0.032862 0.470772 -0.165208
v -0.048897 0.470772 -0.161192
v -0.064461 0.470772 -0.155623
v -0.079404 0.470772 -0.148555
v -0.093583 0.470772 -0.140057
v -0.106860 0.470772 -0.130210
v -0.119109 0.470772 -0.119108
v -0.130210 0.470772 -0.106860
v -0.140057 0.470772 -0.093583
v -0.148555 0.470772 -0.079404
v -0.155623 0.470772 -0.064461
v -0.161192 0.470772 -0.048897
v -0.165208 0.470772 -0.032862
v -0.167634 0.470772 -0.016510
v -0.168445 0.470772 0.000000
v -0.190420 0.461940 0.018755
v -0.191342 0.461940 0.000000
v -0.187665 0.461940 0.037329
v -0.183103 0.461940 0.055544
v -0.176777 0.461940 0.073223
v -0.168748 0.461940 0.090198
v -0.159095 0.461940 0.106304
v -0.147909 0.461940 0.121386
v -0.135299 0.461940 0.135299
v -0.121386 0.461940 0.147909
v -0.106304 0.461940 0.159095
v -0.090198 0.461940 0.168748
v -0.073223 0.461940 0.176777
v -0.055544 0.461940 0.183103
v -0.037329 0.461940 0.187665
v -0.018755 0.461940 0.190420
v -0.000000 0.461940 0.191342
v 0.018755 0.461940 0.190420
v 0.037329 0.461940 0.187665
v 0.055544 0.461940 0.183103
v 0.073223 0.461940 0.176777
v 0.090198 0.461940 0.168748
v 0.106304 0.461940 0.159095
v 0.121386 0.461940 0.147909
v 0.135299 0.461940 0.135299
v 0.147909 0.461940 0.121386
v 0.159095 0.461940 0.106304
v 0.168748 0.461940 0.090198
v 0.176777 0.461940 0.073223
v 0.183103 0.461940 0.055544
v 0.187665 0.461940 0.037329
v 0.190420 0.461940 0.018755
v 0.191342 0.461940 0.000000
v 0.190420 0.461940 -0.018755
v 0.187665 0.461940 -0.037329
v 0.183103 0.461940 -0.055543
v 0.176777 0.461940 -0.073223
v 0.168748 0.461940 -0.090198
v 0.159095 0.461940 -0.106304
v 0.147909 0.461940 -0.121386
v 0.135299 0.461940 -0.135299
v 0.121386 0.461940 -0.147909
v 0.106304 0.461940 -0.159095
v 0.090198 0.461940 -0.168748
v 0.073223 0.461940 -0.176777
v 0.055544 0.461940 -0.183103
v 0.037329 0.461940 -0.187665
v 0.018755 0.461940 -0.190420
v 0.000000 0.461940 -0.191342
v -0.018755 0.461940 -0.190420
v -0.037329 0.461940 -0.187665
v -0.055544 0.461940 -0.183103
v -0.073223 0.461940 -0.176777
v -0.090198 0.461940 -0.168748
v -0.106304 0.461940 -0.159095
v -0.121386 0.461940 -0.147909
v -0.135299 0.461940 -0.135299
v -0.147909 0.461940 -0.121386
v -0.159095 0.461940 -0.106304
v -0.168748 0.461940 -0.090198
v -0.176777 0.461940 -0.073223
v -0.183103 0.461940 -0.055543
v -0.187665 0.461940 -0.037329
v -0.190420 0.461940 -0.018755
v -0.191342 0.461940 0.000000
v -0.212748 0.451995 0.020954
v -0.213778 0.451995 0.000000
v -0.209670 0.451995 0.041706
v -0.204572 0.451995 0.062056
v -0.197505 0.451995 0.081809
v -0.188535 0.451995 0.100774
v -0.177750 0.451995 0.118769
v -0.165252 0.451995 0.135619
v -0.151164 0.451995 0.151164
v -0.135619 0.451995 0.165252
v -0.118768 0.451995 0.177750
v -0.100774 0.451995 0.188535
v -0.081809 0.451995 0.197505
v -0.062056 0.451995 0.204572
v -0.041706 0.451995 0.209670
v -0.020954 0.451995 0.212748
v -0.000000 0.451995 0.213778
v 0.020954 0.451995 0.212748
v 0.041706 0.451995 0.209670
v 0.062056 0.451995 0.204572
v 0.081809 0.451995 0.197505
v 0.100774 0.451995 0.188535
v 0.118768 0.451995 0.177750
v 0.135619 0.451995 0.165252
v 0.151164 0.451995 0.151164
v 0.165252 0.451995 0.135619
v 0.177750 0.451995 0.118769
v 0.188535 0.451995 0.100774
v 0.197505 0.451995 0.081809
v 0.204572 0.451995 0.062056
v 0.209670 0.451995 0.041706
v 0.212748 0.451995 0.020954
v 0.213778 0.451995 0.000000
v 0.212748 0.451995 -0.020954
v 0.209670 0.451995 -0.041706
v 0.204572 0.451995 -0.062056
v 0.197505 0.451995 -0.081809
v 0.188535 0.451995 -0.100774
v 0.177750 0.451995 -0.118768
v 0.165252 0.451995 -0.135619
v 0.151164 0.451995 -0.151163
v 0.135619 0.451995 -0.165252
v 0.118768 0.451995 -0.177749
v 0.100774 0.451995 -0.188535
v 0.081809 0.451995 -0.197505
v 0.062056 0.451995 -0.204572
v 0.041706 0.451995 -0.209670
v 0.020954 0.451995 -0.212748
v 0.000000 0.451995 -0.213777
v -0.020954 0.451995 -0.212748
v -0.041706 0.451995 -0.209670
v -0.062056 0.451995 -0.204572
v -0.081809 0.451995 -0.197505
v -0.100774 0.451995 -0.188535
v -0.118768 0.451995 -0.177749
v -0.135619 0.451995 -0.165252
v -0.151164 0.451995 -0.151163
v -0.165252 0.451995 -0.135619
v -0.177750 0.451995 -0.118768
v -0.188535 0.451995 -0.100774
v -0.197505 0.451995 -0.081809
v -0.204572 0.451995 -0.062056
v -0.209670 0.451995 -0.041706
v -0.212748 0.451995 -0.020954
v -0.213778 0.451995 0.000000
v -0.234563 0.440961 0.023103
v -0.235698 0.440961 0.000000
v -0.231169 0.440961 0.045983
v -0.225549 0.440961 0.068420
v -0.217757 0.440961 0.090198
v -0.207867 0.440961 0.111108
v -0.195976 0.440961 0.130947
v -0.182197 0.440961 0.149526
v -0.166664 0.440961 0.166664
v -0.149525 0.440961 0.182197
v -0.130947 0.440961 0.195976
v -0.111107 0.440961 0.207867
v -0.090198 0.440961 0.217757
v -0.068420 0.440961 0.225549
v -0.045982 0.440961 0.231170
v -0.023102 0.440961 0.234563
v -0.000000 0.440961 0.235698
v 0.023102 0.440961 0.234563
v 0.045982 0.440961 0.231170
v 0.068420 0.440961 0.225549
v 0.090198 0.440961 0.217757
v 0.111107 0.440961 0.207867
v 0.130947 0.440961 0.195976
v 0.149525 0.440961 0.182197
v 0.166664 0.440961 0.166664
v 0.182197 0.440961 0.149526
v 0.195976 0.440961 0.130947
v 0.207867 0.440961 0.111108
v 0.217757 0.440961 0.090198
v 0.225549 0.440961 0.068420
v 0.231169 0.440961 0.045983
v 0.234563 0.440961 0.023103
v 0.235698 0.440961 0.000000
v 0.234563 0.440961 -0.023102
v 0.231169 0.440961 -0.045982
v 0.225549 0.440961 -0.068420
v 0.217757 0.440961 -0.090198
v 0.207867 0.440961 -0.111107
v 0.195976 0.440961 -0.130947
v 0.182197 0.440961 -0.149525
v 0.166664 0.440961 -0.166664
v 0.149525 0.440961 -0.182197
v 0.130947 0.440961 -0.195976
v 0.111107 0.440961 -0.207867
v 0.090198 0.440961 -0.217757
v 0.068420 0.440961 -0.225549
v 0.045982 0.440961 -0.231169
v 0.023102 0.440961 -0.234563
v 0.000000 0.440961 -0.235698
v -0.023102 0.440961 -0.234563
v -0.045982 0.440961 -0.231169
v -0.068420 0.440961 -0.225549
v -0.090198 0.440961 -0.217757
v -0.111107 0.440961 -0.207867
v -0.130947 0.440961 -0.195976
v -0.149525 0.440961 -0.182197
v -0.166664 0.440961 -0.166664
v -0.182197 0.440961 -0.149525
v -0.195976 0.440961 -0.130947
v -0.207867 0.440961 -0.111107
v -0.217757 0.440961 -0.090198
v -0.225549 0.440961 -0.068420
v -0.231169 0.440961 -0.045982
v -0.234563 0.440961 -0.023102
v -0.235698 0.440961 0.000000
v -0.255814 0.428864 0.025196
v -0.257051 0.428864 0.000000
v -0.252112 0.428864 0.050148
v -0.245983 0.428864 0.074618
v -0.237484 0.428864 0.098369
v -0.226699 0.428864 0.121173
v -0.213730 0.428864 0.142810
v -0.198703 0.428864 0.163072
v -0.181763 0.428864 0.181763
v -0.163072 0.428864 0.198703
v -0.142810 0.428864 0.213730
v -0.121173 0.428864 0.226699
v -0.098369 0.428864 0.237485
v -0.074618 0.428864 0.245983
v -0.050148 0.428864 0.252112
v -0.025195 0.428864 0.255814
v -0.000000 0.428864 0.257051
v 0.025195 0.428864 0.255814
v 0.050148 0.428864 0.252112
v 0.074618 0.428864 0.245983
v 0.098369 0.428864 0.237485
v 0.121173 0.428864 0.226699
v 0.142810 0.428864 0.213730
v 0.163072 0.428864 0.198703
v 0.181763 0.428864 0.181763
v 0.198703 0.428864 0.163072
v 0.213730 0.428864 0.142810
v 0.226699 0.428864 0.121173
v 0.237484 0.428864 0.098369
v 0.245983 0.428864 0.074618
v 0.252112 0.428864 0.050148
v 0.255814 0.428864 0.025196
v 0.257051 0.428864 0.000000
v 0.255814 0.428864 -0.025195
v 0.252112 0.428864 -0.050148
v 0.245983 0.428864 -0.074618
v 0.237484 0.428864 -0.098369
v 0.226699 0.428864 -0.121173
v 0.213730 0.428864 -0.142810
v 0.198703 0.428864 -0.163072
v 0.181763 0.428864 -0.181763
v 0.163072 0.428864 -0.198703
v 0.142810 0.428864 -0.213730
v 0.121173 0.428864 -0.226699
v 0.098369 0.428864 -0.237484
v 0.074618 0.428864 -0.245983
v 0.050148 0.428864 -0.252112
v 0.025195 0.428864 -0.255814
v 0.000000 0.428864 -0.257051
v -0.025195 0.428864 -0.255814
v -0.050148 0.428864 -0.252112
v -0.074618 0.428864 -0.245983
v -0.098369 0.428864 -0.237484
v -0.121173 0.428864 -0.226699
v -0.142810 0.428864 -0.213730
v -0.163072 0.428864 -0.198703
v -0.181763 0.428864 -0.181763
v -0.198703 0.428864 -0.163072
v -0.213730 0.428864 -0.142810
v -0.226699 0.428864 -0.121173
v -0.237484 0.428864 -0.098369
v -0.245983 0.428864 -0.074618
v -0.252112 0.428864 -0.050148
v -0.255814 0.428864 -0.025195
v -0.257051 0.428864 0.000000
v -0.276448 0.415735 0.027228
v -0.277785 0.415735 0.000000
v -0.272448 0.415735 0.054193
v -0.265824 0.415735 0.080637
v -0.256640 0.415735 0.106304
v -0.244985 0.415735 0.130947
v -0.230970 0.415735 0.154329
v -0.214731 0.415735 0.176225
v -0.196424 0.415735 0.196424
v -0.176225 0.415735 0.214731
v -0.154329 0.415735 0.230970
v -0.130947 0.415735 0.244985
v -0.106304 0.415735 0.256640
v -0.080637 0.415735 0.265824
v -0.054193 0.415735 0.272448
v -0.027228 0.415735 0.276448
v -0.000000 0.415735 0.277785
v 0.027228 0.415735 0.276448
v 0.054193 0.415735 0.272448
v 0.080637 0.415735 0.265824
v 0.106304 0.415735 0.256640
v 0.130947 0.415735 0.244985
v 0.154329 0.415735 0.230970
v 0.176225 0.415735 0.214731
v 0.196424 0.415735 0.196424
v 0.214731 0.415735 0.176225
v 0.230970 0.415735 0.154329
v 0.244985 0.415735 0.130947
v 0.256640 0.415735 0.106304
v 0.265824 0.415735 0.080637
v 0.272448 0.415735 0.054193
v 0.276448 0.415735 0.027228
v 0.277785 0.415735 0.000000
v 0.276448 0.415735 -0.027228
v 0.272448 0.415735 -0.054193
v 0.265824 0.415735 -0.080637
v 0.256640 0.415735 -0.106304
v 0.244985 0.415735 -0.130947
v 0.230970 0.415735 -0.154329
v 0.214731 0.415735 -0.176225
v 0.196424 0.415735 -0.196424
v 0.176225 0.415735 -0.214731
v 0.154329 0.415735 -0.230970
v 0.130947 0.415735 -0.244985
v 0.106304 0.415735 -0.256640
v 0.080637 0.415735 -0.265824
v 0.054193 0.415735 -0.272447
v 0.027228 0.415735 -0.276447
v 0.000000 0.415735 -0.277785
v -0.027228 0.415735 -0.276447
v -0.054193 0.415735 -0.272447
v -0.080637 0.415735 -0.265824
v -0.106304 0.415735 -0.256640
v -0.130947 0.415735 -0.244985
v -0.154329 0.415735 -0.230970
v -0.176225 0.415735 -0.214731
v -0.196424 0.415735 -0.196424
v -0.214731 0.415735 -0.176225
v -0.230970 0.415735 -0.154329
v -0.244985 0.415735 -0.130947
v -0.256640 0.415735 -0.106304
v -0.265824 0.415735 -0.080637
v -0.272448 0.415735 -0.054193
v -0.276448 0.415735 -0.027228
v -0.277785 0.415735 0.000000
v -0.296415 0.401604 0.029194
v -0.297850 0.401604 0.000000
v -0.292127 0.401604 0.058108
v -0.285024 0.401604 0.086461
v -0.275177 0.401604 0.113982
v -0.262680 0.401604 0.140405
v -0.247653 0.401604 0.165476
v -0.230241 0.401604 0.188954
v -0.210612 0.401604 0.210612
v -0.188954 0.401604 0.230241
v -0.165476 0.401604 0.247653
v -0.140405 0.401604 0.262680
v -0.113982 0.401604 0.275177
v -0.086461 0.401604 0.285024
v -0.058108 0.401604 0.292127
v -0.029194 0.401604 0.296415
v -0.000000 0.401604 0.297850
v 0.029194 0.401604 0.296415
v 0.058108 0.401604 0.292127
v 0.086461 0.401604 0.285024
v 0.113982 0.401604 0.275177
v 0.140405 0.401604 0.262680
v 0.165476 0.401604 0.247653
v 0.188954 0.401604 0.230241
v 0.210612 0.401604 0.210612
v 0.230241 0.401604 0.188954
v 0.247653 0.401604 0.165476
v 0.262680 0.401604 0.140405
v 0.275177 0.401604 0.113982
v 0.285024 0.401604 0.086461
v 0.292127 0.401604 0.058108
v 0.296415 0.401604 0.029194
v 0.297850 0.401604 0.000000
v 0.296415 0.401604 -0.029194
v 0.292127 0.401604 -0.058108
v 0.285024 0.401604 -0.086461
v 0.275177 0.401604 -0.113982
v 0.262680 0.401604 -0.140405
v 0.247653 0.401604 -0.165476
v 0.230241 0.401604 -0.188954
v 0.210612 0.401604 -0.210611
v 0.188954 0.401604 -0.230241
v 0.165476 0.401604 -0.247653
v 0.140405 0.401604 -0.262680
v 0.113982 0.401604 -0.275177
v 0.086461 0.401604 -0.285024
v 0.058108 0.401604 -0.292127
v 0.029194 0.401604 -0.296415
v 0.000000 0.401604 -0.297850
v -0.029194 0.401604 -0.296415
v -0.058108 0.401604 -0.292127
v -0.086461 0.401604 -0.285024
v -0.113982 0.401604 -0.275177
v -0.140405 0.401604 -0.262680
v -0.165476 0.401604 -0.247653
v -0.188954 0.401604 -0.230241
v -0.210612 0.401604 -0.210611
v -0.230241 0.401604 -0.188954
v -0.247653 0.401604 -0.165476
v -0.262680 0.401604 -0.140405
v -0.275177 0.401604 -0.113982
v -0.285024 0.401604 -0.086461
v -0.292127 0.401604 -0.058108
v -0.296415 0.401604 -0.029194
v -0.297850 0.401604 0.000000
v -0.315669 0.386505 0.031091
v -0.317197 0.386505 0.000000
v -0.311102 0.386505 0.061882
v -0.303538 0.386505 0.092077
v -0.293051 0.386505 0.121386
v -0.279742 0.386505 0.149526
v -0.263739 0.386505 0.176225
v -0.245196 0.386505 0.201227
v -0.224292 0.386505 0.224292
v -0.201227 0.386505 0.245196
v -0.176225 0.386505 0.263739
v -0.149525 0.386505 0.279743
v -0.121386 0.386505 0.293052
v -0.092077 0.386505 0.303538
v -0.061882 0.386505 0.311102
v -0.031091 0.386505 0.315669
v -0.000000 0.386505 0.317197
v 0.031091 0.386505 0.315669
v 0.061882 0.386505 0.311102
v 0.092077 0.386505 0.303538
v 0.121386 0.386505 0.293052
v 0.149525 0.386505 0.279743
v 0.176225 0.386505 0.263739
v 0.201227 0.386505 0.245196
v 0.224292 0.386505 0.224292
v 0.245196 0.386505 0.201227
v 0.263739 0.386505 0.176225
v 0.279742 0.386505 0.149526
v 0.293051 0.386505 0.121386
v 0.303538 0.386505 0.092077
v 0.311102 0.386505 0.061882
v 0.315669 0.386505 0.031091
v 0.317197 0.386505 0.000000
v 0.315669 0.386505 -0.031091
v 0.311102 0.386505 -0.061882
v 0.303538 0.386505 -0.092077
v 0.293051 0.386505 -0.121386
v 0.279742 0.386505 -0.149525
v 0.263739 0.386505 -0.176225
v 0.245196 0.386505 -0.201227
v 0.224292 0.386505 -0.224292
v 0.201227 0.386505 -0.245196
v 0.176225 0.386505 -0.263739
v 0.149525 0.386505 -0.279742
v 0.121386 0.386505 -0.293051
v 0.092077 0.386505 -0.303538
v 0.061882 0.386505 -0.311102
v 0.031091 0.386505 -0.315669
v 0.000000 0.386505 -0.317197
v -0.031091 0.386505 -0.315669
v -0.061882 0.386505 -0.311102
v -0.092077 0.386505 -0.303538
v -0.121386 0.386505 -0.293051
v -0.149525 0.386505 -0.279742
v -0.176225 0.386505 -0.263739
v -0.201227 0.386505 -0.245196
v -0.224292 0.386505 -0.224292
v -0.245196 0.386505 -0.201227
v -0.263739 0.386505 -0.176225
v -0.279742 0.386505 -0.149525
v -0.293051 0.386505 -0.121386
v -0.303538 0.386505 -0.092077
v -0.311102 0.386505 -0.061882
v -0.315669 0.386505 -0.031091
v -0.317197 0.386505 0.000000
v -0.334163 0.370476 0.032912
v -0.335779 0.370476 0.000000
v -0.329328 0.370476 0.065507
v -0.321321 0.370476 0.097472
v -0.310220 0.370476 0.128497
v -0.296131 0.370476 0.158285
v -0.279190 0.370476 0.186549
v -0.259561 0.370476 0.213016
v -0.237432 0.370476 0.237432
v -0.213016 0.370476 0.259561
v -0.186549 0.370476 0.279190
v -0.158285 0.370476 0.296131
v -0.128497 0.370476 0.310220
v -0.097472 0.370476 0.321321
v -0.065507 0.370476 0.329328
v -0.032912 0.370476 0.334163
v -0.000000 0.370476 0.335780
v 0.032912 0.370476 0.334163
v 0.065507 0.370476 0.329328
v 0.097472 0.370476 0.321321
v 0.128497 0.370476 0.310220
v 0.158285 0.370476 0.296131
v 0.186549 0.370476 0.279190
v 0.213016 0.370476 0.259561
v 0.237432 0.370476 0.237432
v 0.259561 0.370476 0.213016
v 0.279190 0.370476 0.186549
v 0.296131 0.370476 0.158285
v 0.310220 0.370476 0.128497
v 0.321321 0.370476 0.097472
v 0.329328 0.370476 0.065507
v 0.334163 0.370476 0.032912
v 0.335779 0.370476 0.000000
v 0.334163 0.370476 -0.032912
v 0.329328 0.370476 -0.065507
v 0.321321 0.370476 -0.097472
v 0.310220 0.370476 -0.128497
v 0.296131 0.370476 -0.158285
v 0.279190 0.370476 -0.186549
v 0.259561 0.370476 -0.213016
v 0.237432 0.370476 -0.237432
v 0.213016 0.370476 -0.259561
v 0.186549 0.370476 -0.279190
v 0.158285 0.370476 -0.296131
v 0.128497 0.370476 -0.310220
v 0.097472 0.370476 -0.321321
v 0.065507 0.370476 -0.329328
v 0.032912 0.370476 -0.334163
v 0.000000 0.370476 -0.335779
v -0.032912 0.370476 -0.334163
v -0.065507 0.370476 -0.329328
v -0.097472 0.370476 -0.321321
v -0.128497 0.370476 -0.310220
v -0.158285 0.370476 -0.296131
v -0.186549 0.370476 -0.279190
v -0.213016 0.370476 -0.259561
v -0.237432 0.370476 -0.237432
v -0.259561 0.370476 -0.213016
v -0.279190 0.370476 -0.186549
v -0.296131 0.370476 -0.158285
v -0.310220 0.370476 -0.128497
v -0.321321 0.370476 -0.097472
v -0.329328 0.370476 -0.065507
v -0.334163 0.370476 -0.032912
v -0.335779 0.370476 0.000000
v -0.351851 0.353553 0.034654
v -0.353553 0.353553 0.000000
v -0.346760 0.353553 0.068975
v -0.338329 0.353553 0.102631
v -0.326641 0.353553 0.135299
v -0.311806 0.353553 0.166664
v -0.293969 0.353553 0.196424
v -0.273300 0.353553 0.224292
v -0.250000 0.353553 0.250000
v -0.224292 0.353553 0.273301
v -0.196424 0.353553 0.293969
v -0.166664 0.353553 0.311806
v -0.135299 0.353553 0.326641
v -0.102631 0.353553 0.338330
v -0.068975 0.353553 0.346760
v -0.034654 0.353553 0.351851
v -0.000000 0.353553 0.353553
v 0.034654 0.353553 0.351851
v 0.068975 0.353553 0.346760
v 0.102631 0.353553 0.338330
v 0.135299 0.353553 0.326641
v 0.166664 0.353553 0.311806
v 0.196424 0.353553 0.293969
v 0.224292 0.353553 0.273301
v 0.250000 0.353553 0.250000
v 0.273300 0.353553 0.224292
v 0.293969 0.353553 0.196424
v 0.311806 0.353553 0.166664
v 0.326641 0.353553 0.135299
v 0.338329 0.353553 0.102631
v 0.346760 0.353553 0.068975
v 0.351851 0.353553 0.034654
v 0.353553 0.353553 0.000000
v 0.351851 0.353553 -0.034654
v 0.346760 0.353553 -0.068975
v 0.338329 0.353553 -0.102631
v 0.326641 0.353553 -0.135299
v 0.311806 0.353553 -0.166664
v 0.293969 0.353553 -0.196424
v 0.273300 0.353553 -0.224292
v 0.250000 0.353553 -0.250000
v 0.224292 0.353553 -0.273300
v 0.196424 0.353553 -0.293969
v 0.166664 0.353553 -0.311806
v 0.135299 0.353553 -0.326641
v 0.102631 0.353553 -0.338329
v 0.068975 0.353553 -0.346760
v 0.034654 0.353553 -0.351851
v 0.000000 0.353553 -0.353553
v -0.034654 0.353553 -0.351851
v -0.068975 0.353553 -0.346760
v -0.102631 0.353553 -0.338329
v -0.135299 0.353553 -0.326641
v -0.166664 0.353553 -0.311806
v -0.196424 0.353553 -0.293969
v -0.224292 0.353553 -0.273300
v -0.250000 0.353553 -0.250000
v -0.273300 0.353553 -0.224292
v -0.293969 0.353553 -0.196424
v -0.311806 0.353553 -0.166664
v -0.326641 0.353553 -0.135299
v -0.338329 0.353553 -0.102631
v -0.346760 0.353553 -0.068975
v -0.351851 0.353553 -0.034654
v -0.353553 0.353553 0.000000
v -0.368692 0.335779 0.036313
v -0.370476 0.335779 0.000000
v -0.363357 0.335779 0.072276
v -0.354523 0.335779 0.107543
v -0.342275 0.335779 0.141775
v -0.326730 0.335779 0.174641
v -0.308039 0.335779 0.205825
v -0.286381 0.335779 0.235027
v -0.261966 0.335779 0.261966
v -0.235027 0.335779 0.286382
v -0.205825 0.335779 0.308039
v -0.174641 0.335779 0.326730
v -0.141775 0.335779 0.342275
v -0.107543 0.335779 0.354523
v -0.072276 0.335779 0.363357
v -0.036313 0.335779 0.368692
v -0.000000 0.335779 0.370476
v 0.036313 0.335779 0.368692
v 0.072276 0.335779 0.363357
v 0.107543 0.335779 0.354523
v 0.141775 0.335779 0.342275
v 0.174641 0.335779 0.326730
v 0.205825 0.335779 0.308039
v 0.235027 0.335779 0.286382
v 0.261966 0.335779 0.261966
v 0.286381 0.335779 0.235027
v 0.308039 0.335779 0.205825
v 0.326730 0.335779 0.174641
v 0.342275 0.335779 0.141775
v 0.354523 0.335779 0.107543
v 0.363357 0.335779 0.072276
v 0.368692 0.335779 0.036313
v 0.370476 0.335779 0.000000
v 0.368692 0.335779 -0.036313
v 0.363357 0.335779 -0.072276
v 0.354523 0.335780 -0.107543
v 0.342275 0.335780 -0.141775
v 0.326730 0.335780 -0.174641
v 0.308039 0.335780 -0.205825
v 0.286381 0.335780 -0.235027
v 0.261966 0.335780 -0.261966
v 0.235027 0.335780 -0.286381
v 0.205825 0.335780 -0.308039
v 0.174641 0.335780 -0.326730
v 0.141775 0.335780 -0.342275
v 0.107543 0.335780 -0.354523
v 0.072276 0.335780 -0.363357
v 0.036313 0.335780 -0.368692
v 0.000000 0.335780 -0.370476
v -0.036313 0.335780 -0.368692
v -0.072276 0.335780 -0.363357
v -0.107543 0.335780 -0.354523
v -0.141775 0.335780 -0.342275
v -0.174641 0.335780 -0.326730
v -0.205825 0.335780 -0.308039
v -0.235027 0.335780 -0.286381
v -0.261966 0.335780 -0.261966
v -0.286381 0.335780 -0.235027
v -0.308039 0.335780 -0.205825
v -0.326730 0.335780 -0.174641
v -0.342275 0.335780 -0.141775
v -0.354523 0.335780 -0.107543
v -0.363357 0.335779 -0.072276
v -0.368692 0.335779 -0.036313
v -0.370476 0.335779 0.000000
v -0.384644 0.317197 0.037884
v -0.386505 0.317197 0.000000
v -0.379079 0.317197 0.075403
v -0.369862 0.317197 0.112197
v -0.357084 0.317197 0.147909
v -0.340867 0.317197 0.182197
v -0.321367 0.317197 0.214731
v -0.298773 0.317197 0.245196
v -0.273300 0.317197 0.273301
v -0.245196 0.317197 0.298773
v -0.214731 0.317197 0.321367
v -0.182197 0.317197 0.340867
v -0.147909 0.317197 0.357084
v -0.112197 0.317197 0.369862
v -0.075403 0.317197 0.379079
v -0.037884 0.317197 0.384644
v -0.000000 0.317197 0.386505
v 0.037884 0.317197 0.384644
v 0.075403 0.317197 0.379079
v 0.112197 0.317197 0.369862
v 0.147909 0.317197 0.357084
v 0.182197 0.317197 0.340867
v 0.214731 0.317197 0.321367
v 0.245196 0.317197 0.298773
v 0.273300 0.317197 0.273301
v 0.298773 0.317197 0.245196
v 0.321367 0.317197 0.214731
v 0.340867 0.317197 0.182197
v 0.357084 0.317197 0.147909
v 0.369862 0.317197 0.112197
v 0.379079 0.317197 0.075403
v 0.384644 0.317197 0.037884
v 0.386505 0.317197 0.000000
v 0.384644 0.317197 -0.037884
v 0.379079 0.317197 -0.075403
v 0.369862 0.317197 -0.112196
v 0.357084 0.317197 -0.147909
v 0.340867 0.317197 -0.182197
v 0.321367 0.317197 -0.214731
v 0.298773 0.317197 -0.245196
v 0.273300 0.317197 -0.273300
v 0.245196 0.317197 -0.298773
v 0.214731 0.317197 -0.321367
v 0.182197 0.317197 -0.340867
v 0.147909 0.317197 -0.357084
v 0.112197 0.317197 -0.369862
v 0.075403 0.317197 -0.379079
v 0.037884 0.317197 -0.384644
v 0.000000 0.317197 -0.386505
v -0.037884 0.317197 -0.384644
v -0.075403 0.317197 -0.379079
v -0.112197 0.317197 -0.369862
v -0.147909 0.317197 -0.357084
v -0.182197 0.317197 -0.340867
v -0.214731 0.317197 -0.321367
v -0.245196 0.317197 -0.298773
v -0.273300 0.317197 -0.273300
v -0.298773 0.317197 -0.245196
v -0.321367 0.317197 -0.214731
v -0.340867 0.317197 -0.182197
v -0.357084 0.317197 -0.147909
v -0.369862 0.317197 -0.112196
v -0.379079 0.317197 -0.075403
v -0.384644 0.317197 -0.037884
v -0.386505 0.317197 0.000000
v -0.399670 0.297850 0.039364
v -0.401604 0.297850 0.000000
v -0.393887 0.297850 0.078349
v -0.384311 0.297850 0.116579
v -0.371033 0.297850 0.153687
v -0.354183 0.297850 0.189315
v -0.333921 0.297850 0.223119
v -0.310444 0.297850 0.254775
v -0.283977 0.297850 0.283977
v -0.254775 0.297850 0.310444
v -0.223119 0.297850 0.333921
v -0.189315 0.297850 0.354183
v -0.153687 0.297850 0.371034
v -0.116579 0.297850 0.384311
v -0.078349 0.297850 0.393887
v -0.039364 0.297850 0.399670
v -0.000000 0.297850 0.401604
v 0.039364 0.297850 0.399670
v 0.078349 0.297850 0.393887
v 0.116579 0.297850 0.384311
v 0.153687 0.297850 0.371034
v 0.189315 0.297850 0.354183
v 0.223119 0.297850 0.333921
v 0.254775 0.297850 0.310444
v 0.283977 0.297850 0.283977
v 0.310444 0.297850 0.254775
v 0.333921 0.297850 0.223119
v 0.354183 0.297850 0.189315
v 0.371033 0.297850 0.153687
v 0.384311 0.297850 0.116579
v 0.393887 0.297850 0.078349
v 0.399670 0.297850 0.039364
v 0.401604 0.297850 0.000000
v 0.399670 0.297850 -0.039364
v 0.393887 0.297850 -0.078349
v 0.384311 0.297850 -0.116579
v 0.371033 0.297850 -0.153687
v 0.354183 0.297850 -0.189315
v 0.333921 0.297850 -0.223119
v 0.310444 0.297850 -0.254775
v 0.283977 0.297850 -0.283977
v 0.254775 0.297850 -0.310444
v 0.223119 0.297850 -0.333921
v 0.189315 0.297850 -0.354183
v 0.153687 0.297850 -0.371033
v 0.116579 0.297850 -0.384311
v 0.078349 0.297850 -0.393887
v 0.039364 0.297850 -0.399670
v 0.000000 0.297850 -0.401604
v -0.039364 0.297850 -0.399670
v -0.078349 0.297850 -0.393887
v -0.116579 0.297850 -0.384311
v -0.153687 0.297850 -0.371033
v -0.189315 0.297850 -0.354183
v -0.223119 0.297850 -0.333921
v -0.254775 0.297850 -0.310444
v -0.283977 0.297850 -0.283977
v -0.310444 0.297850 -0.254775
v -0.333921 0.297850 -0.223119
v -0.354183 0.297850 -0.189315
v -0.371033 0.297850 -0.153687
v -0.384311 0.297850 -0.116579
v -0.393887 0.297850 -0.078349
v -0.399670 0.297850 -0.039364
v -0.401604 0.297850 0.000000
v -0.413733 0.277785 0.040749
v -0.415735 0.277785 0.000000
v -0.407747 0.277785 0.081106
v -0.397833 0.277785 0.120681
v -0.384089 0.277785 0.159095
v -0.366645 0.277785 0.195976
v -0.345671 0.277785 0.230970
v -0.321367 0.277785 0.263739
v -0.293969 0.277785 0.293969
v -0.263739 0.277785 0.321367
v -0.230970 0.277785 0.345671
v -0.195976 0.277785 0.366645
v -0.159095 0.277785 0.384089
v -0.120681 0.277785 0.397833
v -0.081106 0.277785 0.407747
v -0.040749 0.277785 0.413733
v -0.000000 0.277785 0.415735
v 0.040749 0.277785 0.413733
v 0.081106 0.277785 0.407747
v 0.120681 0.277785 0.397833
v 0.159095 0.277785 0.384089
v 0.195976 0.277785 0.366645
v 0.230970 0.277785 0.345671
v 0.263739 0.277785 0.321367
v 0.293969 0.277785 0.293969
v 0.321367 0.277785 0.263739
v 0.345671 0.277785 0.230970
v 0.366645 0.277785 0.195976
v 0.384089 0.277785 0.159095
v 0.397833 0.277785 0.120681
v 0.407747 0.277785 0.081106
v 0.413733 0.277785 0.040749
v 0.415735 0.277785 0.000000
v 0.413733 0.277785 -0.040749
v 0.407747 0.277785 -0.081106
v 0.397833 0.277785 -0.120681
v 0.384089 0.277785 -0.159095
v 0.366645 0.277785 -0.195976
v 0.345671 0.277785 -0.230970
v 0.321367 0.277785 -0.263739
v 0.293969 0.277785 -0.293969
v 0.263739 0.277785 -0.321367
v 0.230970 0.277785 -0.345671
v 0.195976 0.277785 -0.366645
v 0.159095 0.277785 -0.384089
v 0.120681 0.277785 -0.397833
v 0.081106 0.277785 -0.407747
v 0.040749 0.277785 -0.413733
v 0.000000 0.277785 -0.415735
v -0.040749 0.277785 -0.413733
v -0.081106 0.277785 -0.407747
v -0.120681 0.277785 -0.397833
v -0.159095 0.277785 -0.384089
v -0.195976 0.277785 -0.366645
v -0.230970 0.277785 -0.345671
v -0.263739 0.277785 -0.321367
v -0.293969 0.277785 -0.293969
v -0.321367 0.277785 -0.263739
v -0.345671 0.277785 -0.230970
v -0.366645 0.277785 -0.195976
v -0.384089 0.277785 -0.159095
v -0.397833 0.277785 -0.120681
v -0.407747 0.277785 -0.081106
v -0.413733 0.277785 -0.040749
v -0.415735 0.277785 0.000000
v -0.426799 0.257051 0.042036
v -0.428864 0.257051 0.000000
v -0.420624 0.257051 0.083667
v -0.410398 0.257051 0.124493
v -0.396219 0.257051 0.164119
v -0.378225 0.257051 0.202165
v -0.356588 0.257051 0.238264
v -0.331517 0.257051 0.272069
v -0.303253 0.257051 0.303253
v -0.272069 0.257051 0.331517
v -0.238264 0.257051 0.356588
v -0.202165 0.257051 0.378225
v -0.164119 0.257051 0.396219
v -0.124493 0.257051 0.410398
v -0.083667 0.257051 0.420624
v -0.042036 0.257051 0.426799
v -0.000000 0.257051 0.428864
v 0.042036 0.257051 0.426799
v 0.083667 0.257051 0.420624
v 0.124493 0.257051 0.410398
v 0.164119 0.257051 0.396219
v 0.202165 0.257051 0.378225
v 0.238264 0.257051 0.356588
v 0.272069 0.257051 0.331517
v 0.303253 0.257051 0.303253
v 0.331517 0.257051 0.272069
v 0.356588 0.257051 0.238264
v 0.378225 0.257051 0.202165
v 0.396219 0.257051 0.164119
v 0.410398 0.257051 0.124493
v 0.420624 0.257051 0.083667
v 0.426799 0.257051 0.042036
v 0.428864 0.257051 0.000000
v 0.426799 0.257051 -0.042036
v 0.420624 0.257051 -0.083667
v 0.410398 0.257051 -0.124493
v 0.396219 0.257051 -0.164119
v 0.378225 0.257051 -0.202165
v 0.356588 0.257051 -0.238264
v 0.331517 0.257051 -0.272069
v 0.303253 0.257051 -0.303253
v 0.272069 0.257051 -0.331517
v 0.238264 0.257051 -0.356588
v 0.202165 0.257051 -0.378225
v 0.164119 0.257051 -0.396219
v 0.124493 0.257051 -0.410398
v 0.083667 0.257051 -0.420624
v 0.042036 0.257051 -0.426799
v 0.000000 0.257051 -0.428864
v -0.042036 0.257051 -0.426799
v -0.083667 0.257051 -0.420624
v -0.124493 0.257051 -0.410398
v -0.164119 0.257051 -0.396219
v -0.202165 0.257051 -0.378225
v -0.238264 0.257051 -0.356588
v -0.272069 0.257051 -0.331517
v -0.303253 0.257051 -0.303253
v -0.331517 0.257051 -0.272069
v -0.356588 0.257051 -0.238264
v -0.378225 0.257051 -0.202165
v -0.396219 0.257051 -0.164119
v -0.410398 0.257051 -0.124493
v -0.420624 0.257051 -0.083667
v -0.426799 0.257051 -0.042036
v -0.428864 0.257051 0.000000
v -0.438837 0.235698 0.043222
v -0.440961 0.235698 0.000000
v -0.432488 0.235698 0.086027
v -0.421973 0.235698 0.128004
v -0.407394 0.235698 0.168748
v -0.388893 0.235698 0.207867
v -0.366645 0.235698 0.244985
v -0.340867 0.235698 0.279742
v -0.311806 0.235698 0.311806
v -0.279742 0.235698 0.340867
v -0.244985 0.235698 0.366645
v -0.207867 0.235698 0.388893
v -0.168748 0.235698 0.407395
v -0.128004 0.235698 0.421973
v -0.086027 0.235698 0.432488
v -0.043222 0.235698 0.438837
v -0.000000 0.235698 0.440961
v 0.043222 0.235698 0.438837
v 0.086027 0.235698 0.432488
v 0.128004 0.235698 0.421973
v 0.168748 0.235698 0.407395
v 0.207867 0.235698 0.388893
v 0.244985 0.235698 0.366645
v 0.279742 0.235698 0.340867
v 0.311806 0.235698 0.311806
v 0.340867 0.235698 0.279742
v 0.366645 0.235698 0.244985
v 0.388893 0.235698 0.207867
v 0.407394 0.235698 0.168748
v 0.421973 0.235698 0.128004
v 0.432488 0.235698 0.086027
v 0.438837 0.235698 0.043222
v 0.440961 0.235698 0.000000
v 0.438837 0.235698 -0.043222
v 0.432488 0.235698 -0.086027
v 0.421973 0.235698 -0.128004
v 0.407394 0.235698 -0.168748
v 0.388893 0.235698 -0.207867
v 0.366645 0.235698 -0.244985
v 0.340867 0.235698 -0.279742
v 0.311806 0.235698 -0.311806
v 0.279742 0.235698 -0.340867
v 0.244985 0.235698 -0.366645
v 0.207867 0.235698 -0.388893
v 0.168748 0.235698 -0.407394
v 0.128004 0.235698 -0.421973
v 0.086027 0.235698 -0.432488
v 0.043222 0.235698 -0.438837
v 0.000000 0.235698 -0.440961
v -0.043222 0.235698 -0.438837
v -0.086027 0.235698 -0.432488
v -0.128004 0.235698 -0.421973
v -0.168748 0.235698 -0.407394
v -0.207867 0.235698 -0.388893
v -0.244985 0.235698 -0.366645
v -0.279742 0.235698 -0.340867
v -0.311806 0.235698 -0.311806
v -0.340867 0.235698 -0.279742
v -0.366645 0.235698 -0.244985
v -0.388893 0.235698 -0.207867
v -0.407394 0.235698 -0.168748
v -0.421973 0.235698 -0.128004
v -0.432488 0.235698 -0.086027
v -0.438837 0.235698 -0.043222
v -0.440961 0.235698 0.000000
v -0.449818 0.213778 0.044303
v -0.451995 0.213778 0.000000
v -0.443310 0.213778 0.088180
v -0.432532 0.213778 0.131207
v -0.417589 0.213778 0.172971
v -0.398624 0.213778 0.213069
v -0.375820 0.213777 0.251115
v -0.349397 0.213777 0.286742
v -0.319608 0.213777 0.319609
v -0.286742 0.213777 0.349397
v -0.251115 0.213777 0.375820
v -0.213069 0.213777 0.398624
v -0.172971 0.213777 0.417589
v -0.131207 0.213777 0.432532
v -0.088180 0.213777 0.443310
v -0.044303 0.213777 0.449818
v -0.000000 0.213777 0.451995
v 0.044303 0.213777 0.449818
v 0.088180 0.213777 0.443310
v 0.131207 0.213777 0.432532
v 0.172971 0.213777 0.417589
v 0.213069 0.213777 0.398624
v 0.251115 0.213777 0.375820
v 0.286742 0.213777 0.349397
v 0.319608 0.213777 0.319609
v 0.349397 0.213777 0.286742
v 0.375820 0.213777 0.251115
v 0.398624 0.213778 0.213069
v 0.417589 0.213778 0.172971
v 0.432532 0.213778 0.131207
v 0.443310 0.213778 0.088180
v 0.449818 0.213778 0.044303
v 0.451995 0.213778 0.000000
v 0.449818 0.213778 -0.044303
v 0.443310 0.213778 -0.088180
v 0.432532 0.213778 -0.131207
v 0.417589 0.213778 -0.172971
v 0.398624 0.213778 -0.213069
v 0.375820 0.213778 -0.251115
v 0.349397 0.213778 -0.286742
v 0.319608 0.213778 -0.319608
v 0.286742 0.213778 -0.349397
v 0.251115 0.213778 -0.375820
v 0.213069 0.213778 -0.398624
v 0.172971 0.213778 -0.417589
v 0.131207 0.213778 -0.432532
v 0.088180 0.213778 -0.443310
v 0.044303 0.213778 -0.449818
v 0.000000 0.213778 -0.451995
v -0.044303 0.213778 -0.449818
v -0.088180 0.213778 -0.443310
v -0.131207 0.213778 -0.432532
v -0.172971 0.213778 -0.417589
v -0.213069 0.213778 -0.398624
v -0.251115 0.213778 -0.375820
v -0.286742 0.213778 -0.349397
v -0.319608 0.213778 -0.319608
v -0.349397 0.213778 -0.286742
v -0.375820 0.213778 -0.251115
v -0.398624 0.213778 -0.213069
v -0.417589 0.213778 -0.172971
v -0.432532 0.213778 -0.131207
v -0.443310 0.213778 -0.088180
v -0.449818 0.213778 -0.044303
v -0.451995 0.213778 0.000000
v -0.459715 0.191342 0.045278
v -0.461940 0.191342 0.000000
v -0.453064 0.191342 0.090120
v -0.442049 0.191342 0.134094
v -0.426777 0.191342 0.176777
v -0.407394 0.191342 0.217757
v -0.384089 0.191342 0.256640
v -0.357084 0.191342 0.293052
v -0.326641 0.191342 0.326641
v -0.293051 0.191342 0.357084
v -0.256640 0.191342 0.384089
v -0.217757 0.191342 0.407395
v -0.176777 0.191342 0.426777
v -0.134094 0.191342 0.442049
v -0.090120 0.191342 0.453064
v -0.045278 0.191342 0.459715
v -0.000000 0.191342 0.461940
v 0.045278 0.191342 0.459715
v 0.090120 0.191342 0.453064
v 0.134094 0.191342 0.442049
v 0.176777 0.191342 0.426777
v 0.217757 0.191342 0.407395
v 0.256640 0.191342 0.384089
v 0.293051 0.191342 0.357084
v 0.326641 0.191342 0.326641
v 0.357084 0.191342 0.293052
v 0.384089 0.191342 0.256640
v 0.407394 0.191342 0.217757
v 0.426777 0.191342 0.176777
v 0.442049 0.191342 0.134094
v 0.453064 0.191342 0.090120
v 0.459715 0.191342 0.045278
v 0.461940 0.191342 0.000000
v 0.459715 0.191342 -0.045278
v 0.453064 0.191342 -0.090120
v 0.442049 0.191342 -0.134094
v 0.426777 0.191342 -0.176777
v 0.407394 0.191342 -0.217757
v 0.384089 0.191342 -0.256640
v 0.357084 0.191342 -0.293051
v 0.326641 0.191342 -0.326641
v 0.293051 0.191342 -0.357084
v 0.256640 0.191342 -0.384089
v 0.217757 0.191342 -0.407394
v 0.176777 0.191342 -0.426777
v 0.134094 0.191342 -0.442049
v 0.090120 0.191342 -0.453064
v 0.045278 0.191342 -0.459715
v 0.000000 0.191342 -0.461940
v -0.045278 0.191342 -0.459715
v -0.090120 0.191342 -0.453064
v -0.134094 0.191342 -0.442049
v -0.176777 0.191342 -0.426777
v -0.217757 0.191342 -0.407394
v -0.256640 0.191342 -0.384089
v -0.293051 0.191342 -0.357084
v -0.326641 0.191342 -0.326641
v -0.357084 0.191342 -0.293051
v -0.384089 0.191342 -0.256640
v -0.407394 0.191342 -0.217757
v -0.426777 0.191342 -0.176777
v -0.442049 0.191342 -0.134094
v -0.453064 0.191342 -0.090120
v -0.459715 0.191342 -0.045278
v -0.461940 0.191342 0.000000
v -0.468505 0.168445 0.046144
v -0.470772 0.168445 0.000000
v -0.461726 0.168445 0.091843
v -0.450501 0.168445 0.136658
v -0.434937 0.168445 0.180157
v -0.415184 0.168445 0.221920
v -0.391433 0.168445 0.261547
v -0.363912 0.168445 0.298655
v -0.332886 0.168445 0.332886
v -0.298655 0.168445 0.363912
v -0.261547 0.168445 0.391433
v -0.221920 0.168445 0.415184
v -0.180157 0.168445 0.434937
v -0.136658 0.168445 0.450501
v -0.091843 0.168445 0.461726
v -0.046144 0.168445 0.468505
v -0.000000 0.168445 0.470772
v 0.046144 0.168445 0.468505
v 0.091843 0.168445 0.461726
v 0.136658 0.168445 0.450501
v 0.180157 0.168445 0.434937
v 0.221920 0.168445 0.415184
v 0.261547 0.168445 0.391433
v 0.298655 0.168445 0.363912
v 0.332886 0.168445 0.332886
v 0.363912 0.168445 0.298655
v 0.391433 0.168445 0.261547
v 0.415184 0.168445 0.221920
v 0.434937 0.168445 0.180157
v 0.450501 0.168445 0.136658
v 0.461726 0.168445 0.091843
v 0.468505 0.168445 0.046144
v 0.470772 0.168445 0.000000
v 0.468505 0.168445 -0.046144
v 0.461726 0.168445 -0.091843
v 0.450501 0.168445 -0.136658
v 0.434937 0.168445 -0.180157
v 0.415184 0.168445 -0.221920
v 0.391433 0.168445 -0.261547
v 0.363912 0.168445 -0.298655
v 0.332886 0.168445 -0.332886
v 0.298655 0.168445 -0.363912
v 0.261547 0.168445 -0.391433
v 0.221920 0.168445 -0.415184
v 0.180157 0.168445 -0.434937
v 0.136658 0.168445 -0.450501
v 0.091843 0.168445 -0.461726
v 0.046144 0.168445 -0.468505
v 0.000000 0.168445 -0.470772
v -0.046144 0.168445 -0.468505
v -0.091843 0.168445 -0.461726
v -0.136658 0.168445 -0.450501
v -0.180157 0.168445 -0.434937
v -0.221920 0.168445 -0.415184
v -0.261547 0.168445 -0.391433
v -0.298655 0.168445 -0.363912
v -0.332886 0.168445 -0.332886
v -0.363912 0.168445 -0.298655
v -0.391433 0.168445 -0.261547
v -0.415184 0.168445 -0.221920
v -0.434937 0.168445 -0.180157
v -0.450501 0.168445 -0.136658
v -0.461726 0.168445 -0.091843
v -0.468505 0.168445 -0.046144
v -0.470772 0.168445 0.000000
v -0.476166 0.145142 0.046898
v -0.478470 0.145142 0.000000
v -0.469276 0.145142 0.093345
v -0.457867 0.145142 0.138893
v -0.442049 0.145142 0.183103
v -0.421973 0.145142 0.225549
v -0.397833 0.145142 0.265824
v -0.369862 0.145142 0.303538
v -0.338329 0.145142 0.338330
v -0.303538 0.145142 0.369862
v -0.265824 0.145142 0.397833
v -0.225549 0.145142 0.421973
v -0.183103 0.145142 0.442049
v -0.138893 0.145142 0.457867
v -0.093345 0.145142 0.469277
v -0.046898 0.145142 0.476166
v -0.000000 0.145142 0.478470
v 0.046898 0.145142 0.476166
v 0.093345 0.145142 0.469277
v 0.138893 0.145142 0.457867
v 0.183103 0.145142 0.442049
v 0.225549 0.145142 0.421973
v 0.265824 0.145142 0.397833
v 0.303538 0.145142 0.369862
v 0.338329 0.145142 0.338330
v 0.369862 0.145142 0.303538
v 0.397833 0.145142 0.265824
v 0.421973 0.145142 0.225549
v 0.442049 0.145142 0.183103
v 0.457867 0.145142 0.138893
v 0.469276 0.145142 0.093345
v 0.476166 0.145142 0.046898
v 0.478470 0.145142 0.000000
v 0.476166 0.145142 -0.046898
v 0.469276 0.145142 -0.093345
v 0.457867 0.145142 -0.138893
v 0.442049 0.145142 -0.183103
v 0.421973 0.145142 -0.225549
v 0.397833 0.145142 -0.265824
v 0.369862 0.145142 -0.303538
v 0.338329 0.145142 -0.338329
v 0.303538 0.145142 -0.369862
v 0.265824 0.145142 -0.397833
v 0.225549 0.145142 -0.421973
v 0.183103 0.145142 -0.442049
v 0.138893 0.145142 -0.457867
v 0.093345 0.145142 -0.469276
v 0.046898 0.145142 -0.476166
v 0.000000 0.145142 -0.478470
v -0.046898 0.145142 -0.476166
v -0.093345 0.145142 -0.469276
v -0.138893 0.145142 -0.457867
v -0.183103 0.145142 -0.442049
v -0.225549 0.145142 -0.421973
v -0.265824 0.145142 -0.397833
v -0.303538 0.145142 -0.369862
v -0.338329 0.145142 -0.338329
v -0.369862 0.145142 -0.303538
v -0.397833 0.145142 -0.265824
v -0.421973 0.145142 -0.225549
v -0.442049 0.145142 -0.183103
v -0.457867 0.145142 -0.138893
v -0.469276 0.145142 -0.093345
v -0.476166 0.145142 -0.046898
v -0.478470 0.145142 0.000000
v -0.482680 0.121490 0.047540
v -0.485016 0.121490 0.000000
v -0.475696 0.121490 0.094622
v -0.464131 0.121490 0.140793
v -0.448096 0.121490 0.185607
v -0.427746 0.121490 0.228635
v -0.403276 0.121490 0.269460
v -0.374922 0.121490 0.307691
v -0.342958 0.121490 0.342958
v -0.307691 0.121490 0.374922
v -0.269460 0.121490 0.403276
v -0.228635 0.121490 0.427746
v -0.185607 0.121490 0.448096
v -0.140793 0.121490 0.464131
v -0.094622 0.121490 0.475696
v -0.047540 0.121490 0.482680
v -0.000000 0.121490 0.485016
v 0.047540 0.121490 0.482680
v 0.094622 0.121490 0.475696
v 0.140793 0.121490 0.464131
v 0.185607 0.121490 0.448096
v 0.228635 0.121490 0.427746
v 0.269460 0.121490 0.403276
v 0.307691 0.121490 0.374922
v 0.342958 0.121490 0.342958
v 0.374922 0.121490 0.307691
v 0.403276 0.121490 0.269460
v 0.427746 0.121490 0.228635
v 0.448096 0.121490 0.185607
v 0.464131 0.121490 0.140793
v 0.475696 0.121490 0.094622
v 0.482680 0.121490 0.047540
v 0.485016 0.121490 0.000000
v 0.482680 0.121490 -0.047540
v 0.475696 0.121490 -0.094622
v 0.464131 0.121490 -0.140793
v 0.448096 0.121490 -0.185607
v 0.427746 0.121490 -0.228635
v 0.403276 0.121490 -0.269460
v 0.374922 0.121490 -0.307691
v 0.342958 0.121490 -0.342958
v 0.307691 0.121490 -0.374922
v 0.269460 0.121490 -0.403276
v 0.228635 0.121490 -0.427746
v 0.185607 0.121490 -0.448096
v 0.140793 0.121490 -0.464131
v 0.094622 0.121490 -0.475696
v 0.047540 0.121490 -0.482680
v 0.000000 0.121490 -0.485016
v -0.047540 0.121490 -0.482680
v -0.094622 0.121490 -0.475696
v -0.140793 0.121490 -0.464131
v -0.185607 0.121490 -0.448096
v -0.228635 0.121490 -0.427746
v -0.269460 0.121490 -0.403276
v -0.307691 0.121490 -0.374922
v -0.342958 0.121490 -0.342958
v -0.374922 0.121490 -0.307691
v -0.403276 0.121490 -0.269460
v -0.427746 0.121490 -0.228635
v -0.448096 0.121490 -0.185607
v -0.464131 0.121490 -0.140793
v -0.475696 0.121490 -0.094622
v -0.482680 0.121490 -0.047540
v -0.485016 0.121490 0.000000
v -0.488031 0.097545 0.048067
v -0.490393 0.097545 0.000000
v -0.480970 0.097545 0.095671
v -0.469276 0.097545 0.142353
v -0.453064 0.097545 0.187665
v -0.432488 0.097545 0.231170
v -0.407747 0.097545 0.272448
v -0.379079 0.097545 0.311102
v -0.346760 0.097545 0.346760
v -0.311102 0.097545 0.379079
v -0.272448 0.097545 0.407747
v -0.231169 0.097545 0.432488
v -0.187665 0.097545 0.453064
v -0.142353 0.097545 0.469277
v -0.095671 0.097545 0.480970
v -0.048067 0.097545 0.488031
v -0.000000 0.097545 0.490393
v 0.048067 0.097545 0.488031
v 0.095671 0.097545 0.480970
v 0.142353 0.097545 0.469277
v 0.187665 0.097545 0.453064
v 0.231169 0.097545 0.432488
v 0.272448 0.097545 0.407747
v 0.311102 0.097545 0.379079
v 0.346760 0.097545 0.346760
v 0.379079 0.097545 0.311102
v 0.407747 0.097545 0.272448
v 0.432488 0.097545 0.231170
v 0.453064 0.097545 0.187665
v 0.469276 0.097545 0.142353
v 0.480970 0.097545 0.095671
v 0.488031 0.097545 0.048067
v 0.490393 0.097545 0.000000
v 0.488031 0.097545 -0.048067
v 0.480970 0.097545 -0.095671
v 0.469276 0.097545 -0.142353
v 0.453064 0.097545 -0.187665
v 0.432488 0.097545 -0.231169
v 0.407747 0.097545 -0.272448
v 0.379079 0.097545 -0.311102
v 0.346760 0.097545 -0.346760
v 0.311102 0.097545 -0.379079
v 0.272448 0.097545 -0.407747
v 0.231169 0.097545 -0.432488
v 0.187665 0.097545 -0.453064
v 0.142353 0.097545 -0.469276
v 0.095671 0.097545 -0.480970
v 0.048067 0.097545 -0.488031
v 0.000000 0.097545 -0.490393
v -0.048067 0.097545 -0.488031
v -0.095671 0.097545 -0.480970
v -0.142353 0.097545 -0.469276
v -0.187665 0.097545 -0.453064
v -0.231169 0.097545 -0.432488
v -0.272448 0.097545 -0.407747
v -0.311102 0.097545 -0.379079
v -0.346760 0.097545 -0.346760
v -0.379079 0.097545 -0.311102
v -0.407747 0.097545 -0.272448
v -0.432488 0.097545 -0.231169
v -0.453064 0.097545 -0.187665
v -0.469276 0.097545 -0.142353
v -0.480970 0.097545 -0.095671
v -0.488031 0.097545 -0.048067
v -0.490393 0.097545 0.000000
v -0.492207 0.073365 0.048478
v -0.494588 0.073365 0.000000
v -0.485085 0.073365 0.096489
v -0.473291 0.073365 0.143571
v -0.456940 0.073365 0.189271
v -0.436188 0.073365 0.233147
v -0.411235 0.073365 0.274779
v -0.382322 0.073365 0.313763
v -0.349727 0.073365 0.349727
v -0.313763 0.073365 0.382322
v -0.274779 0.073365 0.411235
v -0.233147 0.073365 0.436188
v -0.189271 0.073365 0.456940
v -0.143571 0.073365 0.473291
v -0.096489 0.073365 0.485085
v -0.048478 0.073365 0.492207
v -0.000000 0.073365 0.494588
v 0.048478 0.073365 0.492207
v 0.096489 0.073365 0.485085
v 0.143571 0.073365 0.473291
v 0.189271 0.073365 0.456940
v 0.233147 0.073365 0.436188
v 0.274779 0.073365 0.411235
v 0.313763 0.073365 0.382322
v 0.349727 0.073365 0.349727
v 0.382322 0.073365 0.313763
v 0.411235 0.073365 0.274779
v 0.436188 0.073365 0.233147
v 0.456940 0.073365 0.189271
v 0.473291 0.073365 0.143571
v 0.485085 0.073365 0.096489
v 0.492207 0.073365 0.048478
v 0.494588 0.073365 0.000000
v 0.492207 0.073365 -0.048478
v 0.485085 0.073365 -0.096489
v 0.473291 0.073365 -0.143571
v 0.456940 0.073365 -0.189271
v 0.436188 0.073365 -0.233147
v 0.411235 0.073365 -0.274779
v 0.382322 0.073365 -0.313763
v 0.349727 0.073365 -0.349727
v 0.313763 0.073365 -0.382322
v 0.274779 0.073365 -0.411235
v 0.233147 0.073365 -0.436188
v 0.189271 0.073365 -0.456940
v 0.143571 0.073365 -0.473291
v 0.096489 0.073365 -0.485085
v 0.048478 0.073365 -0.492207
v 0.000000 0.073365 -0.494588
v -0.048478 0.073365 -0.492207
v -0.096489 0.073365 -0.485085
v -0.143571 0.073365 -0.473291
v -0.189271 0.073365 -0.456940
v -0.233147 0.073365 -0.436188
v -0.274779 0.073365 -0.411235
v -0.313763 0.073365 -0.382322
v -0.349727 0.073365 -0.349727
v -0.382322 0.073365 -0.313763
v -0.411235 0.073365 -0.274779
v -0.436188 0.073365 -0.233147
v -0.456940 0.073365 -0.189271
v -0.473291 0.073365 -0.143571
v -0.485085 0.073365 -0.096489
v -0.492207 0.073365 -0.048478
v -0.494588 0.073365 0.000000
v -0.495196 0.049009 0.048773
v -0.497592 0.049009 0.000000
v -0.488031 0.049009 0.097075
v -0.476166 0.049009 0.144443
v -0.459715 0.049009 0.190420
v -0.438837 0.049009 0.234563
v -0.413733 0.049009 0.276448
v -0.384644 0.049009 0.315669
v -0.351851 0.049009 0.351851
v -0.315669 0.049009 0.384644
v -0.276448 0.049009 0.413733
v -0.234563 0.049008 0.438837
v -0.190420 0.049008 0.459715
v -0.144443 0.049008 0.476166
v -0.097075 0.049008 0.488031
v -0.048773 0.049008 0.495196
v -0.000000 0.049008 0.497592
v 0.048773 0.049008 0.495196
v 0.097075 0.049008 0.488031
v 0.144443 0.049008 0.476166
v 0.190420 0.049008 0.459715
v 0.234563 0.049008 0.438837
v 0.276448 0.049009 0.413733
v 0.315669 0.049009 0.384644
v 0.351851 0.049009 0.351851
v 0.384644 0.049009 0.315669
v 0.413733 0.049009 0.276448
v 0.438837 0.049009 0.234563
v 0.459715 0.049009 0.190420
v 0.476166 0.049009 0.144443
v 0.488031 0.049009 0.097075
v 0.495196 0.049009 0.048773
v 0.497592 0.049009 0.000000
v 0.495196 0.049009 -0.048773
v 0.488031 0.049009 -0.097075
v 0.476166 0.049009 -0.144443
v 0.459715 0.049009 -0.190420
v 0.438837 0.049009 -0.234563
v 0.413733 0.049009 -0.276448
v 0.384644 0.049009 -0.315669
v 0.351851 0.049009 -0.351851
v 0.315669 0.049009 -0.384644
v 0.276448 0.049009 -0.413733
v 0.234563 0.049009 -0.438837
v 0.190420 0.049009 -0.459715
v 0.144443 0.049009 -0.476166
v 0.097075 0.049009 -0.488031
v 0.048773 0.049009 -0.495196
v 0.000000 0.049009 -0.497592
v -0.048773 0.049009 -0.495196
v -0.097075 0.049009 -0.488031
v -0.144443 0.049009 -0.476166
v -0.190420 0.049009 -0.459715
v -0.234563 0.049009 -0.438837
v -0.276448 0.049009 -0.413733
v -0.315669 0.049009 -0.384644
v -0.351851 0.049009 -0.351851
v -0.384644 0.049009 -0.315669
v -0.413733 0.049009 -0.276448
v -0.438837 0.049009 -0.234563
v -0.459715 0.049009 -0.190420
v -0.476166 0.049009 -0.144443
v -0.488031 0.049009 -0.097075
v -0.495196 0.049009 -0.048773
v -0.497592 0.049009 0.000000
v -0.496993 0.024534 0.048950
v -0.499398 0.024534 0.000000
v -0.489802 0.024534 0.097428
v -0.477894 0.024534 0.144968
v -0.461383 0.024534 0.191111
v -0.440429 0.024534 0.235414
v -0.415234 0.024534 0.277451
v -0.386040 0.024534 0.316815
v -0.353128 0.024534 0.353128
v -0.316815 0.024534 0.386040
v -0.277451 0.024534 0.415234
v -0.235414 0.024534 0.440429
v -0.191111 0.024534 0.461383
v -0.144968 0.024534 0.477894
v -0.097428 0.024534 0.489802
v -0.048950 0.024534 0.496993
v -0.000000 0.024534 0.499398
v 0.048950 0.024534 0.496993
v 0.097428 0.024534 0.489802
v 0.144968 0.024534 0.477894
v 0.191111 0.024534 0.461383
v 0.235414 0.024534 0.440429
v 0.277451 0.024534 0.415234
v 0.316815 0.024534 0.386040
v 0.353128 0.024534 0.353128
v 0.386040 0.024534 0.316815
v 0.415234 0.024534 0.277451
v 0.440429 0.024534 0.235414
v 0.461383 0.024534 0.191111
v 0.477894 0.024534 0.144968
v 0.489802 0.024534 0.097428
v 0.496993 0.024534 0.048950
v 0.499398 0.024534 0.000000
v 0.496993 0.024534 -0.048950
v 0.489802 0.024534 -0.097428
v 0.477894 0.024534 -0.144968
v 0.461383 0.024534 -0.191111
v 0.440429 0.024534 -0.235414
v 0.415234 0.024534 -0.277451
v 0.386040 0.024534 -0.316815
v 0.353128 0.024534 -0.353128
v 0.316815 0.024534 -0.386040
v 0.277451 0.024534 -0.415234
v 0.235414 0.024534 -0.440429
v 0.191111 0.024534 -0.461383
v 0.144968 0.024534 -0.477894
v 0.097428 0.024534 -0.489802
v 0.048950 0.024534 -0.496993
v 0.000000 0.024534 -0.499398
v -0.048950 0.024534 -0.496993
v -0.097428 0.024534 -0.489802
v -0.144968 0.024534 -0.477894
v -0.191111 0.024534 -0.461383
v -0.235414 0.024534 -0.440429
v -0.277451 0.024534 -0.415234
v -0.316815 0.024534 -0.386040
v -0.353128 0.024534 -0.353128
v -0.386040 0.024534 -0.316815
v -0.415234 0.024534 -0.277451
v -0.440429 0.024534 -0.235414
v -0.461383 0.024534 -0.191111
v -0.477894 0.024534 -0.144968
v -0.489802 0.024534 -0.097428
v -0.496993 0.024534 -0.048950
v -0.499398 0.024534 0.000000
v -0.497592 -0.000000 0.049009
v -0.500000 0.000000 0.000000
v -0.490393 -0.000000 0.097545
v -0.478470 -0.000000 0.145142
v -0.461940 -0.000000 0.191342
v -0.440961 -0.000000 0.235698
v -0.415735 -0.000000 0.277785
v -0.386505 -0.000000 0.317197
v -0.353553 -0.000000 0.353553
v -0.317197 -0.000000 0.386505
v -0.277785 -0.000000 0.415735
v -0.235698 -0.000000 0.440961
v -0.191342 -0.000000 0.461940
v -0.145142 -0.000000 0.478470
v -0.097545 -0.000000 0.490393
v -0.049009 -0.000000 0.497592
v -0.000000 -0.000000 0.500000
v 0.049009 -0.000000 0.497592
v 0.097545 -0.000000 0.490393
v 0.145142 -0.000000 0.478470
v 0.191342 -0.000000 0.461940
v 0.235698 -0.000000 0.440961
v 0.277785 -0.000000 0.415735
v 0.317197 -0.000000 0.386505
v 0.353553 -0.000000 0.353553
v 0.386505 -0.000000 0.317197
v 0.415735 -0.000000 0.277785
v 0.440961 -0.000000 0.235698
v 0.461940 -0.000000 0.191342
v 0.478470 -0.000000 0.145142
v 0.490393 -0.000000 0.097545
v 0.497592 -0.000000 0.049009
v 0.500000 0.000000 0.000000
v 0.497592 0.000000 -0.049009
v 0.490393 0.000000 -0.097545
v 0.478470 0.000000 -0.145142
v 0.461940 0.000000 -0.191342
v 0.440961 0.000000 -0.235698
v 0.415735 0.000000 -0.277785
v 0.386505 0.000000 -0.317197
v 0.353553 0.000000 -0.353553
v 0.317197 0.000000 -0.386505
v 0.277785 0.000000 -0.415735
v 0.235698 0.000000 -0.440961
v 0.191342 0.000000 -0.461940
v 0.145142 0.000000 -0.478470
v 0.097545 0.000000 -0.490393
v 0.049009 0.000000 -0.497592
v 0.000000 0.000000 -0.500000
v -0.049009 0.000000 -0.497592
v -0.097545 0.000000 -0.490393
v -0.145142 0.000000 -0.478470
v -0.191342 0.000000 -0.461940
v -0.235698 0.000000 -0.440961
v -0.277785 0.000000 -0.415735
v -0.317197 0.000000 -0.386505
v -0.353553 0.000000 -0.353553
v -0.386505 0.000000 -0.317197
v -0.415735 0.000000 -0.277785
v -0.440961 0.000000 -0.235698
v -0.461940 0.000000 -0.191342
v -0.478470 0.000000 -0.145142
v -0.490393 0.000000 -0.097545
v -0.497592 0.000000 -0.049009
v -0.500000 0.000000 -0.000000
v -0.496993 -0.024534 0.048950
v -0.499398 -0.024534 -0.000000
v -0.489802 -0.024534 0.097428
v -0.477894 -0.024534 0.144968
v -0.461383 -0.024534 0.191111
v -0.440429 -0.024534 0.235414
v -0.415234 -0.024534 0.277451
v -0.386040 -0.024534 0.316815
v -0.353128 -0.024534 0.353128
v -0.316815 -0.024534 0.386040
v -0.277451 -0.024534 0.415234
v -0.235414 -0.024534 0.440429
v -0.191111 -0.024534 0.461383
v -0.144968 -0.024534 0.477894
v -0.097428 -0.024534 0.489802
v -0.048950 -0.024534 0.496993
v -0.000000 -0.024534 0.499398
v 0.048950 -0.024534 0.496993
v 0.097428 -0.024534 0.489802
v 0.144968 -0.024534 0.477894
v 0.191111 -0.024534 0.461383
v 0.235414 -0.024534 0.440429
v 0.277451 -0.024534 0.415234
v 0.316815 -0.024534 0.386040
v 0.353128 -0.024534 0.353128
v 0.386040 -0.024534 0.316815
v 0.415234 -0.024534 0.277451
v 0.440429 -0.024534 0.235414
v 0.461383 -0.024534 0.191111
v 0.477894 -0.024534 0.144968
v 0.489802 -0.024534 0.097428
v 0.496993 -0.024534 0.048950
v 0.499398 -0.024534 -0.000000
v 0.496993 -0.024534 -0.048950
v 0.489802 -0.024534 -0.097428
v 0.477894 -0.024534 -0.144968
v 0.461383 -0.024534 -0.191111
v 0.440429 -0.024534 -0.235414
v 0.415234 -0.024534 -0.277451
v 0.386040 -0.024534 -0.316815
v 0.353128 -0.024534 -0.353128
v 0.316815 -0.024534 -0.386040
v 0.277451 -0.024534 -0.415234
v 0.235414 -0.024534 -0.440429
v 0.191111 -0.024534 -0.461383
v 0.144968 -0.024534 -0.477894
v 0.097428 -0.024534 -0.489802
v 0.048950 -0.024534 -0.496993
v 0.000000 -0.024534 -0.499398
v -0.048950 -0.024534 -0.496993
v -0.097428 -0.024534 -0.489802
v -0.144968 -0.024534 -0.477894
v -0.191111 -0.024534 -0.461383
v -0.235414 -0.024534 -0.440429
v -0.277451 -0.024534 -0.415234
v -0.316815 -0.024534 -0.386040
v -0.353128 -0.024534 -0.353128
v -0.386040 -0.024534 -0.316815
v -0.415234 -0.024534 -0.277451
v -0.440429 -0.024534 -0.235414
v -0.461383 -0.024534 -0.191111
v -0.477894 -0.024534 -0.144968
v -0.489802 -0.024534 -0.097428
v -0.496993 -0.024534 -0.048950
v -0.499398 -0.024534 -0.000000
v -0.495196 -0.049009 0.048773
v -0.497592 -0.049009 -0.000000
v -0.488031 -0.049009 0.097075
v -0.476166 -0.049009 0.144443
v -0.459715 -0.049009 0.190420
v -0.438837 -0.049009 0.234563
v -0.413733 -0.049009 0.276448
v -0.384644 -0.049009 0.315669
v -0.351851 -0.049009 0.351851
v -0.315669 -0.049009 0.384644
v -0.276448 -0.049009 0.413733
v -0.234563 -0.049009 0.438837
v -0.190420 -0.049009 0.459715
v -0.144443 -0.049009 0.476166
v -0.097075 -0.049009 0.488031
v -0.048773 -0.049009 0.495196
v -0.000000 -0.049009 0.497592
v 0.048773 -0.049009 0.495196
v 0.097075 -0.049009 0.488031
v 0.144443 -0.049009 0.476166
v 0.190420 -0.049009 0.459715
v 0.234563 -0.049009 0.438837
v 0.276448 -0.049009 0.413733
v 0.315669 -0.049009 0.384644
v 0.351851 -0.049009 0.351851
v 0.384644 -0.049009 0.315669
v 0.413733 -0.049009 0.276448
v 0.438837 -0.049009 0.234563
v 0.459715 -0.049009 0.190420
v 0.476166 -0.049009 0.144443
v 0.488031 -0.049009 0.097075
v 0.495196 -0.049009 0.048773
v 0.497592 -0.049009 -0.000000
v 0.495196 -0.049009 -0.048773
v 0.488031 -0.049009 -0.097075
v 0.476166 -0.049009 -0.144443
v 0.459715 -0.049009 -0.190420
v 0.438837 -0.049009 -0.234563
v 0.413733 -0.049009 -0.276448
v 0.384644 -0.049009 -0.315669
v 0.351851 -0.049009 -0.351851
v 0.315669 -0.049009 -0.384644
v 0.276448 -0.049009 -0.413733
v 0.234563 -0.049008 -0.438837
v 0.190420 -0.049008 -0.459715
v 0.144443 -0.049008 -0.476166
v 0.097075 -0.049008 -0.488031
v 0.048773 -0.049008 -0.495196
v 0.000000 -0.049008 -0.497592
v -0.048773 -0.049008 -0.495196
v -0.097075 -0.049008 -0.488031
v -0.144443 -0.049008 -0.476166
v -0.190420 -0.049008 -0.459715
v -0.234563 -0.049008 -0.438837
v -0.276448 -0.049009 -0.413733
v -0.315669 -0.049009 -0.384644
v -0.351851 -0.049009 -0.351851
v -0.384644 -0.049009 -0.315669
v -0.413733 -0.049009 -0.276448
v -0.438837 -0.049009 -0.234563
v -0.459715 -0.049009 -0.190420
v -0.476166 -0.049009 -0.144443
v -0.488031 -0.049009 -0.097075
v -0.495196 -0.049009 -0.048773
v -0.497592 -0.049009 -0.000000
v -0.492207 -0.073365 0.048478
v -0.494588 -0.073365 -0.000000
v -0.485085 -0.073365 0.096489
v -0.473291 -0.073365 0.143571
v -0.456940 -0.073365 0.189271
v -0.436188 -0.073365 0.233147
v -0.411235 -0.073365 0.274779
v -0.382322 -0.073365 0.313763
v -0.349727 -0.073365 0.349727
v -0.313763 -0.073365 0.382322
v -0.274779 -0.073365 0.411235
v -0.233147 -0.073365 0.436188
v -0.189271 -0.073365 0.456940
v -0.143571 -0.073365 0.473291
v -0.096489 -0.073365 0.485085
v -0.048478 -0.073365 0.492207
v -0.000000 -0.073365 0.494588
v 0.048478 -0.073365 0.492207
v 0.096489 -0.073365 0.485085
v 0.143571 -0.073365 0.473291
v 0.189271 -0.073365 0.456940
v 0.233147 -0.073365 0.436188
v 0.274779 -0.073365 0.411235
v 0.313763 -0.073365 0.382322
v 0.349727 -0.073365 0.349727
v 0.382322 -0.073365 0.313763
v 0.411235 -0.073365 0.274779
v 0.436188 -0.073365 0.233147
v 0.456940 -0.073365 0.189271
v 0.473291 -0.073365 0.143571
v 0.485085 -0.073365 0.096489
v 0.492207 -0.073365 0.048478
v 0.494588 -0.073365 -0.000000
v 0.492207 -0.073365 -0.048478
v 0.485085 -0.073365 -0.096489
v 0.473291 -0.073365 -0.143571
v 0.456940 -0.073365 -0.189271
v 0.436188 -0.073365 -0.233147
v 0.411235 -0.073365 -0.274779
v 0.382322 -0.073365 -0.313763
v 0.349727 -0.073365 -0.349727
v 0.313763 -0.073365 -0.382322
v 0.274779 -0.073365 -0.411235
v 0.233147 -0.073365 -0.436188
v 0.189271 -0.073365 -0.456940
v 0.143571 -0.073365 -0.473291
v 0.096489 -0.073365 -0.485085
v 0.048478 -0.073365 -0.492207
v 0.000000 -0.073365 -0.494588
v -0.048478 -0.073365 -0.492207
v -0.096489 -0.073365 -0.485085
v -0.143571 -0.073365 -0.473291
v -0.189271 -0.073365 -0.456940
v -0.233147 -0.073365 -0.436188
v -0.274779 -0.073365 -0.411235
v -0.313763 -0.073365 -0.382322
v -0.349727 -0.073365 -0.349727
v -0.382322 -0.073365 -0.313763
v -0.411235 -0.073365 -0.274779
v -0.436188 -0.073365 -0.233147
v -0.456940 -0.073365 -0.189271
v -0.473291 -0.073365 -0.143571
v -0.485085 -0.073365 -0.096489
v -0.492207 -0.073365 -0.048478
v -0.494588 -0.073365 -0.000000
v -0.488031 -0.097545 0.048067
v -0.490393 -0.097545 -0.000000
v -0.480970 -0.097545 0.095671
v -0.469276 -0.097545 0.142353
v -0.453064 -0.097545 0.187665
v -0.432488 -0.097545 0.231169
v -0.407747 -0.097545 0.272448
v -0.379079 -0.097545 0.311102
v -0.346760 -0.097545 0.346760
v -0.311102 -0.097545 0.379079
v -0.272448 -0.097545 0.407747
v -0.231169 -0.097545 0.432488
v -0.187665 -0.097545 0.453064
v -0.142353 -0.097545 0.469276
v -0.095671 -0.097545 0.480970
v -0.048067 -0.097545 0.488031
v -0.000000 -0.097545 0.490393
v 0.048067 -0.097545 0.488031
v 0.095671 -0.097545 0.480970
v 0.142353 -0.097545 0.469276
v 0.187665 -0.097545 0.453064
v 0.231169 -0.097545 0.432488
v 0.272448 -0.097545 0.407747
v 0.311102 -0.097545 0.379079
v 0.346760 -0.097545 0.346760
v 0.379079 -0.097545 0.311102
v 0.407747 -0.097545 0.272448
v 0.432488 -0.097545 0.231169
v 0.453064 -0.097545 0.187665
v 0.469276 -0.097545 0.142353
v 0.480970 -0.097545 0.095671
v 0.488031 -0.097545 0.048067
v 0.490393 -0.097545 -0.000000
v 0.488031 -0.097545 -0.048067
v 0.480970 -0.097545 -0.095671
v 0.469276 -0.097545 -0.142353
v 0.453064 -0.097545 -0.187665
v 0.432488 -0.097545 -0.231170
v 0.407747 -0.097545 -0.272448
v 0.379079 -0.097545 -0.311102
v 0.346760 -0.097545 -0.346760
v 0.311102 -0.097545 -0.379079
v 0.272448 -0.097545 -0.407747
v 0.231169 -0.097545 -0.432488
v 0.187665 -0.097545 -0.453064
v 0.142353 -0.097545 -0.469277
v 0.095671 -0.097545 -0.480970
v 0.048067 -0.097545 -0.488031
v 0.000000 -0.097545 -0.490393
v -0.048067 -0.097545 -0.488031
v -0.095671 -0.097545 -0.480970
v -0.142353 -0.097545 -0.469277
v -0.187665 -0.097545 -0.453064
v -0.231169 -0.097545 -0.432488
v -0.272448 -0.097545 -0.407747
v -0.311102 -0.097545 -0.379079
v -0.346760 -0.097545 -0.346760
v -0.379079 -0.097545 -0.311102
v -0.407747 -0.097545 -0.272448
v -0.432488 -0.097545 -0.231170
v -0.453064 -0.097545 -0.187665
v -0.469276 -0.097545 -0.142353
v -0.480970 -0.097545 -0.095671
v -0.488031 -0.097545 -0.048067
v -0.490393 -0.097545 -0.000000
v -0.482680 -0.121490 0.047540
v -0.485016 -0.121490 -0.000000
v -0.475696 -0.121490 0.094622
v -0.464131 -0.121490 0.140793
v -0.448096 -0.121490 0.185607
v -0.427746 -0.121490 0.228635
v -0.403276 -0.121490 0.269460
v -0.374922 -0.121490 0.307691
v -0.342958 -0.121490 0.342958
v -0.307691 -0.121490 0.374922
v -0.269460 -0.121490 0.403276
v -0.228635 -0.121490 0.427746
v -0.185607 -0.121490 0.448096
v -0.140793 -0.121490 0.464131
v -0.094622 -0.121490 0.475696
v -0.047540 -0.121490 0.482680
v -0.000000 -0.121490 0.485016
v 0.047540 -0.121490 0.482680
v 0.094622 -0.121490 0.475696
v 0.140793 -0.121490 0.464131
v 0.185607 -0.121490 0.448096
v 0.228635 -0.121490 0.427746
v 0.269460 -0.121490 0.403276
v 0.307691 -0.121490 0.374922
v 0.342958 -0.121490 0.342958
v 0.374922 -0.121490 0.307691
v 0.403276 -0.121490 0.269460
v 0.427746 -0.121490 0.228635
v 0.448096 -0.121490 0.185607
v 0.464131 -0.121490 0.140793
v 0.475696 -0.121490 0.094622
v 0.482680 -0.121490 0.047540
v 0.485016 -0.121490 -0.000000
v 0.482680 -0.121490 -0.047540
v 0.475696 -0.121490 -0.094622
v 0.464131 -0.121490 -0.140793
v 0.448096 -0.121490 -0.185607
v 0.427746 -0.121490 -0.228635
v 0.403276 -0.121490 -0.269460
v 0.374922 -0.121490 -0.307691
v 0.342958 -0.121490 -0.342958
v 0.307691 -0.121490 -0.374922
v 0.269460 -0.121490 -0.403276
v 0.228635 -0.121490 -0.427746
v 0.185607 -0.121490 -0.448096
v 0.140793 -0.121490 -0.464131
v 0.094622 -0.121490 -0.475696
v 0.047540 -0.121490 -0.482680
v 0.000000 -0.121490 -0.485016
v -0.047540 -0.121490 -0.482680
v -0.094622 -0.121490 -0.475696
v -0.140793 -0.121490 -0.464131
v -0.185607 -0.121490 -0.448096
v -0.228635 -0.121490 -0.427746
v -0.269460 -0.121490 -0.403276
v -0.307691 -0.121490 -0.374922
v -0.342958 -0.121490 -0.342958
v -0.374922 -0.121490 -0.307691
v -0.403276 -0.121490 -0.269460
v -0.427746 -0.121490 -0.228635
v -0.448096 -0.121490 -0.185607
v -0.464131 -0.121490 -0.140793
v -0.475696 -0.121490 -0.094622
v -0.482680 -0.121490 -0.047540
v -0.485016 -0.121490 -0.000000
v -0.476166 -0.145142 0.046898
v -0.478470 -0.145142 -0.000000
v -0.469276 -0.145142 0.093345
v -0.457867 -0.145142 0.138893
v -0.442049 -0.145142 0.183103
v -0.421973 -0.145142 0.225549
v -0.397833 -0.145142 0.265824
v -0.369862 -0.145142 0.303538
v -0.338329 -0.145142 0.338329
v -0.303538 -0.145142 0.369862
v -0.265824 -0.145142 0.397833
v -0.225549 -0.145142 0.421973
v -0.183103 -0.145142 0.442049
v -0.138893 -0.145142 0.457867
v -0.093345 -0.145142 0.469276
v -0.046898 -0.145142 0.476166
v -0.000000 -0.145142 0.478470
v 0.046898 -0.145142 0.476166
v 0.093345 -0.145142 0.469276
v 0.138893 -0.145142 0.457867
v 0.183103 -0.145142 0.442049
v 0.225549 -0.145142 0.421973
v 0.265824 -0.145142 0.397833
v 0.303538 -0.145142 0.369862
v 0.338329 -0.145142 0.338329
v 0.369862 -0.145142 0.303538
v 0.397833 -0.145142 0.265824
v 0.421973 -0.145142 0.225549
v 0.442049 -0.145142 0.183103
v 0.457867 -0.145142 0.138893
v 0.469276 -0.145142 0.093345
v 0.476166 -0.145142 0.046898
v 0.478470 -0.145142 -0.000000
v 0.476166 -0.145142 -0.046898
v 0.469276 -0.145142 -0.093345
v 0.457867 -0.145142 -0.138893
v 0.442049 -0.145142 -0.183103
v 0.421973 -0.145142 -0.225549
v 0.397833 -0.145142 -0.265824
v 0.369862 -0.145142 -0.303538
v 0.338329 -0.145142 -0.338330
v 0.303538 -0.145142 -0.369862
v 0.265824 -0.145142 -0.397833
v 0.225549 -0.145142 -0.421973
v 0.183103 -0.145142 -0.442049
v 0.138893 -0.145142 -0.457867
v 0.093345 -0.145142 -0.469277
v 0.046898 -0.145142 -0.476166
v 0.000000 -0.145142 -0.478470
v -0.046898 -0.145142 -0.476166
v -0.093345 -0.145142 -0.469277
v -0.138893 -0.145142 -0.457867
v -0.183103 -0.145142 -0.442049
v -0.225549 -0.145142 -0.421973
v -0.265824 -0.145142 -0.397833
v -0.303538 -0.145142 -0.369862
v -0.338329 -0.145142 -0.338330
v -0.369862 -0.145142 -0.303538
v -0.397833 -0.145142 -0.265824
v -0.421973 -0.145142 -0.225549
v -0.442049 -0.145142 -0.183103
v -0.457867 -0.145142 -0.138893
v -0.469276 -0.145142 -0.093345
v -0.476166 -0.145142 -0.046898
v -0.478470 -0.145142 -0.000000
v -0.468505 -0.168445 0.046144
v -0.470772 -0.168445 -0.000000
v -0.461726 -0.168445 0.091843
v -0.450501 -0.168445 0.136658
v -0.434937 -0.168445 0.180157
v -0.415184 -0.168445 0.221920
v -0.391433 -0.168445 0.261547
v -0.363912 -0.168445 0.298655
v -0.332886 -0.168445 0.332886
v -0.298655 -0.168445 0.363912
v -0.261547 -0.168445 0.391433
v -0.221920 -0.168445 0.415184
v -0.180157 -0.168445 0.434937
v -0.136658 -0.168445 0.450501
v -0.091843 -0.168445 0.461726
v -0.046144 -0.168445 0.468505
v -0.000000 -0.168445 0.470772
v 0.046144 -0.168445 0.468505
v 0.091843 -0.168445 0.461726
v 0.136658 -0.168445 0.450501
v 0.180157 -0.168445 0.434937
v 0.221920 -0.168445 0.415184
v 0.261547 -0.168445 0.391433
v 0.298655 -0.168445 0.363912
v 0.332886 -0.168445 0.332886
v 0.363912 -0.168445 0.298655
v 0.391433 -0.168445 0.261547
v 0.415184 -0.168445 0.221920
v 0.434937 -0.168445 0.180157
v 0.450501 -0.168445 0.136658
v 0.461726 -0.168445 0.091843
v 0.468505 -0.168445 0.046144
v 0.470772 -0.168445 -0.000000
v 0.468505 -0.168445 -0.046144
v 0.461726 -0.168445 -0.091843
v 0.450501 -0.168445 -0.136658
v 0.434937 -0.168445 -0.180157
v 0.415184 -0.168445 -0.221920
v 0.391433 -0.168445 -0.261547
v 0.363912 -0.168445 -0.298655
v 0.332886 -0.168445 -0.332886
v 0.298655 -0.168445 -0.363912
v 0.261547 -0.168445 -0.391433
v 0.221920 -0.168445 -0.415184
v 0.180157 -0.168445 -0.434937
v 0.136658 -0.168445 -0.450501
v 0.091843 -0.168445 -0.461726
v 0.046144 -0.168445 -0.468505
v 0.000000 -0.168445 -0.470772
v -0.046144 -0.168445 -0.468505
v -0.091843 -0.168445 -0.461726
v -0.136658 -0.168445 -0.450501
v -0.180157 -0.168445 -0.434937
v -0.221920 -0.168445 -0.415184
v -0.261547 -0.168445 -0.391433
v -0.298655 -0.168445 -0.363912
v -0.332886 -0.168445 -0.332886
v -0.363912 -0.168445 -0.298655
v -0.391433 -0.168445 -0.261547
v -0.415184 -0.168445 -0.221920
v -0.434937 -0.168445 -0.180157
v -0.450501 -0.168445 -0.136658
v -0.461726 -0.168445 -0.091843
v -0.468505 -0.168445 -0.046144
v -0.470772 -0.168445 -0.000000
v -0.459715 -0.191342 0.045278
v -0.461940 -0.191342 -0.000000
v -0.453064 -0.191342 0.090120
v -0.442049 -0.191342 0.134094
v -0.426777 -0.191342 0.176777
v -0.407394 -0.191342 0.217757
v -0.384089 -0.191342 0.256640
v -0.357084 -0.191342 0.293051
v -0.326641 -0.191342 0.326641
v -0.293051 -0.191342 0.357084
v -0.256640 -0.191342 0.384089
v -0.217757 -0.191342 0.407394
v -0.176777 -0.191342 0.426777
v -0.134094 -0.191342 0.442049
v -0.090120 -0.191342 0.453064
v -0.045278 -0.191342 0.459715
v -0.000000 -0.191342 0.461940
v 0.045278 -0.191342 0.459715
v 0.090120 -0.191342 0.453064
v 0.134094 -0.191342 0.442049
v 0.176777 -0.191342 0.426777
v 0.217757 -0.191342 0.407394
v 0.256640 -0.191342 0.384089
v 0.293051 -0.191342 0.357084
v 0.326641 -0.191342 0.326641
v 0.357084 -0.191342 0.293051
v 0.384089 -0.191342 0.256640
v 0.407394 -0.191342 0.217757
v 0.426777 -0.191342 0.176777
v 0.442049 -0.191342 0.134094
v 0.453064 -0.191342 0.090120
v 0.459715 -0.191342 0.045278
v 0.461940 -0.191342 -0.000000
v 0.459715 -0.191342 -0.045278
v 0.453064 -0.191342 -0.090120
v 0.442049 -0.191342 -0.134094
v 0.426777 -0.191342 -0.176777
v 0.407394 -0.191342 -0.217757
v 0.384089 -0.191342 -0.256640
v 0.357084 -0.191342 -0.293052
v 0.326641 -0.191342 -0.326641
v 0.293051 -0.191342 -0.357084
v 0.256640 -0.191342 -0.384089
v 0.217757 -0.191342 -0.407395
v 0.176777 -0.191342 -0.426777
v 0.134094 -0.191342 -0.442049
v 0.090120 -0.191342 -0.453064
v 0.045278 -0.191342 -0.459715
v 0.000000 -0.191342 -0.461940
v -0.045278 -0.191342 -0.459715
v -0.090120 -0.191342 -0.453064
v -0.134094 -0.191342 -0.442049
v -0.176777 -0.191342 -0.426777
v -0.217757 -0.191342 -0.407395
v -0.256640 -0.191342 -0.384089
v -0.293051 -0.191342 -0.357084
v -0.326641 -0.191342 -0.326641
v -0.357084 -0.191342 -0.293052
v -0.384089 -0.191342 -0.256640
v -0.407394 -0.191342 -0.217757
v -0.426777 -0.191342 -0.176777
v -0.442049 -0.191342 -0.134094
v -0.453064 -0.191342 -0.090120
v -0.459715 -0.191342 -0.045278
v -0.461940 -0.191342 -0.000000
v -0.449818 -0.213778 0.044303
v -0.451995 -0.213778 -0.000000
v -0.443310 -0.213778 0.088180
v -0.432532 -0.213778 0.131207
v -0.417589 -0.213778 0.172971
v -0.398624 -0.213778 0.213069
v -0.375820 -0.213778 0.251115
v -0.349397 -0.213778 0.286742
v -0.319608 -0.213778 0.319608
v -0.286742 -0.213778 0.349397
v -0.251115 -0.213778 0.375820
v -0.213069 -0.213778 0.398624
v -0.172971 -0.213778 0.417589
v -0.131207 -0.213778 0.432532
v -0.088180 -0.213778 0.443310
v -0.044303 -0.213778 0.449818
v -0.000000 -0.213778 0.451995
v 0.044303 -0.213778 0.449818
v 0.088180 -0.213778 0.443310
v 0.131207 -0.213778 0.432532
v 0.172971 -0.213778 0.417589
v 0.213069 -0.213778 0.398624
v 0.251115 -0.213778 0.375820
v 0.286742 -0.213778 0.349397
v 0.319608 -0.213778 0.319608
v 0.349397 -0.213778 0.286742
v 0.375820 -0.213778 0.251115
v 0.398624 -0.213778 0.213069
v 0.417589 -0.213778 0.172971
v 0.432532 -0.213778 0.131207
v 0.443310 -0.213778 0.088180
v 0.449818 -0.213778 0.044303
v 0.451995 -0.213778 -0.000000
v 0.449818 -0.213778 -0.044303
v 0.443310 -0.213778 -0.088180
v 0.432532 -0.213778 -0.131207
v 0.417589 -0.213778 -0.172971
v 0.398624 -0.213778 -0.213069
v 0.375820 -0.213777 -0.251115
v 0.349397 -0.213777 -0.286742
v 0.319608 -0.213777 -0.319609
v 0.286742 -0.213777 -0.349397
v 0.251115 -0.213777 -0.375820
v 0.213069 -0.213777 -0.398624
v 0.172971 -0.213777 -0.417589
v 0.131207 -0.213777 -0.432532
v 0.088180 -0.213777 -0.443310
v 0.044303 -0.213777 -0.449818
v 0.000000 -0.213777 -0.451995
v -0.044303 -0.213777 -0.449818
v -0.088180 -0.213777 -0.443310
v -0.131207 -0.213777 -0.432532
v -0.172971 -0.213777 -0.417589
v -0.213069 -0.213777 -0.398624
v -0.251115 -0.213777 -0.375820
v -0.286742 -0.213777 -0.349397
v -0.319608 -0.213777 -0.319609
v -0.349397 -0.213777 -0.286742
v -0.375820 -0.213777 -0.251115
v -0.398624 -0.213778 -0.213069
v -0.417589 -0.213778 -0.172971
v -0.432532 -0.213778 -0.131207
v -0.443310 -0.213778 -0.088180
v -0.449818 -0.213778 -0.044303
v -0.451995 -0.213778 -0.000000
v -0.438837 -0.235698 0.043222
v -0.440961 -0.235698 -0.000000
v -0.432488 -0.235698 0.086027
v -0.421973 -0.235698 0.128004
v -0.407394 -0.235698 0.168748
v -0.388893 -0.235698 0.207867
v -0.366645 -0.235698 0.244985
v -0.340867 -0.235698 0.279742
v -0.311806 -0.235698 0.311806
v -0.279742 -0.235698 0.340867
v -0.244985 -0.235698 0.366645
v -0.207867 -0.235698 0.388893
v -0.168748 -0.235698 0.407394
v -0.128004 -0.235698 0.421973
v -0.086027 -0.235698 0.432488
v -0.043222 -0.235698 0.438837
v -0.000000 -0.235698 0.440961
v 0.043222 -0.235698 0.438837
v 0.086027 -0.235698 0.432488
v 0.128004 -0.235698 0.421973
v 0.168748 -0.235698 0.407394
v 0.207867 -0.235698 0.388893
v 0.244985 -0.235698 0.366645
v 0.279742 -0.235698 0.340867
v 0.311806 -0.235698 0.311806
v 0.340867 -0.235698 0.279742
v 0.366645 -0.235698 0.244985
v 0.388893 -0.235698 0.207867
v 0.407394 -0.235698 0.168748
v 0.421973 -0.235698 0.128004
v 0.432488 -0.235698 0.086027
v 0.438837 -0.235698 0.043222
v 0.440961 -0.235698 -0.000000
v 0.438837 -0.235698 -0.043222
v 0.432488 -0.235698 -0.086027
v 0.421973 -0.235698 -0.128004
v 0.407394 -0.235698 -0.168748
v 0.388893 -0.235698 -0.207867
v 0.366645 -0.235698 -0.244985
v 0.340867 -0.235698 -0.279742
v 0.311806 -0.235698 -0.311806
v 0.279742 -0.235698 -0.340867
v 0.244985 -0.235698 -0.366645
v 0.207867 -0.235698 -0.388893
v 0.168748 -0.235698 -0.407395
v 0.128004 -0.235698 -0.421973
v 0.086027 -0.235698 -0.432488
v 0.043222 -0.235698 -0.438837
v 0.000000 -0.235698 -0.440961
v -0.043222 -0.235698 -0.438837
v -0.086027 -0.235698 -0.432488
v -0.128004 -0.235698 -0.421973
v -0.168748 -0.235698 -0.407395
v -0.207867 -0.235698 -0.388893
v -0.244985 -0.235698 -0.366645
v -0.279742 -0.235698 -0.340867
v -0.311806 -0.235698 -0.311806
v -0.340867 -0.235698 -0.279742
v -0.366645 -0.235698 -0.244985
v -0.388893 -0.235698 -0.207867
v -0.407394 -0.235698 -0.168748
v -0.421973 -0.235698 -0.128004
v -0.432488 -0.235698 -0.086027
v -0.438837 -0.235698 -0.043222
v -0.440961 -0.235698 -0.000000
v -0.426799 -0.257051 0.042036
v -0.428864 -0.257051 -0.000000
v -0.420624 -0.257051 0.083667
v -0.410398 -0.257051 0.124493
v -0.396219 -0.257051 0.164119
v -0.378225 -0.257051 0.202165
v -0.356588 -0.257051 0.238264
v -0.331517 -0.257051 0.272069
v -0.303253 -0.257051 0.303253
v -0.272069 -0.257051 0.331517
v -0.238264 -0.257051 0.356588
v -0.202165 -0.257051 0.378225
v -0.164119 -0.257051 0.396219
v -0.124493 -0.257051 0.410398
v -0.083667 -0.257051 0.420624
v -0.042036 -0.257051 0.426799
v -0.000000 -0.257051 0.428864
v 0.042036 -0.257051 0.426799
v 0.083667 -0.257051 0.420624
v 0.124493 -0.257051 0.410398
v 0.164119 -0.257051 0.396219
v 0.202165 -0.257051 0.378225
v 0.238264 -0.257051 0.356588
v 0.272069 -0.257051 0.331517
v 0.303253 -0.257051 0.303253
v 0.331517 -0.257051 0.272069
v 0.356588 -0.257051 0.238264
v 0.378225 -0.257051 0.202165
v 0.396219 -0.257051 0.164119
v 0.410398 -0.257051 0.124493
v 0.420624 -0.257051 0.083667
v 0.426799 -0.257051 0.042036
v 0.428864 -0.257051 -0.000000
v 0.426799 -0.257051 -0.042036
v 0.420624 -0.257051 -0.083667
v 0.410398 -0.257051 -0.124493
v 0.396219 -0.257051 -0.164119
v 0.378225 -0.257051 -0.202165
v 0.356588 -0.257051 -0.238264
v 0.331517 -0.257051 -0.272069
v 0.303253 -0.257051 -0.303253
v 0.272069 -0.257051 -0.331517
v 0.238264 -0.257051 -0.356588
v 0.202165 -0.257051 -0.378225
v 0.164119 -0.257051 -0.396219
v 0.124493 -0.257051 -0.410398
v 0.083667 -0.257051 -0.420624
v 0.042036 -0.257051 -0.426799
v 0.000000 -0.257051 -0.428864
v -0.042036 -0.257051 -0.426799
v -0.083667 -0.257051 -0.420624
v -0.124493 -0.257051 -0.410398
v -0.164119 -0.257051 -0.396219
v -0.202165 -0.257051 -0.378225
v -0.238264 -0.257051 -0.356588
v -0.272069 -0.257051 -0.331517
v -0.303253 -0.257051 -0.303253
v -0.331517 -0.257051 -0.272069
v -0.356588 -0.257051 -0.238264
v -0.378225 -0.257051 -0.202165
v -0.396219 -0.257051 -0.164119
v -0.410398 -0.257051 -0.124493
v -0.420624 -0.257051 -0.083667
v -0.426799 -0.257051 -0.042036
v -0.428864 -0.257051 -0.000000
v -0.413733 -0.277785 0.040749
v -0.415735 -0.277785 -0.000000
v -0.407747 -0.277785 0.081106
v -0.397833 -0.277785 0.120681
v -0.384089 -0.277785 0.159095
v -0.366645 -0.277785 0.195976
v -0.345671 -0.277785 0.230970
v -0.321367 -0.277785 0.263739
v -0.293969 -0.277785 0.293969
v -0.263739 -0.277785 0.321367
v -0.230970 -0.277785 0.345671
v -0.195976 -0.277785 0.366645
v -0.159095 -0.277785 0.384089
v -0.120681 -0.277785 0.397833
v -0.081106 -0.277785 0.407747
v -0.040749 -0.277785 0.413733
v -0.000000 -0.277785 0.415735
v 0.040749 -0.277785 0.413733
v 0.081106 -0.277785 0.407747
v 0.120681 -0.277785 0.397833
v 0.159095 -0.277785 0.384089
v 0.195976 -0.277785 0.366645
v 0.230970 -0.277785 0.345671
v 0.263739 -0.277785 0.321367
v 0.293969 -0.277785 0.293969
v 0.321367 -0.277785 0.263739
v 0.345671 -0.277785 0.230970
v 0.366645 -0.277785 0.195976
v 0.384089 -0.277785 0.159095
v 0.397833 -0.277785 0.120681
v 0.407747 -0.277785 0.081106
v 0.413733 -0.277785 0.040749
v 0.415735 -0.277785 -0.000000
v 0.413733 -0.277785 -0.040749
v 0.407747 -0.277785 -0.081106
v 0.397833 -0.277785 -0.120681
v 0.384089 -0.277785 -0.159095
v 0.366645 -0.277785 -0.195976
v 0.345671 -0.277785 -0.230970
v 0.321367 -0.277785 -0.263739
v 0.293969 -0.277785 -0.293969
v 0.263739 -0.277785 -0.321367
v 0.230970 -0.277785 -0.345671
v 0.195976 -0.277785 -0.366645
v 0.159095 -0.277785 -0.384089
v 0.120681 -0.277785 -0.397833
v 0.081106 -0.277785 -0.407747
v 0.040749 -0.277785 -0.413733
v 0.000000 -0.277785 -0.415735
v -0.040749 -0.277785 -0.413733
v -0.081106 -0.277785 -0.407747
v -0.120681 -0.277785 -0.397833
v -0.159095 -0.277785 -0.384089
v -0.195976 -0.277785 -0.366645
v -0.230970 -0.277785 -0.345671
v -0.263739 -0.277785 -0.321367
v -0.293969 -0.277785 -0.293969
v -0.321367 -0.277785 -0.263739
v -0.345671 -0.277785 -0.230970
v -0.366645 -0.277785 -0.195976
v -0.384089 -0.277785 -0.159095
v -0.397833 -0.277785 -0.120681
v -0.407747 -0.277785 -0.081106
v -0.413733 -0.277785 -0.040749
v -0.415735 -0.277785 -0.000000
v -0.399670 -0.297850 0.039364
v -0.401604 -0.297850 -0.000000
v -0.393887 -0.297850 0.078349
v -0.384311 -0.297850 0.116579
v -0.371033 -0.297850 0.153687
v -0.354183 -0.297850 0.189315
v -0.333921 -0.297850 0.223119
v -0.310444 -0.297850 0.254775
v -0.283977 -0.297850 0.283977
v -0.254775 -0.297850 0.310444
v -0.223119 -0.297850 0.333921
v -0.189315 -0.297850 0.354183
v -0.153687 -0.297850 0.371033
v -0.116579 -0.297850 0.384311
v -0.078349 -0.297850 0.393887
v -0.039364 -0.297850 0.399670
v -0.000000 -0.297850 0.401604
v 0.039364 -0.297850 0.399670
v 0.078349 -0.297850 0.393887
v 0.116579 -0.297850 0.384311
v 0.153687 -0.297850 0.371033
v 0.189315 -0.297850 0.354183
v 0.223119 -0.297850 0.333921
v 0.254775 -0.297850 0.310444
v 0.283977 -0.297850 0.283977
v 0.310444 -0.297850 0.254775
v 0.333921 -0.297850 0.223119
v 0.354183 -0.297850 0.189315
v 0.371033 -0.297850 0.153687
v 0.384311 -0.297850 0.116579
v 0.393887 -0.297850 0.078349
v 0.399670 -0.297850 0.039364
v 0.401604 -0.297850 -0.000000
v 0.399670 -0.297850 -0.039364
v 0.393887 -0.297850 -0.078349
v 0.384311 -0.297850 -0.116579
v 0.371033 -0.297850 -0.153687
v 0.354183 -0.297850 -0.189315
v 0.333921 -0.297850 -0.223119
v 0.310444 -0.297850 -0.254775
v 0.283977 -0.297850 -0.283977
v 0.254775 -0.297850 -0.310444
v 0.223119 -0.297850 -0.333921
v 0.189315 -0.297850 -0.354183
v 0.153687 -0.297850 -0.371034
v 0.116579 -0.297850 -0.384311
v 0.078349 -0.297850 -0.393887
v 0.039364 -0.297850 -0.399670
v 0.000000 -0.297850 -0.401604
v -0.039364 -0.297850 -0.399670
v -0.078349 -0.297850 -0.393887
v -0.116579 -0.297850 -0.384311
v -0.153687 -0.297850 -0.371034
v -0.189315 -0.297850 -0.354183
v -0.223119 -0.297850 -0.333921
v -0.254775 -0.297850 -0.310444
v -0.283977 -0.297850 -0.283977
v -0.310444 -0.297850 -0.254775
v -0.333921 -0.297850 -0.223119
v -0.354183 -0.297850 -0.189315
v -0.371033 -0.297850 -0.153687
v -0.384311 -0.297850 -0.116579
v -0.393887 -0.297850 -0.078349
v -0.399670 -0.297850 -0.039364
v -0.401604 -0.297850 -0.000000
v -0.384644 -0.317197 0.037884
v -0.386505 -0.317197 -0.000000
v -0.379079 -0.317197 0.075403
v -0.369862 -0.317197 0.112196
v -0.357084 -0.317197 0.147909
v -0.340867 -0.317197 0.182197
v -0.321367 -0.317197 0.214731
v -0.298773 -0.317197 0.245196
v -0.273300 -0.317197 0.273300
v -0.245196 -0.317197 0.298773
v -0.214731 -0.317197 0.321367
v -0.182197 -0.317197 0.340867
v -0.147909 -0.317197 0.357084
v -0.112197 -0.317197 0.369862
v -0.075403 -0.317197 0.379079
v -0.037884 -0.317197 0.384644
v -0.000000 -0.317197 0.386505
v 0.037884 -0.317197 0.384644
v 0.075403 -0.317197 0.379079
v 0.112197 -0.317197 0.369862
v 0.147909 -0.317197 0.357084
v 0.182197 -0.317197 0.340867
v 0.214731 -0.317197 0.321367
v 0.245196 -0.317197 0.298773
v 0.273300 -0.317197 0.273300
v 0.298773 -0.317197 0.245196
v 0.321367 -0.317197 0.214731
v 0.340867 -0.317197 0.182197
v 0.357084 -0.317197 0.147909
v 0.369862 -0.317197 0.112196
v 0.379079 -0.317197 0.075403
v 0.384644 -0.317197 0.037884
v 0.386505 -0.317197 -0.000000
v 0.384644 -0.317197 -0.037884
v 0.379079 -0.317197 -0.075403
v 0.369862 -0.317197 -0.112197
v 0.357084 -0.317197 -0.147909
v 0.340867 -0.317197 -0.182197
v 0.321367 -0.317197 -0.214731
v 0.298773 -0.317197 -0.245196
v 0.273300 -0.317197 -0.273301
v 0.245196 -0.317197 -0.298773
v 0.214731 -0.317197 -0.321367
v 0.182197 -0.317197 -0.340867
v 0.147909 -0.317197 -0.357084
v 0.112197 -0.317197 -0.369862
v 0.075403 -0.317197 -0.379079
v 0.037884 -0.317197 -0.384644
v 0.000000 -0.317197 -0.386505
v -0.037884 -0.317197 -0.384644
v -0.075403 -0.317197 -0.379079
v -0.112197 -0.317197 -0.369862
v -0.147909 -0.317197 -0.357084
v -0.182197 -0.317197 -0.340867
v -0.214731 -0.317197 -0.321367
v -0.245196 -0.317197 -0.298773
v -0.273300 -0.317197 -0.273301
v -0.298773 -0.317197 -0.245196
v -0.321367 -0.317197 -0.214731
v -0.340867 -0.317197 -0.182197
v -0.357084 -0.317197 -0.147909
v -0.369862 -0.317197 -0.112197
v -0.379079 -0.317197 -0.075403
v -0.384644 -0.317197 -0.037884
v -0.386505 -0.317197 -0.000000
v -0.368692 -0.335779 0.036313
v -0.370476 -0.335779 -0.000000
v -0.363357 -0.335779 0.072276
v -0.354523 -0.335780 0.107543
v -0.342275 -0.335780 0.141775
v -0.326730 -0.335780 0.174641
v -0.308039 -0.335780 0.205825
v -0.286381 -0.335780 0.235027
v -0.261966 -0.335780 0.261966
v -0.235027 -0.335780 0.286381
v -0.205825 -0.335780 0.308039
v -0.174641 -0.335780 0.326730
v -0.141775 -0.335780 0.342275
v -0.107543 -0.335780 0.354523
v -0.072276 -0.335780 0.363357
v -0.036313 -0.335780 0.368692
v -0.000000 -0.335780 0.370476
v 0.036313 -0.335780 0.368692
v 0.072276 -0.335780 0.363357
v 0.107543 -0.335780 0.354523
v 0.141775 -0.335780 0.342275
v 0.174641 -0.335780 0.326730
v 0.205825 -0.335780 0.308039
v 0.235027 -0.335780 0.286381
v 0.261966 -0.335780 0.261966
v 0.286381 -0.335780 0.235027
v 0.308039 -0.335780 0.205825
v 0.326730 -0.335780 0.174641
v 0.342275 -0.335780 0.141775
v 0.354523 -0.335780 0.107543
v 0.363357 -0.335779 0.072276
v 0.368692 -0.335779 0.036313
v 0.370476 -0.335779 -0.000000
v 0.368692 -0.335779 -0.036313
v 0.363357 -0.335779 -0.072276
v 0.354523 -0.335779 -0.107543
v 0.342275 -0.335779 -0.141775
v 0.326730 -0.335779 -0.174641
v 0.308039 -0.335779 -0.205825
v 0.286381 -0.335779 -0.235027
v 0.261966 -0.335779 -0.261966
v 0.235027 -0.335779 -0.286382
v 0.205825 -0.335779 -0.308039
v 0.174641 -0.335779 -0.326730
v 0.141775 -0.335779 -0.342275
v 0.107543 -0.335779 -0.354523
v 0.072276 -0.335779 -0.363357
v 0.036313 -0.335779 -0.368692
v 0.000000 -0.335779 -0.370476
v -0.036313 -0.335779 -0.368692
v -0.072276 -0.335779 -0.363357
v -0.107543 -0.335779 -0.354523
v -0.141775 -0.335779 -0.342275
v -0.174641 -0.335779 -0.326730
v -0.205825 -0.335779 -0.308039
v -0.235027 -0.335779 -0.286382
v -0.261966 -0.335779 -0.261966
v -0.286381 -0.335779 -0.235027
v -0.308039 -0.335779 -0.205825
v -0.326730 -0.335779 -0.174641
v -0.342275 -0.335779 -0.141775
v -0.354523 -0.335779 -0.107543
v -0.363357 -0.335779 -0.072276
v -0.368692 -0.335779 -0.036313
v -0.370476 -0.335779 -0.000000
v -0.351851 -0.353553 0.034654
v -0.353553 -0.353553 -0.000000
v -0.346760 -0.353553 0.068975
v -0.338329 -0.353553 0.102631
v -0.326641 -0.353553 0.135299
v -0.311806 -0.353553 0.166664
v -0.293969 -0.353553 0.196424
v -0.273300 -0.353553 0.224292
v -0.250000 -0.353553 0.250000
v -0.224292 -0.353553 0.273300
v -0.196424 -0.353553 0.293969
v -0.166664 -0.353553 0.311806
v -0.135299 -0.353553 0.326641
v -0.102631 -0.353553 0.338329
v -0.068975 -0.353553 0.346760
v -0.034654 -0.353553 0.351851
v -0.000000 -0.353553 0.353553
v 0.034654 -0.353553 0.351851
v 0.068975 -0.353553 0.346760
v 0.102631 -0.353553 0.338329
v 0.135299 -0.353553 0.326641
v 0.166664 -0.353553 0.311806
v 0.196424 -0.353553 0.293969
v 0.224292 -0.353553 0.273300
v 0.250000 -0.353553 0.250000
v 0.273300 -0.353553 0.224292
v 0.293969 -0.353553 0.196424
v 0.311806 -0.353553 0.166664
v 0.326641 -0.353553 0.135299
v 0.338329 -0.353553 0.102631
v 0.346760 -0.353553 0.068975
v 0.351851 -0.353553 0.034654
v 0.353553 -0.353553 -0.000000
v 0.351851 -0.353553 -0.034654
v 0.346760 -0.353553 -0.068975
v 0.338329 -0.353553 -0.102631
v 0.326641 -0.353553 -0.135299
v 0.311806 -0.353553 -0.166664
v 0.293969 -0.353553 -0.196424
v 0.273300 -0.353553 -0.224292
v 0.250000 -0.353553 -0.250000
v 0.224292 -0.353553 -0.273301
v 0.196424 -0.353553 -0.293969
v 0.166664 -0.353553 -0.311806
v 0.135299 -0.353553 -0.326641
v 0.102631 -0.353553 -0.338330
v 0.068975 -0.353553 -0.346760
v 0.034654 -0.353553 -0.351851
v 0.000000 -0.353553 -0.353553
v -0.034654 -0.353553 -0.351851
v -0.068975 -0.353553 -0.346760
v -0.102631 -0.353553 -0.338330
v -0.135299 -0.353553 -0.326641
v -0.166664 -0.353553 -0.311806
v -0.196424 -0.353553 -0.293969
v -0.224292 -0.353553 -0.273301
v -0.250000 -0.353553 -0.250000
v -0.273300 -0.353553 -0.224292
v -0.293969 -0.353553 -0.196424
v -0.311806 -0.353553 -0.166664
v -0.326641 -0.353553 -0.135299
v -0.338329 -0.353553 -0.102631
v -0.346760 -0.353553 -0.068975
v -0.351851 -0.353553 -0.034654
v -0.353553 -0.353553 -0.000000
v -0.334163 -0.370476 0.032912
v -0.335779 -0.370476 -0.000000
v -0.329328 -0.370476 0.065507
v -0.321321 -0.370476 0.097472
v -0.310220 -0.370476 0.128497
v -0.296131 -0.370476 0.158285
v -0.279190 -0.370476 0.186549
v -0.259561 -0.370476 0.213016
v -0.237432 -0.370476 0.237432
v -0.213016 -0.370476 0.259561
v -0.186549 -0.370476 0.279190
v -0.158285 -0.370476 0.296131
v -0.128497 -0.370476 0.310220
v -0.097472 -0.370476 0.321321
v -0.065507 -0.370476 0.329328
v -0.032912 -0.370476 0.334163
v -0.000000 -0.370476 0.335779
v 0.032912 -0.370476 0.334163
v 0.065507 -0.370476 0.329328
v 0.097472 -0.370476 0.321321
v 0.128497 -0.370476 0.310220
v 0.158285 -0.370476 0.296131
v 0.186549 -0.370476 0.279190
v 0.213016 -0.370476 0.259561
v 0.237432 -0.370476 0.237432
v 0.259561 -0.370476 0.213016
v 0.279190 -0.370476 0.186549
v 0.296131 -0.370476 0.158285
v 0.310220 -0.370476 0.128497
v 0.321321 -0.370476 0.097472
v 0.329328 -0.370476 0.065507
v 0.334163 -0.370476 0.032912
v 0.335779 -0.370476 -0.000000
v 0.334163 -0.370476 -0.032912
v 0.329328 -0.370476 -0.065507
v 0.321321 -0.370476 -0.097472
v 0.310220 -0.370476 -0.128497
v 0.296131 -0.370476 -0.158285
v 0.279190 -0.370476 -0.186549
v 0.259561 -0.370476 -0.213016
v 0.237432 -0.370476 -0.237432
v 0.213016 -0.370476 -0.259561
v 0.186549 -0.370476 -0.279190
v 0.158285 -0.370476 -0.296131
v 0.128497 -0.370476 -0.310220
v 0.097472 -0.370476 -0.321321
v 0.065507 -0.370476 -0.329328
v 0.032912 -0.370476 -0.334163
v 0.000000 -0.370476 -0.335780
v -0.032912 -0.370476 -0.334163
v -0.065507 -0.370476 -0.329328
v -0.097472 -0.370476 -0.321321
v -0.128497 -0.370476 -0.310220
v -0.158285 -0.370476 -0.296131
v -0.186549 -0.370476 -0.279190
v -0.213016 -0.370476 -0.259561
v -0.237432 -0.370476 -0.237432
v -0.259561 -0.370476 -0.213016
v -0.279190 -0.370476 -0.186549
v -0.296131 -0.370476 -0.158285
v -0.310220 -0.370476 -0.128497
v -0.321321 -0.370476 -0.097472
v -0.329328 -0.370476 -0.065507
v -0.334163 -0.370476 -0.032912
v -0.335779 -0.370476 -0.000000
v -0.315669 -0.386505 0.031091
v -0.317197 -0.386505 -0.000000
v -0.311102 -0.386505 0.061882
v -0.303538 -0.386505 0.092077
v -0.293051 -0.386505 0.121386
v -0.279742 -0.386505 0.149525
v -0.263739 -0.386505 0.176225
v -0.245196 -0.386505 0.201227
v -0.224292 -0.386505 0.224292
v -0.201227 -0.386505 0.245196
v -0.176225 -0.386505 0.263739
v -0.149525 -0.386505 0.279742
v -0.121386 -0.386505 0.293051
v -0.092077 -0.386505 0.303538
v -0.061882 -0.386505 0.311102
v -0.031091 -0.386505 0.315669
v -0.000000 -0.386505 0.317197
v 0.031091 -0.386505 0.315669
v 0.061882 -0.386505 0.311102
v 0.092077 -0.386505 0.303538
v 0.121386 -0.386505 0.293051
v 0.149525 -0.386505 0.279742
v 0.176225 -0.386505 0.263739
v 0.201227 -0.386505 0.245196
v 0.224292 -0.386505 0.224292
v 0.245196 -0.386505 0.201227
v 0.263739 -0.386505 0.176225
v 0.279742 -0.386505 0.149525
v 0.293051 -0.386505 0.121386
v 0.303538 -0.386505 0.092077
v 0.311102 -0.386505 0.061882
v 0.315669 -0.386505 0.031091
v 0.317197 -0.386505 -0.000000
v 0.315669 -0.386505 -0.031091
v 0.311102 -0.386505 -0.061882
v 0.303538 -0.386505 -0.092077
v 0.293051 -0.386505 -0.121386
v 0.279742 -0.386505 -0.149526
v 0.263739 -0.386505 -0.176225
v 0.245196 -0.386505 -0.201227
v 0.224292 -0.386505 -0.224292
v 0.201227 -0.386505 -0.245196
v 0.176225 -0.386505 -0.263739
v 0.149525 -0.386505 -0.279743
v 0.121386 -0.386505 -0.293052
v 0.092077 -0.386505 -0.303538
v 0.061882 -0.386505 -0.311102
v 0.031091 -0.386505 -0.315669
v 0.000000 -0.386505 -0.317197
v -0.031091 -0.386505 -0.315669
v -0.061882 -0.386505 -0.311102
v -0.092077 -0.386505 -0.303538
v -0.121386 -0.386505 -0.293052
v -0.149525 -0.386505 -0.279743
v -0.176225 -0.386505 -0.263739
v -0.201227 -0.386505 -0.245196
v -0.224292 -0.386505 -0.224292
v -0.245196 -0.386505 -0.201227
v -0.263739 -0.386505 -0.176225
v -0.279742 -0.386505 -0.149526
v -0.293051 -0.386505 -0.121386
v -0.303538 -0.386505 -0.092077
v -0.311102 -0.386505 -0.061882
v -0.315669 -0.386505 -0.031091
v -0.317197 -0.386505 -0.000000
v -0.296415 -0.401604 0.029194
v -0.297850 -0.401604 -0.000000
v -0.292127 -0.401604 0.058108
v -0.285024 -0.401604 0.086461
v -0.275177 -0.401604 0.113982
v -0.262680 -0.401604 0.140405
v -0.247653 -0.401604 0.165476
v -0.230241 -0.401604 0.188954
v -0.210612 -0.401604 0.210611
v -0.188954 -0.401604 0.230241
v -0.165476 -0.401604 0.247653
v -0.140405 -0.401604 0.262680
v -0.113982 -0.401604 0.275177
v -0.086461 -0.401604 0.285024
v -0.058108 -0.401604 0.292127
v -0.029194 -0.401604 0.296415
v -0.000000 -0.401604 0.297850
v 0.029194 -0.401604 0.296415
v 0.058108 -0.401604 0.292127
v 0.086461 -0.401604 0.285024
v 0.113982 -0.401604 0.275177
v 0.140405 -0.401604 0.262680
v 0.165476 -0.401604 0.247653
v 0.188954 -0.401604 0.230241
v 0.210612 -0.401604 0.210611
v 0.230241 -0.401604 0.188954
v 0.247653 -0.401604 0.165476
v 0.262680 -0.401604 0.140405
v 0.275177 -0.401604 0.113982
v 0.285024 -0.401604 0.086461
v 0.292127 -0.401604 0.058108
v 0.296415 -0.401604 0.029194
v 0.297850 -0.401604 -0.000000
v 0.296415 -0.401604 -0.029194
v 0.292127 -0.401604 -0.058108
v 0.285024 -0.401604 -0.086461
v 0.275177 -0.401604 -0.113982
v 0.262680 -0.401604 -0.140405
v 0.247653 -0.401604 -0.165476
v 0.230241 -0.401604 -0.188954
v 0.210612 -0.401604 -0.210612
v 0.188954 -0.401604 -0.230241
v 0.165476 -0.401604 -0.247653
v 0.140405 -0.401604 -0.262680
v 0.113982 -0.401604 -0.275177
v 0.086461 -0.401604 -0.285024
v 0.058108 -0.401604 -0.292127
v 0.029194 -0.401604 -0.296415
v 0.000000 -0.401604 -0.297850
v -0.029194 -0.401604 -0.296415
v -0.058108 -0.401604 -0.292127
v -0.086461 -0.401604 -0.285024
v -0.113982 -0.401604 -0.275177
v -0.140405 -0.401604 -0.262680
v -0.165476 -0.401604 -0.247653
v -0.188954 -0.401604 -0.230241
v -0.210612 -0.401604 -0.210612
v -0.230241 -0.401604 -0.188954
v -0.247653 -0.401604 -0.165476
v -0.262680 -0.401604 -0.140405
v -0.275177 -0.401604 -0.113982
v -0.285024 -0.401604 -0.086461
v -0.292127 -0.401604 -0.058108
v -0.296415 -0.401604 -0.029194
v -0.297850 -0.401604 -0.000000
v -0.276448 -0.415735 0.027228
v -0.277785 -0.415735 -0.000000
v -0.272448 -0.415735 0.054193
v -0.265824 -0.415735 0.080637
v -0.256640 -0.415735 0.106304
v -0.244985 -0.415735 0.130947
v -0.230970 -0.415735 0.154329
v -0.214731 -0.415735 0.176225
v -0.196424 -0.415735 0.196424
v -0.176225 -0.415735 0.214731
v -0.154329 -0.415735 0.230970
v -0.130947 -0.415735 0.244985
v -0.106304 -0.415735 0.256640
v -0.080637 -0.415735 0.265824
v -0.054193 -0.415735 0.272447
v -0.027228 -0.415735 0.276447
v -0.000000 -0.415735 0.277785
v 0.027228 -0.415735 0.276447
v 0.054193 -0.415735 0.272447
v 0.080637 -0.415735 0.265824
v 0.106304 -0.415735 0.256640
v 0.130947 -0.415735 0.244985
v 0.154329 -0.415735 0.230970
v 0.176225 -0.415735 0.214731
v 0.196424 -0.415735 0.196424
v 0.214731 -0.415735 0.176225
v 0.230970 -0.415735 0.154329
v 0.244985 -0.415735 0.130947
v 0.256640 -0.415735 0.106304
v 0.265824 -0.415735 0.080637
v 0.272448 -0.415735 0.054193
v 0.276448 -0.415735 0.027228
v 0.277785 -0.415735 -0.000000
v 0.276448 -0.415735 -0.027228
v 0.272448 -0.415735 -0.054193
v 0.265824 -0.415735 -0.080637
v 0.256640 -0.415735 -0.106304
v 0.244985 -0.415735 -0.130947
v 0.230970 -0.415735 -0.154329
v 0.214731 -0.415735 -0.176225
v 0.196424 -0.415735 -0.196424
v 0.176225 -0.415735 -0.214731
v 0.154329 -0.415735 -0.230970
v 0.130947 -0.415735 -0.244985
v 0.106304 -0.415735 -0.256640
v 0.080637 -0.415735 -0.265824
v 0.054193 -0.415735 -0.272448
v 0.027228 -0.415735 -0.276448
v 0.000000 -0.415735 -0.277785
v -0.027228 -0.415735 -0.276448
v -0.054193 -0.415735 -0.272448
v -0.080637 -0.415735 -0.265824
v -0.106304 -0.415735 -0.256640
v -0.130947 -0.415735 -0.244985
v -0.154329 -0.415735 -0.230970
v -0.176225 -0.415735 -0.214731
v -0.196424 -0.415735 -0.196424
v -0.214731 -0.415735 -0.176225
v -0.230970 -0.415735 -0.154329
v -0.244985 -0.415735 -0.130947
v -0.256640 -0.415735 -0.106304
v -0.265824 -0.415735 -0.080637
v -0.272448 -0.415735 -0.054193
v -0.276448 -0.415735 -0.027228
v -0.277785 -0.415735 -0.000000
v -0.255814 -0.428864 0.025195
v -0.257051 -0.428864 -0.000000
v -0.252112 -0.428864 0.050148
v -0.245983 -0.428864 0.074618
v -0.237484 -0.428864 0.098369
v -0.226699 -0.428864 0.121173
v -0.213730 -0.428864 0.142810
v -0.198703 -0.428864 0.163072
v -0.181763 -0.428864 0.181763
v -0.163072 -0.428864 0.198703
v -0.142810 -0.428864 0.213730
v -0.121173 -0.428864 0.226699
v -0.098369 -0.428864 0.237484
v -0.074618 -0.428864 0.245983
v -0.050148 -0.428864 0.252112
v -0.025195 -0.428864 0.255814
v -0.000000 -0.428864 0.257051
v 0.025195 -0.428864 0.255814
v 0.050148 -0.428864 0.252112
v 0.074618 -0.428864 0.245983
v 0.098369 -0.428864 0.237484
v 0.121173 -0.428864 0.226699
v 0.142810 -0.428864 0.213730
v 0.163072 -0.428864 0.198703
v 0.181763 -0.428864 0.181763
v 0.198703 -0.428864 0.163072
v 0.213730 -0.428864 0.142810
v 0.226699 -0.428864 0.121173
v 0.237484 -0.428864 0.098369
v 0.245983 -0.428864 0.074618
v 0.252112 -0.428864 0.050148
v 0.255814 -0.428864 0.025195
v 0.257051 -0.428864 -0.000000
v 0.255814 -0.428864 -0.025196
v 0.252112 -0.428864 -0.050148
v 0.245983 -0.428864 -0.074618
v 0.237484 -0.428864 -0.098369
v 0.226699 -0.428864 -0.121173
v 0.213730 -0.428864 -0.142810
v 0.198703 -0.428864 -0.163072
v 0.181763 -0.428864 -0.181763
v 0.163072 -0.428864 -0.198703
v 0.142810 -0.428864 -0.213730
v 0.121173 -0.428864 -0.226699
v 0.098369 -0.428864 -0.237485
v 0.074618 -0.428864 -0.245983
v 0.050148 -0.428864 -0.252112
v 0.025195 -0.428864 -0.255814
v 0.000000 -0.428864 -0.257051
v -0.025195 -0.428864 -0.255814
v -0.050148 -0.428864 -0.252112
v -0.074618 -0.428864 -0.245983
v -0.098369 -0.428864 -0.237485
v -0.121173 -0.428864 -0.226699
v -0.142810 -0.428864 -0.213730
v -0.163072 -0.428864 -0.198703
v -0.181763 -0.428864 -0.181763
v -0.198703 -0.428864 -0.163072
v -0.213730 -0.428864 -0.142810
v -0.226699 -0.428864 -0.121173
v -0.237484 -0.428864 -0.098369
v -0.245983 -0.428864 -0.074618
v -0.252112 -0.428864 -0.050148
v -0.255814 -0.428864 -0.025196
v -0.257051 -0.428864 -0.000000
v -0.234563 -0.440961 0.023102
v -0.235698 -0.440961 -0.000000
v -0.231169 -0.440961 0.045982
v -0.225549 -0.440961 0.068420
v -0.217757 -0.440961 0.090198
v -0.207867 -0.440961 0.111107
v -0.195976 -0.440961 0.130947
v -0.182197 -0.440961 0.149525
v -0.166664 -0.440961 0.166664
v -0.149525 -0.440961 0.182197
v -0.130947 -0.440961 0.195976
v -0.111107 -0.440961 0.207867
v -0.090198 -0.440961 0.217757
v -0.068420 -0.440961 0.225549
v -0.045982 -0.440961 0.231169
v -0.023102 -0.440961 0.234563
v -0.000000 -0.440961 0.235698
v 0.023102 -0.440961 0.234563
v 0.045982 -0.440961 0.231169
v 0.068420 -0.440961 0.225549
v 0.090198 -0.440961 0.217757
v 0.111107 -0.440961 0.207867
v 0.130947 -0.440961 0.195976
v 0.149525 -0.440961 0.182197
v 0.166664 -0.440961 0.166664
v 0.182197 -0.440961 0.149525
v 0.195976 -0.440961 0.130947
v 0.207867 -0.440961 0.111107
v 0.217757 -0.440961 0.090198
v 0.225549 -0.440961 0.068420
v 0.231169 -0.440961 0.045982
v 0.234563 -0.440961 0.023102
v 0.235698 -0.440961 -0.000000
v 0.234563 -0.440961 -0.023103
v 0.231169 -0.440961 -0.045983
v 0.225549 -0.440961 -0.068420
v 0.217757 -0.440961 -0.090198
v 0.207867 -0.440961 -0.111108
v 0.195976 -0.440961 -0.130947
v 0.182197 -0.440961 -0.149526
v 0.166664 -0.440961 -0.166664
v 0.149525 -0.440961 -0.182197
v 0.130947 -0.440961 -0.195976
v 0.111107 -0.440961 -0.207867
v 0.090198 -0.440961 -0.217757
v 0.068420 -0.440961 -0.225549
v 0.045982 -0.440961 -0.231170
v 0.023102 -0.440961 -0.234563
v 0.000000 -0.440961 -0.235698
v -0.023102 -0.440961 -0.234563
v -0.045982 -0.440961 -0.231170
v -0.068420 -0.440961 -0.225549
v -0.090198 -0.440961 -0.217757
v -0.111107 -0.440961 -0.207867
v -0.130947 -0.440961 -0.195976
v -0.149525 -0.440961 -0.182197
v -0.166664 -0.440961 -0.166664
v -0.182197 -0.440961 -0.149526
v -0.195976 -0.440961 -0.130947
v -0.207867 -0.440961 -0.111108
v -0.217757 -0.440961 -0.090198
v -0.225549 -0.440961 -0.068420
v -0.231169 -0.440961 -0.045983
v -0.234563 -0.440961 -0.023103
v -0.235698 -0.440961 -0.000000
v -0.212748 -0.451995 0.020954
v -0.213778 -0.451995 -0.000000
v -0.209670 -0.451995 0.041706
v -0.204572 -0.451995 0.062056
v -0.197505 -0.451995 0.081809
v -0.188535 -0.451995 0.100774
v -0.177750 -0.451995 0.118768
v -0.165252 -0.451995 0.135619
v -0.151164 -0.451995 0.151163
v -0.135619 -0.451995 0.165252
v -0.118768 -0.451995 0.177749
v -0.100774 -0.451995 0.188535
v -0.081809 -0.451995 0.197505
v -0.062056 -0.451995 0.204572
v -0.041706 -0.451995 0.209670
v -0.020954 -0.451995 0.212748
v -0.000000 -0.451995 0.213777
v 0.020954 -0.451995 0.212748
v 0.041706 -0.451995 0.209670
v 0.062056 -0.451995 0.204572
v 0.081809 -0.451995 0.197505
v 0.100774 -0.451995 0.188535
v 0.118768 -0.451995 0.177749
v 0.135619 -0.451995 0.165252
v 0.151164 -0.451995 0.151163
v 0.165252 -0.451995 0.135619
v 0.177750 -0.451995 0.118768
v 0.188535 -0.451995 0.100774
v 0.197505 -0.451995 0.081809
v 0.204572 -0.451995 0.062056
v 0.209670 -0.451995 0.041706
v 0.212748 -0.451995 0.020954
v 0.213778 -0.451995 -0.000000
v 0.212748 -0.451995 -0.020954
v 0.209670 -0.451995 -0.041706
v 0.204572 -0.451995 -0.062056
v 0.197505 -0.451995 -0.081809
v 0.188535 -0.451995 -0.100774
v 0.177750 -0.451995 -0.118769
v 0.165252 -0.451995 -0.135619
v 0.151164 -0.451995 -0.151164
v 0.135619 -0.451995 -0.165252
v 0.118768 -0.451995 -0.177750
v 0.100774 -0.451995 -0.188535
v 0.081809 -0.451995 -0.197505
v 0.062056 -0.451995 -0.204572
v 0.041706 -0.451995 -0.209670
v 0.020954 -0.451995 -0.212748
v 0.000000 -0.451995 -0.213778
v -0.020954 -0.451995 -0.212748
v -0.041706 -0.451995 -0.209670
v -0.062056 -0.451995 -0.204572
v -0.081809 -0.451995 -0.197505
v -0.100774 -0.451995 -0.188535
v -0.118768 -0.451995 -0.177750
v -0.135619 -0.451995 -0.165252
v -0.151164 -0.451995 -0.151164
v -0.165252 -0.451995 -0.135619
v -0.177750 -0.451995 -0.118769
v -0.188535 -0.451995 -0.100774
v -0.197505 -0.451995 -0.081809
v -0.204572 -0.451995 -0.062056
v -0.209670 -0.451995 -0.041706
v -0.212748 -0.451995 -0.020954
v -0.213778 -0.451995 -0.000000
v -0.190420 -0.461940 0.018755
v -0.191342 -0.461940 -0.000000
v -0.187665 -0.461940 0.037329
v -0.183103 -0.461940 0.055543
v -0.176777 -0.461940 0.073223
v -0.168748 -0.461940 0.090198
v -0.159095 -0.461940 0.106304
v -0.147909 -0.461940 0.121386
v -0.135299 -0.461940 0.135299
v -0.121386 -0.461940 0.147909
v -0.106304 -0.461940 0.159095
v -0.090198 -0.461940 0.168748
v -0.073223 -0.461940 0.176777
v -0.055544 -0.461940 0.183103
v -0.037329 -0.461940 0.187665
v -0.018755 -0.461940 0.190420
v -0.000000 -0.461940 0.191342
v 0.018755 -0.461940 0.190420
v 0.037329 -0.461940 0.187665
v 0.055544 -0.461940 0.183103
v 0.073223 -0.461940 0.176777
v 0.090198 -0.461940 0.168748
v 0.106304 -0.461940 0.159095
v 0.121386 -0.461940 0.147909
v 0.135299 -0.461940 0.135299
v 0.147909 -0.461940 0.121386
v 0.159095 -0.461940 0.106304
v 0.168748 -0.461940 0.090198
v 0.176777 -0.461940 0.073223
v 0.183103 -0.461940 0.055543
v 0.187665 -0.461940 0.037329
v 0.190420 -0.461940 0.018755
v 0.191342 -0.461940 -0.000000
v 0.190420 -0.461940 -0.018755
v 0.187665 -0.461940 -0.037329
v 0.183103 -0.461940 -0.055544
v 0.176777 -0.461940 -0.073223
v 0.168748 -0.461940 -0.090198
v 0.159095 -0.461940 -0.106304
v 0.147909 -0.461940 -0.121386
v 0.135299 -0.461940 -0.135299
v 0.121386 -0.461940 -0.147909
v 0.106304 -0.461940 -0.159095
v 0.090198 -0.461940 -0.168748
v 0.073223 -0.461940 -0.176777
v 0.055544 -0.461940 -0.183103
v 0.037329 -0.461940 -0.187665
v 0.018755 -0.461940 -0.190420
v 0.000000 -0.461940 -0.191342
v -0.018755 -0.461940 -0.190420
v -0.037329 -0.461940 -0.187665
v -0.055544 -0.461940 -0.183103
v -0.073223 -0.461940 -0.176777
v -0.090198 -0.461940 -0.168748
v -0.106304 -0.461940 -0.159095
v -0.121386 -0.461940 -0.147909
v -0.135299 -0.461940 -0.135299
v -0.147909 -0.461940 -0.121386
v -0.159095 -0.461940 -0.106304
v -0.168748 -0.461940 -0.090198
v -0.176777 -0.461940 -0.073223
v -0.183103 -0.461940 -0.055544
v -0.187665 -0.461940 -0.037329
v -0.190420 -0.461940 -0.018755
v -0.191342 -0.461940 -0.000000
v -0.167634 -0.470772 0.016510
v -0.168445 -0.470772 -0.000000
v -0.165208 -0.470772 0.032862
v -0.161192 -0.470772 0.048897
v -0.155623 -0.470772 0.064461
v -0.148555 -0.470772 0.079404
v -0.140057 -0.470772 0.093583
v -0.130210 -0.470772 0.106860
v -0.119109 -0.470772 0.119108
v -0.106860 -0.470772 0.130210
v -0.093583 -0.470772 0.140057
v -0.079404 -0.470772 0.148555
v -0.064461 -0.470772 0.155623
v -0.048897 -0.470772 0.161192
v -0.032862 -0.470772 0.165208
v -0.016510 -0.470772 0.167634
v -0.000000 -0.470772 0.168445
v 0.016510 -0.470772 0.167634
v 0.032862 -0.470772 0.165208
v 0.048897 -0.470772 0.161192
v 0.064461 -0.470772 0.155623
v 0.079404 -0.470772 0.148555
v 0.093583 -0.470772 0.140057
v 0.106860 -0.470772 0.130210
v 0.119109 -0.470772 0.119108
v 0.130210 -0.470772 0.106860
v 0.140057 -0.470772 0.093583
v 0.148555 -0.470772 0.079404
v 0.155623 -0.470772 0.064461
v 0.161192 -0.470772 0.048897
v 0.165208 -0.470772 0.032862
v 0.167634 -0.470772 0.016510
v 0.168445 -0.470772 -0.000000
v 0.167634 -0.470772 -0.016511
v 0.165208 -0.470772 -0.032862
v 0.161192 -0.470772 -0.048897
v 0.155623 -0.470772 -0.064461
v 0.148555 -0.470772 -0.079404
v 0.140057 -0.470772 -0.093583
v 0.130210 -0.470772 -0.106860
v 0.119109 -0.470772 -0.119109
v 0.106860 -0.470772 -0.130210
v 0.093583 -0.470772 -0.140057
v 0.079404 -0.470772 -0.148555
v 0.064461 -0.470772 -0.155623
v 0.048897 -0.470772 -0.161192
v 0.032862 -0.470772 -0.165208
v 0.016510 -0.470772 -0.167634
v 0.000000 -0.470772 -0.168445
v -0.016510 -0.470772 -0.167634
v -0.032862 -0.470772 -0.165208
v -0.048897 -0.470772 -0.161192
v -0.064461 -0.470772 -0.155623
v -0.079404 -0.470772 -0.148555
v -0.093583 -0.470772 -0.140057
v -0.106860 -0.470772 -0.130210
v -0.119109 -0.470772 -0.119109
v -0.130210 -0.470772 -0.106860
v -0.140057 -0.470772 -0.093583
v -0.148555 -0.470772 -0.079404
v -0.155623 -0.470772 -0.064461
v -0.161192 -0.470772 -0.048897
v -0.165208 -0.470772 -0.032862
v -0.167634 -0.470772 -0.016511
v -0.168445 -0.470772 -0.000000
v -0.144443 -0.478470 0.014226
v -0.145142 -0.478470 -0.000000
v -0.142353 -0.478470 0.028316
v -0.138893 -0.478470 0.042133
v -0.134094 -0.478470 0.055543
v -0.128004 -0.478470 0.068420
v -0.120681 -0.478470 0.080637
v -0.112197 -0.478470 0.092077
v -0.102631 -0.478470 0.102631
v -0.092077 -0.478470 0.112196
v -0.080637 -0.478470 0.120681
v -0.068420 -0.478470 0.128004
v -0.055544 -0.478470 0.134094
v -0.042133 -0.478470 0.138892
v -0.028316 -0.478470 0.142353
v -0.014226 -0.478470 0.144443
v -0.000000 -0.478470 0.145142
v 0.014226 -0.478470 0.144443
v 0.028316 -0.478470 0.142353
v 0.042133 -0.478470 0.138892
v 0.055544 -0.478470 0.134094
v 0.068420 -0.478470 0.128004
v 0.080637 -0.478470 0.120681
v 0.092077 -0.478470 0.112196
v 0.102631 -0.478470 0.102631
v 0.112197 -0.478470 0.092077
v 0.120681 -0.478470 0.080637
v 0.128004 -0.478470 0.068420
v 0.134094 -0.478470 0.055543
v 0.138893 -0.478470 0.042133
v 0.142353 -0.478470 0.028316
v 0.144443 -0.478470 0.014226
v 0.145142 -0.478470 -0.000000
v 0.144443 -0.478470 -0.014227
v 0.142353 -0.478470 -0.028316
v 0.138893 -0.478470 -0.042133
v 0.134094 -0.478470 -0.055544
v 0.128004 -0.478470 -0.068420
v 0.120681 -0.478470 -0.080637
v 0.112197 -0.478470 -0.092077
v 0.102631 -0.478470 -0.102631
v 0.092077 -0.478470 -0.112197
v 0.080637 -0.478470 -0.120682
v 0.068420 -0.478470 -0.128004
v 0.055544 -0.478470 -0.134094
v 0.042133 -0.478470 -0.138893
v 0.028316 -0.478470 -0.142354
v 0.014226 -0.478470 -0.144444
v 0.000000 -0.478470 -0.145142
v -0.014226 -0.478470 -0.144444
v -0.028316 -0.478470 -0.142354
v -0.042133 -0.478470 -0.138893
v -0.055544 -0.478470 -0.134094
v -0.068420 -0.478470 -0.128004
v -0.080637 -0.478470 -0.120682
v -0.092077 -0.478470 -0.112197
v -0.102631 -0.478470 -0.102631
v -0.112197 -0.478470 -0.092077
v -0.120681 -0.478470 -0.080637
v -0.128004 -0.478470 -0.068420
v -0.134094 -0.478470 -0.055544
v -0.138893 -0.478470 -0.042133
v -0.142353 -0.478470 -0.028316
v -0.144443 -0.478470 -0.014227
v -0.145142 -0.478470 -0.000000
v -0.120905 -0.485016 0.011908
v -0.121490 -0.485016 -0.000000
v -0.119156 -0.485016 0.023701
v -0.116259 -0.485016 0.035267
v -0.112242 -0.485016 0.046492
v -0.107145 -0.485016 0.057270
v -0.101015 -0.485016 0.067496
v -0.093913 -0.485016 0.077072
v -0.085906 -0.485016 0.085906
v -0.077072 -0.485016 0.093913
v -0.067496 -0.485016 0.101015
v -0.057270 -0.485016 0.107145
v -0.046492 -0.485016 0.112242
v -0.035267 -0.485016 0.116259
v -0.023702 -0.485016 0.119156
v -0.011908 -0.485016 0.120905
v -0.000000 -0.485016 0.121490
v 0.011908 -0.485016 0.120905
v 0.023702 -0.485016 0.119156
v 0.035267 -0.485016 0.116259
v 0.046492 -0.485016 0.112242
v 0.057270 -0.485016 0.107145
v 0.067496 -0.485016 0.101015
v 0.077072 -0.485016 0.093913
v 0.085906 -0.485016 0.085906
v 0.093913 -0.485016 0.077072
v 0.101015 -0.485016 0.067496
v 0.107145 -0.485016 0.057270
v 0.112242 -0.485016 0.046492
v 0.116259 -0.485016 0.035267
v 0.119156 -0.485016 0.023701
v 0.120905 -0.485016 0.011908
v 0.121490 -0.485016 -0.000000
v 0.120905 -0.485016 -0.011908
v 0.119156 -0.485016 -0.023702
v 0.116259 -0.485016 -0.035267
v 0.112242 -0.485016 -0.046492
v 0.107145 -0.485016 -0.057270
v 0.101015 -0.485016 -0.067496
v 0.093913 -0.485016 -0.077073
v 0.085906 -0.485016 -0.085907
v 0.077072 -0.485016 -0.093913
v 0.067496 -0.485016 -0.101015
v 0.057270 -0.485016 -0.107145
v 0.046492 -0.485016 -0.112242
v 0.035267 -0.485016 -0.116259
v 0.023702 -0.485016 -0.119156
v 0.011908 -0.485016 -0.120905
v 0.000000 -0.485016 -0.121490
v -0.011908 -0.485016 -0.120905
v -0.023702 -0.485016 -0.119156
v -0.035267 -0.485016 -0.116259
v -0.046492 -0.485016 -0.112242
v -0.057270 -0.485016 -0.107145
v -0.067496 -0.485016 -0.101015
v -0.077072 -0.485016 -0.093913
v -0.085906 -0.485016 -0.085907
v -0.093913 -0.485016 -0.077073
v -0.101015 -0.485016 -0.067496
v -0.107145 -0.485016 -0.057270
v -0.112242 -0.485016 -0.046492
v -0.116259 -0.485016 -0.035267
v -0.119156 -0.485016 -0.023702
v -0.120905 -0.485016 -0.011908
v -0.121490 -0.485016 -0.000000
v -0.097075 -0.490393 0.009561
v -0.097545 -0.490393 -0.000000
v -0.095671 -0.490393 0.019030
v -0.093345 -0.490393 0.028316
v -0.090120 -0.490393 0.037329
v -0.086027 -0.490393 0.045982
v -0.081106 -0.490393 0.054193
v -0.075403 -0.490393 0.061882
v -0.068975 -0.490393 0.068975
v -0.061882 -0.490393 0.075403
v -0.054193 -0.490393 0.081106
v -0.045982 -0.490393 0.086027
v -0.037329 -0.490393 0.090120
v -0.028316 -0.490393 0.093345
v -0.019030 -0.490393 0.095671
v -0.009561 -0.490393 0.097075
v -0.000000 -0.490393 0.097545
v 0.009561 -0.490393 0.097075
v 0.019030 -0.490393 0.095671
v 0.028316 -0.490393 0.093345
v 0.037329 -0.490393 0.090120
v 0.045982 -0.490393 0.086027
v 0.054193 -0.490393 0.081106
v 0.061882 -0.490393 0.075403
v 0.068975 -0.490393 0.068975
v 0.075403 -0.490393 0.061882
v 0.081106 -0.490393 0.054193
v 0.086027 -0.490393 0.045982
v 0.090120 -0.490393 0.037329
v 0.093345 -0.490393 0.028316
v 0.095671 -0.490393 0.019030
v 0.097075 -0.490393 0.009561
v 0.097545 -0.490393 -0.000000
v 0.097075 -0.490393 -0.009561
v 0.095671 -0.490393 -0.019030
v 0.093345 -0.490393 -0.028316
v 0.090120 -0.490393 -0.037329
v 0.086027 -0.490393 -0.045983
v 0.081106 -0.490393 -0.054193
v 0.075403 -0.490393 -0.061882
v 0.068975 -0.490393 -0.068975
v 0.061882 -0.490393 -0.075404
v 0.054193 -0.490393 -0.081106
v 0.045982 -0.490393 -0.086027
v 0.037329 -0.490393 -0.090120
v 0.028316 -0.490393 -0.093345
v 0.019030 -0.490393 -0.095671
v 0.009561 -0.490393 -0.097076
v 0.000000 -0.490393 -0.097545
v -0.009561 -0.490393 -0.097076
v -0.019030 -0.490393 -0.095671
v -0.028316 -0.490393 -0.093345
v -0.037329 -0.490393 -0.090120
v -0.045982 -0.490393 -0.086027
v -0.054193 -0.490393 -0.081106
v -0.061882 -0.490393 -0.075404
v -0.068975 -0.490393 -0.068975
v -0.075403 -0.490393 -0.061882
v -0.081106 -0.490393 -0.054193
v -0.086027 -0.490393 -0.045983
v -0.090120 -0.490393 -0.037329
v -0.093345 -0.490393 -0.028316
v -0.095671 -0.490393 -0.019030
v -0.097075 -0.490393 -0.009561
v -0.097545 -0.490393 -0.000000
v -0.073012 -0.494588 0.007191
v -0.073365 -0.494588 -0.000000
v -0.071956 -0.494588 0.014313
v -0.070206 -0.494588 0.021297
v -0.067781 -0.494588 0.028076
v -0.064702 -0.494588 0.034584
v -0.061001 -0.494588 0.040759
v -0.056712 -0.494588 0.046542
v -0.051877 -0.494588 0.051877
v -0.046542 -0.494588 0.056712
v -0.040760 -0.494588 0.061001
v -0.034584 -0.494588 0.064702
v -0.028076 -0.494588 0.067781
v -0.021297 -0.494588 0.070206
v -0.014313 -0.494588 0.071955
v -0.007191 -0.494588 0.073012
v -0.000000 -0.494588 0.073365
v 0.007191 -0.494588 0.073012
v 0.014313 -0.494588 0.071955
v 0.021297 -0.494588 0.070206
v 0.028076 -0.494588 0.067781
v 0.034584 -0.494588 0.064702
v 0.040760 -0.494588 0.061001
v 0.046542 -0.494588 0.056712
v 0.051877 -0.494588 0.051877
v 0.056712 -0.494588 0.046542
v 0.061001 -0.494588 0.040759
v 0.064702 -0.494588 0.034584
v 0.067781 -0.494588 0.028076
v 0.070206 -0.494588 0.021297
v 0.071956 -0.494588 0.014313
v 0.073012 -0.494588 0.007191
v 0.073365 -0.494588 -0.000000
v 0.073012 -0.494588 -0.007191
v 0.071956 -0.494588 -0.014313
v 0.070206 -0.494588 -0.021297
v 0.067781 -0.494588 -0.028076
v 0.064702 -0.494588 -0.034584
v 0.061001 -0.494588 -0.040760
v 0.056712 -0.494588 -0.046542
v 0.051877 -0.494588 -0.051877
v 0.046542 -0.494588 -0.056712
v 0.040760 -0.494588 -0.061001
v 0.034584 -0.494588 -0.064702
v 0.028076 -0.494588 -0.067781
v 0.021297 -0.494588 -0.070206
v 0.014313 -0.494588 -0.071956
v 0.007191 -0.494588 -0.073012
v 0.000000 -0.494588 -0.073365
v -0.007191 -0.494588 -0.073012
v -0.014313 -0.494588 -0.071956
v -0.021297 -0.494588 -0.070206
v -0.028076 -0.494588 -0.067781
v -0.034584 -0.494588 -0.064702
v -0.040760 -0.494588 -0.061001
v -0.046542 -0.494588 -0.056712
v -0.051877 -0.494588 -0.051877
v -0.056712 -0.494588 -0.046542
v -0.061001 -0.494588 -0.040760
v -0.064702 -0.494588 -0.034584
v -0.067781 -0.494588 -0.028076
v -0.070206 -0.494588 -0.021297
v -0.071956 -0.494588 -0.014313
v -0.073012 -0.494588 -0.007191
v -0.073365 -0.494588 -0.000000
v -0.048773 -0.497592 0.004804
v -0.049009 -0.497592 -0.000000
v -0.048067 -0.497592 0.009561
v -0.046898 -0.497592 0.014226
v -0.045278 -0.497592 0.018755
v -0.043222 -0.497592 0.023102
v -0.040749 -0.497592 0.027228
v -0.037884 -0.497592 0.031091
v -0.034654 -0.497592 0.034654
v -0.031091 -0.497592 0.037884
v -0.027228 -0.497592 0.040749
v -0.023102 -0.497592 0.043222
v -0.018755 -0.497592 0.045278
v -0.014226 -0.497592 0.046898
v -0.009561 -0.497592 0.048067
v -0.004804 -0.497592 0.048772
v -0.000000 -0.497592 0.049008
v 0.004804 -0.497592 0.048772
v 0.009561 -0.497592 0.048067
v 0.014226 -0.497592 0.046898
v 0.018755 -0.497592 0.045278
v 0.023102 -0.497592 0.043222
v 0.027228 -0.497592 0.040749
v 0.031091 -0.497592 0.037884
v 0.034654 -0.497592 0.034654
v 0.037884 -0.497592 0.031091
v 0.040749 -0.497592 0.027228
v 0.043222 -0.497592 0.023102
v 0.045278 -0.497592 0.018755
v 0.046898 -0.497592 0.014226
v 0.048067 -0.497592 0.009561
v 0.048773 -0.497592 0.004804
v 0.049009 -0.497592 -0.000000
v 0.048773 -0.497592 -0.004804
v 0.048067 -0.497592 -0.009561
v 0.046898 -0.497592 -0.014227
v 0.045278 -0.497592 -0.018755
v 0.043222 -0.497592 -0.023103
v 0.040749 -0.497592 -0.027228
v 0.037884 -0.497592 -0.031091
v 0.034654 -0.497592 -0.034654
v 0.031091 -0.497592 -0.037884
v 0.027228 -0.497592 -0.040749
v 0.023102 -0.497592 -0.043222
v 0.018755 -0.497592 -0.045278
v 0.014226 -0.497592 -0.046898
v 0.009561 -0.497592 -0.048067
v 0.004804 -0.497592 -0.048773
v 0.000000 -0.497592 -0.049009
v -0.004804 -0.497592 -0.048773
v -0.009561 -0.497592 -0.048067
v -0.014226 -0.497592 -0.046898
v -0.018755 -0.497592 -0.045278
v -0.023102 -0.497592 -0.043222
v -0.027228 -0.497592 -0.040749
v -0.031091 -0.497592 -0.037884
v -0.034654 -0.497592 -0.034654
v -0.037884 -0.497592 -0.031091
v -0.040749 -0.497592 -0.027228
v -0.043222 -0.497592 -0.023103
v -0.045278 -0.497592 -0.018755
v -0.046898 -0.497592 -0.014227
v -0.048067 -0.497592 -0.009561
v -0.048773 -0.497592 -0.004804
v -0.049009 -0.497592 -0.000000
v -0.024416 -0.499398 0.002405
v -0.024534 -0.499398 -0.000000
v -0.024062 -0.499398 0.004786
v -0.023477 -0.499398 0.007122
v -0.022666 -0.499398 0.009389
v -0.021637 -0.499398 0.011565
v -0.020399 -0.499398 0.013630
v -0.018965 -0.499398 0.015564
v -0.017348 -0.499398 0.017348
v -0.015564 -0.499398 0.018965
v -0.013630 -0.499398 0.020399
v -0.011565 -0.499398 0.021637
v -0.009389 -0.499398 0.022666
v -0.007122 -0.499398 0.023477
v -0.004786 -0.499398 0.024062
v -0.002405 -0.499398 0.024416
v -0.000000 -0.499398 0.024534
v 0.002405 -0.499398 0.024416
v 0.004786 -0.499398 0.024062
v 0.007122 -0.499398 0.023477
v 0.009389 -0.499398 0.022666
v 0.011565 -0.499398 0.021637
v 0.013630 -0.499398 0.020399
v 0.015564 -0.499398 0.018965
v 0.017348 -0.499398 0.017348
v 0.018965 -0.499398 0.015564
v 0.020399 -0.499398 0.013630
v 0.021637 -0.499398 0.011565
v 0.022666 -0.499398 0.009389
v 0.023477 -0.499398 0.007122
v 0.024062 -0.499398 0.004786
v 0.024416 -0.499398 0.002405
v 0.024534 -0.499398 -0.000000
v 0.024416 -0.499398 -0.002405
v 0.024062 -0.499398 -0.004786
v 0.023477 -0.499398 -0.007122
v 0.022666 -0.499398 -0.009389
v 0.021637 -0.499398 -0.011565
v 0.020399 -0.499398 -0.013630
v 0.018965 -0.499398 -0.015564
v 0.017348 -0.499398 -0.017348
v 0.015564 -0.499398 -0.018965
v 0.013630 -0.499398 -0.020399
v 0.011565 -0.499398 -0.021637
v 0.009389 -0.499398 -0.022666
v 0.007122 -0.499398 -0.023478
v 0.004786 -0.499398 -0.024063
v 0.002405 -0.499398 -0.024416
v 0.000000 -0.499398 -0.024534
v -0.002405 -0.499398 -0.024416
v -0.004786 -0.499398 -0.024063
v -0.007122 -0.499398 -0.023478
v -0.009389 -0.499398 -0.022666
v -0.011565 -0.499398 -0.021637
v -0.013630 -0.499398 -0.020399
v -0.015564 -0.499398 -0.018965
v -0.017348 -0.499398 -0.017348
v -0.018965 -0.499398 -0.015564
v -0.020399 -0.499398 -0.013630
v -0.021637 -0.499398 -0.011565
v -0.022666 -0.499398 -0.009389
v -0.023477 -0.499398 -0.007122
v -0.024062 -0.499398 -0.004786
v -0.024416 -0.499398 -0.002405
v -0.024534 -0.499398 -0.000000
v -0.000000 -0.500000 -0.000000
v -0.000000 -0.500000 -0.000000
v -0.000000 -0.500000 -0.000000
v -0.000000 -0.500000 -0.000000
v -0.000000 -0.500000 -0.000000
v -0.000000 -0.500000 -0.000000
v -0.000000 -0.500000 -0.000000
v -0.000000 -0.500000 -0.000000
v -0.000000 -0.500000 -0.000000
v -0.000000 -0.500000 -0.000000
v -0.000000 -0.500000 -0.000000
v -0.000000 -0.500000 -0.000000
v -0.000000 -0.500000 -0.000000
v -0.000000 -0.500000 -0.000000
v -0.000000 -0.500000 -0.000000
v -0.000000 -0.500000 -0.000000
v -0.000000 -0.500000 -0.000000
v 0.000000 -0.500000 -0.000000
v 0.000000 -0.500000 -0.000000
v 0.000000 -0.500000 -0.000000
v 0.000000 -0.500000 -0.000000
v 0.000000 -0.500000 -0.000000
v 0.000000 -0.500000 -0.000000
v 0.000000 -0.500000 -0.000000
v 0.000000 -0.500000 -0.000000
v 0.000000 -0.500000 -0.000000
v 0.000000 -0.500000 -0.000000
v 0.000000 -0.500000 -0.000000
v 0.000000 -0.500000 -0.000000
v 0.000000 -0.500000 -0.000000
v 0.000000 -0.500000 -0.000000
v 0.000000 -0.500000 -0.000000
v 0.000000 -0.500000 -0.000000
v 0.000000 -0.500000 -0.000000
v 0.000000 -0.500000 -0.000000
v 0.000000 -0.500000 -0.000000
v 0.000000 -0.500000 -0.000000
v 0.000000 -0.500000 -0.000000
v 0.000000 -0.500000 -0.000000
v 0.000000 -0.500000 -0.000000
v 0.000000 -0.500000 -0.000000
v 0.000000 -0.500000 -0.000000
v 0.000000 -0.500000 -0.000000
v 0.000000 -0.500000 -0.000000
v 0.000000 -0.500000 -0.000000
v 0.000000 -0.500000 -0.000000
v 0.000000 -0.500000 -0.000000
v 0.000000 -0.500000 -0.000000
v 0.000000 -0.500000 -0.000000
v -0.000000 -0.500000 -0.000000
v -0.000000 -0.500000 -0.000000
v -0.000000 -0.500000 -0.000000
v -0.000000 -0.500000 -0.000000
v -0.000000 -0.500000 -0.000000
v -0.000000 -0.500000 -0.000000
v -0.000000 -0.500000 -0.000000
v -0.000000 -0.500000 -0.000000
v -0.000000 -0.500000 -0.000000
v -0.000000 -0.500000 -0.000000
v -0.000000 -0.500000 -0.000000
v -0.000000 -0.500000 -0.000000
v -0.000000 -0.500000 -0.000000
v -0.000000 -0.500000 -0.000000
v -0.000000 -0.500000 -0.000000
vt 0.007812 1.000000
vt 0.000000 0.984375
vt 0.015625 0.984375
vt 0.023438 1.000000
vt 0.031250 0.984375
vt 0.039062 1.000000
vt 0.046875 0.984375
vt 0.054688 1.000000
vt 0.062500 0.984375
vt 0.070312 1.000000
vt 0.078125 0.984375
vt 0.085938 1.000000
vt 0.093750 0.984375
vt 0.101562 1.000000
vt 0.109375 0.984375
vt 0.117188 1.000000
vt 0.125000 0.984375
vt 0.132812 1.000000
vt 0.140625 0.984375
vt 0.148438 1.000000
vt 0.156250 0.984375
vt 0.164062 1.000000
vt 0.171875 0.984375
vt 0.179688 1.000000
vt 0.187500 0.984375
vt 0.195312 1.000000
vt 0.203125 0.984375
vt 0.210938 1.000000
vt 0.218750 0.984375
vt 0.226562 1.000000
vt 0.234375 0.984375
vt 0.242188 1.000000
vt 0.250000 0.984375
vt 0.257812 1.000000
vt 0.265625 0.984375
vt 0.273438 1.000000
vt 0.281250 0.984375
vt 0.289062 1.000000
vt 0.296875 0.984375
vt 0.304688 1.000000
vt 0.312500 0.984375
vt 0.320312 1.000000
vt 0.328125 0.984375
vt 0.335938 1.000000
vt 0.343750 0.984375
vt 0.351562 1.000000
vt 0.359375 0.984375
vt 0.367188 1.000000
vt 0.375000 0.984375
vt 0.382812 1.000000
vt 0.390625 0.984375
vt 0.398438 1.000000
vt 0.406250 0.984375
vt 0.414062 1.000000
vt 0.421875 0.984375
vt 0.429688 1.000000
vt 0.437500 0.984375
vt 0.445312 1.000000
vt 0.453125 0.984375
vt 0.460938 1.000000
vt 0.468750 0.984375
vt 0.476562 1.000000
vt 0.484375 0.984375
vt 0.492188 1.000000
vt 0.500000 0.984375
vt 0.507812 1.000000
vt 0.515625 0.984375
vt 0.523438 1.000000
vt 0.531250 0.984375
vt 0.539062 1.000000
vt 0.546875 0.984375
vt 0.554688 1.000000
vt 0.562500 0.984375
vt 0.570312 1.000000
vt 0.578125 0.984375
vt 0.585938 1.000000
vt 0.593750 0.984375
vt 0.601562 1.000000
vt 0.609375 0.984375
vt 0.617188 1.000000
vt 0.625000 0.984375
vt 0.632812 1.000000
vt 0.640625 0.984375
vt 0.648438 1.000000
vt 0.656250 0.984375
vt 0.664062 1.000000
vt 0.671875 0.984375
vt 0.679688 1.000000
vt 0.687500 0.984375
vt 0.695312 1.000000
vt 0.703125 0.984375
vt 0.710938 1.000000
vt 0.718750 0.984375
vt 0.726562 1.000000
vt 0.734375 0.984375
vt 0.742188 1.000000
vt 0.750000 0.984375
vt 0.757812 1.000000
vt 0.765625 0.984375
vt 0.773438 1.000000
vt 0.781250 0.984375
vt 0.789062 1.000000
vt 0.796875 0.984375
vt 0.804688 1.000000
vt 0.812500 0.984375
vt 0.820312 1.000000
vt 0.828125 0.984375
vt 0.835938 1.000000
vt 0.843750 0.984375
vt 0.851562 1.000000
vt 0.859375 0.984375
vt 0.867188 1.000000
vt 0.875000 0.984375
vt 0.882812 1.000000
vt 0.890625 0.984375
vt 0.898438 1.000000
vt 0.906250 0.984375
vt 0.914062 1.000000
vt 0.921875 0.984375
vt 0.929688 1.000000
vt 0.937500 0.984375
vt 0.945312 1.000000
vt 0.953125 0.984375
vt 0.960938 1.000000
vt 0.968750 0.984375
vt 0.976562 1.000000
vt 0.984375 0.984375
vt 0.992188 1.000000
vt 1.000000 0.984375
vt 0.015625 0.968750
vt 0.000000 0.968750
vt 0.031250 0.968750
vt 0.046875 0.968750
vt 0.062500 0.968750
vt 0.078125 0.968750
vt 0.093750 0.968750
vt 0.109375 0.968750
vt 0.125000 0.968750
vt 0.140625 0.968750
vt 0.156250 0.968750
vt 0.171875 0.968750
vt 0.187500 0.968750
vt 0.203125 0.968750
vt 0.218750 0.968750
vt 0.234375 0.968750
vt 0.250000 0.968750
vt 0.265625 0.968750
vt 0.281250 0.968750
vt 0.296875 0.968750
vt 0.312500 0.968750
vt 0.328125 0.968750
vt 0.343750 0.968750
vt 0.359375 0.968750
vt 0.375000 0.968750
vt 0.390625 0.968750
vt 0.406250 0.968750
vt 0.421875 0.968750
vt 0.437500 0.968750
vt 0.453125 0.968750
vt 0.468750 0.968750
vt 0.484375 0.968750
vt 0.500000 0.968750
vt 0.515625 0.968750
vt 0.531250 0.968750
vt 0.546875 0.968750
vt 0.562500 0.968750
vt 0.578125 0.968750
vt 0.593750 0.968750
vt 0.609375 0.968750
vt 0.625000 0.968750
vt 0.640625 0.968750
vt 0.656250 0.968750
vt 0.671875 0.968750
vt 0.687500 0.968750
vt 0.703125 0.968750
vt 0.718750 0.968750
vt 0.734375 0.968750
vt 0.750000 0.968750
vt 0.765625 0.968750
vt 0.781250 0.968750
vt 0.796875 0.968750
vt 0.812500 0.968750
vt 0.828125 0.968750
vt 0.843750 0.968750
vt 0.859375 0.968750
vt 0.875000 0.968750
vt 0.890625 0.968750
vt 0.906250 0.968750
vt 0.921875 0.968750
vt 0.937500 0.968750
vt 0.953125 0.968750
vt 0.968750 0.968750
vt 0.984375 0.968750
vt 1.000000 0.968750
vt 0.015625 0.953125
vt 0.000000 0.953125
vt 0.031250 0.953125
vt 0.046875 0.953125
vt 0.062500 0.953125
vt 0.078125 0.953125
vt 0.093750 0.953125
vt 0.109375 0.953125
vt 0.125000 0.953125
vt 0.140625 0.953125
vt 0.156250 0.953125
vt 0.171875 0.953125
vt 0.187500 0.953125
vt 0.203125 0.953125
vt 0.218750 0.953125
vt 0.234375 0.953125
vt 0.250000 0.953125
vt 0.265625 0.953125
vt 0.281250 0.953125
vt 0.296875 0.953125
vt 0.312500 0.953125
vt 0.328125 0.953125
vt 0.343750 0.953125
vt 0.359375 0.953125
vt 0.375000 0.953125
vt 0.390625 0.953125
vt 0.406250 0.953125
vt 0.421875 0.953125
vt 0.437500 0.953125
vt 0.453125 0.953125
vt 0.468750 0.953125
vt 0.484375 0.953125
vt 0.500000 0.953125
vt 0.515625 0.953125
vt 0.531250 0.953125
vt 0.546875 0.953125
vt 0.562500 0.953125
vt 0.578125 0.953125
vt 0.593750 0.953125
vt 0.609375 0.953125
vt 0.625000 0.953125
vt 0.640625 0.953125
vt 0.656250 0.953125
vt 0.671875 0.953125
vt 0.687500 0.953125
vt 0.703125 0.953125
vt 0.718750 0.953125
vt 0.734375 0.953125
vt 0.750000 0.953125
vt 0.765625 0.953125
vt 0.781250 0.953125
vt 0.796875 0.953125
vt 0.812500 0.953125
vt 0.828125 0.953125
vt 0.843750 0.953125
vt 0.859375 0.953125
vt 0.875000 0.953125
vt 0.890625 0.953125
vt 0.906250 0.953125
vt 0.921875 0.953125
vt 0.937500 0.953125
vt 0.953125 0.953125
vt 0.968750 0.953125
vt 0.984375 0.953125
vt 1.000000 0.953125
vt 0.015625 0.937500
vt 0.000000 0.937500
vt 0.031250 0.937500
vt 0.046875 0.937500
vt 0.062500 0.937500
vt 0.078125 0.937500
vt 0.093750 0.937500
vt 0.109375 0.937500
vt 0.125000 0.937500
vt 0.140625 0.937500
vt 0.156250 0.937500
vt 0.171875 0.937500
vt 0.187500 0.937500
vt 0.203125 0.937500
vt 0.218750 0.937500
vt 0.234375 0.937500
vt 0.250000 0.937500
vt 0.265625 0.937500
vt 0.281250 0.937500
vt 0.296875 0.937500
vt 0.312500 0.937500
vt 0.328125 0.937500
vt 0.343750 0.937500
vt 0.359375 0.937500
vt 0.375000 0.937500
vt 0.390625 0.937500
vt 0.406250 0.937500
vt 0.421875 0.937500
vt 0.437500 0.937500
vt 0.453125 0.937500
vt 0.468750 0.937500
vt 0.484375 0.937500
vt 0.500000 0.937500
vt 0.515625 0.937500
vt 0.531250 0.937500
vt 0.546875 0.937500
vt 0.562500 0.937500
vt 0.578125 0.937500
vt 0.593750 0.937500
vt 0.609375 0.937500
vt 0.625000 0.937500
vt 0.640625 0.937500
vt 0.656250 0.937500
vt 0.671875 0.937500
vt 0.687500 0.937500
vt 0.703125 0.937500
vt 0.718750 0.937500
vt 0.734375 0.937500
vt 0.750000 0.937500
vt 0.765625 0.937500
vt 0.781250 0.937500
vt 0.796875 0.937500
vt 0.812500 0.937500
vt 0.828125 0.937500
vt 0.843750 0.937500
vt 0.859375 0.937500
vt 0.875000 0.937500
vt 0.890625 0.937500
vt 0.906250 0.937500
vt 0.921875 0.937500
vt 0.937500 0.937500
vt 0.953125 0.937500
vt 0.968750 0.937500
vt 0.984375 0.937500
vt 1.000000 0.937500
vt 0.015625 0.921875
vt 0.000000 0.921875
vt 0.031250 0.921875
vt 0.046875 0.921875
vt 0.062500 0.921875
vt 0.078125 0.921875
vt 0.093750 0.921875
vt 0.109375 0.921875
vt 0.125000 0.921875
vt 0.140625 0.921875
vt 0.156250 0.921875
vt 0.171875 0.921875
vt 0.187500 0.921875
vt 0.203125 0.921875
vt 0.218750 0.921875
vt 0.234375 0.921875
vt 0.250000 0.921875
vt 0.265625 0.921875
vt 0.281250 0.921875
vt 0.296875 0.921875
vt 0.312500 0.921875
vt 0.328125 0.921875
vt 0.343750 0.921875
vt 0.359375 0.921875
vt 0.375000 0.921875
vt 0.390625 0.921875
vt 0.406250 0.921875
vt 0.421875 0.921875
vt 0.437500 0.921875
vt 0.453125 0.921875
vt 0.468750 0.921875
vt 0.484375 0.921875
vt 0.500000 0.921875
vt 0.515625 0.921875
vt 0.531250 0.921875
vt 0.546875 0.921875
vt 0.562500 0.921875
vt 0.578125 0.921875
vt 0.593750 0.921875
vt 0.609375 0.921875
vt 0.625000 0.921875
vt 0.640625 0.921875
vt 0.656250 0.921875
vt 0.671875 0.921875
vt 0.687500 0.921875
vt 0.703125 0.921875
vt 0.718750 0.921875
vt 0.734375 0.921875
vt 0.750000 0.921875
vt 0.765625 0.921875
vt 0.781250 0.921875
vt 0.796875 0.921875
vt 0.812500 0.921875
vt 0.828125 0.921875
vt 0.843750 0.921875
vt 0.859375 0.921875
vt 0.875000 0.921875
vt 0.890625 0.921875
vt 0.906250 0.921875
vt 0.921875 0.921875
vt 0.937500 0.921875
vt 0.953125 0.921875
vt 0.968750 0.921875
vt 0.984375 0.921875
vt 1.000000 0.921875
vt 0.015625 0.906250
vt 0.000000 0.906250
vt 0.031250 0.906250
vt 0.046875 0.906250
vt 0.062500 0.906250
vt 0.078125 0.906250
vt 0.093750 0.906250
vt 0.109375 0.906250
vt 0.125000 0.906250
vt 0.140625 0.906250
vt 0.156250 0.906250
vt 0.171875 0.906250
vt 0.187500 0.906250
vt 0.203125 0.906250
vt 0.218750 0.906250
vt 0.234375 0.906250
vt 0.250000 0.906250
vt 0.265625 0.906250
vt 0.281250 0.906250
vt 0.296875 0.906250
vt 0.312500 0.906250
vt 0.328125 0.906250
vt 0.343750 0.906250
vt 0.359375 0.906250
vt 0.375000 0.906250
vt 0.390625 0.906250
vt 0.406250 0.906250
vt 0.421875 0.906250
vt 0.437500 0.906250
vt 0.453125 0.906250
vt 0.468750 0.906250
vt 0.484375 0.906250
vt 0.500000 0.906250
vt 0.515625 0.906250
vt 0.531250 0.906250
vt 0.546875 0.906250
vt 0.562500 0.906250
vt 0.578125 0.906250
vt 0.593750 0.906250
vt 0.609375 0.906250
vt 0.625000 0.906250
vt 0.640625 0.906250
vt 0.656250 0.906250
vt 0.671875 0.906250
vt 0.687500 0.906250
vt 0.703125 0.906250
vt 0.718750 0.906250
vt 0.734375 0.906250
vt 0.750000 0.906250
vt 0.765625 0.906250
vt 0.781250 0.906250
vt 0.796875 0.906250
vt 0.812500 0.906250
vt 0.828125 0.906250
vt 0.843750 0.906250
vt 0.859375 0.906250
vt 0.875000 0.906250
vt 0.890625 0.906250
vt 0.906250 0.906250
vt 0.921875 0.906250
vt 0.937500 0.906250
vt 0.953125 0.906250
vt 0.968750 0.906250
vt 0.984375 0.906250
vt 1.000000 0.906250
vt 0.015625 0.890625
vt 0.000000 0.890625
vt 0.031250 0.890625
vt 0.046875 0.890625
vt 0.062500 0.890625
vt 0.078125 0.890625
vt 0.093750 0.890625
vt 0.109375 0.890625
vt 0.125000 0.890625
vt 0.140625 0.890625
vt 0.156250 0.890625
vt 0.171875 0.890625
vt 0.187500 0.890625
vt 0.203125 0.890625
vt 0.218750 0.890625
vt 0.234375 0.890625
vt 0.250000 0.890625
vt 0.265625 0.890625
vt 0.281250 0.890625
vt 0.296875 0.890625
vt 0.312500 0.890625
vt 0.328125 0.890625
vt 0.343750 0.890625
vt 0.359375 0.890625
vt 0.375000 0.890625
vt 0.390625 0.890625
vt 0.406250 0.890625
vt 0.421875 0.890625
vt 0.437500 0.890625
vt 0.453125 0.890625
vt 0.468750 0.890625
vt 0.484375 0.890625
vt 0.500000 0.890625
vt 0.515625 0.890625
vt 0.531250 0.890625
vt 0.546875 0.890625
vt 0.562500 0.890625
vt 0.578125 0.890625
vt 0.593750 0.890625
vt 0.609375 0.890625
vt 0.625000 0.890625
vt 0.640625 0.890625
vt 0.656250 0.890625
vt 0.671875 0.890625
vt 0.687500 0.890625
vt 0.703125 0.890625
vt 0.718750 0.890625
vt 0.734375 0.890625
vt 0.750000 0.890625
vt 0.765625 0.890625
vt 0.781250 0.890625
vt 0.796875 0.890625
vt 0.812500 0.890625
vt 0.828125 0.890625
vt 0.843750 0.890625
vt 0.859375 0.890625
vt 0.875000 0.890625
vt 0.890625 0.890625
vt 0.906250 0.890625
vt 0.921875 0.890625
vt 0.937500 0.890625
vt 0.953125 0.890625
vt 0.968750 0.890625
vt 0.984375 0.890625
vt 1.000000 0.890625
vt 0.015625 0.875000
vt 0.000000 0.875000
vt 0.031250 0.875000
vt 0.046875 0.875000
vt 0.062500 0.875000
vt 0.078125 0.875000
vt 0.093750 0.875000
vt 0.109375 0.875000
vt 0.125000 0.875000
vt 0.140625 0.875000
vt 0.156250 0.875000
vt 0.171875 0.875000
vt 0.187500 0.875000
vt 0.203125 0.875000
vt 0.218750 0.875000
vt 0.234375 0.875000
vt 0.250000 0.875000
vt 0.265625 0.875000
vt 0.281250 0.875000
vt 0.296875 0.875000
vt 0.312500 0.875000
vt 0.328125 0.875000
vt 0.343750 0.875000
vt 0.359375 0.875000
vt 0.375000 0.875000
vt 0.390625 0.875000
vt 0.406250 0.875000
vt 0.421875 0.875000
vt 0.437500 0.875000
vt 0.453125 0.875000
vt 0.468750 0.875000
vt 0.484375 0.875000
vt 0.500000 0.875000
vt 0.515625 0.875000
vt 0.531250 0.875000
vt 0.546875 0.875000
vt 0.562500 0.875000
vt 0.578125 0.875000
vt 0.593750 0.875000
vt 0.609375 0.875000
vt 0.625000 0.875000
vt 0.640625 0.875000
vt 0.656250 0.875000
vt 0.671875 0.875000
vt 0.687500 0.875000
vt 0.703125 0.875000
vt 0.718750 0.875000
vt 0.734375 0.875000
vt 0.750000 0.875000
vt 0.765625 0.875000
vt 0.781250 0.875000
vt 0.796875 0.875000
vt 0.812500 0.875000
vt 0.828125 0.875000
vt 0.843750 0.875000
vt 0.859375 0.875000
vt 0.875000 0.875000
vt 0.890625 0.875000
vt 0.906250 0.875000
vt 0.921875 0.875000
vt 0.937500 0.875000
vt 0.953125 0.875000
vt 0.968750 0.875000
vt 0.984375 0.875000
vt 1.000000 0.875000
vt 0.015625 0.859375
vt 0.000000 0.859375
vt 0.031250 0.859375
vt 0.046875 0.859375
vt 0.062500 0.859375
vt 0.078125 0.859375
vt 0.093750 0.859375
vt 0.109375 0.859375
vt 0.125000 0.859375
vt 0.140625 0.859375
vt 0.156250 0.859375
vt 0.171875 0.859375
vt 0.187500 0.859375
vt 0.203125 0.859375
vt 0.218750 0.859375
vt 0.234375 0.859375
vt 0.250000 0.859375
vt 0.265625 0.859375
vt 0.281250 0.859375
vt 0.296875 0.859375
vt 0.312500 0.859375
vt 0.328125 0.859375
vt 0.343750 0.859375
vt 0.359375 0.859375
vt 0.375000 0.859375
vt 0.390625 0.859375
vt 0.406250 0.859375
vt 0.421875 0.859375
vt 0.437500 0.859375
vt 0.453125 0.859375
vt 0.468750 0.859375
vt 0.484375 0.859375
vt 0.500000 0.859375
vt 0.515625 0.859375
vt 0.531250 0.859375
vt 0.546875 0.859375
vt 0.562500 0.859375
vt 0.578125 0.859375
vt 0.593750 0.859375
vt 0.609375 0.859375
vt 0.625000 0.859375
vt 0.640625 0.859375
vt 0.656250 0.859375
vt 0.671875 0.859375
vt 0.687500 0.859375
vt 0.703125 0.859375
vt 0.718750 0.859375
vt 0.734375 0.859375
vt 0.750000 0.859375
vt 0.765625 0.859375
vt 0.781250 0.859375
vt 0.796875 0.859375
vt 0.812500 0.859375
vt 0.828125 0.859375
vt 0.843750 0.859375
vt 0.859375 0.859375
vt 0.875000 0.859375
vt 0.890625 0.859375
vt 0.906250 0.859375
vt 0.921875 0.859375
vt 0.937500 0.859375
vt 0.953125 0.859375
vt 0.968750 0.859375
vt 0.984375 0.859375
vt 1.000000 0.859375
vt 0.015625 0.843750
vt 0.000000 0.843750
vt 0.031250 0.843750
vt 0.046875 0.843750
vt 0.062500 0.843750
vt 0.078125 0.843750
vt 0.093750 0.843750
vt 0.109375 0.843750
vt 0.125000 0.843750
vt 0.140625 0.843750
vt 0.156250 0.843750
vt 0.171875 0.843750
vt 0.187500 0.843750
vt 0.203125 0.843750
vt 0.218750 0.843750
vt 0.234375 0.843750
vt 0.250000 0.843750
vt 0.265625 0.843750
vt 0.281250 0.843750
vt 0.296875 0.843750
vt 0.312500 0.843750
vt 0.328125 0.843750
vt 0.343750 0.843750
vt 0.359375 0.843750
vt 0.375000 0.843750
vt 0.390625 0.843750
vt 0.406250 0.843750
vt 0.421875 0.843750
vt 0.437500 0.843750
vt 0.453125 0.843750
vt 0.468750 0.843750
vt 0.484375 0.843750
vt 0.500000 0.843750
vt 0.515625 0.843750
vt 0.531250 0.843750
vt 0.546875 0.843750
vt 0.562500 0.843750
vt 0.578125 0.843750
vt 0.593750 0.843750
vt 0.609375 0.843750
vt 0.625000 0.843750
vt 0.640625 0.843750
vt 0.656250 0.843750
vt 0.671875 0.843750
vt 0.687500 0.843750
vt 0.703125 0.843750
vt 0.718750 0.843750
vt 0.734375 0.843750
vt 0.750000 0.843750
vt 0.765625 0.843750
vt 0.781250 0.843750
vt 0.796875 0.843750
vt 0.812500 0.843750
vt 0.828125 0.843750
vt 0.843750 0.843750
vt 0.859375 0.843750
vt 0.875000 0.843750
vt 0.890625 0.843750
vt 0.906250 0.843750
vt 0.921875 0.843750
vt 0.937500 0.843750
vt 0.953125 0.843750
vt 0.968750 0.843750
vt 0.984375 0.843750
vt 1.000000 0.843750
vt 0.015625 0.828125
vt 0.000000 0.828125
vt 0.031250 0.828125
vt 0.046875 0.828125
vt 0.062500 0.828125
vt 0.078125 0.828125
vt 0.093750 0.828125
vt 0.109375 0.828125
vt 0.125000 0.828125
vt 0.140625 0.828125
vt 0.156250 0.828125
vt 0.171875 0.828125
vt 0.187500 0.828125
vt 0.203125 0.828125
vt 0.218750 0.828125
vt 0.234375 0.828125
vt 0.250000 0.828125
vt 0.265625 0.828125
vt 0.281250 0.828125
vt 0.296875 0.828125
vt 0.312500 0.828125
vt 0.328125 0.828125
vt 0.343750 0.828125
vt 0.359375 0.828125
vt 0.375000 0.828125
vt 0.390625 0.828125
vt 0.406250 0.828125
vt 0.421875 0.828125
vt 0.437500 0.828125
vt 0.453125 0.828125
vt 0.468750 0.828125
vt 0.484375 0.828125
vt 0.500000 0.828125
vt 0.515625 0.828125
vt 0.531250 0.828125
vt 0.546875 0.828125
vt 0.562500 0.828125
vt 0.578125 0.828125
vt 0.593750 0.828125
vt 0.609375 0.828125
vt 0.625000 0.828125
vt 0.640625 0.828125
vt 0.656250 0.828125
vt 0.671875 0.828125
vt 0.687500 0.828125
vt 0.703125 0.828125
vt 0.718750 0.828125
vt 0.734375 0.828125
vt 0.750000 0.828125
vt 0.765625 0.828125
vt 0.781250 0.828125
vt 0.796875 0.828125
vt 0.812500 0.828125
vt 0.828125 0.828125
vt 0.843750 0.828125
vt 0.859375 0.828125
vt 0.875000 0.828125
vt 0.890625 0.828125
vt 0.906250 0.828125
vt 0.921875 0.828125
vt 0.937500 0.828125
vt 0.953125 0.828125
vt 0.968750 0.828125
vt 0.984375 0.828125
vt 1.000000 0.828125
vt 0.015625 0.812500
vt 0.000000 0.812500
vt 0.031250 0.812500
vt 0.046875 0.812500
vt 0.062500 0.812500
vt 0.078125 0.812500
vt 0.093750 0.812500
vt 0.109375 0.812500
vt 0.125000 0.812500
vt 0.140625 0.812500
vt 0.156250 0.812500
vt 0.171875 0.812500
vt 0.187500 0.812500
vt 0.203125 0.812500
vt 0.218750 0.812500
vt 0.234375 0.812500
vt 0.250000 0.812500
vt 0.265625 0.812500
vt 0.281250 0.812500
vt 0.296875 0.812500
vt 0.312500 0.812500
vt 0.328125 0.812500
vt 0.343750 0.812500
vt 0.359375 0.812500
vt 0.375000 0.812500
vt 0.390625 0.812500
vt 0.406250 0.812500
vt 0.421875 0.812500
vt 0.437500 0.812500
vt 0.453125 0.812500
vt 0.468750 0.812500
vt 0.484375 0.812500
vt 0.500000 0.812500
vt 0.515625 0.812500
vt 0.531250 0.812500
vt 0.546875 0.812500
vt 0.562500 0.812500
vt 0.578125 0.812500
vt 0.593750 0.812500
vt 0.609375 0.812500
vt 0.625000 0.812500
vt 0.640625 0.812500
vt 0.656250 0.812500
vt 0.671875 0.812500
vt 0.687500 0.812500
vt 0.703125 0.812500
vt 0.718750 0.812500
vt 0.734375 0.812500
vt 0.750000 0.812500
vt 0.765625 0.812500
vt 0.781250 0.812500
vt 0.796875 0.812500
vt 0.812500 0.812500
vt 0.828125 0.812500
vt 0.843750 0.812500
vt 0.859375 0.812500
vt 0.875000 0.812500
vt 0.890625 0.812500
vt 0.906250 0.812500
vt 0.921875 0.812500
vt 0.937500 0.812500
vt 0.953125 0.812500
vt 0.968750 0.812500
vt 0.984375 0.812500
vt 1.000000 0.812500
vt 0.015625 0.796875
vt 0.000000 0.796875
vt 0.031250 0.796875
vt 0.046875 0.796875
vt 0.062500 0.796875
vt 0.078125 0.796875
vt 0.093750 0.796875
vt 0.109375 0.796875
vt 0.125000 0.796875
vt 0.140625 0.796875
vt 0.156250 0.796875
vt 0.171875 0.796875
vt 0.187500 0.796875
vt 0.203125 0.796875
vt 0.218750 0.796875
vt 0.234375 0.796875
vt 0.250000 0.796875
vt 0.265625 0.796875
vt 0.281250 0.796875
vt 0.296875 0.796875
vt 0.312500 0.796875
vt 0.328125 0.796875
vt 0.343750 0.796875
vt 0.359375 0.796875
vt 0.375000 0.796875
vt 0.390625 0.796875
vt 0.406250 0.796875
vt 0.421875 0.796875
vt 0.437500 0.796875
vt 0.453125 0.796875
vt 0.468750 0.796875
vt 0.484375 0.796875
vt 0.500000 0.796875
vt 0.515625 0.796875
vt 0.531250 0.796875
vt 0.546875 0.796875
vt 0.562500 0.796875
vt 0.578125 0.796875
vt 0.593750 0.796875
vt 0.609375 0.796875
vt 0.625000 0.796875
vt 0.640625 0.796875
vt 0.656250 0.796875
vt 0.671875 0.796875
vt 0.687500 0.796875
vt 0.703125 0.796875
vt 0.718750 0.796875
vt 0.734375 0.796875
vt 0.750000 0.796875
vt 0.765625 0.796875
vt 0.781250 0.796875
vt 0.796875 0.796875
vt 0.812500 0.796875
vt 0.828125 0.796875
vt 0.843750 0.796875
vt 0.859375 0.796875
vt 0.875000 0.796875
vt 0.890625 0.796875
vt 0.906250 0.796875
vt 0.921875 0.796875
vt 0.937500 0.796875
vt 0.953125 0.796875
vt 0.968750 0.796875
vt 0.984375 0.796875
vt 1.000000 0.796875
vt 0.015625 0.781250
vt 0.000000 0.781250
vt 0.031250 0.781250
vt 0.046875 0.781250
vt 0.062500 0.781250
vt 0.078125 0.781250
vt 0.093750 0.781250
vt 0.109375 0.781250
vt 0.125000 0.781250
vt 0.140625 0.781250
vt 0.156250 0.781250
vt 0.171875 0.781250
vt 0.187500 0.781250
vt 0.203125 0.781250
vt 0.218750 0.781250
vt 0.234375 0.781250
vt 0.250000 0.781250
vt 0.265625 0.781250
vt 0.281250 0.781250
vt 0.296875 0.781250
vt 0.312500 0.781250
vt 0.328125 0.781250
vt 0.343750 0.781250
vt 0.359375 0.781250
vt 0.375000 0.781250
vt 0.390625 0.781250
vt 0.406250 0.781250
vt 0.421875 0.781250
vt 0.437500 0.781250
vt 0.453125 0.781250
vt 0.468750 0.781250
vt 0.484375 0.781250
vt 0.500000 0.781250
vt 0.515625 0.781250
vt 0.531250 0.781250
vt 0.546875 0.781250
vt 0.562500 0.781250
vt 0.578125 0.781250
vt 0.593750 0.781250
vt 0.609375 0.781250
vt 0.625000 0.781250
vt 0.640625 0.781250
vt 0.656250 0.781250
vt 0.671875 0.781250
vt 0.687500 0.781250
vt 0.703125 0.781250
vt 0.718750 0.781250
vt 0.734375 0.781250
vt 0.750000 0.781250
vt 0.765625 0.781250
vt 0.781250 0.781250
vt 0.796875 0.781250
vt 0.812500 0.781250
vt 0.828125 0.781250
vt 0.843750 0.781250
vt 0.859375 0.781250
vt 0.875000 0.781250
vt 0.890625 0.781250
vt 0.906250 0.781250
vt 0.921875 0.781250
vt 0.937500 0.781250
vt 0.953125 0.781250
vt 0.968750 0.781250
vt 0.984375 0.781250
vt 1.000000 0.781250
vt 0.015625 0.765625
vt 0.000000 0.765625
vt 0.031250 0.765625
vt 0.046875 0.765625
vt 0.062500 0.765625
vt 0.078125 0.765625
vt 0.093750 0.765625
vt 0.109375 0.765625
vt 0.125000 0.765625
vt 0.140625 0.765625
vt 0.156250 0.765625
vt 0.171875 0.765625
vt 0.187500 0.765625
vt 0.203125 0.765625
vt 0.218750 0.765625
vt 0.234375 0.765625
vt 0.250000 0.765625
vt 0.265625 0.765625
vt 0.281250 0.765625
vt 0.296875 0.765625
vt 0.312500 0.765625
vt 0.328125 0.765625
vt 0.343750 0.765625
vt 0.359375 0.765625
vt 0.375000 0.765625
vt 0.390625 0.765625
vt 0.406250 0.765625
vt 0.421875 0.765625
vt 0.437500 0.765625
vt 0.453125 0.765625
vt 0.468750 0.765625
vt 0.484375 0.765625
vt 0.500000 0.765625
vt 0.515625 0.765625
vt 0.531250 0.765625
vt 0.546875 0.765625
vt 0.562500 0.765625
vt 0.578125 0.765625
vt 0.593750 0.765625
vt 0.609375 0.765625
vt 0.625000 0.765625
vt 0.640625 0.765625
vt 0.656250 0.765625
vt 0.671875 0.765625
vt 0.687500 0.765625
vt 0.703125 0.765625
vt 0.718750 0.765625
vt 0.734375 0.765625
vt 0.750000 0.765625
vt 0.765625 0.765625
vt 0.781250 0.765625
vt 0.796875 0.765625
vt 0.812500 0.765625
vt 0.828125 0.765625
vt 0.843750 0.765625
vt 0.859375 0.765625
vt 0.875000 0.765625
vt 0.890625 0.765625
vt 0.906250 0.765625
vt 0.921875 0.765625
vt 0.937500 0.765625
vt 0.953125 0.765625
vt 0.968750 0.765625
vt 0.984375 0.765625
vt 1.000000 0.765625
vt 0.015625 0.750000
vt 0.000000 0.750000
vt 0.031250 0.750000
vt 0.046875 0.750000
vt 0.062500 0.750000
vt 0.078125 0.750000
vt 0.093750 0.750000
vt 0.109375 0.750000
vt 0.125000 0.750000
vt 0.140625 0.750000
vt 0.156250 0.750000
vt 0.171875 0.750000
vt 0.187500 0.750000
vt 0.203125 0.750000
vt 0.218750 0.750000
vt 0.234375 0.750000
vt 0.250000 0.750000
vt 0.265625 0.750000
vt 0.281250 0.750000
vt 0.296875 0.750000
vt 0.312500 0.750000
vt 0.328125 0.750000
vt 0.343750 0.750000
vt 0.359375 0.750000
vt 0.375000 0.750000
vt 0.390625 0.750000
vt 0.406250 0.750000
vt 0.421875 0.750000
vt 0.437500 0.750000
vt 0.453125 0.750000
vt 0.468750 0.750000
vt 0.484375 0.750000
vt 0.500000 0.750000
vt 0.515625 0.750000
vt 0.531250 0.750000
vt 0.546875 0.750000
vt 0.562500 0.750000
vt 0.578125 0.750000
vt 0.593750 0.750000
vt 0.609375 0.750000
vt 0.625000 0.750000
vt 0.640625 0.750000
vt 0.656250 0.750000
vt 0.671875 0.750000
vt 0.687500 0.750000
vt 0.703125 0.750000
vt 0.718750 0.750000
vt 0.734375 0.750000
vt 0.750000 0.750000
vt 0.765625 0.750000
vt 0.781250 0.750000
vt 0.796875 0.750000
vt 0.812500 0.750000
vt 0.828125 0.750000
vt 0.843750 0.750000
vt 0.859375 0.750000
vt 0.875000 0.750000
vt 0.890625 0.750000
vt 0.906250 0.750000
vt 0.921875 0.750000
vt 0.937500 0.750000
vt 0.953125 0.750000
vt 0.968750 0.750000
vt 0.984375 0.750000
vt 1.000000 0.750000
vt 0.015625 0.734375
vt 0.000000 0.734375
vt 0.031250 0.734375
vt 0.046875 0.734375
vt 0.062500 0.734375
vt 0.078125 0.734375
vt 0.093750 0.734375
vt 0.109375 0.734375
vt 0.125000 0.734375
vt 0.140625 0.734375
vt 0.156250 0.734375
vt 0.171875 0.734375
vt 0.187500 0.734375
vt 0.203125 0.734375
vt 0.218750 0.734375
vt 0.234375 0.734375
vt 0.250000 0.734375
vt 0.265625 0.734375
vt 0.281250 0.734375
vt 0.296875 0.734375
vt 0.312500 0.734375
vt 0.328125 0.734375
vt 0.343750 0.734375
vt 0.359375 0.734375
vt 0.375000 0.734375
vt 0.390625 0.734375
vt 0.406250 0.734375
vt 0.421875 0.734375
vt 0.437500 0.734375
vt 0.453125 0.734375
vt 0.468750 0.734375
vt 0.484375 0.734375
vt 0.500000 0.734375
vt 0.515625 0.734375
vt 0.531250 0.734375
vt 0.546875 0.734375
vt 0.562500 0.734375
vt 0.578125 0.734375
vt 0.593750 0.734375
vt 0.609375 0.734375
vt 0.625000 0.734375
vt 0.640625 0.734375
vt 0.656250 0.734375
vt 0.671875 0.734375
vt 0.687500 0.734375
vt 0.703125 0.734375
vt 0.718750 0.734375
vt 0.734375 0.734375
vt 0.750000 0.734375
vt 0.765625 0.734375
vt 0.781250 0.734375
vt 0.796875 0.734375
vt 0.812500 0.734375
vt 0.828125 0.734375
vt 0.843750 0.734375
vt 0.859375 0.734375
vt 0.875000 0.734375
vt 0.890625 0.734375
vt 0.906250 0.734375
vt 0.921875 0.734375
vt 0.937500 0.734375
vt 0.953125 0.734375
vt 0.968750 0.734375
vt 0.984375 0.734375
vt 1.000000 0.734375
vt 0.015625 0.718750
vt 0.000000 0.718750
vt 0.031250 0.718750
vt 0.046875 0.718750
vt 0.062500 0.718750
vt 0.078125 0.718750
vt 0.093750 0.718750
vt 0.109375 0.718750
vt 0.125000 0.718750
vt 0.140625 0.718750
vt 0.156250 0.718750
vt 0.171875 0.718750
vt 0.187500 0.718750
vt 0.203125 0.718750
vt 0.218750 0.718750
vt 0.234375 0.718750
vt 0.250000 0.718750
vt 0.265625 0.718750
vt 0.281250 0.718750
vt 0.296875 0.718750
vt 0.312500 0.718750
vt 0.328125 0.718750
vt 0.343750 0.718750
vt 0.359375 0.718750
vt 0.375000 0.718750
vt 0.390625 0.718750
vt 0.406250 0.718750
vt 0.421875 0.718750
vt 0.437500 0.718750
vt 0.453125 0.718750
vt 0.468750 0.718750
vt 0.484375 0.718750
vt 0.500000 0.718750
vt 0.515625 0.718750
vt 0.531250 0.718750
vt 0.546875 0.718750
vt 0.562500 0.718750
vt 0.578125 0.718750
vt 0.593750 0.718750
vt 0.609375 0.718750
vt 0.625000 0.718750
vt 0.640625 0.718750
vt 0.656250 0.718750
vt 0.671875 0.718750
vt 0.687500 0.718750
vt 0.703125 0.718750
vt 0.718750 0.718750
vt 0.734375 0.718750
vt 0.750000 0.718750
vt 0.765625 0.718750
vt 0.781250 0.718750
vt 0.796875 0.718750
vt 0.812500 0.718750
vt 0.828125 0.718750
vt 0.843750 0.718750
vt 0.859375 0.718750
vt 0.875000 0.718750
vt 0.890625 0.718750
vt 0.906250 0.718750
vt 0.921875 0.718750
vt 0.937500 0.718750
vt 0.953125 0.718750
vt 0.968750 0.718750
vt 0.984375 0.718750
vt 1.000000 0.718750
vt 0.015625 0.703125
vt 0.000000 0.703125
vt 0.031250 0.703125
vt 0.046875 0.703125
vt 0.062500 0.703125
vt 0.078125 0.703125
vt 0.093750 0.703125
vt 0.109375 0.703125
vt 0.125000 0.703125
vt 0.140625 0.703125
vt 0.156250 0.703125
vt 0.171875 0.703125
vt 0.187500 0.703125
vt 0.203125 0.703125
vt 0.218750 0.703125
vt 0.234375 0.703125
vt 0.250000 0.703125
vt 0.265625 0.703125
vt 0.281250 0.703125
vt 0.296875 0.703125
vt 0.312500 0.703125
vt 0.328125 0.703125
vt 0.343750 0.703125
vt 0.359375 0.703125
vt 0.375000 0.703125
vt 0.390625 0.703125
vt 0.406250 0.703125
vt 0.421875 0.703125
vt 0.437500 0.703125
vt 0.453125 0.703125
vt 0.468750 0.703125
vt 0.484375 0.703125
vt 0.500000 0.703125
vt 0.515625 0.703125
vt 0.531250 0.703125
vt 0.546875 0.703125
vt 0.562500 0.703125
vt 0.578125 0.703125
vt 0.593750 0.703125
vt 0.609375 0.703125
vt 0.625000 0.703125
vt 0.640625 0.703125
vt 0.656250 0.703125
vt 0.671875 0.703125
vt 0.687500 0.703125
vt 0.703125 0.703125
vt 0.718750 0.703125
vt 0.734375 0.703125
vt 0.750000 0.703125
vt 0.765625 0.703125
vt 0.781250 0.703125
vt 0.796875 0.703125
vt 0.812500 0.703125
vt 0.828125 0.703125
vt 0.843750 0.703125
vt 0.859375 0.703125
vt 0.875000 0.703125
vt 0.890625 0.703125
vt 0.906250 0.703125
vt 0.921875 0.703125
vt 0.937500 0.703125
vt 0.953125 0.703125
vt 0.968750 0.703125
vt 0.984375 0.703125
vt 1.000000 0.703125
vt 0.015625 0.687500
vt 0.000000 0.687500
vt 0.031250 0.687500
vt 0.046875 0.687500
vt 0.062500 0.687500
vt 0.078125 0.687500
vt 0.093750 0.687500
vt 0.109375 0.687500
vt 0.125000 0.687500
vt 0.140625 0.687500
vt 0.156250 0.687500
vt 0.171875 0.687500
vt 0.187500 0.687500
vt 0.203125 0.687500
vt 0.218750 0.687500
vt 0.234375 0.687500
vt 0.250000 0.687500
vt 0.265625 0.687500
vt 0.281250 0.687500
vt 0.296875 0.687500
vt 0.312500 0.687500
vt 0.328125 0.687500
vt 0.343750 0.687500
vt 0.359375 0.687500
vt 0.375000 0.687500
vt 0.390625 0.687500
vt 0.406250 0.687500
vt 0.421875 0.687500
vt 0.437500 0.687500
vt 0.453125 0.687500
vt 0.468750 0.687500
vt 0.484375 0.687500
vt 0.500000 0.687500
vt 0.515625 0.687500
vt 0.531250 0.687500
vt 0.546875 0.687500
vt 0.562500 0.687500
vt 0.578125 0.687500
vt 0.593750 0.687500
vt 0.609375 0.687500
vt 0.625000 0.687500
vt 0.640625 0.687500
vt 0.656250 0.687500
vt 0.671875 0.687500
vt 0.687500 0.687500
vt 0.703125 0.687500
vt 0.718750 0.687500
vt 0.734375 0.687500
vt 0.750000 0.687500
vt 0.765625 0.687500
vt 0.781250 0.687500
vt 0.796875 0.687500
vt 0.812500 0.687500
vt 0.828125 0.687500
vt 0.843750 0.687500
vt 0.859375 0.687500
vt 0.875000 0.687500
vt 0.890625 0.687500
vt 0.906250 0.687500
vt 0.921875 0.687500
vt 0.937500 0.687500
vt 0.953125 0.687500
vt 0.968750 0.687500
vt 0.984375 0.687500
vt 1.000000 0.687500
vt 0.015625 0.671875
vt 0.000000 0.671875
vt 0.031250 0.671875
vt 0.046875 0.671875
vt 0.062500 0.671875
vt 0.078125 0.671875
vt 0.093750 0.671875
vt 0.109375 0.671875
vt 0.125000 0.671875
vt 0.140625 0.671875
vt 0.156250 0.671875
vt 0.171875 0.671875
vt 0.187500 0.671875
vt 0.203125 0.671875
vt 0.218750 0.671875
vt 0.234375 0.671875
vt 0.250000 0.671875
vt 0.265625 0.671875
vt 0.281250 0.671875
vt 0.296875 0.671875
vt 0.312500 0.671875
vt 0.328125 0.671875
vt 0.343750 0.671875
vt 0.359375 0.671875
vt 0.375000 0.671875
vt 0.390625 0.671875
vt 0.406250 0.671875
vt 0.421875 0.671875
vt 0.437500 0.671875
vt 0.453125 0.671875
vt 0.468750 0.671875
vt 0.484375 0.671875
vt 0.500000 0.671875
vt 0.515625 0.671875
vt 0.531250 0.671875
vt 0.546875 0.671875
vt 0.562500 0.671875
vt 0.578125 0.671875
vt 0.593750 0.671875
vt 0.609375 0.671875
vt 0.625000 0.671875
vt 0.640625 0.671875
vt 0.656250 0.671875
vt 0.671875 0.671875
vt 0.687500 0.671875
vt 0.703125 0.671875
vt 0.718750 0.671875
vt 0.734375 0.671875
vt 0.750000 0.671875
vt 0.765625 0.671875
vt 0.781250 0.671875
vt 0.796875 0.671875
vt 0.812500 0.671875
vt 0.828125 0.671875
vt 0.843750 0.671875
vt 0.859375 0.671875
vt 0.875000 0.671875
vt 0.890625 0.671875
vt 0.906250 0.671875
vt 0.921875 0.671875
vt 0.937500 0.671875
vt 0.953125 0.671875
vt 0.968750 0.671875
vt 0.984375 0.671875
vt 1.000000 0.671875
vt 0.015625 0.656250
vt 0.000000 0.656250
vt 0.031250 0.656250
vt 0.046875 0.656250
vt 0.062500 0.656250
vt 0.078125 0.656250
vt 0.093750 0.656250
vt 0.109375 0.656250
vt 0.125000 0.656250
vt 0.140625 0.656250
vt 0.156250 0.656250
vt 0.171875 0.656250
vt 0.187500 0.656250
vt 0.203125 0.656250
vt 0.218750 0.656250
vt 0.234375 0.656250
vt 0.250000 0.656250
vt 0.265625 0.656250
vt 0.281250 0.656250
vt 0.296875 0.656250
vt 0.312500 0.656250
vt 0.328125 0.656250
vt 0.343750 0.656250
vt 0.359375 0.656250
vt 0.375000 0.656250
vt 0.390625 0.656250
vt 0.406250 0.656250
vt 0.421875 0.656250
vt 0.437500 0.656250
vt 0.453125 0.656250
vt 0.468750 0.656250
vt 0.484375 0.656250
vt 0.500000 0.656250
vt 0.515625 0.656250
vt 0.531250 0.656250
vt 0.546875 0.656250
vt 0.562500 0.656250
vt 0.578125 0.656250
vt 0.593750 0.656250
vt 0.609375 0.656250
vt 0.625000 0.656250
vt 0.640625 0.656250
vt 0.656250 0.656250
vt 0.671875 0.656250
vt 0.687500 0.656250
vt 0.703125 0.656250
vt 0.718750 0.656250
vt 0.734375 0.656250
vt 0.750000 0.656250
vt 0.765625 0.656250
vt 0.781250 0.656250
vt 0.796875 0.656250
vt 0.812500 0.656250
vt 0.828125 0.656250
vt 0.843750 0.656250
vt 0.859375 0.656250
vt 0.875000 0.656250
vt 0.890625 0.656250
vt 0.906250 0.656250
vt 0.921875 0.656250
vt 0.937500 0.656250
vt 0.953125 0.656250
vt 0.968750 0.656250
vt 0.984375 0.656250
vt 1.000000 0.656250
vt 0.015625 0.640625
vt 0.000000 0.640625
vt 0.031250 0.640625
vt 0.046875 0.640625
vt 0.062500 0.640625
vt 0.078125 0.640625
vt 0.093750 0.640625
vt 0.109375 0.640625
vt 0.125000 0.640625
vt 0.140625 0.640625
vt 0.156250 0.640625
vt 0.171875 0.640625
vt 0.187500 0.640625
vt 0.203125 0.640625
vt 0.218750 0.640625
vt 0.234375 0.640625
vt 0.250000 0.640625
vt 0.265625 0.640625
vt 0.281250 0.640625
vt 0.296875 0.640625
vt 0.312500 0.640625
vt 0.328125 0.640625
vt 0.343750 0.640625
vt 0.359375 0.640625
vt 0.375000 0.640625
vt 0.390625 0.640625
vt 0.406250 0.640625
vt 0.421875 0.640625
vt 0.437500 0.640625
vt 0.453125 0.640625
vt 0.468750 0.640625
vt 0.484375 0.640625
vt 0.500000 0.640625
vt 0.515625 0.640625
vt 0.531250 0.640625
vt 0.546875 0.640625
vt 0.562500 0.640625
vt 0.578125 0.640625
vt 0.593750 0.640625
vt 0.609375 0.640625
vt 0.625000 0.640625
vt 0.640625 0.640625
vt 0.656250 0.640625
vt 0.671875 0.640625
vt 0.687500 0.640625
vt 0.703125 0.640625
vt 0.718750 0.640625
vt 0.734375 0.640625
vt 0.750000 0.640625
vt 0.765625 0.640625
vt 0.781250 0.640625
vt 0.796875 0.640625
vt 0.812500 0.640625
vt 0.828125 0.640625
vt 0.843750 0.640625
vt 0.859375 0.640625
vt 0.875000 0.640625
vt 0.890625 0.640625
vt 0.906250 0.640625
vt 0.921875 0.640625
vt 0.937500 0.640625
vt 0.953125 0.640625
vt 0.968750 0.640625
vt 0.984375 0.640625
vt 1.000000 0.640625
vt 0.015625 0.625000
vt 0.000000 0.625000
vt 0.031250 0.625000
vt 0.046875 0.625000
vt 0.062500 0.625000
vt 0.078125 0.625000
vt 0.093750 0.625000
vt 0.109375 0.625000
vt 0.125000 0.625000
vt 0.140625 0.625000
vt 0.156250 0.625000
vt 0.171875 0.625000
vt 0.187500 0.625000
vt 0.203125 0.625000
vt 0.218750 0.625000
vt 0.234375 0.625000
vt 0.250000 0.625000
vt 0.265625 0.625000
vt 0.281250 0.625000
vt 0.296875 0.625000
vt 0.312500 0.625000
vt 0.328125 0.625000
vt 0.343750 0.625000
vt 0.359375 0.625000
vt 0.375000 0.625000
vt 0.390625 0.625000
vt 0.406250 0.625000
vt 0.421875 0.625000
vt 0.437500 0.625000
vt 0.453125 0.625000
vt 0.468750 0.625000
vt 0.484375 0.625000
vt 0.500000 0.625000
vt 0.515625 0.625000
vt 0.531250 0.625000
vt 0.546875 0.625000
vt 0.562500 0.625000
vt 0.578125 0.625000
vt 0.593750 0.625000
vt 0.609375 0.625000
vt 0.625000 0.625000
vt 0.640625 0.625000
vt 0.656250 0.625000
vt 0.671875 0.625000
vt 0.687500 0.625000
vt 0.703125 0.625000
vt 0.718750 0.625000
vt 0.734375 0.625000
vt 0.750000 0.625000
vt 0.765625 0.625000
vt 0.781250 0.625000
vt 0.796875 0.625000
vt 0.812500 0.625000
vt 0.828125 0.625000
vt 0.843750 0.625000
vt 0.859375 0.625000
vt 0.875000 0.625000
vt 0.890625 0.625000
vt 0.906250 0.625000
vt 0.921875 0.625000
vt 0.937500 0.625000
vt 0.953125 0.625000
vt 0.968750 0.625000
vt 0.984375 0.625000
vt 1.000000 0.625000
vt 0.015625 0.609375
vt 0.000000 0.609375
vt 0.031250 0.609375
vt 0.046875 0.609375
vt 0.062500 0.609375
vt 0.078125 0.609375
vt 0.093750 0.609375
vt 0.109375 0.609375
vt 0.125000 0.609375
vt 0.140625 0.609375
vt 0.156250 0.609375
vt 0.171875 0.609375
vt 0.187500 0.609375
vt 0.203125 0.609375
vt 0.218750 0.609375
vt 0.234375 0.609375
vt 0.250000 0.609375
vt 0.265625 0.609375
vt 0.281250 0.609375
vt 0.296875 0.609375
vt 0.312500 0.609375
vt 0.328125 0.609375
vt 0.343750 0.609375
vt 0.359375 0.609375
vt 0.375000 0.609375
vt 0.390625 0.609375
vt 0.406250 0.609375
vt 0.421875 0.609375
vt 0.437500 0.609375
vt 0.453125 0.609375
vt 0.468750 0.609375
vt 0.484375 0.609375
vt 0.500000 0.609375
vt 0.515625 0.609375
vt 0.531250 0.609375
vt 0.546875 0.609375
vt 0.562500 0.609375
vt 0.578125 0.609375
vt 0.593750 0.609375
vt 0.609375 0.609375
vt 0.625000 0.609375
vt 0.640625 0.609375
vt 0.656250 0.609375
vt 0.671875 0.609375
vt 0.687500 0.609375
vt 0.703125 0.609375
vt 0.718750 0.609375
vt 0.734375 0.609375
vt 0.750000 0.609375
vt 0.765625 0.609375
vt 0.781250 0.609375
vt 0.796875 0.609375
vt 0.812500 0.609375
vt 0.828125 0.609375
vt 0.843750 0.609375
vt 0.859375 0.609375
vt 0.875000 0.609375
vt 0.890625 0.609375
vt 0.906250 0.609375
vt 0.921875 0.609375
vt 0.937500 0.609375
vt 0.953125 0.609375
vt 0.968750 0.609375
vt 0.984375 0.609375
vt 1.000000 0.609375
vt 0.015625 0.593750
vt 0.000000 0.593750
vt 0.031250 0.593750
vt 0.046875 0.593750
vt 0.062500 0.593750
vt 0.078125 0.593750
vt 0.093750 0.593750
vt 0.109375 0.593750
vt 0.125000 0.593750
vt 0.140625 0.593750
vt 0.156250 0.593750
vt 0.171875 0.593750
vt 0.187500 0.593750
vt 0.203125 0.593750
vt 0.218750 0.593750
vt 0.234375 0.593750
vt 0.250000 0.593750
vt 0.265625 0.593750
vt 0.281250 0.593750
vt 0.296875 0.593750
vt 0.312500 0.593750
vt 0.328125 0.593750
vt 0.343750 0.593750
vt 0.359375 0.593750
vt 0.375000 0.593750
vt 0.390625 0.593750
vt 0.406250 0.593750
vt 0.421875 0.593750
vt 0.437500 0.593750
vt 0.453125 0.593750
vt 0.468750 0.593750
vt 0.484375 0.593750
vt 0.500000 0.593750
vt 0.515625 0.593750
vt 0.531250 0.593750
vt 0.546875 0.593750
vt 0.562500 0.593750
vt 0.578125 0.593750
vt 0.593750 0.593750
vt 0.609375 0.593750
vt 0.625000 0.593750
vt 0.640625 0.593750
vt 0.656250 0.593750
vt 0.671875 0.593750
vt 0.687500 0.593750
vt 0.703125 0.593750
vt 0.718750 0.593750
vt 0.734375 0.593750
vt 0.750000 0.593750
vt 0.765625 0.593750
vt 0.781250 0.593750
vt 0.796875 0.593750
vt 0.812500 0.593750
vt 0.828125 0.593750
vt 0.843750 0.593750
vt 0.859375 0.593750
vt 0.875000 0.593750
vt 0.890625 0.593750
vt 0.906250 0.593750
vt 0.921875 0.593750
vt 0.937500 0.593750
vt 0.953125 0.593750
vt 0.968750 0.593750
vt 0.984375 0.593750
vt 1.000000 0.593750
vt 0.015625 0.578125
vt 0.000000 0.578125
vt 0.031250 0.578125
vt 0.046875 0.578125
vt 0.062500 0.578125
vt 0.078125 0.578125
vt 0.093750 0.578125
vt 0.109375 0.578125
vt 0.125000 0.578125
vt 0.140625 0.578125
vt 0.156250 0.578125
vt 0.171875 0.578125
vt 0.187500 0.578125
vt 0.203125 0.578125
vt 0.218750 0.578125
vt 0.234375 0.578125
vt 0.250000 0.578125
vt 0.265625 0.578125
vt 0.281250 0.578125
vt 0.296875 0.578125
vt 0.312500 0.578125
vt 0.328125 0.578125
vt 0.343750 0.578125
vt 0.359375 0.578125
vt 0.375000 0.578125
vt 0.390625 0.578125
vt 0.406250 0.578125
vt 0.421875 0.578125
vt 0.437500 0.578125
vt 0.453125 0.578125
vt 0.468750 0.578125
vt 0.484375 0.578125
vt 0.500000 0.578125
vt 0.515625 0.578125
vt 0.531250 0.578125
vt 0.546875 0.578125
vt 0.562500 0.578125
vt 0.578125 0.578125
vt 0.593750 0.578125
vt 0.609375 0.578125
vt 0.625000 0.578125
vt 0.640625 0.578125
vt 0.656250 0.578125
vt 0.671875 0.578125
vt 0.687500 0.578125
vt 0.703125 0.578125
vt 0.718750 0.578125
vt 0.734375 0.578125
vt 0.750000 0.578125
vt 0.765625 0.578125
vt 0.781250 0.578125
vt 0.796875 0.578125
vt 0.812500 0.578125
vt 0.828125 0.578125
vt 0.843750 0.578125
vt 0.859375 0.578125
vt 0.875000 0.578125
vt 0.890625 0.578125
vt 0.906250 0.578125
vt 0.921875 0.578125
vt 0.937500 0.578125
vt 0.953125 0.578125
vt 0.968750 0.578125
vt 0.984375 0.578125
vt 1.000000 0.578125
vt 0.015625 0.562500
vt 0.000000 0.562500
vt 0.031250 0.562500
vt 0.046875 0.562500
vt 0.062500 0.562500
vt 0.078125 0.562500
vt 0.093750 0.562500
vt 0.109375 0.562500
vt 0.125000 0.562500
vt 0.140625 0.562500
vt 0.156250 0.562500
vt 0.171875 0.562500
vt 0.187500 0.562500
vt 0.203125 0.562500
vt 0.218750 0.562500
vt 0.234375 0.562500
vt 0.250000 0.562500
vt 0.265625 0.562500
vt 0.281250 0.562500
vt 0.296875 0.562500
vt 0.312500 0.562500
vt 0.328125 0.562500
vt 0.343750 0.562500
vt 0.359375 0.562500
vt 0.375000 0.562500
vt 0.390625 0.562500
vt 0.406250 0.562500
vt 0.421875 0.562500
vt 0.437500 0.562500
vt 0.453125 0.562500
vt 0.468750 0.562500
vt 0.484375 0.562500
vt 0.500000 0.562500
vt 0.515625 0.562500
vt 0.531250 0.562500
vt 0.546875 0.562500
vt 0.562500 0.562500
vt 0.578125 0.562500
vt 0.593750 0.562500
vt 0.609375 0.562500
vt 0.625000 0.562500
vt 0.640625 0.562500
vt 0.656250 0.562500
vt 0.671875 0.562500
vt 0.687500 0.562500
vt 0.703125 0.562500
vt 0.718750 0.562500
vt 0.734375 0.562500
vt 0.750000 0.562500
vt 0.765625 0.562500
vt 0.781250 0.562500
vt 0.796875 0.562500
vt 0.812500 0.562500
vt 0.828125 0.562500
vt 0.843750 0.562500
vt 0.859375 0.562500
vt 0.875000 0.562500
vt 0.890625 0.562500
vt 0.906250 0.562500
vt 0.921875 0.562500
vt 0.937500 0.562500
vt 0.953125 0.562500
vt 0.968750 0.562500
vt 0.984375 0.562500
vt 1.000000 0.562500
vt 0.015625 0.546875
vt 0.000000 0.546875
vt 0.031250 0.546875
vt 0.046875 0.546875
vt 0.062500 0.546875
vt 0.078125 0.546875
vt 0.093750 0.546875
vt 0.109375 0.546875
vt 0.125000 0.546875
vt 0.140625 0.546875
vt 0.156250 0.546875
vt 0.171875 0.546875
vt 0.187500 0.546875
vt 0.203125 0.546875
vt 0.218750 0.546875
vt 0.234375 0.546875
vt 0.250000 0.546875
vt 0.265625 0.546875
vt 0.281250 0.546875
vt 0.296875 0.546875
vt 0.312500 0.546875
vt 0.328125 0.546875
vt 0.343750 0.546875
vt 0.359375 0.546875
vt 0.375000 0.546875
vt 0.390625 0.546875
vt 0.406250 0.546875
vt 0.421875 0.546875
vt 0.437500 0.546875
vt 0.453125 0.546875
vt 0.468750 0.546875
vt 0.484375 0.546875
vt 0.500000 0.546875
vt 0.515625 0.546875
vt 0.531250 0.546875
vt 0.546875 0.546875
vt 0.562500 0.546875
vt 0.578125 0.546875
vt 0.593750 0.546875
vt 0.609375 0.546875
vt 0.625000 0.546875
vt 0.640625 0.546875
vt 0.656250 0.546875
vt 0.671875 0.546875
vt 0.687500 0.546875
vt 0.703125 0.546875
vt 0.718750 0.546875
vt 0.734375 0.546875
vt 0.750000 0.546875
vt 0.765625 0.546875
vt 0.781250 0.546875
vt 0.796875 0.546875
vt 0.812500 0.546875
vt 0.828125 0.546875
vt 0.843750 0.546875
vt 0.859375 0.546875
vt 0.875000 0.546875
vt 0.890625 0.546875
vt 0.906250 0.546875
vt 0.921875 0.546875
vt 0.937500 0.546875
vt 0.953125 0.546875
vt 0.968750 0.546875
vt 0.984375 0.546875
vt 1.000000 0.546875
vt 0.015625 0.531250
vt 0.000000 0.531250
vt 0.031250 0.531250
vt 0.046875 0.531250
vt 0.062500 0.531250
vt 0.078125 0.531250
vt 0.093750 0.531250
vt 0.109375 0.531250
vt 0.125000 0.531250
vt 0.140625 0.531250
vt 0.156250 0.531250
vt 0.171875 0.531250
vt 0.187500 0.531250
vt 0.203125 0.531250
vt 0.218750 0.531250
vt 0.234375 0.531250
vt 0.250000 0.531250
vt 0.265625 0.531250
vt 0.281250 0.531250
vt 0.296875 0.531250
vt 0.312500 0.531250
vt 0.328125 0.531250
vt 0.343750 0.531250
vt 0.359375 0.531250
vt 0.375000 0.531250
vt 0.390625 0.531250
vt 0.406250 0.531250
vt 0.421875 0.531250
vt 0.437500 0.531250
vt 0.453125 0.531250
vt 0.468750 0.531250
vt 0.484375 0.531250
vt 0.500000 0.531250
vt 0.515625 0.531250
vt 0.531250 0.531250
vt 0.546875 0.531250
vt 0.562500 0.531250
vt 0.578125 0.531250
vt 0.593750 0.531250
vt 0.609375 0.531250
vt 0.625000 0.531250
vt 0.640625 0.531250
vt 0.656250 0.531250
vt 0.671875 0.531250
vt 0.687500 0.531250
vt 0.703125 0.531250
vt 0.718750 0.531250
vt 0.734375 0.531250
vt 0.750000 0.531250
vt 0.765625 0.531250
vt 0.781250 0.531250
vt 0.796875 0.531250
vt 0.812500 0.531250
vt 0.828125 0.531250
vt 0.843750 0.531250
vt 0.859375 0.531250
vt 0.875000 0.531250
vt 0.890625 0.531250
vt 0.906250 0.531250
vt 0.921875 0.531250
vt 0.937500 0.531250
vt 0.953125 0.531250
vt 0.968750 0.531250
vt 0.984375 0.531250
vt 1.000000 0.531250
vt 0.015625 0.515625
vt 0.000000 0.515625
vt 0.031250 0.515625
vt 0.046875 0.515625
vt 0.062500 0.515625
vt 0.078125 0.515625
vt 0.093750 0.515625
vt 0.109375 0.515625
vt 0.125000 0.515625
vt 0.140625 0.515625
vt 0.156250 0.515625
vt 0.171875 0.515625
vt 0.187500 0.515625
vt 0.203125 0.515625
vt 0.218750 0.515625
vt 0.234375 0.515625
vt 0.250000 0.515625
vt 0.265625 0.515625
vt 0.281250 0.515625
vt 0.296875 0.515625
vt 0.312500 0.515625
vt 0.328125 0.515625
vt 0.343750 0.515625
vt 0.359375 0.515625
vt 0.375000 0.515625
vt 0.390625 0.515625
vt 0.406250 0.515625
vt 0.421875 0.515625
vt 0.437500 0.515625
vt 0.453125 0.515625
vt 0.468750 0.515625
vt 0.484375 0.515625
vt 0.500000 0.515625
vt 0.515625 0.515625
vt 0.531250 0.515625
vt 0.546875 0.515625
vt 0.562500 0.515625
vt 0.578125 0.515625
vt 0.593750 0.515625
vt 0.609375 0.515625
vt 0.625000 0.515625
vt 0.640625 0.515625
vt 0.656250 0.515625
vt 0.671875 0.515625
vt 0.687500 0.515625
vt 0.703125 0.515625
vt 0.718750 0.515625
vt 0.734375 0.515625
vt 0.750000 0.515625
vt 0.765625 0.515625
vt 0.781250 0.515625
vt 0.796875 0.515625
vt 0.812500 0.515625
vt 0.828125 0.515625
vt 0.843750 0.515625
vt 0.859375 0.515625
vt 0.875000 0.515625
vt 0.890625 0.515625
vt 0.906250 0.515625
vt 0.921875 0.515625
vt 0.937500 0.515625
vt 0.953125 0.515625
vt 0.968750 0.515625
vt 0.984375 0.515625
vt 1.000000 0.515625
vt 0.015625 0.500000
vt 0.000000 0.500000
vt 0.031250 0.500000
vt 0.046875 0.500000
vt 0.062500 0.500000
vt 0.078125 0.500000
vt 0.093750 0.500000
vt 0.109375 0.500000
vt 0.125000 0.500000
vt 0.140625 0.500000
vt 0.156250 0.500000
vt 0.171875 0.500000
vt 0.187500 0.500000
vt 0.203125 0.500000
vt 0.218750 0.500000
vt 0.234375 0.500000
vt 0.250000 0.500000
vt 0.265625 0.500000
vt 0.281250 0.500000
vt 0.296875 0.500000
vt 0.312500 0.500000
vt 0.328125 0.500000
vt 0.343750 0.500000
vt 0.359375 0.500000
vt 0.375000 0.500000
vt 0.390625 0.500000
vt 0.406250 0.500000
vt 0.421875 0.500000
vt 0.437500 0.500000
vt 0.453125 0.500000
vt 0.468750 0.500000
vt 0.484375 0.500000
vt 0.500000 0.500000
vt 0.515625 0.500000
vt 0.531250 0.500000
vt 0.546875 0.500000
vt 0.562500 0.500000
vt 0.578125 0.500000
vt 0.593750 0.500000
vt 0.609375 0.500000
vt 0.625000 0.500000
vt 0.640625 0.500000
vt 0.656250 0.500000
vt 0.671875 0.500000
vt 0.687500 0.500000
vt 0.703125 0.500000
vt 0.718750 0.500000
vt 0.734375 0.500000
vt 0.750000 0.500000
vt 0.765625 0.500000
vt 0.781250 0.500000
vt 0.796875 0.500000
vt 0.812500 0.500000
vt 0.828125 0.500000
vt 0.843750 0.500000
vt 0.859375 0.500000
vt 0.875000 0.500000
vt 0.890625 0.500000
vt 0.906250 0.500000
vt 0.921875 0.500000
vt 0.937500 0.500000
vt 0.953125 0.500000
vt 0.968750 0.500000
vt 0.984375 0.500000
vt 1.000000 0.500000
vt 0.015625 0.484375
vt 0.000000 0.484375
vt 0.031250 0.484375
vt 0.046875 0.484375
vt 0.062500 0.484375
vt 0.078125 0.484375
vt 0.093750 0.484375
vt 0.109375 0.484375
vt 0.125000 0.484375
vt 0.140625 0.484375
vt 0.156250 0.484375
vt 0.171875 0.484375
vt 0.187500 0.484375
vt 0.203125 0.484375
vt 0.218750 0.484375
vt 0.234375 0.484375
vt 0.250000 0.484375
vt 0.265625 0.484375
vt 0.281250 0.484375
vt 0.296875 0.484375
vt 0.312500 0.484375
vt 0.328125 0.484375
vt 0.343750 0.484375
vt 0.359375 0.484375
vt 0.375000 0.484375
vt 0.390625 0.484375
vt 0.406250 0.484375
vt 0.421875 0.484375
vt 0.437500 0.484375
vt 0.453125 0.484375
vt 0.468750 0.484375
vt 0.484375 0.484375
vt 0.500000 0.484375
vt 0.515625 0.484375
vt 0.531250 0.484375
vt 0.546875 0.484375
vt 0.562500 0.484375
vt 0.578125 0.484375
vt 0.593750 0.484375
vt 0.609375 0.484375
vt 0.625000 0.484375
vt 0.640625 0.484375
vt 0.656250 0.484375
vt 0.671875 0.484375
vt 0.687500 0.484375
vt 0.703125 0.484375
vt 0.718750 0.484375
vt 0.734375 0.484375
vt 0.750000 0.484375
vt 0.765625 0.484375
vt 0.781250 0.484375
vt 0.796875 0.484375
vt 0.812500 0.484375
vt 0.828125 0.484375
vt 0.843750 0.484375
vt 0.859375 0.484375
vt 0.875000 0.484375
vt 0.890625 0.484375
vt 0.906250 0.484375
vt 0.921875 0.484375
vt 0.937500 0.484375
vt 0.953125 0.484375
vt 0.968750 0.484375
vt 0.984375 0.484375
vt 1.000000 0.484375
vt 0.015625 0.468750
vt 0.000000 0.468750
vt 0.031250 0.468750
vt 0.046875 0.468750
vt 0.062500 0.468750
vt 0.078125 0.468750
vt 0.093750 0.468750
vt 0.109375 0.468750
vt 0.125000 0.468750
vt 0.140625 0.468750
vt 0.156250 0.468750
vt 0.171875 0.468750
vt 0.187500 0.468750
vt 0.203125 0.468750
vt 0.218750 0.468750
vt 0.234375 0.468750
vt 0.250000 0.468750
vt 0.265625 0.468750
vt 0.281250 0.468750
vt 0.296875 0.468750
vt 0.312500 0.468750
vt 0.328125 0.468750
vt 0.343750 0.468750
vt 0.359375 0.468750
vt 0.375000 0.468750
vt 0.390625 0.468750
vt 0.406250 0.468750
vt 0.421875 0.468750
vt 0.437500 0.468750
vt 0.453125 0.468750
vt 0.468750 0.468750
vt 0.484375 0.468750
vt 0.500000 0.468750
vt 0.515625 0.468750
vt 0.531250 0.468750
vt 0.546875 0.468750
vt 0.562500 0.468750
vt 0.578125 0.468750
vt 0.593750 0.468750
vt 0.609375 0.468750
vt 0.625000 0.468750
vt 0.640625 0.468750
vt 0.656250 0.468750
vt 0.671875 0.468750
vt 0.687500 0.468750
vt 0.703125 0.468750
vt 0.718750 0.468750
vt 0.734375 0.468750
vt 0.750000 0.468750
vt 0.765625 0.468750
vt 0.781250 0.468750
vt 0.796875 0.468750
vt 0.812500 0.468750
vt 0.828125 0.468750
vt 0.843750 0.468750
vt 0.859375 0.468750
vt 0.875000 0.468750
vt 0.890625 0.468750
vt 0.906250 0.468750
vt 0.921875 0.468750
vt 0.937500 0.468750
vt 0.953125 0.468750
vt 0.968750 0.468750
vt 0.984375 0.468750
vt 1.000000 0.468750
vt 0.015625 0.453125
vt 0.000000 0.453125
vt 0.031250 0.453125
vt 0.046875 0.453125
vt 0.062500 0.453125
vt 0.078125 0.453125
vt 0.093750 0.453125
vt 0.109375 0.453125
vt 0.125000 0.453125
vt 0.140625 0.453125
vt 0.156250 0.453125
vt 0.171875 0.453125
vt 0.187500 0.453125
vt 0.203125 0.453125
vt 0.218750 0.453125
vt 0.234375 0.453125
vt 0.250000 0.453125
vt 0.265625 0.453125
vt 0.281250 0.453125
vt 0.296875 0.453125
vt 0.312500 0.453125
vt 0.328125 0.453125
vt 0.343750 0.453125
vt 0.359375 0.453125
vt 0.375000 0.453125
vt 0.390625 0.453125
vt 0.406250 0.453125
vt 0.421875 0.453125
vt 0.437500 0.453125
vt 0.453125 0.453125
vt 0.468750 0.453125
vt 0.484375 0.453125
vt 0.500000 0.453125
vt 0.515625 0.453125
vt 0.531250 0.453125
vt 0.546875 0.453125
vt 0.562500 0.453125
vt 0.578125 0.453125
vt 0.593750 0.453125
vt 0.609375 0.453125
vt 0.625000 0.453125
vt 0.640625 0.453125
vt 0.656250 0.453125
vt 0.671875 0.453125
vt 0.687500 0.453125
vt 0.703125 0.453125
vt 0.718750 0.453125
vt 0.734375 0.453125
vt 0.750000 0.453125
vt 0.765625 0.453125
vt 0.781250 0.453125
vt 0.796875 0.453125
vt 0.812500 0.453125
vt 0.828125 0.453125
vt 0.843750 0.453125
vt 0.859375 0.453125
vt 0.875000 0.453125
vt 0.890625 0.453125
vt 0.906250 0.453125
vt 0.921875 0.453125
vt 0.937500 0.453125
vt 0.953125 0.453125
vt 0.968750 0.453125
vt 0.984375 0.453125
vt 1.000000 0.453125
vt 0.015625 0.437500
vt 0.000000 0.437500
vt 0.031250 0.437500
vt 0.046875 0.437500
vt 0.062500 0.437500
vt 0.078125 0.437500
vt 0.093750 0.437500
vt 0.109375 0.437500
vt 0.125000 0.437500
vt 0.140625 0.437500
vt 0.156250 0.437500
vt 0.171875 0.437500
vt 0.187500 0.437500
vt 0.203125 0.437500
vt 0.218750 0.437500
vt 0.234375 0.437500
vt 0.250000 0.437500
vt 0.265625 0.437500
vt 0.281250 0.437500
vt 0.296875 0.437500
vt 0.312500 0.437500
vt 0.328125 0.437500
vt 0.343750 0.437500
vt 0.359375 0.437500
vt 0.375000 0.437500
vt 0.390625 0.437500
vt 0.406250 0.437500
vt 0.421875 0.437500
vt 0.437500 0.437500
vt 0.453125 0.437500
vt 0.468750 0.437500
vt 0.484375 0.437500
vt 0.500000 0.437500
vt 0.515625 0.437500
vt 0.531250 0.437500
vt 0.546875 0.437500
vt 0.562500 0.437500
vt 0.578125 0.437500
vt 0.593750 0.437500
vt 0.609375 0.437500
vt 0.625000 0.437500
vt 0.640625 0.437500
vt 0.656250 0.437500
vt 0.671875 0.437500
vt 0.687500 0.437500
vt 0.703125 0.437500
vt 0.718750 0.437500
vt 0.734375 0.437500
vt 0.750000 0.437500
vt 0.765625 0.437500
vt 0.781250 0.437500
vt 0.796875 0.437500
vt 0.812500 0.437500
vt 0.828125 0.437500
vt 0.843750 0.437500
vt 0.859375 0.437500
vt 0.875000 0.437500
vt 0.890625 0.437500
vt 0.906250 0.437500
vt 0.921875 0.437500
vt 0.937500 0.437500
vt 0.953125 0.437500
vt 0.968750 0.437500
vt 0.984375 0.437500
vt 1.000000 0.437500
vt 0.015625 0.421875
vt 0.000000 0.421875
vt 0.031250 0.421875
vt 0.046875 0.421875
vt 0.062500 0.421875
vt 0.078125 0.421875
vt 0.093750 0.421875
vt 0.109375 0.421875
vt 0.125000 0.421875
vt 0.140625 0.421875
vt 0.156250 0.421875
vt 0.171875 0.421875
vt 0.187500 0.421875
vt 0.203125 0.421875
vt 0.218750 0.421875
vt 0.234375 0.421875
vt 0.250000 0.421875
vt 0.265625 0.421875
vt 0.281250 0.421875
vt 0.296875 0.421875
vt 0.312500 0.421875
vt 0.328125 0.421875
vt 0.343750 0.421875
vt 0.359375 0.421875
vt 0.375000 0.421875
vt 0.390625 0.421875
vt 0.406250 0.421875
vt 0.421875 0.421875
vt 0.437500 0.421875
vt 0.453125 0.421875
vt 0.468750 0.421875
vt 0.484375 0.421875
vt 0.500000 0.421875
vt 0.515625 0.421875
vt 0.531250 0.421875
vt 0.546875 0.421875
vt 0.562500 0.421875
vt 0.578125 0.421875
vt 0.593750 0.421875
vt 0.609375 0.421875
vt 0.625000 0.421875
vt 0.640625 0.421875
vt 0.656250 0.421875
vt 0.671875 0.421875
vt 0.687500 0.421875
vt 0.703125 0.421875
vt 0.718750 0.421875
vt 0.734375 0.421875
vt 0.750000 0.421875
vt 0.765625 0.421875
vt 0.781250 0.421875
vt 0.796875 0.421875
vt 0.812500 0.421875
vt 0.828125 0.421875
vt 0.843750 0.421875
vt 0.859375 0.421875
vt 0.875000 0.421875
vt 0.890625 0.421875
vt 0.906250 0.421875
vt 0.921875 0.421875
vt 0.937500 0.421875
vt 0.953125 0.421875
vt 0.968750 0.421875
vt 0.984375 0.421875
vt 1.000000 0.421875
vt 0.015625 0.406250
vt 0.000000 0.406250
vt 0.031250 0.406250
vt 0.046875 0.406250
vt 0.062500 0.406250
vt 0.078125 0.406250
vt 0.093750 0.406250
vt 0.109375 0.406250
vt 0.125000 0.406250
vt 0.140625 0.406250
vt 0.156250 0.406250
vt 0.171875 0.406250
vt 0.187500 0.406250
vt 0.203125 0.406250
vt 0.218750 0.406250
vt 0.234375 0.406250
vt 0.250000 0.406250
vt 0.265625 0.406250
vt 0.281250 0.406250
vt 0.296875 0.406250
vt 0.312500 0.406250
vt 0.328125 0.406250
vt 0.343750 0.406250
vt 0.359375 0.406250
vt 0.375000 0.406250
vt 0.390625 0.406250
vt 0.406250 0.406250
vt 0.421875 0.406250
vt 0.437500 0.406250
vt 0.453125 0.406250
vt 0.468750 0.406250
vt 0.484375 0.406250
vt 0.500000 0.406250
vt 0.515625 0.406250
vt 0.531250 0.406250
vt 0.546875 0.406250
vt 0.562500 0.406250
vt 0.578125 0.406250
vt 0.593750 0.406250
vt 0.609375 0.406250
vt 0.625000 0.406250
vt 0.640625 0.406250
vt 0.656250 0.406250
vt 0.671875 0.406250
vt 0.687500 0.406250
vt 0.703125 0.406250
vt 0.718750 0.406250
vt 0.734375 0.406250
vt 0.750000 0.406250
vt 0.765625 0.406250
vt 0.781250 0.406250
vt 0.796875 0.406250
vt 0.812500 0.406250
vt 0.828125 0.406250
vt 0.843750 0.406250
vt 0.859375 0.406250
vt 0.875000 0.406250
vt 0.890625 0.406250
vt 0.906250 0.406250
vt 0.921875 0.406250
vt 0.937500 0.406250
vt 0.953125 0.406250
vt 0.968750 0.406250
vt 0.984375 0.406250
vt 1.000000 0.406250
vt 0.015625 0.390625
vt 0.000000 0.390625
vt 0.031250 0.390625
vt 0.046875 0.390625
vt 0.062500 0.390625
vt 0.078125 0.390625
vt 0.093750 0.390625
vt 0.109375 0.390625
vt 0.125000 0.390625
vt 0.140625 0.390625
vt 0.156250 0.390625
vt 0.171875 0.390625
vt 0.187500 0.390625
vt 0.203125 0.390625
vt 0.218750 0.390625
vt 0.234375 0.390625
vt 0.250000 0.390625
vt 0.265625 0.390625
vt 0.281250 0.390625
vt 0.296875 0.390625
vt 0.312500 0.390625
vt 0.328125 0.390625
vt 0.343750 0.390625
vt 0.359375 0.390625
vt 0.375000 0.390625
vt 0.390625 0.390625
vt 0.406250 0.390625
vt 0.421875 0.390625
vt 0.437500 0.390625
vt 0.453125 0.390625
vt 0.468750 0.390625
vt 0.484375 0.390625
vt 0.500000 0.390625
vt 0.515625 0.390625
vt 0.531250 0.390625
vt 0.546875 0.390625
vt 0.562500 0.390625
vt 0.578125 0.390625
vt 0.593750 0.390625
vt 0.609375 0.390625
vt 0.625000 0.390625
vt 0.640625 0.390625
vt 0.656250 0.390625
vt 0.671875 0.390625
vt 0.687500 0.390625
vt 0.703125 0.390625
vt 0.718750 0.390625
vt 0.734375 0.390625
vt 0.750000 0.390625
vt 0.765625 0.390625
vt 0.781250 0.390625
vt 0.796875 0.390625
vt 0.812500 0.390625
vt 0.828125 0.390625
vt 0.843750 0.390625
vt 0.859375 0.390625
vt 0.875000 0.390625
vt 0.890625 0.390625
vt 0.906250 0.390625
vt 0.921875 0.390625
vt 0.937500 0.390625
vt 0.953125 0.390625
vt 0.968750 0.390625
vt 0.984375 0.390625
vt 1.000000 0.390625
vt 0.015625 0.375000
vt 0.000000 0.375000
vt 0.031250 0.375000
vt 0.046875 0.375000
vt 0.062500 0.375000
vt 0.078125 0.375000
vt 0.093750 0.375000
vt 0.109375 0.375000
vt 0.125000 0.375000
vt 0.140625 0.375000
vt 0.156250 0.375000
vt 0.171875 0.375000
vt 0.187500 0.375000
vt 0.203125 0.375000
vt 0.218750 0.375000
vt 0.234375 0.375000
vt 0.250000 0.375000
vt 0.265625 0.375000
vt 0.281250 0.375000
vt 0.296875 0.375000
vt 0.312500 0.375000
vt 0.328125 0.375000
vt 0.343750 0.375000
vt 0.359375 0.375000
vt 0.375000 0.375000
vt 0.390625 0.375000
vt 0.406250 0.375000
vt 0.421875 0.375000
vt 0.437500 0.375000
vt 0.453125 0.375000
vt 0.468750 0.375000
vt 0.484375 0.375000
vt 0.500000 0.375000
vt 0.515625 0.375000
vt 0.531250 0.375000
vt 0.546875 0.375000
vt 0.562500 0.375000
vt 0.578125 0.375000
vt 0.593750 0.375000
vt 0.609375 0.375000
vt 0.625000 0.375000
vt 0.640625 0.375000
vt 0.656250 0.375000
vt 0.671875 0.375000
vt 0.687500 0.375000
vt 0.703125 0.375000
vt 0.718750 0.375000
vt 0.734375 0.375000
vt 0.750000 0.375000
vt 0.765625 0.375000
vt 0.781250 0.375000
vt 0.796875 0.375000
vt 0.812500 0.375000
vt 0.828125 0.375000
vt 0.843750 0.375000
vt 0.859375 0.375000
vt 0.875000 0.375000
vt 0.890625 0.375000
vt 0.906250 0.375000
vt 0.921875 0.375000
vt 0.937500 0.375000
vt 0.953125 0.375000
vt 0.968750 0.375000
vt 0.984375 0.375000
vt 1.000000 0.375000
vt 0.015625 0.359375
vt 0.000000 0.359375
vt 0.031250 0.359375
vt 0.046875 0.359375
vt 0.062500 0.359375
vt 0.078125 0.359375
vt 0.093750 0.359375
vt 0.109375 0.359375
vt 0.125000 0.359375
vt 0.140625 0.359375
vt 0.156250 0.359375
vt 0.171875 0.359375
vt 0.187500 0.359375
vt 0.203125 0.359375
vt 0.218750 0.359375
vt 0.234375 0.359375
vt 0.250000 0.359375
vt 0.265625 0.359375
vt 0.281250 0.359375
vt 0.296875 0.359375
vt 0.312500 0.359375
vt 0.328125 0.359375
vt 0.343750 0.359375
vt 0.359375 0.359375
vt 0.375000 0.359375
vt 0.390625 0.359375
vt 0.406250 0.359375
vt 0.421875 0.359375
vt 0.437500 0.359375
vt 0.453125 0.359375
vt 0.468750 0.359375
vt 0.484375 0.359375
vt 0.500000 0.359375
vt 0.515625 0.359375
vt 0.531250 0.359375
vt 0.546875 0.359375
vt 0.562500 0.359375
vt 0.578125 0.359375
vt 0.593750 0.359375
vt 0.609375 0.359375
vt 0.625000 0.359375
vt 0.640625 0.359375
vt 0.656250 0.359375
vt 0.671875 0.359375
vt 0.687500 0.359375
vt 0.703125 0.359375
vt 0.718750 0.359375
vt 0.734375 0.359375
vt 0.750000 0.359375
vt 0.765625 0.359375
vt 0.781250 0.359375
vt 0.796875 0.359375
vt 0.812500 0.359375
vt 0.828125 0.359375
vt 0.843750 0.359375
vt 0.859375 0.359375
vt 0.875000 0.359375
vt 0.890625 0.359375
vt 0.906250 0.359375
vt 0.921875 0.359375
vt 0.937500 0.359375
vt 0.953125 0.359375
vt 0.968750 0.359375
vt 0.984375 0.359375
vt 1.000000 0.359375
vt 0.015625 0.343750
vt 0.000000 0.343750
vt 0.031250 0.343750
vt 0.046875 0.343750
vt 0.062500 0.343750
vt 0.078125 0.343750
vt 0.093750 0.343750
vt 0.109375 0.343750
vt 0.125000 0.343750
vt 0.140625 0.343750
vt 0.156250 0.343750
vt 0.171875 0.343750
vt 0.187500 0.343750
vt 0.203125 0.343750
vt 0.218750 0.343750
vt 0.234375 0.343750
vt 0.250000 0.343750
vt 0.265625 0.343750
vt 0.281250 0.343750
vt 0.296875 0.343750
vt 0.312500 0.343750
vt 0.328125 0.343750
vt 0.343750 0.343750
vt 0.359375 0.343750
vt 0.375000 0.343750
vt 0.390625 0.343750
vt 0.406250 0.343750
vt 0.421875 0.343750
vt 0.437500 0.343750
vt 0.453125 0.343750
vt 0.468750 0.343750
vt 0.484375 0.343750
vt 0.500000 0.343750
vt 0.515625 0.343750
vt 0.531250 0.343750
vt 0.546875 0.343750
vt 0.562500 0.343750
vt 0.578125 0.343750
vt 0.593750 0.343750
vt 0.609375 0.343750
vt 0.625000 0.343750
vt 0.640625 0.343750
vt 0.656250 0.343750
vt 0.671875 0.343750
vt 0.687500 0.343750
vt 0.703125 0.343750
vt 0.718750 0.343750
vt 0.734375 0.343750
vt 0.750000 0.343750
vt 0.765625 0.343750
vt 0.781250 0.343750
vt 0.796875 0.343750
vt 0.812500 0.343750
vt 0.828125 0.343750
vt 0.843750 0.343750
vt 0.859375 0.343750
vt 0.875000 0.343750
vt 0.890625 0.343750
vt 0.906250 0.343750
vt 0.921875 0.343750
vt 0.937500 0.343750
vt 0.953125 0.343750
vt 0.968750 0.343750
vt 0.984375 0.343750
vt 1.000000 0.343750
vt 0.015625 0.328125
vt 0.000000 0.328125
vt 0.031250 0.328125
vt 0.046875 0.328125
vt 0.062500 0.328125
vt 0.078125 0.328125
vt 0.093750 0.328125
vt 0.109375 0.328125
vt 0.125000 0.328125
vt 0.140625 0.328125
vt 0.156250 0.328125
vt 0.171875 0.328125
vt 0.187500 0.328125
vt 0.203125 0.328125
vt 0.218750 0.328125
vt 0.234375 0.328125
vt 0.250000 0.328125
vt 0.265625 0.328125
vt 0.281250 0.328125
vt 0.296875 0.328125
vt 0.312500 0.328125
vt 0.328125 0.328125
vt 0.343750 0.328125
vt 0.359375 0.328125
vt 0.375000 0.328125
vt 0.390625 0.328125
vt 0.406250 0.328125
vt 0.421875 0.328125
vt 0.437500 0.328125
vt 0.453125 0.328125
vt 0.468750 0.328125
vt 0.484375 0.328125
vt 0.500000 0.328125
vt 0.515625 0.328125
vt 0.531250 0.328125
vt 0.546875 0.328125
vt 0.562500 0.328125
vt 0.578125 0.328125
vt 0.593750 0.328125
vt 0.609375 0.328125
vt 0.625000 0.328125
vt 0.640625 0.328125
vt 0.656250 0.328125
vt 0.671875 0.328125
vt 0.687500 0.328125
vt 0.703125 0.328125
vt 0.718750 0.328125
vt 0.734375 0.328125
vt 0.750000 0.328125
vt 0.765625 0.328125
vt 0.781250 0.328125
vt 0.796875 0.328125
vt 0.812500 0.328125
vt 0.828125 0.328125
vt 0.843750 0.328125
vt 0.859375 0.328125
vt 0.875000 0.328125
vt 0.890625 0.328125
vt 0.906250 0.328125
vt 0.921875 0.328125
vt 0.937500 0.328125
vt 0.953125 0.328125
vt 0.968750 0.328125
vt 0.984375 0.328125
vt 1.000000 0.328125
vt 0.015625 0.312500
vt 0.000000 0.312500
vt 0.031250 0.312500
vt 0.046875 0.312500
vt 0.062500 0.312500
vt 0.078125 0.312500
vt 0.093750 0.312500
vt 0.109375 0.312500
vt 0.125000 0.312500
vt 0.140625 0.312500
vt 0.156250 0.312500
vt 0.171875 0.312500
vt 0.187500 0.312500
vt 0.203125 0.312500
vt 0.218750 0.312500
vt 0.234375 0.312500
vt 0.250000 0.312500
vt 0.265625 0.312500
vt 0.281250 0.312500
vt 0.296875 0.312500
vt 0.312500 0.312500
vt 0.328125 0.312500
vt 0.343750 0.312500
vt 0.359375 0.312500
vt 0.375000 0.312500
vt 0.390625 0.312500
vt 0.406250 0.312500
vt 0.421875 0.312500
vt 0.437500 0.312500
vt 0.453125 0.312500
vt 0.468750 0.312500
vt 0.484375 0.312500
vt 0.500000 0.312500
vt 0.515625 0.312500
vt 0.531250 0.312500
vt 0.546875 0.312500
vt 0.562500 0.312500
vt 0.578125 0.312500
vt 0.593750 0.312500
vt 0.609375 0.312500
vt 0.625000 0.312500
vt 0.640625 0.312500
vt 0.656250 0.312500
vt 0.671875 0.312500
vt 0.687500 0.312500
vt 0.703125 0.312500
vt 0.718750 0.312500
vt 0.734375 0.312500
vt 0.750000 0.312500
vt 0.765625 0.312500
vt 0.781250 0.312500
vt 0.796875 0.312500
vt 0.812500 0.312500
vt 0.828125 0.312500
vt 0.843750 0.312500
vt 0.859375 0.312500
vt 0.875000 0.312500
vt 0.890625 0.312500
vt 0.906250 0.312500
vt 0.921875 0.312500
vt 0.937500 0.312500
vt 0.953125 0.312500
vt 0.968750 0.312500
vt 0.984375 0.312500
vt 1.000000 0.312500
vt 0.015625 0.296875
vt 0.000000 0.296875
vt 0.031250 0.296875
vt 0.046875 0.296875
vt 0.062500 0.296875
vt 0.078125 0.296875
vt 0.093750 0.296875
vt 0.109375 0.296875
vt 0.125000 0.296875
vt 0.140625 0.296875
vt 0.156250 0.296875
vt 0.171875 0.296875
vt 0.187500 0.296875
vt 0.203125 0.296875
vt 0.218750 0.296875
vt 0.234375 0.296875
vt 0.250000 0.296875
vt 0.265625 0.296875
vt 0.281250 0.296875
vt 0.296875 0.296875
vt 0.312500 0.296875
vt 0.328125 0.296875
vt 0.343750 0.296875
vt 0.359375 0.296875
vt 0.375000 0.296875
vt 0.390625 0.296875
vt 0.406250 0.296875
vt 0.421875 0.296875
vt 0.437500 0.296875
vt 0.453125 0.296875
vt 0.468750 0.296875
vt 0.484375 0.296875
vt 0.500000 0.296875
vt 0.515625 0.296875
vt 0.531250 0.296875
vt 0.546875 0.296875
vt 0.562500 0.296875
vt 0.578125 0.296875
vt 0.593750 0.296875
vt 0.609375 0.296875
vt 0.625000 0.296875
vt 0.640625 0.296875
vt 0.656250 0.296875
vt 0.671875 0.296875
vt 0.687500 0.296875
vt 0.703125 0.296875
vt 0.718750 0.296875
vt 0.734375 0.296875
vt 0.750000 0.296875
vt 0.765625 0.296875
vt 0.781250 0.296875
vt 0.796875 0.296875
vt 0.812500 0.296875
vt 0.828125 0.296875
vt 0.843750 0.296875
vt 0.859375 0.296875
vt 0.875000 0.296875
vt 0.890625 0.296875
vt 0.906250 0.296875
vt 0.921875 0.296875
vt 0.937500 0.296875
vt 0.953125 0.296875
vt 0.968750 0.296875
vt 0.984375 0.296875
vt 1.000000 0.296875
vt 0.015625 0.281250
vt 0.000000 0.281250
vt 0.031250 0.281250
vt 0.046875 0.281250
vt 0.062500 0.281250
vt 0.078125 0.281250
vt 0.093750 0.281250
vt 0.109375 0.281250
vt 0.125000 0.281250
vt 0.140625 0.281250
vt 0.156250 0.281250
vt 0.171875 0.281250
vt 0.187500 0.281250
vt 0.203125 0.281250
vt 0.218750 0.281250
vt 0.234375 0.281250
vt 0.250000 0.281250
vt 0.265625 0.281250
vt 0.281250 0.281250
vt 0.296875 0.281250
vt 0.312500 0.281250
vt 0.328125 0.281250
vt 0.343750 0.281250
vt 0.359375 0.281250
vt 0.375000 0.281250
vt 0.390625 0.281250
vt 0.406250 0.281250
vt 0.421875 0.281250
vt 0.437500 0.281250
vt 0.453125 0.281250
vt 0.468750 0.281250
vt 0.484375 0.281250
vt 0.500000 0.281250
vt 0.515625 0.281250
vt 0.531250 0.281250
vt 0.546875 0.281250
vt 0.562500 0.281250
vt 0.578125 0.281250
vt 0.593750 0.281250
vt 0.609375 0.281250
vt 0.625000 0.281250
vt 0.640625 0.281250
vt 0.656250 0.281250
vt 0.671875 0.281250
vt 0.687500 0.281250
vt 0.703125 0.281250
vt 0.718750 0.281250
vt 0.734375 0.281250
vt 0.750000 0.281250
vt 0.765625 0.281250
vt 0.781250 0.281250
vt 0.796875 0.281250
vt 0.812500 0.281250
vt 0.828125 0.281250
vt 0.843750 0.281250
vt 0.859375 0.281250
vt 0.875000 0.281250
vt 0.890625 0.281250
vt 0.906250 0.281250
vt 0.921875 0.281250
vt 0.937500 0.281250
vt 0.953125 0.281250
vt 0.968750 0.281250
vt 0.984375 0.281250
vt 1.000000 0.281250
vt 0.015625 0.265625
vt 0.000000 0.265625
vt 0.031250 0.265625
vt 0.046875 0.265625
vt 0.062500 0.265625
vt 0.078125 0.265625
vt 0.093750 0.265625
vt 0.109375 0.265625
vt 0.125000 0.265625
vt 0.140625 0.265625
vt 0.156250 0.265625
vt 0.171875 0.265625
vt 0.187500 0.265625
vt 0.203125 0.265625
vt 0.218750 0.265625
vt 0.234375 0.265625
vt 0.250000 0.265625
vt 0.265625 0.265625
vt 0.281250 0.265625
vt 0.296875 0.265625
vt 0.312500 0.265625
vt 0.328125 0.265625
vt 0.343750 0.265625
vt 0.359375 0.265625
vt 0.375000 0.265625
vt 0.390625 0.265625
vt 0.406250 0.265625
vt 0.421875 0.265625
vt 0.437500 0.265625
vt 0.453125 0.265625
vt 0.468750 0.265625
vt 0.484375 0.265625
vt 0.500000 0.265625
vt 0.515625 0.265625
vt 0.531250 0.265625
vt 0.546875 0.265625
vt 0.562500 0.265625
vt 0.578125 0.265625
vt 0.593750 0.265625
vt 0.609375 0.265625
vt 0.625000 0.265625
vt 0.640625 0.265625
vt 0.656250 0.265625
vt 0.671875 0.265625
vt 0.687500 0.265625
vt 0.703125 0.265625
vt 0.718750 0.265625
vt 0.734375 0.265625
vt 0.750000 0.265625
vt 0.765625 0.265625
vt 0.781250 0.265625
vt 0.796875 0.265625
vt 0.812500 0.265625
vt 0.828125 0.265625
vt 0.843750 0.265625
vt 0.859375 0.265625
vt 0.875000 0.265625
vt 0.890625 0.265625
vt 0.906250 0.265625
vt 0.921875 0.265625
vt 0.937500 0.265625
vt 0.953125 0.265625
vt 0.968750 0.265625
vt 0.984375 0.265625
vt 1.000000 0.265625
vt 0.015625 0.250000
vt 0.000000 0.250000
vt 0.031250 0.250000
vt 0.046875 0.250000
vt 0.062500 0.250000
vt 0.078125 0.250000
vt 0.093750 0.250000
vt 0.109375 0.250000
vt 0.125000 0.250000
vt 0.140625 0.250000
vt 0.156250 0.250000
vt 0.171875 0.250000
vt 0.187500 0.250000
vt 0.203125 0.250000
vt 0.218750 0.250000
vt 0.234375 0.250000
vt 0.250000 0.250000
vt 0.265625 0.250000
vt 0.281250 0.250000
vt 0.296875 0.250000
vt 0.312500 0.250000
vt 0.328125 0.250000
vt 0.343750 0.250000
vt 0.359375 0.250000
vt 0.375000 0.250000
vt 0.390625 0.250000
vt 0.406250 0.250000
vt 0.421875 0.250000
vt 0.437500 0.250000
vt 0.453125 0.250000
vt 0.468750 0.250000
vt 0.484375 0.250000
vt 0.500000 0.250000
vt 0.515625 0.250000
vt 0.531250 0.250000
vt 0.546875 0.250000
vt 0.562500 0.250000
vt 0.578125 0.250000
vt 0.593750 0.250000
vt 0.609375 0.250000
vt 0.625000 0.250000
vt 0.640625 0.250000
vt 0.656250 0.250000
vt 0.671875 0.250000
vt 0.687500 0.250000
vt 0.703125 0.250000
vt 0.718750 0.250000
vt 0.734375 0.250000
vt 0.750000 0.250000
vt 0.765625 0.250000
vt 0.781250 0.250000
vt 0.796875 0.250000
vt 0.812500 0.250000
vt 0.828125 0.250000
vt 0.843750 0.250000
vt 0.859375 0.250000
vt 0.875000 0.250000
vt 0.890625 0.250000
vt 0.906250 0.250000
vt 0.921875 0.250000
vt 0.937500 0.250000
vt 0.953125 0.250000
vt 0.968750 0.250000
vt 0.984375 0.250000
vt 1.000000 0.250000
vt 0.015625 0.234375
vt 0.000000 0.234375
vt 0.031250 0.234375
vt 0.046875 0.234375
vt 0.062500 0.234375
vt 0.078125 0.234375
vt 0.093750 0.234375
vt 0.109375 0.234375
vt 0.125000 0.234375
vt 0.140625 0.234375
vt 0.156250 0.234375
vt 0.171875 0.234375
vt 0.187500 0.234375
vt 0.203125 0.234375
vt 0.218750 0.234375
vt 0.234375 0.234375
vt 0.250000 0.234375
vt 0.265625 0.234375
vt 0.281250 0.234375
vt 0.296875 0.234375
vt 0.312500 0.234375
vt 0.328125 0.234375
vt 0.343750 0.234375
vt 0.359375 0.234375
vt 0.375000 0.234375
vt 0.390625 0.234375
vt 0.406250 0.234375
vt 0.421875 0.234375
vt 0.437500 0.234375
vt 0.453125 0.234375
vt 0.468750 0.234375
vt 0.484375 0.234375
vt 0.500000 0.234375
vt 0.515625 0.234375
vt 0.531250 0.234375
vt 0.546875 0.234375
vt 0.562500 0.234375
vt 0.578125 0.234375
vt 0.593750 0.234375
vt 0.609375 0.234375
vt 0.625000 0.234375
vt 0.640625 0.234375
vt 0.656250 0.234375
vt 0.671875 0.234375
vt 0.687500 0.234375
vt 0.703125 0.234375
vt 0.718750 0.234375
vt 0.734375 0.234375
vt 0.750000 0.234375
vt 0.765625 0.234375
vt 0.781250 0.234375
vt 0.796875 0.234375
vt 0.812500 0.234375
vt 0.828125 0.234375
vt 0.843750 0.234375
vt 0.859375 0.234375
vt 0.875000 0.234375
vt 0.890625 0.234375
vt 0.906250 0.234375
vt 0.921875 0.234375
vt 0.937500 0.234375
vt 0.953125 0.234375
vt 0.968750 0.234375
vt 0.984375 0.234375
vt 1.000000 0.234375
vt 0.015625 0.218750
vt 0.000000 0.218750
vt 0.031250 0.218750
vt 0.046875 0.218750
vt 0.062500 0.218750
vt 0.078125 0.218750
vt 0.093750 0.218750
vt 0.109375 0.218750
vt 0.125000 0.218750
vt 0.140625 0.218750
vt 0.156250 0.218750
vt 0.171875 0.218750
vt 0.187500 0.218750
vt 0.203125 0.218750
vt 0.218750 0.218750
vt 0.234375 0.218750
vt 0.250000 0.218750
vt 0.265625 0.218750
vt 0.281250 0.218750
vt 0.296875 0.218750
vt 0.312500 0.218750
vt 0.328125 0.218750
vt 0.343750 0.218750
vt 0.359375 0.218750
vt 0.375000 0.218750
vt 0.390625 0.218750
vt 0.406250 0.218750
vt 0.421875 0.218750
vt 0.437500 0.218750
vt 0.453125 0.218750
vt 0.468750 0.218750
vt 0.484375 0.218750
vt 0.500000 0.218750
vt 0.515625 0.218750
vt 0.531250 0.218750
vt 0.546875 0.218750
vt 0.562500 0.218750
vt 0.578125 0.218750
vt 0.593750 0.218750
vt 0.609375 0.218750
vt 0.625000 0.218750
vt 0.640625 0.218750
vt 0.656250 0.218750
vt 0.671875 0.218750
vt 0.687500 0.218750
vt 0.703125 0.218750
vt 0.718750 0.218750
vt 0.734375 0.218750
vt 0.750000 0.218750
vt 0.765625 0.218750
vt 0.781250 0.218750
vt 0.796875 0.218750
vt 0.812500 0.218750
vt 0.828125 0.218750
vt 0.843750 0.218750
vt 0.859375 0.218750
vt 0.875000 0.218750
vt 0.890625 0.218750
vt 0.906250 0.218750
vt 0.921875 0.218750
vt 0.937500 0.218750
vt 0.953125 0.218750
vt 0.968750 0.218750
vt 0.984375 0.218750
vt 1.000000 0.218750
vt 0.015625 0.203125
vt 0.000000 0.203125
vt 0.031250 0.203125
vt 0.046875 0.203125
vt 0.062500 0.203125
vt 0.078125 0.203125
vt 0.093750 0.203125
vt 0.109375 0.203125
vt 0.125000 0.203125
vt 0.140625 0.203125
vt 0.156250 0.203125
vt 0.171875 0.203125
vt 0.187500 0.203125
vt 0.203125 0.203125
vt 0.218750 0.203125
vt 0.234375 0.203125
vt 0.250000 0.203125
vt 0.265625 0.203125
vt 0.281250 0.203125
vt 0.296875 0.203125
vt 0.312500 0.203125
vt 0.328125 0.203125
vt 0.343750 0.203125
vt 0.359375 0.203125
vt 0.375000 0.203125
vt 0.390625 0.203125
vt 0.406250 0.203125
vt 0.421875 0.203125
vt 0.437500 0.203125
vt 0.453125 0.203125
vt 0.468750 0.203125
vt 0.484375 0.203125
vt 0.500000 0.203125
vt 0.515625 0.203125
vt 0.531250 0.203125
vt 0.546875 0.203125
vt 0.562500 0.203125
vt 0.578125 0.203125
vt 0.593750 0.203125
vt 0.609375 0.203125
vt 0.625000 0.203125
vt 0.640625 0.203125
vt 0.656250 0.203125
vt 0.671875 0.203125
vt 0.687500 0.203125
vt 0.703125 0.203125
vt 0.718750 0.203125
vt 0.734375 0.203125
vt 0.750000 0.203125
vt 0.765625 0.203125
vt 0.781250 0.203125
vt 0.796875 0.203125
vt 0.812500 0.203125
vt 0.828125 0.203125
vt 0.843750 0.203125
vt 0.859375 0.203125
vt 0.875000 0.203125
vt 0.890625 0.203125
vt 0.906250 0.203125
vt 0.921875 0.203125
vt 0.937500 0.203125
vt 0.953125 0.203125
vt 0.968750 0.203125
vt 0.984375 0.203125
vt 1.000000 0.203125
vt 0.015625 0.187500
vt 0.000000 0.187500
vt 0.031250 0.187500
vt 0.046875 0.187500
vt 0.062500 0.187500
vt 0.078125 0.187500
vt 0.093750 0.187500
vt 0.109375 0.187500
vt 0.125000 0.187500
vt 0.140625 0.187500
vt 0.156250 0.187500
vt 0.171875 0.187500
vt 0.187500 0.187500
vt 0.203125 0.187500
vt 0.218750 0.187500
vt 0.234375 0.187500
vt 0.250000 0.187500
vt 0.265625 0.187500
vt 0.281250 0.187500
vt 0.296875 0.187500
vt 0.312500 0.187500
vt 0.328125 0.187500
vt 0.343750 0.187500
vt 0.359375 0.187500
vt 0.375000 0.187500
vt 0.390625 0.187500
vt 0.406250 0.187500
vt 0.421875 0.187500
vt 0.437500 0.187500
vt 0.453125 0.187500
vt 0.468750 0.187500
vt 0.484375 0.187500
vt 0.500000 0.187500
vt 0.515625 0.187500
vt 0.531250 0.187500
vt 0.546875 0.187500
vt 0.562500 0.187500
vt 0.578125 0.187500
vt 0.593750 0.187500
vt 0.609375 0.187500
vt 0.625000 0.187500
vt 0.640625 0.187500
vt 0.656250 0.187500
vt 0.671875 0.187500
vt 0.687500 0.187500
vt 0.703125 0.187500
vt 0.718750 0.187500
vt 0.734375 0.187500
vt 0.750000 0.187500
vt 0.765625 0.187500
vt 0.781250 0.187500
vt 0.796875 0.187500
vt 0.812500 0.187500
vt 0.828125 0.187500
vt 0.843750 0.187500
vt 0.859375 0.187500
vt 0.875000 0.187500
vt 0.890625 0.187500
vt 0.906250 0.187500
vt 0.921875 0.187500
vt 0.937500 0.187500
vt 0.953125 0.187500
vt 0.968750 0.187500
vt 0.984375 0.187500
vt 1.000000 0.187500
vt 0.015625 0.171875
vt 0.000000 0.171875
vt 0.031250 0.171875
vt 0.046875 0.171875
vt 0.062500 0.171875
vt 0.078125 0.171875
vt 0.093750 0.171875
vt 0.109375 0.171875
vt 0.125000 0.171875
vt 0.140625 0.171875
vt 0.156250 0.171875
vt 0.171875 0.171875
vt 0.187500 0.171875
vt 0.203125 0.171875
vt 0.218750 0.171875
vt 0.234375 0.171875
vt 0.250000 0.171875
vt 0.265625 0.171875
vt 0.281250 0.171875
vt 0.296875 0.171875
vt 0.312500 0.171875
vt 0.328125 0.171875
vt 0.343750 0.171875
vt 0.359375 0.171875
vt 0.375000 0.171875
vt 0.390625 0.171875
vt 0.406250 0.171875
vt 0.421875 0.171875
vt 0.437500 0.171875
vt 0.453125 0.171875
vt 0.468750 0.171875
vt 0.484375 0.171875
vt 0.500000 0.171875
vt 0.515625 0.171875
vt 0.531250 0.171875
vt 0.546875 0.171875
vt 0.562500 0.171875
vt 0.578125 0.171875
vt 0.593750 0.171875
vt 0.609375 0.171875
vt 0.625000 0.171875
vt 0.640625 0.171875
vt 0.656250 0.171875
vt 0.671875 0.171875
vt 0.687500 0.171875
vt 0.703125 0.171875
vt 0.718750 0.171875
vt 0.734375 0.171875
vt 0.750000 0.171875
vt 0.765625 0.171875
vt 0.781250 0.171875
vt 0.796875 0.171875
vt 0.812500 0.171875
vt 0.828125 0.171875
vt 0.843750 0.171875
vt 0.859375 0.171875
vt 0.875000 0.171875
vt 0.890625 0.171875
vt 0.906250 0.171875
vt 0.921875 0.171875
vt 0.937500 0.171875
vt 0.953125 0.171875
vt 0.968750 0.171875
vt 0.984375 0.171875
vt 1.000000 0.171875
vt 0.015625 0.156250
vt 0.000000 0.156250
vt 0.031250 0.156250
vt 0.046875 0.156250
vt 0.062500 0.156250
vt 0.078125 0.156250
vt 0.093750 0.156250
vt 0.109375 0.156250
vt 0.125000 0.156250
vt 0.140625 0.156250
vt 0.156250 0.156250
vt 0.171875 0.156250
vt 0.187500 0.156250
vt 0.203125 0.156250
vt 0.218750 0.156250
vt 0.234375 0.156250
vt 0.250000 0.156250
vt 0.265625 0.156250
vt 0.281250 0.156250
vt 0.296875 0.156250
vt 0.312500 0.156250
vt 0.328125 0.156250
vt 0.343750 0.156250
vt 0.359375 0.156250
vt 0.375000 0.156250
vt 0.390625 0.156250
vt 0.406250 0.156250
vt 0.421875 0.156250
vt 0.437500 0.156250
vt 0.453125 0.156250
vt 0.468750 0.156250
vt 0.484375 0.156250
vt 0.500000 0.156250
vt 0.515625 0.156250
vt 0.531250 0.156250
vt 0.546875 0.156250
vt 0.562500 0.156250
vt 0.578125 0.156250
vt 0.593750 0.156250
vt 0.609375 0.156250
vt 0.625000 0.156250
vt 0.640625 0.156250
vt 0.656250 0.156250
vt 0.671875 0.156250
vt 0.687500 0.156250
vt 0.703125 0.156250
vt 0.718750 0.156250
vt 0.734375 0.156250
vt 0.750000 0.156250
vt 0.765625 0.156250
vt 0.781250 0.156250
vt 0.796875 0.156250
vt 0.812500 0.156250
vt 0.828125 0.156250
vt 0.843750 0.156250
vt 0.859375 0.156250
vt 0.875000 0.156250
vt 0.890625 0.156250
vt 0.906250 0.156250
vt 0.921875 0.156250
vt 0.937500 0.156250
vt 0.953125 0.156250
vt 0.968750 0.156250
vt 0.984375 0.156250
vt 1.000000 0.156250
vt 0.015625 0.140625
vt 0.000000 0.140625
vt 0.031250 0.140625
vt 0.046875 0.140625
vt 0.062500 0.140625
vt 0.078125 0.140625
vt 0.093750 0.140625
vt 0.109375 0.140625
vt 0.125000 0.140625
vt 0.140625 0.140625
vt 0.156250 0.140625
vt 0.171875 0.140625
vt 0.187500 0.140625
vt 0.203125 0.140625
vt 0.218750 0.140625
vt 0.234375 0.140625
vt 0.250000 0.140625
vt 0.265625 0.140625
vt 0.281250 0.140625
vt 0.296875 0.140625
vt 0.312500 0.140625
vt 0.328125 0.140625
vt 0.343750 0.140625
vt 0.359375 0.140625
vt 0.375000 0.140625
vt 0.390625 0.140625
vt 0.406250 0.140625
vt 0.421875 0.140625
vt 0.437500 0.140625
vt 0.453125 0.140625
vt 0.468750 0.140625
vt 0.484375 0.140625
vt 0.500000 0.140625
vt 0.515625 0.140625
vt 0.531250 0.140625
vt 0.546875 0.140625
vt 0.562500 0.140625
vt 0.578125 0.140625
vt 0.593750 0.140625
vt 0.609375 0.140625
vt 0.625000 0.140625
vt 0.640625 0.140625
vt 0.656250 0.140625
vt 0.671875 0.140625
vt 0.687500 0.140625
vt 0.703125 0.140625
vt 0.718750 0.140625
vt 0.734375 0.140625
vt 0.750000 0.140625
vt 0.765625 0.140625
vt 0.781250 0.140625
vt 0.796875 0.140625
vt 0.812500 0.140625
vt 0.828125 0.140625
vt 0.843750 0.140625
vt 0.859375 0.140625
vt 0.875000 0.140625
vt 0.890625 0.140625
vt 0.906250 0.140625
vt 0.921875 0.140625
vt 0.937500 0.140625
vt 0.953125 0.140625
vt 0.968750 0.140625
vt 0.984375 0.140625
vt 1.000000 0.140625
vt 0.015625 0.125000
vt 0.000000 0.125000
vt 0.031250 0.125000
vt 0.046875 0.125000
vt 0.062500 0.125000
vt 0.078125 0.125000
vt 0.093750 0.125000
vt 0.109375 0.125000
vt 0.125000 0.125000
vt 0.140625 0.125000
vt 0.156250 0.125000
vt 0.171875 0.125000
vt 0.187500 0.125000
vt 0.203125 0.125000
vt 0.218750 0.125000
vt 0.234375 0.125000
vt 0.250000 0.125000
vt 0.265625 0.125000
vt 0.281250 0.125000
vt 0.296875 0.125000
vt 0.312500 0.125000
vt 0.328125 0.125000
vt 0.343750 0.125000
vt 0.359375 0.125000
vt 0.375000 0.125000
vt 0.390625 0.125000
vt 0.406250 0.125000
vt 0.421875 0.125000
vt 0.437500 0.125000
vt 0.453125 0.125000
vt 0.468750 0.125000
vt 0.484375 0.125000
vt 0.500000 0.125000
vt 0.515625 0.125000
vt 0.531250 0.125000
vt 0.546875 0.125000
vt 0.562500 0.125000
vt 0.578125 0.125000
vt 0.593750 0.125000
vt 0.609375 0.125000
vt 0.625000 0.125000
vt 0.640625 0.125000
vt 0.656250 0.125000
vt 0.671875 0.125000
vt 0.687500 0.125000
vt 0.703125 0.125000
vt 0.718750 0.125000
vt 0.734375 0.125000
vt 0.750000 0.125000
vt 0.765625 0.125000
vt 0.781250 0.125000
vt 0.796875 0.125000
vt 0.812500 0.125000
vt 0.828125 0.125000
vt 0.843750 0.125000
vt 0.859375 0.125000
vt 0.875000 0.125000
vt 0.890625 0.125000
vt 0.906250 0.125000
vt 0.921875 0.125000
vt 0.937500 0.125000
vt 0.953125 0.125000
vt 0.968750 0.125000
vt 0.984375 0.125000
vt 1.000000 0.125000
vt 0.015625 0.109375
vt 0.000000 0.109375
vt 0.031250 0.109375
vt 0.046875 0.109375
vt 0.062500 0.109375
vt 0.078125 0.109375
vt 0.093750 0.109375
vt 0.109375 0.109375
vt 0.125000 0.109375
vt 0.140625 0.109375
vt 0.156250 0.109375
vt 0.171875 0.109375
vt 0.187500 0.109375
vt 0.203125 0.109375
vt 0.218750 0.109375
vt 0.234375 0.109375
vt 0.250000 0.109375
vt 0.265625 0.109375
vt 0.281250 0.109375
vt 0.296875 0.109375
vt 0.312500 0.109375
vt 0.328125 0.109375
vt 0.343750 0.109375
vt 0.359375 0.109375
vt 0.375000 0.109375
vt 0.390625 0.109375
vt 0.406250 0.109375
vt 0.421875 0.109375
vt 0.437500 0.109375
vt 0.453125 0.109375
vt 0.468750 0.109375
vt 0.484375 0.109375
vt 0.500000 0.109375
vt 0.515625 0.109375
vt 0.531250 0.109375
vt 0.546875 0.109375
vt 0.562500 0.109375
vt 0.578125 0.109375
vt 0.593750 0.109375
vt 0.609375 0.109375
vt 0.625000 0.109375
vt 0.640625 0.109375
vt 0.656250 0.109375
vt 0.671875 0.109375
vt 0.687500 0.109375
vt 0.703125 0.109375
vt 0.718750 0.109375
vt 0.734375 0.109375
vt 0.750000 0.109375
vt 0.765625 0.109375
vt 0.781250 0.109375
vt 0.796875 0.109375
vt 0.812500 0.109375
vt 0.828125 0.109375
vt 0.843750 0.109375
vt 0.859375 0.109375
vt 0.875000 0.109375
vt 0.890625 0.109375
vt 0.906250 0.109375
vt 0.921875 0.109375
vt 0.937500 0.109375
vt 0.953125 0.109375
vt 0.968750 0.109375
vt 0.984375 0.109375
vt 1.000000 0.109375
vt 0.015625 0.093750
vt 0.000000 0.093750
vt 0.031250 0.093750
vt 0.046875 0.093750
vt 0.062500 0.093750
vt 0.078125 0.093750
vt 0.093750 0.093750
vt 0.109375 0.093750
vt 0.125000 0.093750
vt 0.140625 0.093750
vt 0.156250 0.093750
vt 0.171875 0.093750
vt 0.187500 0.093750
vt 0.203125 0.093750
vt 0.218750 0.093750
vt 0.234375 0.093750
vt 0.250000 0.093750
vt 0.265625 0.093750
vt 0.281250 0.093750
vt 0.296875 0.093750
vt 0.312500 0.093750
vt 0.328125 0.093750
vt 0.343750 0.093750
vt 0.359375 0.093750
vt 0.375000 0.093750
vt 0.390625 0.093750
vt 0.406250 0.093750
vt 0.421875 0.093750
vt 0.437500 0.093750
vt 0.453125 0.093750
vt 0.468750 0.093750
vt 0.484375 0.093750
vt 0.500000 0.093750
vt 0.515625 0.093750
vt 0.531250 0.093750
vt 0.546875 0.093750
vt 0.562500 0.093750
vt 0.578125 0.093750
vt 0.593750 0.093750
vt 0.609375 0.093750
vt 0.625000 0.093750
vt 0.640625 0.093750
vt 0.656250 0.093750
vt 0.671875 0.093750
vt 0.687500 0.093750
vt 0.703125 0.093750
vt 0.718750 0.093750
vt 0.734375 0.093750
vt 0.750000 0.093750
vt 0.765625 0.093750
vt 0.781250 0.093750
vt 0.796875 0.093750
vt 0.812500 0.093750
vt 0.828125 0.093750
vt 0.843750 0.093750
vt 0.859375 0.093750
vt 0.875000 0.093750
vt 0.890625 0.093750
vt 0.906250 0.093750
vt 0.921875 0.093750
vt 0.937500 0.093750
vt 0.953125 0.093750
vt 0.968750 0.093750
vt 0.984375 0.093750
vt 1.000000 0.093750
vt 0.015625 0.078125
vt 0.000000 0.078125
vt 0.031250 0.078125
vt 0.046875 0.078125
vt 0.062500 0.078125
vt 0.078125 0.078125
vt 0.093750 0.078125
vt 0.109375 0.078125
vt 0.125000 0.078125
vt 0.140625 0.078125
vt 0.156250 0.078125
vt 0.171875 0.078125
vt 0.187500 0.078125
vt 0.203125 0.078125
vt 0.218750 0.078125
vt 0.234375 0.078125
vt 0.250000 0.078125
vt 0.265625 0.078125
vt 0.281250 0.078125
vt 0.296875 0.078125
vt 0.312500 0.078125
vt 0.328125 0.078125
vt 0.343750 0.078125
vt 0.359375 0.078125
vt 0.375000 0.078125
vt 0.390625 0.078125
vt 0.406250 0.078125
vt 0.421875 0.078125
vt 0.437500 0.078125
vt 0.453125 0.078125
vt 0.468750 0.078125
vt 0.484375 0.078125
vt 0.500000 0.078125
vt 0.515625 0.078125
vt 0.531250 0.078125
vt 0.546875 0.078125
vt 0.562500 0.078125
vt 0.578125 0.078125
vt 0.593750 0.078125
vt 0.609375 0.078125
vt 0.625000 0.078125
vt 0.640625 0.078125
vt 0.656250 0.078125
vt 0.671875 0.078125
vt 0.687500 0.078125
vt 0.703125 0.078125
vt 0.718750 0.078125
vt 0.734375 0.078125
vt 0.750000 0.078125
vt 0.765625 0.078125
vt 0.781250 0.078125
vt 0.796875 0.078125
vt 0.812500 0.078125
vt 0.828125 0.078125
vt 0.843750 0.078125
vt 0.859375 0.078125
vt 0.875000 0.078125
vt 0.890625 0.078125
vt 0.906250 0.078125
vt 0.921875 0.078125
vt 0.937500 0.078125
vt 0.953125 0.078125
vt 0.968750 0.078125
vt 0.984375 0.078125
vt 1.000000 0.078125
vt 0.015625 0.062500
vt 0.000000 0.062500
vt 0.031250 0.062500
vt 0.046875 0.062500
vt 0.062500 0.062500
vt 0.078125 0.062500
vt 0.093750 0.062500
vt 0.109375 0.062500
vt 0.125000 0.062500
vt 0.140625 0.062500
vt 0.156250 0.062500
vt 0.171875 0.062500
vt 0.187500 0.062500
vt 0.203125 0.062500
vt 0.218750 0.062500
vt 0.234375 0.062500
vt 0.250000 0.062500
vt 0.265625 0.062500
vt 0.281250 0.062500
vt 0.296875 0.062500
vt 0.312500 0.062500
vt 0.328125 0.062500
vt 0.343750 0.062500
vt 0.359375 0.062500
vt 0.375000 0.062500
vt 0.390625 0.062500
vt 0.406250 0.062500
vt 0.421875 0.062500
vt 0.437500 0.062500
vt 0.453125 0.062500
vt 0.468750 0.062500
vt 0.484375 0.062500
vt 0.500000 0.062500
vt 0.515625 0.062500
vt 0.531250 0.062500
vt 0.546875 0.062500
vt 0.562500 0.062500
vt 0.578125 0.062500
vt 0.593750 0.062500
vt 0.609375 0.062500
vt 0.625000 0.062500
vt 0.640625 0.062500
vt 0.656250 0.062500
vt 0.671875 0.062500
vt 0.687500 0.062500
vt 0.703125 0.062500
vt 0.718750 0.062500
vt 0.734375 0.062500
vt 0.750000 0.062500
vt 0.765625 0.062500
vt 0.781250 0.062500
vt 0.796875 0.062500
vt 0.812500 0.062500
vt 0.828125 0.062500
vt 0.843750 0.062500
vt 0.859375 0.062500
vt 0.875000 0.062500
vt 0.890625 0.062500
vt 0.906250 0.062500
vt 0.921875 0.062500
vt 0.937500 0.062500
vt 0.953125 0.062500
vt 0.968750 0.062500
vt 0.984375 0.062500
vt 1.000000 0.062500
vt 0.015625 0.046875
vt 0.000000 0.046875
vt 0.031250 0.046875
vt 0.046875 0.046875
vt 0.062500 0.046875
vt 0.078125 0.046875
vt 0.093750 0.046875
vt 0.109375 0.046875
vt 0.125000 0.046875
vt 0.140625 0.046875
vt 0.156250 0.046875
vt 0.171875 0.046875
vt 0.187500 0.046875
vt 0.203125 0.046875
vt 0.218750 0.046875
vt 0.234375 0.046875
vt 0.250000 0.046875
vt 0.265625 0.046875
vt 0.281250 0.046875
vt 0.296875 0.046875
vt 0.312500 0.046875
vt 0.328125 0.046875
vt 0.343750 0.046875
vt 0.359375 0.046875
vt 0.375000 0.046875
vt 0.390625 0.046875
vt 0.406250 0.046875
vt 0.421875 0.046875
vt 0.437500 0.046875
vt 0.453125 0.046875
vt 0.468750 0.046875
vt 0.484375 0.046875
vt 0.500000 0.046875
vt 0.515625 0.046875
vt 0.531250 0.046875
vt 0.546875 0.046875
vt 0.562500 0.046875
vt 0.578125 0.046875
vt 0.593750 0.046875
vt 0.609375 0.046875
vt 0.625000 0.046875
vt 0.640625 0.046875
vt 0.656250 0.046875
vt 0.671875 0.046875
vt 0.687500 0.046875
vt 0.703125 0.046875
vt 0.718750 0.046875
vt 0.734375 0.046875
vt 0.750000 0.046875
vt 0.765625 0.046875
vt 0.781250 0.046875
vt 0.796875 0.046875
vt 0.812500 0.046875
vt 0.828125 0.046875
vt 0.843750 0.046875
vt 0.859375 0.046875
vt 0.875000 0.046875
vt 0.890625 0.046875
vt 0.906250 0.046875
vt 0.921875 0.046875
vt 0.937500 0.046875
vt 0.953125 0.046875
vt 0.968750 0.046875
vt 0.984375 0.046875
vt 1.000000 0.046875
vt 0.015625 0.031250
vt 0.000000 0.031250
vt 0.031250 0.031250
vt 0.046875 0.031250
vt 0.062500 0.031250
vt 0.078125 0.031250
vt 0.093750 0.031250
vt 0.109375 0.031250
vt 0.125000 0.031250
vt 0.140625 0.031250
vt 0.156250 0.031250
vt 0.171875 0.031250
vt 0.187500 0.031250
vt 0.203125 0.031250
vt 0.218750 0.031250
vt 0.234375 0.031250
vt 0.250000 0.031250
vt 0.265625 0.031250
vt 0.281250 0.031250
vt 0.296875 0.031250
vt 0.312500 0.031250
vt 0.328125 0.031250
vt 0.343750 0.031250
vt 0.359375 0.031250
vt 0.375000 0.031250
vt 0.390625 0.031250
vt 0.406250 0.031250
vt 0.421875 0.031250
vt 0.437500 0.031250
vt 0.453125 0.031250
vt 0.468750 0.031250
vt 0.484375 0.031250
vt 0.500000 0.031250
vt 0.515625 0.031250
vt 0.531250 0.031250
vt 0.546875 0.031250
vt 0.562500 0.031250
vt 0.578125 0.031250
vt 0.593750 0.031250
vt 0.609375 0.031250
vt 0.625000 0.031250
vt 0.640625 0.031250
vt 0.656250 0.031250
vt 0.671875 0.031250
vt 0.687500 0.031250
vt 0.703125 0.031250
vt 0.718750 0.031250
vt 0.734375 0.031250
vt 0.750000 0.031250
vt 0.765625 0.031250
vt 0.781250 0.031250
vt 0.796875 0.031250
vt 0.812500 0.031250
vt 0.828125 0.031250
vt 0.843750 0.031250
vt 0.859375 0.031250
vt 0.875000 0.031250
vt 0.890625 0.031250
vt 0.906250 0.031250
vt 0.921875 0.031250
vt 0.937500 0.031250
vt 0.953125 0.031250
vt 0.968750 0.031250
vt 0.984375 0.031250
vt 1.000000 0.031250
vt 0.015625 0.015625
vt 0.000000 0.015625
vt 0.031250 0.015625
vt 0.046875 0.015625
vt 0.062500 0.015625
vt 0.078125 0.015625
vt 0.093750 0.015625
vt 0.109375 0.015625
vt 0.125000 0.015625
vt 0.140625 0.015625
vt 0.156250 0.015625
vt 0.171875 0.015625
vt 0.187500 0.015625
vt 0.203125 0.015625
vt 0.218750 0.015625
vt 0.234375 0.015625
vt 0.250000 0.015625
vt 0.265625 0.015625
vt 0.281250 0.015625
vt 0.296875 0.015625
vt 0.312500 0.015625
vt 0.328125 0.015625
vt 0.343750 0.015625
vt 0.359375 0.015625
vt 0.375000 0.015625
vt 0.390625 0.015625
vt 0.406250 0.015625
vt 0.421875 0.015625
vt 0.437500 0.015625
vt 0.453125 0.015625
vt 0.468750 0.015625
vt 0.484375 0.015625
vt 0.500000 0.015625
vt 0.515625 0.015625
vt 0.531250 0.015625
vt 0.546875 0.015625
vt 0.562500 0.015625
vt 0.578125 0.015625
vt 0.593750 0.015625
vt 0.609375 0.015625
vt 0.625000 0.015625
vt 0.640625 0.015625
vt 0.656250 0.015625
vt 0.671875 0.015625
vt 0.687500 0.015625
vt 0.703125 0.015625
vt 0.718750 0.015625
vt 0.734375 0.015625
vt 0.750000 0.015625
vt 0.765625 0.015625
vt 0.781250 0.015625
vt 0.796875 0.015625
vt 0.812500 0.015625
vt 0.828125 0.015625
vt 0.843750 0.015625
vt 0.859375 0.015625
vt 0.875000 0.015625
vt 0.890625 0.015625
vt 0.906250 0.015625
vt 0.921875 0.015625
vt 0.937500 0.015625
vt 0.953125 0.015625
vt 0.968750 0.015625
vt 0.984375 0.015625
vt 1.000000 0.015625
vt 0.007812 0.000000
vt 0.023438 0.000000
vt 0.039062 0.000000
vt 0.054688 0.000000
vt 0.070312 0.000000
vt 0.085938 0.000000
vt 0.101562 0.000000
vt 0.117188 0.000000
vt 0.132812 0.000000
vt 0.148438 0.000000
vt 0.164062 0.000000
vt 0.179688 0.000000
vt 0.195312 0.000000
vt 0.210938 0.000000
vt 0.226562 0.000000
vt 0.242188 0.000000
vt 0.257812 0.000000
vt 0.273438 0.000000
vt 0.289062 0.000000
vt 0.304688 0.000000
vt 0.320312 0.000000
vt 0.335938 0.000000
vt 0.351562 0.000000
vt 0.367188 0.000000
vt 0.382812 0.000000
vt 0.398438 0.000000
vt 0.414062 0.000000
vt 0.429688 0.000000
vt 0.445312 0.000000
vt 0.460938 0.000000
vt 0.476562 0.000000
vt 0.492188 0.000000
vt 0.507812 0.000000
vt 0.523438 0.000000
vt 0.539062 0.000000
vt 0.554688 0.000000
vt 0.570312 0.000000
vt 0.585938 0.000000
vt 0.601562 0.000000
vt 0.617188 0.000000
vt 0.632812 0.000000
vt 0.648438 0.000000
vt 0.664062 0.000000
vt 0.679688 0.000000
vt 0.695312 0.000000
vt 0.710938 0.000000
vt 0.726562 0.000000
vt 0.742188 0.000000
vt 0.757812 0.000000
vt 0.773438 0.000000
vt 0.789062 0.000000
vt 0.804688 0.000000
vt 0.820312 0.000000
vt 0.835938 0.000000
vt 0.851562 0.000000
vt 0.867188 0.000000
vt 0.882812 0.000000
vt 0.898438 0.000000
vt 0.914062 0.000000
vt 0.929688 0.000000
vt 0.945312 0.000000
vt 0.960938 0.000000
vt 0.976562 0.000000
vt 0.992188 0.000000
vn 0.0000 1.0000 -0.0000
vn -0.0491 0.9988 0.0001
vn -0.0491 0.9988 0.0048
vn -0.0485 0.9988 0.0097
vn -0.0469 0.9988 0.0143
vn -0.0456 0.9988 0.0189
vn -0.0436 0.9988 0.0233
vn -0.0408 0.9988 0.0273
vn -0.0379 0.9988 0.0311
vn -0.0347 0.9988 0.0347
vn -0.0311 0.9988 0.0379
vn -0.0273 0.9988 0.0408
vn -0.0233 0.9988 0.0435
vn -0.0191 0.9988 0.0460
vn -0.0143 0.9988 0.0470
vn -0.0097 0.9988 0.0489
vn -0.0048 0.9988 0.0491
vn -0.0000 0.9988 0.0494
vn 0.0048 0.9988 0.0491
vn 0.0096 0.9988 0.0484
vn 0.0143 0.9988 0.0471
vn 0.0188 0.9988 0.0455
vn 0.0233 0.9988 0.0435
vn 0.0272 0.9988 0.0407
vn 0.0312 0.9988 0.0380
vn 0.0348 0.9988 0.0348
vn 0.0379 0.9988 0.0311
vn 0.0409 0.9988 0.0273
vn 0.0435 0.9988 0.0233
vn 0.0456 0.9988 0.0189
vn 0.0469 0.9988 0.0142
vn 0.0483 0.9988 0.0096
vn 0.0493 0.9988 0.0049
vn 0.0493 0.9988 0.0000
vn 0.0491 0.9988 -0.0048
vn 0.0485 0.9988 -0.0097
vn 0.0469 0.9988 -0.0143
vn 0.0456 0.9988 -0.0189
vn 0.0436 0.9988 -0.0233
vn 0.0408 0.9988 -0.0273
vn 0.0379 0.9988 -0.0311
vn 0.0347 0.9988 -0.0347
vn 0.0311 0.9988 -0.0379
vn 0.0273 0.9988 -0.0408
vn 0.0233 0.9988 -0.0435
vn 0.0191 0.9988 -0.0460
vn 0.0143 0.9988 -0.0470
vn 0.0097 0.9988 -0.0489
vn 0.0048 0.9988 -0.0491
vn -0.0000 0.9988 -0.0494
vn -0.0048 0.9988 -0.0491
vn -0.0096 0.9988 -0.0484
vn -0.0143 0.9988 -0.0471
vn -0.0188 0.9988 -0.0455
vn -0.0233 0.9988 -0.0435
vn -0.0272 0.9988 -0.0407
vn -0.0312 0.9988 -0.0380
vn -0.0348 0.9988 -0.0348
vn -0.0379 0.9988 -0.0311
vn -0.0409 0.9988 -0.0273
vn -0.0435 0.9988 -0.0233
vn -0.0456 0.9988 -0.0189
vn -0.0469 0.9988 -0.0142
vn -0.0483 0.9988 -0.0096
vn -0.0493 0.9988 -0.0049
vn -0.0491 0.9988 -0.0001
vn -0.0975 0.9952 0.0096
vn -0.0980 0.9952 0.0000
vn -0.0962 0.9952 0.0191
vn -0.0939 0.9952 0.0285
vn -0.0907 0.9952 0.0376
vn -0.0866 0.9952 0.0463
vn -0.0814 0.9952 0.0544
vn -0.0758 0.9952 0.0622
vn -0.0695 0.9952 0.0695
vn -0.0622 0.9952 0.0758
vn -0.0545 0.9952 0.0816
vn -0.0462 0.9952 0.0865
vn -0.0375 0.9952 0.0906
vn -0.0284 0.9952 0.0938
vn -0.0192 0.9952 0.0963
vn -0.0096 0.9952 0.0978
vn 0.0000 0.9952 0.0980
vn 0.0096 0.9952 0.0975
vn 0.0192 0.9952 0.0963
vn 0.0285 0.9952 0.0939
vn 0.0376 0.9952 0.0907
vn 0.0462 0.9952 0.0865
vn 0.0546 0.9952 0.0816
vn 0.0622 0.9952 0.0758
vn 0.0694 0.9952 0.0694
vn 0.0758 0.9952 0.0622
vn 0.0815 0.9952 0.0544
vn 0.0864 0.9952 0.0462
vn 0.0906 0.9952 0.0375
vn 0.0938 0.9952 0.0285
vn 0.0961 0.9952 0.0191
vn 0.0976 0.9952 0.0096
vn 0.0980 0.9952 -0.0000
vn 0.0975 0.9952 -0.0096
vn 0.0962 0.9952 -0.0191
vn 0.0939 0.9952 -0.0285
vn 0.0907 0.9952 -0.0376
vn 0.0866 0.9952 -0.0463
vn 0.0814 0.9952 -0.0544
vn 0.0758 0.9952 -0.0622
vn 0.0695 0.9952 -0.0695
vn 0.0622 0.9952 -0.0758
vn 0.0545 0.9952 -0.0816
vn 0.0462 0.9952 -0.0865
vn 0.0375 0.9952 -0.0906
vn 0.0284 0.9952 -0.0938
vn 0.0192 0.9952 -0.0963
vn 0.0096 0.9952 -0.0978
vn -0.0000 0.9952 -0.0980
vn -0.0096 0.9952 -0.0975
vn -0.0192 0.9952 -0.0963
vn -0.0285 0.9952 -0.0939
vn -0.0376 0.9952 -0.0907
vn -0.0462 0.9952 -0.0865
vn -0.0546 0.9952 -0.0816
vn -0.0622 0.9952 -0.0758
vn -0.0694 0.9952 -0.0694
vn -0.0758 0.9952 -0.0622
vn -0.0815 0.9952 -0.0544
vn -0.0864 0.9952 -0.0462
vn -0.0906 0.9952 -0.0375
vn -0.0938 0.9952 -0.0285
vn -0.0961 0.9952 -0.0191
vn -0.0976 0.9952 -0.0096
vn -0.1464 0.9891 0.0144
vn -0.1467 0.9892 0.0000
vn -0.1442 0.9891 0.0287
vn -0.1408 0.9891 0.0427
vn -0.1357 0.9892 0.0562
vn -0.1296 0.9891 0.0693
vn -0.1221 0.9892 0.0816
vn -0.1136 0.9891 0.0933
vn -0.1040 0.9891 0.1040
vn -0.0932 0.9892 0.1136
vn -0.0817 0.9891 0.1222
vn -0.0694 0.9891 0.1298
vn -0.0563 0.9891 0.1358
vn -0.0427 0.9891 0.1407
vn -0.0287 0.9892 0.1441
vn -0.0144 0.9891 0.1463
vn -0.0000 0.9892 0.1469
vn 0.0144 0.9891 0.1463
vn 0.0286 0.9892 0.1440
vn 0.0427 0.9891 0.1407
vn 0.0563 0.9891 0.1358
vn 0.0694 0.9891 0.1298
vn 0.0817 0.9891 0.1222
vn 0.0931 0.9892 0.1135
vn 0.1040 0.9891 0.1040
vn 0.1136 0.9891 0.0933
vn 0.1221 0.9892 0.0816
vn 0.1296 0.9891 0.0693
vn 0.1358 0.9891 0.0563
vn 0.1407 0.9891 0.0427
vn 0.1442 0.9891 0.0287
vn 0.1463 0.9891 0.0144
vn 0.1470 0.9891 -0.0000
vn 0.1464 0.9891 -0.0144
vn 0.1442 0.9891 -0.0287
vn 0.1408 0.9891 -0.0427
vn 0.1357 0.9892 -0.0562
vn 0.1296 0.9891 -0.0693
vn 0.1221 0.9892 -0.0816
vn 0.1136 0.9891 -0.0933
vn 0.1040 0.9891 -0.1040
vn 0.0932 0.9892 -0.1136
vn 0.0817 0.9891 -0.1222
vn 0.0694 0.9891 -0.1298
vn 0.0563 0.9891 -0.1358
vn 0.0427 0.9891 -0.1407
vn 0.0287 0.9892 -0.1441
vn 0.0144 0.9891 -0.1463
vn -0.0000 0.9892 -0.1469
vn -0.0144 0.9891 -0.1463
vn -0.0286 0.9892 -0.1440
vn -0.0427 0.9891 -0.1407
vn -0.0563 0.9891 -0.1358
vn -0.0694 0.9891 -0.1298
vn -0.0817 0.9891 -0.1222
vn -0.0931 0.9892 -0.1135
vn -0.1040 0.9891 -0.1040
vn -0.1136 0.9891 -0.0933
vn -0.1221 0.9892 -0.0816
vn -0.1296 0.9891 -0.0693
vn -0.1358 0.9891 -0.0563
vn -0.1407 0.9891 -0.0427
vn -0.1442 0.9891 -0.0287
vn -0.1463 0.9891 -0.0144
vn -0.1943 0.9808 0.0191
vn -0.1951 0.9808 0.0000
vn -0.1915 0.9808 0.0381
vn -0.1868 0.9808 0.0567
vn -0.1804 0.9808 0.0747
vn -0.1724 0.9807 0.0922
vn -0.1623 0.9808 0.1085
vn -0.1511 0.9807 0.1240
vn -0.1381 0.9808 0.1381
vn -0.1239 0.9807 0.1510
vn -0.1085 0.9807 0.1624
vn -0.0922 0.9807 0.1724
vn -0.0747 0.9808 0.1804
vn -0.0567 0.9808 0.1868
vn -0.0381 0.9808 0.1915
vn -0.0192 0.9807 0.1946
vn 0.0000 0.9808 0.1953
vn 0.0192 0.9807 0.1946
vn 0.0381 0.9808 0.1915
vn 0.0567 0.9808 0.1868
vn 0.0747 0.9808 0.1804
vn 0.0922 0.9807 0.1724
vn 0.1085 0.9807 0.1624
vn 0.1239 0.9807 0.1510
vn 0.1380 0.9808 0.1380
vn 0.1510 0.9807 0.1239
vn 0.1623 0.9808 0.1084
vn 0.1721 0.9808 0.0920
vn 0.1804 0.9808 0.0747
vn 0.1871 0.9807 0.0567
vn 0.1921 0.9806 0.0382
vn 0.1944 0.9807 0.0191
vn 0.1953 0.9808 0.0000
vn 0.1943 0.9808 -0.0191
vn 0.1915 0.9808 -0.0381
vn 0.1868 0.9808 -0.0567
vn 0.1804 0.9808 -0.0747
vn 0.1724 0.9807 -0.0922
vn 0.1623 0.9808 -0.1085
vn 0.1511 0.9807 -0.1240
vn 0.1381 0.9808 -0.1381
vn 0.1239 0.9807 -0.1510
vn 0.1085 0.9807 -0.1624
vn 0.0922 0.9807 -0.1724
vn 0.0747 0.9808 -0.1804
vn 0.0567 0.9808 -0.1868
vn 0.0381 0.9808 -0.1915
vn 0.0192 0.9807 -0.1946
vn -0.0000 0.9808 -0.1953
vn -0.0192 0.9807 -0.1946
vn -0.0381 0.9808 -0.1915
vn -0.0567 0.9808 -0.1868
vn -0.0747 0.9808 -0.1804
vn -0.0922 0.9807 -0.1724
vn -0.1085 0.9807 -0.1624
vn -0.1239 0.9807 -0.1510
vn -0.1380 0.9808 -0.1380
vn -0.1510 0.9807 -0.1239
vn -0.1623 0.9808 -0.1084
vn -0.1721 0.9808 -0.0920
vn -0.1804 0.9808 -0.0747
vn -0.1871 0.9807 -0.0567
vn -0.1921 0.9806 -0.0382
vn -0.1944 0.9807 -0.0191
vn -0.2420 0.9700 0.0238
vn -0.2430 0.9700 0.0000
vn -0.2384 0.9700 0.0474
vn -0.2325 0.9700 0.0705
vn -0.2245 0.9700 0.0930
vn -0.2143 0.9700 0.1146
vn -0.2021 0.9700 0.1350
vn -0.1879 0.9700 0.1542
vn -0.1719 0.9700 0.1719
vn -0.1541 0.9701 0.1878
vn -0.1349 0.9701 0.2020
vn -0.1145 0.9700 0.2143
vn -0.0930 0.9700 0.2245
vn -0.0706 0.9700 0.2326
vn -0.0474 0.9700 0.2383
vn -0.0238 0.9700 0.2420
vn -0.0000 0.9700 0.2430
vn 0.0238 0.9700 0.2418
vn 0.0474 0.9700 0.2383
vn 0.0706 0.9700 0.2326
vn 0.0930 0.9700 0.2245
vn 0.1146 0.9700 0.2144
vn 0.1350 0.9700 0.2020
vn 0.1541 0.9700 0.1878
vn 0.1718 0.9700 0.1718
vn 0.1879 0.9700 0.1542
vn 0.2020 0.9700 0.1350
vn 0.2143 0.9700 0.1146
vn 0.2245 0.9700 0.0930
vn 0.2325 0.9700 0.0705
vn 0.2384 0.9700 0.0474
vn 0.2418 0.9700 0.0238
vn 0.2431 0.9700 0.0000
vn 0.2420 0.9700 -0.0238
vn 0.2384 0.9700 -0.0474
vn 0.2325 0.9700 -0.0705
vn 0.2245 0.9700 -0.0930
vn 0.2143 0.9700 -0.1146
vn 0.2021 0.9700 -0.1350
vn 0.1879 0.9700 -0.1542
vn 0.1719 0.9700 -0.1719
vn 0.1541 0.9701 -0.1878
vn 0.1349 0.9701 -0.2020
vn 0.1145 0.9700 -0.2143
vn 0.0930 0.9700 -0.2245
vn 0.0706 0.9700 -0.2326
vn 0.0474 0.9700 -0.2383
vn 0.0238 0.9700 -0.2420
vn 0.0000 0.9700 -0.2430
vn -0.0238 0.9700 -0.2418
vn -0.0474 0.9700 -0.2383
vn -0.0706 0.9700 -0.2326
vn -0.0930 0.9700 -0.2245
vn -0.1146 0.9700 -0.2144
vn -0.1350 0.9700 -0.2020
vn -0.1541 0.9700 -0.1878
vn -0.1718 0.9700 -0.1718
vn -0.1879 0.9700 -0.1542
vn -0.2020 0.9700 -0.1350
vn -0.2143 0.9700 -0.1146
vn -0.2245 0.9700 -0.0930
vn -0.2325 0.9700 -0.0705
vn -0.2384 0.9700 -0.0474
vn -0.2418 0.9700 -0.0238
vn -0.2889 0.9569 0.0285
vn -0.2903 0.9569 0.0000
vn -0.2848 0.9569 0.0567
vn -0.2779 0.9569 0.0843
vn -0.2681 0.9570 0.1111
vn -0.2562 0.9569 0.1370
vn -0.2413 0.9570 0.1612
vn -0.2244 0.9569 0.1842
vn -0.2053 0.9569 0.2053
vn -0.1842 0.9569 0.2244
vn -0.1613 0.9569 0.2414
vn -0.1369 0.9569 0.2561
vn -0.1111 0.9569 0.2682
vn -0.0843 0.9569 0.2778
vn -0.0566 0.9569 0.2848
vn -0.0285 0.9569 0.2889
vn -0.0000 0.9570 0.2902
vn 0.0285 0.9569 0.2889
vn 0.0566 0.9570 0.2847
vn 0.0842 0.9570 0.2777
vn 0.1111 0.9570 0.2682
vn 0.1368 0.9570 0.2560
vn 0.1612 0.9570 0.2413
vn 0.1841 0.9570 0.2244
vn 0.2054 0.9569 0.2054
vn 0.2243 0.9570 0.1841
vn 0.2413 0.9570 0.1613
vn 0.2561 0.9569 0.1369
vn 0.2682 0.9569 0.1111
vn 0.2777 0.9570 0.0842
vn 0.2848 0.9569 0.0567
vn 0.2888 0.9570 0.0284
vn 0.2903 0.9569 0.0000
vn 0.2889 0.9569 -0.0285
vn 0.2848 0.9569 -0.0567
vn 0.2779 0.9569 -0.0843
vn 0.2681 0.9570 -0.1111
vn 0.2562 0.9569 -0.1370
vn 0.2413 0.9570 -0.1612
vn 0.2244 0.9569 -0.1842
vn 0.2053 0.9569 -0.2053
vn 0.1842 0.9569 -0.2244
vn 0.1613 0.9569 -0.2414
vn 0.1369 0.9569 -0.2561
vn 0.1111 0.9569 -0.2682
vn 0.0843 0.9569 -0.2778
vn 0.0566 0.9569 -0.2848
vn 0.0285 0.9569 -0.2889
vn 0.0000 0.9570 -0.2902
vn -0.0285 0.9569 -0.2889
vn -0.0566 0.9570 -0.2847
vn -0.0842 0.9570 -0.2777
vn -0.1111 0.9570 -0.2681
vn -0.1368 0.9570 -0.2560
vn -0.1612 0.9570 -0.2413
vn -0.1841 0.9570 -0.2244
vn -0.2054 0.9569 -0.2054
vn -0.2243 0.9570 -0.1841
vn -0.2413 0.9570 -0.1612
vn -0.2561 0.9569 -0.1369
vn -0.2682 0.9569 -0.1111
vn -0.2777 0.9570 -0.0842
vn -0.2848 0.9569 -0.0567
vn -0.2888 0.9570 -0.0284
vn -0.3352 0.9416 0.0330
vn -0.3369 0.9415 0.0000
vn -0.3308 0.9414 0.0658
vn -0.3224 0.9415 0.0978
vn -0.3113 0.9415 0.1289
vn -0.2973 0.9415 0.1589
vn -0.2802 0.9415 0.1872
vn -0.2606 0.9415 0.2139
vn -0.2385 0.9414 0.2385
vn -0.2139 0.9415 0.2606
vn -0.1873 0.9415 0.2803
vn -0.1589 0.9415 0.2972
vn -0.1289 0.9416 0.3112
vn -0.0978 0.9416 0.3223
vn -0.0657 0.9415 0.3305
vn -0.0330 0.9415 0.3353
vn -0.0000 0.9415 0.3371
vn 0.0330 0.9415 0.3354
vn 0.0657 0.9415 0.3305
vn 0.0978 0.9415 0.3224
vn 0.1289 0.9415 0.3113
vn 0.1589 0.9415 0.2973
vn 0.1873 0.9415 0.2803
vn 0.2138 0.9415 0.2605
vn 0.2384 0.9415 0.2384
vn 0.2605 0.9415 0.2138
vn 0.2801 0.9415 0.1872
vn 0.2973 0.9415 0.1589
vn 0.3112 0.9416 0.1289
vn 0.3224 0.9415 0.0978
vn 0.3306 0.9415 0.0658
vn 0.3352 0.9416 0.0330
vn 0.3371 0.9415 -0.0000
vn 0.3352 0.9416 -0.0330
vn 0.3308 0.9414 -0.0658
vn 0.3224 0.9415 -0.0978
vn 0.3113 0.9415 -0.1289
vn 0.2973 0.9415 -0.1589
vn 0.2802 0.9415 -0.1872
vn 0.2606 0.9415 -0.2139
vn 0.2385 0.9414 -0.2385
vn 0.2139 0.9415 -0.2606
vn 0.1873 0.9415 -0.2803
vn 0.1589 0.9415 -0.2972
vn 0.1289 0.9416 -0.3112
vn 0.0978 0.9416 -0.3223
vn 0.0657 0.9415 -0.3305
vn 0.0330 0.9415 -0.3353
vn -0.0000 0.9415 -0.3371
vn -0.0330 0.9415 -0.3354
vn -0.0657 0.9415 -0.3305
vn -0.0978 0.9415 -0.3224
vn -0.1289 0.9415 -0.3113
vn -0.1589 0.9415 -0.2973
vn -0.1873 0.9415 -0.2803
vn -0.2138 0.9415 -0.2605
vn -0.2384 0.9415 -0.2384
vn -0.2605 0.9415 -0.2138
vn -0.2801 0.9415 -0.1872
vn -0.2973 0.9415 -0.1589
vn -0.3112 0.9416 -0.1289
vn -0.3224 0.9415 -0.0978
vn -0.3306 0.9415 -0.0658
vn -0.3352 0.9416 -0.0330
vn -0.3812 0.9237 0.0375
vn -0.3827 0.9239 -0.0000
vn -0.3755 0.9238 0.0747
vn -0.3661 0.9239 0.1111
vn -0.3537 0.9238 0.1465
vn -0.3376 0.9238 0.1805
vn -0.3182 0.9239 0.2126
vn -0.2960 0.9238 0.2429
vn -0.2707 0.9238 0.2707
vn -0.2429 0.9238 0.2960
vn -0.2128 0.9237 0.3185
vn -0.1804 0.9239 0.3374
vn -0.1465 0.9238 0.3537
vn -0.1111 0.9239 0.3661
vn -0.0747 0.9239 0.3754
vn -0.0375 0.9239 0.3809
vn 0.0000 0.9238 0.3828
vn 0.0375 0.9239 0.3809
vn 0.0747 0.9239 0.3754
vn 0.1111 0.9239 0.3662
vn 0.1465 0.9239 0.3536
vn 0.1805 0.9238 0.3377
vn 0.2127 0.9238 0.3184
vn 0.2428 0.9238 0.2959
vn 0.2708 0.9237 0.2708
vn 0.2960 0.9238 0.2429
vn 0.3183 0.9238 0.2127
vn 0.3375 0.9239 0.1804
vn 0.3537 0.9238 0.1465
vn 0.3663 0.9238 0.1111
vn 0.3754 0.9238 0.0747
vn 0.3809 0.9239 0.0375
vn 0.3829 0.9238 0.0000
vn 0.3812 0.9237 -0.0375
vn 0.3755 0.9238 -0.0747
vn 0.3661 0.9239 -0.1111
vn 0.3537 0.9238 -0.1465
vn 0.3376 0.9238 -0.1804
vn 0.3182 0.9239 -0.2126
vn 0.2960 0.9238 -0.2429
vn 0.2707 0.9238 -0.2707
vn 0.2429 0.9238 -0.2960
vn 0.2128 0.9237 -0.3185
vn 0.1804 0.9239 -0.3374
vn 0.1465 0.9238 -0.3537
vn 0.1111 0.9239 -0.3661
vn 0.0747 0.9239 -0.3754
vn 0.0375 0.9239 -0.3809
vn 0.0000 0.9238 -0.3828
vn -0.0375 0.9239 -0.3809
vn -0.0747 0.9239 -0.3754
vn -0.1111 0.9239 -0.3662
vn -0.1465 0.9239 -0.3536
vn -0.1805 0.9238 -0.3377
vn -0.2127 0.9238 -0.3184
vn -0.2428 0.9238 -0.2959
vn -0.2708 0.9237 -0.2708
vn -0.2960 0.9238 -0.2429
vn -0.3183 0.9238 -0.2127
vn -0.3375 0.9239 -0.1804
vn -0.3537 0.9238 -0.1465
vn -0.3663 0.9238 -0.1111
vn -0.3754 0.9238 -0.0747
vn -0.3809 0.9239 -0.0375
vn -0.4256 0.9039 0.0419
vn -0.4276 0.9040 0.0000
vn -0.4195 0.9039 0.0834
vn -0.4092 0.9039 0.1241
vn -0.3951 0.9039 0.1637
vn -0.3772 0.9039 0.2016
vn -0.3557 0.9039 0.2376
vn -0.3306 0.9039 0.2713
vn -0.3024 0.9039 0.3024
vn -0.2712 0.9040 0.3304
vn -0.2375 0.9040 0.3555
vn -0.2016 0.9039 0.3772
vn -0.1636 0.9040 0.3950
vn -0.1241 0.9040 0.4092
vn -0.0834 0.9039 0.4195
vn -0.0419 0.9040 0.4255
vn 0.0000 0.9040 0.4276
vn 0.0419 0.9040 0.4255
vn 0.0834 0.9040 0.4193
vn 0.1241 0.9040 0.4092
vn 0.1636 0.9040 0.3949
vn 0.2015 0.9040 0.3770
vn 0.2375 0.9040 0.3555
vn 0.2712 0.9040 0.3304
vn 0.3023 0.9040 0.3023
vn 0.3305 0.9040 0.2712
vn 0.3556 0.9039 0.2376
vn 0.3772 0.9039 0.2016
vn 0.3952 0.9039 0.1637
vn 0.4092 0.9039 0.1241
vn 0.4193 0.9040 0.0834
vn 0.4256 0.9039 0.0419
vn 0.4276 0.9040 0.0000
vn 0.4256 0.9039 -0.0419
vn 0.4195 0.9039 -0.0834
vn 0.4092 0.9039 -0.1241
vn 0.3951 0.9039 -0.1637
vn 0.3772 0.9039 -0.2016
vn 0.3557 0.9039 -0.2376
vn 0.3306 0.9039 -0.2713
vn 0.3024 0.9039 -0.3024
vn 0.2712 0.9040 -0.3304
vn 0.2375 0.9040 -0.3555
vn 0.2016 0.9039 -0.3772
vn 0.1636 0.9040 -0.3950
vn 0.1241 0.9040 -0.4092
vn 0.0834 0.9039 -0.4195
vn 0.0419 0.9040 -0.4255
vn -0.0000 0.9040 -0.4276
vn -0.0419 0.9040 -0.4255
vn -0.0834 0.9040 -0.4193
vn -0.1241 0.9040 -0.4092
vn -0.1636 0.9040 -0.3949
vn -0.2015 0.9040 -0.3770
vn -0.2375 0.9040 -0.3555
vn -0.2712 0.9040 -0.3304
vn -0.3023 0.9040 -0.3023
vn -0.3305 0.9040 -0.2712
vn -0.3556 0.9039 -0.2376
vn -0.3772 0.9039 -0.2016
vn -0.3952 0.9039 -0.1637
vn -0.4092 0.9039 -0.1241
vn -0.4193 0.9040 -0.0834
vn -0.4256 0.9039 -0.0419
vn -0.4691 0.8819 0.0462
vn -0.4714 0.8819 -0.0000
vn -0.4624 0.8819 0.0920
vn -0.4511 0.8819 0.1368
vn -0.4357 0.8818 0.1805
vn -0.4157 0.8819 0.2222
vn -0.3921 0.8818 0.2620
vn -0.3644 0.8819 0.2990
vn -0.3334 0.8818 0.3334
vn -0.2991 0.8819 0.3645
vn -0.2619 0.8819 0.3919
vn -0.2223 0.8819 0.4158
vn -0.1804 0.8819 0.4355
vn -0.1368 0.8819 0.4511
vn -0.0920 0.8819 0.4623
vn -0.0462 0.8819 0.4691
vn 0.0000 0.8819 0.4715
vn 0.0462 0.8819 0.4691
vn 0.0920 0.8819 0.4624
vn 0.1369 0.8819 0.4512
vn 0.1804 0.8819 0.4356
vn 0.2222 0.8820 0.4157
vn 0.2619 0.8819 0.3920
vn 0.2990 0.8819 0.3644
vn 0.3334 0.8819 0.3334
vn 0.3644 0.8819 0.2990
vn 0.3919 0.8819 0.2619
vn 0.4157 0.8819 0.2222
vn 0.4356 0.8819 0.1804
vn 0.4511 0.8819 0.1368
vn 0.4625 0.8818 0.0920
vn 0.4692 0.8819 0.0462
vn 0.4715 0.8819 -0.0000
vn 0.4691 0.8819 -0.0462
vn 0.4624 0.8819 -0.0920
vn 0.4511 0.8819 -0.1368
vn 0.4357 0.8818 -0.1805
vn 0.4157 0.8819 -0.2222
vn 0.3921 0.8818 -0.2620
vn 0.3644 0.8819 -0.2990
vn 0.3334 0.8818 -0.3334
vn 0.2991 0.8819 -0.3645
vn 0.2619 0.8819 -0.3919
vn 0.2223 0.8819 -0.4158
vn 0.1804 0.8819 -0.4355
vn 0.1368 0.8819 -0.4511
vn 0.0920 0.8819 -0.4623
vn 0.0462 0.8819 -0.4691
vn 0.0000 0.8819 -0.4715
vn -0.0462 0.8819 -0.4691
vn -0.0920 0.8819 -0.4624
vn -0.1369 0.8819 -0.4512
vn -0.1804 0.8819 -0.4356
vn -0.2222 0.8820 -0.4157
vn -0.2619 0.8819 -0.3920
vn -0.2990 0.8819 -0.3644
vn -0.3334 0.8819 -0.3334
vn -0.3644 0.8819 -0.2990
vn -0.3919 0.8819 -0.2619
vn -0.4157 0.8819 -0.2222
vn -0.4356 0.8819 -0.1804
vn -0.4511 0.8819 -0.1368
vn -0.4625 0.8818 -0.0920
vn -0.4692 0.8819 -0.0462
vn -0.5122 0.8574 0.0504
vn -0.5141 0.8577 0.0000
vn -0.5042 0.8577 0.1003
vn -0.4921 0.8576 0.1493
vn -0.4755 0.8574 0.1970
vn -0.4539 0.8574 0.2426
vn -0.4276 0.8576 0.2857
vn -0.3975 0.8576 0.3262
vn -0.3636 0.8576 0.3636
vn -0.3262 0.8577 0.3975
vn -0.2857 0.8576 0.4276
vn -0.2426 0.8574 0.4539
vn -0.1970 0.8574 0.4755
vn -0.1492 0.8577 0.4919
vn -0.1003 0.8577 0.5043
vn -0.0504 0.8576 0.5119
vn -0.0000 0.8577 0.5141
vn 0.0504 0.8574 0.5122
vn 0.1003 0.8577 0.5042
vn 0.1493 0.8576 0.4921
vn 0.1970 0.8574 0.4755
vn 0.2426 0.8574 0.4539
vn 0.2857 0.8577 0.4275
vn 0.3262 0.8577 0.3975
vn 0.3635 0.8577 0.3635
vn 0.3974 0.8577 0.3261
vn 0.4275 0.8577 0.2857
vn 0.4539 0.8574 0.2426
vn 0.4755 0.8574 0.1970
vn 0.4920 0.8577 0.1493
vn 0.5043 0.8577 0.1003
vn 0.5122 0.8574 0.0504
vn 0.5142 0.8576 -0.0000
vn 0.5122 0.8574 -0.0504
vn 0.5042 0.8577 -0.1003
vn 0.4921 0.8576 -0.1493
vn 0.4755 0.8574 -0.1970
vn 0.4539 0.8574 -0.2426
vn 0.4276 0.8576 -0.2857
vn 0.3975 0.8576 -0.3262
vn 0.3636 0.8576 -0.3636
vn 0.3262 0.8577 -0.3975
vn 0.2857 0.8576 -0.4276
vn 0.2426 0.8574 -0.4539
vn 0.1970 0.8574 -0.4755
vn 0.1492 0.8577 -0.4919
vn 0.1003 0.8577 -0.5043
vn 0.0504 0.8576 -0.5119
vn 0.0000 0.8577 -0.5141
vn -0.0504 0.8574 -0.5122
vn -0.1003 0.8577 -0.5042
vn -0.1493 0.8576 -0.4921
vn -0.1970 0.8574 -0.4755
vn -0.2426 0.8574 -0.4539
vn -0.2857 0.8577 -0.4275
vn -0.3262 0.8577 -0.3975
vn -0.3635 0.8577 -0.3635
vn -0.3974 0.8577 -0.3261
vn -0.4275 0.8577 -0.2857
vn -0.4539 0.8574 -0.2426
vn -0.4755 0.8574 -0.1970
vn -0.4920 0.8577 -0.1493
vn -0.5043 0.8577 -0.1003
vn -0.5122 0.8574 -0.0504
vn -0.5530 0.8314 0.0545
vn -0.5556 0.8315 0.0000
vn -0.5449 0.8314 0.1084
vn -0.5319 0.8313 0.1613
vn -0.5132 0.8315 0.2126
vn -0.4902 0.8313 0.2620
vn -0.4620 0.8314 0.3087
vn -0.4295 0.8314 0.3525
vn -0.3932 0.8311 0.3932
vn -0.3525 0.8314 0.4295
vn -0.3087 0.8314 0.4620
vn -0.2620 0.8314 0.4901
vn -0.2126 0.8315 0.5132
vn -0.1613 0.8315 0.5316
vn -0.1084 0.8315 0.5449
vn -0.0545 0.8314 0.5529
vn 0.0000 0.8314 0.5557
vn 0.0545 0.8315 0.5529
vn 0.1084 0.8314 0.5450
vn 0.1613 0.8314 0.5318
vn 0.2127 0.8314 0.5134
vn 0.2620 0.8314 0.4901
vn 0.3088 0.8313 0.4621
vn 0.3524 0.8315 0.4294
vn 0.3929 0.8314 0.3929
vn 0.4294 0.8315 0.3524
vn 0.4620 0.8314 0.3087
vn 0.4901 0.8314 0.2620
vn 0.5133 0.8314 0.2126
vn 0.5319 0.8313 0.1613
vn 0.5449 0.8314 0.1084
vn 0.5529 0.8314 0.0545
vn 0.5555 0.8315 0.0000
vn 0.5530 0.8314 -0.0545
vn 0.5449 0.8314 -0.1084
vn 0.5319 0.8313 -0.1613
vn 0.5132 0.8315 -0.2126
vn 0.4902 0.8313 -0.2620
vn 0.4620 0.8314 -0.3087
vn 0.4295 0.8314 -0.3525
vn 0.3932 0.8311 -0.3932
vn 0.3525 0.8314 -0.4295
vn 0.3087 0.8314 -0.4620
vn 0.2620 0.8314 -0.4901
vn 0.2126 0.8315 -0.5132
vn 0.1613 0.8315 -0.5316
vn 0.1084 0.8315 -0.5449
vn 0.0545 0.8314 -0.5529
vn -0.0000 0.8314 -0.5557
vn -0.0545 0.8315 -0.5529
vn -0.1084 0.8314 -0.5450
vn -0.1613 0.8314 -0.5318
vn -0.2127 0.8314 -0.5134
vn -0.2620 0.8314 -0.4901
vn -0.3088 0.8313 -0.4621
vn -0.3524 0.8315 -0.4294
vn -0.3929 0.8314 -0.3929
vn -0.4294 0.8315 -0.3524
vn -0.4620 0.8314 -0.3087
vn -0.4901 0.8314 -0.2620
vn -0.5133 0.8314 -0.2126
vn -0.5319 0.8313 -0.1613
vn -0.5449 0.8314 -0.1084
vn -0.5529 0.8314 -0.0545
vn -0.5928 0.8032 0.0584
vn -0.5957 0.8032 -0.0000
vn -0.5844 0.8031 0.1162
vn -0.5701 0.8031 0.1730
vn -0.5504 0.8032 0.2280
vn -0.5254 0.8032 0.2808
vn -0.4954 0.8031 0.3310
vn -0.4605 0.8032 0.3779
vn -0.4213 0.8031 0.4213
vn -0.3780 0.8030 0.4607
vn -0.3312 0.8028 0.4957
vn -0.2808 0.8032 0.5253
vn -0.2280 0.8031 0.5504
vn -0.1729 0.8032 0.5700
vn -0.1162 0.8032 0.5842
vn -0.0584 0.8031 0.5929
vn -0.0000 0.8032 0.5956
vn 0.0584 0.8032 0.5928
vn 0.1162 0.8031 0.5844
vn 0.1730 0.8031 0.5701
vn 0.2279 0.8032 0.5503
vn 0.2809 0.8031 0.5254
vn 0.3312 0.8028 0.4957
vn 0.3782 0.8028 0.4609
vn 0.4212 0.8032 0.4212
vn 0.4609 0.8028 0.3782
vn 0.4953 0.8032 0.3310
vn 0.5252 0.8033 0.2807
vn 0.5506 0.8030 0.2280
vn 0.5701 0.8031 0.1730
vn 0.5843 0.8032 0.1162
vn 0.5929 0.8032 0.0584
vn 0.5958 0.8031 0.0000
vn 0.5928 0.8032 -0.0584
vn 0.5844 0.8031 -0.1162
vn 0.5701 0.8031 -0.1730
vn 0.5504 0.8032 -0.2280
vn 0.5254 0.8032 -0.2808
vn 0.4954 0.8031 -0.3310
vn 0.4605 0.8032 -0.3779
vn 0.4213 0.8031 -0.4213
vn 0.3780 0.8030 -0.4607
vn 0.3312 0.8028 -0.4957
vn 0.2808 0.8032 -0.5253
vn 0.2280 0.8031 -0.5504
vn 0.1729 0.8032 -0.5700
vn 0.1162 0.8032 -0.5842
vn 0.0584 0.8031 -0.5929
vn 0.0000 0.8032 -0.5956
vn -0.0584 0.8032 -0.5928
vn -0.1162 0.8031 -0.5844
vn -0.1730 0.8031 -0.5701
vn -0.2279 0.8032 -0.5503
vn -0.2809 0.8031 -0.5254
vn -0.3312 0.8028 -0.4957
vn -0.3782 0.8028 -0.4609
vn -0.4212 0.8032 -0.4212
vn -0.4609 0.8028 -0.3782
vn -0.4953 0.8032 -0.3310
vn -0.5252 0.8033 -0.2807
vn -0.5506 0.8030 -0.2280
vn -0.5701 0.8031 -0.1730
vn -0.5843 0.8032 -0.1162
vn -0.5929 0.8032 -0.0584
vn -0.6314 0.7729 0.0622
vn -0.6344 0.7730 -0.0000
vn -0.6223 0.7729 0.1238
vn -0.6071 0.7730 0.1842
vn -0.5861 0.7730 0.2428
vn -0.5595 0.7730 0.2991
vn -0.5275 0.7730 0.3525
vn -0.4905 0.7729 0.4025
vn -0.4486 0.7729 0.4486
vn -0.4025 0.7729 0.4905
vn -0.3525 0.7729 0.5275
vn -0.2990 0.7731 0.5594
vn -0.2427 0.7731 0.5860
vn -0.1841 0.7731 0.6070
vn -0.1239 0.7726 0.6227
vn -0.0622 0.7729 0.6314
vn -0.0000 0.7730 0.6344
vn 0.0622 0.7729 0.6315
vn 0.1238 0.7729 0.6224
vn 0.1842 0.7729 0.6073
vn 0.2428 0.7729 0.5862
vn 0.2990 0.7731 0.5594
vn 0.3524 0.7731 0.5274
vn 0.4025 0.7729 0.4905
vn 0.4486 0.7729 0.4486
vn 0.4905 0.7729 0.4025
vn 0.5274 0.7731 0.3524
vn 0.5596 0.7729 0.2991
vn 0.5862 0.7729 0.2428
vn 0.6072 0.7729 0.1842
vn 0.6227 0.7726 0.1239
vn 0.6314 0.7729 0.0622
vn 0.6343 0.7731 0.0000
vn 0.6314 0.7729 -0.0622
vn 0.6223 0.7729 -0.1238
vn 0.6071 0.7730 -0.1842
vn 0.5861 0.7730 -0.2428
vn 0.5595 0.7730 -0.2991
vn 0.5275 0.7730 -0.3525
vn 0.4905 0.7729 -0.4025
vn 0.4486 0.7729 -0.4486
vn 0.4025 0.7729 -0.4905
vn 0.3525 0.7729 -0.5275
vn 0.2990 0.7731 -0.5594
vn 0.2427 0.7731 -0.5860
vn 0.1841 0.7731 -0.6070
vn 0.1239 0.7726 -0.6227
vn 0.0622 0.7729 -0.6314
vn 0.0000 0.7730 -0.6344
vn -0.0622 0.7729 -0.6315
vn -0.1238 0.7729 -0.6224
vn -0.1842 0.7729 -0.6073
vn -0.2428 0.7729 -0.5862
vn -0.2990 0.7731 -0.5594
vn -0.3524 0.7731 -0.5274
vn -0.4025 0.7729 -0.4905
vn -0.4486 0.7729 -0.4486
vn -0.4905 0.7729 -0.4025
vn -0.5274 0.7731 -0.3524
vn -0.5596 0.7729 -0.2991
vn -0.5862 0.7729 -0.2428
vn -0.6072 0.7729 -0.1842
vn -0.6227 0.7726 -0.1239
vn -0.6314 0.7729 -0.0622
vn -0.6683 0.7410 0.0658
vn -0.6716 0.7410 -0.0000
vn -0.6591 0.7406 0.1311
vn -0.6427 0.7409 0.1950
vn -0.6205 0.7409 0.2570
vn -0.5926 0.7406 0.3168
vn -0.5585 0.7408 0.3732
vn -0.5193 0.7408 0.4261
vn -0.4752 0.7406 0.4752
vn -0.4261 0.7409 0.5192
vn -0.3733 0.7406 0.5587
vn -0.3166 0.7408 0.5924
vn -0.2571 0.7408 0.6206
vn -0.1950 0.7409 0.6427
vn -0.1310 0.7409 0.6587
vn -0.0658 0.7409 0.6684
vn 0.0000 0.7408 0.6717
vn 0.0658 0.7408 0.6685
vn 0.1310 0.7409 0.6587
vn 0.1950 0.7409 0.6427
vn 0.2570 0.7409 0.6205
vn 0.3168 0.7406 0.5926
vn 0.3731 0.7409 0.5584
vn 0.4261 0.7409 0.5192
vn 0.4750 0.7408 0.4750
vn 0.5193 0.7408 0.4261
vn 0.5584 0.7409 0.3731
vn 0.5923 0.7409 0.3166
vn 0.6206 0.7408 0.2571
vn 0.6427 0.7409 0.1950
vn 0.6588 0.7408 0.1310
vn 0.6684 0.7409 0.0658
vn 0.6715 0.7410 -0.0000
vn 0.6683 0.7410 -0.0658
vn 0.6591 0.7406 -0.1311
vn 0.6427 0.7409 -0.1950
vn 0.6205 0.7409 -0.2570
vn 0.5926 0.7406 -0.3168
vn 0.5585 0.7408 -0.3732
vn 0.5193 0.7408 -0.4261
vn 0.4752 0.7406 -0.4752
vn 0.4261 0.7409 -0.5192
vn 0.3733 0.7406 -0.5587
vn 0.3166 0.7408 -0.5924
vn 0.2571 0.7408 -0.6206
vn 0.1950 0.7409 -0.6427
vn 0.1310 0.7409 -0.6587
vn 0.0658 0.7409 -0.6684
vn -0.0000 0.7408 -0.6717
vn -0.0658 0.7408 -0.6685
vn -0.1310 0.7409 -0.6587
vn -0.1950 0.7409 -0.6427
vn -0.2570 0.7409 -0.6205
vn -0.3168 0.7406 -0.5926
vn -0.3731 0.7409 -0.5584
vn -0.4261 0.7409 -0.5192
vn -0.4750 0.7408 -0.4750
vn -0.5193 0.7408 -0.4261
vn -0.5584 0.7409 -0.3731
vn -0.5923 0.7409 -0.3166
vn -0.6206 0.7408 -0.2571
vn -0.6427 0.7409 -0.1950
vn -0.6588 0.7408 -0.1310
vn -0.6684 0.7409 -0.0658
vn -0.6716 0.7409 -0.0000
vn -0.7038 0.7070 0.0693
vn -0.7071 0.7071 -0.0000
vn -0.6937 0.7070 0.1380
vn -0.6767 0.7071 0.2053
vn -0.6534 0.7070 0.2707
vn -0.6236 0.7071 0.3333
vn -0.5883 0.7067 0.3931
vn -0.5466 0.7071 0.4486
vn -0.5000 0.7071 0.5000
vn -0.4488 0.7067 0.5469
vn -0.3929 0.7071 0.5880
vn -0.3333 0.7071 0.6236
vn -0.2706 0.7071 0.6533
vn -0.2053 0.7071 0.6767
vn -0.1379 0.7071 0.6935
vn -0.0693 0.7067 0.7041
vn 0.0000 0.7067 0.7075
vn 0.0693 0.7071 0.7037
vn 0.1380 0.7067 0.6939
vn 0.2054 0.7067 0.6770
vn 0.2706 0.7071 0.6533
vn 0.3333 0.7071 0.6236
vn 0.3931 0.7067 0.5883
vn 0.4488 0.7067 0.5469
vn 0.5000 0.7071 0.5000
vn 0.5466 0.7071 0.4486
vn 0.5883 0.7067 0.3931
vn 0.6236 0.7071 0.3333
vn 0.6533 0.7071 0.2706
vn 0.6767 0.7071 0.2053
vn 0.6937 0.7070 0.1380
vn 0.7041 0.7067 0.0693
vn 0.7072 0.7070 0.0000
vn 0.7038 0.7070 -0.0693
vn 0.6937 0.7070 -0.1380
vn 0.6767 0.7071 -0.2053
vn 0.6534 0.7070 -0.2707
vn 0.6236 0.7071 -0.3333
vn 0.5883 0.7067 -0.3931
vn 0.5466 0.7071 -0.4486
vn 0.5000 0.7071 -0.5000
vn 0.4488 0.7067 -0.5469
vn 0.3929 0.7071 -0.5880
vn 0.3333 0.7071 -0.6236
vn 0.2706 0.7071 -0.6533
vn 0.2053 0.7071 -0.6767
vn 0.1379 0.7071 -0.6935
vn 0.0693 0.7067 -0.7041
vn -0.0000 0.7067 -0.7075
vn -0.0693 0.7071 -0.7037
vn -0.1380 0.7067 -0.6939
vn -0.2054 0.7067 -0.6770
vn -0.2706 0.7071 -0.6533
vn -0.3333 0.7071 -0.6236
vn -0.3931 0.7067 -0.5883
vn -0.4488 0.7067 -0.5469
vn -0.5000 0.7071 -0.5000
vn -0.5466 0.7071 -0.4486
vn -0.5883 0.7067 -0.3931
vn -0.6236 0.7071 -0.3333
vn -0.6533 0.7071 -0.2706
vn -0.6767 0.7071 -0.2053
vn -0.6937 0.7070 -0.1380
vn -0.7041 0.7067 -0.0693
vn -0.7377 0.6712 0.0727
vn -0.7410 0.6716 -0.0000
vn -0.7267 0.6715 0.1446
vn -0.7092 0.6714 0.2151
vn -0.6845 0.6716 0.2835
vn -0.6535 0.6715 0.3493
vn -0.6161 0.6715 0.4117
vn -0.5727 0.6716 0.4700
vn -0.5238 0.6717 0.5238
vn -0.4701 0.6715 0.5728
vn -0.4117 0.6715 0.6161
vn -0.3493 0.6716 0.6534
vn -0.2836 0.6715 0.6846
vn -0.2151 0.6716 0.7090
vn -0.1446 0.6712 0.7271
vn -0.0726 0.6714 0.7375
vn 0.0000 0.6715 0.7410
vn 0.0727 0.6712 0.7377
vn 0.1446 0.6712 0.7271
vn 0.2151 0.6716 0.7090
vn 0.2836 0.6715 0.6846
vn 0.3493 0.6714 0.6536
vn 0.4117 0.6715 0.6161
vn 0.4700 0.6717 0.5727
vn 0.5239 0.6716 0.5239
vn 0.5728 0.6715 0.4701
vn 0.6162 0.6714 0.4117
vn 0.6535 0.6715 0.3493
vn 0.6846 0.6715 0.2836
vn 0.7090 0.6716 0.2151
vn 0.7267 0.6715 0.1446
vn 0.7375 0.6714 0.0726
vn 0.7411 0.6714 -0.0000
vn 0.7377 0.6712 -0.0727
vn 0.7267 0.6715 -0.1446
vn 0.7092 0.6714 -0.2151
vn 0.6845 0.6716 -0.2835
vn 0.6535 0.6715 -0.3493
vn 0.6161 0.6715 -0.4117
vn 0.5727 0.6716 -0.4700
vn 0.5239 0.6717 -0.5238
vn 0.4701 0.6715 -0.5728
vn 0.4117 0.6715 -0.6161
vn 0.3493 0.6716 -0.6534
vn 0.2836 0.6715 -0.6846
vn 0.2151 0.6716 -0.7090
vn 0.1446 0.6712 -0.7271
vn 0.0726 0.6714 -0.7375
vn -0.0000 0.6715 -0.7410
vn -0.0727 0.6712 -0.7377
vn -0.1446 0.6712 -0.7271
vn -0.2151 0.6716 -0.7090
vn -0.2836 0.6715 -0.6846
vn -0.3493 0.6714 -0.6536
vn -0.4117 0.6715 -0.6161
vn -0.4700 0.6717 -0.5727
vn -0.5239 0.6716 -0.5239
vn -0.5728 0.6715 -0.4701
vn -0.6162 0.6714 -0.4117
vn -0.6535 0.6715 -0.3493
vn -0.6846 0.6715 -0.2836
vn -0.7090 0.6716 -0.2151
vn -0.7267 0.6715 -0.1446
vn -0.7375 0.6714 -0.0726
vn -0.7409 0.6716 0.0000
vn -0.7696 0.6340 0.0758
vn -0.7730 0.6344 0.0000
vn -0.7585 0.6340 0.1509
vn -0.7400 0.6340 0.2245
vn -0.7141 0.6345 0.2958
vn -0.6820 0.6340 0.3645
vn -0.6430 0.6340 0.4296
vn -0.5975 0.6344 0.4904
vn -0.5468 0.6340 0.5468
vn -0.4906 0.6340 0.5978
vn -0.4295 0.6344 0.6427
vn -0.3644 0.6343 0.6818
vn -0.2958 0.6344 0.7142
vn -0.2245 0.6340 0.7400
vn -0.1509 0.6340 0.7585
vn -0.0758 0.6340 0.7696
vn -0.0000 0.6344 0.7730
vn 0.0758 0.6343 0.7694
vn 0.1509 0.6340 0.7585
vn 0.2245 0.6340 0.7400
vn 0.2959 0.6340 0.7145
vn 0.3645 0.6340 0.6820
vn 0.4296 0.6340 0.6430
vn 0.4904 0.6344 0.5975
vn 0.5466 0.6344 0.5466
vn 0.5975 0.6344 0.4904
vn 0.6430 0.6340 0.4296
vn 0.6818 0.6343 0.3644
vn 0.7143 0.6343 0.2959
vn 0.7400 0.6340 0.2245
vn 0.7585 0.6340 0.1509
vn 0.7696 0.6340 0.0758
vn 0.7730 0.6344 0.0000
vn 0.7696 0.6340 -0.0758
vn 0.7585 0.6340 -0.1509
vn 0.7400 0.6340 -0.2245
vn 0.7141 0.6345 -0.2958
vn 0.6820 0.6340 -0.3645
vn 0.6430 0.6340 -0.4296
vn 0.5975 0.6344 -0.4904
vn 0.5468 0.6340 -0.5468
vn 0.4906 0.6340 -0.5978
vn 0.4295 0.6344 -0.6427
vn 0.3644 0.6343 -0.6818
vn 0.2958 0.6344 -0.7142
vn 0.2245 0.6340 -0.7400
vn 0.1509 0.6340 -0.7585
vn 0.0758 0.6340 -0.7696
vn 0.0000 0.6344 -0.7730
vn -0.0758 0.6343 -0.7694
vn -0.1509 0.6340 -0.7585
vn -0.2245 0.6340 -0.7400
vn -0.2959 0.6340 -0.7145
vn -0.3645 0.6340 -0.6820
vn -0.4296 0.6340 -0.6430
vn -0.4904 0.6344 -0.5975
vn -0.5466 0.6344 -0.5466
vn -0.5975 0.6344 -0.4904
vn -0.6430 0.6340 -0.4296
vn -0.6818 0.6343 -0.3644
vn -0.7143 0.6343 -0.2959
vn -0.7400 0.6340 -0.2245
vn -0.7585 0.6340 -0.1509
vn -0.7696 0.6340 -0.0758
vn -0.7993 0.5957 0.0787
vn -0.8032 0.5957 0.0000
vn -0.7880 0.5953 0.1568
vn -0.7686 0.5957 0.2332
vn -0.7420 0.5958 0.3073
vn -0.7086 0.5953 0.3788
vn -0.6679 0.5956 0.4463
vn -0.6209 0.5957 0.5095
vn -0.5679 0.5957 0.5679
vn -0.5095 0.5958 0.6208
vn -0.4462 0.5957 0.6678
vn -0.3788 0.5953 0.7086
vn -0.3073 0.5958 0.7420
vn -0.2332 0.5957 0.7686
vn -0.1567 0.5956 0.7878
vn -0.0787 0.5956 0.7994
vn 0.0000 0.5958 0.8031
vn 0.0787 0.5956 0.7994
vn 0.1567 0.5956 0.7878
vn 0.2332 0.5956 0.7687
vn 0.3073 0.5958 0.7420
vn 0.3787 0.5956 0.7084
vn 0.4463 0.5956 0.6679
vn 0.5095 0.5957 0.6209
vn 0.5681 0.5953 0.5681
vn 0.6209 0.5957 0.5095
vn 0.6678 0.5958 0.4462
vn 0.7084 0.5956 0.3787
vn 0.7421 0.5956 0.3074
vn 0.7686 0.5957 0.2332
vn 0.7878 0.5956 0.1567
vn 0.7993 0.5957 0.0787
vn 0.8031 0.5958 0.0000
vn 0.7993 0.5957 -0.0787
vn 0.7880 0.5953 -0.1568
vn 0.7686 0.5957 -0.2332
vn 0.7420 0.5958 -0.3073
vn 0.7086 0.5953 -0.3788
vn 0.6679 0.5956 -0.4463
vn 0.6209 0.5957 -0.5095
vn 0.5679 0.5957 -0.5679
vn 0.5095 0.5958 -0.6208
vn 0.4462 0.5957 -0.6678
vn 0.3788 0.5953 -0.7086
vn 0.3073 0.5958 -0.7420
vn 0.2332 0.5957 -0.7686
vn 0.1567 0.5956 -0.7878
vn 0.0787 0.5956 -0.7994
vn 0.0000 0.5958 -0.8031
vn -0.0787 0.5956 -0.7994
vn -0.1567 0.5956 -0.7878
vn -0.2332 0.5956 -0.7687
vn -0.3073 0.5958 -0.7420
vn -0.3787 0.5956 -0.7084
vn -0.4463 0.5956 -0.6679
vn -0.5095 0.5957 -0.6209
vn -0.5681 0.5953 -0.5681
vn -0.6209 0.5957 -0.5095
vn -0.6678 0.5958 -0.4462
vn -0.7084 0.5956 -0.3787
vn -0.7421 0.5956 -0.3074
vn -0.7686 0.5957 -0.2332
vn -0.7878 0.5956 -0.1567
vn -0.7993 0.5957 -0.0787
vn -0.8277 0.5552 0.0815
vn -0.8315 0.5556 -0.0000
vn -0.8157 0.5552 0.1623
vn -0.7956 0.5556 0.2414
vn -0.7684 0.5552 0.3183
vn -0.7335 0.5552 0.3921
vn -0.6914 0.5555 0.4620
vn -0.6429 0.5552 0.5276
vn -0.5881 0.5552 0.5881
vn -0.5276 0.5552 0.6429
vn -0.4621 0.5552 0.6915
vn -0.3921 0.5552 0.7335
vn -0.3182 0.5556 0.7681
vn -0.2414 0.5555 0.7957
vn -0.1623 0.5552 0.8157
vn -0.0815 0.5552 0.8277
vn 0.0000 0.5552 0.8317
vn 0.0815 0.5555 0.8275
vn 0.1623 0.5552 0.8157
vn 0.2414 0.5552 0.7959
vn 0.3182 0.5556 0.7681
vn 0.3920 0.5555 0.7333
vn 0.4621 0.5552 0.6915
vn 0.5276 0.5552 0.6429
vn 0.5881 0.5552 0.5881
vn 0.6429 0.5552 0.5276
vn 0.6913 0.5556 0.4619
vn 0.7335 0.5552 0.3921
vn 0.7684 0.5552 0.3183
vn 0.7957 0.5555 0.2414
vn 0.8157 0.5552 0.1623
vn 0.8275 0.5555 0.0815
vn 0.8315 0.5555 0.0000
vn 0.8277 0.5552 -0.0815
vn 0.8157 0.5552 -0.1623
vn 0.7956 0.5556 -0.2414
vn 0.7684 0.5552 -0.3183
vn 0.7335 0.5552 -0.3921
vn 0.6914 0.5555 -0.4620
vn 0.6429 0.5552 -0.5276
vn 0.5881 0.5552 -0.5881
vn 0.5276 0.5552 -0.6429
vn 0.4621 0.5552 -0.6915
vn 0.3921 0.5552 -0.7335
vn 0.3182 0.5556 -0.7681
vn 0.2414 0.5555 -0.7957
vn 0.1623 0.5552 -0.8157
vn 0.0815 0.5552 -0.8277
vn 0.0000 0.5552 -0.8317
vn -0.0815 0.5555 -0.8275
vn -0.1623 0.5552 -0.8157
vn -0.2414 0.5552 -0.7959
vn -0.3182 0.5556 -0.7681
vn -0.3920 0.5555 -0.7333
vn -0.4621 0.5552 -0.6915
vn -0.5276 0.5552 -0.6429
vn -0.5881 0.5552 -0.5881
vn -0.6429 0.5552 -0.5276
vn -0.6913 0.5556 -0.4619
vn -0.7335 0.5552 -0.3921
vn -0.7684 0.5552 -0.3183
vn -0.7957 0.5555 -0.2414
vn -0.8157 0.5552 -0.1623
vn -0.8275 0.5555 -0.0815
vn -0.8536 0.5141 0.0841
vn -0.8577 0.5141 0.0000
vn -0.8414 0.5138 0.1674
vn -0.8210 0.5138 0.2490
vn -0.7926 0.5138 0.3283
vn -0.7566 0.5138 0.4044
vn -0.7131 0.5142 0.4765
vn -0.6632 0.5138 0.5443
vn -0.6066 0.5138 0.6066
vn -0.5443 0.5138 0.6632
vn -0.4765 0.5141 0.7132
vn -0.4043 0.5141 0.7565
vn -0.3282 0.5142 0.7924
vn -0.2490 0.5138 0.8210
vn -0.1674 0.5138 0.8414
vn -0.0841 0.5141 0.8536
vn -0.0000 0.5142 0.8577
vn 0.0841 0.5138 0.8538
vn 0.1674 0.5138 0.8414
vn 0.2490 0.5138 0.8210
vn 0.3283 0.5138 0.7926
vn 0.4044 0.5138 0.7566
vn 0.4765 0.5142 0.7131
vn 0.5443 0.5138 0.6632
vn 0.6066 0.5138 0.6066
vn 0.6631 0.5141 0.5442
vn 0.7133 0.5138 0.4766
vn 0.7566 0.5138 0.4044
vn 0.7926 0.5138 0.3283
vn 0.8208 0.5141 0.2490
vn 0.8414 0.5138 0.1674
vn 0.8536 0.5141 0.0841
vn 0.8577 0.5142 0.0000
vn 0.8536 0.5141 -0.0841
vn 0.8414 0.5138 -0.1674
vn 0.8210 0.5138 -0.2490
vn 0.7926 0.5138 -0.3283
vn 0.7566 0.5138 -0.4044
vn 0.7131 0.5142 -0.4765
vn 0.6632 0.5138 -0.5443
vn 0.6066 0.5138 -0.6066
vn 0.5443 0.5138 -0.6632
vn 0.4765 0.5141 -0.7132
vn 0.4043 0.5141 -0.7565
vn 0.3282 0.5142 -0.7924
vn 0.2490 0.5138 -0.8210
vn 0.1674 0.5138 -0.8414
vn 0.0841 0.5141 -0.8536
vn -0.0000 0.5142 -0.8577
vn -0.0841 0.5138 -0.8538
vn -0.1674 0.5138 -0.8414
vn -0.2490 0.5138 -0.8210
vn -0.3283 0.5138 -0.7926
vn -0.4044 0.5138 -0.7566
vn -0.4765 0.5142 -0.7131
vn -0.5443 0.5138 -0.6632
vn -0.6066 0.5138 -0.6066
vn -0.6631 0.5141 -0.5442
vn -0.7133 0.5138 -0.4766
vn -0.7566 0.5138 -0.4044
vn -0.7926 0.5138 -0.3283
vn -0.8208 0.5141 -0.2490
vn -0.8414 0.5138 -0.1674
vn -0.8536 0.5141 -0.0841
vn -0.8777 0.4714 0.0864
vn -0.8819 0.4714 -0.0000
vn -0.8649 0.4716 0.1720
vn -0.8441 0.4711 0.2561
vn -0.8148 0.4714 0.3375
vn -0.7779 0.4711 0.4158
vn -0.7333 0.4714 0.4900
vn -0.6819 0.4711 0.5596
vn -0.6236 0.4714 0.6236
vn -0.5596 0.4711 0.6819
vn -0.4900 0.4714 0.7333
vn -0.4157 0.4714 0.7778
vn -0.3375 0.4715 0.8147
vn -0.2560 0.4714 0.8440
vn -0.1721 0.4714 0.8650
vn -0.0864 0.4714 0.8777
vn 0.0000 0.4711 0.8821
vn 0.0864 0.4715 0.8776
vn 0.1721 0.4711 0.8651
vn 0.2561 0.4711 0.8441
vn 0.3375 0.4714 0.8148
vn 0.4158 0.4711 0.7779
vn 0.4900 0.4714 0.7333
vn 0.5596 0.4711 0.6819
vn 0.6237 0.4711 0.6237
vn 0.6819 0.4711 0.5596
vn 0.7334 0.4711 0.4901
vn 0.7778 0.4714 0.4157
vn 0.8148 0.4714 0.3375
vn 0.8441 0.4711 0.2561
vn 0.8650 0.4714 0.1721
vn 0.8778 0.4711 0.0865
vn 0.8819 0.4714 0.0000
vn 0.8777 0.4714 -0.0864
vn 0.8649 0.4716 -0.1720
vn 0.8441 0.4711 -0.2561
vn 0.8148 0.4714 -0.3375
vn 0.7779 0.4711 -0.4158
vn 0.7333 0.4714 -0.4900
vn 0.6819 0.4711 -0.5596
vn 0.6236 0.4714 -0.6236
vn 0.5596 0.4711 -0.6819
vn 0.4900 0.4714 -0.7333
vn 0.4157 0.4714 -0.7778
vn 0.3375 0.4715 -0.8147
vn 0.2560 0.4714 -0.8440
vn 0.1721 0.4714 -0.8650
vn 0.0864 0.4714 -0.8777
vn 0.0000 0.4711 -0.8821
vn -0.0864 0.4715 -0.8776
vn -0.1721 0.4711 -0.8651
vn -0.2561 0.4711 -0.8441
vn -0.3375 0.4714 -0.8148
vn -0.4158 0.4711 -0.7779
vn -0.4900 0.4714 -0.7333
vn -0.5596 0.4711 -0.6819
vn -0.6237 0.4711 -0.6237
vn -0.6819 0.4711 -0.5596
vn -0.7334 0.4711 -0.4901
vn -0.7778 0.4714 -0.4157
vn -0.8148 0.4714 -0.3375
vn -0.8441 0.4711 -0.2561
vn -0.8650 0.4714 -0.1721
vn -0.8778 0.4711 -0.0865
vn -0.8996 0.4276 0.0886
vn -0.9040 0.4276 0.0000
vn -0.8868 0.4273 0.1764
vn -0.8651 0.4276 0.2624
vn -0.8353 0.4273 0.3460
vn -0.7974 0.4273 0.4262
vn -0.7518 0.4273 0.5023
vn -0.6989 0.4273 0.5736
vn -0.6393 0.4273 0.6393
vn -0.5736 0.4273 0.6989
vn -0.5023 0.4273 0.7518
vn -0.4261 0.4276 0.7972
vn -0.3460 0.4273 0.8353
vn -0.2625 0.4273 0.8652
vn -0.1764 0.4273 0.8868
vn -0.0886 0.4273 0.8998
vn -0.0000 0.4273 0.9041
vn 0.0886 0.4273 0.8998
vn 0.1764 0.4273 0.8868
vn 0.2624 0.4277 0.8650
vn 0.3460 0.4273 0.8353
vn 0.4262 0.4273 0.7974
vn 0.5023 0.4273 0.7518
vn 0.5736 0.4273 0.6989
vn 0.6393 0.4273 0.6393
vn 0.6989 0.4273 0.5736
vn 0.7518 0.4273 0.5023
vn 0.7972 0.4276 0.4261
vn 0.8353 0.4273 0.3460
vn 0.8652 0.4273 0.2625
vn 0.8868 0.4273 0.1764
vn 0.8998 0.4273 0.0886
vn 0.9041 0.4273 0.0000
vn 0.8996 0.4276 -0.0886
vn 0.8868 0.4273 -0.1764
vn 0.8651 0.4276 -0.2624
vn 0.8353 0.4273 -0.3460
vn 0.7974 0.4273 -0.4262
vn 0.7518 0.4273 -0.5023
vn 0.6989 0.4273 -0.5736
vn 0.6393 0.4273 -0.6393
vn 0.5736 0.4273 -0.6989
vn 0.5023 0.4273 -0.7518
vn 0.4261 0.4276 -0.7972
vn 0.3460 0.4273 -0.8353
vn 0.2625 0.4273 -0.8652
vn 0.1764 0.4273 -0.8868
vn 0.0886 0.4273 -0.8998
vn 0.0000 0.4273 -0.9041
vn -0.0886 0.4273 -0.8998
vn -0.1764 0.4273 -0.8868
vn -0.2624 0.4277 -0.8650
vn -0.3460 0.4273 -0.8353
vn -0.4262 0.4273 -0.7974
vn -0.5023 0.4273 -0.7518
vn -0.5736 0.4273 -0.6989
vn -0.6393 0.4273 -0.6393
vn -0.6989 0.4273 -0.5736
vn -0.7518 0.4273 -0.5023
vn -0.7972 0.4276 -0.4261
vn -0.8353 0.4273 -0.3460
vn -0.8652 0.4273 -0.2625
vn -0.8868 0.4273 -0.1764
vn -0.8998 0.4273 -0.0886
vn -0.9194 0.3827 0.0906
vn -0.9239 0.3827 0.0000
vn -0.9062 0.3824 0.1803
vn -0.8842 0.3824 0.2682
vn -0.8537 0.3824 0.3536
vn -0.8149 0.3824 0.4356
vn -0.7683 0.3824 0.5133
vn -0.7141 0.3829 0.5861
vn -0.6534 0.3824 0.6534
vn -0.5861 0.3827 0.7142
vn -0.5132 0.3829 0.7681
vn -0.4355 0.3827 0.8148
vn -0.3535 0.3827 0.8535
vn -0.2682 0.3824 0.8842
vn -0.1803 0.3824 0.9062
vn -0.0906 0.3824 0.9195
vn -0.0000 0.3824 0.9240
vn 0.0906 0.3824 0.9195
vn 0.1803 0.3824 0.9062
vn 0.2682 0.3824 0.8842
vn 0.3536 0.3824 0.8537
vn 0.4356 0.3824 0.8149
vn 0.5133 0.3824 0.7683
vn 0.5862 0.3824 0.7143
vn 0.6534 0.3824 0.6534
vn 0.7142 0.3827 0.5861
vn 0.7683 0.3824 0.5133
vn 0.8149 0.3824 0.4356
vn 0.8537 0.3824 0.3536
vn 0.8842 0.3824 0.2682
vn 0.9062 0.3824 0.1803
vn 0.9195 0.3824 0.0906
vn 0.9240 0.3824 0.0000
vn 0.9194 0.3827 -0.0906
vn 0.9062 0.3824 -0.1803
vn 0.8842 0.3824 -0.2682
vn 0.8537 0.3824 -0.3536
vn 0.8149 0.3824 -0.4356
vn 0.7683 0.3824 -0.5133
vn 0.7141 0.3829 -0.5861
vn 0.6534 0.3824 -0.6534
vn 0.5861 0.3827 -0.7142
vn 0.5132 0.3829 -0.7681
vn 0.4355 0.3827 -0.8148
vn 0.3535 0.3827 -0.8535
vn 0.2682 0.3824 -0.8842
vn 0.1803 0.3824 -0.9062
vn 0.0906 0.3824 -0.9195
vn 0.0000 0.3824 -0.9240
vn -0.0906 0.3824 -0.9195
vn -0.1803 0.3824 -0.9062
vn -0.2682 0.3824 -0.8842
vn -0.3536 0.3824 -0.8537
vn -0.4356 0.3824 -0.8149
vn -0.5133 0.3824 -0.7683
vn -0.5862 0.3824 -0.7143
vn -0.6534 0.3824 -0.6534
vn -0.7142 0.3827 -0.5861
vn -0.7683 0.3824 -0.5133
vn -0.8149 0.3824 -0.4356
vn -0.8537 0.3824 -0.3536
vn -0.8842 0.3824 -0.2682
vn -0.9062 0.3824 -0.1803
vn -0.9195 0.3824 -0.0906
vn -0.9371 0.3366 0.0923
vn -0.9415 0.3369 0.0000
vn -0.9235 0.3366 0.1837
vn -0.9011 0.3366 0.2733
vn -0.8698 0.3371 0.3603
vn -0.8304 0.3366 0.4439
vn -0.7829 0.3366 0.5231
vn -0.7279 0.3366 0.5974
vn -0.6658 0.3370 0.6658
vn -0.5974 0.3366 0.7279
vn -0.5231 0.3366 0.7829
vn -0.4439 0.3366 0.8304
vn -0.3603 0.3366 0.8700
vn -0.2733 0.3366 0.9011
vn -0.1837 0.3366 0.9235
vn -0.0923 0.3366 0.9371
vn -0.0000 0.3366 0.9416
vn 0.0923 0.3366 0.9371
vn 0.1837 0.3370 0.9234
vn 0.2733 0.3366 0.9011
vn 0.3603 0.3371 0.8698
vn 0.4439 0.3366 0.8304
vn 0.5231 0.3366 0.7829
vn 0.5973 0.3371 0.7278
vn 0.6658 0.3370 0.6658
vn 0.7279 0.3366 0.5974
vn 0.7829 0.3366 0.5231
vn 0.8303 0.3370 0.4438
vn 0.8698 0.3371 0.3603
vn 0.9011 0.3366 0.2733
vn 0.9235 0.3366 0.1837
vn 0.9370 0.3370 0.0923
vn 0.9416 0.3366 -0.0000
vn 0.9371 0.3366 -0.0923
vn 0.9235 0.3366 -0.1837
vn 0.9011 0.3366 -0.2733
vn 0.8698 0.3371 -0.3603
vn 0.8304 0.3366 -0.4439
vn 0.7829 0.3366 -0.5231
vn 0.7279 0.3366 -0.5974
vn 0.6658 0.3370 -0.6658
vn 0.5974 0.3366 -0.7279
vn 0.5231 0.3366 -0.7829
vn 0.4439 0.3366 -0.8304
vn 0.3603 0.3366 -0.8700
vn 0.2733 0.3366 -0.9011
vn 0.1837 0.3366 -0.9235
vn 0.0923 0.3366 -0.9371
vn 0.0000 0.3366 -0.9416
vn -0.0923 0.3366 -0.9371
vn -0.1837 0.3370 -0.9234
vn -0.2733 0.3366 -0.9011
vn -0.3603 0.3371 -0.8698
vn -0.4439 0.3366 -0.8304
vn -0.5231 0.3366 -0.7829
vn -0.5973 0.3371 -0.7278
vn -0.6658 0.3370 -0.6658
vn -0.7279 0.3366 -0.5974
vn -0.7829 0.3366 -0.5231
vn -0.8303 0.3370 -0.4438
vn -0.8698 0.3371 -0.3603
vn -0.9011 0.3366 -0.2733
vn -0.9235 0.3366 -0.1837
vn -0.9370 0.3370 -0.0923
vn -0.9524 0.2901 0.0938
vn -0.9569 0.2903 -0.0000
vn -0.9386 0.2901 0.1867
vn -0.9158 0.2901 0.2778
vn -0.8842 0.2901 0.3662
vn -0.8440 0.2901 0.4511
vn -0.7957 0.2901 0.5317
vn -0.7398 0.2901 0.6071
vn -0.6767 0.2901 0.6767
vn -0.6071 0.2901 0.7398
vn -0.5317 0.2901 0.7957
vn -0.4511 0.2901 0.8440
vn -0.3662 0.2904 0.8841
vn -0.2778 0.2901 0.9158
vn -0.1867 0.2901 0.9386
vn -0.0938 0.2901 0.9524
vn 0.0000 0.2901 0.9570
vn 0.0938 0.2901 0.9524
vn 0.1867 0.2901 0.9386
vn 0.2778 0.2901 0.9158
vn 0.3662 0.2901 0.8842
vn 0.4511 0.2904 0.8439
vn 0.5317 0.2901 0.7957
vn 0.6071 0.2901 0.7398
vn 0.6767 0.2901 0.6767
vn 0.7398 0.2901 0.6071
vn 0.7956 0.2904 0.5316
vn 0.8440 0.2901 0.4511
vn 0.8841 0.2904 0.3662
vn 0.9158 0.2901 0.2778
vn 0.9386 0.2901 0.1867
vn 0.9524 0.2901 0.0938
vn 0.9570 0.2901 -0.0000
vn 0.9524 0.2901 -0.0938
vn 0.9386 0.2901 -0.1867
vn 0.9158 0.2901 -0.2778
vn 0.8842 0.2901 -0.3662
vn 0.8440 0.2901 -0.4511
vn 0.7957 0.2901 -0.5317
vn 0.7398 0.2901 -0.6071
vn 0.6767 0.2901 -0.6767
vn 0.6071 0.2901 -0.7398
vn 0.5317 0.2901 -0.7957
vn 0.4511 0.2901 -0.8440
vn 0.3662 0.2904 -0.8841
vn 0.2778 0.2901 -0.9158
vn 0.1867 0.2901 -0.9386
vn 0.0938 0.2901 -0.9524
vn 0.0000 0.2901 -0.9570
vn -0.0938 0.2901 -0.9524
vn -0.1867 0.2901 -0.9386
vn -0.2778 0.2901 -0.9158
vn -0.3662 0.2901 -0.8842
vn -0.4511 0.2904 -0.8439
vn -0.5317 0.2901 -0.7957
vn -0.6071 0.2901 -0.7398
vn -0.6767 0.2901 -0.6767
vn -0.7398 0.2901 -0.6071
vn -0.7956 0.2904 -0.5316
vn -0.8440 0.2901 -0.4511
vn -0.8841 0.2904 -0.3662
vn -0.9158 0.2901 -0.2778
vn -0.9386 0.2901 -0.1867
vn -0.9524 0.2901 -0.0938
vn -0.9654 0.2428 0.0951
vn -0.9700 0.2430 -0.0000
vn -0.9514 0.2428 0.1893
vn -0.9283 0.2428 0.2816
vn -0.8961 0.2433 0.3712
vn -0.8555 0.2428 0.4573
vn -0.8066 0.2428 0.5389
vn -0.7499 0.2428 0.6154
vn -0.6859 0.2428 0.6859
vn -0.6154 0.2428 0.7499
vn -0.5389 0.2428 0.8066
vn -0.4573 0.2428 0.8555
vn -0.3712 0.2428 0.8962
vn -0.2816 0.2428 0.9283
vn -0.1893 0.2428 0.9514
vn -0.0951 0.2433 0.9653
vn -0.0000 0.2428 0.9701
vn 0.0951 0.2428 0.9654
vn 0.1892 0.2433 0.9513
vn 0.2816 0.2428 0.9283
vn 0.3712 0.2428 0.8962
vn 0.4573 0.2428 0.8555
vn 0.5389 0.2428 0.8066
vn 0.6154 0.2431 0.7498
vn 0.6859 0.2428 0.6859
vn 0.7498 0.2433 0.6153
vn 0.8066 0.2428 0.5389
vn 0.8555 0.2428 0.4573
vn 0.8961 0.2433 0.3712
vn 0.9283 0.2428 0.2816
vn 0.9514 0.2428 0.1893
vn 0.9654 0.2428 0.0951
vn 0.9701 0.2428 0.0000
vn 0.9654 0.2428 -0.0951
vn 0.9514 0.2428 -0.1893
vn 0.9283 0.2428 -0.2816
vn 0.8961 0.2433 -0.3712
vn 0.8555 0.2428 -0.4573
vn 0.8066 0.2428 -0.5389
vn 0.7499 0.2428 -0.6154
vn 0.6859 0.2428 -0.6859
vn 0.6154 0.2428 -0.7499
vn 0.5389 0.2428 -0.8066
vn 0.4573 0.2428 -0.8555
vn 0.3712 0.2428 -0.8962
vn 0.2816 0.2428 -0.9283
vn 0.1893 0.2428 -0.9514
vn 0.0951 0.2433 -0.9653
vn 0.0000 0.2428 -0.9701
vn -0.0951 0.2428 -0.9654
vn -0.1892 0.2433 -0.9513
vn -0.2816 0.2428 -0.9283
vn -0.3712 0.2428 -0.8962
vn -0.4573 0.2428 -0.8555
vn -0.5389 0.2428 -0.8066
vn -0.6154 0.2431 -0.7498
vn -0.6859 0.2428 -0.6859
vn -0.7498 0.2433 -0.6153
vn -0.8066 0.2428 -0.5389
vn -0.8555 0.2428 -0.4573
vn -0.8961 0.2433 -0.3712
vn -0.9283 0.2428 -0.2816
vn -0.9514 0.2428 -0.1893
vn -0.9654 0.2428 -0.0951
vn -0.9761 0.1949 0.0961
vn -0.9808 0.1951 -0.0000
vn -0.9620 0.1949 0.1913
vn -0.9386 0.1949 0.2847
vn -0.9062 0.1949 0.3753
vn -0.8650 0.1949 0.4624
vn -0.8155 0.1949 0.5449
vn -0.7582 0.1949 0.6222
vn -0.6935 0.1949 0.6935
vn -0.6222 0.1949 0.7582
vn -0.5449 0.1949 0.8155
vn -0.4624 0.1949 0.8650
vn -0.3753 0.1949 0.9062
vn -0.2847 0.1949 0.9386
vn -0.1913 0.1949 0.9620
vn -0.0961 0.1949 0.9761
vn -0.0000 0.1949 0.9808
vn 0.0961 0.1949 0.9761
vn 0.1913 0.1949 0.9620
vn 0.2847 0.1949 0.9386
vn 0.3753 0.1949 0.9062
vn 0.4624 0.1949 0.8650
vn 0.5449 0.1949 0.8155
vn 0.6222 0.1949 0.7582
vn 0.6935 0.1949 0.6935
vn 0.7582 0.1949 0.6222
vn 0.8155 0.1949 0.5449
vn 0.8650 0.1949 0.4624
vn 0.9062 0.1949 0.3753
vn 0.9386 0.1949 0.2847
vn 0.9619 0.1953 0.1913
vn 0.9761 0.1949 0.0961
vn 0.9808 0.1949 0.0000
vn 0.9761 0.1949 -0.0961
vn 0.9620 0.1949 -0.1913
vn 0.9386 0.1949 -0.2847
vn 0.9062 0.1949 -0.3753
vn 0.8650 0.1949 -0.4624
vn 0.8155 0.1949 -0.5449
vn 0.7582 0.1949 -0.6222
vn 0.6935 0.1949 -0.6935
vn 0.6222 0.1949 -0.7582
vn 0.5449 0.1949 -0.8155
vn 0.4624 0.1949 -0.8650
vn 0.3753 0.1949 -0.9062
vn 0.2847 0.1949 -0.9386
vn 0.1913 0.1949 -0.9620
vn 0.0961 0.1949 -0.9761
vn -0.0000 0.1949 -0.9808
vn -0.0961 0.1949 -0.9761
vn -0.1913 0.1949 -0.9620
vn -0.2847 0.1949 -0.9386
vn -0.3753 0.1949 -0.9062
vn -0.4624 0.1949 -0.8650
vn -0.5449 0.1949 -0.8155
vn -0.6222 0.1949 -0.7582
vn -0.6935 0.1949 -0.6935
vn -0.7582 0.1949 -0.6222
vn -0.8155 0.1949 -0.5449
vn -0.8650 0.1949 -0.4624
vn -0.9062 0.1949 -0.3753
vn -0.9386 0.1949 -0.2847
vn -0.9619 0.1953 -0.1913
vn -0.9761 0.1949 -0.0961
vn -0.9844 0.1466 0.0970
vn -0.9892 0.1467 0.0000
vn -0.9702 0.1466 0.1930
vn -0.9466 0.1470 0.2871
vn -0.9139 0.1466 0.3785
vn -0.8723 0.1470 0.4663
vn -0.8224 0.1470 0.5495
vn -0.7647 0.1466 0.6275
vn -0.6995 0.1466 0.6995
vn -0.6275 0.1466 0.7647
vn -0.5496 0.1466 0.8225
vn -0.4663 0.1466 0.8724
vn -0.3785 0.1466 0.9139
vn -0.2871 0.1466 0.9466
vn -0.1930 0.1466 0.9702
vn -0.0970 0.1466 0.9844
vn 0.0000 0.1466 0.9892
vn 0.0970 0.1466 0.9844
vn 0.1930 0.1466 0.9702
vn 0.2871 0.1466 0.9466
vn 0.3785 0.1466 0.9139
vn 0.4663 0.1466 0.8724
vn 0.5495 0.1470 0.8224
vn 0.6275 0.1466 0.7647
vn 0.6995 0.1466 0.6995
vn 0.7647 0.1466 0.6275
vn 0.8224 0.1470 0.5495
vn 0.8724 0.1466 0.4663
vn 0.9139 0.1466 0.3785
vn 0.9466 0.1470 0.2871
vn 0.9702 0.1466 0.1930
vn 0.9844 0.1466 0.0970
vn 0.9892 0.1466 -0.0000
vn 0.9844 0.1466 -0.0970
vn 0.9702 0.1466 -0.1930
vn 0.9466 0.1470 -0.2871
vn 0.9139 0.1466 -0.3785
vn 0.8723 0.1470 -0.4663
vn 0.8224 0.1470 -0.5495
vn 0.7647 0.1466 -0.6275
vn 0.6995 0.1466 -0.6995
vn 0.6275 0.1466 -0.7647
vn 0.5496 0.1466 -0.8225
vn 0.4663 0.1466 -0.8724
vn 0.3785 0.1466 -0.9139
vn 0.2871 0.1466 -0.9466
vn 0.1930 0.1466 -0.9702
vn 0.0970 0.1466 -0.9844
vn -0.0000 0.1466 -0.9892
vn -0.0970 0.1466 -0.9844
vn -0.1930 0.1466 -0.9702
vn -0.2871 0.1466 -0.9466
vn -0.3785 0.1466 -0.9139
vn -0.4663 0.1466 -0.8724
vn -0.5495 0.1470 -0.8224
vn -0.6275 0.1466 -0.7647
vn -0.6995 0.1466 -0.6995
vn -0.7647 0.1466 -0.6275
vn -0.8224 0.1470 -0.5495
vn -0.8724 0.1466 -0.4663
vn -0.9139 0.1466 -0.3785
vn -0.9466 0.1470 -0.2871
vn -0.9702 0.1466 -0.1930
vn -0.9844 0.1466 -0.0970
vn -0.9904 0.0979 0.0975
vn -0.9952 0.0980 0.0000
vn -0.9761 0.0979 0.1942
vn -0.9523 0.0979 0.2889
vn -0.9194 0.0979 0.3808
vn -0.8777 0.0979 0.4691
vn -0.8275 0.0979 0.5529
vn -0.7693 0.0979 0.6313
vn -0.7037 0.0979 0.7037
vn -0.6313 0.0979 0.7693
vn -0.5529 0.0979 0.8275
vn -0.4691 0.0979 0.8777
vn -0.3808 0.0979 0.9194
vn -0.2889 0.0979 0.9523
vn -0.1942 0.0979 0.9761
vn -0.0975 0.0979 0.9904
vn -0.0000 0.0979 0.9952
vn 0.0975 0.0979 0.9904
vn 0.1942 0.0979 0.9761
vn 0.2889 0.0979 0.9523
vn 0.3808 0.0979 0.9194
vn 0.4691 0.0979 0.8777
vn 0.5529 0.0979 0.8275
vn 0.6313 0.0979 0.7693
vn 0.7037 0.0979 0.7037
vn 0.7693 0.0979 0.6313
vn 0.8275 0.0979 0.5529
vn 0.8777 0.0979 0.4691
vn 0.9194 0.0979 0.3808
vn 0.9523 0.0979 0.2889
vn 0.9761 0.0979 0.1942
vn 0.9904 0.0979 0.0975
vn 0.9952 0.0979 0.0000
vn 0.9904 0.0979 -0.0975
vn 0.9761 0.0979 -0.1942
vn 0.9523 0.0979 -0.2889
vn 0.9194 0.0979 -0.3808
vn 0.8777 0.0979 -0.4691
vn 0.8275 0.0979 -0.5529
vn 0.7693 0.0979 -0.6313
vn 0.7037 0.0979 -0.7037
vn 0.6313 0.0979 -0.7693
vn 0.5529 0.0979 -0.8275
vn 0.4691 0.0979 -0.8777
vn 0.3808 0.0979 -0.9194
vn 0.2889 0.0979 -0.9523
vn 0.1942 0.0979 -0.9761
vn 0.0975 0.0979 -0.9904
vn 0.0000 0.0979 -0.9952
vn -0.0975 0.0979 -0.9904
vn -0.1942 0.0979 -0.9761
vn -0.2889 0.0979 -0.9523
vn -0.3808 0.0979 -0.9194
vn -0.4691 0.0979 -0.8777
vn -0.5529 0.0979 -0.8275
vn -0.6313 0.0979 -0.7693
vn -0.7037 0.0979 -0.7037
vn -0.7693 0.0979 -0.6313
vn -0.8275 0.0979 -0.5529
vn -0.8777 0.0979 -0.4691
vn -0.9194 0.0979 -0.3808
vn -0.9523 0.0979 -0.2889
vn -0.9761 0.0979 -0.1942
vn -0.9904 0.0979 -0.0975
vn -0.9940 0.0490 0.0979
vn -0.9988 0.0491 0.0000
vn -0.9796 0.0490 0.1949
vn -0.9558 0.0490 0.2899
vn -0.9228 0.0490 0.3822
vn -0.8809 0.0490 0.4708
vn -0.8305 0.0490 0.5549
vn -0.7721 0.0490 0.6336
vn -0.7063 0.0490 0.7063
vn -0.6336 0.0490 0.7721
vn -0.5549 0.0490 0.8305
vn -0.4708 0.0490 0.8809
vn -0.3822 0.0490 0.9228
vn -0.2899 0.0490 0.9558
vn -0.1949 0.0490 0.9796
vn -0.0979 0.0490 0.9940
vn -0.0000 0.0490 0.9988
vn 0.0979 0.0490 0.9940
vn 0.1949 0.0490 0.9796
vn 0.2899 0.0490 0.9558
vn 0.3822 0.0490 0.9228
vn 0.4708 0.0490 0.8809
vn 0.5549 0.0490 0.8305
vn 0.6336 0.0490 0.7721
vn 0.7063 0.0490 0.7063
vn 0.7721 0.0490 0.6336
vn 0.8305 0.0490 0.5549
vn 0.8809 0.0490 0.4708
vn 0.9228 0.0490 0.3822
vn 0.9558 0.0490 0.2899
vn 0.9796 0.0490 0.1949
vn 0.9940 0.0490 0.0979
vn 0.9988 0.0490 0.0000
vn 0.9940 0.0490 -0.0979
vn 0.9796 0.0490 -0.1949
vn 0.9558 0.0490 -0.2899
vn 0.9228 0.0490 -0.3822
vn 0.8809 0.0490 -0.4708
vn 0.8305 0.0490 -0.5549
vn 0.7721 0.0490 -0.6336
vn 0.7063 0.0490 -0.7063
vn 0.6336 0.0490 -0.7721
vn 0.5549 0.0490 -0.8305
vn 0.4708 0.0490 -0.8809
vn 0.3822 0.0490 -0.9228
vn 0.2899 0.0490 -0.9558
vn 0.1949 0.0490 -0.9796
vn 0.0979 0.0490 -0.9940
vn 0.0000 0.0490 -0.9988
vn -0.0979 0.0490 -0.9940
vn -0.1949 0.0490 -0.9796
vn -0.2899 0.0490 -0.9558
vn -0.3822 0.0490 -0.9228
vn -0.4708 0.0490 -0.8809
vn -0.5549 0.0490 -0.8305
vn -0.6336 0.0490 -0.7721
vn -0.7063 0.0490 -0.7063
vn -0.7721 0.0490 -0.6336
vn -0.8305 0.0490 -0.5549
vn -0.8809 0.0490 -0.4708
vn -0.9228 0.0490 -0.3822
vn -0.9558 0.0490 -0.2899
vn -0.9796 0.0490 -0.1949
vn -0.9940 0.0490 -0.0979
vn -0.9952 -0.0000 0.0980
vn -1.0000 0.0000 0.0000
vn -0.9808 -0.0000 0.1951
vn -0.9569 -0.0000 0.2903
vn -0.9239 0.0000 0.3827
vn -0.8819 0.0000 0.4714
vn -0.8315 -0.0000 0.5556
vn -0.7730 0.0000 0.6344
vn -0.7071 -0.0000 0.7071
vn -0.6344 0.0000 0.7730
vn -0.5556 -0.0000 0.8315
vn -0.4714 0.0000 0.8819
vn -0.3827 -0.0000 0.9239
vn -0.2903 0.0000 0.9569
vn -0.1951 0.0000 0.9808
vn -0.0980 -0.0000 0.9952
vn -0.0000 0.0000 1.0000
vn 0.0980 0.0000 0.9952
vn 0.1951 -0.0000 0.9808
vn 0.2903 -0.0000 0.9569
vn 0.3827 0.0000 0.9239
vn 0.4714 -0.0000 0.8819
vn 0.5556 0.0000 0.8315
vn 0.6344 -0.0000 0.7730
vn 0.7071 0.0000 0.7071
vn 0.7730 -0.0000 0.6344
vn 0.8315 0.0000 0.5556
vn 0.8819 -0.0000 0.4714
vn 0.9239 -0.0000 0.3827
vn 0.9569 0.0000 0.2903
vn 0.9808 -0.0000 0.1951
vn 0.9952 -0.0000 0.0980
vn 1.0000 -0.0000 0.0000
vn 0.9952 0.0000 -0.0980
vn 0.9808 0.0000 -0.1951
vn 0.9569 -0.0000 -0.2903
vn 0.9239 0.0000 -0.3827
vn 0.8819 0.0000 -0.4714
vn 0.8315 -0.0000 -0.5556
vn 0.7730 0.0000 -0.6344
vn 0.7071 -0.0000 -0.7071
vn 0.6344 0.0000 -0.7730
vn 0.5556 -0.0000 -0.8315
vn 0.4714 0.0000 -0.8819
vn 0.3827 -0.0000 -0.9239
vn 0.2903 0.0000 -0.9569
vn 0.1951 0.0000 -0.9808
vn 0.0980 -0.0000 -0.9952
vn -0.0000 -0.0000 -1.0000
vn -0.0980 0.0000 -0.9952
vn -0.1951 -0.0000 -0.9808
vn -0.2903 -0.0000 -0.9569
vn -0.3827 0.0000 -0.9239
vn -0.4714 -0.0000 -0.8819
vn -0.5556 0.0000 -0.8315
vn -0.6344 -0.0000 -0.7730
vn -0.7071 0.0000 -0.7071
vn -0.7730 -0.0000 -0.6344
vn -0.8315 0.0000 -0.5556
vn -0.8819 -0.0000 -0.4714
vn -0.9239 -0.0000 -0.3827
vn -0.9569 0.0000 -0.2903
vn -0.9808 -0.0000 -0.1951
vn -0.9952 0.0000 -0.0980
vn -0.9940 -0.0490 0.0979
vn -0.9988 -0.0491 0.0000
vn -0.9796 -0.0490 0.1949
vn -0.9558 -0.0490 0.2899
vn -0.9228 -0.0490 0.3822
vn -0.8809 -0.0490 0.4708
vn -0.8305 -0.0490 0.5549
vn -0.7721 -0.0490 0.6336
vn -0.7063 -0.0490 0.7063
vn -0.6336 -0.0490 0.7721
vn -0.5549 -0.0490 0.8305
vn -0.4708 -0.0490 0.8809
vn -0.3822 -0.0490 0.9228
vn -0.2899 -0.0490 0.9558
vn -0.1949 -0.0490 0.9796
vn -0.0979 -0.0490 0.9940
vn 0.0000 -0.0490 0.9988
vn 0.0979 -0.0490 0.9940
vn 0.1949 -0.0490 0.9796
vn 0.2899 -0.0490 0.9558
vn 0.3822 -0.0490 0.9228
vn 0.4708 -0.0490 0.8809
vn 0.5549 -0.0490 0.8305
vn 0.6336 -0.0490 0.7721
vn 0.7063 -0.0490 0.7063
vn 0.7721 -0.0490 0.6336
vn 0.8305 -0.0490 0.5549
vn 0.8809 -0.0490 0.4708
vn 0.9228 -0.0490 0.3822
vn 0.9558 -0.0490 0.2899
vn 0.9796 -0.0490 0.1949
vn 0.9940 -0.0490 0.0979
vn 0.9988 -0.0490 -0.0000
vn 0.9940 -0.0490 -0.0979
vn 0.9796 -0.0490 -0.1949
vn 0.9558 -0.0490 -0.2899
vn 0.9228 -0.0490 -0.3822
vn 0.8809 -0.0490 -0.4708
vn 0.8305 -0.0490 -0.5549
vn 0.7721 -0.0490 -0.6336
vn 0.7063 -0.0490 -0.7063
vn 0.6336 -0.0490 -0.7721
vn 0.5549 -0.0490 -0.8305
vn 0.4708 -0.0490 -0.8809
vn 0.3822 -0.0490 -0.9228
vn 0.2899 -0.0490 -0.9558
vn 0.1949 -0.0490 -0.9796
vn 0.0979 -0.0490 -0.9940
vn -0.0000 -0.0490 -0.9988
vn -0.0979 -0.0490 -0.9940
vn -0.1949 -0.0490 -0.9796
vn -0.2899 -0.0490 -0.9558
vn -0.3822 -0.0490 -0.9228
vn -0.4708 -0.0490 -0.8809
vn -0.5549 -0.0490 -0.8305
vn -0.6336 -0.0490 -0.7721
vn -0.7063 -0.0490 -0.7063
vn -0.7721 -0.0490 -0.6336
vn -0.8305 -0.0490 -0.5549
vn -0.8809 -0.0490 -0.4708
vn -0.9228 -0.0490 -0.3822
vn -0.9558 -0.0490 -0.2899
vn -0.9796 -0.0490 -0.1949
vn -0.9940 -0.0490 -0.0979
vn -0.9904 -0.0979 0.0975
vn -0.9952 -0.0980 0.0000
vn -0.9761 -0.0979 0.1942
vn -0.9523 -0.0979 0.2889
vn -0.9194 -0.0979 0.3808
vn -0.8777 -0.0979 0.4691
vn -0.8275 -0.0979 0.5529
vn -0.7693 -0.0979 0.6313
vn -0.7037 -0.0979 0.7037
vn -0.6313 -0.0979 0.7693
vn -0.5529 -0.0979 0.8275
vn -0.4691 -0.0979 0.8777
vn -0.3808 -0.0979 0.9194
vn -0.2889 -0.0979 0.9523
vn -0.1942 -0.0979 0.9761
vn -0.0975 -0.0979 0.9904
vn 0.0000 -0.0979 0.9952
vn 0.0975 -0.0979 0.9904
vn 0.1942 -0.0979 0.9761
vn 0.2889 -0.0979 0.9523
vn 0.3808 -0.0979 0.9194
vn 0.4691 -0.0979 0.8777
vn 0.5529 -0.0979 0.8275
vn 0.6313 -0.0979 0.7693
vn 0.7037 -0.0979 0.7037
vn 0.7693 -0.0979 0.6313
vn 0.8275 -0.0979 0.5529
vn 0.8777 -0.0979 0.4691
vn 0.9194 -0.0979 0.3808
vn 0.9523 -0.0979 0.2889
vn 0.9761 -0.0979 0.1942
vn 0.9904 -0.0979 0.0975
vn 0.9952 -0.0979 -0.0000
vn 0.9904 -0.0979 -0.0975
vn 0.9761 -0.0979 -0.1942
vn 0.9523 -0.0979 -0.2889
vn 0.9194 -0.0979 -0.3808
vn 0.8777 -0.0979 -0.4691
vn 0.8275 -0.0979 -0.5529
vn 0.7693 -0.0979 -0.6313
vn 0.7037 -0.0979 -0.7037
vn 0.6313 -0.0979 -0.7693
vn 0.5529 -0.0979 -0.8275
vn 0.4691 -0.0979 -0.8777
vn 0.3808 -0.0979 -0.9194
vn 0.2889 -0.0979 -0.9523
vn 0.1942 -0.0979 -0.9761
vn 0.0975 -0.0979 -0.9904
vn -0.0000 -0.0979 -0.9952
vn -0.0975 -0.0979 -0.9904
vn -0.1942 -0.0979 -0.9761
vn -0.2889 -0.0979 -0.9523
vn -0.3808 -0.0979 -0.9194
vn -0.4691 -0.0979 -0.8777
vn -0.5529 -0.0979 -0.8275
vn -0.6313 -0.0979 -0.7693
vn -0.7037 -0.0979 -0.7037
vn -0.7693 -0.0979 -0.6313
vn -0.8275 -0.0979 -0.5529
vn -0.8777 -0.0979 -0.4691
vn -0.9194 -0.0979 -0.3808
vn -0.9523 -0.0979 -0.2889
vn -0.9761 -0.0979 -0.1942
vn -0.9904 -0.0979 -0.0975
vn -0.9844 -0.1466 0.0970
vn -0.9892 -0.1467 0.0000
vn -0.9702 -0.1466 0.1930
vn -0.9466 -0.1466 0.2871
vn -0.9139 -0.1466 0.3785
vn -0.8724 -0.1466 0.4663
vn -0.8225 -0.1466 0.5496
vn -0.7647 -0.1466 0.6275
vn -0.6995 -0.1466 0.6995
vn -0.6275 -0.1466 0.7647
vn -0.5495 -0.1470 0.8224
vn -0.4663 -0.1466 0.8724
vn -0.3785 -0.1466 0.9139
vn -0.2871 -0.1466 0.9466
vn -0.1930 -0.1466 0.9702
vn -0.0970 -0.1466 0.9844
vn -0.0000 -0.1466 0.9892
vn 0.0970 -0.1466 0.9844
vn 0.1930 -0.1466 0.9702
vn 0.2871 -0.1470 0.9465
vn 0.3785 -0.1466 0.9139
vn 0.4663 -0.1466 0.8724
vn 0.5495 -0.1471 0.8224
vn 0.6275 -0.1466 0.7647
vn 0.6995 -0.1466 0.6995
vn 0.7647 -0.1466 0.6275
vn 0.8224 -0.1470 0.5495
vn 0.8724 -0.1466 0.4663
vn 0.9139 -0.1466 0.3785
vn 0.9466 -0.1470 0.2871
vn 0.9702 -0.1466 0.1930
vn 0.9844 -0.1466 0.0970
vn 0.9892 -0.1466 0.0000
vn 0.9844 -0.1466 -0.0970
vn 0.9702 -0.1466 -0.1930
vn 0.9466 -0.1466 -0.2871
vn 0.9139 -0.1466 -0.3785
vn 0.8724 -0.1466 -0.4663
vn 0.8225 -0.1466 -0.5496
vn 0.7647 -0.1466 -0.6275
vn 0.6995 -0.1466 -0.6995
vn 0.6275 -0.1466 -0.7647
vn 0.5495 -0.1470 -0.8224
vn 0.4663 -0.1466 -0.8724
vn 0.3785 -0.1466 -0.9139
vn 0.2871 -0.1466 -0.9466
vn 0.1930 -0.1466 -0.9702
vn 0.0970 -0.1466 -0.9844
vn 0.0000 -0.1466 -0.9892
vn -0.0970 -0.1466 -0.9844
vn -0.1930 -0.1466 -0.9702
vn -0.2871 -0.1470 -0.9466
vn -0.3785 -0.1466 -0.9139
vn -0.4663 -0.1466 -0.8724
vn -0.5495 -0.1471 -0.8224
vn -0.6275 -0.1466 -0.7647
vn -0.6995 -0.1466 -0.6995
vn -0.7647 -0.1466 -0.6275
vn -0.8224 -0.1470 -0.5495
vn -0.8724 -0.1466 -0.4663
vn -0.9139 -0.1466 -0.3785
vn -0.9466 -0.1470 -0.2871
vn -0.9702 -0.1466 -0.1930
vn -0.9844 -0.1466 -0.0970
vn -0.9761 -0.1949 0.0961
vn -0.9808 -0.1951 -0.0000
vn -0.9620 -0.1949 0.1913
vn -0.9386 -0.1949 0.2847
vn -0.9062 -0.1949 0.3753
vn -0.8650 -0.1949 0.4624
vn -0.8155 -0.1949 0.5449
vn -0.7582 -0.1949 0.6222
vn -0.6935 -0.1949 0.6935
vn -0.6222 -0.1949 0.7582
vn -0.5449 -0.1949 0.8155
vn -0.4624 -0.1949 0.8650
vn -0.3753 -0.1949 0.9062
vn -0.2847 -0.1949 0.9386
vn -0.1913 -0.1949 0.9620
vn -0.0961 -0.1949 0.9761
vn -0.0000 -0.1949 0.9808
vn 0.0961 -0.1949 0.9761
vn 0.1913 -0.1949 0.9620
vn 0.2847 -0.1949 0.9386
vn 0.3753 -0.1949 0.9062
vn 0.4623 -0.1954 0.8649
vn 0.5449 -0.1949 0.8155
vn 0.6222 -0.1949 0.7582
vn 0.6935 -0.1949 0.6935
vn 0.7582 -0.1949 0.6222
vn 0.8155 -0.1949 0.5449
vn 0.8650 -0.1949 0.4624
vn 0.9062 -0.1949 0.3753
vn 0.9386 -0.1949 0.2847
vn 0.9620 -0.1949 0.1913
vn 0.9761 -0.1949 0.0961
vn 0.9808 -0.1949 -0.0000
vn 0.9761 -0.1949 -0.0961
vn 0.9620 -0.1949 -0.1913
vn 0.9386 -0.1949 -0.2847
vn 0.9062 -0.1949 -0.3753
vn 0.8650 -0.1949 -0.4624
vn 0.8155 -0.1949 -0.5449
vn 0.7582 -0.1949 -0.6222
vn 0.6935 -0.1949 -0.6935
vn 0.6222 -0.1949 -0.7582
vn 0.5449 -0.1949 -0.8155
vn 0.4624 -0.1949 -0.8650
vn 0.3753 -0.1949 -0.9062
vn 0.2847 -0.1949 -0.9386
vn 0.1913 -0.1949 -0.9620
vn 0.0961 -0.1949 -0.9761
vn -0.0000 -0.1949 -0.9808
vn -0.0961 -0.1949 -0.9761
vn -0.1913 -0.1949 -0.9620
vn -0.2847 -0.1949 -0.9386
vn -0.3753 -0.1949 -0.9062
vn -0.4623 -0.1954 -0.8649
vn -0.5449 -0.1949 -0.8155
vn -0.6222 -0.1949 -0.7582
vn -0.6935 -0.1949 -0.6935
vn -0.7582 -0.1949 -0.6222
vn -0.8155 -0.1949 -0.5449
vn -0.8650 -0.1949 -0.4624
vn -0.9062 -0.1949 -0.3753
vn -0.9386 -0.1949 -0.2847
vn -0.9620 -0.1949 -0.1913
vn -0.9761 -0.1949 -0.0961
vn -0.9654 -0.2428 0.0951
vn -0.9700 -0.2430 -0.0000
vn -0.9514 -0.2428 0.1893
vn -0.9283 -0.2428 0.2816
vn -0.8962 -0.2431 0.3712
vn -0.8555 -0.2428 0.4573
vn -0.8066 -0.2428 0.5389
vn -0.7499 -0.2428 0.6154
vn -0.6859 -0.2431 0.6859
vn -0.6154 -0.2428 0.7499
vn -0.5389 -0.2428 0.8066
vn -0.4573 -0.2428 0.8555
vn -0.3712 -0.2428 0.8962
vn -0.2816 -0.2428 0.9283
vn -0.1893 -0.2428 0.9514
vn -0.0951 -0.2431 0.9653
vn 0.0000 -0.2428 0.9701
vn 0.0951 -0.2433 0.9653
vn 0.1892 -0.2433 0.9513
vn 0.2816 -0.2428 0.9283
vn 0.3712 -0.2428 0.8962
vn 0.4573 -0.2428 0.8555
vn 0.5389 -0.2428 0.8066
vn 0.6154 -0.2428 0.7499
vn 0.6859 -0.2428 0.6859
vn 0.7499 -0.2428 0.6154
vn 0.8066 -0.2428 0.5389
vn 0.8555 -0.2428 0.4573
vn 0.8962 -0.2431 0.3712
vn 0.9283 -0.2428 0.2816
vn 0.9514 -0.2428 0.1893
vn 0.9654 -0.2428 0.0951
vn 0.9700 -0.2431 0.0000
vn 0.9654 -0.2428 -0.0951
vn 0.9514 -0.2428 -0.1893
vn 0.9283 -0.2428 -0.2816
vn 0.8962 -0.2431 -0.3712
vn 0.8555 -0.2428 -0.4573
vn 0.8066 -0.2428 -0.5389
vn 0.7499 -0.2428 -0.6154
vn 0.6859 -0.2431 -0.6859
vn 0.6154 -0.2428 -0.7499
vn 0.5389 -0.2428 -0.8066
vn 0.4573 -0.2428 -0.8555
vn 0.3712 -0.2428 -0.8962
vn 0.2816 -0.2428 -0.9283
vn 0.1893 -0.2428 -0.9514
vn 0.0951 -0.2431 -0.9653
vn -0.0000 -0.2428 -0.9701
vn -0.0951 -0.2433 -0.9653
vn -0.1892 -0.2433 -0.9513
vn -0.2816 -0.2428 -0.9283
vn -0.3712 -0.2428 -0.8962
vn -0.4573 -0.2428 -0.8555
vn -0.5389 -0.2428 -0.8066
vn -0.6154 -0.2428 -0.7499
vn -0.6859 -0.2428 -0.6859
vn -0.7499 -0.2428 -0.6154
vn -0.8066 -0.2428 -0.5389
vn -0.8555 -0.2428 -0.4573
vn -0.8962 -0.2431 -0.3712
vn -0.9283 -0.2428 -0.2816
vn -0.9514 -0.2428 -0.1893
vn -0.9654 -0.2428 -0.0951
vn -0.9524 -0.2901 0.0938
vn -0.9569 -0.2903 -0.0000
vn -0.9386 -0.2901 0.1867
vn -0.9158 -0.2901 0.2778
vn -0.8841 -0.2904 0.3662
vn -0.8440 -0.2901 0.4511
vn -0.7957 -0.2901 0.5317
vn -0.7398 -0.2901 0.6071
vn -0.6767 -0.2901 0.6767
vn -0.6071 -0.2901 0.7398
vn -0.5317 -0.2901 0.7957
vn -0.4511 -0.2901 0.8440
vn -0.3662 -0.2901 0.8842
vn -0.2778 -0.2901 0.9158
vn -0.1867 -0.2901 0.9386
vn -0.0938 -0.2901 0.9524
vn 0.0000 -0.2901 0.9570
vn 0.0938 -0.2901 0.9524
vn 0.1867 -0.2901 0.9386
vn 0.2778 -0.2901 0.9158
vn 0.3662 -0.2904 0.8841
vn 0.4511 -0.2901 0.8440
vn 0.5317 -0.2901 0.7957
vn 0.6071 -0.2901 0.7398
vn 0.6767 -0.2901 0.6767
vn 0.7398 -0.2901 0.6071
vn 0.7957 -0.2901 0.5317
vn 0.8440 -0.2901 0.4511
vn 0.8841 -0.2904 0.3662
vn 0.9158 -0.2901 0.2778
vn 0.9386 -0.2901 0.1867
vn 0.9524 -0.2901 0.0938
vn 0.9570 -0.2901 -0.0000
vn 0.9524 -0.2901 -0.0938
vn 0.9386 -0.2901 -0.1867
vn 0.9158 -0.2901 -0.2778
vn 0.8841 -0.2904 -0.3662
vn 0.8440 -0.2901 -0.4511
vn 0.7957 -0.2901 -0.5317
vn 0.7398 -0.2901 -0.6071
vn 0.6767 -0.2901 -0.6767
vn 0.6071 -0.2901 -0.7398
vn 0.5317 -0.2901 -0.7957
vn 0.4511 -0.2901 -0.8440
vn 0.3662 -0.2901 -0.8842
vn 0.2778 -0.2901 -0.9158
vn 0.1867 -0.2901 -0.9386
vn 0.0938 -0.2901 -0.9524
vn 0.0000 -0.2901 -0.9570
vn -0.0938 -0.2901 -0.9524
vn -0.1867 -0.2901 -0.9386
vn -0.2778 -0.2901 -0.9158
vn -0.3662 -0.2904 -0.8841
vn -0.4511 -0.2901 -0.8440
vn -0.5317 -0.2901 -0.7957
vn -0.6071 -0.2901 -0.7398
vn -0.6767 -0.2901 -0.6767
vn -0.7398 -0.2901 -0.6071
vn -0.7957 -0.2901 -0.5317
vn -0.8440 -0.2901 -0.4511
vn -0.8841 -0.2904 -0.3662
vn -0.9158 -0.2901 -0.2778
vn -0.9386 -0.2901 -0.1867
vn -0.9524 -0.2901 -0.0938
vn -0.9370 -0.3370 0.0923
vn -0.9415 -0.3369 0.0000
vn -0.9235 -0.3366 0.1837
vn -0.9011 -0.3366 0.2733
vn -0.8698 -0.3370 0.3603
vn -0.8304 -0.3366 0.4439
vn -0.7829 -0.3366 0.5231
vn -0.7279 -0.3366 0.5974
vn -0.6658 -0.3366 0.6658
vn -0.5973 -0.3371 0.7278
vn -0.5231 -0.3366 0.7829
vn -0.4438 -0.3370 0.8303
vn -0.3603 -0.3370 0.8698
vn -0.2733 -0.3366 0.9011
vn -0.1837 -0.3371 0.9234
vn -0.0923 -0.3366 0.9371
vn 0.0000 -0.3366 0.9416
vn 0.0923 -0.3366 0.9371
vn 0.1837 -0.3366 0.9235
vn 0.2733 -0.3366 0.9011
vn 0.3603 -0.3366 0.8700
vn 0.4439 -0.3366 0.8304
vn 0.5231 -0.3366 0.7829
vn 0.5973 -0.3371 0.7278
vn 0.6657 -0.3371 0.6657
vn 0.7279 -0.3366 0.5974
vn 0.7829 -0.3366 0.5231
vn 0.8304 -0.3366 0.4439
vn 0.8698 -0.3370 0.3603
vn 0.9011 -0.3366 0.2733
vn 0.9235 -0.3366 0.1837
vn 0.9371 -0.3366 0.0923
vn 0.9416 -0.3366 -0.0000
vn 0.9370 -0.3370 -0.0923
vn 0.9235 -0.3366 -0.1837
vn 0.9011 -0.3366 -0.2733
vn 0.8698 -0.3370 -0.3603
vn 0.8304 -0.3366 -0.4439
vn 0.7829 -0.3366 -0.5231
vn 0.7279 -0.3366 -0.5974
vn 0.6658 -0.3366 -0.6658
vn 0.5973 -0.3371 -0.7278
vn 0.5231 -0.3366 -0.7829
vn 0.4438 -0.3370 -0.8303
vn 0.3603 -0.3370 -0.8698
vn 0.2733 -0.3366 -0.9011
vn 0.1837 -0.3371 -0.9234
vn 0.0923 -0.3366 -0.9371
vn -0.0000 -0.3366 -0.9416
vn -0.0923 -0.3366 -0.9371
vn -0.1837 -0.3366 -0.9235
vn -0.2733 -0.3366 -0.9011
vn -0.3603 -0.3366 -0.8700
vn -0.4439 -0.3366 -0.8304
vn -0.5231 -0.3366 -0.7829
vn -0.5973 -0.3371 -0.7278
vn -0.6657 -0.3371 -0.6657
vn -0.7279 -0.3366 -0.5974
vn -0.7829 -0.3366 -0.5231
vn -0.8304 -0.3366 -0.4439
vn -0.8698 -0.3370 -0.3603
vn -0.9011 -0.3366 -0.2733
vn -0.9235 -0.3366 -0.1837
vn -0.9371 -0.3366 -0.0923
vn -0.9194 -0.3827 0.0906
vn -0.9239 -0.3827 0.0000
vn -0.9062 -0.3824 0.1803
vn -0.8841 -0.3827 0.2682
vn -0.8537 -0.3824 0.3536
vn -0.8149 -0.3824 0.4356
vn -0.7683 -0.3824 0.5133
vn -0.7143 -0.3824 0.5862
vn -0.6534 -0.3824 0.6534
vn -0.5862 -0.3824 0.7143
vn -0.5133 -0.3824 0.7683
vn -0.4356 -0.3824 0.8149
vn -0.3536 -0.3824 0.8537
vn -0.2682 -0.3824 0.8842
vn -0.1802 -0.3827 0.9061
vn -0.0906 -0.3824 0.9195
vn 0.0000 -0.3824 0.9240
vn 0.0906 -0.3824 0.9195
vn 0.1802 -0.3827 0.9061
vn 0.2682 -0.3824 0.8842
vn 0.3536 -0.3824 0.8537
vn 0.4355 -0.3827 0.8148
vn 0.5133 -0.3824 0.7683
vn 0.5862 -0.3824 0.7143
vn 0.6534 -0.3824 0.6534
vn 0.7143 -0.3824 0.5862
vn 0.7682 -0.3827 0.5133
vn 0.8149 -0.3824 0.4356
vn 0.8537 -0.3824 0.3536
vn 0.8842 -0.3824 0.2682
vn 0.9062 -0.3824 0.1803
vn 0.9195 -0.3824 0.0906
vn 0.9240 -0.3824 -0.0000
vn 0.9194 -0.3827 -0.0906
vn 0.9062 -0.3824 -0.1803
vn 0.8841 -0.3827 -0.2682
vn 0.8537 -0.3824 -0.3536
vn 0.8149 -0.3824 -0.4356
vn 0.7683 -0.3824 -0.5133
vn 0.7143 -0.3824 -0.5862
vn 0.6534 -0.3824 -0.6534
vn 0.5862 -0.3824 -0.7143
vn 0.5133 -0.3824 -0.7683
vn 0.4356 -0.3824 -0.8149
vn 0.3536 -0.3824 -0.8537
vn 0.2682 -0.3824 -0.8842
vn 0.1802 -0.3827 -0.9061
vn 0.0906 -0.3824 -0.9195
vn -0.0000 -0.3824 -0.9240
vn -0.0906 -0.3824 -0.9195
vn -0.1802 -0.3827 -0.9061
vn -0.2682 -0.3824 -0.8842
vn -0.3536 -0.3824 -0.8537
vn -0.4355 -0.3827 -0.8148
vn -0.5133 -0.3824 -0.7683
vn -0.5862 -0.3824 -0.7143
vn -0.6534 -0.3824 -0.6534
vn -0.7143 -0.3824 -0.5862
vn -0.7682 -0.3827 -0.5133
vn -0.8149 -0.3824 -0.4356
vn -0.8537 -0.3824 -0.3536
vn -0.8842 -0.3824 -0.2682
vn -0.9062 -0.3824 -0.1803
vn -0.9195 -0.3824 -0.0906
vn -0.8998 -0.4273 0.0886
vn -0.9040 -0.4276 0.0000
vn -0.8868 -0.4273 0.1764
vn -0.8652 -0.4273 0.2625
vn -0.8353 -0.4273 0.3460
vn -0.7972 -0.4276 0.4261
vn -0.7518 -0.4273 0.5023
vn -0.6989 -0.4273 0.5736
vn -0.6393 -0.4273 0.6393
vn -0.5736 -0.4273 0.6989
vn -0.5023 -0.4273 0.7518
vn -0.4262 -0.4273 0.7974
vn -0.3460 -0.4273 0.8353
vn -0.2624 -0.4277 0.8650
vn -0.1764 -0.4276 0.8866
vn -0.0886 -0.4273 0.8998
vn 0.0000 -0.4273 0.9041
vn 0.0886 -0.4273 0.8998
vn 0.1764 -0.4273 0.8868
vn 0.2625 -0.4273 0.8652
vn 0.3460 -0.4273 0.8353
vn 0.4261 -0.4277 0.7972
vn 0.5023 -0.4273 0.7518
vn 0.5736 -0.4273 0.6989
vn 0.6393 -0.4273 0.6393
vn 0.6989 -0.4273 0.5736
vn 0.7518 -0.4273 0.5023
vn 0.7974 -0.4273 0.4262
vn 0.8353 -0.4273 0.3460
vn 0.8651 -0.4276 0.2624
vn 0.8866 -0.4277 0.1763
vn 0.8996 -0.4276 0.0886
vn 0.9041 -0.4273 -0.0000
vn 0.8998 -0.4273 -0.0886
vn 0.8868 -0.4273 -0.1764
vn 0.8652 -0.4273 -0.2625
vn 0.8353 -0.4273 -0.3460
vn 0.7972 -0.4276 -0.4261
vn 0.7518 -0.4273 -0.5023
vn 0.6989 -0.4273 -0.5736
vn 0.6393 -0.4273 -0.6393
vn 0.5736 -0.4273 -0.6989
vn 0.5023 -0.4273 -0.7518
vn 0.4262 -0.4273 -0.7974
vn 0.3460 -0.4273 -0.8353
vn 0.2624 -0.4277 -0.8650
vn 0.1764 -0.4276 -0.8866
vn 0.0886 -0.4273 -0.8998
vn -0.0000 -0.4273 -0.9041
vn -0.0886 -0.4273 -0.8998
vn -0.1764 -0.4273 -0.8868
vn -0.2625 -0.4273 -0.8652
vn -0.3460 -0.4273 -0.8353
vn -0.4261 -0.4277 -0.7972
vn -0.5023 -0.4273 -0.7518
vn -0.5736 -0.4273 -0.6989
vn -0.6393 -0.4273 -0.6393
vn -0.6989 -0.4273 -0.5736
vn -0.7518 -0.4273 -0.5023
vn -0.7974 -0.4273 -0.4262
vn -0.8353 -0.4273 -0.3460
vn -0.8651 -0.4276 -0.2624
vn -0.8866 -0.4277 -0.1763
vn -0.8996 -0.4276 -0.0886
vn -0.8777 -0.4714 0.0864
vn -0.8819 -0.4714 -0.0000
vn -0.8649 -0.4715 0.1720
vn -0.8440 -0.4714 0.2560
vn -0.8148 -0.4714 0.3375
vn -0.7779 -0.4711 0.4158
vn -0.7334 -0.4711 0.4901
vn -0.6819 -0.4711 0.5596
vn -0.6236 -0.4715 0.6236
vn -0.5596 -0.4711 0.6819
vn -0.4901 -0.4711 0.7334
vn -0.4158 -0.4711 0.7779
vn -0.3375 -0.4715 0.8147
vn -0.2561 -0.4711 0.8441
vn -0.1721 -0.4711 0.8651
vn -0.0864 -0.4714 0.8777
vn 0.0000 -0.4711 0.8821
vn 0.0864 -0.4715 0.8776
vn 0.1721 -0.4711 0.8651
vn 0.2561 -0.4711 0.8441
vn 0.3375 -0.4715 0.8147
vn 0.4157 -0.4714 0.7778
vn 0.4900 -0.4714 0.7333
vn 0.5594 -0.4715 0.6817
vn 0.6236 -0.4715 0.6236
vn 0.6819 -0.4711 0.5596
vn 0.7334 -0.4711 0.4901
vn 0.7777 -0.4715 0.4157
vn 0.8149 -0.4711 0.3376
vn 0.8441 -0.4711 0.2561
vn 0.8649 -0.4715 0.1720
vn 0.8777 -0.4714 0.0864
vn 0.8819 -0.4714 -0.0000
vn 0.8777 -0.4714 -0.0864
vn 0.8649 -0.4715 -0.1720
vn 0.8440 -0.4714 -0.2560
vn 0.8148 -0.4714 -0.3375
vn 0.7779 -0.4711 -0.4158
vn 0.7334 -0.4711 -0.4901
vn 0.6819 -0.4711 -0.5596
vn 0.6236 -0.4715 -0.6236
vn 0.5596 -0.4711 -0.6819
vn 0.4901 -0.4711 -0.7334
vn 0.4158 -0.4711 -0.7779
vn 0.3375 -0.4715 -0.8147
vn 0.2561 -0.4711 -0.8441
vn 0.1721 -0.4711 -0.8651
vn 0.0864 -0.4714 -0.8777
vn 0.0000 -0.4711 -0.8821
vn -0.0864 -0.4715 -0.8776
vn -0.1721 -0.4711 -0.8651
vn -0.2561 -0.4711 -0.8441
vn -0.3375 -0.4715 -0.8147
vn -0.4157 -0.4714 -0.7778
vn -0.4900 -0.4714 -0.7333
vn -0.5594 -0.4715 -0.6817
vn -0.6236 -0.4715 -0.6236
vn -0.6819 -0.4711 -0.5596
vn -0.7334 -0.4711 -0.4901
vn -0.7777 -0.4715 -0.4157
vn -0.8149 -0.4711 -0.3376
vn -0.8441 -0.4711 -0.2561
vn -0.8649 -0.4715 -0.1720
vn -0.8777 -0.4714 -0.0864
vn -0.8536 -0.5141 0.0841
vn -0.8577 -0.5141 0.0000
vn -0.8413 -0.5141 0.1673
vn -0.8208 -0.5141 0.2490
vn -0.7926 -0.5138 0.3283
vn -0.7566 -0.5138 0.4044
vn -0.7132 -0.5141 0.4765
vn -0.6632 -0.5138 0.5443
vn -0.6066 -0.5138 0.6066
vn -0.5443 -0.5138 0.6632
vn -0.4765 -0.5142 0.7131
vn -0.4043 -0.5141 0.7565
vn -0.3283 -0.5138 0.7926
vn -0.2490 -0.5138 0.8210
vn -0.1674 -0.5138 0.8414
vn -0.0841 -0.5141 0.8536
vn -0.0000 -0.5142 0.8577
vn 0.0841 -0.5138 0.8538
vn 0.1674 -0.5138 0.8414
vn 0.2490 -0.5138 0.8210
vn 0.3283 -0.5138 0.7926
vn 0.4044 -0.5138 0.7566
vn 0.4765 -0.5141 0.7132
vn 0.5443 -0.5138 0.6632
vn 0.6066 -0.5138 0.6066
vn 0.6632 -0.5138 0.5443
vn 0.7131 -0.5142 0.4765
vn 0.7566 -0.5138 0.4044
vn 0.7926 -0.5138 0.3283
vn 0.8210 -0.5138 0.2490
vn 0.8413 -0.5141 0.1673
vn 0.8536 -0.5141 0.0841
vn 0.8578 -0.5141 0.0000
vn 0.8536 -0.5141 -0.0841
vn 0.8413 -0.5141 -0.1673
vn 0.8208 -0.5141 -0.2490
vn 0.7926 -0.5138 -0.3283
vn 0.7566 -0.5138 -0.4044
vn 0.7132 -0.5141 -0.4765
vn 0.6632 -0.5138 -0.5443
vn 0.6066 -0.5138 -0.6066
vn 0.5443 -0.5138 -0.6632
vn 0.4765 -0.5142 -0.7131
vn 0.4043 -0.5141 -0.7565
vn 0.3283 -0.5138 -0.7926
vn 0.2490 -0.5138 -0.8210
vn 0.1674 -0.5138 -0.8414
vn 0.0841 -0.5141 -0.8536
vn -0.0000 -0.5142 -0.8577
vn -0.0841 -0.5138 -0.8538
vn -0.1674 -0.5138 -0.8414
vn -0.2490 -0.5138 -0.8210
vn -0.3283 -0.5138 -0.7926
vn -0.4044 -0.5138 -0.7566
vn -0.4765 -0.5141 -0.7132
vn -0.5443 -0.5138 -0.6632
vn -0.6066 -0.5138 -0.6066
vn -0.6632 -0.5138 -0.5443
vn -0.7131 -0.5142 -0.4765
vn -0.7566 -0.5138 -0.4044
vn -0.7926 -0.5138 -0.3283
vn -0.8210 -0.5138 -0.2490
vn -0.8413 -0.5141 -0.1673
vn -0.8536 -0.5141 -0.0841
vn -0.8275 -0.5555 0.0815
vn -0.8315 -0.5556 -0.0000
vn -0.8155 -0.5555 0.1622
vn -0.7959 -0.5552 0.2414
vn -0.7684 -0.5552 0.3183
vn -0.7333 -0.5555 0.3920
vn -0.6914 -0.5555 0.4620
vn -0.6429 -0.5552 0.5276
vn -0.5881 -0.5552 0.5881
vn -0.5276 -0.5552 0.6429
vn -0.4621 -0.5552 0.6915
vn -0.3921 -0.5552 0.7335
vn -0.3183 -0.5552 0.7684
vn -0.2414 -0.5552 0.7959
vn -0.1623 -0.5552 0.8157
vn -0.0815 -0.5555 0.8275
vn 0.0000 -0.5552 0.8317
vn 0.0815 -0.5552 0.8277
vn 0.1623 -0.5552 0.8157
vn 0.2414 -0.5556 0.7956
vn 0.3182 -0.5556 0.7681
vn 0.3921 -0.5552 0.7335
vn 0.4621 -0.5552 0.6915
vn 0.5276 -0.5552 0.6429
vn 0.5881 -0.5552 0.5881
vn 0.6429 -0.5552 0.5276
vn 0.6914 -0.5555 0.4620
vn 0.7335 -0.5552 0.3921
vn 0.7684 -0.5552 0.3183
vn 0.7959 -0.5552 0.2414
vn 0.8157 -0.5552 0.1623
vn 0.8275 -0.5555 0.0815
vn 0.8315 -0.5555 -0.0000
vn 0.8275 -0.5555 -0.0815
vn 0.8155 -0.5555 -0.1622
vn 0.7959 -0.5552 -0.2414
vn 0.7684 -0.5552 -0.3183
vn 0.7333 -0.5555 -0.3920
vn 0.6914 -0.5555 -0.4620
vn 0.6429 -0.5552 -0.5276
vn 0.5881 -0.5552 -0.5881
vn 0.5276 -0.5552 -0.6429
vn 0.4621 -0.5552 -0.6915
vn 0.3921 -0.5552 -0.7335
vn 0.3183 -0.5552 -0.7684
vn 0.2414 -0.5552 -0.7959
vn 0.1623 -0.5552 -0.8157
vn 0.0815 -0.5555 -0.8275
vn 0.0000 -0.5552 -0.8317
vn -0.0815 -0.5552 -0.8277
vn -0.1623 -0.5552 -0.8157
vn -0.2414 -0.5556 -0.7956
vn -0.3182 -0.5556 -0.7681
vn -0.3921 -0.5552 -0.7335
vn -0.4621 -0.5552 -0.6915
vn -0.5276 -0.5552 -0.6429
vn -0.5881 -0.5552 -0.5881
vn -0.6429 -0.5552 -0.5276
vn -0.6914 -0.5555 -0.4620
vn -0.7335 -0.5552 -0.3921
vn -0.7684 -0.5552 -0.3183
vn -0.7959 -0.5552 -0.2414
vn -0.8157 -0.5552 -0.1623
vn -0.8275 -0.5555 -0.0815
vn -0.7993 -0.5957 0.0787
vn -0.8032 -0.5957 -0.0000
vn -0.7878 -0.5956 0.1567
vn -0.7686 -0.5957 0.2332
vn -0.7420 -0.5958 0.3073
vn -0.7083 -0.5957 0.3786
vn -0.6678 -0.5958 0.4462
vn -0.6209 -0.5957 0.5095
vn -0.5679 -0.5957 0.5679
vn -0.5095 -0.5958 0.6208
vn -0.4462 -0.5957 0.6678
vn -0.3786 -0.5957 0.7083
vn -0.3074 -0.5957 0.7420
vn -0.2332 -0.5957 0.7686
vn -0.1567 -0.5956 0.7878
vn -0.0787 -0.5956 0.7994
vn -0.0000 -0.5958 0.8031
vn 0.0787 -0.5957 0.7993
vn 0.1568 -0.5953 0.7880
vn 0.2332 -0.5957 0.7686
vn 0.3074 -0.5957 0.7420
vn 0.3786 -0.5957 0.7083
vn 0.4462 -0.5957 0.6678
vn 0.5095 -0.5957 0.6209
vn 0.5680 -0.5956 0.5680
vn 0.6209 -0.5957 0.5095
vn 0.6678 -0.5957 0.4462
vn 0.7086 -0.5953 0.3788
vn 0.7420 -0.5957 0.3074
vn 0.7685 -0.5958 0.2331
vn 0.7880 -0.5953 0.1568
vn 0.7996 -0.5953 0.0788
vn 0.8031 -0.5958 0.0000
vn 0.7993 -0.5957 -0.0787
vn 0.7878 -0.5956 -0.1567
vn 0.7686 -0.5957 -0.2332
vn 0.7420 -0.5958 -0.3073
vn 0.7083 -0.5957 -0.3786
vn 0.6678 -0.5958 -0.4462
vn 0.6209 -0.5957 -0.5095
vn 0.5679 -0.5957 -0.5679
vn 0.5095 -0.5958 -0.6208
vn 0.4462 -0.5957 -0.6678
vn 0.3786 -0.5957 -0.7083
vn 0.3074 -0.5957 -0.7420
vn 0.2332 -0.5957 -0.7686
vn 0.1567 -0.5956 -0.7878
vn 0.0787 -0.5956 -0.7994
vn 0.0000 -0.5958 -0.8031
vn -0.0787 -0.5957 -0.7993
vn -0.1568 -0.5953 -0.7880
vn -0.2332 -0.5957 -0.7686
vn -0.3074 -0.5957 -0.7420
vn -0.3786 -0.5957 -0.7083
vn -0.4462 -0.5957 -0.6678
vn -0.5095 -0.5957 -0.6209
vn -0.5680 -0.5956 -0.5680
vn -0.6209 -0.5957 -0.5095
vn -0.6678 -0.5957 -0.4462
vn -0.7086 -0.5953 -0.3788
vn -0.7420 -0.5957 -0.3074
vn -0.7685 -0.5958 -0.2331
vn -0.7880 -0.5953 -0.1568
vn -0.7996 -0.5953 -0.0788
vn -0.7696 -0.6340 0.0758
vn -0.7730 -0.6344 0.0000
vn -0.7585 -0.6340 0.1509
vn -0.7400 -0.6340 0.2245
vn -0.7145 -0.6340 0.2959
vn -0.6820 -0.6340 0.3645
vn -0.6427 -0.6344 0.4295
vn -0.5978 -0.6340 0.4906
vn -0.5466 -0.6344 0.5466
vn -0.4906 -0.6340 0.5978
vn -0.4296 -0.6340 0.6430
vn -0.3645 -0.6340 0.6820
vn -0.2958 -0.6344 0.7142
vn -0.2245 -0.6340 0.7400
vn -0.1509 -0.6340 0.7585
vn -0.0758 -0.6340 0.7696
vn 0.0000 -0.6343 0.7731
vn 0.0758 -0.6340 0.7696
vn 0.1509 -0.6340 0.7585
vn 0.2245 -0.6340 0.7400
vn 0.2959 -0.6343 0.7143
vn 0.3645 -0.6340 0.6820
vn 0.4295 -0.6344 0.6427
vn 0.4906 -0.6340 0.5978
vn 0.5466 -0.6344 0.5466
vn 0.5976 -0.6343 0.4904
vn 0.6427 -0.6345 0.4294
vn 0.6820 -0.6340 0.3645
vn 0.7142 -0.6344 0.2958
vn 0.7400 -0.6340 0.2245
vn 0.7585 -0.6340 0.1509
vn 0.7696 -0.6340 0.0758
vn 0.7731 -0.6343 -0.0000
vn 0.7696 -0.6340 -0.0758
vn 0.7585 -0.6340 -0.1509
vn 0.7400 -0.6340 -0.2245
vn 0.7145 -0.6340 -0.2959
vn 0.6820 -0.6340 -0.3645
vn 0.6427 -0.6344 -0.4295
vn 0.5978 -0.6340 -0.4906
vn 0.5466 -0.6344 -0.5466
vn 0.4906 -0.6340 -0.5978
vn 0.4296 -0.6340 -0.6430
vn 0.3645 -0.6340 -0.6820
vn 0.2958 -0.6344 -0.7142
vn 0.2245 -0.6340 -0.7400
vn 0.1509 -0.6340 -0.7585
vn 0.0758 -0.6340 -0.7696
vn -0.0000 -0.6343 -0.7731
vn -0.0758 -0.6340 -0.7696
vn -0.1509 -0.6340 -0.7585
vn -0.2245 -0.6340 -0.7400
vn -0.2959 -0.6343 -0.7143
vn -0.3645 -0.6340 -0.6820
vn -0.4295 -0.6344 -0.6427
vn -0.4906 -0.6340 -0.5978
vn -0.5466 -0.6344 -0.5466
vn -0.5976 -0.6343 -0.4904
vn -0.6427 -0.6345 -0.4294
vn -0.6820 -0.6340 -0.3645
vn -0.7142 -0.6344 -0.2958
vn -0.7400 -0.6340 -0.2245
vn -0.7585 -0.6340 -0.1509
vn -0.7696 -0.6340 -0.0758
vn -0.7374 -0.6715 0.0726
vn -0.7409 -0.6716 -0.0000
vn -0.7267 -0.6715 0.1446
vn -0.7091 -0.6715 0.2151
vn -0.6846 -0.6715 0.2836
vn -0.6536 -0.6714 0.3493
vn -0.6161 -0.6715 0.4117
vn -0.5727 -0.6716 0.4700
vn -0.5239 -0.6716 0.5239
vn -0.4701 -0.6715 0.5728
vn -0.4117 -0.6714 0.6162
vn -0.3493 -0.6714 0.6536
vn -0.2836 -0.6715 0.6846
vn -0.2151 -0.6716 0.7090
vn -0.1446 -0.6715 0.7267
vn -0.0726 -0.6715 0.7374
vn -0.0000 -0.6715 0.7410
vn 0.0726 -0.6714 0.7375
vn 0.1446 -0.6712 0.7271
vn 0.2151 -0.6715 0.7091
vn 0.2836 -0.6715 0.6846
vn 0.3493 -0.6715 0.6535
vn 0.4117 -0.6715 0.6161
vn 0.4701 -0.6715 0.5728
vn 0.5239 -0.6715 0.5239
vn 0.5728 -0.6715 0.4701
vn 0.6161 -0.6715 0.4117
vn 0.6535 -0.6715 0.3493
vn 0.6846 -0.6715 0.2836
vn 0.7091 -0.6715 0.2151
vn 0.7268 -0.6714 0.1446
vn 0.7375 -0.6714 0.0726
vn 0.7410 -0.6715 0.0000
vn 0.7374 -0.6715 -0.0726
vn 0.7267 -0.6715 -0.1446
vn 0.7091 -0.6715 -0.2151
vn 0.6846 -0.6715 -0.2836
vn 0.6536 -0.6714 -0.3493
vn 0.6161 -0.6715 -0.4117
vn 0.5727 -0.6716 -0.4700
vn 0.5239 -0.6716 -0.5239
vn 0.4701 -0.6715 -0.5728
vn 0.4117 -0.6714 -0.6162
vn 0.3493 -0.6714 -0.6536
vn 0.2836 -0.6715 -0.6846
vn 0.2151 -0.6716 -0.7090
vn 0.1446 -0.6715 -0.7267
vn 0.0726 -0.6715 -0.7374
vn -0.0000 -0.6715 -0.7410
vn -0.0726 -0.6714 -0.7375
vn -0.1446 -0.6712 -0.7271
vn -0.2151 -0.6715 -0.7091
vn -0.2836 -0.6715 -0.6846
vn -0.3493 -0.6715 -0.6535
vn -0.4117 -0.6715 -0.6161
vn -0.4701 -0.6715 -0.5728
vn -0.5239 -0.6715 -0.5239
vn -0.5728 -0.6715 -0.4701
vn -0.6161 -0.6715 -0.4117
vn -0.6535 -0.6715 -0.3493
vn -0.6846 -0.6715 -0.2836
vn -0.7091 -0.6715 -0.2151
vn -0.7268 -0.6714 -0.1446
vn -0.7375 -0.6714 -0.0726
vn -0.7410 -0.6716 0.0000
vn -0.7041 -0.7067 0.0693
vn -0.7071 -0.7071 -0.0000
vn -0.6936 -0.7071 0.1380
vn -0.6767 -0.7071 0.2053
vn -0.6533 -0.7071 0.2706
vn -0.6236 -0.7071 0.3333
vn -0.5883 -0.7067 0.3931
vn -0.5467 -0.7070 0.4487
vn -0.5000 -0.7071 0.5000
vn -0.4488 -0.7067 0.5469
vn -0.3929 -0.7070 0.5881
vn -0.3333 -0.7071 0.6236
vn -0.2707 -0.7067 0.6536
vn -0.2054 -0.7067 0.6770
vn -0.1380 -0.7067 0.6939
vn -0.0693 -0.7071 0.7037
vn -0.0000 -0.7067 0.7075
vn 0.0693 -0.7067 0.7041
vn 0.1380 -0.7071 0.6936
vn 0.2053 -0.7071 0.6767
vn 0.2707 -0.7070 0.6534
vn 0.3333 -0.7071 0.6236
vn 0.3931 -0.7067 0.5883
vn 0.4488 -0.7067 0.5469
vn 0.5000 -0.7071 0.5000
vn 0.5466 -0.7071 0.4486
vn 0.5883 -0.7067 0.3931
vn 0.6236 -0.7071 0.3333
vn 0.6533 -0.7071 0.2706
vn 0.6767 -0.7071 0.2053
vn 0.6937 -0.7070 0.1380
vn 0.7041 -0.7067 0.0693
vn 0.7072 -0.7070 -0.0000
vn 0.7041 -0.7067 -0.0693
vn 0.6936 -0.7071 -0.1380
vn 0.6767 -0.7071 -0.2053
vn 0.6533 -0.7071 -0.2706
vn 0.6236 -0.7071 -0.3333
vn 0.5883 -0.7067 -0.3931
vn 0.5467 -0.7070 -0.4487
vn 0.5000 -0.7071 -0.5000
vn 0.4488 -0.7067 -0.5469
vn 0.3929 -0.7070 -0.5881
vn 0.3333 -0.7071 -0.6236
vn 0.2707 -0.7067 -0.6536
vn 0.2054 -0.7067 -0.6770
vn 0.1380 -0.7067 -0.6939
vn 0.0693 -0.7071 -0.7037
vn 0.0000 -0.7067 -0.7075
vn -0.0693 -0.7067 -0.7041
vn -0.1380 -0.7071 -0.6936
vn -0.2053 -0.7071 -0.6767
vn -0.2707 -0.7070 -0.6534
vn -0.3333 -0.7071 -0.6236
vn -0.3931 -0.7067 -0.5883
vn -0.4488 -0.7067 -0.5469
vn -0.5000 -0.7071 -0.5000
vn -0.5466 -0.7071 -0.4486
vn -0.5883 -0.7067 -0.3931
vn -0.6236 -0.7071 -0.3333
vn -0.6533 -0.7071 -0.2706
vn -0.6767 -0.7071 -0.2053
vn -0.6937 -0.7070 -0.1380
vn -0.7041 -0.7067 -0.0693
vn -0.6687 -0.7406 0.0659
vn -0.6716 -0.7409 0.0000
vn -0.6588 -0.7408 0.1310
vn -0.6430 -0.7406 0.1951
vn -0.6204 -0.7410 0.2570
vn -0.5923 -0.7409 0.3166
vn -0.5585 -0.7408 0.3732
vn -0.5192 -0.7409 0.4261
vn -0.4752 -0.7406 0.4752
vn -0.4261 -0.7409 0.5192
vn -0.3731 -0.7409 0.5584
vn -0.3168 -0.7406 0.5926
vn -0.2572 -0.7406 0.6208
vn -0.1950 -0.7409 0.6427
vn -0.1310 -0.7409 0.6587
vn -0.0658 -0.7409 0.6684
vn -0.0000 -0.7409 0.6716
vn 0.0658 -0.7409 0.6684
vn 0.1310 -0.7409 0.6587
vn 0.1951 -0.7406 0.6430
vn 0.2570 -0.7409 0.6205
vn 0.3168 -0.7406 0.5926
vn 0.3733 -0.7406 0.5587
vn 0.4261 -0.7409 0.5192
vn 0.4752 -0.7406 0.4752
vn 0.5192 -0.7409 0.4261
vn 0.5585 -0.7408 0.3732
vn 0.5926 -0.7406 0.3168
vn 0.6206 -0.7408 0.2571
vn 0.6427 -0.7409 0.1950
vn 0.6588 -0.7408 0.1310
vn 0.6683 -0.7410 0.0658
vn 0.6717 -0.7408 0.0000
vn 0.6687 -0.7406 -0.0659
vn 0.6588 -0.7408 -0.1310
vn 0.6430 -0.7406 -0.1951
vn 0.6204 -0.7410 -0.2570
vn 0.5923 -0.7409 -0.3166
vn 0.5585 -0.7408 -0.3732
vn 0.5192 -0.7409 -0.4261
vn 0.4752 -0.7406 -0.4752
vn 0.4261 -0.7409 -0.5192
vn 0.3731 -0.7409 -0.5584
vn 0.3168 -0.7406 -0.5926
vn 0.2572 -0.7406 -0.6208
vn 0.1950 -0.7409 -0.6427
vn 0.1310 -0.7409 -0.6587
vn 0.0658 -0.7409 -0.6684
vn 0.0000 -0.7409 -0.6716
vn -0.0658 -0.7409 -0.6684
vn -0.1310 -0.7409 -0.6587
vn -0.1951 -0.7406 -0.6430
vn -0.2570 -0.7409 -0.6205
vn -0.3168 -0.7406 -0.5926
vn -0.3733 -0.7406 -0.5587
vn -0.4261 -0.7409 -0.5192
vn -0.4752 -0.7406 -0.4752
vn -0.5192 -0.7409 -0.4261
vn -0.5585 -0.7408 -0.3732
vn -0.5926 -0.7406 -0.3168
vn -0.6206 -0.7408 -0.2571
vn -0.6427 -0.7409 -0.1950
vn -0.6588 -0.7408 -0.1310
vn -0.6683 -0.7410 -0.0658
vn -0.6716 -0.7410 0.0000
vn -0.6314 -0.7729 0.0622
vn -0.6344 -0.7730 -0.0000
vn -0.6227 -0.7726 0.1239
vn -0.6071 -0.7730 0.1842
vn -0.5860 -0.7731 0.2427
vn -0.5596 -0.7729 0.2991
vn -0.5275 -0.7730 0.3525
vn -0.4903 -0.7731 0.4024
vn -0.4486 -0.7729 0.4486
vn -0.4025 -0.7729 0.4905
vn -0.3524 -0.7731 0.5274
vn -0.2991 -0.7729 0.5596
vn -0.2428 -0.7729 0.5862
vn -0.1842 -0.7729 0.6073
vn -0.1238 -0.7729 0.6224
vn -0.0622 -0.7730 0.6313
vn -0.0000 -0.7730 0.6344
vn 0.0622 -0.7729 0.6314
vn 0.1239 -0.7726 0.6227
vn 0.1841 -0.7731 0.6070
vn 0.2427 -0.7731 0.5860
vn 0.2991 -0.7729 0.5596
vn 0.3524 -0.7731 0.5274
vn 0.4025 -0.7730 0.4904
vn 0.4486 -0.7730 0.4486
vn 0.4905 -0.7729 0.4025
vn 0.5274 -0.7731 0.3524
vn 0.5599 -0.7726 0.2993
vn 0.5862 -0.7729 0.2428
vn 0.6071 -0.7730 0.1842
vn 0.6227 -0.7726 0.1239
vn 0.6313 -0.7731 0.0622
vn 0.6343 -0.7731 0.0000
vn 0.6314 -0.7729 -0.0622
vn 0.6227 -0.7726 -0.1239
vn 0.6071 -0.7730 -0.1842
vn 0.5860 -0.7731 -0.2427
vn 0.5596 -0.7729 -0.2991
vn 0.5275 -0.7730 -0.3525
vn 0.4903 -0.7731 -0.4024
vn 0.4486 -0.7729 -0.4486
vn 0.4025 -0.7729 -0.4905
vn 0.3524 -0.7731 -0.5274
vn 0.2991 -0.7729 -0.5596
vn 0.2428 -0.7729 -0.5862
vn 0.1842 -0.7729 -0.6073
vn 0.1238 -0.7729 -0.6224
vn 0.0622 -0.7730 -0.6313
vn -0.0000 -0.7730 -0.6344
vn -0.0622 -0.7729 -0.6314
vn -0.1239 -0.7726 -0.6227
vn -0.1841 -0.7731 -0.6070
vn -0.2427 -0.7731 -0.5860
vn -0.2991 -0.7729 -0.5596
vn -0.3524 -0.7731 -0.5274
vn -0.4025 -0.7730 -0.4904
vn -0.4486 -0.7730 -0.4486
vn -0.4905 -0.7729 -0.4025
vn -0.5274 -0.7731 -0.3524
vn -0.5599 -0.7726 -0.2993
vn -0.5862 -0.7729 -0.2428
vn -0.6071 -0.7730 -0.1842
vn -0.6227 -0.7726 -0.1239
vn -0.6313 -0.7731 -0.0622
vn -0.5928 -0.8032 0.0584
vn -0.5957 -0.8032 -0.0000
vn -0.5842 -0.8032 0.1162
vn -0.5700 -0.8032 0.1729
vn -0.5506 -0.8030 0.2280
vn -0.5253 -0.8032 0.2808
vn -0.4954 -0.8031 0.3310
vn -0.4609 -0.8028 0.3782
vn -0.4212 -0.8032 0.4212
vn -0.3780 -0.8031 0.4606
vn -0.3312 -0.8028 0.4957
vn -0.2808 -0.8032 0.5253
vn -0.2279 -0.8032 0.5503
vn -0.1730 -0.8031 0.5701
vn -0.1162 -0.8031 0.5844
vn -0.0584 -0.8032 0.5928
vn 0.0000 -0.8033 0.5956
vn 0.0584 -0.8031 0.5929
vn 0.1162 -0.8031 0.5844
vn 0.1730 -0.8031 0.5701
vn 0.2280 -0.8031 0.5504
vn 0.2807 -0.8033 0.5252
vn 0.3309 -0.8032 0.4953
vn 0.3782 -0.8028 0.4609
vn 0.4211 -0.8033 0.4211
vn 0.4607 -0.8030 0.3780
vn 0.4955 -0.8030 0.3311
vn 0.5254 -0.8032 0.2808
vn 0.5506 -0.8030 0.2280
vn 0.5701 -0.8031 0.1730
vn 0.5844 -0.8031 0.1162
vn 0.5929 -0.8032 0.0584
vn 0.5958 -0.8031 -0.0000
vn 0.5928 -0.8032 -0.0584
vn 0.5842 -0.8032 -0.1162
vn 0.5700 -0.8032 -0.1729
vn 0.5506 -0.8030 -0.2280
vn 0.5253 -0.8032 -0.2808
vn 0.4954 -0.8031 -0.3310
vn 0.4609 -0.8028 -0.3782
vn 0.4212 -0.8032 -0.4212
vn 0.3780 -0.8031 -0.4606
vn 0.3312 -0.8028 -0.4957
vn 0.2808 -0.8032 -0.5253
vn 0.2279 -0.8032 -0.5503
vn 0.1730 -0.8031 -0.5701
vn 0.1162 -0.8031 -0.5844
vn 0.0584 -0.8032 -0.5928
vn -0.0000 -0.8033 -0.5956
vn -0.0584 -0.8031 -0.5929
vn -0.1162 -0.8031 -0.5844
vn -0.1730 -0.8031 -0.5701
vn -0.2280 -0.8031 -0.5504
vn -0.2807 -0.8033 -0.5252
vn -0.3309 -0.8032 -0.4953
vn -0.3782 -0.8028 -0.4609
vn -0.4211 -0.8033 -0.4211
vn -0.4607 -0.8030 -0.3780
vn -0.4955 -0.8030 -0.3311
vn -0.5254 -0.8032 -0.2808
vn -0.5506 -0.8030 -0.2280
vn -0.5701 -0.8031 -0.1730
vn -0.5844 -0.8031 -0.1162
vn -0.5929 -0.8032 -0.0584
vn -0.5531 -0.8313 0.0545
vn -0.5556 -0.8315 -0.0000
vn -0.5450 -0.8314 0.1084
vn -0.5318 -0.8314 0.1613
vn -0.5132 -0.8315 0.2126
vn -0.4901 -0.8314 0.2620
vn -0.4620 -0.8314 0.3087
vn -0.4295 -0.8314 0.3525
vn -0.3929 -0.8314 0.3929
vn -0.3524 -0.8315 0.4294
vn -0.3087 -0.8314 0.4620
vn -0.2621 -0.8311 0.4904
vn -0.2126 -0.8314 0.5133
vn -0.1613 -0.8314 0.5317
vn -0.1084 -0.8314 0.5450
vn -0.0545 -0.8314 0.5530
vn 0.0000 -0.8314 0.5557
vn 0.0545 -0.8315 0.5529
vn 0.1084 -0.8314 0.5450
vn 0.1613 -0.8314 0.5318
vn 0.2126 -0.8315 0.5132
vn 0.2620 -0.8313 0.4902
vn 0.3090 -0.8311 0.4624
vn 0.3525 -0.8314 0.4296
vn 0.3930 -0.8313 0.3930
vn 0.4296 -0.8314 0.3525
vn 0.4621 -0.8313 0.3088
vn 0.4901 -0.8314 0.2620
vn 0.5133 -0.8314 0.2126
vn 0.5318 -0.8314 0.1613
vn 0.5449 -0.8314 0.1084
vn 0.5530 -0.8314 0.0545
vn 0.5555 -0.8315 0.0000
vn 0.5531 -0.8313 -0.0545
vn 0.5450 -0.8314 -0.1084
vn 0.5318 -0.8314 -0.1613
vn 0.5132 -0.8315 -0.2126
vn 0.4901 -0.8314 -0.2620
vn 0.4620 -0.8314 -0.3087
vn 0.4295 -0.8314 -0.3525
vn 0.3929 -0.8314 -0.3929
vn 0.3524 -0.8315 -0.4294
vn 0.3087 -0.8314 -0.4620
vn 0.2621 -0.8311 -0.4904
vn 0.2126 -0.8314 -0.5133
vn 0.1613 -0.8314 -0.5317
vn 0.1084 -0.8314 -0.5450
vn 0.0545 -0.8314 -0.5530
vn 0.0000 -0.8314 -0.5557
vn -0.0545 -0.8315 -0.5529
vn -0.1084 -0.8314 -0.5450
vn -0.1613 -0.8314 -0.5318
vn -0.2126 -0.8315 -0.5132
vn -0.2620 -0.8313 -0.4902
vn -0.3090 -0.8311 -0.4624
vn -0.3525 -0.8314 -0.4296
vn -0.3930 -0.8313 -0.3930
vn -0.4296 -0.8314 -0.3525
vn -0.4621 -0.8313 -0.3088
vn -0.4901 -0.8314 -0.2620
vn -0.5133 -0.8314 -0.2126
vn -0.5318 -0.8314 -0.1613
vn -0.5449 -0.8314 -0.1084
vn -0.5530 -0.8314 -0.0545
vn -0.5122 -0.8574 0.0504
vn -0.5141 -0.8577 -0.0000
vn -0.5043 -0.8577 0.1003
vn -0.4919 -0.8577 0.1492
vn -0.4755 -0.8574 0.1970
vn -0.4539 -0.8574 0.2426
vn -0.4276 -0.8576 0.2857
vn -0.3975 -0.8576 0.3262
vn -0.3636 -0.8577 0.3636
vn -0.3262 -0.8577 0.3975
vn -0.2856 -0.8578 0.4274
vn -0.2426 -0.8574 0.4539
vn -0.1970 -0.8574 0.4755
vn -0.1493 -0.8576 0.4921
vn -0.1003 -0.8577 0.5043
vn -0.0504 -0.8574 0.5122
vn 0.0000 -0.8577 0.5141
vn 0.0504 -0.8576 0.5119
vn 0.1003 -0.8577 0.5042
vn 0.1492 -0.8577 0.4919
vn 0.1970 -0.8574 0.4755
vn 0.2426 -0.8574 0.4539
vn 0.2857 -0.8577 0.4275
vn 0.3262 -0.8577 0.3975
vn 0.3636 -0.8577 0.3636
vn 0.3975 -0.8577 0.3262
vn 0.4275 -0.8577 0.2857
vn 0.4539 -0.8574 0.2426
vn 0.4755 -0.8574 0.1970
vn 0.4920 -0.8577 0.1493
vn 0.5044 -0.8576 0.1003
vn 0.5122 -0.8574 0.0504
vn 0.5141 -0.8577 -0.0000
vn 0.5122 -0.8574 -0.0504
vn 0.5043 -0.8577 -0.1003
vn 0.4919 -0.8577 -0.1492
vn 0.4755 -0.8574 -0.1970
vn 0.4539 -0.8574 -0.2426
vn 0.4276 -0.8576 -0.2857
vn 0.3975 -0.8576 -0.3262
vn 0.3636 -0.8577 -0.3636
vn 0.3262 -0.8577 -0.3975
vn 0.2856 -0.8578 -0.4274
vn 0.2426 -0.8574 -0.4539
vn 0.1970 -0.8574 -0.4755
vn 0.1493 -0.8576 -0.4921
vn 0.1003 -0.8577 -0.5043
vn 0.0504 -0.8574 -0.5122
vn -0.0000 -0.8577 -0.5141
vn -0.0504 -0.8576 -0.5119
vn -0.1003 -0.8577 -0.5042
vn -0.1492 -0.8577 -0.4919
vn -0.1970 -0.8574 -0.4755
vn -0.2426 -0.8574 -0.4539
vn -0.2857 -0.8577 -0.4275
vn -0.3262 -0.8577 -0.3975
vn -0.3636 -0.8577 -0.3636
vn -0.3975 -0.8577 -0.3262
vn -0.4275 -0.8577 -0.2857
vn -0.4539 -0.8574 -0.2426
vn -0.4755 -0.8574 -0.1970
vn -0.4920 -0.8577 -0.1493
vn -0.5044 -0.8576 -0.1003
vn -0.5122 -0.8574 -0.0504
vn -0.4692 -0.8819 0.0462
vn -0.4714 -0.8819 -0.0000
vn -0.4624 -0.8819 0.0920
vn -0.4512 -0.8819 0.1369
vn -0.4355 -0.8819 0.1804
vn -0.4158 -0.8819 0.2223
vn -0.3919 -0.8819 0.2619
vn -0.3645 -0.8819 0.2991
vn -0.3334 -0.8819 0.3334
vn -0.2990 -0.8819 0.3644
vn -0.2619 -0.8819 0.3920
vn -0.2223 -0.8818 0.4159
vn -0.1804 -0.8819 0.4355
vn -0.1368 -0.8819 0.4511
vn -0.0920 -0.8819 0.4624
vn -0.0462 -0.8819 0.4691
vn 0.0000 -0.8819 0.4715
vn 0.0462 -0.8820 0.4690
vn 0.0920 -0.8819 0.4624
vn 0.1368 -0.8820 0.4510
vn 0.1804 -0.8819 0.4356
vn 0.2223 -0.8818 0.4159
vn 0.2618 -0.8820 0.3919
vn 0.2991 -0.8819 0.3645
vn 0.3333 -0.8819 0.3333
vn 0.3644 -0.8819 0.2990
vn 0.3920 -0.8819 0.2619
vn 0.4159 -0.8818 0.2223
vn 0.4356 -0.8819 0.1804
vn 0.4511 -0.8819 0.1368
vn 0.4624 -0.8819 0.0920
vn 0.4691 -0.8819 0.0462
vn 0.4714 -0.8819 0.0000
vn 0.4692 -0.8819 -0.0462
vn 0.4624 -0.8819 -0.0920
vn 0.4512 -0.8819 -0.1369
vn 0.4355 -0.8819 -0.1804
vn 0.4158 -0.8819 -0.2223
vn 0.3919 -0.8819 -0.2619
vn 0.3645 -0.8819 -0.2991
vn 0.3334 -0.8819 -0.3334
vn 0.2990 -0.8819 -0.3644
vn 0.2619 -0.8819 -0.3920
vn 0.2223 -0.8818 -0.4159
vn 0.1804 -0.8819 -0.4355
vn 0.1368 -0.8819 -0.4511
vn 0.0920 -0.8819 -0.4624
vn 0.0462 -0.8819 -0.4691
vn -0.0000 -0.8819 -0.4715
vn -0.0462 -0.8820 -0.4690
vn -0.0920 -0.8819 -0.4624
vn -0.1368 -0.8820 -0.4510
vn -0.1804 -0.8819 -0.4356
vn -0.2223 -0.8818 -0.4159
vn -0.2618 -0.8820 -0.3919
vn -0.2991 -0.8819 -0.3645
vn -0.3333 -0.8819 -0.3333
vn -0.3644 -0.8819 -0.2990
vn -0.3920 -0.8819 -0.2619
vn -0.4159 -0.8818 -0.2223
vn -0.4356 -0.8819 -0.1804
vn -0.4511 -0.8819 -0.1368
vn -0.4624 -0.8819 -0.0920
vn -0.4691 -0.8819 -0.0462
vn -0.4255 -0.9040 0.0419
vn -0.4276 -0.9040 0.0000
vn -0.4193 -0.9040 0.0834
vn -0.4093 -0.9039 0.1242
vn -0.3951 -0.9039 0.1637
vn -0.3772 -0.9039 0.2016
vn -0.3555 -0.9040 0.2375
vn -0.3306 -0.9039 0.2713
vn -0.3023 -0.9040 0.3023
vn -0.2712 -0.9040 0.3304
vn -0.2376 -0.9039 0.3557
vn -0.2016 -0.9040 0.3771
vn -0.1636 -0.9040 0.3949
vn -0.1242 -0.9039 0.4093
vn -0.0834 -0.9040 0.4192
vn -0.0419 -0.9040 0.4255
vn -0.0000 -0.9040 0.4276
vn 0.0419 -0.9039 0.4256
vn 0.0834 -0.9039 0.4194
vn 0.1241 -0.9040 0.4091
vn 0.1636 -0.9040 0.3949
vn 0.2016 -0.9039 0.3772
vn 0.2376 -0.9039 0.3556
vn 0.2713 -0.9039 0.3306
vn 0.3025 -0.9039 0.3025
vn 0.3306 -0.9039 0.2714
vn 0.3557 -0.9039 0.2376
vn 0.3772 -0.9039 0.2016
vn 0.3949 -0.9040 0.1636
vn 0.4093 -0.9039 0.1242
vn 0.4195 -0.9039 0.0834
vn 0.4254 -0.9040 0.0419
vn 0.4276 -0.9040 -0.0000
vn 0.4255 -0.9040 -0.0419
vn 0.4193 -0.9040 -0.0834
vn 0.4093 -0.9039 -0.1242
vn 0.3951 -0.9039 -0.1637
vn 0.3772 -0.9039 -0.2016
vn 0.3555 -0.9040 -0.2375
vn 0.3306 -0.9039 -0.2713
vn 0.3023 -0.9040 -0.3023
vn 0.2712 -0.9040 -0.3304
vn 0.2376 -0.9039 -0.3557
vn 0.2016 -0.9040 -0.3771
vn 0.1636 -0.9040 -0.3949
vn 0.1242 -0.9039 -0.4093
vn 0.0834 -0.9040 -0.4192
vn 0.0419 -0.9040 -0.4255
vn 0.0000 -0.9040 -0.4276
vn -0.0419 -0.9039 -0.4256
vn -0.0834 -0.9039 -0.4194
vn -0.1241 -0.9040 -0.4091
vn -0.1636 -0.9040 -0.3949
vn -0.2016 -0.9039 -0.3772
vn -0.2376 -0.9039 -0.3556
vn -0.2713 -0.9039 -0.3306
vn -0.3025 -0.9039 -0.3025
vn -0.3306 -0.9039 -0.2714
vn -0.3557 -0.9039 -0.2376
vn -0.3772 -0.9039 -0.2016
vn -0.3949 -0.9040 -0.1636
vn -0.4093 -0.9039 -0.1242
vn -0.4195 -0.9039 -0.0834
vn -0.4254 -0.9040 -0.0419
vn -0.3810 -0.9238 0.0375
vn -0.3827 -0.9239 -0.0000
vn -0.3755 -0.9238 0.0747
vn -0.3662 -0.9239 0.1111
vn -0.3537 -0.9238 0.1465
vn -0.3377 -0.9238 0.1805
vn -0.3182 -0.9239 0.2126
vn -0.2959 -0.9238 0.2428
vn -0.2707 -0.9238 0.2707
vn -0.2428 -0.9239 0.2958
vn -0.2127 -0.9238 0.3183
vn -0.1804 -0.9238 0.3376
vn -0.1465 -0.9239 0.3536
vn -0.1111 -0.9239 0.3661
vn -0.0747 -0.9238 0.3754
vn -0.0375 -0.9239 0.3809
vn 0.0000 -0.9238 0.3828
vn 0.0375 -0.9239 0.3808
vn 0.0746 -0.9239 0.3753
vn 0.1111 -0.9239 0.3662
vn 0.1465 -0.9238 0.3537
vn 0.1804 -0.9239 0.3375
vn 0.2128 -0.9237 0.3185
vn 0.2428 -0.9238 0.2959
vn 0.2707 -0.9238 0.2707
vn 0.2959 -0.9238 0.2428
vn 0.3182 -0.9239 0.2126
vn 0.3376 -0.9238 0.1804
vn 0.3536 -0.9239 0.1465
vn 0.3662 -0.9239 0.1111
vn 0.3755 -0.9238 0.0747
vn 0.3810 -0.9238 0.0375
vn 0.3829 -0.9238 -0.0000
vn 0.3810 -0.9238 -0.0375
vn 0.3755 -0.9238 -0.0747
vn 0.3662 -0.9239 -0.1111
vn 0.3537 -0.9238 -0.1465
vn 0.3377 -0.9238 -0.1805
vn 0.3182 -0.9239 -0.2126
vn 0.2959 -0.9238 -0.2428
vn 0.2707 -0.9238 -0.2707
vn 0.2428 -0.9239 -0.2958
vn 0.2127 -0.9238 -0.3183
vn 0.1804 -0.9238 -0.3376
vn 0.1465 -0.9239 -0.3536
vn 0.1111 -0.9239 -0.3661
vn 0.0747 -0.9238 -0.3754
vn 0.0375 -0.9239 -0.3809
vn 0.0000 -0.9238 -0.3828
vn -0.0375 -0.9239 -0.3808
vn -0.0746 -0.9239 -0.3753
vn -0.1111 -0.9239 -0.3662
vn -0.1465 -0.9238 -0.3537
vn -0.1804 -0.9239 -0.3375
vn -0.2128 -0.9237 -0.3185
vn -0.2428 -0.9238 -0.2959
vn -0.2707 -0.9238 -0.2707
vn -0.2959 -0.9238 -0.2428
vn -0.3182 -0.9239 -0.2126
vn -0.3376 -0.9238 -0.1805
vn -0.3536 -0.9239 -0.1465
vn -0.3662 -0.9239 -0.1111
vn -0.3755 -0.9238 -0.0747
vn -0.3810 -0.9238 -0.0375
vn -0.3352 -0.9416 0.0330
vn -0.3369 -0.9415 0.0000
vn -0.3305 -0.9415 0.0657
vn -0.3223 -0.9416 0.0978
vn -0.3113 -0.9415 0.1289
vn -0.2973 -0.9415 0.1589
vn -0.2802 -0.9415 0.1872
vn -0.2605 -0.9415 0.2138
vn -0.2384 -0.9415 0.2384
vn -0.2138 -0.9415 0.2605
vn -0.1872 -0.9415 0.2801
vn -0.1589 -0.9415 0.2972
vn -0.1289 -0.9415 0.3113
vn -0.0978 -0.9415 0.3224
vn -0.0658 -0.9415 0.3305
vn -0.0330 -0.9415 0.3354
vn -0.0000 -0.9415 0.3371
vn 0.0330 -0.9415 0.3353
vn 0.0658 -0.9415 0.3306
vn 0.0978 -0.9416 0.3223
vn 0.1289 -0.9416 0.3112
vn 0.1589 -0.9415 0.2972
vn 0.1872 -0.9415 0.2802
vn 0.2138 -0.9415 0.2605
vn 0.2384 -0.9415 0.2384
vn 0.2605 -0.9415 0.2138
vn 0.2803 -0.9415 0.1873
vn 0.2974 -0.9414 0.1590
vn 0.3112 -0.9416 0.1289
vn 0.3224 -0.9415 0.0978
vn 0.3305 -0.9415 0.0657
vn 0.3352 -0.9416 0.0330
vn 0.3371 -0.9415 0.0000
vn 0.3352 -0.9416 -0.0330
vn 0.3305 -0.9415 -0.0657
vn 0.3223 -0.9416 -0.0978
vn 0.3113 -0.9415 -0.1289
vn 0.2973 -0.9415 -0.1589
vn 0.2802 -0.9415 -0.1872
vn 0.2605 -0.9415 -0.2138
vn 0.2384 -0.9415 -0.2384
vn 0.2138 -0.9415 -0.2605
vn 0.1872 -0.9415 -0.2801
vn 0.1589 -0.9415 -0.2972
vn 0.1289 -0.9415 -0.3113
vn 0.0978 -0.9415 -0.3224
vn 0.0658 -0.9415 -0.3305
vn 0.0330 -0.9415 -0.3354
vn -0.0000 -0.9415 -0.3371
vn -0.0330 -0.9415 -0.3353
vn -0.0658 -0.9415 -0.3306
vn -0.0978 -0.9416 -0.3223
vn -0.1289 -0.9416 -0.3112
vn -0.1589 -0.9415 -0.2972
vn -0.1872 -0.9415 -0.2802
vn -0.2138 -0.9415 -0.2605
vn -0.2384 -0.9415 -0.2384
vn -0.2605 -0.9415 -0.2138
vn -0.2803 -0.9415 -0.1873
vn -0.2974 -0.9414 -0.1590
vn -0.3112 -0.9416 -0.1289
vn -0.3224 -0.9415 -0.0978
vn -0.3305 -0.9415 -0.0657
vn -0.3352 -0.9416 -0.0330
vn -0.2888 -0.9570 0.0284
vn -0.2903 -0.9569 0.0000
vn -0.2847 -0.9570 0.0566
vn -0.2778 -0.9569 0.0843
vn -0.2682 -0.9569 0.1111
vn -0.2561 -0.9569 0.1369
vn -0.2413 -0.9570 0.1613
vn -0.2244 -0.9569 0.1842
vn -0.2053 -0.9569 0.2053
vn -0.1841 -0.9570 0.2244
vn -0.1613 -0.9569 0.2414
vn -0.1369 -0.9569 0.2561
vn -0.1111 -0.9570 0.2681
vn -0.0843 -0.9570 0.2777
vn -0.0566 -0.9570 0.2847
vn -0.0285 -0.9569 0.2889
vn 0.0000 -0.9570 0.2902
vn 0.0285 -0.9569 0.2889
vn 0.0566 -0.9570 0.2847
vn 0.0843 -0.9569 0.2778
vn 0.1111 -0.9569 0.2682
vn 0.1368 -0.9570 0.2560
vn 0.1613 -0.9569 0.2414
vn 0.1842 -0.9569 0.2244
vn 0.2052 -0.9570 0.2052
vn 0.2244 -0.9569 0.1842
vn 0.2413 -0.9570 0.1612
vn 0.2561 -0.9569 0.1369
vn 0.2682 -0.9569 0.1111
vn 0.2777 -0.9570 0.0843
vn 0.2847 -0.9570 0.0566
vn 0.2890 -0.9569 0.0285
vn 0.2903 -0.9569 -0.0000
vn 0.2888 -0.9570 -0.0284
vn 0.2847 -0.9570 -0.0566
vn 0.2778 -0.9569 -0.0843
vn 0.2682 -0.9569 -0.1111
vn 0.2561 -0.9569 -0.1369
vn 0.2413 -0.9570 -0.1613
vn 0.2244 -0.9569 -0.1842
vn 0.2053 -0.9569 -0.2053
vn 0.1841 -0.9570 -0.2244
vn 0.1613 -0.9569 -0.2414
vn 0.1369 -0.9569 -0.2561
vn 0.1111 -0.9570 -0.2681
vn 0.0843 -0.9570 -0.2777
vn 0.0566 -0.9570 -0.2847
vn 0.0285 -0.9569 -0.2889
vn -0.0000 -0.9570 -0.2902
vn -0.0285 -0.9569 -0.2889
vn -0.0566 -0.9570 -0.2847
vn -0.0843 -0.9569 -0.2778
vn -0.1111 -0.9569 -0.2682
vn -0.1368 -0.9570 -0.2560
vn -0.1613 -0.9569 -0.2414
vn -0.1842 -0.9569 -0.2244
vn -0.2052 -0.9570 -0.2052
vn -0.2244 -0.9569 -0.1842
vn -0.2413 -0.9570 -0.1613
vn -0.2561 -0.9569 -0.1369
vn -0.2682 -0.9569 -0.1111
vn -0.2777 -0.9570 -0.0843
vn -0.2847 -0.9570 -0.0566
vn -0.2890 -0.9569 -0.0285
vn -0.2419 -0.9700 0.0238
vn -0.2430 -0.9700 0.0000
vn -0.2384 -0.9700 0.0474
vn -0.2326 -0.9700 0.0706
vn -0.2245 -0.9700 0.0930
vn -0.2143 -0.9700 0.1146
vn -0.2020 -0.9700 0.1350
vn -0.1879 -0.9700 0.1542
vn -0.1719 -0.9700 0.1719
vn -0.1541 -0.9700 0.1878
vn -0.1350 -0.9700 0.2021
vn -0.1146 -0.9700 0.2143
vn -0.0930 -0.9700 0.2245
vn -0.0706 -0.9700 0.2326
vn -0.0474 -0.9700 0.2384
vn -0.0238 -0.9701 0.2417
vn -0.0000 -0.9700 0.2430
vn 0.0238 -0.9700 0.2420
vn 0.0474 -0.9700 0.2384
vn 0.0706 -0.9700 0.2326
vn 0.0930 -0.9700 0.2245
vn 0.1145 -0.9700 0.2143
vn 0.1350 -0.9700 0.2020
vn 0.1542 -0.9700 0.1879
vn 0.1719 -0.9700 0.1719
vn 0.1878 -0.9700 0.1541
vn 0.2020 -0.9700 0.1350
vn 0.2143 -0.9700 0.1146
vn 0.2245 -0.9700 0.0930
vn 0.2324 -0.9701 0.0705
vn 0.2385 -0.9700 0.0474
vn 0.2419 -0.9700 0.0238
vn 0.2431 -0.9700 0.0000
vn 0.2419 -0.9700 -0.0238
vn 0.2384 -0.9700 -0.0474
vn 0.2326 -0.9700 -0.0706
vn 0.2245 -0.9700 -0.0930
vn 0.2143 -0.9700 -0.1146
vn 0.2020 -0.9700 -0.1350
vn 0.1879 -0.9700 -0.1542
vn 0.1719 -0.9700 -0.1719
vn 0.1541 -0.9700 -0.1878
vn 0.1350 -0.9700 -0.2021
vn 0.1146 -0.9700 -0.2143
vn 0.0930 -0.9700 -0.2245
vn 0.0706 -0.9700 -0.2326
vn 0.0474 -0.9700 -0.2384
vn 0.0238 -0.9701 -0.2417
vn 0.0000 -0.9700 -0.2430
vn -0.0238 -0.9700 -0.2420
vn -0.0474 -0.9700 -0.2384
vn -0.0706 -0.9700 -0.2326
vn -0.0930 -0.9700 -0.2245
vn -0.1145 -0.9700 -0.2143
vn -0.1350 -0.9700 -0.2020
vn -0.1542 -0.9700 -0.1879
vn -0.1719 -0.9700 -0.1719
vn -0.1878 -0.9700 -0.1541
vn -0.2020 -0.9700 -0.1350
vn -0.2143 -0.9700 -0.1146
vn -0.2245 -0.9700 -0.0930
vn -0.2324 -0.9701 -0.0705
vn -0.2385 -0.9700 -0.0474
vn -0.2419 -0.9700 -0.0238
vn -0.1944 -0.9807 0.0191
vn -0.1951 -0.9808 -0.0000
vn -0.1915 -0.9808 0.0381
vn -0.1869 -0.9807 0.0567
vn -0.1805 -0.9807 0.0748
vn -0.1723 -0.9807 0.0921
vn -0.1623 -0.9808 0.1085
vn -0.1509 -0.9808 0.1239
vn -0.1380 -0.9808 0.1380
vn -0.1239 -0.9807 0.1510
vn -0.1085 -0.9807 0.1624
vn -0.0922 -0.9807 0.1724
vn -0.0747 -0.9808 0.1804
vn -0.0567 -0.9807 0.1869
vn -0.0381 -0.9808 0.1915
vn -0.0191 -0.9808 0.1943
vn 0.0000 -0.9808 0.1952
vn 0.0191 -0.9807 0.1944
vn 0.0381 -0.9808 0.1915
vn 0.0568 -0.9807 0.1871
vn 0.0748 -0.9807 0.1805
vn 0.0921 -0.9807 0.1723
vn 0.1085 -0.9807 0.1624
vn 0.1239 -0.9807 0.1510
vn 0.1382 -0.9807 0.1382
vn 0.1510 -0.9807 0.1239
vn 0.1624 -0.9808 0.1085
vn 0.1724 -0.9807 0.0922
vn 0.1805 -0.9807 0.0748
vn 0.1868 -0.9808 0.0567
vn 0.1914 -0.9808 0.0381
vn 0.1941 -0.9808 0.0191
vn 0.1953 -0.9808 -0.0000
vn 0.1944 -0.9807 -0.0191
vn 0.1915 -0.9808 -0.0381
vn 0.1869 -0.9807 -0.0567
vn 0.1805 -0.9807 -0.0748
vn 0.1723 -0.9807 -0.0921
vn 0.1623 -0.9808 -0.1085
vn 0.1509 -0.9808 -0.1239
vn 0.1380 -0.9808 -0.1380
vn 0.1239 -0.9807 -0.1510
vn 0.1085 -0.9807 -0.1624
vn 0.0922 -0.9807 -0.1724
vn 0.0747 -0.9808 -0.1804
vn 0.0567 -0.9807 -0.1869
vn 0.0381 -0.9808 -0.1915
vn 0.0191 -0.9808 -0.1943
vn -0.0000 -0.9808 -0.1952
vn -0.0191 -0.9807 -0.1944
vn -0.0381 -0.9808 -0.1915
vn -0.0567 -0.9807 -0.1871
vn -0.0748 -0.9807 -0.1805
vn -0.0921 -0.9807 -0.1723
vn -0.1085 -0.9807 -0.1624
vn -0.1239 -0.9807 -0.1510
vn -0.1382 -0.9807 -0.1382
vn -0.1510 -0.9807 -0.1239
vn -0.1624 -0.9808 -0.1085
vn -0.1724 -0.9807 -0.0922
vn -0.1805 -0.9807 -0.0748
vn -0.1868 -0.9808 -0.0567
vn -0.1914 -0.9808 -0.0381
vn -0.1941 -0.9808 -0.0191
vn -0.1462 -0.9892 0.0144
vn -0.1467 -0.9892 0.0000
vn -0.1442 -0.9891 0.0287
vn -0.1407 -0.9891 0.0427
vn -0.1358 -0.9891 0.0563
vn -0.1296 -0.9892 0.0693
vn -0.1221 -0.9892 0.0816
vn -0.1136 -0.9891 0.0933
vn -0.1040 -0.9891 0.1040
vn -0.0933 -0.9891 0.1136
vn -0.0816 -0.9892 0.1221
vn -0.0693 -0.9891 0.1296
vn -0.0563 -0.9891 0.1358
vn -0.0427 -0.9891 0.1407
vn -0.0287 -0.9892 0.1441
vn -0.0144 -0.9891 0.1464
vn 0.0000 -0.9892 0.1469
vn 0.0144 -0.9891 0.1463
vn 0.0287 -0.9892 0.1441
vn 0.0427 -0.9891 0.1408
vn 0.0563 -0.9891 0.1358
vn 0.0694 -0.9891 0.1298
vn 0.0817 -0.9891 0.1223
vn 0.0933 -0.9891 0.1136
vn 0.1040 -0.9891 0.1040
vn 0.1136 -0.9891 0.0933
vn 0.1221 -0.9892 0.0816
vn 0.1296 -0.9891 0.0693
vn 0.1357 -0.9892 0.0562
vn 0.1408 -0.9891 0.0427
vn 0.1442 -0.9891 0.0287
vn 0.1464 -0.9891 0.0144
vn 0.1470 -0.9891 0.0000
vn 0.1462 -0.9892 -0.0144
vn 0.1442 -0.9891 -0.0287
vn 0.1407 -0.9891 -0.0427
vn 0.1358 -0.9891 -0.0563
vn 0.1296 -0.9892 -0.0693
vn 0.1221 -0.9892 -0.0816
vn 0.1136 -0.9891 -0.0933
vn 0.1040 -0.9891 -0.1040
vn 0.0933 -0.9891 -0.1136
vn 0.0816 -0.9892 -0.1221
vn 0.0693 -0.9891 -0.1296
vn 0.0563 -0.9891 -0.1358
vn 0.0427 -0.9891 -0.1407
vn 0.0287 -0.9892 -0.1441
vn 0.0144 -0.9891 -0.1464
vn -0.0000 -0.9892 -0.1469
vn -0.0144 -0.9891 -0.1463
vn -0.0287 -0.9892 -0.1441
vn -0.0427 -0.9891 -0.1408
vn -0.0563 -0.9891 -0.1358
vn -0.0694 -0.9891 -0.1298
vn -0.0817 -0.9891 -0.1223
vn -0.0933 -0.9891 -0.1136
vn -0.1040 -0.9891 -0.1040
vn -0.1136 -0.9891 -0.0933
vn -0.1221 -0.9892 -0.0816
vn -0.1296 -0.9891 -0.0693
vn -0.1357 -0.9892 -0.0562
vn -0.1408 -0.9891 -0.0427
vn -0.1442 -0.9891 -0.0287
vn -0.1464 -0.9891 -0.0144
vn -0.0976 -0.9952 0.0096
vn -0.0980 -0.9952 0.0000
vn -0.0961 -0.9952 0.0191
vn -0.0939 -0.9952 0.0285
vn -0.0907 -0.9952 0.0376
vn -0.0865 -0.9952 0.0462
vn -0.0816 -0.9952 0.0545
vn -0.0758 -0.9952 0.0622
vn -0.0694 -0.9952 0.0694
vn -0.0622 -0.9952 0.0758
vn -0.0545 -0.9952 0.0816
vn -0.0462 -0.9952 0.0865
vn -0.0375 -0.9952 0.0906
vn -0.0284 -0.9952 0.0938
vn -0.0191 -0.9952 0.0962
vn -0.0096 -0.9952 0.0976
vn -0.0000 -0.9952 0.0980
vn 0.0096 -0.9952 0.0976
vn 0.0191 -0.9952 0.0961
vn 0.0284 -0.9952 0.0938
vn 0.0375 -0.9952 0.0906
vn 0.0462 -0.9952 0.0864
vn 0.0544 -0.9952 0.0815
vn 0.0622 -0.9952 0.0758
vn 0.0694 -0.9952 0.0694
vn 0.0758 -0.9952 0.0622
vn 0.0816 -0.9952 0.0545
vn 0.0865 -0.9952 0.0462
vn 0.0905 -0.9952 0.0375
vn 0.0938 -0.9952 0.0284
vn 0.0962 -0.9952 0.0191
vn 0.0975 -0.9952 0.0096
vn 0.0981 -0.9952 0.0000
vn 0.0976 -0.9952 -0.0096
vn 0.0961 -0.9952 -0.0191
vn 0.0939 -0.9952 -0.0285
vn 0.0907 -0.9952 -0.0376
vn 0.0865 -0.9952 -0.0462
vn 0.0816 -0.9952 -0.0545
vn 0.0758 -0.9952 -0.0622
vn 0.0694 -0.9952 -0.0694
vn 0.0622 -0.9952 -0.0758
vn 0.0545 -0.9952 -0.0816
vn 0.0462 -0.9952 -0.0865
vn 0.0375 -0.9952 -0.0906
vn 0.0284 -0.9952 -0.0938
vn 0.0191 -0.9952 -0.0962
vn 0.0096 -0.9952 -0.0976
vn 0.0000 -0.9952 -0.0980
vn -0.0096 -0.9952 -0.0976
vn -0.0191 -0.9952 -0.0961
vn -0.0284 -0.9952 -0.0938
vn -0.0375 -0.9952 -0.0906
vn -0.0462 -0.9952 -0.0864
vn -0.0544 -0.9952 -0.0815
vn -0.0622 -0.9952 -0.0758
vn -0.0694 -0.9952 -0.0694
vn -0.0758 -0.9952 -0.0622
vn -0.0816 -0.9952 -0.0545
vn -0.0865 -0.9952 -0.0462
vn -0.0905 -0.9952 -0.0375
vn -0.0938 -0.9952 -0.0284
vn -0.0962 -0.9952 -0.0191
vn -0.0975 -0.9952 -0.0096
vn -0.0493 -0.9988 0.0048
vn -0.0491 -0.9988 0.0000
vn -0.0484 -0.9988 0.0096
vn -0.0470 -0.9988 0.0143
vn -0.0457 -0.9988 0.0189
vn -0.0435 -0.9988 0.0233
vn -0.0408 -0.9988 0.0272
vn -0.0379 -0.9988 0.0311
vn -0.0348 -0.9988 0.0348
vn -0.0311 -0.9988 0.0379
vn -0.0273 -0.9988 0.0408
vn -0.0235 -0.9988 0.0439
vn -0.0188 -0.9988 0.0455
vn -0.0143 -0.9988 0.0470
vn -0.0097 -0.9988 0.0485
vn -0.0048 -0.9988 0.0491
vn -0.0000 -0.9988 0.0493
vn 0.0049 -0.9988 0.0493
vn 0.0096 -0.9988 0.0484
vn 0.0143 -0.9988 0.0470
vn 0.0189 -0.9988 0.0457
vn 0.0233 -0.9988 0.0435
vn 0.0273 -0.9988 0.0408
vn 0.0311 -0.9988 0.0379
vn 0.0347 -0.9988 0.0347
vn 0.0379 -0.9988 0.0311
vn 0.0408 -0.9988 0.0272
vn 0.0435 -0.9988 0.0233
vn 0.0456 -0.9988 0.0189
vn 0.0469 -0.9988 0.0142
vn 0.0484 -0.9988 0.0096
vn 0.0493 -0.9988 0.0048
vn 0.0495 -0.9988 -0.0000
vn 0.0493 -0.9988 -0.0048
vn 0.0484 -0.9988 -0.0096
vn 0.0470 -0.9988 -0.0143
vn 0.0457 -0.9988 -0.0189
vn 0.0435 -0.9988 -0.0233
vn 0.0408 -0.9988 -0.0272
vn 0.0379 -0.9988 -0.0311
vn 0.0348 -0.9988 -0.0348
vn 0.0311 -0.9988 -0.0379
vn 0.0273 -0.9988 -0.0408
vn 0.0235 -0.9988 -0.0439
vn 0.0188 -0.9988 -0.0455
vn 0.0143 -0.9988 -0.0470
vn 0.0097 -0.9988 -0.0485
vn 0.0048 -0.9988 -0.0491
vn -0.0000 -0.9988 -0.0493
vn -0.0049 -0.9988 -0.0493
vn -0.0096 -0.9988 -0.0484
vn -0.0143 -0.9988 -0.0470
vn -0.0189 -0.9988 -0.0457
vn -0.0233 -0.9988 -0.0435
vn -0.0273 -0.9988 -0.0408
vn -0.0311 -0.9988 -0.0379
vn -0.0347 -0.9988 -0.0347
vn -0.0379 -0.9988 -0.0311
vn -0.0408 -0.9988 -0.0272
vn -0.0435 -0.9988 -0.0233
vn -0.0456 -0.9988 -0.0189
vn -0.0469 -0.9988 -0.0142
vn -0.0484 -0.9988 -0.0096
vn -0.0493 -0.9988 -0.0048
vn 0.0000 -1.0000 -0.0000
usemtl Default_OBJ
s 1
f 1/1/1 2/2/2 3/3/3
f 4/4/1 3/3/3 5/5/4
f 6/6/1 5/5/4 7/7/5
f 8/8/1 7/7/5 9/9/6
f 10/10/1 9/9/6 11/11/7
f 12/12/1 11/11/7 13/13/8
f 14/14/1 13/13/8 15/15/9
f 16/16/1 15/15/9 17/17/10
f 18/18/1 17/17/10 19/19/11
f 20/20/1 19/19/11 21/21/12
f 22/22/1 21/21/12 23/23/13
f 24/24/1 23/23/13 25/25/14
f 26/26/1 25/25/14 27/27/15
f 28/28/1 27/27/15 29/29/16
f 30/30/1 29/29/16 31/31/17
f 32/32/1 31/31/17 33/33/18
f 34/34/1 33/33/18 35/35/19
f 36/36/1 35/35/19 37/37/20
f 38/38/1 37/37/20 39/39/21
f 40/40/1 39/39/21 41/41/22
f 42/42/1 41/41/22 43/43/23
f 44/44/1 43/43/23 45/45/24
f 46/46/1 45/45/24 47/47/25
f 48/48/1 47/47/25 49/49/26
f 50/50/1 49/49/26 51/51/27
f 52/52/1 51/51/27 53/53/28
f 54/54/1 53/53/28 55/55/29
f 56/56/1 55/55/29 57/57/30
f 58/58/1 57/57/30 59/59/31
f 60/60/1 59/59/31 61/61/32
f 62/62/1 61/61/32 63/63/33
f 64/64/1 63/63/33 65/65/34
f 66/66/1 65/65/34 67/67/35
f 68/68/1 67/67/35 69/69/36
f 70/70/1 69/69/36 71/71/37
f 72/72/1 71/71/37 73/73/38
f 74/74/1 73/73/38 75/75/39
f 76/76/1 75/75/39 77/77/40
f 78/78/1 77/77/40 79/79/41
f 80/80/1 79/79/41 81/81/42
f 82/82/1 81/81/42 83/83/43
f 84/84/1 83/83/43 85/85/44
f 86/86/1 85/85/44 87/87/45
f 88/88/1 87/87/45 89/89/46
f 90/90/1 89/89/46 91/91/47
f 92/92/1 91/91/47 93/93/48
f 94/94/1 93/93/48 95/95/49
f 96/96/1 95/95/49 97/97/50
f 98/98/1 97/97/50 99/99/51
f 100/100/1 99/99/51 101/101/52
f 102/102/1 101/101/52 103/103/53
f 104/104/1 103/103/53 105/105/54
f 106/106/1 105/105/54 107/107/55
f 108/108/1 107/107/55 109/109/56
f 110/110/1 109/109/56 111/111/57
f 112/112/1 111/111/57 113/113/58
f 114/114/1 113/113/58 115/115/59
f 116/116/1 115/115/59 117/117/60
f 118/118/1 117/117/60 119/119/61
f 120/120/1 119/119/61 121/121/62
f 122/122/1 121/121/62 123/123/63
f 124/124/1 123/123/63 125/125/64
f 126/126/1 125/125/64 127/127/65
f 128/128/1 127/127/65 129/129/66
f 3/3/3 2/2/2 130/130/67
f 2/2/2 131/131/68 130/130/67
f 5/5/4 3/3/3 132/132/69
f 3/3/3 130/130/67 132/132/69
f 7/7/5 5/5/4 133/133/70
f 5/5/4 132/132/69 133/133/70
f 9/9/6 7/7/5 134/134/71
f 7/7/5 133/133/70 134/134/71
f 11/11/7 9/9/6 135/135/72
f 9/9/6 134/134/71 135/135/72
f 13/13/8 11/11/7 136/136/73
f 11/11/7 135/135/72 136/136/73
f 15/15/9 13/13/8 137/137/74
f 13/13/8 136/136/73 137/137/74
f 17/17/10 15/15/9 138/138/75
f 15/15/9 137/137/74 138/138/75
f 19/19/11 17/17/10 139/139/76
f 17/17/10 138/138/75 139/139/76
f 21/21/12 19/19/11 140/140/77
f 19/19/11 139/139/76 140/140/77
f 23/23/13 21/21/12 141/141/78
f 21/21/12 140/140/77 141/141/78
f 25/25/14 23/23/13 142/142/79
f 23/23/13 141/141/78 142/142/79
f 27/27/15 25/25/14 143/143/80
f 25/25/14 142/142/79 143/143/80
f 29/29/16 27/27/15 144/144/81
f 27/27/15 143/143/80 144/144/81
f 31/31/17 29/29/16 145/145/82
f 29/29/16 144/144/81 145/145/82
f 33/33/18 31/31/17 146/146/83
f 31/31/17 145/145/82 146/146/83
f 35/35/19 33/33/18 147/147/84
f 33/33/18 146/146/83 147/147/84
f 37/37/20 35/35/19 148/148/85
f 35/35/19 147/147/84 148/148/85
f 39/39/21 37/37/20 149/149/86
f 37/37/20 148/148/85 149/149/86
f 41/41/22 39/39/21 150/150/87
f 39/39/21 149/149/86 150/150/87
f 43/43/23 41/41/22 151/151/88
f 41/41/22 150/150/87 151/151/88
f 45/45/24 43/43/23 152/152/89
f 43/43/23 151/151/88 152/152/89
f 47/47/25 45/45/24 153/153/90
f 45/45/24 152/152/89 153/153/90
f 49/49/26 47/47/25 154/154/91
f 47/47/25 153/153/90 154/154/91
f 51/51/27 49/49/26 155/155/92
f 49/49/26 154/154/91 155/155/92
f 53/53/28 51/51/27 156/156/93
f 51/51/27 155/155/92 156/156/93
f 55/55/29 53/53/28 157/157/94
f 53/53/28 156/156/93 157/157/94
f 57/57/30 55/55/29 158/158/95
f 55/55/29 157/157/94 158/158/95
f 59/59/31 57/57/30 159/159/96
f 57/57/30 158/158/95 159/159/96
f 61/61/32 59/59/31 160/160/97
f 59/59/31 159/159/96 160/160/97
f 63/63/33 61/61/32 161/161/98
f 61/61/32 160/160/97 161/161/98
f 65/65/34 63/63/33 162/162/99
f 63/63/33 161/161/98 162/162/99
f 67/67/35 65/65/34 163/163/100
f 65/65/34 162/162/99 163/163/100
f 69/69/36 67/67/35 164/164/101
f 67/67/35 163/163/100 164/164/101
f 71/71/37 69/69/36 165/165/102
f 69/69/36 164/164/101 165/165/102
f 73/73/38 71/71/37 166/166/103
f 71/71/37 165/165/102 166/166/103
f 75/75/39 73/73/38 167/167/104
f 73/73/38 166/166/103 167/167/104
f 77/77/40 75/75/39 168/168/105
f 75/75/39 167/167/104 168/168/105
f 79/79/41 77/77/40 169/169/106
f 77/77/40 168/168/105 169/169/106
f 81/81/42 79/79/41 170/170/107
f 79/79/41 169/169/106 170/170/107
f 83/83/43 81/81/42 171/171/108
f 81/81/42 170/170/107 171/171/108
f 85/85/44 83/83/43 172/172/109
f 83/83/43 171/171/108 172/172/109
f 87/87/45 85/85/44 173/173/110
f 85/85/44 172/172/109 173/173/110
f 89/89/46 87/87/45 174/174/111
f 87/87/45 173/173/110 174/174/111
f 91/91/47 89/89/46 175/175/112
f 89/89/46 174/174/111 175/175/112
f 93/93/48 91/91/47 176/176/113
f 91/91/47 175/175/112 176/176/113
f 95/95/49 93/93/48 177/177/114
f 93/93/48 176/176/113 177/177/114
f 97/97/50 95/95/49 178/178/115
f 95/95/49 177/177/114 178/178/115
f 99/99/51 97/97/50 179/179/116
f 97/97/50 178/178/115 179/179/116
f 101/101/52 99/99/51 180/180/117
f 99/99/51 179/179/116 180/180/117
f 103/103/53 101/101/52 181/181/118
f 101/101/52 180/180/117 181/181/118
f 105/105/54 103/103/53 182/182/119
f 103/103/53 181/181/118 182/182/119
f 107/107/55 105/105/54 183/183/120
f 105/105/54 182/182/119 183/183/120
f 109/109/56 107/107/55 184/184/121
f 107/107/55 183/183/120 184/184/121
f 111/111/57 109/109/56 185/185/122
f 109/109/56 184/184/121 185/185/122
f 113/113/58 111/111/57 186/186/123
f 111/111/57 185/185/122 186/186/123
f 115/115/59 113/113/58 187/187/124
f 113/113/58 186/186/123 187/187/124
f 117/117/60 115/115/59 188/188/125
f 115/115/59 187/187/124 188/188/125
f 119/119/61 117/117/60 189/189/126
f 117/117/60 188/188/125 189/189/126
f 121/121/62 119/119/61 190/190/127
f 119/119/61 189/189/126 190/190/127
f 123/123/63 121/121/62 191/191/128
f 121/121/62 190/190/127 191/191/128
f 125/125/64 123/123/63 192/192/129
f 123/123/63 191/191/128 192/192/129
f 127/127/65 125/125/64 193/193/130
f 125/125/64 192/192/129 193/193/130
f 129/129/66 127/127/65 194/194/68
f 127/127/65 193/193/130 194/194/68
f 130/130/67 131/131/68 195/195/131
f 131/131/68 196/196/132 195/195/131
f 132/132/69 130/130/67 197/197/133
f 130/130/67 195/195/131 197/197/133
f 133/133/70 132/132/69 198/198/134
f 132/132/69 197/197/133 198/198/134
f 134/134/71 133/133/70 199/199/135
f 133/133/70 198/198/134 199/199/135
f 135/135/72 134/134/71 200/200/136
f 134/134/71 199/199/135 200/200/136
f 136/136/73 135/135/72 201/201/137
f 135/135/72 200/200/136 201/201/137
f 137/137/74 136/136/73 202/202/138
f 136/136/73 201/201/137 202/202/138
f 138/138/75 137/137/74 203/203/139
f 137/137/74 202/202/138 203/203/139
f 139/139/76 138/138/75 204/204/140
f 138/138/75 203/203/139 204/204/140
f 140/140/77 139/139/76 205/205/141
f 139/139/76 204/204/140 205/205/141
f 141/141/78 140/140/77 206/206/142
f 140/140/77 205/205/141 206/206/142
f 142/142/79 141/141/78 207/207/143
f 141/141/78 206/206/142 207/207/143
f 143/143/80 142/142/79 208/208/144
f 142/142/79 207/207/143 208/208/144
f 144/144/81 143/143/80 209/209/145
f 143/143/80 208/208/144 209/209/145
f 145/145/82 144/144/81 210/210/146
f 144/144/81 209/209/145 210/210/146
f 146/146/83 145/145/82 211/211/147
f 145/145/82 210/210/146 211/211/147
f 147/147/84 146/146/83 212/212/148
f 146/146/83 211/211/147 212/212/148
f 148/148/85 147/147/84 213/213/149
f 147/147/84 212/212/148 213/213/149
f 149/149/86 148/148/85 214/214/150
f 148/148/85 213/213/149 214/214/150
f 150/150/87 149/149/86 215/215/151
f 149/149/86 214/214/150 215/215/151
f 151/151/88 150/150/87 216/216/152
f 150/150/87 215/215/151 216/216/152
f 152/152/89 151/151/88 217/217/153
f 151/151/88 216/216/152 217/217/153
f 153/153/90 152/152/89 218/218/154
f 152/152/89 217/217/153 218/218/154
f 154/154/91 153/153/90 219/219/155
f 153/153/90 218/218/154 219/219/155
f 155/155/92 154/154/91 220/220/156
f 154/154/91 219/219/155 220/220/156
f 156/156/93 155/155/92 221/221/157
f 155/155/92 220/220/156 221/221/157
f 157/157/94 156/156/93 222/222/158
f 156/156/93 221/221/157 222/222/158
f 158/158/95 157/157/94 223/223/159
f 157/157/94 222/222/158 223/223/159
f 159/159/96 158/158/95 224/224/160
f 158/158/95 223/223/159 224/224/160
f 160/160/97 159/159/96 225/225/161
f 159/159/96 224/224/160 225/225/161
f 161/161/98 160/160/97 226/226/162
f 160/160/97 225/225/161 226/226/162
f 162/162/99 161/161/98 227/227/163
f 161/161/98 226/226/162 227/227/163
f 163/163/100 162/162/99 228/228/164
f 162/162/99 227/227/163 228/228/164
f 164/164/101 163/163/100 229/229/165
f 163/163/100 228/228/164 229/229/165
f 165/165/102 164/164/101 230/230/166
f 164/164/101 229/229/165 230/230/166
f 166/166/103 165/165/102 231/231/167
f 165/165/102 230/230/166 231/231/167
f 167/167/104 166/166/103 232/232/168
f 166/166/103 231/231/167 232/232/168
f 168/168/105 167/167/104 233/233/169
f 167/167/104 232/232/168 233/233/169
f 169/169/106 168/168/105 234/234/170
f 168/168/105 233/233/169 234/234/170
f 170/170/107 169/169/106 235/235/171
f 169/169/106 234/234/170 235/235/171
f 171/171/108 170/170/107 236/236/172
f 170/170/107 235/235/171 236/236/172
f 172/172/109 171/171/108 237/237/173
f 171/171/108 236/236/172 237/237/173
f 173/173/110 172/172/109 238/238/174
f 172/172/109 237/237/173 238/238/174
f 174/174/111 173/173/110 239/239/175
f 173/173/110 238/238/174 239/239/175
f 175/175/112 174/174/111 240/240/176
f 174/174/111 239/239/175 240/240/176
f 176/176/113 175/175/112 241/241/177
f 175/175/112 240/240/176 241/241/177
f 177/177/114 176/176/113 242/242/178
f 176/176/113 241/241/177 242/242/178
f 178/178/115 177/177/114 243/243/179
f 177/177/114 242/242/178 243/243/179
f 179/179/116 178/178/115 244/244/180
f 178/178/115 243/243/179 244/244/180
f 180/180/117 179/179/116 245/245/181
f 179/179/116 244/244/180 245/245/181
f 181/181/118 180/180/117 246/246/182
f 180/180/117 245/245/181 246/246/182
f 182/182/119 181/181/118 247/247/183
f 181/181/118 246/246/182 247/247/183
f 183/183/120 182/182/119 248/248/184
f 182/182/119 247/247/183 248/248/184
f 184/184/121 183/183/120 249/249/185
f 183/183/120 248/248/184 249/249/185
f 185/185/122 184/184/121 250/250/186
f 184/184/121 249/249/185 250/250/186
f 186/186/123 185/185/122 251/251/187
f 185/185/122 250/250/186 251/251/187
f 187/187/124 186/186/123 252/252/188
f 186/186/123 251/251/187 252/252/188
f 188/188/125 187/187/124 253/253/189
f 187/187/124 252/252/188 253/253/189
f 189/189/126 188/188/125 254/254/190
f 188/188/125 253/253/189 254/254/190
f 190/190/127 189/189/126 255/255/191
f 189/189/126 254/254/190 255/255/191
f 191/191/128 190/190/127 256/256/192
f 190/190/127 255/255/191 256/256/192
f 192/192/129 191/191/128 257/257/193
f 191/191/128 256/256/192 257/257/193
f 193/193/130 192/192/129 258/258/194
f 192/192/129 257/257/193 258/258/194
f 194/194/68 193/193/130 259/259/132
f 193/193/130 258/258/194 259/259/132
f 195/195/131 196/196/132 260/260/195
f 196/196/132 261/261/196 260/260/195
f 197/197/133 195/195/131 262/262/197
f 195/195/131 260/260/195 262/262/197
f 198/198/134 197/197/133 263/263/198
f 197/197/133 262/262/197 263/263/198
f 199/199/135 198/198/134 264/264/199
f 198/198/134 263/263/198 264/264/199
f 200/200/136 199/199/135 265/265/200
f 199/199/135 264/264/199 265/265/200
f 201/201/137 200/200/136 266/266/201
f 200/200/136 265/265/200 266/266/201
f 202/202/138 201/201/137 267/267/202
f 201/201/137 266/266/201 267/267/202
f 203/203/139 202/202/138 268/268/203
f 202/202/138 267/267/202 268/268/203
f 204/204/140 203/203/139 269/269/204
f 203/203/139 268/268/203 269/269/204
f 205/205/141 204/204/140 270/270/205
f 204/204/140 269/269/204 270/270/205
f 206/206/142 205/205/141 271/271/206
f 205/205/141 270/270/205 271/271/206
f 207/207/143 206/206/142 272/272/207
f 206/206/142 271/271/206 272/272/207
f 208/208/144 207/207/143 273/273/208
f 207/207/143 272/272/207 273/273/208
f 209/209/145 208/208/144 274/274/209
f 208/208/144 273/273/208 274/274/209
f 210/210/146 209/209/145 275/275/210
f 209/209/145 274/274/209 275/275/210
f 211/211/147 210/210/146 276/276/211
f 210/210/146 275/275/210 276/276/211
f 212/212/148 211/211/147 277/277/212
f 211/211/147 276/276/211 277/277/212
f 213/213/149 212/212/148 278/278/213
f 212/212/148 277/277/212 278/278/213
f 214/214/150 213/213/149 279/279/214
f 213/213/149 278/278/213 279/279/214
f 215/215/151 214/214/150 280/280/215
f 214/214/150 279/279/214 280/280/215
f 216/216/152 215/215/151 281/281/216
f 215/215/151 280/280/215 281/281/216
f 217/217/153 216/216/152 282/282/217
f 216/216/152 281/281/216 282/282/217
f 218/218/154 217/217/153 283/283/218
f 217/217/153 282/282/217 283/283/218
f 219/219/155 218/218/154 284/284/219
f 218/218/154 283/283/218 284/284/219
f 220/220/156 219/219/155 285/285/220
f 219/219/155 284/284/219 285/285/220
f 221/221/157 220/220/156 286/286/221
f 220/220/156 285/285/220 286/286/221
f 222/222/158 221/221/157 287/287/222
f 221/221/157 286/286/221 287/287/222
f 223/223/159 222/222/158 288/288/223
f 222/222/158 287/287/222 288/288/223
f 224/224/160 223/223/159 289/289/224
f 223/223/159 288/288/223 289/289/224
f 225/225/161 224/224/160 290/290/225
f 224/224/160 289/289/224 290/290/225
f 226/226/162 225/225/161 291/291/226
f 225/225/161 290/290/225 291/291/226
f 227/227/163 226/226/162 292/292/227
f 226/226/162 291/291/226 292/292/227
f 228/228/164 227/227/163 293/293/228
f 227/227/163 292/292/227 293/293/228
f 229/229/165 228/228/164 294/294/229
f 228/228/164 293/293/228 294/294/229
f 230/230/166 229/229/165 295/295/230
f 229/229/165 294/294/229 295/295/230
f 231/231/167 230/230/166 296/296/231
f 230/230/166 295/295/230 296/296/231
f 232/232/168 231/231/167 297/297/232
f 231/231/167 296/296/231 297/297/232
f 233/233/169 232/232/168 298/298/233
f 232/232/168 297/297/232 298/298/233
f 234/234/170 233/233/169 299/299/234
f 233/233/169 298/298/233 299/299/234
f 235/235/171 234/234/170 300/300/235
f 234/234/170 299/299/234 300/300/235
f 236/236/172 235/235/171 301/301/236
f 235/235/171 300/300/235 301/301/236
f 237/237/173 236/236/172 302/302/237
f 236/236/172 301/301/236 302/302/237
f 238/238/174 237/237/173 303/303/238
f 237/237/173 302/302/237 303/303/238
f 239/239/175 238/238/174 304/304/239
f 238/238/174 303/303/238 304/304/239
f 240/240/176 239/239/175 305/305/240
f 239/239/175 304/304/239 305/305/240
f 241/241/177 240/240/176 306/306/241
f 240/240/176 305/305/240 306/306/241
f 242/242/178 241/241/177 307/307/242
f 241/241/177 306/306/241 307/307/242
f 243/243/179 242/242/178 308/308/243
f 242/242/178 307/307/242 308/308/243
f 244/244/180 243/243/179 309/309/244
f 243/243/179 308/308/243 309/309/244
f 245/245/181 244/244/180 310/310/245
f 244/244/180 309/309/244 310/310/245
f 246/246/182 245/245/181 311/311/246
f 245/245/181 310/310/245 311/311/246
f 247/247/183 246/246/182 312/312/247
f 246/246/182 311/311/246 312/312/247
f 248/248/184 247/247/183 313/313/248
f 247/247/183 312/312/247 313/313/248
f 249/249/185 248/248/184 314/314/249
f 248/248/184 313/313/248 314/314/249
f 250/250/186 249/249/185 315/315/250
f 249/249/185 314/314/249 315/315/250
f 251/251/187 250/250/186 316/316/251
f 250/250/186 315/315/250 316/316/251
f 252/252/188 251/251/187 317/317/252
f 251/251/187 316/316/251 317/317/252
f 253/253/189 252/252/188 318/318/253
f 252/252/188 317/317/252 318/318/253
f 254/254/190 253/253/189 319/319/254
f 253/253/189 318/318/253 319/319/254
f 255/255/191 254/254/190 320/320/255
f 254/254/190 319/319/254 320/320/255
f 256/256/192 255/255/191 321/321/256
f 255/255/191 320/320/255 321/321/256
f 257/257/193 256/256/192 322/322/257
f 256/256/192 321/321/256 322/322/257
f 258/258/194 257/257/193 323/323/258
f 257/257/193 322/322/257 323/323/258
f 259/259/132 258/258/194 324/324/196
f 258/258/194 323/323/258 324/324/196
f 260/260/195 261/261/196 325/325/259
f 261/261/196 326/326/260 325/325/259
f 262/262/197 260/260/195 327/327/261
f 260/260/195 325/325/259 327/327/261
f 263/263/198 262/262/197 328/328/262
f 262/262/197 327/327/261 328/328/262
f 264/264/199 263/263/198 329/329/263
f 263/263/198 328/328/262 329/329/263
f 265/265/200 264/264/199 330/330/264
f 264/264/199 329/329/263 330/330/264
f 266/266/201 265/265/200 331/331/265
f 265/265/200 330/330/264 331/331/265
f 267/267/202 266/266/201 332/332/266
f 266/266/201 331/331/265 332/332/266
f 268/268/203 267/267/202 333/333/267
f 267/267/202 332/332/266 333/333/267
f 269/269/204 268/268/203 334/334/268
f 268/268/203 333/333/267 334/334/268
f 270/270/205 269/269/204 335/335/269
f 269/269/204 334/334/268 335/335/269
f 271/271/206 270/270/205 336/336/270
f 270/270/205 335/335/269 336/336/270
f 272/272/207 271/271/206 337/337/271
f 271/271/206 336/336/270 337/337/271
f 273/273/208 272/272/207 338/338/272
f 272/272/207 337/337/271 338/338/272
f 274/274/209 273/273/208 339/339/273
f 273/273/208 338/338/272 339/339/273
f 275/275/210 274/274/209 340/340/274
f 274/274/209 339/339/273 340/340/274
f 276/276/211 275/275/210 341/341/275
f 275/275/210 340/340/274 341/341/275
f 277/277/212 276/276/211 342/342/276
f 276/276/211 341/341/275 342/342/276
f 278/278/213 277/277/212 343/343/277
f 277/277/212 342/342/276 343/343/277
f 279/279/214 278/278/213 344/344/278
f 278/278/213 343/343/277 344/344/278
f 280/280/215 279/279/214 345/345/279
f 279/279/214 344/344/278 345/345/279
f 281/281/216 280/280/215 346/346/280
f 280/280/215 345/345/279 346/346/280
f 282/282/217 281/281/216 347/347/281
f 281/281/216 346/346/280 347/347/281
f 283/283/218 282/282/217 348/348/282
f 282/282/217 347/347/281 348/348/282
f 284/284/219 283/283/218 349/349/283
f 283/283/218 348/348/282 349/349/283
f 285/285/220 284/284/219 350/350/284
f 284/284/219 349/349/283 350/350/284
f 286/286/221 285/285/220 351/351/285
f 285/285/220 350/350/284 351/351/285
f 287/287/222 286/286/221 352/352/286
f 286/286/221 351/351/285 352/352/286
f 288/288/223 287/287/222 353/353/287
f 287/287/222 352/352/286 353/353/287
f 289/289/224 288/288/223 354/354/288
f 288/288/223 353/353/287 354/354/288
f 290/290/225 289/289/224 355/355/289
f 289/289/224 354/354/288 355/355/289
f 291/291/226 290/290/225 356/356/290
f 290/290/225 355/355/289 356/356/290
f 292/292/227 291/291/226 357/357/291
f 291/291/226 356/356/290 357/357/291
f 293/293/228 292/292/227 358/358/292
f 292/292/227 357/357/291 358/358/292
f 294/294/229 293/293/228 359/359/293
f 293/293/228 358/358/292 359/359/293
f 295/295/230 294/294/229 360/360/294
f 294/294/229 359/359/293 360/360/294
f 296/296/231 295/295/230 361/361/295
f 295/295/230 360/360/294 361/361/295
f 297/297/232 296/296/231 362/362/296
f 296/296/231 361/361/295 362/362/296
f 298/298/233 297/297/232 363/363/297
f 297/297/232 362/362/296 363/363/297
f 299/299/234 298/298/233 364/364/298
f 298/298/233 363/363/297 364/364/298
f 300/300/235 299/299/234 365/365/299
f 299/299/234 364/364/298 365/365/299
f 301/301/236 300/300/235 366/366/300
f 300/300/235 365/365/299 366/366/300
f 302/302/237 301/301/236 367/367/301
f 301/301/236 366/366/300 367/367/301
f 303/303/238 302/302/237 368/368/302
f 302/302/237 367/367/301 368/368/302
f 304/304/239 303/303/238 369/369/303
f 303/303/238 368/368/302 369/369/303
f 305/305/240 304/304/239 370/370/304
f 304/304/239 369/369/303 370/370/304
f 306/306/241 305/305/240 371/371/305
f 305/305/240 370/370/304 371/371/305
f 307/307/242 306/306/241 372/372/306
f 306/306/241 371/371/305 372/372/306
f 308/308/243 307/307/242 373/373/307
f 307/307/242 372/372/306 373/373/307
f 309/309/244 308/308/243 374/374/308
f 308/308/243 373/373/307 374/374/308
f 310/310/245 309/309/244 375/375/309
f 309/309/244 374/374/308 375/375/309
f 311/311/246 310/310/245 376/376/310
f 310/310/245 375/375/309 376/376/310
f 312/312/247 311/311/246 377/377/311
f 311/311/246 376/376/310 377/377/311
f 313/313/248 312/312/247 378/378/312
f 312/312/247 377/377/311 378/378/312
f 314/314/249 313/313/248 379/379/313
f 313/313/248 378/378/312 379/379/313
f 315/315/250 314/314/249 380/380/314
f 314/314/249 379/379/313 380/380/314
f 316/316/251 315/315/250 381/381/315
f 315/315/250 380/380/314 381/381/315
f 317/317/252 316/316/251 382/382/316
f 316/316/251 381/381/315 382/382/316
f 318/318/253 317/317/252 383/383/317
f 317/317/252 382/382/316 383/383/317
f 319/319/254 318/318/253 384/384/318
f 318/318/253 383/383/317 384/384/318
f 320/320/255 319/319/254 385/385/319
f 319/319/254 384/384/318 385/385/319
f 321/321/256 320/320/255 386/386/320
f 320/320/255 385/385/319 386/386/320
f 322/322/257 321/321/256 387/387/321
f 321/321/256 386/386/320 387/387/321
f 323/323/258 322/322/257 388/388/322
f 322/322/257 387/387/321 388/388/322
f 324/324/196 323/323/258 389/389/260
f 323/323/258 388/388/322 389/389/260
f 325/325/259 326/326/260 390/390/323
f 326/326/260 391/391/324 390/390/323
f 327/327/261 325/325/259 392/392/325
f 325/325/259 390/390/323 392/392/325
f 328/328/262 327/327/261 393/393/326
f 327/327/261 392/392/325 393/393/326
f 329/329/263 328/328/262 394/394/327
f 328/328/262 393/393/326 394/394/327
f 330/330/264 329/329/263 395/395/328
f 329/329/263 394/394/327 395/395/328
f 331/331/265 330/330/264 396/396/329
f 330/330/264 395/395/328 396/396/329
f 332/332/266 331/331/265 397/397/330
f 331/331/265 396/396/329 397/397/330
f 333/333/267 332/332/266 398/398/331
f 332/332/266 397/397/330 398/398/331
f 334/334/268 333/333/267 399/399/332
f 333/333/267 398/398/331 399/399/332
f 335/335/269 334/334/268 400/400/333
f 334/334/268 399/399/332 400/400/333
f 336/336/270 335/335/269 401/401/334
f 335/335/269 400/400/333 401/401/334
f 337/337/271 336/336/270 402/402/335
f 336/336/270 401/401/334 402/402/335
f 338/338/272 337/337/271 403/403/336
f 337/337/271 402/402/335 403/403/336
f 339/339/273 338/338/272 404/404/337
f 338/338/272 403/403/336 404/404/337
f 340/340/274 339/339/273 405/405/338
f 339/339/273 404/404/337 405/405/338
f 341/341/275 340/340/274 406/406/339
f 340/340/274 405/405/338 406/406/339
f 342/342/276 341/341/275 407/407/340
f 341/341/275 406/406/339 407/407/340
f 343/343/277 342/342/276 408/408/341
f 342/342/276 407/407/340 408/408/341
f 344/344/278 343/343/277 409/409/342
f 343/343/277 408/408/341 409/409/342
f 345/345/279 344/344/278 410/410/343
f 344/344/278 409/409/342 410/410/343
f 346/346/280 345/345/279 411/411/344
f 345/345/279 410/410/343 411/411/344
f 347/347/281 346/346/280 412/412/345
f 346/346/280 411/411/344 412/412/345
f 348/348/282 347/347/281 413/413/346
f 347/347/281 412/412/345 413/413/346
f 349/349/283 348/348/282 414/414/347
f 348/348/282 413/413/346 414/414/347
f 350/350/284 349/349/283 415/415/348
f 349/349/283 414/414/347 415/415/348
f 351/351/285 350/350/284 416/416/349
f 350/350/284 415/415/348 416/416/349
f 352/352/286 351/351/285 417/417/350
f 351/351/285 416/416/349 417/417/350
f 353/353/287 352/352/286 418/418/351
f 352/352/286 417/417/350 418/418/351
f 354/354/288 353/353/287 419/419/352
f 353/353/287 418/418/351 419/419/352
f 355/355/289 354/354/288 420/420/353
f 354/354/288 419/419/352 420/420/353
f 356/356/290 355/355/289 421/421/354
f 355/355/289 420/420/353 421/421/354
f 357/357/291 356/356/290 422/422/355
f 356/356/290 421/421/354 422/422/355
f 358/358/292 357/357/291 423/423/356
f 357/357/291 422/422/355 423/423/356
f 359/359/293 358/358/292 424/424/357
f 358/358/292 423/423/356 424/424/357
f 360/360/294 359/359/293 425/425/358
f 359/359/293 424/424/357 425/425/358
f 361/361/295 360/360/294 426/426/359
f 360/360/294 425/425/358 426/426/359
f 362/362/296 361/361/295 427/427/360
f 361/361/295 426/426/359 427/427/360
f 363/363/297 362/362/296 428/428/361
f 362/362/296 427/427/360 428/428/361
f 364/364/298 363/363/297 429/429/362
f 363/363/297 428/428/361 429/429/362
f 365/365/299 364/364/298 430/430/363
f 364/364/298 429/429/362 430/430/363
f 366/366/300 365/365/299 431/431/364
f 365/365/299 430/430/363 431/431/364
f 367/367/301 366/366/300 432/432/365
f 366/366/300 431/431/364 432/432/365
f 368/368/302 367/367/301 433/433/366
f 367/367/301 432/432/365 433/433/366
f 369/369/303 368/368/302 434/434/367
f 368/368/302 433/433/366 434/434/367
f 370/370/304 369/369/303 435/435/368
f 369/369/303 434/434/367 435/435/368
f 371/371/305 370/370/304 436/436/369
f 370/370/304 435/435/368 436/436/369
f 372/372/306 371/371/305 437/437/370
f 371/371/305 436/436/369 437/437/370
f 373/373/307 372/372/306 438/438/371
f 372/372/306 437/437/370 438/438/371
f 374/374/308 373/373/307 439/439/372
f 373/373/307 438/438/371 439/439/372
f 375/375/309 374/374/308 440/440/373
f 374/374/308 439/439/372 440/440/373
f 376/376/310 375/375/309 441/441/374
f 375/375/309 440/440/373 441/441/374
f 377/377/311 376/376/310 442/442/375
f 376/376/310 441/441/374 442/442/375
f 378/378/312 377/377/311 443/443/376
f 377/377/311 442/442/375 443/443/376
f 379/379/313 378/378/312 444/444/377
f 378/378/312 443/443/376 444/444/377
f 380/380/314 379/379/313 445/445/378
f 379/379/313 444/444/377 445/445/378
f 381/381/315 380/380/314 446/446/379
f 380/380/314 445/445/378 446/446/379
f 382/382/316 381/381/315 447/447/380
f 381/381/315 446/446/379 447/447/380
f 383/383/317 382/382/316 448/448/381
f 382/382/316 447/447/380 448/448/381
f 384/384/318 383/383/317 449/449/382
f 383/383/317 448/448/381 449/449/382
f 385/385/319 384/384/318 450/450/383
f 384/384/318 449/449/382 450/450/383
f 386/386/320 385/385/319 451/451/384
f 385/385/319 450/450/383 451/451/384
f 387/387/321 386/386/320 452/452/385
f 386/386/320 451/451/384 452/452/385
f 388/388/322 387/387/321 453/453/386
f 387/387/321 452/452/385 453/453/386
f 389/389/260 388/388/322 454/454/324
f 388/388/322 453/453/386 454/454/324
f 390/390/323 391/391/324 455/455/387
f 391/391/324 456/456/388 455/455/387
f 392/392/325 390/390/323 457/457/389
f 390/390/323 455/455/387 457/457/389
f 393/393/326 392/392/325 458/458/390
f 392/392/325 457/457/389 458/458/390
f 394/394/327 393/393/326 459/459/391
f 393/393/326 458/458/390 459/459/391
f 395/395/328 394/394/327 460/460/392
f 394/394/327 459/459/391 460/460/392
f 396/396/329 395/395/328 461/461/393
f 395/395/328 460/460/392 461/461/393
f 397/397/330 396/396/329 462/462/394
f 396/396/329 461/461/393 462/462/394
f 398/398/331 397/397/330 463/463/395
f 397/397/330 462/462/394 463/463/395
f 399/399/332 398/398/331 464/464/396
f 398/398/331 463/463/395 464/464/396
f 400/400/333 399/399/332 465/465/397
f 399/399/332 464/464/396 465/465/397
f 401/401/334 400/400/333 466/466/398
f 400/400/333 465/465/397 466/466/398
f 402/402/335 401/401/334 467/467/399
f 401/401/334 466/466/398 467/467/399
f 403/403/336 402/402/335 468/468/400
f 402/402/335 467/467/399 468/468/400
f 404/404/337 403/403/336 469/469/401
f 403/403/336 468/468/400 469/469/401
f 405/405/338 404/404/337 470/470/402
f 404/404/337 469/469/401 470/470/402
f 406/406/339 405/405/338 471/471/403
f 405/405/338 470/470/402 471/471/403
f 407/407/340 406/406/339 472/472/404
f 406/406/339 471/471/403 472/472/404
f 408/408/341 407/407/340 473/473/405
f 407/407/340 472/472/404 473/473/405
f 409/409/342 408/408/341 474/474/406
f 408/408/341 473/473/405 474/474/406
f 410/410/343 409/409/342 475/475/407
f 409/409/342 474/474/406 475/475/407
f 411/411/344 410/410/343 476/476/408
f 410/410/343 475/475/407 476/476/408
f 412/412/345 411/411/344 477/477/409
f 411/411/344 476/476/408 477/477/409
f 413/413/346 412/412/345 478/478/410
f 412/412/345 477/477/409 478/478/410
f 414/414/347 413/413/346 479/479/411
f 413/413/346 478/478/410 479/479/411
f 415/415/348 414/414/347 480/480/412
f 414/414/347 479/479/411 480/480/412
f 416/416/349 415/415/348 481/481/413
f 415/415/348 480/480/412 481/481/413
f 417/417/350 416/416/349 482/482/414
f 416/416/349 481/481/413 482/482/414
f 418/418/351 417/417/350 483/483/415
f 417/417/350 482/482/414 483/483/415
f 419/419/352 418/418/351 484/484/416
f 418/418/351 483/483/415 484/484/416
f 420/420/353 419/419/352 485/485/417
f 419/419/352 484/484/416 485/485/417
f 421/421/354 420/420/353 486/486/418
f 420/420/353 485/485/417 486/486/418
f 422/422/355 421/421/354 487/487/419
f 421/421/354 486/486/418 487/487/419
f 423/423/356 422/422/355 488/488/420
f 422/422/355 487/487/419 488/488/420
f 424/424/357 423/423/356 489/489/421
f 423/423/356 488/488/420 489/489/421
f 425/425/358 424/424/357 490/490/422
f 424/424/357 489/489/421 490/490/422
f 426/426/359 425/425/358 491/491/423
f 425/425/358 490/490/422 491/491/423
f 427/427/360 426/426/359 492/492/424
f 426/426/359 491/491/423 492/492/424
f 428/428/361 427/427/360 493/493/425
f 427/427/360 492/492/424 493/493/425
f 429/429/362 428/428/361 494/494/426
f 428/428/361 493/493/425 494/494/426
f 430/430/363 429/429/362 495/495/427
f 429/429/362 494/494/426 495/495/427
f 431/431/364 430/430/363 496/496/428
f 430/430/363 495/495/427 496/496/428
f 432/432/365 431/431/364 497/497/429
f 431/431/364 496/496/428 497/497/429
f 433/433/366 432/432/365 498/498/430
f 432/432/365 497/497/429 498/498/430
f 434/434/367 433/433/366 499/499/431
f 433/433/366 498/498/430 499/499/431
f 435/435/368 434/434/367 500/500/432
f 434/434/367 499/499/431 500/500/432
f 436/436/369 435/435/368 501/501/433
f 435/435/368 500/500/432 501/501/433
f 437/437/370 436/436/369 502/502/434
f 436/436/369 501/501/433 502/502/434
f 438/438/371 437/437/370 503/503/435
f 437/437/370 502/502/434 503/503/435
f 439/439/372 438/438/371 504/504/436
f 438/438/371 503/503/435 504/504/436
f 440/440/373 439/439/372 505/505/437
f 439/439/372 504/504/436 505/505/437
f 441/441/374 440/440/373 506/506/438
f 440/440/373 505/505/437 506/506/438
f 442/442/375 441/441/374 507/507/439
f 441/441/374 506/506/438 507/507/439
f 443/443/376 442/442/375 508/508/440
f 442/442/375 507/507/439 508/508/440
f 444/444/377 443/443/376 509/509/441
f 443/443/376 508/508/440 509/509/441
f 445/445/378 444/444/377 510/510/442
f 444/444/377 509/509/441 510/510/442
f 446/446/379 445/445/378 511/511/443
f 445/445/378 510/510/442 511/511/443
f 447/447/380 446/446/379 512/512/444
f 446/446/379 511/511/443 512/512/444
f 448/448/381 447/447/380 513/513/445
f 447/447/380 512/512/444 513/513/445
f 449/449/382 448/448/381 514/514/446
f 448/448/381 513/513/445 514/514/446
f 450/450/383 449/449/382 515/515/447
f 449/449/382 514/514/446 515/515/447
f 451/451/384 450/450/383 516/516/448
f 450/450/383 515/515/447 516/516/448
f 452/452/385 451/451/384 517/517/449
f 451/451/384 516/516/448 517/517/449
f 453/453/386 452/452/385 518/518/450
f 452/452/385 517/517/449 518/518/450
f 454/454/324 453/453/386 519/519/388
f 453/453/386 518/518/450 519/519/388
f 455/455/387 456/456/388 520/520/451
f 456/456/388 521/521/452 520/520/451
f 457/457/389 455/455/387 522/522/453
f 455/455/387 520/520/451 522/522/453
f 458/458/390 457/457/389 523/523/454
f 457/457/389 522/522/453 523/523/454
f 459/459/391 458/458/390 524/524/455
f 458/458/390 523/523/454 524/524/455
f 460/460/392 459/459/391 525/525/456
f 459/459/391 524/524/455 525/525/456
f 461/461/393 460/460/392 526/526/457
f 460/460/392 525/525/456 526/526/457
f 462/462/394 461/461/393 527/527/458
f 461/461/393 526/526/457 527/527/458
f 463/463/395 462/462/394 528/528/459
f 462/462/394 527/527/458 528/528/459
f 464/464/396 463/463/395 529/529/460
f 463/463/395 528/528/459 529/529/460
f 465/465/397 464/464/396 530/530/461
f 464/464/396 529/529/460 530/530/461
f 466/466/398 465/465/397 531/531/462
f 465/465/397 530/530/461 531/531/462
f 467/467/399 466/466/398 532/532/463
f 466/466/398 531/531/462 532/532/463
f 468/468/400 467/467/399 533/533/464
f 467/467/399 532/532/463 533/533/464
f 469/469/401 468/468/400 534/534/465
f 468/468/400 533/533/464 534/534/465
f 470/470/402 469/469/401 535/535/466
f 469/469/401 534/534/465 535/535/466
f 471/471/403 470/470/402 536/536/467
f 470/470/402 535/535/466 536/536/467
f 472/472/404 471/471/403 537/537/468
f 471/471/403 536/536/467 537/537/468
f 473/473/405 472/472/404 538/538/469
f 472/472/404 537/537/468 538/538/469
f 474/474/406 473/473/405 539/539/470
f 473/473/405 538/538/469 539/539/470
f 475/475/407 474/474/406 540/540/471
f 474/474/406 539/539/470 540/540/471
f 476/476/408 475/475/407 541/541/472
f 475/475/407 540/540/471 541/541/472
f 477/477/409 476/476/408 542/542/473
f 476/476/408 541/541/472 542/542/473
f 478/478/410 477/477/409 543/543/474
f 477/477/409 542/542/473 543/543/474
f 479/479/411 478/478/410 544/544/475
f 478/478/410 543/543/474 544/544/475
f 480/480/412 479/479/411 545/545/476
f 479/479/411 544/544/475 545/545/476
f 481/481/413 480/480/412 546/546/477
f 480/480/412 545/545/476 546/546/477
f 482/482/414 481/481/413 547/547/478
f 481/481/413 546/546/477 547/547/478
f 483/483/415 482/482/414 548/548/479
f 482/482/414 547/547/478 548/548/479
f 484/484/416 483/483/415 549/549/480
f 483/483/415 548/548/479 549/549/480
f 485/485/417 484/484/416 550/550/481
f 484/484/416 549/549/480 550/550/481
f 486/486/418 485/485/417 551/551/482
f 485/485/417 550/550/481 551/551/482
f 487/487/419 486/486/418 552/552/483
f 486/486/418 551/551/482 552/552/483
f 488/488/420 487/487/419 553/553/484
f 487/487/419 552/552/483 553/553/484
f 489/489/421 488/488/420 554/554/485
f 488/488/420 553/553/484 554/554/485
f 490/490/422 489/489/421 555/555/486
f 489/489/421 554/554/485 555/555/486
f 491/491/423 490/490/422 556/556/487
f 490/490/422 555/555/486 556/556/487
f 492/492/424 491/491/423 557/557/488
f 491/491/423 556/556/487 557/557/488
f 493/493/425 492/492/424 558/558/489
f 492/492/424 557/557/488 558/558/489
f 494/494/426 493/493/425 559/559/490
f 493/493/425 558/558/489 559/559/490
f 495/495/427 494/494/426 560/560/491
f 494/494/426 559/559/490 560/560/491
f 496/496/428 495/495/427 561/561/492
f 495/495/427 560/560/491 561/561/492
f 497/497/429 496/496/428 562/562/493
f 496/496/428 561/561/492 562/562/493
f 498/498/430 497/497/429 563/563/494
f 497/497/429 562/562/493 563/563/494
f 499/499/431 498/498/430 564/564/495
f 498/498/430 563/563/494 564/564/495
f 500/500/432 499/499/431 565/565/496
f 499/499/431 564/564/495 565/565/496
f 501/501/433 500/500/432 566/566/497
f 500/500/432 565/565/496 566/566/497
f 502/502/434 501/501/433 567/567/498
f 501/501/433 566/566/497 567/567/498
f 503/503/435 502/502/434 568/568/499
f 502/502/434 567/567/498 568/568/499
f 504/504/436 503/503/435 569/569/500
f 503/503/435 568/568/499 569/569/500
f 505/505/437 504/504/436 570/570/501
f 504/504/436 569/569/500 570/570/501
f 506/506/438 505/505/437 571/571/502
f 505/505/437 570/570/501 571/571/502
f 507/507/439 506/506/438 572/572/503
f 506/506/438 571/571/502 572/572/503
f 508/508/440 507/507/439 573/573/504
f 507/507/439 572/572/503 573/573/504
f 509/509/441 508/508/440 574/574/505
f 508/508/440 573/573/504 574/574/505
f 510/510/442 509/509/441 575/575/506
f 509/509/441 574/574/505 575/575/506
f 511/511/443 510/510/442 576/576/507
f 510/510/442 575/575/506 576/576/507
f 512/512/444 511/511/443 577/577/508
f 511/511/443 576/576/507 577/577/508
f 513/513/445 512/512/444 578/578/509
f 512/512/444 577/577/508 578/578/509
f 514/514/446 513/513/445 579/579/510
f 513/513/445 578/578/509 579/579/510
f 515/515/447 514/514/446 580/580/511
f 514/514/446 579/579/510 580/580/511
f 516/516/448 515/515/447 581/581/512
f 515/515/447 580/580/511 581/581/512
f 517/517/449 516/516/448 582/582/513
f 516/516/448 581/581/512 582/582/513
f 518/518/450 517/517/449 583/583/514
f 517/517/449 582/582/513 583/583/514
f 519/519/388 518/518/450 584/584/452
f 518/518/450 583/583/514 584/584/452
f 520/520/451 521/521/452 585/585/515
f 521/521/452 586/586/516 585/585/515
f 522/522/453 520/520/451 587/587/517
f 520/520/451 585/585/515 587/587/517
f 523/523/454 522/522/453 588/588/518
f 522/522/453 587/587/517 588/588/518
f 524/524/455 523/523/454 589/589/519
f 523/523/454 588/588/518 589/589/519
f 525/525/456 524/524/455 590/590/520
f 524/524/455 589/589/519 590/590/520
f 526/526/457 525/525/456 591/591/521
f 525/525/456 590/590/520 591/591/521
f 527/527/458 526/526/457 592/592/522
f 526/526/457 591/591/521 592/592/522
f 528/528/459 527/527/458 593/593/523
f 527/527/458 592/592/522 593/593/523
f 529/529/460 528/528/459 594/594/524
f 528/528/459 593/593/523 594/594/524
f 530/530/461 529/529/460 595/595/525
f 529/529/460 594/594/524 595/595/525
f 531/531/462 530/530/461 596/596/526
f 530/530/461 595/595/525 596/596/526
f 532/532/463 531/531/462 597/597/527
f 531/531/462 596/596/526 597/597/527
f 533/533/464 532/532/463 598/598/528
f 532/532/463 597/597/527 598/598/528
f 534/534/465 533/533/464 599/599/529
f 533/533/464 598/598/528 599/599/529
f 535/535/466 534/534/465 600/600/530
f 534/534/465 599/599/529 600/600/530
f 536/536/467 535/535/466 601/601/531
f 535/535/466 600/600/530 601/601/531
f 537/537/468 536/536/467 602/602/532
f 536/536/467 601/601/531 602/602/532
f 538/538/469 537/537/468 603/603/533
f 537/537/468 602/602/532 603/603/533
f 539/539/470 538/538/469 604/604/534
f 538/538/469 603/603/533 604/604/534
f 540/540/471 539/539/470 605/605/535
f 539/539/470 604/604/534 605/605/535
f 541/541/472 540/540/471 606/606/536
f 540/540/471 605/605/535 606/606/536
f 542/542/473 541/541/472 607/607/537
f 541/541/472 606/606/536 607/607/537
f 543/543/474 542/542/473 608/608/538
f 542/542/473 607/607/537 608/608/538
f 544/544/475 543/543/474 609/609/539
f 543/543/474 608/608/538 609/609/539
f 545/545/476 544/544/475 610/610/540
f 544/544/475 609/609/539 610/610/540
f 546/546/477 545/545/476 611/611/541
f 545/545/476 610/610/540 611/611/541
f 547/547/478 546/546/477 612/612/542
f 546/546/477 611/611/541 612/612/542
f 548/548/479 547/547/478 613/613/543
f 547/547/478 612/612/542 613/613/543
f 549/549/480 548/548/479 614/614/544
f 548/548/479 613/613/543 614/614/544
f 550/550/481 549/549/480 615/615/545
f 549/549/480 614/614/544 615/615/545
f 551/551/482 550/550/481 616/616/546
f 550/550/481 615/615/545 616/616/546
f 552/552/483 551/551/482 617/617/547
f 551/551/482 616/616/546 617/617/547
f 553/553/484 552/552/483 618/618/548
f 552/552/483 617/617/547 618/618/548
f 554/554/485 553/553/484 619/619/549
f 553/553/484 618/618/548 619/619/549
f 555/555/486 554/554/485 620/620/550
f 554/554/485 619/619/549 620/620/550
f 556/556/487 555/555/486 621/621/551
f 555/555/486 620/620/550 621/621/551
f 557/557/488 556/556/487 622/622/552
f 556/556/487 621/621/551 622/622/552
f 558/558/489 557/557/488 623/623/553
f 557/557/488 622/622/552 623/623/553
f 559/559/490 558/558/489 624/624/554
f 558/558/489 623/623/553 624/624/554
f 560/560/491 559/559/490 625/625/555
f 559/559/490 624/624/554 625/625/555
f 561/561/492 560/560/491 626/626/556
f 560/560/491 625/625/555 626/626/556
f 562/562/493 561/561/492 627/627/557
f 561/561/492 626/626/556 627/627/557
f 563/563/494 562/562/493 628/628/558
f 562/562/493 627/627/557 628/628/558
f 564/564/495 563/563/494 629/629/559
f 563/563/494 628/628/558 629/629/559
f 565/565/496 564/564/495 630/630/560
f 564/564/495 629/629/559 630/630/560
f 566/566/497 565/565/496 631/631/561
f 565/565/496 630/630/560 631/631/561
f 567/567/498 566/566/497 632/632/562
f 566/566/497 631/631/561 632/632/562
f 568/568/499 567/567/498 633/633/563
f 567/567/498 632/632/562 633/633/563
f 569/569/500 568/568/499 634/634/564
f 568/568/499 633/633/563 634/634/564
f 570/570/501 569/569/500 635/635/565
f 569/569/500 634/634/564 635/635/565
f 571/571/502 570/570/501 636/636/566
f 570/570/501 635/635/565 636/636/566
f 572/572/503 571/571/502 637/637/567
f 571/571/502 636/636/566 637/637/567
f 573/573/504 572/572/503 638/638/568
f 572/572/503 637/637/567 638/638/568
f 574/574/505 573/573/504 639/639/569
f 573/573/504 638/638/568 639/639/569
f 575/575/506 574/574/505 640/640/570
f 574/574/505 639/639/569 640/640/570
f 576/576/507 575/575/506 641/641/571
f 575/575/506 640/640/570 641/641/571
f 577/577/508 576/576/507 642/642/572
f 576/576/507 641/641/571 642/642/572
f 578/578/509 577/577/508 643/643/573
f 577/577/508 642/642/572 643/643/573
f 579/579/510 578/578/509 644/644/574
f 578/578/509 643/643/573 644/644/574
f 580/580/511 579/579/510 645/645/575
f 579/579/510 644/644/574 645/645/575
f 581/581/512 580/580/511 646/646/576
f 580/580/511 645/645/575 646/646/576
f 582/582/513 581/581/512 647/647/577
f 581/581/512 646/646/576 647/647/577
f 583/583/514 582/582/513 648/648/578
f 582/582/513 647/647/577 648/648/578
f 584/584/452 583/583/514 649/649/516
f 583/583/514 648/648/578 649/649/516
f 585/585/515 586/586/516 650/650/579
f 586/586/516 651/651/580 650/650/579
f 587/587/517 585/585/515 652/652/581
f 585/585/515 650/650/579 652/652/581
f 588/588/518 587/587/517 653/653/582
f 587/587/517 652/652/581 653/653/582
f 589/589/519 588/588/518 654/654/583
f 588/588/518 653/653/582 654/654/583
f 590/590/520 589/589/519 655/655/584
f 589/589/519 654/654/583 655/655/584
f 591/591/521 590/590/520 656/656/585
f 590/590/520 655/655/584 656/656/585
f 592/592/522 591/591/521 657/657/586
f 591/591/521 656/656/585 657/657/586
f 593/593/523 592/592/522 658/658/587
f 592/592/522 657/657/586 658/658/587
f 594/594/524 593/593/523 659/659/588
f 593/593/523 658/658/587 659/659/588
f 595/595/525 594/594/524 660/660/589
f 594/594/524 659/659/588 660/660/589
f 596/596/526 595/595/525 661/661/590
f 595/595/525 660/660/589 661/661/590
f 597/597/527 596/596/526 662/662/591
f 596/596/526 661/661/590 662/662/591
f 598/598/528 597/597/527 663/663/592
f 597/597/527 662/662/591 663/663/592
f 599/599/529 598/598/528 664/664/593
f 598/598/528 663/663/592 664/664/593
f 600/600/530 599/599/529 665/665/594
f 599/599/529 664/664/593 665/665/594
f 601/601/531 600/600/530 666/666/595
f 600/600/530 665/665/594 666/666/595
f 602/602/532 601/601/531 667/667/596
f 601/601/531 666/666/595 667/667/596
f 603/603/533 602/602/532 668/668/597
f 602/602/532 667/667/596 668/668/597
f 604/604/534 603/603/533 669/669/598
f 603/603/533 668/668/597 669/669/598
f 605/605/535 604/604/534 670/670/599
f 604/604/534 669/669/598 670/670/599
f 606/606/536 605/605/535 671/671/600
f 605/605/535 670/670/599 671/671/600
f 607/607/537 606/606/536 672/672/601
f 606/606/536 671/671/600 672/672/601
f 608/608/538 607/607/537 673/673/602
f 607/607/537 672/672/601 673/673/602
f 609/609/539 608/608/538 674/674/603
f 608/608/538 673/673/602 674/674/603
f 610/610/540 609/609/539 675/675/604
f 609/609/539 674/674/603 675/675/604
f 611/611/541 610/610/540 676/676/605
f 610/610/540 675/675/604 676/676/605
f 612/612/542 611/611/541 677/677/606
f 611/611/541 676/676/605 677/677/606
f 613/613/543 612/612/542 678/678/607
f 612/612/542 677/677/606 678/678/607
f 614/614/544 613/613/543 679/679/608
f 613/613/543 678/678/607 679/679/608
f 615/615/545 614/614/544 680/680/609
f 614/614/544 679/679/608 680/680/609
f 616/616/546 615/615/545 681/681/610
f 615/615/545 680/680/609 681/681/610
f 617/617/547 616/616/546 682/682/611
f 616/616/546 681/681/610 682/682/611
f 618/618/548 617/617/547 683/683/612
f 617/617/547 682/682/611 683/683/612
f 619/619/549 618/618/548 684/684/613
f 618/618/548 683/683/612 684/684/613
f 620/620/550 619/619/549 685/685/614
f 619/619/549 684/684/613 685/685/614
f 621/621/551 620/620/550 686/686/615
f 620/620/550 685/685/614 686/686/615
f 622/622/552 621/621/551 687/687/616
f 621/621/551 686/686/615 687/687/616
f 623/623/553 622/622/552 688/688/617
f 622/622/552 687/687/616 688/688/617
f 624/624/554 623/623/553 689/689/618
f 623/623/553 688/688/617 689/689/618
f 625/625/555 624/624/554 690/690/619
f 624/624/554 689/689/618 690/690/619
f 626/626/556 625/625/555 691/691/620
f 625/625/555 690/690/619 691/691/620
f 627/627/557 626/626/556 692/692/621
f 626/626/556 691/691/620 692/692/621
f 628/628/558 627/627/557 693/693/622
f 627/627/557 692/692/621 693/693/622
f 629/629/559 628/628/558 694/694/623
f 628/628/558 693/693/622 694/694/623
f 630/630/560 629/629/559 695/695/624
f 629/629/559 694/694/623 695/695/624
f 631/631/561 630/630/560 696/696/625
f 630/630/560 695/695/624 696/696/625
f 632/632/562 631/631/561 697/697/626
f 631/631/561 696/696/625 697/697/626
f 633/633/563 632/632/562 698/698/627
f 632/632/562 697/697/626 698/698/627
f 634/634/564 633/633/563 699/699/628
f 633/633/563 698/698/627 699/699/628
f 635/635/565 634/634/564 700/700/629
f 634/634/564 699/699/628 700/700/629
f 636/636/566 635/635/565 701/701/630
f 635/635/565 700/700/629 701/701/630
f 637/637/567 636/636/566 702/702/631
f 636/636/566 701/701/630 702/702/631
f 638/638/568 637/637/567 703/703/632
f 637/637/567 702/702/631 703/703/632
f 639/639/569 638/638/568 704/704/633
f 638/638/568 703/703/632 704/704/633
f 640/640/570 639/639/569 705/705/634
f 639/639/569 704/704/633 705/705/634
f 641/641/571 640/640/570 706/706/635
f 640/640/570 705/705/634 706/706/635
f 642/642/572 641/641/571 707/707/636
f 641/641/571 706/706/635 707/707/636
f 643/643/573 642/642/572 708/708/637
f 642/642/572 707/707/636 708/708/637
f 644/644/574 643/643/573 709/709/638
f 643/643/573 708/708/637 709/709/638
f 645/645/575 644/644/574 710/710/639
f 644/644/574 709/709/638 710/710/639
f 646/646/576 645/645/575 711/711/640
f 645/645/575 710/710/639 711/711/640
f 647/647/577 646/646/576 712/712/641
f 646/646/576 711/711/640 712/712/641
f 648/648/578 647/647/577 713/713/642
f 647/647/577 712/712/641 713/713/642
f 649/649/516 648/648/578 714/714/580
f 648/648/578 713/713/642 714/714/580
f 650/650/579 651/651/580 715/715/643
f 651/651/580 716/716/644 715/715/643
f 652/652/581 650/650/579 717/717/645
f 650/650/579 715/715/643 717/717/645
f 653/653/582 652/652/581 718/718/646
f 652/652/581 717/717/645 718/718/646
f 654/654/583 653/653/582 719/719/647
f 653/653/582 718/718/646 719/719/647
f 655/655/584 654/654/583 720/720/648
f 654/654/583 719/719/647 720/720/648
f 656/656/585 655/655/584 721/721/649
f 655/655/584 720/720/648 721/721/649
f 657/657/586 656/656/585 722/722/650
f 656/656/585 721/721/649 722/722/650
f 658/658/587 657/657/586 723/723/651
f 657/657/586 722/722/650 723/723/651
f 659/659/588 658/658/587 724/724/652
f 658/658/587 723/723/651 724/724/652
f 660/660/589 659/659/588 725/725/653
f 659/659/588 724/724/652 725/725/653
f 661/661/590 660/660/589 726/726/654
f 660/660/589 725/725/653 726/726/654
f 662/662/591 661/661/590 727/727/655
f 661/661/590 726/726/654 727/727/655
f 663/663/592 662/662/591 728/728/656
f 662/662/591 727/727/655 728/728/656
f 664/664/593 663/663/592 729/729/657
f 663/663/592 728/728/656 729/729/657
f 665/665/594 664/664/593 730/730/658
f 664/664/593 729/729/657 730/730/658
f 666/666/595 665/665/594 731/731/659
f 665/665/594 730/730/658 731/731/659
f 667/667/596 666/666/595 732/732/660
f 666/666/595 731/731/659 732/732/660
f 668/668/597 667/667/596 733/733/661
f 667/667/596 732/732/660 733/733/661
f 669/669/598 668/668/597 734/734/662
f 668/668/597 733/733/661 734/734/662
f 670/670/599 669/669/598 735/735/663
f 669/669/598 734/734/662 735/735/663
f 671/671/600 670/670/599 736/736/664
f 670/670/599 735/735/663 736/736/664
f 672/672/601 671/671/600 737/737/665
f 671/671/600 736/736/664 737/737/665
f 673/673/602 672/672/601 738/738/666
f 672/672/601 737/737/665 738/738/666
f 674/674/603 673/673/602 739/739/667
f 673/673/602 738/738/666 739/739/667
f 675/675/604 674/674/603 740/740/668
f 674/674/603 739/739/667 740/740/668
f 676/676/605 675/675/604 741/741/669
f 675/675/604 740/740/668 741/741/669
f 677/677/606 676/676/605 742/742/670
f 676/676/605 741/741/669 742/742/670
f 678/678/607 677/677/606 743/743/671
f 677/677/606 742/742/670 743/743/671
f 679/679/608 678/678/607 744/744/672
f 678/678/607 743/743/671 744/744/672
f 680/680/609 679/679/608 745/745/673
f 679/679/608 744/744/672 745/745/673
f 681/681/610 680/680/609 746/746/674
f 680/680/609 745/745/673 746/746/674
f 682/682/611 681/681/610 747/747/675
f 681/681/610 746/746/674 747/747/675
f 683/683/612 682/682/611 748/748/676
f 682/682/611 747/747/675 748/748/676
f 684/684/613 683/683/612 749/749/677
f 683/683/612 748/748/676 749/749/677
f 685/685/614 684/684/613 750/750/678
f 684/684/613 749/749/677 750/750/678
f 686/686/615 685/685/614 751/751/679
f 685/685/614 750/750/678 751/751/679
f 687/687/616 686/686/615 752/752/680
f 686/686/615 751/751/679 752/752/680
f 688/688/617 687/687/616 753/753/681
f 687/687/616 752/752/680 753/753/681
f 689/689/618 688/688/617 754/754/682
f 688/688/617 753/753/681 754/754/682
f 690/690/619 689/689/618 755/755/683
f 689/689/618 754/754/682 755/755/683
f 691/691/620 690/690/619 756/756/684
f 690/690/619 755/755/683 756/756/684
f 692/692/621 691/691/620 757/757/685
f 691/691/620 756/756/684 757/757/685
f 693/693/622 692/692/621 758/758/686
f 692/692/621 757/757/685 758/758/686
f 694/694/623 693/693/622 759/759/687
f 693/693/622 758/758/686 759/759/687
f 695/695/624 694/694/623 760/760/688
f 694/694/623 759/759/687 760/760/688
f 696/696/625 695/695/624 761/761/689
f 695/695/624 760/760/688 761/761/689
f 697/697/626 696/696/625 762/762/690
f 696/696/625 761/761/689 762/762/690
f 698/698/627 697/697/626 763/763/691
f 697/697/626 762/762/690 763/763/691
f 699/699/628 698/698/627 764/764/692
f 698/698/627 763/763/691 764/764/692
f 700/700/629 699/699/628 765/765/693
f 699/699/628 764/764/692 765/765/693
f 701/701/630 700/700/629 766/766/694
f 700/700/629 765/765/693 766/766/694
f 702/702/631 701/701/630 767/767/695
f 701/701/630 766/766/694 767/767/695
f 703/703/632 702/702/631 768/768/696
f 702/702/631 767/767/695 768/768/696
f 704/704/633 703/703/632 769/769/697
f 703/703/632 768/768/696 769/769/697
f 705/705/634 704/704/633 770/770/698
f 704/704/633 769/769/697 770/770/698
f 706/706/635 705/705/634 771/771/699
f 705/705/634 770/770/698 771/771/699
f 707/707/636 706/706/635 772/772/700
f 706/706/635 771/771/699 772/772/700
f 708/708/637 707/707/636 773/773/701
f 707/707/636 772/772/700 773/773/701
f 709/709/638 708/708/637 774/774/702
f 708/708/637 773/773/701 774/774/702
f 710/710/639 709/709/638 775/775/703
f 709/709/638 774/774/702 775/775/703
f 711/711/640 710/710/639 776/776/704
f 710/710/639 775/775/703 776/776/704
f 712/712/641 711/711/640 777/777/705
f 711/711/640 776/776/704 777/777/705
f 713/713/642 712/712/641 778/778/706
f 712/712/641 777/777/705 778/778/706
f 714/714/580 713/713/642 779/779/644
f 713/713/642 778/778/706 779/779/644
f 715/715/643 716/716/644 780/780/707
f 716/716/644 781/781/708 780/780/707
f 717/717/645 715/715/643 782/782/709
f 715/715/643 780/780/707 782/782/709
f 718/718/646 717/717/645 783/783/710
f 717/717/645 782/782/709 783/783/710
f 719/719/647 718/718/646 784/784/711
f 718/718/646 783/783/710 784/784/711
f 720/720/648 719/719/647 785/785/712
f 719/719/647 784/784/711 785/785/712
f 721/721/649 720/720/648 786/786/713
f 720/720/648 785/785/712 786/786/713
f 722/722/650 721/721/649 787/787/714
f 721/721/649 786/786/713 787/787/714
f 723/723/651 722/722/650 788/788/715
f 722/722/650 787/787/714 788/788/715
f 724/724/652 723/723/651 789/789/716
f 723/723/651 788/788/715 789/789/716
f 725/725/653 724/724/652 790/790/717
f 724/724/652 789/789/716 790/790/717
f 726/726/654 725/725/653 791/791/718
f 725/725/653 790/790/717 791/791/718
f 727/727/655 726/726/654 792/792/719
f 726/726/654 791/791/718 792/792/719
f 728/728/656 727/727/655 793/793/720
f 727/727/655 792/792/719 793/793/720
f 729/729/657 728/728/656 794/794/721
f 728/728/656 793/793/720 794/794/721
f 730/730/658 729/729/657 795/795/722
f 729/729/657 794/794/721 795/795/722
f 731/731/659 730/730/658 796/796/723
f 730/730/658 795/795/722 796/796/723
f 732/732/660 731/731/659 797/797/724
f 731/731/659 796/796/723 797/797/724
f 733/733/661 732/732/660 798/798/725
f 732/732/660 797/797/724 798/798/725
f 734/734/662 733/733/661 799/799/726
f 733/733/661 798/798/725 799/799/726
f 735/735/663 734/734/662 800/800/727
f 734/734/662 799/799/726 800/800/727
f 736/736/664 735/735/663 801/801/728
f 735/735/663 800/800/727 801/801/728
f 737/737/665 736/736/664 802/802/729
f 736/736/664 801/801/728 802/802/729
f 738/738/666 737/737/665 803/803/730
f 737/737/665 802/802/729 803/803/730
f 739/739/667 738/738/666 804/804/731
f 738/738/666 803/803/730 804/804/731
f 740/740/668 739/739/667 805/805/732
f 739/739/667 804/804/731 805/805/732
f 741/741/669 740/740/668 806/806/733
f 740/740/668 805/805/732 806/806/733
f 742/742/670 741/741/669 807/807/734
f 741/741/669 806/806/733 807/807/734
f 743/743/671 742/742/670 808/808/735
f 742/742/670 807/807/734 808/808/735
f 744/744/672 743/743/671 809/809/736
f 743/743/671 808/808/735 809/809/736
f 745/745/673 744/744/672 810/810/737
f 744/744/672 809/809/736 810/810/737
f 746/746/674 745/745/673 811/811/738
f 745/745/673 810/810/737 811/811/738
f 747/747/675 746/746/674 812/812/739
f 746/746/674 811/811/738 812/812/739
f 748/748/676 747/747/675 813/813/740
f 747/747/675 812/812/739 813/813/740
f 749/749/677 748/748/676 814/814/741
f 748/748/676 813/813/740 814/814/741
f 750/750/678 749/749/677 815/815/742
f 749/749/677 814/814/741 815/815/742
f 751/751/679 750/750/678 816/816/743
f 750/750/678 815/815/742 816/816/743
f 752/752/680 751/751/679 817/817/744
f 751/751/679 816/816/743 817/817/744
f 753/753/681 752/752/680 818/818/745
f 752/752/680 817/817/744 818/818/745
f 754/754/682 753/753/681 819/819/746
f 753/753/681 818/818/745 819/819/746
f 755/755/683 754/754/682 820/820/747
f 754/754/682 819/819/746 820/820/747
f 756/756/684 755/755/683 821/821/748
f 755/755/683 820/820/747 821/821/748
f 757/757/685 756/756/684 822/822/749
f 756/756/684 821/821/748 822/822/749
f 758/758/686 757/757/685 823/823/750
f 757/757/685 822/822/749 823/823/750
f 759/759/687 758/758/686 824/824/751
f 758/758/686 823/823/750 824/824/751
f 760/760/688 759/759/687 825/825/752
f 759/759/687 824/824/751 825/825/752
f 761/761/689 760/760/688 826/826/753
f 760/760/688 825/825/752 826/826/753
f 762/762/690 761/761/689 827/827/754
f 761/761/689 826/826/753 827/827/754
f 763/763/691 762/762/690 828/828/755
f 762/762/690 827/827/754 828/828/755
f 764/764/692 763/763/691 829/829/756
f 763/763/691 828/828/755 829/829/756
f 765/765/693 764/764/692 830/830/757
f 764/764/692 829/829/756 830/830/757
f 766/766/694 765/765/693 831/831/758
f 765/765/693 830/830/757 831/831/758
f 767/767/695 766/766/694 832/832/759
f 766/766/694 831/831/758 832/832/759
f 768/768/696 767/767/695 833/833/760
f 767/767/695 832/832/759 833/833/760
f 769/769/697 768/768/696 834/834/761
f 768/768/696 833/833/760 834/834/761
f 770/770/698 769/769/697 835/835/762
f 769/769/697 834/834/761 835/835/762
f 771/771/699 770/770/698 836/836/763
f 770/770/698 835/835/762 836/836/763
f 772/772/700 771/771/699 837/837/764
f 771/771/699 836/836/763 837/837/764
f 773/773/701 772/772/700 838/838/765
f 772/772/700 837/837/764 838/838/765
f 774/774/702 773/773/701 839/839/766
f 773/773/701 838/838/765 839/839/766
f 775/775/703 774/774/702 840/840/767
f 774/774/702 839/839/766 840/840/767
f 776/776/704 775/775/703 841/841/768
f 775/775/703 840/840/767 841/841/768
f 777/777/705 776/776/704 842/842/769
f 776/776/704 841/841/768 842/842/769
f 778/778/706 777/777/705 843/843/770
f 777/777/705 842/842/769 843/843/770
f 779/779/644 778/778/706 844/844/708
f 778/778/706 843/843/770 844/844/708
f 780/780/707 781/781/708 845/845/771
f 781/781/708 846/846/772 845/845/771
f 782/782/709 780/780/707 847/847/773
f 780/780/707 845/845/771 847/847/773
f 783/783/710 782/782/709 848/848/774
f 782/782/709 847/847/773 848/848/774
f 784/784/711 783/783/710 849/849/775
f 783/783/710 848/848/774 849/849/775
f 785/785/712 784/784/711 850/850/776
f 784/784/711 849/849/775 850/850/776
f 786/786/713 785/785/712 851/851/777
f 785/785/712 850/850/776 851/851/777
f 787/787/714 786/786/713 852/852/778
f 786/786/713 851/851/777 852/852/778
f 788/788/715 787/787/714 853/853/779
f 787/787/714 852/852/778 853/853/779
f 789/789/716 788/788/715 854/854/780
f 788/788/715 853/853/779 854/854/780
f 790/790/717 789/789/716 855/855/781
f 789/789/716 854/854/780 855/855/781
f 791/791/718 790/790/717 856/856/782
f 790/790/717 855/855/781 856/856/782
f 792/792/719 791/791/718 857/857/783
f 791/791/718 856/856/782 857/857/783
f 793/793/720 792/792/719 858/858/784
f 792/792/719 857/857/783 858/858/784
f 794/794/721 793/793/720 859/859/785
f 793/793/720 858/858/784 859/859/785
f 795/795/722 794/794/721 860/860/786
f 794/794/721 859/859/785 860/860/786
f 796/796/723 795/795/722 861/861/787
f 795/795/722 860/860/786 861/861/787
f 797/797/724 796/796/723 862/862/788
f 796/796/723 861/861/787 862/862/788
f 798/798/725 797/797/724 863/863/789
f 797/797/724 862/862/788 863/863/789
f 799/799/726 798/798/725 864/864/790
f 798/798/725 863/863/789 864/864/790
f 800/800/727 799/799/726 865/865/791
f 799/799/726 864/864/790 865/865/791
f 801/801/728 800/800/727 866/866/792
f 800/800/727 865/865/791 866/866/792
f 802/802/729 801/801/728 867/867/793
f 801/801/728 866/866/792 867/867/793
f 803/803/730 802/802/729 868/868/794
f 802/802/729 867/867/793 868/868/794
f 804/804/731 803/803/730 869/869/795
f 803/803/730 868/868/794 869/869/795
f 805/805/732 804/804/731 870/870/796
f 804/804/731 869/869/795 870/870/796
f 806/806/733 805/805/732 871/871/797
f 805/805/732 870/870/796 871/871/797
f 807/807/734 806/806/733 872/872/798
f 806/806/733 871/871/797 872/872/798
f 808/808/735 807/807/734 873/873/799
f 807/807/734 872/872/798 873/873/799
f 809/809/736 808/808/735 874/874/800
f 808/808/735 873/873/799 874/874/800
f 810/810/737 809/809/736 875/875/801
f 809/809/736 874/874/800 875/875/801
f 811/811/738 810/810/737 876/876/802
f 810/810/737 875/875/801 876/876/802
f 812/812/739 811/811/738 877/877/803
f 811/811/738 876/876/802 877/877/803
f 813/813/740 812/812/739 878/878/804
f 812/812/739 877/877/803 878/878/804
f 814/814/741 813/813/740 879/879/805
f 813/813/740 878/878/804 879/879/805
f 815/815/742 814/814/741 880/880/806
f 814/814/741 879/879/805 880/880/806
f 816/816/743 815/815/742 881/881/807
f 815/815/742 880/880/806 881/881/807
f 817/817/744 816/816/743 882/882/808
f 816/816/743 881/881/807 882/882/808
f 818/818/745 817/817/744 883/883/809
f 817/817/744 882/882/808 883/883/809
f 819/819/746 818/818/745 884/884/810
f 818/818/745 883/883/809 884/884/810
f 820/820/747 819/819/746 885/885/811
f 819/819/746 884/884/810 885/885/811
f 821/821/748 820/820/747 886/886/812
f 820/820/747 885/885/811 886/886/812
f 822/822/749 821/821/748 887/887/813
f 821/821/748 886/886/812 887/887/813
f 823/823/750 822/822/749 888/888/814
f 822/822/749 887/887/813 888/888/814
f 824/824/751 823/823/750 889/889/815
f 823/823/750 888/888/814 889/889/815
f 825/825/752 824/824/751 890/890/816
f 824/824/751 889/889/815 890/890/816
f 826/826/753 825/825/752 891/891/817
f 825/825/752 890/890/816 891/891/817
f 827/827/754 826/826/753 892/892/818
f 826/826/753 891/891/817 892/892/818
f 828/828/755 827/827/754 893/893/819
f 827/827/754 892/892/818 893/893/819
f 829/829/756 828/828/755 894/894/820
f 828/828/755 893/893/819 894/894/820
f 830/830/757 829/829/756 895/895/821
f 829/829/756 894/894/820 895/895/821
f 831/831/758 830/830/757 896/896/822
f 830/830/757 895/895/821 896/896/822
f 832/832/759 831/831/758 897/897/823
f 831/831/758 896/896/822 897/897/823
f 833/833/760 832/832/759 898/898/824
f 832/832/759 897/897/823 898/898/824
f 834/834/761 833/833/760 899/899/825
f 833/833/760 898/898/824 899/899/825
f 835/835/762 834/834/761 900/900/826
f 834/834/761 899/899/825 900/900/826
f 836/836/763 835/835/762 901/901/827
f 835/835/762 900/900/826 901/901/827
f 837/837/764 836/836/763 902/902/828
f 836/836/763 901/901/827 902/902/828
f 838/838/765 837/837/764 903/903/829
f 837/837/764 902/902/828 903/903/829
f 839/839/766 838/838/765 904/904/830
f 838/838/765 903/903/829 904/904/830
f 840/840/767 839/839/766 905/905/831
f 839/839/766 904/904/830 905/905/831
f 841/841/768 840/840/767 906/906/832
f 840/840/767 905/905/831 906/906/832
f 842/842/769 841/841/768 907/907/833
f 841/841/768 906/906/832 907/907/833
f 843/843/770 842/842/769 908/908/834
f 842/842/769 907/907/833 908/908/834
f 844/844/708 843/843/770 909/909/772
f 843/843/770 908/908/834 909/909/772
f 845/845/771 846/846/772 910/910/835
f 846/846/772 911/911/836 910/910/835
f 847/847/773 845/845/771 912/912/837
f 845/845/771 910/910/835 912/912/837
f 848/848/774 847/847/773 913/913/838
f 847/847/773 912/912/837 913/913/838
f 849/849/775 848/848/774 914/914/839
f 848/848/774 913/913/838 914/914/839
f 850/850/776 849/849/775 915/915/840
f 849/849/775 914/914/839 915/915/840
f 851/851/777 850/850/776 916/916/841
f 850/850/776 915/915/840 916/916/841
f 852/852/778 851/851/777 917/917/842
f 851/851/777 916/916/841 917/917/842
f 853/853/779 852/852/778 918/918/843
f 852/852/778 917/917/842 918/918/843
f 854/854/780 853/853/779 919/919/844
f 853/853/779 918/918/843 919/919/844
f 855/855/781 854/854/780 920/920/845
f 854/854/780 919/919/844 920/920/845
f 856/856/782 855/855/781 921/921/846
f 855/855/781 920/920/845 921/921/846
f 857/857/783 856/856/782 922/922/847
f 856/856/782 921/921/846 922/922/847
f 858/858/784 857/857/783 923/923/848
f 857/857/783 922/922/847 923/923/848
f 859/859/785 858/858/784 924/924/849
f 858/858/784 923/923/848 924/924/849
f 860/860/786 859/859/785 925/925/850
f 859/859/785 924/924/849 925/925/850
f 861/861/787 860/860/786 926/926/851
f 860/860/786 925/925/850 926/926/851
f 862/862/788 861/861/787 927/927/852
f 861/861/787 926/926/851 927/927/852
f 863/863/789 862/862/788 928/928/853
f 862/862/788 927/927/852 928/928/853
f 864/864/790 863/863/789 929/929/854
f 863/863/789 928/928/853 929/929/854
f 865/865/791 864/864/790 930/930/855
f 864/864/790 929/929/854 930/930/855
f 866/866/792 865/865/791 931/931/856
f 865/865/791 930/930/855 931/931/856
f 867/867/793 866/866/792 932/932/857
f 866/866/792 931/931/856 932/932/857
f 868/868/794 867/867/793 933/933/858
f 867/867/793 932/932/857 933/933/858
f 869/869/795 868/868/794 934/934/859
f 868/868/794 933/933/858 934/934/859
f 870/870/796 869/869/795 935/935/860
f 869/869/795 934/934/859 935/935/860
f 871/871/797 870/870/796 936/936/861
f 870/870/796 935/935/860 936/936/861
f 872/872/798 871/871/797 937/937/862
f 871/871/797 936/936/861 937/937/862
f 873/873/799 872/872/798 938/938/863
f 872/872/798 937/937/862 938/938/863
f 874/874/800 873/873/799 939/939/864
f 873/873/799 938/938/863 939/939/864
f 875/875/801 874/874/800 940/940/865
f 874/874/800 939/939/864 940/940/865
f 876/876/802 875/875/801 941/941/866
f 875/875/801 940/940/865 941/941/866
f 877/877/803 876/876/802 942/942/867
f 876/876/802 941/941/866 942/942/867
f 878/878/804 877/877/803 943/943/868
f 877/877/803 942/942/867 943/943/868
f 879/879/805 878/878/804 944/944/869
f 878/878/804 943/943/868 944/944/869
f 880/880/806 879/879/805 945/945/870
f 879/879/805 944/944/869 945/945/870
f 881/881/807 880/880/806 946/946/871
f 880/880/806 945/945/870 946/946/871
f 882/882/808 881/881/807 947/947/872
f 881/881/807 946/946/871 947/947/872
f 883/883/809 882/882/808 948/948/873
f 882/882/808 947/947/872 948/948/873
f 884/884/810 883/883/809 949/949/874
f 883/883/809 948/948/873 949/949/874
f 885/885/811 884/884/810 950/950/875
f 884/884/810 949/949/874 950/950/875
f 886/886/812 885/885/811 951/951/876
f 885/885/811 950/950/875 951/951/876
f 887/887/813 886/886/812 952/952/877
f 886/886/812 951/951/876 952/952/877
f 888/888/814 887/887/813 953/953/878
f 887/887/813 952/952/877 953/953/878
f 889/889/815 888/888/814 954/954/879
f 888/888/814 953/953/878 954/954/879
f 890/890/816 889/889/815 955/955/880
f 889/889/815 954/954/879 955/955/880
f 891/891/817 890/890/816 956/956/881
f 890/890/816 955/955/880 956/956/881
f 892/892/818 891/891/817 957/957/882
f 891/891/817 956/956/881 957/957/882
f 893/893/819 892/892/818 958/958/883
f 892/892/818 957/957/882 958/958/883
f 894/894/820 893/893/819 959/959/884
f 893/893/819 958/958/883 959/959/884
f 895/895/821 894/894/820 960/960/885
f 894/894/820 959/959/884 960/960/885
f 896/896/822 895/895/821 961/961/886
f 895/895/821 960/960/885 961/961/886
f 897/897/823 896/896/822 962/962/887
f 896/896/822 961/961/886 962/962/887
f 898/898/824 897/897/823 963/963/888
f 897/897/823 962/962/887 963/963/888
f 899/899/825 898/898/824 964/964/889
f 898/898/824 963/963/888 964/964/889
f 900/900/826 899/899/825 965/965/890
f 899/899/825 964/964/889 965/965/890
f 901/901/827 900/900/826 966/966/891
f 900/900/826 965/965/890 966/966/891
f 902/902/828 901/901/827 967/967/892
f 901/901/827 966/966/891 967/967/892
f 903/903/829 902/902/828 968/968/893
f 902/902/828 967/967/892 968/968/893
f 904/904/830 903/903/829 969/969/894
f 903/903/829 968/968/893 969/969/894
f 905/905/831 904/904/830 970/970/895
f 904/904/830 969/969/894 970/970/895
f 906/906/832 905/905/831 971/971/896
f 905/905/831 970/970/895 971/971/896
f 907/907/833 906/906/832 972/972/897
f 906/906/832 971/971/896 972/972/897
f 908/908/834 907/907/833 973/973/898
f 907/907/833 972/972/897 973/973/898
f 909/909/772 908/908/834 974/974/836
f 908/908/834 973/973/898 974/974/836
f 910/910/835 911/911/836 975/975/899
f 911/911/836 976/976/900 975/975/899
f 912/912/837 910/910/835 977/977/901
f 910/910/835 975/975/899 977/977/901
f 913/913/838 912/912/837 978/978/902
f 912/912/837 977/977/901 978/978/902
f 914/914/839 913/913/838 979/979/903
f 913/913/838 978/978/902 979/979/903
f 915/915/840 914/914/839 980/980/904
f 914/914/839 979/979/903 980/980/904
f 916/916/841 915/915/840 981/981/905
f 915/915/840 980/980/904 981/981/905
f 917/917/842 916/916/841 982/982/906
f 916/916/841 981/981/905 982/982/906
f 918/918/843 917/917/842 983/983/907
f 917/917/842 982/982/906 983/983/907
f 919/919/844 918/918/843 984/984/908
f 918/918/843 983/983/907 984/984/908
f 920/920/845 919/919/844 985/985/909
f 919/919/844 984/984/908 985/985/909
f 921/921/846 920/920/845 986/986/910
f 920/920/845 985/985/909 986/986/910
f 922/922/847 921/921/846 987/987/911
f 921/921/846 986/986/910 987/987/911
f 923/923/848 922/922/847 988/988/912
f 922/922/847 987/987/911 988/988/912
f 924/924/849 923/923/848 989/989/913
f 923/923/848 988/988/912 989/989/913
f 925/925/850 924/924/849 990/990/914
f 924/924/849 989/989/913 990/990/914
f 926/926/851 925/925/850 991/991/915
f 925/925/850 990/990/914 991/991/915
f 927/927/852 926/926/851 992/992/916
f 926/926/851 991/991/915 992/992/916
f 928/928/853 927/927/852 993/993/917
f 927/927/852 992/992/916 993/993/917
f 929/929/854 928/928/853 994/994/918
f 928/928/853 993/993/917 994/994/918
f 930/930/855 929/929/854 995/995/919
f 929/929/854 994/994/918 995/995/919
f 931/931/856 930/930/855 996/996/920
f 930/930/855 995/995/919 996/996/920
f 932/932/857 931/931/856 997/997/921
f 931/931/856 996/996/920 997/997/921
f 933/933/858 932/932/857 998/998/922
f 932/932/857 997/997/921 998/998/922
f 934/934/859 933/933/858 999/999/923
f 933/933/858 998/998/922 999/999/923
f 935/935/860 934/934/859 1000/1000/924
f 934/934/859 999/999/923 1000/1000/924
f 936/936/861 935/935/860 1001/1001/925
f 935/935/860 1000/1000/924 1001/1001/925
f 937/937/862 936/936/861 1002/1002/926
f 936/936/861 1001/1001/925 1002/1002/926
f 938/938/863 937/937/862 1003/1003/927
f 937/937/862 1002/1002/926 1003/1003/927
f 939/939/864 938/938/863 1004/1004/928
f 938/938/863 1003/1003/927 1004/1004/928
f 940/940/865 939/939/864 1005/1005/929
f 939/939/864 1004/1004/928 1005/1005/929
f 941/941/866 940/940/865 1006/1006/930
f 940/940/865 1005/1005/929 1006/1006/930
f 942/942/867 941/941/866 1007/1007/931
f 941/941/866 1006/1006/930 1007/1007/931
f 943/943/868 942/942/867 1008/1008/932
f 942/942/867 1007/1007/931 1008/1008/932
f 944/944/869 943/943/868 1009/1009/933
f 943/943/868 1008/1008/932 1009/1009/933
f 945/945/870 944/944/869 1010/1010/934
f 944/944/869 1009/1009/933 1010/1010/934
f 946/946/871 945/945/870 1011/1011/935
f 945/945/870 1010/1010/934 1011/1011/935
f 947/947/872 946/946/871 1012/1012/936
f 946/946/871 1011/1011/935 1012/1012/936
f 948/948/873 947/947/872 1013/1013/937
f 947/947/872 1012/1012/936 1013/1013/937
f 949/949/874 948/948/873 1014/1014/938
f 948/948/873 1013/1013/937 1014/1014/938
f 950/950/875 949/949/874 1015/1015/939
f 949/949/874 1014/1014/938 1015/1015/939
f 951/951/876 950/950/875 1016/1016/940
f 950/950/875 1015/1015/939 1016/1016/940
f 952/952/877 951/951/876 1017/1017/941
f 951/951/876 1016/1016/940 1017/1017/941
f 953/953/878 952/952/877 1018/1018/942
f 952/952/877 1017/1017/941 1018/1018/942
f 954/954/879 953/953/878 1019/1019/943
f 953/953/878 1018/1018/942 1019/1019/943
f 955/955/880 954/954/879 1020/1020/944
f 954/954/879 1019/1019/943 1020/1020/944
f 956/956/881 955/955/880 1021/1021/945
f 955/955/880 1020/1020/944 1021/1021/945
f 957/957/882 956/956/881 1022/1022/946
f 956/956/881 1021/1021/945 1022/1022/946
f 958/958/883 957/957/882 1023/1023/947
f 957/957/882 1022/1022/946 1023/1023/947
f 959/959/884 958/958/883 1024/1024/948
f 958/958/883 1023/1023/947 1024/1024/948
f 960/960/885 959/959/884 1025/1025/949
f 959/959/884 1024/1024/948 1025/1025/949
f 961/961/886 960/960/885 1026/1026/950
f 960/960/885 1025/1025/949 1026/1026/950
f 962/962/887 961/961/886 1027/1027/951
f 961/961/886 1026/1026/950 1027/1027/951
f 963/963/888 962/962/887 1028/1028/952
f 962/962/887 1027/1027/951 1028/1028/952
f 964/964/889 963/963/888 1029/1029/953
f 963/963/888 1028/1028/952 1029/1029/953
f 965/965/890 964/964/889 1030/1030/954
f 964/964/889 1029/1029/953 1030/1030/954
f 966/966/891 965/965/890 1031/1031/955
f 965/965/890 1030/1030/954 1031/1031/955
f 967/967/892 966/966/891 1032/1032/956
f 966/966/891 1031/1031/955 1032/1032/956
f 968/968/893 967/967/892 1033/1033/957
f 967/967/892 1032/1032/956 1033/1033/957
f 969/969/894 968/968/893 1034/1034/958
f 968/968/893 1033/1033/957 1034/1034/958
f 970/970/895 969/969/894 1035/1035/959
f 969/969/894 1034/1034/958 1035/1035/959
f 971/971/896 970/970/895 1036/1036/960
f 970/970/895 1035/1035/959 1036/1036/960
f 972/972/897 971/971/896 1037/1037/961
f 971/971/896 1036/1036/960 1037/1037/961
f 973/973/898 972/972/897 1038/1038/962
f 972/972/897 1037/1037/961 1038/1038/962
f 974/974/836 973/973/898 1039/1039/963
f 973/973/898 1038/1038/962 1039/1039/963
f 975/975/899 976/976/900 1040/1040/964
f 976/976/900 1041/1041/965 1040/1040/964
f 977/977/901 975/975/899 1042/1042/966
f 975/975/899 1040/1040/964 1042/1042/966
f 978/978/902 977/977/901 1043/1043/967
f 977/977/901 1042/1042/966 1043/1043/967
f 979/979/903 978/978/902 1044/1044/968
f 978/978/902 1043/1043/967 1044/1044/968
f 980/980/904 979/979/903 1045/1045/969
f 979/979/903 1044/1044/968 1045/1045/969
f 981/981/905 980/980/904 1046/1046/970
f 980/980/904 1045/1045/969 1046/1046/970
f 982/982/906 981/981/905 1047/1047/971
f 981/981/905 1046/1046/970 1047/1047/971
f 983/983/907 982/982/906 1048/1048/972
f 982/982/906 1047/1047/971 1048/1048/972
f 984/984/908 983/983/907 1049/1049/973
f 983/983/907 1048/1048/972 1049/1049/973
f 985/985/909 984/984/908 1050/1050/974
f 984/984/908 1049/1049/973 1050/1050/974
f 986/986/910 985/985/909 1051/1051/975
f 985/985/909 1050/1050/974 1051/1051/975
f 987/987/911 986/986/910 1052/1052/976
f 986/986/910 1051/1051/975 1052/1052/976
f 988/988/912 987/987/911 1053/1053/977
f 987/987/911 1052/1052/976 1053/1053/977
f 989/989/913 988/988/912 1054/1054/978
f 988/988/912 1053/1053/977 1054/1054/978
f 990/990/914 989/989/913 1055/1055/979
f 989/989/913 1054/1054/978 1055/1055/979
f 991/991/915 990/990/914 1056/1056/980
f 990/990/914 1055/1055/979 1056/1056/980
f 992/992/916 991/991/915 1057/1057/981
f 991/991/915 1056/1056/980 1057/1057/981
f 993/993/917 992/992/916 1058/1058/982
f 992/992/916 1057/1057/981 1058/1058/982
f 994/994/918 993/993/917 1059/1059/983
f 993/993/917 1058/1058/982 1059/1059/983
f 995/995/919 994/994/918 1060/1060/984
f 994/994/918 1059/1059/983 1060/1060/984
f 996/996/920 995/995/919 1061/1061/985
f 995/995/919 1060/1060/984 1061/1061/985
f 997/997/921 996/996/920 1062/1062/986
f 996/996/920 1061/1061/985 1062/1062/986
f 998/998/922 997/997/921 1063/1063/987
f 997/997/921 1062/1062/986 1063/1063/987
f 999/999/923 998/998/922 1064/1064/988
f 998/998/922 1063/1063/987 1064/1064/988
f 1000/1000/924 999/999/923 1065/1065/989
f 999/999/923 1064/1064/988 1065/1065/989
f 1001/1001/925 1000/1000/924 1066/1066/990
f 1000/1000/924 1065/1065/989 1066/1066/990
f 1002/1002/926 1001/1001/925 1067/1067/991
f 1001/1001/925 1066/1066/990 1067/1067/991
f 1003/1003/927 1002/1002/926 1068/1068/992
f 1002/1002/926 1067/1067/991 1068/1068/992
f 1004/1004/928 1003/1003/927 1069/1069/993
f 1003/1003/927 1068/1068/992 1069/1069/993
f 1005/1005/929 1004/1004/928 1070/1070/994
f 1004/1004/928 1069/1069/993 1070/1070/994
f 1006/1006/930 1005/1005/929 1071/1071/995
f 1005/1005/929 1070/1070/994 1071/1071/995
f 1007/1007/931 1006/1006/930 1072/1072/996
f 1006/1006/930 1071/1071/995 1072/1072/996
f 1008/1008/932 1007/1007/931 1073/1073/997
f 1007/1007/931 1072/1072/996 1073/1073/997
f 1009/1009/933 1008/1008/932 1074/1074/998
f 1008/1008/932 1073/1073/997 1074/1074/998
f 1010/1010/934 1009/1009/933 1075/1075/999
f 1009/1009/933 1074/1074/998 1075/1075/999
f 1011/1011/935 1010/1010/934 1076/1076/1000
f 1010/1010/934 1075/1075/999 1076/1076/1000
f 1012/1012/936 1011/1011/935 1077/1077/1001
f 1011/1011/935 1076/1076/1000 1077/1077/1001
f 1013/1013/937 1012/1012/936 1078/1078/1002
f 1012/1012/936 1077/1077/1001 1078/1078/1002
f 1014/1014/938 1013/1013/937 1079/1079/1003
f 1013/1013/937 1078/1078/1002 1079/1079/1003
f 1015/1015/939 1014/1014/938 1080/1080/1004
f 1014/1014/938 1079/1079/1003 1080/1080/1004
f 1016/1016/940 1015/1015/939 1081/1081/1005
f 1015/1015/939 1080/1080/1004 1081/1081/1005
f 1017/1017/941 1016/1016/940 1082/1082/1006
f 1016/1016/940 1081/1081/1005 1082/1082/1006
f 1018/1018/942 1017/1017/941 1083/1083/1007
f 1017/1017/941 1082/1082/1006 1083/1083/1007
f 1019/1019/943 1018/1018/942 1084/1084/1008
f 1018/1018/942 1083/1083/1007 1084/1084/1008
f 1020/1020/944 1019/1019/943 1085/1085/1009
f 1019/1019/943 1084/1084/1008 1085/1085/1009
f 1021/1021/945 1020/1020/944 1086/1086/1010
f 1020/1020/944 1085/1085/1009 1086/1086/1010
f 1022/1022/946 1021/1021/945 1087/1087/1011
f 1021/1021/945 1086/1086/1010 1087/1087/1011
f 1023/1023/947 1022/1022/946 1088/1088/1012
f 1022/1022/946 1087/1087/1011 1088/1088/1012
f 1024/1024/948 1023/1023/947 1089/1089/1013
f 1023/1023/947 1088/1088/1012 1089/1089/1013
f 1025/1025/949 1024/1024/948 1090/1090/1014
f 1024/1024/948 1089/1089/1013 1090/1090/1014
f 1026/1026/950 1025/1025/949 1091/1091/1015
f 1025/1025/949 1090/1090/1014 1091/1091/1015
f 1027/1027/951 1026/1026/950 1092/1092/1016
f 1026/1026/950 1091/1091/1015 1092/1092/1016
f 1028/1028/952 1027/1027/951 1093/1093/1017
f 1027/1027/951 1092/1092/1016 1093/1093/1017
f 1029/1029/953 1028/1028/952 1094/1094/1018
f 1028/1028/952 1093/1093/1017 1094/1094/1018
f 1030/1030/954 1029/1029/953 1095/1095/1019
f 1029/1029/953 1094/1094/1018 1095/1095/1019
f 1031/1031/955 1030/1030/954 1096/1096/1020
f 1030/1030/954 1095/1095/1019 1096/1096/1020
f 1032/1032/956 1031/1031/955 1097/1097/1021
f 1031/1031/955 1096/1096/1020 1097/1097/1021
f 1033/1033/957 1032/1032/956 1098/1098/1022
f 1032/1032/956 1097/1097/1021 1098/1098/1022
f 1034/1034/958 1033/1033/957 1099/1099/1023
f 1033/1033/957 1098/1098/1022 1099/1099/1023
f 1035/1035/959 1034/1034/958 1100/1100/1024
f 1034/1034/958 1099/1099/1023 1100/1100/1024
f 1036/1036/960 1035/1035/959 1101/1101/1025
f 1035/1035/959 1100/1100/1024 1101/1101/1025
f 1037/1037/961 1036/1036/960 1102/1102/1026
f 1036/1036/960 1101/1101/1025 1102/1102/1026
f 1038/1038/962 1037/1037/961 1103/1103/1027
f 1037/1037/961 1102/1102/1026 1103/1103/1027
f 1039/1039/963 1038/1038/962 1104/1104/965
f 1038/1038/962 1103/1103/1027 1104/1104/965
f 1040/1040/964 1041/1041/965 1105/1105/1028
f 1041/1041/965 1106/1106/1029 1105/1105/1028
f 1042/1042/966 1040/1040/964 1107/1107/1030
f 1040/1040/964 1105/1105/1028 1107/1107/1030
f 1043/1043/967 1042/1042/966 1108/1108/1031
f 1042/1042/966 1107/1107/1030 1108/1108/1031
f 1044/1044/968 1043/1043/967 1109/1109/1032
f 1043/1043/967 1108/1108/1031 1109/1109/1032
f 1045/1045/969 1044/1044/968 1110/1110/1033
f 1044/1044/968 1109/1109/1032 1110/1110/1033
f 1046/1046/970 1045/1045/969 1111/1111/1034
f 1045/1045/969 1110/1110/1033 1111/1111/1034
f 1047/1047/971 1046/1046/970 1112/1112/1035
f 1046/1046/970 1111/1111/1034 1112/1112/1035
f 1048/1048/972 1047/1047/971 1113/1113/1036
f 1047/1047/971 1112/1112/1035 1113/1113/1036
f 1049/1049/973 1048/1048/972 1114/1114/1037
f 1048/1048/972 1113/1113/1036 1114/1114/1037
f 1050/1050/974 1049/1049/973 1115/1115/1038
f 1049/1049/973 1114/1114/1037 1115/1115/1038
f 1051/1051/975 1050/1050/974 1116/1116/1039
f 1050/1050/974 1115/1115/1038 1116/1116/1039
f 1052/1052/976 1051/1051/975 1117/1117/1040
f 1051/1051/975 1116/1116/1039 1117/1117/1040
f 1053/1053/977 1052/1052/976 1118/1118/1041
f 1052/1052/976 1117/1117/1040 1118/1118/1041
f 1054/1054/978 1053/1053/977 1119/1119/1042
f 1053/1053/977 1118/1118/1041 1119/1119/1042
f 1055/1055/979 1054/1054/978 1120/1120/1043
f 1054/1054/978 1119/1119/1042 1120/1120/1043
f 1056/1056/980 1055/1055/979 1121/1121/1044
f 1055/1055/979 1120/1120/1043 1121/1121/1044
f 1057/1057/981 1056/1056/980 1122/1122/1045
f 1056/1056/980 1121/1121/1044 1122/1122/1045
f 1058/1058/982 1057/1057/981 1123/1123/1046
f 1057/1057/981 1122/1122/1045 1123/1123/1046
f 1059/1059/983 1058/1058/982 1124/1124/1047
f 1058/1058/982 1123/1123/1046 1124/1124/1047
f 1060/1060/984 1059/1059/983 1125/1125/1048
f 1059/1059/983 1124/1124/1047 1125/1125/1048
f 1061/1061/985 1060/1060/984 1126/1126/1049
f 1060/1060/984 1125/1125/1048 1126/1126/1049
f 1062/1062/986 1061/1061/985 1127/1127/1050
f 1061/1061/985 1126/1126/1049 1127/1127/1050
f 1063/1063/987 1062/1062/986 1128/1128/1051
f 1062/1062/986 1127/1127/1050 1128/1128/1051
f 1064/1064/988 1063/1063/987 1129/1129/1052
f 1063/1063/987 1128/1128/1051 1129/1129/1052
f 1065/1065/989 1064/1064/988 1130/1130/1053
f 1064/1064/988 1129/1129/1052 1130/1130/1053
f 1066/1066/990 1065/1065/989 1131/1131/1054
f 1065/1065/989 1130/1130/1053 1131/1131/1054
f 1067/1067/991 1066/1066/990 1132/1132/1055
f 1066/1066/990 1131/1131/1054 1132/1132/1055
f 1068/1068/992 1067/1067/991 1133/1133/1056
f 1067/1067/991 1132/1132/1055 1133/1133/1056
f 1069/1069/993 1068/1068/992 1134/1134/1057
f 1068/1068/992 1133/1133/1056 1134/1134/1057
f 1070/1070/994 1069/1069/993 1135/1135/1058
f 1069/1069/993 1134/1134/1057 1135/1135/1058
f 1071/1071/995 1070/1070/994 1136/1136/1059
f 1070/1070/994 1135/1135/1058 1136/1136/1059
f 1072/1072/996 1071/1071/995 1137/1137/1060
f 1071/1071/995 1136/1136/1059 1137/1137/1060
f 1073/1073/997 1072/1072/996 1138/1138/1061
f 1072/1072/996 1137/1137/1060 1138/1138/1061
f 1074/1074/998 1073/1073/997 1139/1139/1062
f 1073/1073/997 1138/1138/1061 1139/1139/1062
f 1075/1075/999 1074/1074/998 1140/1140/1063
f 1074/1074/998 1139/1139/1062 1140/1140/1063
f 1076/1076/1000 1075/1075/999 1141/1141/1064
f 1075/1075/999 1140/1140/1063 1141/1141/1064
f 1077/1077/1001 1076/1076/1000 1142/1142/1065
f 1076/1076/1000 1141/1141/1064 1142/1142/1065
f 1078/1078/1002 1077/1077/1001 1143/1143/1066
f 1077/1077/1001 1142/1142/1065 1143/1143/1066
f 1079/1079/1003 1078/1078/1002 1144/1144/1067
f 1078/1078/1002 1143/1143/1066 1144/1144/1067
f 1080/1080/1004 1079/1079/1003 1145/1145/1068
f 1079/1079/1003 1144/1144/1067 1145/1145/1068
f 1081/1081/1005 1080/1080/1004 1146/1146/1069
f 1080/1080/1004 1145/1145/1068 1146/1146/1069
f 1082/1082/1006 1081/1081/1005 1147/1147/1070
f 1081/1081/1005 1146/1146/1069 1147/1147/1070
f 1083/1083/1007 1082/1082/1006 1148/1148/1071
f 1082/1082/1006 1147/1147/1070 1148/1148/1071
f 1084/1084/1008 1083/1083/1007 1149/1149/1072
f 1083/1083/1007 1148/1148/1071 1149/1149/1072
f 1085/1085/1009 1084/1084/1008 1150/1150/1073
f 1084/1084/1008 1149/1149/1072 1150/1150/1073
f 1086/1086/1010 1085/1085/1009 1151/1151/1074
f 1085/1085/1009 1150/1150/1073 1151/1151/1074
f 1087/1087/1011 1086/1086/1010 1152/1152/1075
f 1086/1086/1010 1151/1151/1074 1152/1152/1075
f 1088/1088/1012 1087/1087/1011 1153/1153/1076
f 1087/1087/1011 1152/1152/1075 1153/1153/1076
f 1089/1089/1013 1088/1088/1012 1154/1154/1077
f 1088/1088/1012 1153/1153/1076 1154/1154/1077
f 1090/1090/1014 1089/1089/1013 1155/1155/1078
f 1089/1089/1013 1154/1154/1077 1155/1155/1078
f 1091/1091/1015 1090/1090/1014 1156/1156/1079
f 1090/1090/1014 1155/1155/1078 1156/1156/1079
f 1092/1092/1016 1091/1091/1015 1157/1157/1080
f 1091/1091/1015 1156/1156/1079 1157/1157/1080
f 1093/1093/1017 1092/1092/1016 1158/1158/1081
f 1092/1092/1016 1157/1157/1080 1158/1158/1081
f 1094/1094/1018 1093/1093/1017 1159/1159/1082
f 1093/1093/1017 1158/1158/1081 1159/1159/1082
f 1095/1095/1019 1094/1094/1018 1160/1160/1083
f 1094/1094/1018 1159/1159/1082 1160/1160/1083
f 1096/1096/1020 1095/1095/1019 1161/1161/1084
f 1095/1095/1019 1160/1160/1083 1161/1161/1084
f 1097/1097/1021 1096/1096/1020 1162/1162/1085
f 1096/1096/1020 1161/1161/1084 1162/1162/1085
f 1098/1098/1022 1097/1097/1021 1163/1163/1086
f 1097/1097/1021 1162/1162/1085 1163/1163/1086
f 1099/1099/1023 1098/1098/1022 1164/1164/1087
f 1098/1098/1022 1163/1163/1086 1164/1164/1087
f 1100/1100/1024 1099/1099/1023 1165/1165/1088
f 1099/1099/1023 1164/1164/1087 1165/1165/1088
f 1101/1101/1025 1100/1100/1024 1166/1166/1089
f 1100/1100/1024 1165/1165/1088 1166/1166/1089
f 1102/1102/1026 1101/1101/1025 1167/1167/1090
f 1101/1101/1025 1166/1166/1089 1167/1167/1090
f 1103/1103/1027 1102/1102/1026 1168/1168/1091
f 1102/1102/1026 1167/1167/1090 1168/1168/1091
f 1104/1104/965 1103/1103/1027 1169/1169/1092
f 1103/1103/1027 1168/1168/1091 1169/1169/1092
f 1105/1105/1028 1106/1106/1029 1170/1170/1093
f 1106/1106/1029 1171/1171/1094 1170/1170/1093
f 1107/1107/1030 1105/1105/1028 1172/1172/1095
f 1105/1105/1028 1170/1170/1093 1172/1172/1095
f 1108/1108/1031 1107/1107/1030 1173/1173/1096
f 1107/1107/1030 1172/1172/1095 1173/1173/1096
f 1109/1109/1032 1108/1108/1031 1174/1174/1097
f 1108/1108/1031 1173/1173/1096 1174/1174/1097
f 1110/1110/1033 1109/1109/1032 1175/1175/1098
f 1109/1109/1032 1174/1174/1097 1175/1175/1098
f 1111/1111/1034 1110/1110/1033 1176/1176/1099
f 1110/1110/1033 1175/1175/1098 1176/1176/1099
f 1112/1112/1035 1111/1111/1034 1177/1177/1100
f 1111/1111/1034 1176/1176/1099 1177/1177/1100
f 1113/1113/1036 1112/1112/1035 1178/1178/1101
f 1112/1112/1035 1177/1177/1100 1178/1178/1101
f 1114/1114/1037 1113/1113/1036 1179/1179/1102
f 1113/1113/1036 1178/1178/1101 1179/1179/1102
f 1115/1115/1038 1114/1114/1037 1180/1180/1103
f 1114/1114/1037 1179/1179/1102 1180/1180/1103
f 1116/1116/1039 1115/1115/1038 1181/1181/1104
f 1115/1115/1038 1180/1180/1103 1181/1181/1104
f 1117/1117/1040 1116/1116/1039 1182/1182/1105
f 1116/1116/1039 1181/1181/1104 1182/1182/1105
f 1118/1118/1041 1117/1117/1040 1183/1183/1106
f 1117/1117/1040 1182/1182/1105 1183/1183/1106
f 1119/1119/1042 1118/1118/1041 1184/1184/1107
f 1118/1118/1041 1183/1183/1106 1184/1184/1107
f 1120/1120/1043 1119/1119/1042 1185/1185/1108
f 1119/1119/1042 1184/1184/1107 1185/1185/1108
f 1121/1121/1044 1120/1120/1043 1186/1186/1109
f 1120/1120/1043 1185/1185/1108 1186/1186/1109
f 1122/1122/1045 1121/1121/1044 1187/1187/1110
f 1121/1121/1044 1186/1186/1109 1187/1187/1110
f 1123/1123/1046 1122/1122/1045 1188/1188/1111
f 1122/1122/1045 1187/1187/1110 1188/1188/1111
f 1124/1124/1047 1123/1123/1046 1189/1189/1112
f 1123/1123/1046 1188/1188/1111 1189/1189/1112
f 1125/1125/1048 1124/1124/1047 1190/1190/1113
f 1124/1124/1047 1189/1189/1112 1190/1190/1113
f 1126/1126/1049 1125/1125/1048 1191/1191/1114
f 1125/1125/1048 1190/1190/1113 1191/1191/1114
f 1127/1127/1050 1126/1126/1049 1192/1192/1115
f 1126/1126/1049 1191/1191/1114 1192/1192/1115
f 1128/1128/1051 1127/1127/1050 1193/1193/1116
f 1127/1127/1050 1192/1192/1115 1193/1193/1116
f 1129/1129/1052 1128/1128/1051 1194/1194/1117
f 1128/1128/1051 1193/1193/1116 1194/1194/1117
f 1130/1130/1053 1129/1129/1052 1195/1195/1118
f 1129/1129/1052 1194/1194/1117 1195/1195/1118
f 1131/1131/1054 1130/1130/1053 1196/1196/1119
f 1130/1130/1053 1195/1195/1118 1196/1196/1119
f 1132/1132/1055 1131/1131/1054 1197/1197/1120
f 1131/1131/1054 1196/1196/1119 1197/1197/1120
f 1133/1133/1056 1132/1132/1055 1198/1198/1121
f 1132/1132/1055 1197/1197/1120 1198/1198/1121
f 1134/1134/1057 1133/1133/1056 1199/1199/1122
f 1133/1133/1056 1198/1198/1121 1199/1199/1122
f 1135/1135/1058 1134/1134/1057 1200/1200/1123
f 1134/1134/1057 1199/1199/1122 1200/1200/1123
f 1136/1136/1059 1135/1135/1058 1201/1201/1124
f 1135/1135/1058 1200/1200/1123 1201/1201/1124
f 1137/1137/1060 1136/1136/1059 1202/1202/1125
f 1136/1136/1059 1201/1201/1124 1202/1202/1125
f 1138/1138/1061 1137/1137/1060 1203/1203/1126
f 1137/1137/1060 1202/1202/1125 1203/1203/1126
f 1139/1139/1062 1138/1138/1061 1204/1204/1127
f 1138/1138/1061 1203/1203/1126 1204/1204/1127
f 1140/1140/1063 1139/1139/1062 1205/1205/1128
f 1139/1139/1062 1204/1204/1127 1205/1205/1128
f 1141/1141/1064 1140/1140/1063 1206/1206/1129
f 1140/1140/1063 1205/1205/1128 1206/1206/1129
f 1142/1142/1065 1141/1141/1064 1207/1207/1130
f 1141/1141/1064 1206/1206/1129 1207/1207/1130
f 1143/1143/1066 1142/1142/1065 1208/1208/1131
f 1142/1142/1065 1207/1207/1130 1208/1208/1131
f 1144/1144/1067 1143/1143/1066 1209/1209/1132
f 1143/1143/1066 1208/1208/1131 1209/1209/1132
f 1145/1145/1068 1144/1144/1067 1210/1210/1133
f 1144/1144/1067 1209/1209/1132 1210/1210/1133
f 1146/1146/1069 1145/1145/1068 1211/1211/1134
f 1145/1145/1068 1210/1210/1133 1211/1211/1134
f 1147/1147/1070 1146/1146/1069 1212/1212/1135
f 1146/1146/1069 1211/1211/1134 1212/1212/1135
f 1148/1148/1071 1147/1147/1070 1213/1213/1136
f 1147/1147/1070 1212/1212/1135 1213/1213/1136
f 1149/1149/1072 1148/1148/1071 1214/1214/1137
f 1148/1148/1071 1213/1213/1136 1214/1214/1137
f 1150/1150/1073 1149/1149/1072 1215/1215/1138
f 1149/1149/1072 1214/1214/1137 1215/1215/1138
f 1151/1151/1074 1150/1150/1073 1216/1216/1139
f 1150/1150/1073 1215/1215/1138 1216/1216/1139
f 1152/1152/1075 1151/1151/1074 1217/1217/1140
f 1151/1151/1074 1216/1216/1139 1217/1217/1140
f 1153/1153/1076 1152/1152/1075 1218/1218/1141
f 1152/1152/1075 1217/1217/1140 1218/1218/1141
f 1154/1154/1077 1153/1153/1076 1219/1219/1142
f 1153/1153/1076 1218/1218/1141 1219/1219/1142
f 1155/1155/1078 1154/1154/1077 1220/1220/1143
f 1154/1154/1077 1219/1219/1142 1220/1220/1143
f 1156/1156/1079 1155/1155/1078 1221/1221/1144
f 1155/1155/1078 1220/1220/1143 1221/1221/1144
f 1157/1157/1080 1156/1156/1079 1222/1222/1145
f 1156/1156/1079 1221/1221/1144 1222/1222/1145
f 1158/1158/1081 1157/1157/1080 1223/1223/1146
f 1157/1157/1080 1222/1222/1145 1223/1223/1146
f 1159/1159/1082 1158/1158/1081 1224/1224/1147
f 1158/1158/1081 1223/1223/1146 1224/1224/1147
f 1160/1160/1083 1159/1159/1082 1225/1225/1148
f 1159/1159/1082 1224/1224/1147 1225/1225/1148
f 1161/1161/1084 1160/1160/1083 1226/1226/1149
f 1160/1160/1083 1225/1225/1148 1226/1226/1149
f 1162/1162/1085 1161/1161/1084 1227/1227/1150
f 1161/1161/1084 1226/1226/1149 1227/1227/1150
f 1163/1163/1086 1162/1162/1085 1228/1228/1151
f 1162/1162/1085 1227/1227/1150 1228/1228/1151
f 1164/1164/1087 1163/1163/1086 1229/1229/1152
f 1163/1163/1086 1228/1228/1151 1229/1229/1152
f 1165/1165/1088 1164/1164/1087 1230/1230/1153
f 1164/1164/1087 1229/1229/1152 1230/1230/1153
f 1166/1166/1089 1165/1165/1088 1231/1231/1154
f 1165/1165/1088 1230/1230/1153 1231/1231/1154
f 1167/1167/1090 1166/1166/1089 1232/1232/1155
f 1166/1166/1089 1231/1231/1154 1232/1232/1155
f 1168/1168/1091 1167/1167/1090 1233/1233/1156
f 1167/1167/1090 1232/1232/1155 1233/1233/1156
f 1169/1169/1092 1168/1168/1091 1234/1234/1094
f 1168/1168/1091 1233/1233/1156 1234/1234/1094
f 1170/1170/1093 1171/1171/1094 1235/1235/1157
f 1171/1171/1094 1236/1236/1158 1235/1235/1157
f 1172/1172/1095 1170/1170/1093 1237/1237/1159
f 1170/1170/1093 1235/1235/1157 1237/1237/1159
f 1173/1173/1096 1172/1172/1095 1238/1238/1160
f 1172/1172/1095 1237/1237/1159 1238/1238/1160
f 1174/1174/1097 1173/1173/1096 1239/1239/1161
f 1173/1173/1096 1238/1238/1160 1239/1239/1161
f 1175/1175/1098 1174/1174/1097 1240/1240/1162
f 1174/1174/1097 1239/1239/1161 1240/1240/1162
f 1176/1176/1099 1175/1175/1098 1241/1241/1163
f 1175/1175/1098 1240/1240/1162 1241/1241/1163
f 1177/1177/1100 1176/1176/1099 1242/1242/1164
f 1176/1176/1099 1241/1241/1163 1242/1242/1164
f 1178/1178/1101 1177/1177/1100 1243/1243/1165
f 1177/1177/1100 1242/1242/1164 1243/1243/1165
f 1179/1179/1102 1178/1178/1101 1244/1244/1166
f 1178/1178/1101 1243/1243/1165 1244/1244/1166
f 1180/1180/1103 1179/1179/1102 1245/1245/1167
f 1179/1179/1102 1244/1244/1166 1245/1245/1167
f 1181/1181/1104 1180/1180/1103 1246/1246/1168
f 1180/1180/1103 1245/1245/1167 1246/1246/1168
f 1182/1182/1105 1181/1181/1104 1247/1247/1169
f 1181/1181/1104 1246/1246/1168 1247/1247/1169
f 1183/1183/1106 1182/1182/1105 1248/1248/1170
f 1182/1182/1105 1247/1247/1169 1248/1248/1170
f 1184/1184/1107 1183/1183/1106 1249/1249/1171
f 1183/1183/1106 1248/1248/1170 1249/1249/1171
f 1185/1185/1108 1184/1184/1107 1250/1250/1172
f 1184/1184/1107 1249/1249/1171 1250/1250/1172
f 1186/1186/1109 1185/1185/1108 1251/1251/1173
f 1185/1185/1108 1250/1250/1172 1251/1251/1173
f 1187/1187/1110 1186/1186/1109 1252/1252/1174
f 1186/1186/1109 1251/1251/1173 1252/1252/1174
f 1188/1188/1111 1187/1187/1110 1253/1253/1175
f 1187/1187/1110 1252/1252/1174 1253/1253/1175
f 1189/1189/1112 1188/1188/1111 1254/1254/1176
f 1188/1188/1111 1253/1253/1175 1254/1254/1176
f 1190/1190/1113 1189/1189/1112 1255/1255/1177
f 1189/1189/1112 1254/1254/1176 1255/1255/1177
f 1191/1191/1114 1190/1190/1113 1256/1256/1178
f 1190/1190/1113 1255/1255/1177 1256/1256/1178
f 1192/1192/1115 1191/1191/1114 1257/1257/1179
f 1191/1191/1114 1256/1256/1178 1257/1257/1179
f 1193/1193/1116 1192/1192/1115 1258/1258/1180
f 1192/1192/1115 1257/1257/1179 1258/1258/1180
f 1194/1194/1117 1193/1193/1116 1259/1259/1181
f 1193/1193/1116 1258/1258/1180 1259/1259/1181
f 1195/1195/1118 1194/1194/1117 1260/1260/1182
f 1194/1194/1117 1259/1259/1181 1260/1260/1182
f 1196/1196/1119 1195/1195/1118 1261/1261/1183
f 1195/1195/1118 1260/1260/1182 1261/1261/1183
f 1197/1197/1120 1196/1196/1119 1262/1262/1184
f 1196/1196/1119 1261/1261/1183 1262/1262/1184
f 1198/1198/1121 1197/1197/1120 1263/1263/1185
f 1197/1197/1120 1262/1262/1184 1263/1263/1185
f 1199/1199/1122 1198/1198/1121 1264/1264/1186
f 1198/1198/1121 1263/1263/1185 1264/1264/1186
f 1200/1200/1123 1199/1199/1122 1265/1265/1187
f 1199/1199/1122 1264/1264/1186 1265/1265/1187
f 1201/1201/1124 1200/1200/1123 1266/1266/1188
f 1200/1200/1123 1265/1265/1187 1266/1266/1188
f 1202/1202/1125 1201/1201/1124 1267/1267/1189
f 1201/1201/1124 1266/1266/1188 1267/1267/1189
f 1203/1203/1126 1202/1202/1125 1268/1268/1190
f 1202/1202/1125 1267/1267/1189 1268/1268/1190
f 1204/1204/1127 1203/1203/1126 1269/1269/1191
f 1203/1203/1126 1268/1268/1190 1269/1269/1191
f 1205/1205/1128 1204/1204/1127 1270/1270/1192
f 1204/1204/1127 1269/1269/1191 1270/1270/1192
f 1206/1206/1129 1205/1205/1128 1271/1271/1193
f 1205/1205/1128 1270/1270/1192 1271/1271/1193
f 1207/1207/1130 1206/1206/1129 1272/1272/1194
f 1206/1206/1129 1271/1271/1193 1272/1272/1194
f 1208/1208/1131 1207/1207/1130 1273/1273/1195
f 1207/1207/1130 1272/1272/1194 1273/1273/1195
f 1209/1209/1132 1208/1208/1131 1274/1274/1196
f 1208/1208/1131 1273/1273/1195 1274/1274/1196
f 1210/1210/1133 1209/1209/1132 1275/1275/1197
f 1209/1209/1132 1274/1274/1196 1275/1275/1197
f 1211/1211/1134 1210/1210/1133 1276/1276/1198
f 1210/1210/1133 1275/1275/1197 1276/1276/1198
f 1212/1212/1135 1211/1211/1134 1277/1277/1199
f 1211/1211/1134 1276/1276/1198 1277/1277/1199
f 1213/1213/1136 1212/1212/1135 1278/1278/1200
f 1212/1212/1135 1277/1277/1199 1278/1278/1200
f 1214/1214/1137 1213/1213/1136 1279/1279/1201
f 1213/1213/1136 1278/1278/1200 1279/1279/1201
f 1215/1215/1138 1214/1214/1137 1280/1280/1202
f 1214/1214/1137 1279/1279/1201 1280/1280/1202
f 1216/1216/1139 1215/1215/1138 1281/1281/1203
f 1215/1215/1138 1280/1280/1202 1281/1281/1203
f 1217/1217/1140 1216/1216/1139 1282/1282/1204
f 1216/1216/1139 1281/1281/1203 1282/1282/1204
f 1218/1218/1141 1217/1217/1140 1283/1283/1205
f 1217/1217/1140 1282/1282/1204 1283/1283/1205
f 1219/1219/1142 1218/1218/1141 1284/1284/1206
f 1218/1218/1141 1283/1283/1205 1284/1284/1206
f 1220/1220/1143 1219/1219/1142 1285/1285/1207
f 1219/1219/1142 1284/1284/1206 1285/1285/1207
f 1221/1221/1144 1220/1220/1143 1286/1286/1208
f 1220/1220/1143 1285/1285/1207 1286/1286/1208
f 1222/1222/1145 1221/1221/1144 1287/1287/1209
f 1221/1221/1144 1286/1286/1208 1287/1287/1209
f 1223/1223/1146 1222/1222/1145 1288/1288/1210
f 1222/1222/1145 1287/1287/1209 1288/1288/1210
f 1224/1224/1147 1223/1223/1146 1289/1289/1211
f 1223/1223/1146 1288/1288/1210 1289/1289/1211
f 1225/1225/1148 1224/1224/1147 1290/1290/1212
f 1224/1224/1147 1289/1289/1211 1290/1290/1212
f 1226/1226/1149 1225/1225/1148 1291/1291/1213
f 1225/1225/1148 1290/1290/1212 1291/1291/1213
f 1227/1227/1150 1226/1226/1149 1292/1292/1214
f 1226/1226/1149 1291/1291/1213 1292/1292/1214
f 1228/1228/1151 1227/1227/1150 1293/1293/1215
f 1227/1227/1150 1292/1292/1214 1293/1293/1215
f 1229/1229/1152 1228/1228/1151 1294/1294/1216
f 1228/1228/1151 1293/1293/1215 1294/1294/1216
f 1230/1230/1153 1229/1229/1152 1295/1295/1217
f 1229/1229/1152 1294/1294/1216 1295/1295/1217
f 1231/1231/1154 1230/1230/1153 1296/1296/1218
f 1230/1230/1153 1295/1295/1217 1296/1296/1218
f 1232/1232/1155 1231/1231/1154 1297/1297/1219
f 1231/1231/1154 1296/1296/1218 1297/1297/1219
f 1233/1233/1156 1232/1232/1155 1298/1298/1220
f 1232/1232/1155 1297/1297/1219 1298/1298/1220
f 1234/1234/1094 1233/1233/1156 1299/1299/1158
f 1233/1233/1156 1298/1298/1220 1299/1299/1158
f 1235/1235/1157 1236/1236/1158 1300/1300/1221
f 1236/1236/1158 1301/1301/1222 1300/1300/1221
f 1237/1237/1159 1235/1235/1157 1302/1302/1223
f 1235/1235/1157 1300/1300/1221 1302/1302/1223
f 1238/1238/1160 1237/1237/1159 1303/1303/1224
f 1237/1237/1159 1302/1302/1223 1303/1303/1224
f 1239/1239/1161 1238/1238/1160 1304/1304/1225
f 1238/1238/1160 1303/1303/1224 1304/1304/1225
f 1240/1240/1162 1239/1239/1161 1305/1305/1226
f 1239/1239/1161 1304/1304/1225 1305/1305/1226
f 1241/1241/1163 1240/1240/1162 1306/1306/1227
f 1240/1240/1162 1305/1305/1226 1306/1306/1227
f 1242/1242/1164 1241/1241/1163 1307/1307/1228
f 1241/1241/1163 1306/1306/1227 1307/1307/1228
f 1243/1243/1165 1242/1242/1164 1308/1308/1229
f 1242/1242/1164 1307/1307/1228 1308/1308/1229
f 1244/1244/1166 1243/1243/1165 1309/1309/1230
f 1243/1243/1165 1308/1308/1229 1309/1309/1230
f 1245/1245/1167 1244/1244/1166 1310/1310/1231
f 1244/1244/1166 1309/1309/1230 1310/1310/1231
f 1246/1246/1168 1245/1245/1167 1311/1311/1232
f 1245/1245/1167 1310/1310/1231 1311/1311/1232
f 1247/1247/1169 1246/1246/1168 1312/1312/1233
f 1246/1246/1168 1311/1311/1232 1312/1312/1233
f 1248/1248/1170 1247/1247/1169 1313/1313/1234
f 1247/1247/1169 1312/1312/1233 1313/1313/1234
f 1249/1249/1171 1248/1248/1170 1314/1314/1235
f 1248/1248/1170 1313/1313/1234 1314/1314/1235
f 1250/1250/1172 1249/1249/1171 1315/1315/1236
f 1249/1249/1171 1314/1314/1235 1315/1315/1236
f 1251/1251/1173 1250/1250/1172 1316/1316/1237
f 1250/1250/1172 1315/1315/1236 1316/1316/1237
f 1252/1252/1174 1251/1251/1173 1317/1317/1238
f 1251/1251/1173 1316/1316/1237 1317/1317/1238
f 1253/1253/1175 1252/1252/1174 1318/1318/1239
f 1252/1252/1174 1317/1317/1238 1318/1318/1239
f 1254/1254/1176 1253/1253/1175 1319/1319/1240
f 1253/1253/1175 1318/1318/1239 1319/1319/1240
f 1255/1255/1177 1254/1254/1176 1320/1320/1241
f 1254/1254/1176 1319/1319/1240 1320/1320/1241
f 1256/1256/1178 1255/1255/1177 1321/1321/1242
f 1255/1255/1177 1320/1320/1241 1321/1321/1242
f 1257/1257/1179 1256/1256/1178 1322/1322/1243
f 1256/1256/1178 1321/1321/1242 1322/1322/1243
f 1258/1258/1180 1257/1257/1179 1323/1323/1244
f 1257/1257/1179 1322/1322/1243 1323/1323/1244
f 1259/1259/1181 1258/1258/1180 1324/1324/1245
f 1258/1258/1180 1323/1323/1244 1324/1324/1245
f 1260/1260/1182 1259/1259/1181 1325/1325/1246
f 1259/1259/1181 1324/1324/1245 1325/1325/1246
f 1261/1261/1183 1260/1260/1182 1326/1326/1247
f 1260/1260/1182 1325/1325/1246 1326/1326/1247
f 1262/1262/1184 1261/1261/1183 1327/1327/1248
f 1261/1261/1183 1326/1326/1247 1327/1327/1248
f 1263/1263/1185 1262/1262/1184 1328/1328/1249
f 1262/1262/1184 1327/1327/1248 1328/1328/1249
f 1264/1264/1186 1263/1263/1185 1329/1329/1250
f 1263/1263/1185 1328/1328/1249 1329/1329/1250
f 1265/1265/1187 1264/1264/1186 1330/1330/1251
f 1264/1264/1186 1329/1329/1250 1330/1330/1251
f 1266/1266/1188 1265/1265/1187 1331/1331/1252
f 1265/1265/1187 1330/1330/1251 1331/1331/1252
f 1267/1267/1189 1266/1266/1188 1332/1332/1253
f 1266/1266/1188 1331/1331/1252 1332/1332/1253
f 1268/1268/1190 1267/1267/1189 1333/1333/1254
f 1267/1267/1189 1332/1332/1253 1333/1333/1254
f 1269/1269/1191 1268/1268/1190 1334/1334/1255
f 1268/1268/1190 1333/1333/1254 1334/1334/1255
f 1270/1270/1192 1269/1269/1191 1335/1335/1256
f 1269/1269/1191 1334/1334/1255 1335/1335/1256
f 1271/1271/1193 1270/1270/1192 1336/1336/1257
f 1270/1270/1192 1335/1335/1256 1336/1336/1257
f 1272/1272/1194 1271/1271/1193 1337/1337/1258
f 1271/1271/1193 1336/1336/1257 1337/1337/1258
f 1273/1273/1195 1272/1272/1194 1338/1338/1259
f 1272/1272/1194 1337/1337/1258 1338/1338/1259
f 1274/1274/1196 1273/1273/1195 1339/1339/1260
f 1273/1273/1195 1338/1338/1259 1339/1339/1260
f 1275/1275/1197 1274/1274/1196 1340/1340/1261
f 1274/1274/1196 1339/1339/1260 1340/1340/1261
f 1276/1276/1198 1275/1275/1197 1341/1341/1262
f 1275/1275/1197 1340/1340/1261 1341/1341/1262
f 1277/1277/1199 1276/1276/1198 1342/1342/1263
f 1276/1276/1198 1341/1341/1262 1342/1342/1263
f 1278/1278/1200 1277/1277/1199 1343/1343/1264
f 1277/1277/1199 1342/1342/1263 1343/1343/1264
f 1279/1279/1201 1278/1278/1200 1344/1344/1265
f 1278/1278/1200 1343/1343/1264 1344/1344/1265
f 1280/1280/1202 1279/1279/1201 1345/1345/1266
f 1279/1279/1201 1344/1344/1265 1345/1345/1266
f 1281/1281/1203 1280/1280/1202 1346/1346/1267
f 1280/1280/1202 1345/1345/1266 1346/1346/1267
f 1282/1282/1204 1281/1281/1203 1347/1347/1268
f 1281/1281/1203 1346/1346/1267 1347/1347/1268
f 1283/1283/1205 1282/1282/1204 1348/1348/1269
f 1282/1282/1204 1347/1347/1268 1348/1348/1269
f 1284/1284/1206 1283/1283/1205 1349/1349/1270
f 1283/1283/1205 1348/1348/1269 1349/1349/1270
f 1285/1285/1207 1284/1284/1206 1350/1350/1271
f 1284/1284/1206 1349/1349/1270 1350/1350/1271
f 1286/1286/1208 1285/1285/1207 1351/1351/1272
f 1285/1285/1207 1350/1350/1271 1351/1351/1272
f 1287/1287/1209 1286/1286/1208 1352/1352/1273
f 1286/1286/1208 1351/1351/1272 1352/1352/1273
f 1288/1288/1210 1287/1287/1209 1353/1353/1274
f 1287/1287/1209 1352/1352/1273 1353/1353/1274
f 1289/1289/1211 1288/1288/1210 1354/1354/1275
f 1288/1288/1210 1353/1353/1274 1354/1354/1275
f 1290/1290/1212 1289/1289/1211 1355/1355/1276
f 1289/1289/1211 1354/1354/1275 1355/1355/1276
f 1291/1291/1213 1290/1290/1212 1356/1356/1277
f 1290/1290/1212 1355/1355/1276 1356/1356/1277
f 1292/1292/1214 1291/1291/1213 1357/1357/1278
f 1291/1291/1213 1356/1356/1277 1357/1357/1278
f 1293/1293/1215 1292/1292/1214 1358/1358/1279
f 1292/1292/1214 1357/1357/1278 1358/1358/1279
f 1294/1294/1216 1293/1293/1215 1359/1359/1280
f 1293/1293/1215 1358/1358/1279 1359/1359/1280
f 1295/1295/1217 1294/1294/1216 1360/1360/1281
f 1294/1294/1216 1359/1359/1280 1360/1360/1281
f 1296/1296/1218 1295/1295/1217 1361/1361/1282
f 1295/1295/1217 1360/1360/1281 1361/1361/1282
f 1297/1297/1219 1296/1296/1218 1362/1362/1283
f 1296/1296/1218 1361/1361/1282 1362/1362/1283
f 1298/1298/1220 1297/1297/1219 1363/1363/1284
f 1297/1297/1219 1362/1362/1283 1363/1363/1284
f 1299/1299/1158 1298/1298/1220 1364/1364/1222
f 1298/1298/1220 1363/1363/1284 1364/1364/1222
f 1300/1300/1221 1301/1301/1222 1365/1365/1285
f 1301/1301/1222 1366/1366/1286 1365/1365/1285
f 1302/1302/1223 1300/1300/1221 1367/1367/1287
f 1300/1300/1221 1365/1365/1285 1367/1367/1287
f 1303/1303/1224 1302/1302/1223 1368/1368/1288
f 1302/1302/1223 1367/1367/1287 1368/1368/1288
f 1304/1304/1225 1303/1303/1224 1369/1369/1289
f 1303/1303/1224 1368/1368/1288 1369/1369/1289
f 1305/1305/1226 1304/1304/1225 1370/1370/1290
f 1304/1304/1225 1369/1369/1289 1370/1370/1290
f 1306/1306/1227 1305/1305/1226 1371/1371/1291
f 1305/1305/1226 1370/1370/1290 1371/1371/1291
f 1307/1307/1228 1306/1306/1227 1372/1372/1292
f 1306/1306/1227 1371/1371/1291 1372/1372/1292
f 1308/1308/1229 1307/1307/1228 1373/1373/1293
f 1307/1307/1228 1372/1372/1292 1373/1373/1293
f 1309/1309/1230 1308/1308/1229 1374/1374/1294
f 1308/1308/1229 1373/1373/1293 1374/1374/1294
f 1310/1310/1231 1309/1309/1230 1375/1375/1295
f 1309/1309/1230 1374/1374/1294 1375/1375/1295
f 1311/1311/1232 1310/1310/1231 1376/1376/1296
f 1310/1310/1231 1375/1375/1295 1376/1376/1296
f 1312/1312/1233 1311/1311/1232 1377/1377/1297
f 1311/1311/1232 1376/1376/1296 1377/1377/1297
f 1313/1313/1234 1312/1312/1233 1378/1378/1298
f 1312/1312/1233 1377/1377/1297 1378/1378/1298
f 1314/1314/1235 1313/1313/1234 1379/1379/1299
f 1313/1313/1234 1378/1378/1298 1379/1379/1299
f 1315/1315/1236 1314/1314/1235 1380/1380/1300
f 1314/1314/1235 1379/1379/1299 1380/1380/1300
f 1316/1316/1237 1315/1315/1236 1381/1381/1301
f 1315/1315/1236 1380/1380/1300 1381/1381/1301
f 1317/1317/1238 1316/1316/1237 1382/1382/1302
f 1316/1316/1237 1381/1381/1301 1382/1382/1302
f 1318/1318/1239 1317/1317/1238 1383/1383/1303
f 1317/1317/1238 1382/1382/1302 1383/1383/1303
f 1319/1319/1240 1318/1318/1239 1384/1384/1304
f 1318/1318/1239 1383/1383/1303 1384/1384/1304
f 1320/1320/1241 1319/1319/1240 1385/1385/1305
f 1319/1319/1240 1384/1384/1304 1385/1385/1305
f 1321/1321/1242 1320/1320/1241 1386/1386/1306
f 1320/1320/1241 1385/1385/1305 1386/1386/1306
f 1322/1322/1243 1321/1321/1242 1387/1387/1307
f 1321/1321/1242 1386/1386/1306 1387/1387/1307
f 1323/1323/1244 1322/1322/1243 1388/1388/1308
f 1322/1322/1243 1387/1387/1307 1388/1388/1308
f 1324/1324/1245 1323/1323/1244 1389/1389/1309
f 1323/1323/1244 1388/1388/1308 1389/1389/1309
f 1325/1325/1246 1324/1324/1245 1390/1390/1310
f 1324/1324/1245 1389/1389/1309 1390/1390/1310
f 1326/1326/1247 1325/1325/1246 1391/1391/1311
f 1325/1325/1246 1390/1390/1310 1391/1391/1311
f 1327/1327/1248 1326/1326/1247 1392/1392/1312
f 1326/1326/1247 1391/1391/1311 1392/1392/1312
f 1328/1328/1249 1327/1327/1248 1393/1393/1313
f 1327/1327/1248 1392/1392/1312 1393/1393/1313
f 1329/1329/1250 1328/1328/1249 1394/1394/1314
f 1328/1328/1249 1393/1393/1313 1394/1394/1314
f 1330/1330/1251 1329/1329/1250 1395/1395/1315
f 1329/1329/1250 1394/1394/1314 1395/1395/1315
f 1331/1331/1252 1330/1330/1251 1396/1396/1316
f 1330/1330/1251 1395/1395/1315 1396/1396/1316
f 1332/1332/1253 1331/1331/1252 1397/1397/1317
f 1331/1331/1252 1396/1396/1316 1397/1397/1317
f 1333/1333/1254 1332/1332/1253 1398/1398/1318
f 1332/1332/1253 1397/1397/1317 1398/1398/1318
f 1334/1334/1255 1333/1333/1254 1399/1399/1319
f 1333/1333/1254 1398/1398/1318 1399/1399/1319
f 1335/1335/1256 1334/1334/1255 1400/1400/1320
f 1334/1334/1255 1399/1399/1319 1400/1400/1320
f 1336/1336/1257 1335/1335/1256 1401/1401/1321
f 1335/1335/1256 1400/1400/1320 1401/1401/1321
f 1337/1337/1258 1336/1336/1257 1402/1402/1322
f 1336/1336/1257 1401/1401/1321 1402/1402/1322
f 1338/1338/1259 1337/1337/1258 1403/1403/1323
f 1337/1337/1258 1402/1402/1322 1403/1403/1323
f 1339/1339/1260 1338/1338/1259 1404/1404/1324
f 1338/1338/1259 1403/1403/1323 1404/1404/1324
f 1340/1340/1261 1339/1339/1260 1405/1405/1325
f 1339/1339/1260 1404/1404/1324 1405/1405/1325
f 1341/1341/1262 1340/1340/1261 1406/1406/1326
f 1340/1340/1261 1405/1405/1325 1406/1406/1326
f 1342/1342/1263 1341/1341/1262 1407/1407/1327
f 1341/1341/1262 1406/1406/1326 1407/1407/1327
f 1343/1343/1264 1342/1342/1263 1408/1408/1328
f 1342/1342/1263 1407/1407/1327 1408/1408/1328
f 1344/1344/1265 1343/1343/1264 1409/1409/1329
f 1343/1343/1264 1408/1408/1328 1409/1409/1329
f 1345/1345/1266 1344/1344/1265 1410/1410/1330
f 1344/1344/1265 1409/1409/1329 1410/1410/1330
f 1346/1346/1267 1345/1345/1266 1411/1411/1331
f 1345/1345/1266 1410/1410/1330 1411/1411/1331
f 1347/1347/1268 1346/1346/1267 1412/1412/1332
f 1346/1346/1267 1411/1411/1331 1412/1412/1332
f 1348/1348/1269 1347/1347/1268 1413/1413/1333
f 1347/1347/1268 1412/1412/1332 1413/1413/1333
f 1349/1349/1270 1348/1348/1269 1414/1414/1334
f 1348/1348/1269 1413/1413/1333 1414/1414/1334
f 1350/1350/1271 1349/1349/1270 1415/1415/1335
f 1349/1349/1270 1414/1414/1334 1415/1415/1335
f 1351/1351/1272 1350/1350/1271 1416/1416/1336
f 1350/1350/1271 1415/1415/1335 1416/1416/1336
f 1352/1352/1273 1351/1351/1272 1417/1417/1337
f 1351/1351/1272 1416/1416/1336 1417/1417/1337
f 1353/1353/1274 1352/1352/1273 1418/1418/1338
f 1352/1352/1273 1417/1417/1337 1418/1418/1338
f 1354/1354/1275 1353/1353/1274 1419/1419/1339
f 1353/1353/1274 1418/1418/1338 1419/1419/1339
f 1355/1355/1276 1354/1354/1275 1420/1420/1340
f 1354/1354/1275 1419/1419/1339 1420/1420/1340
f 1356/1356/1277 1355/1355/1276 1421/1421/1341
f 1355/1355/1276 1420/1420/1340 1421/1421/1341
f 1357/1357/1278 1356/1356/1277 1422/1422/1342
f 1356/1356/1277 1421/1421/1341 1422/1422/1342
f 1358/1358/1279 1357/1357/1278 1423/1423/1343
f 1357/1357/1278 1422/1422/1342 1423/1423/1343
f 1359/1359/1280 1358/1358/1279 1424/1424/1344
f 1358/1358/1279 1423/1423/1343 1424/1424/1344
f 1360/1360/1281 1359/1359/1280 1425/1425/1345
f 1359/1359/1280 1424/1424/1344 1425/1425/1345
f 1361/1361/1282 1360/1360/1281 1426/1426/1346
f 1360/1360/1281 1425/1425/1345 1426/1426/1346
f 1362/1362/1283 1361/1361/1282 1427/1427/1347
f 1361/1361/1282 1426/1426/1346 1427/1427/1347
f 1363/1363/1284 1362/1362/1283 1428/1428/1348
f 1362/1362/1283 1427/1427/1347 1428/1428/1348
f 1364/1364/1222 1363/1363/1284 1429/1429/1286
f 1363/1363/1284 1428/1428/1348 1429/1429/1286
f 1365/1365/1285 1366/1366/1286 1430/1430/1349
f 1366/1366/1286 1431/1431/1350 1430/1430/1349
f 1367/1367/1287 1365/1365/1285 1432/1432/1351
f 1365/1365/1285 1430/1430/1349 1432/1432/1351
f 1368/1368/1288 1367/1367/1287 1433/1433/1352
f 1367/1367/1287 1432/1432/1351 1433/1433/1352
f 1369/1369/1289 1368/1368/1288 1434/1434/1353
f 1368/1368/1288 1433/1433/1352 1434/1434/1353
f 1370/1370/1290 1369/1369/1289 1435/1435/1354
f 1369/1369/1289 1434/1434/1353 1435/1435/1354
f 1371/1371/1291 1370/1370/1290 1436/1436/1355
f 1370/1370/1290 1435/1435/1354 1436/1436/1355
f 1372/1372/1292 1371/1371/1291 1437/1437/1356
f 1371/1371/1291 1436/1436/1355 1437/1437/1356
f 1373/1373/1293 1372/1372/1292 1438/1438/1357
f 1372/1372/1292 1437/1437/1356 1438/1438/1357
f 1374/1374/1294 1373/1373/1293 1439/1439/1358
f 1373/1373/1293 1438/1438/1357 1439/1439/1358
f 1375/1375/1295 1374/1374/1294 1440/1440/1359
f 1374/1374/1294 1439/1439/1358 1440/1440/1359
f 1376/1376/1296 1375/1375/1295 1441/1441/1360
f 1375/1375/1295 1440/1440/1359 1441/1441/1360
f 1377/1377/1297 1376/1376/1296 1442/1442/1361
f 1376/1376/1296 1441/1441/1360 1442/1442/1361
f 1378/1378/1298 1377/1377/1297 1443/1443/1362
f 1377/1377/1297 1442/1442/1361 1443/1443/1362
f 1379/1379/1299 1378/1378/1298 1444/1444/1363
f 1378/1378/1298 1443/1443/1362 1444/1444/1363
f 1380/1380/1300 1379/1379/1299 1445/1445/1364
f 1379/1379/1299 1444/1444/1363 1445/1445/1364
f 1381/1381/1301 1380/1380/1300 1446/1446/1365
f 1380/1380/1300 1445/1445/1364 1446/1446/1365
f 1382/1382/1302 1381/1381/1301 1447/1447/1366
f 1381/1381/1301 1446/1446/1365 1447/1447/1366
f 1383/1383/1303 1382/1382/1302 1448/1448/1367
f 1382/1382/1302 1447/1447/1366 1448/1448/1367
f 1384/1384/1304 1383/1383/1303 1449/1449/1368
f 1383/1383/1303 1448/1448/1367 1449/1449/1368
f 1385/1385/1305 1384/1384/1304 1450/1450/1369
f 1384/1384/1304 1449/1449/1368 1450/1450/1369
f 1386/1386/1306 1385/1385/1305 1451/1451/1370
f 1385/1385/1305 1450/1450/1369 1451/1451/1370
f 1387/1387/1307 1386/1386/1306 1452/1452/1371
f 1386/1386/1306 1451/1451/1370 1452/1452/1371
f 1388/1388/1308 1387/1387/1307 1453/1453/1372
f 1387/1387/1307 1452/1452/1371 1453/1453/1372
f 1389/1389/1309 1388/1388/1308 1454/1454/1373
f 1388/1388/1308 1453/1453/1372 1454/1454/1373
f 1390/1390/1310 1389/1389/1309 1455/1455/1374
f 1389/1389/1309 1454/1454/1373 1455/1455/1374
f 1391/1391/1311 1390/1390/1310 1456/1456/1375
f 1390/1390/1310 1455/1455/1374 1456/1456/1375
f 1392/1392/1312 1391/1391/1311 1457/1457/1376
f 1391/1391/1311 1456/1456/1375 1457/1457/1376
f 1393/1393/1313 1392/1392/1312 1458/1458/1377
f 1392/1392/1312 1457/1457/1376 1458/1458/1377
f 1394/1394/1314 1393/1393/1313 1459/1459/1378
f 1393/1393/1313 1458/1458/1377 1459/1459/1378
f 1395/1395/1315 1394/1394/1314 1460/1460/1379
f 1394/1394/1314 1459/1459/1378 1460/1460/1379
f 1396/1396/1316 1395/1395/1315 1461/1461/1380
f 1395/1395/1315 1460/1460/1379 1461/1461/1380
f 1397/1397/1317 1396/1396/1316 1462/1462/1381
f 1396/1396/1316 1461/1461/1380 1462/1462/1381
f 1398/1398/1318 1397/1397/1317 1463/1463/1382
f 1397/1397/1317 1462/1462/1381 1463/1463/1382
f 1399/1399/1319 1398/1398/1318 1464/1464/1383
f 1398/1398/1318 1463/1463/1382 1464/1464/1383
f 1400/1400/1320 1399/1399/1319 1465/1465/1384
f 1399/1399/1319 1464/1464/1383 1465/1465/1384
f 1401/1401/1321 1400/1400/1320 1466/1466/1385
f 1400/1400/1320 1465/1465/1384 1466/1466/1385
f 1402/1402/1322 1401/1401/1321 1467/1467/1386
f 1401/1401/1321 1466/1466/1385 1467/1467/1386
f 1403/1403/1323 1402/1402/1322 1468/1468/1387
f 1402/1402/1322 1467/1467/1386 1468/1468/1387
f 1404/1404/1324 1403/1403/1323 1469/1469/1388
f 1403/1403/1323 1468/1468/1387 1469/1469/1388
f 1405/1405/1325 1404/1404/1324 1470/1470/1389
f 1404/1404/1324 1469/1469/1388 1470/1470/1389
f 1406/1406/1326 1405/1405/1325 1471/1471/1390
f 1405/1405/1325 1470/1470/1389 1471/1471/1390
f 1407/1407/1327 1406/1406/1326 1472/1472/1391
f 1406/1406/1326 1471/1471/1390 1472/1472/1391
f 1408/1408/1328 1407/1407/1327 1473/1473/1392
f 1407/1407/1327 1472/1472/1391 1473/1473/1392
f 1409/1409/1329 1408/1408/1328 1474/1474/1393
f 1408/1408/1328 1473/1473/1392 1474/1474/1393
f 1410/1410/1330 1409/1409/1329 1475/1475/1394
f 1409/1409/1329 1474/1474/1393 1475/1475/1394
f 1411/1411/1331 1410/1410/1330 1476/1476/1395
f 1410/1410/1330 1475/1475/1394 1476/1476/1395
f 1412/1412/1332 1411/1411/1331 1477/1477/1396
f 1411/1411/1331 1476/1476/1395 1477/1477/1396
f 1413/1413/1333 1412/1412/1332 1478/1478/1397
f 1412/1412/1332 1477/1477/1396 1478/1478/1397
f 1414/1414/1334 1413/1413/1333 1479/1479/1398
f 1413/1413/1333 1478/1478/1397 1479/1479/1398
f 1415/1415/1335 1414/1414/1334 1480/1480/1399
f 1414/1414/1334 1479/1479/1398 1480/1480/1399
f 1416/1416/1336 1415/1415/1335 1481/1481/1400
f 1415/1415/1335 1480/1480/1399 1481/1481/1400
f 1417/1417/1337 1416/1416/1336 1482/1482/1401
f 1416/1416/1336 1481/1481/1400 1482/1482/1401
f 1418/1418/1338 1417/1417/1337 1483/1483/1402
f 1417/1417/1337 1482/1482/1401 1483/1483/1402
f 1419/1419/1339 1418/1418/1338 1484/1484/1403
f 1418/1418/1338 1483/1483/1402 1484/1484/1403
f 1420/1420/1340 1419/1419/1339 1485/1485/1404
f 1419/1419/1339 1484/1484/1403 1485/1485/1404
f 1421/1421/1341 1420/1420/1340 1486/1486/1405
f 1420/1420/1340 1485/1485/1404 1486/1486/1405
f 1422/1422/1342 1421/1421/1341 1487/1487/1406
f 1421/1421/1341 1486/1486/1405 1487/1487/1406
f 1423/1423/1343 1422/1422/1342 1488/1488/1407
f 1422/1422/1342 1487/1487/1406 1488/1488/1407
f 1424/1424/1344 1423/1423/1343 1489/1489/1408
f 1423/1423/1343 1488/1488/1407 1489/1489/1408
f 1425/1425/1345 1424/1424/1344 1490/1490/1409
f 1424/1424/1344 1489/1489/1408 1490/1490/1409
f 1426/1426/1346 1425/1425/1345 1491/1491/1410
f 1425/1425/1345 1490/1490/1409 1491/1491/1410
f 1427/1427/1347 1426/1426/1346 1492/1492/1411
f 1426/1426/1346 1491/1491/1410 1492/1492/1411
f 1428/1428/1348 1427/1427/1347 1493/1493/1412
f 1427/1427/1347 1492/1492/1411 1493/1493/1412
f 1429/1429/1286 1428/1428/1348 1494/1494/1350
f 1428/1428/1348 1493/1493/1412 1494/1494/1350
f 1430/1430/1349 1431/1431/1350 1495/1495/1413
f 1431/1431/1350 1496/1496/1414 1495/1495/1413
f 1432/1432/1351 1430/1430/1349 1497/1497/1415
f 1430/1430/1349 1495/1495/1413 1497/1497/1415
f 1433/1433/1352 1432/1432/1351 1498/1498/1416
f 1432/1432/1351 1497/1497/1415 1498/1498/1416
f 1434/1434/1353 1433/1433/1352 1499/1499/1417
f 1433/1433/1352 1498/1498/1416 1499/1499/1417
f 1435/1435/1354 1434/1434/1353 1500/1500/1418
f 1434/1434/1353 1499/1499/1417 1500/1500/1418
f 1436/1436/1355 1435/1435/1354 1501/1501/1419
f 1435/1435/1354 1500/1500/1418 1501/1501/1419
f 1437/1437/1356 1436/1436/1355 1502/1502/1420
f 1436/1436/1355 1501/1501/1419 1502/1502/1420
f 1438/1438/1357 1437/1437/1356 1503/1503/1421
f 1437/1437/1356 1502/1502/1420 1503/1503/1421
f 1439/1439/1358 1438/1438/1357 1504/1504/1422
f 1438/1438/1357 1503/1503/1421 1504/1504/1422
f 1440/1440/1359 1439/1439/1358 1505/1505/1423
f 1439/1439/1358 1504/1504/1422 1505/1505/1423
f 1441/1441/1360 1440/1440/1359 1506/1506/1424
f 1440/1440/1359 1505/1505/1423 1506/1506/1424
f 1442/1442/1361 1441/1441/1360 1507/1507/1425
f 1441/1441/1360 1506/1506/1424 1507/1507/1425
f 1443/1443/1362 1442/1442/1361 1508/1508/1426
f 1442/1442/1361 1507/1507/1425 1508/1508/1426
f 1444/1444/1363 1443/1443/1362 1509/1509/1427
f 1443/1443/1362 1508/1508/1426 1509/1509/1427
f 1445/1445/1364 1444/1444/1363 1510/1510/1428
f 1444/1444/1363 1509/1509/1427 1510/1510/1428
f 1446/1446/1365 1445/1445/1364 1511/1511/1429
f 1445/1445/1364 1510/1510/1428 1511/1511/1429
f 1447/1447/1366 1446/1446/1365 1512/1512/1430
f 1446/1446/1365 1511/1511/1429 1512/1512/1430
f 1448/1448/1367 1447/1447/1366 1513/1513/1431
f 1447/1447/1366 1512/1512/1430 1513/1513/1431
f 1449/1449/1368 1448/1448/1367 1514/1514/1432
f 1448/1448/1367 1513/1513/1431 1514/1514/1432
f 1450/1450/1369 1449/1449/1368 1515/1515/1433
f 1449/1449/1368 1514/1514/1432 1515/1515/1433
f 1451/1451/1370 1450/1450/1369 1516/1516/1434
f 1450/1450/1369 1515/1515/1433 1516/1516/1434
f 1452/1452/1371 1451/1451/1370 1517/1517/1435
f 1451/1451/1370 1516/1516/1434 1517/1517/1435
f 1453/1453/1372 1452/1452/1371 1518/1518/1436
f 1452/1452/1371 1517/1517/1435 1518/1518/1436
f 1454/1454/1373 1453/1453/1372 1519/1519/1437
f 1453/1453/1372 1518/1518/1436 1519/1519/1437
f 1455/1455/1374 1454/1454/1373 1520/1520/1438
f 1454/1454/1373 1519/1519/1437 1520/1520/1438
f 1456/1456/1375 1455/1455/1374 1521/1521/1439
f 1455/1455/1374 1520/1520/1438 1521/1521/1439
f 1457/1457/1376 1456/1456/1375 1522/1522/1440
f 1456/1456/1375 1521/1521/1439 1522/1522/1440
f 1458/1458/1377 1457/1457/1376 1523/1523/1441
f 1457/1457/1376 1522/1522/1440 1523/1523/1441
f 1459/1459/1378 1458/1458/1377 1524/1524/1442
f 1458/1458/1377 1523/1523/1441 1524/1524/1442
f 1460/1460/1379 1459/1459/1378 1525/1525/1443
f 1459/1459/1378 1524/1524/1442 1525/1525/1443
f 1461/1461/1380 1460/1460/1379 1526/1526/1444
f 1460/1460/1379 1525/1525/1443 1526/1526/1444
f 1462/1462/1381 1461/1461/1380 1527/1527/1445
f 1461/1461/1380 1526/1526/1444 1527/1527/1445
f 1463/1463/1382 1462/1462/1381 1528/1528/1446
f 1462/1462/1381 1527/1527/1445 1528/1528/1446
f 1464/1464/1383 1463/1463/1382 1529/1529/1447
f 1463/1463/1382 1528/1528/1446 1529/1529/1447
f 1465/1465/1384 1464/1464/1383 1530/1530/1448
f 1464/1464/1383 1529/1529/1447 1530/1530/1448
f 1466/1466/1385 1465/1465/1384 1531/1531/1449
f 1465/1465/1384 1530/1530/1448 1531/1531/1449
f 1467/1467/1386 1466/1466/1385 1532/1532/1450
f 1466/1466/1385 1531/1531/1449 1532/1532/1450
f 1468/1468/1387 1467/1467/1386 1533/1533/1451
f 1467/1467/1386 1532/1532/1450 1533/1533/1451
f 1469/1469/1388 1468/1468/1387 1534/1534/1452
f 1468/1468/1387 1533/1533/1451 1534/1534/1452
f 1470/1470/1389 1469/1469/1388 1535/1535/1453
f 1469/1469/1388 1534/1534/1452 1535/1535/1453
f 1471/1471/1390 1470/1470/1389 1536/1536/1454
f 1470/1470/1389 1535/1535/1453 1536/1536/1454
f 1472/1472/1391 1471/1471/1390 1537/1537/1455
f 1471/1471/1390 1536/1536/1454 1537/1537/1455
f 1473/1473/1392 1472/1472/1391 1538/1538/1456
f 1472/1472/1391 1537/1537/1455 1538/1538/1456
f 1474/1474/1393 1473/1473/1392 1539/1539/1457
f 1473/1473/1392 1538/1538/1456 1539/1539/1457
f 1475/1475/1394 1474/1474/1393 1540/1540/1458
f 1474/1474/1393 1539/1539/1457 1540/1540/1458
f 1476/1476/1395 1475/1475/1394 1541/1541/1459
f 1475/1475/1394 1540/1540/1458 1541/1541/1459
f 1477/1477/1396 1476/1476/1395 1542/1542/1460
f 1476/1476/1395 1541/1541/1459 1542/1542/1460
f 1478/1478/1397 1477/1477/1396 1543/1543/1461
f 1477/1477/1396 1542/1542/1460 1543/1543/1461
f 1479/1479/1398 1478/1478/1397 1544/1544/1462
f 1478/1478/1397 1543/1543/1461 1544/1544/1462
f 1480/1480/1399 1479/1479/1398 1545/1545/1463
f 1479/1479/1398 1544/1544/1462 1545/1545/1463
f 1481/1481/1400 1480/1480/1399 1546/1546/1464
f 1480/1480/1399 1545/1545/1463 1546/1546/1464
f 1482/1482/1401 1481/1481/1400 1547/1547/1465
f 1481/1481/1400 1546/1546/1464 1547/1547/1465
f 1483/1483/1402 1482/1482/1401 1548/1548/1466
f 1482/1482/1401 1547/1547/1465 1548/1548/1466
f 1484/1484/1403 1483/1483/1402 1549/1549/1467
f 1483/1483/1402 1548/1548/1466 1549/1549/1467
f 1485/1485/1404 1484/1484/1403 1550/1550/1468
f 1484/1484/1403 1549/1549/1467 1550/1550/1468
f 1486/1486/1405 1485/1485/1404 1551/1551/1469
f 1485/1485/1404 1550/1550/1468 1551/1551/1469
f 1487/1487/1406 1486/1486/1405 1552/1552/1470
f 1486/1486/1405 1551/1551/1469 1552/1552/1470
f 1488/1488/1407 1487/1487/1406 1553/1553/1471
f 1487/1487/1406 1552/1552/1470 1553/1553/1471
f 1489/1489/1408 1488/1488/1407 1554/1554/1472
f 1488/1488/1407 1553/1553/1471 1554/1554/1472
f 1490/1490/1409 1489/1489/1408 1555/1555/1473
f 1489/1489/1408 1554/1554/1472 1555/1555/1473
f 1491/1491/1410 1490/1490/1409 1556/1556/1474
f 1490/1490/1409 1555/1555/1473 1556/1556/1474
f 1492/1492/1411 1491/1491/1410 1557/1557/1475
f 1491/1491/1410 1556/1556/1474 1557/1557/1475
f 1493/1493/1412 1492/1492/1411 1558/1558/1476
f 1492/1492/1411 1557/1557/1475 1558/1558/1476
f 1494/1494/1350 1493/1493/1412 1559/1559/1414
f 1493/1493/1412 1558/1558/1476 1559/1559/1414
f 1495/1495/1413 1496/1496/1414 1560/1560/1477
f 1496/1496/1414 1561/1561/1478 1560/1560/1477
f 1497/1497/1415 1495/1495/1413 1562/1562/1479
f 1495/1495/1413 1560/1560/1477 1562/1562/1479
f 1498/1498/1416 1497/1497/1415 1563/1563/1480
f 1497/1497/1415 1562/1562/1479 1563/1563/1480
f 1499/1499/1417 1498/1498/1416 1564/1564/1481
f 1498/1498/1416 1563/1563/1480 1564/1564/1481
f 1500/1500/1418 1499/1499/1417 1565/1565/1482
f 1499/1499/1417 1564/1564/1481 1565/1565/1482
f 1501/1501/1419 1500/1500/1418 1566/1566/1483
f 1500/1500/1418 1565/1565/1482 1566/1566/1483
f 1502/1502/1420 1501/1501/1419 1567/1567/1484
f 1501/1501/1419 1566/1566/1483 1567/1567/1484
f 1503/1503/1421 1502/1502/1420 1568/1568/1485
f 1502/1502/1420 1567/1567/1484 1568/1568/1485
f 1504/1504/1422 1503/1503/1421 1569/1569/1486
f 1503/1503/1421 1568/1568/1485 1569/1569/1486
f 1505/1505/1423 1504/1504/1422 1570/1570/1487
f 1504/1504/1422 1569/1569/1486 1570/1570/1487
f 1506/1506/1424 1505/1505/1423 1571/1571/1488
f 1505/1505/1423 1570/1570/1487 1571/1571/1488
f 1507/1507/1425 1506/1506/1424 1572/1572/1489
f 1506/1506/1424 1571/1571/1488 1572/1572/1489
f 1508/1508/1426 1507/1507/1425 1573/1573/1490
f 1507/1507/1425 1572/1572/1489 1573/1573/1490
f 1509/1509/1427 1508/1508/1426 1574/1574/1491
f 1508/1508/1426 1573/1573/1490 1574/1574/1491
f 1510/1510/1428 1509/1509/1427 1575/1575/1492
f 1509/1509/1427 1574/1574/1491 1575/1575/1492
f 1511/1511/1429 1510/1510/1428 1576/1576/1493
f 1510/1510/1428 1575/1575/1492 1576/1576/1493
f 1512/1512/1430 1511/1511/1429 1577/1577/1494
f 1511/1511/1429 1576/1576/1493 1577/1577/1494
f 1513/1513/1431 1512/1512/1430 1578/1578/1495
f 1512/1512/1430 1577/1577/1494 1578/1578/1495
f 1514/1514/1432 1513/1513/1431 1579/1579/1496
f 1513/1513/1431 1578/1578/1495 1579/1579/1496
f 1515/1515/1433 1514/1514/1432 1580/1580/1497
f 1514/1514/1432 1579/1579/1496 1580/1580/1497
f 1516/1516/1434 1515/1515/1433 1581/1581/1498
f 1515/1515/1433 1580/1580/1497 1581/1581/1498
f 1517/1517/1435 1516/1516/1434 1582/1582/1499
f 1516/1516/1434 1581/1581/1498 1582/1582/1499
f 1518/1518/1436 1517/1517/1435 1583/1583/1500
f 1517/1517/1435 1582/1582/1499 1583/1583/1500
f 1519/1519/1437 1518/1518/1436 1584/1584/1501
f 1518/1518/1436 1583/1583/1500 1584/1584/1501
f 1520/1520/1438 1519/1519/1437 1585/1585/1502
f 1519/1519/1437 1584/1584/1501 1585/1585/1502
f 1521/1521/1439 1520/1520/1438 1586/1586/1503
f 1520/1520/1438 1585/1585/1502 1586/1586/1503
f 1522/1522/1440 1521/1521/1439 1587/1587/1504
f 1521/1521/1439 1586/1586/1503 1587/1587/1504
f 1523/1523/1441 1522/1522/1440 1588/1588/1505
f 1522/1522/1440 1587/1587/1504 1588/1588/1505
f 1524/1524/1442 1523/1523/1441 1589/1589/1506
f 1523/1523/1441 1588/1588/1505 1589/1589/1506
f 1525/1525/1443 1524/1524/1442 1590/1590/1507
f 1524/1524/1442 1589/1589/1506 1590/1590/1507
f 1526/1526/1444 1525/1525/1443 1591/1591/1508
f 1525/1525/1443 1590/1590/1507 1591/1591/1508
f 1527/1527/1445 1526/1526/1444 1592/1592/1509
f 1526/1526/1444 1591/1591/1508 1592/1592/1509
f 1528/1528/1446 1527/1527/1445 1593/1593/1510
f 1527/1527/1445 1592/1592/1509 1593/1593/1510
f 1529/1529/1447 1528/1528/1446 1594/1594/1511
f 1528/1528/1446 1593/1593/1510 1594/1594/1511
f 1530/1530/1448 1529/1529/1447 1595/1595/1512
f 1529/1529/1447 1594/1594/1511 1595/1595/1512
f 1531/1531/1449 1530/1530/1448 1596/1596/1513
f 1530/1530/1448 1595/1595/1512 1596/1596/1513
f 1532/1532/1450 1531/1531/1449 1597/1597/1514
f 1531/1531/1449 1596/1596/1513 1597/1597/1514
f 1533/1533/1451 1532/1532/1450 1598/1598/1515
f 1532/1532/1450 1597/1597/1514 1598/1598/1515
f 1534/1534/1452 1533/1533/1451 1599/1599/1516
f 1533/1533/1451 1598/1598/1515 1599/1599/1516
f 1535/1535/1453 1534/1534/1452 1600/1600/1517
f 1534/1534/1452 1599/1599/1516 1600/1600/1517
f 1536/1536/1454 1535/1535/1453 1601/1601/1518
f 1535/1535/1453 1600/1600/1517 1601/1601/1518
f 1537/1537/1455 1536/1536/1454 1602/1602/1519
f 1536/1536/1454 1601/1601/1518 1602/1602/1519
f 1538/1538/1456 1537/1537/1455 1603/1603/1520
f 1537/1537/1455 1602/1602/1519 1603/1603/1520
f 1539/1539/1457 1538/1538/1456 1604/1604/1521
f 1538/1538/1456 1603/1603/1520 1604/1604/1521
f 1540/1540/1458 1539/1539/1457 1605/1605/1522
f 1539/1539/1457 1604/1604/1521 1605/1605/1522
f 1541/1541/1459 1540/1540/1458 1606/1606/1523
f 1540/1540/1458 1605/1605/1522 1606/1606/1523
f 1542/1542/1460 1541/1541/1459 1607/1607/1524
f 1541/1541/1459 1606/1606/1523 1607/1607/1524
f 1543/1543/1461 1542/1542/1460 1608/1608/1525
f 1542/1542/1460 1607/1607/1524 1608/1608/1525
f 1544/1544/1462 1543/1543/1461 1609/1609/1526
f 1543/1543/1461 1608/1608/1525 1609/1609/1526
f 1545/1545/1463 1544/1544/1462 1610/1610/1527
f 1544/1544/1462 1609/1609/1526 1610/1610/1527
f 1546/1546/1464 1545/1545/1463 1611/1611/1528
f 1545/1545/1463 1610/1610/1527 1611/1611/1528
f 1547/1547/1465 1546/1546/1464 1612/1612/1529
f 1546/1546/1464 1611/1611/1528 1612/1612/1529
f 1548/1548/1466 1547/1547/1465 1613/1613/1530
f 1547/1547/1465 1612/1612/1529 1613/1613/1530
f 1549/1549/1467 1548/1548/1466 1614/1614/1531
f 1548/1548/1466 1613/1613/1530 1614/1614/1531
f 1550/1550/1468 1549/1549/1467 1615/1615/1532
f 1549/1549/1467 1614/1614/1531 1615/1615/1532
f 1551/1551/1469 1550/1550/1468 1616/1616/1533
f 1550/1550/1468 1615/1615/1532 1616/1616/1533
f 1552/1552/1470 1551/1551/1469 1617/1617/1534
f 1551/1551/1469 1616/1616/1533 1617/1617/1534
f 1553/1553/1471 1552/1552/1470 1618/1618/1535
f 1552/1552/1470 1617/1617/1534 1618/1618/1535
f 1554/1554/1472 1553/1553/1471 1619/1619/1536
f 1553/1553/1471 1618/1618/1535 1619/1619/1536
f 1555/1555/1473 1554/1554/1472 1620/1620/1537
f 1554/1554/1472 1619/1619/1536 1620/1620/1537
f 1556/1556/1474 1555/1555/1473 1621/1621/1538
f 1555/1555/1473 1620/1620/1537 1621/1621/1538
f 1557/1557/1475 1556/1556/1474 1622/1622/1539
f 1556/1556/1474 1621/1621/1538 1622/1622/1539
f 1558/1558/1476 1557/1557/1475 1623/1623/1540
f 1557/1557/1475 1622/1622/1539 1623/1623/1540
f 1559/1559/1414 1558/1558/1476 1624/1624/1478
f 1558/1558/1476 1623/1623/1540 1624/1624/1478
f 1560/1560/1477 1561/1561/1478 1625/1625/1541
f 1561/1561/1478 1626/1626/1542 1625/1625/1541
f 1562/1562/1479 1560/1560/1477 1627/1627/1543
f 1560/1560/1477 1625/1625/1541 1627/1627/1543
f 1563/1563/1480 1562/1562/1479 1628/1628/1544
f 1562/1562/1479 1627/1627/1543 1628/1628/1544
f 1564/1564/1481 1563/1563/1480 1629/1629/1545
f 1563/1563/1480 1628/1628/1544 1629/1629/1545
f 1565/1565/1482 1564/1564/1481 1630/1630/1546
f 1564/1564/1481 1629/1629/1545 1630/1630/1546
f 1566/1566/1483 1565/1565/1482 1631/1631/1547
f 1565/1565/1482 1630/1630/1546 1631/1631/1547
f 1567/1567/1484 1566/1566/1483 1632/1632/1548
f 1566/1566/1483 1631/1631/1547 1632/1632/1548
f 1568/1568/1485 1567/1567/1484 1633/1633/1549
f 1567/1567/1484 1632/1632/1548 1633/1633/1549
f 1569/1569/1486 1568/1568/1485 1634/1634/1550
f 1568/1568/1485 1633/1633/1549 1634/1634/1550
f 1570/1570/1487 1569/1569/1486 1635/1635/1551
f 1569/1569/1486 1634/1634/1550 1635/1635/1551
f 1571/1571/1488 1570/1570/1487 1636/1636/1552
f 1570/1570/1487 1635/1635/1551 1636/1636/1552
f 1572/1572/1489 1571/1571/1488 1637/1637/1553
f 1571/1571/1488 1636/1636/1552 1637/1637/1553
f 1573/1573/1490 1572/1572/1489 1638/1638/1554
f 1572/1572/1489 1637/1637/1553 1638/1638/1554
f 1574/1574/1491 1573/1573/1490 1639/1639/1555
f 1573/1573/1490 1638/1638/1554 1639/1639/1555
f 1575/1575/1492 1574/1574/1491 1640/1640/1556
f 1574/1574/1491 1639/1639/1555 1640/1640/1556
f 1576/1576/1493 1575/1575/1492 1641/1641/1557
f 1575/1575/1492 1640/1640/1556 1641/1641/1557
f 1577/1577/1494 1576/1576/1493 1642/1642/1558
f 1576/1576/1493 1641/1641/1557 1642/1642/1558
f 1578/1578/1495 1577/1577/1494 1643/1643/1559
f 1577/1577/1494 1642/1642/1558 1643/1643/1559
f 1579/1579/1496 1578/1578/1495 1644/1644/1560
f 1578/1578/1495 1643/1643/1559 1644/1644/1560
f 1580/1580/1497 1579/1579/1496 1645/1645/1561
f 1579/1579/1496 1644/1644/1560 1645/1645/1561
f 1581/1581/1498 1580/1580/1497 1646/1646/1562
f 1580/1580/1497 1645/1645/1561 1646/1646/1562
f 1582/1582/1499 1581/1581/1498 1647/1647/1563
f 1581/1581/1498 1646/1646/1562 1647/1647/1563
f 1583/1583/1500 1582/1582/1499 1648/1648/1564
f 1582/1582/1499 1647/1647/1563 1648/1648/1564
f 1584/1584/1501 1583/1583/1500 1649/1649/1565
f 1583/1583/1500 1648/1648/1564 1649/1649/1565
f 1585/1585/1502 1584/1584/1501 1650/1650/1566
f 1584/1584/1501 1649/1649/1565 1650/1650/1566
f 1586/1586/1503 1585/1585/1502 1651/1651/1567
f 1585/1585/1502 1650/1650/1566 1651/1651/1567
f 1587/1587/1504 1586/1586/1503 1652/1652/1568
f 1586/1586/1503 1651/1651/1567 1652/1652/1568
f 1588/1588/1505 1587/1587/1504 1653/1653/1569
f 1587/1587/1504 1652/1652/1568 1653/1653/1569
f 1589/1589/1506 1588/1588/1505 1654/1654/1570
f 1588/1588/1505 1653/1653/1569 1654/1654/1570
f 1590/1590/1507 1589/1589/1506 1655/1655/1571
f 1589/1589/1506 1654/1654/1570 1655/1655/1571
f 1591/1591/1508 1590/1590/1507 1656/1656/1572
f 1590/1590/1507 1655/1655/1571 1656/1656/1572
f 1592/1592/1509 1591/1591/1508 1657/1657/1573
f 1591/1591/1508 1656/1656/1572 1657/1657/1573
f 1593/1593/1510 1592/1592/1509 1658/1658/1574
f 1592/1592/1509 1657/1657/1573 1658/1658/1574
f 1594/1594/1511 1593/1593/1510 1659/1659/1575
f 1593/1593/1510 1658/1658/1574 1659/1659/1575
f 1595/1595/1512 1594/1594/1511 1660/1660/1576
f 1594/1594/1511 1659/1659/1575 1660/1660/1576
f 1596/1596/1513 1595/1595/1512 1661/1661/1577
f 1595/1595/1512 1660/1660/1576 1661/1661/1577
f 1597/1597/1514 1596/1596/1513 1662/1662/1578
f 1596/1596/1513 1661/1661/1577 1662/1662/1578
f 1598/1598/1515 1597/1597/1514 1663/1663/1579
f 1597/1597/1514 1662/1662/1578 1663/1663/1579
f 1599/1599/1516 1598/1598/1515 1664/1664/1580
f 1598/1598/1515 1663/1663/1579 1664/1664/1580
f 1600/1600/1517 1599/1599/1516 1665/1665/1581
f 1599/1599/1516 1664/1664/1580 1665/1665/1581
f 1601/1601/1518 1600/1600/1517 1666/1666/1582
f 1600/1600/1517 1665/1665/1581 1666/1666/1582
f 1602/1602/1519 1601/1601/1518 1667/1667/1583
f 1601/1601/1518 1666/1666/1582 1667/1667/1583
f 1603/1603/1520 1602/1602/1519 1668/1668/1584
f 1602/1602/1519 1667/1667/1583 1668/1668/1584
f 1604/1604/1521 1603/1603/1520 1669/1669/1585
f 1603/1603/1520 1668/1668/1584 1669/1669/1585
f 1605/1605/1522 1604/1604/1521 1670/1670/1586
f 1604/1604/1521 1669/1669/1585 1670/1670/1586
f 1606/1606/1523 1605/1605/1522 1671/1671/1587
f 1605/1605/1522 1670/1670/1586 1671/1671/1587
f 1607/1607/1524 1606/1606/1523 1672/1672/1588
f 1606/1606/1523 1671/1671/1587 1672/1672/1588
f 1608/1608/1525 1607/1607/1524 1673/1673/1589
f 1607/1607/1524 1672/1672/1588 1673/1673/1589
f 1609/1609/1526 1608/1608/1525 1674/1674/1590
f 1608/1608/1525 1673/1673/1589 1674/1674/1590
f 1610/1610/1527 1609/1609/1526 1675/1675/1591
f 1609/1609/1526 1674/1674/1590 1675/1675/1591
f 1611/1611/1528 1610/1610/1527 1676/1676/1592
f 1610/1610/1527 1675/1675/1591 1676/1676/1592
f 1612/1612/1529 1611/1611/1528 1677/1677/1593
f 1611/1611/1528 1676/1676/1592 1677/1677/1593
f 1613/1613/1530 1612/1612/1529 1678/1678/1594
f 1612/1612/1529 1677/1677/1593 1678/1678/1594
f 1614/1614/1531 1613/1613/1530 1679/1679/1595
f 1613/1613/1530 1678/1678/1594 1679/1679/1595
f 1615/1615/1532 1614/1614/1531 1680/1680/1596
f 1614/1614/1531 1679/1679/1595 1680/1680/1596
f 1616/1616/1533 1615/1615/1532 1681/1681/1597
f 1615/1615/1532 1680/1680/1596 1681/1681/1597
f 1617/1617/1534 1616/1616/1533 1682/1682/1598
f 1616/1616/1533 1681/1681/1597 1682/1682/1598
f 1618/1618/1535 1617/1617/1534 1683/1683/1599
f 1617/1617/1534 1682/1682/1598 1683/1683/1599
f 1619/1619/1536 1618/1618/1535 1684/1684/1600
f 1618/1618/1535 1683/1683/1599 1684/1684/1600
f 1620/1620/1537 1619/1619/1536 1685/1685/1601
f 1619/1619/1536 1684/1684/1600 1685/1685/1601
f 1621/1621/1538 1620/1620/1537 1686/1686/1602
f 1620/1620/1537 1685/1685/1601 1686/1686/1602
f 1622/1622/1539 1621/1621/1538 1687/1687/1603
f 1621/1621/1538 1686/1686/1602 1687/1687/1603
f 1623/1623/1540 1622/1622/1539 1688/1688/1604
f 1622/1622/1539 1687/1687/1603 1688/1688/1604
f 1624/1624/1478 1623/1623/1540 1689/1689/1542
f 1623/1623/1540 1688/1688/1604 1689/1689/1542
f 1625/1625/1541 1626/1626/1542 1690/1690/1605
f 1626/1626/1542 1691/1691/1606 1690/1690/1605
f 1627/1627/1543 1625/1625/1541 1692/1692/1607
f 1625/1625/1541 1690/1690/1605 1692/1692/1607
f 1628/1628/1544 1627/1627/1543 1693/1693/1608
f 1627/1627/1543 1692/1692/1607 1693/1693/1608
f 1629/1629/1545 1628/1628/1544 1694/1694/1609
f 1628/1628/1544 1693/1693/1608 1694/1694/1609
f 1630/1630/1546 1629/1629/1545 1695/1695/1610
f 1629/1629/1545 1694/1694/1609 1695/1695/1610
f 1631/1631/1547 1630/1630/1546 1696/1696/1611
f 1630/1630/1546 1695/1695/1610 1696/1696/1611
f 1632/1632/1548 1631/1631/1547 1697/1697/1612
f 1631/1631/1547 1696/1696/1611 1697/1697/1612
f 1633/1633/1549 1632/1632/1548 1698/1698/1613
f 1632/1632/1548 1697/1697/1612 1698/1698/1613
f 1634/1634/1550 1633/1633/1549 1699/1699/1614
f 1633/1633/1549 1698/1698/1613 1699/1699/1614
f 1635/1635/1551 1634/1634/1550 1700/1700/1615
f 1634/1634/1550 1699/1699/1614 1700/1700/1615
f 1636/1636/1552 1635/1635/1551 1701/1701/1616
f 1635/1635/1551 1700/1700/1615 1701/1701/1616
f 1637/1637/1553 1636/1636/1552 1702/1702/1617
f 1636/1636/1552 1701/1701/1616 1702/1702/1617
f 1638/1638/1554 1637/1637/1553 1703/1703/1618
f 1637/1637/1553 1702/1702/1617 1703/1703/1618
f 1639/1639/1555 1638/1638/1554 1704/1704/1619
f 1638/1638/1554 1703/1703/1618 1704/1704/1619
f 1640/1640/1556 1639/1639/1555 1705/1705/1620
f 1639/1639/1555 1704/1704/1619 1705/1705/1620
f 1641/1641/1557 1640/1640/1556 1706/1706/1621
f 1640/1640/1556 1705/1705/1620 1706/1706/1621
f 1642/1642/1558 1641/1641/1557 1707/1707/1622
f 1641/1641/1557 1706/1706/1621 1707/1707/1622
f 1643/1643/1559 1642/1642/1558 1708/1708/1623
f 1642/1642/1558 1707/1707/1622 1708/1708/1623
f 1644/1644/1560 1643/1643/1559 1709/1709/1624
f 1643/1643/1559 1708/1708/1623 1709/1709/1624
f 1645/1645/1561 1644/1644/1560 1710/1710/1625
f 1644/1644/1560 1709/1709/1624 1710/1710/1625
f 1646/1646/1562 1645/1645/1561 1711/1711/1626
f 1645/1645/1561 1710/1710/1625 1711/1711/1626
f 1647/1647/1563 1646/1646/1562 1712/1712/1627
f 1646/1646/1562 1711/1711/1626 1712/1712/1627
f 1648/1648/1564 1647/1647/1563 1713/1713/1628
f 1647/1647/1563 1712/1712/1627 1713/1713/1628
f 1649/1649/1565 1648/1648/1564 1714/1714/1629
f 1648/1648/1564 1713/1713/1628 1714/1714/1629
f 1650/1650/1566 1649/1649/1565 1715/1715/1630
f 1649/1649/1565 1714/1714/1629 1715/1715/1630
f 1651/1651/1567 1650/1650/1566 1716/1716/1631
f 1650/1650/1566 1715/1715/1630 1716/1716/1631
f 1652/1652/1568 1651/1651/1567 1717/1717/1632
f 1651/1651/1567 1716/1716/1631 1717/1717/1632
f 1653/1653/1569 1652/1652/1568 1718/1718/1633
f 1652/1652/1568 1717/1717/1632 1718/1718/1633
f 1654/1654/1570 1653/1653/1569 1719/1719/1634
f 1653/1653/1569 1718/1718/1633 1719/1719/1634
f 1655/1655/1571 1654/1654/1570 1720/1720/1635
f 1654/1654/1570 1719/1719/1634 1720/1720/1635
f 1656/1656/1572 1655/1655/1571 1721/1721/1636
f 1655/1655/1571 1720/1720/1635 1721/1721/1636
f 1657/1657/1573 1656/1656/1572 1722/1722/1637
f 1656/1656/1572 1721/1721/1636 1722/1722/1637
f 1658/1658/1574 1657/1657/1573 1723/1723/1638
f 1657/1657/1573 1722/1722/1637 1723/1723/1638
f 1659/1659/1575 1658/1658/1574 1724/1724/1639
f 1658/1658/1574 1723/1723/1638 1724/1724/1639
f 1660/1660/1576 1659/1659/1575 1725/1725/1640
f 1659/1659/1575 1724/1724/1639 1725/1725/1640
f 1661/1661/1577 1660/1660/1576 1726/1726/1641
f 1660/1660/1576 1725/1725/1640 1726/1726/1641
f 1662/1662/1578 1661/1661/1577 1727/1727/1642
f 1661/1661/1577 1726/1726/1641 1727/1727/1642
f 1663/1663/1579 1662/1662/1578 1728/1728/1643
f 1662/1662/1578 1727/1727/1642 1728/1728/1643
f 1664/1664/1580 1663/1663/1579 1729/1729/1644
f 1663/1663/1579 1728/1728/1643 1729/1729/1644
f 1665/1665/1581 1664/1664/1580 1730/1730/1645
f 1664/1664/1580 1729/1729/1644 1730/1730/1645
f 1666/1666/1582 1665/1665/1581 1731/1731/1646
f 1665/1665/1581 1730/1730/1645 1731/1731/1646
f 1667/1667/1583 1666/1666/1582 1732/1732/1647
f 1666/1666/1582 1731/1731/1646 1732/1732/1647
f 1668/1668/1584 1667/1667/1583 1733/1733/1648
f 1667/1667/1583 1732/1732/1647 1733/1733/1648
f 1669/1669/1585 1668/1668/1584 1734/1734/1649
f 1668/1668/1584 1733/1733/1648 1734/1734/1649
f 1670/1670/1586 1669/1669/1585 1735/1735/1650
f 1669/1669/1585 1734/1734/1649 1735/1735/1650
f 1671/1671/1587 1670/1670/1586 1736/1736/1651
f 1670/1670/1586 1735/1735/1650 1736/1736/1651
f 1672/1672/1588 1671/1671/1587 1737/1737/1652
f 1671/1671/1587 1736/1736/1651 1737/1737/1652
f 1673/1673/1589 1672/1672/1588 1738/1738/1653
f 1672/1672/1588 1737/1737/1652 1738/1738/1653
f 1674/1674/1590 1673/1673/1589 1739/1739/1654
f 1673/1673/1589 1738/1738/1653 1739/1739/1654
f 1675/1675/1591 1674/1674/1590 1740/1740/1655
f 1674/1674/1590 1739/1739/1654 1740/1740/1655
f 1676/1676/1592 1675/1675/1591 1741/1741/1656
f 1675/1675/1591 1740/1740/1655 1741/1741/1656
f 1677/1677/1593 1676/1676/1592 1742/1742/1657
f 1676/1676/1592 1741/1741/1656 1742/1742/1657
f 1678/1678/1594 1677/1677/1593 1743/1743/1658
f 1677/1677/1593 1742/1742/1657 1743/1743/1658
f 1679/1679/1595 1678/1678/1594 1744/1744/1659
f 1678/1678/1594 1743/1743/1658 1744/1744/1659
f 1680/1680/1596 1679/1679/1595 1745/1745/1660
f 1679/1679/1595 1744/1744/1659 1745/1745/1660
f 1681/1681/1597 1680/1680/1596 1746/1746/1661
f 1680/1680/1596 1745/1745/1660 1746/1746/1661
f 1682/1682/1598 1681/1681/1597 1747/1747/1662
f 1681/1681/1597 1746/1746/1661 1747/1747/1662
f 1683/1683/1599 1682/1682/1598 1748/1748/1663
f 1682/1682/1598 1747/1747/1662 1748/1748/1663
f 1684/1684/1600 1683/1683/1599 1749/1749/1664
f 1683/1683/1599 1748/1748/1663 1749/1749/1664
f 1685/1685/1601 1684/1684/1600 1750/1750/1665
f 1684/1684/1600 1749/1749/1664 1750/1750/1665
f 1686/1686/1602 1685/1685/1601 1751/1751/1666
f 1685/1685/1601 1750/1750/1665 1751/1751/1666
f 1687/1687/1603 1686/1686/1602 1752/1752/1667
f 1686/1686/1602 1751/1751/1666 1752/1752/1667
f 1688/1688/1604 1687/1687/1603 1753/1753/1668
f 1687/1687/1603 1752/1752/1667 1753/1753/1668
f 1689/1689/1542 1688/1688/1604 1754/1754/1606
f 1688/1688/1604 1753/1753/1668 1754/1754/1606
f 1690/1690/1605 1691/1691/1606 1755/1755/1669
f 1691/1691/1606 1756/1756/1670 1755/1755/1669
f 1692/1692/1607 1690/1690/1605 1757/1757/1671
f 1690/1690/1605 1755/1755/1669 1757/1757/1671
f 1693/1693/1608 1692/1692/1607 1758/1758/1672
f 1692/1692/1607 1757/1757/1671 1758/1758/1672
f 1694/1694/1609 1693/1693/1608 1759/1759/1673
f 1693/1693/1608 1758/1758/1672 1759/1759/1673
f 1695/1695/1610 1694/1694/1609 1760/1760/1674
f 1694/1694/1609 1759/1759/1673 1760/1760/1674
f 1696/1696/1611 1695/1695/1610 1761/1761/1675
f 1695/1695/1610 1760/1760/1674 1761/1761/1675
f 1697/1697/1612 1696/1696/1611 1762/1762/1676
f 1696/1696/1611 1761/1761/1675 1762/1762/1676
f 1698/1698/1613 1697/1697/1612 1763/1763/1677
f 1697/1697/1612 1762/1762/1676 1763/1763/1677
f 1699/1699/1614 1698/1698/1613 1764/1764/1678
f 1698/1698/1613 1763/1763/1677 1764/1764/1678
f 1700/1700/1615 1699/1699/1614 1765/1765/1679
f 1699/1699/1614 1764/1764/1678 1765/1765/1679
f 1701/1701/1616 1700/1700/1615 1766/1766/1680
f 1700/1700/1615 1765/1765/1679 1766/1766/1680
f 1702/1702/1617 1701/1701/1616 1767/1767/1681
f 1701/1701/1616 1766/1766/1680 1767/1767/1681
f 1703/1703/1618 1702/1702/1617 1768/1768/1682
f 1702/1702/1617 1767/1767/1681 1768/1768/1682
f 1704/1704/1619 1703/1703/1618 1769/1769/1683
f 1703/1703/1618 1768/1768/1682 1769/1769/1683
f 1705/1705/1620 1704/1704/1619 1770/1770/1684
f 1704/1704/1619 1769/1769/1683 1770/1770/1684
f 1706/1706/1621 1705/1705/1620 1771/1771/1685
f 1705/1705/1620 1770/1770/1684 1771/1771/1685
f 1707/1707/1622 1706/1706/1621 1772/1772/1686
f 1706/1706/1621 1771/1771/1685 1772/1772/1686
f 1708/1708/1623 1707/1707/1622 1773/1773/1687
f 1707/1707/1622 1772/1772/1686 1773/1773/1687
f 1709/1709/1624 1708/1708/1623 1774/1774/1688
f 1708/1708/1623 1773/1773/1687 1774/1774/1688
f 1710/1710/1625 1709/1709/1624 1775/1775/1689
f 1709/1709/1624 1774/1774/1688 1775/1775/1689
f 1711/1711/1626 1710/1710/1625 1776/1776/1690
f 1710/1710/1625 1775/1775/1689 1776/1776/1690
f 1712/1712/1627 1711/1711/1626 1777/1777/1691
f 1711/1711/1626 1776/1776/1690 1777/1777/1691
f 1713/1713/1628 1712/1712/1627 1778/1778/1692
f 1712/1712/1627 1777/1777/1691 1778/1778/1692
f 1714/1714/1629 1713/1713/1628 1779/1779/1693
f 1713/1713/1628 1778/1778/1692 1779/1779/1693
f 1715/1715/1630 1714/1714/1629 1780/1780/1694
f 1714/1714/1629 1779/1779/1693 1780/1780/1694
f 1716/1716/1631 1715/1715/1630 1781/1781/1695
f 1715/1715/1630 1780/1780/1694 1781/1781/1695
f 1717/1717/1632 1716/1716/1631 1782/1782/1696
f 1716/1716/1631 1781/1781/1695 1782/1782/1696
f 1718/1718/1633 1717/1717/1632 1783/1783/1697
f 1717/1717/1632 1782/1782/1696 1783/1783/1697
f 1719/1719/1634 1718/1718/1633 1784/1784/1698
f 1718/1718/1633 1783/1783/1697 1784/1784/1698
f 1720/1720/1635 1719/1719/1634 1785/1785/1699
f 1719/1719/1634 1784/1784/1698 1785/1785/1699
f 1721/1721/1636 1720/1720/1635 1786/1786/1700
f 1720/1720/1635 1785/1785/1699 1786/1786/1700
f 1722/1722/1637 1721/1721/1636 1787/1787/1701
f 1721/1721/1636 1786/1786/1700 1787/1787/1701
f 1723/1723/1638 1722/1722/1637 1788/1788/1702
f 1722/1722/1637 1787/1787/1701 1788/1788/1702
f 1724/1724/1639 1723/1723/1638 1789/1789/1703
f 1723/1723/1638 1788/1788/1702 1789/1789/1703
f 1725/1725/1640 1724/1724/1639 1790/1790/1704
f 1724/1724/1639 1789/1789/1703 1790/1790/1704
f 1726/1726/1641 1725/1725/1640 1791/1791/1705
f 1725/1725/1640 1790/1790/1704 1791/1791/1705
f 1727/1727/1642 1726/1726/1641 1792/1792/1706
f 1726/1726/1641 1791/1791/1705 1792/1792/1706
f 1728/1728/1643 1727/1727/1642 1793/1793/1707
f 1727/1727/1642 1792/1792/1706 1793/1793/1707
f 1729/1729/1644 1728/1728/1643 1794/1794/1708
f 1728/1728/1643 1793/1793/1707 1794/1794/1708
f 1730/1730/1645 1729/1729/1644 1795/1795/1709
f 1729/1729/1644 1794/1794/1708 1795/1795/1709
f 1731/1731/1646 1730/1730/1645 1796/1796/1710
f 1730/1730/1645 1795/1795/1709 1796/1796/1710
f 1732/1732/1647 1731/1731/1646 1797/1797/1711
f 1731/1731/1646 1796/1796/1710 1797/1797/1711
f 1733/1733/1648 1732/1732/1647 1798/1798/1712
f 1732/1732/1647 1797/1797/1711 1798/1798/1712
f 1734/1734/1649 1733/1733/1648 1799/1799/1713
f 1733/1733/1648 1798/1798/1712 1799/1799/1713
f 1735/1735/1650 1734/1734/1649 1800/1800/1714
f 1734/1734/1649 1799/1799/1713 1800/1800/1714
f 1736/1736/1651 1735/1735/1650 1801/1801/1715
f 1735/1735/1650 1800/1800/1714 1801/1801/1715
f 1737/1737/1652 1736/1736/1651 1802/1802/1716
f 1736/1736/1651 1801/1801/1715 1802/1802/1716
f 1738/1738/1653 1737/1737/1652 1803/1803/1717
f 1737/1737/1652 1802/1802/1716 1803/1803/1717
f 1739/1739/1654 1738/1738/1653 1804/1804/1718
f 1738/1738/1653 1803/1803/1717 1804/1804/1718
f 1740/1740/1655 1739/1739/1654 1805/1805/1719
f 1739/1739/1654 1804/1804/1718 1805/1805/1719
f 1741/1741/1656 1740/1740/1655 1806/1806/1720
f 1740/1740/1655 1805/1805/1719 1806/1806/1720
f 1742/1742/1657 1741/1741/1656 1807/1807/1721
f 1741/1741/1656 1806/1806/1720 1807/1807/1721
f 1743/1743/1658 1742/1742/1657 1808/1808/1722
f 1742/1742/1657 1807/1807/1721 1808/1808/1722
f 1744/1744/1659 1743/1743/1658 1809/1809/1723
f 1743/1743/1658 1808/1808/1722 1809/1809/1723
f 1745/1745/1660 1744/1744/1659 1810/1810/1724
f 1744/1744/1659 1809/1809/1723 1810/1810/1724
f 1746/1746/1661 1745/1745/1660 1811/1811/1725
f 1745/1745/1660 1810/1810/1724 1811/1811/1725
f 1747/1747/1662 1746/1746/1661 1812/1812/1726
f 1746/1746/1661 1811/1811/1725 1812/1812/1726
f 1748/1748/1663 1747/1747/1662 1813/1813/1727
f 1747/1747/1662 1812/1812/1726 1813/1813/1727
f 1749/1749/1664 1748/1748/1663 1814/1814/1728
f 1748/1748/1663 1813/1813/1727 1814/1814/1728
f 1750/1750/1665 1749/1749/1664 1815/1815/1729
f 1749/1749/1664 1814/1814/1728 1815/1815/1729
f 1751/1751/1666 1750/1750/1665 1816/1816/1730
f 1750/1750/1665 1815/1815/1729 1816/1816/1730
f 1752/1752/1667 1751/1751/1666 1817/1817/1731
f 1751/1751/1666 1816/1816/1730 1817/1817/1731
f 1753/1753/1668 1752/1752/1667 1818/1818/1732
f 1752/1752/1667 1817/1817/1731 1818/1818/1732
f 1754/1754/1606 1753/1753/1668 1819/1819/1670
f 1753/1753/1668 1818/1818/1732 1819/1819/1670
f 1755/1755/1669 1756/1756/1670 1820/1820/1733
f 1756/1756/1670 1821/1821/1734 1820/1820/1733
f 1757/1757/1671 1755/1755/1669 1822/1822/1735
f 1755/1755/1669 1820/1820/1733 1822/1822/1735
f 1758/1758/1672 1757/1757/1671 1823/1823/1736
f 1757/1757/1671 1822/1822/1735 1823/1823/1736
f 1759/1759/1673 1758/1758/1672 1824/1824/1737
f 1758/1758/1672 1823/1823/1736 1824/1824/1737
f 1760/1760/1674 1759/1759/1673 1825/1825/1738
f 1759/1759/1673 1824/1824/1737 1825/1825/1738
f 1761/1761/1675 1760/1760/1674 1826/1826/1739
f 1760/1760/1674 1825/1825/1738 1826/1826/1739
f 1762/1762/1676 1761/1761/1675 1827/1827/1740
f 1761/1761/1675 1826/1826/1739 1827/1827/1740
f 1763/1763/1677 1762/1762/1676 1828/1828/1741
f 1762/1762/1676 1827/1827/1740 1828/1828/1741
f 1764/1764/1678 1763/1763/1677 1829/1829/1742
f 1763/1763/1677 1828/1828/1741 1829/1829/1742
f 1765/1765/1679 1764/1764/1678 1830/1830/1743
f 1764/1764/1678 1829/1829/1742 1830/1830/1743
f 1766/1766/1680 1765/1765/1679 1831/1831/1744
f 1765/1765/1679 1830/1830/1743 1831/1831/1744
f 1767/1767/1681 1766/1766/1680 1832/1832/1745
f 1766/1766/1680 1831/1831/1744 1832/1832/1745
f 1768/1768/1682 1767/1767/1681 1833/1833/1746
f 1767/1767/1681 1832/1832/1745 1833/1833/1746
f 1769/1769/1683 1768/1768/1682 1834/1834/1747
f 1768/1768/1682 1833/1833/1746 1834/1834/1747
f 1770/1770/1684 1769/1769/1683 1835/1835/1748
f 1769/1769/1683 1834/1834/1747 1835/1835/1748
f 1771/1771/1685 1770/1770/1684 1836/1836/1749
f 1770/1770/1684 1835/1835/1748 1836/1836/1749
f 1772/1772/1686 1771/1771/1685 1837/1837/1750
f 1771/1771/1685 1836/1836/1749 1837/1837/1750
f 1773/1773/1687 1772/1772/1686 1838/1838/1751
f 1772/1772/1686 1837/1837/1750 1838/1838/1751
f 1774/1774/1688 1773/1773/1687 1839/1839/1752
f 1773/1773/1687 1838/1838/1751 1839/1839/1752
f 1775/1775/1689 1774/1774/1688 1840/1840/1753
f 1774/1774/1688 1839/1839/1752 1840/1840/1753
f 1776/1776/1690 1775/1775/1689 1841/1841/1754
f 1775/1775/1689 1840/1840/1753 1841/1841/1754
f 1777/1777/1691 1776/1776/1690 1842/1842/1755
f 1776/1776/1690 1841/1841/1754 1842/1842/1755
f 1778/1778/1692 1777/1777/1691 1843/1843/1756
f 1777/1777/1691 1842/1842/1755 1843/1843/1756
f 1779/1779/1693 1778/1778/1692 1844/1844/1757
f 1778/1778/1692 1843/1843/1756 1844/1844/1757
f 1780/1780/1694 1779/1779/1693 1845/1845/1758
f 1779/1779/1693 1844/1844/1757 1845/1845/1758
f 1781/1781/1695 1780/1780/1694 1846/1846/1759
f 1780/1780/1694 1845/1845/1758 1846/1846/1759
f 1782/1782/1696 1781/1781/1695 1847/1847/1760
f 1781/1781/1695 1846/1846/1759 1847/1847/1760
f 1783/1783/1697 1782/1782/1696 1848/1848/1761
f 1782/1782/1696 1847/1847/1760 1848/1848/1761
f 1784/1784/1698 1783/1783/1697 1849/1849/1762
f 1783/1783/1697 1848/1848/1761 1849/1849/1762
f 1785/1785/1699 1784/1784/1698 1850/1850/1763
f 1784/1784/1698 1849/1849/1762 1850/1850/1763
f 1786/1786/1700 1785/1785/1699 1851/1851/1764
f 1785/1785/1699 1850/1850/1763 1851/1851/1764
f 1787/1787/1701 1786/1786/1700 1852/1852/1765
f 1786/1786/1700 1851/1851/1764 1852/1852/1765
f 1788/1788/1702 1787/1787/1701 1853/1853/1766
f 1787/1787/1701 1852/1852/1765 1853/1853/1766
f 1789/1789/1703 1788/1788/1702 1854/1854/1767
f 1788/1788/1702 1853/1853/1766 1854/1854/1767
f 1790/1790/1704 1789/1789/1703 1855/1855/1768
f 1789/1789/1703 1854/1854/1767 1855/1855/1768
f 1791/1791/1705 1790/1790/1704 1856/1856/1769
f 1790/1790/1704 1855/1855/1768 1856/1856/1769
f 1792/1792/1706 1791/1791/1705 1857/1857/1770
f 1791/1791/1705 1856/1856/1769 1857/1857/1770
f 1793/1793/1707 1792/1792/1706 1858/1858/1771
f 1792/1792/1706 1857/1857/1770 1858/1858/1771
f 1794/1794/1708 1793/1793/1707 1859/1859/1772
f 1793/1793/1707 1858/1858/1771 1859/1859/1772
f 1795/1795/1709 1794/1794/1708 1860/1860/1773
f 1794/1794/1708 1859/1859/1772 1860/1860/1773
f 1796/1796/1710 1795/1795/1709 1861/1861/1774
f 1795/1795/1709 1860/1860/1773 1861/1861/1774
f 1797/1797/1711 1796/1796/1710 1862/1862/1775
f 1796/1796/1710 1861/1861/1774 1862/1862/1775
f 1798/1798/1712 1797/1797/1711 1863/1863/1776
f 1797/1797/1711 1862/1862/1775 1863/1863/1776
f 1799/1799/1713 1798/1798/1712 1864/1864/1777
f 1798/1798/1712 1863/1863/1776 1864/1864/1777
f 1800/1800/1714 1799/1799/1713 1865/1865/1778
f 1799/1799/1713 1864/1864/1777 1865/1865/1778
f 1801/1801/1715 1800/1800/1714 1866/1866/1779
f 1800/1800/1714 1865/1865/1778 1866/1866/1779
f 1802/1802/1716 1801/1801/1715 1867/1867/1780
f 1801/1801/1715 1866/1866/1779 1867/1867/1780
f 1803/1803/1717 1802/1802/1716 1868/1868/1781
f 1802/1802/1716 1867/1867/1780 1868/1868/1781
f 1804/1804/1718 1803/1803/1717 1869/1869/1782
f 1803/1803/1717 1868/1868/1781 1869/1869/1782
f 1805/1805/1719 1804/1804/1718 1870/1870/1783
f 1804/1804/1718 1869/1869/1782 1870/1870/1783
f 1806/1806/1720 1805/1805/1719 1871/1871/1784
f 1805/1805/1719 1870/1870/1783 1871/1871/1784
f 1807/1807/1721 1806/1806/1720 1872/1872/1785
f 1806/1806/1720 1871/1871/1784 1872/1872/1785
f 1808/1808/1722 1807/1807/1721 1873/1873/1786
f 1807/1807/1721 1872/1872/1785 1873/1873/1786
f 1809/1809/1723 1808/1808/1722 1874/1874/1787
f 1808/1808/1722 1873/1873/1786 1874/1874/1787
f 1810/1810/1724 1809/1809/1723 1875/1875/1788
f 1809/1809/1723 1874/1874/1787 1875/1875/1788
f 1811/1811/1725 1810/1810/1724 1876/1876/1789
f 1810/1810/1724 1875/1875/1788 1876/1876/1789
f 1812/1812/1726 1811/1811/1725 1877/1877/1790
f 1811/1811/1725 1876/1876/1789 1877/1877/1790
f 1813/1813/1727 1812/1812/1726 1878/1878/1791
f 1812/1812/1726 1877/1877/1790 1878/1878/1791
f 1814/1814/1728 1813/1813/1727 1879/1879/1792
f 1813/1813/1727 1878/1878/1791 1879/1879/1792
f 1815/1815/1729 1814/1814/1728 1880/1880/1793
f 1814/1814/1728 1879/1879/1792 1880/1880/1793
f 1816/1816/1730 1815/1815/1729 1881/1881/1794
f 1815/1815/1729 1880/1880/1793 1881/1881/1794
f 1817/1817/1731 1816/1816/1730 1882/1882/1795
f 1816/1816/1730 1881/1881/1794 1882/1882/1795
f 1818/1818/1732 1817/1817/1731 1883/1883/1796
f 1817/1817/1731 1882/1882/1795 1883/1883/1796
f 1819/1819/1670 1818/1818/1732 1884/1884/1734
f 1818/1818/1732 1883/1883/1796 1884/1884/1734
f 1820/1820/1733 1821/1821/1734 1885/1885/1797
f 1821/1821/1734 1886/1886/1798 1885/1885/1797
f 1822/1822/1735 1820/1820/1733 1887/1887/1799
f 1820/1820/1733 1885/1885/1797 1887/1887/1799
f 1823/1823/1736 1822/1822/1735 1888/1888/1800
f 1822/1822/1735 1887/1887/1799 1888/1888/1800
f 1824/1824/1737 1823/1823/1736 1889/1889/1801
f 1823/1823/1736 1888/1888/1800 1889/1889/1801
f 1825/1825/1738 1824/1824/1737 1890/1890/1802
f 1824/1824/1737 1889/1889/1801 1890/1890/1802
f 1826/1826/1739 1825/1825/1738 1891/1891/1803
f 1825/1825/1738 1890/1890/1802 1891/1891/1803
f 1827/1827/1740 1826/1826/1739 1892/1892/1804
f 1826/1826/1739 1891/1891/1803 1892/1892/1804
f 1828/1828/1741 1827/1827/1740 1893/1893/1805
f 1827/1827/1740 1892/1892/1804 1893/1893/1805
f 1829/1829/1742 1828/1828/1741 1894/1894/1806
f 1828/1828/1741 1893/1893/1805 1894/1894/1806
f 1830/1830/1743 1829/1829/1742 1895/1895/1807
f 1829/1829/1742 1894/1894/1806 1895/1895/1807
f 1831/1831/1744 1830/1830/1743 1896/1896/1808
f 1830/1830/1743 1895/1895/1807 1896/1896/1808
f 1832/1832/1745 1831/1831/1744 1897/1897/1809
f 1831/1831/1744 1896/1896/1808 1897/1897/1809
f 1833/1833/1746 1832/1832/1745 1898/1898/1810
f 1832/1832/1745 1897/1897/1809 1898/1898/1810
f 1834/1834/1747 1833/1833/1746 1899/1899/1811
f 1833/1833/1746 1898/1898/1810 1899/1899/1811
f 1835/1835/1748 1834/1834/1747 1900/1900/1812
f 1834/1834/1747 1899/1899/1811 1900/1900/1812
f 1836/1836/1749 1835/1835/1748 1901/1901/1813
f 1835/1835/1748 1900/1900/1812 1901/1901/1813
f 1837/1837/1750 1836/1836/1749 1902/1902/1814
f 1836/1836/1749 1901/1901/1813 1902/1902/1814
f 1838/1838/1751 1837/1837/1750 1903/1903/1815
f 1837/1837/1750 1902/1902/1814 1903/1903/1815
f 1839/1839/1752 1838/1838/1751 1904/1904/1816
f 1838/1838/1751 1903/1903/1815 1904/1904/1816
f 1840/1840/1753 1839/1839/1752 1905/1905/1817
f 1839/1839/1752 1904/1904/1816 1905/1905/1817
f 1841/1841/1754 1840/1840/1753 1906/1906/1818
f 1840/1840/1753 1905/1905/1817 1906/1906/1818
f 1842/1842/1755 1841/1841/1754 1907/1907/1819
f 1841/1841/1754 1906/1906/1818 1907/1907/1819
f 1843/1843/1756 1842/1842/1755 1908/1908/1820
f 1842/1842/1755 1907/1907/1819 1908/1908/1820
f 1844/1844/1757 1843/1843/1756 1909/1909/1821
f 1843/1843/1756 1908/1908/1820 1909/1909/1821
f 1845/1845/1758 1844/1844/1757 1910/1910/1822
f 1844/1844/1757 1909/1909/1821 1910/1910/1822
f 1846/1846/1759 1845/1845/1758 1911/1911/1823
f 1845/1845/1758 1910/1910/1822 1911/1911/1823
f 1847/1847/1760 1846/1846/1759 1912/1912/1824
f 1846/1846/1759 1911/1911/1823 1912/1912/1824
f 1848/1848/1761 1847/1847/1760 1913/1913/1825
f 1847/1847/1760 1912/1912/1824 1913/1913/1825
f 1849/1849/1762 1848/1848/1761 1914/1914/1826
f 1848/1848/1761 1913/1913/1825 1914/1914/1826
f 1850/1850/1763 1849/1849/1762 1915/1915/1827
f 1849/1849/1762 1914/1914/1826 1915/1915/1827
f 1851/1851/1764 1850/1850/1763 1916/1916/1828
f 1850/1850/1763 1915/1915/1827 1916/1916/1828
f 1852/1852/1765 1851/1851/1764 1917/1917/1829
f 1851/1851/1764 1916/1916/1828 1917/1917/1829
f 1853/1853/1766 1852/1852/1765 1918/1918/1830
f 1852/1852/1765 1917/1917/1829 1918/1918/1830
f 1854/1854/1767 1853/1853/1766 1919/1919/1831
f 1853/1853/1766 1918/1918/1830 1919/1919/1831
f 1855/1855/1768 1854/1854/1767 1920/1920/1832
f 1854/1854/1767 1919/1919/1831 1920/1920/1832
f 1856/1856/1769 1855/1855/1768 1921/1921/1833
f 1855/1855/1768 1920/1920/1832 1921/1921/1833
f 1857/1857/1770 1856/1856/1769 1922/1922/1834
f 1856/1856/1769 1921/1921/1833 1922/1922/1834
f 1858/1858/1771 1857/1857/1770 1923/1923/1835
f 1857/1857/1770 1922/1922/1834 1923/1923/1835
f 1859/1859/1772 1858/1858/1771 1924/1924/1836
f 1858/1858/1771 1923/1923/1835 1924/1924/1836
f 1860/1860/1773 1859/1859/1772 1925/1925/1837
f 1859/1859/1772 1924/1924/1836 1925/1925/1837
f 1861/1861/1774 1860/1860/1773 1926/1926/1838
f 1860/1860/1773 1925/1925/1837 1926/1926/1838
f 1862/1862/1775 1861/1861/1774 1927/1927/1839
f 1861/1861/1774 1926/1926/1838 1927/1927/1839
f 1863/1863/1776 1862/1862/1775 1928/1928/1840
f 1862/1862/1775 1927/1927/1839 1928/1928/1840
f 1864/1864/1777 1863/1863/1776 1929/1929/1841
f 1863/1863/1776 1928/1928/1840 1929/1929/1841
f 1865/1865/1778 1864/1864/1777 1930/1930/1842
f 1864/1864/1777 1929/1929/1841 1930/1930/1842
f 1866/1866/1779 1865/1865/1778 1931/1931/1843
f 1865/1865/1778 1930/1930/1842 1931/1931/1843
f 1867/1867/1780 1866/1866/1779 1932/1932/1844
f 1866/1866/1779 1931/1931/1843 1932/1932/1844
f 1868/1868/1781 1867/1867/1780 1933/1933/1845
f 1867/1867/1780 1932/1932/1844 1933/1933/1845
f 1869/1869/1782 1868/1868/1781 1934/1934/1846
f 1868/1868/1781 1933/1933/1845 1934/1934/1846
f 1870/1870/1783 1869/1869/1782 1935/1935/1847
f 1869/1869/1782 1934/1934/1846 1935/1935/1847
f 1871/1871/1784 1870/1870/1783 1936/1936/1848
f 1870/1870/1783 1935/1935/1847 1936/1936/1848
f 1872/1872/1785 1871/1871/1784 1937/1937/1849
f 1871/1871/1784 1936/1936/1848 1937/1937/1849
f 1873/1873/1786 1872/1872/1785 1938/1938/1850
f 1872/1872/1785 1937/1937/1849 1938/1938/1850
f 1874/1874/1787 1873/1873/1786 1939/1939/1851
f 1873/1873/1786 1938/1938/1850 1939/1939/1851
f 1875/1875/1788 1874/1874/1787 1940/1940/1852
f 1874/1874/1787 1939/1939/1851 1940/1940/1852
f 1876/1876/1789 1875/1875/1788 1941/1941/1853
f 1875/1875/1788 1940/1940/1852 1941/1941/1853
f 1877/1877/1790 1876/1876/1789 1942/1942/1854
f 1876/1876/1789 1941/1941/1853 1942/1942/1854
f 1878/1878/1791 1877/1877/1790 1943/1943/1855
f 1877/1877/1790 1942/1942/1854 1943/1943/1855
f 1879/1879/1792 1878/1878/1791 1944/1944/1856
f 1878/1878/1791 1943/1943/1855 1944/1944/1856
f 1880/1880/1793 1879/1879/1792 1945/1945/1857
f 1879/1879/1792 1944/1944/1856 1945/1945/1857
f 1881/1881/1794 1880/1880/1793 1946/1946/1858
f 1880/1880/1793 1945/1945/1857 1946/1946/1858
f 1882/1882/1795 1881/1881/1794 1947/1947/1859
f 1881/1881/1794 1946/1946/1858 1947/1947/1859
f 1883/1883/1796 1882/1882/1795 1948/1948/1860
f 1882/1882/1795 1947/1947/1859 1948/1948/1860
f 1884/1884/1734 1883/1883/1796 1949/1949/1798
f 1883/1883/1796 1948/1948/1860 1949/1949/1798
f 1885/1885/1797 1886/1886/1798 1950/1950/1861
f 1886/1886/1798 1951/1951/1862 1950/1950/1861
f 1887/1887/1799 1885/1885/1797 1952/1952/1863
f 1885/1885/1797 1950/1950/1861 1952/1952/1863
f 1888/1888/1800 1887/1887/1799 1953/1953/1864
f 1887/1887/1799 1952/1952/1863 1953/1953/1864
f 1889/1889/1801 1888/1888/1800 1954/1954/1865
f 1888/1888/1800 1953/1953/1864 1954/1954/1865
f 1890/1890/1802 1889/1889/1801 1955/1955/1866
f 1889/1889/1801 1954/1954/1865 1955/1955/1866
f 1891/1891/1803 1890/1890/1802 1956/1956/1867
f 1890/1890/1802 1955/1955/1866 1956/1956/1867
f 1892/1892/1804 1891/1891/1803 1957/1957/1868
f 1891/1891/1803 1956/1956/1867 1957/1957/1868
f 1893/1893/1805 1892/1892/1804 1958/1958/1869
f 1892/1892/1804 1957/1957/1868 1958/1958/1869
f 1894/1894/1806 1893/1893/1805 1959/1959/1870
f 1893/1893/1805 1958/1958/1869 1959/1959/1870
f 1895/1895/1807 1894/1894/1806 1960/1960/1871
f 1894/1894/1806 1959/1959/1870 1960/1960/1871
f 1896/1896/1808 1895/1895/1807 1961/1961/1872
f 1895/1895/1807 1960/1960/1871 1961/1961/1872
f 1897/1897/1809 1896/1896/1808 1962/1962/1873
f 1896/1896/1808 1961/1961/1872 1962/1962/1873
f 1898/1898/1810 1897/1897/1809 1963/1963/1874
f 1897/1897/1809 1962/1962/1873 1963/1963/1874
f 1899/1899/1811 1898/1898/1810 1964/1964/1875
f 1898/1898/1810 1963/1963/1874 1964/1964/1875
f 1900/1900/1812 1899/1899/1811 1965/1965/1876
f 1899/1899/1811 1964/1964/1875 1965/1965/1876
f 1901/1901/1813 1900/1900/1812 1966/1966/1877
f 1900/1900/1812 1965/1965/1876 1966/1966/1877
f 1902/1902/1814 1901/1901/1813 1967/1967/1878
f 1901/1901/1813 1966/1966/1877 1967/1967/1878
f 1903/1903/1815 1902/1902/1814 1968/1968/1879
f 1902/1902/1814 1967/1967/1878 1968/1968/1879
f 1904/1904/1816 1903/1903/1815 1969/1969/1880
f 1903/1903/1815 1968/1968/1879 1969/1969/1880
f 1905/1905/1817 1904/1904/1816 1970/1970/1881
f 1904/1904/1816 1969/1969/1880 1970/1970/1881
f 1906/1906/1818 1905/1905/1817 1971/1971/1882
f 1905/1905/1817 1970/1970/1881 1971/1971/1882
f 1907/1907/1819 1906/1906/1818 1972/1972/1883
f 1906/1906/1818 1971/1971/1882 1972/1972/1883
f 1908/1908/1820 1907/1907/1819 1973/1973/1884
f 1907/1907/1819 1972/1972/1883 1973/1973/1884
f 1909/1909/1821 1908/1908/1820 1974/1974/1885
f 1908/1908/1820 1973/1973/1884 1974/1974/1885
f 1910/1910/1822 1909/1909/1821 1975/1975/1886
f 1909/1909/1821 1974/1974/1885 1975/1975/1886
f 1911/1911/1823 1910/1910/1822 1976/1976/1887
f 1910/1910/1822 1975/1975/1886 1976/1976/1887
f 1912/1912/1824 1911/1911/1823 1977/1977/1888
f 1911/1911/1823 1976/1976/1887 1977/1977/1888
f 1913/1913/1825 1912/1912/1824 1978/1978/1889
f 1912/1912/1824 1977/1977/1888 1978/1978/1889
f 1914/1914/1826 1913/1913/1825 1979/1979/1890
f 1913/1913/1825 1978/1978/1889 1979/1979/1890
f 1915/1915/1827 1914/1914/1826 1980/1980/1891
f 1914/1914/1826 1979/1979/1890 1980/1980/1891
f 1916/1916/1828 1915/1915/1827 1981/1981/1892
f 1915/1915/1827 1980/1980/1891 1981/1981/1892
f 1917/1917/1829 1916/1916/1828 1982/1982/1893
f 1916/1916/1828 1981/1981/1892 1982/1982/1893
f 1918/1918/1830 1917/1917/1829 1983/1983/1894
f 1917/1917/1829 1982/1982/1893 1983/1983/1894
f 1919/1919/1831 1918/1918/1830 1984/1984/1895
f 1918/1918/1830 1983/1983/1894 1984/1984/1895
f 1920/1920/1832 1919/1919/1831 1985/1985/1896
f 1919/1919/1831 1984/1984/1895 1985/1985/1896
f 1921/1921/1833 1920/1920/1832 1986/1986/1897
f 1920/1920/1832 1985/1985/1896 1986/1986/1897
f 1922/1922/1834 1921/1921/1833 1987/1987/1898
f 1921/1921/1833 1986/1986/1897 1987/1987/1898
f 1923/1923/1835 1922/1922/1834 1988/1988/1899
f 1922/1922/1834 1987/1987/1898 1988/1988/1899
f 1924/1924/1836 1923/1923/1835 1989/1989/1900
f 1923/1923/1835 1988/1988/1899 1989/1989/1900
f 1925/1925/1837 1924/1924/1836 1990/1990/1901
f 1924/1924/1836 1989/1989/1900 1990/1990/1901
f 1926/1926/1838 1925/1925/1837 1991/1991/1902
f 1925/1925/1837 1990/1990/1901 1991/1991/1902
f 1927/1927/1839 1926/1926/1838 1992/1992/1903
f 1926/1926/1838 1991/1991/1902 1992/1992/1903
f 1928/1928/1840 1927/1927/1839 1993/1993/1904
f 1927/1927/1839 1992/1992/1903 1993/1993/1904
f 1929/1929/1841 1928/1928/1840 1994/1994/1905
f 1928/1928/1840 1993/1993/1904 1994/1994/1905
f 1930/1930/1842 1929/1929/1841 1995/1995/1906
f 1929/1929/1841 1994/1994/1905 1995/1995/1906
f 1931/1931/1843 1930/1930/1842 1996/1996/1907
f 1930/1930/1842 1995/1995/1906 1996/1996/1907
f 1932/1932/1844 1931/1931/1843 1997/1997/1908
f 1931/1931/1843 1996/1996/1907 1997/1997/1908
f 1933/1933/1845 1932/1932/1844 1998/1998/1909
f 1932/1932/1844 1997/1997/1908 1998/1998/1909
f 1934/1934/1846 1933/1933/1845 1999/1999/1910
f 1933/1933/1845 1998/1998/1909 1999/1999/1910
f 1935/1935/1847 1934/1934/1846 2000/2000/1911
f 1934/1934/1846 1999/1999/1910 2000/2000/1911
f 1936/1936/1848 1935/1935/1847 2001/2001/1912
f 1935/1935/1847 2000/2000/1911 2001/2001/1912
f 1937/1937/1849 1936/1936/1848 2002/2002/1913
f 1936/1936/1848 2001/2001/1912 2002/2002/1913
f 1938/1938/1850 1937/1937/1849 2003/2003/1914
f 1937/1937/1849 2002/2002/1913 2003/2003/1914
f 1939/1939/1851 1938/1938/1850 2004/2004/1915
f 1938/1938/1850 2003/2003/1914 2004/2004/1915
f 1940/1940/1852 1939/1939/1851 2005/2005/1916
f 1939/1939/1851 2004/2004/1915 2005/2005/1916
f 1941/1941/1853 1940/1940/1852 2006/2006/1917
f 1940/1940/1852 2005/2005/1916 2006/2006/1917
f 1942/1942/1854 1941/1941/1853 2007/2007/1918
f 1941/1941/1853 2006/2006/1917 2007/2007/1918
f 1943/1943/1855 1942/1942/1854 2008/2008/1919
f 1942/1942/1854 2007/2007/1918 2008/2008/1919
f 1944/1944/1856 1943/1943/1855 2009/2009/1920
f 1943/1943/1855 2008/2008/1919 2009/2009/1920
f 1945/1945/1857 1944/1944/1856 2010/2010/1921
f 1944/1944/1856 2009/2009/1920 2010/2010/1921
f 1946/1946/1858 1945/1945/1857 2011/2011/1922
f 1945/1945/1857 2010/2010/1921 2011/2011/1922
f 1947/1947/1859 1946/1946/1858 2012/2012/1923
f 1946/1946/1858 2011/2011/1922 2012/2012/1923
f 1948/1948/1860 1947/1947/1859 2013/2013/1924
f 1947/1947/1859 2012/2012/1923 2013/2013/1924
f 1949/1949/1798 1948/1948/1860 2014/2014/1862
f 1948/1948/1860 2013/2013/1924 2014/2014/1862
f 1950/1950/1861 1951/1951/1862 2015/2015/1925
f 1951/1951/1862 2016/2016/1926 2015/2015/1925
f 1952/1952/1863 1950/1950/1861 2017/2017/1927
f 1950/1950/1861 2015/2015/1925 2017/2017/1927
f 1953/1953/1864 1952/1952/1863 2018/2018/1928
f 1952/1952/1863 2017/2017/1927 2018/2018/1928
f 1954/1954/1865 1953/1953/1864 2019/2019/1929
f 1953/1953/1864 2018/2018/1928 2019/2019/1929
f 1955/1955/1866 1954/1954/1865 2020/2020/1930
f 1954/1954/1865 2019/2019/1929 2020/2020/1930
f 1956/1956/1867 1955/1955/1866 2021/2021/1931
f 1955/1955/1866 2020/2020/1930 2021/2021/1931
f 1957/1957/1868 1956/1956/1867 2022/2022/1932
f 1956/1956/1867 2021/2021/1931 2022/2022/1932
f 1958/1958/1869 1957/1957/1868 2023/2023/1933
f 1957/1957/1868 2022/2022/1932 2023/2023/1933
f 1959/1959/1870 1958/1958/1869 2024/2024/1934
f 1958/1958/1869 2023/2023/1933 2024/2024/1934
f 1960/1960/1871 1959/1959/1870 2025/2025/1935
f 1959/1959/1870 2024/2024/1934 2025/2025/1935
f 1961/1961/1872 1960/1960/1871 2026/2026/1936
f 1960/1960/1871 2025/2025/1935 2026/2026/1936
f 1962/1962/1873 1961/1961/1872 2027/2027/1937
f 1961/1961/1872 2026/2026/1936 2027/2027/1937
f 1963/1963/1874 1962/1962/1873 2028/2028/1938
f 1962/1962/1873 2027/2027/1937 2028/2028/1938
f 1964/1964/1875 1963/1963/1874 2029/2029/1939
f 1963/1963/1874 2028/2028/1938 2029/2029/1939
f 1965/1965/1876 1964/1964/1875 2030/2030/1940
f 1964/1964/1875 2029/2029/1939 2030/2030/1940
f 1966/1966/1877 1965/1965/1876 2031/2031/1941
f 1965/1965/1876 2030/2030/1940 2031/2031/1941
f 1967/1967/1878 1966/1966/1877 2032/2032/1942
f 1966/1966/1877 2031/2031/1941 2032/2032/1942
f 1968/1968/1879 1967/1967/1878 2033/2033/1943
f 1967/1967/1878 2032/2032/1942 2033/2033/1943
f 1969/1969/1880 1968/1968/1879 2034/2034/1944
f 1968/1968/1879 2033/2033/1943 2034/2034/1944
f 1970/1970/1881 1969/1969/1880 2035/2035/1945
f 1969/1969/1880 2034/2034/1944 2035/2035/1945
f 1971/1971/1882 1970/1970/1881 2036/2036/1946
f 1970/1970/1881 2035/2035/1945 2036/2036/1946
f 1972/1972/1883 1971/1971/1882 2037/2037/1947
f 1971/1971/1882 2036/2036/1946 2037/2037/1947
f 1973/1973/1884 1972/1972/1883 2038/2038/1948
f 1972/1972/1883 2037/2037/1947 2038/2038/1948
f 1974/1974/1885 1973/1973/1884 2039/2039/1949
f 1973/1973/1884 2038/2038/1948 2039/2039/1949
f 1975/1975/1886 1974/1974/1885 2040/2040/1950
f 1974/1974/1885 2039/2039/1949 2040/2040/1950
f 1976/1976/1887 1975/1975/1886 2041/2041/1951
f 1975/1975/1886 2040/2040/1950 2041/2041/1951
f 1977/1977/1888 1976/1976/1887 2042/2042/1952
f 1976/1976/1887 2041/2041/1951 2042/2042/1952
f 1978/1978/1889 1977/1977/1888 2043/2043/1953
f 1977/1977/1888 2042/2042/1952 2043/2043/1953
f 1979/1979/1890 1978/1978/1889 2044/2044/1954
f 1978/1978/1889 2043/2043/1953 2044/2044/1954
f 1980/1980/1891 1979/1979/1890 2045/2045/1955
f 1979/1979/1890 2044/2044/1954 2045/2045/1955
f 1981/1981/1892 1980/1980/1891 2046/2046/1956
f 1980/1980/1891 2045/2045/1955 2046/2046/1956
f 1982/1982/1893 1981/1981/1892 2047/2047/1957
f 1981/1981/1892 2046/2046/1956 2047/2047/1957
f 1983/1983/1894 1982/1982/1893 2048/2048/1958
f 1982/1982/1893 2047/2047/1957 2048/2048/1958
f 1984/1984/1895 1983/1983/1894 2049/2049/1959
f 1983/1983/1894 2048/2048/1958 2049/2049/1959
f 1985/1985/1896 1984/1984/1895 2050/2050/1960
f 1984/1984/1895 2049/2049/1959 2050/2050/1960
f 1986/1986/1897 1985/1985/1896 2051/2051/1961
f 1985/1985/1896 2050/2050/1960 2051/2051/1961
f 1987/1987/1898 1986/1986/1897 2052/2052/1962
f 1986/1986/1897 2051/2051/1961 2052/2052/1962
f 1988/1988/1899 1987/1987/1898 2053/2053/1963
f 1987/1987/1898 2052/2052/1962 2053/2053/1963
f 1989/1989/1900 1988/1988/1899 2054/2054/1964
f 1988/1988/1899 2053/2053/1963 2054/2054/1964
f 1990/1990/1901 1989/1989/1900 2055/2055/1965
f 1989/1989/1900 2054/2054/1964 2055/2055/1965
f 1991/1991/1902 1990/1990/1901 2056/2056/1966
f 1990/1990/1901 2055/2055/1965 2056/2056/1966
f 1992/1992/1903 1991/1991/1902 2057/2057/1967
f 1991/1991/1902 2056/2056/1966 2057/2057/1967
f 1993/1993/1904 1992/1992/1903 2058/2058/1968
f 1992/1992/1903 2057/2057/1967 2058/2058/1968
f 1994/1994/1905 1993/1993/1904 2059/2059/1969
f 1993/1993/1904 2058/2058/1968 2059/2059/1969
f 1995/1995/1906 1994/1994/1905 2060/2060/1970
f 1994/1994/1905 2059/2059/1969 2060/2060/1970
f 1996/1996/1907 1995/1995/1906 2061/2061/1971
f 1995/1995/1906 2060/2060/1970 2061/2061/1971
f 1997/1997/1908 1996/1996/1907 2062/2062/1972
f 1996/1996/1907 2061/2061/1971 2062/2062/1972
f 1998/1998/1909 1997/1997/1908 2063/2063/1973
f 1997/1997/1908 2062/2062/1972 2063/2063/1973
f 1999/1999/1910 1998/1998/1909 2064/2064/1974
f 1998/1998/1909 2063/2063/1973 2064/2064/1974
f 2000/2000/1911 1999/1999/1910 2065/2065/1975
f 1999/1999/1910 2064/2064/1974 2065/2065/1975
f 2001/2001/1912 2000/2000/1911 2066/2066/1976
f 2000/2000/1911 2065/2065/1975 2066/2066/1976
f 2002/2002/1913 2001/2001/1912 2067/2067/1977
f 2001/2001/1912 2066/2066/1976 2067/2067/1977
f 2003/2003/1914 2002/2002/1913 2068/2068/1978
f 2002/2002/1913 2067/2067/1977 2068/2068/1978
f 2004/2004/1915 2003/2003/1914 2069/2069/1979
f 2003/2003/1914 2068/2068/1978 2069/2069/1979
f 2005/2005/1916 2004/2004/1915 2070/2070/1980
f 2004/2004/1915 2069/2069/1979 2070/2070/1980
f 2006/2006/1917 2005/2005/1916 2071/2071/1981
f 2005/2005/1916 2070/2070/1980 2071/2071/1981
f 2007/2007/1918 2006/2006/1917 2072/2072/1982
f 2006/2006/1917 2071/2071/1981 2072/2072/1982
f 2008/2008/1919 2007/2007/1918 2073/2073/1983
f 2007/2007/1918 2072/2072/1982 2073/2073/1983
f 2009/2009/1920 2008/2008/1919 2074/2074/1984
f 2008/2008/1919 2073/2073/1983 2074/2074/1984
f 2010/2010/1921 2009/2009/1920 2075/2075/1985
f 2009/2009/1920 2074/2074/1984 2075/2075/1985
f 2011/2011/1922 2010/2010/1921 2076/2076/1986
f 2010/2010/1921 2075/2075/1985 2076/2076/1986
f 2012/2012/1923 2011/2011/1922 2077/2077/1987
f 2011/2011/1922 2076/2076/1986 2077/2077/1987
f 2013/2013/1924 2012/2012/1923 2078/2078/1988
f 2012/2012/1923 2077/2077/1987 2078/2078/1988
f 2014/2014/1862 2013/2013/1924 2079/2079/1926
f 2013/2013/1924 2078/2078/1988 2079/2079/1926
f 2015/2015/1925 2016/2016/1926 2080/2080/1989
f 2016/2016/1926 2081/2081/1990 2080/2080/1989
f 2017/2017/1927 2015/2015/1925 2082/2082/1991
f 2015/2015/1925 2080/2080/1989 2082/2082/1991
f 2018/2018/1928 2017/2017/1927 2083/2083/1992
f 2017/2017/1927 2082/2082/1991 2083/2083/1992
f 2019/2019/1929 2018/2018/1928 2084/2084/1993
f 2018/2018/1928 2083/2083/1992 2084/2084/1993
f 2020/2020/1930 2019/2019/1929 2085/2085/1994
f 2019/2019/1929 2084/2084/1993 2085/2085/1994
f 2021/2021/1931 2020/2020/1930 2086/2086/1995
f 2020/2020/1930 2085/2085/1994 2086/2086/1995
f 2022/2022/1932 2021/2021/1931 2087/2087/1996
f 2021/2021/1931 2086/2086/1995 2087/2087/1996
f 2023/2023/1933 2022/2022/1932 2088/2088/1997
f 2022/2022/1932 2087/2087/1996 2088/2088/1997
f 2024/2024/1934 2023/2023/1933 2089/2089/1998
f 2023/2023/1933 2088/2088/1997 2089/2089/1998
f 2025/2025/1935 2024/2024/1934 2090/2090/1999
f 2024/2024/1934 2089/2089/1998 2090/2090/1999
f 2026/2026/1936 2025/2025/1935 2091/2091/2000
f 2025/2025/1935 2090/2090/1999 2091/2091/2000
f 2027/2027/1937 2026/2026/1936 2092/2092/2001
f 2026/2026/1936 2091/2091/2000 2092/2092/2001
f 2028/2028/1938 2027/2027/1937 2093/2093/2002
f 2027/2027/1937 2092/2092/2001 2093/2093/2002
f 2029/2029/1939 2028/2028/1938 2094/2094/2003
f 2028/2028/1938 2093/2093/2002 2094/2094/2003
f 2030/2030/1940 2029/2029/1939 2095/2095/2004
f 2029/2029/1939 2094/2094/2003 2095/2095/2004
f 2031/2031/1941 2030/2030/1940 2096/2096/2005
f 2030/2030/1940 2095/2095/2004 2096/2096/2005
f 2032/2032/1942 2031/2031/1941 2097/2097/2006
f 2031/2031/1941 2096/2096/2005 2097/2097/2006
f 2033/2033/1943 2032/2032/1942 2098/2098/2007
f 2032/2032/1942 2097/2097/2006 2098/2098/2007
f 2034/2034/1944 2033/2033/1943 2099/2099/2008
f 2033/2033/1943 2098/2098/2007 2099/2099/2008
f 2035/2035/1945 2034/2034/1944 2100/2100/2009
f 2034/2034/1944 2099/2099/2008 2100/2100/2009
f 2036/2036/1946 2035/2035/1945 2101/2101/2010
f 2035/2035/1945 2100/2100/2009 2101/2101/2010
f 2037/2037/1947 2036/2036/1946 2102/2102/2011
f 2036/2036/1946 2101/2101/2010 2102/2102/2011
f 2038/2038/1948 2037/2037/1947 2103/2103/2012
f 2037/2037/1947 2102/2102/2011 2103/2103/2012
f 2039/2039/1949 2038/2038/1948 2104/2104/2013
f 2038/2038/1948 2103/2103/2012 2104/2104/2013
f 2040/2040/1950 2039/2039/1949 2105/2105/2014
f 2039/2039/1949 2104/2104/2013 2105/2105/2014
f 2041/2041/1951 2040/2040/1950 2106/2106/2015
f 2040/2040/1950 2105/2105/2014 2106/2106/2015
f 2042/2042/1952 2041/2041/1951 2107/2107/2016
f 2041/2041/1951 2106/2106/2015 2107/2107/2016
f 2043/2043/1953 2042/2042/1952 2108/2108/2017
f 2042/2042/1952 2107/2107/2016 2108/2108/2017
f 2044/2044/1954 2043/2043/1953 2109/2109/2018
f 2043/2043/1953 2108/2108/2017 2109/2109/2018
f 2045/2045/1955 2044/2044/1954 2110/2110/2019
f 2044/2044/1954 2109/2109/2018 2110/2110/2019
f 2046/2046/1956 2045/2045/1955 2111/2111/2020
f 2045/2045/1955 2110/2110/2019 2111/2111/2020
f 2047/2047/1957 2046/2046/1956 2112/2112/2021
f 2046/2046/1956 2111/2111/2020 2112/2112/2021
f 2048/2048/1958 2047/2047/1957 2113/2113/2022
f 2047/2047/1957 2112/2112/2021 2113/2113/2022
f 2049/2049/1959 2048/2048/1958 2114/2114/2023
f 2048/2048/1958 2113/2113/2022 2114/2114/2023
f 2050/2050/1960 2049/2049/1959 2115/2115/2024
f 2049/2049/1959 2114/2114/2023 2115/2115/2024
f 2051/2051/1961 2050/2050/1960 2116/2116/2025
f 2050/2050/1960 2115/2115/2024 2116/2116/2025
f 2052/2052/1962 2051/2051/1961 2117/2117/2026
f 2051/2051/1961 2116/2116/2025 2117/2117/2026
f 2053/2053/1963 2052/2052/1962 2118/2118/2027
f 2052/2052/1962 2117/2117/2026 2118/2118/2027
f 2054/2054/1964 2053/2053/1963 2119/2119/2028
f 2053/2053/1963 2118/2118/2027 2119/2119/2028
f 2055/2055/1965 2054/2054/1964 2120/2120/2029
f 2054/2054/1964 2119/2119/2028 2120/2120/2029
f 2056/2056/1966 2055/2055/1965 2121/2121/2030
f 2055/2055/1965 2120/2120/2029 2121/2121/2030
f 2057/2057/1967 2056/2056/1966 2122/2122/2031
f 2056/2056/1966 2121/2121/2030 2122/2122/2031
f 2058/2058/1968 2057/2057/1967 2123/2123/2032
f 2057/2057/1967 2122/2122/2031 2123/2123/2032
f 2059/2059/1969 2058/2058/1968 2124/2124/2033
f 2058/2058/1968 2123/2123/2032 2124/2124/2033
f 2060/2060/1970 2059/2059/1969 2125/2125/2034
f 2059/2059/1969 2124/2124/2033 2125/2125/2034
f 2061/2061/1971 2060/2060/1970 2126/2126/2035
f 2060/2060/1970 2125/2125/2034 2126/2126/2035
f 2062/2062/1972 2061/2061/1971 2127/2127/2036
f 2061/2061/1971 2126/2126/2035 2127/2127/2036
f 2063/2063/1973 2062/2062/1972 2128/2128/2037
f 2062/2062/1972 2127/2127/2036 2128/2128/2037
f 2064/2064/1974 2063/2063/1973 2129/2129/2038
f 2063/2063/1973 2128/2128/2037 2129/2129/2038
f 2065/2065/1975 2064/2064/1974 2130/2130/2039
f 2064/2064/1974 2129/2129/2038 2130/2130/2039
f 2066/2066/1976 2065/2065/1975 2131/2131/2040
f 2065/2065/1975 2130/2130/2039 2131/2131/2040
f 2067/2067/1977 2066/2066/1976 2132/2132/2041
f 2066/2066/1976 2131/2131/2040 2132/2132/2041
f 2068/2068/1978 2067/2067/1977 2133/2133/2042
f 2067/2067/1977 2132/2132/2041 2133/2133/2042
f 2069/2069/1979 2068/2068/1978 2134/2134/2043
f 2068/2068/1978 2133/2133/2042 2134/2134/2043
f 2070/2070/1980 2069/2069/1979 2135/2135/2044
f 2069/2069/1979 2134/2134/2043 2135/2135/2044
f 2071/2071/1981 2070/2070/1980 2136/2136/2045
f 2070/2070/1980 2135/2135/2044 2136/2136/2045
f 2072/2072/1982 2071/2071/1981 2137/2137/2046
f 2071/2071/1981 2136/2136/2045 2137/2137/2046
f 2073/2073/1983 2072/2072/1982 2138/2138/2047
f 2072/2072/1982 2137/2137/2046 2138/2138/2047
f 2074/2074/1984 2073/2073/1983 2139/2139/2048
f 2073/2073/1983 2138/2138/2047 2139/2139/2048
f 2075/2075/1985 2074/2074/1984 2140/2140/2049
f 2074/2074/1984 2139/2139/2048 2140/2140/2049
f 2076/2076/1986 2075/2075/1985 2141/2141/2050
f 2075/2075/1985 2140/2140/2049 2141/2141/2050
f 2077/2077/1987 2076/2076/1986 2142/2142/2051
f 2076/2076/1986 2141/2141/2050 2142/2142/2051
f 2078/2078/1988 2077/2077/1987 2143/2143/2052
f 2077/2077/1987 2142/2142/2051 2143/2143/2052
f 2079/2079/1926 2078/2078/1988 2144/2144/1990
f 2078/2078/1988 2143/2143/2052 2144/2144/1990
f 2080/2080/1989 2081/2081/1990 2145/2145/2053
f 2081/2081/1990 2146/2146/2054 2145/2145/2053
f 2082/2082/1991 2080/2080/1989 2147/2147/2055
f 2080/2080/1989 2145/2145/2053 2147/2147/2055
f 2083/2083/1992 2082/2082/1991 2148/2148/2056
f 2082/2082/1991 2147/2147/2055 2148/2148/2056
f 2084/2084/1993 2083/2083/1992 2149/2149/2057
f 2083/2083/1992 2148/2148/2056 2149/2149/2057
f 2085/2085/1994 2084/2084/1993 2150/2150/2058
f 2084/2084/1993 2149/2149/2057 2150/2150/2058
f 2086/2086/1995 2085/2085/1994 2151/2151/2059
f 2085/2085/1994 2150/2150/2058 2151/2151/2059
f 2087/2087/1996 2086/2086/1995 2152/2152/2060
f 2086/2086/1995 2151/2151/2059 2152/2152/2060
f 2088/2088/1997 2087/2087/1996 2153/2153/2061
f 2087/2087/1996 2152/2152/2060 2153/2153/2061
f 2089/2089/1998 2088/2088/1997 2154/2154/2062
f 2088/2088/1997 2153/2153/2061 2154/2154/2062
f 2090/2090/1999 2089/2089/1998 2155/2155/2063
f 2089/2089/1998 2154/2154/2062 2155/2155/2063
f 2091/2091/2000 2090/2090/1999 2156/2156/2064
f 2090/2090/1999 2155/2155/2063 2156/2156/2064
f 2092/2092/2001 2091/2091/2000 2157/2157/2065
f 2091/2091/2000 2156/2156/2064 2157/2157/2065
f 2093/2093/2002 2092/2092/2001 2158/2158/2066
f 2092/2092/2001 2157/2157/2065 2158/2158/2066
f 2094/2094/2003 2093/2093/2002 2159/2159/2067
f 2093/2093/2002 2158/2158/2066 2159/2159/2067
f 2095/2095/2004 2094/2094/2003 2160/2160/2068
f 2094/2094/2003 2159/2159/2067 2160/2160/2068
f 2096/2096/2005 2095/2095/2004 2161/2161/2069
f 2095/2095/2004 2160/2160/2068 2161/2161/2069
f 2097/2097/2006 2096/2096/2005 2162/2162/2070
f 2096/2096/2005 2161/2161/2069 2162/2162/2070
f 2098/2098/2007 2097/2097/2006 2163/2163/2071
f 2097/2097/2006 2162/2162/2070 2163/2163/2071
f 2099/2099/2008 2098/2098/2007 2164/2164/2072
f 2098/2098/2007 2163/2163/2071 2164/2164/2072
f 2100/2100/2009 2099/2099/2008 2165/2165/2073
f 2099/2099/2008 2164/2164/2072 2165/2165/2073
f 2101/2101/2010 2100/2100/2009 2166/2166/2074
f 2100/2100/2009 2165/2165/2073 2166/2166/2074
f 2102/2102/2011 2101/2101/2010 2167/2167/2075
f 2101/2101/2010 2166/2166/2074 2167/2167/2075
f 2103/2103/2012 2102/2102/2011 2168/2168/2076
f 2102/2102/2011 2167/2167/2075 2168/2168/2076
f 2104/2104/2013 2103/2103/2012 2169/2169/2077
f 2103/2103/2012 2168/2168/2076 2169/2169/2077
f 2105/2105/2014 2104/2104/2013 2170/2170/2078
f 2104/2104/2013 2169/2169/2077 2170/2170/2078
f 2106/2106/2015 2105/2105/2014 2171/2171/2079
f 2105/2105/2014 2170/2170/2078 2171/2171/2079
f 2107/2107/2016 2106/2106/2015 2172/2172/2080
f 2106/2106/2015 2171/2171/2079 2172/2172/2080
f 2108/2108/2017 2107/2107/2016 2173/2173/2081
f 2107/2107/2016 2172/2172/2080 2173/2173/2081
f 2109/2109/2018 2108/2108/2017 2174/2174/2082
f 2108/2108/2017 2173/2173/2081 2174/2174/2082
f 2110/2110/2019 2109/2109/2018 2175/2175/2083
f 2109/2109/2018 2174/2174/2082 2175/2175/2083
f 2111/2111/2020 2110/2110/2019 2176/2176/2084
f 2110/2110/2019 2175/2175/2083 2176/2176/2084
f 2112/2112/2021 2111/2111/2020 2177/2177/2085
f 2111/2111/2020 2176/2176/2084 2177/2177/2085
f 2113/2113/2022 2112/2112/2021 2178/2178/2086
f 2112/2112/2021 2177/2177/2085 2178/2178/2086
f 2114/2114/2023 2113/2113/2022 2179/2179/2087
f 2113/2113/2022 2178/2178/2086 2179/2179/2087
f 2115/2115/2024 2114/2114/2023 2180/2180/2088
f 2114/2114/2023 2179/2179/2087 2180/2180/2088
f 2116/2116/2025 2115/2115/2024 2181/2181/2089
f 2115/2115/2024 2180/2180/2088 2181/2181/2089
f 2117/2117/2026 2116/2116/2025 2182/2182/2090
f 2116/2116/2025 2181/2181/2089 2182/2182/2090
f 2118/2118/2027 2117/2117/2026 2183/2183/2091
f 2117/2117/2026 2182/2182/2090 2183/2183/2091
f 2119/2119/2028 2118/2118/2027 2184/2184/2092
f 2118/2118/2027 2183/2183/2091 2184/2184/2092
f 2120/2120/2029 2119/2119/2028 2185/2185/2093
f 2119/2119/2028 2184/2184/2092 2185/2185/2093
f 2121/2121/2030 2120/2120/2029 2186/2186/2094
f 2120/2120/2029 2185/2185/2093 2186/2186/2094
f 2122/2122/2031 2121/2121/2030 2187/2187/2095
f 2121/2121/2030 2186/2186/2094 2187/2187/2095
f 2123/2123/2032 2122/2122/2031 2188/2188/2096
f 2122/2122/2031 2187/2187/2095 2188/2188/2096
f 2124/2124/2033 2123/2123/2032 2189/2189/2097
f 2123/2123/2032 2188/2188/2096 2189/2189/2097
f 2125/2125/2034 2124/2124/2033 2190/2190/2098
f 2124/2124/2033 2189/2189/2097 2190/2190/2098
f 2126/2126/2035 2125/2125/2034 2191/2191/2099
f 2125/2125/2034 2190/2190/2098 2191/2191/2099
f 2127/2127/2036 2126/2126/2035 2192/2192/2100
f 2126/2126/2035 2191/2191/2099 2192/2192/2100
f 2128/2128/2037 2127/2127/2036 2193/2193/2101
f 2127/2127/2036 2192/2192/2100 2193/2193/2101
f 2129/2129/2038 2128/2128/2037 2194/2194/2102
f 2128/2128/2037 2193/2193/2101 2194/2194/2102
f 2130/2130/2039 2129/2129/2038 2195/2195/2103
f 2129/2129/2038 2194/2194/2102 2195/2195/2103
f 2131/2131/2040 2130/2130/2039 2196/2196/2104
f 2130/2130/2039 2195/2195/2103 2196/2196/2104
f 2132/2132/2041 2131/2131/2040 2197/2197/2105
f 2131/2131/2040 2196/2196/2104 2197/2197/2105
f 2133/2133/2042 2132/2132/2041 2198/2198/2106
f 2132/2132/2041 2197/2197/2105 2198/2198/2106
f 2134/2134/2043 2133/2133/2042 2199/2199/2107
f 2133/2133/2042 2198/2198/2106 2199/2199/2107
f 2135/2135/2044 2134/2134/2043 2200/2200/2108
f 2134/2134/2043 2199/2199/2107 2200/2200/2108
f 2136/2136/2045 2135/2135/2044 2201/2201/2109
f 2135/2135/2044 2200/2200/2108 2201/2201/2109
f 2137/2137/2046 2136/2136/2045 2202/2202/2110
f 2136/2136/2045 2201/2201/2109 2202/2202/2110
f 2138/2138/2047 2137/2137/2046 2203/2203/2111
f 2137/2137/2046 2202/2202/2110 2203/2203/2111
f 2139/2139/2048 2138/2138/2047 2204/2204/2112
f 2138/2138/2047 2203/2203/2111 2204/2204/2112
f 2140/2140/2049 2139/2139/2048 2205/2205/2113
f 2139/2139/2048 2204/2204/2112 2205/2205/2113
f 2141/2141/2050 2140/2140/2049 2206/2206/2114
f 2140/2140/2049 2205/2205/2113 2206/2206/2114
f 2142/2142/2051 2141/2141/2050 2207/2207/2115
f 2141/2141/2050 2206/2206/2114 2207/2207/2115
f 2143/2143/2052 2142/2142/2051 2208/2208/2116
f 2142/2142/2051 2207/2207/2115 2208/2208/2116
f 2144/2144/1990 2143/2143/2052 2209/2209/2054
f 2143/2143/2052 2208/2208/2116 2209/2209/2054
f 2145/2145/2053 2146/2146/2054 2210/2210/2117
f 2146/2146/2054 2211/2211/2118 2210/2210/2117
f 2147/2147/2055 2145/2145/2053 2212/2212/2119
f 2145/2145/2053 2210/2210/2117 2212/2212/2119
f 2148/2148/2056 2147/2147/2055 2213/2213/2120
f 2147/2147/2055 2212/2212/2119 2213/2213/2120
f 2149/2149/2057 2148/2148/2056 2214/2214/2121
f 2148/2148/2056 2213/2213/2120 2214/2214/2121
f 2150/2150/2058 2149/2149/2057 2215/2215/2122
f 2149/2149/2057 2214/2214/2121 2215/2215/2122
f 2151/2151/2059 2150/2150/2058 2216/2216/2123
f 2150/2150/2058 2215/2215/2122 2216/2216/2123
f 2152/2152/2060 2151/2151/2059 2217/2217/2124
f 2151/2151/2059 2216/2216/2123 2217/2217/2124
f 2153/2153/2061 2152/2152/2060 2218/2218/2125
f 2152/2152/2060 2217/2217/2124 2218/2218/2125
f 2154/2154/2062 2153/2153/2061 2219/2219/2126
f 2153/2153/2061 2218/2218/2125 2219/2219/2126
f 2155/2155/2063 2154/2154/2062 2220/2220/2127
f 2154/2154/2062 2219/2219/2126 2220/2220/2127
f 2156/2156/2064 2155/2155/2063 2221/2221/2128
f 2155/2155/2063 2220/2220/2127 2221/2221/2128
f 2157/2157/2065 2156/2156/2064 2222/2222/2129
f 2156/2156/2064 2221/2221/2128 2222/2222/2129
f 2158/2158/2066 2157/2157/2065 2223/2223/2130
f 2157/2157/2065 2222/2222/2129 2223/2223/2130
f 2159/2159/2067 2158/2158/2066 2224/2224/2131
f 2158/2158/2066 2223/2223/2130 2224/2224/2131
f 2160/2160/2068 2159/2159/2067 2225/2225/2132
f 2159/2159/2067 2224/2224/2131 2225/2225/2132
f 2161/2161/2069 2160/2160/2068 2226/2226/2133
f 2160/2160/2068 2225/2225/2132 2226/2226/2133
f 2162/2162/2070 2161/2161/2069 2227/2227/2134
f 2161/2161/2069 2226/2226/2133 2227/2227/2134
f 2163/2163/2071 2162/2162/2070 2228/2228/2135
f 2162/2162/2070 2227/2227/2134 2228/2228/2135
f 2164/2164/2072 2163/2163/2071 2229/2229/2136
f 2163/2163/2071 2228/2228/2135 2229/2229/2136
f 2165/2165/2073 2164/2164/2072 2230/2230/2137
f 2164/2164/2072 2229/2229/2136 2230/2230/2137
f 2166/2166/2074 2165/2165/2073 2231/2231/2138
f 2165/2165/2073 2230/2230/2137 2231/2231/2138
f 2167/2167/2075 2166/2166/2074 2232/2232/2139
f 2166/2166/2074 2231/2231/2138 2232/2232/2139
f 2168/2168/2076 2167/2167/2075 2233/2233/2140
f 2167/2167/2075 2232/2232/2139 2233/2233/2140
f 2169/2169/2077 2168/2168/2076 2234/2234/2141
f 2168/2168/2076 2233/2233/2140 2234/2234/2141
f 2170/2170/2078 2169/2169/2077 2235/2235/2142
f 2169/2169/2077 2234/2234/2141 2235/2235/2142
f 2171/2171/2079 2170/2170/2078 2236/2236/2143
f 2170/2170/2078 2235/2235/2142 2236/2236/2143
f 2172/2172/2080 2171/2171/2079 2237/2237/2144
f 2171/2171/2079 2236/2236/2143 2237/2237/2144
f 2173/2173/2081 2172/2172/2080 2238/2238/2145
f 2172/2172/2080 2237/2237/2144 2238/2238/2145
f 2174/2174/2082 2173/2173/2081 2239/2239/2146
f 2173/2173/2081 2238/2238/2145 2239/2239/2146
f 2175/2175/2083 2174/2174/2082 2240/2240/2147
f 2174/2174/2082 2239/2239/2146 2240/2240/2147
f 2176/2176/2084 2175/2175/2083 2241/2241/2148
f 2175/2175/2083 2240/2240/2147 2241/2241/2148
f 2177/2177/2085 2176/2176/2084 2242/2242/2149
f 2176/2176/2084 2241/2241/2148 2242/2242/2149
f 2178/2178/2086 2177/2177/2085 2243/2243/2150
f 2177/2177/2085 2242/2242/2149 2243/2243/2150
f 2179/2179/2087 2178/2178/2086 2244/2244/2151
f 2178/2178/2086 2243/2243/2150 2244/2244/2151
f 2180/2180/2088 2179/2179/2087 2245/2245/2152
f 2179/2179/2087 2244/2244/2151 2245/2245/2152
f 2181/2181/2089 2180/2180/2088 2246/2246/2153
f 2180/2180/2088 2245/2245/2152 2246/2246/2153
f 2182/2182/2090 2181/2181/2089 2247/2247/2154
f 2181/2181/2089 2246/2246/2153 2247/2247/2154
f 2183/2183/2091 2182/2182/2090 2248/2248/2155
f 2182/2182/2090 2247/2247/2154 2248/2248/2155
f 2184/2184/2092 2183/2183/2091 2249/2249/2156
f 2183/2183/2091 2248/2248/2155 2249/2249/2156
f 2185/2185/2093 2184/2184/2092 2250/2250/2157
f 2184/2184/2092 2249/2249/2156 2250/2250/2157
f 2186/2186/2094 2185/2185/2093 2251/2251/2158
f 2185/2185/2093 2250/2250/2157 2251/2251/2158
f 2187/2187/2095 2186/2186/2094 2252/2252/2159
f 2186/2186/2094 2251/2251/2158 2252/2252/2159
f 2188/2188/2096 2187/2187/2095 2253/2253/2160
f 2187/2187/2095 2252/2252/2159 2253/2253/2160
f 2189/2189/2097 2188/2188/2096 2254/2254/2161
f 2188/2188/2096 2253/2253/2160 2254/2254/2161
f 2190/2190/2098 2189/2189/2097 2255/2255/2162
f 2189/2189/2097 2254/2254/2161 2255/2255/2162
f 2191/2191/2099 2190/2190/2098 2256/2256/2163
f 2190/2190/2098 2255/2255/2162 2256/2256/2163
f 2192/2192/2100 2191/2191/2099 2257/2257/2164
f 2191/2191/2099 2256/2256/2163 2257/2257/2164
f 2193/2193/2101 2192/2192/2100 2258/2258/2165
f 2192/2192/2100 2257/2257/2164 2258/2258/2165
f 2194/2194/2102 2193/2193/2101 2259/2259/2166
f 2193/2193/2101 2258/2258/2165 2259/2259/2166
f 2195/2195/2103 2194/2194/2102 2260/2260/2167
f 2194/2194/2102 2259/2259/2166 2260/2260/2167
f 2196/2196/2104 2195/2195/2103 2261/2261/2168
f 2195/2195/2103 2260/2260/2167 2261/2261/2168
f 2197/2197/2105 2196/2196/2104 2262/2262/2169
f 2196/2196/2104 2261/2261/2168 2262/2262/2169
f 2198/2198/2106 2197/2197/2105 2263/2263/2170
f 2197/2197/2105 2262/2262/2169 2263/2263/2170
f 2199/2199/2107 2198/2198/2106 2264/2264/2171
f 2198/2198/2106 2263/2263/2170 2264/2264/2171
f 2200/2200/2108 2199/2199/2107 2265/2265/2172
f 2199/2199/2107 2264/2264/2171 2265/2265/2172
f 2201/2201/2109 2200/2200/2108 2266/2266/2173
f 2200/2200/2108 2265/2265/2172 2266/2266/2173
f 2202/2202/2110 2201/2201/2109 2267/2267/2174
f 2201/2201/2109 2266/2266/2173 2267/2267/2174
f 2203/2203/2111 2202/2202/2110 2268/2268/2175
f 2202/2202/2110 2267/2267/2174 2268/2268/2175
f 2204/2204/2112 2203/2203/2111 2269/2269/2176
f 2203/2203/2111 2268/2268/2175 2269/2269/2176
f 2205/2205/2113 2204/2204/2112 2270/2270/2177
f 2204/2204/2112 2269/2269/2176 2270/2270/2177
f 2206/2206/2114 2205/2205/2113 2271/2271/2178
f 2205/2205/2113 2270/2270/2177 2271/2271/2178
f 2207/2207/2115 2206/2206/2114 2272/2272/2179
f 2206/2206/2114 2271/2271/2178 2272/2272/2179
f 2208/2208/2116 2207/2207/2115 2273/2273/2180
f 2207/2207/2115 2272/2272/2179 2273/2273/2180
f 2209/2209/2054 2208/2208/2116 2274/2274/2118
f 2208/2208/2116 2273/2273/2180 2274/2274/2118
f 2210/2210/2117 2211/2211/2118 2275/2275/2181
f 2211/2211/2118 2276/2276/2182 2275/2275/2181
f 2212/2212/2119 2210/2210/2117 2277/2277/2183
f 2210/2210/2117 2275/2275/2181 2277/2277/2183
f 2213/2213/2120 2212/2212/2119 2278/2278/2184
f 2212/2212/2119 2277/2277/2183 2278/2278/2184
f 2214/2214/2121 2213/2213/2120 2279/2279/2185
f 2213/2213/2120 2278/2278/2184 2279/2279/2185
f 2215/2215/2122 2214/2214/2121 2280/2280/2186
f 2214/2214/2121 2279/2279/2185 2280/2280/2186
f 2216/2216/2123 2215/2215/2122 2281/2281/2187
f 2215/2215/2122 2280/2280/2186 2281/2281/2187
f 2217/2217/2124 2216/2216/2123 2282/2282/2188
f 2216/2216/2123 2281/2281/2187 2282/2282/2188
f 2218/2218/2125 2217/2217/2124 2283/2283/2189
f 2217/2217/2124 2282/2282/2188 2283/2283/2189
f 2219/2219/2126 2218/2218/2125 2284/2284/2190
f 2218/2218/2125 2283/2283/2189 2284/2284/2190
f 2220/2220/2127 2219/2219/2126 2285/2285/2191
f 2219/2219/2126 2284/2284/2190 2285/2285/2191
f 2221/2221/2128 2220/2220/2127 2286/2286/2192
f 2220/2220/2127 2285/2285/2191 2286/2286/2192
f 2222/2222/2129 2221/2221/2128 2287/2287/2193
f 2221/2221/2128 2286/2286/2192 2287/2287/2193
f 2223/2223/2130 2222/2222/2129 2288/2288/2194
f 2222/2222/2129 2287/2287/2193 2288/2288/2194
f 2224/2224/2131 2223/2223/2130 2289/2289/2195
f 2223/2223/2130 2288/2288/2194 2289/2289/2195
f 2225/2225/2132 2224/2224/2131 2290/2290/2196
f 2224/2224/2131 2289/2289/2195 2290/2290/2196
f 2226/2226/2133 2225/2225/2132 2291/2291/2197
f 2225/2225/2132 2290/2290/2196 2291/2291/2197
f 2227/2227/2134 2226/2226/2133 2292/2292/2198
f 2226/2226/2133 2291/2291/2197 2292/2292/2198
f 2228/2228/2135 2227/2227/2134 2293/2293/2199
f 2227/2227/2134 2292/2292/2198 2293/2293/2199
f 2229/2229/2136 2228/2228/2135 2294/2294/2200
f 2228/2228/2135 2293/2293/2199 2294/2294/2200
f 2230/2230/2137 2229/2229/2136 2295/2295/2201
f 2229/2229/2136 2294/2294/2200 2295/2295/2201
f 2231/2231/2138 2230/2230/2137 2296/2296/2202
f 2230/2230/2137 2295/2295/2201 2296/2296/2202
f 2232/2232/2139 2231/2231/2138 2297/2297/2203
f 2231/2231/2138 2296/2296/2202 2297/2297/2203
f 2233/2233/2140 2232/2232/2139 2298/2298/2204
f 2232/2232/2139 2297/2297/2203 2298/2298/2204
f 2234/2234/2141 2233/2233/2140 2299/2299/2205
f 2233/2233/2140 2298/2298/2204 2299/2299/2205
f 2235/2235/2142 2234/2234/2141 2300/2300/2206
f 2234/2234/2141 2299/2299/2205 2300/2300/2206
f 2236/2236/2143 2235/2235/2142 2301/2301/2207
f 2235/2235/2142 2300/2300/2206 2301/2301/2207
f 2237/2237/2144 2236/2236/2143 2302/2302/2208
f 2236/2236/2143 2301/2301/2207 2302/2302/2208
f 2238/2238/2145 2237/2237/2144 2303/2303/2209
f 2237/2237/2144 2302/2302/2208 2303/2303/2209
f 2239/2239/2146 2238/2238/2145 2304/2304/2210
f 2238/2238/2145 2303/2303/2209 2304/2304/2210
f 2240/2240/2147 2239/2239/2146 2305/2305/2211
f 2239/2239/2146 2304/2304/2210 2305/2305/2211
f 2241/2241/2148 2240/2240/2147 2306/2306/2212
f 2240/2240/2147 2305/2305/2211 2306/2306/2212
f 2242/2242/2149 2241/2241/2148 2307/2307/2213
f 2241/2241/2148 2306/2306/2212 2307/2307/2213
f 2243/2243/2150 2242/2242/2149 2308/2308/2214
f 2242/2242/2149 2307/2307/2213 2308/2308/2214
f 2244/2244/2151 2243/2243/2150 2309/2309/2215
f 2243/2243/2150 2308/2308/2214 2309/2309/2215
f 2245/2245/2152 2244/2244/2151 2310/2310/2216
f 2244/2244/2151 2309/2309/2215 2310/2310/2216
f 2246/2246/2153 2245/2245/2152 2311/2311/2217
f 2245/2245/2152 2310/2310/2216 2311/2311/2217
f 2247/2247/2154 2246/2246/2153 2312/2312/2218
f 2246/2246/2153 2311/2311/2217 2312/2312/2218
f 2248/2248/2155 2247/2247/2154 2313/2313/2219
f 2247/2247/2154 2312/2312/2218 2313/2313/2219
f 2249/2249/2156 2248/2248/2155 2314/2314/2220
f 2248/2248/2155 2313/2313/2219 2314/2314/2220
f 2250/2250/2157 2249/2249/2156 2315/2315/2221
f 2249/2249/2156 2314/2314/2220 2315/2315/2221
f 2251/2251/2158 2250/2250/2157 2316/2316/2222
f 2250/2250/2157 2315/2315/2221 2316/2316/2222
f 2252/2252/2159 2251/2251/2158 2317/2317/2223
f 2251/2251/2158 2316/2316/2222 2317/2317/2223
f 2253/2253/2160 2252/2252/2159 2318/2318/2224
f 2252/2252/2159 2317/2317/2223 2318/2318/2224
f 2254/2254/2161 2253/2253/2160 2319/2319/2225
f 2253/2253/2160 2318/2318/2224 2319/2319/2225
f 2255/2255/2162 2254/2254/2161 2320/2320/2226
f 2254/2254/2161 2319/2319/2225 2320/2320/2226
f 2256/2256/2163 2255/2255/2162 2321/2321/2227
f 2255/2255/2162 2320/2320/2226 2321/2321/2227
f 2257/2257/2164 2256/2256/2163 2322/2322/2228
f 2256/2256/2163 2321/2321/2227 2322/2322/2228
f 2258/2258/2165 2257/2257/2164 2323/2323/2229
f 2257/2257/2164 2322/2322/2228 2323/2323/2229
f 2259/2259/2166 2258/2258/2165 2324/2324/2230
f 2258/2258/2165 2323/2323/2229 2324/2324/2230
f 2260/2260/2167 2259/2259/2166 2325/2325/2231
f 2259/2259/2166 2324/2324/2230 2325/2325/2231
f 2261/2261/2168 2260/2260/2167 2326/2326/2232
f 2260/2260/2167 2325/2325/2231 2326/2326/2232
f 2262/2262/2169 2261/2261/2168 2327/2327/2233
f 2261/2261/2168 2326/2326/2232 2327/2327/2233
f 2263/2263/2170 2262/2262/2169 2328/2328/2234
f 2262/2262/2169 2327/2327/2233 2328/2328/2234
f 2264/2264/2171 2263/2263/2170 2329/2329/2235
f 2263/2263/2170 2328/2328/2234 2329/2329/2235
f 2265/2265/2172 2264/2264/2171 2330/2330/2236
f 2264/2264/2171 2329/2329/2235 2330/2330/2236
f 2266/2266/2173 2265/2265/2172 2331/2331/2237
f 2265/2265/2172 2330/2330/2236 2331/2331/2237
f 2267/2267/2174 2266/2266/2173 2332/2332/2238
f 2266/2266/2173 2331/2331/2237 2332/2332/2238
f 2268/2268/2175 2267/2267/2174 2333/2333/2239
f 2267/2267/2174 2332/2332/2238 2333/2333/2239
f 2269/2269/2176 2268/2268/2175 2334/2334/2240
f 2268/2268/2175 2333/2333/2239 2334/2334/2240
f 2270/2270/2177 2269/2269/2176 2335/2335/2241
f 2269/2269/2176 2334/2334/2240 2335/2335/2241
f 2271/2271/2178 2270/2270/2177 2336/2336/2242
f 2270/2270/2177 2335/2335/2241 2336/2336/2242
f 2272/2272/2179 2271/2271/2178 2337/2337/2243
f 2271/2271/2178 2336/2336/2242 2337/2337/2243
f 2273/2273/2180 2272/2272/2179 2338/2338/2244
f 2272/2272/2179 2337/2337/2243 2338/2338/2244
f 2274/2274/2118 2273/2273/2180 2339/2339/2182
f 2273/2273/2180 2338/2338/2244 2339/2339/2182
f 2275/2275/2181 2276/2276/2182 2340/2340/2245
f 2276/2276/2182 2341/2341/2246 2340/2340/2245
f 2277/2277/2183 2275/2275/2181 2342/2342/2247
f 2275/2275/2181 2340/2340/2245 2342/2342/2247
f 2278/2278/2184 2277/2277/2183 2343/2343/2248
f 2277/2277/2183 2342/2342/2247 2343/2343/2248
f 2279/2279/2185 2278/2278/2184 2344/2344/2249
f 2278/2278/2184 2343/2343/2248 2344/2344/2249
f 2280/2280/2186 2279/2279/2185 2345/2345/2250
f 2279/2279/2185 2344/2344/2249 2345/2345/2250
f 2281/2281/2187 2280/2280/2186 2346/2346/2251
f 2280/2280/2186 2345/2345/2250 2346/2346/2251
f 2282/2282/2188 2281/2281/2187 2347/2347/2252
f 2281/2281/2187 2346/2346/2251 2347/2347/2252
f 2283/2283/2189 2282/2282/2188 2348/2348/2253
f 2282/2282/2188 2347/2347/2252 2348/2348/2253
f 2284/2284/2190 2283/2283/2189 2349/2349/2254
f 2283/2283/2189 2348/2348/2253 2349/2349/2254
f 2285/2285/2191 2284/2284/2190 2350/2350/2255
f 2284/2284/2190 2349/2349/2254 2350/2350/2255
f 2286/2286/2192 2285/2285/2191 2351/2351/2256
f 2285/2285/2191 2350/2350/2255 2351/2351/2256
f 2287/2287/2193 2286/2286/2192 2352/2352/2257
f 2286/2286/2192 2351/2351/2256 2352/2352/2257
f 2288/2288/2194 2287/2287/2193 2353/2353/2258
f 2287/2287/2193 2352/2352/2257 2353/2353/2258
f 2289/2289/2195 2288/2288/2194 2354/2354/2259
f 2288/2288/2194 2353/2353/2258 2354/2354/2259
f 2290/2290/2196 2289/2289/2195 2355/2355/2260
f 2289/2289/2195 2354/2354/2259 2355/2355/2260
f 2291/2291/2197 2290/2290/2196 2356/2356/2261
f 2290/2290/2196 2355/2355/2260 2356/2356/2261
f 2292/2292/2198 2291/2291/2197 2357/2357/2262
f 2291/2291/2197 2356/2356/2261 2357/2357/2262
f 2293/2293/2199 2292/2292/2198 2358/2358/2263
f 2292/2292/2198 2357/2357/2262 2358/2358/2263
f 2294/2294/2200 2293/2293/2199 2359/2359/2264
f 2293/2293/2199 2358/2358/2263 2359/2359/2264
f 2295/2295/2201 2294/2294/2200 2360/2360/2265
f 2294/2294/2200 2359/2359/2264 2360/2360/2265
f 2296/2296/2202 2295/2295/2201 2361/2361/2266
f 2295/2295/2201 2360/2360/2265 2361/2361/2266
f 2297/2297/2203 2296/2296/2202 2362/2362/2267
f 2296/2296/2202 2361/2361/2266 2362/2362/2267
f 2298/2298/2204 2297/2297/2203 2363/2363/2268
f 2297/2297/2203 2362/2362/2267 2363/2363/2268
f 2299/2299/2205 2298/2298/2204 2364/2364/2269
f 2298/2298/2204 2363/2363/2268 2364/2364/2269
f 2300/2300/2206 2299/2299/2205 2365/2365/2270
f 2299/2299/2205 2364/2364/2269 2365/2365/2270
f 2301/2301/2207 2300/2300/2206 2366/2366/2271
f 2300/2300/2206 2365/2365/2270 2366/2366/2271
f 2302/2302/2208 2301/2301/2207 2367/2367/2272
f 2301/2301/2207 2366/2366/2271 2367/2367/2272
f 2303/2303/2209 2302/2302/2208 2368/2368/2273
f 2302/2302/2208 2367/2367/2272 2368/2368/2273
f 2304/2304/2210 2303/2303/2209 2369/2369/2274
f 2303/2303/2209 2368/2368/2273 2369/2369/2274
f 2305/2305/2211 2304/2304/2210 2370/2370/2275
f 2304/2304/2210 2369/2369/2274 2370/2370/2275
f 2306/2306/2212 2305/2305/2211 2371/2371/2276
f 2305/2305/2211 2370/2370/2275 2371/2371/2276
f 2307/2307/2213 2306/2306/2212 2372/2372/2277
f 2306/2306/2212 2371/2371/2276 2372/2372/2277
f 2308/2308/2214 2307/2307/2213 2373/2373/2278
f 2307/2307/2213 2372/2372/2277 2373/2373/2278
f 2309/2309/2215 2308/2308/2214 2374/2374/2279
f 2308/2308/2214 2373/2373/2278 2374/2374/2279
f 2310/2310/2216 2309/2309/2215 2375/2375/2280
f 2309/2309/2215 2374/2374/2279 2375/2375/2280
f 2311/2311/2217 2310/2310/2216 2376/2376/2281
f 2310/2310/2216 2375/2375/2280 2376/2376/2281
f 2312/2312/2218 2311/2311/2217 2377/2377/2282
f 2311/2311/2217 2376/2376/2281 2377/2377/2282
f 2313/2313/2219 2312/2312/2218 2378/2378/2283
f 2312/2312/2218 2377/2377/2282 2378/2378/2283
f 2314/2314/2220 2313/2313/2219 2379/2379/2284
f 2313/2313/2219 2378/2378/2283 2379/2379/2284
f 2315/2315/2221 2314/2314/2220 2380/2380/2285
f 2314/2314/2220 2379/2379/2284 2380/2380/2285
f 2316/2316/2222 2315/2315/2221 2381/2381/2286
f 2315/2315/2221 2380/2380/2285 2381/2381/2286
f 2317/2317/2223 2316/2316/2222 2382/2382/2287
f 2316/2316/2222 2381/2381/2286 2382/2382/2287
f 2318/2318/2224 2317/2317/2223 2383/2383/2288
f 2317/2317/2223 2382/2382/2287 2383/2383/2288
f 2319/2319/2225 2318/2318/2224 2384/2384/2289
f 2318/2318/2224 2383/2383/2288 2384/2384/2289
f 2320/2320/2226 2319/2319/2225 2385/2385/2290
f 2319/2319/2225 2384/2384/2289 2385/2385/2290
f 2321/2321/2227 2320/2320/2226 2386/2386/2291
f 2320/2320/2226 2385/2385/2290 2386/2386/2291
f 2322/2322/2228 2321/2321/2227 2387/2387/2292
f 2321/2321/2227 2386/2386/2291 2387/2387/2292
f 2323/2323/2229 2322/2322/2228 2388/2388/2293
f 2322/2322/2228 2387/2387/2292 2388/2388/2293
f 2324/2324/2230 2323/2323/2229 2389/2389/2294
f 2323/2323/2229 2388/2388/2293 2389/2389/2294
f 2325/2325/2231 2324/2324/2230 2390/2390/2295
f 2324/2324/2230 2389/2389/2294 2390/2390/2295
f 2326/2326/2232 2325/2325/2231 2391/2391/2296
f 2325/2325/2231 2390/2390/2295 2391/2391/2296
f 2327/2327/2233 2326/2326/2232 2392/2392/2297
f 2326/2326/2232 2391/2391/2296 2392/2392/2297
f 2328/2328/2234 2327/2327/2233 2393/2393/2298
f 2327/2327/2233 2392/2392/2297 2393/2393/2298
f 2329/2329/2235 2328/2328/2234 2394/2394/2299
f 2328/2328/2234 2393/2393/2298 2394/2394/2299
f 2330/2330/2236 2329/2329/2235 2395/2395/2300
f 2329/2329/2235 2394/2394/2299 2395/2395/2300
f 2331/2331/2237 2330/2330/2236 2396/2396/2301
f 2330/2330/2236 2395/2395/2300 2396/2396/2301
f 2332/2332/2238 2331/2331/2237 2397/2397/2302
f 2331/2331/2237 2396/2396/2301 2397/2397/2302
f 2333/2333/2239 2332/2332/2238 2398/2398/2303
f 2332/2332/2238 2397/2397/2302 2398/2398/2303
f 2334/2334/2240 2333/2333/2239 2399/2399/2304
f 2333/2333/2239 2398/2398/2303 2399/2399/2304
f 2335/2335/2241 2334/2334/2240 2400/2400/2305
f 2334/2334/2240 2399/2399/2304 2400/2400/2305
f 2336/2336/2242 2335/2335/2241 2401/2401/2306
f 2335/2335/2241 2400/2400/2305 2401/2401/2306
f 2337/2337/2243 2336/2336/2242 2402/2402/2307
f 2336/2336/2242 2401/2401/2306 2402/2402/2307
f 2338/2338/2244 2337/2337/2243 2403/2403/2308
f 2337/2337/2243 2402/2402/2307 2403/2403/2308
f 2339/2339/2182 2338/2338/2244 2404/2404/2246
f 2338/2338/2244 2403/2403/2308 2404/2404/2246
f 2340/2340/2245 2341/2341/2246 2405/2405/2309
f 2341/2341/2246 2406/2406/2310 2405/2405/2309
f 2342/2342/2247 2340/2340/2245 2407/2407/2311
f 2340/2340/2245 2405/2405/2309 2407/2407/2311
f 2343/2343/2248 2342/2342/2247 2408/2408/2312
f 2342/2342/2247 2407/2407/2311 2408/2408/2312
f 2344/2344/2249 2343/2343/2248 2409/2409/2313
f 2343/2343/2248 2408/2408/2312 2409/2409/2313
f 2345/2345/2250 2344/2344/2249 2410/2410/2314
f 2344/2344/2249 2409/2409/2313 2410/2410/2314
f 2346/2346/2251 2345/2345/2250 2411/2411/2315
f 2345/2345/2250 2410/2410/2314 2411/2411/2315
f 2347/2347/2252 2346/2346/2251 2412/2412/2316
f 2346/2346/2251 2411/2411/2315 2412/2412/2316
f 2348/2348/2253 2347/2347/2252 2413/2413/2317
f 2347/2347/2252 2412/2412/2316 2413/2413/2317
f 2349/2349/2254 2348/2348/2253 2414/2414/2318
f 2348/2348/2253 2413/2413/2317 2414/2414/2318
f 2350/2350/2255 2349/2349/2254 2415/2415/2319
f 2349/2349/2254 2414/2414/2318 2415/2415/2319
f 2351/2351/2256 2350/2350/2255 2416/2416/2320
f 2350/2350/2255 2415/2415/2319 2416/2416/2320
f 2352/2352/2257 2351/2351/2256 2417/2417/2321
f 2351/2351/2256 2416/2416/2320 2417/2417/2321
f 2353/2353/2258 2352/2352/2257 2418/2418/2322
f 2352/2352/2257 2417/2417/2321 2418/2418/2322
f 2354/2354/2259 2353/2353/2258 2419/2419/2323
f 2353/2353/2258 2418/2418/2322 2419/2419/2323
f 2355/2355/2260 2354/2354/2259 2420/2420/2324
f 2354/2354/2259 2419/2419/2323 2420/2420/2324
f 2356/2356/2261 2355/2355/2260 2421/2421/2325
f 2355/2355/2260 2420/2420/2324 2421/2421/2325
f 2357/2357/2262 2356/2356/2261 2422/2422/2326
f 2356/2356/2261 2421/2421/2325 2422/2422/2326
f 2358/2358/2263 2357/2357/2262 2423/2423/2327
f 2357/2357/2262 2422/2422/2326 2423/2423/2327
f 2359/2359/2264 2358/2358/2263 2424/2424/2328
f 2358/2358/2263 2423/2423/2327 2424/2424/2328
f 2360/2360/2265 2359/2359/2264 2425/2425/2329
f 2359/2359/2264 2424/2424/2328 2425/2425/2329
f 2361/2361/2266 2360/2360/2265 2426/2426/2330
f 2360/2360/2265 2425/2425/2329 2426/2426/2330
f 2362/2362/2267 2361/2361/2266 2427/2427/2331
f 2361/2361/2266 2426/2426/2330 2427/2427/2331
f 2363/2363/2268 2362/2362/2267 2428/2428/2332
f 2362/2362/2267 2427/2427/2331 2428/2428/2332
f 2364/2364/2269 2363/2363/2268 2429/2429/2333
f 2363/2363/2268 2428/2428/2332 2429/2429/2333
f 2365/2365/2270 2364/2364/2269 2430/2430/2334
f 2364/2364/2269 2429/2429/2333 2430/2430/2334
f 2366/2366/2271 2365/2365/2270 2431/2431/2335
f 2365/2365/2270 2430/2430/2334 2431/2431/2335
f 2367/2367/2272 2366/2366/2271 2432/2432/2336
f 2366/2366/2271 2431/2431/2335 2432/2432/2336
f 2368/2368/2273 2367/2367/2272 2433/2433/2337
f 2367/2367/2272 2432/2432/2336 2433/2433/2337
f 2369/2369/2274 2368/2368/2273 2434/2434/2338
f 2368/2368/2273 2433/2433/2337 2434/2434/2338
f 2370/2370/2275 2369/2369/2274 2435/2435/2339
f 2369/2369/2274 2434/2434/2338 2435/2435/2339
f 2371/2371/2276 2370/2370/2275 2436/2436/2340
f 2370/2370/2275 2435/2435/2339 2436/2436/2340
f 2372/2372/2277 2371/2371/2276 2437/2437/2341
f 2371/2371/2276 2436/2436/2340 2437/2437/2341
f 2373/2373/2278 2372/2372/2277 2438/2438/2342
f 2372/2372/2277 2437/2437/2341 2438/2438/2342
f 2374/2374/2279 2373/2373/2278 2439/2439/2343
f 2373/2373/2278 2438/2438/2342 2439/2439/2343
f 2375/2375/2280 2374/2374/2279 2440/2440/2344
f 2374/2374/2279 2439/2439/2343 2440/2440/2344
f 2376/2376/2281 2375/2375/2280 2441/2441/2345
f 2375/2375/2280 2440/2440/2344 2441/2441/2345
f 2377/2377/2282 2376/2376/2281 2442/2442/2346
f 2376/2376/2281 2441/2441/2345 2442/2442/2346
f 2378/2378/2283 2377/2377/2282 2443/2443/2347
f 2377/2377/2282 2442/2442/2346 2443/2443/2347
f 2379/2379/2284 2378/2378/2283 2444/2444/2348
f 2378/2378/2283 2443/2443/2347 2444/2444/2348
f 2380/2380/2285 2379/2379/2284 2445/2445/2349
f 2379/2379/2284 2444/2444/2348 2445/2445/2349
f 2381/2381/2286 2380/2380/2285 2446/2446/2350
f 2380/2380/2285 2445/2445/2349 2446/2446/2350
f 2382/2382/2287 2381/2381/2286 2447/2447/2351
f 2381/2381/2286 2446/2446/2350 2447/2447/2351
f 2383/2383/2288 2382/2382/2287 2448/2448/2352
f 2382/2382/2287 2447/2447/2351 2448/2448/2352
f 2384/2384/2289 2383/2383/2288 2449/2449/2353
f 2383/2383/2288 2448/2448/2352 2449/2449/2353
f 2385/2385/2290 2384/2384/2289 2450/2450/2354
f 2384/2384/2289 2449/2449/2353 2450/2450/2354
f 2386/2386/2291 2385/2385/2290 2451/2451/2355
f 2385/2385/2290 2450/2450/2354 2451/2451/2355
f 2387/2387/2292 2386/2386/2291 2452/2452/2356
f 2386/2386/2291 2451/2451/2355 2452/2452/2356
f 2388/2388/2293 2387/2387/2292 2453/2453/2357
f 2387/2387/2292 2452/2452/2356 2453/2453/2357
f 2389/2389/2294 2388/2388/2293 2454/2454/2358
f 2388/2388/2293 2453/2453/2357 2454/2454/2358
f 2390/2390/2295 2389/2389/2294 2455/2455/2359
f 2389/2389/2294 2454/2454/2358 2455/2455/2359
f 2391/2391/2296 2390/2390/2295 2456/2456/2360
f 2390/2390/2295 2455/2455/2359 2456/2456/2360
f 2392/2392/2297 2391/2391/2296 2457/2457/2361
f 2391/2391/2296 2456/2456/2360 2457/2457/2361
f 2393/2393/2298 2392/2392/2297 2458/2458/2362
f 2392/2392/2297 2457/2457/2361 2458/2458/2362
f 2394/2394/2299 2393/2393/2298 2459/2459/2363
f 2393/2393/2298 2458/2458/2362 2459/2459/2363
f 2395/2395/2300 2394/2394/2299 2460/2460/2364
f 2394/2394/2299 2459/2459/2363 2460/2460/2364
f 2396/2396/2301 2395/2395/2300 2461/2461/2365
f 2395/2395/2300 2460/2460/2364 2461/2461/2365
f 2397/2397/2302 2396/2396/2301 2462/2462/2366
f 2396/2396/2301 2461/2461/2365 2462/2462/2366
f 2398/2398/2303 2397/2397/2302 2463/2463/2367
f 2397/2397/2302 2462/2462/2366 2463/2463/2367
f 2399/2399/2304 2398/2398/2303 2464/2464/2368
f 2398/2398/2303 2463/2463/2367 2464/2464/2368
f 2400/2400/2305 2399/2399/2304 2465/2465/2369
f 2399/2399/2304 2464/2464/2368 2465/2465/2369
f 2401/2401/2306 2400/2400/2305 2466/2466/2370
f 2400/2400/2305 2465/2465/2369 2466/2466/2370
f 2402/2402/2307 2401/2401/2306 2467/2467/2371
f 2401/2401/2306 2466/2466/2370 2467/2467/2371
f 2403/2403/2308 2402/2402/2307 2468/2468/2372
f 2402/2402/2307 2467/2467/2371 2468/2468/2372
f 2404/2404/2246 2403/2403/2308 2469/2469/2310
f 2403/2403/2308 2468/2468/2372 2469/2469/2310
f 2405/2405/2309 2406/2406/2310 2470/2470/2373
f 2406/2406/2310 2471/2471/2374 2470/2470/2373
f 2407/2407/2311 2405/2405/2309 2472/2472/2375
f 2405/2405/2309 2470/2470/2373 2472/2472/2375
f 2408/2408/2312 2407/2407/2311 2473/2473/2376
f 2407/2407/2311 2472/2472/2375 2473/2473/2376
f 2409/2409/2313 2408/2408/2312 2474/2474/2377
f 2408/2408/2312 2473/2473/2376 2474/2474/2377
f 2410/2410/2314 2409/2409/2313 2475/2475/2378
f 2409/2409/2313 2474/2474/2377 2475/2475/2378
f 2411/2411/2315 2410/2410/2314 2476/2476/2379
f 2410/2410/2314 2475/2475/2378 2476/2476/2379
f 2412/2412/2316 2411/2411/2315 2477/2477/2380
f 2411/2411/2315 2476/2476/2379 2477/2477/2380
f 2413/2413/2317 2412/2412/2316 2478/2478/2381
f 2412/2412/2316 2477/2477/2380 2478/2478/2381
f 2414/2414/2318 2413/2413/2317 2479/2479/2382
f 2413/2413/2317 2478/2478/2381 2479/2479/2382
f 2415/2415/2319 2414/2414/2318 2480/2480/2383
f 2414/2414/2318 2479/2479/2382 2480/2480/2383
f 2416/2416/2320 2415/2415/2319 2481/2481/2384
f 2415/2415/2319 2480/2480/2383 2481/2481/2384
f 2417/2417/2321 2416/2416/2320 2482/2482/2385
f 2416/2416/2320 2481/2481/2384 2482/2482/2385
f 2418/2418/2322 2417/2417/2321 2483/2483/2386
f 2417/2417/2321 2482/2482/2385 2483/2483/2386
f 2419/2419/2323 2418/2418/2322 2484/2484/2387
f 2418/2418/2322 2483/2483/2386 2484/2484/2387
f 2420/2420/2324 2419/2419/2323 2485/2485/2388
f 2419/2419/2323 2484/2484/2387 2485/2485/2388
f 2421/2421/2325 2420/2420/2324 2486/2486/2389
f 2420/2420/2324 2485/2485/2388 2486/2486/2389
f 2422/2422/2326 2421/2421/2325 2487/2487/2390
f 2421/2421/2325 2486/2486/2389 2487/2487/2390
f 2423/2423/2327 2422/2422/2326 2488/2488/2391
f 2422/2422/2326 2487/2487/2390 2488/2488/2391
f 2424/2424/2328 2423/2423/2327 2489/2489/2392
f 2423/2423/2327 2488/2488/2391 2489/2489/2392
f 2425/2425/2329 2424/2424/2328 2490/2490/2393
f 2424/2424/2328 2489/2489/2392 2490/2490/2393
f 2426/2426/2330 2425/2425/2329 2491/2491/2394
f 2425/2425/2329 2490/2490/2393 2491/2491/2394
f 2427/2427/2331 2426/2426/2330 2492/2492/2395
f 2426/2426/2330 2491/2491/2394 2492/2492/2395
f 2428/2428/2332 2427/2427/2331 2493/2493/2396
f 2427/2427/2331 2492/2492/2395 2493/2493/2396
f 2429/2429/2333 2428/2428/2332 2494/2494/2397
f 2428/2428/2332 2493/2493/2396 2494/2494/2397
f 2430/2430/2334 2429/2429/2333 2495/2495/2398
f 2429/2429/2333 2494/2494/2397 2495/2495/2398
f 2431/2431/2335 2430/2430/2334 2496/2496/2399
f 2430/2430/2334 2495/2495/2398 2496/2496/2399
f 2432/2432/2336 2431/2431/2335 2497/2497/2400
f 2431/2431/2335 2496/2496/2399 2497/2497/2400
f 2433/2433/2337 2432/2432/2336 2498/2498/2401
f 2432/2432/2336 2497/2497/2400 2498/2498/2401
f 2434/2434/2338 2433/2433/2337 2499/2499/2402
f 2433/2433/2337 2498/2498/2401 2499/2499/2402
f 2435/2435/2339 2434/2434/2338 2500/2500/2403
f 2434/2434/2338 2499/2499/2402 2500/2500/2403
f 2436/2436/2340 2435/2435/2339 2501/2501/2404
f 2435/2435/2339 2500/2500/2403 2501/2501/2404
f 2437/2437/2341 2436/2436/2340 2502/2502/2405
f 2436/2436/2340 2501/2501/2404 2502/2502/2405
f 2438/2438/2342 2437/2437/2341 2503/2503/2406
f 2437/2437/2341 2502/2502/2405 2503/2503/2406
f 2439/2439/2343 2438/2438/2342 2504/2504/2407
f 2438/2438/2342 2503/2503/2406 2504/2504/2407
f 2440/2440/2344 2439/2439/2343 2505/2505/2408
f 2439/2439/2343 2504/2504/2407 2505/2505/2408
f 2441/2441/2345 2440/2440/2344 2506/2506/2409
f 2440/2440/2344 2505/2505/2408 2506/2506/2409
f 2442/2442/2346 2441/2441/2345 2507/2507/2410
f 2441/2441/2345 2506/2506/2409 2507/2507/2410
f 2443/2443/2347 2442/2442/2346 2508/2508/2411
f 2442/2442/2346 2507/2507/2410 2508/2508/2411
f 2444/2444/2348 2443/2443/2347 2509/2509/2412
f 2443/2443/2347 2508/2508/2411 2509/2509/2412
f 2445/2445/2349 2444/2444/2348 2510/2510/2413
f 2444/2444/2348 2509/2509/2412 2510/2510/2413
f 2446/2446/2350 2445/2445/2349 2511/2511/2414
f 2445/2445/2349 2510/2510/2413 2511/2511/2414
f 2447/2447/2351 2446/2446/2350 2512/2512/2415
f 2446/2446/2350 2511/2511/2414 2512/2512/2415
f 2448/2448/2352 2447/2447/2351 2513/2513/2416
f 2447/2447/2351 2512/2512/2415 2513/2513/2416
f 2449/2449/2353 2448/2448/2352 2514/2514/2417
f 2448/2448/2352 2513/2513/2416 2514/2514/2417
f 2450/2450/2354 2449/2449/2353 2515/2515/2418
f 2449/2449/2353 2514/2514/2417 2515/2515/2418
f 2451/2451/2355 2450/2450/2354 2516/2516/2419
f 2450/2450/2354 2515/2515/2418 2516/2516/2419
f 2452/2452/2356 2451/2451/2355 2517/2517/2420
f 2451/2451/2355 2516/2516/2419 2517/2517/2420
f 2453/2453/2357 2452/2452/2356 2518/2518/2421
f 2452/2452/2356 2517/2517/2420 2518/2518/2421
f 2454/2454/2358 2453/2453/2357 2519/2519/2422
f 2453/2453/2357 2518/2518/2421 2519/2519/2422
f 2455/2455/2359 2454/2454/2358 2520/2520/2423
f 2454/2454/2358 2519/2519/2422 2520/2520/2423
f 2456/2456/2360 2455/2455/2359 2521/2521/2424
f 2455/2455/2359 2520/2520/2423 2521/2521/2424
f 2457/2457/2361 2456/2456/2360 2522/2522/2425
f 2456/2456/2360 2521/2521/2424 2522/2522/2425
f 2458/2458/2362 2457/2457/2361 2523/2523/2426
f 2457/2457/2361 2522/2522/2425 2523/2523/2426
f 2459/2459/2363 2458/2458/2362 2524/2524/2427
f 2458/2458/2362 2523/2523/2426 2524/2524/2427
f 2460/2460/2364 2459/2459/2363 2525/2525/2428
f 2459/2459/2363 2524/2524/2427 2525/2525/2428
f 2461/2461/2365 2460/2460/2364 2526/2526/2429
f 2460/2460/2364 2525/2525/2428 2526/2526/2429
f 2462/2462/2366 2461/2461/2365 2527/2527/2430
f 2461/2461/2365 2526/2526/2429 2527/2527/2430
f 2463/2463/2367 2462/2462/2366 2528/2528/2431
f 2462/2462/2366 2527/2527/2430 2528/2528/2431
f 2464/2464/2368 2463/2463/2367 2529/2529/2432
f 2463/2463/2367 2528/2528/2431 2529/2529/2432
f 2465/2465/2369 2464/2464/2368 2530/2530/2433
f 2464/2464/2368 2529/2529/2432 2530/2530/2433
f 2466/2466/2370 2465/2465/2369 2531/2531/2434
f 2465/2465/2369 2530/2530/2433 2531/2531/2434
f 2467/2467/2371 2466/2466/2370 2532/2532/2435
f 2466/2466/2370 2531/2531/2434 2532/2532/2435
f 2468/2468/2372 2467/2467/2371 2533/2533/2436
f 2467/2467/2371 2532/2532/2435 2533/2533/2436
f 2469/2469/2310 2468/2468/2372 2534/2534/2374
f 2468/2468/2372 2533/2533/2436 2534/2534/2374
f 2470/2470/2373 2471/2471/2374 2535/2535/2437
f 2471/2471/2374 2536/2536/2438 2535/2535/2437
f 2472/2472/2375 2470/2470/2373 2537/2537/2439
f 2470/2470/2373 2535/2535/2437 2537/2537/2439
f 2473/2473/2376 2472/2472/2375 2538/2538/2440
f 2472/2472/2375 2537/2537/2439 2538/2538/2440
f 2474/2474/2377 2473/2473/2376 2539/2539/2441
f 2473/2473/2376 2538/2538/2440 2539/2539/2441
f 2475/2475/2378 2474/2474/2377 2540/2540/2442
f 2474/2474/2377 2539/2539/2441 2540/2540/2442
f 2476/2476/2379 2475/2475/2378 2541/2541/2443
f 2475/2475/2378 2540/2540/2442 2541/2541/2443
f 2477/2477/2380 2476/2476/2379 2542/2542/2444
f 2476/2476/2379 2541/2541/2443 2542/2542/2444
f 2478/2478/2381 2477/2477/2380 2543/2543/2445
f 2477/2477/2380 2542/2542/2444 2543/2543/2445
f 2479/2479/2382 2478/2478/2381 2544/2544/2446
f 2478/2478/2381 2543/2543/2445 2544/2544/2446
f 2480/2480/2383 2479/2479/2382 2545/2545/2447
f 2479/2479/2382 2544/2544/2446 2545/2545/2447
f 2481/2481/2384 2480/2480/2383 2546/2546/2448
f 2480/2480/2383 2545/2545/2447 2546/2546/2448
f 2482/2482/2385 2481/2481/2384 2547/2547/2449
f 2481/2481/2384 2546/2546/2448 2547/2547/2449
f 2483/2483/2386 2482/2482/2385 2548/2548/2450
f 2482/2482/2385 2547/2547/2449 2548/2548/2450
f 2484/2484/2387 2483/2483/2386 2549/2549/2451
f 2483/2483/2386 2548/2548/2450 2549/2549/2451
f 2485/2485/2388 2484/2484/2387 2550/2550/2452
f 2484/2484/2387 2549/2549/2451 2550/2550/2452
f 2486/2486/2389 2485/2485/2388 2551/2551/2453
f 2485/2485/2388 2550/2550/2452 2551/2551/2453
f 2487/2487/2390 2486/2486/2389 2552/2552/2454
f 2486/2486/2389 2551/2551/2453 2552/2552/2454
f 2488/2488/2391 2487/2487/2390 2553/2553/2455
f 2487/2487/2390 2552/2552/2454 2553/2553/2455
f 2489/2489/2392 2488/2488/2391 2554/2554/2456
f 2488/2488/2391 2553/2553/2455 2554/2554/2456
f 2490/2490/2393 2489/2489/2392 2555/2555/2457
f 2489/2489/2392 2554/2554/2456 2555/2555/2457
f 2491/2491/2394 2490/2490/2393 2556/2556/2458
f 2490/2490/2393 2555/2555/2457 2556/2556/2458
f 2492/2492/2395 2491/2491/2394 2557/2557/2459
f 2491/2491/2394 2556/2556/2458 2557/2557/2459
f 2493/2493/2396 2492/2492/2395 2558/2558/2460
f 2492/2492/2395 2557/2557/2459 2558/2558/2460
f 2494/2494/2397 2493/2493/2396 2559/2559/2461
f 2493/2493/2396 2558/2558/2460 2559/2559/2461
f 2495/2495/2398 2494/2494/2397 2560/2560/2462
f 2494/2494/2397 2559/2559/2461 2560/2560/2462
f 2496/2496/2399 2495/2495/2398 2561/2561/2463
f 2495/2495/2398 2560/2560/2462 2561/2561/2463
f 2497/2497/2400 2496/2496/2399 2562/2562/2464
f 2496/2496/2399 2561/2561/2463 2562/2562/2464
f 2498/2498/2401 2497/2497/2400 2563/2563/2465
f 2497/2497/2400 2562/2562/2464 2563/2563/2465
f 2499/2499/2402 2498/2498/2401 2564/2564/2466
f 2498/2498/2401 2563/2563/2465 2564/2564/2466
f 2500/2500/2403 2499/2499/2402 2565/2565/2467
f 2499/2499/2402 2564/2564/2466 2565/2565/2467
f 2501/2501/2404 2500/2500/2403 2566/2566/2468
f 2500/2500/2403 2565/2565/2467 2566/2566/2468
f 2502/2502/2405 2501/2501/2404 2567/2567/2469
f 2501/2501/2404 2566/2566/2468 2567/2567/2469
f 2503/2503/2406 2502/2502/2405 2568/2568/2470
f 2502/2502/2405 2567/2567/2469 2568/2568/2470
f 2504/2504/2407 2503/2503/2406 2569/2569/2471
f 2503/2503/2406 2568/2568/2470 2569/2569/2471
f 2505/2505/2408 2504/2504/2407 2570/2570/2472
f 2504/2504/2407 2569/2569/2471 2570/2570/2472
f 2506/2506/2409 2505/2505/2408 2571/2571/2473
f 2505/2505/2408 2570/2570/2472 2571/2571/2473
f 2507/2507/2410 2506/2506/2409 2572/2572/2474
f 2506/2506/2409 2571/2571/2473 2572/2572/2474
f 2508/2508/2411 2507/2507/2410 2573/2573/2475
f 2507/2507/2410 2572/2572/2474 2573/2573/2475
f 2509/2509/2412 2508/2508/2411 2574/2574/2476
f 2508/2508/2411 2573/2573/2475 2574/2574/2476
f 2510/2510/2413 2509/2509/2412 2575/2575/2477
f 2509/2509/2412 2574/2574/2476 2575/2575/2477
f 2511/2511/2414 2510/2510/2413 2576/2576/2478
f 2510/2510/2413 2575/2575/2477 2576/2576/2478
f 2512/2512/2415 2511/2511/2414 2577/2577/2479
f 2511/2511/2414 2576/2576/2478 2577/2577/2479
f 2513/2513/2416 2512/2512/2415 2578/2578/2480
f 2512/2512/2415 2577/2577/2479 2578/2578/2480
f 2514/2514/2417 2513/2513/2416 2579/2579/2481
f 2513/2513/2416 2578/2578/2480 2579/2579/2481
f 2515/2515/2418 2514/2514/2417 2580/2580/2482
f 2514/2514/2417 2579/2579/2481 2580/2580/2482
f 2516/2516/2419 2515/2515/2418 2581/2581/2483
f 2515/2515/2418 2580/2580/2482 2581/2581/2483
f 2517/2517/2420 2516/2516/2419 2582/2582/2484
f 2516/2516/2419 2581/2581/2483 2582/2582/2484
f 2518/2518/2421 2517/2517/2420 2583/2583/2485
f 2517/2517/2420 2582/2582/2484 2583/2583/2485
f 2519/2519/2422 2518/2518/2421 2584/2584/2486
f 2518/2518/2421 2583/2583/2485 2584/2584/2486
f 2520/2520/2423 2519/2519/2422 2585/2585/2487
f 2519/2519/2422 2584/2584/2486 2585/2585/2487
f 2521/2521/2424 2520/2520/2423 2586/2586/2488
f 2520/2520/2423 2585/2585/2487 2586/2586/2488
f 2522/2522/2425 2521/2521/2424 2587/2587/2489
f 2521/2521/2424 2586/2586/2488 2587/2587/2489
f 2523/2523/2426 2522/2522/2425 2588/2588/2490
f 2522/2522/2425 2587/2587/2489 2588/2588/2490
f 2524/2524/2427 2523/2523/2426 2589/2589/2491
f 2523/2523/2426 2588/2588/2490 2589/2589/2491
f 2525/2525/2428 2524/2524/2427 2590/2590/2492
f 2524/2524/2427 2589/2589/2491 2590/2590/2492
f 2526/2526/2429 2525/2525/2428 2591/2591/2493
f 2525/2525/2428 2590/2590/2492 2591/2591/2493
f 2527/2527/2430 2526/2526/2429 2592/2592/2494
f 2526/2526/2429 2591/2591/2493 2592/2592/2494
f 2528/2528/2431 2527/2527/2430 2593/2593/2495
f 2527/2527/2430 2592/2592/2494 2593/2593/2495
f 2529/2529/2432 2528/2528/2431 2594/2594/2496
f 2528/2528/2431 2593/2593/2495 2594/2594/2496
f 2530/2530/2433 2529/2529/2432 2595/2595/2497
f 2529/2529/2432 2594/2594/2496 2595/2595/2497
f 2531/2531/2434 2530/2530/2433 2596/2596/2498
f 2530/2530/2433 2595/2595/2497 2596/2596/2498
f 2532/2532/2435 2531/2531/2434 2597/2597/2499
f 2531/2531/2434 2596/2596/2498 2597/2597/2499
f 2533/2533/2436 2532/2532/2435 2598/2598/2500
f 2532/2532/2435 2597/2597/2499 2598/2598/2500
f 2534/2534/2374 2533/2533/2436 2599/2599/2438
f 2533/2533/2436 2598/2598/2500 2599/2599/2438
f 2535/2535/2437 2536/2536/2438 2600/2600/2501
f 2536/2536/2438 2601/2601/2502 2600/2600/2501
f 2537/2537/2439 2535/2535/2437 2602/2602/2503
f 2535/2535/2437 2600/2600/2501 2602/2602/2503
f 2538/2538/2440 2537/2537/2439 2603/2603/2504
f 2537/2537/2439 2602/2602/2503 2603/2603/2504
f 2539/2539/2441 2538/2538/2440 2604/2604/2505
f 2538/2538/2440 2603/2603/2504 2604/2604/2505
f 2540/2540/2442 2539/2539/2441 2605/2605/2506
f 2539/2539/2441 2604/2604/2505 2605/2605/2506
f 2541/2541/2443 2540/2540/2442 2606/2606/2507
f 2540/2540/2442 2605/2605/2506 2606/2606/2507
f 2542/2542/2444 2541/2541/2443 2607/2607/2508
f 2541/2541/2443 2606/2606/2507 2607/2607/2508
f 2543/2543/2445 2542/2542/2444 2608/2608/2509
f 2542/2542/2444 2607/2607/2508 2608/2608/2509
f 2544/2544/2446 2543/2543/2445 2609/2609/2510
f 2543/2543/2445 2608/2608/2509 2609/2609/2510
f 2545/2545/2447 2544/2544/2446 2610/2610/2511
f 2544/2544/2446 2609/2609/2510 2610/2610/2511
f 2546/2546/2448 2545/2545/2447 2611/2611/2512
f 2545/2545/2447 2610/2610/2511 2611/2611/2512
f 2547/2547/2449 2546/2546/2448 2612/2612/2513
f 2546/2546/2448 2611/2611/2512 2612/2612/2513
f 2548/2548/2450 2547/2547/2449 2613/2613/2514
f 2547/2547/2449 2612/2612/2513 2613/2613/2514
f 2549/2549/2451 2548/2548/2450 2614/2614/2515
f 2548/2548/2450 2613/2613/2514 2614/2614/2515
f 2550/2550/2452 2549/2549/2451 2615/2615/2516
f 2549/2549/2451 2614/2614/2515 2615/2615/2516
f 2551/2551/2453 2550/2550/2452 2616/2616/2517
f 2550/2550/2452 2615/2615/2516 2616/2616/2517
f 2552/2552/2454 2551/2551/2453 2617/2617/2518
f 2551/2551/2453 2616/2616/2517 2617/2617/2518
f 2553/2553/2455 2552/2552/2454 2618/2618/2519
f 2552/2552/2454 2617/2617/2518 2618/2618/2519
f 2554/2554/2456 2553/2553/2455 2619/2619/2520
f 2553/2553/2455 2618/2618/2519 2619/2619/2520
f 2555/2555/2457 2554/2554/2456 2620/2620/2521
f 2554/2554/2456 2619/2619/2520 2620/2620/2521
f 2556/2556/2458 2555/2555/2457 2621/2621/2522
f 2555/2555/2457 2620/2620/2521 2621/2621/2522
f 2557/2557/2459 2556/2556/2458 2622/2622/2523
f 2556/2556/2458 2621/2621/2522 2622/2622/2523
f 2558/2558/2460 2557/2557/2459 2623/2623/2524
f 2557/2557/2459 2622/2622/2523 2623/2623/2524
f 2559/2559/2461 2558/2558/2460 2624/2624/2525
f 2558/2558/2460 2623/2623/2524 2624/2624/2525
f 2560/2560/2462 2559/2559/2461 2625/2625/2526
f 2559/2559/2461 2624/2624/2525 2625/2625/2526
f 2561/2561/2463 2560/2560/2462 2626/2626/2527
f 2560/2560/2462 2625/2625/2526 2626/2626/2527
f 2562/2562/2464 2561/2561/2463 2627/2627/2528
f 2561/2561/2463 2626/2626/2527 2627/2627/2528
f 2563/2563/2465 2562/2562/2464 2628/2628/2529
f 2562/2562/2464 2627/2627/2528 2628/2628/2529
f 2564/2564/2466 2563/2563/2465 2629/2629/2530
f 2563/2563/2465 2628/2628/2529 2629/2629/2530
f 2565/2565/2467 2564/2564/2466 2630/2630/2531
f 2564/2564/2466 2629/2629/2530 2630/2630/2531
f 2566/2566/2468 2565/2565/2467 2631/2631/2532
f 2565/2565/2467 2630/2630/2531 2631/2631/2532
f 2567/2567/2469 2566/2566/2468 2632/2632/2533
f 2566/2566/2468 2631/2631/2532 2632/2632/2533
f 2568/2568/2470 2567/2567/2469 2633/2633/2534
f 2567/2567/2469 2632/2632/2533 2633/2633/2534
f 2569/2569/2471 2568/2568/2470 2634/2634/2535
f 2568/2568/2470 2633/2633/2534 2634/2634/2535
f 2570/2570/2472 2569/2569/2471 2635/2635/2536
f 2569/2569/2471 2634/2634/2535 2635/2635/2536
f 2571/2571/2473 2570/2570/2472 2636/2636/2537
f 2570/2570/2472 2635/2635/2536 2636/2636/2537
f 2572/2572/2474 2571/2571/2473 2637/2637/2538
f 2571/2571/2473 2636/2636/2537 2637/2637/2538
f 2573/2573/2475 2572/2572/2474 2638/2638/2539
f 2572/2572/2474 2637/2637/2538 2638/2638/2539
f 2574/2574/2476 2573/2573/2475 2639/2639/2540
f 2573/2573/2475 2638/2638/2539 2639/2639/2540
f 2575/2575/2477 2574/2574/2476 2640/2640/2541
f 2574/2574/2476 2639/2639/2540 2640/2640/2541
f 2576/2576/2478 2575/2575/2477 2641/2641/2542
f 2575/2575/2477 2640/2640/2541 2641/2641/2542
f 2577/2577/2479 2576/2576/2478 2642/2642/2543
f 2576/2576/2478 2641/2641/2542 2642/2642/2543
f 2578/2578/2480 2577/2577/2479 2643/2643/2544
f 2577/2577/2479 2642/2642/2543 2643/2643/2544
f 2579/2579/2481 2578/2578/2480 2644/2644/2545
f 2578/2578/2480 2643/2643/2544 2644/2644/2545
f 2580/2580/2482 2579/2579/2481 2645/2645/2546
f 2579/2579/2481 2644/2644/2545 2645/2645/2546
f 2581/2581/2483 2580/2580/2482 2646/2646/2547
f 2580/2580/2482 2645/2645/2546 2646/2646/2547
f 2582/2582/2484 2581/2581/2483 2647/2647/2548
f 2581/2581/2483 2646/2646/2547 2647/2647/2548
f 2583/2583/2485 2582/2582/2484 2648/2648/2549
f 2582/2582/2484 2647/2647/2548 2648/2648/2549
f 2584/2584/2486 2583/2583/2485 2649/2649/2550
f 2583/2583/2485 2648/2648/2549 2649/2649/2550
f 2585/2585/2487 2584/2584/2486 2650/2650/2551
f 2584/2584/2486 2649/2649/2550 2650/2650/2551
f 2586/2586/2488 2585/2585/2487 2651/2651/2552
f 2585/2585/2487 2650/2650/2551 2651/2651/2552
f 2587/2587/2489 2586/2586/2488 2652/2652/2553
f 2586/2586/2488 2651/2651/2552 2652/2652/2553
f 2588/2588/2490 2587/2587/2489 2653/2653/2554
f 2587/2587/2489 2652/2652/2553 2653/2653/2554
f 2589/2589/2491 2588/2588/2490 2654/2654/2555
f 2588/2588/2490 2653/2653/2554 2654/2654/2555
f 2590/2590/2492 2589/2589/2491 2655/2655/2556
f 2589/2589/2491 2654/2654/2555 2655/2655/2556
f 2591/2591/2493 2590/2590/2492 2656/2656/2557
f 2590/2590/2492 2655/2655/2556 2656/2656/2557
f 2592/2592/2494 2591/2591/2493 2657/2657/2558
f 2591/2591/2493 2656/2656/2557 2657/2657/2558
f 2593/2593/2495 2592/2592/2494 2658/2658/2559
f 2592/2592/2494 2657/2657/2558 2658/2658/2559
f 2594/2594/2496 2593/2593/2495 2659/2659/2560
f 2593/2593/2495 2658/2658/2559 2659/2659/2560
f 2595/2595/2497 2594/2594/2496 2660/2660/2561
f 2594/2594/2496 2659/2659/2560 2660/2660/2561
f 2596/2596/2498 2595/2595/2497 2661/2661/2562
f 2595/2595/2497 2660/2660/2561 2661/2661/2562
f 2597/2597/2499 2596/2596/2498 2662/2662/2563
f 2596/2596/2498 2661/2661/2562 2662/2662/2563
f 2598/2598/2500 2597/2597/2499 2663/2663/2564
f 2597/2597/2499 2662/2662/2563 2663/2663/2564
f 2599/2599/2438 2598/2598/2500 2664/2664/2502
f 2598/2598/2500 2663/2663/2564 2664/2664/2502
f 2600/2600/2501 2601/2601/2502 2665/2665/2565
f 2601/2601/2502 2666/2666/2566 2665/2665/2565
f 2602/2602/2503 2600/2600/2501 2667/2667/2567
f 2600/2600/2501 2665/2665/2565 2667/2667/2567
f 2603/2603/2504 2602/2602/2503 2668/2668/2568
f 2602/2602/2503 2667/2667/2567 2668/2668/2568
f 2604/2604/2505 2603/2603/2504 2669/2669/2569
f 2603/2603/2504 2668/2668/2568 2669/2669/2569
f 2605/2605/2506 2604/2604/2505 2670/2670/2570
f 2604/2604/2505 2669/2669/2569 2670/2670/2570
f 2606/2606/2507 2605/2605/2506 2671/2671/2571
f 2605/2605/2506 2670/2670/2570 2671/2671/2571
f 2607/2607/2508 2606/2606/2507 2672/2672/2572
f 2606/2606/2507 2671/2671/2571 2672/2672/2572
f 2608/2608/2509 2607/2607/2508 2673/2673/2573
f 2607/2607/2508 2672/2672/2572 2673/2673/2573
f 2609/2609/2510 2608/2608/2509 2674/2674/2574
f 2608/2608/2509 2673/2673/2573 2674/2674/2574
f 2610/2610/2511 2609/2609/2510 2675/2675/2575
f 2609/2609/2510 2674/2674/2574 2675/2675/2575
f 2611/2611/2512 2610/2610/2511 2676/2676/2576
f 2610/2610/2511 2675/2675/2575 2676/2676/2576
f 2612/2612/2513 2611/2611/2512 2677/2677/2577
f 2611/2611/2512 2676/2676/2576 2677/2677/2577
f 2613/2613/2514 2612/2612/2513 2678/2678/2578
f 2612/2612/2513 2677/2677/2577 2678/2678/2578
f 2614/2614/2515 2613/2613/2514 2679/2679/2579
f 2613/2613/2514 2678/2678/2578 2679/2679/2579
f 2615/2615/2516 2614/2614/2515 2680/2680/2580
f 2614/2614/2515 2679/2679/2579 2680/2680/2580
f 2616/2616/2517 2615/2615/2516 2681/2681/2581
f 2615/2615/2516 2680/2680/2580 2681/2681/2581
f 2617/2617/2518 2616/2616/2517 2682/2682/2582
f 2616/2616/2517 2681/2681/2581 2682/2682/2582
f 2618/2618/2519 2617/2617/2518 2683/2683/2583
f 2617/2617/2518 2682/2682/2582 2683/2683/2583
f 2619/2619/2520 2618/2618/2519 2684/2684/2584
f 2618/2618/2519 2683/2683/2583 2684/2684/2584
f 2620/2620/2521 2619/2619/2520 2685/2685/2585
f 2619/2619/2520 2684/2684/2584 2685/2685/2585
f 2621/2621/2522 2620/2620/2521 2686/2686/2586
f 2620/2620/2521 2685/2685/2585 2686/2686/2586
f 2622/2622/2523 2621/2621/2522 2687/2687/2587
f 2621/2621/2522 2686/2686/2586 2687/2687/2587
f 2623/2623/2524 2622/2622/2523 2688/2688/2588
f 2622/2622/2523 2687/2687/2587 2688/2688/2588
f 2624/2624/2525 2623/2623/2524 2689/2689/2589
f 2623/2623/2524 2688/2688/2588 2689/2689/2589
f 2625/2625/2526 2624/2624/2525 2690/2690/2590
f 2624/2624/2525 2689/2689/2589 2690/2690/2590
f 2626/2626/2527 2625/2625/2526 2691/2691/2591
f 2625/2625/2526 2690/2690/2590 2691/2691/2591
f 2627/2627/2528 2626/2626/2527 2692/2692/2592
f 2626/2626/2527 2691/2691/2591 2692/2692/2592
f 2628/2628/2529 2627/2627/2528 2693/2693/2593
f 2627/2627/2528 2692/2692/2592 2693/2693/2593
f 2629/2629/2530 2628/2628/2529 2694/2694/2594
f 2628/2628/2529 2693/2693/2593 2694/2694/2594
f 2630/2630/2531 2629/2629/2530 2695/2695/2595
f 2629/2629/2530 2694/2694/2594 2695/2695/2595
f 2631/2631/2532 2630/2630/2531 2696/2696/2596
f 2630/2630/2531 2695/2695/2595 2696/2696/2596
f 2632/2632/2533 2631/2631/2532 2697/2697/2597
f 2631/2631/2532 2696/2696/2596 2697/2697/2597
f 2633/2633/2534 2632/2632/2533 2698/2698/2598
f 2632/2632/2533 2697/2697/2597 2698/2698/2598
f 2634/2634/2535 2633/2633/2534 2699/2699/2599
f 2633/2633/2534 2698/2698/2598 2699/2699/2599
f 2635/2635/2536 2634/2634/2535 2700/2700/2600
f 2634/2634/2535 2699/2699/2599 2700/2700/2600
f 2636/2636/2537 2635/2635/2536 2701/2701/2601
f 2635/2635/2536 2700/2700/2600 2701/2701/2601
f 2637/2637/2538 2636/2636/2537 2702/2702/2602
f 2636/2636/2537 2701/2701/2601 2702/2702/2602
f 2638/2638/2539 2637/2637/2538 2703/2703/2603
f 2637/2637/2538 2702/2702/2602 2703/2703/2603
f 2639/2639/2540 2638/2638/2539 2704/2704/2604
f 2638/2638/2539 2703/2703/2603 2704/2704/2604
f 2640/2640/2541 2639/2639/2540 2705/2705/2605
f 2639/2639/2540 2704/2704/2604 2705/2705/2605
f 2641/2641/2542 2640/2640/2541 2706/2706/2606
f 2640/2640/2541 2705/2705/2605 2706/2706/2606
f 2642/2642/2543 2641/2641/2542 2707/2707/2607
f 2641/2641/2542 2706/2706/2606 2707/2707/2607
f 2643/2643/2544 2642/2642/2543 2708/2708/2608
f 2642/2642/2543 2707/2707/2607 2708/2708/2608
f 2644/2644/2545 2643/2643/2544 2709/2709/2609
f 2643/2643/2544 2708/2708/2608 2709/2709/2609
f 2645/2645/2546 2644/2644/2545 2710/2710/2610
f 2644/2644/2545 2709/2709/2609 2710/2710/2610
f 2646/2646/2547 2645/2645/2546 2711/2711/2611
f 2645/2645/2546 2710/2710/2610 2711/2711/2611
f 2647/2647/2548 2646/2646/2547 2712/2712/2612
f 2646/2646/2547 2711/2711/2611 2712/2712/2612
f 2648/2648/2549 2647/2647/2548 2713/2713/2613
f 2647/2647/2548 2712/2712/2612 2713/2713/2613
f 2649/2649/2550 2648/2648/2549 2714/2714/2614
f 2648/2648/2549 2713/2713/2613 2714/2714/2614
f 2650/2650/2551 2649/2649/2550 2715/2715/2615
f 2649/2649/2550 2714/2714/2614 2715/2715/2615
f 2651/2651/2552 2650/2650/2551 2716/2716/2616
f 2650/2650/2551 2715/2715/2615 2716/2716/2616
f 2652/2652/2553 2651/2651/2552 2717/2717/2617
f 2651/2651/2552 2716/2716/2616 2717/2717/2617
f 2653/2653/2554 2652/2652/2553 2718/2718/2618
f 2652/2652/2553 2717/2717/2617 2718/2718/2618
f 2654/2654/2555 2653/2653/2554 2719/2719/2619
f 2653/2653/2554 2718/2718/2618 2719/2719/2619
f 2655/2655/2556 2654/2654/2555 2720/2720/2620
f 2654/2654/2555 2719/2719/2619 2720/2720/2620
f 2656/2656/2557 2655/2655/2556 2721/2721/2621
f 2655/2655/2556 2720/2720/2620 2721/2721/2621
f 2657/2657/2558 2656/2656/2557 2722/2722/2622
f 2656/2656/2557 2721/2721/2621 2722/2722/2622
f 2658/2658/2559 2657/2657/2558 2723/2723/2623
f 2657/2657/2558 2722/2722/2622 2723/2723/2623
f 2659/2659/2560 2658/2658/2559 2724/2724/2624
f 2658/2658/2559 2723/2723/2623 2724/2724/2624
f 2660/2660/2561 2659/2659/2560 2725/2725/2625
f 2659/2659/2560 2724/2724/2624 2725/2725/2625
f 2661/2661/2562 2660/2660/2561 2726/2726/2626
f 2660/2660/2561 2725/2725/2625 2726/2726/2626
f 2662/2662/2563 2661/2661/2562 2727/2727/2627
f 2661/2661/2562 2726/2726/2626 2727/2727/2627
f 2663/2663/2564 2662/2662/2563 2728/2728/2628
f 2662/2662/2563 2727/2727/2627 2728/2728/2628
f 2664/2664/2502 2663/2663/2564 2729/2729/2566
f 2663/2663/2564 2728/2728/2628 2729/2729/2566
f 2665/2665/2565 2666/2666/2566 2730/2730/2629
f 2666/2666/2566 2731/2731/2630 2730/2730/2629
f 2667/2667/2567 2665/2665/2565 2732/2732/2631
f 2665/2665/2565 2730/2730/2629 2732/2732/2631
f 2668/2668/2568 2667/2667/2567 2733/2733/2632
f 2667/2667/2567 2732/2732/2631 2733/2733/2632
f 2669/2669/2569 2668/2668/2568 2734/2734/2633
f 2668/2668/2568 2733/2733/2632 2734/2734/2633
f 2670/2670/2570 2669/2669/2569 2735/2735/2634
f 2669/2669/2569 2734/2734/2633 2735/2735/2634
f 2671/2671/2571 2670/2670/2570 2736/2736/2635
f 2670/2670/2570 2735/2735/2634 2736/2736/2635
f 2672/2672/2572 2671/2671/2571 2737/2737/2636
f 2671/2671/2571 2736/2736/2635 2737/2737/2636
f 2673/2673/2573 2672/2672/2572 2738/2738/2637
f 2672/2672/2572 2737/2737/2636 2738/2738/2637
f 2674/2674/2574 2673/2673/2573 2739/2739/2638
f 2673/2673/2573 2738/2738/2637 2739/2739/2638
f 2675/2675/2575 2674/2674/2574 2740/2740/2639
f 2674/2674/2574 2739/2739/2638 2740/2740/2639
f 2676/2676/2576 2675/2675/2575 2741/2741/2640
f 2675/2675/2575 2740/2740/2639 2741/2741/2640
f 2677/2677/2577 2676/2676/2576 2742/2742/2641
f 2676/2676/2576 2741/2741/2640 2742/2742/2641
f 2678/2678/2578 2677/2677/2577 2743/2743/2642
f 2677/2677/2577 2742/2742/2641 2743/2743/2642
f 2679/2679/2579 2678/2678/2578 2744/2744/2643
f 2678/2678/2578 2743/2743/2642 2744/2744/2643
f 2680/2680/2580 2679/2679/2579 2745/2745/2644
f 2679/2679/2579 2744/2744/2643 2745/2745/2644
f 2681/2681/2581 2680/2680/2580 2746/2746/2645
f 2680/2680/2580 2745/2745/2644 2746/2746/2645
f 2682/2682/2582 2681/2681/2581 2747/2747/2646
f 2681/2681/2581 2746/2746/2645 2747/2747/2646
f 2683/2683/2583 2682/2682/2582 2748/2748/2647
f 2682/2682/2582 2747/2747/2646 2748/2748/2647
f 2684/2684/2584 2683/2683/2583 2749/2749/2648
f 2683/2683/2583 2748/2748/2647 2749/2749/2648
f 2685/2685/2585 2684/2684/2584 2750/2750/2649
f 2684/2684/2584 2749/2749/2648 2750/2750/2649
f 2686/2686/2586 2685/2685/2585 2751/2751/2650
f 2685/2685/2585 2750/2750/2649 2751/2751/2650
f 2687/2687/2587 2686/2686/2586 2752/2752/2651
f 2686/2686/2586 2751/2751/2650 2752/2752/2651
f 2688/2688/2588 2687/2687/2587 2753/2753/2652
f 2687/2687/2587 2752/2752/2651 2753/2753/2652
f 2689/2689/2589 2688/2688/2588 2754/2754/2653
f 2688/2688/2588 2753/2753/2652 2754/2754/2653
f 2690/2690/2590 2689/2689/2589 2755/2755/2654
f 2689/2689/2589 2754/2754/2653 2755/2755/2654
f 2691/2691/2591 2690/2690/2590 2756/2756/2655
f 2690/2690/2590 2755/2755/2654 2756/2756/2655
f 2692/2692/2592 2691/2691/2591 2757/2757/2656
f 2691/2691/2591 2756/2756/2655 2757/2757/2656
f 2693/2693/2593 2692/2692/2592 2758/2758/2657
f 2692/2692/2592 2757/2757/2656 2758/2758/2657
f 2694/2694/2594 2693/2693/2593 2759/2759/2658
f 2693/2693/2593 2758/2758/2657 2759/2759/2658
f 2695/2695/2595 2694/2694/2594 2760/2760/2659
f 2694/2694/2594 2759/2759/2658 2760/2760/2659
f 2696/2696/2596 2695/2695/2595 2761/2761/2660
f 2695/2695/2595 2760/2760/2659 2761/2761/2660
f 2697/2697/2597 2696/2696/2596 2762/2762/2661
f 2696/2696/2596 2761/2761/2660 2762/2762/2661
f 2698/2698/2598 2697/2697/2597 2763/2763/2662
f 2697/2697/2597 2762/2762/2661 2763/2763/2662
f 2699/2699/2599 2698/2698/2598 2764/2764/2663
f 2698/2698/2598 2763/2763/2662 2764/2764/2663
f 2700/2700/2600 2699/2699/2599 2765/2765/2664
f 2699/2699/2599 2764/2764/2663 2765/2765/2664
f 2701/2701/2601 2700/2700/2600 2766/2766/2665
f 2700/2700/2600 2765/2765/2664 2766/2766/2665
f 2702/2702/2602 2701/2701/2601 2767/2767/2666
f 2701/2701/2601 2766/2766/2665 2767/2767/2666
f 2703/2703/2603 2702/2702/2602 2768/2768/2667
f 2702/2702/2602 2767/2767/2666 2768/2768/2667
f 2704/2704/2604 2703/2703/2603 2769/2769/2668
f 2703/2703/2603 2768/2768/2667 2769/2769/2668
f 2705/2705/2605 2704/2704/2604 2770/2770/2669
f 2704/2704/2604 2769/2769/2668 2770/2770/2669
f 2706/2706/2606 2705/2705/2605 2771/2771/2670
f 2705/2705/2605 2770/2770/2669 2771/2771/2670
f 2707/2707/2607 2706/2706/2606 2772/2772/2671
f 2706/2706/2606 2771/2771/2670 2772/2772/2671
f 2708/2708/2608 2707/2707/2607 2773/2773/2672
f 2707/2707/2607 2772/2772/2671 2773/2773/2672
f 2709/2709/2609 2708/2708/2608 2774/2774/2673
f 2708/2708/2608 2773/2773/2672 2774/2774/2673
f 2710/2710/2610 2709/2709/2609 2775/2775/2674
f 2709/2709/2609 2774/2774/2673 2775/2775/2674
f 2711/2711/2611 2710/2710/2610 2776/2776/2675
f 2710/2710/2610 2775/2775/2674 2776/2776/2675
f 2712/2712/2612 2711/2711/2611 2777/2777/2676
f 2711/2711/2611 2776/2776/2675 2777/2777/2676
f 2713/2713/2613 2712/2712/2612 2778/2778/2677
f 2712/2712/2612 2777/2777/2676 2778/2778/2677
f 2714/2714/2614 2713/2713/2613 2779/2779/2678
f 2713/2713/2613 2778/2778/2677 2779/2779/2678
f 2715/2715/2615 2714/2714/2614 2780/2780/2679
f 2714/2714/2614 2779/2779/2678 2780/2780/2679
f 2716/2716/2616 2715/2715/2615 2781/2781/2680
f 2715/2715/2615 2780/2780/2679 2781/2781/2680
f 2717/2717/2617 2716/2716/2616 2782/2782/2681
f 2716/2716/2616 2781/2781/2680 2782/2782/2681
f 2718/2718/2618 2717/2717/2617 2783/2783/2682
f 2717/2717/2617 2782/2782/2681 2783/2783/2682
f 2719/2719/2619 2718/2718/2618 2784/2784/2683
f 2718/2718/2618 2783/2783/2682 2784/2784/2683
f 2720/2720/2620 2719/2719/2619 2785/2785/2684
f 2719/2719/2619 2784/2784/2683 2785/2785/2684
f 2721/2721/2621 2720/2720/2620 2786/2786/2685
f 2720/2720/2620 2785/2785/2684 2786/2786/2685
f 2722/2722/2622 2721/2721/2621 2787/2787/2686
f 2721/2721/2621 2786/2786/2685 2787/2787/2686
f 2723/2723/2623 2722/2722/2622 2788/2788/2687
f 2722/2722/2622 2787/2787/2686 2788/2788/2687
f 2724/2724/2624 2723/2723/2623 2789/2789/2688
f 2723/2723/2623 2788/2788/2687 2789/2789/2688
f 2725/2725/2625 2724/2724/2624 2790/2790/2689
f 2724/2724/2624 2789/2789/2688 2790/2790/2689
f 2726/2726/2626 2725/2725/2625 2791/2791/2690
f 2725/2725/2625 2790/2790/2689 2791/2791/2690
f 2727/2727/2627 2726/2726/2626 2792/2792/2691
f 2726/2726/2626 2791/2791/2690 2792/2792/2691
f 2728/2728/2628 2727/2727/2627 2793/2793/2692
f 2727/2727/2627 2792/2792/2691 2793/2793/2692
f 2729/2729/2566 2728/2728/2628 2794/2794/2630
f 2728/2728/2628 2793/2793/2692 2794/2794/2630
f 2730/2730/2629 2731/2731/2630 2795/2795/2693
f 2731/2731/2630 2796/2796/2694 2795/2795/2693
f 2732/2732/2631 2730/2730/2629 2797/2797/2695
f 2730/2730/2629 2795/2795/2693 2797/2797/2695
f 2733/2733/2632 2732/2732/2631 2798/2798/2696
f 2732/2732/2631 2797/2797/2695 2798/2798/2696
f 2734/2734/2633 2733/2733/2632 2799/2799/2697
f 2733/2733/2632 2798/2798/2696 2799/2799/2697
f 2735/2735/2634 2734/2734/2633 2800/2800/2698
f 2734/2734/2633 2799/2799/2697 2800/2800/2698
f 2736/2736/2635 2735/2735/2634 2801/2801/2699
f 2735/2735/2634 2800/2800/2698 2801/2801/2699
f 2737/2737/2636 2736/2736/2635 2802/2802/2700
f 2736/2736/2635 2801/2801/2699 2802/2802/2700
f 2738/2738/2637 2737/2737/2636 2803/2803/2701
f 2737/2737/2636 2802/2802/2700 2803/2803/2701
f 2739/2739/2638 2738/2738/2637 2804/2804/2702
f 2738/2738/2637 2803/2803/2701 2804/2804/2702
f 2740/2740/2639 2739/2739/2638 2805/2805/2703
f 2739/2739/2638 2804/2804/2702 2805/2805/2703
f 2741/2741/2640 2740/2740/2639 2806/2806/2704
f 2740/2740/2639 2805/2805/2703 2806/2806/2704
f 2742/2742/2641 2741/2741/2640 2807/2807/2705
f 2741/2741/2640 2806/2806/2704 2807/2807/2705
f 2743/2743/2642 2742/2742/2641 2808/2808/2706
f 2742/2742/2641 2807/2807/2705 2808/2808/2706
f 2744/2744/2643 2743/2743/2642 2809/2809/2707
f 2743/2743/2642 2808/2808/2706 2809/2809/2707
f 2745/2745/2644 2744/2744/2643 2810/2810/2708
f 2744/2744/2643 2809/2809/2707 2810/2810/2708
f 2746/2746/2645 2745/2745/2644 2811/2811/2709
f 2745/2745/2644 2810/2810/2708 2811/2811/2709
f 2747/2747/2646 2746/2746/2645 2812/2812/2710
f 2746/2746/2645 2811/2811/2709 2812/2812/2710
f 2748/2748/2647 2747/2747/2646 2813/2813/2711
f 2747/2747/2646 2812/2812/2710 2813/2813/2711
f 2749/2749/2648 2748/2748/2647 2814/2814/2712
f 2748/2748/2647 2813/2813/2711 2814/2814/2712
f 2750/2750/2649 2749/2749/2648 2815/2815/2713
f 2749/2749/2648 2814/2814/2712 2815/2815/2713
f 2751/2751/2650 2750/2750/2649 2816/2816/2714
f 2750/2750/2649 2815/2815/2713 2816/2816/2714
f 2752/2752/2651 2751/2751/2650 2817/2817/2715
f 2751/2751/2650 2816/2816/2714 2817/2817/2715
f 2753/2753/2652 2752/2752/2651 2818/2818/2716
f 2752/2752/2651 2817/2817/2715 2818/2818/2716
f 2754/2754/2653 2753/2753/2652 2819/2819/2717
f 2753/2753/2652 2818/2818/2716 2819/2819/2717
f 2755/2755/2654 2754/2754/2653 2820/2820/2718
f 2754/2754/2653 2819/2819/2717 2820/2820/2718
f 2756/2756/2655 2755/2755/2654 2821/2821/2719
f 2755/2755/2654 2820/2820/2718 2821/2821/2719
f 2757/2757/2656 2756/2756/2655 2822/2822/2720
f 2756/2756/2655 2821/2821/2719 2822/2822/2720
f 2758/2758/2657 2757/2757/2656 2823/2823/2721
f 2757/2757/2656 2822/2822/2720 2823/2823/2721
f 2759/2759/2658 2758/2758/2657 2824/2824/2722
f 2758/2758/2657 2823/2823/2721 2824/2824/2722
f 2760/2760/2659 2759/2759/2658 2825/2825/2723
f 2759/2759/2658 2824/2824/2722 2825/2825/2723
f 2761/2761/2660 2760/2760/2659 2826/2826/2724
f 2760/2760/2659 2825/2825/2723 2826/2826/2724
f 2762/2762/2661 2761/2761/2660 2827/2827/2725
f 2761/2761/2660 2826/2826/2724 2827/2827/2725
f 2763/2763/2662 2762/2762/2661 2828/2828/2726
f 2762/2762/2661 2827/2827/2725 2828/2828/2726
f 2764/2764/2663 2763/2763/2662 2829/2829/2727
f 2763/2763/2662 2828/2828/2726 2829/2829/2727
f 2765/2765/2664 2764/2764/2663 2830/2830/2728
f 2764/2764/2663 2829/2829/2727 2830/2830/2728
f 2766/2766/2665 2765/2765/2664 2831/2831/2729
f 2765/2765/2664 2830/2830/2728 2831/2831/2729
f 2767/2767/2666 2766/2766/2665 2832/2832/2730
f 2766/2766/2665 2831/2831/2729 2832/2832/2730
f 2768/2768/2667 2767/2767/2666 2833/2833/2731
f 2767/2767/2666 2832/2832/2730 2833/2833/2731
f 2769/2769/2668 2768/2768/2667 2834/2834/2732
f 2768/2768/2667 2833/2833/2731 2834/2834/2732
f 2770/2770/2669 2769/2769/2668 2835/2835/2733
f 2769/2769/2668 2834/2834/2732 2835/2835/2733
f 2771/2771/2670 2770/2770/2669 2836/2836/2734
f 2770/2770/2669 2835/2835/2733 2836/2836/2734
f 2772/2772/2671 2771/2771/2670 2837/2837/2735
f 2771/2771/2670 2836/2836/2734 2837/2837/2735
f 2773/2773/2672 2772/2772/2671 2838/2838/2736
f 2772/2772/2671 2837/2837/2735 2838/2838/2736
f 2774/2774/2673 2773/2773/2672 2839/2839/2737
f 2773/2773/2672 2838/2838/2736 2839/2839/2737
f 2775/2775/2674 2774/2774/2673 2840/2840/2738
f 2774/2774/2673 2839/2839/2737 2840/2840/2738
f 2776/2776/2675 2775/2775/2674 2841/2841/2739
f 2775/2775/2674 2840/2840/2738 2841/2841/2739
f 2777/2777/2676 2776/2776/2675 2842/2842/2740
f 2776/2776/2675 2841/2841/2739 2842/2842/2740
f 2778/2778/2677 2777/2777/2676 2843/2843/2741
f 2777/2777/2676 2842/2842/2740 2843/2843/2741
f 2779/2779/2678 2778/2778/2677 2844/2844/2742
f 2778/2778/2677 2843/2843/2741 2844/2844/2742
f 2780/2780/2679 2779/2779/2678 2845/2845/2743
f 2779/2779/2678 2844/2844/2742 2845/2845/2743
f 2781/2781/2680 2780/2780/2679 2846/2846/2744
f 2780/2780/2679 2845/2845/2743 2846/2846/2744
f 2782/2782/2681 2781/2781/2680 2847/2847/2745
f 2781/2781/2680 2846/2846/2744 2847/2847/2745
f 2783/2783/2682 2782/2782/2681 2848/2848/2746
f 2782/2782/2681 2847/2847/2745 2848/2848/2746
f 2784/2784/2683 2783/2783/2682 2849/2849/2747
f 2783/2783/2682 2848/2848/2746 2849/2849/2747
f 2785/2785/2684 2784/2784/2683 2850/2850/2748
f 2784/2784/2683 2849/2849/2747 2850/2850/2748
f 2786/2786/2685 2785/2785/2684 2851/2851/2749
f 2785/2785/2684 2850/2850/2748 2851/2851/2749
f 2787/2787/2686 2786/2786/2685 2852/2852/2750
f 2786/2786/2685 2851/2851/2749 2852/2852/2750
f 2788/2788/2687 2787/2787/2686 2853/2853/2751
f 2787/2787/2686 2852/2852/2750 2853/2853/2751
f 2789/2789/2688 2788/2788/2687 2854/2854/2752
f 2788/2788/2687 2853/2853/2751 2854/2854/2752
f 2790/2790/2689 2789/2789/2688 2855/2855/2753
f 2789/2789/2688 2854/2854/2752 2855/2855/2753
f 2791/2791/2690 2790/2790/2689 2856/2856/2754
f 2790/2790/2689 2855/2855/2753 2856/2856/2754
f 2792/2792/2691 2791/2791/2690 2857/2857/2755
f 2791/2791/2690 2856/2856/2754 2857/2857/2755
f 2793/2793/2692 2792/2792/2691 2858/2858/2756
f 2792/2792/2691 2857/2857/2755 2858/2858/2756
f 2794/2794/2630 2793/2793/2692 2859/2859/2694
f 2793/2793/2692 2858/2858/2756 2859/2859/2694
f 2795/2795/2693 2796/2796/2694 2860/2860/2757
f 2796/2796/2694 2861/2861/2758 2860/2860/2757
f 2797/2797/2695 2795/2795/2693 2862/2862/2759
f 2795/2795/2693 2860/2860/2757 2862/2862/2759
f 2798/2798/2696 2797/2797/2695 2863/2863/2760
f 2797/2797/2695 2862/2862/2759 2863/2863/2760
f 2799/2799/2697 2798/2798/2696 2864/2864/2761
f 2798/2798/2696 2863/2863/2760 2864/2864/2761
f 2800/2800/2698 2799/2799/2697 2865/2865/2762
f 2799/2799/2697 2864/2864/2761 2865/2865/2762
f 2801/2801/2699 2800/2800/2698 2866/2866/2763
f 2800/2800/2698 2865/2865/2762 2866/2866/2763
f 2802/2802/2700 2801/2801/2699 2867/2867/2764
f 2801/2801/2699 2866/2866/2763 2867/2867/2764
f 2803/2803/2701 2802/2802/2700 2868/2868/2765
f 2802/2802/2700 2867/2867/2764 2868/2868/2765
f 2804/2804/2702 2803/2803/2701 2869/2869/2766
f 2803/2803/2701 2868/2868/2765 2869/2869/2766
f 2805/2805/2703 2804/2804/2702 2870/2870/2767
f 2804/2804/2702 2869/2869/2766 2870/2870/2767
f 2806/2806/2704 2805/2805/2703 2871/2871/2768
f 2805/2805/2703 2870/2870/2767 2871/2871/2768
f 2807/2807/2705 2806/2806/2704 2872/2872/2769
f 2806/2806/2704 2871/2871/2768 2872/2872/2769
f 2808/2808/2706 2807/2807/2705 2873/2873/2770
f 2807/2807/2705 2872/2872/2769 2873/2873/2770
f 2809/2809/2707 2808/2808/2706 2874/2874/2771
f 2808/2808/2706 2873/2873/2770 2874/2874/2771
f 2810/2810/2708 2809/2809/2707 2875/2875/2772
f 2809/2809/2707 2874/2874/2771 2875/2875/2772
f 2811/2811/2709 2810/2810/2708 2876/2876/2773
f 2810/2810/2708 2875/2875/2772 2876/2876/2773
f 2812/2812/2710 2811/2811/2709 2877/2877/2774
f 2811/2811/2709 2876/2876/2773 2877/2877/2774
f 2813/2813/2711 2812/2812/2710 2878/2878/2775
f 2812/2812/2710 2877/2877/2774 2878/2878/2775
f 2814/2814/2712 2813/2813/2711 2879/2879/2776
f 2813/2813/2711 2878/2878/2775 2879/2879/2776
f 2815/2815/2713 2814/2814/2712 2880/2880/2777
f 2814/2814/2712 2879/2879/2776 2880/2880/2777
f 2816/2816/2714 2815/2815/2713 2881/2881/2778
f 2815/2815/2713 2880/2880/2777 2881/2881/2778
f 2817/2817/2715 2816/2816/2714 2882/2882/2779
f 2816/2816/2714 2881/2881/2778 2882/2882/2779
f 2818/2818/2716 2817/2817/2715 2883/2883/2780
f 2817/2817/2715 2882/2882/2779 2883/2883/2780
f 2819/2819/2717 2818/2818/2716 2884/2884/2781
f 2818/2818/2716 2883/2883/2780 2884/2884/2781
f 2820/2820/2718 2819/2819/2717 2885/2885/2782
f 2819/2819/2717 2884/2884/2781 2885/2885/2782
f 2821/2821/2719 2820/2820/2718 2886/2886/2783
f 2820/2820/2718 2885/2885/2782 2886/2886/2783
f 2822/2822/2720 2821/2821/2719 2887/2887/2784
f 2821/2821/2719 2886/2886/2783 2887/2887/2784
f 2823/2823/2721 2822/2822/2720 2888/2888/2785
f 2822/2822/2720 2887/2887/2784 2888/2888/2785
f 2824/2824/2722 2823/2823/2721 2889/2889/2786
f 2823/2823/2721 2888/2888/2785 2889/2889/2786
f 2825/2825/2723 2824/2824/2722 2890/2890/2787
f 2824/2824/2722 2889/2889/2786 2890/2890/2787
f 2826/2826/2724 2825/2825/2723 2891/2891/2788
f 2825/2825/2723 2890/2890/2787 2891/2891/2788
f 2827/2827/2725 2826/2826/2724 2892/2892/2789
f 2826/2826/2724 2891/2891/2788 2892/2892/2789
f 2828/2828/2726 2827/2827/2725 2893/2893/2790
f 2827/2827/2725 2892/2892/2789 2893/2893/2790
f 2829/2829/2727 2828/2828/2726 2894/2894/2791
f 2828/2828/2726 2893/2893/2790 2894/2894/2791
f 2830/2830/2728 2829/2829/2727 2895/2895/2792
f 2829/2829/2727 2894/2894/2791 2895/2895/2792
f 2831/2831/2729 2830/2830/2728 2896/2896/2793
f 2830/2830/2728 2895/2895/2792 2896/2896/2793
f 2832/2832/2730 2831/2831/2729 2897/2897/2794
f 2831/2831/2729 2896/2896/2793 2897/2897/2794
f 2833/2833/2731 2832/2832/2730 2898/2898/2795
f 2832/2832/2730 2897/2897/2794 2898/2898/2795
f 2834/2834/2732 2833/2833/2731 2899/2899/2796
f 2833/2833/2731 2898/2898/2795 2899/2899/2796
f 2835/2835/2733 2834/2834/2732 2900/2900/2797
f 2834/2834/2732 2899/2899/2796 2900/2900/2797
f 2836/2836/2734 2835/2835/2733 2901/2901/2798
f 2835/2835/2733 2900/2900/2797 2901/2901/2798
f 2837/2837/2735 2836/2836/2734 2902/2902/2799
f 2836/2836/2734 2901/2901/2798 2902/2902/2799
f 2838/2838/2736 2837/2837/2735 2903/2903/2800
f 2837/2837/2735 2902/2902/2799 2903/2903/2800
f 2839/2839/2737 2838/2838/2736 2904/2904/2801
f 2838/2838/2736 2903/2903/2800 2904/2904/2801
f 2840/2840/2738 2839/2839/2737 2905/2905/2802
f 2839/2839/2737 2904/2904/2801 2905/2905/2802
f 2841/2841/2739 2840/2840/2738 2906/2906/2803
f 2840/2840/2738 2905/2905/2802 2906/2906/2803
f 2842/2842/2740 2841/2841/2739 2907/2907/2804
f 2841/2841/2739 2906/2906/2803 2907/2907/2804
f 2843/2843/2741 2842/2842/2740 2908/2908/2805
f 2842/2842/2740 2907/2907/2804 2908/2908/2805
f 2844/2844/2742 2843/2843/2741 2909/2909/2806
f 2843/2843/2741 2908/2908/2805 2909/2909/2806
f 2845/2845/2743 2844/2844/2742 2910/2910/2807
f 2844/2844/2742 2909/2909/2806 2910/2910/2807
f 2846/2846/2744 2845/2845/2743 2911/2911/2808
f 2845/2845/2743 2910/2910/2807 2911/2911/2808
f 2847/2847/2745 2846/2846/2744 2912/2912/2809
f 2846/2846/2744 2911/2911/2808 2912/2912/2809
f 2848/2848/2746 2847/2847/2745 2913/2913/2810
f 2847/2847/2745 2912/2912/2809 2913/2913/2810
f 2849/2849/2747 2848/2848/2746 2914/2914/2811
f 2848/2848/2746 2913/2913/2810 2914/2914/2811
f 2850/2850/2748 2849/2849/2747 2915/2915/2812
f 2849/2849/2747 2914/2914/2811 2915/2915/2812
f 2851/2851/2749 2850/2850/2748 2916/2916/2813
f 2850/2850/2748 2915/2915/2812 2916/2916/2813
f 2852/2852/2750 2851/2851/2749 2917/2917/2814
f 2851/2851/2749 2916/2916/2813 2917/2917/2814
f 2853/2853/2751 2852/2852/2750 2918/2918/2815
f 2852/2852/2750 2917/2917/2814 2918/2918/2815
f 2854/2854/2752 2853/2853/2751 2919/2919/2816
f 2853/2853/2751 2918/2918/2815 2919/2919/2816
f 2855/2855/2753 2854/2854/2752 2920/2920/2817
f 2854/2854/2752 2919/2919/2816 2920/2920/2817
f 2856/2856/2754 2855/2855/2753 2921/2921/2818
f 2855/2855/2753 2920/2920/2817 2921/2921/2818
f 2857/2857/2755 2856/2856/2754 2922/2922/2819
f 2856/2856/2754 2921/2921/2818 2922/2922/2819
f 2858/2858/2756 2857/2857/2755 2923/2923/2820
f 2857/2857/2755 2922/2922/2819 2923/2923/2820
f 2859/2859/2694 2858/2858/2756 2924/2924/2758
f 2858/2858/2756 2923/2923/2820 2924/2924/2758
f 2860/2860/2757 2861/2861/2758 2925/2925/2821
f 2861/2861/2758 2926/2926/2822 2925/2925/2821
f 2862/2862/2759 2860/2860/2757 2927/2927/2823
f 2860/2860/2757 2925/2925/2821 2927/2927/2823
f 2863/2863/2760 2862/2862/2759 2928/2928/2824
f 2862/2862/2759 2927/2927/2823 2928/2928/2824
f 2864/2864/2761 2863/2863/2760 2929/2929/2825
f 2863/2863/2760 2928/2928/2824 2929/2929/2825
f 2865/2865/2762 2864/2864/2761 2930/2930/2826
f 2864/2864/2761 2929/2929/2825 2930/2930/2826
f 2866/2866/2763 2865/2865/2762 2931/2931/2827
f 2865/2865/2762 2930/2930/2826 2931/2931/2827
f 2867/2867/2764 2866/2866/2763 2932/2932/2828
f 2866/2866/2763 2931/2931/2827 2932/2932/2828
f 2868/2868/2765 2867/2867/2764 2933/2933/2829
f 2867/2867/2764 2932/2932/2828 2933/2933/2829
f 2869/2869/2766 2868/2868/2765 2934/2934/2830
f 2868/2868/2765 2933/2933/2829 2934/2934/2830
f 2870/2870/2767 2869/2869/2766 2935/2935/2831
f 2869/2869/2766 2934/2934/2830 2935/2935/2831
f 2871/2871/2768 2870/2870/2767 2936/2936/2832
f 2870/2870/2767 2935/2935/2831 2936/2936/2832
f 2872/2872/2769 2871/2871/2768 2937/2937/2833
f 2871/2871/2768 2936/2936/2832 2937/2937/2833
f 2873/2873/2770 2872/2872/2769 2938/2938/2834
f 2872/2872/2769 2937/2937/2833 2938/2938/2834
f 2874/2874/2771 2873/2873/2770 2939/2939/2835
f 2873/2873/2770 2938/2938/2834 2939/2939/2835
f 2875/2875/2772 2874/2874/2771 2940/2940/2836
f 2874/2874/2771 2939/2939/2835 2940/2940/2836
f 2876/2876/2773 2875/2875/2772 2941/2941/2837
f 2875/2875/2772 2940/2940/2836 2941/2941/2837
f 2877/2877/2774 2876/2876/2773 2942/2942/2838
f 2876/2876/2773 2941/2941/2837 2942/2942/2838
f 2878/2878/2775 2877/2877/2774 2943/2943/2839
f 2877/2877/2774 2942/2942/2838 2943/2943/2839
f 2879/2879/2776 2878/2878/2775 2944/2944/2840
f 2878/2878/2775 2943/2943/2839 2944/2944/2840
f 2880/2880/2777 2879/2879/2776 2945/2945/2841
f 2879/2879/2776 2944/2944/2840 2945/2945/2841
f 2881/2881/2778 2880/2880/2777 2946/2946/2842
f 2880/2880/2777 2945/2945/2841 2946/2946/2842
f 2882/2882/2779 2881/2881/2778 2947/2947/2843
f 2881/2881/2778 2946/2946/2842 2947/2947/2843
f 2883/2883/2780 2882/2882/2779 2948/2948/2844
f 2882/2882/2779 2947/2947/2843 2948/2948/2844
f 2884/2884/2781 2883/2883/2780 2949/2949/2845
f 2883/2883/2780 2948/2948/2844 2949/2949/2845
f 2885/2885/2782 2884/2884/2781 2950/2950/2846
f 2884/2884/2781 2949/2949/2845 2950/2950/2846
f 2886/2886/2783 2885/2885/2782 2951/2951/2847
f 2885/2885/2782 2950/2950/2846 2951/2951/2847
f 2887/2887/2784 2886/2886/2783 2952/2952/2848
f 2886/2886/2783 2951/2951/2847 2952/2952/2848
f 2888/2888/2785 2887/2887/2784 2953/2953/2849
f 2887/2887/2784 2952/2952/2848 2953/2953/2849
f 2889/2889/2786 2888/2888/2785 2954/2954/2850
f 2888/2888/2785 2953/2953/2849 2954/2954/2850
f 2890/2890/2787 2889/2889/2786 2955/2955/2851
f 2889/2889/2786 2954/2954/2850 2955/2955/2851
f 2891/2891/2788 2890/2890/2787 2956/2956/2852
f 2890/2890/2787 2955/2955/2851 2956/2956/2852
f 2892/2892/2789 2891/2891/2788 2957/2957/2853
f 2891/2891/2788 2956/2956/2852 2957/2957/2853
f 2893/2893/2790 2892/2892/2789 2958/2958/2854
f 2892/2892/2789 2957/2957/2853 2958/2958/2854
f 2894/2894/2791 2893/2893/2790 2959/2959/2855
f 2893/2893/2790 2958/2958/2854 2959/2959/2855
f 2895/2895/2792 2894/2894/2791 2960/2960/2856
f 2894/2894/2791 2959/2959/2855 2960/2960/2856
f 2896/2896/2793 2895/2895/2792 2961/2961/2857
f 2895/2895/2792 2960/2960/2856 2961/2961/2857
f 2897/2897/2794 2896/2896/2793 2962/2962/2858
f 2896/2896/2793 2961/2961/2857 2962/2962/2858
f 2898/2898/2795 2897/2897/2794 2963/2963/2859
f 2897/2897/2794 2962/2962/2858 2963/2963/2859
f 2899/2899/2796 2898/2898/2795 2964/2964/2860
f 2898/2898/2795 2963/2963/2859 2964/2964/2860
f 2900/2900/2797 2899/2899/2796 2965/2965/2861
f 2899/2899/2796 2964/2964/2860 2965/2965/2861
f 2901/2901/2798 2900/2900/2797 2966/2966/2862
f 2900/2900/2797 2965/2965/2861 2966/2966/2862
f 2902/2902/2799 2901/2901/2798 2967/2967/2863
f 2901/2901/2798 2966/2966/2862 2967/2967/2863
f 2903/2903/2800 2902/2902/2799 2968/2968/2864
f 2902/2902/2799 2967/2967/2863 2968/2968/2864
f 2904/2904/2801 2903/2903/2800 2969/2969/2865
f 2903/2903/2800 2968/2968/2864 2969/2969/2865
f 2905/2905/2802 2904/2904/2801 2970/2970/2866
f 2904/2904/2801 2969/2969/2865 2970/2970/2866
f 2906/2906/2803 2905/2905/2802 2971/2971/2867
f 2905/2905/2802 2970/2970/2866 2971/2971/2867
f 2907/2907/2804 2906/2906/2803 2972/2972/2868
f 2906/2906/2803 2971/2971/2867 2972/2972/2868
f 2908/2908/2805 2907/2907/2804 2973/2973/2869
f 2907/2907/2804 2972/2972/2868 2973/2973/2869
f 2909/2909/2806 2908/2908/2805 2974/2974/2870
f 2908/2908/2805 2973/2973/2869 2974/2974/2870
f 2910/2910/2807 2909/2909/2806 2975/2975/2871
f 2909/2909/2806 2974/2974/2870 2975/2975/2871
f 2911/2911/2808 2910/2910/2807 2976/2976/2872
f 2910/2910/2807 2975/2975/2871 2976/2976/2872
f 2912/2912/2809 2911/2911/2808 2977/2977/2873
f 2911/2911/2808 2976/2976/2872 2977/2977/2873
f 2913/2913/2810 2912/2912/2809 2978/2978/2874
f 2912/2912/2809 2977/2977/2873 2978/2978/2874
f 2914/2914/2811 2913/2913/2810 2979/2979/2875
f 2913/2913/2810 2978/2978/2874 2979/2979/2875
f 2915/2915/2812 2914/2914/2811 2980/2980/2876
f 2914/2914/2811 2979/2979/2875 2980/2980/2876
f 2916/2916/2813 2915/2915/2812 2981/2981/2877
f 2915/2915/2812 2980/2980/2876 2981/2981/2877
f 2917/2917/2814 2916/2916/2813 2982/2982/2878
f 2916/2916/2813 2981/2981/2877 2982/2982/2878
f 2918/2918/2815 2917/2917/2814 2983/2983/2879
f 2917/2917/2814 2982/2982/2878 2983/2983/2879
f 2919/2919/2816 2918/2918/2815 2984/2984/2880
f 2918/2918/2815 2983/2983/2879 2984/2984/2880
f 2920/2920/2817 2919/2919/2816 2985/2985/2881
f 2919/2919/2816 2984/2984/2880 2985/2985/2881
f 2921/2921/2818 2920/2920/2817 2986/2986/2882
f 2920/2920/2817 2985/2985/2881 2986/2986/2882
f 2922/2922/2819 2921/2921/2818 2987/2987/2883
f 2921/2921/2818 2986/2986/2882 2987/2987/2883
f 2923/2923/2820 2922/2922/2819 2988/2988/2884
f 2922/2922/2819 2987/2987/2883 2988/2988/2884
f 2924/2924/2758 2923/2923/2820 2989/2989/2822
f 2923/2923/2820 2988/2988/2884 2989/2989/2822
f 2925/2925/2821 2926/2926/2822 2990/2990/2885
f 2926/2926/2822 2991/2991/2886 2990/2990/2885
f 2927/2927/2823 2925/2925/2821 2992/2992/2887
f 2925/2925/2821 2990/2990/2885 2992/2992/2887
f 2928/2928/2824 2927/2927/2823 2993/2993/2888
f 2927/2927/2823 2992/2992/2887 2993/2993/2888
f 2929/2929/2825 2928/2928/2824 2994/2994/2889
f 2928/2928/2824 2993/2993/2888 2994/2994/2889
f 2930/2930/2826 2929/2929/2825 2995/2995/2890
f 2929/2929/2825 2994/2994/2889 2995/2995/2890
f 2931/2931/2827 2930/2930/2826 2996/2996/2891
f 2930/2930/2826 2995/2995/2890 2996/2996/2891
f 2932/2932/2828 2931/2931/2827 2997/2997/2892
f 2931/2931/2827 2996/2996/2891 2997/2997/2892
f 2933/2933/2829 2932/2932/2828 2998/2998/2893
f 2932/2932/2828 2997/2997/2892 2998/2998/2893
f 2934/2934/2830 2933/2933/2829 2999/2999/2894
f 2933/2933/2829 2998/2998/2893 2999/2999/2894
f 2935/2935/2831 2934/2934/2830 3000/3000/2895
f 2934/2934/2830 2999/2999/2894 3000/3000/2895
f 2936/2936/2832 2935/2935/2831 3001/3001/2896
f 2935/2935/2831 3000/3000/2895 3001/3001/2896
f 2937/2937/2833 2936/2936/2832 3002/3002/2897
f 2936/2936/2832 3001/3001/2896 3002/3002/2897
f 2938/2938/2834 2937/2937/2833 3003/3003/2898
f 2937/2937/2833 3002/3002/2897 3003/3003/2898
f 2939/2939/2835 2938/2938/2834 3004/3004/2899
f 2938/2938/2834 3003/3003/2898 3004/3004/2899
f 2940/2940/2836 2939/2939/2835 3005/3005/2900
f 2939/2939/2835 3004/3004/2899 3005/3005/2900
f 2941/2941/2837 2940/2940/2836 3006/3006/2901
f 2940/2940/2836 3005/3005/2900 3006/3006/2901
f 2942/2942/2838 2941/2941/2837 3007/3007/2902
f 2941/2941/2837 3006/3006/2901 3007/3007/2902
f 2943/2943/2839 2942/2942/2838 3008/3008/2903
f 2942/2942/2838 3007/3007/2902 3008/3008/2903
f 2944/2944/2840 2943/2943/2839 3009/3009/2904
f 2943/2943/2839 3008/3008/2903 3009/3009/2904
f 2945/2945/2841 2944/2944/2840 3010/3010/2905
f 2944/2944/2840 3009/3009/2904 3010/3010/2905
f 2946/2946/2842 2945/2945/2841 3011/3011/2906
f 2945/2945/2841 3010/3010/2905 3011/3011/2906
f 2947/2947/2843 2946/2946/2842 3012/3012/2907
f 2946/2946/2842 3011/3011/2906 3012/3012/2907
f 2948/2948/2844 2947/2947/2843 3013/3013/2908
f 2947/2947/2843 3012/3012/2907 3013/3013/2908
f 2949/2949/2845 2948/2948/2844 3014/3014/2909
f 2948/2948/2844 3013/3013/2908 3014/3014/2909
f 2950/2950/2846 2949/2949/2845 3015/3015/2910
f 2949/2949/2845 3014/3014/2909 3015/3015/2910
f 2951/2951/2847 2950/2950/2846 3016/3016/2911
f 2950/2950/2846 3015/3015/2910 3016/3016/2911
f 2952/2952/2848 2951/2951/2847 3017/3017/2912
f 2951/2951/2847 3016/3016/2911 3017/3017/2912
f 2953/2953/2849 2952/2952/2848 3018/3018/2913
f 2952/2952/2848 3017/3017/2912 3018/3018/2913
f 2954/2954/2850 2953/2953/2849 3019/3019/2914
f 2953/2953/2849 3018/3018/2913 3019/3019/2914
f 2955/2955/2851 2954/2954/2850 3020/3020/2915
f 2954/2954/2850 3019/3019/2914 3020/3020/2915
f 2956/2956/2852 2955/2955/2851 3021/3021/2916
f 2955/2955/2851 3020/3020/2915 3021/3021/2916
f 2957/2957/2853 2956/2956/2852 3022/3022/2917
f 2956/2956/2852 3021/3021/2916 3022/3022/2917
f 2958/2958/2854 2957/2957/2853 3023/3023/2918
f 2957/2957/2853 3022/3022/2917 3023/3023/2918
f 2959/2959/2855 2958/2958/2854 3024/3024/2919
f 2958/2958/2854 3023/3023/2918 3024/3024/2919
f 2960/2960/2856 2959/2959/2855 3025/3025/2920
f 2959/2959/2855 3024/3024/2919 3025/3025/2920
f 2961/2961/2857 2960/2960/2856 3026/3026/2921
f 2960/2960/2856 3025/3025/2920 3026/3026/2921
f 2962/2962/2858 2961/2961/2857 3027/3027/2922
f 2961/2961/2857 3026/3026/2921 3027/3027/2922
f 2963/2963/2859 2962/2962/2858 3028/3028/2923
f 2962/2962/2858 3027/3027/2922 3028/3028/2923
f 2964/2964/2860 2963/2963/2859 3029/3029/2924
f 2963/2963/2859 3028/3028/2923 3029/3029/2924
f 2965/2965/2861 2964/2964/2860 3030/3030/2925
f 2964/2964/2860 3029/3029/2924 3030/3030/2925
f 2966/2966/2862 2965/2965/2861 3031/3031/2926
f 2965/2965/2861 3030/3030/2925 3031/3031/2926
f 2967/2967/2863 2966/2966/2862 3032/3032/2927
f 2966/2966/2862 3031/3031/2926 3032/3032/2927
f 2968/2968/2864 2967/2967/2863 3033/3033/2928
f 2967/2967/2863 3032/3032/2927 3033/3033/2928
f 2969/2969/2865 2968/2968/2864 3034/3034/2929
f 2968/2968/2864 3033/3033/2928 3034/3034/2929
f 2970/2970/2866 2969/2969/2865 3035/3035/2930
f 2969/2969/2865 3034/3034/2929 3035/3035/2930
f 2971/2971/2867 2970/2970/2866 3036/3036/2931
f 2970/2970/2866 3035/3035/2930 3036/3036/2931
f 2972/2972/2868 2971/2971/2867 3037/3037/2932
f 2971/2971/2867 3036/3036/2931 3037/3037/2932
f 2973/2973/2869 2972/2972/2868 3038/3038/2933
f 2972/2972/2868 3037/3037/2932 3038/3038/2933
f 2974/2974/2870 2973/2973/2869 3039/3039/2934
f 2973/2973/2869 3038/3038/2933 3039/3039/2934
f 2975/2975/2871 2974/2974/2870 3040/3040/2935
f 2974/2974/2870 3039/3039/2934 3040/3040/2935
f 2976/2976/2872 2975/2975/2871 3041/3041/2936
f 2975/2975/2871 3040/3040/2935 3041/3041/2936
f 2977/2977/2873 2976/2976/2872 3042/3042/2937
f 2976/2976/2872 3041/3041/2936 3042/3042/2937
f 2978/2978/2874 2977/2977/2873 3043/3043/2938
f 2977/2977/2873 3042/3042/2937 3043/3043/2938
f 2979/2979/2875 2978/2978/2874 3044/3044/2939
f 2978/2978/2874 3043/3043/2938 3044/3044/2939
f 2980/2980/2876 2979/2979/2875 3045/3045/2940
f 2979/2979/2875 3044/3044/2939 3045/3045/2940
f 2981/2981/2877 2980/2980/2876 3046/3046/2941
f 2980/2980/2876 3045/3045/2940 3046/3046/2941
f 2982/2982/2878 2981/2981/2877 3047/3047/2942
f 2981/2981/2877 3046/3046/2941 3047/3047/2942
f 2983/2983/2879 2982/2982/2878 3048/3048/2943
f 2982/2982/2878 3047/3047/2942 3048/3048/2943
f 2984/2984/2880 2983/2983/2879 3049/3049/2944
f 2983/2983/2879 3048/3048/2943 3049/3049/2944
f 2985/2985/2881 2984/2984/2880 3050/3050/2945
f 2984/2984/2880 3049/3049/2944 3050/3050/2945
f 2986/2986/2882 2985/2985/2881 3051/3051/2946
f 2985/2985/2881 3050/3050/2945 3051/3051/2946
f 2987/2987/2883 2986/2986/2882 3052/3052/2947
f 2986/2986/2882 3051/3051/2946 3052/3052/2947
f 2988/2988/2884 2987/2987/2883 3053/3053/2948
f 2987/2987/2883 3052/3052/2947 3053/3053/2948
f 2989/2989/2822 2988/2988/2884 3054/3054/2886
f 2988/2988/2884 3053/3053/2948 3054/3054/2886
f 2990/2990/2885 2991/2991/2886 3055/3055/2949
f 2991/2991/2886 3056/3056/2950 3055/3055/2949
f 2992/2992/2887 2990/2990/2885 3057/3057/2951
f 2990/2990/2885 3055/3055/2949 3057/3057/2951
f 2993/2993/2888 2992/2992/2887 3058/3058/2952
f 2992/2992/2887 3057/3057/2951 3058/3058/2952
f 2994/2994/2889 2993/2993/2888 3059/3059/2953
f 2993/2993/2888 3058/3058/2952 3059/3059/2953
f 2995/2995/2890 2994/2994/2889 3060/3060/2954
f 2994/2994/2889 3059/3059/2953 3060/3060/2954
f 2996/2996/2891 2995/2995/2890 3061/3061/2955
f 2995/2995/2890 3060/3060/2954 3061/3061/2955
f 2997/2997/2892 2996/2996/2891 3062/3062/2956
f 2996/2996/2891 3061/3061/2955 3062/3062/2956
f 2998/2998/2893 2997/2997/2892 3063/3063/2957
f 2997/2997/2892 3062/3062/2956 3063/3063/2957
f 2999/2999/2894 2998/2998/2893 3064/3064/2958
f 2998/2998/2893 3063/3063/2957 3064/3064/2958
f 3000/3000/2895 2999/2999/2894 3065/3065/2959
f 2999/2999/2894 3064/3064/2958 3065/3065/2959
f 3001/3001/2896 3000/3000/2895 3066/3066/2960
f 3000/3000/2895 3065/3065/2959 3066/3066/2960
f 3002/3002/2897 3001/3001/2896 3067/3067/2961
f 3001/3001/2896 3066/3066/2960 3067/3067/2961
f 3003/3003/2898 3002/3002/2897 3068/3068/2962
f 3002/3002/2897 3067/3067/2961 3068/3068/2962
f 3004/3004/2899 3003/3003/2898 3069/3069/2963
f 3003/3003/2898 3068/3068/2962 3069/3069/2963
f 3005/3005/2900 3004/3004/2899 3070/3070/2964
f 3004/3004/2899 3069/3069/2963 3070/3070/2964
f 3006/3006/2901 3005/3005/2900 3071/3071/2965
f 3005/3005/2900 3070/3070/2964 3071/3071/2965
f 3007/3007/2902 3006/3006/2901 3072/3072/2966
f 3006/3006/2901 3071/3071/2965 3072/3072/2966
f 3008/3008/2903 3007/3007/2902 3073/3073/2967
f 3007/3007/2902 3072/3072/2966 3073/3073/2967
f 3009/3009/2904 3008/3008/2903 3074/3074/2968
f 3008/3008/2903 3073/3073/2967 3074/3074/2968
f 3010/3010/2905 3009/3009/2904 3075/3075/2969
f 3009/3009/2904 3074/3074/2968 3075/3075/2969
f 3011/3011/2906 3010/3010/2905 3076/3076/2970
f 3010/3010/2905 3075/3075/2969 3076/3076/2970
f 3012/3012/2907 3011/3011/2906 3077/3077/2971
f 3011/3011/2906 3076/3076/2970 3077/3077/2971
f 3013/3013/2908 3012/3012/2907 3078/3078/2972
f 3012/3012/2907 3077/3077/2971 3078/3078/2972
f 3014/3014/2909 3013/3013/2908 3079/3079/2973
f 3013/3013/2908 3078/3078/2972 3079/3079/2973
f 3015/3015/2910 3014/3014/2909 3080/3080/2974
f 3014/3014/2909 3079/3079/2973 3080/3080/2974
f 3016/3016/2911 3015/3015/2910 3081/3081/2975
f 3015/3015/2910 3080/3080/2974 3081/3081/2975
f 3017/3017/2912 3016/3016/2911 3082/3082/2976
f 3016/3016/2911 3081/3081/2975 3082/3082/2976
f 3018/3018/2913 3017/3017/2912 3083/3083/2977
f 3017/3017/2912 3082/3082/2976 3083/3083/2977
f 3019/3019/2914 3018/3018/2913 3084/3084/2978
f 3018/3018/2913 3083/3083/2977 3084/3084/2978
f 3020/3020/2915 3019/3019/2914 3085/3085/2979
f 3019/3019/2914 3084/3084/2978 3085/3085/2979
f 3021/3021/2916 3020/3020/2915 3086/3086/2980
f 3020/3020/2915 3085/3085/2979 3086/3086/2980
f 3022/3022/2917 3021/3021/2916 3087/3087/2981
f 3021/3021/2916 3086/3086/2980 3087/3087/2981
f 3023/3023/2918 3022/3022/2917 3088/3088/2982
f 3022/3022/2917 3087/3087/2981 3088/3088/2982
f 3024/3024/2919 3023/3023/2918 3089/3089/2983
f 3023/3023/2918 3088/3088/2982 3089/3089/2983
f 3025/3025/2920 3024/3024/2919 3090/3090/2984
f 3024/3024/2919 3089/3089/2983 3090/3090/2984
f 3026/3026/2921 3025/3025/2920 3091/3091/2985
f 3025/3025/2920 3090/3090/2984 3091/3091/2985
f 3027/3027/2922 3026/3026/2921 3092/3092/2986
f 3026/3026/2921 3091/3091/2985 3092/3092/2986
f 3028/3028/2923 3027/3027/2922 3093/3093/2987
f 3027/3027/2922 3092/3092/2986 3093/3093/2987
f 3029/3029/2924 3028/3028/2923 3094/3094/2988
f 3028/3028/2923 3093/3093/2987 3094/3094/2988
f 3030/3030/2925 3029/3029/2924 3095/3095/2989
f 3029/3029/2924 3094/3094/2988 3095/3095/2989
f 3031/3031/2926 3030/3030/2925 3096/3096/2990
f 3030/3030/2925 3095/3095/2989 3096/3096/2990
f 3032/3032/2927 3031/3031/2926 3097/3097/2991
f 3031/3031/2926 3096/3096/2990 3097/3097/2991
f 3033/3033/2928 3032/3032/2927 3098/3098/2992
f 3032/3032/2927 3097/3097/2991 3098/3098/2992
f 3034/3034/2929 3033/3033/2928 3099/3099/2993
f 3033/3033/2928 3098/3098/2992 3099/3099/2993
f 3035/3035/2930 3034/3034/2929 3100/3100/2994
f 3034/3034/2929 3099/3099/2993 3100/3100/2994
f 3036/3036/2931 3035/3035/2930 3101/3101/2995
f 3035/3035/2930 3100/3100/2994 3101/3101/2995
f 3037/3037/2932 3036/3036/2931 3102/3102/2996
f 3036/3036/2931 3101/3101/2995 3102/3102/2996
f 3038/3038/2933 3037/3037/2932 3103/3103/2997
f 3037/3037/2932 3102/3102/2996 3103/3103/2997
f 3039/3039/2934 3038/3038/2933 3104/3104/2998
f 3038/3038/2933 3103/3103/2997 3104/3104/2998
f 3040/3040/2935 3039/3039/2934 3105/3105/2999
f 3039/3039/2934 3104/3104/2998 3105/3105/2999
f 3041/3041/2936 3040/3040/2935 3106/3106/3000
f 3040/3040/2935 3105/3105/2999 3106/3106/3000
f 3042/3042/2937 3041/3041/2936 3107/3107/3001
f 3041/3041/2936 3106/3106/3000 3107/3107/3001
f 3043/3043/2938 3042/3042/2937 3108/3108/3002
f 3042/3042/2937 3107/3107/3001 3108/3108/3002
f 3044/3044/2939 3043/3043/2938 3109/3109/3003
f 3043/3043/2938 3108/3108/3002 3109/3109/3003
f 3045/3045/2940 3044/3044/2939 3110/3110/3004
f 3044/3044/2939 3109/3109/3003 3110/3110/3004
f 3046/3046/2941 3045/3045/2940 3111/3111/3005
f 3045/3045/2940 3110/3110/3004 3111/3111/3005
f 3047/3047/2942 3046/3046/2941 3112/3112/3006
f 3046/3046/2941 3111/3111/3005 3112/3112/3006
f 3048/3048/2943 3047/3047/2942 3113/3113/3007
f 3047/3047/2942 3112/3112/3006 3113/3113/3007
f 3049/3049/2944 3048/3048/2943 3114/3114/3008
f 3048/3048/2943 3113/3113/3007 3114/3114/3008
f 3050/3050/2945 3049/3049/2944 3115/3115/3009
f 3049/3049/2944 3114/3114/3008 3115/3115/3009
f 3051/3051/2946 3050/3050/2945 3116/3116/3010
f 3050/3050/2945 3115/3115/3009 3116/3116/3010
f 3052/3052/2947 3051/3051/2946 3117/3117/3011
f 3051/3051/2946 3116/3116/3010 3117/3117/3011
f 3053/3053/2948 3052/3052/2947 3118/3118/3012
f 3052/3052/2947 3117/3117/3011 3118/3118/3012
f 3054/3054/2886 3053/3053/2948 3119/3119/3013
f 3053/3053/2948 3118/3118/3012 3119/3119/3013
f 3055/3055/2949 3056/3056/2950 3120/3120/3014
f 3056/3056/2950 3121/3121/3015 3120/3120/3014
f 3057/3057/2951 3055/3055/2949 3122/3122/3016
f 3055/3055/2949 3120/3120/3014 3122/3122/3016
f 3058/3058/2952 3057/3057/2951 3123/3123/3017
f 3057/3057/2951 3122/3122/3016 3123/3123/3017
f 3059/3059/2953 3058/3058/2952 3124/3124/3018
f 3058/3058/2952 3123/3123/3017 3124/3124/3018
f 3060/3060/2954 3059/3059/2953 3125/3125/3019
f 3059/3059/2953 3124/3124/3018 3125/3125/3019
f 3061/3061/2955 3060/3060/2954 3126/3126/3020
f 3060/3060/2954 3125/3125/3019 3126/3126/3020
f 3062/3062/2956 3061/3061/2955 3127/3127/3021
f 3061/3061/2955 3126/3126/3020 3127/3127/3021
f 3063/3063/2957 3062/3062/2956 3128/3128/3022
f 3062/3062/2956 3127/3127/3021 3128/3128/3022
f 3064/3064/2958 3063/3063/2957 3129/3129/3023
f 3063/3063/2957 3128/3128/3022 3129/3129/3023
f 3065/3065/2959 3064/3064/2958 3130/3130/3024
f 3064/3064/2958 3129/3129/3023 3130/3130/3024
f 3066/3066/2960 3065/3065/2959 3131/3131/3025
f 3065/3065/2959 3130/3130/3024 3131/3131/3025
f 3067/3067/2961 3066/3066/2960 3132/3132/3026
f 3066/3066/2960 3131/3131/3025 3132/3132/3026
f 3068/3068/2962 3067/3067/2961 3133/3133/3027
f 3067/3067/2961 3132/3132/3026 3133/3133/3027
f 3069/3069/2963 3068/3068/2962 3134/3134/3028
f 3068/3068/2962 3133/3133/3027 3134/3134/3028
f 3070/3070/2964 3069/3069/2963 3135/3135/3029
f 3069/3069/2963 3134/3134/3028 3135/3135/3029
f 3071/3071/2965 3070/3070/2964 3136/3136/3030
f 3070/3070/2964 3135/3135/3029 3136/3136/3030
f 3072/3072/2966 3071/3071/2965 3137/3137/3031
f 3071/3071/2965 3136/3136/3030 3137/3137/3031
f 3073/3073/2967 3072/3072/2966 3138/3138/3032
f 3072/3072/2966 3137/3137/3031 3138/3138/3032
f 3074/3074/2968 3073/3073/2967 3139/3139/3033
f 3073/3073/2967 3138/3138/3032 3139/3139/3033
f 3075/3075/2969 3074/3074/2968 3140/3140/3034
f 3074/3074/2968 3139/3139/3033 3140/3140/3034
f 3076/3076/2970 3075/3075/2969 3141/3141/3035
f 3075/3075/2969 3140/3140/3034 3141/3141/3035
f 3077/3077/2971 3076/3076/2970 3142/3142/3036
f 3076/3076/2970 3141/3141/3035 3142/3142/3036
f 3078/3078/2972 3077/3077/2971 3143/3143/3037
f 3077/3077/2971 3142/3142/3036 3143/3143/3037
f 3079/3079/2973 3078/3078/2972 3144/3144/3038
f 3078/3078/2972 3143/3143/3037 3144/3144/3038
f 3080/3080/2974 3079/3079/2973 3145/3145/3039
f 3079/3079/2973 3144/3144/3038 3145/3145/3039
f 3081/3081/2975 3080/3080/2974 3146/3146/3040
f 3080/3080/2974 3145/3145/3039 3146/3146/3040
f 3082/3082/2976 3081/3081/2975 3147/3147/3041
f 3081/3081/2975 3146/3146/3040 3147/3147/3041
f 3083/3083/2977 3082/3082/2976 3148/3148/3042
f 3082/3082/2976 3147/3147/3041 3148/3148/3042
f 3084/3084/2978 3083/3083/2977 3149/3149/3043
f 3083/3083/2977 3148/3148/3042 3149/3149/3043
f 3085/3085/2979 3084/3084/2978 3150/3150/3044
f 3084/3084/2978 3149/3149/3043 3150/3150/3044
f 3086/3086/2980 3085/3085/2979 3151/3151/3045
f 3085/3085/2979 3150/3150/3044 3151/3151/3045
f 3087/3087/2981 3086/3086/2980 3152/3152/3046
f 3086/3086/2980 3151/3151/3045 3152/3152/3046
f 3088/3088/2982 3087/3087/2981 3153/3153/3047
f 3087/3087/2981 3152/3152/3046 3153/3153/3047
f 3089/3089/2983 3088/3088/2982 3154/3154/3048
f 3088/3088/2982 3153/3153/3047 3154/3154/3048
f 3090/3090/2984 3089/3089/2983 3155/3155/3049
f 3089/3089/2983 3154/3154/3048 3155/3155/3049
f 3091/3091/2985 3090/3090/2984 3156/3156/3050
f 3090/3090/2984 3155/3155/3049 3156/3156/3050
f 3092/3092/2986 3091/3091/2985 3157/3157/3051
f 3091/3091/2985 3156/3156/3050 3157/3157/3051
f 3093/3093/2987 3092/3092/2986 3158/3158/3052
f 3092/3092/2986 3157/3157/3051 3158/3158/3052
f 3094/3094/2988 3093/3093/2987 3159/3159/3053
f 3093/3093/2987 3158/3158/3052 3159/3159/3053
f 3095/3095/2989 3094/3094/2988 3160/3160/3054
f 3094/3094/2988 3159/3159/3053 3160/3160/3054
f 3096/3096/2990 3095/3095/2989 3161/3161/3055
f 3095/3095/2989 3160/3160/3054 3161/3161/3055
f 3097/3097/2991 3096/3096/2990 3162/3162/3056
f 3096/3096/2990 3161/3161/3055 3162/3162/3056
f 3098/3098/2992 3097/3097/2991 3163/3163/3057
f 3097/3097/2991 3162/3162/3056 3163/3163/3057
f 3099/3099/2993 3098/3098/2992 3164/3164/3058
f 3098/3098/2992 3163/3163/3057 3164/3164/3058
f 3100/3100/2994 3099/3099/2993 3165/3165/3059
f 3099/3099/2993 3164/3164/3058 3165/3165/3059
f 3101/3101/2995 3100/3100/2994 3166/3166/3060
f 3100/3100/2994 3165/3165/3059 3166/3166/3060
f 3102/3102/2996 3101/3101/2995 3167/3167/3061
f 3101/3101/2995 3166/3166/3060 3167/3167/3061
f 3103/3103/2997 3102/3102/2996 3168/3168/3062
f 3102/3102/2996 3167/3167/3061 3168/3168/3062
f 3104/3104/2998 3103/3103/2997 3169/3169/3063
f 3103/3103/2997 3168/3168/3062 3169/3169/3063
f 3105/3105/2999 3104/3104/2998 3170/3170/3064
f 3104/3104/2998 3169/3169/3063 3170/3170/3064
f 3106/3106/3000 3105/3105/2999 3171/3171/3065
f 3105/3105/2999 3170/3170/3064 3171/3171/3065
f 3107/3107/3001 3106/3106/3000 3172/3172/3066
f 3106/3106/3000 3171/3171/3065 3172/3172/3066
f 3108/3108/3002 3107/3107/3001 3173/3173/3067
f 3107/3107/3001 3172/3172/3066 3173/3173/3067
f 3109/3109/3003 3108/3108/3002 3174/3174/3068
f 3108/3108/3002 3173/3173/3067 3174/3174/3068
f 3110/3110/3004 3109/3109/3003 3175/3175/3069
f 3109/3109/3003 3174/3174/3068 3175/3175/3069
f 3111/3111/3005 3110/3110/3004 3176/3176/3070
f 3110/3110/3004 3175/3175/3069 3176/3176/3070
f 3112/3112/3006 3111/3111/3005 3177/3177/3071
f 3111/3111/3005 3176/3176/3070 3177/3177/3071
f 3113/3113/3007 3112/3112/3006 3178/3178/3072
f 3112/3112/3006 3177/3177/3071 3178/3178/3072
f 3114/3114/3008 3113/3113/3007 3179/3179/3073
f 3113/3113/3007 3178/3178/3072 3179/3179/3073
f 3115/3115/3009 3114/3114/3008 3180/3180/3074
f 3114/3114/3008 3179/3179/3073 3180/3180/3074
f 3116/3116/3010 3115/3115/3009 3181/3181/3075
f 3115/3115/3009 3180/3180/3074 3181/3181/3075
f 3117/3117/3011 3116/3116/3010 3182/3182/3076
f 3116/3116/3010 3181/3181/3075 3182/3182/3076
f 3118/3118/3012 3117/3117/3011 3183/3183/3077
f 3117/3117/3011 3182/3182/3076 3183/3183/3077
f 3119/3119/3013 3118/3118/3012 3184/3184/3015
f 3118/3118/3012 3183/3183/3077 3184/3184/3015
f 3120/3120/3014 3121/3121/3015 3185/3185/3078
f 3121/3121/3015 3186/3186/3079 3185/3185/3078
f 3122/3122/3016 3120/3120/3014 3187/3187/3080
f 3120/3120/3014 3185/3185/3078 3187/3187/3080
f 3123/3123/3017 3122/3122/3016 3188/3188/3081
f 3122/3122/3016 3187/3187/3080 3188/3188/3081
f 3124/3124/3018 3123/3123/3017 3189/3189/3082
f 3123/3123/3017 3188/3188/3081 3189/3189/3082
f 3125/3125/3019 3124/3124/3018 3190/3190/3083
f 3124/3124/3018 3189/3189/3082 3190/3190/3083
f 3126/3126/3020 3125/3125/3019 3191/3191/3084
f 3125/3125/3019 3190/3190/3083 3191/3191/3084
f 3127/3127/3021 3126/3126/3020 3192/3192/3085
f 3126/3126/3020 3191/3191/3084 3192/3192/3085
f 3128/3128/3022 3127/3127/3021 3193/3193/3086
f 3127/3127/3021 3192/3192/3085 3193/3193/3086
f 3129/3129/3023 3128/3128/3022 3194/3194/3087
f 3128/3128/3022 3193/3193/3086 3194/3194/3087
f 3130/3130/3024 3129/3129/3023 3195/3195/3088
f 3129/3129/3023 3194/3194/3087 3195/3195/3088
f 3131/3131/3025 3130/3130/3024 3196/3196/3089
f 3130/3130/3024 3195/3195/3088 3196/3196/3089
f 3132/3132/3026 3131/3131/3025 3197/3197/3090
f 3131/3131/3025 3196/3196/3089 3197/3197/3090
f 3133/3133/3027 3132/3132/3026 3198/3198/3091
f 3132/3132/3026 3197/3197/3090 3198/3198/3091
f 3134/3134/3028 3133/3133/3027 3199/3199/3092
f 3133/3133/3027 3198/3198/3091 3199/3199/3092
f 3135/3135/3029 3134/3134/3028 3200/3200/3093
f 3134/3134/3028 3199/3199/3092 3200/3200/3093
f 3136/3136/3030 3135/3135/3029 3201/3201/3094
f 3135/3135/3029 3200/3200/3093 3201/3201/3094
f 3137/3137/3031 3136/3136/3030 3202/3202/3095
f 3136/3136/3030 3201/3201/3094 3202/3202/3095
f 3138/3138/3032 3137/3137/3031 3203/3203/3096
f 3137/3137/3031 3202/3202/3095 3203/3203/3096
f 3139/3139/3033 3138/3138/3032 3204/3204/3097
f 3138/3138/3032 3203/3203/3096 3204/3204/3097
f 3140/3140/3034 3139/3139/3033 3205/3205/3098
f 3139/3139/3033 3204/3204/3097 3205/3205/3098
f 3141/3141/3035 3140/3140/3034 3206/3206/3099
f 3140/3140/3034 3205/3205/3098 3206/3206/3099
f 3142/3142/3036 3141/3141/3035 3207/3207/3100
f 3141/3141/3035 3206/3206/3099 3207/3207/3100
f 3143/3143/3037 3142/3142/3036 3208/3208/3101
f 3142/3142/3036 3207/3207/3100 3208/3208/3101
f 3144/3144/3038 3143/3143/3037 3209/3209/3102
f 3143/3143/3037 3208/3208/3101 3209/3209/3102
f 3145/3145/3039 3144/3144/3038 3210/3210/3103
f 3144/3144/3038 3209/3209/3102 3210/3210/3103
f 3146/3146/3040 3145/3145/3039 3211/3211/3104
f 3145/3145/3039 3210/3210/3103 3211/3211/3104
f 3147/3147/3041 3146/3146/3040 3212/3212/3105
f 3146/3146/3040 3211/3211/3104 3212/3212/3105
f 3148/3148/3042 3147/3147/3041 3213/3213/3106
f 3147/3147/3041 3212/3212/3105 3213/3213/3106
f 3149/3149/3043 3148/3148/3042 3214/3214/3107
f 3148/3148/3042 3213/3213/3106 3214/3214/3107
f 3150/3150/3044 3149/3149/3043 3215/3215/3108
f 3149/3149/3043 3214/3214/3107 3215/3215/3108
f 3151/3151/3045 3150/3150/3044 3216/3216/3109
f 3150/3150/3044 3215/3215/3108 3216/3216/3109
f 3152/3152/3046 3151/3151/3045 3217/3217/3110
f 3151/3151/3045 3216/3216/3109 3217/3217/3110
f 3153/3153/3047 3152/3152/3046 3218/3218/3111
f 3152/3152/3046 3217/3217/3110 3218/3218/3111
f 3154/3154/3048 3153/3153/3047 3219/3219/3112
f 3153/3153/3047 3218/3218/3111 3219/3219/3112
f 3155/3155/3049 3154/3154/3048 3220/3220/3113
f 3154/3154/3048 3219/3219/3112 3220/3220/3113
f 3156/3156/3050 3155/3155/3049 3221/3221/3114
f 3155/3155/3049 3220/3220/3113 3221/3221/3114
f 3157/3157/3051 3156/3156/3050 3222/3222/3115
f 3156/3156/3050 3221/3221/3114 3222/3222/3115
f 3158/3158/3052 3157/3157/3051 3223/3223/3116
f 3157/3157/3051 3222/3222/3115 3223/3223/3116
f 3159/3159/3053 3158/3158/3052 3224/3224/3117
f 3158/3158/3052 3223/3223/3116 3224/3224/3117
f 3160/3160/3054 3159/3159/3053 3225/3225/3118
f 3159/3159/3053 3224/3224/3117 3225/3225/3118
f 3161/3161/3055 3160/3160/3054 3226/3226/3119
f 3160/3160/3054 3225/3225/3118 3226/3226/3119
f 3162/3162/3056 3161/3161/3055 3227/3227/3120
f 3161/3161/3055 3226/3226/3119 3227/3227/3120
f 3163/3163/3057 3162/3162/3056 3228/3228/3121
f 3162/3162/3056 3227/3227/3120 3228/3228/3121
f 3164/3164/3058 3163/3163/3057 3229/3229/3122
f 3163/3163/3057 3228/3228/3121 3229/3229/3122
f 3165/3165/3059 3164/3164/3058 3230/3230/3123
f 3164/3164/3058 3229/3229/3122 3230/3230/3123
f 3166/3166/3060 3165/3165/3059 3231/3231/3124
f 3165/3165/3059 3230/3230/3123 3231/3231/3124
f 3167/3167/3061 3166/3166/3060 3232/3232/3125
f 3166/3166/3060 3231/3231/3124 3232/3232/3125
f 3168/3168/3062 3167/3167/3061 3233/3233/3126
f 3167/3167/3061 3232/3232/3125 3233/3233/3126
f 3169/3169/3063 3168/3168/3062 3234/3234/3127
f 3168/3168/3062 3233/3233/3126 3234/3234/3127
f 3170/3170/3064 3169/3169/3063 3235/3235/3128
f 3169/3169/3063 3234/3234/3127 3235/3235/3128
f 3171/3171/3065 3170/3170/3064 3236/3236/3129
f 3170/3170/3064 3235/3235/3128 3236/3236/3129
f 3172/3172/3066 3171/3171/3065 3237/3237/3130
f 3171/3171/3065 3236/3236/3129 3237/3237/3130
f 3173/3173/3067 3172/3172/3066 3238/3238/3131
f 3172/3172/3066 3237/3237/3130 3238/3238/3131
f 3174/3174/3068 3173/3173/3067 3239/3239/3132
f 3173/3173/3067 3238/3238/3131 3239/3239/3132
f 3175/3175/3069 3174/3174/3068 3240/3240/3133
f 3174/3174/3068 3239/3239/3132 3240/3240/3133
f 3176/3176/3070 3175/3175/3069 3241/3241/3134
f 3175/3175/3069 3240/3240/3133 3241/3241/3134
f 3177/3177/3071 3176/3176/3070 3242/3242/3135
f 3176/3176/3070 3241/3241/3134 3242/3242/3135
f 3178/3178/3072 3177/3177/3071 3243/3243/3136
f 3177/3177/3071 3242/3242/3135 3243/3243/3136
f 3179/3179/3073 3178/3178/3072 3244/3244/3137
f 3178/3178/3072 3243/3243/3136 3244/3244/3137
f 3180/3180/3074 3179/3179/3073 3245/3245/3138
f 3179/3179/3073 3244/3244/3137 3245/3245/3138
f 3181/3181/3075 3180/3180/3074 3246/3246/3139
f 3180/3180/3074 3245/3245/3138 3246/3246/3139
f 3182/3182/3076 3181/3181/3075 3247/3247/3140
f 3181/3181/3075 3246/3246/3139 3247/3247/3140
f 3183/3183/3077 3182/3182/3076 3248/3248/3141
f 3182/3182/3076 3247/3247/3140 3248/3248/3141
f 3184/3184/3015 3183/3183/3077 3249/3249/3142
f 3183/3183/3077 3248/3248/3141 3249/3249/3142
f 3185/3185/3078 3186/3186/3079 3250/3250/3143
f 3186/3186/3079 3251/3251/3144 3250/3250/3143
f 3187/3187/3080 3185/3185/3078 3252/3252/3145
f 3185/3185/3078 3250/3250/3143 3252/3252/3145
f 3188/3188/3081 3187/3187/3080 3253/3253/3146
f 3187/3187/3080 3252/3252/3145 3253/3253/3146
f 3189/3189/3082 3188/3188/3081 3254/3254/3147
f 3188/3188/3081 3253/3253/3146 3254/3254/3147
f 3190/3190/3083 3189/3189/3082 3255/3255/3148
f 3189/3189/3082 3254/3254/3147 3255/3255/3148
f 3191/3191/3084 3190/3190/3083 3256/3256/3149
f 3190/3190/3083 3255/3255/3148 3256/3256/3149
f 3192/3192/3085 3191/3191/3084 3257/3257/3150
f 3191/3191/3084 3256/3256/3149 3257/3257/3150
f 3193/3193/3086 3192/3192/3085 3258/3258/3151
f 3192/3192/3085 3257/3257/3150 3258/3258/3151
f 3194/3194/3087 3193/3193/3086 3259/3259/3152
f 3193/3193/3086 3258/3258/3151 3259/3259/3152
f 3195/3195/3088 3194/3194/3087 3260/3260/3153
f 3194/3194/3087 3259/3259/3152 3260/3260/3153
f 3196/3196/3089 3195/3195/3088 3261/3261/3154
f 3195/3195/3088 3260/3260/3153 3261/3261/3154
f 3197/3197/3090 3196/3196/3089 3262/3262/3155
f 3196/3196/3089 3261/3261/3154 3262/3262/3155
f 3198/3198/3091 3197/3197/3090 3263/3263/3156
f 3197/3197/3090 3262/3262/3155 3263/3263/3156
f 3199/3199/3092 3198/3198/3091 3264/3264/3157
f 3198/3198/3091 3263/3263/3156 3264/3264/3157
f 3200/3200/3093 3199/3199/3092 3265/3265/3158
f 3199/3199/3092 3264/3264/3157 3265/3265/3158
f 3201/3201/3094 3200/3200/3093 3266/3266/3159
f 3200/3200/3093 3265/3265/3158 3266/3266/3159
f 3202/3202/3095 3201/3201/3094 3267/3267/3160
f 3201/3201/3094 3266/3266/3159 3267/3267/3160
f 3203/3203/3096 3202/3202/3095 3268/3268/3161
f 3202/3202/3095 3267/3267/3160 3268/3268/3161
f 3204/3204/3097 3203/3203/3096 3269/3269/3162
f 3203/3203/3096 3268/3268/3161 3269/3269/3162
f 3205/3205/3098 3204/3204/3097 3270/3270/3163
f 3204/3204/3097 3269/3269/3162 3270/3270/3163
f 3206/3206/3099 3205/3205/3098 3271/3271/3164
f 3205/3205/3098 3270/3270/3163 3271/3271/3164
f 3207/3207/3100 3206/3206/3099 3272/3272/3165
f 3206/3206/3099 3271/3271/3164 3272/3272/3165
f 3208/3208/3101 3207/3207/3100 3273/3273/3166
f 3207/3207/3100 3272/3272/3165 3273/3273/3166
f 3209/3209/3102 3208/3208/3101 3274/3274/3167
f 3208/3208/3101 3273/3273/3166 3274/3274/3167
f 3210/3210/3103 3209/3209/3102 3275/3275/3168
f 3209/3209/3102 3274/3274/3167 3275/3275/3168
f 3211/3211/3104 3210/3210/3103 3276/3276/3169
f 3210/3210/3103 3275/3275/3168 3276/3276/3169
f 3212/3212/3105 3211/3211/3104 3277/3277/3170
f 3211/3211/3104 3276/3276/3169 3277/3277/3170
f 3213/3213/3106 3212/3212/3105 3278/3278/3171
f 3212/3212/3105 3277/3277/3170 3278/3278/3171
f 3214/3214/3107 3213/3213/3106 3279/3279/3172
f 3213/3213/3106 3278/3278/3171 3279/3279/3172
f 3215/3215/3108 3214/3214/3107 3280/3280/3173
f 3214/3214/3107 3279/3279/3172 3280/3280/3173
f 3216/3216/3109 3215/3215/3108 3281/3281/3174
f 3215/3215/3108 3280/3280/3173 3281/3281/3174
f 3217/3217/3110 3216/3216/3109 3282/3282/3175
f 3216/3216/3109 3281/3281/3174 3282/3282/3175
f 3218/3218/3111 3217/3217/3110 3283/3283/3176
f 3217/3217/3110 3282/3282/3175 3283/3283/3176
f 3219/3219/3112 3218/3218/3111 3284/3284/3177
f 3218/3218/3111 3283/3283/3176 3284/3284/3177
f 3220/3220/3113 3219/3219/3112 3285/3285/3178
f 3219/3219/3112 3284/3284/3177 3285/3285/3178
f 3221/3221/3114 3220/3220/3113 3286/3286/3179
f 3220/3220/3113 3285/3285/3178 3286/3286/3179
f 3222/3222/3115 3221/3221/3114 3287/3287/3180
f 3221/3221/3114 3286/3286/3179 3287/3287/3180
f 3223/3223/3116 3222/3222/3115 3288/3288/3181
f 3222/3222/3115 3287/3287/3180 3288/3288/3181
f 3224/3224/3117 3223/3223/3116 3289/3289/3182
f 3223/3223/3116 3288/3288/3181 3289/3289/3182
f 3225/3225/3118 3224/3224/3117 3290/3290/3183
f 3224/3224/3117 3289/3289/3182 3290/3290/3183
f 3226/3226/3119 3225/3225/3118 3291/3291/3184
f 3225/3225/3118 3290/3290/3183 3291/3291/3184
f 3227/3227/3120 3226/3226/3119 3292/3292/3185
f 3226/3226/3119 3291/3291/3184 3292/3292/3185
f 3228/3228/3121 3227/3227/3120 3293/3293/3186
f 3227/3227/3120 3292/3292/3185 3293/3293/3186
f 3229/3229/3122 3228/3228/3121 3294/3294/3187
f 3228/3228/3121 3293/3293/3186 3294/3294/3187
f 3230/3230/3123 3229/3229/3122 3295/3295/3188
f 3229/3229/3122 3294/3294/3187 3295/3295/3188
f 3231/3231/3124 3230/3230/3123 3296/3296/3189
f 3230/3230/3123 3295/3295/3188 3296/3296/3189
f 3232/3232/3125 3231/3231/3124 3297/3297/3190
f 3231/3231/3124 3296/3296/3189 3297/3297/3190
f 3233/3233/3126 3232/3232/3125 3298/3298/3191
f 3232/3232/3125 3297/3297/3190 3298/3298/3191
f 3234/3234/3127 3233/3233/3126 3299/3299/3192
f 3233/3233/3126 3298/3298/3191 3299/3299/3192
f 3235/3235/3128 3234/3234/3127 3300/3300/3193
f 3234/3234/3127 3299/3299/3192 3300/3300/3193
f 3236/3236/3129 3235/3235/3128 3301/3301/3194
f 3235/3235/3128 3300/3300/3193 3301/3301/3194
f 3237/3237/3130 3236/3236/3129 3302/3302/3195
f 3236/3236/3129 3301/3301/3194 3302/3302/3195
f 3238/3238/3131 3237/3237/3130 3303/3303/3196
f 3237/3237/3130 3302/3302/3195 3303/3303/3196
f 3239/3239/3132 3238/3238/3131 3304/3304/3197
f 3238/3238/3131 3303/3303/3196 3304/3304/3197
f 3240/3240/3133 3239/3239/3132 3305/3305/3198
f 3239/3239/3132 3304/3304/3197 3305/3305/3198
f 3241/3241/3134 3240/3240/3133 3306/3306/3199
f 3240/3240/3133 3305/3305/3198 3306/3306/3199
f 3242/3242/3135 3241/3241/3134 3307/3307/3200
f 3241/3241/3134 3306/3306/3199 3307/3307/3200
f 3243/3243/3136 3242/3242/3135 3308/3308/3201
f 3242/3242/3135 3307/3307/3200 3308/3308/3201
f 3244/3244/3137 3243/3243/3136 3309/3309/3202
f 3243/3243/3136 3308/3308/3201 3309/3309/3202
f 3245/3245/3138 3244/3244/3137 3310/3310/3203
f 3244/3244/3137 3309/3309/3202 3310/3310/3203
f 3246/3246/3139 3245/3245/3138 3311/3311/3204
f 3245/3245/3138 3310/3310/3203 3311/3311/3204
f 3247/3247/3140 3246/3246/3139 3312/3312/3205
f 3246/3246/3139 3311/3311/3204 3312/3312/3205
f 3248/3248/3141 3247/3247/3140 3313/3313/3206
f 3247/3247/3140 3312/3312/3205 3313/3313/3206
f 3249/3249/3142 3248/3248/3141 3314/3314/3144
f 3248/3248/3141 3313/3313/3206 3314/3314/3144
f 3250/3250/3143 3251/3251/3144 3315/3315/3207
f 3251/3251/3144 3316/3316/3208 3315/3315/3207
f 3252/3252/3145 3250/3250/3143 3317/3317/3209
f 3250/3250/3143 3315/3315/3207 3317/3317/3209
f 3253/3253/3146 3252/3252/3145 3318/3318/3210
f 3252/3252/3145 3317/3317/3209 3318/3318/3210
f 3254/3254/3147 3253/3253/3146 3319/3319/3211
f 3253/3253/3146 3318/3318/3210 3319/3319/3211
f 3255/3255/3148 3254/3254/3147 3320/3320/3212
f 3254/3254/3147 3319/3319/3211 3320/3320/3212
f 3256/3256/3149 3255/3255/3148 3321/3321/3213
f 3255/3255/3148 3320/3320/3212 3321/3321/3213
f 3257/3257/3150 3256/3256/3149 3322/3322/3214
f 3256/3256/3149 3321/3321/3213 3322/3322/3214
f 3258/3258/3151 3257/3257/3150 3323/3323/3215
f 3257/3257/3150 3322/3322/3214 3323/3323/3215
f 3259/3259/3152 3258/3258/3151 3324/3324/3216
f 3258/3258/3151 3323/3323/3215 3324/3324/3216
f 3260/3260/3153 3259/3259/3152 3325/3325/3217
f 3259/3259/3152 3324/3324/3216 3325/3325/3217
f 3261/3261/3154 3260/3260/3153 3326/3326/3218
f 3260/3260/3153 3325/3325/3217 3326/3326/3218
f 3262/3262/3155 3261/3261/3154 3327/3327/3219
f 3261/3261/3154 3326/3326/3218 3327/3327/3219
f 3263/3263/3156 3262/3262/3155 3328/3328/3220
f 3262/3262/3155 3327/3327/3219 3328/3328/3220
f 3264/3264/3157 3263/3263/3156 3329/3329/3221
f 3263/3263/3156 3328/3328/3220 3329/3329/3221
f 3265/3265/3158 3264/3264/3157 3330/3330/3222
f 3264/3264/3157 3329/3329/3221 3330/3330/3222
f 3266/3266/3159 3265/3265/3158 3331/3331/3223
f 3265/3265/3158 3330/3330/3222 3331/3331/3223
f 3267/3267/3160 3266/3266/3159 3332/3332/3224
f 3266/3266/3159 3331/3331/3223 3332/3332/3224
f 3268/3268/3161 3267/3267/3160 3333/3333/3225
f 3267/3267/3160 3332/3332/3224 3333/3333/3225
f 3269/3269/3162 3268/3268/3161 3334/3334/3226
f 3268/3268/3161 3333/3333/3225 3334/3334/3226
f 3270/3270/3163 3269/3269/3162 3335/3335/3227
f 3269/3269/3162 3334/3334/3226 3335/3335/3227
f 3271/3271/3164 3270/3270/3163 3336/3336/3228
f 3270/3270/3163 3335/3335/3227 3336/3336/3228
f 3272/3272/3165 3271/3271/3164 3337/3337/3229
f 3271/3271/3164 3336/3336/3228 3337/3337/3229
f 3273/3273/3166 3272/3272/3165 3338/3338/3230
f 3272/3272/3165 3337/3337/3229 3338/3338/3230
f 3274/3274/3167 3273/3273/3166 3339/3339/3231
f 3273/3273/3166 3338/3338/3230 3339/3339/3231
f 3275/3275/3168 3274/3274/3167 3340/3340/3232
f 3274/3274/3167 3339/3339/3231 3340/3340/3232
f 3276/3276/3169 3275/3275/3168 3341/3341/3233
f 3275/3275/3168 3340/3340/3232 3341/3341/3233
f 3277/3277/3170 3276/3276/3169 3342/3342/3234
f 3276/3276/3169 3341/3341/3233 3342/3342/3234
f 3278/3278/3171 3277/3277/3170 3343/3343/3235
f 3277/3277/3170 3342/3342/3234 3343/3343/3235
f 3279/3279/3172 3278/3278/3171 3344/3344/3236
f 3278/3278/3171 3343/3343/3235 3344/3344/3236
f 3280/3280/3173 3279/3279/3172 3345/3345/3237
f 3279/3279/3172 3344/3344/3236 3345/3345/3237
f 3281/3281/3174 3280/3280/3173 3346/3346/3238
f 3280/3280/3173 3345/3345/3237 3346/3346/3238
f 3282/3282/3175 3281/3281/3174 3347/3347/3239
f 3281/3281/3174 3346/3346/3238 3347/3347/3239
f 3283/3283/3176 3282/3282/3175 3348/3348/3240
f 3282/3282/3175 3347/3347/3239 3348/3348/3240
f 3284/3284/3177 3283/3283/3176 3349/3349/3241
f 3283/3283/3176 3348/3348/3240 3349/3349/3241
f 3285/3285/3178 3284/3284/3177 3350/3350/3242
f 3284/3284/3177 3349/3349/3241 3350/3350/3242
f 3286/3286/3179 3285/3285/3178 3351/3351/3243
f 3285/3285/3178 3350/3350/3242 3351/3351/3243
f 3287/3287/3180 3286/3286/3179 3352/3352/3244
f 3286/3286/3179 3351/3351/3243 3352/3352/3244
f 3288/3288/3181 3287/3287/3180 3353/3353/3245
f 3287/3287/3180 3352/3352/3244 3353/3353/3245
f 3289/3289/3182 3288/3288/3181 3354/3354/3246
f 3288/3288/3181 3353/3353/3245 3354/3354/3246
f 3290/3290/3183 3289/3289/3182 3355/3355/3247
f 3289/3289/3182 3354/3354/3246 3355/3355/3247
f 3291/3291/3184 3290/3290/3183 3356/3356/3248
f 3290/3290/3183 3355/3355/3247 3356/3356/3248
f 3292/3292/3185 3291/3291/3184 3357/3357/3249
f 3291/3291/3184 3356/3356/3248 3357/3357/3249
f 3293/3293/3186 3292/3292/3185 3358/3358/3250
f 3292/3292/3185 3357/3357/3249 3358/3358/3250
f 3294/3294/3187 3293/3293/3186 3359/3359/3251
f 3293/3293/3186 3358/3358/3250 3359/3359/3251
f 3295/3295/3188 3294/3294/3187 3360/3360/3252
f 3294/3294/3187 3359/3359/3251 3360/3360/3252
f 3296/3296/3189 3295/3295/3188 3361/3361/3253
f 3295/3295/3188 3360/3360/3252 3361/3361/3253
f 3297/3297/3190 3296/3296/3189 3362/3362/3254
f 3296/3296/3189 3361/3361/3253 3362/3362/3254
f 3298/3298/3191 3297/3297/3190 3363/3363/3255
f 3297/3297/3190 3362/3362/3254 3363/3363/3255
f 3299/3299/3192 3298/3298/3191 3364/3364/3256
f 3298/3298/3191 3363/3363/3255 3364/3364/3256
f 3300/3300/3193 3299/3299/3192 3365/3365/3257
f 3299/3299/3192 3364/3364/3256 3365/3365/3257
f 3301/3301/3194 3300/3300/3193 3366/3366/3258
f 3300/3300/3193 3365/3365/3257 3366/3366/3258
f 3302/3302/3195 3301/3301/3194 3367/3367/3259
f 3301/3301/3194 3366/3366/3258 3367/3367/3259
f 3303/3303/3196 3302/3302/3195 3368/3368/3260
f 3302/3302/3195 3367/3367/3259 3368/3368/3260
f 3304/3304/3197 3303/3303/3196 3369/3369/3261
f 3303/3303/3196 3368/3368/3260 3369/3369/3261
f 3305/3305/3198 3304/3304/3197 3370/3370/3262
f 3304/3304/3197 3369/3369/3261 3370/3370/3262
f 3306/3306/3199 3305/3305/3198 3371/3371/3263
f 3305/3305/3198 3370/3370/3262 3371/3371/3263
f 3307/3307/3200 3306/3306/3199 3372/3372/3264
f 3306/3306/3199 3371/3371/3263 3372/3372/3264
f 3308/3308/3201 3307/3307/3200 3373/3373/3265
f 3307/3307/3200 3372/3372/3264 3373/3373/3265
f 3309/3309/3202 3308/3308/3201 3374/3374/3266
f 3308/3308/3201 3373/3373/3265 3374/3374/3266
f 3310/3310/3203 3309/3309/3202 3375/3375/3267
f 3309/3309/3202 3374/3374/3266 3375/3375/3267
f 3311/3311/3204 3310/3310/3203 3376/3376/3268
f 3310/3310/3203 3375/3375/3267 3376/3376/3268
f 3312/3312/3205 3311/3311/3204 3377/3377/3269
f 3311/3311/3204 3376/3376/3268 3377/3377/3269
f 3313/3313/3206 3312/3312/3205 3378/3378/3270
f 3312/3312/3205 3377/3377/3269 3378/3378/3270
f 3314/3314/3144 3313/3313/3206 3379/3379/3208
f 3313/3313/3206 3378/3378/3270 3379/3379/3208
f 3315/3315/3207 3316/3316/3208 3380/3380/3271
f 3316/3316/3208 3381/3381/3272 3380/3380/3271
f 3317/3317/3209 3315/3315/3207 3382/3382/3273
f 3315/3315/3207 3380/3380/3271 3382/3382/3273
f 3318/3318/3210 3317/3317/3209 3383/3383/3274
f 3317/3317/3209 3382/3382/3273 3383/3383/3274
f 3319/3319/3211 3318/3318/3210 3384/3384/3275
f 3318/3318/3210 3383/3383/3274 3384/3384/3275
f 3320/3320/3212 3319/3319/3211 3385/3385/3276
f 3319/3319/3211 3384/3384/3275 3385/3385/3276
f 3321/3321/3213 3320/3320/3212 3386/3386/3277
f 3320/3320/3212 3385/3385/3276 3386/3386/3277
f 3322/3322/3214 3321/3321/3213 3387/3387/3278
f 3321/3321/3213 3386/3386/3277 3387/3387/3278
f 3323/3323/3215 3322/3322/3214 3388/3388/3279
f 3322/3322/3214 3387/3387/3278 3388/3388/3279
f 3324/3324/3216 3323/3323/3215 3389/3389/3280
f 3323/3323/3215 3388/3388/3279 3389/3389/3280
f 3325/3325/3217 3324/3324/3216 3390/3390/3281
f 3324/3324/3216 3389/3389/3280 3390/3390/3281
f 3326/3326/3218 3325/3325/3217 3391/3391/3282
f 3325/3325/3217 3390/3390/3281 3391/3391/3282
f 3327/3327/3219 3326/3326/3218 3392/3392/3283
f 3326/3326/3218 3391/3391/3282 3392/3392/3283
f 3328/3328/3220 3327/3327/3219 3393/3393/3284
f 3327/3327/3219 3392/3392/3283 3393/3393/3284
f 3329/3329/3221 3328/3328/3220 3394/3394/3285
f 3328/3328/3220 3393/3393/3284 3394/3394/3285
f 3330/3330/3222 3329/3329/3221 3395/3395/3286
f 3329/3329/3221 3394/3394/3285 3395/3395/3286
f 3331/3331/3223 3330/3330/3222 3396/3396/3287
f 3330/3330/3222 3395/3395/3286 3396/3396/3287
f 3332/3332/3224 3331/3331/3223 3397/3397/3288
f 3331/3331/3223 3396/3396/3287 3397/3397/3288
f 3333/3333/3225 3332/3332/3224 3398/3398/3289
f 3332/3332/3224 3397/3397/3288 3398/3398/3289
f 3334/3334/3226 3333/3333/3225 3399/3399/3290
f 3333/3333/3225 3398/3398/3289 3399/3399/3290
f 3335/3335/3227 3334/3334/3226 3400/3400/3291
f 3334/3334/3226 3399/3399/3290 3400/3400/3291
f 3336/3336/3228 3335/3335/3227 3401/3401/3292
f 3335/3335/3227 3400/3400/3291 3401/3401/3292
f 3337/3337/3229 3336/3336/3228 3402/3402/3293
f 3336/3336/3228 3401/3401/3292 3402/3402/3293
f 3338/3338/3230 3337/3337/3229 3403/3403/3294
f 3337/3337/3229 3402/3402/3293 3403/3403/3294
f 3339/3339/3231 3338/3338/3230 3404/3404/3295
f 3338/3338/3230 3403/3403/3294 3404/3404/3295
f 3340/3340/3232 3339/3339/3231 3405/3405/3296
f 3339/3339/3231 3404/3404/3295 3405/3405/3296
f 3341/3341/3233 3340/3340/3232 3406/3406/3297
f 3340/3340/3232 3405/3405/3296 3406/3406/3297
f 3342/3342/3234 3341/3341/3233 3407/3407/3298
f 3341/3341/3233 3406/3406/3297 3407/3407/3298
f 3343/3343/3235 3342/3342/3234 3408/3408/3299
f 3342/3342/3234 3407/3407/3298 3408/3408/3299
f 3344/3344/3236 3343/3343/3235 3409/3409/3300
f 3343/3343/3235 3408/3408/3299 3409/3409/3300
f 3345/3345/3237 3344/3344/3236 3410/3410/3301
f 3344/3344/3236 3409/3409/3300 3410/3410/3301
f 3346/3346/3238 3345/3345/3237 3411/3411/3302
f 3345/3345/3237 3410/3410/3301 3411/3411/3302
f 3347/3347/3239 3346/3346/3238 3412/3412/3303
f 3346/3346/3238 3411/3411/3302 3412/3412/3303
f 3348/3348/3240 3347/3347/3239 3413/3413/3304
f 3347/3347/3239 3412/3412/3303 3413/3413/3304
f 3349/3349/3241 3348/3348/3240 3414/3414/3305
f 3348/3348/3240 3413/3413/3304 3414/3414/3305
f 3350/3350/3242 3349/3349/3241 3415/3415/3306
f 3349/3349/3241 3414/3414/3305 3415/3415/3306
f 3351/3351/3243 3350/3350/3242 3416/3416/3307
f 3350/3350/3242 3415/3415/3306 3416/3416/3307
f 3352/3352/3244 3351/3351/3243 3417/3417/3308
f 3351/3351/3243 3416/3416/3307 3417/3417/3308
f 3353/3353/3245 3352/3352/3244 3418/3418/3309
f 3352/3352/3244 3417/3417/3308 3418/3418/3309
f 3354/3354/3246 3353/3353/3245 3419/3419/3310
f 3353/3353/3245 3418/3418/3309 3419/3419/3310
f 3355/3355/3247 3354/3354/3246 3420/3420/3311
f 3354/3354/3246 3419/3419/3310 3420/3420/3311
f 3356/3356/3248 3355/3355/3247 3421/3421/3312
f 3355/3355/3247 3420/3420/3311 3421/3421/3312
f 3357/3357/3249 3356/3356/3248 3422/3422/3313
f 3356/3356/3248 3421/3421/3312 3422/3422/3313
f 3358/3358/3250 3357/3357/3249 3423/3423/3314
f 3357/3357/3249 3422/3422/3313 3423/3423/3314
f 3359/3359/3251 3358/3358/3250 3424/3424/3315
f 3358/3358/3250 3423/3423/3314 3424/3424/3315
f 3360/3360/3252 3359/3359/3251 3425/3425/3316
f 3359/3359/3251 3424/3424/3315 3425/3425/3316
f 3361/3361/3253 3360/3360/3252 3426/3426/3317
f 3360/3360/3252 3425/3425/3316 3426/3426/3317
f 3362/3362/3254 3361/3361/3253 3427/3427/3318
f 3361/3361/3253 3426/3426/3317 3427/3427/3318
f 3363/3363/3255 3362/3362/3254 3428/3428/3319
f 3362/3362/3254 3427/3427/3318 3428/3428/3319
f 3364/3364/3256 3363/3363/3255 3429/3429/3320
f 3363/3363/3255 3428/3428/3319 3429/3429/3320
f 3365/3365/3257 3364/3364/3256 3430/3430/3321
f 3364/3364/3256 3429/3429/3320 3430/3430/3321
f 3366/3366/3258 3365/3365/3257 3431/3431/3322
f 3365/3365/3257 3430/3430/3321 3431/3431/3322
f 3367/3367/3259 3366/3366/3258 3432/3432/3323
f 3366/3366/3258 3431/3431/3322 3432/3432/3323
f 3368/3368/3260 3367/3367/3259 3433/3433/3324
f 3367/3367/3259 3432/3432/3323 3433/3433/3324
f 3369/3369/3261 3368/3368/3260 3434/3434/3325
f 3368/3368/3260 3433/3433/3324 3434/3434/3325
f 3370/3370/3262 3369/3369/3261 3435/3435/3326
f 3369/3369/3261 3434/3434/3325 3435/3435/3326
f 3371/3371/3263 3370/3370/3262 3436/3436/3327
f 3370/3370/3262 3435/3435/3326 3436/3436/3327
f 3372/3372/3264 3371/3371/3263 3437/3437/3328
f 3371/3371/3263 3436/3436/3327 3437/3437/3328
f 3373/3373/3265 3372/3372/3264 3438/3438/3329
f 3372/3372/3264 3437/3437/3328 3438/3438/3329
f 3374/3374/3266 3373/3373/3265 3439/3439/3330
f 3373/3373/3265 3438/3438/3329 3439/3439/3330
f 3375/3375/3267 3374/3374/3266 3440/3440/3331
f 3374/3374/3266 3439/3439/3330 3440/3440/3331
f 3376/3376/3268 3375/3375/3267 3441/3441/3332
f 3375/3375/3267 3440/3440/3331 3441/3441/3332
f 3377/3377/3269 3376/3376/3268 3442/3442/3333
f 3376/3376/3268 3441/3441/3332 3442/3442/3333
f 3378/3378/3270 3377/3377/3269 3443/3443/3334
f 3377/3377/3269 3442/3442/3333 3443/3443/3334
f 3379/3379/3208 3378/3378/3270 3444/3444/3272
f 3378/3378/3270 3443/3443/3334 3444/3444/3272
f 3380/3380/3271 3381/3381/3272 3445/3445/3335
f 3381/3381/3272 3446/3446/3336 3445/3445/3335
f 3382/3382/3273 3380/3380/3271 3447/3447/3337
f 3380/3380/3271 3445/3445/3335 3447/3447/3337
f 3383/3383/3274 3382/3382/3273 3448/3448/3338
f 3382/3382/3273 3447/3447/3337 3448/3448/3338
f 3384/3384/3275 3383/3383/3274 3449/3449/3339
f 3383/3383/3274 3448/3448/3338 3449/3449/3339
f 3385/3385/3276 3384/3384/3275 3450/3450/3340
f 3384/3384/3275 3449/3449/3339 3450/3450/3340
f 3386/3386/3277 3385/3385/3276 3451/3451/3341
f 3385/3385/3276 3450/3450/3340 3451/3451/3341
f 3387/3387/3278 3386/3386/3277 3452/3452/3342
f 3386/3386/3277 3451/3451/3341 3452/3452/3342
f 3388/3388/3279 3387/3387/3278 3453/3453/3343
f 3387/3387/3278 3452/3452/3342 3453/3453/3343
f 3389/3389/3280 3388/3388/3279 3454/3454/3344
f 3388/3388/3279 3453/3453/3343 3454/3454/3344
f 3390/3390/3281 3389/3389/3280 3455/3455/3345
f 3389/3389/3280 3454/3454/3344 3455/3455/3345
f 3391/3391/3282 3390/3390/3281 3456/3456/3346
f 3390/3390/3281 3455/3455/3345 3456/3456/3346
f 3392/3392/3283 3391/3391/3282 3457/3457/3347
f 3391/3391/3282 3456/3456/3346 3457/3457/3347
f 3393/3393/3284 3392/3392/3283 3458/3458/3348
f 3392/3392/3283 3457/3457/3347 3458/3458/3348
f 3394/3394/3285 3393/3393/3284 3459/3459/3349
f 3393/3393/3284 3458/3458/3348 3459/3459/3349
f 3395/3395/3286 3394/3394/3285 3460/3460/3350
f 3394/3394/3285 3459/3459/3349 3460/3460/3350
f 3396/3396/3287 3395/3395/3286 3461/3461/3351
f 3395/3395/3286 3460/3460/3350 3461/3461/3351
f 3397/3397/3288 3396/3396/3287 3462/3462/3352
f 3396/3396/3287 3461/3461/3351 3462/3462/3352
f 3398/3398/3289 3397/3397/3288 3463/3463/3353
f 3397/3397/3288 3462/3462/3352 3463/3463/3353
f 3399/3399/3290 3398/3398/3289 3464/3464/3354
f 3398/3398/3289 3463/3463/3353 3464/3464/3354
f 3400/3400/3291 3399/3399/3290 3465/3465/3355
f 3399/3399/3290 3464/3464/3354 3465/3465/3355
f 3401/3401/3292 3400/3400/3291 3466/3466/3356
f 3400/3400/3291 3465/3465/3355 3466/3466/3356
f 3402/3402/3293 3401/3401/3292 3467/3467/3357
f 3401/3401/3292 3466/3466/3356 3467/3467/3357
f 3403/3403/3294 3402/3402/3293 3468/3468/3358
f 3402/3402/3293 3467/3467/3357 3468/3468/3358
f 3404/3404/3295 3403/3403/3294 3469/3469/3359
f 3403/3403/3294 3468/3468/3358 3469/3469/3359
f 3405/3405/3296 3404/3404/3295 3470/3470/3360
f 3404/3404/3295 3469/3469/3359 3470/3470/3360
f 3406/3406/3297 3405/3405/3296 3471/3471/3361
f 3405/3405/3296 3470/3470/3360 3471/3471/3361
f 3407/3407/3298 3406/3406/3297 3472/3472/3362
f 3406/3406/3297 3471/3471/3361 3472/3472/3362
f 3408/3408/3299 3407/3407/3298 3473/3473/3363
f 3407/3407/3298 3472/3472/3362 3473/3473/3363
f 3409/3409/3300 3408/3408/3299 3474/3474/3364
f 3408/3408/3299 3473/3473/3363 3474/3474/3364
f 3410/3410/3301 3409/3409/3300 3475/3475/3365
f 3409/3409/3300 3474/3474/3364 3475/3475/3365
f 3411/3411/3302 3410/3410/3301 3476/3476/3366
f 3410/3410/3301 3475/3475/3365 3476/3476/3366
f 3412/3412/3303 3411/3411/3302 3477/3477/3367
f 3411/3411/3302 3476/3476/3366 3477/3477/3367
f 3413/3413/3304 3412/3412/3303 3478/3478/3368
f 3412/3412/3303 3477/3477/3367 3478/3478/3368
f 3414/3414/3305 3413/3413/3304 3479/3479/3369
f 3413/3413/3304 3478/3478/3368 3479/3479/3369
f 3415/3415/3306 3414/3414/3305 3480/3480/3370
f 3414/3414/3305 3479/3479/3369 3480/3480/3370
f 3416/3416/3307 3415/3415/3306 3481/3481/3371
f 3415/3415/3306 3480/3480/3370 3481/3481/3371
f 3417/3417/3308 3416/3416/3307 3482/3482/3372
f 3416/3416/3307 3481/3481/3371 3482/3482/3372
f 3418/3418/3309 3417/3417/3308 3483/3483/3373
f 3417/3417/3308 3482/3482/3372 3483/3483/3373
f 3419/3419/3310 3418/3418/3309 3484/3484/3374
f 3418/3418/3309 3483/3483/3373 3484/3484/3374
f 3420/3420/3311 3419/3419/3310 3485/3485/3375
f 3419/3419/3310 3484/3484/3374 3485/3485/3375
f 3421/3421/3312 3420/3420/3311 3486/3486/3376
f 3420/3420/3311 3485/3485/3375 3486/3486/3376
f 3422/3422/3313 3421/3421/3312 3487/3487/3377
f 3421/3421/3312 3486/3486/3376 3487/3487/3377
f 3423/3423/3314 3422/3422/3313 3488/3488/3378
f 3422/3422/3313 3487/3487/3377 3488/3488/3378
f 3424/3424/3315 3423/3423/3314 3489/3489/3379
f 3423/3423/3314 3488/3488/3378 3489/3489/3379
f 3425/3425/3316 3424/3424/3315 3490/3490/3380
f 3424/3424/3315 3489/3489/3379 3490/3490/3380
f 3426/3426/3317 3425/3425/3316 3491/3491/3381
f 3425/3425/3316 3490/3490/3380 3491/3491/3381
f 3427/3427/3318 3426/3426/3317 3492/3492/3382
f 3426/3426/3317 3491/3491/3381 3492/3492/3382
f 3428/3428/3319 3427/3427/3318 3493/3493/3383
f 3427/3427/3318 3492/3492/3382 3493/3493/3383
f 3429/3429/3320 3428/3428/3319 3494/3494/3384
f 3428/3428/3319 3493/3493/3383 3494/3494/3384
f 3430/3430/3321 3429/3429/3320 3495/3495/3385
f 3429/3429/3320 3494/3494/3384 3495/3495/3385
f 3431/3431/3322 3430/3430/3321 3496/3496/3386
f 3430/3430/3321 3495/3495/3385 3496/3496/3386
f 3432/3432/3323 3431/3431/3322 3497/3497/3387
f 3431/3431/3322 3496/3496/3386 3497/3497/3387
f 3433/3433/3324 3432/3432/3323 3498/3498/3388
f 3432/3432/3323 3497/3497/3387 3498/3498/3388
f 3434/3434/3325 3433/3433/3324 3499/3499/3389
f 3433/3433/3324 3498/3498/3388 3499/3499/3389
f 3435/3435/3326 3434/3434/3325 3500/3500/3390
f 3434/3434/3325 3499/3499/3389 3500/3500/3390
f 3436/3436/3327 3435/3435/3326 3501/3501/3391
f 3435/3435/3326 3500/3500/3390 3501/3501/3391
f 3437/3437/3328 3436/3436/3327 3502/3502/3392
f 3436/3436/3327 3501/3501/3391 3502/3502/3392
f 3438/3438/3329 3437/3437/3328 3503/3503/3393
f 3437/3437/3328 3502/3502/3392 3503/3503/3393
f 3439/3439/3330 3438/3438/3329 3504/3504/3394
f 3438/3438/3329 3503/3503/3393 3504/3504/3394
f 3440/3440/3331 3439/3439/3330 3505/3505/3395
f 3439/3439/3330 3504/3504/3394 3505/3505/3395
f 3441/3441/3332 3440/3440/3331 3506/3506/3396
f 3440/3440/3331 3505/3505/3395 3506/3506/3396
f 3442/3442/3333 3441/3441/3332 3507/3507/3397
f 3441/3441/3332 3506/3506/3396 3507/3507/3397
f 3443/3443/3334 3442/3442/3333 3508/3508/3398
f 3442/3442/3333 3507/3507/3397 3508/3508/3398
f 3444/3444/3272 3443/3443/3334 3509/3509/3336
f 3443/3443/3334 3508/3508/3398 3509/3509/3336
f 3445/3445/3335 3446/3446/3336 3510/3510/3399
f 3446/3446/3336 3511/3511/3400 3510/3510/3399
f 3447/3447/3337 3445/3445/3335 3512/3512/3401
f 3445/3445/3335 3510/3510/3399 3512/3512/3401
f 3448/3448/3338 3447/3447/3337 3513/3513/3402
f 3447/3447/3337 3512/3512/3401 3513/3513/3402
f 3449/3449/3339 3448/3448/3338 3514/3514/3403
f 3448/3448/3338 3513/3513/3402 3514/3514/3403
f 3450/3450/3340 3449/3449/3339 3515/3515/3404
f 3449/3449/3339 3514/3514/3403 3515/3515/3404
f 3451/3451/3341 3450/3450/3340 3516/3516/3405
f 3450/3450/3340 3515/3515/3404 3516/3516/3405
f 3452/3452/3342 3451/3451/3341 3517/3517/3406
f 3451/3451/3341 3516/3516/3405 3517/3517/3406
f 3453/3453/3343 3452/3452/3342 3518/3518/3407
f 3452/3452/3342 3517/3517/3406 3518/3518/3407
f 3454/3454/3344 3453/3453/3343 3519/3519/3408
f 3453/3453/3343 3518/3518/3407 3519/3519/3408
f 3455/3455/3345 3454/3454/3344 3520/3520/3409
f 3454/3454/3344 3519/3519/3408 3520/3520/3409
f 3456/3456/3346 3455/3455/3345 3521/3521/3410
f 3455/3455/3345 3520/3520/3409 3521/3521/3410
f 3457/3457/3347 3456/3456/3346 3522/3522/3411
f 3456/3456/3346 3521/3521/3410 3522/3522/3411
f 3458/3458/3348 3457/3457/3347 3523/3523/3412
f 3457/3457/3347 3522/3522/3411 3523/3523/3412
f 3459/3459/3349 3458/3458/3348 3524/3524/3413
f 3458/3458/3348 3523/3523/3412 3524/3524/3413
f 3460/3460/3350 3459/3459/3349 3525/3525/3414
f 3459/3459/3349 3524/3524/3413 3525/3525/3414
f 3461/3461/3351 3460/3460/3350 3526/3526/3415
f 3460/3460/3350 3525/3525/3414 3526/3526/3415
f 3462/3462/3352 3461/3461/3351 3527/3527/3416
f 3461/3461/3351 3526/3526/3415 3527/3527/3416
f 3463/3463/3353 3462/3462/3352 3528/3528/3417
f 3462/3462/3352 3527/3527/3416 3528/3528/3417
f 3464/3464/3354 3463/3463/3353 3529/3529/3418
f 3463/3463/3353 3528/3528/3417 3529/3529/3418
f 3465/3465/3355 3464/3464/3354 3530/3530/3419
f 3464/3464/3354 3529/3529/3418 3530/3530/3419
f 3466/3466/3356 3465/3465/3355 3531/3531/3420
f 3465/3465/3355 3530/3530/3419 3531/3531/3420
f 3467/3467/3357 3466/3466/3356 3532/3532/3421
f 3466/3466/3356 3531/3531/3420 3532/3532/3421
f 3468/3468/3358 3467/3467/3357 3533/3533/3422
f 3467/3467/3357 3532/3532/3421 3533/3533/3422
f 3469/3469/3359 3468/3468/3358 3534/3534/3423
f 3468/3468/3358 3533/3533/3422 3534/3534/3423
f 3470/3470/3360 3469/3469/3359 3535/3535/3424
f 3469/3469/3359 3534/3534/3423 3535/3535/3424
f 3471/3471/3361 3470/3470/3360 3536/3536/3425
f 3470/3470/3360 3535/3535/3424 3536/3536/3425
f 3472/3472/3362 3471/3471/3361 3537/3537/3426
f 3471/3471/3361 3536/3536/3425 3537/3537/3426
f 3473/3473/3363 3472/3472/3362 3538/3538/3427
f 3472/3472/3362 3537/3537/3426 3538/3538/3427
f 3474/3474/3364 3473/3473/3363 3539/3539/3428
f 3473/3473/3363 3538/3538/3427 3539/3539/3428
f 3475/3475/3365 3474/3474/3364 3540/3540/3429
f 3474/3474/3364 3539/3539/3428 3540/3540/3429
f 3476/3476/3366 3475/3475/3365 3541/3541/3430
f 3475/3475/3365 3540/3540/3429 3541/3541/3430
f 3477/3477/3367 3476/3476/3366 3542/3542/3431
f 3476/3476/3366 3541/3541/3430 3542/3542/3431
f 3478/3478/3368 3477/3477/3367 3543/3543/3432
f 3477/3477/3367 3542/3542/3431 3543/3543/3432
f 3479/3479/3369 3478/3478/3368 3544/3544/3433
f 3478/3478/3368 3543/3543/3432 3544/3544/3433
f 3480/3480/3370 3479/3479/3369 3545/3545/3434
f 3479/3479/3369 3544/3544/3433 3545/3545/3434
f 3481/3481/3371 3480/3480/3370 3546/3546/3435
f 3480/3480/3370 3545/3545/3434 3546/3546/3435
f 3482/3482/3372 3481/3481/3371 3547/3547/3436
f 3481/3481/3371 3546/3546/3435 3547/3547/3436
f 3483/3483/3373 3482/3482/3372 3548/3548/3437
f 3482/3482/3372 3547/3547/3436 3548/3548/3437
f 3484/3484/3374 3483/3483/3373 3549/3549/3438
f 3483/3483/3373 3548/3548/3437 3549/3549/3438
f 3485/3485/3375 3484/3484/3374 3550/3550/3439
f 3484/3484/3374 3549/3549/3438 3550/3550/3439
f 3486/3486/3376 3485/3485/3375 3551/3551/3440
f 3485/3485/3375 3550/3550/3439 3551/3551/3440
f 3487/3487/3377 3486/3486/3376 3552/3552/3441
f 3486/3486/3376 3551/3551/3440 3552/3552/3441
f 3488/3488/3378 3487/3487/3377 3553/3553/3442
f 3487/3487/3377 3552/3552/3441 3553/3553/3442
f 3489/3489/3379 3488/3488/3378 3554/3554/3443
f 3488/3488/3378 3553/3553/3442 3554/3554/3443
f 3490/3490/3380 3489/3489/3379 3555/3555/3444
f 3489/3489/3379 3554/3554/3443 3555/3555/3444
f 3491/3491/3381 3490/3490/3380 3556/3556/3445
f 3490/3490/3380 3555/3555/3444 3556/3556/3445
f 3492/3492/3382 3491/3491/3381 3557/3557/3446
f 3491/3491/3381 3556/3556/3445 3557/3557/3446
f 3493/3493/3383 3492/3492/3382 3558/3558/3447
f 3492/3492/3382 3557/3557/3446 3558/3558/3447
f 3494/3494/3384 3493/3493/3383 3559/3559/3448
f 3493/3493/3383 3558/3558/3447 3559/3559/3448
f 3495/3495/3385 3494/3494/3384 3560/3560/3449
f 3494/3494/3384 3559/3559/3448 3560/3560/3449
f 3496/3496/3386 3495/3495/3385 3561/3561/3450
f 3495/3495/3385 3560/3560/3449 3561/3561/3450
f 3497/3497/3387 3496/3496/3386 3562/3562/3451
f 3496/3496/3386 3561/3561/3450 3562/3562/3451
f 3498/3498/3388 3497/3497/3387 3563/3563/3452
f 3497/3497/3387 3562/3562/3451 3563/3563/3452
f 3499/3499/3389 3498/3498/3388 3564/3564/3453
f 3498/3498/3388 3563/3563/3452 3564/3564/3453
f 3500/3500/3390 3499/3499/3389 3565/3565/3454
f 3499/3499/3389 3564/3564/3453 3565/3565/3454
f 3501/3501/3391 3500/3500/3390 3566/3566/3455
f 3500/3500/3390 3565/3565/3454 3566/3566/3455
f 3502/3502/3392 3501/3501/3391 3567/3567/3456
f 3501/3501/3391 3566/3566/3455 3567/3567/3456
f 3503/3503/3393 3502/3502/3392 3568/3568/3457
f 3502/3502/3392 3567/3567/3456 3568/3568/3457
f 3504/3504/3394 3503/3503/3393 3569/3569/3458
f 3503/3503/3393 3568/3568/3457 3569/3569/3458
f 3505/3505/3395 3504/3504/3394 3570/3570/3459
f 3504/3504/3394 3569/3569/3458 3570/3570/3459
f 3506/3506/3396 3505/3505/3395 3571/3571/3460
f 3505/3505/3395 3570/3570/3459 3571/3571/3460
f 3507/3507/3397 3506/3506/3396 3572/3572/3461
f 3506/3506/3396 3571/3571/3460 3572/3572/3461
f 3508/3508/3398 3507/3507/3397 3573/3573/3462
f 3507/3507/3397 3572/3572/3461 3573/3573/3462
f 3509/3509/3336 3508/3508/3398 3574/3574/3400
f 3508/3508/3398 3573/3573/3462 3574/3574/3400
f 3510/3510/3399 3511/3511/3400 3575/3575/3463
f 3511/3511/3400 3576/3576/3464 3575/3575/3463
f 3512/3512/3401 3510/3510/3399 3577/3577/3465
f 3510/3510/3399 3575/3575/3463 3577/3577/3465
f 3513/3513/3402 3512/3512/3401 3578/3578/3466
f 3512/3512/3401 3577/3577/3465 3578/3578/3466
f 3514/3514/3403 3513/3513/3402 3579/3579/3467
f 3513/3513/3402 3578/3578/3466 3579/3579/3467
f 3515/3515/3404 3514/3514/3403 3580/3580/3468
f 3514/3514/3403 3579/3579/3467 3580/3580/3468
f 3516/3516/3405 3515/3515/3404 3581/3581/3469
f 3515/3515/3404 3580/3580/3468 3581/3581/3469
f 3517/3517/3406 3516/3516/3405 3582/3582/3470
f 3516/3516/3405 3581/3581/3469 3582/3582/3470
f 3518/3518/3407 3517/3517/3406 3583/3583/3471
f 3517/3517/3406 3582/3582/3470 3583/3583/3471
f 3519/3519/3408 3518/3518/3407 3584/3584/3472
f 3518/3518/3407 3583/3583/3471 3584/3584/3472
f 3520/3520/3409 3519/3519/3408 3585/3585/3473
f 3519/3519/3408 3584/3584/3472 3585/3585/3473
f 3521/3521/3410 3520/3520/3409 3586/3586/3474
f 3520/3520/3409 3585/3585/3473 3586/3586/3474
f 3522/3522/3411 3521/3521/3410 3587/3587/3475
f 3521/3521/3410 3586/3586/3474 3587/3587/3475
f 3523/3523/3412 3522/3522/3411 3588/3588/3476
f 3522/3522/3411 3587/3587/3475 3588/3588/3476
f 3524/3524/3413 3523/3523/3412 3589/3589/3477
f 3523/3523/3412 3588/3588/3476 3589/3589/3477
f 3525/3525/3414 3524/3524/3413 3590/3590/3478
f 3524/3524/3413 3589/3589/3477 3590/3590/3478
f 3526/3526/3415 3525/3525/3414 3591/3591/3479
f 3525/3525/3414 3590/3590/3478 3591/3591/3479
f 3527/3527/3416 3526/3526/3415 3592/3592/3480
f 3526/3526/3415 3591/3591/3479 3592/3592/3480
f 3528/3528/3417 3527/3527/3416 3593/3593/3481
f 3527/3527/3416 3592/3592/3480 3593/3593/3481
f 3529/3529/3418 3528/3528/3417 3594/3594/3482
f 3528/3528/3417 3593/3593/3481 3594/3594/3482
f 3530/3530/3419 3529/3529/3418 3595/3595/3483
f 3529/3529/3418 3594/3594/3482 3595/3595/3483
f 3531/3531/3420 3530/3530/3419 3596/3596/3484
f 3530/3530/3419 3595/3595/3483 3596/3596/3484
f 3532/3532/3421 3531/3531/3420 3597/3597/3485
f 3531/3531/3420 3596/3596/3484 3597/3597/3485
f 3533/3533/3422 3532/3532/3421 3598/3598/3486
f 3532/3532/3421 3597/3597/3485 3598/3598/3486
f 3534/3534/3423 3533/3533/3422 3599/3599/3487
f 3533/3533/3422 3598/3598/3486 3599/3599/3487
f 3535/3535/3424 3534/3534/3423 3600/3600/3488
f 3534/3534/3423 3599/3599/3487 3600/3600/3488
f 3536/3536/3425 3535/3535/3424 3601/3601/3489
f 3535/3535/3424 3600/3600/3488 3601/3601/3489
f 3537/3537/3426 3536/3536/3425 3602/3602/3490
f 3536/3536/3425 3601/3601/3489 3602/3602/3490
f 3538/3538/3427 3537/3537/3426 3603/3603/3491
f 3537/3537/3426 3602/3602/3490 3603/3603/3491
f 3539/3539/3428 3538/3538/3427 3604/3604/3492
f 3538/3538/3427 3603/3603/3491 3604/3604/3492
f 3540/3540/3429 3539/3539/3428 3605/3605/3493
f 3539/3539/3428 3604/3604/3492 3605/3605/3493
f 3541/3541/3430 3540/3540/3429 3606/3606/3494
f 3540/3540/3429 3605/3605/3493 3606/3606/3494
f 3542/3542/3431 3541/3541/3430 3607/3607/3495
f 3541/3541/3430 3606/3606/3494 3607/3607/3495
f 3543/3543/3432 3542/3542/3431 3608/3608/3496
f 3542/3542/3431 3607/3607/3495 3608/3608/3496
f 3544/3544/3433 3543/3543/3432 3609/3609/3497
f 3543/3543/3432 3608/3608/3496 3609/3609/3497
f 3545/3545/3434 3544/3544/3433 3610/3610/3498
f 3544/3544/3433 3609/3609/3497 3610/3610/3498
f 3546/3546/3435 3545/3545/3434 3611/3611/3499
f 3545/3545/3434 3610/3610/3498 3611/3611/3499
f 3547/3547/3436 3546/3546/3435 3612/3612/3500
f 3546/3546/3435 3611/3611/3499 3612/3612/3500
f 3548/3548/3437 3547/3547/3436 3613/3613/3501
f 3547/3547/3436 3612/3612/3500 3613/3613/3501
f 3549/3549/3438 3548/3548/3437 3614/3614/3502
f 3548/3548/3437 3613/3613/3501 3614/3614/3502
f 3550/3550/3439 3549/3549/3438 3615/3615/3503
f 3549/3549/3438 3614/3614/3502 3615/3615/3503
f 3551/3551/3440 3550/3550/3439 3616/3616/3504
f 3550/3550/3439 3615/3615/3503 3616/3616/3504
f 3552/3552/3441 3551/3551/3440 3617/3617/3505
f 3551/3551/3440 3616/3616/3504 3617/3617/3505
f 3553/3553/3442 3552/3552/3441 3618/3618/3506
f 3552/3552/3441 3617/3617/3505 3618/3618/3506
f 3554/3554/3443 3553/3553/3442 3619/3619/3507
f 3553/3553/3442 3618/3618/3506 3619/3619/3507
f 3555/3555/3444 3554/3554/3443 3620/3620/3508
f 3554/3554/3443 3619/3619/3507 3620/3620/3508
f 3556/3556/3445 3555/3555/3444 3621/3621/3509
f 3555/3555/3444 3620/3620/3508 3621/3621/3509
f 3557/3557/3446 3556/3556/3445 3622/3622/3510
f 3556/3556/3445 3621/3621/3509 3622/3622/3510
f 3558/3558/3447 3557/3557/3446 3623/3623/3511
f 3557/3557/3446 3622/3622/3510 3623/3623/3511
f 3559/3559/3448 3558/3558/3447 3624/3624/3512
f 3558/3558/3447 3623/3623/3511 3624/3624/3512
f 3560/3560/3449 3559/3559/3448 3625/3625/3513
f 3559/3559/3448 3624/3624/3512 3625/3625/3513
f 3561/3561/3450 3560/3560/3449 3626/3626/3514
f 3560/3560/3449 3625/3625/3513 3626/3626/3514
f 3562/3562/3451 3561/3561/3450 3627/3627/3515
f 3561/3561/3450 3626/3626/3514 3627/3627/3515
f 3563/3563/3452 3562/3562/3451 3628/3628/3516
f 3562/3562/3451 3627/3627/3515 3628/3628/3516
f 3564/3564/3453 3563/3563/3452 3629/3629/3517
f 3563/3563/3452 3628/3628/3516 3629/3629/3517
f 3565/3565/3454 3564/3564/3453 3630/3630/3518
f 3564/3564/3453 3629/3629/3517 3630/3630/3518
f 3566/3566/3455 3565/3565/3454 3631/3631/3519
f 3565/3565/3454 3630/3630/3518 3631/3631/3519
f 3567/3567/3456 3566/3566/3455 3632/3632/3520
f 3566/3566/3455 3631/3631/3519 3632/3632/3520
f 3568/3568/3457 3567/3567/3456 3633/3633/3521
f 3567/3567/3456 3632/3632/3520 3633/3633/3521
f 3569/3569/3458 3568/3568/3457 3634/3634/3522
f 3568/3568/3457 3633/3633/3521 3634/3634/3522
f 3570/3570/3459 3569/3569/3458 3635/3635/3523
f 3569/3569/3458 3634/3634/3522 3635/3635/3523
f 3571/3571/3460 3570/3570/3459 3636/3636/3524
f 3570/3570/3459 3635/3635/3523 3636/3636/3524
f 3572/3572/3461 3571/3571/3460 3637/3637/3525
f 3571/3571/3460 3636/3636/3524 3637/3637/3525
f 3573/3573/3462 3572/3572/3461 3638/3638/3526
f 3572/3572/3461 3637/3637/3525 3638/3638/3526
f 3574/3574/3400 3573/3573/3462 3639/3639/3464
f 3573/3573/3462 3638/3638/3526 3639/3639/3464
f 3575/3575/3463 3576/3576/3464 3640/3640/3527
f 3576/3576/3464 3641/3641/3528 3640/3640/3527
f 3577/3577/3465 3575/3575/3463 3642/3642/3529
f 3575/3575/3463 3640/3640/3527 3642/3642/3529
f 3578/3578/3466 3577/3577/3465 3643/3643/3530
f 3577/3577/3465 3642/3642/3529 3643/3643/3530
f 3579/3579/3467 3578/3578/3466 3644/3644/3531
f 3578/3578/3466 3643/3643/3530 3644/3644/3531
f 3580/3580/3468 3579/3579/3467 3645/3645/3532
f 3579/3579/3467 3644/3644/3531 3645/3645/3532
f 3581/3581/3469 3580/3580/3468 3646/3646/3533
f 3580/3580/3468 3645/3645/3532 3646/3646/3533
f 3582/3582/3470 3581/3581/3469 3647/3647/3534
f 3581/3581/3469 3646/3646/3533 3647/3647/3534
f 3583/3583/3471 3582/3582/3470 3648/3648/3535
f 3582/3582/3470 3647/3647/3534 3648/3648/3535
f 3584/3584/3472 3583/3583/3471 3649/3649/3536
f 3583/3583/3471 3648/3648/3535 3649/3649/3536
f 3585/3585/3473 3584/3584/3472 3650/3650/3537
f 3584/3584/3472 3649/3649/3536 3650/3650/3537
f 3586/3586/3474 3585/3585/3473 3651/3651/3538
f 3585/3585/3473 3650/3650/3537 3651/3651/3538
f 3587/3587/3475 3586/3586/3474 3652/3652/3539
f 3586/3586/3474 3651/3651/3538 3652/3652/3539
f 3588/3588/3476 3587/3587/3475 3653/3653/3540
f 3587/3587/3475 3652/3652/3539 3653/3653/3540
f 3589/3589/3477 3588/3588/3476 3654/3654/3541
f 3588/3588/3476 3653/3653/3540 3654/3654/3541
f 3590/3590/3478 3589/3589/3477 3655/3655/3542
f 3589/3589/3477 3654/3654/3541 3655/3655/3542
f 3591/3591/3479 3590/3590/3478 3656/3656/3543
f 3590/3590/3478 3655/3655/3542 3656/3656/3543
f 3592/3592/3480 3591/3591/3479 3657/3657/3544
f 3591/3591/3479 3656/3656/3543 3657/3657/3544
f 3593/3593/3481 3592/3592/3480 3658/3658/3545
f 3592/3592/3480 3657/3657/3544 3658/3658/3545
f 3594/3594/3482 3593/3593/3481 3659/3659/3546
f 3593/3593/3481 3658/3658/3545 3659/3659/3546
f 3595/3595/3483 3594/3594/3482 3660/3660/3547
f 3594/3594/3482 3659/3659/3546 3660/3660/3547
f 3596/3596/3484 3595/3595/3483 3661/3661/3548
f 3595/3595/3483 3660/3660/3547 3661/3661/3548
f 3597/3597/3485 3596/3596/3484 3662/3662/3549
f 3596/3596/3484 3661/3661/3548 3662/3662/3549
f 3598/3598/3486 3597/3597/3485 3663/3663/3550
f 3597/3597/3485 3662/3662/3549 3663/3663/3550
f 3599/3599/3487 3598/3598/3486 3664/3664/3551
f 3598/3598/3486 3663/3663/3550 3664/3664/3551
f 3600/3600/3488 3599/3599/3487 3665/3665/3552
f 3599/3599/3487 3664/3664/3551 3665/3665/3552
f 3601/3601/3489 3600/3600/3488 3666/3666/3553
f 3600/3600/3488 3665/3665/3552 3666/3666/3553
f 3602/3602/3490 3601/3601/3489 3667/3667/3554
f 3601/3601/3489 3666/3666/3553 3667/3667/3554
f 3603/3603/3491 3602/3602/3490 3668/3668/3555
f 3602/3602/3490 3667/3667/3554 3668/3668/3555
f 3604/3604/3492 3603/3603/3491 3669/3669/3556
f 3603/3603/3491 3668/3668/3555 3669/3669/3556
f 3605/3605/3493 3604/3604/3492 3670/3670/3557
f 3604/3604/3492 3669/3669/3556 3670/3670/3557
f 3606/3606/3494 3605/3605/3493 3671/3671/3558
f 3605/3605/3493 3670/3670/3557 3671/3671/3558
f 3607/3607/3495 3606/3606/3494 3672/3672/3559
f 3606/3606/3494 3671/3671/3558 3672/3672/3559
f 3608/3608/3496 3607/3607/3495 3673/3673/3560
f 3607/3607/3495 3672/3672/3559 3673/3673/3560
f 3609/3609/3497 3608/3608/3496 3674/3674/3561
f 3608/3608/3496 3673/3673/3560 3674/3674/3561
f 3610/3610/3498 3609/3609/3497 3675/3675/3562
f 3609/3609/3497 3674/3674/3561 3675/3675/3562
f 3611/3611/3499 3610/3610/3498 3676/3676/3563
f 3610/3610/3498 3675/3675/3562 3676/3676/3563
f 3612/3612/3500 3611/3611/3499 3677/3677/3564
f 3611/3611/3499 3676/3676/3563 3677/3677/3564
f 3613/3613/3501 3612/3612/3500 3678/3678/3565
f 3612/3612/3500 3677/3677/3564 3678/3678/3565
f 3614/3614/3502 3613/3613/3501 3679/3679/3566
f 3613/3613/3501 3678/3678/3565 3679/3679/3566
f 3615/3615/3503 3614/3614/3502 3680/3680/3567
f 3614/3614/3502 3679/3679/3566 3680/3680/3567
f 3616/3616/3504 3615/3615/3503 3681/3681/3568
f 3615/3615/3503 3680/3680/3567 3681/3681/3568
f 3617/3617/3505 3616/3616/3504 3682/3682/3569
f 3616/3616/3504 3681/3681/3568 3682/3682/3569
f 3618/3618/3506 3617/3617/3505 3683/3683/3570
f 3617/3617/3505 3682/3682/3569 3683/3683/3570
f 3619/3619/3507 3618/3618/3506 3684/3684/3571
f 3618/3618/3506 3683/3683/3570 3684/3684/3571
f 3620/3620/3508 3619/3619/3507 3685/3685/3572
f 3619/3619/3507 3684/3684/3571 3685/3685/3572
f 3621/3621/3509 3620/3620/3508 3686/3686/3573
f 3620/3620/3508 3685/3685/3572 3686/3686/3573
f 3622/3622/3510 3621/3621/3509 3687/3687/3574
f 3621/3621/3509 3686/3686/3573 3687/3687/3574
f 3623/3623/3511 3622/3622/3510 3688/3688/3575
f 3622/3622/3510 3687/3687/3574 3688/3688/3575
f 3624/3624/3512 3623/3623/3511 3689/3689/3576
f 3623/3623/3511 3688/3688/3575 3689/3689/3576
f 3625/3625/3513 3624/3624/3512 3690/3690/3577
f 3624/3624/3512 3689/3689/3576 3690/3690/3577
f 3626/3626/3514 3625/3625/3513 3691/3691/3578
f 3625/3625/3513 3690/3690/3577 3691/3691/3578
f 3627/3627/3515 3626/3626/3514 3692/3692/3579
f 3626/3626/3514 3691/3691/3578 3692/3692/3579
f 3628/3628/3516 3627/3627/3515 3693/3693/3580
f 3627/3627/3515 3692/3692/3579 3693/3693/3580
f 3629/3629/3517 3628/3628/3516 3694/3694/3581
f 3628/3628/3516 3693/3693/3580 3694/3694/3581
f 3630/3630/3518 3629/3629/3517 3695/3695/3582
f 3629/3629/3517 3694/3694/3581 3695/3695/3582
f 3631/3631/3519 3630/3630/3518 3696/3696/3583
f 3630/3630/3518 3695/3695/3582 3696/3696/3583
f 3632/3632/3520 3631/3631/3519 3697/3697/3584
f 3631/3631/3519 3696/3696/3583 3697/3697/3584
f 3633/3633/3521 3632/3632/3520 3698/3698/3585
f 3632/3632/3520 3697/3697/3584 3698/3698/3585
f 3634/3634/3522 3633/3633/3521 3699/3699/3586
f 3633/3633/3521 3698/3698/3585 3699/3699/3586
f 3635/3635/3523 3634/3634/3522 3700/3700/3587
f 3634/3634/3522 3699/3699/3586 3700/3700/3587
f 3636/3636/3524 3635/3635/3523 3701/3701/3588
f 3635/3635/3523 3700/3700/3587 3701/3701/3588
f 3637/3637/3525 3636/3636/3524 3702/3702/3589
f 3636/3636/3524 3701/3701/3588 3702/3702/3589
f 3638/3638/3526 3637/3637/3525 3703/3703/3590
f 3637/3637/3525 3702/3702/3589 3703/3703/3590
f 3639/3639/3464 3638/3638/3526 3704/3704/3528
f 3638/3638/3526 3703/3703/3590 3704/3704/3528
f 3640/3640/3527 3641/3641/3528 3705/3705/3591
f 3641/3641/3528 3706/3706/3592 3705/3705/3591
f 3642/3642/3529 3640/3640/3527 3707/3707/3593
f 3640/3640/3527 3705/3705/3591 3707/3707/3593
f 3643/3643/3530 3642/3642/3529 3708/3708/3594
f 3642/3642/3529 3707/3707/3593 3708/3708/3594
f 3644/3644/3531 3643/3643/3530 3709/3709/3595
f 3643/3643/3530 3708/3708/3594 3709/3709/3595
f 3645/3645/3532 3644/3644/3531 3710/3710/3596
f 3644/3644/3531 3709/3709/3595 3710/3710/3596
f 3646/3646/3533 3645/3645/3532 3711/3711/3597
f 3645/3645/3532 3710/3710/3596 3711/3711/3597
f 3647/3647/3534 3646/3646/3533 3712/3712/3598
f 3646/3646/3533 3711/3711/3597 3712/3712/3598
f 3648/3648/3535 3647/3647/3534 3713/3713/3599
f 3647/3647/3534 3712/3712/3598 3713/3713/3599
f 3649/3649/3536 3648/3648/3535 3714/3714/3600
f 3648/3648/3535 3713/3713/3599 3714/3714/3600
f 3650/3650/3537 3649/3649/3536 3715/3715/3601
f 3649/3649/3536 3714/3714/3600 3715/3715/3601
f 3651/3651/3538 3650/3650/3537 3716/3716/3602
f 3650/3650/3537 3715/3715/3601 3716/3716/3602
f 3652/3652/3539 3651/3651/3538 3717/3717/3603
f 3651/3651/3538 3716/3716/3602 3717/3717/3603
f 3653/3653/3540 3652/3652/3539 3718/3718/3604
f 3652/3652/3539 3717/3717/3603 3718/3718/3604
f 3654/3654/3541 3653/3653/3540 3719/3719/3605
f 3653/3653/3540 3718/3718/3604 3719/3719/3605
f 3655/3655/3542 3654/3654/3541 3720/3720/3606
f 3654/3654/3541 3719/3719/3605 3720/3720/3606
f 3656/3656/3543 3655/3655/3542 3721/3721/3607
f 3655/3655/3542 3720/3720/3606 3721/3721/3607
f 3657/3657/3544 3656/3656/3543 3722/3722/3608
f 3656/3656/3543 3721/3721/3607 3722/3722/3608
f 3658/3658/3545 3657/3657/3544 3723/3723/3609
f 3657/3657/3544 3722/3722/3608 3723/3723/3609
f 3659/3659/3546 3658/3658/3545 3724/3724/3610
f 3658/3658/3545 3723/3723/3609 3724/3724/3610
f 3660/3660/3547 3659/3659/3546 3725/3725/3611
f 3659/3659/3546 3724/3724/3610 3725/3725/3611
f 3661/3661/3548 3660/3660/3547 3726/3726/3612
f 3660/3660/3547 3725/3725/3611 3726/3726/3612
f 3662/3662/3549 3661/3661/3548 3727/3727/3613
f 3661/3661/3548 3726/3726/3612 3727/3727/3613
f 3663/3663/3550 3662/3662/3549 3728/3728/3614
f 3662/3662/3549 3727/3727/3613 3728/3728/3614
f 3664/3664/3551 3663/3663/3550 3729/3729/3615
f 3663/3663/3550 3728/3728/3614 3729/3729/3615
f 3665/3665/3552 3664/3664/3551 3730/3730/3616
f 3664/3664/3551 3729/3729/3615 3730/3730/3616
f 3666/3666/3553 3665/3665/3552 3731/3731/3617
f 3665/3665/3552 3730/3730/3616 3731/3731/3617
f 3667/3667/3554 3666/3666/3553 3732/3732/3618
f 3666/3666/3553 3731/3731/3617 3732/3732/3618
f 3668/3668/3555 3667/3667/3554 3733/3733/3619
f 3667/3667/3554 3732/3732/3618 3733/3733/3619
f 3669/3669/3556 3668/3668/3555 3734/3734/3620
f 3668/3668/3555 3733/3733/3619 3734/3734/3620
f 3670/3670/3557 3669/3669/3556 3735/3735/3621
f 3669/3669/3556 3734/3734/3620 3735/3735/3621
f 3671/3671/3558 3670/3670/3557 3736/3736/3622
f 3670/3670/3557 3735/3735/3621 3736/3736/3622
f 3672/3672/3559 3671/3671/3558 3737/3737/3623
f 3671/3671/3558 3736/3736/3622 3737/3737/3623
f 3673/3673/3560 3672/3672/3559 3738/3738/3624
f 3672/3672/3559 3737/3737/3623 3738/3738/3624
f 3674/3674/3561 3673/3673/3560 3739/3739/3625
f 3673/3673/3560 3738/3738/3624 3739/3739/3625
f 3675/3675/3562 3674/3674/3561 3740/3740/3626
f 3674/3674/3561 3739/3739/3625 3740/3740/3626
f 3676/3676/3563 3675/3675/3562 3741/3741/3627
f 3675/3675/3562 3740/3740/3626 3741/3741/3627
f 3677/3677/3564 3676/3676/3563 3742/3742/3628
f 3676/3676/3563 3741/3741/3627 3742/3742/3628
f 3678/3678/3565 3677/3677/3564 3743/3743/3629
f 3677/3677/3564 3742/3742/3628 3743/3743/3629
f 3679/3679/3566 3678/3678/3565 3744/3744/3630
f 3678/3678/3565 3743/3743/3629 3744/3744/3630
f 3680/3680/3567 3679/3679/3566 3745/3745/3631
f 3679/3679/3566 3744/3744/3630 3745/3745/3631
f 3681/3681/3568 3680/3680/3567 3746/3746/3632
f 3680/3680/3567 3745/3745/3631 3746/3746/3632
f 3682/3682/3569 3681/3681/3568 3747/3747/3633
f 3681/3681/3568 3746/3746/3632 3747/3747/3633
f 3683/3683/3570 3682/3682/3569 3748/3748/3634
f 3682/3682/3569 3747/3747/3633 3748/3748/3634
f 3684/3684/3571 3683/3683/3570 3749/3749/3635
f 3683/3683/3570 3748/3748/3634 3749/3749/3635
f 3685/3685/3572 3684/3684/3571 3750/3750/3636
f 3684/3684/3571 3749/3749/3635 3750/3750/3636
f 3686/3686/3573 3685/3685/3572 3751/3751/3637
f 3685/3685/3572 3750/3750/3636 3751/3751/3637
f 3687/3687/3574 3686/3686/3573 3752/3752/3638
f 3686/3686/3573 3751/3751/3637 3752/3752/3638
f 3688/3688/3575 3687/3687/3574 3753/3753/3639
f 3687/3687/3574 3752/3752/3638 3753/3753/3639
f 3689/3689/3576 3688/3688/3575 3754/3754/3640
f 3688/3688/3575 3753/3753/3639 3754/3754/3640
f 3690/3690/3577 3689/3689/3576 3755/3755/3641
f 3689/3689/3576 3754/3754/3640 3755/3755/3641
f 3691/3691/3578 3690/3690/3577 3756/3756/3642
f 3690/3690/3577 3755/3755/3641 3756/3756/3642
f 3692/3692/3579 3691/3691/3578 3757/3757/3643
f 3691/3691/3578 3756/3756/3642 3757/3757/3643
f 3693/3693/3580 3692/3692/3579 3758/3758/3644
f 3692/3692/3579 3757/3757/3643 3758/3758/3644
f 3694/3694/3581 3693/3693/3580 3759/3759/3645
f 3693/3693/3580 3758/3758/3644 3759/3759/3645
f 3695/3695/3582 3694/3694/3581 3760/3760/3646
f 3694/3694/3581 3759/3759/3645 3760/3760/3646
f 3696/3696/3583 3695/3695/3582 3761/3761/3647
f 3695/3695/3582 3760/3760/3646 3761/3761/3647
f 3697/3697/3584 3696/3696/3583 3762/3762/3648
f 3696/3696/3583 3761/3761/3647 3762/3762/3648
f 3698/3698/3585 3697/3697/3584 3763/3763/3649
f 3697/3697/3584 3762/3762/3648 3763/3763/3649
f 3699/3699/3586 3698/3698/3585 3764/3764/3650
f 3698/3698/3585 3763/3763/3649 3764/3764/3650
f 3700/3700/3587 3699/3699/3586 3765/3765/3651
f 3699/3699/3586 3764/3764/3650 3765/3765/3651
f 3701/3701/3588 3700/3700/3587 3766/3766/3652
f 3700/3700/3587 3765/3765/3651 3766/3766/3652
f 3702/3702/3589 3701/3701/3588 3767/3767/3653
f 3701/3701/3588 3766/3766/3652 3767/3767/3653
f 3703/3703/3590 3702/3702/3589 3768/3768/3654
f 3702/3702/3589 3767/3767/3653 3768/3768/3654
f 3704/3704/3528 3703/3703/3590 3769/3769/3592
f 3703/3703/3590 3768/3768/3654 3769/3769/3592
f 3705/3705/3591 3706/3706/3592 3770/3770/3655
f 3706/3706/3592 3771/3771/3656 3770/3770/3655
f 3707/3707/3593 3705/3705/3591 3772/3772/3657
f 3705/3705/3591 3770/3770/3655 3772/3772/3657
f 3708/3708/3594 3707/3707/3593 3773/3773/3658
f 3707/3707/3593 3772/3772/3657 3773/3773/3658
f 3709/3709/3595 3708/3708/3594 3774/3774/3659
f 3708/3708/3594 3773/3773/3658 3774/3774/3659
f 3710/3710/3596 3709/3709/3595 3775/3775/3660
f 3709/3709/3595 3774/3774/3659 3775/3775/3660
f 3711/3711/3597 3710/3710/3596 3776/3776/3661
f 3710/3710/3596 3775/3775/3660 3776/3776/3661
f 3712/3712/3598 3711/3711/3597 3777/3777/3662
f 3711/3711/3597 3776/3776/3661 3777/3777/3662
f 3713/3713/3599 3712/3712/3598 3778/3778/3663
f 3712/3712/3598 3777/3777/3662 3778/3778/3663
f 3714/3714/3600 3713/3713/3599 3779/3779/3664
f 3713/3713/3599 3778/3778/3663 3779/3779/3664
f 3715/3715/3601 3714/3714/3600 3780/3780/3665
f 3714/3714/3600 3779/3779/3664 3780/3780/3665
f 3716/3716/3602 3715/3715/3601 3781/3781/3666
f 3715/3715/3601 3780/3780/3665 3781/3781/3666
f 3717/3717/3603 3716/3716/3602 3782/3782/3667
f 3716/3716/3602 3781/3781/3666 3782/3782/3667
f 3718/3718/3604 3717/3717/3603 3783/3783/3668
f 3717/3717/3603 3782/3782/3667 3783/3783/3668
f 3719/3719/3605 3718/3718/3604 3784/3784/3669
f 3718/3718/3604 3783/3783/3668 3784/3784/3669
f 3720/3720/3606 3719/3719/3605 3785/3785/3670
f 3719/3719/3605 3784/3784/3669 3785/3785/3670
f 3721/3721/3607 3720/3720/3606 3786/3786/3671
f 3720/3720/3606 3785/3785/3670 3786/3786/3671
f 3722/3722/3608 3721/3721/3607 3787/3787/3672
f 3721/3721/3607 3786/3786/3671 3787/3787/3672
f 3723/3723/3609 3722/3722/3608 3788/3788/3673
f 3722/3722/3608 3787/3787/3672 3788/3788/3673
f 3724/3724/3610 3723/3723/3609 3789/3789/3674
f 3723/3723/3609 3788/3788/3673 3789/3789/3674
f 3725/3725/3611 3724/3724/3610 3790/3790/3675
f 3724/3724/3610 3789/3789/3674 3790/3790/3675
f 3726/3726/3612 3725/3725/3611 3791/3791/3676
f 3725/3725/3611 3790/3790/3675 3791/3791/3676
f 3727/3727/3613 3726/3726/3612 3792/3792/3677
f 3726/3726/3612 3791/3791/3676 3792/3792/3677
f 3728/3728/3614 3727/3727/3613 3793/3793/3678
f 3727/3727/3613 3792/3792/3677 3793/3793/3678
f 3729/3729/3615 3728/3728/3614 3794/3794/3679
f 3728/3728/3614 3793/3793/3678 3794/3794/3679
f 3730/3730/3616 3729/3729/3615 3795/3795/3680
f 3729/3729/3615 3794/3794/3679 3795/3795/3680
f 3731/3731/3617 3730/3730/3616 3796/3796/3681
f 3730/3730/3616 3795/3795/3680 3796/3796/3681
f 3732/3732/3618 3731/3731/3617 3797/3797/3682
f 3731/3731/3617 3796/3796/3681 3797/3797/3682
f 3733/3733/3619 3732/3732/3618 3798/3798/3683
f 3732/3732/3618 3797/3797/3682 3798/3798/3683
f 3734/3734/3620 3733/3733/3619 3799/3799/3684
f 3733/3733/3619 3798/3798/3683 3799/3799/3684
f 3735/3735/3621 3734/3734/3620 3800/3800/3685
f 3734/3734/3620 3799/3799/3684 3800/3800/3685
f 3736/3736/3622 3735/3735/3621 3801/3801/3686
f 3735/3735/3621 3800/3800/3685 3801/3801/3686
f 3737/3737/3623 3736/3736/3622 3802/3802/3687
f 3736/3736/3622 3801/3801/3686 3802/3802/3687
f 3738/3738/3624 3737/3737/3623 3803/3803/3688
f 3737/3737/3623 3802/3802/3687 3803/3803/3688
f 3739/3739/3625 3738/3738/3624 3804/3804/3689
f 3738/3738/3624 3803/3803/3688 3804/3804/3689
f 3740/3740/3626 3739/3739/3625 3805/3805/3690
f 3739/3739/3625 3804/3804/3689 3805/3805/3690
f 3741/3741/3627 3740/3740/3626 3806/3806/3691
f 3740/3740/3626 3805/3805/3690 3806/3806/3691
f 3742/3742/3628 3741/3741/3627 3807/3807/3692
f 3741/3741/3627 3806/3806/3691 3807/3807/3692
f 3743/3743/3629 3742/3742/3628 3808/3808/3693
f 3742/3742/3628 3807/3807/3692 3808/3808/3693
f 3744/3744/3630 3743/3743/3629 3809/3809/3694
f 3743/3743/3629 3808/3808/3693 3809/3809/3694
f 3745/3745/3631 3744/3744/3630 3810/3810/3695
f 3744/3744/3630 3809/3809/3694 3810/3810/3695
f 3746/3746/3632 3745/3745/3631 3811/3811/3696
f 3745/3745/3631 3810/3810/3695 3811/3811/3696
f 3747/3747/3633 3746/3746/3632 3812/3812/3697
f 3746/3746/3632 3811/3811/3696 3812/3812/3697
f 3748/3748/3634 3747/3747/3633 3813/3813/3698
f 3747/3747/3633 3812/3812/3697 3813/3813/3698
f 3749/3749/3635 3748/3748/3634 3814/3814/3699
f 3748/3748/3634 3813/3813/3698 3814/3814/3699
f 3750/3750/3636 3749/3749/3635 3815/3815/3700
f 3749/3749/3635 3814/3814/3699 3815/3815/3700
f 3751/3751/3637 3750/3750/3636 3816/3816/3701
f 3750/3750/3636 3815/3815/3700 3816/3816/3701
f 3752/3752/3638 3751/3751/3637 3817/3817/3702
f 3751/3751/3637 3816/3816/3701 3817/3817/3702
f 3753/3753/3639 3752/3752/3638 3818/3818/3703
f 3752/3752/3638 3817/3817/3702 3818/3818/3703
f 3754/3754/3640 3753/3753/3639 3819/3819/3704
f 3753/3753/3639 3818/3818/3703 3819/3819/3704
f 3755/3755/3641 3754/3754/3640 3820/3820/3705
f 3754/3754/3640 3819/3819/3704 3820/3820/3705
f 3756/3756/3642 3755/3755/3641 3821/3821/3706
f 3755/3755/3641 3820/3820/3705 3821/3821/3706
f 3757/3757/3643 3756/3756/3642 3822/3822/3707
f 3756/3756/3642 3821/3821/3706 3822/3822/3707
f 3758/3758/3644 3757/3757/3643 3823/3823/3708
f 3757/3757/3643 3822/3822/3707 3823/3823/3708
f 3759/3759/3645 3758/3758/3644 3824/3824/3709
f 3758/3758/3644 3823/3823/3708 3824/3824/3709
f 3760/3760/3646 3759/3759/3645 3825/3825/3710
f 3759/3759/3645 3824/3824/3709 3825/3825/3710
f 3761/3761/3647 3760/3760/3646 3826/3826/3711
f 3760/3760/3646 3825/3825/3710 3826/3826/3711
f 3762/3762/3648 3761/3761/3647 3827/3827/3712
f 3761/3761/3647 3826/3826/3711 3827/3827/3712
f 3763/3763/3649 3762/3762/3648 3828/3828/3713
f 3762/3762/3648 3827/3827/3712 3828/3828/3713
f 3764/3764/3650 3763/3763/3649 3829/3829/3714
f 3763/3763/3649 3828/3828/3713 3829/3829/3714
f 3765/3765/3651 3764/3764/3650 3830/3830/3715
f 3764/3764/3650 3829/3829/3714 3830/3830/3715
f 3766/3766/3652 3765/3765/3651 3831/3831/3716
f 3765/3765/3651 3830/3830/3715 3831/3831/3716
f 3767/3767/3653 3766/3766/3652 3832/3832/3717
f 3766/3766/3652 3831/3831/3716 3832/3832/3717
f 3768/3768/3654 3767/3767/3653 3833/3833/3718
f 3767/3767/3653 3832/3832/3717 3833/3833/3718
f 3769/3769/3592 3768/3768/3654 3834/3834/3656
f 3768/3768/3654 3833/3833/3718 3834/3834/3656
f 3770/3770/3655 3771/3771/3656 3835/3835/3719
f 3771/3771/3656 3836/3836/3720 3835/3835/3719
f 3772/3772/3657 3770/3770/3655 3837/3837/3721
f 3770/3770/3655 3835/3835/3719 3837/3837/3721
f 3773/3773/3658 3772/3772/3657 3838/3838/3722
f 3772/3772/3657 3837/3837/3721 3838/3838/3722
f 3774/3774/3659 3773/3773/3658 3839/3839/3723
f 3773/3773/3658 3838/3838/3722 3839/3839/3723
f 3775/3775/3660 3774/3774/3659 3840/3840/3724
f 3774/3774/3659 3839/3839/3723 3840/3840/3724
f 3776/3776/3661 3775/3775/3660 3841/3841/3725
f 3775/3775/3660 3840/3840/3724 3841/3841/3725
f 3777/3777/3662 3776/3776/3661 3842/3842/3726
f 3776/3776/3661 3841/3841/3725 3842/3842/3726
f 3778/3778/3663 3777/3777/3662 3843/3843/3727
f 3777/3777/3662 3842/3842/3726 3843/3843/3727
f 3779/3779/3664 3778/3778/3663 3844/3844/3728
f 3778/3778/3663 3843/3843/3727 3844/3844/3728
f 3780/3780/3665 3779/3779/3664 3845/3845/3729
f 3779/3779/3664 3844/3844/3728 3845/3845/3729
f 3781/3781/3666 3780/3780/3665 3846/3846/3730
f 3780/3780/3665 3845/3845/3729 3846/3846/3730
f 3782/3782/3667 3781/3781/3666 3847/3847/3731
f 3781/3781/3666 3846/3846/3730 3847/3847/3731
f 3783/3783/3668 3782/3782/3667 3848/3848/3732
f 3782/3782/3667 3847/3847/3731 3848/3848/3732
f 3784/3784/3669 3783/3783/3668 3849/3849/3733
f 3783/3783/3668 3848/3848/3732 3849/3849/3733
f 3785/3785/3670 3784/3784/3669 3850/3850/3734
f 3784/3784/3669 3849/3849/3733 3850/3850/3734
f 3786/3786/3671 3785/3785/3670 3851/3851/3735
f 3785/3785/3670 3850/3850/3734 3851/3851/3735
f 3787/3787/3672 3786/3786/3671 3852/3852/3736
f 3786/3786/3671 3851/3851/3735 3852/3852/3736
f 3788/3788/3673 3787/3787/3672 3853/3853/3737
f 3787/3787/3672 3852/3852/3736 3853/3853/3737
f 3789/3789/3674 3788/3788/3673 3854/3854/3738
f 3788/3788/3673 3853/3853/3737 3854/3854/3738
f 3790/3790/3675 3789/3789/3674 3855/3855/3739
f 3789/3789/3674 3854/3854/3738 3855/3855/3739
f 3791/3791/3676 3790/3790/3675 3856/3856/3740
f 3790/3790/3675 3855/3855/3739 3856/3856/3740
f 3792/3792/3677 3791/3791/3676 3857/3857/3741
f 3791/3791/3676 3856/3856/3740 3857/3857/3741
f 3793/3793/3678 3792/3792/3677 3858/3858/3742
f 3792/3792/3677 3857/3857/3741 3858/3858/3742
f 3794/3794/3679 3793/3793/3678 3859/3859/3743
f 3793/3793/3678 3858/3858/3742 3859/3859/3743
f 3795/3795/3680 3794/3794/3679 3860/3860/3744
f 3794/3794/3679 3859/3859/3743 3860/3860/3744
f 3796/3796/3681 3795/3795/3680 3861/3861/3745
f 3795/3795/3680 3860/3860/3744 3861/3861/3745
f 3797/3797/3682 3796/3796/3681 3862/3862/3746
f 3796/3796/3681 3861/3861/3745 3862/3862/3746
f 3798/3798/3683 3797/3797/3682 3863/3863/3747
f 3797/3797/3682 3862/3862/3746 3863/3863/3747
f 3799/3799/3684 3798/3798/3683 3864/3864/3748
f 3798/3798/3683 3863/3863/3747 3864/3864/3748
f 3800/3800/3685 3799/3799/3684 3865/3865/3749
f 3799/3799/3684 3864/3864/3748 3865/3865/3749
f 3801/3801/3686 3800/3800/3685 3866/3866/3750
f 3800/3800/3685 3865/3865/3749 3866/3866/3750
f 3802/3802/3687 3801/3801/3686 3867/3867/3751
f 3801/3801/3686 3866/3866/3750 3867/3867/3751
f 3803/3803/3688 3802/3802/3687 3868/3868/3752
f 3802/3802/3687 3867/3867/3751 3868/3868/3752
f 3804/3804/3689 3803/3803/3688 3869/3869/3753
f 3803/3803/3688 3868/3868/3752 3869/3869/3753
f 3805/3805/3690 3804/3804/3689 3870/3870/3754
f 3804/3804/3689 3869/3869/3753 3870/3870/3754
f 3806/3806/3691 3805/3805/3690 3871/3871/3755
f 3805/3805/3690 3870/3870/3754 3871/3871/3755
f 3807/3807/3692 3806/3806/3691 3872/3872/3756
f 3806/3806/3691 3871/3871/3755 3872/3872/3756
f 3808/3808/3693 3807/3807/3692 3873/3873/3757
f 3807/3807/3692 3872/3872/3756 3873/3873/3757
f 3809/3809/3694 3808/3808/3693 3874/3874/3758
f 3808/3808/3693 3873/3873/3757 3874/3874/3758
f 3810/3810/3695 3809/3809/3694 3875/3875/3759
f 3809/3809/3694 3874/3874/3758 3875/3875/3759
f 3811/3811/3696 3810/3810/3695 3876/3876/3760
f 3810/3810/3695 3875/3875/3759 3876/3876/3760
f 3812/3812/3697 3811/3811/3696 3877/3877/3761
f 3811/3811/3696 3876/3876/3760 3877/3877/3761
f 3813/3813/3698 3812/3812/3697 3878/3878/3762
f 3812/3812/3697 3877/3877/3761 3878/3878/3762
f 3814/3814/3699 3813/3813/3698 3879/3879/3763
f 3813/3813/3698 3878/3878/3762 3879/3879/3763
f 3815/3815/3700 3814/3814/3699 3880/3880/3764
f 3814/3814/3699 3879/3879/3763 3880/3880/3764
f 3816/3816/3701 3815/3815/3700 3881/3881/3765
f 3815/3815/3700 3880/3880/3764 3881/3881/3765
f 3817/3817/3702 3816/3816/3701 3882/3882/3766
f 3816/3816/3701 3881/3881/3765 3882/3882/3766
f 3818/3818/3703 3817/3817/3702 3883/3883/3767
f 3817/3817/3702 3882/3882/3766 3883/3883/3767
f 3819/3819/3704 3818/3818/3703 3884/3884/3768
f 3818/3818/3703 3883/3883/3767 3884/3884/3768
f 3820/3820/3705 3819/3819/3704 3885/3885/3769
f 3819/3819/3704 3884/3884/3768 3885/3885/3769
f 3821/3821/3706 3820/3820/3705 3886/3886/3770
f 3820/3820/3705 3885/3885/3769 3886/3886/3770
f 3822/3822/3707 3821/3821/3706 3887/3887/3771
f 3821/3821/3706 3886/3886/3770 3887/3887/3771
f 3823/3823/3708 3822/3822/3707 3888/3888/3772
f 3822/3822/3707 3887/3887/3771 3888/3888/3772
f 3824/3824/3709 3823/3823/3708 3889/3889/3773
f 3823/3823/3708 3888/3888/3772 3889/3889/3773
f 3825/3825/3710 3824/3824/3709 3890/3890/3774
f 3824/3824/3709 3889/3889/3773 3890/3890/3774
f 3826/3826/3711 3825/3825/3710 3891/3891/3775
f 3825/3825/3710 3890/3890/3774 3891/3891/3775
f 3827/3827/3712 3826/3826/3711 3892/3892/3776
f 3826/3826/3711 3891/3891/3775 3892/3892/3776
f 3828/3828/3713 3827/3827/3712 3893/3893/3777
f 3827/3827/3712 3892/3892/3776 3893/3893/3777
f 3829/3829/3714 3828/3828/3713 3894/3894/3778
f 3828/3828/3713 3893/3893/3777 3894/3894/3778
f 3830/3830/3715 3829/3829/3714 3895/3895/3779
f 3829/3829/3714 3894/3894/3778 3895/3895/3779
f 3831/3831/3716 3830/3830/3715 3896/3896/3780
f 3830/3830/3715 3895/3895/3779 3896/3896/3780
f 3832/3832/3717 3831/3831/3716 3897/3897/3781
f 3831/3831/3716 3896/3896/3780 3897/3897/3781
f 3833/3833/3718 3832/3832/3717 3898/3898/3782
f 3832/3832/3717 3897/3897/3781 3898/3898/3782
f 3834/3834/3656 3833/3833/3718 3899/3899/3720
f 3833/3833/3718 3898/3898/3782 3899/3899/3720
f 3835/3835/3719 3836/3836/3720 3900/3900/3783
f 3836/3836/3720 3901/3901/3784 3900/3900/3783
f 3837/3837/3721 3835/3835/3719 3902/3902/3785
f 3835/3835/3719 3900/3900/3783 3902/3902/3785
f 3838/3838/3722 3837/3837/3721 3903/3903/3786
f 3837/3837/3721 3902/3902/3785 3903/3903/3786
f 3839/3839/3723 3838/3838/3722 3904/3904/3787
f 3838/3838/3722 3903/3903/3786 3904/3904/3787
f 3840/3840/3724 3839/3839/3723 3905/3905/3788
f 3839/3839/3723 3904/3904/3787 3905/3905/3788
f 3841/3841/3725 3840/3840/3724 3906/3906/3789
f 3840/3840/3724 3905/3905/3788 3906/3906/3789
f 3842/3842/3726 3841/3841/3725 3907/3907/3790
f 3841/3841/3725 3906/3906/3789 3907/3907/3790
f 3843/3843/3727 3842/3842/3726 3908/3908/3791
f 3842/3842/3726 3907/3907/3790 3908/3908/3791
f 3844/3844/3728 3843/3843/3727 3909/3909/3792
f 3843/3843/3727 3908/3908/3791 3909/3909/3792
f 3845/3845/3729 3844/3844/3728 3910/3910/3793
f 3844/3844/3728 3909/3909/3792 3910/3910/3793
f 3846/3846/3730 3845/3845/3729 3911/3911/3794
f 3845/3845/3729 3910/3910/3793 3911/3911/3794
f 3847/3847/3731 3846/3846/3730 3912/3912/3795
f 3846/3846/3730 3911/3911/3794 3912/3912/3795
f 3848/3848/3732 3847/3847/3731 3913/3913/3796
f 3847/3847/3731 3912/3912/3795 3913/3913/3796
f 3849/3849/3733 3848/3848/3732 3914/3914/3797
f 3848/3848/3732 3913/3913/3796 3914/3914/3797
f 3850/3850/3734 3849/3849/3733 3915/3915/3798
f 3849/3849/3733 3914/3914/3797 3915/3915/3798
f 3851/3851/3735 3850/3850/3734 3916/3916/3799
f 3850/3850/3734 3915/3915/3798 3916/3916/3799
f 3852/3852/3736 3851/3851/3735 3917/3917/3800
f 3851/3851/3735 3916/3916/3799 3917/3917/3800
f 3853/3853/3737 3852/3852/3736 3918/3918/3801
f 3852/3852/3736 3917/3917/3800 3918/3918/3801
f 3854/3854/3738 3853/3853/3737 3919/3919/3802
f 3853/3853/3737 3918/3918/3801 3919/3919/3802
f 3855/3855/3739 3854/3854/3738 3920/3920/3803
f 3854/3854/3738 3919/3919/3802 3920/3920/3803
f 3856/3856/3740 3855/3855/3739 3921/3921/3804
f 3855/3855/3739 3920/3920/3803 3921/3921/3804
f 3857/3857/3741 3856/3856/3740 3922/3922/3805
f 3856/3856/3740 3921/3921/3804 3922/3922/3805
f 3858/3858/3742 3857/3857/3741 3923/3923/3806
f 3857/3857/3741 3922/3922/3805 3923/3923/3806
f 3859/3859/3743 3858/3858/3742 3924/3924/3807
f 3858/3858/3742 3923/3923/3806 3924/3924/3807
f 3860/3860/3744 3859/3859/3743 3925/3925/3808
f 3859/3859/3743 3924/3924/3807 3925/3925/3808
f 3861/3861/3745 3860/3860/3744 3926/3926/3809
f 3860/3860/3744 3925/3925/3808 3926/3926/3809
f 3862/3862/3746 3861/3861/3745 3927/3927/3810
f 3861/3861/3745 3926/3926/3809 3927/3927/3810
f 3863/3863/3747 3862/3862/3746 3928/3928/3811
f 3862/3862/3746 3927/3927/3810 3928/3928/3811
f 3864/3864/3748 3863/3863/3747 3929/3929/3812
f 3863/3863/3747 3928/3928/3811 3929/3929/3812
f 3865/3865/3749 3864/3864/3748 3930/3930/3813
f 3864/3864/3748 3929/3929/3812 3930/3930/3813
f 3866/3866/3750 3865/3865/3749 3931/3931/3814
f 3865/3865/3749 3930/3930/3813 3931/3931/3814
f 3867/3867/3751 3866/3866/3750 3932/3932/3815
f 3866/3866/3750 3931/3931/3814 3932/3932/3815
f 3868/3868/3752 3867/3867/3751 3933/3933/3816
f 3867/3867/3751 3932/3932/3815 3933/3933/3816
f 3869/3869/3753 3868/3868/3752 3934/3934/3817
f 3868/3868/3752 3933/3933/3816 3934/3934/3817
f 3870/3870/3754 3869/3869/3753 3935/3935/3818
f 3869/3869/3753 3934/3934/3817 3935/3935/3818
f 3871/3871/3755 3870/3870/3754 3936/3936/3819
f 3870/3870/3754 3935/3935/3818 3936/3936/3819
f 3872/3872/3756 3871/3871/3755 3937/3937/3820
f 3871/3871/3755 3936/3936/3819 3937/3937/3820
f 3873/3873/3757 3872/3872/3756 3938/3938/3821
f 3872/3872/3756 3937/3937/3820 3938/3938/3821
f 3874/3874/3758 3873/3873/3757 3939/3939/3822
f 3873/3873/3757 3938/3938/3821 3939/3939/3822
f 3875/3875/3759 3874/3874/3758 3940/3940/3823
f 3874/3874/3758 3939/3939/3822 3940/3940/3823
f 3876/3876/3760 3875/3875/3759 3941/3941/3824
f 3875/3875/3759 3940/3940/3823 3941/3941/3824
f 3877/3877/3761 3876/3876/3760 3942/3942/3825
f 3876/3876/3760 3941/3941/3824 3942/3942/3825
f 3878/3878/3762 3877/3877/3761 3943/3943/3826
f 3877/3877/3761 3942/3942/3825 3943/3943/3826
f 3879/3879/3763 3878/3878/3762 3944/3944/3827
f 3878/3878/3762 3943/3943/3826 3944/3944/3827
f 3880/3880/3764 3879/3879/3763 3945/3945/3828
f 3879/3879/3763 3944/3944/3827 3945/3945/3828
f 3881/3881/3765 3880/3880/3764 3946/3946/3829
f 3880/3880/3764 3945/3945/3828 3946/3946/3829
f 3882/3882/3766 3881/3881/3765 3947/3947/3830
f 3881/3881/3765 3946/3946/3829 3947/3947/3830
f 3883/3883/3767 3882/3882/3766 3948/3948/3831
f 3882/3882/3766 3947/3947/3830 3948/3948/3831
f 3884/3884/3768 3883/3883/3767 3949/3949/3832
f 3883/3883/3767 3948/3948/3831 3949/3949/3832
f 3885/3885/3769 3884/3884/3768 3950/3950/3833
f 3884/3884/3768 3949/3949/3832 3950/3950/3833
f 3886/3886/3770 3885/3885/3769 3951/3951/3834
f 3885/3885/3769 3950/3950/3833 3951/3951/3834
f 3887/3887/3771 3886/3886/3770 3952/3952/3835
f 3886/3886/3770 3951/3951/3834 3952/3952/3835
f 3888/3888/3772 3887/3887/3771 3953/3953/3836
f 3887/3887/3771 3952/3952/3835 3953/3953/3836
f 3889/3889/3773 3888/3888/3772 3954/3954/3837
f 3888/3888/3772 3953/3953/3836 3954/3954/3837
f 3890/3890/3774 3889/3889/3773 3955/3955/3838
f 3889/3889/3773 3954/3954/3837 3955/3955/3838
f 3891/3891/3775 3890/3890/3774 3956/3956/3839
f 3890/3890/3774 3955/3955/3838 3956/3956/3839
f 3892/3892/3776 3891/3891/3775 3957/3957/3840
f 3891/3891/3775 3956/3956/3839 3957/3957/3840
f 3893/3893/3777 3892/3892/3776 3958/3958/3841
f 3892/3892/3776 3957/3957/3840 3958/3958/3841
f 3894/3894/3778 3893/3893/3777 3959/3959/3842
f 3893/3893/3777 3958/3958/3841 3959/3959/3842
f 3895/3895/3779 3894/3894/3778 3960/3960/3843
f 3894/3894/3778 3959/3959/3842 3960/3960/3843
f 3896/3896/3780 3895/3895/3779 3961/3961/3844
f 3895/3895/3779 3960/3960/3843 3961/3961/3844
f 3897/3897/3781 3896/3896/3780 3962/3962/3845
f 3896/3896/3780 3961/3961/3844 3962/3962/3845
f 3898/3898/3782 3897/3897/3781 3963/3963/3846
f 3897/3897/3781 3962/3962/3845 3963/3963/3846
f 3899/3899/3720 3898/3898/3782 3964/3964/3784
f 3898/3898/3782 3963/3963/3846 3964/3964/3784
f 3900/3900/3783 3901/3901/3784 3965/3965/3847
f 3901/3901/3784 3966/3966/3848 3965/3965/3847
f 3902/3902/3785 3900/3900/3783 3967/3967/3849
f 3900/3900/3783 3965/3965/3847 3967/3967/3849
f 3903/3903/3786 3902/3902/3785 3968/3968/3850
f 3902/3902/3785 3967/3967/3849 3968/3968/3850
f 3904/3904/3787 3903/3903/3786 3969/3969/3851
f 3903/3903/3786 3968/3968/3850 3969/3969/3851
f 3905/3905/3788 3904/3904/3787 3970/3970/3852
f 3904/3904/3787 3969/3969/3851 3970/3970/3852
f 3906/3906/3789 3905/3905/3788 3971/3971/3853
f 3905/3905/3788 3970/3970/3852 3971/3971/3853
f 3907/3907/3790 3906/3906/3789 3972/3972/3854
f 3906/3906/3789 3971/3971/3853 3972/3972/3854
f 3908/3908/3791 3907/3907/3790 3973/3973/3855
f 3907/3907/3790 3972/3972/3854 3973/3973/3855
f 3909/3909/3792 3908/3908/3791 3974/3974/3856
f 3908/3908/3791 3973/3973/3855 3974/3974/3856
f 3910/3910/3793 3909/3909/3792 3975/3975/3857
f 3909/3909/3792 3974/3974/3856 3975/3975/3857
f 3911/3911/3794 3910/3910/3793 3976/3976/3858
f 3910/3910/3793 3975/3975/3857 3976/3976/3858
f 3912/3912/3795 3911/3911/3794 3977/3977/3859
f 3911/3911/3794 3976/3976/3858 3977/3977/3859
f 3913/3913/3796 3912/3912/3795 3978/3978/3860
f 3912/3912/3795 3977/3977/3859 3978/3978/3860
f 3914/3914/3797 3913/3913/3796 3979/3979/3861
f 3913/3913/3796 3978/3978/3860 3979/3979/3861
f 3915/3915/3798 3914/3914/3797 3980/3980/3862
f 3914/3914/3797 3979/3979/3861 3980/3980/3862
f 3916/3916/3799 3915/3915/3798 3981/3981/3863
f 3915/3915/3798 3980/3980/3862 3981/3981/3863
f 3917/3917/3800 3916/3916/3799 3982/3982/3864
f 3916/3916/3799 3981/3981/3863 3982/3982/3864
f 3918/3918/3801 3917/3917/3800 3983/3983/3865
f 3917/3917/3800 3982/3982/3864 3983/3983/3865
f 3919/3919/3802 3918/3918/3801 3984/3984/3866
f 3918/3918/3801 3983/3983/3865 3984/3984/3866
f 3920/3920/3803 3919/3919/3802 3985/3985/3867
f 3919/3919/3802 3984/3984/3866 3985/3985/3867
f 3921/3921/3804 3920/3920/3803 3986/3986/3868
f 3920/3920/3803 3985/3985/3867 3986/3986/3868
f 3922/3922/3805 3921/3921/3804 3987/3987/3869
f 3921/3921/3804 3986/3986/3868 3987/3987/3869
f 3923/3923/3806 3922/3922/3805 3988/3988/3870
f 3922/3922/3805 3987/3987/3869 3988/3988/3870
f 3924/3924/3807 3923/3923/3806 3989/3989/3871
f 3923/3923/3806 3988/3988/3870 3989/3989/3871
f 3925/3925/3808 3924/3924/3807 3990/3990/3872
f 3924/3924/3807 3989/3989/3871 3990/3990/3872
f 3926/3926/3809 3925/3925/3808 3991/3991/3873
f 3925/3925/3808 3990/3990/3872 3991/3991/3873
f 3927/3927/3810 3926/3926/3809 3992/3992/3874
f 3926/3926/3809 3991/3991/3873 3992/3992/3874
f 3928/3928/3811 3927/3927/3810 3993/3993/3875
f 3927/3927/3810 3992/3992/3874 3993/3993/3875
f 3929/3929/3812 3928/3928/3811 3994/3994/3876
f 3928/3928/3811 3993/3993/3875 3994/3994/3876
f 3930/3930/3813 3929/3929/3812 3995/3995/3877
f 3929/3929/3812 3994/3994/3876 3995/3995/3877
f 3931/3931/3814 3930/3930/3813 3996/3996/3878
f 3930/3930/3813 3995/3995/3877 3996/3996/3878
f 3932/3932/3815 3931/3931/3814 3997/3997/3879
f 3931/3931/3814 3996/3996/3878 3997/3997/3879
f 3933/3933/3816 3932/3932/3815 3998/3998/3880
f 3932/3932/3815 3997/3997/3879 3998/3998/3880
f 3934/3934/3817 3933/3933/3816 3999/3999/3881
f 3933/3933/3816 3998/3998/3880 3999/3999/3881
f 3935/3935/3818 3934/3934/3817 4000/4000/3882
f 3934/3934/3817 3999/3999/3881 4000/4000/3882
f 3936/3936/3819 3935/3935/3818 4001/4001/3883
f 3935/3935/3818 4000/4000/3882 4001/4001/3883
f 3937/3937/3820 3936/3936/3819 4002/4002/3884
f 3936/3936/3819 4001/4001/3883 4002/4002/3884
f 3938/3938/3821 3937/3937/3820 4003/4003/3885
f 3937/3937/3820 4002/4002/3884 4003/4003/3885
f 3939/3939/3822 3938/3938/3821 4004/4004/3886
f 3938/3938/3821 4003/4003/3885 4004/4004/3886
f 3940/3940/3823 3939/3939/3822 4005/4005/3887
f 3939/3939/3822 4004/4004/3886 4005/4005/3887
f 3941/3941/3824 3940/3940/3823 4006/4006/3888
f 3940/3940/3823 4005/4005/3887 4006/4006/3888
f 3942/3942/3825 3941/3941/3824 4007/4007/3889
f 3941/3941/3824 4006/4006/3888 4007/4007/3889
f 3943/3943/3826 3942/3942/3825 4008/4008/3890
f 3942/3942/3825 4007/4007/3889 4008/4008/3890
f 3944/3944/3827 3943/3943/3826 4009/4009/3891
f 3943/3943/3826 4008/4008/3890 4009/4009/3891
f 3945/3945/3828 3944/3944/3827 4010/4010/3892
f 3944/3944/3827 4009/4009/3891 4010/4010/3892
f 3946/3946/3829 3945/3945/3828 4011/4011/3893
f 3945/3945/3828 4010/4010/3892 4011/4011/3893
f 3947/3947/3830 3946/3946/3829 4012/4012/3894
f 3946/3946/3829 4011/4011/3893 4012/4012/3894
f 3948/3948/3831 3947/3947/3830 4013/4013/3895
f 3947/3947/3830 4012/4012/3894 4013/4013/3895
f 3949/3949/3832 3948/3948/3831 4014/4014/3896
f 3948/3948/3831 4013/4013/3895 4014/4014/3896
f 3950/3950/3833 3949/3949/3832 4015/4015/3897
f 3949/3949/3832 4014/4014/3896 4015/4015/3897
f 3951/3951/3834 3950/3950/3833 4016/4016/3898
f 3950/3950/3833 4015/4015/3897 4016/4016/3898
f 3952/3952/3835 3951/3951/3834 4017/4017/3899
f 3951/3951/3834 4016/4016/3898 4017/4017/3899
f 3953/3953/3836 3952/3952/3835 4018/4018/3900
f 3952/3952/3835 4017/4017/3899 4018/4018/3900
f 3954/3954/3837 3953/3953/3836 4019/4019/3901
f 3953/3953/3836 4018/4018/3900 4019/4019/3901
f 3955/3955/3838 3954/3954/3837 4020/4020/3902
f 3954/3954/3837 4019/4019/3901 4020/4020/3902
f 3956/3956/3839 3955/3955/3838 4021/4021/3903
f 3955/3955/3838 4020/4020/3902 4021/4021/3903
f 3957/3957/3840 3956/3956/3839 4022/4022/3904
f 3956/3956/3839 4021/4021/3903 4022/4022/3904
f 3958/3958/3841 3957/3957/3840 4023/4023/3905
f 3957/3957/3840 4022/4022/3904 4023/4023/3905
f 3959/3959/3842 3958/3958/3841 4024/4024/3906
f 3958/3958/3841 4023/4023/3905 4024/4024/3906
f 3960/3960/3843 3959/3959/3842 4025/4025/3907
f 3959/3959/3842 4024/4024/3906 4025/4025/3907
f 3961/3961/3844 3960/3960/3843 4026/4026/3908
f 3960/3960/3843 4025/4025/3907 4026/4026/3908
f 3962/3962/3845 3961/3961/3844 4027/4027/3909
f 3961/3961/3844 4026/4026/3908 4027/4027/3909
f 3963/3963/3846 3962/3962/3845 4028/4028/3910
f 3962/3962/3845 4027/4027/3909 4028/4028/3910
f 3964/3964/3784 3963/3963/3846 4029/4029/3848
f 3963/3963/3846 4028/4028/3910 4029/4029/3848
f 3965/3965/3847 3966/3966/3848 4030/4030/3911
f 3966/3966/3848 4031/4031/3912 4030/4030/3911
f 3967/3967/3849 3965/3965/3847 4032/4032/3913
f 3965/3965/3847 4030/4030/3911 4032/4032/3913
f 3968/3968/3850 3967/3967/3849 4033/4033/3914
f 3967/3967/3849 4032/4032/3913 4033/4033/3914
f 3969/3969/3851 3968/3968/3850 4034/4034/3915
f 3968/3968/3850 4033/4033/3914 4034/4034/3915
f 3970/3970/3852 3969/3969/3851 4035/4035/3916
f 3969/3969/3851 4034/4034/3915 4035/4035/3916
f 3971/3971/3853 3970/3970/3852 4036/4036/3917
f 3970/3970/3852 4035/4035/3916 4036/4036/3917
f 3972/3972/3854 3971/3971/3853 4037/4037/3918
f 3971/3971/3853 4036/4036/3917 4037/4037/3918
f 3973/3973/3855 3972/3972/3854 4038/4038/3919
f 3972/3972/3854 4037/4037/3918 4038/4038/3919
f 3974/3974/3856 3973/3973/3855 4039/4039/3920
f 3973/3973/3855 4038/4038/3919 4039/4039/3920
f 3975/3975/3857 3974/3974/3856 4040/4040/3921
f 3974/3974/3856 4039/4039/3920 4040/4040/3921
f 3976/3976/3858 3975/3975/3857 4041/4041/3922
f 3975/3975/3857 4040/4040/3921 4041/4041/3922
f 3977/3977/3859 3976/3976/3858 4042/4042/3923
f 3976/3976/3858 4041/4041/3922 4042/4042/3923
f 3978/3978/3860 3977/3977/3859 4043/4043/3924
f 3977/3977/3859 4042/4042/3923 4043/4043/3924
f 3979/3979/3861 3978/3978/3860 4044/4044/3925
f 3978/3978/3860 4043/4043/3924 4044/4044/3925
f 3980/3980/3862 3979/3979/3861 4045/4045/3926
f 3979/3979/3861 4044/4044/3925 4045/4045/3926
f 3981/3981/3863 3980/3980/3862 4046/4046/3927
f 3980/3980/3862 4045/4045/3926 4046/4046/3927
f 3982/3982/3864 3981/3981/3863 4047/4047/3928
f 3981/3981/3863 4046/4046/3927 4047/4047/3928
f 3983/3983/3865 3982/3982/3864 4048/4048/3929
f 3982/3982/3864 4047/4047/3928 4048/4048/3929
f 3984/3984/3866 3983/3983/3865 4049/4049/3930
f 3983/3983/3865 4048/4048/3929 4049/4049/3930
f 3985/3985/3867 3984/3984/3866 4050/4050/3931
f 3984/3984/3866 4049/4049/3930 4050/4050/3931
f 3986/3986/3868 3985/3985/3867 4051/4051/3932
f 3985/3985/3867 4050/4050/3931 4051/4051/3932
f 3987/3987/3869 3986/3986/3868 4052/4052/3933
f 3986/3986/3868 4051/4051/3932 4052/4052/3933
f 3988/3988/3870 3987/3987/3869 4053/4053/3934
f 3987/3987/3869 4052/4052/3933 4053/4053/3934
f 3989/3989/3871 3988/3988/3870 4054/4054/3935
f 3988/3988/3870 4053/4053/3934 4054/4054/3935
f 3990/3990/3872 3989/3989/3871 4055/4055/3936
f 3989/3989/3871 4054/4054/3935 4055/4055/3936
f 3991/3991/3873 3990/3990/3872 4056/4056/3937
f 3990/3990/3872 4055/4055/3936 4056/4056/3937
f 3992/3992/3874 3991/3991/3873 4057/4057/3938
f 3991/3991/3873 4056/4056/3937 4057/4057/3938
f 3993/3993/3875 3992/3992/3874 4058/4058/3939
f 3992/3992/3874 4057/4057/3938 4058/4058/3939
f 3994/3994/3876 3993/3993/3875 4059/4059/3940
f 3993/3993/3875 4058/4058/3939 4059/4059/3940
f 3995/3995/3877 3994/3994/3876 4060/4060/3941
f 3994/3994/3876 4059/4059/3940 4060/4060/3941
f 3996/3996/3878 3995/3995/3877 4061/4061/3942
f 3995/3995/3877 4060/4060/3941 4061/4061/3942
f 3997/3997/3879 3996/3996/3878 4062/4062/3943
f 3996/3996/3878 4061/4061/3942 4062/4062/3943
f 3998/3998/3880 3997/3997/3879 4063/4063/3944
f 3997/3997/3879 4062/4062/3943 4063/4063/3944
f 3999/3999/3881 3998/3998/3880 4064/4064/3945
f 3998/3998/3880 4063/4063/3944 4064/4064/3945
f 4000/4000/3882 3999/3999/3881 4065/4065/3946
f 3999/3999/3881 4064/4064/3945 4065/4065/3946
f 4001/4001/3883 4000/4000/3882 4066/4066/3947
f 4000/4000/3882 4065/4065/3946 4066/4066/3947
f 4002/4002/3884 4001/4001/3883 4067/4067/3948
f 4001/4001/3883 4066/4066/3947 4067/4067/3948
f 4003/4003/3885 4002/4002/3884 4068/4068/3949
f 4002/4002/3884 4067/4067/3948 4068/4068/3949
f 4004/4004/3886 4003/4003/3885 4069/4069/3950
f 4003/4003/3885 4068/4068/3949 4069/4069/3950
f 4005/4005/3887 4004/4004/3886 4070/4070/3951
f 4004/4004/3886 4069/4069/3950 4070/4070/3951
f 4006/4006/3888 4005/4005/3887 4071/4071/3952
f 4005/4005/3887 4070/4070/3951 4071/4071/3952
f 4007/4007/3889 4006/4006/3888 4072/4072/3953
f 4006/4006/3888 4071/4071/3952 4072/4072/3953
f 4008/4008/3890 4007/4007/3889 4073/4073/3954
f 4007/4007/3889 4072/4072/3953 4073/4073/3954
f 4009/4009/3891 4008/4008/3890 4074/4074/3955
f 4008/4008/3890 4073/4073/3954 4074/4074/3955
f 4010/4010/3892 4009/4009/3891 4075/4075/3956
f 4009/4009/3891 4074/4074/3955 4075/4075/3956
f 4011/4011/3893 4010/4010/3892 4076/4076/3957
f 4010/4010/3892 4075/4075/3956 4076/4076/3957
f 4012/4012/3894 4011/4011/3893 4077/4077/3958
f 4011/4011/3893 4076/4076/3957 4077/4077/3958
f 4013/4013/3895 4012/4012/3894 4078/4078/3959
f 4012/4012/3894 4077/4077/3958 4078/4078/3959
f 4014/4014/3896 4013/4013/3895 4079/4079/3960
f 4013/4013/3895 4078/4078/3959 4079/4079/3960
f 4015/4015/3897 4014/4014/3896 4080/4080/3961
f 4014/4014/3896 4079/4079/3960 4080/4080/3961
f 4016/4016/3898 4015/4015/3897 4081/4081/3962
f 4015/4015/3897 4080/4080/3961 4081/4081/3962
f 4017/4017/3899 4016/4016/3898 4082/4082/3963
f 4016/4016/3898 4081/4081/3962 4082/4082/3963
f 4018/4018/3900 4017/4017/3899 4083/4083/3964
f 4017/4017/3899 4082/4082/3963 4083/4083/3964
f 4019/4019/3901 4018/4018/3900 4084/4084/3965
f 4018/4018/3900 4083/4083/3964 4084/4084/3965
f 4020/4020/3902 4019/4019/3901 4085/4085/3966
f 4019/4019/3901 4084/4084/3965 4085/4085/3966
f 4021/4021/3903 4020/4020/3902 4086/4086/3967
f 4020/4020/3902 4085/4085/3966 4086/4086/3967
f 4022/4022/3904 4021/4021/3903 4087/4087/3968
f 4021/4021/3903 4086/4086/3967 4087/4087/3968
f 4023/4023/3905 4022/4022/3904 4088/4088/3969
f 4022/4022/3904 4087/4087/3968 4088/4088/3969
f 4024/4024/3906 4023/4023/3905 4089/4089/3970
f 4023/4023/3905 4088/4088/3969 4089/4089/3970
f 4025/4025/3907 4024/4024/3906 4090/4090/3971
f 4024/4024/3906 4089/4089/3970 4090/4090/3971
f 4026/4026/3908 4025/4025/3907 4091/4091/3972
f 4025/4025/3907 4090/4090/3971 4091/4091/3972
f 4027/4027/3909 4026/4026/3908 4092/4092/3973
f 4026/4026/3908 4091/4091/3972 4092/4092/3973
f 4028/4028/3910 4027/4027/3909 4093/4093/3974
f 4027/4027/3909 4092/4092/3973 4093/4093/3974
f 4029/4029/3848 4028/4028/3910 4094/4094/3912
f 4028/4028/3910 4093/4093/3974 4094/4094/3912
f 4030/4030/3911 4031/4031/3912 4095/4095/3975
f 4031/4031/3912 4096/4096/3976 4095/4095/3975
f 4032/4032/3913 4030/4030/3911 4097/4097/3977
f 4030/4030/3911 4095/4095/3975 4097/4097/3977
f 4033/4033/3914 4032/4032/3913 4098/4098/3978
f 4032/4032/3913 4097/4097/3977 4098/4098/3978
f 4034/4034/3915 4033/4033/3914 4099/4099/3979
f 4033/4033/3914 4098/4098/3978 4099/4099/3979
f 4035/4035/3916 4034/4034/3915 4100/4100/3980
f 4034/4034/3915 4099/4099/3979 4100/4100/3980
f 4036/4036/3917 4035/4035/3916 4101/4101/3981
f 4035/4035/3916 4100/4100/3980 4101/4101/3981
f 4037/4037/3918 4036/4036/3917 4102/4102/3982
f 4036/4036/3917 4101/4101/3981 4102/4102/3982
f 4038/4038/3919 4037/4037/3918 4103/4103/3983
f 4037/4037/3918 4102/4102/3982 4103/4103/3983
f 4039/4039/3920 4038/4038/3919 4104/4104/3984
f 4038/4038/3919 4103/4103/3983 4104/4104/3984
f 4040/4040/3921 4039/4039/3920 4105/4105/3985
f 4039/4039/3920 4104/4104/3984 4105/4105/3985
f 4041/4041/3922 4040/4040/3921 4106/4106/3986
f 4040/4040/3921 4105/4105/3985 4106/4106/3986
f 4042/4042/3923 4041/4041/3922 4107/4107/3987
f 4041/4041/3922 4106/4106/3986 4107/4107/3987
f 4043/4043/3924 4042/4042/3923 4108/4108/3988
f 4042/4042/3923 4107/4107/3987 4108/4108/3988
f 4044/4044/3925 4043/4043/3924 4109/4109/3989
f 4043/4043/3924 4108/4108/3988 4109/4109/3989
f 4045/4045/3926 4044/4044/3925 4110/4110/3990
f 4044/4044/3925 4109/4109/3989 4110/4110/3990
f 4046/4046/3927 4045/4045/3926 4111/4111/3991
f 4045/4045/3926 4110/4110/3990 4111/4111/3991
f 4047/4047/3928 4046/4046/3927 4112/4112/3992
f 4046/4046/3927 4111/4111/3991 4112/4112/3992
f 4048/4048/3929 4047/4047/3928 4113/4113/3993
f 4047/4047/3928 4112/4112/3992 4113/4113/3993
f 4049/4049/3930 4048/4048/3929 4114/4114/3994
f 4048/4048/3929 4113/4113/3993 4114/4114/3994
f 4050/4050/3931 4049/4049/3930 4115/4115/3995
f 4049/4049/3930 4114/4114/3994 4115/4115/3995
f 4051/4051/3932 4050/4050/3931 4116/4116/3996
f 4050/4050/3931 4115/4115/3995 4116/4116/3996
f 4052/4052/3933 4051/4051/3932 4117/4117/3997
f 4051/4051/3932 4116/4116/3996 4117/4117/3997
f 4053/4053/3934 4052/4052/3933 4118/4118/3998
f 4052/4052/3933 4117/4117/3997 4118/4118/3998
f 4054/4054/3935 4053/4053/3934 4119/4119/3999
f 4053/4053/3934 4118/4118/3998 4119/4119/3999
f 4055/4055/3936 4054/4054/3935 4120/4120/4000
f 4054/4054/3935 4119/4119/3999 4120/4120/4000
f 4056/4056/3937 4055/4055/3936 4121/4121/4001
f 4055/4055/3936 4120/4120/4000 4121/4121/4001
f 4057/4057/3938 4056/4056/3937 4122/4122/4002
f 4056/4056/3937 4121/4121/4001 4122/4122/4002
f 4058/4058/3939 4057/4057/3938 4123/4123/4003
f 4057/4057/3938 4122/4122/4002 4123/4123/4003
f 4059/4059/3940 4058/4058/3939 4124/4124/4004
f 4058/4058/3939 4123/4123/4003 4124/4124/4004
f 4060/4060/3941 4059/4059/3940 4125/4125/4005
f 4059/4059/3940 4124/4124/4004 4125/4125/4005
f 4061/4061/3942 4060/4060/3941 4126/4126/4006
f 4060/4060/3941 4125/4125/4005 4126/4126/4006
f 4062/4062/3943 4061/4061/3942 4127/4127/4007
f 4061/4061/3942 4126/4126/4006 4127/4127/4007
f 4063/4063/3944 4062/4062/3943 4128/4128/4008
f 4062/4062/3943 4127/4127/4007 4128/4128/4008
f 4064/4064/3945 4063/4063/3944 4129/4129/4009
f 4063/4063/3944 4128/4128/4008 4129/4129/4009
f 4065/4065/3946 4064/4064/3945 4130/4130/4010
f 4064/4064/3945 4129/4129/4009 4130/4130/4010
f 4066/4066/3947 4065/4065/3946 4131/4131/4011
f 4065/4065/3946 4130/4130/4010 4131/4131/4011
f 4067/4067/3948 4066/4066/3947 4132/4132/4012
f 4066/4066/3947 4131/4131/4011 4132/4132/4012
f 4068/4068/3949 4067/4067/3948 4133/4133/4013
f 4067/4067/3948 4132/4132/4012 4133/4133/4013
f 4069/4069/3950 4068/4068/3949 4134/4134/4014
f 4068/4068/3949 4133/4133/4013 4134/4134/4014
f 4070/4070/3951 4069/4069/3950 4135/4135/4015
f 4069/4069/3950 4134/4134/4014 4135/4135/4015
f 4071/4071/3952 4070/4070/3951 4136/4136/4016
f 4070/4070/3951 4135/4135/4015 4136/4136/4016
f 4072/4072/3953 4071/4071/3952 4137/4137/4017
f 4071/4071/3952 4136/4136/4016 4137/4137/4017
f 4073/4073/3954 4072/4072/3953 4138/4138/4018
f 4072/4072/3953 4137/4137/4017 4138/4138/4018
f 4074/4074/3955 4073/4073/3954 4139/4139/4019
f 4073/4073/3954 4138/4138/4018 4139/4139/4019
f 4075/4075/3956 4074/4074/3955 4140/4140/4020
f 4074/4074/3955 4139/4139/4019 4140/4140/4020
f 4076/4076/3957 4075/4075/3956 4141/4141/4021
f 4075/4075/3956 4140/4140/4020 4141/4141/4021
f 4077/4077/3958 4076/4076/3957 4142/4142/4022
f 4076/4076/3957 4141/4141/4021 4142/4142/4022
f 4078/4078/3959 4077/4077/3958 4143/4143/4023
f 4077/4077/3958 4142/4142/4022 4143/4143/4023
f 4079/4079/3960 4078/4078/3959 4144/4144/4024
f 4078/4078/3959 4143/4143/4023 4144/4144/4024
f 4080/4080/3961 4079/4079/3960 4145/4145/4025
f 4079/4079/3960 4144/4144/4024 4145/4145/4025
f 4081/4081/3962 4080/4080/3961 4146/4146/4026
f 4080/4080/3961 4145/4145/4025 4146/4146/4026
f 4082/4082/3963 4081/4081/3962 4147/4147/4027
f 4081/4081/3962 4146/4146/4026 4147/4147/4027
f 4083/4083/3964 4082/4082/3963 4148/4148/4028
f 4082/4082/3963 4147/4147/4027 4148/4148/4028
f 4084/4084/3965 4083/4083/3964 4149/4149/4029
f 4083/4083/3964 4148/4148/4028 4149/4149/4029
f 4085/4085/3966 4084/4084/3965 4150/4150/4030
f 4084/4084/3965 4149/4149/4029 4150/4150/4030
f 4086/4086/3967 4085/4085/3966 4151/4151/4031
f 4085/4085/3966 4150/4150/4030 4151/4151/4031
f 4087/4087/3968 4086/4086/3967 4152/4152/4032
f 4086/4086/3967 4151/4151/4031 4152/4152/4032
f 4088/4088/3969 4087/4087/3968 4153/4153/4033
f 4087/4087/3968 4152/4152/4032 4153/4153/4033
f 4089/4089/3970 4088/4088/3969 4154/4154/4034
f 4088/4088/3969 4153/4153/4033 4154/4154/4034
f 4090/4090/3971 4089/4089/3970 4155/4155/4035
f 4089/4089/3970 4154/4154/4034 4155/4155/4035
f 4091/4091/3972 4090/4090/3971 4156/4156/4036
f 4090/4090/3971 4155/4155/4035 4156/4156/4036
f 4092/4092/3973 4091/4091/3972 4157/4157/4037
f 4091/4091/3972 4156/4156/4036 4157/4157/4037
f 4093/4093/3974 4092/4092/3973 4158/4158/4038
f 4092/4092/3973 4157/4157/4037 4158/4158/4038
f 4094/4094/3912 4093/4093/3974 4159/4159/3976
f 4093/4093/3974 4158/4158/4038 4159/4159/3976
f 4095/4095/3975 4096/4096/3976 4160/4160/4039
f 4097/4097/3977 4095/4095/3975 4161/4161/4039
f 4098/4098/3978 4097/4097/3977 4162/4162/4039
f 4099/4099/3979 4098/4098/3978 4163/4163/4039
f 4100/4100/3980 4099/4099/3979 4164/4164/4039
f 4101/4101/3981 4100/4100/3980 4165/4165/4039
f 4102/4102/3982 4101/4101/3981 4166/4166/4039
f 4103/4103/3983 4102/4102/3982 4167/4167/4039
f 4104/4104/3984 4103/4103/3983 4168/4168/4039
f 4105/4105/3985 4104/4104/3984 4169/4169/4039
f 4106/4106/3986 4105/4105/3985 4170/4170/4039
f 4107/4107/3987 4106/4106/3986 4171/4171/4039
f 4108/4108/3988 4107/4107/3987 4172/4172/4039
f 4109/4109/3989 4108/4108/3988 4173/4173/4039
f 4110/4110/3990 4109/4109/3989 4174/4174/4039
f 4111/4111/3991 4110/4110/3990 4175/4175/4039
f 4112/4112/3992 4111/4111/3991 4176/4176/4039
f 4113/4113/3993 4112/4112/3992 4177/4177/4039
f 4114/4114/3994 4113/4113/3993 4178/4178/4039
f 4115/4115/3995 4114/4114/3994 4179/4179/4039
f 4116/4116/3996 4115/4115/3995 4180/4180/4039
f 4117/4117/3997 4116/4116/3996 4181/4181/4039
f 4118/4118/3998 4117/4117/3997 4182/4182/4039
f 4119/4119/3999 4118/4118/3998 4183/4183/4039
f 4120/4120/4000 4119/4119/3999 4184/4184/4039
f 4121/4121/4001 4120/4120/4000 4185/4185/4039
f 4122/4122/4002 4121/4121/4001 4186/4186/4039
f 4123/4123/4003 4122/4122/4002 4187/4187/4039
f 4124/4124/4004 4123/4123/4003 4188/4188/4039
f 4125/4125/4005 4124/4124/4004 4189/4189/4039
f 4126/4126/4006 4125/4125/4005 4190/4190/4039
f 4127/4127/4007 4126/4126/4006 4191/4191/4039
f 4128/4128/4008 4127/4127/4007 4192/4192/4039
f 4129/4129/4009 4128/4128/4008 4193/4193/4039
f 4130/4130/4010 4129/4129/4009 4194/4194/4039
f 4131/4131/4011 4130/4130/4010 4195/4195/4039
f 4132/4132/4012 4131/4131/4011 4196/4196/4039
f 4133/4133/4013 4132/4132/4012 4197/4197/4039
f 4134/4134/4014 4133/4133/4013 4198/4198/4039
f 4135/4135/4015 4134/4134/4014 4199/4199/4039
f 4136/4136/4016 4135/4135/4015 4200/4200/4039
f 4137/4137/4017 4136/4136/4016 4201/4201/4039
f 4138/4138/4018 4137/4137/4017 4202/4202/4039
f 4139/4139/4019 4138/4138/4018 4203/4203/4039
f 4140/4140/4020 4139/4139/4019 4204/4204/4039
f 4141/4141/4021 4140/4140/4020 4205/4205/4039
f 4142/4142/4022 4141/4141/4021 4206/4206/4039
f 4143/4143/4023 4142/4142/4022 4207/4207/4039
f 4144/4144/4024 4143/4143/4023 4208/4208/4039
f 4145/4145/4025 4144/4144/4024 4209/4209/4039
f 4146/4146/4026 4145/4145/4025 4210/4210/4039
f 4147/4147/4027 4146/4146/4026 4211/4211/4039
f 4148/4148/4028 4147/4147/4027 4212/4212/4039
f 4149/4149/4029 4148/4148/4028 4213/4213/4039
f 4150/4150/4030 4149/4149/4029 4214/4214/4039
f 4151/4151/4031 4150/4150/4030 4215/4215/4039
f 4152/4152/4032 4151/4151/4031 4216/4216/4039
f 4153/4153/4033 4152/4152/4032 4217/4217/4039
f 4154/4154/4034 4153/4153/4033 4218/4218/4039
f 4155/4155/4035 4154/4154/4034 4219/4219/4039
f 4156/4156/4036 4155/4155/4035 4220/4220/4039
f 4157/4157/4037 4156/4156/4036 4221/4221/4039
f 4158/4158/4038 4157/4157/4037 4222/4222/4039
f 4159/4159/3976 4158/4158/4038 4223/4223/4039
