# Blender v3.0.0 OBJ File: ''
# www.blender.org
mtllib chair.mtl
o office_chair.lwo
v -0.031794 -0.637226 1.308738
v -0.031794 -0.651138 1.306254
v -0.024936 -0.670092 1.408952
v -0.024936 -0.662818 1.413384
v -0.038503 -0.620242 1.210162
v -0.038503 -0.638426 1.208602
v -0.045361 -0.608698 1.109056
v -0.045361 -0.630056 1.108152
v -0.052071 -0.601026 1.009794
v -0.052071 -0.626144 1.009794
v -0.058929 -0.627124 0.908900
v -0.058929 -0.598332 0.908900
v -0.024936 -0.687930 1.432886
v -0.024936 -0.687968 1.410894
v -0.008256 -0.687968 1.410894
v -0.008256 -0.687930 1.432886
v -0.008256 -0.670092 1.408952
v -0.008256 -0.651138 1.306254
v -0.008256 -0.662818 1.413384
v -0.008256 -0.637226 1.308738
v -0.008256 -0.638426 1.208602
v -0.008256 -0.620242 1.210162
v -0.008256 -0.630056 1.108152
v -0.008256 -0.608698 1.109056
v -0.008256 -0.626144 1.009794
v -0.008440 -0.627124 0.918458
v -0.008256 -0.601026 1.009794
v -0.008440 -0.598332 0.918458
v 0.008424 -0.670092 1.408952
v 0.015282 -0.651138 1.306254
v 0.015282 -0.637226 1.308738
v 0.008424 -0.662818 1.413384
v 0.021991 -0.638426 1.208602
v 0.021991 -0.620242 1.210162
v 0.028849 -0.630056 1.108152
v 0.028849 -0.608698 1.109056
v 0.035558 -0.626144 1.009794
v 0.035558 -0.601026 1.009794
v 0.042417 -0.627124 0.908900
v 0.042417 -0.598332 0.908900
v 0.008424 -0.687930 1.432886
v 0.008424 -0.687968 1.410894
v -0.024936 -0.674018 1.408952
v -0.031794 -0.655066 1.306254
v -0.031794 -0.670094 1.306254
v -0.024936 -0.681872 1.408952
v -0.038503 -0.642352 1.208602
v -0.038503 -0.663224 1.208602
v -0.045361 -0.633982 1.108152
v -0.045361 -0.661260 1.108152
v -0.052071 -0.630070 1.009794
v -0.052071 -0.661260 1.009794
v -0.058929 -0.631050 0.908900
v -0.058929 -0.664204 0.908900
v -0.008256 -0.674018 1.408952
v -0.008256 -0.655066 1.306254
v -0.008256 -0.681872 1.408952
v -0.008256 -0.670094 1.306254
v -0.008256 -0.642352 1.208602
v -0.008256 -0.663224 1.208602
v -0.008256 -0.633982 1.108152
v -0.008256 -0.661260 1.108152
v -0.008256 -0.630070 1.009794
v -0.008256 -0.661260 1.009794
v -0.008440 -0.631050 0.918458
v -0.008440 -0.664204 0.918458
v 0.015282 -0.670094 1.306254
v 0.015282 -0.655066 1.306254
v 0.008424 -0.674018 1.408952
v 0.008424 -0.681872 1.408952
v 0.021991 -0.663224 1.208602
v 0.021991 -0.642352 1.208602
v 0.028849 -0.661260 1.108152
v 0.028849 -0.633982 1.108152
v 0.035558 -0.661260 1.009794
v 0.035558 -0.630070 1.009794
v 0.042417 -0.631050 0.908900
v 0.042417 -0.664204 0.908900
v -0.497390 -0.637226 0.936260
v -0.495028 -0.651138 0.935492
v -0.590580 -0.670092 0.973750
v -0.594794 -0.662818 0.975120
v -0.405714 -0.620242 0.899418
v -0.404230 -0.638426 0.898934
v -0.311674 -0.608698 0.861650
v -0.310814 -0.630056 0.861372
v -0.219344 -0.601026 0.824596
v -0.219344 -0.626144 0.824596
v -0.125508 -0.627124 0.786896
v -0.125508 -0.598332 0.786896
v -0.613344 -0.687930 0.981146
v -0.592428 -0.687968 0.974350
v -0.587274 -0.687968 0.990214
v -0.608190 -0.687930 0.997010
v -0.585426 -0.670092 0.989614
v -0.487756 -0.651138 0.957878
v -0.589640 -0.662818 0.990982
v -0.490116 -0.637226 0.958644
v -0.394882 -0.638426 0.927702
v -0.396366 -0.620242 0.928184
v -0.299348 -0.630056 0.896660
v -0.300208 -0.608698 0.896940
v -0.205806 -0.626144 0.866266
v -0.121209 -0.627124 0.838004
v -0.205806 -0.601026 0.866266
v -0.121209 -0.598332 0.838004
v -0.580272 -0.670092 1.005476
v -0.480482 -0.651138 0.980264
v -0.482844 -0.637226 0.981030
v -0.584486 -0.662818 1.006846
v -0.385536 -0.638426 0.956468
v -0.387020 -0.620242 0.956950
v -0.287882 -0.630056 0.931950
v -0.288742 -0.608698 0.932230
v -0.192266 -0.626144 0.907936
v -0.192266 -0.601026 0.907936
v -0.094190 -0.627124 0.883282
v -0.094190 -0.598332 0.883282
v -0.603036 -0.687930 1.012872
v -0.582120 -0.687968 1.006076
v -0.590580 -0.674018 0.973750
v -0.495028 -0.655066 0.935492
v -0.495028 -0.670094 0.935492
v -0.590580 -0.681872 0.973750
v -0.404230 -0.642352 0.898934
v -0.404230 -0.663224 0.898934
v -0.310814 -0.633982 0.861372
v -0.310814 -0.661260 0.861372
v -0.219344 -0.630070 0.824596
v -0.219344 -0.661260 0.824596
v -0.125508 -0.631050 0.786896
v -0.125508 -0.664204 0.786896
v -0.585426 -0.674018 0.989614
v -0.487756 -0.655066 0.957878
v -0.585426 -0.681872 0.989614
v -0.487756 -0.670094 0.957878
v -0.394882 -0.642352 0.927702
v -0.394882 -0.663224 0.927702
v -0.299348 -0.633982 0.896660
v -0.299348 -0.661260 0.896660
v -0.205806 -0.630070 0.866266
v -0.205806 -0.661260 0.866266
v -0.121209 -0.631050 0.838004
v -0.121209 -0.664204 0.838004
v -0.480482 -0.670094 0.980264
v -0.480482 -0.655066 0.980264
v -0.580272 -0.674018 1.005476
v -0.580272 -0.681872 1.005476
v -0.385536 -0.663224 0.956468
v -0.385536 -0.642352 0.956468
v -0.287882 -0.661260 0.931950
v -0.287882 -0.633982 0.931950
v -0.192266 -0.661260 0.907936
v -0.192266 -0.630070 0.907936
v -0.094190 -0.631050 0.883282
v -0.094190 -0.664204 0.883282
v -0.287020 -0.637226 0.378348
v -0.285560 -0.651138 0.380358
v -0.351472 -0.670092 0.301304
v -0.354078 -0.662818 0.297720
v -0.223652 -0.620242 0.454154
v -0.222734 -0.638426 0.455416
v -0.158673 -0.608698 0.531920
v -0.158142 -0.630056 0.532652
v -0.094902 -0.601026 0.608280
v -0.094902 -0.626144 0.608280
v -0.030049 -0.627124 0.685874
v -0.030049 -0.598332 0.685874
v -0.365542 -0.687930 0.281940
v -0.352614 -0.687968 0.299732
v -0.366110 -0.687968 0.309536
v -0.379036 -0.687930 0.291744
v -0.364968 -0.670092 0.311108
v -0.304602 -0.651138 0.394192
v -0.367572 -0.662818 0.307524
v -0.306062 -0.637226 0.392184
v -0.247204 -0.638426 0.473194
v -0.248122 -0.620242 0.471932
v -0.188161 -0.630056 0.554462
v -0.188692 -0.608698 0.553730
v -0.130348 -0.626144 0.634034
v -0.078135 -0.627124 0.707826
v -0.130348 -0.601026 0.634034
v -0.078135 -0.598332 0.707826
v -0.378462 -0.670092 0.320912
v -0.323646 -0.651138 0.408028
v -0.325104 -0.637226 0.406020
v -0.381066 -0.662818 0.317328
v -0.271674 -0.638426 0.490974
v -0.272592 -0.620242 0.489712
v -0.218180 -0.630056 0.576272
v -0.218712 -0.608698 0.575540
v -0.165795 -0.626144 0.659786
v -0.165795 -0.601026 0.659786
v -0.112039 -0.627124 0.745444
v -0.112039 -0.598332 0.745444
v -0.392530 -0.687930 0.301548
v -0.379604 -0.687968 0.319340
v -0.351472 -0.674018 0.301304
v -0.285560 -0.655066 0.380358
v -0.285560 -0.670094 0.380358
v -0.351472 -0.681872 0.301304
v -0.222734 -0.642352 0.455416
v -0.222734 -0.663224 0.455416
v -0.158142 -0.633982 0.532652
v -0.158142 -0.661260 0.532652
v -0.094902 -0.630070 0.608280
v -0.094902 -0.661260 0.608280
v -0.030049 -0.631050 0.685874
v -0.030049 -0.664204 0.685874
v -0.364968 -0.674018 0.311108
v -0.304602 -0.655066 0.394192
v -0.364968 -0.681872 0.311108
v -0.304602 -0.670094 0.394192
v -0.247204 -0.642352 0.473194
v -0.247204 -0.663224 0.473194
v -0.188161 -0.633982 0.554462
v -0.188161 -0.661260 0.554462
v -0.130348 -0.630070 0.634034
v -0.130348 -0.661260 0.634034
v -0.078135 -0.631050 0.707826
v -0.078135 -0.664204 0.707826
v -0.323646 -0.670094 0.408028
v -0.323646 -0.655066 0.408028
v -0.378462 -0.674018 0.320912
v -0.378462 -0.681872 0.320912
v -0.271674 -0.663224 0.490974
v -0.271674 -0.642352 0.490974
v -0.218180 -0.661260 0.576272
v -0.218180 -0.633982 0.576272
v -0.165795 -0.661260 0.659786
v -0.165795 -0.630070 0.659786
v -0.112039 -0.631050 0.745444
v -0.112039 -0.664204 0.745444
v 0.308592 -0.637226 0.406020
v 0.307134 -0.651138 0.408028
v 0.361950 -0.670092 0.320912
v 0.364554 -0.662818 0.317328
v 0.256080 -0.620242 0.489712
v 0.255162 -0.638426 0.490974
v 0.202198 -0.608698 0.575540
v 0.201668 -0.630056 0.576272
v 0.149283 -0.601026 0.659786
v 0.149283 -0.626144 0.659786
v 0.095527 -0.627124 0.745444
v 0.095527 -0.598332 0.745444
v 0.376018 -0.687930 0.301548
v 0.363092 -0.687968 0.319340
v 0.349596 -0.687968 0.309536
v 0.362524 -0.687930 0.291744
v 0.348456 -0.670092 0.311108
v 0.288090 -0.651138 0.394192
v 0.351060 -0.662818 0.307524
v 0.289550 -0.637226 0.392184
v 0.230692 -0.638426 0.473194
v 0.231610 -0.620242 0.471932
v 0.171649 -0.630056 0.554462
v 0.172180 -0.608698 0.553730
v 0.113836 -0.626144 0.634034
v 0.061254 -0.627124 0.707826
v 0.113836 -0.601026 0.634034
v 0.061254 -0.598332 0.707826
v 0.334960 -0.670092 0.301304
v 0.269048 -0.651138 0.380358
v 0.270508 -0.637226 0.378348
v 0.337566 -0.662818 0.297720
v 0.206222 -0.638426 0.455416
v 0.207140 -0.620242 0.454154
v 0.141630 -0.630056 0.532652
v 0.142161 -0.608698 0.531920
v 0.078390 -0.626144 0.608280
v 0.078390 -0.601026 0.608280
v 0.013537 -0.627124 0.685874
v 0.013537 -0.598332 0.685874
v 0.349030 -0.687930 0.281940
v 0.336102 -0.687968 0.299732
v 0.361950 -0.674018 0.320912
v 0.307134 -0.655066 0.408028
v 0.307134 -0.670094 0.408028
v 0.361950 -0.681872 0.320912
v 0.255162 -0.642352 0.490974
v 0.255162 -0.663224 0.490974
v 0.201668 -0.633982 0.576272
v 0.201668 -0.661260 0.576272
v 0.149283 -0.630070 0.659786
v 0.149283 -0.661260 0.659786
v 0.095527 -0.631050 0.745444
v 0.095527 -0.664204 0.745444
v 0.348456 -0.674018 0.311108
v 0.288090 -0.655066 0.394192
v 0.348456 -0.681872 0.311108
v 0.288090 -0.670094 0.394192
v 0.230692 -0.642352 0.473194
v 0.230692 -0.663224 0.473194
v 0.171649 -0.633982 0.554462
v 0.171649 -0.661260 0.554462
v 0.113836 -0.630070 0.634034
v 0.113836 -0.661260 0.634034
v 0.061254 -0.631050 0.707826
v 0.061254 -0.664204 0.707826
v 0.269048 -0.670094 0.380358
v 0.269048 -0.655066 0.380358
v 0.334960 -0.674018 0.301304
v 0.334960 -0.681872 0.301304
v 0.206222 -0.663224 0.455416
v 0.206222 -0.642352 0.455416
v 0.141630 -0.661260 0.532652
v 0.141630 -0.633982 0.532652
v 0.078390 -0.661260 0.608280
v 0.078390 -0.630070 0.608280
v 0.013537 -0.631050 0.685874
v 0.013537 -0.664204 0.685874
v 0.466330 -0.637226 0.981030
v 0.463970 -0.651138 0.980264
v 0.563760 -0.670092 1.005476
v 0.567974 -0.662818 1.006846
v 0.370508 -0.620242 0.956950
v 0.369024 -0.638426 0.956468
v 0.272230 -0.608698 0.932230
v 0.271370 -0.630056 0.931950
v 0.175754 -0.601026 0.907936
v 0.175754 -0.626144 0.907936
v 0.077678 -0.627124 0.883282
v 0.077678 -0.598332 0.883282
v 0.586524 -0.687930 1.012872
v 0.565608 -0.687968 1.006076
v 0.570762 -0.687968 0.990214
v 0.591678 -0.687930 0.997010
v 0.568914 -0.670092 0.989614
v 0.471244 -0.651138 0.957878
v 0.573128 -0.662818 0.990982
v 0.473604 -0.637226 0.958644
v 0.378370 -0.638426 0.927702
v 0.379854 -0.620242 0.928184
v 0.282836 -0.630056 0.896660
v 0.283696 -0.608698 0.896940
v 0.189293 -0.626144 0.866266
v 0.104328 -0.627124 0.838004
v 0.189293 -0.601026 0.866266
v 0.104328 -0.598332 0.838004
v 0.574068 -0.670092 0.973750
v 0.478516 -0.651138 0.935492
v 0.480878 -0.637226 0.936260
v 0.578284 -0.662818 0.975120
v 0.387718 -0.638426 0.898934
v 0.389202 -0.620242 0.899418
v 0.294302 -0.630056 0.861372
v 0.295162 -0.608698 0.861650
v 0.202832 -0.626144 0.824596
v 0.202832 -0.601026 0.824596
v 0.108996 -0.627124 0.786896
v 0.108996 -0.598332 0.786896
v 0.596832 -0.687930 0.981146
v 0.575916 -0.687968 0.974350
v 0.563760 -0.674018 1.005476
v 0.463970 -0.655066 0.980264
v 0.463970 -0.670094 0.980264
v 0.563760 -0.681872 1.005476
v 0.369024 -0.642352 0.956468
v 0.369024 -0.663224 0.956468
v 0.271370 -0.633982 0.931950
v 0.271370 -0.661260 0.931950
v 0.175754 -0.630070 0.907936
v 0.175754 -0.661260 0.907936
v 0.077678 -0.631050 0.883282
v 0.077678 -0.664204 0.883282
v 0.568914 -0.674018 0.989614
v 0.471244 -0.655066 0.957878
v 0.568914 -0.681872 0.989614
v 0.471244 -0.670094 0.957878
v 0.378370 -0.642352 0.927702
v 0.378370 -0.663224 0.927702
v 0.282836 -0.633982 0.896660
v 0.282836 -0.661260 0.896660
v 0.189293 -0.630070 0.866266
v 0.189293 -0.661260 0.866266
v 0.104328 -0.631050 0.838004
v 0.104328 -0.664204 0.838004
v 0.478516 -0.670094 0.935492
v 0.478516 -0.655066 0.935492
v 0.574068 -0.674018 0.973750
v 0.574068 -0.681872 0.973750
v 0.387718 -0.663224 0.898934
v 0.387718 -0.642352 0.898934
v 0.294302 -0.661260 0.861372
v 0.294302 -0.633982 0.861372
v 0.202832 -0.661260 0.824596
v 0.202832 -0.630070 0.824596
v 0.108996 -0.631050 0.786896
v 0.108996 -0.664204 0.786896
v 0.037547 -0.598332 0.897606
v 0.068604 -0.598332 0.875042
v -0.008432 -0.598332 0.906248
v -0.054052 -0.598332 0.897610
v -0.085146 -0.598332 0.875020
v -0.109483 -0.598332 0.834236
v -0.113347 -0.598332 0.788302
v -0.101416 -0.598332 0.751580
v -0.070888 -0.598332 0.717708
v -0.027439 -0.598332 0.697874
v 0.010909 -0.598332 0.697874
v 0.054025 -0.598332 0.717708
v 0.084914 -0.598332 0.751612
v 0.096821 -0.598332 0.788260
v 0.092622 -0.598332 0.834234
v -0.059885 -0.086148 0.819070
v -0.048312 -0.086148 0.839116
v -0.029585 -0.086148 0.852722
v -0.006943 -0.086148 0.857534
v 0.015698 -0.086148 0.852722
v 0.034425 -0.086148 0.839116
v 0.045998 -0.086148 0.819070
v 0.048418 -0.086148 0.796050
v 0.041265 -0.086148 0.774036
v 0.025776 -0.086148 0.756834
v 0.004630 -0.086148 0.747418
v -0.018517 -0.086148 0.747418
v -0.039663 -0.086148 0.756834
v -0.055152 -0.086148 0.774036
v -0.062305 -0.086148 0.796050
v 0.072961 -0.598332 0.755736
v 0.047289 -0.598332 0.727224
v 0.012240 -0.598332 0.711618
v -0.026127 -0.598332 0.711618
v 0.084817 -0.598332 0.792224
v 0.080807 -0.598332 0.830380
v 0.061624 -0.598332 0.863606
v 0.030584 -0.598332 0.886158
v -0.006943 -0.598332 0.894134
v -0.044472 -0.598332 0.886158
v -0.075511 -0.598332 0.863606
v -0.094694 -0.598332 0.830380
v -0.098704 -0.598332 0.792224
v -0.086848 -0.598332 0.755736
v -0.061176 -0.598332 0.727224
v -0.046079 -0.598332 0.814584
v -0.047867 -0.598332 0.797566
v -0.042580 -0.598332 0.781294
v -0.031130 -0.598332 0.768578
v -0.015499 -0.598332 0.761618
v 0.001612 -0.598332 0.761618
v 0.017243 -0.598332 0.768578
v 0.028693 -0.598332 0.781294
v 0.033980 -0.598332 0.797566
v 0.032192 -0.598332 0.814584
v 0.023636 -0.598332 0.829402
v 0.009793 -0.598332 0.839460
v -0.006943 -0.598332 0.843018
v -0.023680 -0.598332 0.839460
v -0.037523 -0.598332 0.829402
v -0.046079 -0.530786 0.814584
v -0.047867 -0.530786 0.797566
v -0.042580 -0.530786 0.781294
v -0.031130 -0.530786 0.768578
v -0.015499 -0.530786 0.761618
v 0.001612 -0.530786 0.761618
v 0.017243 -0.530786 0.768578
v 0.028693 -0.530786 0.781294
v 0.033980 -0.530786 0.797566
v 0.032192 -0.530786 0.814584
v 0.023636 -0.530786 0.829402
v 0.009793 -0.530786 0.839460
v -0.006943 -0.530786 0.843018
v -0.023680 -0.530786 0.839460
v -0.037523 -0.530786 0.829402
v -0.059302 -0.530786 0.818880
v -0.061695 -0.530786 0.796114
v -0.054621 -0.530786 0.774342
v -0.039303 -0.530786 0.757330
v -0.018390 -0.530786 0.748018
v 0.004503 -0.530786 0.748018
v 0.025416 -0.530786 0.757330
v 0.040734 -0.530786 0.774342
v 0.047808 -0.530786 0.796114
v 0.045415 -0.530786 0.818880
v 0.033969 -0.530786 0.838706
v 0.015449 -0.530786 0.852162
v -0.006943 -0.530786 0.856922
v -0.029336 -0.530786 0.852162
v -0.047856 -0.530786 0.838706
v -0.059885 -0.530186 0.819070
v -0.062305 -0.530186 0.796050
v -0.055152 -0.530186 0.774036
v -0.039663 -0.530186 0.756834
v -0.018517 -0.530186 0.747418
v 0.004630 -0.530186 0.747418
v 0.025776 -0.530186 0.756834
v 0.041265 -0.530186 0.774036
v 0.048418 -0.530186 0.796050
v 0.045998 -0.530186 0.819070
v 0.034425 -0.530186 0.839116
v 0.015698 -0.530186 0.852722
v -0.006943 -0.530186 0.857534
v -0.029585 -0.530186 0.852722
v -0.048312 -0.530186 0.839116
v 0.013069 -0.734318 1.442548
v 0.013069 -0.739990 1.438426
v 0.013069 -0.743496 1.432354
v 0.013069 -0.744230 1.425380
v 0.013069 -0.742062 1.418710
v 0.013069 -0.737370 1.413500
v 0.013069 -0.730964 1.410648
v 0.013069 -0.723952 1.410648
v 0.013069 -0.717546 1.413500
v 0.013069 -0.712854 1.418710
v 0.013069 -0.710686 1.425380
v 0.013069 -0.711420 1.432354
v 0.013069 -0.714926 1.438426
v 0.013069 -0.720598 1.442548
v 0.013069 -0.727458 1.444006
v 0.007069 -0.727458 1.452186
v 0.007069 -0.717272 1.450020
v -0.024107 -0.717272 1.450020
v -0.024107 -0.727458 1.452186
v 0.007069 -0.708848 1.443900
v -0.024107 -0.708848 1.443900
v 0.007069 -0.703642 1.434882
v -0.024107 -0.703642 1.434882
v 0.007069 -0.702552 1.424524
v -0.024107 -0.702552 1.424524
v 0.007069 -0.705770 1.414622
v -0.024107 -0.705770 1.414622
v 0.007069 -0.712738 1.406882
v -0.024107 -0.712738 1.406882
v 0.007069 -0.722252 1.402648
v -0.024107 -0.722252 1.402648
v 0.007069 -0.732664 1.402648
v -0.024107 -0.732664 1.402648
v 0.007069 -0.742178 1.406882
v -0.024107 -0.742178 1.406882
v 0.007069 -0.749146 1.414622
v -0.024107 -0.749146 1.414622
v 0.007069 -0.752364 1.424524
v -0.024107 -0.752364 1.424524
v 0.007069 -0.751274 1.434882
v -0.024107 -0.751274 1.434882
v 0.007069 -0.746068 1.443900
v -0.024107 -0.746068 1.443900
v 0.007069 -0.737644 1.450020
v -0.024107 -0.737644 1.450020
v -0.030107 -0.720598 1.442548
v -0.030107 -0.714926 1.438426
v -0.030107 -0.711420 1.432354
v -0.030107 -0.710686 1.425380
v -0.030107 -0.712854 1.418710
v -0.030107 -0.717546 1.413500
v -0.030107 -0.723952 1.410648
v -0.030107 -0.730964 1.410648
v -0.030107 -0.737370 1.413500
v -0.030107 -0.742062 1.418710
v -0.030107 -0.744230 1.425380
v -0.030107 -0.743496 1.432354
v -0.030107 -0.739990 1.438426
v -0.030107 -0.734318 1.442548
v -0.030107 -0.727458 1.444006
v 0.011069 -0.736812 1.448152
v 0.011069 -0.727458 1.450140
v 0.011069 -0.718104 1.448152
v 0.011069 -0.710368 1.442532
v 0.011069 -0.705586 1.434250
v 0.011069 -0.704586 1.424738
v 0.011069 -0.707542 1.415644
v 0.011069 -0.713940 1.408536
v 0.011069 -0.722676 1.404648
v 0.011069 -0.732240 1.404648
v 0.011069 -0.740976 1.408536
v 0.011069 -0.747374 1.415644
v 0.011069 -0.750330 1.424738
v 0.011069 -0.749330 1.434250
v 0.011069 -0.744548 1.442532
v -0.028107 -0.718104 1.448152
v -0.028107 -0.727458 1.450140
v -0.028107 -0.736812 1.448152
v -0.028107 -0.744548 1.442532
v -0.028107 -0.749330 1.434250
v -0.028107 -0.750330 1.424738
v -0.028107 -0.747374 1.415644
v -0.028107 -0.740976 1.408536
v -0.028107 -0.732240 1.404648
v -0.028107 -0.722676 1.404648
v -0.028107 -0.713940 1.408536
v -0.028107 -0.707542 1.415644
v -0.028107 -0.704586 1.424738
v -0.028107 -0.705586 1.434250
v -0.028107 -0.710368 1.442532
v -0.024710 -0.699318 1.427234
v -0.023722 -0.700980 1.437350
v -0.023609 -0.693362 1.438446
v -0.024880 -0.690910 1.426120
v -0.022885 -0.706252 1.445472
v -0.022531 -0.700344 1.448896
v -0.022325 -0.713340 1.450898
v -0.021811 -0.710794 1.455878
v -0.022128 -0.721940 1.453878
v -0.021558 -0.720974 1.458598
v -0.027095 -0.712268 1.403838
v -0.026536 -0.705716 1.409800
v -0.027229 -0.700344 1.403344
v -0.027950 -0.707844 1.397434
v -0.025698 -0.700712 1.418190
v -0.026152 -0.693362 1.413794
v -0.008256 -0.699318 1.427234
v -0.008256 -0.700980 1.437350
v -0.008256 -0.693362 1.438446
v -0.008256 -0.690910 1.426120
v -0.008256 -0.706252 1.445472
v -0.008256 -0.700344 1.448896
v -0.008256 -0.713340 1.450898
v -0.008256 -0.710794 1.455878
v -0.008256 -0.721940 1.453878
v -0.008256 -0.720974 1.458598
v -0.008256 -0.712268 1.403838
v -0.008256 -0.705716 1.409800
v -0.008256 -0.700344 1.403344
v -0.008256 -0.707844 1.397434
v -0.008256 -0.700712 1.418190
v -0.008256 -0.693362 1.413794
v 0.007097 -0.693362 1.438446
v 0.007210 -0.700980 1.437350
v 0.008198 -0.699318 1.427234
v 0.008368 -0.690910 1.426120
v 0.006019 -0.700344 1.448896
v 0.006373 -0.706252 1.445472
v 0.005299 -0.710794 1.455878
v 0.005813 -0.713340 1.450898
v 0.005046 -0.720974 1.458598
v 0.005616 -0.721940 1.453878
v 0.010717 -0.700344 1.403344
v 0.010024 -0.705716 1.409800
v 0.010583 -0.712268 1.403838
v 0.011437 -0.707844 1.397434
v 0.009640 -0.693362 1.413794
v 0.009186 -0.700712 1.418190
v -0.610788 -0.734318 1.020276
v -0.606868 -0.739990 1.019002
v -0.601094 -0.743496 1.017126
v -0.594460 -0.744230 1.014970
v -0.588118 -0.742062 1.012910
v -0.583162 -0.737370 1.011300
v -0.580448 -0.730964 1.010418
v -0.580448 -0.723952 1.010418
v -0.583162 -0.717546 1.011300
v -0.588118 -0.712854 1.012910
v -0.594460 -0.710686 1.014970
v -0.601094 -0.711420 1.017126
v -0.606868 -0.714926 1.019002
v -0.610788 -0.720598 1.020276
v -0.612176 -0.727458 1.020726
v -0.621808 -0.727458 1.017548
v -0.619748 -0.717272 1.016878
v -0.629382 -0.717272 0.987230
v -0.631442 -0.727458 0.987898
v -0.613928 -0.708848 1.014988
v -0.623562 -0.708848 0.985338
v -0.605352 -0.703642 1.012200
v -0.614984 -0.703642 0.982550
v -0.595502 -0.702552 1.009000
v -0.605136 -0.702552 0.979350
v -0.586082 -0.705770 1.005940
v -0.595716 -0.705770 0.976290
v -0.578722 -0.712738 1.003548
v -0.588356 -0.712738 0.973898
v -0.574694 -0.722252 1.002240
v -0.584328 -0.722252 0.972590
v -0.574694 -0.732664 1.002240
v -0.584328 -0.732664 0.972590
v -0.578722 -0.742178 1.003548
v -0.588356 -0.742178 0.973898
v -0.586082 -0.749146 1.005940
v -0.595716 -0.749146 0.976290
v -0.595502 -0.752364 1.009000
v -0.605136 -0.752364 0.979350
v -0.605352 -0.751274 1.012200
v -0.614984 -0.751274 0.982550
v -0.613928 -0.746068 1.014988
v -0.623562 -0.746068 0.985338
v -0.619748 -0.737644 1.016878
v -0.629382 -0.737644 0.987230
v -0.624130 -0.720598 0.979214
v -0.620210 -0.714926 0.977940
v -0.614436 -0.711420 0.976064
v -0.607802 -0.710686 0.973908
v -0.601460 -0.712854 0.971848
v -0.596504 -0.717546 0.970238
v -0.593790 -0.723952 0.969356
v -0.593790 -0.730964 0.969356
v -0.596504 -0.737370 0.970238
v -0.601460 -0.742062 0.971848
v -0.607802 -0.744230 0.973908
v -0.614436 -0.743496 0.976064
v -0.620210 -0.739990 0.977940
v -0.624130 -0.734318 0.979214
v -0.625518 -0.727458 0.979664
v -0.616736 -0.736812 1.020106
v -0.618628 -0.727458 1.020720
v -0.616736 -0.718104 1.020106
v -0.611390 -0.710368 1.018368
v -0.603514 -0.705586 1.015810
v -0.594468 -0.704586 1.012870
v -0.585818 -0.707542 1.010060
v -0.579060 -0.713940 1.007864
v -0.575360 -0.722676 1.006662
v -0.575360 -0.732240 1.006662
v -0.579060 -0.740976 1.007864
v -0.585818 -0.747374 1.010060
v -0.594468 -0.750330 1.012870
v -0.603514 -0.749330 1.015810
v -0.611390 -0.744548 1.018368
v -0.628842 -0.718104 0.982848
v -0.630734 -0.727458 0.983462
v -0.628842 -0.736812 0.982848
v -0.623496 -0.744548 0.981110
v -0.615620 -0.749330 0.978552
v -0.606574 -0.750330 0.975612
v -0.597924 -0.747374 0.972802
v -0.591166 -0.740976 0.970606
v -0.587466 -0.732240 0.969404
v -0.587466 -0.722676 0.969404
v -0.591166 -0.713940 0.970606
v -0.597924 -0.707542 0.972802
v -0.606574 -0.704586 0.975612
v -0.615620 -0.705586 0.978552
v -0.623496 -0.710368 0.981110
v -0.607898 -0.699318 0.979614
v -0.617214 -0.700980 0.983680
v -0.618222 -0.693362 0.984126
v -0.606892 -0.690910 0.979108
v -0.624680 -0.706252 0.986986
v -0.627828 -0.700344 0.988380
v -0.629668 -0.713340 0.989194
v -0.634246 -0.710794 0.991222
v -0.632440 -0.721940 0.990302
v -0.636754 -0.720974 0.992304
v -0.586384 -0.712268 0.970116
v -0.591882 -0.705716 0.972490
v -0.585956 -0.700344 0.969836
v -0.580558 -0.707844 0.967324
v -0.599602 -0.700712 0.975880
v -0.595562 -0.693362 0.974090
v -0.602814 -0.699318 0.995262
v -0.612434 -0.700980 0.998388
v -0.613478 -0.693362 0.998728
v -0.601754 -0.690910 0.994918
v -0.620158 -0.706252 1.000898
v -0.623416 -0.700344 1.001956
v -0.625320 -0.713340 1.002576
v -0.630056 -0.710794 1.004114
v -0.628152 -0.721940 1.003496
v -0.632644 -0.720974 1.004954
v -0.580562 -0.712268 0.988032
v -0.586234 -0.705716 0.989876
v -0.580094 -0.700344 0.987880
v -0.574474 -0.707844 0.986054
v -0.594212 -0.700712 0.992468
v -0.590032 -0.693362 0.991110
v -0.608734 -0.693362 1.013330
v -0.607656 -0.700980 1.013098
v -0.597728 -0.699318 1.010912
v -0.596618 -0.690910 1.010730
v -0.619004 -0.700344 1.015534
v -0.615638 -0.706252 1.014810
v -0.625868 -0.710794 1.017006
v -0.620972 -0.713340 1.015956
v -0.628532 -0.720974 1.017606
v -0.623866 -0.721940 1.016688
v -0.574230 -0.700344 1.005924
v -0.580586 -0.705716 1.007260
v -0.574740 -0.712268 1.005950
v -0.568388 -0.707844 1.004784
v -0.584502 -0.693362 1.008130
v -0.588822 -0.700712 1.009056
v -0.401966 -0.734318 0.296462
v -0.399544 -0.739990 0.299798
v -0.395974 -0.743496 0.304710
v -0.391876 -0.744230 0.310352
v -0.387956 -0.742062 0.315748
v -0.384892 -0.737370 0.319964
v -0.383216 -0.730964 0.322272
v -0.383216 -0.723952 0.322272
v -0.384892 -0.717546 0.319964
v -0.387956 -0.712854 0.315748
v -0.391876 -0.710686 0.310352
v -0.395974 -0.711420 0.304710
v -0.399544 -0.714926 0.299798
v -0.401966 -0.720598 0.296462
v -0.402824 -0.727458 0.295284
v -0.402776 -0.727458 0.285140
v -0.401504 -0.717272 0.286892
v -0.376282 -0.717272 0.268566
v -0.377556 -0.727458 0.266816
v -0.397906 -0.708848 0.291844
v -0.372686 -0.708848 0.273518
v -0.392606 -0.703642 0.299140
v -0.367384 -0.703642 0.280814
v -0.386518 -0.702552 0.307518
v -0.361298 -0.702552 0.289192
v -0.380698 -0.705770 0.315530
v -0.355476 -0.705770 0.297206
v -0.376148 -0.712738 0.321790
v -0.350928 -0.712738 0.303466
v -0.373660 -0.722252 0.325216
v -0.348438 -0.722252 0.306892
v -0.373660 -0.732664 0.325216
v -0.348438 -0.732664 0.306892
v -0.376148 -0.742178 0.321790
v -0.350928 -0.742178 0.303466
v -0.380698 -0.749146 0.315530
v -0.355476 -0.749146 0.297206
v -0.386518 -0.752364 0.307518
v -0.361298 -0.752364 0.289192
v -0.392606 -0.751274 0.299140
v -0.367384 -0.751274 0.280814
v -0.397906 -0.746068 0.291844
v -0.372686 -0.746068 0.273518
v -0.401504 -0.737644 0.286892
v -0.376282 -0.737644 0.268566
v -0.367038 -0.720598 0.271084
v -0.364614 -0.714926 0.274420
v -0.361044 -0.711420 0.279332
v -0.356946 -0.710686 0.284974
v -0.353026 -0.712854 0.290370
v -0.349962 -0.717546 0.294586
v -0.348286 -0.723952 0.296894
v -0.348286 -0.730964 0.296894
v -0.349962 -0.737370 0.294586
v -0.353026 -0.742062 0.290370
v -0.356946 -0.744230 0.284974
v -0.361044 -0.743496 0.279332
v -0.364614 -0.739990 0.274420
v -0.367038 -0.734318 0.271084
v -0.367894 -0.727458 0.269906
v -0.403642 -0.736812 0.290754
v -0.404812 -0.727458 0.289146
v -0.403642 -0.718104 0.290754
v -0.400338 -0.710368 0.295302
v -0.395470 -0.705586 0.302002
v -0.389880 -0.704586 0.309696
v -0.384534 -0.707542 0.317054
v -0.380358 -0.713940 0.322804
v -0.378070 -0.722676 0.325950
v -0.378070 -0.732240 0.325950
v -0.380358 -0.740976 0.322804
v -0.384534 -0.747374 0.317054
v -0.389880 -0.750330 0.309696
v -0.395470 -0.749330 0.302002
v -0.400338 -0.744548 0.295302
v -0.371948 -0.718104 0.267726
v -0.373118 -0.727458 0.266118
v -0.371948 -0.736812 0.267726
v -0.368646 -0.744548 0.272274
v -0.363778 -0.749330 0.278974
v -0.358186 -0.750330 0.286668
v -0.352840 -0.747374 0.294026
v -0.348664 -0.740976 0.299776
v -0.346378 -0.732240 0.302924
v -0.346378 -0.722676 0.302924
v -0.348664 -0.713940 0.299776
v -0.352840 -0.707542 0.294026
v -0.358186 -0.704586 0.286668
v -0.363778 -0.705586 0.278974
v -0.368646 -0.710368 0.272274
v -0.362402 -0.699318 0.286646
v -0.369146 -0.700980 0.279042
v -0.369882 -0.693362 0.278222
v -0.361608 -0.690910 0.287448
v -0.374598 -0.706252 0.272964
v -0.376896 -0.700344 0.270402
v -0.378240 -0.713340 0.268904
v -0.381584 -0.710794 0.265176
v -0.380150 -0.721940 0.266610
v -0.383386 -0.720974 0.263124
v -0.346720 -0.712268 0.304172
v -0.350678 -0.705716 0.299678
v -0.346322 -0.700344 0.304492
v -0.342266 -0.707844 0.308850
v -0.356286 -0.700712 0.293382
v -0.353336 -0.693362 0.296672
v -0.375712 -0.699318 0.296318
v -0.381660 -0.700980 0.288134
v -0.382304 -0.693362 0.287246
v -0.375058 -0.690910 0.297218
v -0.386432 -0.706252 0.281564
v -0.388446 -0.700344 0.278792
v -0.389622 -0.713340 0.277174
v -0.392550 -0.710794 0.273144
v -0.391374 -0.721940 0.274764
v -0.394148 -0.720974 0.270944
v -0.361960 -0.712268 0.315246
v -0.365466 -0.705716 0.310422
v -0.361670 -0.700344 0.315646
v -0.358198 -0.707844 0.320426
v -0.370398 -0.700712 0.303634
v -0.367814 -0.693362 0.307190
v -0.394724 -0.693362 0.296270
v -0.394172 -0.700980 0.297224
v -0.389024 -0.699318 0.305990
v -0.388508 -0.690910 0.306990
v -0.399994 -0.700344 0.287184
v -0.398268 -0.706252 0.290162
v -0.403516 -0.710794 0.281112
v -0.401004 -0.713340 0.285442
v -0.404910 -0.720974 0.278762
v -0.402596 -0.721940 0.282918
v -0.377020 -0.700344 0.326798
v -0.380254 -0.705716 0.321166
v -0.377202 -0.712268 0.326320
v -0.374130 -0.707844 0.332002
v -0.382290 -0.693362 0.317710
v -0.384508 -0.700712 0.313886
v 0.350950 -0.734318 0.271394
v 0.348528 -0.739990 0.274728
v 0.344958 -0.743496 0.279642
v 0.340858 -0.744230 0.285284
v 0.336938 -0.742062 0.290678
v 0.333876 -0.737370 0.294894
v 0.332200 -0.730964 0.297202
v 0.332200 -0.723952 0.297202
v 0.333876 -0.717546 0.294894
v 0.336938 -0.712854 0.290678
v 0.340858 -0.710686 0.285284
v 0.344958 -0.711420 0.279642
v 0.348528 -0.714926 0.274728
v 0.350950 -0.720598 0.271394
v 0.351808 -0.727458 0.270214
v 0.361468 -0.727458 0.267124
v 0.360196 -0.717272 0.268876
v 0.385418 -0.717272 0.287200
v 0.386690 -0.727458 0.285448
v 0.356598 -0.708848 0.273828
v 0.381820 -0.708848 0.292152
v 0.351298 -0.703642 0.281124
v 0.376520 -0.703642 0.299448
v 0.345210 -0.702552 0.289502
v 0.370432 -0.702552 0.307826
v 0.339390 -0.705770 0.297514
v 0.364610 -0.705770 0.315838
v 0.334840 -0.712738 0.303774
v 0.360062 -0.712738 0.322100
v 0.332350 -0.722252 0.307202
v 0.357572 -0.722252 0.325526
v 0.332350 -0.732664 0.307202
v 0.357572 -0.732664 0.325526
v 0.334840 -0.742178 0.303774
v 0.360062 -0.742178 0.322100
v 0.339390 -0.749146 0.297514
v 0.364610 -0.749146 0.315838
v 0.345210 -0.752364 0.289502
v 0.370432 -0.752364 0.307826
v 0.351298 -0.751274 0.281124
v 0.376520 -0.751274 0.299448
v 0.356598 -0.746068 0.273828
v 0.381820 -0.746068 0.292152
v 0.360196 -0.737644 0.268876
v 0.385418 -0.737644 0.287200
v 0.385880 -0.720598 0.296772
v 0.383458 -0.714926 0.300106
v 0.379888 -0.711420 0.305020
v 0.375788 -0.710686 0.310662
v 0.371868 -0.712854 0.316056
v 0.368806 -0.717546 0.320272
v 0.367128 -0.723952 0.322580
v 0.367128 -0.730964 0.322580
v 0.368806 -0.737370 0.320272
v 0.371868 -0.742062 0.316056
v 0.375788 -0.744230 0.310662
v 0.379888 -0.743496 0.305020
v 0.383458 -0.739990 0.300106
v 0.385880 -0.734318 0.296772
v 0.386736 -0.727458 0.295592
v 0.355862 -0.736812 0.268036
v 0.357030 -0.727458 0.266428
v 0.355862 -0.718104 0.268036
v 0.352558 -0.710368 0.272584
v 0.347690 -0.705586 0.279284
v 0.342100 -0.704586 0.286978
v 0.336754 -0.707542 0.294336
v 0.332576 -0.713940 0.300086
v 0.330290 -0.722676 0.303232
v 0.330290 -0.732240 0.303232
v 0.332576 -0.740976 0.300086
v 0.336754 -0.747374 0.294336
v 0.342100 -0.750330 0.286978
v 0.347690 -0.749330 0.279284
v 0.352558 -0.744548 0.272584
v 0.387556 -0.718104 0.291062
v 0.388724 -0.727458 0.289454
v 0.387556 -0.736812 0.291062
v 0.384252 -0.744548 0.295610
v 0.379384 -0.749330 0.302310
v 0.373794 -0.750330 0.310004
v 0.368448 -0.747374 0.317362
v 0.364270 -0.740976 0.323112
v 0.361984 -0.732240 0.326258
v 0.361984 -0.722676 0.326258
v 0.364270 -0.713940 0.323112
v 0.368448 -0.707542 0.317362
v 0.373794 -0.704586 0.310004
v 0.379384 -0.705586 0.302310
v 0.384252 -0.710368 0.295610
v 0.372512 -0.699318 0.305990
v 0.377660 -0.700980 0.297224
v 0.378212 -0.693362 0.296270
v 0.371996 -0.690910 0.306990
v 0.381756 -0.706252 0.290162
v 0.383482 -0.700344 0.287184
v 0.384492 -0.713340 0.285442
v 0.387004 -0.710794 0.281112
v 0.386084 -0.721940 0.282918
v 0.388398 -0.720974 0.278762
v 0.360690 -0.712268 0.326320
v 0.363742 -0.705716 0.321166
v 0.360508 -0.700344 0.326798
v 0.357618 -0.707844 0.332002
v 0.367996 -0.700712 0.313886
v 0.365778 -0.693362 0.317710
v 0.359200 -0.699318 0.296318
v 0.365148 -0.700980 0.288134
v 0.365792 -0.693362 0.287246
v 0.358546 -0.690910 0.297218
v 0.369920 -0.706252 0.281564
v 0.371934 -0.700344 0.278792
v 0.373110 -0.713340 0.277174
v 0.376038 -0.710794 0.273144
v 0.374862 -0.721940 0.274764
v 0.377636 -0.720974 0.270944
v 0.345448 -0.712268 0.315246
v 0.348954 -0.705716 0.310422
v 0.345158 -0.700344 0.315646
v 0.341686 -0.707844 0.320426
v 0.353886 -0.700712 0.303634
v 0.351302 -0.693362 0.307190
v 0.353370 -0.693362 0.278222
v 0.352634 -0.700980 0.279042
v 0.345890 -0.699318 0.286646
v 0.345096 -0.690910 0.287448
v 0.360384 -0.700344 0.270402
v 0.358086 -0.706252 0.272964
v 0.365072 -0.710794 0.265176
v 0.361728 -0.713340 0.268904
v 0.366874 -0.720974 0.263124
v 0.363638 -0.721940 0.266610
v 0.329810 -0.700344 0.304492
v 0.334166 -0.705716 0.299678
v 0.330208 -0.712268 0.304172
v 0.325754 -0.707844 0.308850
v 0.336824 -0.693362 0.296672
v 0.339774 -0.700712 0.293382
v 0.607456 -0.734318 0.979714
v 0.603536 -0.739990 0.978440
v 0.597760 -0.743496 0.976564
v 0.591128 -0.744230 0.974408
v 0.584786 -0.742062 0.972348
v 0.579830 -0.737370 0.970736
v 0.577116 -0.730964 0.969856
v 0.577116 -0.723952 0.969856
v 0.579830 -0.717546 0.970736
v 0.584786 -0.712854 0.972348
v 0.591128 -0.710686 0.974408
v 0.597760 -0.711420 0.976564
v 0.603536 -0.714926 0.978440
v 0.607456 -0.720598 0.979714
v 0.608844 -0.727458 0.980164
v 0.614768 -0.727458 0.988398
v 0.612708 -0.717272 0.987728
v 0.603074 -0.717272 1.017378
v 0.605134 -0.727458 1.018048
v 0.606888 -0.708848 0.985838
v 0.597254 -0.708848 1.015488
v 0.598310 -0.703642 0.983050
v 0.588676 -0.703642 1.012700
v 0.588460 -0.702552 0.979850
v 0.578828 -0.702552 1.009500
v 0.579042 -0.705770 0.976790
v 0.569408 -0.705770 1.006440
v 0.571682 -0.712738 0.974398
v 0.562048 -0.712738 1.004048
v 0.567654 -0.722252 0.973090
v 0.558020 -0.722252 1.002740
v 0.567654 -0.732664 0.973090
v 0.558020 -0.732664 1.002740
v 0.571682 -0.742178 0.974398
v 0.562048 -0.742178 1.004048
v 0.579042 -0.749146 0.976790
v 0.569408 -0.749146 1.006440
v 0.588460 -0.752364 0.979850
v 0.578828 -0.752364 1.009500
v 0.598310 -0.751274 0.983050
v 0.588676 -0.751274 1.012700
v 0.606888 -0.746068 0.985838
v 0.597254 -0.746068 1.015488
v 0.612708 -0.737644 0.987728
v 0.603074 -0.737644 1.017378
v 0.594114 -0.720598 1.020776
v 0.590194 -0.714926 1.019502
v 0.584418 -0.711420 1.017626
v 0.577786 -0.710686 1.015470
v 0.571444 -0.712854 1.013410
v 0.566488 -0.717546 1.011800
v 0.563774 -0.723952 1.010918
v 0.563774 -0.730964 1.010918
v 0.566488 -0.737370 1.011800
v 0.571444 -0.742062 1.013410
v 0.577786 -0.744230 1.015470
v 0.584418 -0.743496 1.017626
v 0.590194 -0.739990 1.019502
v 0.594114 -0.734318 1.020776
v 0.595502 -0.727458 1.021226
v 0.612168 -0.736812 0.983348
v 0.614058 -0.727458 0.983962
v 0.612168 -0.718104 0.983348
v 0.606822 -0.710368 0.981610
v 0.598946 -0.705586 0.979052
v 0.589900 -0.704586 0.976112
v 0.581250 -0.707542 0.973302
v 0.574492 -0.713940 0.971106
v 0.570792 -0.722676 0.969904
v 0.570792 -0.732240 0.969904
v 0.574492 -0.740976 0.971106
v 0.581250 -0.747374 0.973302
v 0.589900 -0.750330 0.976112
v 0.598946 -0.749330 0.979052
v 0.606822 -0.744548 0.981610
v 0.600062 -0.718104 1.020606
v 0.601952 -0.727458 1.021220
v 0.600062 -0.736812 1.020606
v 0.594716 -0.744548 1.018868
v 0.586840 -0.749330 1.016310
v 0.577794 -0.750330 1.013370
v 0.569144 -0.747374 1.010560
v 0.562386 -0.740976 1.008364
v 0.558686 -0.732240 1.007162
v 0.558686 -0.722676 1.007162
v 0.562386 -0.713940 1.008364
v 0.569144 -0.707542 1.010560
v 0.577794 -0.704586 1.013370
v 0.586840 -0.705586 1.016310
v 0.594716 -0.710368 1.018868
v 0.581218 -0.699318 1.010912
v 0.591144 -0.700980 1.013098
v 0.592222 -0.693362 1.013330
v 0.580106 -0.690910 1.010730
v 0.599126 -0.706252 1.014810
v 0.602492 -0.700344 1.015534
v 0.604460 -0.713340 1.015956
v 0.609356 -0.710794 1.017006
v 0.607354 -0.721940 1.016688
v 0.612020 -0.720974 1.017606
v 0.558228 -0.712268 1.005950
v 0.564072 -0.705716 1.007260
v 0.557718 -0.700344 1.005924
v 0.551876 -0.707844 1.004784
v 0.572310 -0.700712 1.009056
v 0.567990 -0.693362 1.008130
v 0.586302 -0.699318 0.995262
v 0.595922 -0.700980 0.998388
v 0.596966 -0.693362 0.998728
v 0.585242 -0.690910 0.994918
v 0.603646 -0.706252 1.000898
v 0.606904 -0.700344 1.001956
v 0.608808 -0.713340 1.002576
v 0.613544 -0.710794 1.004114
v 0.611640 -0.721940 1.003496
v 0.616132 -0.720974 1.004954
v 0.564050 -0.712268 0.988032
v 0.569722 -0.705716 0.989876
v 0.563582 -0.700344 0.987880
v 0.557962 -0.707844 0.986054
v 0.577700 -0.700712 0.992468
v 0.573520 -0.693362 0.991110
v 0.601710 -0.693362 0.984126
v 0.600702 -0.700980 0.983680
v 0.591386 -0.699318 0.979614
v 0.590380 -0.690910 0.979108
v 0.611316 -0.700344 0.988380
v 0.608168 -0.706252 0.986986
v 0.617734 -0.710794 0.991222
v 0.613156 -0.713340 0.989194
v 0.620242 -0.720974 0.992304
v 0.615928 -0.721940 0.990302
v 0.569444 -0.700344 0.969836
v 0.575370 -0.705716 0.972490
v 0.569872 -0.712268 0.970116
v 0.564046 -0.707844 0.967324
v 0.579050 -0.693362 0.974090
v 0.583090 -0.700712 0.975880
v -0.182617 -0.083188 0.948154
v -0.182617 0.004105 0.948154
v -0.182617 0.004105 0.568952
v -0.182617 -0.083188 0.568952
v -0.103218 -0.011895 0.568952
v -0.103218 -0.067188 0.568952
v -0.103218 -0.011895 0.429266
v -0.103218 -0.067188 0.429266
v -0.103218 -0.011895 0.413266
v -0.103218 -0.067188 0.413266
v -0.089218 -0.025895 0.413266
v -0.089218 -0.053188 0.413266
v -0.089218 -0.024737 0.403826
v -0.089218 -0.050543 0.394940
v -0.103218 -0.011500 0.408384
v -0.103218 -0.063780 0.390382
v -0.103218 -0.004989 0.389474
v -0.103218 -0.057269 0.371472
v -0.089218 -0.018226 0.384916
v -0.089218 -0.044032 0.376030
v -0.089218 -0.013713 0.377348
v -0.089218 -0.034924 0.360174
v -0.103218 -0.002833 0.386160
v -0.103218 -0.045804 0.351362
v -0.103218 0.009753 0.370616
v -0.103218 -0.033218 0.335820
v -0.089218 -0.001127 0.361806
v -0.089218 -0.022337 0.344630
v -0.089218 0.005117 0.356656
v -0.089218 -0.009346 0.333510
v -0.103218 0.012536 0.368530
v -0.103218 -0.016764 0.321638
v -0.103218 0.029497 0.357932
v -0.103218 0.000197 0.311040
v -0.089218 0.022078 0.346058
v -0.089218 0.007615 0.322912
v -0.089218 0.029516 0.343214
v -0.089218 0.022914 0.316732
v -0.103218 0.032903 0.356798
v -0.103218 0.019527 0.303148
v -0.103218 0.052309 0.351960
v -0.103218 0.038933 0.298310
v -0.089218 0.048922 0.338376
v -0.089218 0.042320 0.311894
v -0.089218 0.058571 0.339146
v -0.089218 0.058571 0.311854
v -0.103218 0.058571 0.353146
v -0.103218 0.058571 0.297854
v -0.103218 0.078571 0.353146
v -0.103218 0.078571 0.297854
v -0.052111 0.078571 0.333146
v -0.052111 0.078571 0.317854
v -0.052111 0.696662 0.333146
v -0.052111 0.696662 0.317854
v -0.012111 0.245330 0.333146
v -0.012111 0.666128 0.333146
v -0.012111 0.666128 0.317854
v -0.012111 0.245330 0.317854
v -0.012111 0.666128 0.325746
v -0.012111 0.245330 0.325746
v -0.012111 0.666128 0.325254
v -0.012111 0.245330 0.325254
v -0.008256 -0.083188 0.568952
v -0.008256 -0.083188 0.948154
v -0.008256 0.696662 0.333146
v -0.008256 0.696662 0.317854
v -0.008256 0.004105 0.948154
v -0.008256 0.004105 0.568952
v -0.008256 -0.067188 0.568952
v -0.008256 -0.011895 0.568952
v -0.008256 -0.067188 0.429266
v -0.008256 -0.011895 0.429266
v -0.008256 -0.067188 0.413266
v -0.008256 -0.011895 0.413266
v -0.008256 -0.053188 0.413266
v -0.008256 -0.025895 0.413266
v -0.008256 -0.050543 0.394940
v -0.008256 -0.024737 0.403826
v -0.008256 -0.063780 0.390382
v -0.008256 -0.011500 0.408384
v -0.008256 -0.057269 0.371472
v -0.008256 -0.004989 0.389474
v -0.008256 -0.044032 0.376030
v -0.008256 -0.018226 0.384916
v -0.008256 -0.034924 0.360174
v -0.008256 -0.013713 0.377348
v -0.008256 -0.045804 0.351362
v -0.008256 -0.002833 0.386160
v -0.008256 -0.033218 0.335820
v -0.008256 0.009753 0.370616
v -0.008256 -0.022337 0.344630
v -0.008256 -0.001127 0.361806
v -0.008256 -0.009346 0.333510
v -0.008256 0.005117 0.356656
v -0.008256 -0.016764 0.321638
v -0.008256 0.012536 0.368530
v -0.008256 0.000197 0.311040
v -0.008256 0.029497 0.357932
v -0.008256 0.007615 0.322912
v -0.008256 0.022078 0.346058
v -0.008256 0.022914 0.316732
v -0.008256 0.029516 0.343214
v -0.008256 0.019527 0.303148
v -0.008256 0.032903 0.356798
v -0.008256 0.038933 0.298310
v -0.008256 0.052309 0.351960
v -0.008256 0.042320 0.311894
v -0.008256 0.048922 0.338376
v -0.008256 0.058571 0.311854
v -0.008256 0.058571 0.339146
v -0.008256 0.058571 0.297854
v -0.008256 0.058571 0.353146
v -0.008256 0.078571 0.297854
v -0.008256 0.078571 0.353146
v -0.008256 0.078571 0.317854
v -0.008256 0.078571 0.333146
v -0.008256 0.666128 0.333146
v -0.008256 0.245330 0.333146
v -0.008256 0.666128 0.317854
v -0.008256 0.245330 0.317854
v -0.008256 0.666128 0.325746
v -0.008256 0.245330 0.325746
v -0.008256 0.666128 0.325254
v -0.008256 0.245330 0.325254
v 0.166105 0.004105 0.568952
v 0.166105 0.004105 0.948154
v 0.166105 -0.083188 0.948154
v 0.166105 -0.083188 0.568952
v 0.086706 -0.067188 0.568952
v 0.086706 -0.011895 0.568952
v 0.086706 -0.011895 0.429266
v 0.086706 -0.067188 0.429266
v 0.086706 -0.011895 0.413266
v 0.086706 -0.067188 0.413266
v 0.072706 -0.053188 0.413266
v 0.072706 -0.025895 0.413266
v 0.072706 -0.024737 0.403826
v 0.072706 -0.050543 0.394940
v 0.086706 -0.011500 0.408384
v 0.086706 -0.063780 0.390382
v 0.086706 -0.004989 0.389474
v 0.086706 -0.057269 0.371472
v 0.072706 -0.044032 0.376030
v 0.072706 -0.018226 0.384916
v 0.072706 -0.013713 0.377348
v 0.072706 -0.034924 0.360174
v 0.086706 -0.002833 0.386160
v 0.086706 -0.045804 0.351362
v 0.086706 0.009753 0.370616
v 0.086706 -0.033218 0.335820
v 0.072706 -0.022337 0.344630
v 0.072706 -0.001127 0.361806
v 0.072706 -0.009346 0.333510
v 0.072706 0.005117 0.356656
v 0.086706 0.012536 0.368530
v 0.086706 -0.016764 0.321638
v 0.086706 0.000197 0.311040
v 0.086706 0.029497 0.357932
v 0.072706 0.007615 0.322912
v 0.072706 0.022078 0.346058
v 0.072706 0.022914 0.316732
v 0.072706 0.029516 0.343214
v 0.086706 0.032903 0.356798
v 0.086706 0.019527 0.303148
v 0.086706 0.038933 0.298310
v 0.086706 0.052309 0.351960
v 0.072706 0.042320 0.311894
v 0.072706 0.048922 0.338376
v 0.072706 0.058571 0.311854
v 0.072706 0.058571 0.339146
v 0.086706 0.058571 0.353146
v 0.086706 0.058571 0.297854
v 0.086706 0.078571 0.297854
v 0.086706 0.078571 0.353146
v 0.035599 0.078571 0.317854
v 0.035599 0.078571 0.333146
v 0.035599 0.696662 0.333146
v 0.035599 0.696662 0.317854
v -0.004401 0.666128 0.333146
v -0.004401 0.245330 0.333146
v -0.004401 0.245330 0.317854
v -0.004401 0.666128 0.317854
v -0.004401 0.666128 0.325746
v -0.004401 0.245330 0.325746
v -0.004401 0.245330 0.325254
v -0.004401 0.666128 0.325254
v 0.007528 0.670668 0.279544
v 0.021945 0.662344 0.279544
v 0.032645 0.649592 0.279544
v 0.038339 0.633948 0.279544
v 0.038339 0.617302 0.279544
v 0.032645 0.601658 0.279544
v 0.021945 0.588904 0.279544
v 0.007528 0.580582 0.279544
v -0.008867 0.577690 0.279544
v -0.025262 0.580582 0.279544
v -0.039679 0.588904 0.279544
v -0.050379 0.601658 0.279544
v -0.056073 0.617302 0.279544
v -0.056073 0.633948 0.279544
v -0.050379 0.649592 0.279544
v -0.039679 0.662344 0.279544
v -0.025262 0.670668 0.279544
v -0.008867 0.673560 0.279544
v -0.025262 0.670668 0.304660
v -0.008867 0.673560 0.304660
v -0.039651 0.668450 0.301584
v -0.030562 0.673698 0.301584
v -0.030562 0.673698 0.282620
v -0.039651 0.668450 0.282620
v -0.050379 0.649592 0.304660
v -0.039679 0.662344 0.304660
v -0.059976 0.638642 0.301584
v -0.056386 0.648506 0.301584
v -0.056386 0.648506 0.282620
v -0.059976 0.638642 0.282620
v -0.056073 0.617302 0.304660
v -0.056073 0.633948 0.304660
v -0.056386 0.602744 0.301584
v -0.059976 0.612608 0.301584
v -0.059976 0.612608 0.282620
v -0.056386 0.602744 0.282620
v -0.039679 0.588904 0.304660
v -0.050379 0.601658 0.304660
v -0.030562 0.577552 0.301584
v -0.039651 0.582800 0.301584
v -0.039651 0.582800 0.282620
v -0.030562 0.577552 0.282620
v -0.008867 0.577690 0.304660
v -0.025262 0.580582 0.304660
v 0.005414 0.574854 0.282620
v 0.005414 0.574854 0.301584
v -0.004922 0.573032 0.301584
v -0.004922 0.573032 0.282620
v 0.021945 0.588904 0.304660
v 0.007528 0.580582 0.304660
v 0.034708 0.595912 0.282620
v 0.034708 0.595912 0.301584
v 0.027961 0.587872 0.301584
v 0.027961 0.587872 0.282620
v 0.038339 0.617302 0.304660
v 0.032645 0.601658 0.304660
v 0.043612 0.630872 0.282620
v 0.043612 0.630872 0.301584
v 0.043612 0.620376 0.301584
v 0.043612 0.620376 0.282620
v 0.032645 0.649592 0.304660
v 0.038339 0.633948 0.304660
v 0.027961 0.663378 0.282620
v 0.027961 0.663378 0.301584
v 0.034708 0.655338 0.301584
v 0.034708 0.655338 0.282620
v 0.007528 0.670668 0.304660
v 0.021945 0.662344 0.304660
v -0.004922 0.678218 0.282620
v -0.004922 0.678218 0.301584
v 0.005414 0.676396 0.301584
v 0.005414 0.676396 0.282620
v -0.008867 0.637866 0.304660
v -0.013053 0.637126 0.304660
v -0.004681 0.637126 0.304660
v -0.000999 0.635002 0.304660
v 0.001733 0.631744 0.304660
v 0.003187 0.627750 0.304660
v 0.003187 0.623500 0.304660
v 0.001733 0.619504 0.304660
v -0.000999 0.616248 0.304660
v -0.004681 0.614122 0.304660
v -0.008867 0.613384 0.304660
v -0.013053 0.614122 0.304660
v -0.016735 0.616248 0.304660
v -0.019467 0.619504 0.304660
v -0.020921 0.623500 0.304660
v -0.020921 0.627750 0.304660
v -0.019467 0.631744 0.304660
v -0.016735 0.635002 0.304660
v -0.013053 0.637126 0.317842
v -0.008867 0.637866 0.317842
v -0.004681 0.637126 0.317842
v -0.000999 0.635002 0.317842
v 0.001733 0.631744 0.317842
v 0.003187 0.627750 0.317842
v 0.003187 0.623500 0.317842
v 0.001733 0.619504 0.317842
v -0.000999 0.616248 0.317842
v -0.004681 0.614122 0.317842
v -0.008867 0.613384 0.317842
v -0.013053 0.614122 0.317842
v -0.016735 0.616248 0.317842
v -0.019467 0.619504 0.317842
v -0.020921 0.623500 0.317842
v -0.020921 0.627750 0.317842
v -0.019467 0.631744 0.317842
v -0.016735 0.635002 0.317842
v 0.181992 -0.067717 0.762522
v 0.160314 -0.067717 0.762522
v 0.160314 -0.067717 0.731468
v 0.181992 -0.067717 0.731468
v 0.160314 -0.065717 0.729468
v 0.160314 -0.014896 0.729468
v 0.181992 -0.014896 0.729468
v 0.181992 -0.065717 0.729468
v 0.181992 -0.014896 0.764522
v 0.160314 -0.014896 0.764522
v 0.160314 -0.065717 0.764522
v 0.181992 -0.065717 0.764522
v 0.183992 -0.014896 0.731468
v 0.183992 -0.014896 0.762522
v 0.183992 -0.065717 0.762522
v 0.183992 -0.065717 0.731468
v 0.160314 -0.012896 0.731468
v 0.160314 -0.012896 0.762522
v 0.181992 -0.012896 0.762522
v 0.181992 -0.012896 0.731468
v 0.182992 -0.066717 0.730468
v 0.182992 -0.066717 0.763522
v 0.159314 -0.066717 0.730468
v 0.159314 -0.066717 0.763522
v 0.182992 -0.013896 0.730468
v 0.159314 -0.013896 0.730468
v 0.182992 -0.013896 0.763522
v 0.159314 -0.013896 0.763522
v 0.379986 -0.033577 0.750208
v 0.382742 -0.027233 0.751932
v 0.382742 -0.026769 0.748360
v 0.379986 -0.033336 0.748360
v 0.379986 -0.034281 0.751932
v 0.382742 -0.028593 0.755258
v 0.379986 -0.035401 0.753410
v 0.382742 -0.030757 0.758116
v 0.379986 -0.036860 0.754546
v 0.382742 -0.033577 0.760310
v 0.379986 -0.038560 0.755258
v 0.382742 -0.036860 0.761688
v 0.379986 -0.040384 0.755502
v 0.382742 -0.040384 0.762158
v 0.382742 -0.043908 0.761688
v 0.379986 -0.042209 0.755258
v 0.382742 -0.047192 0.760310
v 0.379986 -0.043908 0.754546
v 0.382742 -0.050012 0.758116
v 0.379986 -0.045368 0.753410
v 0.382742 -0.052176 0.755258
v 0.379986 -0.046488 0.751932
v 0.382742 -0.053536 0.751932
v 0.379986 -0.047192 0.750208
v 0.382742 -0.054000 0.748360
v 0.379986 -0.047432 0.748360
v 0.382742 -0.053536 0.744788
v 0.379986 -0.047192 0.746512
v 0.382742 -0.052176 0.741460
v 0.379986 -0.046488 0.744788
v 0.382742 -0.050012 0.738604
v 0.379986 -0.045368 0.743310
v 0.382742 -0.047192 0.736410
v 0.379986 -0.043908 0.742174
v 0.382742 -0.043908 0.735032
v 0.379986 -0.042209 0.741460
v 0.382742 -0.040384 0.734562
v 0.379986 -0.040384 0.741218
v 0.379986 -0.038560 0.741460
v 0.382742 -0.036860 0.735032
v 0.379986 -0.036860 0.742174
v 0.382742 -0.033577 0.736410
v 0.379986 -0.035401 0.743310
v 0.382742 -0.030757 0.738604
v 0.379986 -0.034281 0.744788
v 0.382742 -0.028593 0.741460
v 0.379986 -0.033577 0.746512
v 0.382742 -0.027233 0.744788
v 0.387128 -0.021785 0.753410
v 0.387128 -0.021129 0.748360
v 0.387128 -0.023709 0.758116
v 0.387128 -0.026769 0.762158
v 0.387128 -0.030757 0.765258
v 0.387128 -0.035401 0.767208
v 0.387128 -0.040384 0.767874
v 0.387128 -0.045368 0.767208
v 0.387128 -0.050012 0.765258
v 0.387128 -0.054000 0.762158
v 0.387128 -0.057060 0.758116
v 0.387128 -0.058984 0.753410
v 0.387128 -0.059640 0.748360
v 0.387128 -0.058984 0.743310
v 0.387128 -0.057060 0.738604
v 0.387128 -0.054000 0.734562
v 0.387128 -0.050012 0.731462
v 0.387128 -0.045368 0.729512
v 0.387128 -0.040384 0.728846
v 0.387128 -0.035401 0.729512
v 0.387128 -0.030757 0.731462
v 0.387128 -0.026769 0.734562
v 0.387128 -0.023709 0.738604
v 0.387128 -0.021785 0.743310
v 0.392842 -0.017605 0.754546
v 0.392842 -0.016801 0.748360
v 0.392842 -0.019961 0.760310
v 0.392842 -0.023709 0.765258
v 0.392842 -0.028593 0.769056
v 0.392842 -0.034281 0.771444
v 0.392842 -0.040384 0.772258
v 0.392842 -0.046488 0.771444
v 0.392842 -0.052176 0.769056
v 0.392842 -0.057060 0.765258
v 0.392842 -0.060808 0.760310
v 0.392842 -0.063164 0.754546
v 0.392842 -0.063967 0.748360
v 0.392842 -0.063164 0.742174
v 0.392842 -0.060808 0.736410
v 0.392842 -0.057060 0.731462
v 0.392842 -0.052176 0.727664
v 0.392842 -0.046488 0.725276
v 0.392842 -0.040384 0.724462
v 0.392842 -0.034281 0.725276
v 0.392842 -0.028593 0.727664
v 0.392842 -0.023709 0.731462
v 0.392842 -0.019961 0.736410
v 0.392842 -0.017605 0.742174
v 0.399498 -0.014977 0.755258
v 0.399498 -0.014081 0.748360
v 0.399498 -0.017605 0.761688
v 0.399498 -0.021785 0.767208
v 0.399498 -0.027233 0.771444
v 0.399498 -0.033577 0.774108
v 0.399498 -0.040384 0.775016
v 0.399498 -0.047192 0.774108
v 0.399498 -0.053536 0.771444
v 0.399498 -0.058984 0.767208
v 0.399498 -0.063164 0.761688
v 0.399498 -0.065792 0.755258
v 0.399498 -0.066688 0.748360
v 0.399498 -0.065792 0.741460
v 0.399498 -0.063164 0.735032
v 0.399498 -0.058984 0.729512
v 0.399498 -0.053536 0.725276
v 0.399498 -0.047192 0.722612
v 0.399498 -0.040384 0.721704
v 0.399498 -0.033577 0.722612
v 0.399498 -0.027233 0.725276
v 0.399498 -0.021785 0.729512
v 0.399498 -0.017605 0.735032
v 0.399498 -0.014977 0.741460
v 0.406640 -0.014081 0.755502
v 0.406640 -0.013153 0.748360
v 0.406640 -0.016801 0.762158
v 0.406640 -0.021129 0.767874
v 0.406640 -0.026769 0.772258
v 0.406640 -0.033336 0.775016
v 0.406640 -0.040384 0.775956
v 0.406640 -0.047432 0.775016
v 0.406640 -0.054000 0.772258
v 0.406640 -0.059640 0.767874
v 0.406640 -0.063967 0.762158
v 0.406640 -0.066688 0.755502
v 0.406640 -0.067616 0.748360
v 0.406640 -0.066688 0.741218
v 0.406640 -0.063967 0.734562
v 0.406640 -0.059640 0.728846
v 0.406640 -0.054000 0.724462
v 0.406640 -0.047432 0.721704
v 0.406640 -0.040384 0.720764
v 0.406640 -0.033336 0.721704
v 0.406640 -0.026769 0.724462
v 0.406640 -0.021129 0.728846
v 0.406640 -0.016801 0.734562
v 0.406640 -0.014081 0.741218
v 0.413782 -0.014977 0.755258
v 0.413782 -0.014081 0.748360
v 0.413782 -0.017605 0.761688
v 0.413782 -0.021785 0.767208
v 0.413782 -0.027233 0.771444
v 0.413782 -0.033577 0.774108
v 0.413782 -0.040384 0.775016
v 0.413782 -0.047192 0.774108
v 0.413782 -0.053536 0.771444
v 0.413782 -0.058984 0.767208
v 0.413782 -0.063164 0.761688
v 0.413782 -0.065792 0.755258
v 0.413782 -0.066688 0.748360
v 0.413782 -0.065792 0.741460
v 0.413782 -0.063164 0.735032
v 0.413782 -0.058984 0.729512
v 0.413782 -0.053536 0.725276
v 0.413782 -0.047192 0.722612
v 0.413782 -0.040384 0.721704
v 0.413782 -0.033577 0.722612
v 0.413782 -0.027233 0.725276
v 0.413782 -0.021785 0.729512
v 0.413782 -0.017605 0.735032
v 0.413782 -0.014977 0.741460
v 0.420438 -0.017605 0.754546
v 0.420438 -0.016801 0.748360
v 0.420438 -0.019961 0.760310
v 0.420438 -0.023709 0.765258
v 0.420438 -0.028593 0.769056
v 0.420438 -0.034281 0.771444
v 0.420438 -0.040384 0.772258
v 0.420438 -0.046488 0.771444
v 0.420438 -0.052176 0.769056
v 0.420438 -0.057060 0.765258
v 0.420438 -0.060808 0.760310
v 0.420438 -0.063164 0.754546
v 0.420438 -0.063967 0.748360
v 0.420438 -0.063164 0.742174
v 0.420438 -0.060808 0.736410
v 0.420438 -0.057060 0.731462
v 0.420438 -0.052176 0.727664
v 0.420438 -0.046488 0.725276
v 0.420438 -0.040384 0.724462
v 0.420438 -0.034281 0.725276
v 0.420438 -0.028593 0.727664
v 0.420438 -0.023709 0.731462
v 0.420438 -0.019961 0.736410
v 0.420438 -0.017605 0.742174
v 0.426154 -0.021785 0.753410
v 0.426154 -0.021129 0.748360
v 0.426154 -0.023709 0.758116
v 0.426154 -0.026769 0.762158
v 0.426154 -0.030757 0.765258
v 0.426154 -0.035401 0.767208
v 0.426154 -0.040384 0.767874
v 0.426154 -0.045368 0.767208
v 0.426154 -0.050012 0.765258
v 0.426154 -0.054000 0.762158
v 0.426154 -0.057060 0.758116
v 0.426154 -0.058984 0.753410
v 0.426154 -0.059640 0.748360
v 0.426154 -0.058984 0.743310
v 0.426154 -0.057060 0.738604
v 0.426154 -0.054000 0.734562
v 0.426154 -0.050012 0.731462
v 0.426154 -0.045368 0.729512
v 0.426154 -0.040384 0.728846
v 0.426154 -0.035401 0.729512
v 0.426154 -0.030757 0.731462
v 0.426154 -0.026769 0.734562
v 0.426154 -0.023709 0.738604
v 0.426154 -0.021785 0.743310
v 0.430540 -0.027233 0.751932
v 0.430540 -0.026769 0.748360
v 0.430540 -0.028593 0.755258
v 0.430540 -0.030757 0.758116
v 0.430540 -0.033577 0.760310
v 0.430540 -0.036860 0.761688
v 0.430540 -0.040384 0.762158
v 0.430540 -0.043908 0.761688
v 0.430540 -0.047192 0.760310
v 0.430540 -0.050012 0.758116
v 0.430540 -0.052176 0.755258
v 0.430540 -0.053536 0.751932
v 0.430540 -0.054000 0.748360
v 0.430540 -0.053536 0.744788
v 0.430540 -0.052176 0.741460
v 0.430540 -0.050012 0.738604
v 0.430540 -0.047192 0.736410
v 0.430540 -0.043908 0.735032
v 0.430540 -0.040384 0.734562
v 0.430540 -0.036860 0.735032
v 0.430540 -0.033577 0.736410
v 0.430540 -0.030757 0.738604
v 0.430540 -0.028593 0.741460
v 0.430540 -0.027233 0.744788
v 0.433296 -0.033577 0.750208
v 0.433296 -0.033336 0.748360
v 0.433296 -0.034281 0.751932
v 0.433296 -0.035401 0.753410
v 0.433296 -0.036860 0.754546
v 0.433296 -0.038560 0.755258
v 0.433296 -0.040384 0.755502
v 0.433296 -0.042209 0.755258
v 0.433296 -0.043908 0.754546
v 0.433296 -0.045368 0.753410
v 0.433296 -0.046488 0.751932
v 0.433296 -0.047192 0.750208
v 0.433296 -0.047432 0.748360
v 0.433296 -0.047192 0.746512
v 0.433296 -0.046488 0.744788
v 0.433296 -0.045368 0.743310
v 0.433296 -0.043908 0.742174
v 0.433296 -0.042209 0.741460
v 0.433296 -0.040384 0.741218
v 0.433296 -0.038560 0.741460
v 0.433296 -0.036860 0.742174
v 0.433296 -0.035401 0.743310
v 0.433296 -0.034281 0.744788
v 0.433296 -0.033577 0.746512
v 0.434236 -0.040384 0.748360
v 0.183225 -0.033336 0.748360
v 0.183225 -0.033577 0.750208
v 0.183225 -0.034281 0.751932
v 0.183225 -0.035401 0.753410
v 0.183225 -0.036860 0.754546
v 0.183225 -0.038560 0.755258
v 0.183225 -0.040384 0.755502
v 0.183225 -0.042209 0.755258
v 0.183225 -0.043908 0.754546
v 0.183225 -0.045368 0.753410
v 0.183225 -0.046488 0.751932
v 0.183225 -0.047192 0.750208
v 0.183225 -0.047432 0.748360
v 0.183225 -0.047192 0.746512
v 0.183225 -0.046488 0.744788
v 0.183225 -0.045368 0.743310
v 0.183225 -0.043908 0.742174
v 0.183225 -0.042209 0.741460
v 0.183225 -0.040384 0.741218
v 0.183225 -0.038560 0.741460
v 0.183225 -0.036860 0.742174
v 0.183225 -0.035401 0.743310
v 0.183225 -0.034281 0.744788
v 0.183225 -0.033577 0.746512
v 0.092209 0.007647 0.478528
v 0.096424 0.005017 0.537748
v -0.008232 0.004672 0.536406
v -0.008248 0.007244 0.476222
v 0.182088 0.009554 0.485982
v 0.189210 0.006898 0.542050
v 0.101127 0.005901 0.614712
v -0.008217 0.005630 0.614268
v 0.197706 0.007625 0.616130
v 0.103963 0.006545 0.704356
v -0.008213 0.006306 0.704324
v 0.202604 0.008189 0.704494
v 0.104810 0.006636 0.800794
v -0.008213 0.006403 0.800978
v 0.203948 0.008270 0.800488
v 0.271456 0.012118 0.618274
v 0.277166 0.012630 0.704746
v 0.323348 0.020522 0.619370
v 0.329334 0.021235 0.704882
v 0.278446 0.012703 0.800350
v 0.330352 0.021336 0.800332
v 0.309892 0.019019 0.553016
v 0.260512 0.011417 0.548700
v 0.251590 0.013537 0.498464
v 0.294094 0.018271 0.512196
v -0.112865 0.005017 0.537748
v -0.108698 0.007647 0.478528
v -0.117523 0.005901 0.614712
v -0.205626 0.006898 0.542050
v -0.198568 0.009554 0.485982
v -0.214064 0.007625 0.616130
v -0.268078 0.013537 0.498464
v -0.276956 0.011417 0.548700
v -0.326380 0.019019 0.553016
v -0.310596 0.018271 0.512196
v -0.287856 0.012118 0.618274
v -0.339822 0.020522 0.619370
v -0.218942 0.008189 0.704494
v -0.293554 0.012630 0.704746
v -0.220288 0.008270 0.800488
v -0.294834 0.012703 0.800350
v -0.345804 0.021235 0.704882
v -0.346820 0.021336 0.800332
v -0.120345 0.006545 0.704356
v -0.121193 0.006636 0.800794
v -0.008213 0.006255 0.898194
v -0.120345 0.006494 0.897614
v -0.008217 0.005218 0.988288
v -0.117523 0.005497 0.987116
v -0.218942 0.008142 0.896562
v -0.214064 0.007245 0.984490
v -0.293554 0.012587 0.895892
v -0.287856 0.011775 0.981796
v -0.345804 0.021194 0.895702
v -0.339822 0.020199 0.980642
v -0.205626 0.005740 1.057020
v -0.276956 0.010375 1.050006
v -0.198568 0.007508 1.111470
v -0.268078 0.011709 1.098930
v -0.326380 0.018052 1.045712
v -0.310596 0.016679 1.085424
v -0.008232 0.003416 1.064036
v -0.112865 0.003784 1.062174
v -0.008248 0.005028 1.121678
v -0.108698 0.005471 1.119196
v 0.103963 0.006494 0.897614
v 0.202604 0.008142 0.896562
v 0.101127 0.005497 0.987116
v 0.197706 0.007245 0.984490
v 0.096424 0.003784 1.062174
v 0.189210 0.005740 1.057020
v 0.092209 0.005471 1.119196
v 0.182088 0.007508 1.111470
v 0.271456 0.011775 0.981796
v 0.260512 0.010375 1.050006
v 0.323348 0.020199 0.980642
v 0.309892 0.018052 1.045712
v 0.251590 0.011709 1.098930
v 0.294094 0.016679 1.085424
v 0.277166 0.012587 0.895892
v 0.329334 0.021194 0.895702
v -0.008255 0.016674 0.437244
v 0.090612 0.017068 0.440112
v -0.008256 0.030850 0.415258
v 0.090616 0.031206 0.418352
v 0.180760 0.018703 0.449522
v 0.182424 0.032502 0.428656
v 0.254440 0.021996 0.467288
v 0.307780 0.026301 0.497592
v 0.260472 0.035063 0.448614
v 0.319528 0.039140 0.484272
v 0.183369 0.048088 0.418196
v 0.263342 0.050380 0.438930
v 0.183504 0.063497 0.413876
v 0.263752 0.066086 0.434722
v 0.324526 0.054496 0.476450
v 0.325240 0.070890 0.472776
v -0.008256 0.046589 0.404412
v 0.090734 0.046928 0.407580
v -0.008256 0.061878 0.400052
v 0.090751 0.062233 0.403230
v -0.008256 0.075476 0.399094
v 0.090734 0.075904 0.402262
v -0.008256 0.088044 0.403550
v 0.090616 0.088732 0.406630
v 0.183369 0.077484 0.412832
v 0.182424 0.090819 0.416876
v 0.263342 0.080818 0.433496
v 0.260472 0.094701 0.436866
v 0.324526 0.087111 0.471314
v 0.319528 0.102218 0.473404
v 0.180760 0.104941 0.430354
v 0.254440 0.108489 0.448484
v 0.182088 0.121981 0.463024
v 0.251590 0.123949 0.476088
v 0.307780 0.115288 0.480526
v 0.294094 0.125187 0.491490
v -0.008255 0.100991 0.418130
v 0.090612 0.102219 0.420954
v -0.008248 0.116812 0.453254
v 0.092209 0.118695 0.455504
v -0.107263 0.062233 0.403230
v -0.107246 0.075904 0.402262
v -0.200016 0.063497 0.413876
v -0.199882 0.077484 0.412832
v -0.107128 0.088732 0.406630
v -0.198936 0.090819 0.416876
v -0.107121 0.102219 0.420954
v -0.197269 0.104941 0.430354
v -0.108698 0.118695 0.455504
v -0.198568 0.121981 0.463024
v -0.276984 0.094701 0.436866
v -0.270948 0.108489 0.448484
v -0.336040 0.102218 0.473404
v -0.324290 0.115288 0.480526
v -0.268078 0.123949 0.476088
v -0.310596 0.125187 0.491490
v -0.280264 0.066086 0.434722
v -0.279854 0.080818 0.433496
v -0.341752 0.070890 0.472776
v -0.341038 0.087111 0.471314
v -0.107121 0.017068 0.440112
v -0.197269 0.018703 0.449522
v -0.107128 0.031206 0.418352
v -0.198936 0.032502 0.428656
v -0.107246 0.046928 0.407580
v -0.199882 0.048088 0.418196
v -0.276984 0.035063 0.448614
v -0.279854 0.050380 0.438930
v -0.336040 0.039140 0.484272
v -0.341038 0.054496 0.476450
v -0.324290 0.026301 0.497592
v -0.270948 0.021996 0.467288
v -0.356292 0.030261 0.547930
v -0.373510 0.033387 0.617998
v -0.373038 0.044501 0.540726
v -0.392086 0.049071 0.615666
v -0.379404 0.060552 0.536124
v -0.399112 0.065958 0.614084
v -0.380314 0.078111 0.533620
v -0.400114 0.084726 0.612842
v -0.399112 0.051012 0.704422
v -0.406372 0.068314 0.704178
v -0.400114 0.051290 0.800334
v -0.407410 0.068694 0.800316
v -0.407410 0.087888 0.703704
v -0.408452 0.088683 0.800180
v -0.380946 0.034881 0.800334
v -0.380000 0.034694 0.704712
v -0.379404 0.096692 0.531972
v -0.399112 0.105762 0.611312
v -0.373038 0.114201 0.532176
v -0.392086 0.126003 0.610130
v -0.356292 0.128445 0.534774
v -0.373510 0.142179 0.609808
v -0.326380 0.138438 0.536262
v -0.339822 0.153659 0.609062
v -0.399112 0.132982 0.701634
v -0.380000 0.150864 0.700724
v -0.400114 0.135986 0.799452
v -0.380946 0.154995 0.799086
v -0.345804 0.163669 0.699964
v -0.346820 0.168617 0.798804
v -0.406372 0.110665 0.702748
v -0.407410 0.112431 0.799860
v -0.407410 0.088483 0.896356
v -0.406372 0.112594 0.896364
v -0.400114 0.085881 0.986024
v -0.399112 0.110009 0.986408
v -0.399112 0.136617 0.896282
v -0.392086 0.134009 0.986156
v -0.380000 0.156049 0.896090
v -0.373510 0.153315 0.984984
v -0.345804 0.169948 0.895990
v -0.339822 0.166945 0.984474
v -0.373038 0.127625 1.063402
v -0.356292 0.146547 1.059662
v -0.336040 0.120710 1.122196
v -0.324290 0.139571 1.114534
v -0.326380 0.159421 1.056958
v -0.310596 0.151458 1.102566
v -0.380314 0.079752 1.063040
v -0.379404 0.103804 1.064190
v -0.341752 0.072884 1.121804
v -0.341038 0.096885 1.123694
v -0.380000 0.034651 0.895876
v -0.373510 0.033042 0.982022
v -0.399112 0.050966 0.896154
v -0.392086 0.048702 0.984248
v -0.406372 0.068349 0.896306
v -0.399112 0.065787 0.985488
v -0.373038 0.043377 1.057674
v -0.379404 0.059798 1.061426
v -0.336040 0.037160 1.112600
v -0.341038 0.053050 1.119082
v -0.324290 0.024468 1.099838
v -0.356292 0.029212 1.050792
v 0.090612 0.014245 1.156646
v -0.008255 0.013801 1.159528
v 0.180760 0.016044 1.147228
v 0.090616 0.028106 1.177658
v -0.008256 0.027696 1.180744
v 0.182424 0.029581 1.167378
v 0.090734 0.044336 1.186854
v -0.008256 0.043878 1.190008
v 0.183369 0.045776 1.176270
v 0.090751 0.063025 1.190178
v -0.008256 0.062100 1.193284
v 0.183504 0.065224 1.179646
v 0.324526 0.053050 1.119082
v 0.263342 0.048424 1.155700
v 0.260472 0.032487 1.147556
v 0.319528 0.037160 1.112600
v 0.325240 0.072884 1.121804
v 0.263752 0.068195 1.158966
v 0.307780 0.024468 1.099838
v 0.254440 0.019645 1.129572
v -0.107121 0.014245 1.156646
v -0.107128 0.028106 1.177658
v -0.197269 0.016044 1.147228
v -0.198936 0.029581 1.167378
v -0.270948 0.019645 1.129572
v -0.276984 0.032487 1.147556
v -0.279854 0.048424 1.155700
v -0.199882 0.045776 1.176270
v -0.280264 0.068195 1.158966
v -0.200016 0.065224 1.179646
v -0.107246 0.044336 1.186854
v -0.107263 0.063025 1.190178
v -0.008256 0.082427 1.194906
v -0.107246 0.084418 1.191940
v -0.008256 0.103568 1.191374
v -0.107128 0.106595 1.188608
v -0.199882 0.088371 1.181664
v -0.198936 0.112112 1.178824
v -0.279854 0.092111 1.161110
v -0.276984 0.116210 1.158902
v -0.270948 0.136438 1.146910
v -0.197269 0.133181 1.164944
v -0.268078 0.152621 1.117882
v -0.198568 0.151206 1.130834
v -0.008255 0.124007 1.176406
v -0.107121 0.127414 1.173882
v -0.008248 0.142691 1.140400
v -0.108698 0.146033 1.138218
v 0.090734 0.084418 1.191940
v 0.183369 0.088371 1.181664
v 0.090616 0.106595 1.188608
v 0.182424 0.112112 1.178824
v 0.090612 0.127414 1.173882
v 0.180760 0.133181 1.164944
v 0.092209 0.146033 1.138218
v 0.182088 0.151206 1.130834
v 0.307780 0.139571 1.114534
v 0.254440 0.136438 1.146910
v 0.260472 0.116210 1.158902
v 0.319528 0.120710 1.122196
v 0.294094 0.151458 1.102566
v 0.251590 0.152621 1.117882
v 0.263342 0.092111 1.161110
v 0.324526 0.096885 1.123694
v 0.339782 0.030261 0.547930
v 0.356526 0.044501 0.540726
v 0.357002 0.033387 0.617998
v 0.375574 0.049071 0.615666
v 0.363492 0.034694 0.704712
v 0.364440 0.034881 0.800334
v 0.382598 0.051012 0.704422
v 0.383602 0.051290 0.800334
v 0.382598 0.065958 0.614084
v 0.389860 0.068314 0.704178
v 0.383602 0.084726 0.612842
v 0.390898 0.087888 0.703704
v 0.390898 0.068694 0.800316
v 0.391940 0.088683 0.800180
v 0.362892 0.060552 0.536124
v 0.363802 0.078111 0.533620
v 0.363492 0.034651 0.895874
v 0.382598 0.050966 0.896154
v 0.357002 0.033042 0.982022
v 0.375574 0.048702 0.984248
v 0.339782 0.029212 1.050792
v 0.356526 0.043377 1.057674
v 0.382598 0.065787 0.985488
v 0.362892 0.059798 1.061426
v 0.383602 0.085881 0.986024
v 0.363802 0.079752 1.063040
v 0.389860 0.068349 0.896306
v 0.390898 0.088483 0.896356
v 0.390898 0.112431 0.799860
v 0.389860 0.112594 0.896364
v 0.383602 0.135986 0.799452
v 0.382598 0.136617 0.896282
v 0.382598 0.110009 0.986408
v 0.375574 0.134009 0.986156
v 0.362892 0.103804 1.064190
v 0.356526 0.127625 1.063402
v 0.357002 0.153315 0.984984
v 0.339782 0.146547 1.059664
v 0.323348 0.166945 0.984474
v 0.309892 0.159421 1.056958
v 0.364440 0.154995 0.799086
v 0.363492 0.156049 0.896090
v 0.330352 0.168617 0.798804
v 0.329334 0.169948 0.895990
v 0.362892 0.096692 0.531972
v 0.356526 0.114201 0.532176
v 0.382598 0.105762 0.611312
v 0.375574 0.126003 0.610130
v 0.389860 0.110665 0.702748
v 0.382598 0.132982 0.701634
v 0.357002 0.142179 0.609808
v 0.363492 0.150864 0.700724
v 0.323348 0.153659 0.609062
v 0.329334 0.163669 0.699964
v 0.339782 0.128445 0.534774
v 0.309892 0.138438 0.536262
v 0.096424 0.139079 0.518278
v 0.189210 0.142679 0.522708
v -0.008232 0.136628 0.516964
v 0.101127 0.157815 0.602534
v 0.197706 0.161539 0.604098
v -0.008217 0.154984 0.602086
v 0.260512 0.142754 0.530044
v 0.271456 0.160331 0.606754
v 0.277166 0.171378 0.699260
v 0.202604 0.173144 0.698730
v 0.278446 0.176738 0.798646
v 0.203948 0.178627 0.798694
v -0.008213 0.166399 0.698452
v 0.103963 0.169382 0.698496
v -0.008213 0.171860 0.799146
v 0.104810 0.174864 0.798968
v -0.008213 0.173198 0.898500
v 0.103963 0.176209 0.897928
v -0.008217 0.169159 0.992572
v 0.101127 0.172222 0.991460
v 0.202604 0.180000 0.896888
v 0.197706 0.176216 0.988890
v 0.277166 0.178142 0.896214
v 0.271456 0.174736 0.986080
v 0.260512 0.165662 1.062552
v 0.189210 0.166125 1.069892
v 0.096424 0.161636 1.074866
v -0.008232 0.158448 1.076552
v -0.121193 0.174864 0.798968
v -0.120345 0.176209 0.897928
v -0.220288 0.178627 0.798694
v -0.218942 0.180000 0.896888
v -0.117523 0.172222 0.991460
v -0.214064 0.176216 0.988890
v -0.112865 0.161636 1.074866
v -0.205626 0.166125 1.069892
v -0.276956 0.165662 1.062552
v -0.287856 0.174736 0.986080
v -0.293554 0.178142 0.896214
v -0.294834 0.176738 0.798646
v -0.205626 0.142679 0.522708
v -0.112865 0.139079 0.518278
v -0.214064 0.161539 0.604098
v -0.117523 0.157815 0.602534
v -0.120345 0.169382 0.698496
v -0.218942 0.173144 0.698730
v -0.293554 0.171378 0.699260
v -0.287856 0.160331 0.606754
v -0.276956 0.142754 0.530044
v -0.008327 0.261138 0.376806
v 0.075743 0.261158 0.376934
v 0.068718 0.204412 0.375426
v -0.008280 0.204334 0.375324
v -0.008374 0.324906 0.380122
v 0.082354 0.324922 0.380264
v 0.151758 0.262574 0.377832
v 0.140737 0.206928 0.376134
v 0.162599 0.325464 0.381250
v 0.201832 0.214438 0.377964
v 0.212996 0.266368 0.380252
v 0.257640 0.269294 0.384870
v 0.242050 0.226062 0.381048
v 0.224392 0.326882 0.383922
v 0.269116 0.327922 0.389114
v 0.164319 0.384296 0.380584
v 0.225488 0.384768 0.383342
v 0.155824 0.454078 0.374866
v 0.215472 0.454384 0.377620
v 0.269454 0.385478 0.388706
v 0.259218 0.455044 0.382956
v -0.008395 0.384120 0.379418
v 0.083577 0.384130 0.379564
v -0.008398 0.454070 0.373666
v 0.078702 0.454038 0.373828
v -0.008395 0.548160 0.363656
v 0.068491 0.548004 0.363848
v -0.008374 0.645406 0.352606
v 0.055336 0.644984 0.352814
v 0.138563 0.547768 0.364924
v 0.116310 0.643786 0.353946
v 0.196346 0.547780 0.367654
v 0.171633 0.642208 0.356734
v 0.240882 0.548304 0.372864
v 0.216966 0.641822 0.361790
v 0.093880 0.717688 0.345480
v 0.146178 0.712426 0.348426
v 0.077926 0.768084 0.342168
v 0.128568 0.758030 0.345014
v 0.190759 0.709080 0.353218
v 0.168574 0.746344 0.348776
v -0.008327 0.721678 0.344114
v 0.042174 0.720818 0.344300
v -0.008280 0.774628 0.340876
v 0.032501 0.773314 0.341022
v 0.065778 0.139763 0.416022
v 0.065761 0.140177 0.423326
v -0.008256 0.139732 0.423312
v -0.008256 0.139314 0.416010
v 0.140074 0.144200 0.416114
v 0.139939 0.144576 0.423576
v 0.065643 0.145242 0.428058
v -0.008256 0.144851 0.428198
v 0.138993 0.149403 0.428326
v 0.065825 0.159525 0.432722
v -0.008259 0.159261 0.433186
v 0.137590 0.163100 0.432834
v 0.068718 0.194008 0.440536
v -0.008280 0.193849 0.440886
v 0.140737 0.196703 0.441276
v 0.209368 0.163101 0.430338
v 0.203504 0.175171 0.435744
v 0.266822 0.197242 0.436628
v 0.255156 0.204964 0.443508
v 0.201832 0.204542 0.444878
v 0.242050 0.217266 0.449446
v 0.212648 0.158555 0.416788
v 0.212238 0.158833 0.424790
v 0.272536 0.193917 0.420256
v 0.271822 0.194064 0.429334
v 0.065825 0.168613 0.381030
v -0.008259 0.168389 0.380972
v 0.137590 0.172097 0.381438
v 0.065643 0.150272 0.391980
v -0.008256 0.149900 0.391960
v 0.138993 0.154410 0.392114
v 0.065761 0.142192 0.404772
v -0.008256 0.141755 0.404768
v 0.139939 0.146593 0.404800
v 0.209368 0.167979 0.392838
v 0.212238 0.160824 0.405296
v 0.266822 0.201170 0.396048
v 0.271822 0.195667 0.408384
v 0.255156 0.212058 0.386214
v 0.203504 0.183848 0.382736
v 0.285844 0.264934 0.392286
v 0.299982 0.327490 0.397402
v 0.302348 0.259686 0.402680
v 0.318156 0.326726 0.408358
v 0.308714 0.257092 0.415186
v 0.325180 0.326878 0.421138
v 0.309622 0.256448 0.427672
v 0.326184 0.327416 0.434252
v 0.319050 0.387464 0.408446
v 0.326310 0.388834 0.421356
v 0.308948 0.457488 0.402570
v 0.316244 0.459066 0.415390
v 0.327348 0.390092 0.434876
v 0.317286 0.460644 0.428994
v 0.290226 0.456106 0.391466
v 0.300402 0.386352 0.397262
v 0.308714 0.256506 0.438362
v 0.325180 0.327648 0.446550
v 0.302348 0.258072 0.448220
v 0.318156 0.328056 0.458890
v 0.285844 0.261666 0.457818
v 0.299982 0.329046 0.471314
v 0.257640 0.264634 0.463454
v 0.269116 0.329568 0.478592
v 0.319050 0.391426 0.462090
v 0.300402 0.391932 0.476184
v 0.308948 0.463260 0.457220
v 0.290226 0.464294 0.471928
v 0.269454 0.392296 0.484624
v 0.259218 0.465088 0.480792
v 0.326310 0.390892 0.448218
v 0.316244 0.462048 0.442742
v 0.299392 0.554476 0.417822
v 0.298354 0.556136 0.431462
v 0.274928 0.651020 0.405070
v 0.273924 0.652644 0.418512
v 0.291092 0.557614 0.445876
v 0.266900 0.653626 0.432484
v 0.272368 0.558790 0.460490
v 0.248616 0.653698 0.446308
v 0.240882 0.559736 0.469264
v 0.216966 0.654102 0.454458
v 0.235978 0.727330 0.421344
v 0.219412 0.724580 0.433742
v 0.192523 0.777230 0.413384
v 0.180960 0.770544 0.424334
v 0.190759 0.722712 0.440922
v 0.168574 0.760714 0.431466
v 0.243254 0.726186 0.394404
v 0.242344 0.727624 0.407926
v 0.198235 0.777728 0.386826
v 0.197521 0.778958 0.400528
v 0.272368 0.549486 0.381126
v 0.248616 0.643836 0.369534
v 0.291092 0.551074 0.391922
v 0.266900 0.646840 0.379734
v 0.298354 0.552768 0.404442
v 0.273924 0.649200 0.391888
v 0.235978 0.720252 0.369220
v 0.242344 0.724148 0.381102
v 0.192523 0.769842 0.361468
v 0.197521 0.775450 0.373272
v 0.180960 0.758952 0.352994
v 0.219412 0.713842 0.359904
v -0.008259 0.807672 0.344570
v 0.028735 0.806044 0.344678
v -0.008256 0.825508 0.353642
v 0.028428 0.823714 0.353728
v 0.073107 0.799416 0.345650
v 0.074271 0.816370 0.354508
v 0.128172 0.784948 0.348322
v 0.133739 0.800108 0.356790
v 0.136610 0.806852 0.368734
v 0.075217 0.823702 0.366618
v 0.137020 0.809286 0.382396
v 0.075352 0.826192 0.380098
v -0.008256 0.833152 0.365734
v 0.028546 0.831300 0.365852
v -0.008256 0.835592 0.378440
v 0.028563 0.833766 0.378852
v -0.008256 0.836272 0.389740
v 0.028546 0.834538 0.390830
v -0.008256 0.832484 0.399188
v 0.028428 0.830892 0.400970
v 0.075217 0.827136 0.393218
v 0.074271 0.823862 0.404620
v 0.136610 0.810366 0.396076
v 0.133739 0.807670 0.408352
v 0.128172 0.797104 0.418438
v 0.073107 0.811662 0.413670
v 0.128568 0.773304 0.427760
v 0.077926 0.783634 0.422284
v -0.008259 0.819380 0.407068
v 0.028735 0.817984 0.409186
v -0.008280 0.789712 0.415008
v 0.032501 0.788622 0.417234
v 0.078702 0.465440 0.465196
v 0.068491 0.561046 0.453654
v -0.008395 0.560986 0.451238
v -0.008398 0.465256 0.462766
v 0.155824 0.465674 0.471436
v 0.138563 0.560980 0.459874
v 0.055336 0.658994 0.439358
v -0.008374 0.659200 0.436980
v 0.116310 0.657970 0.445400
v 0.042174 0.736226 0.427034
v 0.093880 0.733292 0.432638
v -0.008327 0.736868 0.424726
v 0.146178 0.727574 0.438946
v 0.171633 0.655904 0.452526
v 0.196346 0.560512 0.467316
v 0.215472 0.465568 0.478882
v 0.151758 0.257012 0.455938
v 0.075743 0.255342 0.453092
v 0.162599 0.327260 0.469818
v 0.082354 0.326438 0.464724
v -0.008327 0.255178 0.452426
v -0.008374 0.326220 0.462888
v 0.083577 0.391722 0.469190
v -0.008395 0.391490 0.466832
v 0.164319 0.392132 0.475282
v 0.225488 0.392360 0.482618
v 0.224392 0.328670 0.476466
v 0.212996 0.261036 0.461012
v -0.085301 0.204412 0.375426
v -0.092468 0.261158 0.376934
v -0.157343 0.206928 0.376134
v -0.168554 0.262574 0.377832
v -0.099222 0.324922 0.380264
v -0.179585 0.325464 0.381250
v -0.274224 0.269294 0.384870
v -0.229712 0.266368 0.380252
v -0.218412 0.214438 0.377964
v -0.258594 0.226062 0.381048
v -0.285746 0.327922 0.389114
v -0.241244 0.326882 0.383922
v -0.242400 0.384768 0.383342
v -0.181388 0.384296 0.380584
v -0.286106 0.385478 0.388706
v -0.232394 0.454384 0.377620
v -0.172905 0.454078 0.374866
v -0.275874 0.455044 0.382956
v -0.100507 0.384130 0.379564
v -0.095640 0.454038 0.373828
v -0.085420 0.548004 0.363848
v -0.155632 0.547768 0.364924
v -0.072203 0.644984 0.352814
v -0.133296 0.643786 0.353946
v -0.213258 0.547780 0.367654
v -0.257534 0.548304 0.372864
v -0.188486 0.642208 0.356734
v -0.233596 0.641822 0.361790
v -0.162894 0.712426 0.348426
v -0.110676 0.717688 0.345480
v -0.207344 0.709080 0.353218
v -0.145149 0.758030 0.345014
v -0.094533 0.768084 0.342168
v -0.185118 0.746344 0.348776
v -0.058899 0.720818 0.344300
v -0.049084 0.773314 0.341022
v -0.082274 0.140177 0.423326
v -0.082290 0.139763 0.416022
v -0.082155 0.145242 0.428058
v -0.156451 0.144576 0.423576
v -0.156586 0.144200 0.416114
v -0.155506 0.149403 0.428326
v -0.082346 0.159525 0.432722
v -0.085301 0.194008 0.440536
v -0.154114 0.163100 0.432834
v -0.157343 0.196703 0.441276
v -0.220024 0.175171 0.435744
v -0.225880 0.163101 0.430338
v -0.218412 0.204542 0.444878
v -0.271672 0.204964 0.443508
v -0.283334 0.197242 0.436628
v -0.258594 0.217266 0.449446
v -0.228750 0.158833 0.424790
v -0.229160 0.158555 0.416788
v -0.288334 0.194064 0.429334
v -0.289048 0.193917 0.420256
v -0.082346 0.168613 0.381030
v -0.082155 0.150272 0.391980
v -0.154114 0.172097 0.381438
v -0.155506 0.154410 0.392114
v -0.082274 0.142192 0.404772
v -0.156451 0.146593 0.404800
v -0.228750 0.160824 0.405296
v -0.225880 0.167979 0.392838
v -0.288334 0.195667 0.408384
v -0.283334 0.201170 0.396048
v -0.220024 0.183848 0.382736
v -0.271672 0.212058 0.386214
v -0.302366 0.264934 0.392286
v -0.318860 0.259686 0.402680
v -0.316510 0.327490 0.397402
v -0.334668 0.326726 0.408358
v -0.325226 0.257092 0.415186
v -0.326136 0.256448 0.427672
v -0.341692 0.326878 0.421138
v -0.342696 0.327416 0.434252
v -0.342824 0.388834 0.421356
v -0.335562 0.387464 0.408446
v -0.343860 0.390092 0.434876
v -0.332756 0.459066 0.415390
v -0.325460 0.457488 0.402570
v -0.333798 0.460644 0.428994
v -0.316932 0.386352 0.397262
v -0.306756 0.456106 0.391466
v -0.325226 0.256506 0.438362
v -0.318860 0.258072 0.448220
v -0.341692 0.327648 0.446550
v -0.334668 0.328056 0.458890
v -0.302366 0.261666 0.457818
v -0.274224 0.264634 0.463454
v -0.316510 0.329046 0.471314
v -0.285746 0.329568 0.478592
v -0.316932 0.391932 0.476184
v -0.335562 0.391426 0.462090
v -0.286106 0.392296 0.484624
v -0.306756 0.464294 0.471928
v -0.325460 0.463260 0.457220
v -0.275874 0.465088 0.480792
v -0.342824 0.390892 0.448218
v -0.332756 0.462048 0.442742
v -0.314866 0.556136 0.431462
v -0.315904 0.554476 0.417822
v -0.307604 0.557614 0.445876
v -0.290436 0.652644 0.418512
v -0.291440 0.651020 0.405070
v -0.283412 0.653626 0.432484
v -0.288898 0.558790 0.460490
v -0.257534 0.559736 0.469264
v -0.265142 0.653698 0.446308
v -0.233596 0.654102 0.454458
v -0.235932 0.724580 0.433742
v -0.252490 0.727330 0.421344
v -0.207344 0.722712 0.440922
v -0.197476 0.770542 0.424334
v -0.209034 0.777230 0.413384
v -0.185118 0.760714 0.431466
v -0.258856 0.727624 0.407926
v -0.259766 0.726186 0.394404
v -0.214034 0.778958 0.400528
v -0.214748 0.777728 0.386826
v -0.288898 0.549486 0.381126
v -0.307604 0.551074 0.391922
v -0.265142 0.643836 0.369534
v -0.283412 0.646840 0.379734
v -0.314866 0.552768 0.404442
v -0.290436 0.649200 0.391888
v -0.258856 0.724148 0.381102
v -0.252490 0.720252 0.369220
v -0.214034 0.775450 0.373272
v -0.209034 0.769842 0.361468
v -0.235932 0.713842 0.359904
v -0.197476 0.758952 0.352994
v -0.045256 0.806044 0.344678
v -0.089631 0.799416 0.345650
v -0.044940 0.823714 0.353728
v -0.090783 0.816370 0.354508
v -0.144692 0.784948 0.348322
v -0.150251 0.800108 0.356790
v -0.153122 0.806852 0.368734
v -0.153532 0.809286 0.382396
v -0.091729 0.823702 0.366618
v -0.091864 0.826192 0.380098
v -0.045058 0.831300 0.365852
v -0.045075 0.833766 0.378852
v -0.045058 0.834538 0.390830
v -0.091729 0.827136 0.393218
v -0.044940 0.830892 0.400970
v -0.090783 0.823862 0.404620
v -0.153122 0.810366 0.396076
v -0.150251 0.807670 0.408352
v -0.144692 0.797104 0.418438
v -0.145149 0.773304 0.427760
v -0.089631 0.811662 0.413670
v -0.094533 0.783634 0.422284
v -0.045256 0.817984 0.409186
v -0.049084 0.788622 0.417234
v -0.085420 0.561046 0.453654
v -0.095640 0.465440 0.465196
v -0.072203 0.658994 0.439358
v -0.155632 0.560980 0.459874
v -0.172905 0.465674 0.471436
v -0.133296 0.657970 0.445400
v -0.110676 0.733292 0.432638
v -0.058899 0.736226 0.427034
v -0.188486 0.655904 0.452526
v -0.162894 0.727574 0.438946
v -0.213258 0.560512 0.467316
v -0.232394 0.465568 0.478882
v -0.092468 0.255342 0.453092
v -0.168554 0.257012 0.455938
v -0.099222 0.326438 0.464724
v -0.179585 0.327260 0.469818
v -0.100507 0.391722 0.469190
v -0.181388 0.392132 0.475282
v -0.241244 0.328670 0.476466
v -0.242400 0.392360 0.482618
v -0.229712 0.261036 0.461012
v 0.475672 0.344648 0.691716
v 0.475636 0.356658 0.693626
v 0.489626 0.357158 0.707006
v 0.489904 0.345352 0.706310
v 0.456416 0.344548 0.689630
v 0.456416 0.356586 0.691716
v 0.475392 0.366782 0.707006
v 0.487672 0.365680 0.711872
v 0.456416 0.366938 0.706310
v 0.436322 0.344548 0.689630
v 0.436322 0.356586 0.691716
v 0.416228 0.344548 0.689630
v 0.416228 0.356586 0.691716
v 0.436322 0.366938 0.706310
v 0.416228 0.366938 0.706310
v 0.396972 0.344648 0.691716
v 0.397006 0.356658 0.693626
v 0.382738 0.345352 0.706310
v 0.383018 0.357158 0.707006
v 0.397250 0.366782 0.707006
v 0.384972 0.365680 0.711872
v 0.416228 0.354128 0.990130
v 0.397006 0.354246 0.988972
v 0.396972 0.342262 0.989246
v 0.416228 0.342112 0.990508
v 0.416228 0.364524 0.981978
v 0.397250 0.364392 0.981544
v 0.383018 0.355068 0.980866
v 0.382738 0.343308 0.980416
v 0.384972 0.363458 0.978506
v 0.456416 0.354128 0.990130
v 0.436322 0.354128 0.990130
v 0.436322 0.342112 0.990508
v 0.456416 0.342112 0.990508
v 0.456416 0.364524 0.981978
v 0.436322 0.364524 0.981978
v 0.489626 0.355068 0.980866
v 0.475636 0.354246 0.988972
v 0.475672 0.342262 0.989246
v 0.489904 0.343308 0.980416
v 0.487672 0.363458 0.978506
v 0.475392 0.364392 0.981544
v 0.475506 0.324140 0.879860
v 0.476072 0.324066 0.838486
v 0.489904 0.324064 0.838432
v 0.489904 0.324140 0.879432
v 0.455096 0.324140 0.882864
v 0.459626 0.324090 0.838862
v 0.475506 0.323538 0.789704
v 0.489904 0.323512 0.789702
v 0.455096 0.323722 0.789706
v 0.475392 0.321018 0.707006
v 0.475616 0.322258 0.741842
v 0.456250 0.322278 0.741756
v 0.456416 0.320992 0.706310
v 0.487672 0.321202 0.711872
v 0.489626 0.322278 0.742452
v 0.436322 0.320992 0.706310
v 0.436324 0.322258 0.740194
v 0.416416 0.322278 0.741756
v 0.416228 0.320992 0.706310
v 0.436346 0.323566 0.777202
v 0.417736 0.323722 0.789706
v 0.397160 0.324140 0.879860
v 0.396602 0.324066 0.838486
v 0.413278 0.324090 0.838862
v 0.417736 0.324140 0.882864
v 0.382738 0.324140 0.879432
v 0.382738 0.324064 0.838432
v 0.397160 0.323538 0.789704
v 0.382738 0.323512 0.789702
v 0.397250 0.321018 0.707006
v 0.397030 0.322258 0.741842
v 0.383018 0.322278 0.742452
v 0.384972 0.321202 0.711872
v 0.376878 0.361474 0.879910
v 0.376878 0.361388 0.838492
v 0.376040 0.349276 0.838474
v 0.376040 0.349362 0.879762
v 0.382738 0.371114 0.880022
v 0.382738 0.371032 0.838506
v 0.376878 0.360660 0.789702
v 0.376040 0.348572 0.789702
v 0.382738 0.370298 0.789702
v 0.377646 0.358968 0.741842
v 0.383018 0.368462 0.742452
v 0.376878 0.346962 0.741756
v 0.495764 0.361474 0.879910
v 0.495764 0.361388 0.838492
v 0.489904 0.371032 0.838506
v 0.489904 0.371114 0.880022
v 0.496602 0.349362 0.879762
v 0.496602 0.349276 0.838474
v 0.495764 0.360660 0.789702
v 0.489904 0.370298 0.789702
v 0.496602 0.348572 0.789702
v 0.494998 0.358968 0.741842
v 0.495764 0.346962 0.741756
v 0.489626 0.368462 0.742452
v 0.475672 0.375152 0.880070
v 0.475672 0.375070 0.838512
v 0.456416 0.375646 0.838514
v 0.456416 0.375730 0.880076
v 0.475672 0.374338 0.789702
v 0.456416 0.374916 0.789702
v 0.475636 0.372134 0.741842
v 0.456416 0.372658 0.741756
v 0.436322 0.375730 0.880076
v 0.436322 0.375646 0.838514
v 0.416228 0.375646 0.838514
v 0.416228 0.375730 0.880076
v 0.436322 0.374916 0.789702
v 0.416228 0.374916 0.789702
v 0.436322 0.372658 0.741756
v 0.416228 0.372658 0.741756
v 0.396972 0.375152 0.880070
v 0.396972 0.375070 0.838512
v 0.396972 0.374338 0.789702
v 0.397006 0.372134 0.741842
v 0.475672 0.334340 0.691716
v 0.456416 0.334248 0.689630
v 0.489904 0.334982 0.706310
v 0.475672 0.326978 0.691716
v 0.456416 0.326894 0.689630
v 0.489904 0.327560 0.706310
v 0.475672 0.321130 0.691716
v 0.475672 0.322894 0.691716
v 0.489904 0.323450 0.706310
v 0.489904 0.321682 0.706310
v 0.456416 0.321052 0.689630
v 0.456416 0.322814 0.689630
v 0.436322 0.334248 0.689630
v 0.416228 0.334248 0.689630
v 0.436322 0.326894 0.689630
v 0.416228 0.326894 0.689630
v 0.436322 0.321052 0.689630
v 0.436322 0.322814 0.689630
v 0.416228 0.321052 0.689630
v 0.416228 0.322814 0.689630
v 0.396972 0.334340 0.691716
v 0.382738 0.334982 0.706310
v 0.396972 0.326978 0.691716
v 0.382738 0.327560 0.706310
v 0.396972 0.321130 0.691716
v 0.396972 0.322894 0.691716
v 0.382738 0.321682 0.706310
v 0.382738 0.323450 0.706310
v 0.382738 0.332420 0.979580
v 0.396972 0.331340 0.988412
v 0.382738 0.324340 0.978950
v 0.396972 0.323202 0.987782
v 0.416228 0.331186 0.989672
v 0.416228 0.323040 0.989042
v 0.396972 0.316960 0.987314
v 0.396972 0.318772 0.987446
v 0.382738 0.319936 0.978614
v 0.382738 0.318130 0.978484
v 0.416228 0.316794 0.988576
v 0.416228 0.318604 0.988706
v 0.436322 0.331186 0.989672
v 0.436322 0.323040 0.989042
v 0.456416 0.331186 0.989672
v 0.456416 0.323040 0.989042
v 0.436322 0.316794 0.988576
v 0.436322 0.318604 0.988706
v 0.456416 0.316794 0.988576
v 0.456416 0.318604 0.988706
v 0.475672 0.331340 0.988412
v 0.475672 0.323202 0.987782
v 0.489904 0.332420 0.979580
v 0.489904 0.324340 0.978950
v 0.475672 0.316960 0.987314
v 0.475672 0.318772 0.987446
v 0.489904 0.318130 0.978484
v 0.489904 0.319936 0.978614
v 0.376040 0.337924 0.789702
v 0.376040 0.338566 0.838456
v 0.376040 0.330220 0.789702
v 0.376040 0.330800 0.838444
v 0.376040 0.338648 0.879622
v 0.376040 0.330878 0.879518
v 0.376040 0.324752 0.838434
v 0.376040 0.326542 0.838436
v 0.376040 0.325988 0.789702
v 0.376040 0.324202 0.789702
v 0.376040 0.324828 0.879440
v 0.376040 0.326616 0.879462
v 0.376878 0.324718 0.741756
v 0.376878 0.322942 0.741756
v 0.376878 0.328890 0.741756
v 0.376878 0.336454 0.741756
v 0.496602 0.325988 0.789702
v 0.496602 0.326542 0.838436
v 0.496602 0.324752 0.838434
v 0.496602 0.324202 0.789702
v 0.496602 0.330220 0.789702
v 0.496602 0.330800 0.838444
v 0.496602 0.326616 0.879462
v 0.496602 0.324828 0.879440
v 0.496602 0.330878 0.879518
v 0.496602 0.338566 0.838456
v 0.496602 0.337924 0.789702
v 0.496602 0.338648 0.879622
v 0.495764 0.336454 0.741756
v 0.495764 0.328890 0.741756
v 0.495764 0.322942 0.741756
v 0.495764 0.324718 0.741756
v 0.450566 0.320178 0.804298
v 0.451132 0.320224 0.839614
v 0.446528 0.292848 0.839720
v 0.446528 0.292848 0.806384
v 0.450566 0.320230 0.874284
v 0.446528 0.292848 0.873058
v 0.427934 0.320230 0.789714
v 0.436748 0.320230 0.789714
v 0.437030 0.292848 0.789714
v 0.430700 0.292848 0.789714
v 0.427232 0.324142 0.789714
v 0.436476 0.324142 0.789714
v 0.445572 0.320230 0.789714
v 0.443362 0.292848 0.789714
v 0.445790 0.324142 0.789714
v 0.427534 0.292848 0.839720
v 0.422360 0.320224 0.839614
v 0.422916 0.320178 0.804298
v 0.427534 0.292848 0.806384
v 0.427534 0.292848 0.873058
v 0.422916 0.320230 0.874284
v 0.437030 0.292848 0.889728
v 0.436748 0.320230 0.889728
v 0.427934 0.320230 0.889728
v 0.430698 0.292848 0.889728
v 0.443362 0.292848 0.889728
v 0.445572 0.320230 0.889728
v 0.436476 0.324142 0.889728
v 0.427232 0.324142 0.889728
v 0.445790 0.324142 0.889728
v 0.444620 0.229572 0.806384
v 0.444620 0.229572 0.839720
v 0.443126 0.162176 0.839720
v 0.443126 0.162176 0.806384
v 0.444620 0.229572 0.873058
v 0.443126 0.162176 0.873058
v 0.431920 0.229706 0.789714
v 0.437000 0.229654 0.789714
v 0.435930 0.162816 0.789714
v 0.431134 0.163244 0.789714
v 0.442080 0.229600 0.789714
v 0.440728 0.162389 0.789714
v 0.428736 0.163457 0.839720
v 0.429380 0.229734 0.839720
v 0.429380 0.229734 0.806384
v 0.428736 0.163457 0.806384
v 0.428736 0.163457 0.873058
v 0.429380 0.229734 0.873058
v 0.435930 0.162816 0.889728
v 0.437000 0.229654 0.889728
v 0.431920 0.229706 0.889728
v 0.431134 0.163244 0.889728
v 0.440728 0.162389 0.889728
v 0.442080 0.229600 0.889728
v 0.439872 0.123280 0.806384
v 0.439872 0.123280 0.839720
v 0.434208 0.104725 0.839720
v 0.434208 0.104725 0.806384
v 0.439872 0.123280 0.873058
v 0.434208 0.104725 0.873058
v 0.428594 0.126555 0.789714
v 0.433104 0.125245 0.789714
v 0.428234 0.108269 0.789714
v 0.424250 0.110631 0.789714
v 0.437616 0.123935 0.789714
v 0.432216 0.105907 0.789714
v 0.422258 0.111812 0.839720
v 0.426338 0.127210 0.839720
v 0.426338 0.127210 0.806384
v 0.422258 0.111812 0.806384
v 0.422258 0.111812 0.873058
v 0.426338 0.127210 0.873058
v 0.428234 0.108269 0.889728
v 0.433104 0.125245 0.889728
v 0.428594 0.126555 0.889728
v 0.424250 0.110631 0.889728
v 0.432216 0.105907 0.889728
v 0.437616 0.123935 0.889728
v 0.425992 0.091289 0.806384
v 0.425992 0.091289 0.839720
v 0.415616 0.080293 0.839720
v 0.415616 0.080293 0.806384
v 0.425992 0.091289 0.873058
v 0.415616 0.080293 0.873058
v 0.412190 0.086106 0.789714
v 0.421204 0.096105 0.789714
v 0.424396 0.092895 0.789714
v 0.414474 0.082231 0.789714
v 0.409906 0.089982 0.789714
v 0.418012 0.099316 0.789714
v 0.408762 0.091920 0.839720
v 0.416416 0.100921 0.839720
v 0.416416 0.100921 0.806384
v 0.408762 0.091920 0.806384
v 0.408762 0.091920 0.873058
v 0.416416 0.100921 0.873058
v 0.424396 0.092895 0.889728
v 0.421204 0.096105 0.889728
v 0.412190 0.086106 0.889728
v 0.414474 0.082231 0.889728
v 0.418012 0.099316 0.889728
v 0.409906 0.089982 0.889728
v 0.403660 0.071875 0.806384
v 0.403660 0.071875 0.839720
v 0.390888 0.064905 0.839720
v 0.390888 0.064905 0.806384
v 0.403660 0.071875 0.873058
v 0.390888 0.064905 0.873058
v 0.390020 0.072428 0.789714
v 0.401540 0.078568 0.789714
v 0.402954 0.074106 0.789714
v 0.390598 0.067413 0.789714
v 0.389442 0.077444 0.789714
v 0.400126 0.083029 0.789714
v 0.389152 0.079952 0.839720
v 0.399420 0.085260 0.839720
v 0.399420 0.085260 0.806384
v 0.389152 0.079952 0.806384
v 0.389152 0.079952 0.873058
v 0.399420 0.085260 0.873058
v 0.402954 0.074106 0.889728
v 0.401540 0.078568 0.889728
v 0.390020 0.072428 0.889728
v 0.390598 0.067413 0.889728
v 0.400126 0.083029 0.889728
v 0.389442 0.077444 0.889728
v 0.489904 0.323964 0.908026
v 0.475650 0.323964 0.908080
v 0.489904 0.322788 0.931688
v 0.475672 0.322788 0.931688
v 0.456250 0.323966 0.908456
v 0.456416 0.322788 0.931688
v 0.475392 0.317498 0.978014
v 0.475636 0.320120 0.957400
v 0.489626 0.320170 0.957032
v 0.487672 0.317888 0.975070
v 0.456416 0.317442 0.978436
v 0.456416 0.320114 0.957452
v 0.436324 0.323964 0.909696
v 0.436346 0.324140 0.892792
v 0.436322 0.322788 0.931688
v 0.416416 0.323966 0.908456
v 0.416228 0.322788 0.931688
v 0.436322 0.317442 0.978436
v 0.436322 0.320114 0.957452
v 0.416228 0.317442 0.978436
v 0.416228 0.320114 0.957452
v 0.396996 0.323964 0.908080
v 0.396972 0.322788 0.931688
v 0.382738 0.323964 0.908026
v 0.382738 0.322788 0.931688
v 0.397250 0.317498 0.978014
v 0.397006 0.320120 0.957400
v 0.384972 0.317888 0.975070
v 0.383018 0.320170 0.957032
v 0.376040 0.349182 0.909016
v 0.376878 0.361280 0.909458
v 0.376040 0.348106 0.933340
v 0.376878 0.360158 0.934076
v 0.382738 0.370904 0.909798
v 0.382738 0.369718 0.934640
v 0.377646 0.357654 0.960202
v 0.376878 0.345702 0.959392
v 0.383018 0.366966 0.960486
v 0.495764 0.361280 0.909458
v 0.496602 0.349182 0.909016
v 0.489904 0.370904 0.909798
v 0.495764 0.360158 0.934076
v 0.496602 0.348106 0.933340
v 0.489904 0.369718 0.934640
v 0.494998 0.357654 0.960202
v 0.489626 0.366966 0.960486
v 0.495764 0.345702 0.959392
v 0.475672 0.374934 0.909938
v 0.456416 0.375510 0.909958
v 0.475672 0.373718 0.934876
v 0.456416 0.374288 0.934910
v 0.475636 0.370536 0.961106
v 0.456416 0.371046 0.961196
v 0.436322 0.375510 0.909958
v 0.416228 0.375510 0.909958
v 0.436322 0.374288 0.934910
v 0.416228 0.374288 0.934910
v 0.436322 0.371046 0.961196
v 0.416228 0.371046 0.961196
v 0.396972 0.374934 0.909938
v 0.396972 0.373718 0.934876
v 0.397006 0.370536 0.961106
v 0.376878 0.326944 0.957956
v 0.376878 0.322600 0.957628
v 0.376040 0.329550 0.932118
v 0.376040 0.325266 0.931838
v 0.376878 0.320802 0.957500
v 0.376040 0.323476 0.931730
v 0.376040 0.326442 0.908116
v 0.376040 0.330702 0.908284
v 0.376040 0.324652 0.908050
v 0.376040 0.338474 0.908598
v 0.376040 0.337372 0.932642
v 0.376878 0.334892 0.958572
v 0.495764 0.322600 0.957628
v 0.495764 0.326944 0.957956
v 0.495764 0.320802 0.957500
v 0.496602 0.325266 0.931838
v 0.496602 0.329550 0.932118
v 0.496602 0.323476 0.931730
v 0.496602 0.326442 0.908116
v 0.496602 0.324652 0.908050
v 0.496602 0.330702 0.908284
v 0.495764 0.334892 0.958572
v 0.496602 0.337372 0.932642
v 0.496602 0.338474 0.908598
v 0.495764 0.323598 0.789702
v 0.495764 0.324150 0.838432
v 0.495764 0.324226 0.879434
v 0.489626 0.321104 0.707006
v 0.494998 0.322342 0.741842
v 0.456416 0.320528 0.691716
v 0.475636 0.320600 0.693626
v 0.436370 0.324070 0.788150
v 0.424510 0.324090 0.789714
v 0.448416 0.324090 0.789714
v 0.416228 0.320528 0.691716
v 0.436322 0.320528 0.691716
v 0.376878 0.324150 0.838432
v 0.376878 0.323598 0.789702
v 0.376878 0.324226 0.879434
v 0.377646 0.322342 0.741842
v 0.383018 0.321104 0.707006
v 0.397006 0.320600 0.693626
v 0.449252 0.320230 0.887796
v 0.446132 0.292848 0.887644
v 0.448416 0.324142 0.888870
v 0.446132 0.292848 0.791798
v 0.449252 0.320224 0.791538
v 0.424242 0.320224 0.791538
v 0.427928 0.292848 0.791798
v 0.424242 0.320230 0.887796
v 0.424510 0.324142 0.888870
v 0.427928 0.292848 0.887644
v 0.444302 0.229576 0.887644
v 0.442826 0.162202 0.887644
v 0.442826 0.162202 0.791798
v 0.444302 0.229576 0.791798
v 0.429696 0.229730 0.791798
v 0.429036 0.163431 0.791798
v 0.429036 0.163431 0.887644
v 0.429696 0.229730 0.887644
v 0.439590 0.123362 0.887644
v 0.433960 0.104873 0.887644
v 0.433960 0.104873 0.791798
v 0.439590 0.123362 0.791798
v 0.426620 0.127129 0.791798
v 0.422508 0.111665 0.791798
v 0.422508 0.111665 0.887644
v 0.426620 0.127129 0.887644
v 0.425792 0.091490 0.887644
v 0.415474 0.080535 0.887644
v 0.415474 0.080535 0.791798
v 0.425792 0.091490 0.791798
v 0.416616 0.100720 0.791798
v 0.408906 0.091677 0.791798
v 0.408906 0.091677 0.887644
v 0.416616 0.100720 0.887644
v 0.403572 0.072154 0.887644
v 0.390852 0.065218 0.887644
v 0.390852 0.065218 0.791798
v 0.403572 0.072154 0.791798
v 0.399508 0.084981 0.791798
v 0.389188 0.079639 0.791798
v 0.389188 0.079639 0.887644
v 0.399508 0.084981 0.887644
v 0.495764 0.324050 0.908030
v 0.495764 0.322874 0.931694
v 0.494998 0.320206 0.957406
v 0.489626 0.317584 0.978020
v 0.475636 0.316512 0.986116
v 0.456416 0.316358 0.987272
v 0.436370 0.324142 0.890110
v 0.436322 0.316358 0.987272
v 0.416228 0.316358 0.987272
v 0.376878 0.322874 0.931694
v 0.376878 0.324050 0.908030
v 0.383018 0.317584 0.978020
v 0.377646 0.320206 0.957406
v 0.397006 0.316512 0.986116
v -0.506138 0.357158 0.707006
v -0.492148 0.356658 0.693626
v -0.492184 0.344648 0.691716
v -0.506416 0.345352 0.706310
v -0.504184 0.365680 0.711872
v -0.491904 0.366782 0.707006
v -0.472928 0.356586 0.691716
v -0.472928 0.344548 0.689630
v -0.472928 0.366938 0.706310
v -0.452834 0.356586 0.691716
v -0.452834 0.344548 0.689630
v -0.452834 0.366938 0.706310
v -0.432740 0.356586 0.691716
v -0.432740 0.344548 0.689630
v -0.432740 0.366938 0.706310
v -0.413518 0.356658 0.693626
v -0.413484 0.344648 0.691716
v -0.413762 0.366782 0.707006
v -0.399530 0.357158 0.707006
v -0.399250 0.345352 0.706310
v -0.401484 0.365680 0.711872
v -0.413484 0.342262 0.989246
v -0.413518 0.354246 0.988972
v -0.432740 0.354128 0.990130
v -0.432740 0.342112 0.990508
v -0.399250 0.343308 0.980416
v -0.399530 0.355068 0.980866
v -0.413762 0.364392 0.981544
v -0.432740 0.364524 0.981978
v -0.401484 0.363458 0.978506
v -0.452834 0.342112 0.990508
v -0.452834 0.354128 0.990130
v -0.472928 0.354128 0.990130
v -0.472928 0.342112 0.990508
v -0.452834 0.364524 0.981978
v -0.472928 0.364524 0.981978
v -0.492184 0.342262 0.989246
v -0.492148 0.354246 0.988972
v -0.506138 0.355068 0.980866
v -0.506416 0.343308 0.980416
v -0.491904 0.364392 0.981544
v -0.504184 0.363458 0.978506
v -0.513114 0.324090 0.838862
v -0.493282 0.324076 0.838648
v -0.492298 0.324140 0.881148
v -0.513114 0.324140 0.882864
v -0.513114 0.323722 0.789706
v -0.492298 0.323618 0.789704
v -0.475022 0.324142 0.839720
v -0.467144 0.324142 0.889728
v -0.467144 0.324142 0.789714
v -0.472204 0.322252 0.739672
v -0.492860 0.322194 0.739844
v -0.492462 0.320414 0.691020
v -0.472928 0.320362 0.689630
v -0.512556 0.322252 0.741062
v -0.508648 0.320782 0.700750
v -0.433486 0.322252 0.739672
v -0.452836 0.322252 0.739672
v -0.452834 0.320362 0.689630
v -0.432740 0.320362 0.689630
v -0.438712 0.324142 0.789714
v -0.452858 0.324142 0.789714
v -0.430906 0.324142 0.839720
v -0.412418 0.324076 0.838648
v -0.413394 0.324140 0.881148
v -0.438712 0.324142 0.889728
v -0.413394 0.323618 0.789704
v -0.392554 0.324090 0.838862
v -0.392554 0.324140 0.882864
v -0.392554 0.323722 0.789706
v -0.393112 0.322252 0.741062
v -0.412810 0.322194 0.739844
v -0.413204 0.320414 0.691020
v -0.397018 0.320782 0.700750
v -0.392554 0.349276 0.838474
v -0.393390 0.361388 0.838492
v -0.393390 0.361474 0.879910
v -0.392554 0.349362 0.879762
v -0.392554 0.348572 0.789702
v -0.393390 0.360660 0.789702
v -0.399250 0.371032 0.838506
v -0.399250 0.371114 0.880022
v -0.399250 0.370298 0.789702
v -0.399530 0.368462 0.742452
v -0.394158 0.358968 0.741842
v -0.393390 0.346962 0.741756
v -0.506416 0.371032 0.838506
v -0.512276 0.361388 0.838492
v -0.512276 0.361474 0.879910
v -0.506416 0.371114 0.880022
v -0.506416 0.370298 0.789702
v -0.512276 0.360660 0.789702
v -0.513114 0.349276 0.838474
v -0.513114 0.349362 0.879762
v -0.513114 0.348572 0.789702
v -0.512276 0.346962 0.741756
v -0.511510 0.358968 0.741842
v -0.506138 0.368462 0.742452
v -0.472928 0.375646 0.838514
v -0.492184 0.375070 0.838512
v -0.492184 0.375152 0.880070
v -0.472928 0.375730 0.880076
v -0.472928 0.374916 0.789702
v -0.492184 0.374338 0.789702
v -0.492148 0.372134 0.741842
v -0.472928 0.372658 0.741756
v -0.432740 0.375646 0.838514
v -0.452834 0.375646 0.838514
v -0.452834 0.375730 0.880076
v -0.432740 0.375730 0.880076
v -0.432740 0.374916 0.789702
v -0.452834 0.374916 0.789702
v -0.452834 0.372658 0.741756
v -0.432740 0.372658 0.741756
v -0.413484 0.375070 0.838512
v -0.413484 0.375152 0.880070
v -0.413484 0.374338 0.789702
v -0.413518 0.372134 0.741842
v -0.472928 0.334248 0.689630
v -0.492184 0.334340 0.691716
v -0.472928 0.326894 0.689630
v -0.492184 0.326978 0.691716
v -0.506416 0.334982 0.706310
v -0.506416 0.327560 0.706310
v -0.506696 0.323336 0.705616
v -0.492218 0.322804 0.691628
v -0.472928 0.322728 0.689630
v -0.432740 0.334248 0.689630
v -0.452834 0.334248 0.689630
v -0.432740 0.326894 0.689630
v -0.452834 0.326894 0.689630
v -0.452834 0.322728 0.689630
v -0.432740 0.322728 0.689630
v -0.399250 0.334982 0.706310
v -0.413484 0.334340 0.691716
v -0.399250 0.327560 0.706310
v -0.413484 0.326978 0.691716
v -0.413448 0.322804 0.691628
v -0.398972 0.323336 0.705616
v -0.413484 0.331340 0.988412
v -0.399250 0.332420 0.979580
v -0.432740 0.331186 0.989672
v -0.413484 0.323202 0.987782
v -0.399250 0.324340 0.978950
v -0.432740 0.323040 0.989042
v -0.398972 0.319794 0.979028
v -0.413448 0.318678 0.987492
v -0.413204 0.316218 0.987688
v -0.397018 0.316996 0.981800
v -0.432740 0.318520 0.988700
v -0.432740 0.316106 0.988528
v -0.452834 0.331186 0.989672
v -0.472928 0.331186 0.989672
v -0.452834 0.323040 0.989042
v -0.472928 0.323040 0.989042
v -0.452834 0.318520 0.988700
v -0.452834 0.316106 0.988528
v -0.472928 0.318520 0.988700
v -0.472928 0.316106 0.988528
v -0.492184 0.331340 0.988412
v -0.506416 0.332420 0.979580
v -0.492184 0.323202 0.987782
v -0.506416 0.324340 0.978950
v -0.492218 0.318678 0.987492
v -0.492462 0.316218 0.987688
v -0.506696 0.319794 0.979028
v -0.508648 0.316996 0.981800
v -0.392554 0.338566 0.838456
v -0.392554 0.337924 0.789702
v -0.392554 0.338648 0.879622
v -0.392554 0.330800 0.838444
v -0.392554 0.330220 0.789702
v -0.392554 0.330878 0.879518
v -0.392554 0.325928 0.789704
v -0.392554 0.326458 0.838490
v -0.392554 0.326532 0.879890
v -0.393356 0.324632 0.741670
v -0.393390 0.328890 0.741756
v -0.393390 0.336454 0.741756
v -0.513114 0.326458 0.838490
v -0.513114 0.325928 0.789704
v -0.513114 0.326532 0.879890
v -0.513114 0.330800 0.838444
v -0.513114 0.330220 0.789702
v -0.513114 0.330878 0.879518
v -0.513114 0.337924 0.789702
v -0.513114 0.338566 0.838456
v -0.513114 0.338648 0.879622
v -0.512276 0.336454 0.741756
v -0.512276 0.328890 0.741756
v -0.512312 0.324632 0.741670
v -0.462876 0.295456 0.839720
v -0.467484 0.320556 0.839720
v -0.466436 0.321534 0.789714
v -0.462382 0.303280 0.789714
v -0.462382 0.303280 0.889728
v -0.466436 0.321534 0.889728
v -0.453554 0.295456 0.789714
v -0.453246 0.320556 0.789714
v -0.440082 0.321534 0.789714
v -0.444798 0.303280 0.789714
v -0.439034 0.320556 0.839720
v -0.444234 0.295456 0.839720
v -0.440082 0.321534 0.889728
v -0.444798 0.303280 0.889728
v -0.453246 0.320556 0.889728
v -0.453554 0.295456 0.889728
v -0.452858 0.324142 0.889728
v -0.459756 0.160026 0.839720
v -0.461126 0.229630 0.839720
v -0.461108 0.229802 0.789714
v -0.460112 0.153576 0.789714
v -0.460112 0.153576 0.889728
v -0.461108 0.229802 0.889728
v -0.452546 0.160613 0.789714
v -0.453526 0.229704 0.789714
v -0.446030 0.229908 0.789714
v -0.445600 0.154431 0.789714
v -0.445926 0.229778 0.839720
v -0.445336 0.161201 0.839720
v -0.446030 0.229908 0.889728
v -0.445600 0.154431 0.889728
v -0.453526 0.229704 0.889728
v -0.452546 0.160613 0.889728
v -0.450870 0.104615 0.839720
v -0.456418 0.122998 0.839720
v -0.456518 0.122150 0.789714
v -0.451316 0.104285 0.789714
v -0.451316 0.104285 0.889728
v -0.456518 0.122150 0.889728
v -0.444870 0.108184 0.789714
v -0.449646 0.124959 0.789714
v -0.442942 0.126052 0.789714
v -0.439164 0.111573 0.789714
v -0.442872 0.126921 0.839720
v -0.438870 0.111752 0.839720
v -0.442942 0.126052 0.889728
v -0.439164 0.111573 0.889728
v -0.449646 0.124959 0.889728
v -0.444870 0.108184 0.889728
v -0.432220 0.080132 0.839720
v -0.442534 0.091255 0.839720
v -0.442624 0.091154 0.789714
v -0.432492 0.079649 0.789714
v -0.432492 0.079649 0.889728
v -0.442624 0.091154 0.889728
v -0.437744 0.096075 0.789714
v -0.428798 0.085951 0.789714
v -0.433030 0.100816 0.789714
v -0.425686 0.091319 0.789714
v -0.432954 0.100895 0.839720
v -0.425378 0.091770 0.839720
v -0.433030 0.100816 0.889728
v -0.425686 0.091319 0.889728
v -0.428798 0.085951 0.889728
v -0.437744 0.096075 0.889728
v -0.408068 0.065696 0.839720
v -0.420266 0.071954 0.839720
v -0.420552 0.072190 0.791104
v -0.410076 0.068072 0.800828
v -0.410076 0.068072 0.878614
v -0.420552 0.072190 0.888338
v -0.418146 0.078589 0.790062
v -0.407180 0.072757 0.792492
v -0.416298 0.085117 0.791104
v -0.408174 0.079410 0.800828
v -0.416024 0.085225 0.839720
v -0.406292 0.079817 0.839720
v -0.416298 0.085117 0.888338
v -0.408174 0.079410 0.878614
v -0.407180 0.072757 0.886950
v -0.418146 0.078589 0.889380
v -0.492930 0.323972 0.908222
v -0.513114 0.324020 0.908300
v -0.472204 0.323966 0.909314
v -0.493020 0.322844 0.931534
v -0.513114 0.323232 0.930450
v -0.472928 0.322788 0.931688
v -0.512556 0.320114 0.957718
v -0.492950 0.319968 0.958590
v -0.472928 0.319948 0.958714
v -0.452836 0.323966 0.909314
v -0.433486 0.323966 0.909314
v -0.452834 0.322788 0.931688
v -0.432740 0.322788 0.931688
v -0.452834 0.319948 0.958714
v -0.432740 0.319948 0.958714
v -0.412740 0.323972 0.908222
v -0.392554 0.324020 0.908300
v -0.412646 0.322844 0.931534
v -0.392554 0.323232 0.930450
v -0.412716 0.319968 0.958590
v -0.393112 0.320114 0.957718
v -0.393390 0.361280 0.909458
v -0.392554 0.349182 0.909016
v -0.399250 0.370904 0.909798
v -0.393390 0.360158 0.934076
v -0.392554 0.348106 0.933340
v -0.399250 0.369718 0.934640
v -0.393390 0.345702 0.959392
v -0.394158 0.357654 0.960202
v -0.399530 0.366966 0.960486
v -0.513114 0.349182 0.909016
v -0.512276 0.361280 0.909458
v -0.513114 0.348106 0.933340
v -0.512276 0.360158 0.934076
v -0.506416 0.370904 0.909798
v -0.506416 0.369718 0.934640
v -0.506138 0.366966 0.960486
v -0.511510 0.357654 0.960202
v -0.512276 0.345702 0.959392
v -0.492184 0.374934 0.909938
v -0.492184 0.373718 0.934876
v -0.472928 0.375510 0.909958
v -0.472928 0.374288 0.934910
v -0.472928 0.371046 0.961196
v -0.492148 0.370536 0.961106
v -0.452834 0.375510 0.909958
v -0.452834 0.374288 0.934910
v -0.432740 0.375510 0.909958
v -0.432740 0.374288 0.934910
v -0.432740 0.371046 0.961196
v -0.452834 0.371046 0.961196
v -0.413484 0.374934 0.909938
v -0.413484 0.373718 0.934876
v -0.413518 0.370536 0.961106
v -0.393356 0.322514 0.957654
v -0.393390 0.326944 0.957956
v -0.392554 0.325236 0.931678
v -0.392554 0.329550 0.932118
v -0.392554 0.330702 0.908284
v -0.392554 0.326362 0.908146
v -0.392554 0.338474 0.908598
v -0.392554 0.337372 0.932642
v -0.393390 0.334892 0.958572
v -0.512276 0.326944 0.957956
v -0.512312 0.322514 0.957654
v -0.513114 0.329550 0.932118
v -0.513114 0.325236 0.931678
v -0.513114 0.326362 0.908146
v -0.513114 0.330702 0.908284
v -0.512276 0.334892 0.958572
v -0.513114 0.337372 0.932642
v -0.513114 0.338474 0.908598
v -0.513114 0.324130 0.839506
v -0.513114 0.324038 0.789712
v -0.513114 0.324142 0.888012
v -0.512974 0.322252 0.740020
v -0.511998 0.320468 0.692410
v -0.492882 0.320376 0.689978
v -0.434234 0.324142 0.789714
v -0.452840 0.324142 0.789714
v -0.471482 0.324142 0.789714
v -0.452834 0.320362 0.689630
v -0.392554 0.324038 0.789712
v -0.392554 0.324130 0.839506
v -0.392554 0.324142 0.888012
v -0.393670 0.320468 0.692410
v -0.392692 0.322252 0.740020
v -0.412786 0.320376 0.689978
v -0.461392 0.318926 0.889728
v -0.466856 0.323490 0.889728
v -0.471482 0.324142 0.889728
v -0.466856 0.323490 0.789714
v -0.461392 0.318926 0.789714
v -0.439662 0.323490 0.789714
v -0.445930 0.318926 0.789714
v -0.434234 0.324142 0.889728
v -0.439662 0.323490 0.889728
v -0.445930 0.318926 0.889728
v -0.460826 0.140677 0.889728
v -0.461074 0.230146 0.889728
v -0.461074 0.230146 0.789714
v -0.460826 0.140677 0.789714
v -0.446130 0.140890 0.789714
v -0.446238 0.230172 0.789714
v -0.446238 0.230172 0.889728
v -0.446130 0.140890 0.889728
v -0.452212 0.103624 0.889728
v -0.456720 0.120455 0.889728
v -0.456720 0.120455 0.789714
v -0.452212 0.103624 0.789714
v -0.439756 0.111214 0.789714
v -0.443082 0.124315 0.789714
v -0.443082 0.124315 0.889728
v -0.439756 0.111214 0.889728
v -0.433034 0.078684 0.889728
v -0.442804 0.090951 0.889728
v -0.442804 0.090951 0.789714
v -0.433034 0.078684 0.789714
v -0.426302 0.090418 0.789714
v -0.433180 0.100659 0.789714
v -0.433180 0.100659 0.889728
v -0.426302 0.090418 0.889728
v -0.414522 0.069061 0.886950
v -0.421176 0.072193 0.889380
v -0.421176 0.072193 0.790062
v -0.414522 0.069061 0.792492
v -0.411502 0.082358 0.792492
v -0.416790 0.085373 0.790062
v -0.416790 0.085373 0.889380
v -0.411502 0.082358 0.886950
v -0.513114 0.323900 0.928590
v -0.513114 0.324104 0.908712
v -0.511998 0.316328 0.986846
v -0.512974 0.320114 0.958116
v -0.492882 0.316134 0.988318
v -0.452840 0.324142 0.889728
v -0.452834 0.316106 0.988528
v -0.392554 0.324104 0.908712
v -0.392554 0.323900 0.928590
v -0.392692 0.320114 0.958116
v -0.393670 0.316328 0.986846
v -0.412786 0.316134 0.988318
vn -0.9979 -0.0201 0.0617
vn -0.9977 -0.0084 0.0669
vn -0.9977 -0.0042 0.0675
vn -0.9977 -0.0013 0.0677
vn -0.9977 0.0000 0.0678
vn -1.0000 0.0000 0.0000
vn 0.0000 -1.0000 0.0017
vn 0.0000 -0.9834 -0.1815
vn 0.0000 0.9714 0.2376
vn 0.0000 -0.9916 -0.1291
vn 0.0000 0.9855 0.1698
vn 0.0000 -0.9965 -0.0830
vn 0.0000 0.9935 0.1134
vn 0.0000 -0.9992 -0.0397
vn -0.0010 -0.9999 0.0102
vn 0.0000 0.9970 0.0771
vn -0.0028 0.9996 0.0281
vn 0.0000 -0.1080 -0.9942
vn 0.0000 0.6134 0.7898
vn 0.9979 -0.0201 0.0617
vn 0.9977 -0.0084 0.0669
vn 0.9977 -0.0042 0.0675
vn 0.9977 -0.0013 0.0677
vn 0.9977 0.0000 0.0678
vn 1.0000 -0.0000 0.0000
vn 0.0010 -0.9999 0.0102
vn 0.0028 0.9996 0.0281
vn -0.9978 0.0000 0.0666
vn -0.9976 0.0000 0.0685
vn -0.9977 0.0000 0.0681
vn 0.0000 0.9834 0.1815
vn 0.0000 -0.9935 -0.1139
vn 0.0000 0.9916 0.1291
vn 0.0000 -0.9975 -0.0702
vn 0.0000 0.9965 0.0830
vn 0.0000 -0.9998 -0.0195
vn 0.0000 0.9992 0.0397
vn 0.0000 -1.0000 -0.0000
vn 0.0010 0.9999 -0.0102
vn -0.0031 -0.9995 0.0307
vn 0.9978 0.0000 0.0666
vn 0.9976 0.0000 0.0685
vn 0.9977 0.0000 0.0681
vn -0.0010 0.9999 -0.0102
vn 0.0031 -0.9995 0.0307
vn -0.3670 -0.0201 -0.9300
vn -0.3720 -0.0084 -0.9282
vn -0.3725 -0.0042 -0.9280
vn -0.3727 -0.0013 -0.9280
vn -0.3728 0.0000 -0.9279
vn -0.3090 0.0000 -0.9511
vn -0.0016 -1.0000 0.0005
vn 0.1726 -0.9834 -0.0561
vn -0.2259 0.9714 0.0734
vn 0.1228 -0.9916 -0.0399
vn -0.1615 0.9855 0.0525
vn 0.0790 -0.9965 -0.0257
vn -0.1079 0.9935 0.0351
vn 0.0378 -0.9992 -0.0123
vn -0.0103 -0.9999 0.0020
vn -0.0733 0.9970 0.0238
vn -0.0282 0.9996 0.0054
vn 0.9455 -0.1081 -0.3072
vn -0.7511 0.6134 0.2440
vn 0.2497 -0.0201 0.9681
vn 0.2446 -0.0084 0.9696
vn 0.2441 -0.0042 0.9697
vn 0.2440 -0.0013 0.9698
vn 0.2438 0.0000 0.9698
vn 0.3090 -0.0000 0.9511
vn -0.0095 -0.9999 0.0044
vn -0.0260 0.9996 0.0121
vn -0.3717 0.0000 -0.9284
vn -0.3735 0.0000 -0.9276
vn -0.3731 0.0000 -0.9278
vn -0.3730 0.0000 -0.9278
vn -0.1726 0.9834 0.0561
vn 0.1084 -0.9935 -0.0352
vn -0.1228 0.9916 0.0399
vn 0.0667 -0.9975 -0.0217
vn -0.0790 0.9965 0.0257
vn 0.0186 -0.9998 -0.0060
vn -0.0378 0.9992 0.0123
vn 0.0103 0.9999 -0.0020
vn -0.0308 -0.9995 0.0059
vn 0.2450 0.0000 0.9695
vn 0.2431 0.0000 0.9700
vn 0.2435 0.0000 0.9699
vn 0.2436 0.0000 0.9699
vn 0.0095 0.9999 -0.0044
vn -0.0284 -0.9995 0.0132
vn 0.7710 -0.0201 -0.6365
vn 0.7678 -0.0084 -0.6406
vn 0.7675 -0.0042 -0.6410
vn 0.7674 -0.0013 -0.6412
vn 0.7673 0.0000 -0.6413
vn 0.8090 0.0001 -0.5879
vn -0.0010 -1.0000 -0.0014
vn 0.1067 -0.9834 0.1468
vn -0.1396 0.9714 -0.1922
vn 0.0759 -0.9916 0.1044
vn -0.0998 0.9855 -0.1374
vn 0.0488 -0.9965 0.0672
vn -0.0667 0.9935 -0.0918
vn 0.0234 -0.9992 0.0322
vn -0.0051 -0.9999 -0.0090
vn -0.0453 0.9970 -0.0623
vn -0.0141 0.9996 -0.0247
vn 0.5843 -0.1081 0.8043
vn -0.4642 0.6134 -0.6389
vn -0.8436 -0.0201 0.5366
vn -0.8465 -0.0084 0.5323
vn -0.8468 -0.0042 0.5318
vn -0.8469 -0.0013 0.5317
vn -0.8470 0.0000 0.5316
vn -0.8090 -0.0000 0.5878
vn -0.0070 -0.9999 -0.0076
vn -0.0192 0.9996 -0.0210
vn 0.7681 0.0000 -0.6404
vn 0.7668 0.0000 -0.6419
vn 0.7671 0.0000 -0.6415
vn -0.1067 0.9834 -0.1468
vn 0.0670 -0.9935 0.0922
vn -0.0759 0.9916 -0.1045
vn 0.0412 -0.9975 0.0568
vn -0.0488 0.9965 -0.0672
vn 0.0115 -0.9998 0.0158
vn -0.0234 0.9992 -0.0322
vn 0.0051 0.9999 0.0090
vn -0.0154 -0.9995 -0.0270
vn -0.8464 0.0000 0.5326
vn -0.8474 0.0000 0.5310
vn -0.8472 0.0000 0.5313
vn -0.8471 0.0000 0.5314
vn -0.0759 0.9916 -0.1044
vn 0.0413 -0.9975 0.0568
vn 0.0070 0.9999 0.0076
vn -0.0210 -0.9995 -0.0230
vn 0.8436 -0.0201 0.5366
vn 0.8465 -0.0084 0.5323
vn 0.8468 -0.0042 0.5318
vn 0.8469 -0.0013 0.5317
vn 0.8470 0.0000 0.5316
vn 0.8090 -0.0000 0.5878
vn 0.0010 -1.0000 -0.0014
vn -0.1067 -0.9834 0.1468
vn 0.1396 0.9714 -0.1922
vn -0.0759 -0.9916 0.1044
vn 0.0998 0.9855 -0.1374
vn -0.0488 -0.9965 0.0672
vn 0.0667 0.9935 -0.0918
vn -0.0234 -0.9992 0.0322
vn 0.0070 -0.9999 -0.0077
vn 0.0453 0.9970 -0.0623
vn 0.0191 0.9996 -0.0210
vn -0.5843 -0.1080 0.8043
vn 0.4642 0.6134 -0.6389
vn -0.7710 -0.0201 -0.6365
vn -0.7678 -0.0084 -0.6406
vn -0.7675 -0.0042 -0.6410
vn -0.7674 -0.0013 -0.6412
vn -0.7673 0.0000 -0.6413
vn -0.8090 0.0001 -0.5879
vn 0.0051 -0.9999 -0.0090
vn 0.0141 0.9996 -0.0246
vn 0.8464 0.0000 0.5326
vn 0.8474 0.0000 0.5310
vn 0.8472 0.0000 0.5313
vn 0.8471 0.0000 0.5314
vn 0.1067 0.9834 -0.1468
vn -0.0670 -0.9935 0.0922
vn 0.0759 0.9916 -0.1044
vn -0.0413 -0.9975 0.0568
vn 0.0488 0.9965 -0.0672
vn -0.0115 -0.9998 0.0158
vn 0.0234 0.9992 -0.0322
vn -0.0070 0.9999 0.0077
vn 0.0209 -0.9995 -0.0230
vn -0.7681 0.0000 -0.6404
vn -0.7668 0.0000 -0.6419
vn -0.7671 0.0000 -0.6415
vn 0.0759 0.9916 -0.1045
vn -0.0412 -0.9975 0.0568
vn -0.0051 0.9999 0.0090
vn 0.0154 -0.9995 -0.0269
vn -0.2497 -0.0201 0.9681
vn -0.2446 -0.0084 0.9696
vn -0.2441 -0.0042 0.9697
vn -0.2440 -0.0013 0.9698
vn -0.2438 0.0000 0.9698
vn -0.3090 -0.0000 0.9511
vn 0.0016 -1.0000 0.0005
vn -0.1726 -0.9834 -0.0561
vn 0.2259 0.9714 0.0734
vn -0.1228 -0.9916 -0.0399
vn 0.1615 0.9855 0.0525
vn -0.0790 -0.9965 -0.0257
vn 0.1079 0.9935 0.0351
vn -0.0378 -0.9992 -0.0123
vn 0.0094 -0.9999 0.0044
vn 0.0733 0.9970 0.0238
vn 0.0260 0.9996 0.0120
vn -0.9455 -0.1081 -0.3072
vn 0.7511 0.6134 0.2440
vn 0.3670 -0.0201 -0.9300
vn 0.3720 -0.0084 -0.9282
vn 0.3725 -0.0042 -0.9280
vn 0.3727 -0.0013 -0.9280
vn 0.3728 0.0000 -0.9279
vn 0.3090 0.0000 -0.9511
vn 0.0102 -0.9999 0.0020
vn 0.0281 0.9996 0.0055
vn 0.7511 0.6134 0.2441
vn -0.2450 0.0000 0.9695
vn -0.2431 0.0000 0.9700
vn -0.2435 0.0000 0.9699
vn -0.2436 0.0000 0.9699
vn 0.1726 0.9834 0.0561
vn -0.1084 -0.9935 -0.0352
vn 0.1228 0.9916 0.0399
vn -0.0667 -0.9975 -0.0217
vn 0.0790 0.9965 0.0257
vn -0.0186 -0.9998 -0.0060
vn 0.0378 0.9992 0.0123
vn -0.0094 0.9999 -0.0044
vn 0.0284 -0.9995 0.0131
vn 0.3717 0.0000 -0.9284
vn 0.3735 0.0000 -0.9276
vn 0.3731 0.0000 -0.9278
vn 0.3730 0.0000 -0.9278
vn -0.0102 0.9999 -0.0020
vn 0.0307 -0.9995 0.0060
vn 0.0000 0.0000 -1.0000
vn -0.9511 0.0000 -0.3090
vn -0.5878 0.0000 0.8090
vn 0.5878 0.0000 0.8090
vn 0.9511 0.0000 -0.3090
vn 0.0000 1.0000 -0.0000
vn -0.9945 -0.0000 0.1045
vn -0.9510 0.0000 -0.3090
vn -0.7432 0.0000 -0.6691
vn -0.4068 0.0000 -0.9135
vn 0.4068 0.0000 -0.9135
vn 0.7431 0.0000 -0.6691
vn 0.9945 -0.0000 0.1045
vn 0.8660 -0.0000 0.5000
vn 0.2079 -0.0000 0.9781
vn -0.2079 -0.0000 0.9781
vn -0.8660 -0.0000 0.5000
vn -0.7032 -0.7072 0.0739
vn -0.6725 -0.7071 -0.2185
vn -0.5256 -0.7069 -0.4733
vn -0.2877 -0.7071 -0.6460
vn 0.0000 -0.7071 -0.7071
vn 0.2877 -0.7071 -0.6460
vn 0.5256 -0.7069 -0.4733
vn 0.6726 -0.7070 -0.2185
vn 0.7032 -0.7071 0.0739
vn 0.6124 -0.7071 0.3535
vn 0.4157 -0.7069 0.5722
vn 0.1471 -0.7066 0.6921
vn -0.1471 -0.7066 0.6922
vn -0.4157 -0.7069 0.5722
vn -0.6124 -0.7071 0.3536
vn -0.7431 0.0000 -0.6691
vn 0.2079 -0.0000 0.9782
vn -0.2079 -0.0000 0.9782
vn 0.0000 0.2080 0.9781
vn 0.0000 0.5878 0.8090
vn 0.0000 0.8660 0.5000
vn 0.0000 0.9945 0.1046
vn 0.0000 0.9510 -0.3091
vn 0.0000 0.7432 -0.6691
vn 0.0000 0.4066 -0.9136
vn 0.0000 -0.4066 -0.9136
vn 0.0000 -0.7432 -0.6691
vn 0.0000 -0.9510 -0.3091
vn 0.0000 -0.9945 0.1047
vn 0.0000 -0.8660 0.5000
vn 0.0000 -0.5878 0.8090
vn 0.0000 -0.2080 0.9781
vn 0.4473 -0.1860 0.8748
vn 0.4474 0.1860 0.8748
vn 0.4473 0.5257 0.7236
vn 0.4472 0.7746 0.4472
vn 0.4472 0.8895 0.0936
vn 0.4474 0.8506 -0.2764
vn 0.4473 0.6647 -0.5984
vn 0.4472 0.3637 -0.8172
vn 0.4472 0.0000 -0.8944
vn 0.4472 -0.3637 -0.8172
vn 0.4473 -0.6647 -0.5984
vn 0.4474 -0.8506 -0.2764
vn 0.4472 -0.8895 0.0936
vn 0.4472 -0.7746 0.4472
vn 0.4473 -0.5257 0.7236
vn -0.4474 0.1860 0.8748
vn -0.4473 -0.1860 0.8748
vn -0.4472 -0.5257 0.7236
vn -0.4472 -0.7746 0.4472
vn -0.4472 -0.8895 0.0936
vn -0.4474 -0.8506 -0.2764
vn -0.4473 -0.6647 -0.5984
vn -0.4472 -0.3637 -0.8172
vn -0.4472 0.0000 -0.8944
vn -0.4472 0.3637 -0.8172
vn -0.4473 0.6647 -0.5984
vn -0.4474 0.8506 -0.2764
vn -0.4472 0.8895 0.0936
vn -0.4472 0.7746 0.4472
vn -0.4473 0.5257 0.7236
vn 0.9487 -0.0657 0.3093
vn 0.9487 0.0657 0.3093
vn 0.9487 0.1859 0.2558
vn 0.9487 0.2738 0.1581
vn 0.9487 0.3145 0.0331
vn 0.9487 0.3008 -0.0978
vn 0.9487 0.2350 -0.2116
vn 0.9487 0.1286 -0.2889
vn 0.9487 0.0000 -0.3162
vn 0.9487 -0.1286 -0.2889
vn 0.9487 -0.2350 -0.2116
vn 0.9487 -0.3008 -0.0978
vn 0.9487 -0.3145 0.0331
vn 0.9487 -0.2738 0.1581
vn 0.9487 -0.1859 0.2558
vn -0.9487 0.0657 0.3093
vn -0.9487 -0.0657 0.3093
vn -0.9487 -0.1859 0.2558
vn -0.9487 -0.2738 0.1581
vn -0.9487 -0.3145 0.0331
vn -0.9487 -0.3008 -0.0978
vn -0.9487 -0.2350 -0.2116
vn -0.9487 -0.1286 -0.2889
vn -0.9487 0.0000 -0.3162
vn -0.9487 0.1286 -0.2889
vn -0.9487 0.2350 -0.2116
vn -0.9487 0.3008 -0.0978
vn -0.9487 0.3145 0.0331
vn -0.9487 0.2738 0.1581
vn -0.9487 0.1859 0.2558
vn -0.9950 -0.0034 0.0995
vn -0.9947 0.0000 0.1026
vn -0.9941 0.0089 0.1078
vn -0.9934 -0.0064 0.1147
vn -0.9947 -0.0022 0.1025
vn -0.9944 -0.0024 0.1056
vn 0.0000 -0.9868 -0.1621
vn 0.0000 0.9808 0.1951
vn 0.0000 -0.8388 -0.5445
vn 0.0000 0.8315 0.5555
vn 0.0000 -0.6079 -0.7940
vn 0.0000 0.5555 0.8315
vn 0.0000 -0.3274 -0.9449
vn 0.0000 0.2581 0.9661
vn 0.0000 -0.6730 0.7396
vn 0.0000 0.6189 -0.7854
vn 0.0000 -0.8588 0.5122
vn 0.0000 0.8315 -0.5555
vn 0.0000 -0.9883 0.1523
vn 0.0000 0.9808 -0.1951
vn 0.0000 -0.9797 0.2005
vn 0.9950 -0.0034 0.0995
vn 0.9947 0.0000 0.1026
vn 0.9941 0.0089 0.1078
vn 0.9934 -0.0064 0.1147
vn 0.9947 -0.0022 0.1025
vn 0.9944 -0.0024 0.1056
vn 0.0000 -0.8228 -0.5684
vn -0.9303 0.2080 0.3023
vn -0.7695 0.5877 0.2500
vn -0.4755 0.8661 0.1545
vn -0.0995 0.9945 0.0323
vn 0.2939 0.9511 -0.0955
vn 0.6364 0.7431 -0.2068
vn 0.8689 0.4067 -0.2823
vn 0.8689 -0.4067 -0.2823
vn 0.6364 -0.7432 -0.2068
vn 0.2939 -0.9511 -0.0955
vn -0.0996 -0.9945 0.0323
vn -0.4755 -0.8661 0.1545
vn -0.7695 -0.5877 0.2500
vn -0.9303 -0.2080 0.3023
vn -0.6939 -0.1861 0.6956
vn -0.6939 0.1861 0.6956
vn -0.5499 0.5257 0.6490
vn -0.2871 0.7746 0.5636
vn 0.0492 0.8895 0.4542
vn 0.4011 0.8506 0.3400
vn 0.7074 0.6646 0.2405
vn 0.9153 0.3638 0.1728
vn 0.9888 0.0000 0.1489
vn 0.9153 -0.3638 0.1729
vn 0.7074 -0.6646 0.2405
vn 0.4011 -0.8506 0.3400
vn 0.0492 -0.8895 0.4542
vn -0.2871 -0.7746 0.5636
vn -0.5500 -0.5257 0.6490
vn -0.9703 0.1861 -0.1549
vn -0.9703 -0.1861 -0.1549
vn -0.8264 -0.5257 -0.2018
vn -0.5635 -0.7746 -0.2871
vn -0.2272 -0.8895 -0.3965
vn 0.1247 -0.8506 -0.5109
vn 0.4309 -0.6646 -0.6104
vn 0.6389 -0.3638 -0.6779
vn 0.7125 0.0000 -0.7017
vn 0.6389 0.3638 -0.6779
vn 0.4309 0.6646 -0.6104
vn 0.1246 0.8506 -0.5109
vn -0.2272 0.8895 -0.3965
vn -0.5635 0.7746 -0.2871
vn -0.8264 0.5257 -0.2018
vn -0.0009 -0.0657 0.9978
vn -0.0009 0.0657 0.9978
vn 0.0499 0.1860 0.9813
vn 0.1427 0.2738 0.9511
vn 0.2618 0.3144 0.9125
vn 0.3861 0.3007 0.8721
vn 0.4944 0.2350 0.8369
vn 0.5679 0.1287 0.8130
vn 0.5939 0.0000 0.8045
vn 0.5679 -0.1287 0.8130
vn 0.4944 -0.2350 0.8369
vn 0.3861 -0.3007 0.8721
vn 0.2618 -0.3144 0.9125
vn 0.1427 -0.2738 0.9511
vn 0.0499 -0.1860 0.9813
vn -0.5873 0.0659 -0.8067
vn -0.5873 -0.0659 -0.8067
vn -0.5365 -0.1858 -0.8232
vn -0.4435 -0.2739 -0.8534
vn -0.3247 -0.3145 -0.8920
vn -0.2001 -0.3007 -0.9325
vn -0.0920 -0.2349 -0.9676
vn -0.0185 -0.1286 -0.9915
vn 0.0076 0.0000 -1.0000
vn -0.0185 0.1286 -0.9915
vn -0.0920 0.2349 -0.9676
vn -0.2001 0.3007 -0.9325
vn -0.3247 0.3145 -0.8920
vn -0.4435 0.2739 -0.8534
vn -0.5365 0.1858 -0.8232
vn -0.4021 -0.0035 -0.9156
vn -0.4049 -0.0000 -0.9144
vn -0.4049 0.0001 -0.9144
vn -0.4099 0.0089 -0.9121
vn -0.4161 -0.0064 -0.9093
vn -0.4049 -0.0022 -0.9143
vn -0.4077 -0.0025 -0.9131
vn 0.1542 -0.9868 -0.0501
vn -0.1855 0.9808 0.0603
vn 0.5178 -0.8388 -0.1683
vn -0.5284 0.8315 0.1717
vn 0.7551 -0.6079 -0.2454
vn -0.7908 0.5555 0.2570
vn 0.8987 -0.3272 -0.2920
vn -0.9188 0.2582 0.2986
vn -0.7033 -0.6731 0.2285
vn 0.7470 0.6189 -0.2427
vn -0.4872 -0.8588 0.1583
vn 0.5284 0.8315 -0.1717
vn -0.1449 -0.9883 0.0471
vn 0.1856 0.9808 -0.0603
vn -0.1906 -0.9797 0.0619
vn 0.2128 -0.0035 0.9771
vn 0.2099 -0.0001 0.9777
vn 0.2099 -0.0000 0.9777
vn 0.2047 0.0088 0.9788
vn 0.1979 -0.0063 0.9802
vn 0.2099 -0.0023 0.9777
vn 0.2069 -0.0025 0.9784
vn 0.5179 -0.8388 -0.1682
vn 0.7551 -0.6080 -0.2454
vn -0.7908 0.5556 0.2569
vn -0.9188 0.2581 0.2986
vn -0.7033 -0.6732 0.2285
vn 0.7471 0.6189 -0.2428
vn 0.5283 0.8315 -0.1717
vn 0.5407 -0.8227 -0.1757
vn -0.5750 0.2079 -0.7913
vn -0.4756 0.5878 -0.6545
vn -0.2939 0.8661 -0.4045
vn -0.0615 0.9945 -0.0847
vn 0.1816 0.9511 0.2500
vn 0.3933 0.7431 0.5414
vn 0.5370 0.4066 0.7391
vn 0.5370 -0.4066 0.7391
vn 0.3933 -0.7431 0.5414
vn 0.1816 -0.9511 0.2500
vn -0.0615 -0.9945 -0.0847
vn -0.2939 -0.8661 -0.4044
vn -0.4756 -0.5878 -0.6545
vn -0.5750 -0.2079 -0.7913
vn 0.8090 0.0000 -0.5878
vn -0.8760 -0.1860 -0.4450
vn -0.8760 0.1860 -0.4450
vn -0.7871 0.5258 -0.3225
vn -0.6247 0.7746 -0.0989
vn -0.4168 0.8895 0.1872
vn -0.1995 0.8505 0.4866
vn -0.0100 0.6647 0.7470
vn 0.1187 0.3638 0.9239
vn 0.1642 0.0000 0.9864
vn 0.1187 -0.3638 0.9239
vn -0.0100 -0.6647 0.7470
vn -0.1995 -0.8506 0.4866
vn -0.4168 -0.8895 0.1872
vn -0.6247 -0.7746 -0.0989
vn -0.7871 -0.5258 -0.3225
vn -0.1526 0.1859 -0.9707
vn -0.1526 -0.1859 -0.9707
vn -0.0634 -0.5258 -0.8483
vn 0.0990 -0.7746 -0.6247
vn 0.3068 -0.8895 -0.3386
vn 0.5243 -0.8506 -0.0392
vn 0.7136 -0.6646 0.2213
vn 0.8421 -0.3638 0.3982
vn 0.8875 0.0000 0.4608
vn 0.8421 0.3638 0.3982
vn 0.7136 0.6646 0.2213
vn 0.5243 0.8506 -0.0393
vn 0.3068 0.8895 -0.3386
vn 0.0990 0.7746 -0.6247
vn -0.0634 0.5258 -0.8483
vn -0.9493 -0.0659 0.3075
vn -0.9493 0.0659 0.3075
vn -0.9179 0.1858 0.3506
vn -0.8604 0.2739 0.4297
vn -0.7870 0.3145 0.5308
vn -0.7100 0.3008 0.6367
vn -0.6432 0.2350 0.7288
vn -0.5977 0.1286 0.7913
vn -0.5815 0.0000 0.8136
vn -0.5977 -0.1286 0.7913
vn -0.6432 -0.2350 0.7288
vn -0.7100 -0.3008 0.6367
vn -0.7870 -0.3145 0.5308
vn -0.8604 -0.2739 0.4297
vn -0.9179 -0.1858 0.3506
vn 0.5858 0.0656 -0.8078
vn 0.5858 -0.0656 -0.8078
vn 0.6172 -0.1860 -0.7645
vn 0.6745 -0.2739 -0.6856
vn 0.7480 -0.3145 -0.5844
vn 0.8250 -0.3006 -0.4786
vn 0.8919 -0.2349 -0.3865
vn 0.9373 -0.1286 -0.3238
vn 0.9534 0.0000 -0.3017
vn 0.9373 0.1286 -0.3238
vn 0.8919 0.2349 -0.3865
vn 0.8250 0.3006 -0.4786
vn 0.7480 0.3145 -0.5844
vn 0.6745 0.2739 -0.6856
vn 0.6172 0.1859 -0.7645
vn 0.7465 -0.0034 -0.6653
vn 0.7444 0.0000 -0.6677
vn 0.7410 0.0089 -0.6715
vn 0.7362 -0.0064 -0.6767
vn 0.7445 -0.0023 -0.6676
vn 0.7424 -0.0024 -0.6699
vn 0.0953 -0.9868 0.1312
vn -0.1147 0.9808 -0.1578
vn 0.3201 -0.8388 0.4405
vn -0.3265 0.8315 -0.4495
vn 0.4668 -0.6079 0.6424
vn -0.4887 0.5556 -0.6727
vn 0.5554 -0.3273 0.7645
vn -0.5679 0.2581 -0.7816
vn -0.4347 -0.6731 -0.5983
vn 0.4618 0.6188 0.6355
vn -0.3011 -0.8588 -0.4144
vn 0.3265 0.8315 0.4494
vn -0.0895 -0.9883 -0.1232
vn 0.1147 0.9808 0.1579
vn -0.1178 -0.9797 -0.1622
vn -0.8635 -0.0034 0.5043
vn -0.8651 0.0001 0.5016
vn -0.8651 -0.0000 0.5017
vn -0.8676 0.0089 0.4971
vn -0.8711 -0.0064 0.4911
vn -0.8650 -0.0022 0.5017
vn -0.8665 -0.0025 0.4991
vn 0.0953 -0.9868 0.1311
vn 0.3200 -0.8387 0.4405
vn -0.3266 0.8315 -0.4495
vn 0.4667 -0.6079 0.6424
vn -0.4888 0.5555 -0.6726
vn 0.4617 0.6188 0.6355
vn -0.3011 -0.8589 -0.4144
vn -0.0896 -0.9883 -0.1233
vn 0.1147 0.9808 0.1578
vn 0.3342 -0.8227 0.4599
vn -0.8090 -0.0000 -0.5878
vn 0.5749 0.2079 -0.7914
vn 0.4755 0.5878 -0.6545
vn 0.2939 0.8660 -0.4045
vn 0.0615 0.9945 -0.0847
vn -0.1816 0.9511 0.2500
vn -0.3933 0.7432 0.5413
vn -0.5370 0.4068 0.7391
vn -0.5370 -0.4068 0.7391
vn -0.3933 -0.7432 0.5413
vn -0.1816 -0.9511 0.2500
vn 0.0615 -0.9945 -0.0847
vn 0.2939 -0.8660 -0.4045
vn 0.4755 -0.5878 -0.6545
vn 0.5749 -0.2079 -0.7914
vn 0.1523 -0.1859 -0.9707
vn 0.1523 0.1859 -0.9707
vn 0.0634 0.5258 -0.8483
vn -0.0989 0.7746 -0.6247
vn -0.3068 0.8895 -0.3386
vn -0.5244 0.8506 -0.0393
vn -0.7135 0.6648 0.2213
vn -0.8421 0.3638 0.3982
vn -0.8876 0.0000 0.4606
vn -0.8421 -0.3638 0.3982
vn -0.7135 -0.6648 0.2213
vn -0.5244 -0.8506 -0.0393
vn -0.3068 -0.8895 -0.3386
vn -0.0989 -0.7746 -0.6247
vn 0.0634 -0.5258 -0.8483
vn 0.8761 0.1859 -0.4449
vn 0.8761 -0.1859 -0.4449
vn 0.7871 -0.5258 -0.3225
vn 0.6247 -0.7746 -0.0989
vn 0.4168 -0.8895 0.1872
vn 0.1994 -0.8506 0.4866
vn 0.0102 -0.6647 0.7470
vn -0.1183 -0.3637 0.9240
vn -0.1637 0.0000 0.9865
vn -0.1183 0.3637 0.9240
vn 0.0102 0.6647 0.7470
vn 0.1994 0.8506 0.4866
vn 0.4168 0.8895 0.1872
vn 0.6247 0.7746 -0.0989
vn 0.7871 0.5258 -0.3225
vn -0.5857 -0.0657 -0.8079
vn -0.5857 0.0657 -0.8079
vn -0.6171 0.1859 -0.7646
vn -0.6746 0.2739 -0.6855
vn -0.7480 0.3145 -0.5844
vn -0.8249 0.3009 -0.4785
vn -0.8919 0.2350 -0.3864
vn -0.9373 0.1285 -0.3240
vn -0.9533 0.0000 -0.3020
vn -0.9373 -0.1285 -0.3240
vn -0.8919 -0.2350 -0.3864
vn -0.8249 -0.3009 -0.4785
vn -0.7480 -0.3145 -0.5844
vn -0.6746 -0.2739 -0.6855
vn -0.6171 -0.1859 -0.7646
vn 0.9493 0.0656 0.3074
vn 0.9493 -0.0656 0.3074
vn 0.9179 -0.1859 0.3506
vn 0.8604 -0.2739 0.4297
vn 0.7869 -0.3145 0.5309
vn 0.7100 -0.3007 0.6368
vn 0.6432 -0.2350 0.7288
vn 0.5977 -0.1286 0.7913
vn 0.5816 0.0000 0.8135
vn 0.5977 0.1286 0.7913
vn 0.6432 0.2350 0.7288
vn 0.7100 0.3007 0.6367
vn 0.7869 0.3145 0.5309
vn 0.8604 0.2739 0.4297
vn 0.9179 0.1859 0.3506
vn 0.8635 -0.0034 0.5043
vn 0.8651 0.0001 0.5016
vn 0.8651 -0.0000 0.5017
vn 0.8676 0.0089 0.4971
vn 0.8711 -0.0064 0.4911
vn 0.8650 -0.0022 0.5017
vn 0.8665 -0.0025 0.4991
vn -0.0953 -0.9868 0.1311
vn 0.1147 0.9808 -0.1578
vn -0.3200 -0.8387 0.4405
vn 0.3266 0.8315 -0.4495
vn -0.4667 -0.6079 0.6424
vn 0.4888 0.5555 -0.6726
vn -0.5554 -0.3273 0.7645
vn 0.5679 0.2581 -0.7816
vn 0.4347 -0.6731 -0.5983
vn -0.4617 0.6188 0.6355
vn 0.3011 -0.8589 -0.4144
vn -0.3265 0.8315 0.4494
vn 0.0896 -0.9883 -0.1233
vn -0.1147 0.9808 0.1578
vn 0.1178 -0.9797 -0.1622
vn -0.7465 -0.0034 -0.6653
vn -0.7444 0.0000 -0.6677
vn -0.7410 0.0089 -0.6715
vn -0.7362 -0.0064 -0.6767
vn -0.7445 -0.0023 -0.6676
vn -0.7424 -0.0024 -0.6699
vn -0.3201 -0.8388 0.4405
vn 0.3265 0.8315 -0.4495
vn -0.4668 -0.6079 0.6424
vn 0.4887 0.5556 -0.6727
vn -0.4618 0.6189 0.6355
vn 0.3011 -0.8588 -0.4144
vn 0.0895 -0.9883 -0.1232
vn -0.1147 0.9808 0.1579
vn -0.3342 -0.8227 0.4599
vn 0.9303 0.2080 0.3023
vn 0.7695 0.5877 0.2500
vn 0.4754 0.8661 0.1545
vn 0.0995 0.9945 0.0323
vn -0.2939 0.9511 -0.0955
vn -0.6364 0.7432 -0.2068
vn -0.8689 0.4067 -0.2823
vn -0.8689 -0.4067 -0.2823
vn -0.6364 -0.7432 -0.2068
vn -0.2939 -0.9511 -0.0955
vn 0.0996 -0.9945 0.0323
vn 0.4754 -0.8661 0.1545
vn 0.7695 -0.5877 0.2500
vn 0.9303 -0.2080 0.3023
vn 0.9702 -0.1859 -0.1551
vn 0.9702 0.1859 -0.1551
vn 0.8264 0.5257 -0.2018
vn 0.5635 0.7746 -0.2871
vn 0.2272 0.8895 -0.3964
vn -0.1247 0.8505 -0.5109
vn -0.4309 0.6646 -0.6104
vn -0.6389 0.3638 -0.6779
vn -0.7124 0.0000 -0.7017
vn -0.6389 -0.3638 -0.6779
vn -0.4309 -0.6646 -0.6104
vn -0.1247 -0.8505 -0.5109
vn 0.2272 -0.8895 -0.3964
vn 0.5635 -0.7746 -0.2871
vn 0.8264 -0.5257 -0.2018
vn 0.6939 0.1860 0.6957
vn 0.6938 -0.1860 0.6957
vn 0.5500 -0.5257 0.6490
vn 0.2871 -0.7746 0.5635
vn -0.0492 -0.8895 0.4542
vn -0.4011 -0.8506 0.3400
vn -0.7074 -0.6646 0.2405
vn -0.9153 -0.3638 0.1729
vn -0.9888 0.0000 0.1489
vn -0.9153 0.3638 0.1729
vn -0.7074 0.6646 0.2405
vn -0.4011 0.8506 0.3400
vn -0.0492 0.8895 0.4542
vn 0.2871 0.7746 0.5635
vn 0.5499 0.5257 0.6490
vn 0.5874 -0.0658 -0.8066
vn 0.5874 0.0658 -0.8066
vn 0.5365 0.1858 -0.8232
vn 0.4434 0.2738 -0.8534
vn 0.3247 0.3145 -0.8920
vn 0.2001 0.3007 -0.9325
vn 0.0920 0.2351 -0.9676
vn 0.0183 0.1286 -0.9915
vn -0.0076 0.0000 -1.0000
vn 0.0183 -0.1286 -0.9915
vn 0.0920 -0.2351 -0.9676
vn 0.2001 -0.3007 -0.9325
vn 0.3247 -0.3145 -0.8920
vn 0.4434 -0.2738 -0.8534
vn 0.5365 -0.1858 -0.8232
vn 0.0010 0.0657 0.9978
vn 0.0010 -0.0657 0.9978
vn -0.0499 -0.1860 0.9813
vn -0.1427 -0.2738 0.9511
vn -0.2618 -0.3145 0.9124
vn -0.3861 -0.3007 0.8721
vn -0.4944 -0.2350 0.8369
vn -0.5679 -0.1287 0.8130
vn -0.5939 0.0000 0.8045
vn -0.5679 0.1287 0.8130
vn -0.4944 0.2350 0.8369
vn -0.3861 0.3007 0.8721
vn -0.2618 0.3145 0.9124
vn -0.1427 0.2738 0.9511
vn -0.0499 0.1860 0.9813
vn -0.2128 -0.0035 0.9771
vn -0.2099 -0.0001 0.9777
vn -0.2099 -0.0000 0.9777
vn -0.2047 0.0088 0.9788
vn -0.1979 -0.0063 0.9802
vn -0.2099 -0.0023 0.9777
vn -0.2069 -0.0025 0.9784
vn -0.1542 -0.9868 -0.0501
vn 0.1855 0.9808 0.0603
vn -0.5179 -0.8388 -0.1682
vn 0.5284 0.8315 0.1717
vn -0.7551 -0.6080 -0.2454
vn 0.7908 0.5556 0.2569
vn -0.8987 -0.3272 -0.2920
vn 0.9188 0.2581 0.2986
vn 0.7033 -0.6731 0.2286
vn -0.7471 0.6188 -0.2428
vn 0.4872 -0.8588 0.1583
vn -0.5283 0.8315 -0.1717
vn 0.1449 -0.9883 0.0471
vn -0.1856 0.9808 -0.0603
vn 0.1906 -0.9797 0.0619
vn 0.4021 -0.0035 -0.9156
vn 0.4049 -0.0000 -0.9144
vn 0.4049 0.0001 -0.9144
vn 0.4099 0.0089 -0.9121
vn 0.4161 -0.0064 -0.9093
vn 0.4049 -0.0022 -0.9143
vn 0.4077 -0.0025 -0.9131
vn -0.5178 -0.8388 -0.1683
vn -0.7551 -0.6079 -0.2454
vn 0.7908 0.5555 0.2570
vn 0.9188 0.2582 0.2986
vn 0.7033 -0.6731 0.2285
vn -0.7470 0.6189 -0.2427
vn -0.5284 0.8315 -0.1717
vn -0.5407 -0.8227 -0.1757
vn 0.0000 -0.3256 0.9455
vn -0.0000 0.3256 -0.9455
vn 0.0000 -0.6293 0.7772
vn -0.0000 0.6293 -0.7772
vn 0.0000 -0.8481 0.5299
vn -0.0000 0.8481 -0.5299
vn -0.0000 -0.9703 0.2419
vn 0.0000 0.9703 -0.2419
vn 0.0000 -0.0000 1.0000
vn 0.0000 -0.9897 -0.1429
vn 0.0000 0.9926 0.1218
vn 0.0000 -0.9455 -0.3256
vn 0.0000 0.9455 0.3256
vn 0.0000 -0.8671 -0.4981
vn 0.0000 0.8589 0.5121
vn 0.0000 -0.6294 0.7771
vn 0.0000 -0.7771 -0.6293
vn 0.0000 0.7772 0.6293
vn 0.0000 -0.6503 -0.7597
vn 0.0000 0.6363 0.7715
vn 0.0000 -0.8480 0.5299
vn 0.0000 -0.5299 -0.8481
vn 0.0000 0.5299 0.8481
vn 0.0000 0.8480 -0.5299
vn 0.0000 -0.3746 -0.9272
vn 0.0000 0.3571 0.9340
vn 0.0000 -0.2419 -0.9703
vn 0.0000 0.2419 0.9703
vn 0.0000 -0.0025 -1.0000
vn 0.0000 -0.0796 0.9968
vn -0.1737 0.9848 0.0000
vn -0.5000 0.8660 0.0000
vn -0.7660 0.6428 0.0000
vn -0.9397 0.3420 0.0000
vn -0.9397 -0.3420 0.0000
vn -0.7661 -0.6427 0.0000
vn -0.5000 -0.8660 0.0000
vn -0.1737 -0.9848 0.0000
vn 0.1736 -0.9848 0.0000
vn 0.4999 -0.8661 0.0000
vn 0.7660 -0.6428 0.0000
vn 0.9397 -0.3420 0.0000
vn 0.9397 0.3420 0.0000
vn 0.7660 0.6428 0.0000
vn 0.5000 0.8660 0.0000
vn 0.1736 0.9848 0.0000
vn -1.0000 0.0045 0.0000
vn -0.2519 0.4363 -0.8638
vn 0.4963 0.8681 0.0000
vn -0.2519 0.4363 0.8638
vn -0.7689 -0.6393 0.0000
vn -0.4735 0.1723 -0.8638
vn -0.1779 0.9840 0.0000
vn -0.4735 0.1723 0.8638
vn -0.1779 -0.9840 0.0000
vn -0.4735 -0.1723 -0.8638
vn -0.7689 0.6393 0.0000
vn -0.4735 -0.1723 0.8638
vn 0.4963 -0.8681 0.0000
vn -0.2519 -0.4364 -0.8638
vn -1.0000 -0.0045 0.0000
vn -0.2519 -0.4364 0.8638
vn 0.0875 -0.4962 -0.8638
vn -0.7631 -0.6463 0.0000
vn 0.0875 -0.4962 0.8638
vn 0.9382 -0.3462 0.0000
vn 0.3860 -0.3239 -0.8638
vn -0.1691 -0.9856 0.0000
vn 0.3860 -0.3239 0.8638
vn 0.9412 0.3378 0.0000
vn 0.5039 0.0000 -0.8638
vn 0.5036 -0.8639 0.0000
vn 0.5039 0.0000 0.8638
vn 0.5039 0.8638 0.0000
vn 0.3860 0.3239 -0.8638
vn 0.9412 -0.3378 0.0000
vn 0.3860 0.3239 0.8638
vn -0.1694 0.9855 0.0000
vn 0.0875 0.4962 -0.8638
vn 0.9382 0.3462 0.0000
vn 0.0875 0.4962 0.8638
vn -0.7631 0.6463 0.0000
vn -0.1741 0.9847 0.0000
vn 0.1741 0.9847 0.0000
vn 0.4998 0.8662 0.0000
vn 0.7662 0.6426 0.0000
vn 0.9397 0.3421 0.0000
vn 0.9397 -0.3419 0.0000
vn 0.5001 -0.8660 0.0000
vn -0.1736 -0.9848 0.0000
vn -0.5001 -0.8660 0.0000
vn -0.7660 -0.6428 0.0000
vn -0.9397 -0.3419 0.0000
vn -0.9397 0.3421 0.0000
vn -0.7662 0.6426 0.0000
vn -0.4998 0.8662 0.0000
vn 0.7071 -0.7071 -0.0000
vn -0.7071 -0.7071 -0.0000
vn 0.0000 -0.7071 0.7071
vn 0.7071 0.0000 -0.7071
vn 0.0000 0.7071 -0.7071
vn -0.7071 0.0000 -0.7071
vn 0.7071 0.0000 0.7071
vn -0.7071 0.0000 0.7071
vn 0.0000 0.7071 0.7071
vn 0.7071 0.7071 0.0000
vn -0.7071 0.7071 0.0000
vn -0.9209 0.3865 0.0502
vn -0.9212 0.3602 0.1472
vn -0.9216 0.3095 0.2344
vn -0.9221 0.2377 0.3055
vn -0.9225 0.1493 0.3560
vn -0.9227 0.0510 0.3820
vn -0.9227 -0.0510 0.3821
vn -0.9225 -0.1493 0.3560
vn -0.9221 -0.2377 0.3055
vn -0.9216 -0.3095 0.2344
vn -0.9212 -0.3602 0.1472
vn -0.9209 -0.3864 0.0502
vn -0.9209 -0.3865 -0.0502
vn -0.9212 -0.3602 -0.1472
vn -0.9216 -0.3094 -0.2344
vn -0.9221 -0.2377 -0.3055
vn -0.9225 -0.1494 -0.3560
vn -0.9227 -0.0509 -0.3821
vn -0.9227 0.0509 -0.3821
vn -0.9225 0.1494 -0.3560
vn -0.9221 0.2377 -0.3055
vn -0.9216 0.3094 -0.2344
vn -0.9212 0.3602 -0.1472
vn -0.9209 0.3865 -0.0502
vn -0.7869 0.6120 0.0795
vn -0.7874 0.5706 0.2333
vn -0.7883 0.4906 0.3714
vn -0.7893 0.3769 0.4847
vn -0.7901 0.2372 0.5651
vn -0.7907 0.0810 0.6068
vn -0.7907 -0.0810 0.6068
vn -0.7901 -0.2372 0.5651
vn -0.7893 -0.3769 0.4847
vn -0.7883 -0.4906 0.3714
vn -0.7874 -0.5706 0.2333
vn -0.7869 -0.6120 0.0795
vn -0.7869 -0.6120 -0.0795
vn -0.7874 -0.5707 -0.2333
vn -0.7882 -0.4906 -0.3715
vn -0.7893 -0.3769 -0.4847
vn -0.7901 -0.2372 -0.5651
vn -0.7907 -0.0810 -0.6068
vn -0.7907 0.0810 -0.6068
vn -0.7901 0.2372 -0.5651
vn -0.7893 0.3769 -0.4847
vn -0.7883 0.4906 -0.3715
vn -0.7874 0.5707 -0.2333
vn -0.7869 0.6119 -0.0795
vn -0.6005 0.7929 0.1030
vn -0.6012 0.7397 0.3024
vn -0.6023 0.6364 0.4819
vn -0.6036 0.4894 0.6294
vn -0.6048 0.3083 0.7343
vn -0.6054 0.1053 0.7889
vn -0.6054 -0.1053 0.7889
vn -0.6048 -0.3083 0.7343
vn -0.6036 -0.4894 0.6294
vn -0.6023 -0.6364 0.4819
vn -0.6012 -0.7397 0.3023
vn -0.6005 -0.7929 0.1030
vn -0.6005 -0.7929 -0.1030
vn -0.6012 -0.7397 -0.3023
vn -0.6024 -0.6364 -0.4819
vn -0.6036 -0.4894 -0.6294
vn -0.6048 -0.3083 -0.7343
vn -0.6054 -0.1053 -0.7889
vn -0.6054 0.1053 -0.7889
vn -0.6048 0.3083 -0.7343
vn -0.6036 0.4894 -0.6294
vn -0.6023 0.6364 -0.4819
vn -0.6012 0.7397 -0.3024
vn -0.6005 0.7929 -0.1030
vn -0.3756 0.9191 0.1194
vn -0.3761 0.8577 0.3505
vn -0.3772 0.7383 0.5592
vn -0.3783 0.5682 0.7308
vn -0.3793 0.3582 0.8531
vn -0.3799 0.1223 0.9169
vn -0.3799 -0.1223 0.9169
vn -0.3793 -0.3582 0.8531
vn -0.3783 -0.5682 0.7307
vn -0.3771 -0.7383 0.5592
vn -0.3761 -0.8577 0.3505
vn -0.3756 -0.9191 0.1194
vn -0.3756 -0.9190 -0.1194
vn -0.3762 -0.8577 -0.3506
vn -0.3771 -0.7383 -0.5592
vn -0.3783 -0.5682 -0.7307
vn -0.3793 -0.3582 -0.8531
vn -0.3799 -0.1223 -0.9169
vn -0.3799 0.1223 -0.9169
vn -0.3793 0.3582 -0.8531
vn -0.3783 0.5682 -0.7308
vn -0.3772 0.7383 -0.5592
vn -0.3762 0.8577 -0.3506
vn -0.3756 0.9190 -0.1194
vn -0.1278 0.9835 0.1278
vn -0.1280 0.9181 0.3752
vn -0.1284 0.7906 0.5987
vn -0.1288 0.6087 0.7829
vn -0.1292 0.3839 0.9143
vn -0.1294 0.1311 0.9829
vn -0.1294 -0.1311 0.9829
vn -0.1291 -0.3839 0.9143
vn -0.1288 -0.6087 0.7829
vn -0.1284 -0.7906 0.5987
vn -0.1280 -0.9181 0.3752
vn -0.1278 -0.9835 0.1278
vn -0.1278 -0.9835 -0.1278
vn -0.1280 -0.9180 -0.3753
vn -0.1284 -0.7906 -0.5987
vn -0.1288 -0.6087 -0.7829
vn -0.1291 -0.3839 -0.9143
vn -0.1294 -0.1311 -0.9829
vn -0.1294 0.1311 -0.9829
vn -0.1291 0.3839 -0.9143
vn -0.1288 0.6087 -0.7829
vn -0.1284 0.7906 -0.5987
vn -0.1280 0.9180 -0.3753
vn -0.1278 0.9835 -0.1278
vn 0.1278 0.9835 0.1278
vn 0.1280 0.9181 0.3752
vn 0.1284 0.7906 0.5987
vn 0.1288 0.6087 0.7829
vn 0.1292 0.3839 0.9143
vn 0.1294 0.1311 0.9829
vn 0.1294 -0.1311 0.9829
vn 0.1291 -0.3839 0.9143
vn 0.1288 -0.6087 0.7829
vn 0.1284 -0.7906 0.5987
vn 0.1280 -0.9181 0.3752
vn 0.1278 -0.9835 0.1278
vn 0.1278 -0.9835 -0.1278
vn 0.1280 -0.9180 -0.3753
vn 0.1284 -0.7906 -0.5987
vn 0.1288 -0.6087 -0.7829
vn 0.1291 -0.3839 -0.9143
vn 0.1294 -0.1311 -0.9829
vn 0.1294 0.1311 -0.9829
vn 0.1291 0.3839 -0.9143
vn 0.1288 0.6087 -0.7829
vn 0.1284 0.7906 -0.5987
vn 0.1280 0.9180 -0.3753
vn 0.1278 0.9835 -0.1278
vn 0.3756 0.9191 0.1194
vn 0.3761 0.8577 0.3505
vn 0.3772 0.7383 0.5592
vn 0.3783 0.5682 0.7308
vn 0.3793 0.3582 0.8531
vn 0.3799 0.1223 0.9169
vn 0.3799 -0.1223 0.9169
vn 0.3793 -0.3582 0.8531
vn 0.3783 -0.5682 0.7307
vn 0.3771 -0.7383 0.5592
vn 0.3761 -0.8577 0.3505
vn 0.3756 -0.9190 0.1194
vn 0.3756 -0.9190 -0.1194
vn 0.3762 -0.8577 -0.3506
vn 0.3771 -0.7383 -0.5592
vn 0.3783 -0.5682 -0.7307
vn 0.3793 -0.3582 -0.8531
vn 0.3799 -0.1223 -0.9169
vn 0.3799 0.1223 -0.9169
vn 0.3793 0.3582 -0.8531
vn 0.3783 0.5682 -0.7308
vn 0.3772 0.7383 -0.5592
vn 0.3762 0.8577 -0.3506
vn 0.3756 0.9190 -0.1194
vn 0.6004 0.7930 0.1030
vn 0.6011 0.7398 0.3024
vn 0.6022 0.6364 0.4820
vn 0.6035 0.4894 0.6295
vn 0.6047 0.3083 0.7344
vn 0.6053 0.1053 0.7890
vn 0.6053 -0.1053 0.7890
vn 0.6047 -0.3083 0.7344
vn 0.6035 -0.4894 0.6295
vn 0.6022 -0.6364 0.4820
vn 0.6011 -0.7398 0.3024
vn 0.6004 -0.7930 0.1030
vn 0.6004 -0.7930 -0.1030
vn 0.6011 -0.7398 -0.3024
vn 0.6022 -0.6364 -0.4820
vn 0.6035 -0.4894 -0.6295
vn 0.6047 -0.3083 -0.7344
vn 0.6053 -0.1053 -0.7890
vn 0.6053 0.1053 -0.7890
vn 0.6047 0.3083 -0.7344
vn 0.6035 0.4894 -0.6295
vn 0.6022 0.6364 -0.4820
vn 0.6011 0.7398 -0.3024
vn 0.6004 0.7930 -0.1030
vn 0.7869 0.6119 0.0795
vn 0.7874 0.5706 0.2333
vn 0.7883 0.4906 0.3714
vn 0.7893 0.3769 0.4847
vn 0.7901 0.2372 0.5651
vn 0.7907 0.0810 0.6068
vn 0.7907 -0.0810 0.6068
vn 0.7902 -0.2372 0.5651
vn 0.7893 -0.3769 0.4847
vn 0.7883 -0.4906 0.3714
vn 0.7874 -0.5706 0.2333
vn 0.7869 -0.6120 0.0795
vn 0.7869 -0.6120 -0.0795
vn 0.7874 -0.5707 -0.2333
vn 0.7883 -0.4906 -0.3715
vn 0.7893 -0.3769 -0.4847
vn 0.7901 -0.2372 -0.5651
vn 0.7907 -0.0810 -0.6068
vn 0.7907 0.0810 -0.6068
vn 0.7901 0.2372 -0.5651
vn 0.7893 0.3769 -0.4847
vn 0.7883 0.4906 -0.3715
vn 0.7874 0.5706 -0.2333
vn 0.7869 0.6119 -0.0795
vn 0.9209 0.3865 0.0502
vn 0.9212 0.3602 0.1472
vn 0.9216 0.3095 0.2344
vn 0.9221 0.2377 0.3055
vn 0.9225 0.1493 0.3560
vn 0.9227 0.0510 0.3820
vn 0.9227 -0.0510 0.3821
vn 0.9225 -0.1493 0.3560
vn 0.9221 -0.2377 0.3055
vn 0.9216 -0.3094 0.2344
vn 0.9212 -0.3602 0.1472
vn 0.9209 -0.3864 0.0502
vn 0.9209 -0.3865 -0.0502
vn 0.9212 -0.3602 -0.1472
vn 0.9216 -0.3094 -0.2344
vn 0.9221 -0.2377 -0.3055
vn 0.9225 -0.1494 -0.3560
vn 0.9227 -0.0509 -0.3821
vn 0.9227 0.0509 -0.3821
vn 0.9225 0.1494 -0.3560
vn 0.9221 0.2377 -0.3055
vn 0.9216 0.3094 -0.2344
vn 0.9212 0.3602 -0.1472
vn 0.9209 0.3865 -0.0502
vn 0.9911 0.1322 0.0172
vn 0.9911 0.1232 0.0503
vn 0.9912 0.1057 0.0801
vn 0.9912 0.0812 0.1044
vn 0.9913 0.0509 0.1216
vn 0.9913 0.0175 0.1305
vn 0.9913 -0.0175 0.1305
vn 0.9913 -0.0509 0.1216
vn 0.9912 -0.0812 0.1044
vn 0.9912 -0.1057 0.0801
vn 0.9911 -0.1232 0.0503
vn 0.9911 -0.1322 0.0172
vn 0.9911 -0.1322 -0.0172
vn 0.9911 -0.1232 -0.0503
vn 0.9912 -0.1057 -0.0801
vn 0.9912 -0.0812 -0.1044
vn 0.9913 -0.0510 -0.1215
vn 0.9913 -0.0173 -0.1305
vn 0.9913 0.0173 -0.1305
vn 0.9913 0.0510 -0.1215
vn 0.9912 0.0812 -0.1044
vn 0.9912 0.1058 -0.0801
vn 0.9911 0.1232 -0.0503
vn 0.9911 0.1322 -0.0172
vn 0.0000 0.9917 0.1289
vn 0.0000 0.9258 0.3780
vn 0.0000 0.7970 0.6040
vn 0.0000 0.6142 0.7892
vn 0.0000 0.3864 0.9223
vn 0.0000 0.1326 0.9912
vn 0.0000 -0.1326 0.9912
vn 0.0000 -0.3864 0.9223
vn 0.0000 -0.6142 0.7892
vn 0.0000 -0.7970 0.6040
vn 0.0000 -0.9258 0.3780
vn 0.0000 -0.9917 0.1289
vn 0.0000 -0.9917 -0.1289
vn 0.0000 -0.9258 -0.3780
vn 0.0000 -0.7970 -0.6040
vn 0.0000 -0.6142 -0.7892
vn 0.0000 -0.3872 -0.9220
vn 0.0000 -0.1315 -0.9913
vn 0.0000 0.1315 -0.9913
vn 0.0000 0.3872 -0.9220
vn 0.0000 0.6142 -0.7892
vn 0.0000 0.7970 -0.6040
vn 0.0000 0.9258 -0.3780
vn 0.0000 0.9917 -0.1289
vn 0.0044 -0.9990 -0.0437
vn 0.0238 -0.9986 -0.0481
vn 0.0028 -0.9999 0.0118
vn 0.0188 -0.9998 0.0090
vn 0.0023 -1.0000 0.0073
vn 0.0172 -0.9998 0.0060
vn 0.0021 -1.0000 0.0010
vn 0.0166 -0.9999 0.0007
vn 0.0601 -0.9982 0.0025
vn 0.1614 -0.9869 -0.0039
vn 0.0594 -0.9982 -0.0000
vn 0.1634 -0.9866 -0.0011
vn 0.1432 -0.9882 -0.0538
vn 0.1567 -0.9876 -0.0121
vn 0.0676 -0.9962 -0.0550
vn 0.0619 -0.9981 0.0015
vn -0.0044 -0.9990 -0.0437
vn -0.0028 -0.9999 0.0118
vn -0.0238 -0.9986 -0.0481
vn -0.0188 -0.9998 0.0090
vn -0.1431 -0.9882 -0.0537
vn -0.0676 -0.9962 -0.0549
vn -0.1566 -0.9876 -0.0120
vn -0.0619 -0.9981 0.0016
vn -0.0601 -0.9982 0.0025
vn -0.0594 -0.9982 -0.0000
vn -0.1611 -0.9869 -0.0039
vn -0.1632 -0.9866 -0.0011
vn -0.0023 -1.0000 0.0073
vn -0.0021 -1.0000 0.0010
vn -0.0172 -0.9998 0.0060
vn -0.0166 -0.9999 0.0007
vn -0.0021 -1.0000 -0.0015
vn -0.0023 -0.9999 -0.0113
vn -0.0166 -0.9999 -0.0012
vn -0.0172 -0.9998 -0.0099
vn -0.0594 -0.9982 -0.0005
vn -0.0602 -0.9982 -0.0061
vn -0.1632 -0.9866 0.0006
vn -0.1613 -0.9869 0.0006
vn -0.0622 -0.9980 -0.0120
vn -0.0681 -0.9969 0.0404
vn -0.1570 -0.9876 0.0024
vn -0.1437 -0.9888 0.0395
vn -0.0027 -0.9997 -0.0232
vn -0.0046 -0.9996 0.0289
vn -0.0187 -0.9996 -0.0201
vn -0.0242 -0.9991 0.0334
vn 0.0021 -1.0000 -0.0015
vn 0.0166 -0.9999 -0.0012
vn 0.0023 -0.9999 -0.0113
vn 0.0172 -0.9998 -0.0099
vn 0.0027 -0.9997 -0.0232
vn 0.0187 -0.9996 -0.0201
vn 0.0046 -0.9996 0.0289
vn 0.0242 -0.9991 0.0334
vn 0.0623 -0.9980 -0.0120
vn 0.1571 -0.9876 0.0025
vn 0.0682 -0.9969 0.0405
vn 0.1438 -0.9888 0.0397
vn 0.0595 -0.9982 -0.0005
vn 0.1634 -0.9866 0.0006
vn 0.0603 -0.9982 -0.0061
vn 0.1615 -0.9869 0.0006
vn 0.0100 -0.9715 -0.2368
vn 0.0196 -0.8393 -0.5432
vn 0.0417 -0.9694 -0.2421
vn 0.0725 -0.8355 -0.5447
vn 0.2098 -0.9416 -0.2634
vn 0.1015 -0.9633 -0.2485
vn 0.3376 -0.8145 -0.4718
vn 0.1644 -0.8305 -0.5323
vn 0.2239 -0.5515 -0.8036
vn 0.2500 -0.2600 -0.9327
vn 0.4682 -0.5255 -0.7104
vn 0.5232 -0.2205 -0.8232
vn 0.0281 -0.5662 -0.8238
vn 0.0318 -0.2737 -0.9613
vn 0.1007 -0.5607 -0.8218
vn 0.1132 -0.2704 -0.9561
vn -0.0100 -0.9715 -0.2368
vn -0.0417 -0.9694 -0.2420
vn -0.0196 -0.8393 -0.5432
vn -0.0725 -0.8355 -0.5447
vn -0.0281 -0.5662 -0.8238
vn -0.1007 -0.5607 -0.8218
vn -0.0318 -0.2737 -0.9613
vn -0.1132 -0.2704 -0.9561
vn -0.2239 -0.5515 -0.8036
vn -0.4682 -0.5255 -0.7104
vn -0.2500 -0.2600 -0.9327
vn -0.5232 -0.2205 -0.8232
vn -0.2097 -0.9416 -0.2633
vn -0.3376 -0.8145 -0.4718
vn -0.1014 -0.9633 -0.2484
vn -0.1644 -0.8305 -0.5322
vn -0.3489 -0.9274 -0.1350
vn -0.3499 -0.9356 -0.0469
vn -0.5454 -0.7888 -0.2835
vn -0.6239 -0.7730 -0.1150
vn -0.7663 -0.4562 -0.4524
vn -0.8939 -0.4011 -0.2004
vn -0.8419 -0.1353 -0.5225
vn -0.9684 -0.0755 -0.2376
vn -0.9196 -0.3877 -0.0641
vn -0.9221 -0.3868 -0.0085
vn -0.9953 -0.0565 -0.0783
vn -0.9986 -0.0527 -0.0105
vn -0.3676 -0.9300 -0.0024
vn -0.6498 -0.7601 -0.0048
vn -0.3612 -0.9324 -0.0152
vn -0.6454 -0.7630 -0.0356
vn -0.3675 -0.9300 0.0020
vn -0.3610 -0.9325 0.0121
vn -0.6498 -0.7601 0.0044
vn -0.6453 -0.7632 0.0331
vn -0.9225 -0.3860 0.0085
vn -0.9210 -0.3843 0.0638
vn -0.9986 -0.0517 0.0107
vn -0.9955 -0.0516 0.0795
vn -0.8983 -0.3894 0.2036
vn -0.7752 -0.4216 0.4704
vn -0.9676 -0.0594 0.2452
vn -0.8357 -0.0931 0.5413
vn -0.3485 -0.9291 0.1236
vn -0.5485 -0.7875 0.2810
vn -0.3494 -0.9362 0.0382
vn -0.6246 -0.7732 0.1095
vn 0.0104 -0.9738 0.2271
vn 0.0428 -0.9719 0.2315
vn 0.0202 -0.8355 0.5492
vn 0.0746 -0.8315 0.5505
vn 0.0296 -0.4948 0.8685
vn 0.1058 -0.4871 0.8669
vn 0.0323 -0.1759 0.9839
vn 0.1148 -0.1723 0.9783
vn 0.4798 -0.4615 0.7462
vn 0.5181 -0.1422 0.8434
vn 0.2334 -0.4770 0.8474
vn 0.2513 -0.1650 0.9537
vn 0.2104 -0.9445 0.2524
vn 0.3421 -0.8106 0.4754
vn 0.1027 -0.9660 0.2373
vn 0.1682 -0.8262 0.5376
vn -0.0104 -0.9738 0.2271
vn -0.0202 -0.8355 0.5492
vn -0.0428 -0.9719 0.2315
vn -0.0746 -0.8315 0.5505
vn -0.2103 -0.9445 0.2523
vn -0.1027 -0.9660 0.2372
vn -0.3421 -0.8106 0.4753
vn -0.1682 -0.8263 0.5376
vn -0.4798 -0.4615 0.7461
vn -0.2334 -0.4770 0.8474
vn -0.5181 -0.1422 0.8434
vn -0.2513 -0.1650 0.9537
vn -0.0296 -0.4948 0.8685
vn -0.0323 -0.1759 0.9839
vn -0.1058 -0.4871 0.8669
vn -0.1148 -0.1723 0.9783
vn 0.3490 -0.9273 -0.1351
vn 0.5454 -0.7888 -0.2835
vn 0.3501 -0.9355 -0.0470
vn 0.6239 -0.7730 -0.1150
vn 0.3679 -0.9299 -0.0024
vn 0.3615 -0.9322 -0.0153
vn 0.6499 -0.7600 -0.0048
vn 0.6455 -0.7629 -0.0356
vn 0.9196 -0.3877 -0.0641
vn 0.9953 -0.0565 -0.0784
vn 0.9221 -0.3869 -0.0085
vn 0.9986 -0.0527 -0.0105
vn 0.7663 -0.4562 -0.4524
vn 0.8419 -0.1353 -0.5225
vn 0.8939 -0.4010 -0.2004
vn 0.9684 -0.0755 -0.2376
vn 0.3679 -0.9299 0.0020
vn 0.6499 -0.7600 0.0044
vn 0.3613 -0.9324 0.0122
vn 0.6454 -0.7631 0.0331
vn 0.3487 -0.9290 0.1237
vn 0.3497 -0.9361 0.0383
vn 0.5486 -0.7875 0.2810
vn 0.6247 -0.7731 0.1096
vn 0.8983 -0.3893 0.2036
vn 0.9676 -0.0594 0.2452
vn 0.7752 -0.4216 0.4704
vn 0.8357 -0.0931 0.5413
vn 0.9224 -0.3861 0.0085
vn 0.9986 -0.0517 0.0107
vn 0.9210 -0.3843 0.0638
vn 0.9955 -0.0517 0.0795
vn 0.0014 0.0262 -0.9997
vn 0.0015 0.0520 -0.9986
vn 0.0101 0.0269 -0.9996
vn 0.0114 0.0516 -0.9986
vn 0.0834 0.0405 -0.9957
vn 0.0319 0.0304 -0.9990
vn 0.1070 0.0454 -0.9932
vn 0.0392 0.0503 -0.9980
vn 0.0443 -0.0117 -0.9989
vn 0.0459 -0.0756 -0.9961
vn 0.1184 -0.0100 -0.9929
vn 0.1218 -0.0639 -0.9905
vn 0.0016 -0.0119 -0.9999
vn 0.0017 -0.0818 -0.9966
vn 0.0125 -0.0119 -0.9999
vn 0.0131 -0.0805 -0.9967
vn 0.0020 -0.1056 -0.9944
vn 0.0024 -0.1128 -0.9936
vn 0.0141 -0.1035 -0.9945
vn 0.0155 -0.1105 -0.9938
vn 0.0467 -0.0967 -0.9942
vn 0.0471 -0.1026 -0.9936
vn 0.1193 -0.0824 -0.9894
vn 0.1132 -0.0865 -0.9898
vn 0.0466 -0.1002 -0.9939
vn 0.0482 -0.0530 -0.9974
vn 0.1051 -0.0822 -0.9911
vn 0.0916 -0.0503 -0.9945
vn 0.0022 -0.1109 -0.9938
vn 0.0022 -0.0615 -0.9981
vn 0.0162 -0.1089 -0.9939
vn 0.0188 -0.0592 -0.9981
vn 0.0014 -0.1550 -0.9879
vn 0.0141 -0.1538 -0.9880
vn 0.0025 -0.5118 -0.8591
vn 0.0302 -0.5137 -0.8575
vn 0.0047 -0.8446 -0.5353
vn 0.0496 -0.8464 -0.5302
vn 0.0059 -0.9773 -0.2116
vn 0.0583 -0.9762 -0.2090
vn 0.1673 -0.8357 -0.5230
vn 0.4513 -0.7286 -0.5152
vn 0.1912 -0.9608 -0.2010
vn 0.5062 -0.8455 -0.1698
vn 0.1433 -0.1698 -0.9750
vn 0.2980 -0.4371 -0.8486
vn 0.0475 -0.1531 -0.9871
vn 0.1068 -0.5066 -0.8555
vn 0.2771 -0.0346 -0.9602
vn 0.2584 0.0200 -0.9658
vn 0.4946 -0.1975 -0.8464
vn 0.5176 -0.0484 -0.8543
vn 0.7709 -0.4110 -0.4867
vn 0.8652 -0.1638 -0.4740
vn 0.8591 -0.5005 -0.1064
vn 0.9724 -0.2216 -0.0735
vn 0.8742 -0.0132 -0.4853
vn 0.8634 0.0821 -0.4978
vn 0.9970 -0.0178 -0.0752
vn 0.9870 0.1336 -0.0896
vn 0.2665 -0.0408 -0.9630
vn 0.5121 0.0026 -0.8589
vn 0.2629 -0.0063 -0.9648
vn 0.5153 -0.0060 -0.8570
vn 0.2607 -0.0550 -0.9639
vn 0.2479 -0.0538 -0.9673
vn 0.5049 -0.0005 -0.8632
vn 0.4920 0.0152 -0.8705
vn 0.8564 0.1051 -0.5056
vn 0.8452 0.1477 -0.5136
vn 0.9797 0.1755 -0.0969
vn 0.9672 0.2313 -0.1051
vn 0.8108 0.2667 -0.5211
vn 0.6771 0.5107 -0.5298
vn 0.9209 0.3708 -0.1206
vn 0.7557 0.6379 -0.1482
vn 0.2396 0.0427 -0.9699
vn 0.4180 0.2253 -0.8801
vn 0.2361 -0.0335 -0.9711
vn 0.4719 0.0744 -0.8785
vn 0.0075 0.1115 -0.9937
vn 0.0235 0.4546 -0.8904
vn 0.0387 0.1158 -0.9925
vn 0.0878 0.4559 -0.8857
vn 0.1466 0.1419 -0.9790
vn 0.0801 0.1225 -0.9892
vn 0.2717 0.3928 -0.8786
vn 0.1571 0.4432 -0.8825
vn 0.4215 0.7398 -0.5245
vn 0.2435 0.8198 -0.5183
vn 0.4614 0.8708 -0.1698
vn 0.2663 0.9475 -0.1772
vn 0.0434 0.8456 -0.5320
vn 0.0504 0.9810 -0.1873
vn 0.1444 0.8398 -0.5233
vn 0.1614 0.9699 -0.1825
vn -0.0014 0.0262 -0.9997
vn -0.0101 0.0269 -0.9996
vn -0.0015 0.0520 -0.9986
vn -0.0114 0.0516 -0.9986
vn -0.0836 0.0403 -0.9957
vn -0.1074 0.0452 -0.9932
vn -0.0319 0.0303 -0.9990
vn -0.0392 0.0501 -0.9980
vn -0.0444 -0.0118 -0.9989
vn -0.1190 -0.0101 -0.9928
vn -0.0461 -0.0756 -0.9961
vn -0.1226 -0.0638 -0.9904
vn -0.0016 -0.0119 -0.9999
vn -0.0125 -0.0119 -0.9999
vn -0.0017 -0.0818 -0.9966
vn -0.0131 -0.0805 -0.9967
vn -0.0020 -0.1056 -0.9944
vn -0.0141 -0.1035 -0.9945
vn -0.0024 -0.1128 -0.9936
vn -0.0155 -0.1105 -0.9938
vn -0.0468 -0.0967 -0.9942
vn -0.1200 -0.0822 -0.9894
vn -0.0472 -0.1026 -0.9936
vn -0.1138 -0.0863 -0.9897
vn -0.0467 -0.1001 -0.9939
vn -0.1056 -0.0819 -0.9910
vn -0.0483 -0.0528 -0.9974
vn -0.0919 -0.0499 -0.9945
vn -0.0022 -0.1109 -0.9938
vn -0.0162 -0.1088 -0.9939
vn -0.0022 -0.0615 -0.9981
vn -0.0188 -0.0592 -0.9981
vn -0.0014 -0.1550 -0.9879
vn -0.0025 -0.5118 -0.8591
vn -0.0141 -0.1538 -0.9880
vn -0.0302 -0.5137 -0.8574
vn -0.0047 -0.8446 -0.5353
vn -0.0059 -0.9773 -0.2116
vn -0.0496 -0.8464 -0.5302
vn -0.0583 -0.9762 -0.2090
vn -0.1673 -0.8357 -0.5230
vn -0.1912 -0.9608 -0.2010
vn -0.4513 -0.7286 -0.5152
vn -0.5062 -0.8455 -0.1698
vn -0.1434 -0.1700 -0.9749
vn -0.0476 -0.1532 -0.9871
vn -0.2980 -0.4371 -0.8486
vn -0.1068 -0.5067 -0.8555
vn -0.2775 -0.0349 -0.9601
vn -0.4947 -0.1976 -0.8463
vn -0.2590 0.0197 -0.9657
vn -0.5178 -0.0485 -0.8541
vn -0.7709 -0.4110 -0.4867
vn -0.8591 -0.5005 -0.1065
vn -0.8652 -0.1638 -0.4740
vn -0.9724 -0.2216 -0.0736
vn -0.8742 -0.0132 -0.4854
vn -0.9970 -0.0179 -0.0752
vn -0.8633 0.0821 -0.4979
vn -0.9870 0.1336 -0.0896
vn -0.2675 -0.0406 -0.9627
vn -0.2638 -0.0063 -0.9645
vn -0.5125 0.0026 -0.8587
vn -0.5157 -0.0060 -0.8568
vn -0.2616 -0.0548 -0.9636
vn -0.5052 -0.0004 -0.8630
vn -0.2488 -0.0535 -0.9671
vn -0.4923 0.0153 -0.8703
vn -0.8564 0.1051 -0.5056
vn -0.9797 0.1755 -0.0969
vn -0.8452 0.1477 -0.5136
vn -0.9672 0.2313 -0.1051
vn -0.8108 0.2667 -0.5211
vn -0.9209 0.3708 -0.1206
vn -0.6771 0.5107 -0.5298
vn -0.7557 0.6379 -0.1482
vn -0.2400 0.0431 -0.9698
vn -0.2367 -0.0331 -0.9710
vn -0.4181 0.2254 -0.8800
vn -0.4721 0.0745 -0.8784
vn -0.0075 0.1115 -0.9937
vn -0.0387 0.1159 -0.9925
vn -0.0235 0.4546 -0.8904
vn -0.0878 0.4560 -0.8857
vn -0.1468 0.1422 -0.9789
vn -0.2717 0.3928 -0.8785
vn -0.0801 0.1227 -0.9892
vn -0.1571 0.4433 -0.8825
vn -0.4215 0.7398 -0.5245
vn -0.4614 0.8708 -0.1698
vn -0.2435 0.8198 -0.5184
vn -0.2663 0.9475 -0.1772
vn -0.0434 0.8456 -0.5320
vn -0.1444 0.8398 -0.5233
vn -0.0504 0.9810 -0.1873
vn -0.1614 0.9699 -0.1824
vn -0.0000 -1.0000 0.0018
vn -0.0005 -1.0000 0.0014
vn -0.0010 -0.9999 0.0111
vn -0.0055 -0.9999 0.0094
vn -0.0006 -0.9994 0.0359
vn 0.0004 -0.9994 0.0354
vn -0.0052 -0.9996 0.0284
vn -0.0008 -0.9997 0.0264
vn 0.0009 -0.9993 0.0368
vn -0.0009 -0.9993 0.0368
vn 0.0072 -0.9995 0.0323
vn -0.0072 -0.9995 0.0323
vn 0.0005 -1.0000 0.0014
vn 0.0055 -0.9999 0.0094
vn 0.0010 -0.9999 0.0111
vn -0.0004 -0.9994 0.0354
vn 0.0006 -0.9994 0.0359
vn 0.0008 -0.9997 0.0264
vn 0.0052 -0.9996 0.0283
vn 0.1077 0.0000 -0.9942
vn 0.7159 0.0000 -0.6982
vn -0.7159 0.0000 -0.6982
vn -0.1077 0.0000 -0.9942
vn -0.5296 -0.0648 0.8458
vn -0.5298 -0.0657 0.8456
vn -0.0658 -0.0760 0.9949
vn -0.0657 -0.0770 0.9949
vn -0.5298 -0.0613 0.8459
vn -0.0658 -0.0720 0.9952
vn -0.5299 -0.0643 0.8456
vn -0.0658 -0.0754 0.9950
vn 0.0000 -0.0763 0.9971
vn 0.0000 -0.0771 0.9970
vn 0.0000 -0.0716 0.9974
vn 0.0000 -0.0755 0.9971
vn 0.0658 -0.0760 0.9949
vn 0.0657 -0.0770 0.9949
vn 0.5296 -0.0648 0.8458
vn 0.5298 -0.0657 0.8455
vn 0.0658 -0.0720 0.9952
vn 0.5299 -0.0612 0.8459
vn 0.0658 -0.0754 0.9950
vn 0.5299 -0.0643 0.8456
vn -0.9998 0.0000 -0.0175
vn -0.9866 0.0000 -0.1631
vn 0.9998 0.0000 -0.0175
vn 0.9866 0.0000 -0.1631
vn 0.9877 -0.1563 -0.0080
vn 0.4727 -0.8809 -0.0242
vn 0.9877 -0.1561 0.0082
vn 0.4977 -0.8667 0.0329
vn -0.9843 -0.1765 -0.0079
vn -0.9843 -0.1762 0.0081
vn -0.4423 -0.8966 -0.0219
vn -0.4656 -0.8845 0.0303
vn 0.9998 -0.0222 0.0000
vn 0.9995 -0.0301 0.0000
vn -1.0000 0.0097 0.0000
vn -0.9996 -0.0292 0.0000
vn 0.9564 -0.2920 0.0000
vn 0.9965 -0.0834 0.0000
vn -0.9666 0.2561 0.0000
vn -0.9978 0.0660 0.0000
vn 0.7273 -0.6863 0.0000
vn 0.8531 -0.5217 0.0000
vn -0.7618 0.6478 0.0000
vn -0.8812 0.4727 0.0000
vn 0.4790 -0.8778 0.0000
vn 0.5757 -0.8177 0.0000
vn -0.4592 0.8883 0.0000
vn -0.5805 0.8143 0.0000
vn -0.0001 -1.0000 -0.0062
vn -0.0001 -0.9988 -0.0497
vn -0.0006 -1.0000 -0.0065
vn -0.0005 -0.9987 -0.0502
vn 0.0008 -0.9921 -0.1258
vn 0.0000 -0.9920 -0.1262
vn 0.0004 -0.9947 -0.1030
vn 0.0000 -0.9947 -0.1032
vn -0.0023 -1.0000 -0.0082
vn -0.0016 -0.9986 -0.0520
vn 0.0023 -1.0000 -0.0082
vn 0.0016 -0.9986 -0.0520
vn 0.0000 -0.9920 -0.1263
vn 0.0006 -1.0000 -0.0065
vn 0.0005 -0.9987 -0.0502
vn 0.0001 -1.0000 -0.0062
vn 0.0001 -0.9988 -0.0497
vn -0.0008 -0.9921 -0.1258
vn -0.0004 -0.9947 -0.1030
vn -0.9636 -0.0202 0.2665
vn -0.9995 -0.0023 0.0322
vn -0.9636 -0.0191 0.2667
vn -0.9995 -0.0021 0.0323
vn -0.9636 -0.0207 0.2664
vn -0.9637 -0.0203 0.2663
vn -0.9995 -0.0023 0.0321
vn -0.9995 -0.0023 0.0320
vn 0.9636 -0.0202 0.2665
vn 0.9636 -0.0191 0.2667
vn 0.9995 -0.0023 0.0322
vn 0.9995 -0.0021 0.0323
vn 0.9636 -0.0207 0.2664
vn 0.9995 -0.0023 0.0321
vn 0.9637 -0.0203 0.2663
vn 0.9995 -0.0023 0.0320
vn 0.0147 -0.9998 0.0113
vn 0.5841 -0.8116 0.0092
vn 0.0147 -0.9999 0.0019
vn 0.5834 -0.8121 0.0015
vn 0.0201 -0.9993 0.0331
vn 0.7151 -0.6932 -0.0896
vn 0.0148 -0.9996 0.0260
vn 0.6007 -0.7994 0.0109
vn 0.0004 -0.9995 0.0315
vn 0.0302 -0.9666 -0.2547
vn 0.0060 -0.9996 0.0290
vn 0.3582 -0.8740 -0.3284
vn 0.0240 -0.9976 0.0645
vn -0.0239 -0.9976 0.0649
vn 0.0043 -0.9975 0.0712
vn -0.0043 -0.9974 0.0721
vn 0.0000 -0.9995 0.0318
vn 0.0000 -0.9699 -0.2437
vn 0.0000 -0.9699 -0.2436
vn -0.0147 -0.9998 0.0113
vn -0.0147 -0.9999 0.0019
vn -0.5840 -0.8117 0.0092
vn -0.5834 -0.8122 0.0015
vn -0.0201 -0.9993 0.0331
vn -0.0148 -0.9996 0.0260
vn -0.7139 -0.6945 -0.0894
vn -0.6002 -0.7998 0.0109
vn -0.0060 -0.9996 0.0290
vn -0.3582 -0.8740 -0.3284
vn -0.0004 -0.9995 0.0315
vn -0.0302 -0.9665 -0.2547
vn 0.9896 -0.1309 0.0602
vn 0.6861 -0.6710 0.2811
vn 0.5278 -0.0537 0.8477
vn 0.4029 -0.0932 0.9105
vn 0.9893 -0.1321 -0.0621
vn 0.5174 -0.0544 -0.8540
vn 0.4220 -0.8582 -0.2924
vn 0.2706 -0.1994 -0.9418
vn -0.3930 -0.8765 -0.2781
vn -0.2640 -0.2342 -0.9357
vn -0.9864 -0.1524 -0.0623
vn -0.5162 -0.0649 -0.8540
vn -0.6360 -0.7252 0.2640
vn -0.9867 -0.1511 0.0604
vn -0.3946 -0.1464 0.9071
vn -0.5268 -0.0644 0.8476
vn 0.9995 -0.0220 0.0212
vn 0.9993 -0.0295 0.0245
vn 0.6939 -0.0146 0.7199
vn 0.6408 -0.0158 0.7675
vn 0.9995 -0.0220 -0.0212
vn 0.6939 -0.0146 -0.7199
vn 0.9993 -0.0295 -0.0245
vn 0.6408 -0.0158 -0.7675
vn -0.9997 0.0098 -0.0211
vn -0.9993 -0.0286 -0.0243
vn -0.6940 0.0076 -0.7200
vn -0.6406 -0.0152 -0.7677
vn -0.9997 0.0098 0.0211
vn -0.6940 0.0076 0.7200
vn -0.9993 -0.0286 0.0243
vn -0.6407 -0.0152 0.7676
vn 0.9563 -0.2916 0.0197
vn 0.9963 -0.0832 0.0202
vn 0.6887 -0.2080 0.6945
vn 0.7088 -0.0582 0.7030
vn 0.9563 -0.2916 -0.0197
vn 0.6887 -0.2080 -0.6946
vn 0.9963 -0.0832 -0.0202
vn 0.7088 -0.0582 -0.7030
vn -0.9663 0.2565 -0.0196
vn -0.9976 0.0662 -0.0201
vn -0.6962 0.1875 -0.6930
vn -0.7101 0.0482 -0.7025
vn -0.9663 0.2565 0.0196
vn -0.6962 0.1875 0.6929
vn -0.9976 0.0662 0.0201
vn -0.7101 0.0482 0.7025
vn 0.7275 -0.6858 0.0189
vn 0.8532 -0.5212 0.0193
vn 0.5351 -0.5010 0.6802
vn 0.6209 -0.3761 0.6878
vn 0.7275 -0.6858 -0.0189
vn 0.5351 -0.5010 -0.6802
vn 0.8532 -0.5212 -0.0193
vn 0.6209 -0.3761 -0.6878
vn -0.7613 0.6482 -0.0188
vn -0.8807 0.4733 -0.0192
vn -0.5575 0.4798 -0.6774
vn -0.6395 0.3485 -0.6853
vn -0.7613 0.6482 0.0188
vn -0.5575 0.4799 0.6774
vn -0.8807 0.4733 0.0192
vn -0.6395 0.3485 0.6853
vn 0.4788 -0.8777 0.0199
vn 0.5756 -0.8175 0.0191
vn 0.3421 -0.6294 0.6977
vn 0.4200 -0.5959 0.6845
vn 0.4788 -0.8777 -0.0199
vn 0.3421 -0.6294 -0.6977
vn 0.5756 -0.8175 -0.0191
vn 0.4199 -0.5959 -0.6845
vn -0.4594 0.8880 -0.0200
vn -0.5803 0.8142 -0.0192
vn -0.3298 0.6339 -0.6996
vn -0.4229 0.5942 -0.6842
vn -0.4594 0.8880 0.0200
vn -0.3298 0.6339 0.6996
vn -0.5803 0.8142 0.0192
vn -0.4229 0.5942 0.6842
vn 0.0147 -0.9987 -0.0496
vn 0.0147 -0.9999 -0.0062
vn 0.5839 -0.8108 -0.0403
vn 0.5835 -0.8121 -0.0050
vn 0.0192 -0.9923 -0.1223
vn 0.0143 -0.9946 -0.1027
vn 0.7087 -0.6980 0.1025
vn 0.6005 -0.7971 -0.0640
vn 0.0004 -0.9926 -0.1213
vn 0.0060 -0.9931 -0.1171
vn 0.0287 -0.9426 0.3326
vn 0.3292 -0.8365 0.4381
vn 0.0017 1.0000 -0.0048
vn -0.0016 1.0000 -0.0043
vn 0.0000 1.0000 -0.0001
vn 0.0000 -0.9926 -0.1218
vn 0.0000 -0.9484 0.3171
vn -0.0147 -0.9987 -0.0496
vn -0.5839 -0.8109 -0.0403
vn -0.0147 -0.9999 -0.0062
vn -0.5835 -0.8121 -0.0050
vn -0.0192 -0.9923 -0.1223
vn -0.7076 -0.6992 0.1021
vn -0.0143 -0.9946 -0.1027
vn -0.6000 -0.7974 -0.0640
vn -0.0060 -0.9931 -0.1171
vn -0.0004 -0.9926 -0.1213
vn -0.3292 -0.8365 0.4381
vn -0.0287 -0.9426 0.3326
vn -0.0003 -1.0000 0.0013
vn -0.0029 -1.0000 0.0084
vn 0.0014 -1.0000 0.0006
vn 0.0134 -0.9999 0.0058
vn 0.0016 -0.9993 0.0371
vn 0.0128 -0.9994 0.0324
vn -0.0008 -0.9993 0.0364
vn -0.0031 -0.9996 0.0294
vn 0.0000 -0.9993 0.0377
vn -0.0014 -1.0000 0.0006
vn -0.0133 -0.9999 0.0058
vn 0.0003 -1.0000 0.0013
vn 0.0029 -1.0000 0.0084
vn 0.0008 -0.9993 0.0364
vn 0.0031 -0.9996 0.0294
vn -0.0016 -0.9993 0.0371
vn -0.0128 -0.9994 0.0324
vn -0.3863 0.7563 -0.5281
vn -0.7007 0.0921 -0.7075
vn -0.0858 0.1307 -0.9877
vn -0.1053 0.0109 -0.9944
vn 0.0858 0.1307 -0.9877
vn 0.1053 0.0109 -0.9944
vn 0.3862 0.7563 -0.5280
vn 0.7007 0.0921 -0.7075
vn 0.5298 -0.0657 0.8456
vn 0.3213 0.5638 0.7609
vn 0.5162 -0.0022 0.8565
vn 0.0526 0.0075 0.9986
vn 0.0643 -0.0693 0.9955
vn 0.0000 -0.0711 0.9975
vn 0.0000 -0.0754 0.9972
vn -0.5298 -0.0657 0.8455
vn -0.0526 0.0075 0.9986
vn -0.0643 -0.0693 0.9955
vn -0.3213 0.5637 0.7609
vn -0.5162 -0.0022 0.8565
vn 0.9984 0.0552 -0.0156
vn 0.8477 0.5156 -0.1244
vn 0.9998 0.0041 -0.0172
vn 0.9858 0.0510 -0.1601
vn 0.9998 0.0000 -0.0174
vn -0.9984 0.0552 -0.0156
vn -0.9998 0.0044 -0.0172
vn -0.8479 0.5154 -0.1244
vn -0.9858 0.0514 -0.1601
vn -0.9801 -0.1958 -0.0323
vn -0.9801 -0.1958 0.0323
vn -0.5995 -0.7981 -0.0613
vn -0.5995 -0.7981 0.0613
vn 0.9742 -0.2228 -0.0353
vn 0.5454 -0.8363 -0.0565
vn 0.9742 -0.2228 0.0353
vn 0.5454 -0.8363 0.0565
vn -0.9999 -0.0162 0.0044
vn -0.9999 -0.0162 -0.0044
vn -0.9997 -0.0217 -0.0069
vn -0.9997 -0.0217 0.0069
vn 1.0000 0.0071 -0.0041
vn 0.9997 -0.0210 -0.0083
vn 1.0000 0.0071 0.0041
vn 0.9997 -0.0210 0.0083
vn -0.9587 -0.2843 0.0086
vn -0.9587 -0.2843 -0.0086
vn -0.9948 -0.1007 0.0119
vn -0.9948 -0.1007 -0.0119
vn 0.9672 0.2538 -0.0062
vn 0.9966 0.0815 -0.0096
vn 0.9672 0.2538 0.0062
vn 0.9966 0.0815 0.0096
vn -0.7420 -0.6704 0.0066
vn -0.7420 -0.6704 -0.0066
vn -0.8412 -0.5407 0.0068
vn -0.8412 -0.5407 -0.0068
vn 0.7804 0.6252 -0.0063
vn 0.8734 0.4869 -0.0045
vn 0.7804 0.6252 0.0063
vn 0.8734 0.4869 0.0045
vn -0.4102 -0.9118 -0.0165
vn -0.4102 -0.9118 0.0165
vn -0.5478 -0.8366 0.0052
vn -0.5478 -0.8366 -0.0052
vn 0.1046 -0.6711 -0.7340
vn 0.0175 -0.0901 -0.9958
vn 0.6532 0.4104 -0.6363
vn 0.1131 0.0398 -0.9928
vn 0.5355 0.8443 -0.0182
vn 0.5628 0.8266 -0.0080
vn 0.5355 0.8443 0.0182
vn 0.5628 0.8266 0.0080
vn 0.1046 -0.6711 0.7340
vn 0.6532 0.4104 0.6363
vn 0.0175 -0.0901 0.9958
vn 0.1131 0.0398 0.9928
vn -0.0014 -1.0000 -0.0055
vn 0.0014 -1.0000 -0.0072
vn -0.0098 -0.9991 -0.0421
vn 0.0000 -0.9987 -0.0504
vn -0.0014 -0.9918 -0.1280
vn -0.0080 -0.9939 -0.1096
vn -0.0002 -0.9918 -0.1278
vn -0.0012 -0.9945 -0.1051
vn 0.0000 -1.0000 -0.0090
vn 0.0000 -0.9986 -0.0526
vn 0.0000 -0.9918 -0.1278
vn 0.0000 -0.9945 -0.1045
vn -0.0014 -1.0000 -0.0072
vn 0.0014 -1.0000 -0.0055
vn 0.0098 -0.9991 -0.0421
vn 0.0002 -0.9918 -0.1278
vn 0.0012 -0.9945 -0.1051
vn 0.0014 -0.9918 -0.1280
vn 0.0080 -0.9939 -0.1096
vn 0.9640 0.0269 0.2645
vn 0.8409 0.4857 0.2385
vn 0.9995 0.0012 0.0317
vn 0.9984 0.0472 0.0307
vn 0.9995 -0.0022 0.0319
vn -0.9640 0.0273 0.2645
vn -0.9995 0.0014 0.0318
vn -0.8411 0.4855 0.2386
vn -0.9984 0.0472 0.0307
vn -1.0000 0.0024 0.0000
vn 1.0000 -0.0001 0.0000
vn 0.0077 0.9993 -0.0366
vn 0.6356 0.7718 -0.0210
vn -0.0001 -0.9993 0.0375
vn -0.0077 0.9993 -0.0366
vn 0.6338 -0.7732 0.0211
vn 0.0001 -0.9993 0.0375
vn -0.0001 0.0000 1.0000
vn 0.0002 0.0000 -1.0000
vn 0.0001 0.0000 -1.0000
vn 0.0001 0.0000 1.0000
vn -0.0001 0.0000 -1.0000
vn 0.4846 0.8578 0.1712
vn 0.3369 0.4733 0.8139
vn -0.3369 -0.4733 0.8140
vn 0.4846 0.8578 -0.1713
vn 0.4726 0.8748 0.1064
vn -0.3892 -0.5386 0.7473
vn -0.4726 -0.8748 0.1064
vn -0.3892 -0.5387 -0.7472
vn 0.0101 0.9916 0.1287
vn 0.7731 0.6307 0.0672
vn 0.0001 -0.9913 -0.1313
vn 1.0000 -0.0003 0.0000
vn -1.0000 -0.0001 0.0000
vn 0.7714 -0.6327 -0.0675
vn -0.0101 0.9916 0.1287
vn 0.0001 0.9913 0.1313
vn 0.0322 -0.0704 -0.9970
vn 0.0280 0.3282 -0.9442
vn 0.1145 -0.0715 -0.9909
vn 0.1006 0.3082 -0.9460
vn 0.2526 -0.0715 -0.9649
vn 0.2265 0.2854 -0.9312
vn 0.5288 -0.0544 -0.8470
vn 0.4799 0.2864 -0.8292
vn 0.1462 0.6834 -0.7152
vn 0.0690 0.8788 -0.4721
vn 0.3196 0.6753 -0.6647
vn 0.1705 0.8553 -0.4893
vn 0.0130 0.7379 -0.6748
vn -0.0035 0.9073 -0.4205
vn 0.0570 0.7101 -0.7018
vn 0.0121 0.8947 -0.4466
vn -0.0322 -0.0704 -0.9970
vn -0.1145 -0.0715 -0.9909
vn -0.0280 0.3282 -0.9442
vn -0.1006 0.3082 -0.9460
vn -0.0130 0.7379 -0.6748
vn -0.0570 0.7101 -0.7018
vn 0.0035 0.9073 -0.4205
vn -0.0121 0.8947 -0.4466
vn -0.1462 0.6834 -0.7152
vn -0.3195 0.6754 -0.6647
vn -0.0690 0.8789 -0.4721
vn -0.1704 0.8554 -0.4892
vn -0.2526 -0.0715 -0.9649
vn -0.5288 -0.0544 -0.8470
vn -0.2265 0.2854 -0.9312
vn -0.4799 0.2864 -0.8292
vn -0.8454 -0.0083 -0.5341
vn -0.9693 0.0272 -0.2442
vn -0.7780 0.3095 -0.5468
vn -0.9106 0.3161 -0.2663
vn -0.5191 0.7106 -0.4750
vn -0.6183 0.7382 -0.2698
vn -0.2935 0.8789 -0.3760
vn -0.3077 0.9197 -0.2439
vn -0.6682 0.7354 -0.1127
vn -0.6941 0.7191 -0.0330
vn -0.3368 0.9340 -0.1191
vn -0.3610 0.9314 -0.0465
vn -0.9958 0.0418 -0.0814
vn -0.9990 0.0444 -0.0113
vn -0.9453 0.3123 -0.0941
vn -0.9532 0.3019 -0.0174
vn -0.9990 0.0435 0.0108
vn -0.9958 0.0414 0.0819
vn -0.9562 0.2926 0.0089
vn -0.9549 0.2847 0.0840
vn -0.7086 0.7056 0.0010
vn -0.7134 0.6967 0.0748
vn -0.3737 0.9275 -0.0076
vn -0.3748 0.9254 0.0563
vn -0.7009 0.6766 0.2259
vn -0.6357 0.6187 0.4615
vn -0.3721 0.9132 0.1662
vn -0.3871 0.8673 0.3130
vn -0.9679 0.0305 0.2495
vn -0.8386 -0.0061 0.5447
vn -0.9299 0.2659 0.2541
vn -0.8110 0.2194 0.5423
vn -0.0317 -0.0808 0.9962
vn -0.0246 0.1565 0.9874
vn -0.1139 -0.0836 0.9900
vn -0.1003 0.1348 0.9858
vn -0.2516 -0.0824 0.9643
vn -0.2407 0.1208 0.9631
vn -0.5219 -0.0594 0.8509
vn -0.5105 0.1493 0.8468
vn -0.4092 0.5516 0.7268
vn -0.1783 0.5461 0.8185
vn -0.2249 0.8439 0.4870
vn -0.0739 0.8776 0.4737
vn -0.0027 0.5841 0.8116
vn 0.0191 0.8870 0.4613
vn -0.0498 0.5646 0.8239
vn 0.0117 0.8855 0.4645
vn 0.0317 -0.0808 0.9962
vn 0.1139 -0.0836 0.9900
vn 0.0246 0.1565 0.9874
vn 0.1003 0.1348 0.9858
vn 0.0027 0.5841 0.8116
vn 0.0498 0.5646 0.8239
vn -0.0191 0.8871 0.4613
vn -0.0117 0.8855 0.4645
vn 0.4093 0.5516 0.7268
vn 0.2250 0.8439 0.4871
vn 0.1783 0.5460 0.8186
vn 0.0739 0.8776 0.4737
vn 0.2516 -0.0824 0.9643
vn 0.5219 -0.0594 0.8509
vn 0.2407 0.1208 0.9631
vn 0.5105 0.1493 0.8468
vn 0.9990 0.0435 0.0108
vn 0.9562 0.2927 0.0089
vn 0.9958 0.0415 0.0819
vn 0.9549 0.2847 0.0840
vn 0.9679 0.0305 0.2495
vn 0.9299 0.2659 0.2541
vn 0.8386 -0.0061 0.5447
vn 0.8110 0.2194 0.5423
vn 0.7009 0.6765 0.2259
vn 0.3724 0.9130 0.1663
vn 0.6358 0.6187 0.4616
vn 0.3873 0.8671 0.3132
vn 0.7087 0.7055 0.0010
vn 0.3740 0.9274 -0.0076
vn 0.7135 0.6966 0.0748
vn 0.3751 0.9253 0.0563
vn 0.8454 -0.0083 -0.5341
vn 0.7780 0.3095 -0.5468
vn 0.9693 0.0272 -0.2442
vn 0.9106 0.3161 -0.2663
vn 0.9958 0.0418 -0.0814
vn 0.9453 0.3123 -0.0941
vn 0.9990 0.0444 -0.0113
vn 0.9532 0.3019 -0.0174
vn 0.6683 0.7353 -0.1127
vn 0.3371 0.9339 -0.1192
vn 0.6942 0.7190 -0.0331
vn 0.3613 0.9313 -0.0465
vn 0.5191 0.7106 -0.4750
vn 0.2937 0.8788 -0.3761
vn 0.6184 0.7381 -0.2698
vn 0.3079 0.9196 -0.2440
vn -0.0150 0.9484 -0.3168
vn -0.0149 0.9531 -0.3024
vn -0.0308 0.9753 -0.2189
vn -0.0224 0.9767 -0.2133
vn 0.0345 0.9425 -0.3325
vn 0.0233 0.9736 -0.2272
vn 0.1094 0.9370 -0.3316
vn 0.1242 0.9648 -0.2319
vn 0.1393 0.9827 -0.1217
vn 0.0225 0.9923 -0.1214
vn 0.1506 0.9872 -0.0531
vn 0.0247 0.9982 -0.0546
vn -0.0258 0.9927 -0.1182
vn -0.0266 0.9982 -0.0542
vn -0.0370 0.9922 -0.1191
vn -0.0380 0.9978 -0.0542
vn -0.0267 0.9995 -0.0136
vn -0.0271 0.9987 0.0423
vn -0.0383 0.9992 -0.0142
vn -0.0391 0.9984 0.0402
vn 0.1525 0.9873 0.0455
vn 0.1548 0.9879 -0.0120
vn 0.0234 0.9989 0.0409
vn 0.0251 0.9996 -0.0138
vn 0.1453 0.9804 0.1330
vn 0.0219 0.9921 0.1235
vn 0.1306 0.9638 0.2325
vn 0.0276 0.9710 0.2373
vn -0.0355 0.9713 0.2353
vn -0.0396 0.9918 0.1216
vn -0.0264 0.9708 0.2385
vn -0.0273 0.9917 0.1254
vn 0.0268 0.9995 -0.0136
vn 0.0383 0.9992 -0.0142
vn 0.0271 0.9987 0.0423
vn 0.0391 0.9984 0.0402
vn 0.0355 0.9713 0.2353
vn 0.0264 0.9708 0.2385
vn 0.0396 0.9918 0.1216
vn 0.0273 0.9917 0.1254
vn -0.1451 0.9804 0.1330
vn -0.1305 0.9638 0.2324
vn -0.0219 0.9921 0.1234
vn -0.0276 0.9710 0.2373
vn -0.1522 0.9873 0.0454
vn -0.0234 0.9989 0.0408
vn -0.1546 0.9879 -0.0120
vn -0.0250 0.9996 -0.0138
vn 0.0150 0.9484 -0.3168
vn 0.0308 0.9753 -0.2189
vn 0.0149 0.9531 -0.3024
vn 0.0224 0.9767 -0.2133
vn 0.0258 0.9926 -0.1182
vn 0.0370 0.9922 -0.1191
vn 0.0266 0.9982 -0.0542
vn 0.0380 0.9978 -0.0542
vn -0.1391 0.9828 -0.1217
vn -0.1504 0.9872 -0.0531
vn -0.0225 0.9924 -0.1214
vn -0.0246 0.9982 -0.0546
vn -0.0345 0.9425 -0.3325
vn -0.1093 0.9371 -0.3316
vn -0.0232 0.9736 -0.2272
vn -0.1241 0.9648 -0.2318
vn 0.0060 -0.9984 0.0569
vn 0.0592 -0.9968 0.0540
vn 0.0045 -0.6866 0.7270
vn 0.0375 -0.6894 0.7234
vn 0.0053 -0.3189 0.9478
vn 0.0141 -0.3109 0.9503
vn 0.0059 -0.2194 0.9756
vn 0.0044 -0.2326 0.9726
vn 0.0325 -0.3509 0.9358
vn 0.1379 -0.4313 0.8916
vn -0.0073 -0.2687 0.9632
vn 0.0269 -0.3316 0.9431
vn 0.1929 -0.9800 0.0483
vn 0.5052 -0.8612 0.0547
vn 0.1256 -0.7200 0.6825
vn 0.3557 -0.6973 0.6223
vn 0.8537 -0.5153 0.0754
vn 0.9687 -0.2338 0.0835
vn 0.6616 -0.4844 0.5724
vn 0.8175 -0.2559 0.5159
vn 0.3465 -0.3838 0.8559
vn 0.4943 -0.2540 0.8313
vn 0.1445 -0.3191 0.9366
vn 0.1934 -0.2431 0.9505
vn 0.5819 -0.0579 0.8112
vn 0.6083 0.1350 0.7821
vn 0.2444 -0.0853 0.9659
vn 0.2695 0.0913 0.9587
vn 0.9966 -0.0196 0.0802
vn 0.9873 0.1454 0.0640
vn 0.8771 -0.0324 0.4792
vn 0.8825 0.1566 0.4435
vn 0.9798 0.1929 0.0528
vn 0.9672 0.2506 0.0425
vn 0.8796 0.2176 0.4230
vn 0.8680 0.2757 0.4130
vn 0.6106 0.2077 0.7642
vn 0.5940 0.2592 0.7616
vn 0.2721 0.1671 0.9476
vn 0.2574 0.2093 0.9434
vn 0.5455 0.3516 0.7608
vn 0.4412 0.5107 0.7379
vn 0.2313 0.2670 0.9355
vn 0.2145 0.3590 0.9084
vn 0.9203 0.3907 0.0210
vn 0.7545 0.6561 -0.0193
vn 0.8256 0.4045 0.3934
vn 0.6811 0.6462 0.3443
vn 0.0495 0.9968 -0.0621
vn 0.0284 0.9345 0.3548
vn 0.1604 0.9848 -0.0664
vn 0.1269 0.9426 0.3090
vn 0.2660 0.9616 -0.0672
vn 0.2392 0.9317 0.2735
vn 0.4607 0.8858 -0.0558
vn 0.4223 0.8609 0.2838
vn 0.2537 0.6363 0.7285
vn 0.1090 0.6205 0.7766
vn 0.0811 0.4146 0.9064
vn -0.0149 0.3257 0.9454
vn -0.0237 0.5258 0.8502
vn -0.0456 0.2585 0.9649
vn 0.0095 0.5664 0.8241
vn -0.0682 0.2688 0.9608
vn -0.0295 0.1181 0.9926
vn -0.0840 0.1078 0.9906
vn -0.0336 0.1418 0.9893
vn -0.0913 0.1291 0.9874
vn -0.0938 0.1691 0.9811
vn -0.0454 0.1781 0.9830
vn -0.0970 0.1394 0.9855
vn -0.0394 0.1533 0.9874
vn -0.0295 0.1792 0.9834
vn -0.0176 0.2314 0.9727
vn -0.1127 0.1396 0.9838
vn -0.0823 0.1906 0.9782
vn -0.0385 0.1443 0.9888
vn -0.1242 0.1195 0.9850
vn -0.0418 0.1127 0.9928
vn -0.1247 0.0962 0.9875
vn -0.0173 -0.2159 0.9763
vn -0.0473 -0.1718 0.9840
vn -0.0015 -0.1927 0.9813
vn -0.0138 -0.1530 0.9881
vn -0.0227 -0.0641 0.9977
vn -0.0686 -0.0744 0.9949
vn -0.0268 0.0537 0.9982
vn -0.0780 0.0459 0.9959
vn -0.0454 -0.0953 0.9944
vn -0.0443 0.0456 0.9980
vn -0.1114 -0.0870 0.9900
vn -0.1214 0.0359 0.9920
vn -0.0447 -0.2467 0.9680
vn -0.0271 -0.2722 0.9619
vn -0.0845 -0.1943 0.9773
vn -0.0389 -0.2183 0.9751
vn -0.0060 -0.9984 0.0569
vn -0.0045 -0.6866 0.7270
vn -0.0592 -0.9968 0.0540
vn -0.0375 -0.6894 0.7234
vn -0.0053 -0.3189 0.9478
vn -0.0059 -0.2194 0.9756
vn -0.0141 -0.3109 0.9503
vn -0.0044 -0.2326 0.9726
vn -0.0326 -0.3509 0.9358
vn 0.0073 -0.2686 0.9632
vn -0.1379 -0.4314 0.8916
vn -0.0269 -0.3316 0.9430
vn -0.1929 -0.9800 0.0483
vn -0.1256 -0.7200 0.6825
vn -0.5052 -0.8612 0.0547
vn -0.3557 -0.6973 0.6223
vn -0.8537 -0.5153 0.0755
vn -0.6616 -0.4844 0.5724
vn -0.9687 -0.2338 0.0836
vn -0.8175 -0.2559 0.5159
vn -0.3466 -0.3839 0.8559
vn -0.1447 -0.3193 0.9366
vn -0.4946 -0.2541 0.8312
vn -0.1939 -0.2433 0.9504
vn -0.5822 -0.0579 0.8110
vn -0.2452 -0.0853 0.9657
vn -0.6087 0.1351 0.7818
vn -0.2705 0.0914 0.9584
vn -0.9966 -0.0196 0.0801
vn -0.8771 -0.0325 0.4792
vn -0.9873 0.1454 0.0639
vn -0.8825 0.1566 0.4435
vn -0.9798 0.1929 0.0528
vn -0.8796 0.2176 0.4230
vn -0.9672 0.2506 0.0425
vn -0.8680 0.2757 0.4130
vn -0.6110 0.2077 0.7639
vn -0.2731 0.1673 0.9473
vn -0.5943 0.2592 0.7613
vn -0.2582 0.2095 0.9431
vn -0.5457 0.3516 0.7607
vn -0.2319 0.2672 0.9353
vn -0.4413 0.5107 0.7378
vn -0.2148 0.3593 0.9082
vn -0.9203 0.3907 0.0210
vn -0.8256 0.4045 0.3934
vn -0.7545 0.6561 -0.0193
vn -0.6811 0.6462 0.3444
vn -0.0495 0.9968 -0.0621
vn -0.1604 0.9848 -0.0664
vn -0.0284 0.9345 0.3548
vn -0.1269 0.9425 0.3090
vn -0.2660 0.9616 -0.0672
vn -0.4607 0.8858 -0.0558
vn -0.2392 0.9317 0.2735
vn -0.4223 0.8609 0.2838
vn -0.2538 0.6364 0.7285
vn -0.0812 0.4147 0.9063
vn -0.1090 0.6206 0.7765
vn 0.0150 0.3256 0.9454
vn 0.0237 0.5258 0.8503
vn -0.0095 0.5664 0.8241
vn 0.0456 0.2584 0.9650
vn 0.0682 0.2686 0.9608
vn 0.0295 0.1181 0.9926
vn 0.0335 0.1417 0.9893
vn 0.0838 0.1078 0.9906
vn 0.0911 0.1291 0.9874
vn 0.0938 0.1688 0.9812
vn 0.0968 0.1393 0.9855
vn 0.0454 0.1780 0.9830
vn 0.0393 0.1533 0.9874
vn 0.0296 0.1792 0.9834
vn 0.1130 0.1393 0.9838
vn 0.0176 0.2314 0.9727
vn 0.0824 0.1903 0.9783
vn 0.0388 0.1443 0.9888
vn 0.0420 0.1126 0.9927
vn 0.1245 0.1193 0.9850
vn 0.1251 0.0961 0.9875
vn 0.0173 -0.2158 0.9763
vn 0.0015 -0.1927 0.9813
vn 0.0472 -0.1717 0.9840
vn 0.0138 -0.1529 0.9881
vn 0.0227 -0.0640 0.9977
vn 0.0268 0.0537 0.9982
vn 0.0685 -0.0743 0.9949
vn 0.0778 0.0460 0.9959
vn 0.0457 -0.0953 0.9944
vn 0.1117 -0.0869 0.9899
vn 0.0445 0.0456 0.9980
vn 0.1217 0.0359 0.9919
vn 0.0448 -0.2466 0.9681
vn 0.0847 -0.1941 0.9773
vn 0.0272 -0.2721 0.9619
vn 0.0390 -0.2182 0.9751
vn 0.6994 0.0868 -0.7094
vn 0.1012 0.1632 -0.9814
vn 0.4418 0.6535 -0.6146
vn 0.0420 0.8064 -0.5899
vn 0.0000 0.1707 -0.9853
vn 0.0000 0.8156 -0.5786
vn -0.1012 0.1632 -0.9814
vn -0.6994 0.0868 -0.7094
vn -0.0420 0.8064 -0.5899
vn -0.4419 0.6535 -0.6146
vn -0.0626 0.0272 0.9977
vn -0.0334 0.6042 0.7961
vn -0.5145 0.0004 0.8575
vn -0.3465 0.4698 0.8119
vn 0.0000 0.0314 0.9995
vn 0.0000 0.6171 0.7869
vn 0.5145 0.0004 0.8575
vn 0.3464 0.4698 0.8119
vn 0.0626 0.0272 0.9977
vn 0.0334 0.6042 0.7961
vn -0.9976 0.0690 -0.0001
vn -0.8546 0.5194 -0.0011
vn -0.9976 0.0691 -0.0010
vn -0.8545 0.5194 -0.0078
vn -0.9041 0.4071 -0.1298
vn -0.9859 0.0486 -0.1599
vn -0.8616 0.5067 -0.0283
vn -0.9976 0.0666 -0.0190
vn 0.8545 0.5194 -0.0011
vn 0.9976 0.0690 -0.0001
vn 0.8545 0.5194 -0.0078
vn 0.9976 0.0691 -0.0010
vn 0.9859 0.0485 -0.1599
vn 0.9041 0.4071 -0.1298
vn 0.9976 0.0665 -0.0190
vn 0.8616 0.5067 -0.0283
vn 0.0300 0.9995 -0.0020
vn 0.2730 0.9620 -0.0019
vn 0.0299 0.9994 -0.0150
vn 0.2730 0.9619 -0.0144
vn 0.2030 0.9708 -0.1275
vn 0.0208 0.9876 -0.1557
vn 0.2642 0.9636 -0.0418
vn 0.0287 0.9985 -0.0465
vn 0.0000 1.0000 -0.0020
vn 0.0000 0.9999 -0.0150
vn 0.0000 0.9872 -0.1593
vn 0.0000 0.9989 -0.0470
vn -0.2729 0.9620 -0.0019
vn -0.0300 0.9995 -0.0020
vn -0.2730 0.9619 -0.0144
vn -0.0299 0.9994 -0.0150
vn -0.0208 0.9876 -0.1557
vn -0.2030 0.9708 -0.1275
vn -0.0287 0.9985 -0.0465
vn -0.2642 0.9636 -0.0418
vn -0.9976 0.0691 0.0004
vn -0.9976 0.0691 0.0031
vn -0.8543 0.5197 0.0035
vn -0.8536 0.5203 0.0243
vn -0.9643 0.0286 0.2632
vn -0.8892 0.3951 0.2306
vn -0.9973 0.0644 0.0367
vn -0.8586 0.5079 0.0687
vn 0.9976 0.0691 0.0004
vn 0.8543 0.5197 0.0035
vn 0.9976 0.0691 0.0031
vn 0.8536 0.5204 0.0243
vn 0.8892 0.3951 0.2306
vn 0.9643 0.0285 0.2632
vn 0.8586 0.5080 0.0686
vn 0.9973 0.0643 0.0367
vn 0.2727 0.9621 0.0069
vn 0.0300 0.9995 0.0073
vn 0.2718 0.9612 0.0464
vn 0.0298 0.9984 0.0488
vn 0.0201 0.9557 0.2938
vn 0.1973 0.9481 0.2492
vn 0.0282 0.9922 0.1214
vn 0.2606 0.9591 0.1109
vn 0.0000 1.0000 0.0074
vn 0.0000 0.9988 0.0489
vn 0.0000 0.9541 0.2994
vn 0.0000 0.9925 0.1224
vn -0.0300 0.9995 0.0073
vn -0.2727 0.9621 0.0069
vn -0.0298 0.9984 0.0488
vn -0.2718 0.9612 0.0464
vn -0.1973 0.9481 0.2492
vn -0.0201 0.9557 0.2938
vn -0.2606 0.9591 0.1109
vn -0.0282 0.9922 0.1214
vn -0.4418 0.6535 -0.6146
vn 0.4419 0.6535 -0.6146
vn 0.3465 0.4698 0.8119
vn -0.3464 0.4698 0.8119
vn 0.9976 0.0689 -0.0001
vn 0.9976 0.0689 -0.0010
vn 0.8546 0.5194 -0.0011
vn 0.9859 0.0486 -0.1599
vn -0.9859 0.0485 -0.1599
vn -0.9976 0.0665 -0.0190
vn -0.2730 0.9620 -0.0019
vn 0.2729 0.9620 -0.0019
vn 0.9976 0.0689 0.0004
vn 0.9976 0.0689 0.0031
vn 0.8536 0.5203 0.0243
vn 0.9643 0.0286 0.2632
vn 0.8586 0.5079 0.0687
vn -0.8586 0.5080 0.0686
vn -0.9643 0.0285 0.2632
vn -0.9973 0.0643 0.0367
usemtl surf1
s off
f 1//1 2//1 3//1 4//1
f 1//2 5//2 6//2 2//2
f 5//3 7//3 8//3 6//3
f 7//4 9//4 10//4 8//4
f 11//5 10//5 9//5 12//5
f 13//6 4//6 3//6 14//6
f 14//7 15//7 16//7 13//7
f 17//8 3//8 2//8 18//8
f 4//9 19//9 20//9 1//9
f 18//10 2//10 6//10 21//10
f 1//11 20//11 22//11 5//11
f 21//12 6//12 8//12 23//12
f 5//13 22//13 24//13 7//13
f 23//14 8//14 10//14 25//14
f 25//15 10//15 11//15 26//15
f 7//16 24//16 27//16 9//16
f 9//17 27//17 28//17 12//17
f 3//18 17//18 15//18 14//18
f 13//19 16//19 19//19 4//19
f 29//20 30//20 31//20 32//20
f 33//21 34//21 31//21 30//21
f 35//22 36//22 34//22 33//22
f 37//23 38//23 36//23 35//23
f 38//24 37//24 39//24 40//24
f 29//25 32//25 41//25 42//25
f 16//7 15//7 42//7 41//7
f 30//8 29//8 17//8 18//8
f 20//9 19//9 32//9 31//9
f 33//10 30//10 18//10 21//10
f 22//11 20//11 31//11 34//11
f 35//12 33//12 21//12 23//12
f 24//13 22//13 34//13 36//13
f 37//14 35//14 23//14 25//14
f 39//26 37//26 25//26 26//26
f 27//16 24//16 36//16 38//16
f 28//27 27//27 38//27 40//27
f 15//18 17//18 29//18 42//18
f 19//19 16//19 41//19 32//19
f 43//28 44//28 45//28 46//28
f 44//29 47//29 48//29 45//29
f 47//30 49//30 50//30 48//30
f 49//30 51//30 52//30 50//30
f 52//5 51//5 53//5 54//5
f 43//31 55//31 56//31 44//31
f 57//32 46//32 45//32 58//32
f 44//33 56//33 59//33 47//33
f 58//34 45//34 48//34 60//34
f 47//35 59//35 61//35 49//35
f 60//36 48//36 50//36 62//36
f 49//37 61//37 63//37 51//37
f 62//38 50//38 52//38 64//38
f 51//39 63//39 65//39 53//39
f 64//40 52//40 54//40 66//40
f 67//41 68//41 69//41 70//41
f 71//42 72//42 68//42 67//42
f 73//43 74//43 72//43 71//43
f 75//43 76//43 74//43 73//43
f 77//24 76//24 75//24 78//24
f 56//31 55//31 69//31 68//31
f 67//32 70//32 57//32 58//32
f 59//33 56//33 68//33 72//33
f 71//34 67//34 58//34 60//34
f 61//35 59//35 72//35 74//35
f 73//36 71//36 60//36 62//36
f 63//37 61//37 74//37 76//37
f 75//38 73//38 62//38 64//38
f 65//44 63//44 76//44 77//44
f 78//45 75//45 64//45 66//45
f 79//46 80//46 81//46 82//46
f 79//47 83//47 84//47 80//47
f 83//48 85//48 86//48 84//48
f 85//49 87//49 88//49 86//49
f 89//50 88//50 87//50 90//50
f 91//51 82//51 81//51 92//51
f 92//52 93//52 94//52 91//52
f 95//53 81//53 80//53 96//53
f 82//54 97//54 98//54 79//54
f 96//55 80//55 84//55 99//55
f 79//56 98//56 100//56 83//56
f 99//57 84//57 86//57 101//57
f 83//58 100//58 102//58 85//58
f 101//59 86//59 88//59 103//59
f 103//60 88//60 89//60 104//60
f 85//61 102//61 105//61 87//61
f 87//62 105//62 106//62 90//62
f 81//63 95//63 93//63 92//63
f 91//64 94//64 97//64 82//64
f 107//65 108//65 109//65 110//65
f 111//66 112//66 109//66 108//66
f 113//67 114//67 112//67 111//67
f 115//68 116//68 114//68 113//68
f 116//69 115//69 117//69 118//69
f 107//70 110//70 119//70 120//70
f 94//52 93//52 120//52 119//52
f 108//53 107//53 95//53 96//53
f 98//54 97//54 110//54 109//54
f 111//55 108//55 96//55 99//55
f 100//56 98//56 109//56 112//56
f 113//57 111//57 99//57 101//57
f 102//58 100//58 112//58 114//58
f 115//59 113//59 101//59 103//59
f 117//71 115//71 103//71 104//71
f 105//61 102//61 114//61 116//61
f 106//72 105//72 116//72 118//72
f 93//63 95//63 107//63 120//63
f 97//64 94//64 119//64 110//64
f 121//73 122//73 123//73 124//73
f 122//74 125//74 126//74 123//74
f 125//75 127//75 128//75 126//75
f 127//76 129//76 130//76 128//76
f 130//50 129//50 131//50 132//50
f 121//77 133//77 134//77 122//77
f 135//78 124//78 123//78 136//78
f 122//79 134//79 137//79 125//79
f 136//80 123//80 126//80 138//80
f 125//81 137//81 139//81 127//81
f 138//82 126//82 128//82 140//82
f 127//83 139//83 141//83 129//83
f 140//38 128//38 130//38 142//38
f 129//84 141//84 143//84 131//84
f 142//85 130//85 132//85 144//85
f 145//86 146//86 147//86 148//86
f 149//87 150//87 146//87 145//87
f 151//88 152//88 150//88 149//88
f 153//89 154//89 152//89 151//89
f 155//69 154//69 153//69 156//69
f 134//77 133//77 147//77 146//77
f 145//78 148//78 135//78 136//78
f 137//79 134//79 146//79 150//79
f 149//80 145//80 136//80 138//80
f 139//81 137//81 150//81 152//81
f 151//82 149//82 138//82 140//82
f 141//83 139//83 152//83 154//83
f 153//38 151//38 140//38 142//38
f 143//90 141//90 154//90 155//90
f 156//91 153//91 142//91 144//91
f 157//92 158//92 159//92 160//92
f 157//93 161//93 162//93 158//93
f 161//94 163//94 164//94 162//94
f 163//95 165//95 166//95 164//95
f 167//96 166//96 165//96 168//96
f 169//97 160//97 159//97 170//97
f 170//98 171//98 172//98 169//98
f 173//99 159//99 158//99 174//99
f 160//100 175//100 176//100 157//100
f 174//101 158//101 162//101 177//101
f 157//102 176//102 178//102 161//102
f 177//103 162//103 164//103 179//103
f 161//104 178//104 180//104 163//104
f 179//105 164//105 166//105 181//105
f 181//106 166//106 167//106 182//106
f 163//107 180//107 183//107 165//107
f 165//108 183//108 184//108 168//108
f 159//109 173//109 171//109 170//109
f 169//110 172//110 175//110 160//110
f 185//111 186//111 187//111 188//111
f 189//112 190//112 187//112 186//112
f 191//113 192//113 190//113 189//113
f 193//114 194//114 192//114 191//114
f 194//115 193//115 195//115 196//115
f 185//116 188//116 197//116 198//116
f 172//98 171//98 198//98 197//98
f 186//99 185//99 173//99 174//99
f 176//100 175//100 188//100 187//100
f 189//101 186//101 174//101 177//101
f 178//102 176//102 187//102 190//102
f 191//103 189//103 177//103 179//103
f 180//104 178//104 190//104 192//104
f 193//105 191//105 179//105 181//105
f 195//117 193//117 181//117 182//117
f 183//107 180//107 192//107 194//107
f 184//118 183//118 194//118 196//118
f 171//109 173//109 185//109 198//109
f 175//110 172//110 197//110 188//110
f 199//119 200//119 201//119 202//119
f 200//120 203//120 204//120 201//120
f 203//121 205//121 206//121 204//121
f 205//121 207//121 208//121 206//121
f 208//96 207//96 209//96 210//96
f 199//122 211//122 212//122 200//122
f 213//123 202//123 201//123 214//123
f 200//124 212//124 215//124 203//124
f 214//125 201//125 204//125 216//125
f 203//126 215//126 217//126 205//126
f 216//127 204//127 206//127 218//127
f 205//128 217//128 219//128 207//128
f 218//38 206//38 208//38 220//38
f 207//129 219//129 221//129 209//129
f 220//130 208//130 210//130 222//130
f 223//131 224//131 225//131 226//131
f 227//132 228//132 224//132 223//132
f 229//133 230//133 228//133 227//133
f 231//134 232//134 230//134 229//134
f 233//115 232//115 231//115 234//115
f 212//122 211//122 225//122 224//122
f 223//123 226//123 213//123 214//123
f 215//135 212//135 224//135 228//135
f 227//136 223//136 214//136 216//136
f 217//126 215//126 228//126 230//126
f 229//127 227//127 216//127 218//127
f 219//128 217//128 230//128 232//128
f 231//38 229//38 218//38 220//38
f 221//137 219//137 232//137 233//137
f 234//138 231//138 220//138 222//138
f 235//139 236//139 237//139 238//139
f 235//140 239//140 240//140 236//140
f 239//141 241//141 242//141 240//141
f 241//142 243//142 244//142 242//142
f 245//143 244//143 243//143 246//143
f 247//144 238//144 237//144 248//144
f 248//145 249//145 250//145 247//145
f 251//146 237//146 236//146 252//146
f 238//147 253//147 254//147 235//147
f 252//148 236//148 240//148 255//148
f 235//149 254//149 256//149 239//149
f 255//150 240//150 242//150 257//150
f 239//151 256//151 258//151 241//151
f 257//152 242//152 244//152 259//152
f 259//153 244//153 245//153 260//153
f 241//154 258//154 261//154 243//154
f 243//155 261//155 262//155 246//155
f 237//156 251//156 249//156 248//156
f 247//157 250//157 253//157 238//157
f 263//158 264//158 265//158 266//158
f 267//159 268//159 265//159 264//159
f 269//160 270//160 268//160 267//160
f 271//161 272//161 270//161 269//161
f 272//162 271//162 273//162 274//162
f 263//163 266//163 275//163 276//163
f 250//145 249//145 276//145 275//145
f 264//146 263//146 251//146 252//146
f 254//147 253//147 266//147 265//147
f 267//148 264//148 252//148 255//148
f 256//149 254//149 265//149 268//149
f 269//150 267//150 255//150 257//150
f 258//151 256//151 268//151 270//151
f 271//152 269//152 257//152 259//152
f 273//164 271//164 259//164 260//164
f 261//154 258//154 270//154 272//154
f 262//165 261//165 272//165 274//165
f 249//156 251//156 263//156 276//156
f 253//157 250//157 275//157 266//157
f 277//166 278//166 279//166 280//166
f 278//167 281//167 282//167 279//167
f 281//168 283//168 284//168 282//168
f 283//169 285//169 286//169 284//169
f 286//143 285//143 287//143 288//143
f 277//170 289//170 290//170 278//170
f 291//171 280//171 279//171 292//171
f 278//172 290//172 293//172 281//172
f 292//173 279//173 282//173 294//173
f 281//174 293//174 295//174 283//174
f 294//175 282//175 284//175 296//175
f 283//176 295//176 297//176 285//176
f 296//38 284//38 286//38 298//38
f 285//177 297//177 299//177 287//177
f 298//178 286//178 288//178 300//178
f 301//179 302//179 303//179 304//179
f 305//180 306//180 302//180 301//180
f 307//181 308//181 306//181 305//181
f 309//181 310//181 308//181 307//181
f 311//162 310//162 309//162 312//162
f 290//170 289//170 303//170 302//170
f 301//171 304//171 291//171 292//171
f 293//182 290//182 302//182 306//182
f 305//183 301//183 292//183 294//183
f 295//174 293//174 306//174 308//174
f 307//175 305//175 294//175 296//175
f 297//176 295//176 308//176 310//176
f 309//38 307//38 296//38 298//38
f 299//184 297//184 310//184 311//184
f 312//185 309//185 298//185 300//185
f 313//186 314//186 315//186 316//186
f 313//187 317//187 318//187 314//187
f 317//188 319//188 320//188 318//188
f 319//189 321//189 322//189 320//189
f 323//190 322//190 321//190 324//190
f 325//191 316//191 315//191 326//191
f 326//192 327//192 328//192 325//192
f 329//193 315//193 314//193 330//193
f 316//194 331//194 332//194 313//194
f 330//195 314//195 318//195 333//195
f 313//196 332//196 334//196 317//196
f 333//197 318//197 320//197 335//197
f 317//198 334//198 336//198 319//198
f 335//199 320//199 322//199 337//199
f 337//200 322//200 323//200 338//200
f 319//201 336//201 339//201 321//201
f 321//202 339//202 340//202 324//202
f 315//203 329//203 327//203 326//203
f 325//204 328//204 331//204 316//204
f 341//205 342//205 343//205 344//205
f 345//206 346//206 343//206 342//206
f 347//207 348//207 346//207 345//207
f 349//208 350//208 348//208 347//208
f 350//209 349//209 351//209 352//209
f 341//210 344//210 353//210 354//210
f 328//192 327//192 354//192 353//192
f 342//193 341//193 329//193 330//193
f 332//194 331//194 344//194 343//194
f 345//195 342//195 330//195 333//195
f 334//196 332//196 343//196 346//196
f 347//197 345//197 333//197 335//197
f 336//198 334//198 346//198 348//198
f 349//199 347//199 335//199 337//199
f 351//211 349//211 337//211 338//211
f 339//201 336//201 348//201 350//201
f 340//212 339//212 350//212 352//212
f 327//203 329//203 341//203 354//203
f 331//213 328//213 353//213 344//213
f 355//214 356//214 357//214 358//214
f 356//215 359//215 360//215 357//215
f 359//216 361//216 362//216 360//216
f 361//217 363//217 364//217 362//217
f 364//190 363//190 365//190 366//190
f 355//218 367//218 368//218 356//218
f 369//219 358//219 357//219 370//219
f 356//220 368//220 371//220 359//220
f 370//221 357//221 360//221 372//221
f 359//222 371//222 373//222 361//222
f 372//223 360//223 362//223 374//223
f 361//224 373//224 375//224 363//224
f 374//38 362//38 364//38 376//38
f 363//225 375//225 377//225 365//225
f 376//226 364//226 366//226 378//226
f 379//227 380//227 381//227 382//227
f 383//228 384//228 380//228 379//228
f 385//229 386//229 384//229 383//229
f 387//230 388//230 386//230 385//230
f 389//209 388//209 387//209 390//209
f 368//218 367//218 381//218 380//218
f 379//219 382//219 369//219 370//219
f 371//220 368//220 380//220 384//220
f 383//221 379//221 370//221 372//221
f 373//222 371//222 384//222 386//222
f 385//223 383//223 372//223 374//223
f 375//224 373//224 386//224 388//224
f 387//38 385//38 374//38 376//38
f 377//231 375//231 388//231 389//231
f 390//232 387//232 376//232 378//232
f 274//233 273//233 167//233 168//233
f 312//233 210//233 209//233 311//233
f 195//234 89//234 90//234 196//234
f 234//234 132//234 131//234 233//234
f 117//235 11//235 12//235 118//235
f 156//235 54//235 53//235 155//235
f 78//236 366//236 365//236 77//236
f 39//236 323//236 324//236 40//236
f 351//237 245//237 246//237 352//237
f 390//237 288//237 287//237 389//237
f 391//238 40//238 324//238 392//238
f 393//238 28//238 40//238 391//238
f 12//238 28//238 393//238 394//238
f 118//238 12//238 394//238 395//238
f 106//238 118//238 395//238 396//238
f 106//238 396//238 397//238 90//238
f 90//238 397//238 398//238 196//238
f 196//238 398//238 399//238 184//238
f 184//238 399//238 400//238 168//238
f 400//238 401//238 274//238 168//238
f 401//238 402//238 262//238 274//238
f 402//238 403//238 246//238 262//238
f 403//238 404//238 352//238 246//238
f 404//238 405//238 340//238 352//238
f 392//238 324//238 340//238 405//238
f 406//238 407//238 408//238 409//238 410//238 411//238 412//238 413//238 414//238 415//238 416//238 417//238 418//238 419//238 420//238
f 421//238 403//238 402//238 422//238
f 422//238 402//238 401//238 423//238
f 423//238 401//238 400//238 424//238
f 403//238 421//238 425//238 404//238
f 404//238 425//238 426//238 405//238
f 426//238 427//238 392//238 405//238
f 392//238 427//238 428//238 391//238
f 391//238 428//238 429//238 393//238
f 394//238 430//238 431//238 395//238
f 394//238 393//238 429//238 430//238
f 396//238 432//238 433//238 397//238
f 396//238 395//238 431//238 432//238
f 397//238 433//238 434//238 398//238
f 398//238 434//238 435//238 399//238
f 399//238 435//238 424//238 400//238
f 432//238 436//238 437//238 433//238
f 433//238 437//238 438//238 434//238
f 434//238 438//238 439//238 435//238
f 435//238 439//238 440//238 424//238
f 440//238 441//238 423//238 424//238
f 441//238 442//238 422//238 423//238
f 442//238 443//238 421//238 422//238
f 443//238 444//238 425//238 421//238
f 444//238 445//238 426//238 425//238
f 446//238 427//238 426//238 445//238
f 447//238 428//238 427//238 446//238
f 448//238 429//238 428//238 447//238
f 430//238 429//238 448//238 449//238
f 431//238 430//238 449//238 450//238
f 432//238 431//238 450//238 436//238
f 436//239 451//239 452//239 437//239
f 437//240 452//240 453//240 438//240
f 438//241 453//241 454//241 439//241
f 439//242 454//242 455//242 440//242
f 455//233 456//233 441//233 440//233
f 456//243 457//243 442//243 441//243
f 457//244 458//244 443//244 442//244
f 458//237 459//237 444//237 443//237
f 459//245 460//245 445//245 444//245
f 460//246 461//246 446//246 445//246
f 461//236 462//236 447//236 446//236
f 462//247 463//247 448//247 447//247
f 448//248 463//248 464//248 449//248
f 449//235 464//235 465//235 450//235
f 450//249 465//249 451//249 436//249
f 452//38 451//38 466//38 467//38
f 453//38 452//38 467//38 468//38
f 454//38 453//38 468//38 469//38
f 455//38 454//38 469//38 470//38
f 471//38 456//38 455//38 470//38
f 472//38 457//38 456//38 471//38
f 473//38 458//38 457//38 472//38
f 474//38 459//38 458//38 473//38
f 475//38 460//38 459//38 474//38
f 475//38 476//38 461//38 460//38
f 476//38 477//38 462//38 461//38
f 477//38 478//38 463//38 462//38
f 463//38 478//38 479//38 464//38
f 464//38 479//38 480//38 465//38
f 465//38 480//38 466//38 451//38
f 466//250 481//250 482//250 467//250
f 467//251 482//251 483//251 468//251
f 468//252 483//252 484//252 469//252
f 469//253 484//253 485//253 470//253
f 485//254 486//254 471//254 470//254
f 486//255 487//255 472//255 471//255
f 487//256 488//256 473//256 472//256
f 488//257 489//257 474//257 473//257
f 489//258 490//258 475//258 474//258
f 490//259 491//259 476//259 475//259
f 491//260 492//260 477//260 476//260
f 492//261 493//261 478//261 477//261
f 478//262 493//262 494//262 479//262
f 479//263 494//263 495//263 480//263
f 480//264 495//264 481//264 466//264
f 481//239 406//239 420//239 482//239
f 482//234 420//234 419//234 483//234
f 483//265 419//265 418//265 484//265
f 484//242 418//242 417//242 485//242
f 417//233 416//233 486//233 485//233
f 416//243 415//243 487//243 486//243
f 415//244 414//244 488//244 487//244
f 414//237 413//237 489//237 488//237
f 413//245 412//245 490//245 489//245
f 412//246 411//246 491//246 490//246
f 411//236 410//236 492//236 491//236
f 410//266 409//266 493//266 492//266
f 493//267 409//267 408//267 494//267
f 494//235 408//235 407//235 495//235
f 495//249 407//249 406//249 481//249
usemtl surf3
f 496//25 497//25 498//25 499//25 500//25 501//25 502//25 503//25 504//25 505//25 506//25 507//25 508//25 509//25 510//25
f 511//268 512//268 513//268 514//268
f 512//269 515//269 516//269 513//269
f 515//270 517//270 518//270 516//270
f 517//271 519//271 520//271 518//271
f 520//272 519//272 521//272 522//272
f 522//273 521//273 523//273 524//273
f 524//274 523//274 525//274 526//274
f 526//233 525//233 527//233 528//233
f 528//275 527//275 529//275 530//275
f 530//276 529//276 531//276 532//276
f 532//277 531//277 533//277 534//277
f 533//278 535//278 536//278 534//278
f 535//279 537//279 538//279 536//279
f 537//280 539//280 540//280 538//280
f 539//281 511//281 514//281 540//281
f 541//6 542//6 543//6 544//6 545//6 546//6 547//6 548//6 549//6 550//6 551//6 552//6 553//6 554//6 555//6
f 556//282 557//282 511//282 539//282
f 558//283 512//283 511//283 557//283
f 559//284 515//284 512//284 558//284
f 560//285 517//285 515//285 559//285
f 561//286 519//286 517//286 560//286
f 521//287 519//287 561//287 562//287
f 523//288 521//288 562//288 563//288
f 525//289 523//289 563//289 564//289
f 525//290 564//290 565//290 527//290
f 527//291 565//291 566//291 529//291
f 529//292 566//292 567//292 531//292
f 531//293 567//293 568//293 533//293
f 568//294 569//294 535//294 533//294
f 569//295 570//295 537//295 535//295
f 570//296 556//296 539//296 537//296
f 514//297 513//297 571//297 572//297
f 514//298 572//298 573//298 540//298
f 540//299 573//299 574//299 538//299
f 538//300 574//300 575//300 536//300
f 536//301 575//301 576//301 534//301
f 576//302 577//302 532//302 534//302
f 577//303 578//303 530//303 532//303
f 578//304 579//304 528//304 530//304
f 579//305 580//305 526//305 528//305
f 581//306 524//306 526//306 580//306
f 582//307 522//307 524//307 581//307
f 583//308 520//308 522//308 582//308
f 518//309 520//309 583//309 584//309
f 516//310 518//310 584//310 585//310
f 513//311 516//311 585//311 571//311
f 496//312 510//312 557//312 556//312
f 509//313 558//313 557//313 510//313
f 508//314 559//314 558//314 509//314
f 507//315 560//315 559//315 508//315
f 506//316 561//316 560//316 507//316
f 562//317 561//317 506//317 505//317
f 563//318 562//318 505//318 504//318
f 564//319 563//319 504//319 503//319
f 564//320 503//320 502//320 565//320
f 565//321 502//321 501//321 566//321
f 566//322 501//322 500//322 567//322
f 567//323 500//323 499//323 568//323
f 499//324 498//324 569//324 568//324
f 498//325 497//325 570//325 569//325
f 497//326 496//326 556//326 570//326
f 572//327 571//327 541//327 555//327
f 572//328 555//328 554//328 573//328
f 573//329 554//329 553//329 574//329
f 574//330 553//330 552//330 575//330
f 575//331 552//331 551//331 576//331
f 551//332 550//332 577//332 576//332
f 550//333 549//333 578//333 577//333
f 549//334 548//334 579//334 578//334
f 548//335 547//335 580//335 579//335
f 546//336 581//336 580//336 547//336
f 545//337 582//337 581//337 546//337
f 544//338 583//338 582//338 545//338
f 584//339 583//339 544//339 543//339
f 585//340 584//340 543//340 542//340
f 571//341 585//341 542//341 541//341
f 586//342 587//342 588//342 589//342
f 590//343 591//343 588//343 587//343
f 592//343 593//343 591//343 590//343
f 594//344 595//344 593//344 592//344
f 596//345 597//345 598//345 599//345
f 597//346 600//346 601//346 598//346
f 600//347 586//347 589//347 601//347
f 586//348 602//348 603//348 587//348
f 588//349 604//349 605//349 589//349
f 587//350 603//350 606//350 590//350
f 591//351 607//351 604//351 588//351
f 590//352 606//352 608//352 592//352
f 593//353 609//353 607//353 591//353
f 592//354 608//354 610//354 594//354
f 595//355 611//355 609//355 593//355
f 596//356 612//356 613//356 597//356
f 598//357 614//357 615//357 599//357
f 597//358 613//358 616//358 600//358
f 601//359 617//359 614//359 598//359
f 600//360 616//360 602//360 586//360
f 589//361 605//361 617//361 601//361
f 611//362 595//362 594//362 610//362
f 618//363 619//363 620//363 621//363
f 618//364 622//364 623//364 619//364
f 622//364 624//364 625//364 623//364
f 624//365 626//365 627//365 625//365
f 628//366 629//366 630//366 631//366
f 632//367 633//367 629//367 628//367
f 621//368 620//368 633//368 632//368
f 603//348 602//348 620//348 619//348
f 605//349 604//349 618//349 621//349
f 606//350 603//350 619//350 623//350
f 604//351 607//351 622//351 618//351
f 608//352 606//352 623//352 625//352
f 607//353 609//353 624//353 622//353
f 610//354 608//354 625//354 627//354
f 609//355 611//355 626//355 624//355
f 613//356 612//356 630//356 629//356
f 615//357 614//357 628//357 631//357
f 616//358 613//358 629//358 633//358
f 614//359 617//359 632//359 628//359
f 602//360 616//360 633//360 620//360
f 617//361 605//361 621//361 632//361
f 627//362 626//362 611//362 610//362
f 631//369 630//369 612//369 615//369
f 612//369 596//369 599//369 615//369
f 634//70 635//70 636//70 637//70 638//70 639//70 640//70 641//70 642//70 643//70 644//70 645//70 646//70 647//70 648//70
f 649//370 650//370 651//370 652//370
f 650//371 653//371 654//371 651//371
f 653//372 655//372 656//372 654//372
f 655//373 657//373 658//373 656//373
f 658//374 657//374 659//374 660//374
f 660//375 659//375 661//375 662//375
f 662//376 661//376 663//376 664//376
f 664//237 663//237 665//237 666//237
f 666//377 665//377 667//377 668//377
f 668//378 667//378 669//378 670//378
f 670//379 669//379 671//379 672//379
f 671//380 673//380 674//380 672//380
f 673//381 675//381 676//381 674//381
f 675//382 677//382 678//382 676//382
f 677//383 649//383 652//383 678//383
f 679//51 680//51 681//51 682//51 683//51 684//51 685//51 686//51 687//51 688//51 689//51 690//51 691//51 692//51 693//51
f 694//384 695//384 649//384 677//384
f 696//385 650//385 649//385 695//385
f 697//386 653//386 650//386 696//386
f 698//387 655//387 653//387 697//387
f 699//388 657//388 655//388 698//388
f 659//389 657//389 699//389 700//389
f 661//390 659//390 700//390 701//390
f 663//391 661//391 701//391 702//391
f 663//392 702//392 703//392 665//392
f 665//393 703//393 704//393 667//393
f 667//394 704//394 705//394 669//394
f 669//395 705//395 706//395 671//395
f 706//396 707//396 673//396 671//396
f 707//397 708//397 675//397 673//397
f 708//398 694//398 677//398 675//398
f 652//399 651//399 709//399 710//399
f 652//400 710//400 711//400 678//400
f 678//401 711//401 712//401 676//401
f 676//402 712//402 713//402 674//402
f 674//403 713//403 714//403 672//403
f 714//404 715//404 670//404 672//404
f 715//405 716//405 668//405 670//405
f 716//406 717//406 666//406 668//406
f 717//407 718//407 664//407 666//407
f 719//408 662//408 664//408 718//408
f 720//409 660//409 662//409 719//409
f 721//410 658//410 660//410 720//410
f 656//411 658//411 721//411 722//411
f 654//412 656//412 722//412 723//412
f 651//413 654//413 723//413 709//413
f 634//414 648//414 695//414 694//414
f 647//415 696//415 695//415 648//415
f 646//416 697//416 696//416 647//416
f 645//417 698//417 697//417 646//417
f 644//418 699//418 698//418 645//418
f 700//419 699//419 644//419 643//419
f 701//420 700//420 643//420 642//420
f 702//421 701//421 642//421 641//421
f 702//422 641//422 640//422 703//422
f 703//423 640//423 639//423 704//423
f 704//424 639//424 638//424 705//424
f 705//425 638//425 637//425 706//425
f 637//426 636//426 707//426 706//426
f 636//427 635//427 708//427 707//427
f 635//428 634//428 694//428 708//428
f 710//429 709//429 679//429 693//429
f 710//430 693//430 692//430 711//430
f 711//431 692//431 691//431 712//431
f 712//432 691//432 690//432 713//432
f 713//433 690//433 689//433 714//433
f 689//434 688//434 715//434 714//434
f 688//435 687//435 716//435 715//435
f 687//436 686//436 717//436 716//436
f 686//437 685//437 718//437 717//437
f 684//438 719//438 718//438 685//438
f 683//439 720//439 719//439 684//439
f 682//440 721//440 720//440 683//440
f 722//441 721//441 682//441 681//441
f 723//442 722//442 681//442 680//442
f 709//443 723//443 680//443 679//443
f 724//444 725//444 726//444 727//444
f 728//445 729//445 726//445 725//445
f 730//446 731//446 729//446 728//446
f 732//447 733//447 731//447 730//447
f 734//448 735//448 736//448 737//448
f 735//449 738//449 739//449 736//449
f 738//450 724//450 727//450 739//450
f 724//451 740//451 741//451 725//451
f 726//452 742//452 743//452 727//452
f 725//453 741//453 744//453 728//453
f 729//454 745//454 742//454 726//454
f 728//455 744//455 746//455 730//455
f 731//456 747//456 745//456 729//456
f 730//457 746//457 748//457 732//457
f 733//458 749//458 747//458 731//458
f 734//459 750//459 751//459 735//459
f 736//460 752//460 753//460 737//460
f 735//461 751//461 754//461 738//461
f 739//462 755//462 752//462 736//462
f 738//463 754//463 740//463 724//463
f 727//464 743//464 755//464 739//464
f 749//465 733//465 732//465 748//465
f 756//466 757//466 758//466 759//466
f 756//467 760//467 761//467 757//467
f 760//468 762//468 763//468 761//468
f 762//469 764//469 765//469 763//469
f 766//470 767//470 768//470 769//470
f 770//471 771//471 767//471 766//471
f 759//472 758//472 771//472 770//472
f 741//451 740//451 758//451 757//451
f 743//452 742//452 756//452 759//452
f 744//473 741//473 757//473 761//473
f 742//454 745//454 760//454 756//454
f 746//474 744//474 761//474 763//474
f 745//475 747//475 762//475 760//475
f 748//457 746//457 763//457 765//457
f 747//476 749//476 764//476 762//476
f 751//477 750//477 768//477 767//477
f 753//478 752//478 766//478 769//478
f 754//461 751//461 767//461 771//461
f 752//479 755//479 770//479 766//479
f 740//463 754//463 771//463 758//463
f 755//464 743//464 759//464 770//464
f 765//465 764//465 749//465 748//465
f 769//480 768//480 750//480 753//480
f 750//480 734//480 737//480 753//480
f 772//116 773//116 774//116 775//116 776//116 777//116 778//116 779//116 780//116 781//116 782//116 783//116 784//116 785//116 786//116
f 787//481 788//481 789//481 790//481
f 788//482 791//482 792//482 789//482
f 791//483 793//483 794//483 792//483
f 793//484 795//484 796//484 794//484
f 796//485 795//485 797//485 798//485
f 798//486 797//486 799//486 800//486
f 800//487 799//487 801//487 802//487
f 802//236 801//236 803//236 804//236
f 804//488 803//488 805//488 806//488
f 806//489 805//489 807//489 808//489
f 808//490 807//490 809//490 810//490
f 809//491 811//491 812//491 810//491
f 811//492 813//492 814//492 812//492
f 813//493 815//493 816//493 814//493
f 815//494 787//494 790//494 816//494
f 817//495 818//495 819//495 820//495 821//495 822//495 823//495 824//495 825//495 826//495 827//495 828//495 829//495 830//495 831//495
f 832//496 833//496 787//496 815//496
f 834//497 788//497 787//497 833//497
f 835//498 791//498 788//498 834//498
f 836//499 793//499 791//499 835//499
f 837//500 795//500 793//500 836//500
f 797//501 795//501 837//501 838//501
f 799//502 797//502 838//502 839//502
f 801//503 799//503 839//503 840//503
f 801//504 840//504 841//504 803//504
f 803//505 841//505 842//505 805//505
f 805//506 842//506 843//506 807//506
f 807//507 843//507 844//507 809//507
f 844//508 845//508 811//508 809//508
f 845//509 846//509 813//509 811//509
f 846//510 832//510 815//510 813//510
f 790//511 789//511 847//511 848//511
f 790//512 848//512 849//512 816//512
f 816//513 849//513 850//513 814//513
f 814//514 850//514 851//514 812//514
f 812//515 851//515 852//515 810//515
f 852//516 853//516 808//516 810//516
f 853//517 854//517 806//517 808//517
f 854//518 855//518 804//518 806//518
f 855//519 856//519 802//519 804//519
f 857//520 800//520 802//520 856//520
f 858//521 798//521 800//521 857//521
f 859//522 796//522 798//522 858//522
f 794//523 796//523 859//523 860//523
f 792//524 794//524 860//524 861//524
f 789//525 792//525 861//525 847//525
f 772//526 786//526 833//526 832//526
f 785//527 834//527 833//527 786//527
f 784//528 835//528 834//528 785//528
f 783//529 836//529 835//529 784//529
f 782//530 837//530 836//530 783//530
f 838//531 837//531 782//531 781//531
f 839//532 838//532 781//532 780//532
f 840//533 839//533 780//533 779//533
f 840//534 779//534 778//534 841//534
f 841//535 778//535 777//535 842//535
f 842//536 777//536 776//536 843//536
f 843//537 776//537 775//537 844//537
f 775//538 774//538 845//538 844//538
f 774//539 773//539 846//539 845//539
f 773//540 772//540 832//540 846//540
f 848//541 847//541 817//541 831//541
f 848//542 831//542 830//542 849//542
f 849//543 830//543 829//543 850//543
f 850//544 829//544 828//544 851//544
f 851//545 828//545 827//545 852//545
f 827//546 826//546 853//546 852//546
f 826//547 825//547 854//547 853//547
f 825//548 824//548 855//548 854//548
f 824//549 823//549 856//549 855//549
f 822//550 857//550 856//550 823//550
f 821//551 858//551 857//551 822//551
f 820//552 859//552 858//552 821//552
f 860//553 859//553 820//553 819//553
f 861//554 860//554 819//554 818//554
f 847//555 861//555 818//555 817//555
f 862//556 863//556 864//556 865//556
f 866//557 867//557 864//557 863//557
f 868//557 869//557 867//557 866//557
f 870//558 871//558 869//558 868//558
f 872//559 873//559 874//559 875//559
f 873//560 876//560 877//560 874//560
f 876//561 862//561 865//561 877//561
f 862//562 878//562 879//562 863//562
f 864//563 880//563 881//563 865//563
f 863//564 879//564 882//564 866//564
f 867//565 883//565 880//565 864//565
f 866//566 882//566 884//566 868//566
f 869//567 885//567 883//567 867//567
f 868//568 884//568 886//568 870//568
f 871//569 887//569 885//569 869//569
f 872//570 888//570 889//570 873//570
f 874//571 890//571 891//571 875//571
f 873//572 889//572 892//572 876//572
f 877//573 893//573 890//573 874//573
f 876//574 892//574 878//574 862//574
f 865//575 881//575 893//575 877//575
f 887//576 871//576 870//576 886//576
f 894//577 895//577 896//577 897//577
f 894//578 898//578 899//578 895//578
f 898//579 900//579 901//579 899//579
f 900//580 902//580 903//580 901//580
f 904//581 905//581 906//581 907//581
f 908//582 909//582 905//582 904//582
f 897//583 896//583 909//583 908//583
f 879//584 878//584 896//584 895//584
f 881//563 880//563 894//563 897//563
f 882//585 879//585 895//585 899//585
f 880//586 883//586 898//586 894//586
f 884//587 882//587 899//587 901//587
f 883//588 885//588 900//588 898//588
f 886//568 884//568 901//568 903//568
f 885//569 887//569 902//569 900//569
f 889//570 888//570 906//570 905//570
f 891//589 890//589 904//589 907//589
f 892//590 889//590 905//590 909//590
f 890//573 893//573 908//573 904//573
f 878//591 892//591 909//591 896//591
f 893//592 881//592 897//592 908//592
f 903//576 902//576 887//576 886//576
f 907//593 906//593 888//593 891//593
f 888//593 872//593 875//593 891//593
f 910//594 911//594 912//594 913//594 914//594 915//594 916//594 917//594 918//594 919//594 920//594 921//594 922//594 923//594 924//594
f 925//595 926//595 927//595 928//595
f 926//596 929//596 930//596 927//596
f 929//597 931//597 932//597 930//597
f 931//598 933//598 934//598 932//598
f 934//599 933//599 935//599 936//599
f 936//600 935//600 937//600 938//600
f 938//601 937//601 939//601 940//601
f 940//235 939//235 941//235 942//235
f 942//602 941//602 943//602 944//602
f 944//603 943//603 945//603 946//603
f 946//604 945//604 947//604 948//604
f 947//605 949//605 950//605 948//605
f 949//606 951//606 952//606 950//606
f 951//607 953//607 954//607 952//607
f 953//608 925//608 928//608 954//608
f 955//144 956//144 957//144 958//144 959//144 960//144 961//144 962//144 963//144 964//144 965//144 966//144 967//144 968//144 969//144
f 970//609 971//609 925//609 953//609
f 972//610 926//610 925//610 971//610
f 973//611 929//611 926//611 972//611
f 974//612 931//612 929//612 973//612
f 975//613 933//613 931//613 974//613
f 935//614 933//614 975//614 976//614
f 937//615 935//615 976//615 977//615
f 939//616 937//616 977//616 978//616
f 939//617 978//617 979//617 941//617
f 941//618 979//618 980//618 943//618
f 943//619 980//619 981//619 945//619
f 945//620 981//620 982//620 947//620
f 982//621 983//621 949//621 947//621
f 983//622 984//622 951//622 949//622
f 984//623 970//623 953//623 951//623
f 928//624 927//624 985//624 986//624
f 928//625 986//625 987//625 954//625
f 954//626 987//626 988//626 952//626
f 952//627 988//627 989//627 950//627
f 950//628 989//628 990//628 948//628
f 990//629 991//629 946//629 948//629
f 991//630 992//630 944//630 946//630
f 992//631 993//631 942//631 944//631
f 993//632 994//632 940//632 942//632
f 995//633 938//633 940//633 994//633
f 996//634 936//634 938//634 995//634
f 997//635 934//635 936//635 996//635
f 932//636 934//636 997//636 998//636
f 930//637 932//637 998//637 999//637
f 927//638 930//638 999//638 985//638
f 910//639 924//639 971//639 970//639
f 923//640 972//640 971//640 924//640
f 922//641 973//641 972//641 923//641
f 921//642 974//642 973//642 922//642
f 920//643 975//643 974//643 921//643
f 976//644 975//644 920//644 919//644
f 977//645 976//645 919//645 918//645
f 978//646 977//646 918//646 917//646
f 978//647 917//647 916//647 979//647
f 979//648 916//648 915//648 980//648
f 980//649 915//649 914//649 981//649
f 981//650 914//650 913//650 982//650
f 913//651 912//651 983//651 982//651
f 912//652 911//652 984//652 983//652
f 911//653 910//653 970//653 984//653
f 986//654 985//654 955//654 969//654
f 986//655 969//655 968//655 987//655
f 987//656 968//656 967//656 988//656
f 988//657 967//657 966//657 989//657
f 989//658 966//658 965//658 990//658
f 965//659 964//659 991//659 990//659
f 964//660 963//660 992//660 991//660
f 963//661 962//661 993//661 992//661
f 962//662 961//662 994//662 993//662
f 960//663 995//663 994//663 961//663
f 959//664 996//664 995//664 960//664
f 958//665 997//665 996//665 959//665
f 998//666 997//666 958//666 957//666
f 999//667 998//667 957//667 956//667
f 985//668 999//668 956//668 955//668
f 1000//669 1001//669 1002//669 1003//669
f 1004//670 1005//670 1002//670 1001//670
f 1006//671 1007//671 1005//671 1004//671
f 1008//672 1009//672 1007//672 1006//672
f 1010//673 1011//673 1012//673 1013//673
f 1011//674 1014//674 1015//674 1012//674
f 1014//675 1000//675 1003//675 1015//675
f 1000//676 1016//676 1017//676 1001//676
f 1002//677 1018//677 1019//677 1003//677
f 1001//678 1017//678 1020//678 1004//678
f 1005//679 1021//679 1018//679 1002//679
f 1004//680 1020//680 1022//680 1006//680
f 1007//681 1023//681 1021//681 1005//681
f 1006//682 1022//682 1024//682 1008//682
f 1009//683 1025//683 1023//683 1007//683
f 1010//684 1026//684 1027//684 1011//684
f 1012//685 1028//685 1029//685 1013//685
f 1011//686 1027//686 1030//686 1014//686
f 1015//687 1031//687 1028//687 1012//687
f 1014//688 1030//688 1016//688 1000//688
f 1003//689 1019//689 1031//689 1015//689
f 1025//690 1009//690 1008//690 1024//690
f 1032//691 1033//691 1034//691 1035//691
f 1032//692 1036//692 1037//692 1033//692
f 1036//692 1038//692 1039//692 1037//692
f 1038//693 1040//693 1041//693 1039//693
f 1042//694 1043//694 1044//694 1045//694
f 1046//695 1047//695 1043//695 1042//695
f 1035//696 1034//696 1047//696 1046//696
f 1017//676 1016//676 1034//676 1033//676
f 1019//677 1018//677 1032//677 1035//677
f 1020//697 1017//697 1033//697 1037//697
f 1018//698 1021//698 1036//698 1032//698
f 1022//699 1020//699 1037//699 1039//699
f 1021//700 1023//700 1038//700 1036//700
f 1024//682 1022//682 1039//682 1041//682
f 1023//683 1025//683 1040//683 1038//683
f 1027//684 1026//684 1044//684 1043//684
f 1029//701 1028//701 1042//701 1045//701
f 1030//702 1027//702 1043//702 1047//702
f 1028//687 1031//687 1046//687 1042//687
f 1016//703 1030//703 1047//703 1034//703
f 1031//704 1019//704 1035//704 1046//704
f 1041//690 1040//690 1025//690 1024//690
f 1045//705 1044//705 1026//705 1029//705
f 1026//705 1010//705 1013//705 1029//705
f 1048//210 1049//210 1050//210 1051//210 1052//210 1053//210 1054//210 1055//210 1056//210 1057//210 1058//210 1059//210 1060//210 1061//210 1062//210
f 1063//706 1064//706 1065//706 1066//706
f 1064//707 1067//707 1068//707 1065//707
f 1067//708 1069//708 1070//708 1068//708
f 1069//709 1071//709 1072//709 1070//709
f 1072//710 1071//710 1073//710 1074//710
f 1074//711 1073//711 1075//711 1076//711
f 1076//712 1075//712 1077//712 1078//712
f 1078//234 1077//234 1079//234 1080//234
f 1080//713 1079//713 1081//713 1082//713
f 1082//714 1081//714 1083//714 1084//714
f 1084//715 1083//715 1085//715 1086//715
f 1085//716 1087//716 1088//716 1086//716
f 1087//717 1089//717 1090//717 1088//717
f 1089//718 1091//718 1092//718 1090//718
f 1091//719 1063//719 1066//719 1092//719
f 1093//191 1094//191 1095//191 1096//191 1097//191 1098//191 1099//191 1100//191 1101//191 1102//191 1103//191 1104//191 1105//191 1106//191 1107//191
f 1108//720 1109//720 1063//720 1091//720
f 1110//721 1064//721 1063//721 1109//721
f 1111//722 1067//722 1064//722 1110//722
f 1112//723 1069//723 1067//723 1111//723
f 1113//724 1071//724 1069//724 1112//724
f 1073//725 1071//725 1113//725 1114//725
f 1075//726 1073//726 1114//726 1115//726
f 1077//727 1075//727 1115//727 1116//727
f 1077//728 1116//728 1117//728 1079//728
f 1079//729 1117//729 1118//729 1081//729
f 1081//730 1118//730 1119//730 1083//730
f 1083//731 1119//731 1120//731 1085//731
f 1120//732 1121//732 1087//732 1085//732
f 1121//733 1122//733 1089//733 1087//733
f 1122//734 1108//734 1091//734 1089//734
f 1066//735 1065//735 1123//735 1124//735
f 1066//736 1124//736 1125//736 1092//736
f 1092//737 1125//737 1126//737 1090//737
f 1090//738 1126//738 1127//738 1088//738
f 1088//739 1127//739 1128//739 1086//739
f 1128//740 1129//740 1084//740 1086//740
f 1129//741 1130//741 1082//741 1084//741
f 1130//742 1131//742 1080//742 1082//742
f 1131//743 1132//743 1078//743 1080//743
f 1133//744 1076//744 1078//744 1132//744
f 1134//745 1074//745 1076//745 1133//745
f 1135//746 1072//746 1074//746 1134//746
f 1070//747 1072//747 1135//747 1136//747
f 1068//748 1070//748 1136//748 1137//748
f 1065//749 1068//749 1137//749 1123//749
f 1048//750 1062//750 1109//750 1108//750
f 1061//751 1110//751 1109//751 1062//751
f 1060//752 1111//752 1110//752 1061//752
f 1059//753 1112//753 1111//753 1060//753
f 1058//754 1113//754 1112//754 1059//754
f 1114//755 1113//755 1058//755 1057//755
f 1115//756 1114//756 1057//756 1056//756
f 1116//757 1115//757 1056//757 1055//757
f 1116//758 1055//758 1054//758 1117//758
f 1117//759 1054//759 1053//759 1118//759
f 1118//760 1053//760 1052//760 1119//760
f 1119//761 1052//761 1051//761 1120//761
f 1051//762 1050//762 1121//762 1120//762
f 1050//763 1049//763 1122//763 1121//763
f 1049//764 1048//764 1108//764 1122//764
f 1124//765 1123//765 1093//765 1107//765
f 1124//766 1107//766 1106//766 1125//766
f 1125//767 1106//767 1105//767 1126//767
f 1126//768 1105//768 1104//768 1127//768
f 1127//769 1104//769 1103//769 1128//769
f 1103//770 1102//770 1129//770 1128//770
f 1102//771 1101//771 1130//771 1129//771
f 1101//772 1100//772 1131//772 1130//772
f 1100//773 1099//773 1132//773 1131//773
f 1098//774 1133//774 1132//774 1099//774
f 1097//775 1134//775 1133//775 1098//775
f 1096//776 1135//776 1134//776 1097//776
f 1136//777 1135//777 1096//777 1095//777
f 1137//778 1136//778 1095//778 1094//778
f 1123//779 1137//779 1094//779 1093//779
f 1138//780 1139//780 1140//780 1141//780
f 1142//781 1143//781 1140//781 1139//781
f 1144//782 1145//782 1143//782 1142//782
f 1146//783 1147//783 1145//783 1144//783
f 1148//784 1149//784 1150//784 1151//784
f 1149//785 1152//785 1153//785 1150//785
f 1152//786 1138//786 1141//786 1153//786
f 1138//787 1154//787 1155//787 1139//787
f 1140//788 1156//788 1157//788 1141//788
f 1139//789 1155//789 1158//789 1142//789
f 1143//790 1159//790 1156//790 1140//790
f 1142//791 1158//791 1160//791 1144//791
f 1145//792 1161//792 1159//792 1143//792
f 1144//793 1160//793 1162//793 1146//793
f 1147//794 1163//794 1161//794 1145//794
f 1148//795 1164//795 1165//795 1149//795
f 1150//796 1166//796 1167//796 1151//796
f 1149//797 1165//797 1168//797 1152//797
f 1153//798 1169//798 1166//798 1150//798
f 1152//799 1168//799 1154//799 1138//799
f 1141//800 1157//800 1169//800 1153//800
f 1163//801 1147//801 1146//801 1162//801
f 1170//802 1171//802 1172//802 1173//802
f 1170//803 1174//803 1175//803 1171//803
f 1174//804 1176//804 1177//804 1175//804
f 1176//805 1178//805 1179//805 1177//805
f 1180//806 1181//806 1182//806 1183//806
f 1184//807 1185//807 1181//807 1180//807
f 1173//808 1172//808 1185//808 1184//808
f 1155//787 1154//787 1172//787 1171//787
f 1157//788 1156//788 1170//788 1173//788
f 1158//809 1155//809 1171//809 1175//809
f 1156//790 1159//790 1174//790 1170//790
f 1160//810 1158//810 1175//810 1177//810
f 1159//811 1161//811 1176//811 1174//811
f 1162//793 1160//793 1177//793 1179//793
f 1161//812 1163//812 1178//812 1176//812
f 1165//813 1164//813 1182//813 1181//813
f 1167//814 1166//814 1180//814 1183//814
f 1168//797 1165//797 1181//797 1185//797
f 1166//815 1169//815 1184//815 1180//815
f 1154//799 1168//799 1185//799 1172//799
f 1169//800 1157//800 1173//800 1184//800
f 1179//801 1178//801 1163//801 1162//801
f 1183//816 1182//816 1164//816 1167//816
f 1164//816 1148//816 1151//816 1167//816
f 1186//6 1187//6 1188//6 1189//6
f 1188//233 1190//233 1191//233 1189//233
f 1191//6 1190//6 1192//6 1193//6
f 1193//6 1192//6 1194//6 1195//6
f 1194//233 1196//233 1197//233 1195//233
f 1197//6 1196//6 1198//6 1199//6
f 1199//817 1198//817 1200//817 1201//817
f 1201//6 1200//6 1202//6 1203//6
f 1202//818 1204//818 1205//818 1203//818
f 1205//6 1204//6 1206//6 1207//6
f 1207//819 1206//819 1208//819 1209//819
f 1209//6 1208//6 1210//6 1211//6
f 1210//820 1212//820 1213//820 1211//820
f 1212//6 1214//6 1215//6 1213//6
f 1215//821 1214//821 1216//821 1217//821
f 1216//6 1218//6 1219//6 1217//6
f 1218//822 1220//822 1221//822 1219//822
f 1220//6 1222//6 1223//6 1221//6
f 1223//823 1222//823 1224//823 1225//823
f 1224//6 1226//6 1227//6 1225//6
f 1226//824 1228//824 1229//824 1227//824
f 1228//6 1230//6 1231//6 1229//6
f 1231//38 1230//38 1232//38 1233//38
f 1232//6 1234//6 1235//6 1233//6
f 1234//238 1236//238 1237//238 1235//238
f 1237//6 1236//6 1238//6 1239//6
f 1240//825 1241//825 1238//825 1236//825
f 1239//233 1242//233 1243//233 1237//233
f 1244//25 1241//25 1240//25 1245//25
f 1242//25 1246//25 1247//25 1243//25
f 1189//38 1248//38 1249//38 1186//38
f 1250//238 1251//238 1239//238 1238//238
f 1186//825 1249//825 1252//825 1187//825
f 1252//238 1253//238 1188//238 1187//238
f 1191//233 1254//233 1248//233 1189//233
f 1255//233 1190//233 1188//233 1253//233
f 1193//38 1256//38 1254//38 1191//38
f 1190//238 1255//238 1257//238 1192//238
f 1195//38 1258//38 1256//38 1193//38
f 1192//238 1257//238 1259//238 1194//238
f 1197//233 1260//233 1258//233 1195//233
f 1261//233 1196//233 1194//233 1259//233
f 1199//826 1262//826 1260//826 1197//826
f 1196//827 1261//827 1263//827 1198//827
f 1262//817 1199//817 1201//817 1264//817
f 1198//817 1263//817 1265//817 1200//817
f 1203//828 1266//828 1264//828 1201//828
f 1200//829 1265//829 1267//829 1202//829
f 1205//818 1268//818 1266//818 1203//818
f 1269//818 1204//818 1202//818 1267//818
f 1207//830 1270//830 1268//830 1205//830
f 1204//831 1269//831 1271//831 1206//831
f 1270//832 1207//832 1209//832 1272//832
f 1206//832 1271//832 1273//832 1208//832
f 1211//833 1274//833 1272//833 1209//833
f 1208//834 1273//834 1275//834 1210//834
f 1213//820 1276//820 1274//820 1211//820
f 1277//820 1212//820 1210//820 1275//820
f 1215//835 1278//835 1276//835 1213//835
f 1212//836 1277//836 1279//836 1214//836
f 1278//837 1215//837 1217//837 1280//837
f 1214//821 1279//821 1281//821 1216//821
f 1219//838 1282//838 1280//838 1217//838
f 1216//839 1281//839 1283//839 1218//839
f 1221//840 1284//840 1282//840 1219//840
f 1285//822 1220//822 1218//822 1283//822
f 1223//841 1286//841 1284//841 1221//841
f 1220//842 1285//842 1287//842 1222//842
f 1286//823 1223//823 1225//823 1288//823
f 1222//823 1287//823 1289//823 1224//823
f 1227//843 1290//843 1288//843 1225//843
f 1224//844 1289//844 1291//844 1226//844
f 1229//824 1292//824 1290//824 1227//824
f 1293//824 1228//824 1226//824 1291//824
f 1231//845 1294//845 1292//845 1229//845
f 1228//846 1293//846 1295//846 1230//846
f 1294//38 1231//38 1233//38 1296//38
f 1230//38 1295//38 1297//38 1232//38
f 1235//233 1298//233 1296//233 1233//233
f 1232//825 1297//825 1299//825 1234//825
f 1237//238 1300//238 1298//238 1235//238
f 1301//238 1236//238 1234//238 1299//238
f 1241//825 1302//825 1250//825 1238//825
f 1303//825 1240//825 1236//825 1301//825
f 1304//233 1242//233 1239//233 1251//233
f 1243//233 1305//233 1300//233 1237//233
f 1244//38 1306//38 1302//38 1241//38
f 1240//238 1303//238 1307//238 1245//238
f 1242//38 1304//38 1308//38 1246//38
f 1247//238 1309//238 1305//238 1243//238
f 1310//25 1311//25 1312//25 1313//25
f 1314//233 1315//233 1310//233 1313//233
f 1316//25 1315//25 1314//25 1317//25
f 1318//25 1316//25 1317//25 1319//25
f 1320//233 1321//233 1318//233 1319//233
f 1322//25 1321//25 1320//25 1323//25
f 1324//817 1322//817 1323//817 1325//817
f 1326//25 1324//25 1325//25 1327//25
f 1328//818 1329//818 1326//818 1327//818
f 1330//25 1329//25 1328//25 1331//25
f 1332//819 1330//819 1331//819 1333//819
f 1334//25 1332//25 1333//25 1335//25
f 1336//820 1337//820 1334//820 1335//820
f 1338//25 1339//25 1337//25 1336//25
f 1340//821 1339//821 1338//821 1341//821
f 1342//25 1343//25 1340//25 1341//25
f 1344//822 1345//822 1343//822 1342//822
f 1346//25 1347//25 1345//25 1344//25
f 1348//823 1347//823 1346//823 1349//823
f 1350//25 1351//25 1348//25 1349//25
f 1352//824 1353//824 1351//824 1350//824
f 1354//25 1355//25 1353//25 1352//25
f 1356//38 1355//38 1354//38 1357//38
f 1358//25 1359//25 1356//25 1357//25
f 1360//238 1361//238 1359//238 1358//238
f 1362//25 1361//25 1360//25 1363//25
f 1362//825 1364//825 1365//825 1361//825
f 1366//233 1367//233 1363//233 1360//233
f 1365//6 1364//6 1368//6 1369//6
f 1370//6 1371//6 1367//6 1366//6
f 1249//38 1248//38 1313//38 1312//38
f 1363//238 1251//238 1250//238 1362//238
f 1252//825 1249//825 1312//825 1311//825
f 1310//238 1253//238 1252//238 1311//238
f 1248//233 1254//233 1314//233 1313//233
f 1310//233 1315//233 1255//233 1253//233
f 1254//38 1256//38 1317//38 1314//38
f 1257//238 1255//238 1315//238 1316//238
f 1256//38 1258//38 1319//38 1317//38
f 1259//238 1257//238 1316//238 1318//238
f 1258//233 1260//233 1320//233 1319//233
f 1318//233 1321//233 1261//233 1259//233
f 1260//826 1262//826 1323//826 1320//826
f 1263//827 1261//827 1321//827 1322//827
f 1325//817 1323//817 1262//817 1264//817
f 1265//817 1263//817 1322//817 1324//817
f 1264//828 1266//828 1327//828 1325//828
f 1267//829 1265//829 1324//829 1326//829
f 1266//818 1268//818 1328//818 1327//818
f 1326//818 1329//818 1269//818 1267//818
f 1268//830 1270//830 1331//830 1328//830
f 1271//831 1269//831 1329//831 1330//831
f 1333//832 1331//832 1270//832 1272//832
f 1273//832 1271//832 1330//832 1332//832
f 1272//833 1274//833 1335//833 1333//833
f 1275//834 1273//834 1332//834 1334//834
f 1274//820 1276//820 1336//820 1335//820
f 1334//820 1337//820 1277//820 1275//820
f 1276//835 1278//835 1338//835 1336//835
f 1279//836 1277//836 1337//836 1339//836
f 1341//837 1338//837 1278//837 1280//837
f 1281//821 1279//821 1339//821 1340//821
f 1280//838 1282//838 1342//838 1341//838
f 1283//839 1281//839 1340//839 1343//839
f 1282//840 1284//840 1344//840 1342//840
f 1343//822 1345//822 1285//822 1283//822
f 1284//841 1286//841 1346//841 1344//841
f 1287//842 1285//842 1345//842 1347//842
f 1349//823 1346//823 1286//823 1288//823
f 1289//823 1287//823 1347//823 1348//823
f 1288//843 1290//843 1350//843 1349//843
f 1291//844 1289//844 1348//844 1351//844
f 1290//824 1292//824 1352//824 1350//824
f 1351//824 1353//824 1293//824 1291//824
f 1292//845 1294//845 1354//845 1352//845
f 1295//846 1293//846 1353//846 1355//846
f 1357//38 1354//38 1294//38 1296//38
f 1297//38 1295//38 1355//38 1356//38
f 1296//233 1298//233 1358//233 1357//233
f 1299//825 1297//825 1356//825 1359//825
f 1298//238 1300//238 1360//238 1358//238
f 1359//238 1361//238 1301//238 1299//238
f 1250//825 1302//825 1364//825 1362//825
f 1361//825 1365//825 1303//825 1301//825
f 1363//233 1367//233 1304//233 1251//233
f 1300//233 1305//233 1366//233 1360//233
f 1302//38 1306//38 1368//38 1364//38
f 1307//238 1303//238 1365//238 1369//238
f 1308//38 1304//38 1367//38 1371//38
f 1305//238 1309//238 1370//238 1366//238
f 1372//233 1373//233 1374//233 1375//233 1376//233 1377//233 1378//233 1379//233 1380//233 1381//233 1382//233 1383//233 1384//233 1385//233 1386//233 1387//233 1388//233 1389//233
f 1390//847 1391//847 1389//847 1388//847
f 1392//848 1393//848 1394//848 1395//848
f 1396//849 1397//849 1387//849 1386//849
f 1398//850 1399//850 1400//850 1401//850
f 1402//6 1403//6 1385//6 1384//6
f 1404//851 1405//851 1406//851 1407//851
f 1408//852 1409//852 1383//852 1382//852
f 1410//853 1411//853 1412//853 1413//853
f 1414//854 1415//854 1381//854 1380//854
f 1416//855 1417//855 1418//855 1419//855
f 1378//856 1420//856 1421//856 1379//856
f 1422//857 1423//857 1424//857 1425//857
f 1376//858 1426//858 1427//858 1377//858
f 1428//25 1429//25 1430//25 1431//25
f 1374//859 1432//859 1433//859 1375//859
f 1434//860 1435//860 1436//860 1437//860
f 1372//861 1438//861 1439//861 1373//861
f 1440//862 1441//862 1442//862 1443//862
f 1397//863 1392//863 1395//863 1387//863
f 1395//864 1394//864 1388//864 1387//864
f 1394//865 1393//865 1390//865 1388//865
f 1390//866 1393//866 1392//866 1397//866
f 1403//867 1398//867 1401//867 1385//867
f 1401//868 1400//868 1386//868 1385//868
f 1399//869 1396//869 1386//869 1400//869
f 1396//870 1399//870 1398//870 1403//870
f 1409//871 1404//871 1407//871 1383//871
f 1407//872 1406//872 1384//872 1383//872
f 1405//873 1402//873 1384//873 1406//873
f 1402//874 1405//874 1404//874 1409//874
f 1381//875 1415//875 1410//875 1413//875
f 1412//876 1382//876 1381//876 1413//876
f 1411//877 1408//877 1382//877 1412//877
f 1415//878 1408//878 1411//878 1410//878
f 1380//879 1379//879 1416//879 1419//879
f 1418//880 1414//880 1380//880 1419//880
f 1417//881 1421//881 1414//881 1418//881
f 1379//882 1421//882 1417//882 1416//882
f 1378//883 1377//883 1422//883 1425//883
f 1424//884 1420//884 1378//884 1425//884
f 1423//885 1427//885 1420//885 1424//885
f 1377//886 1427//886 1423//886 1422//886
f 1375//887 1428//887 1431//887 1376//887
f 1431//888 1430//888 1426//888 1376//888
f 1430//889 1429//889 1433//889 1426//889
f 1375//890 1433//890 1429//890 1428//890
f 1373//891 1434//891 1437//891 1374//891
f 1437//892 1436//892 1432//892 1374//892
f 1436//893 1435//893 1439//893 1432//893
f 1439//894 1435//894 1434//894 1373//894
f 1389//895 1440//895 1443//895 1372//895
f 1443//896 1442//896 1438//896 1372//896
f 1442//897 1441//897 1391//897 1438//897
f 1391//898 1441//898 1440//898 1389//898
f 1444//825 1391//825 1390//825 1445//825
f 1438//825 1391//825 1444//825 1446//825
f 1439//825 1438//825 1446//825 1447//825
f 1432//825 1439//825 1447//825 1448//825
f 1433//825 1432//825 1448//825 1449//825
f 1433//825 1449//825 1450//825 1426//825
f 1426//825 1450//825 1451//825 1427//825
f 1427//825 1451//825 1452//825 1420//825
f 1420//825 1452//825 1453//825 1421//825
f 1421//825 1453//825 1454//825 1414//825
f 1454//825 1455//825 1415//825 1414//825
f 1455//825 1456//825 1408//825 1415//825
f 1456//825 1457//825 1409//825 1408//825
f 1457//825 1458//825 1402//825 1409//825
f 1458//825 1459//825 1403//825 1402//825
f 1460//825 1396//825 1403//825 1459//825
f 1461//825 1397//825 1396//825 1460//825
f 1445//825 1390//825 1397//825 1461//825
f 1462//899 1463//899 1444//899 1445//899
f 1444//900 1463//900 1464//900 1446//900
f 1446//901 1464//901 1465//901 1447//901
f 1447//902 1465//902 1466//902 1448//902
f 1448//903 1466//903 1467//903 1449//903
f 1449//25 1467//25 1468//25 1450//25
f 1450//904 1468//904 1469//904 1451//904
f 1451//857 1469//857 1470//857 1452//857
f 1452//905 1470//905 1471//905 1453//905
f 1453//855 1471//855 1472//855 1454//855
f 1472//906 1473//906 1455//906 1454//906
f 1473//907 1474//907 1456//907 1455//907
f 1474//908 1475//908 1457//908 1456//908
f 1475//909 1476//909 1458//909 1457//909
f 1476//6 1477//6 1459//6 1458//6
f 1477//910 1478//910 1460//910 1459//910
f 1478//911 1479//911 1461//911 1460//911
f 1479//912 1462//912 1445//912 1461//912
f 1480//38 1481//38 1482//38 1483//38
f 1484//233 1485//233 1486//233 1487//233
f 1488//825 1489//825 1490//825 1491//825
f 1492//25 1493//25 1494//25 1495//25
f 1496//238 1497//238 1498//238 1499//238
f 1500//913 1501//913 1480//913 1483//913
f 1502//254 1500//254 1483//254 1482//254
f 1481//914 1503//914 1502//914 1482//914
f 1480//915 1501//915 1503//915 1481//915
f 1484//254 1487//254 1500//254 1502//254
f 1487//916 1486//916 1504//916 1500//916
f 1505//917 1504//917 1486//917 1485//917
f 1505//918 1485//918 1484//918 1502//918
f 1506//919 1488//919 1491//919 1501//919
f 1501//915 1491//915 1490//915 1503//915
f 1490//920 1489//920 1507//920 1503//920
f 1488//921 1506//921 1507//921 1489//921
f 1504//916 1492//916 1495//916 1500//916
f 1495//913 1494//913 1501//913 1500//913
f 1494//919 1493//919 1506//919 1501//919
f 1504//922 1506//922 1493//922 1492//922
f 1496//917 1499//917 1504//917 1505//917
f 1499//922 1498//922 1506//922 1504//922
f 1506//921 1498//921 1497//921 1507//921
f 1507//923 1497//923 1496//923 1505//923
f 1508//924 1509//924 1510//924 1511//924
f 1512//925 1513//925 1509//925 1508//925
f 1514//926 1515//926 1513//926 1512//926
f 1516//927 1517//927 1515//927 1514//927
f 1518//928 1519//928 1517//928 1516//928
f 1520//929 1521//929 1519//929 1518//929
f 1522//930 1521//930 1520//930 1523//930
f 1524//931 1522//931 1523//931 1525//931
f 1526//932 1524//932 1525//932 1527//932
f 1528//933 1526//933 1527//933 1529//933
f 1530//934 1528//934 1529//934 1531//934
f 1532//935 1530//935 1531//935 1533//935
f 1534//936 1532//936 1533//936 1535//936
f 1536//937 1534//937 1535//937 1537//937
f 1538//938 1536//938 1537//938 1539//938
f 1540//939 1538//939 1539//939 1541//939
f 1542//940 1540//940 1541//940 1543//940
f 1544//941 1542//941 1543//941 1545//941
f 1546//942 1547//942 1544//942 1545//942
f 1548//943 1549//943 1547//943 1546//943
f 1550//944 1551//944 1549//944 1548//944
f 1552//945 1553//945 1551//945 1550//945
f 1554//946 1555//946 1553//946 1552//946
f 1511//947 1510//947 1555//947 1554//947
f 1509//948 1556//948 1557//948 1510//948
f 1513//949 1558//949 1556//949 1509//949
f 1515//950 1559//950 1558//950 1513//950
f 1517//951 1560//951 1559//951 1515//951
f 1519//952 1561//952 1560//952 1517//952
f 1521//953 1562//953 1561//953 1519//953
f 1563//954 1562//954 1521//954 1522//954
f 1564//955 1563//955 1522//955 1524//955
f 1565//956 1564//956 1524//956 1526//956
f 1566//957 1565//957 1526//957 1528//957
f 1567//958 1566//958 1528//958 1530//958
f 1568//959 1567//959 1530//959 1532//959
f 1569//960 1568//960 1532//960 1534//960
f 1570//961 1569//961 1534//961 1536//961
f 1571//962 1570//962 1536//962 1538//962
f 1572//963 1571//963 1538//963 1540//963
f 1573//964 1572//964 1540//964 1542//964
f 1574//965 1573//965 1542//965 1544//965
f 1547//966 1575//966 1574//966 1544//966
f 1549//967 1576//967 1575//967 1547//967
f 1551//968 1577//968 1576//968 1549//968
f 1553//969 1578//969 1577//969 1551//969
f 1555//970 1579//970 1578//970 1553//970
f 1510//971 1557//971 1579//971 1555//971
f 1556//972 1580//972 1581//972 1557//972
f 1558//973 1582//973 1580//973 1556//973
f 1559//974 1583//974 1582//974 1558//974
f 1560//975 1584//975 1583//975 1559//975
f 1561//976 1585//976 1584//976 1560//976
f 1562//977 1586//977 1585//977 1561//977
f 1587//978 1586//978 1562//978 1563//978
f 1588//979 1587//979 1563//979 1564//979
f 1589//980 1588//980 1564//980 1565//980
f 1590//981 1589//981 1565//981 1566//981
f 1591//982 1590//982 1566//982 1567//982
f 1592//983 1591//983 1567//983 1568//983
f 1593//984 1592//984 1568//984 1569//984
f 1594//985 1593//985 1569//985 1570//985
f 1595//986 1594//986 1570//986 1571//986
f 1596//987 1595//987 1571//987 1572//987
f 1597//988 1596//988 1572//988 1573//988
f 1598//989 1597//989 1573//989 1574//989
f 1575//990 1599//990 1598//990 1574//990
f 1576//991 1600//991 1599//991 1575//991
f 1577//992 1601//992 1600//992 1576//992
f 1578//993 1602//993 1601//993 1577//993
f 1579//994 1603//994 1602//994 1578//994
f 1557//995 1581//995 1603//995 1579//995
f 1580//996 1604//996 1605//996 1581//996
f 1582//997 1606//997 1604//997 1580//997
f 1583//998 1607//998 1606//998 1582//998
f 1584//999 1608//999 1607//999 1583//999
f 1585//1000 1609//1000 1608//1000 1584//1000
f 1586//1001 1610//1001 1609//1001 1585//1001
f 1611//1002 1610//1002 1586//1002 1587//1002
f 1612//1003 1611//1003 1587//1003 1588//1003
f 1613//1004 1612//1004 1588//1004 1589//1004
f 1614//1005 1613//1005 1589//1005 1590//1005
f 1615//1006 1614//1006 1590//1006 1591//1006
f 1616//1007 1615//1007 1591//1007 1592//1007
f 1617//1008 1616//1008 1592//1008 1593//1008
f 1618//1009 1617//1009 1593//1009 1594//1009
f 1619//1010 1618//1010 1594//1010 1595//1010
f 1620//1011 1619//1011 1595//1011 1596//1011
f 1621//1012 1620//1012 1596//1012 1597//1012
f 1622//1013 1621//1013 1597//1013 1598//1013
f 1599//1014 1623//1014 1622//1014 1598//1014
f 1600//1015 1624//1015 1623//1015 1599//1015
f 1601//1016 1625//1016 1624//1016 1600//1016
f 1602//1017 1626//1017 1625//1017 1601//1017
f 1603//1018 1627//1018 1626//1018 1602//1018
f 1581//1019 1605//1019 1627//1019 1603//1019
f 1604//1020 1628//1020 1629//1020 1605//1020
f 1606//1021 1630//1021 1628//1021 1604//1021
f 1607//1022 1631//1022 1630//1022 1606//1022
f 1608//1023 1632//1023 1631//1023 1607//1023
f 1609//1024 1633//1024 1632//1024 1608//1024
f 1610//1025 1634//1025 1633//1025 1609//1025
f 1635//1026 1634//1026 1610//1026 1611//1026
f 1636//1027 1635//1027 1611//1027 1612//1027
f 1637//1028 1636//1028 1612//1028 1613//1028
f 1638//1029 1637//1029 1613//1029 1614//1029
f 1639//1030 1638//1030 1614//1030 1615//1030
f 1640//1031 1639//1031 1615//1031 1616//1031
f 1641//1032 1640//1032 1616//1032 1617//1032
f 1642//1033 1641//1033 1617//1033 1618//1033
f 1643//1034 1642//1034 1618//1034 1619//1034
f 1644//1035 1643//1035 1619//1035 1620//1035
f 1645//1036 1644//1036 1620//1036 1621//1036
f 1646//1037 1645//1037 1621//1037 1622//1037
f 1623//1038 1647//1038 1646//1038 1622//1038
f 1624//1039 1648//1039 1647//1039 1623//1039
f 1625//1040 1649//1040 1648//1040 1624//1040
f 1626//1041 1650//1041 1649//1041 1625//1041
f 1627//1042 1651//1042 1650//1042 1626//1042
f 1605//1043 1629//1043 1651//1043 1627//1043
f 1628//1044 1652//1044 1653//1044 1629//1044
f 1630//1045 1654//1045 1652//1045 1628//1045
f 1631//1046 1655//1046 1654//1046 1630//1046
f 1632//1047 1656//1047 1655//1047 1631//1047
f 1633//1048 1657//1048 1656//1048 1632//1048
f 1634//1049 1658//1049 1657//1049 1633//1049
f 1659//1050 1658//1050 1634//1050 1635//1050
f 1660//1051 1659//1051 1635//1051 1636//1051
f 1661//1052 1660//1052 1636//1052 1637//1052
f 1662//1053 1661//1053 1637//1053 1638//1053
f 1663//1054 1662//1054 1638//1054 1639//1054
f 1664//1055 1663//1055 1639//1055 1640//1055
f 1665//1056 1664//1056 1640//1056 1641//1056
f 1666//1057 1665//1057 1641//1057 1642//1057
f 1667//1058 1666//1058 1642//1058 1643//1058
f 1668//1059 1667//1059 1643//1059 1644//1059
f 1669//1060 1668//1060 1644//1060 1645//1060
f 1670//1061 1669//1061 1645//1061 1646//1061
f 1647//1062 1671//1062 1670//1062 1646//1062
f 1648//1063 1672//1063 1671//1063 1647//1063
f 1649//1064 1673//1064 1672//1064 1648//1064
f 1650//1065 1674//1065 1673//1065 1649//1065
f 1651//1066 1675//1066 1674//1066 1650//1066
f 1629//1067 1653//1067 1675//1067 1651//1067
f 1652//1068 1676//1068 1677//1068 1653//1068
f 1654//1069 1678//1069 1676//1069 1652//1069
f 1655//1070 1679//1070 1678//1070 1654//1070
f 1656//1071 1680//1071 1679//1071 1655//1071
f 1657//1072 1681//1072 1680//1072 1656//1072
f 1658//1073 1682//1073 1681//1073 1657//1073
f 1683//1074 1682//1074 1658//1074 1659//1074
f 1684//1075 1683//1075 1659//1075 1660//1075
f 1685//1076 1684//1076 1660//1076 1661//1076
f 1686//1077 1685//1077 1661//1077 1662//1077
f 1687//1078 1686//1078 1662//1078 1663//1078
f 1688//1079 1687//1079 1663//1079 1664//1079
f 1689//1080 1688//1080 1664//1080 1665//1080
f 1690//1081 1689//1081 1665//1081 1666//1081
f 1691//1082 1690//1082 1666//1082 1667//1082
f 1692//1083 1691//1083 1667//1083 1668//1083
f 1693//1084 1692//1084 1668//1084 1669//1084
f 1694//1085 1693//1085 1669//1085 1670//1085
f 1671//1086 1695//1086 1694//1086 1670//1086
f 1672//1087 1696//1087 1695//1087 1671//1087
f 1673//1088 1697//1088 1696//1088 1672//1088
f 1674//1089 1698//1089 1697//1089 1673//1089
f 1675//1090 1699//1090 1698//1090 1674//1090
f 1653//1091 1677//1091 1699//1091 1675//1091
f 1676//1092 1700//1092 1701//1092 1677//1092
f 1678//1093 1702//1093 1700//1093 1676//1093
f 1679//1094 1703//1094 1702//1094 1678//1094
f 1680//1095 1704//1095 1703//1095 1679//1095
f 1681//1096 1705//1096 1704//1096 1680//1096
f 1682//1097 1706//1097 1705//1097 1681//1097
f 1707//1098 1706//1098 1682//1098 1683//1098
f 1708//1099 1707//1099 1683//1099 1684//1099
f 1709//1100 1708//1100 1684//1100 1685//1100
f 1710//1101 1709//1101 1685//1101 1686//1101
f 1711//1102 1710//1102 1686//1102 1687//1102
f 1712//1103 1711//1103 1687//1103 1688//1103
f 1713//1104 1712//1104 1688//1104 1689//1104
f 1714//1105 1713//1105 1689//1105 1690//1105
f 1715//1106 1714//1106 1690//1106 1691//1106
f 1716//1107 1715//1107 1691//1107 1692//1107
f 1717//1108 1716//1108 1692//1108 1693//1108
f 1718//1109 1717//1109 1693//1109 1694//1109
f 1695//1110 1719//1110 1718//1110 1694//1110
f 1696//1111 1720//1111 1719//1111 1695//1111
f 1697//1112 1721//1112 1720//1112 1696//1112
f 1698//1113 1722//1113 1721//1113 1697//1113
f 1699//1114 1723//1114 1722//1114 1698//1114
f 1677//1115 1701//1115 1723//1115 1699//1115
f 1700//1116 1724//1116 1725//1116 1701//1116
f 1702//1117 1726//1117 1724//1117 1700//1117
f 1703//1118 1727//1118 1726//1118 1702//1118
f 1704//1119 1728//1119 1727//1119 1703//1119
f 1705//1120 1729//1120 1728//1120 1704//1120
f 1706//1121 1730//1121 1729//1121 1705//1121
f 1731//1122 1730//1122 1706//1122 1707//1122
f 1732//1123 1731//1123 1707//1123 1708//1123
f 1733//1124 1732//1124 1708//1124 1709//1124
f 1734//1125 1733//1125 1709//1125 1710//1125
f 1735//1126 1734//1126 1710//1126 1711//1126
f 1736//1127 1735//1127 1711//1127 1712//1127
f 1737//1128 1736//1128 1712//1128 1713//1128
f 1738//1129 1737//1129 1713//1129 1714//1129
f 1739//1130 1738//1130 1714//1130 1715//1130
f 1740//1131 1739//1131 1715//1131 1716//1131
f 1741//1132 1740//1132 1716//1132 1717//1132
f 1742//1133 1741//1133 1717//1133 1718//1133
f 1719//1134 1743//1134 1742//1134 1718//1134
f 1720//1135 1744//1135 1743//1135 1719//1135
f 1721//1136 1745//1136 1744//1136 1720//1136
f 1722//1137 1746//1137 1745//1137 1721//1137
f 1723//1138 1747//1138 1746//1138 1722//1138
f 1701//1139 1725//1139 1747//1139 1723//1139
f 1724//1140 1748//1140 1749//1140 1725//1140
f 1726//1141 1750//1141 1748//1141 1724//1141
f 1727//1142 1751//1142 1750//1142 1726//1142
f 1728//1143 1752//1143 1751//1143 1727//1143
f 1729//1144 1753//1144 1752//1144 1728//1144
f 1730//1145 1754//1145 1753//1145 1729//1145
f 1755//1146 1754//1146 1730//1146 1731//1146
f 1756//1147 1755//1147 1731//1147 1732//1147
f 1757//1148 1756//1148 1732//1148 1733//1148
f 1758//1149 1757//1149 1733//1149 1734//1149
f 1759//1150 1758//1150 1734//1150 1735//1150
f 1760//1151 1759//1151 1735//1151 1736//1151
f 1761//1152 1760//1152 1736//1152 1737//1152
f 1762//1153 1761//1153 1737//1153 1738//1153
f 1763//1154 1762//1154 1738//1154 1739//1154
f 1764//1155 1763//1155 1739//1155 1740//1155
f 1765//1156 1764//1156 1740//1156 1741//1156
f 1766//1157 1765//1157 1741//1157 1742//1157
f 1743//1158 1767//1158 1766//1158 1742//1158
f 1744//1159 1768//1159 1767//1159 1743//1159
f 1745//1160 1769//1160 1768//1160 1744//1160
f 1746//1161 1770//1161 1769//1161 1745//1161
f 1747//1162 1771//1162 1770//1162 1746//1162
f 1725//1163 1749//1163 1771//1163 1747//1163
f 1748//1164 1772//1164 1749//1164
f 1750//1165 1772//1165 1748//1165
f 1751//1166 1772//1166 1750//1166
f 1752//1167 1772//1167 1751//1167
f 1753//1168 1772//1168 1752//1168
f 1754//1169 1772//1169 1753//1169
f 1772//1170 1754//1170 1755//1170
f 1772//1171 1755//1171 1756//1171
f 1772//1172 1756//1172 1757//1172
f 1772//1173 1757//1173 1758//1173
f 1772//1174 1758//1174 1759//1174
f 1772//1175 1759//1175 1760//1175
f 1772//1176 1760//1176 1761//1176
f 1772//1177 1761//1177 1762//1177
f 1772//1178 1762//1178 1763//1178
f 1772//1179 1763//1179 1764//1179
f 1772//1180 1764//1180 1765//1180
f 1772//1181 1765//1181 1766//1181
f 1767//1182 1772//1182 1766//1182
f 1768//1183 1772//1183 1767//1183
f 1769//1184 1772//1184 1768//1184
f 1770//1185 1772//1185 1769//1185
f 1771//1186 1772//1186 1770//1186
f 1749//1187 1772//1187 1771//1187
f 1508//1188 1511//1188 1773//1188 1774//1188
f 1512//1189 1508//1189 1774//1189 1775//1189
f 1514//1190 1512//1190 1775//1190 1776//1190
f 1516//1191 1514//1191 1776//1191 1777//1191
f 1518//1192 1516//1192 1777//1192 1778//1192
f 1520//1193 1518//1193 1778//1193 1779//1193
f 1523//1194 1520//1194 1779//1194 1780//1194
f 1525//1195 1523//1195 1780//1195 1781//1195
f 1527//1196 1525//1196 1781//1196 1782//1196
f 1529//1197 1527//1197 1782//1197 1783//1197
f 1531//1198 1529//1198 1783//1198 1784//1198
f 1533//1199 1531//1199 1784//1199 1785//1199
f 1786//1200 1535//1200 1533//1200 1785//1200
f 1787//1201 1537//1201 1535//1201 1786//1201
f 1788//1202 1539//1202 1537//1202 1787//1202
f 1789//1203 1541//1203 1539//1203 1788//1203
f 1790//1204 1543//1204 1541//1204 1789//1204
f 1791//1205 1545//1205 1543//1205 1790//1205
f 1792//1206 1546//1206 1545//1206 1791//1206
f 1793//1207 1548//1207 1546//1207 1792//1207
f 1794//1208 1550//1208 1548//1208 1793//1208
f 1795//1209 1552//1209 1550//1209 1794//1209
f 1796//1210 1554//1210 1552//1210 1795//1210
f 1773//1211 1511//1211 1554//1211 1796//1211
f 1797//1212 1798//1212 1799//1212 1800//1212
f 1801//1213 1802//1213 1798//1213 1797//1213
f 1798//1214 1803//1214 1804//1214 1799//1214
f 1802//1215 1805//1215 1803//1215 1798//1215
f 1803//1216 1806//1216 1807//1216 1804//1216
f 1805//1217 1808//1217 1806//1217 1803//1217
f 1806//1218 1809//1218 1810//1218 1807//1218
f 1808//1219 1811//1219 1809//1219 1806//1219
f 1812//1220 1813//1220 1808//1220 1805//1220
f 1814//1221 1815//1221 1813//1221 1812//1221
f 1813//1222 1816//1222 1811//1222 1808//1222
f 1815//1223 1817//1223 1816//1223 1813//1223
f 1818//1224 1819//1224 1820//1224 1821//1224
f 1814//1225 1812//1225 1819//1225 1818//1225
f 1819//1226 1802//1226 1801//1226 1820//1226
f 1812//1227 1805//1227 1802//1227 1819//1227
f 1799//1228 1822//1228 1823//1228 1800//1228
f 1804//1229 1824//1229 1822//1229 1799//1229
f 1822//1230 1825//1230 1826//1230 1823//1230
f 1824//1231 1827//1231 1825//1231 1822//1231
f 1828//1232 1829//1232 1830//1232 1831//1232
f 1826//1233 1825//1233 1829//1233 1828//1233
f 1829//1234 1832//1234 1833//1234 1830//1234
f 1825//1235 1827//1235 1832//1235 1829//1235
f 1834//1236 1835//1236 1832//1236 1827//1236
f 1836//1237 1837//1237 1835//1237 1834//1237
f 1835//1238 1838//1238 1833//1238 1832//1238
f 1837//1239 1839//1239 1838//1239 1835//1239
f 1807//1240 1840//1240 1824//1240 1804//1240
f 1810//1241 1841//1241 1840//1241 1807//1241
f 1840//1242 1834//1242 1827//1242 1824//1242
f 1841//1243 1836//1243 1834//1243 1840//1243
f 1842//1244 1843//1244 1841//1244 1810//1244
f 1844//1245 1845//1245 1843//1245 1842//1245
f 1843//1246 1846//1246 1836//1246 1841//1246
f 1845//1247 1847//1247 1846//1247 1843//1247
f 1846//1248 1848//1248 1837//1248 1836//1248
f 1847//1249 1849//1249 1848//1249 1846//1249
f 1848//1250 1850//1250 1839//1250 1837//1250
f 1849//1251 1851//1251 1850//1251 1848//1251
f 1852//1252 1853//1252 1849//1252 1847//1252
f 1854//1253 1855//1253 1853//1253 1852//1253
f 1853//1254 1856//1254 1851//1254 1849//1254
f 1855//1255 1857//1255 1856//1255 1853//1255
f 1858//1256 1859//1256 1845//1256 1844//1256
f 1860//1257 1861//1257 1859//1257 1858//1257
f 1859//1258 1852//1258 1847//1258 1845//1258
f 1861//1259 1854//1259 1852//1259 1859//1259
f 1809//1260 1862//1260 1842//1260 1810//1260
f 1811//1261 1863//1261 1862//1261 1809//1261
f 1862//1262 1864//1262 1844//1262 1842//1262
f 1863//1263 1865//1263 1864//1263 1862//1263
f 1864//1264 1866//1264 1858//1264 1844//1264
f 1865//1265 1867//1265 1866//1265 1864//1265
f 1866//1266 1868//1266 1860//1266 1858//1266
f 1867//1267 1869//1267 1868//1267 1866//1267
f 1870//1268 1871//1268 1867//1268 1865//1268
f 1872//1269 1873//1269 1871//1269 1870//1269
f 1871//1270 1874//1270 1869//1270 1867//1270
f 1873//1271 1875//1271 1874//1271 1871//1271
f 1816//1272 1876//1272 1863//1272 1811//1272
f 1817//1273 1877//1273 1876//1273 1816//1273
f 1876//1274 1870//1274 1865//1274 1863//1274
f 1877//1275 1872//1275 1870//1275 1876//1275
f 1878//1276 1879//1276 1797//1276 1800//1276
f 1880//1277 1881//1277 1879//1277 1878//1277
f 1879//1278 1882//1278 1801//1278 1797//1278
f 1881//1279 1883//1279 1882//1279 1879//1279
f 1820//1280 1884//1280 1885//1280 1821//1280
f 1801//1281 1882//1281 1884//1281 1820//1281
f 1884//1282 1886//1282 1887//1282 1885//1282
f 1882//1283 1883//1283 1886//1283 1884//1283
f 1888//1284 1889//1284 1886//1284 1883//1284
f 1890//1285 1891//1285 1889//1285 1888//1285
f 1889//1286 1892//1286 1887//1286 1886//1286
f 1891//1287 1893//1287 1892//1287 1889//1287
f 1894//1288 1895//1288 1881//1288 1880//1288
f 1896//1289 1897//1289 1895//1289 1894//1289
f 1895//1290 1888//1290 1883//1290 1881//1290
f 1897//1291 1890//1291 1888//1291 1895//1291
f 1823//1292 1938//1292 1878//1292 1800//1292
f 1826//1293 1939//1293 1938//1293 1823//1293
f 1938//1294 1940//1294 1880//1294 1878//1294
f 1939//1295 1941//1295 1940//1295 1938//1295
f 1940//1296 1942//1296 1894//1296 1880//1296
f 1941//1297 1943//1297 1942//1297 1940//1297
f 1942//1298 1918//1298 1896//1298 1894//1298
f 1943//1299 1920//1299 1918//1299 1942//1299
f 1944//1300 1945//1300 1943//1300 1941//1300
f 1946//1301 1947//1301 1945//1301 1944//1301
f 1945//1302 1934//1302 1920//1302 1943//1302
f 1947//1303 1936//1303 1934//1303 1945//1303
f 1948//1304 1949//1304 1828//1304 1831//1304
f 1946//1305 1944//1305 1949//1305 1948//1305
f 1949//1306 1939//1306 1826//1306 1828//1306
f 1944//1307 1941//1307 1939//1307 1949//1307
f 1830//1308 1950//1308 1948//1308 1831//1308
f 1833//1309 1951//1309 1950//1309 1830//1309
f 1950//1310 1952//1310 1946//1310 1948//1310
f 1951//1311 1953//1311 1952//1311 1950//1311
f 1952//1312 1954//1312 1947//1312 1946//1312
f 1953//1313 1955//1313 1954//1313 1952//1313
f 1954//1314 1956//1314 1936//1314 1947//1314
f 1955//1315 1957//1315 1956//1315 1954//1315
f 1958//1316 1959//1316 1955//1316 1953//1316
f 1960//1317 1961//1317 1959//1317 1958//1317
f 1959//1318 1962//1318 1957//1318 1955//1318
f 1961//1319 1963//1319 1962//1319 1959//1319
f 1964//1320 1965//1320 1838//1320 1839//1320
f 1960//1321 1958//1321 1965//1321 1964//1321
f 1965//1322 1951//1322 1833//1322 1838//1322
f 1958//1323 1953//1323 1951//1323 1965//1323
f 1850//1324 2002//1324 1964//1324 1839//1324
f 1851//1325 2003//1325 2002//1325 1850//1325
f 2002//1326 2004//1326 1960//1326 1964//1326
f 2003//1327 2005//1327 2004//1327 2002//1327
f 2004//1328 2006//1328 1961//1328 1960//1328
f 2005//1329 2007//1329 2006//1329 2004//1329
f 2006//1330 1982//1330 1963//1330 1961//1330
f 2007//1331 1984//1331 1982//1331 2006//1331
f 2008//1332 2009//1332 2007//1332 2005//1332
f 2010//1333 2011//1333 2009//1333 2008//1333
f 2009//1334 1998//1334 1984//1334 2007//1334
f 2011//1335 2000//1335 1998//1335 2009//1335
f 2012//1336 2013//1336 1856//1336 1857//1336
f 2010//1337 2008//1337 2013//1337 2012//1337
f 2013//1338 2003//1338 1851//1338 1856//1338
f 2008//1339 2005//1339 2003//1339 2013//1339
f 1868//1340 2014//1340 2015//1340 1860//1340
f 1869//1341 2016//1341 2014//1341 1868//1341
f 2014//1342 2017//1342 2018//1342 2015//1342
f 2016//1343 2019//1343 2017//1343 2014//1343
f 2017//1344 2020//1344 2021//1344 2018//1344
f 2019//1345 2022//1345 2020//1345 2017//1345
f 2020//1346 2023//1346 2024//1346 2021//1346
f 2022//1347 2025//1347 2023//1347 2020//1347
f 2026//1348 2027//1348 2028//1348 2029//1348
f 2030//1349 2031//1349 2027//1349 2026//1349
f 2027//1350 2022//1350 2019//1350 2028//1350
f 2031//1351 2025//1351 2022//1351 2027//1351
f 2032//1352 2033//1352 1874//1352 1875//1352
f 2029//1353 2028//1353 2033//1353 2032//1353
f 2033//1354 2016//1354 1869//1354 1874//1354
f 2028//1355 2019//1355 2016//1355 2033//1355
f 2015//1356 2034//1356 1861//1356 1860//1356
f 2018//1357 2035//1357 2034//1357 2015//1357
f 2034//1358 2036//1358 1854//1358 1861//1358
f 2035//1359 2037//1359 2036//1359 2034//1359
f 1855//1360 2038//1360 2012//1360 1857//1360
f 1854//1361 2036//1361 2038//1361 1855//1361
f 2038//1362 2039//1362 2010//1362 2012//1362
f 2036//1363 2037//1363 2039//1363 2038//1363
f 2039//1364 2040//1364 2011//1364 2010//1364
f 2037//1365 2041//1365 2040//1365 2039//1365
f 2040//1366 2042//1366 2000//1366 2011//1366
f 2041//1367 2043//1367 2042//1367 2040//1367
f 2021//1368 2044//1368 2035//1368 2018//1368
f 2024//1369 2045//1369 2044//1369 2021//1369
f 2044//1370 2041//1370 2037//1370 2035//1370
f 2045//1371 2043//1371 2041//1371 2044//1371
f 1885//1372 2078//1372 1818//1372 1821//1372
f 1887//1373 2079//1373 2078//1373 1885//1373
f 2078//1374 2080//1374 1814//1374 1818//1374
f 2079//1375 2081//1375 2080//1375 2078//1375
f 1815//1376 2082//1376 2083//1376 1817//1376
f 1814//1377 2080//1377 2082//1377 1815//1377
f 2082//1378 2084//1378 2085//1378 2083//1378
f 2080//1379 2081//1379 2084//1379 2082//1379
f 2086//1380 2087//1380 2084//1380 2081//1380
f 2088//1381 2089//1381 2087//1381 2086//1381
f 2087//1382 2090//1382 2085//1382 2084//1382
f 2089//1383 2091//1383 2090//1383 2087//1383
f 1892//1384 2092//1384 2079//1384 1887//1384
f 1893//1385 2093//1385 2092//1385 1892//1385
f 2092//1386 2086//1386 2081//1386 2079//1386
f 2093//1387 2088//1387 2086//1387 2092//1387
f 2083//1388 2094//1388 1877//1388 1817//1388
f 2085//1389 2095//1389 2094//1389 2083//1389
f 2094//1390 2096//1390 1872//1390 1877//1390
f 2095//1391 2097//1391 2096//1391 2094//1391
f 1873//1392 2098//1392 2032//1392 1875//1392
f 1872//1393 2096//1393 2098//1393 1873//1393
f 2098//1394 2099//1394 2029//1394 2032//1394
f 2096//1395 2097//1395 2099//1395 2098//1395
f 2100//1396 2101//1396 2099//1396 2097//1396
f 2102//1397 2103//1397 2101//1397 2100//1397
f 2101//1398 2026//1398 2029//1398 2099//1398
f 2103//1399 2030//1399 2026//1399 2101//1399
f 2090//1400 2104//1400 2095//1400 2085//1400
f 2091//1401 2105//1401 2104//1401 2090//1401
f 2104//1402 2100//1402 2097//1402 2095//1402
f 2105//1403 2102//1403 2100//1403 2104//1403
f 2183//1404 2184//1404 2185//1404 2186//1404
f 2187//1405 2188//1405 2184//1405 2183//1405
f 2184//1406 2189//1406 2190//1406 2185//1406
f 2188//1407 2191//1407 2189//1407 2184//1407
f 2192//1408 2193//1408 2194//1408 2195//1408
f 2190//1409 2189//1409 2193//1409 2192//1409
f 2193//1410 2196//1410 2197//1410 2194//1410
f 2189//1411 2191//1411 2196//1411 2193//1411
f 2198//1412 2199//1412 2196//1412 2191//1412
f 2200//1413 2201//1413 2199//1413 2198//1413
f 2199//1414 2202//1414 2197//1414 2196//1414
f 2201//1415 2203//1415 2202//1415 2199//1415
f 2204//1416 2205//1416 2188//1416 2187//1416
f 2206//1417 2207//1417 2205//1417 2204//1417
f 2205//1418 2198//1418 2191//1418 2188//1418
f 2207//1419 2200//1419 2198//1419 2205//1419
f 2208//1420 2209//1420 2207//1420 2206//1420
f 2210//1421 2211//1421 2209//1421 2208//1421
f 2209//1422 2212//1422 2200//1422 2207//1422
f 2211//1423 2213//1423 2212//1423 2209//1423
f 2212//1424 2214//1424 2201//1424 2200//1424
f 2213//1425 2215//1425 2214//1425 2212//1425
f 2214//1426 2216//1426 2203//1426 2201//1426
f 2215//1427 2217//1427 2216//1427 2214//1427
f 2218//1428 2219//1428 2215//1428 2213//1428
f 2220//1429 2221//1429 2219//1429 2218//1429
f 2219//1430 2222//1430 2217//1430 2215//1430
f 2221//1431 2223//1431 2222//1431 2219//1431
f 2224//1432 2225//1432 2211//1432 2210//1432
f 2226//1433 2227//1433 2225//1433 2224//1433
f 2225//1434 2218//1434 2213//1434 2211//1434
f 2227//1435 2220//1435 2218//1435 2225//1435
f 2185//1436 2253//1436 2254//1436 2186//1436
f 2190//1437 2255//1437 2253//1437 2185//1437
f 2253//1438 2256//1438 2257//1438 2254//1438
f 2255//1439 2258//1439 2256//1439 2253//1439
f 2256//1440 2259//1440 2260//1440 2257//1440
f 2258//1441 2261//1441 2259//1441 2256//1441
f 2259//1442 2228//1442 2231//1442 2260//1442
f 2261//1443 2232//1443 2228//1443 2259//1443
f 2262//1444 2263//1444 2261//1444 2258//1444
f 2264//1445 2265//1445 2263//1445 2262//1445
f 2263//1446 2249//1446 2232//1446 2261//1446
f 2265//1447 2251//1447 2249//1447 2263//1447
f 2266//1448 2267//1448 2192//1448 2195//1448
f 2264//1449 2262//1449 2267//1449 2266//1449
f 2267//1450 2255//1450 2190//1450 2192//1450
f 2262//1451 2258//1451 2255//1451 2267//1451
f 2194//1452 2268//1452 2266//1452 2195//1452
f 2197//1453 2269//1453 2268//1453 2194//1453
f 2268//1454 2270//1454 2264//1454 2266//1454
f 2269//1455 2271//1455 2270//1455 2268//1455
f 2270//1456 2272//1456 2265//1456 2264//1456
f 2271//1457 2273//1457 2272//1457 2270//1457
f 2272//1458 2274//1458 2251//1458 2265//1458
f 2273//1459 2275//1459 2274//1459 2272//1459
f 2276//1460 2277//1460 2273//1460 2271//1460
f 2278//1461 2279//1461 2277//1461 2276//1461
f 2277//1462 2280//1462 2275//1462 2273//1462
f 2279//1463 2281//1463 2280//1463 2277//1463
f 2282//1464 2283//1464 2202//1464 2203//1464
f 2278//1465 2276//1465 2283//1465 2282//1465
f 2283//1466 2269//1466 2197//1466 2202//1466
f 2276//1467 2271//1467 2269//1467 2283//1467
f 2216//1468 2320//1468 2282//1468 2203//1468
f 2217//1469 2321//1469 2320//1469 2216//1469
f 2320//1470 2322//1470 2278//1470 2282//1470
f 2321//1471 2323//1471 2322//1471 2320//1471
f 2322//1472 2324//1472 2279//1472 2278//1472
f 2323//1473 2325//1473 2324//1473 2322//1473
f 2324//1474 2300//1474 2281//1474 2279//1474
f 2325//1475 2302//1475 2300//1475 2324//1475
f 2326//1476 2327//1476 2325//1476 2323//1476
f 2328//1477 2329//1477 2327//1477 2326//1477
f 2327//1478 2316//1478 2302//1478 2325//1478
f 2329//1479 2318//1479 2316//1479 2327//1479
f 2330//1480 2331//1480 2222//1480 2223//1480
f 2328//1481 2326//1481 2331//1481 2330//1481
f 2331//1482 2321//1482 2217//1482 2222//1482
f 2326//1483 2323//1483 2321//1483 2331//1483
f 2332//1484 2333//1484 2227//1484 2226//1484
f 2334//1485 2335//1485 2333//1485 2332//1485
f 2333//1486 2336//1486 2220//1486 2227//1486
f 2335//1487 2337//1487 2336//1487 2333//1487
f 2221//1488 2338//1488 2330//1488 2223//1488
f 2220//1489 2336//1489 2338//1489 2221//1489
f 2338//1490 2339//1490 2328//1490 2330//1490
f 2336//1491 2337//1491 2339//1491 2338//1491
f 2339//1492 2340//1492 2329//1492 2328//1492
f 2337//1493 2341//1493 2340//1493 2339//1493
f 2340//1494 2342//1494 2318//1494 2329//1494
f 2341//1495 2343//1495 2342//1495 2340//1495
f 2344//1496 2345//1496 2335//1496 2334//1496
f 2346//1497 2347//1497 2345//1497 2344//1497
f 2345//1498 2341//1498 2337//1498 2335//1498
f 2347//1499 2343//1499 2341//1499 2345//1499
f 2392//1500 2393//1500 2183//1500 2186//1500
f 2394//1501 2395//1501 2393//1501 2392//1501
f 2393//1502 2396//1502 2187//1502 2183//1502
f 2395//1503 2397//1503 2396//1503 2393//1503
f 2398//1504 2399//1504 2400//1504 2401//1504
f 2402//1505 2403//1505 2399//1505 2398//1505
f 2399//1506 2395//1506 2394//1506 2400//1506
f 2403//1507 2397//1507 2395//1507 2399//1507
f 2403//1508 2404//1508 2405//1508 2397//1508
f 2402//1509 2406//1509 2404//1509 2403//1509
f 2404//1510 2407//1510 2408//1510 2405//1510
f 2406//1511 2409//1511 2407//1511 2404//1511
f 2396//1512 2410//1512 2204//1512 2187//1512
f 2397//1513 2405//1513 2410//1513 2396//1513
f 2410//1514 2411//1514 2206//1514 2204//1514
f 2405//1515 2408//1515 2411//1515 2410//1515
f 2411//1516 2412//1516 2208//1516 2206//1516
f 2408//1517 2413//1517 2412//1517 2411//1517
f 2412//1518 2414//1518 2210//1518 2208//1518
f 2413//1519 2415//1519 2414//1519 2412//1519
f 2407//1520 2416//1520 2413//1520 2408//1520
f 2409//1521 2417//1521 2416//1521 2407//1521
f 2416//1522 2418//1522 2415//1522 2413//1522
f 2417//1523 2419//1523 2418//1523 2416//1523
f 2418//1524 2420//1524 2421//1524 2415//1524
f 2419//1525 2422//1525 2420//1525 2418//1525
f 2420//1526 2423//1526 2424//1526 2421//1526
f 2422//1527 2425//1527 2423//1527 2420//1527
f 2414//1528 2426//1528 2224//1528 2210//1528
f 2415//1529 2421//1529 2426//1529 2414//1529
f 2426//1530 2427//1530 2226//1530 2224//1530
f 2421//1531 2424//1531 2427//1531 2426//1531
f 2254//1532 2448//1532 2392//1532 2186//1532
f 2257//1533 2449//1533 2448//1533 2254//1533
f 2448//1534 2450//1534 2394//1534 2392//1534
f 2449//1535 2451//1535 2450//1535 2448//1535
f 2260//1536 2452//1536 2449//1536 2257//1536
f 2231//1537 2429//1537 2452//1537 2260//1537
f 2452//1538 2453//1538 2451//1538 2449//1538
f 2429//1539 2432//1539 2453//1539 2452//1539
f 2453//1540 2454//1540 2455//1540 2451//1540
f 2432//1541 2445//1541 2454//1541 2453//1541
f 2454//1542 2456//1542 2457//1542 2455//1542
f 2445//1543 2447//1543 2456//1543 2454//1543
f 2400//1544 2458//1544 2459//1544 2401//1544
f 2394//1545 2450//1545 2458//1545 2400//1545
f 2458//1546 2455//1546 2457//1546 2459//1546
f 2450//1547 2451//1547 2455//1547 2458//1547
f 2459//1548 2460//1548 2398//1548 2401//1548
f 2457//1549 2461//1549 2460//1549 2459//1549
f 2460//1550 2462//1550 2402//1550 2398//1550
f 2461//1551 2463//1551 2462//1551 2460//1551
f 2456//1552 2464//1552 2461//1552 2457//1552
f 2447//1553 2465//1553 2464//1553 2456//1553
f 2464//1554 2466//1554 2463//1554 2461//1554
f 2465//1555 2467//1555 2466//1555 2464//1555
f 2466//1556 2468//1556 2469//1556 2463//1556
f 2467//1557 2470//1557 2468//1557 2466//1557
f 2468//1558 2471//1558 2472//1558 2469//1558
f 2470//1559 2473//1559 2471//1559 2468//1559
f 2406//1560 2474//1560 2475//1560 2409//1560
f 2402//1561 2462//1561 2474//1561 2406//1561
f 2474//1562 2469//1562 2472//1562 2475//1562
f 2462//1563 2463//1563 2469//1563 2474//1563
f 2475//1564 2512//1564 2417//1564 2409//1564
f 2472//1565 2513//1565 2512//1565 2475//1565
f 2512//1566 2514//1566 2419//1566 2417//1566
f 2513//1567 2515//1567 2514//1567 2512//1567
f 2471//1568 2516//1568 2513//1568 2472//1568
f 2473//1569 2493//1569 2516//1569 2471//1569
f 2516//1570 2517//1570 2515//1570 2513//1570
f 2493//1571 2496//1571 2517//1571 2516//1571
f 2517//1572 2518//1572 2519//1572 2515//1572
f 2496//1573 2509//1573 2518//1573 2517//1573
f 2518//1574 2520//1574 2521//1574 2519//1574
f 2509//1575 2511//1575 2520//1575 2518//1575
f 2422//1576 2522//1576 2523//1576 2425//1576
f 2419//1577 2514//1577 2522//1577 2422//1577
f 2522//1578 2519//1578 2521//1578 2523//1578
f 2514//1579 2515//1579 2519//1579 2522//1579
f 2427//1580 2524//1580 2332//1580 2226//1580
f 2424//1581 2525//1581 2524//1581 2427//1581
f 2524//1582 2526//1582 2334//1582 2332//1582
f 2525//1583 2527//1583 2526//1583 2524//1583
f 2523//1584 2528//1584 2423//1584 2425//1584
f 2521//1585 2529//1585 2528//1585 2523//1585
f 2528//1586 2525//1586 2424//1586 2423//1586
f 2529//1587 2527//1587 2525//1587 2528//1587
f 2520//1588 2530//1588 2529//1588 2521//1588
f 2511//1589 2531//1589 2530//1589 2520//1589
f 2530//1590 2532//1590 2527//1590 2529//1590
f 2531//1591 2533//1591 2532//1591 2530//1591
f 2526//1592 2534//1592 2344//1592 2334//1592
f 2527//1593 2532//1593 2534//1593 2526//1593
f 2534//1594 2535//1594 2346//1594 2344//1594
f 2532//1595 2533//1595 2535//1595 2534//1595
f 2611//1596 2612//1596 2613//1596 2614//1596
f 2615//1597 2616//1597 2612//1597 2611//1597
f 2612//1598 2617//1598 2618//1598 2613//1598
f 2616//1599 2619//1599 2617//1599 2612//1599
f 2620//1600 2621//1600 2622//1600 2623//1600
f 2624//1601 2625//1601 2621//1601 2620//1601
f 2621//1602 2617//1602 2619//1602 2622//1602
f 2625//1603 2618//1603 2617//1603 2621//1603
f 2626//1604 2627//1604 2628//1604 2629//1604
f 2623//1605 2622//1605 2627//1605 2626//1605
f 2627//1606 2630//1606 2631//1606 2628//1606
f 2622//1607 2619//1607 2630//1607 2627//1607
f 2632//1608 2633//1608 2634//1608 2635//1608
f 2636//1596 2637//1596 2633//1596 2632//1596
f 2633//1609 2638//1609 2631//1609 2634//1609
f 2637//1610 2639//1610 2638//1610 2633//1610
f 2640//1611 2641//1611 2642//1611 2643//1611
f 2629//1612 2628//1612 2641//1612 2640//1612
f 2641//1613 2638//1613 2639//1613 2642//1613
f 2628//1614 2631//1614 2638//1614 2641//1614
f 2569//1615 2688//1615 2689//1615 2573//1615
f 2572//1616 2690//1616 2688//1616 2569//1616
f 2688//1615 2691//1615 2692//1615 2689//1615
f 2690//1616 2693//1616 2691//1616 2688//1616
f 2694//1616 2695//1616 2696//1616 2697//1616
f 2698//1615 2699//1615 2695//1615 2694//1615
f 2695//1616 2691//1616 2693//1616 2696//1616
f 2699//1615 2692//1615 2691//1615 2695//1615
f 2578//233 2700//233 2701//233 2580//233
f 2573//233 2689//233 2700//233 2578//233
f 2700//233 2702//233 2703//233 2701//233
f 2689//233 2692//233 2702//233 2700//233
f 2704//233 2705//233 2699//233 2698//233
f 2706//233 2707//233 2705//233 2704//233
f 2705//233 2702//233 2692//233 2699//233
f 2707//233 2703//233 2702//233 2705//233
f 2584//1617 2708//1617 2709//1617 2586//1617
f 2580//1618 2701//1618 2708//1618 2584//1618
f 2708//1617 2710//1617 2711//1617 2709//1617
f 2701//1618 2703//1618 2710//1618 2708//1618
f 2712//1618 2713//1618 2707//1618 2706//1618
f 2714//1617 2715//1617 2713//1617 2712//1617
f 2713//1618 2710//1618 2703//1618 2707//1618
f 2715//1617 2711//1617 2710//1617 2713//1617
f 2716//1619 2717//1619 2592//1619 2597//1619
f 2718//1620 2719//1620 2717//1620 2716//1620
f 2717//1621 2720//1621 2593//1621 2592//1621
f 2719//1622 2721//1622 2720//1622 2717//1622
f 2722//1623 2723//1623 2724//1623 2725//1623
f 2726//1624 2727//1624 2723//1624 2722//1624
f 2723//1625 2719//1625 2718//1625 2724//1625
f 2727//1626 2721//1626 2719//1626 2723//1626
f 2720//1627 2728//1627 2601//1627 2593//1627
f 2721//1628 2729//1628 2728//1628 2720//1628
f 2728//1627 2730//1627 2602//1627 2601//1627
f 2729//1628 2731//1628 2730//1628 2728//1628
f 2732//1629 2733//1629 2727//1629 2726//1629
f 2734//1629 2735//1629 2733//1629 2732//1629
f 2733//1630 2729//1630 2721//1630 2727//1630
f 2735//1630 2731//1630 2729//1630 2733//1630
f 2730//1631 2736//1631 2607//1631 2602//1631
f 2731//1632 2737//1632 2736//1632 2730//1632
f 2736//1633 2738//1633 2608//1633 2607//1633
f 2737//1634 2739//1634 2738//1634 2736//1634
f 2740//1635 2741//1635 2735//1635 2734//1635
f 2742//1636 2743//1636 2741//1636 2740//1636
f 2741//1637 2737//1637 2731//1637 2735//1637
f 2743//1638 2739//1638 2737//1638 2741//1638
f 2744//6 2745//6 2646//6 2651//6
f 2746//6 2747//6 2745//6 2744//6
f 2745//6 2748//6 2647//6 2646//6
f 2747//6 2749//6 2748//6 2745//6
f 2750//6 2751//6 2752//6 2753//6
f 2754//6 2755//6 2751//6 2750//6
f 2751//6 2747//6 2746//6 2752//6
f 2755//6 2749//6 2747//6 2751//6
f 2752//1639 2756//1639 2757//1639 2753//1639
f 2746//1639 2758//1639 2756//1639 2752//1639
f 2756//1640 2715//1640 2714//1640 2757//1640
f 2758//1640 2711//1640 2715//1640 2756//1640
f 2655//1639 2759//1639 2744//1639 2651//1639
f 2586//1640 2709//1640 2759//1640 2655//1640
f 2759//1639 2758//1639 2746//1639 2744//1639
f 2709//1640 2711//1640 2758//1640 2759//1640
f 2760//25 2761//25 2762//25 2763//25
f 2764//25 2765//25 2761//25 2760//25
f 2761//25 2766//25 2767//25 2762//25
f 2765//25 2768//25 2766//25 2761//25
f 2661//25 2769//25 2770//25 2664//25
f 2660//25 2771//25 2769//25 2661//25
f 2769//25 2765//25 2764//25 2770//25
f 2771//25 2768//25 2765//25 2769//25
f 2770//1641 2772//1641 2666//1641 2664//1641
f 2764//1641 2773//1641 2772//1641 2770//1641
f 2772//1642 2690//1642 2572//1642 2666//1642
f 2773//1642 2693//1642 2690//1642 2772//1642
f 2774//1641 2775//1641 2760//1641 2763//1641
f 2697//1642 2696//1642 2775//1642 2774//1642
f 2775//1641 2773//1641 2764//1641 2760//1641
f 2696//1642 2693//1642 2773//1642 2775//1642
f 2776//1643 2777//1643 2778//1643 2779//1643
f 2619//1644 2616//1644 2777//1644 2776//1644
f 2777//1645 2780//1645 2781//1645 2778//1645
f 2616//1646 2615//1646 2780//1646 2777//1646
f 2782//233 2783//233 2784//233 2785//233
f 2786//233 2787//233 2783//233 2782//233
f 2783//233 2788//233 2789//233 2784//233
f 2787//233 2790//233 2788//233 2783//233
f 2791//1647 2792//1647 2793//1647 2794//1647
f 2795//1648 2796//1648 2792//1648 2791//1648
f 2792//1649 2634//1649 2631//1649 2793//1649
f 2796//1650 2635//1650 2634//1650 2792//1650
f 2797//825 2798//825 2799//825 2800//825
f 2801//825 2802//825 2798//825 2797//825
f 2798//825 2803//825 2804//825 2799//825
f 2802//825 2805//825 2803//825 2798//825
f 2806//1651 2807//1651 2808//1651 2809//1651
f 2779//1652 2778//1652 2807//1652 2806//1652
f 2807//1651 2810//1651 2811//1651 2808//1651
f 2778//1652 2781//1652 2810//1652 2807//1652
f 2812//233 2813//233 2814//233 2815//233
f 2785//233 2784//233 2813//233 2812//233
f 2813//233 2816//233 2817//233 2814//233
f 2784//233 2789//233 2816//233 2813//233
f 2818//1653 2819//1653 2820//1653 2821//1653
f 2822//1653 2823//1653 2819//1653 2818//1653
f 2819//1654 2791//1654 2794//1654 2820//1654
f 2823//1654 2795//1654 2791//1654 2819//1654
f 2824//825 2825//825 2826//825 2827//825
f 2828//825 2829//825 2825//825 2824//825
f 2825//825 2797//825 2800//825 2826//825
f 2829//825 2801//825 2797//825 2825//825
f 2830//1655 2831//1655 2832//1655 2833//1655
f 2809//1656 2808//1656 2831//1656 2830//1656
f 2831//1655 2834//1655 2835//1655 2832//1655
f 2808//1656 2811//1656 2834//1656 2831//1656
f 2836//233 2837//233 2838//233 2839//233
f 2815//233 2814//233 2837//233 2836//233
f 2837//233 2840//233 2841//233 2838//233
f 2814//233 2817//233 2840//233 2837//233
f 2842//1657 2843//1657 2844//1657 2845//1657
f 2846//1657 2847//1657 2843//1657 2842//1657
f 2843//1658 2818//1658 2821//1658 2844//1658
f 2847//1658 2822//1658 2818//1658 2843//1658
f 2848//825 2849//825 2850//825 2851//825
f 2852//825 2853//825 2849//825 2848//825
f 2849//825 2824//825 2827//825 2850//825
f 2853//825 2828//825 2824//825 2849//825
f 2854//1659 2855//1659 2856//1659 2857//1659
f 2833//1660 2832//1660 2855//1660 2854//1660
f 2855//1659 2858//1659 2859//1659 2856//1659
f 2832//1660 2835//1660 2858//1660 2855//1660
f 2860//233 2861//233 2862//233 2863//233
f 2864//233 2865//233 2861//233 2860//233
f 2861//233 2838//233 2841//233 2862//233
f 2865//233 2839//233 2838//233 2861//233
f 2866//1661 2867//1661 2868//1661 2869//1661
f 2870//1661 2871//1661 2867//1661 2866//1661
f 2867//1662 2842//1662 2845//1662 2868//1662
f 2871//1662 2846//1662 2842//1662 2867//1662
f 2872//825 2873//825 2874//825 2875//825
f 2852//825 2848//825 2873//825 2872//825
f 2873//825 2876//825 2877//825 2874//825
f 2848//825 2851//825 2876//825 2873//825
f 2878//1663 2879//1663 2880//1663 2881//1663
f 2857//1664 2856//1664 2879//1664 2878//1664
f 2879//1663 2882//1663 2883//1663 2880//1663
f 2856//1664 2859//1664 2882//1664 2879//1664
f 2884//233 2885//233 2886//233 2887//233
f 2888//233 2889//233 2885//233 2884//233
f 2885//233 2860//233 2863//233 2886//233
f 2889//233 2864//233 2860//233 2885//233
f 2890//1665 2891//1665 2892//1665 2893//1665
f 2894//1665 2895//1665 2891//1665 2890//1665
f 2891//1666 2866//1666 2869//1666 2892//1666
f 2895//1666 2870//1666 2866//1666 2891//1666
f 2896//825 2897//825 2898//825 2899//825
f 2875//825 2874//825 2897//825 2896//825
f 2897//825 2900//825 2901//825 2898//825
f 2874//825 2877//825 2900//825 2897//825
f 2902//1667 2903//1667 2611//1667 2614//1667
f 2904//1668 2905//1668 2903//1668 2902//1668
f 2903//1669 2906//1669 2615//1669 2611//1669
f 2905//1670 2907//1670 2906//1670 2903//1670
f 2908//1671 2909//1671 2910//1671 2911//1671
f 2912//1672 2913//1672 2909//1672 2908//1672
f 2909//1673 2905//1673 2904//1673 2910//1673
f 2913//1674 2907//1674 2905//1674 2909//1674
f 2906//1675 2914//1675 2915//1675 2615//1675
f 2907//1676 2916//1676 2914//1676 2906//1676
f 2914//1677 2917//1677 2635//1677 2915//1677
f 2916//1678 2918//1678 2917//1678 2914//1678
f 2919//1679 2920//1679 2913//1679 2912//1679
f 2921//1679 2922//1679 2920//1679 2919//1679
f 2920//1674 2916//1674 2907//1674 2913//1674
f 2922//1674 2918//1674 2916//1674 2920//1674
f 2917//1680 2923//1680 2632//1680 2635//1680
f 2918//1681 2924//1681 2923//1681 2917//1681
f 2923//1682 2925//1682 2636//1682 2632//1682
f 2924//1683 2926//1683 2925//1683 2923//1683
f 2927//1672 2928//1672 2922//1672 2921//1672
f 2929//1684 2930//1684 2928//1684 2927//1684
f 2928//1674 2924//1674 2918//1674 2922//1674
f 2930//1685 2926//1685 2924//1685 2928//1685
f 2964//1686 2965//1686 2724//1686 2718//1686
f 2966//1687 2967//1687 2965//1687 2964//1687
f 2965//1688 2968//1688 2725//1688 2724//1688
f 2967//1689 2969//1689 2968//1689 2965//1689
f 2755//6 2970//6 2971//6 2749//6
f 2754//6 2972//6 2970//6 2755//6
f 2970//6 2967//6 2966//6 2971//6
f 2972//6 2969//6 2967//6 2970//6
f 2971//6 2973//6 2748//6 2749//6
f 2966//6 2974//6 2973//6 2971//6
f 2973//6 2931//6 2647//6 2748//6
f 2974//6 2933//6 2931//6 2973//6
f 2716//1690 2975//1690 2964//1690 2718//1690
f 2597//1691 2938//1691 2975//1691 2716//1691
f 2975//1692 2974//1692 2966//1692 2964//1692
f 2938//1693 2933//1693 2974//1693 2975//1693
f 2743//1694 2976//1694 2977//1694 2739//1694
f 2742//1695 2978//1695 2976//1695 2743//1695
f 2976//1696 2979//1696 2980//1696 2977//1696
f 2978//1697 2981//1697 2979//1697 2976//1697
f 2766//25 2982//25 2983//25 2767//25
f 2768//25 2984//25 2982//25 2766//25
f 2982//25 2979//25 2981//25 2983//25
f 2984//25 2980//25 2979//25 2982//25
f 2977//1698 2985//1698 2738//1698 2739//1698
f 2980//1699 2986//1699 2985//1699 2977//1699
f 2985//1700 2948//1700 2608//1700 2738//1700
f 2986//1701 2944//1701 2948//1701 2985//1701
f 2771//25 2987//25 2984//25 2768//25
f 2660//25 2941//25 2987//25 2771//25
f 2987//25 2986//25 2980//25 2984//25
f 2941//25 2944//25 2986//25 2987//25
f 2988//1702 2989//1702 2613//1702 2618//1702
f 2763//1703 2762//1703 2989//1703 2988//1703
f 2989//1704 2990//1704 2614//1704 2613//1704
f 2762//1705 2767//1705 2990//1705 2989//1705
f 2991//1706 2992//1706 2625//1706 2624//1706
f 2697//1707 2774//1707 2992//1707 2991//1707
f 2992//1708 2988//1708 2618//1708 2625//1708
f 2774//1709 2763//1709 2988//1709 2992//1709
f 2993//1710 2994//1710 2620//1710 2623//1710
f 2698//1711 2694//1711 2994//1711 2993//1711
f 2994//1712 2991//1712 2624//1712 2620//1712
f 2694//1713 2697//1713 2991//1713 2994//1713
f 2630//1714 2995//1714 2996//1714 2631//1714
f 2619//1715 2997//1715 2995//1715 2630//1715
f 2995//1716 2787//1716 2786//1716 2996//1716
f 2997//1717 2790//1717 2787//1717 2995//1717
f 2998//1718 2999//1718 2626//1718 2629//1718
f 2706//1719 2704//1719 2999//1719 2998//1719
f 2999//1718 2993//1718 2623//1718 2626//1718
f 2704//1720 2698//1720 2993//1720 2999//1720
f 2637//1721 3000//1721 3001//1721 2639//1721
f 2636//1722 3002//1722 3000//1722 2637//1722
f 3000//1723 2750//1723 2753//1723 3001//1723
f 3002//1724 2754//1724 2750//1724 3000//1724
f 2642//1725 3003//1725 3004//1725 2643//1725
f 2639//1726 3001//1726 3003//1726 2642//1726
f 3003//1727 2757//1727 2714//1727 3004//1727
f 3001//1728 2753//1728 2757//1728 3003//1728
f 3004//1729 3005//1729 2640//1729 2643//1729
f 2714//1730 2712//1730 3005//1730 3004//1730
f 3005//1731 2998//1731 2629//1731 2640//1731
f 2712//1732 2706//1732 2998//1732 3005//1732
f 2780//1733 3006//1733 3007//1733 2781//1733
f 2615//1734 3008//1734 3006//1734 2780//1734
f 3006//1735 2802//1735 2801//1735 3007//1735
f 3008//1736 2805//1736 2802//1736 3006//1736
f 3009//1737 3010//1737 2776//1737 2779//1737
f 2789//1738 2788//1738 3010//1738 3009//1738
f 3010//1739 2997//1739 2619//1739 2776//1739
f 2788//1740 2790//1740 2997//1740 3010//1740
f 2996//1741 3011//1741 2793//1741 2631//1741
f 2786//1742 2782//1742 3011//1742 2996//1742
f 3011//1743 3012//1743 2794//1743 2793//1743
f 2782//1744 2785//1744 3012//1744 3011//1744
f 2796//1745 3013//1745 3014//1745 2635//1745
f 2795//1746 3015//1746 3013//1746 2796//1746
f 3013//1747 2799//1747 2804//1747 3014//1747
f 3015//1748 2800//1748 2799//1748 3013//1748
f 2810//1749 3016//1749 3017//1749 2811//1749
f 2781//1750 3007//1750 3016//1750 2810//1750
f 3016//1751 2829//1751 2828//1751 3017//1751
f 3007//1752 2801//1752 2829//1752 3016//1752
f 3018//1753 3019//1753 2806//1753 2809//1753
f 2817//1754 2816//1754 3019//1754 3018//1754
f 3019//1755 3009//1755 2779//1755 2806//1755
f 2816//1756 2789//1756 3009//1756 3019//1756
f 2820//1757 3020//1757 3021//1757 2821//1757
f 2794//1758 3012//1758 3020//1758 2820//1758
f 3020//1759 2812//1759 2815//1759 3021//1759
f 3012//1760 2785//1760 2812//1760 3020//1760
f 3022//1761 3023//1761 2823//1761 2822//1761
f 2827//1762 2826//1762 3023//1762 3022//1762
f 3023//1763 3015//1763 2795//1763 2823//1763
f 2826//1764 2800//1764 3015//1764 3023//1764
f 2834//1765 3024//1765 3025//1765 2835//1765
f 2811//1766 3017//1766 3024//1766 2834//1766
f 3024//1767 2853//1767 2852//1767 3025//1767
f 3017//1768 2828//1768 2853//1768 3024//1768
f 3026//1769 3027//1769 2830//1769 2833//1769
f 2841//1770 2840//1770 3027//1770 3026//1770
f 3027//1771 3018//1771 2809//1771 2830//1771
f 2840//1772 2817//1772 3018//1772 3027//1772
f 2844//1773 3028//1773 3029//1773 2845//1773
f 2821//1774 3021//1774 3028//1774 2844//1774
f 3028//1775 2836//1775 2839//1775 3029//1775
f 3021//1776 2815//1776 2836//1776 3028//1776
f 3030//1777 3031//1777 2847//1777 2846//1777
f 2851//1778 2850//1778 3031//1778 3030//1778
f 3031//1779 3022//1779 2822//1779 2847//1779
f 2850//1780 2827//1780 3022//1780 3031//1780
f 2858//1781 3032//1781 3033//1781 2859//1781
f 2835//1782 3025//1782 3032//1782 2858//1782
f 3032//1783 2872//1783 2875//1783 3033//1783
f 3025//1784 2852//1784 2872//1784 3032//1784
f 3034//1785 3035//1785 2854//1785 2857//1785
f 2863//1786 2862//1786 3035//1786 3034//1786
f 3035//1787 3026//1787 2833//1787 2854//1787
f 2862//1788 2841//1788 3026//1788 3035//1788
f 2868//1789 3036//1789 3037//1789 2869//1789
f 2845//1790 3029//1790 3036//1790 2868//1790
f 3036//1791 2865//1791 2864//1791 3037//1791
f 3029//1792 2839//1792 2865//1792 3036//1792
f 3038//1793 3039//1793 2871//1793 2870//1793
f 2877//1794 2876//1794 3039//1794 3038//1794
f 3039//1795 3030//1795 2846//1795 2871//1795
f 2876//1796 2851//1796 3030//1796 3039//1796
f 2882//1797 3040//1797 3041//1797 2883//1797
f 2859//1798 3033//1798 3040//1798 2882//1798
f 3040//1799 2896//1799 2899//1799 3041//1799
f 3033//1800 2875//1800 2896//1800 3040//1800
f 3042//1801 3043//1801 2878//1801 2881//1801
f 2887//1802 2886//1802 3043//1802 3042//1802
f 3043//1803 3034//1803 2857//1803 2878//1803
f 2886//1804 2863//1804 3034//1804 3043//1804
f 2892//1805 3044//1805 3045//1805 2893//1805
f 2869//1806 3037//1806 3044//1806 2892//1806
f 3044//1807 2889//1807 2888//1807 3045//1807
f 3037//1808 2864//1808 2889//1808 3044//1808
f 3046//1809 3047//1809 2895//1809 2894//1809
f 2901//1810 2900//1810 3047//1810 3046//1810
f 3047//1811 3038//1811 2870//1811 2895//1811
f 2900//1812 2877//1812 3038//1812 3047//1812
f 2902//1813 3048//1813 3049//1813 2904//1813
f 2614//1814 2990//1814 3048//1814 2902//1814
f 3048//1815 2983//1815 2981//1815 3049//1815
f 2990//1816 2767//1816 2983//1816 3048//1816
f 2910//1817 3050//1817 3051//1817 2911//1817
f 2904//1818 3049//1818 3050//1818 2910//1818
f 3050//1819 2978//1819 2742//1819 3051//1819
f 3049//1820 2981//1820 2978//1820 3050//1820
f 2908//1821 3052//1821 3053//1821 2912//1821
f 2911//1822 3051//1822 3052//1822 2908//1822
f 3052//1823 2740//1823 2734//1823 3053//1823
f 3051//1824 2742//1824 2740//1824 3052//1824
f 3014//1825 3054//1825 2915//1825 2635//1825
f 2804//238 2803//238 3054//238 3014//238
f 3054//1826 3008//1826 2615//1826 2915//1826
f 2803//1827 2805//1827 3008//1827 3054//1827
f 2919//1828 3055//1828 3056//1828 2921//1828
f 2912//1828 3053//1828 3055//1828 2919//1828
f 3055//1829 2732//1829 2726//1829 3056//1829
f 3053//1829 2734//1829 2732//1829 3055//1829
f 3057//1830 3058//1830 2925//1830 2926//1830
f 2969//1831 2972//1831 3058//1831 3057//1831
f 3058//1832 3002//1832 2636//1832 2925//1832
f 2972//1833 2754//1833 3002//1833 3058//1833
f 3059//1834 3060//1834 2930//1834 2929//1834
f 2725//1835 2968//1835 3060//1835 3059//1835
f 3060//1836 3057//1836 2926//1836 2930//1836
f 2968//1837 2969//1837 3057//1837 3060//1837
f 2927//1838 3061//1838 3059//1838 2929//1838
f 2921//1839 3056//1839 3061//1839 2927//1839
f 3061//1840 2722//1840 2725//1840 3059//1840
f 3056//1841 2726//1841 2722//1841 3061//1841
f 3104//1842 3105//1842 3106//1842 3107//1842
f 3108//1843 3109//1843 3105//1843 3104//1843
f 3105//1844 3110//1844 3111//1844 3106//1844
f 3109//1845 3112//1845 3110//1845 3105//1845
f 3113//1846 3114//1846 3115//1846 3116//1846
f 3112//1847 3109//1847 3114//1847 3113//1847
f 3114//1848 3117//1848 3118//1848 3115//1848
f 3109//1849 3108//1849 3117//1849 3114//1849
f 3119//1850 3120//1850 3121//1850 3122//1850
f 3123//1850 3124//1850 3120//1850 3119//1850
f 3120//1850 3113//1850 3116//1850 3121//1850
f 3124//1850 3112//1850 3113//1850 3120//1850
f 3125//1851 3126//1851 3127//1851 3128//1851
f 3123//1852 3129//1852 3126//1852 3125//1852
f 3126//1853 3130//1853 3131//1853 3127//1853
f 3129//1854 3132//1854 3130//1854 3126//1854
f 3133//1855 3134//1855 3135//1855 3136//1855
f 3132//1856 3129//1856 3134//1856 3133//1856
f 3134//1857 3119//1857 3122//1857 3135//1857
f 3129//1858 3123//1858 3119//1858 3134//1858
f 3181//1618 3182//1618 3064//1618 3069//1618
f 3183//1618 3184//1618 3182//1618 3181//1618
f 3182//1617 3185//1617 3065//1617 3064//1617
f 3184//1617 3186//1617 3185//1617 3182//1617
f 3187//1859 3188//1859 3115//1859 3118//1859
f 3186//1860 3184//1860 3188//1860 3187//1860
f 3188//1861 3189//1861 3116//1861 3115//1861
f 3184//1862 3183//1862 3189//1862 3188//1862
f 3190//233 3191//233 3072//233 3075//233
f 3192//233 3193//233 3191//233 3190//233
f 3191//233 3181//233 3069//233 3072//233
f 3193//233 3183//233 3181//233 3191//233
f 3189//233 3194//233 3121//233 3116//233
f 3183//233 3193//233 3194//233 3189//233
f 3194//233 3195//233 3122//233 3121//233
f 3193//233 3192//233 3195//233 3194//233
f 3196//1616 3197//1616 3078//1616 3081//1616
f 3198//1616 3199//1616 3197//1616 3196//1616
f 3197//1615 3190//1615 3075//1615 3078//1615
f 3199//1615 3192//1615 3190//1615 3197//1615
f 3195//1863 3200//1863 3135//1863 3122//1863
f 3192//1864 3199//1864 3200//1864 3195//1864
f 3200//1865 3201//1865 3136//1865 3135//1865
f 3199//1866 3198//1866 3201//1866 3200//1866
f 3083//1633 3202//1633 3203//1633 3087//1633
f 3086//1631 3204//1631 3202//1631 3083//1631
f 3202//1867 3205//1867 3206//1867 3203//1867
f 3204//1632 3207//1632 3205//1632 3202//1632
f 3208//1868 3209//1868 3210//1868 3211//1868
f 3206//1869 3205//1869 3209//1869 3208//1869
f 3209//1870 3212//1870 3213//1870 3210//1870
f 3205//1871 3207//1871 3212//1871 3209//1871
f 3092//1627 3214//1627 3204//1627 3086//1627
f 3095//1627 3215//1627 3214//1627 3092//1627
f 3214//1628 3216//1628 3207//1628 3204//1628
f 3215//1628 3217//1628 3216//1628 3214//1628
f 3212//1872 3218//1872 3219//1872 3213//1872
f 3207//1873 3216//1873 3218//1873 3212//1873
f 3218//1872 3220//1872 3221//1872 3219//1872
f 3216//1873 3217//1873 3220//1873 3218//1873
f 3098//1621 3222//1621 3215//1621 3095//1621
f 3101//1619 3223//1619 3222//1619 3098//1619
f 3222//1622 3224//1622 3217//1622 3215//1622
f 3223//1874 3225//1874 3224//1874 3222//1874
f 3220//1875 3226//1875 3227//1875 3221//1875
f 3217//1876 3224//1876 3226//1876 3220//1876
f 3226//1877 3228//1877 3229//1877 3227//1877
f 3224//1878 3225//1878 3228//1878 3226//1878
f 3137//25 3230//25 3231//25 3141//25
f 3140//25 3232//25 3230//25 3137//25
f 3230//25 3233//25 3234//25 3231//25
f 3232//25 3235//25 3233//25 3230//25
f 3236//25 3237//25 3130//25 3132//25
f 3234//25 3233//25 3237//25 3236//25
f 3237//25 3238//25 3131//25 3130//25
f 3233//25 3235//25 3238//25 3237//25
f 3133//1879 3239//1879 3236//1879 3132//1879
f 3136//1880 3201//1880 3239//1880 3133//1880
f 3239//1881 3240//1881 3234//1881 3236//1881
f 3201//1882 3198//1882 3240//1882 3239//1882
f 3231//1883 3241//1883 3148//1883 3141//1883
f 3234//1883 3240//1883 3241//1883 3231//1883
f 3241//1642 3196//1642 3081//1642 3148//1642
f 3240//1642 3198//1642 3196//1642 3241//1642
f 3104//6 3242//6 3243//6 3108//6
f 3107//6 3244//6 3242//6 3104//6
f 3242//6 3245//6 3246//6 3243//6
f 3244//6 3247//6 3245//6 3242//6
f 3248//6 3249//6 3155//6 3157//6
f 3246//6 3245//6 3249//6 3248//6
f 3249//6 3250//6 3156//6 3155//6
f 3245//6 3247//6 3250//6 3249//6
f 3158//1639 3251//1639 3248//1639 3157//1639
f 3065//1640 3185//1640 3251//1640 3158//1640
f 3251//1639 3252//1639 3246//1639 3248//1639
f 3185//1640 3186//1640 3252//1640 3251//1640
f 3243//1884 3253//1884 3117//1884 3108//1884
f 3246//1885 3252//1885 3253//1885 3243//1885
f 3253//1886 3187//1886 3118//1886 3117//1886
f 3252//1887 3186//1887 3187//1887 3253//1887
f 3254//1888 3255//1888 3256//1888 3257//1888
f 3258//1889 3259//1889 3255//1889 3254//1889
f 3255//1890 3110//1890 3112//1890 3256//1890
f 3259//1891 3111//1891 3110//1891 3255//1891
f 3260//233 3261//233 3262//233 3263//233
f 3257//233 3256//233 3261//233 3260//233
f 3261//233 3124//233 3123//233 3262//233
f 3256//233 3112//233 3124//233 3261//233
f 3262//1892 3264//1892 3265//1892 3263//1892
f 3123//1893 3125//1893 3264//1893 3262//1893
f 3264//1894 3266//1894 3267//1894 3265//1894
f 3125//1895 3128//1895 3266//1895 3264//1895
f 3266//825 3268//825 3269//825 3267//825
f 3128//825 3270//825 3268//825 3266//825
f 3268//825 3259//825 3258//825 3269//825
f 3270//825 3111//825 3259//825 3268//825
f 3271//1896 3272//1896 3273//1896 3274//1896
f 3275//1897 3276//1897 3272//1897 3271//1897
f 3272//1898 3254//1898 3257//1898 3273//1898
f 3276//1899 3258//1899 3254//1899 3272//1899
f 3277//233 3278//233 3279//233 3280//233
f 3274//233 3273//233 3278//233 3277//233
f 3278//233 3260//233 3263//233 3279//233
f 3273//233 3257//233 3260//233 3278//233
f 3279//1900 3281//1900 3282//1900 3280//1900
f 3263//1901 3265//1901 3281//1901 3279//1901
f 3281//1902 3283//1902 3284//1902 3282//1902
f 3265//1903 3267//1903 3283//1903 3281//1903
f 3283//825 3285//825 3286//825 3284//825
f 3267//825 3269//825 3285//825 3283//825
f 3285//825 3276//825 3275//825 3286//825
f 3269//825 3258//825 3276//825 3285//825
f 3287//1904 3288//1904 3289//1904 3290//1904
f 3291//1905 3292//1905 3288//1905 3287//1905
f 3288//1906 3271//1906 3274//1906 3289//1906
f 3292//1907 3275//1907 3271//1907 3288//1907
f 3293//233 3294//233 3295//233 3296//233
f 3290//233 3289//233 3294//233 3293//233
f 3294//233 3277//233 3280//233 3295//233
f 3289//233 3274//233 3277//233 3294//233
f 3295//1908 3297//1908 3298//1908 3296//1908
f 3280//1909 3282//1909 3297//1909 3295//1909
f 3297//1910 3299//1910 3300//1910 3298//1910
f 3282//1911 3284//1911 3299//1911 3297//1911
f 3299//825 3301//825 3302//825 3300//825
f 3284//825 3286//825 3301//825 3299//825
f 3301//825 3292//825 3291//825 3302//825
f 3286//825 3275//825 3292//825 3301//825
f 3303//1912 3304//1912 3305//1912 3306//1912
f 3307//1913 3308//1913 3304//1913 3303//1913
f 3304//1914 3287//1914 3290//1914 3305//1914
f 3308//1915 3291//1915 3287//1915 3304//1915
f 3305//233 3309//233 3310//233 3306//233
f 3290//233 3293//233 3309//233 3305//233
f 3309//233 3311//233 3312//233 3310//233
f 3293//233 3296//233 3311//233 3309//233
f 3311//1916 3313//1916 3314//1916 3312//1916
f 3296//1917 3298//1917 3313//1917 3311//1917
f 3313//1918 3315//1918 3316//1918 3314//1918
f 3298//1919 3300//1919 3315//1919 3313//1919
f 3317//825 3318//825 3308//825 3307//825
f 3316//825 3315//825 3318//825 3317//825
f 3318//825 3302//825 3291//825 3308//825
f 3315//825 3300//825 3302//825 3318//825
f 3319//1920 3320//1920 3321//1920 3322//1920
f 3323//1921 3324//1921 3320//1921 3319//1921
f 3320//1922 3303//1922 3306//1922 3321//1922
f 3324//1923 3307//1923 3303//1923 3320//1923
f 3321//1924 3325//1924 3326//1924 3322//1924
f 3306//1925 3310//1925 3325//1925 3321//1925
f 3325//1926 3327//1926 3328//1926 3326//1926
f 3310//1927 3312//1927 3327//1927 3325//1927
f 3327//1928 3329//1928 3330//1928 3328//1928
f 3312//1929 3314//1929 3329//1929 3327//1929
f 3329//1930 3331//1930 3332//1930 3330//1930
f 3314//1931 3316//1931 3331//1931 3329//1931
f 3333//1932 3334//1932 3324//1932 3323//1932
f 3332//1933 3331//1933 3334//1933 3333//1933
f 3334//1934 3317//1934 3307//1934 3324//1934
f 3331//1935 3316//1935 3317//1935 3334//1935
f 3106//1936 3335//1936 3336//1936 3107//1936
f 3111//1937 3337//1937 3335//1937 3106//1937
f 3335//1938 3338//1938 3339//1938 3336//1938
f 3337//1939 3340//1939 3338//1939 3335//1939
f 3341//1940 3342//1940 3227//1940 3229//1940
f 3339//1941 3338//1941 3342//1941 3341//1941
f 3342//1942 3343//1942 3221//1942 3227//1942
f 3338//1943 3340//1943 3343//1943 3342//1943
f 3270//1944 3344//1944 3337//1944 3111//1944
f 3128//1944 3345//1944 3344//1944 3270//1944
f 3344//1945 3346//1945 3340//1945 3337//1945
f 3345//1945 3347//1945 3346//1945 3344//1945
f 3343//1946 3348//1946 3219//1946 3221//1946
f 3340//1947 3346//1947 3348//1947 3343//1947
f 3348//1946 3349//1946 3213//1946 3219//1946
f 3346//1947 3347//1947 3349//1947 3348//1947
f 3127//1948 3350//1948 3345//1948 3128//1948
f 3131//1949 3351//1949 3350//1949 3127//1949
f 3350//1939 3352//1939 3347//1939 3345//1939
f 3351//1950 3353//1950 3352//1950 3350//1950
f 3349//1951 3354//1951 3210//1951 3213//1951
f 3347//1952 3352//1952 3354//1952 3349//1952
f 3354//1953 3355//1953 3211//1953 3210//1953
f 3352//1954 3353//1954 3355//1954 3354//1954
f 3208//1955 3389//1955 3390//1955 3206//1955
f 3211//1956 3355//1956 3389//1956 3208//1956
f 3389//1957 3391//1957 3392//1957 3390//1957
f 3355//1958 3353//1958 3391//1958 3389//1958
f 3393//25 3394//25 3238//25 3235//25
f 3392//25 3391//25 3394//25 3393//25
f 3394//25 3351//25 3131//25 3238//25
f 3391//25 3353//25 3351//25 3394//25
f 3232//25 3395//25 3393//25 3235//25
f 3140//25 3357//25 3395//25 3232//25
f 3395//25 3396//25 3392//25 3393//25
f 3357//25 3360//25 3396//25 3395//25
f 3390//1698 3397//1698 3203//1698 3206//1698
f 3392//1699 3396//1699 3397//1699 3390//1699
f 3397//1700 3362//1700 3087//1700 3203//1700
f 3396//1959 3360//1959 3362//1959 3397//1959
f 3398//1960 3399//1960 3228//1960 3225//1960
f 3400//1961 3401//1961 3399//1961 3398//1961
f 3399//1962 3341//1962 3229//1962 3228//1962
f 3401//1963 3339//1963 3341//1963 3399//1963
f 3336//6 3402//6 3244//6 3107//6
f 3339//6 3401//6 3402//6 3336//6
f 3402//6 3403//6 3247//6 3244//6
f 3401//6 3400//6 3403//6 3402//6
f 3223//1690 3404//1690 3398//1690 3225//1690
f 3101//1691 3373//1691 3404//1691 3223//1691
f 3404//1692 3405//1692 3400//1692 3398//1692
f 3373//1693 3367//1693 3405//1693 3404//1693
f 3403//6 3406//6 3250//6 3247//6
f 3400//6 3405//6 3406//6 3403//6
f 3406//6 3365//6 3156//6 3250//6
f 3405//6 3367//6 3365//6 3406//6
f 3107//1964 3409//1964 3407//1964 3104//1964
f 3407//1965 3104//1965 3108//1965 3408//1965
f 3410//1966 3117//1966 3118//1966 3411//1966
f 3408//1967 3108//1967 3117//1967 3410//1967
f 3118//1968 3411//1968 3412//1968 3115//1968
f 3123//825 3124//825 3414//825 3413//825
f 3414//825 3415//825 3112//825 3124//825
f 3417//25 3418//25 3130//25 3132//25
f 3418//25 3419//25 3131//25 3130//25
f 3136//1969 3133//1969 3421//1969 3420//1969
f 3421//1970 3417//1970 3132//1970 3133//1970
f 3135//1971 3422//1971 3420//1971 3136//1971
f 3258//233 3259//233 3424//233 3423//233
f 3259//825 3111//825 3425//825 3424//825
f 3426//825 3256//825 3257//825 3427//825
f 3415//233 3112//233 3256//233 3426//233
f 3428//233 3262//233 3123//233 3413//233
f 3429//825 3263//825 3262//825 3428//825
f 3128//1972 3266//1972 3431//1972 3430//1972
f 3431//825 3432//825 3267//825 3266//825
f 3433//233 3434//233 3276//233 3275//233
f 3276//1973 3258//1973 3423//1973 3434//1973
f 3435//1974 3273//1974 3274//1974 3436//1974
f 3427//1975 3257//1975 3273//1975 3435//1975
f 3437//1976 3438//1976 3279//1976 3280//1976
f 3279//825 3263//825 3429//825 3438//825
f 3283//825 3439//825 3440//825 3284//825
f 3432//1974 3267//1974 3283//1974 3439//1974
f 3441//233 3442//233 3292//233 3291//233
f 3442//233 3433//233 3275//233 3292//233
f 3289//825 3443//825 3444//825 3290//825
f 3274//825 3436//825 3443//825 3289//825
f 3296//825 3295//825 3446//825 3445//825
f 3295//825 3280//825 3437//825 3446//825
f 3299//825 3447//825 3448//825 3300//825
f 3440//233 3284//233 3299//233 3447//233
f 3307//1972 3308//1972 3450//1972 3449//1972
f 3450//233 3441//233 3291//233 3308//233
f 3451//1974 3305//1974 3306//1974 3452//1974
f 3444//1976 3290//1976 3305//1976 3451//1976
f 3453//233 3454//233 3311//233 3312//233
f 3311//825 3296//825 3445//825 3454//825
f 3315//825 3455//825 3456//825 3316//825
f 3448//1974 3300//1974 3315//1974 3455//1974
f 3323//1977 3324//1977 3458//1977 3457//1977
f 3324//1978 3307//1978 3449//1978 3458//1978
f 3306//1979 3452//1979 3459//1979 3321//1979
f 3459//1980 3321//1980 3322//1980 3460//1980
f 3461//1981 3462//1981 3327//1981 3328//1981
f 3327//1982 3312//1982 3453//1982 3462//1982
f 3463//1983 3331//1983 3332//1983 3464//1983
f 3456//1984 3316//1984 3331//1984 3463//1984
f 3339//25 3336//25 3466//25 3465//25
f 3466//6 3409//6 3107//6 3336//6
f 3229//1985 3341//1985 3468//1985 3467//1985
f 3341//1986 3339//1986 3465//1986 3468//1986
f 3469//1987 3467//1987 3229//1987 3227//1987
f 3470//825 3270//825 3128//825 3430//825
f 3425//233 3111//233 3270//233 3470//233
f 3131//1988 3419//1988 3472//1988 3351//1988
f 3472//1989 3351//1989 3353//1989 3473//1989
f 3353//1990 3473//1990 3474//1990 3355//1990
f 3474//1991 3355//1991 3211//1991 3475//1991
f 3211//1992 3210//1992 3476//1992 3475//1992
usemtl surf2
f 1898//1993 1899//1993 1897//1993 1896//1993
f 1900//1994 1901//1994 1899//1994 1898//1994
f 1899//1995 1902//1995 1890//1995 1897//1995
f 1901//1996 1903//1996 1902//1996 1899//1996
f 1902//1997 1904//1997 1891//1997 1890//1997
f 1903//1998 1905//1998 1904//1998 1902//1998
f 1904//1999 1906//1999 1893//1999 1891//1999
f 1905//2000 1907//2000 1906//2000 1904//2000
f 1908//2001 1909//2001 1905//2001 1903//2001
f 1910//2002 1911//2002 1909//2002 1908//2002
f 1909//2003 1912//2003 1907//2003 1905//2003
f 1911//2004 1913//2004 1912//2004 1909//2004
f 1914//2005 1915//2005 1901//2005 1900//2005
f 1916//2006 1917//2006 1915//2006 1914//2006
f 1915//2007 1908//2007 1903//2007 1901//2007
f 1917//2008 1910//2008 1908//2008 1915//2008
f 1918//2009 1919//2009 1898//2009 1896//2009
f 1920//2010 1921//2010 1919//2010 1918//2010
f 1919//2011 1922//2011 1900//2011 1898//2011
f 1921//2012 1923//2012 1922//2012 1919//2012
f 1922//2013 1924//2013 1914//2013 1900//2013
f 1923//2014 1925//2014 1924//2014 1922//2014
f 1924//2015 1926//2015 1916//2015 1914//2015
f 1925//2016 1927//2016 1926//2016 1924//2016
f 1928//2017 1929//2017 1925//2017 1923//2017
f 1930//2018 1931//2018 1929//2018 1928//2018
f 1929//2019 1932//2019 1927//2019 1925//2019
f 1931//2020 1933//2020 1932//2020 1929//2020
f 1934//2021 1935//2021 1921//2021 1920//2021
f 1936//2022 1937//2022 1935//2022 1934//2022
f 1935//2023 1928//2023 1923//2023 1921//2023
f 1937//2024 1930//2024 1928//2024 1935//2024
f 1956//2025 1966//2025 1937//2025 1936//2025
f 1957//2026 1967//2026 1966//2026 1956//2026
f 1966//2027 1968//2027 1930//2027 1937//2027
f 1967//2028 1969//2028 1968//2028 1966//2028
f 1968//2029 1970//2029 1931//2029 1930//2029
f 1969//2030 1971//2030 1970//2030 1968//2030
f 1970//2031 1972//2031 1933//2031 1931//2031
f 1971//2032 1973//2032 1972//2032 1970//2032
f 1974//2033 1975//2033 1971//2033 1969//2033
f 1976//2034 1977//2034 1975//2034 1974//2034
f 1975//2035 1978//2035 1973//2035 1971//2035
f 1977//2036 1979//2036 1978//2036 1975//2036
f 1962//2037 1980//2037 1967//2037 1957//2037
f 1963//2038 1981//2038 1980//2038 1962//2038
f 1980//2039 1974//2039 1969//2039 1967//2039
f 1981//2040 1976//2040 1974//2040 1980//2040
f 1982//2041 1983//2041 1981//2041 1963//2041
f 1984//2042 1985//2042 1983//2042 1982//2042
f 1983//2043 1986//2043 1976//2043 1981//2043
f 1985//2044 1987//2044 1986//2044 1983//2044
f 1986//2045 1988//2045 1977//2045 1976//2045
f 1987//2046 1989//2046 1988//2046 1986//2046
f 1988//2047 1990//2047 1979//2047 1977//2047
f 1989//2048 1991//2048 1990//2048 1988//2048
f 1992//2049 1993//2049 1989//2049 1987//2049
f 1994//2050 1995//2050 1993//2050 1992//2050
f 1993//2051 1996//2051 1991//2051 1989//2051
f 1995//2052 1997//2052 1996//2052 1993//2052
f 1998//2053 1999//2053 1985//2053 1984//2053
f 2000//2054 2001//2054 1999//2054 1998//2054
f 1999//2055 1992//2055 1987//2055 1985//2055
f 2001//2056 1994//2056 1992//2056 1999//2056
f 2046//2057 2047//2057 2045//2057 2024//2057
f 2048//2058 2049//2058 2047//2058 2046//2058
f 2047//2059 2050//2059 2043//2059 2045//2059
f 2049//2060 2051//2060 2050//2060 2047//2060
f 2050//2061 2052//2061 2042//2061 2043//2061
f 2051//2062 2053//2062 2052//2062 2050//2062
f 2052//2063 2001//2063 2000//2063 2042//2063
f 2053//2064 1994//2064 2001//2064 2052//2064
f 2053//2065 2054//2065 1995//2065 1994//2065
f 2051//2066 2055//2066 2054//2066 2053//2066
f 2054//2067 2056//2067 1997//2067 1995//2067
f 2055//2068 2057//2068 2056//2068 2054//2068
f 2058//2069 2059//2069 2049//2069 2048//2069
f 2060//2070 2061//2070 2059//2070 2058//2070
f 2059//2071 2055//2071 2051//2071 2049//2071
f 2061//2072 2057//2072 2055//2072 2059//2072
f 2023//2073 2062//2073 2046//2073 2024//2073
f 2025//2074 2063//2074 2062//2074 2023//2074
f 2062//2075 2064//2075 2048//2075 2046//2075
f 2063//2076 2065//2076 2064//2076 2062//2076
f 2064//2077 2066//2077 2058//2077 2048//2077
f 2065//2078 2067//2078 2066//2078 2064//2078
f 2066//2079 2068//2079 2060//2079 2058//2079
f 2067//2080 2069//2080 2068//2080 2066//2080
f 2070//2081 2071//2081 2072//2081 2073//2081
f 2074//2082 2075//2082 2071//2082 2070//2082
f 2071//2083 2067//2083 2065//2083 2072//2083
f 2075//2084 2069//2084 2067//2084 2071//2084
f 2031//2085 2076//2085 2063//2085 2025//2085
f 2030//2086 2077//2086 2076//2086 2031//2086
f 2076//2087 2072//2087 2065//2087 2063//2087
f 2077//2088 2073//2088 2072//2088 2076//2088
f 2106//2089 2107//2089 2105//2089 2091//2089
f 2108//2090 2109//2090 2107//2090 2106//2090
f 2107//2091 2110//2091 2102//2091 2105//2091
f 2109//2092 2111//2092 2110//2092 2107//2092
f 2110//2093 2112//2093 2103//2093 2102//2093
f 2111//2094 2113//2094 2112//2094 2110//2094
f 2112//2095 2077//2095 2030//2095 2103//2095
f 2113//2096 2073//2096 2077//2096 2112//2096
f 2114//2097 2115//2097 2113//2097 2111//2097
f 2116//2098 2117//2098 2115//2098 2114//2098
f 2115//2099 2070//2099 2073//2099 2113//2099
f 2117//2100 2074//2100 2070//2100 2115//2100
f 2118//2101 2119//2101 2109//2101 2108//2101
f 2120//2102 2121//2102 2119//2102 2118//2102
f 2119//2103 2114//2103 2111//2103 2109//2103
f 2121//2104 2116//2104 2114//2104 2119//2104
f 1906//2105 2122//2105 2093//2105 1893//2105
f 1907//2106 2123//2106 2122//2106 1906//2106
f 2122//2107 2124//2107 2088//2107 2093//2107
f 2123//2108 2125//2108 2124//2108 2122//2108
f 2124//2109 2126//2109 2089//2109 2088//2109
f 2125//2110 2127//2110 2126//2110 2124//2110
f 2126//2111 2106//2111 2091//2111 2089//2111
f 2127//2112 2108//2112 2106//2112 2126//2112
f 2128//2113 2129//2113 2127//2113 2125//2113
f 2130//2114 2131//2114 2129//2114 2128//2114
f 2129//2115 2118//2115 2108//2115 2127//2115
f 2131//2116 2120//2116 2118//2116 2129//2116
f 1912//2117 2132//2117 2123//2117 1907//2117
f 1913//2118 2133//2118 2132//2118 1912//2118
f 2132//2119 2128//2119 2125//2119 2123//2119
f 2133//2120 2130//2120 2128//2120 2132//2120
f 1917//2121 2134//2121 2135//2121 1910//2121
f 1916//2122 2136//2122 2134//2122 1917//2122
f 2134//2123 2137//2123 2138//2123 2135//2123
f 2136//2124 2139//2124 2137//2124 2134//2124
f 2135//2125 2140//2125 1911//2125 1910//2125
f 2138//2126 2141//2126 2140//2126 2135//2126
f 2140//2127 2133//2127 1913//2127 1911//2127
f 2141//2128 2130//2128 2133//2128 2140//2128
f 2141//2129 2142//2129 2131//2129 2130//2129
f 2138//2130 2143//2130 2142//2130 2141//2130
f 2142//2131 2144//2131 2120//2131 2131//2131
f 2143//2132 2145//2132 2144//2132 2142//2132
f 2146//2133 2147//2133 2137//2133 2139//2133
f 2148//2134 2149//2134 2147//2134 2146//2134
f 2147//2135 2143//2135 2138//2135 2137//2135
f 2149//2136 2145//2136 2143//2136 2147//2136
f 2150//2137 2151//2137 2149//2137 2148//2137
f 2152//2138 2153//2138 2151//2138 2150//2138
f 2151//2139 2154//2139 2145//2139 2149//2139
f 2153//2140 2155//2140 2154//2140 2151//2140
f 2121//2141 2156//2141 2157//2141 2116//2141
f 2120//2142 2144//2142 2156//2142 2121//2142
f 2156//2143 2154//2143 2155//2143 2157//2143
f 2144//2144 2145//2144 2154//2144 2156//2144
f 2157//2145 2158//2145 2117//2145 2116//2145
f 2155//2146 2159//2146 2158//2146 2157//2146
f 2158//2147 2075//2147 2074//2147 2117//2147
f 2159//2148 2069//2148 2075//2148 2158//2148
f 2159//2149 2160//2149 2068//2149 2069//2149
f 2155//2150 2153//2150 2160//2150 2159//2150
f 2160//2151 2161//2151 2060//2151 2068//2151
f 2153//2152 2152//2152 2161//2152 2160//2152
f 2162//2153 2163//2153 2150//2153 2148//2153
f 2164//2154 2165//2154 2163//2154 2162//2154
f 2163//2155 2166//2155 2152//2155 2150//2155
f 2165//2156 2167//2156 2166//2156 2163//2156
f 2061//2157 2168//2157 2169//2157 2057//2157
f 2060//2158 2161//2158 2168//2158 2061//2158
f 2168//2159 2166//2159 2167//2159 2169//2159
f 2161//2160 2152//2160 2166//2160 2168//2160
f 1996//2161 2170//2161 2171//2161 1991//2161
f 1997//2162 2056//2162 2170//2162 1996//2162
f 2170//2163 2169//2163 2167//2163 2171//2163
f 2056//2164 2057//2164 2169//2164 2170//2164
f 2171//2165 2172//2165 1990//2165 1991//2165
f 2167//2166 2165//2166 2172//2166 2171//2166
f 2172//2167 2173//2167 1979//2167 1990//2167
f 2165//2168 2164//2168 2173//2168 2172//2168
f 2174//2169 2175//2169 1926//2169 1927//2169
f 2176//2170 2177//2170 2175//2170 2174//2170
f 2175//2171 2136//2171 1916//2171 1926//2171
f 2177//2172 2139//2172 2136//2172 2175//2172
f 2177//2173 2178//2173 2146//2173 2139//2173
f 2176//2174 2179//2174 2178//2174 2177//2174
f 2178//2175 2162//2175 2148//2175 2146//2175
f 2179//2176 2164//2176 2162//2176 2178//2176
f 1978//2177 2180//2177 2181//2177 1973//2177
f 1979//2178 2173//2178 2180//2178 1978//2178
f 2180//2179 2179//2179 2176//2179 2181//2179
f 2173//2180 2164//2180 2179//2180 2180//2180
f 1932//2181 2182//2181 2174//2181 1927//2181
f 1933//2182 1972//2182 2182//2182 1932//2182
f 2182//2183 2181//2183 2176//2183 2174//2183
f 1972//2184 1973//2184 2181//2184 2182//2184
f 2228//2185 2229//2185 2230//2185 2231//2185
f 2232//2186 2233//2186 2229//2186 2228//2186
f 2229//2187 2234//2187 2235//2187 2230//2187
f 2233//2188 2236//2188 2234//2188 2229//2188
f 2234//2189 2237//2189 2238//2189 2235//2189
f 2236//2190 2239//2190 2237//2190 2234//2190
f 2237//2191 2240//2191 2241//2191 2238//2191
f 2239//2192 2242//2192 2240//2192 2237//2192
f 2243//2193 2244//2193 2239//2193 2236//2193
f 2245//2194 2246//2194 2244//2194 2243//2194
f 2244//2195 2247//2195 2242//2195 2239//2195
f 2246//2196 2248//2196 2247//2196 2244//2196
f 2249//2197 2250//2197 2233//2197 2232//2197
f 2251//2198 2252//2198 2250//2198 2249//2198
f 2250//2199 2243//2199 2236//2199 2233//2199
f 2252//2200 2245//2200 2243//2200 2250//2200
f 2274//2201 2284//2201 2252//2201 2251//2201
f 2275//2202 2285//2202 2284//2202 2274//2202
f 2284//2203 2286//2203 2245//2203 2252//2203
f 2285//2204 2287//2204 2286//2204 2284//2204
f 2286//2205 2288//2205 2246//2205 2245//2205
f 2287//2206 2289//2206 2288//2206 2286//2206
f 2288//2207 2290//2207 2248//2207 2246//2207
f 2289//2208 2291//2208 2290//2208 2288//2208
f 2292//2209 2293//2209 2289//2209 2287//2209
f 2294//2210 2295//2210 2293//2210 2292//2210
f 2293//2211 2296//2211 2291//2211 2289//2211
f 2295//2212 2297//2212 2296//2212 2293//2212
f 2280//2213 2298//2213 2285//2213 2275//2213
f 2281//2214 2299//2214 2298//2214 2280//2214
f 2298//2215 2292//2215 2287//2215 2285//2215
f 2299//2216 2294//2216 2292//2216 2298//2216
f 2300//2217 2301//2217 2299//2217 2281//2217
f 2302//2218 2303//2218 2301//2218 2300//2218
f 2301//2219 2304//2219 2294//2219 2299//2219
f 2303//2220 2305//2220 2304//2220 2301//2220
f 2304//2221 2306//2221 2295//2221 2294//2221
f 2305//2222 2307//2222 2306//2222 2304//2222
f 2306//2223 2308//2223 2297//2223 2295//2223
f 2307//2224 2309//2224 2308//2224 2306//2224
f 2310//2225 2311//2225 2307//2225 2305//2225
f 2312//2226 2313//2226 2311//2226 2310//2226
f 2311//2227 2314//2227 2309//2227 2307//2227
f 2313//2228 2315//2228 2314//2228 2311//2228
f 2316//2229 2317//2229 2303//2229 2302//2229
f 2318//2230 2319//2230 2317//2230 2316//2230
f 2317//2231 2310//2231 2305//2231 2303//2231
f 2319//2232 2312//2232 2310//2232 2317//2232
f 2348//2233 2349//2233 2347//2233 2346//2233
f 2350//2234 2351//2234 2349//2234 2348//2234
f 2349//2235 2352//2235 2343//2235 2347//2235
f 2351//2236 2353//2236 2352//2236 2349//2236
f 2352//2237 2354//2237 2342//2237 2343//2237
f 2353//2238 2355//2238 2354//2238 2352//2238
f 2354//2239 2319//2239 2318//2239 2342//2239
f 2355//2240 2312//2240 2319//2240 2354//2240
f 2355//2241 2356//2241 2313//2241 2312//2241
f 2353//2242 2357//2242 2356//2242 2355//2242
f 2356//2243 2358//2243 2315//2243 2313//2243
f 2357//2244 2359//2244 2358//2244 2356//2244
f 2360//2245 2361//2245 2351//2245 2350//2245
f 2362//2246 2363//2246 2361//2246 2360//2246
f 2361//2247 2357//2247 2353//2247 2351//2247
f 2363//2248 2359//2248 2357//2248 2361//2248
f 2364//2249 2365//2249 2366//2249 2367//2249
f 2368//2250 2369//2250 2365//2250 2364//2250
f 2365//2251 2370//2251 2371//2251 2366//2251
f 2369//2252 2372//2252 2370//2252 2365//2252
f 2363//2253 2373//2253 2374//2253 2359//2253
f 2362//2254 2375//2254 2373//2254 2363//2254
f 2373//2255 2370//2255 2372//2255 2374//2255
f 2375//2256 2371//2256 2370//2256 2373//2256
f 2314//2257 2376//2257 2377//2257 2309//2257
f 2315//2258 2358//2258 2376//2258 2314//2258
f 2376//2259 2374//2259 2372//2259 2377//2259
f 2358//2260 2359//2260 2374//2260 2376//2260
f 2377//2261 2378//2261 2308//2261 2309//2261
f 2372//2262 2369//2262 2378//2262 2377//2262
f 2378//2263 2379//2263 2297//2263 2308//2263
f 2369//2264 2368//2264 2379//2264 2378//2264
f 2380//2265 2381//2265 2240//2265 2242//2265
f 2382//2266 2383//2266 2381//2266 2380//2266
f 2381//2267 2384//2267 2241//2267 2240//2267
f 2383//2268 2385//2268 2384//2268 2381//2268
f 2383//2269 2386//2269 2387//2269 2385//2269
f 2382//2270 2388//2270 2386//2270 2383//2270
f 2386//2271 2364//2271 2367//2271 2387//2271
f 2388//2272 2368//2272 2364//2272 2386//2272
f 2296//2273 2389//2273 2390//2273 2291//2273
f 2297//2274 2379//2274 2389//2274 2296//2274
f 2389//2275 2388//2275 2382//2275 2390//2275
f 2379//2276 2368//2276 2388//2276 2389//2276
f 2247//2277 2391//2277 2380//2277 2242//2277
f 2248//2278 2290//2278 2391//2278 2247//2278
f 2391//2279 2390//2279 2382//2279 2380//2279
f 2290//2280 2291//2280 2390//2280 2391//2280
f 2230//2281 2428//2281 2429//2281 2231//2281
f 2235//2282 2430//2282 2428//2282 2230//2282
f 2428//2283 2431//2283 2432//2283 2429//2283
f 2430//2284 2433//2284 2431//2284 2428//2284
f 2238//2285 2434//2285 2430//2285 2235//2285
f 2241//2286 2435//2286 2434//2286 2238//2286
f 2434//2287 2436//2287 2433//2287 2430//2287
f 2435//2288 2437//2288 2436//2288 2434//2288
f 2436//2289 2438//2289 2439//2289 2433//2289
f 2437//2290 2440//2290 2438//2290 2436//2290
f 2438//2291 2441//2291 2442//2291 2439//2291
f 2440//2292 2443//2292 2441//2292 2438//2292
f 2431//2293 2444//2293 2445//2293 2432//2293
f 2433//2294 2439//2294 2444//2294 2431//2294
f 2444//2295 2446//2295 2447//2295 2445//2295
f 2439//2296 2442//2296 2446//2296 2444//2296
f 2446//2297 2476//2297 2465//2297 2447//2297
f 2442//2298 2477//2298 2476//2298 2446//2298
f 2476//2299 2478//2299 2467//2299 2465//2299
f 2477//2300 2479//2300 2478//2300 2476//2300
f 2441//2301 2480//2301 2477//2301 2442//2301
f 2443//2302 2481//2302 2480//2302 2441//2302
f 2480//2303 2482//2303 2479//2303 2477//2303
f 2481//2304 2483//2304 2482//2304 2480//2304
f 2482//2305 2484//2305 2485//2305 2479//2305
f 2483//2306 2486//2306 2484//2306 2482//2306
f 2484//2307 2487//2307 2488//2307 2485//2307
f 2486//2308 2489//2308 2487//2308 2484//2308
f 2478//2309 2490//2309 2470//2309 2467//2309
f 2479//2310 2485//2310 2490//2310 2478//2310
f 2490//2311 2491//2311 2473//2311 2470//2311
f 2485//2312 2488//2312 2491//2312 2490//2312
f 2491//2313 2492//2313 2493//2313 2473//2313
f 2488//2314 2494//2314 2492//2314 2491//2314
f 2492//2315 2495//2315 2496//2315 2493//2315
f 2494//2316 2497//2316 2495//2316 2492//2316
f 2487//2317 2498//2317 2494//2317 2488//2317
f 2489//2318 2499//2318 2498//2318 2487//2318
f 2498//2319 2500//2319 2497//2319 2494//2319
f 2499//2320 2501//2320 2500//2320 2498//2320
f 2500//2321 2502//2321 2503//2321 2497//2321
f 2501//2322 2504//2322 2502//2322 2500//2322
f 2502//2323 2505//2323 2506//2323 2503//2323
f 2504//2324 2507//2324 2505//2324 2502//2324
f 2495//2325 2508//2325 2509//2325 2496//2325
f 2497//2326 2503//2326 2508//2326 2495//2326
f 2508//2327 2510//2327 2511//2327 2509//2327
f 2503//2328 2506//2328 2510//2328 2508//2328
f 2535//2329 2536//2329 2348//2329 2346//2329
f 2533//2330 2537//2330 2536//2330 2535//2330
f 2536//2331 2538//2331 2350//2331 2348//2331
f 2537//2332 2539//2332 2538//2332 2536//2332
f 2531//2333 2540//2333 2537//2333 2533//2333
f 2511//2334 2510//2334 2540//2334 2531//2334
f 2540//2335 2541//2335 2539//2335 2537//2335
f 2510//2336 2506//2336 2541//2336 2540//2336
f 2505//2337 2542//2337 2541//2337 2506//2337
f 2507//2338 2543//2338 2542//2338 2505//2338
f 2542//2339 2544//2339 2539//2339 2541//2339
f 2543//2340 2545//2340 2544//2340 2542//2340
f 2538//2341 2546//2341 2360//2341 2350//2341
f 2539//2342 2544//2342 2546//2342 2538//2342
f 2546//2343 2547//2343 2362//2343 2360//2343
f 2544//2344 2545//2344 2547//2344 2546//2344
f 2366//2345 2548//2345 2549//2345 2367//2345
f 2371//2346 2550//2346 2548//2346 2366//2346
f 2548//2347 2551//2347 2552//2347 2549//2347
f 2550//2348 2553//2348 2551//2348 2548//2348
f 2554//2349 2555//2349 2547//2349 2545//2349
f 2553//2350 2550//2350 2555//2350 2554//2350
f 2555//2351 2375//2351 2362//2351 2547//2351
f 2550//2352 2371//2352 2375//2352 2555//2352
f 2556//2353 2557//2353 2504//2353 2501//2353
f 2553//2354 2554//2354 2557//2354 2556//2354
f 2557//2355 2543//2355 2507//2355 2504//2355
f 2554//2356 2545//2356 2543//2356 2557//2356
f 2499//2357 2558//2357 2556//2357 2501//2357
f 2489//2358 2559//2358 2558//2358 2499//2358
f 2558//2359 2551//2359 2553//2359 2556//2359
f 2559//2360 2552//2360 2551//2360 2558//2360
f 2435//2361 2560//2361 2561//2361 2437//2361
f 2241//2362 2384//2362 2560//2362 2435//2362
f 2560//2363 2562//2363 2563//2363 2561//2363
f 2384//2364 2385//2364 2562//2364 2560//2364
f 2387//2365 2564//2365 2562//2365 2385//2365
f 2367//2366 2549//2366 2564//2366 2387//2366
f 2564//2367 2565//2367 2563//2367 2562//2367
f 2549//2368 2552//2368 2565//2368 2564//2368
f 2566//2369 2567//2369 2486//2369 2483//2369
f 2563//2370 2565//2370 2567//2370 2566//2370
f 2567//2371 2559//2371 2489//2371 2486//2371
f 2565//2372 2552//2372 2559//2372 2567//2372
f 2561//2373 2568//2373 2440//2373 2437//2373
f 2563//2374 2566//2374 2568//2374 2561//2374
f 2568//2375 2481//2375 2443//2375 2440//2375
f 2566//2376 2483//2376 2481//2376 2568//2376
f 2569//2377 2570//2377 2571//2377 2572//2377
f 2573//2378 2574//2378 2570//2378 2569//2378
f 2570//2379 2575//2379 2576//2379 2571//2379
f 2574//2380 2577//2380 2575//2380 2570//2380
f 2578//2381 2579//2381 2574//2381 2573//2381
f 2580//2381 2581//2381 2579//2381 2578//2381
f 2579//2382 2582//2382 2577//2382 2574//2382
f 2581//2382 2583//2382 2582//2382 2579//2382
f 2584//2383 2585//2383 2581//2383 2580//2383
f 2586//2384 2587//2384 2585//2384 2584//2384
f 2585//2385 2588//2385 2583//2385 2581//2385
f 2587//2386 2589//2386 2588//2386 2585//2386
f 2590//2387 2591//2387 2592//2387 2593//2387
f 2594//2388 2595//2388 2591//2388 2590//2388
f 2591//2389 2596//2389 2597//2389 2592//2389
f 2595//2390 2598//2390 2596//2390 2591//2390
f 2599//2391 2600//2391 2601//2391 2602//2391
f 2603//2392 2604//2392 2600//2392 2599//2392
f 2600//2391 2590//2391 2593//2391 2601//2391
f 2604//2392 2594//2392 2590//2392 2600//2392
f 2605//2393 2606//2393 2607//2393 2608//2393
f 2609//2394 2610//2394 2606//2394 2605//2394
f 2606//2395 2599//2395 2602//2395 2607//2395
f 2610//2396 2603//2396 2599//2396 2606//2396
f 2644//2397 2645//2397 2646//2397 2647//2397
f 2648//2398 2649//2398 2645//2398 2644//2398
f 2645//2399 2650//2399 2651//2399 2646//2399
f 2649//2400 2652//2400 2650//2400 2645//2400
f 2587//2401 2653//2401 2654//2401 2589//2401
f 2586//2402 2655//2402 2653//2402 2587//2402
f 2653//2403 2650//2403 2652//2403 2654//2403
f 2655//2404 2651//2404 2650//2404 2653//2404
f 2656//2405 2657//2405 2658//2405 2659//2405
f 2660//2406 2661//2406 2657//2406 2656//2406
f 2657//2407 2662//2407 2663//2407 2658//2407
f 2661//2408 2664//2408 2662//2408 2657//2408
f 2571//2409 2665//2409 2666//2409 2572//2409
f 2576//2410 2667//2410 2665//2410 2571//2410
f 2665//2411 2662//2411 2664//2411 2666//2411
f 2667//2412 2663//2412 2662//2412 2665//2412
f 2668//2413 2669//2413 2670//2413 2671//2413
f 2659//2414 2658//2414 2669//2414 2668//2414
f 2669//2415 2672//2415 2673//2415 2670//2415
f 2658//2416 2663//2416 2672//2416 2669//2416
f 2575//2417 2674//2417 2667//2417 2576//2417
f 2577//2418 2675//2418 2674//2418 2575//2418
f 2674//2419 2672//2419 2663//2419 2667//2419
f 2675//2420 2673//2420 2672//2420 2674//2420
f 2676//2421 2677//2421 2678//2421 2679//2421
f 2671//2421 2670//2421 2677//2421 2676//2421
f 2677//2422 2680//2422 2681//2422 2678//2422
f 2670//2422 2673//2422 2680//2422 2677//2422
f 2582//2423 2682//2423 2675//2423 2577//2423
f 2583//2423 2683//2423 2682//2423 2582//2423
f 2682//2424 2680//2424 2673//2424 2675//2424
f 2683//2424 2681//2424 2680//2424 2682//2424
f 2684//2425 2685//2425 2649//2425 2648//2425
f 2679//2426 2678//2426 2685//2426 2684//2426
f 2685//2427 2686//2427 2652//2427 2649//2427
f 2678//2428 2681//2428 2686//2428 2685//2428
f 2588//2429 2687//2429 2683//2429 2583//2429
f 2589//2430 2654//2430 2687//2430 2588//2430
f 2687//2431 2686//2431 2681//2431 2683//2431
f 2654//2432 2652//2432 2686//2432 2687//2432
f 2931//2433 2932//2433 2644//2433 2647//2433
f 2933//2434 2934//2434 2932//2434 2931//2434
f 2932//2435 2935//2435 2648//2435 2644//2435
f 2934//2436 2936//2436 2935//2436 2932//2436
f 2596//2437 2937//2437 2938//2437 2597//2437
f 2598//2438 2939//2438 2937//2438 2596//2438
f 2937//2439 2934//2439 2933//2439 2938//2439
f 2939//2440 2936//2440 2934//2440 2937//2440
f 2656//2441 2940//2441 2941//2441 2660//2441
f 2659//2442 2942//2442 2940//2442 2656//2442
f 2940//2443 2943//2443 2944//2443 2941//2443
f 2942//2444 2945//2444 2943//2444 2940//2444
f 2605//2445 2946//2445 2947//2445 2609//2445
f 2608//2446 2948//2446 2946//2446 2605//2446
f 2946//2447 2943//2447 2945//2447 2947//2447
f 2948//2448 2944//2448 2943//2448 2946//2448
f 2668//2449 2949//2449 2942//2449 2659//2449
f 2671//2450 2950//2450 2949//2450 2668//2450
f 2949//2451 2951//2451 2945//2451 2942//2451
f 2950//2452 2952//2452 2951//2452 2949//2452
f 2610//2453 2953//2453 2954//2453 2603//2453
f 2609//2454 2947//2454 2953//2454 2610//2454
f 2953//2455 2951//2455 2952//2455 2954//2455
f 2947//2456 2945//2456 2951//2456 2953//2456
f 2676//2457 2955//2457 2950//2457 2671//2457
f 2679//2457 2956//2457 2955//2457 2676//2457
f 2955//2458 2957//2458 2952//2458 2950//2458
f 2956//2458 2958//2458 2957//2458 2955//2458
f 2604//2459 2959//2459 2960//2459 2594//2459
f 2603//2459 2954//2459 2959//2459 2604//2459
f 2959//2460 2957//2460 2958//2460 2960//2460
f 2954//2460 2952//2460 2957//2460 2959//2460
f 2684//2461 2961//2461 2956//2461 2679//2461
f 2648//2462 2935//2462 2961//2462 2684//2462
f 2961//2463 2962//2463 2958//2463 2956//2463
f 2935//2464 2936//2464 2962//2464 2961//2464
f 2595//2465 2963//2465 2939//2465 2598//2465
f 2594//2466 2960//2466 2963//2466 2595//2466
f 2963//2467 2962//2467 2936//2467 2939//2467
f 2960//2468 2958//2468 2962//2468 2963//2468
f 3062//2384 3063//2384 3064//2384 3065//2384
f 3066//2469 3067//2469 3063//2469 3062//2469
f 3063//2383 3068//2383 3069//2383 3064//2383
f 3067//2385 3070//2385 3068//2385 3063//2385
f 3068//2381 3071//2381 3072//2381 3069//2381
f 3070//2382 3073//2382 3071//2382 3068//2382
f 3071//2381 3074//2381 3075//2381 3072//2381
f 3073//2382 3076//2382 3074//2382 3071//2382
f 3074//2378 3077//2378 3078//2378 3075//2378
f 3076//2380 3079//2380 3077//2380 3074//2380
f 3077//2377 3080//2377 3081//2377 3078//2377
f 3079//2470 3082//2470 3080//2470 3077//2470
f 3083//2395 3084//2395 3085//2395 3086//2395
f 3087//2393 3088//2393 3084//2393 3083//2393
f 3084//2396 3089//2396 3090//2396 3085//2396
f 3088//2471 3091//2471 3089//2471 3084//2471
f 3092//2391 3093//2391 3094//2391 3095//2391
f 3086//2391 3085//2391 3093//2391 3092//2391
f 3093//2392 3096//2392 3097//2392 3094//2392
f 3085//2392 3090//2392 3096//2392 3093//2392
f 3098//2389 3099//2389 3100//2389 3101//2389
f 3095//2387 3094//2387 3099//2387 3098//2387
f 3099//2472 3102//2472 3103//2472 3100//2472
f 3094//2388 3097//2388 3102//2388 3099//2388
f 3137//2473 3138//2473 3139//2473 3140//2473
f 3141//2474 3142//2474 3138//2474 3137//2474
f 3138//2475 3143//2475 3144//2475 3139//2475
f 3142//2407 3145//2407 3143//2407 3138//2407
f 3146//2410 3147//2410 3080//2410 3082//2410
f 3145//2412 3142//2412 3147//2412 3146//2412
f 3147//2476 3148//2476 3081//2476 3080//2476
f 3142//2411 3141//2411 3148//2411 3147//2411
f 3149//2398 3150//2398 3151//2398 3152//2398
f 3153//2400 3154//2400 3150//2400 3149//2400
f 3150//2397 3155//2397 3156//2397 3151//2397
f 3154//2399 3157//2399 3155//2399 3150//2399
f 3158//2477 3159//2477 3062//2477 3065//2477
f 3157//2478 3154//2478 3159//2478 3158//2478
f 3159//2401 3160//2401 3066//2401 3062//2401
f 3154//2403 3153//2403 3160//2403 3159//2403
f 3161//2426 3162//2426 3163//2426 3164//2426
f 3165//2428 3166//2428 3162//2428 3161//2428
f 3162//2479 3149//2479 3152//2479 3163//2479
f 3166//2427 3153//2427 3149//2427 3162//2427
f 3160//2430 3167//2430 3067//2430 3066//2430
f 3153//2432 3166//2432 3167//2432 3160//2432
f 3167//2429 3168//2429 3070//2429 3067//2429
f 3166//2431 3165//2431 3168//2431 3167//2431
f 3169//2421 3170//2421 3171//2421 3172//2421
f 3173//2422 3174//2422 3170//2422 3169//2422
f 3170//2421 3161//2421 3164//2421 3171//2421
f 3174//2422 3165//2422 3161//2422 3170//2422
f 3168//2423 3175//2423 3073//2423 3070//2423
f 3165//2424 3174//2424 3175//2424 3168//2424
f 3175//2423 3176//2423 3076//2423 3073//2423
f 3174//2424 3173//2424 3176//2424 3175//2424
f 3143//2480 3177//2480 3178//2480 3144//2480
f 3145//2416 3179//2416 3177//2416 3143//2416
f 3177//2413 3169//2413 3172//2413 3178//2413
f 3179//2415 3173//2415 3169//2415 3177//2415
f 3176//2418 3180//2418 3079//2418 3076//2418
f 3173//2420 3179//2420 3180//2420 3176//2420
f 3180//2417 3146//2417 3082//2417 3079//2417
f 3179//2419 3145//2419 3146//2419 3180//2419
f 3139//2481 3356//2481 3357//2481 3140//2481
f 3144//2442 3358//2442 3356//2442 3139//2442
f 3356//2482 3359//2482 3360//2482 3357//2482
f 3358//2483 3361//2483 3359//2483 3356//2483
f 3362//2484 3363//2484 3088//2484 3087//2484
f 3360//2448 3359//2448 3363//2448 3362//2448
f 3363//2445 3364//2445 3091//2445 3088//2445
f 3359//2485 3361//2485 3364//2485 3363//2485
f 3365//2433 3366//2433 3151//2433 3156//2433
f 3367//2434 3368//2434 3366//2434 3365//2434
f 3366//2435 3369//2435 3152//2435 3151//2435
f 3368//2436 3370//2436 3369//2436 3366//2436
f 3371//2438 3372//2438 3100//2438 3103//2438
f 3370//2486 3368//2486 3372//2486 3371//2486
f 3372//2487 3373//2487 3101//2487 3100//2487
f 3368//2488 3367//2488 3373//2488 3372//2488
f 3369//2462 3374//2462 3163//2462 3152//2462
f 3370//2464 3375//2464 3374//2464 3369//2464
f 3374//2461 3376//2461 3164//2461 3163//2461
f 3375//2463 3377//2463 3376//2463 3374//2463
f 3378//2466 3379//2466 3102//2466 3097//2466
f 3377//2468 3375//2468 3379//2468 3378//2468
f 3379//2465 3371//2465 3103//2465 3102//2465
f 3375//2467 3370//2467 3371//2467 3379//2467
f 3376//2457 3380//2457 3171//2457 3164//2457
f 3377//2458 3381//2458 3380//2458 3376//2458
f 3380//2457 3382//2457 3172//2457 3171//2457
f 3381//2458 3383//2458 3382//2458 3380//2458
f 3384//2459 3385//2459 3096//2459 3090//2459
f 3383//2460 3381//2460 3385//2460 3384//2460
f 3385//2459 3378//2459 3097//2459 3096//2459
f 3381//2460 3377//2460 3378//2460 3385//2460
f 3382//2450 3386//2450 3178//2450 3172//2450
f 3383//2452 3387//2452 3386//2452 3382//2452
f 3386//2449 3358//2449 3144//2449 3178//2449
f 3387//2451 3361//2451 3358//2451 3386//2451
f 3364//2454 3388//2454 3089//2454 3091//2454
f 3361//2456 3387//2456 3388//2456 3364//2456
f 3388//2453 3384//2453 3090//2453 3089//2453
f 3387//2455 3383//2455 3384//2455 3388//2455
