# Blender v3.0.0 OBJ File: ''
# www.blender.org
mtllib StanfordBunny.mtl
o StanfordBunny
v -0.259686 0.323913 -0.015621
v -0.269094 0.315573 0.000405
v -0.268473 0.328215 -0.003456
v -0.259104 0.223632 -0.004977
v -0.257733 0.225501 -0.017946
v -0.261168 0.213318 -0.011625
v -0.078912 0.272004 0.011259
v -0.082149 0.266163 0.024057
v -0.077553 0.261924 0.037320
v -0.218331 0.432069 -0.185547
v -0.216252 0.421431 -0.166710
v -0.203214 0.428301 -0.192048
v -0.094077 0.260667 0.036993
v -0.085788 0.253470 0.048744
v -0.182706 0.026724 0.087114
v -0.170703 0.032748 0.088791
v -0.181143 0.034200 0.079347
v -0.005394 0.289956 0.008163
v -0.024252 0.287352 0.009696
v -0.010230 0.287394 0.024342
v -0.168033 0.357885 0.035187
v -0.169884 0.354555 0.047967
v -0.163362 0.355368 0.026595
v -0.251211 0.126753 -0.014046
v -0.254592 0.131613 0.008466
v -0.258615 0.139227 -0.009315
v -0.205809 0.346206 -0.161073
v -0.208239 0.350091 -0.174537
v -0.200103 0.353541 -0.176721
v -0.266439 0.159732 0.001758
v -0.268836 0.171237 0.012516
v -0.268197 0.165054 -0.005985
v 0.175320 0.107040 0.012417
v 0.172035 0.104883 0.022539
v 0.175176 0.096660 0.025017
v -0.101022 0.429669 -0.065460
v -0.118560 0.418011 -0.063645
v -0.106578 0.424302 -0.055524
v -0.026967 0.285003 0.025161
v -0.243771 0.115512 -0.019614
v -0.251220 0.128157 -0.026919
v -0.211080 0.403647 -0.119352
v -0.218277 0.405414 -0.121962
v -0.208314 0.390834 -0.092577
v -0.191628 0.380640 -0.101112
v -0.194877 0.371997 -0.078705
v -0.189924 0.366255 -0.082437
v -0.193113 0.415323 -0.188598
v -0.199641 0.411570 -0.167304
v -0.191778 0.400209 -0.163113
v -0.152061 0.004245 -0.078063
v -0.143616 -0.001155 -0.087174
v -0.154500 -0.002376 -0.077169
v -0.203952 0.405681 -0.135804
v -0.212760 0.410538 -0.139212
v -0.197424 0.399366 -0.132597
v -0.207408 0.413871 -0.157959
v -0.208119 0.378291 -0.068493
v -0.212592 0.380532 -0.070119
v -0.201396 0.367719 -0.059529
v -0.217959 0.393474 -0.095559
v -0.088284 0.175935 -0.115716
v -0.099144 0.184311 -0.111201
v -0.084369 0.194403 -0.111660
v -0.045681 0.279984 0.023715
v -0.060333 0.271572 0.029844
v -0.048693 0.267924 0.047811
v -0.278970 0.289206 0.018837
v -0.271647 0.301794 0.024120
v -0.276699 0.292299 0.005373
v -0.023448 0.281073 -0.046749
v -0.040482 0.282909 -0.023013
v -0.009321 0.288624 -0.023991
v -0.212886 -0.000528 -0.043272
v -0.211155 0.008787 -0.043716
v -0.206388 0.001788 -0.056541
v -0.275145 0.247734 0.051507
v -0.278211 0.258630 0.057159
v -0.277497 0.260382 0.046848
v -0.253005 0.138627 0.025620
v -0.258105 0.144372 0.017709
v -0.032208 0.286146 -0.007938
v -0.016803 0.288735 -0.009372
v -0.112248 0.039483 -0.092361
v -0.112842 0.045042 -0.075798
v -0.106689 0.044637 -0.079515
v -0.229965 0.361728 -0.017013
v -0.237120 0.362559 0.004506
v -0.221091 0.364827 0.002160
v -0.203835 0.241245 -0.069453
v -0.212616 0.244785 -0.064791
v -0.202173 0.253128 -0.067110
v -0.267957 0.195078 -0.000666
v -0.262215 0.214257 0.000018
v -0.009141 0.284019 -0.044127
v -0.265083 0.346338 0.037212
v -0.249897 0.345258 0.060303
v -0.259614 0.351081 0.036705
v -0.003657 0.185040 0.120528
v 0.012144 0.183888 0.117891
v 0.009240 0.191358 0.110688
v -0.244491 0.360630 0.018171
v -0.231012 0.362076 0.032685
v -0.282891 0.274968 0.016755
v -0.279843 0.277170 -0.000405
v 0.007179 0.291318 -0.005055
v -0.222324 0.417108 -0.154881
v -0.070377 0.274899 0.008922
v -0.243792 0.357870 0.036774
v -0.245157 0.353940 0.048048
v 0.002904 0.288366 -0.033162
v 0.010731 0.290607 -0.019296
v -0.246573 0.123267 0.008706
v -0.244881 0.116847 -0.007434
v -0.201651 0.381576 -0.082122
v -0.189939 0.391533 -0.139605
v -0.270027 0.294780 -0.023154
v -0.266238 0.305205 -0.019476
v -0.262317 0.297684 -0.033729
v 0.019533 0.286512 -0.038133
v 0.034044 0.191166 -0.109992
v 0.045708 0.181371 -0.114231
v 0.031392 0.184977 -0.118617
v -0.206820 0.366021 -0.046836
v -0.216669 0.373338 -0.057192
v -0.032598 0.277188 0.041805
v -0.223467 0.365919 -0.048708
v -0.221244 0.362613 -0.033873
v 0.007476 0.285942 0.033621
v -0.012732 0.283884 0.036567
v -0.004662 0.279078 0.046779
v -0.265893 0.181080 -0.017118
v -0.268485 0.183333 0.001785
v -0.266676 0.194064 -0.012210
v -0.226218 0.401607 -0.121299
v -0.265407 0.230166 -0.002883
v -0.271674 0.234717 0.007503
v -0.271782 0.237630 -0.010089
v -0.019758 0.275688 0.049758
v -0.013806 0.269292 0.059496
v -0.152154 0.354726 -0.005469
v -0.150726 0.369648 -0.012738
v -0.157260 0.355740 -0.002139
v -0.279528 0.251067 0.029166
v -0.282732 0.262659 0.029784
v -0.280932 0.250119 0.015066
v -0.242703 0.273198 0.115545
v -0.237012 0.281952 0.118527
v -0.244365 0.286803 0.115434
v -0.231171 0.292239 0.116466
v -0.239337 0.299904 0.112050
v -0.214344 0.439596 -0.207357
v -0.222477 0.436056 -0.193305
v -0.211146 0.438573 -0.200439
v -0.236808 0.340953 0.077469
v -0.236796 0.349227 0.064536
v -0.141933 0.385317 -0.022698
v -0.155520 0.378297 -0.019494
v -0.171795 0.361623 0.017046
v -0.276807 0.240690 0.010131
v -0.234243 0.266994 0.115491
v -0.235308 0.314277 0.104067
v -0.231768 0.333411 0.088449
v -0.242835 0.313542 0.101157
v -0.178728 0.360609 0.038199
v -0.180159 0.354846 0.057744
v -0.222882 0.387141 -0.087522
v -0.093654 0.027978 0.108423
v -0.093519 0.017319 0.113016
v -0.079416 0.031539 0.112737
v -0.274668 0.292323 -0.009006
v -0.158496 0.107334 -0.085515
v -0.165198 0.130704 -0.100188
v -0.153075 0.123552 -0.095481
v -0.191763 0.279663 -0.066570
v -0.211785 0.286281 -0.067209
v -0.205398 0.301380 -0.065928
v -0.169419 0.369789 -0.016383
v -0.173055 0.363288 -0.001971
v -0.163926 0.362124 -0.003084
v -0.227154 0.272118 0.118341
v -0.227949 0.311061 0.106728
v 0.130545 0.170997 -0.048861
v 0.124317 0.173532 -0.063297
v 0.123354 0.188910 -0.052848
v -0.258540 0.144153 -0.021828
v -0.260328 0.149472 -0.003663
v -0.076983 0.273315 -0.027258
v -0.070521 0.276597 -0.007929
v -0.267258 0.173568 -0.009210
v -0.283140 0.261954 0.012792
v -0.193371 0.356724 -0.056274
v 0.023217 0.290862 -0.005871
v 0.017733 0.290664 0.009552
v -0.222102 0.328644 0.094065
v -0.157542 0.039171 0.003654
v -0.150870 0.043734 0.010575
v -0.152661 0.054621 0.002448
v 0.025263 0.289167 -0.022095
v -0.229698 0.246657 0.113547
v -0.221640 0.259185 0.119268
v -0.217998 0.286605 0.114084
v -0.223416 0.301662 0.111147
v -0.044472 0.158304 -0.155871
v -0.039297 0.168765 -0.150897
v -0.028071 0.152706 -0.155259
v -0.119814 0.344121 -0.036114
v -0.110979 0.348354 -0.047031
v -0.105303 0.352539 -0.041319
v -0.276996 0.272154 -0.013443
v -0.265197 0.313407 -0.008997
v -0.260385 0.311958 -0.027249
v -0.115008 0.059946 -0.073635
v -0.115872 0.071346 -0.075438
v -0.105789 0.062292 -0.072555
v -0.096774 0.161013 -0.116313
v -0.110268 0.162426 -0.112527
v -0.219003 0.251238 0.118182
v -0.225780 0.344595 0.076608
v -0.217701 0.339033 0.084222
v -0.261123 0.288204 -0.038187
v -0.268680 0.281985 -0.027282
v -0.264273 0.159660 -0.026373
v -0.183252 0.298023 -0.062595
v -0.195468 0.317472 -0.063975
v -0.184590 0.317565 -0.059742
v -0.212493 0.264069 0.118905
v -0.217941 0.319404 0.100011
v -0.224694 0.240201 0.111408
v -0.216762 0.242622 0.114090
v -0.184707 0.408984 -0.225957
v -0.184554 0.421959 -0.222816
v -0.182895 0.406500 -0.223440
v -0.261795 0.172767 -0.028302
v -0.092940 0.395475 -0.089643
v -0.070368 0.401178 -0.097389
v -0.085608 0.382692 -0.085278
v 0.129045 0.189510 -0.037842
v 0.123777 0.207270 -0.032892
v 0.129654 0.194895 -0.025875
v 0.150954 0.054795 -0.051171
v 0.158562 0.052131 -0.042783
v 0.154302 0.041892 -0.037800
v -0.102210 0.380907 -0.082281
v -0.197091 0.333285 -0.097845
v -0.190851 0.340476 -0.101430
v -0.188691 0.337281 -0.080217
v 0.011301 0.233652 0.083565
v 0.019959 0.246642 0.075228
v 0.002427 0.245436 0.079581
v 0.137826 0.040854 -0.052536
v 0.122253 0.213078 -0.018399
v 0.128637 0.199251 -0.012495
v 0.163650 0.064569 -0.042906
v -0.159597 0.306624 -0.045894
v -0.151095 0.307908 -0.035064
v -0.151617 0.296535 -0.044181
v -0.048819 0.281772 0.009129
v 0.010869 0.288741 0.022584
v -0.208107 0.182166 0.085467
v -0.211371 0.199401 0.078462
v -0.220320 0.182673 0.079713
v -0.210339 0.250146 0.117222
v 0.004131 0.053343 0.118527
v 0.006198 0.046749 0.115950
v 0.010887 0.056031 0.119349
v -0.206103 0.330342 0.088206
v 0.148728 0.027885 0.002829
v 0.128157 0.016368 -0.014124
v 0.140079 0.023832 -0.021225
v 0.171918 0.076269 -0.035256
v 0.172266 0.064473 -0.028848
v 0.134880 0.139263 -0.039087
v 0.136533 0.157296 -0.029262
v 0.138759 0.128559 -0.020178
v -0.180204 0.020694 0.027939
v -0.166059 0.025245 0.016485
v -0.183378 0.009807 0.018213
v -0.259188 0.210816 -0.022974
v -0.252942 0.225153 -0.029790
v -0.250470 0.218178 -0.038646
v -0.225345 0.096108 -0.010188
v -0.231504 0.105915 -0.025740
v -0.223590 0.096477 -0.026835
v -0.201696 0.193959 0.083862
v -0.203073 0.218460 0.073134
v -0.216426 0.212538 0.071649
v -0.208146 0.222411 0.071604
v -0.019863 0.167682 0.129720
v -0.003732 0.163716 0.128736
v -0.016866 0.176142 0.126759
v 0.028224 0.167421 0.121722
v 0.040242 0.175656 0.113484
v 0.028530 0.182889 0.111810
v 0.019380 0.077328 0.123420
v 0.007995 0.084537 0.128655
v 0.009753 0.075921 0.125472
v -0.204435 0.278898 0.109527
v -0.205107 0.265116 0.116394
v 0.140502 0.119499 -0.010503
v 0.138843 0.132543 0.003438
v -0.275466 0.278856 0.068457
v -0.271011 0.290031 0.073497
v -0.271131 0.294012 0.052329
v -0.265758 0.334611 -0.011286
v -0.256830 0.337812 -0.021126
v -0.002346 0.281124 -0.050667
v 0.012948 0.279912 0.045021
v -0.194955 0.207582 0.081024
v -0.194196 0.358737 -0.162315
v -0.195852 0.364209 -0.190518
v -0.189210 0.373359 -0.169776
v 0.001131 0.031245 0.098640
v -0.001902 0.038016 0.106491
v -0.021003 0.035685 0.101535
v 0.022029 0.259383 0.066999
v 0.018123 0.271266 0.057039
v 0.010449 0.256515 0.069816
v -0.149241 0.319812 -0.025038
v -0.144072 0.329235 -0.028170
v -0.145407 0.333225 -0.015822
v -0.282714 0.274899 0.025683
v -0.149688 0.336561 -0.046506
v -0.133026 0.349851 -0.057978
v -0.131268 0.339639 -0.047349
v 0.134154 0.180843 -0.004845
v 0.135402 0.177327 -0.022218
v 0.137757 0.157545 -0.015651
v -0.042510 0.279474 -0.036996
v -0.264852 0.157044 -0.016611
v 0.036957 0.283548 -0.036921
v -0.044790 0.012366 0.047214
v -0.054480 0.014403 0.077289
v -0.062442 0.011640 0.042684
v 0.024216 0.051159 0.114399
v 0.027669 0.028812 0.094251
v 0.017958 0.036504 0.106299
v 0.014790 0.022383 0.096249
v 0.182337 0.081375 -0.009528
v 0.179511 0.095706 -0.015378
v 0.180237 0.100824 -0.006558
v 0.165774 0.050685 -0.031302
v -0.193200 0.371469 -0.203688
v -0.192750 0.377787 -0.212046
v -0.185838 0.390813 -0.210864
v -0.204846 0.173568 0.086247
v -0.203709 0.159888 0.089661
v -0.196776 0.169563 0.091356
v 0.050499 0.206562 0.094941
v 0.061971 0.208941 0.088095
v 0.045015 0.218244 0.084516
v 0.010524 0.155454 0.130224
v 0.014397 0.171402 0.123225
v 0.023445 0.061587 0.117330
v 0.015594 0.067491 0.119349
v -0.203028 0.320946 0.090684
v -0.197076 0.345291 0.073563
v 0.132612 0.152049 -0.047271
v 0.133893 0.148971 -0.038439
v 0.126321 0.141036 -0.060927
v -0.092313 0.273357 0.008865
v 0.041034 0.285453 -0.020121
v 0.057960 0.278586 -0.007032
v 0.057789 0.277119 -0.024255
v -0.191820 0.132303 0.085329
v -0.194976 0.150090 0.091440
v -0.211473 0.141891 0.080910
v -0.209811 0.154668 0.085608
v -0.192084 0.189951 0.086775
v 0.129792 0.123867 -0.052575
v 0.136860 0.120489 -0.033099
v -0.001320 0.071466 0.122529
v -0.002565 0.078216 0.126555
v -0.012924 0.080691 0.126144
v 0.028953 0.199701 0.101199
v 0.015435 0.201354 0.095349
v 0.021582 0.193014 0.104337
v 0.012579 0.115182 0.127977
v 0.023088 0.113562 0.127266
v 0.016704 0.125628 0.128061
v -0.074817 0.407370 -0.074910
v -0.094746 0.395691 -0.058116
v -0.091053 0.389880 -0.056907
v -0.013875 0.069714 0.121053
v -0.012927 0.059838 0.120804
v -0.073098 0.427233 -0.076080
v -0.090216 0.414186 -0.060000
v -0.090402 0.406776 -0.062997
v -0.154377 0.064071 0.006780
v -0.163392 0.062508 -0.009939
v -0.135678 0.284499 0.020211
v -0.139644 0.296058 0.009747
v -0.143298 0.295494 0.027702
v -0.251106 0.263229 -0.052110
v -0.237711 0.258099 -0.057945
v -0.247416 0.245160 -0.047892
v -0.187299 0.148542 0.091689
v -0.187845 0.169818 0.094353
v -0.177177 0.197673 0.087255
v 0.129948 0.052872 0.056556
v 0.131355 0.042846 0.053109
v 0.143208 0.054690 0.051471
v -0.058227 0.407670 -0.103905
v -0.043968 0.420132 -0.118839
v -0.041685 0.400050 -0.106611
v -0.004497 0.064212 0.122973
v -0.186288 0.388086 -0.216078
v 0.102072 0.237054 0.032865
v 0.100122 0.233274 0.042444
v 0.112659 0.216996 0.037989
v -0.180351 0.183096 0.091632
v -0.181956 0.210453 0.081798
v -0.191346 0.227553 0.071820
v 0.115491 0.040623 0.054291
v 0.113979 0.045816 0.054786
v 0.106545 0.047784 0.053400
v -0.168645 0.320613 -0.049329
v -0.159129 0.319212 -0.042342
v -0.268443 0.311637 0.034263
v -0.272385 0.312093 0.020766
v -0.270726 0.303717 0.001527
v -0.061629 0.255822 0.058092
v 0.076371 0.014889 -0.052995
v 0.087024 0.008511 -0.041745
v 0.066579 0.006762 -0.047196
v -0.186378 0.084972 -0.054480
v -0.178563 0.079557 -0.048048
v -0.193932 0.081606 -0.040245
v -0.176766 0.129072 0.087963
v -0.179601 0.138057 0.088911
v -0.178497 0.162972 0.094407
v -0.176991 0.172527 0.095085
v 0.029148 0.212142 0.089892
v -0.173946 0.224730 0.073074
v 0.022923 0.155718 0.127434
v -0.205632 0.421827 -0.212484
v -0.198210 0.393171 -0.216852
v -0.203052 0.392445 -0.207321
v -0.173586 0.148269 0.091638
v -0.169872 0.185403 0.090084
v -0.177588 0.236061 0.067785
v -0.000729 0.060045 0.123003
v -0.011535 0.150801 0.130674
v -0.224559 0.346230 -0.124179
v -0.223734 0.351357 -0.126864
v -0.219330 0.341850 -0.127167
v 0.126939 0.073734 0.051624
v 0.121908 0.081162 0.048603
v 0.116058 0.065787 0.052647
v 0.012756 0.212148 0.086769
v -0.197301 0.005844 -0.062541
v -0.205413 0.008868 -0.055788
v -0.199905 0.017727 -0.055974
v -0.170793 0.160740 0.093159
v 0.031890 0.036573 0.098496
v -0.139650 0.099393 0.077988
v -0.143145 0.082269 0.069198
v -0.133467 0.079668 0.077715
v -0.207312 0.363222 -0.036009
v -0.095856 0.271989 0.017280
v -0.162264 0.015780 -0.072555
v -0.187122 0.016875 -0.063132
v -0.152253 0.025764 -0.070977
v -0.177000 0.117690 0.082671
v -0.165333 0.120501 0.084900
v -0.166872 0.172998 0.094245
v -0.165927 0.207399 0.083631
v 0.015879 0.100455 0.126090
v 0.015855 0.224745 0.084105
v 0.003528 0.224412 0.087069
v -0.187038 0.338802 -0.063900
v -0.185988 0.339282 -0.053898
v -0.189171 0.326685 -0.063393
v 0.035934 0.208545 0.095268
v -0.008052 0.050178 0.118641
v 0.007227 0.196941 0.099894
v -0.213144 0.351270 -0.174957
v -0.208818 0.361158 -0.191487
v -0.200748 0.264804 -0.067644
v -0.185694 0.265347 -0.067239
v -0.165714 0.142434 0.094035
v -0.164991 0.219663 0.077352
v -0.000312 0.127083 0.133653
v -0.006174 0.139431 0.131742
v -0.017823 0.133551 0.132990
v 0.181785 0.081468 0.005853
v 0.182187 0.093855 0.001005
v 0.180282 0.093516 0.014679
v -0.158406 0.020397 0.097590
v -0.171543 0.019194 0.097983
v -0.109356 0.262431 0.042093
v -0.092310 0.244356 0.057657
v -0.195180 0.300000 -0.065190
v -0.197433 0.327210 -0.078678
v -0.204645 0.328164 -0.085872
v -0.164631 0.107283 0.075564
v -0.162000 0.138141 0.092883
v -0.160851 0.152478 0.095076
v -0.164982 0.195360 0.087945
v -0.162603 0.239988 0.063612
v 0.136911 0.068643 0.055056
v 0.122325 0.060108 0.055125
v 0.064326 0.170502 0.103209
v 0.061917 0.186243 0.099993
v 0.050919 0.187755 0.101403
v -0.158166 0.030606 0.091509
v 0.111750 0.008967 0.003528
v 0.106818 0.006015 -0.011475
v -0.165522 0.041589 0.074634
v -0.179133 0.006045 -0.069405
v -0.159363 0.130173 0.089085
v -0.158808 0.169176 0.092787
v -0.023412 0.046944 0.112047
v 0.039729 0.186651 0.105330
v 0.040461 0.198729 0.101442
v 0.138552 0.082167 0.049749
v 0.138261 0.095859 0.039507
v 0.062775 0.155370 0.107379
v 0.053607 0.169131 0.105219
v 0.128748 0.096558 0.040065
v 0.129069 0.087825 0.043197
v 0.137157 0.104904 0.029727
v 0.158964 0.039678 -0.025794
v 0.170724 0.051171 -0.019158
v 0.170193 0.047982 -0.009039
v 0.060957 0.197694 0.096360
v -0.122751 0.034803 -0.094749
v -0.112260 0.032721 -0.113601
v -0.126450 0.026469 -0.105447
v -0.152940 0.301035 0.041835
v -0.142971 0.288762 0.035649
v -0.025593 0.076914 0.125007
v -0.037860 0.081342 0.122352
v -0.035964 0.068916 0.117336
v -0.086853 0.014295 0.119007
v -0.089247 0.006057 0.116559
v -0.150081 0.140370 0.091872
v -0.155703 0.182808 0.090894
v -0.155988 0.195561 0.087228
v -0.152247 0.224298 0.073971
v -0.149391 0.236700 0.064434
v -0.017250 0.092904 0.127599
v -0.000339 0.104301 0.128820
v -0.015006 0.105402 0.129756
v 0.060393 0.218421 0.080052
v 0.058977 0.233523 0.071715
v 0.045411 0.243582 0.070176
v 0.117657 0.216513 0.020430
v 0.111531 0.228369 0.015513
v -0.152238 0.124881 0.088491
v -0.154488 0.211338 0.080121
v 0.008214 0.133752 0.129237
v 0.026820 0.217755 0.082809
v -0.157968 0.041919 0.075273
v -0.147561 0.035670 0.082590
v -0.149262 0.045651 0.070191
v -0.147003 0.155100 0.095136
v -0.151116 0.162969 0.094644
v -0.146427 0.169689 0.092451
v 0.038943 0.237426 0.073989
v -0.000366 0.176040 0.125274
v -0.006435 0.230736 0.086388
v -0.185688 0.359163 -0.097977
v -0.186495 0.366441 -0.094434
v -0.186837 0.351435 -0.084939
v -0.149880 0.025743 0.092469
v 0.177360 0.085824 0.023766
v -0.203253 0.334593 -0.110919
v -0.206601 0.338136 -0.127140
v -0.199404 0.342582 -0.135657
v -0.147561 0.209997 0.079983
v 0.139983 0.060594 0.055011
v -0.232149 0.356835 0.051765
v -0.225807 0.353424 0.062202
v -0.161979 0.331395 -0.044247
v -0.150813 0.326532 -0.036375
v -0.217620 0.002634 -0.019830
v -0.216048 0.009153 -0.028983
v -0.214494 -0.000204 -0.028311
v -0.145854 0.185793 0.091629
v -0.142770 0.198873 0.086127
v 0.104514 0.025896 0.045942
v 0.097302 0.032439 0.050031
v -0.008982 0.112995 0.133581
v -0.019119 0.112989 0.132999
v -0.010632 0.024417 0.101703
v -0.019551 0.031545 0.101589
v -0.044943 0.024150 0.113292
v -0.142137 0.041805 0.076461
v -0.140058 0.060147 0.071841
v -0.151197 0.051930 0.061191
v -0.142206 0.123087 0.086970
v -0.148488 0.116745 0.084099
v -0.142491 0.215505 0.079578
v -0.137901 0.223590 0.075342
v -0.198534 0.322986 -0.069051
v -0.191265 0.329304 -0.075108
v -0.132216 0.049611 0.076014
v -0.136128 0.143586 0.088926
v -0.137043 0.151401 0.091557
v -0.133545 0.181017 0.087996
v -0.136236 0.169443 0.088839
v -0.274470 0.332733 0.025911
v -0.272550 0.335205 0.003507
v -0.275274 0.326475 0.012453
v 0.027303 0.041859 0.107139
v -0.131160 0.401118 -0.033894
v -0.133770 0.027831 0.087135
v -0.133302 0.159399 0.089511
v -0.137556 0.258627 0.042075
v -0.147060 0.249576 0.053823
v -0.033291 0.442506 -0.125049
v -0.030732 0.433311 -0.129537
v -0.036516 0.440190 -0.128103
v 0.000081 0.209838 0.090408
v -0.202344 0.361668 -0.195702
v -0.200142 0.357201 -0.188211
v -0.139962 0.373971 -0.017514
v -0.270618 0.344868 -0.001815
v -0.262533 0.348282 -0.010464
v -0.131058 0.037899 0.079938
v -0.205512 0.398397 -0.112800
v 0.101592 0.132405 -0.093819
v 0.092193 0.142344 -0.101043
v 0.101244 0.147369 -0.096813
v -0.134967 0.111168 0.084867
v -0.135168 0.132825 0.086103
v -0.131973 0.194712 0.086229
v -0.132729 0.209388 0.083100
v -0.128742 0.251517 0.051015
v -0.059457 0.391722 -0.093747
v -0.047169 0.385806 -0.090111
v -0.094350 0.360249 -0.063960
v -0.084657 0.369180 -0.073920
v -0.072798 0.367068 -0.064473
v -0.135903 0.367287 -0.019308
v -0.131172 0.382176 -0.023607
v -0.128220 0.127422 0.087492
v -0.124473 0.233178 0.066699
v -0.121026 0.246522 0.056460
v -0.148269 0.324942 -0.014001
v -0.153324 0.332043 0.001917
v 0.158406 0.036057 -0.009636
v 0.145530 0.081777 0.050121
v -0.125937 0.105327 0.084555
v -0.125988 0.139686 0.086448
v -0.126975 0.218556 0.077448
v -0.192693 0.342771 -0.118620
v 0.020862 0.090537 0.125877
v 0.000762 0.093660 0.128787
v -0.124512 0.398892 -0.031092
v -0.150507 0.056823 0.007845
v -0.125637 0.064929 0.078471
v -0.126168 0.156570 0.086682
v -0.124383 0.192072 0.084414
v -0.276843 0.279297 0.048336
v -0.187275 0.387435 -0.189921
v -0.002850 0.200670 0.091950
v -0.123735 0.025734 0.085467
v -0.116940 0.070425 0.079533
v -0.117558 0.085659 0.083229
v -0.118554 0.130821 0.087834
v -0.185862 0.402396 -0.198783
v -0.188499 0.031983 0.062949
v -0.178242 0.038271 0.061596
v -0.011694 0.213420 0.091221
v -0.028182 0.218721 0.089442
v -0.023415 0.211935 0.090555
v -0.116802 0.035529 0.080175
v -0.114432 0.048234 0.076986
v -0.115023 0.102969 0.084618
v -0.118074 0.147330 0.089586
v -0.118290 0.165228 0.088614
v -0.119214 0.202896 0.080802
v -0.145992 0.305592 -0.020502
v -0.145302 0.309084 -0.001185
v -0.026949 0.404229 -0.108972
v -0.031449 0.396486 -0.106158
v -0.029355 0.404292 -0.115191
v -0.094074 0.357303 -0.054942
v -0.088380 0.362943 -0.044496
v -0.109974 0.121698 0.085101
v -0.108897 0.183522 0.089820
v -0.116937 0.216927 0.073824
v -0.106362 0.233778 0.064245
v -0.114150 0.242247 0.058614
v -0.108927 0.252744 0.051102
v -0.121956 0.264432 0.037950
v -0.255990 0.356634 0.020214
v -0.260475 0.354861 0.005643
v -0.266625 0.351519 0.019338
v -0.122406 0.389517 -0.029685
v -0.113571 0.406740 -0.036651
v -0.111834 0.415107 -0.043518
v -0.009588 0.253812 0.074127
v 0.000093 0.265908 0.063330
v -0.019287 0.262470 0.066303
v -0.117540 0.023655 0.083508
v 0.178674 0.085734 -0.023079
v 0.178596 0.077949 -0.023400
v -0.110988 0.403416 -0.036942
v -0.105654 0.102117 0.083223
v -0.109515 0.139893 0.088566
v -0.110235 0.154686 0.089919
v -0.110235 0.163098 0.089016
v -0.106926 0.174288 0.091794
v -0.107793 0.195867 0.086088
v -0.108678 0.215463 0.075015
v 0.000066 0.116925 0.132171
v 0.124242 0.204963 0.008817
v 0.130644 0.188604 0.011025
v 0.059904 0.000969 -0.046617
v 0.061245 0.003138 -0.052263
v -0.108453 0.035952 0.081303
v -0.102909 0.047997 0.073938
v -0.103158 0.058725 0.073260
v -0.103347 0.078777 0.077712
v -0.099192 0.126402 0.082914
v -0.096483 0.223332 0.073389
v 0.029406 0.226557 0.078915
v 0.025161 0.236523 0.078456
v -0.009744 0.123567 0.135225
v -0.109941 0.395640 -0.041766
v -0.105069 0.145101 0.087819
v -0.099174 0.154992 0.086760
v -0.099717 0.162156 0.090171
v -0.100746 0.207954 0.081294
v -0.103179 0.413538 -0.043866
v -0.087531 0.425034 -0.057792
v -0.159969 0.354642 0.007722
v -0.166107 0.359712 0.007563
v -0.098070 0.099624 0.079452
v -0.099732 0.143235 0.084636
v -0.026607 0.182637 0.122418
v -0.017586 0.188487 0.117312
v -0.095505 0.168606 0.091599
v -0.022332 0.247239 0.076932
v -0.022656 0.231951 0.085200
v -0.091845 0.059673 0.069162
v -0.090816 0.083859 0.073026
v -0.087726 0.179307 0.093543
v -0.092604 0.187179 0.093033
v -0.216252 0.345402 -0.158718
v -0.216909 0.352038 -0.165552
v -0.278721 0.265647 0.068649
v -0.092403 0.136641 0.084474
v -0.087453 0.202356 0.086979
v 0.156981 0.089418 0.043926
v 0.151200 0.098313 0.039633
v 0.064863 0.009408 -0.055026
v -0.087735 0.105090 0.077187
v -0.087768 0.121944 0.082638
v -0.089946 0.152643 0.090315
v -0.087726 0.167796 0.091788
v -0.085026 0.189783 0.090363
v 0.136794 0.160890 -0.001548
v 0.133908 0.174819 0.012576
v 0.102774 0.052230 0.057354
v -0.020688 0.149736 0.130584
v -0.097791 0.421398 -0.048705
v -0.089988 0.430770 -0.056628
v -0.082614 0.136332 0.102171
v -0.082188 0.148761 0.105318
v 0.173235 0.088911 -0.033036
v 0.175119 0.100638 -0.023745
v 0.032325 0.288810 0.002106
v -0.084003 0.079662 0.071493
v -0.084162 0.060090 0.069441
v 0.120585 0.203385 -0.046935
v 0.112257 0.221961 -0.039900
v 0.032748 0.275445 0.048651
v 0.030435 0.263088 0.063237
v 0.139056 0.118674 0.014142
v 0.136626 0.146451 0.018183
v -0.194391 0.352755 -0.149478
v -0.189825 0.353808 -0.137586
v -0.083160 0.047943 0.089103
v -0.089529 0.036783 0.102321
v -0.079407 0.039885 0.107046
v -0.081138 0.097479 0.078096
v -0.076869 0.192576 0.091713
v -0.074706 0.232770 0.071760
v -0.077607 0.209238 0.085701
v -0.001398 0.255945 -0.081753
v 0.002544 0.246537 -0.092931
v -0.005619 0.244254 -0.092430
v 0.003768 0.147972 0.131418
v -0.205605 0.314316 -0.064335
v -0.186789 0.353034 -0.108657
v -0.077601 0.066504 0.076626
v -0.076059 0.084138 0.081006
v -0.072237 0.100155 0.094614
v -0.277962 0.258957 0.083970
v -0.279570 0.257034 0.072822
v -0.276723 0.250941 0.082686
v 0.109155 0.067425 0.059883
v -0.079683 0.176304 0.094005
v -0.063381 0.224406 0.081225
v -0.074790 0.244218 0.061365
v -0.068247 0.046089 0.098895
v -0.166590 0.343602 -0.046800
v -0.150231 0.346365 -0.051846
v 0.149280 0.107142 0.030276
v 0.026034 0.283272 0.037551
v 0.047400 0.283479 -0.001209
v -0.073140 0.184035 0.092382
v -0.067476 0.035976 0.114735
v -0.068847 0.049497 0.090858
v -0.074364 0.054255 0.081600
v -0.191862 0.337278 0.074532
v -0.068610 0.204978 0.089715
v -0.055413 0.375468 -0.074430
v -0.042669 0.381459 -0.080967
v -0.073095 0.439341 -0.070413
v -0.079404 0.439563 -0.065163
v -0.072321 0.447864 -0.075555
v -0.078531 0.023934 0.119025
v -0.065601 0.028506 0.118812
v -0.067098 0.040656 0.109458
v -0.046539 0.209520 0.087837
v -0.045360 0.196227 0.092580
v -0.034800 0.199671 0.091656
v -0.264390 0.189057 -0.023883
v -0.105621 0.271593 0.023988
v -0.055149 0.452745 -0.092328
v -0.045633 0.450345 -0.107091
v -0.051813 0.457425 -0.100854
v -0.067086 0.191058 0.093378
v 0.033636 0.096189 0.121026
v -0.201210 0.438618 -0.210777
v -0.156939 0.049692 0.032538
v -0.156393 0.065346 0.039096
v -0.152748 0.057876 0.018339
v -0.062646 0.238722 0.072699
v -0.180762 0.326610 -0.052293
v 0.050313 0.162369 0.110649
v 0.054135 0.147306 0.112938
v -0.059628 0.051258 0.097506
v -0.064767 0.066948 0.095481
v -0.115479 0.114957 -0.093426
v -0.105789 0.109638 -0.094956
v -0.106158 0.096888 -0.087225
v 0.048987 0.263994 0.053205
v 0.041442 0.266103 0.056586
v 0.049722 0.253140 0.064206
v -0.060654 0.202869 0.090183
v 0.152403 0.068361 0.049083
v 0.151236 0.077373 0.049815
v -0.052599 0.040329 0.105567
v -0.273930 0.341895 0.007890
v -0.273012 0.343008 0.023601
v -0.270036 0.348936 0.006339
v 0.050145 0.277131 -0.040251
v -0.158997 0.043944 0.060981
v -0.171828 0.038334 0.048750
v -0.134529 0.335319 -0.035787
v -0.054174 0.211554 0.087489
v -0.110796 0.007758 -0.130062
v -0.121626 0.013095 -0.123015
v -0.101871 0.019512 -0.129900
v 0.030342 0.125841 0.124851
v 0.024555 0.138705 0.125202
v -0.046530 0.032286 0.111039
v -0.054006 0.046191 0.099924
v -0.050733 0.051966 0.104457
v -0.087141 0.273126 -0.017634
v 0.028524 0.287691 0.021225
v -0.211239 0.320313 -0.066297
v -0.067242 0.146286 0.125853
v -0.061743 0.135153 0.127122
v -0.057405 0.146862 0.130731
v -0.021948 0.118194 0.132996
v 0.047283 0.176046 0.108897
v -0.050049 0.158235 0.129303
v -0.060066 0.160533 0.125847
v -0.056613 0.193356 0.092547
v -0.050079 0.243492 0.072639
v 0.088995 0.110958 -0.104766
v 0.078966 0.107157 -0.112557
v 0.076419 0.118719 -0.115737
v 0.018453 0.146655 0.128469
v -0.126702 0.412782 -0.053460
v -0.053385 0.128895 0.127341
v -0.050979 0.144105 0.131652
v -0.048747 0.059313 0.110001
v -0.055020 0.068907 0.108369
v -0.052263 0.105414 0.121347
v -0.045726 0.109167 0.124095
v -0.045723 0.171900 0.126531
v -0.057963 0.172809 0.120543
v 0.041718 0.280161 0.034410
v -0.034677 -0.001878 -0.104082
v -0.040113 -0.000480 -0.097992
v -0.071013 -0.002670 -0.110574
v -0.045540 0.220668 0.086130
v -0.041976 0.255312 0.067833
v -0.040119 0.040113 0.102732
v -0.047148 0.078906 0.116175
v -0.043065 0.059721 0.111210
v -0.044238 0.093189 0.120273
v -0.043674 0.126183 0.128559
v -0.045738 0.145260 0.129882
v -0.040878 0.165801 0.129102
v -0.043182 0.180198 0.121059
v -0.249477 0.336666 -0.031692
v -0.248196 0.322341 -0.037161
v 0.039678 0.285177 0.018147
v -0.038859 0.244245 0.075840
v -0.037185 0.264378 0.059844
v 0.146247 0.032232 -0.034014
v 0.130026 0.111465 -0.047613
v -0.041325 0.109101 0.123165
v -0.037218 0.152103 0.130884
v -0.036579 0.044847 0.107532
v -0.035598 0.115986 0.127830
v -0.034137 0.136068 0.132177
v -0.038460 0.210150 0.089478
v -0.034827 0.225948 0.086505
v 0.074298 0.228870 0.069264
v -0.031341 0.057495 0.114954
v -0.030849 0.103215 0.124947
v -0.029832 0.125466 0.131244
v -0.033642 0.173535 0.127395
v -0.032619 0.162918 0.129075
v 0.134079 0.174501 -0.034179
v -0.022896 0.205572 0.090213
v -0.114354 0.125607 -0.096855
v -0.169680 0.041502 0.068901
v -0.034164 0.090663 0.123834
v -0.025494 0.148407 0.131895
v -0.022605 0.197076 0.101547
v -0.047589 0.187500 0.109497
v -0.018765 0.200085 0.092046
v -0.264585 0.205875 0.011607
v 0.045144 0.033705 0.090462
v 0.044232 0.024588 0.092610
v 0.032808 0.154518 0.123279
v -0.061851 0.443565 -0.083817
v -0.138228 0.401028 -0.038709
v 0.090507 0.197898 0.077295
v 0.078333 0.199107 0.084279
v 0.086445 0.186573 0.085854
v -0.094068 0.370734 -0.035181
v -0.076122 0.371637 -0.045360
v -0.078876 0.375339 -0.042477
v 0.031218 0.073923 0.116532
v 0.029973 0.084642 0.121107
v -0.045918 0.002175 0.109482
v -0.028434 0.004368 0.107382
v -0.053184 0.005304 0.115746
v 0.073236 0.190488 0.093141
v 0.071340 0.182106 0.098121
v 0.164145 0.090528 0.040020
v 0.161832 0.080610 0.043884
v 0.051531 0.115635 0.114558
v 0.054330 0.123855 0.116544
v 0.042222 0.126390 0.121743
v 0.163356 0.071466 0.042039
v 0.119721 0.089520 0.054141
v 0.112557 0.079623 0.062178
v 0.131298 0.161607 -0.051633
v -0.118485 0.009090 0.087693
v -0.129972 0.005295 0.091206
v 0.170463 0.087510 0.034938
v 0.155472 0.056265 0.042861
v -0.117483 0.368004 -0.072663
v -0.100860 0.367179 -0.073995
v 0.042165 0.054009 0.104862
v 0.058263 0.050400 0.093477
v 0.057615 0.061935 0.102246
v 0.079911 0.039258 -0.090204
v 0.073701 0.028827 -0.073383
v 0.066120 0.031413 -0.093507
v 0.081063 0.080472 -0.107796
v 0.092820 0.077991 -0.095319
v 0.091989 0.068337 -0.090477
v -0.070032 0.379539 -0.050478
v -0.087795 0.380649 -0.047232
v 0.043566 0.080586 0.110583
v 0.049704 0.095247 0.112110
v 0.038760 0.089046 0.116403
v -0.151479 0.321234 0.007956
v -0.143019 0.004785 -0.080823
v -0.213405 0.310965 0.102642
v 0.044715 0.065487 0.107649
v 0.035235 0.066471 0.114822
v -0.148050 0.343842 -0.007098
v -0.070722 0.007548 0.121515
v -0.080823 0.004989 0.119136
v -0.068802 0.003336 0.117675
v -0.209283 0.299721 0.103875
v 0.100575 0.225423 -0.061890
v 0.113865 0.211098 -0.050529
v 0.110088 0.207621 -0.064806
v -0.198897 0.266550 0.110928
v -0.172905 0.047712 -0.027087
v -0.168204 0.056847 -0.018804
v -0.171207 0.059709 -0.033903
v 0.060459 0.251928 0.061893
v 0.102378 0.187599 0.071850
v 0.087750 0.215994 0.068850
v 0.086202 0.207237 0.073185
v 0.053325 0.071169 0.105675
v -0.111231 0.376026 -0.036090
v -0.206628 0.227100 0.076092
v -0.071562 0.381372 -0.084432
v 0.167871 0.055878 0.028674
v 0.155112 0.043008 0.031524
v -0.235830 0.105408 -0.005487
v -0.200451 0.254982 0.113550
v -0.200106 0.292755 0.095523
v -0.105609 0.391242 -0.048963
v -0.196194 0.248994 0.105285
v -0.204270 0.245847 0.112533
v -0.202512 0.239160 0.103188
v -0.098400 0.374898 -0.034332
v -0.192615 0.263754 0.103104
v 0.134619 0.122985 0.028545
v 0.135411 0.030312 0.035628
v 0.147048 0.030156 0.021057
v -0.188973 0.256419 0.094785
v -0.193044 0.275280 0.099030
v 0.173037 0.080616 0.031686
v 0.170016 0.067350 0.031956
v 0.114309 0.093471 0.064476
v 0.107916 0.096444 0.072423
v 0.106026 0.081327 0.071898
v 0.116358 0.181299 0.056640
v 0.117876 0.200214 0.041730
v 0.110274 0.194022 0.057594
v -0.109275 0.177327 -0.111525
v -0.117684 0.193989 -0.106659
v -0.196800 0.236322 0.086037
v -0.207261 0.232587 0.095040
v -0.190809 0.243579 0.086796
v -0.196275 0.316776 0.083007
v 0.177717 0.065526 -0.012561
v 0.169239 0.099417 0.030987
v 0.115338 0.123384 0.064233
v 0.110925 0.136065 0.070674
v 0.106416 0.115665 0.074526
v 0.086337 0.144096 0.092661
v 0.085269 0.160470 0.091782
v 0.077619 0.161883 0.099045
v 0.163611 0.102825 0.032634
v -0.190101 0.287550 0.084090
v 0.069552 0.072399 0.096693
v 0.074016 0.087519 0.094692
v 0.065706 0.079065 0.100926
v 0.108432 0.149754 0.072891
v 0.115242 0.158907 0.064638
v 0.103215 0.157236 0.080802
v -0.184533 0.267642 0.088269
v -0.065373 0.216177 -0.107901
v -0.050859 0.216513 -0.106929
v -0.059964 0.204786 -0.111099
v 0.053691 0.134985 0.117357
v -0.038682 0.432807 -0.108795
v -0.033276 0.436200 -0.118911
v -0.192861 0.300345 0.078918
v 0.037602 0.165219 0.119262
v 0.060381 0.087990 0.102840
v 0.144225 0.043347 0.043575
v -0.059136 0.401310 -0.079983
v -0.034341 0.410367 -0.099729
v -0.047445 0.421584 -0.096882
v -0.191139 0.234663 0.073101
v 0.126630 0.133020 0.046641
v -0.188289 0.309777 0.069114
v -0.116595 0.206457 -0.102846
v -0.099606 0.213786 -0.102864
v 0.119700 0.107322 0.057240
v 0.080991 0.050391 0.075336
v 0.093858 0.055029 0.069819
v 0.086859 0.064812 0.080247
v 0.058461 0.018864 0.087003
v 0.065073 0.016920 0.081618
v 0.067875 0.027300 0.081792
v 0.077466 0.035415 0.073911
v 0.056784 0.029184 0.088110
v 0.064899 0.040818 0.081162
v 0.081807 0.030081 0.067536
v 0.073686 0.041544 -0.099939
v -0.183288 0.247485 0.078042
v -0.178125 0.256383 0.080724
v -0.179811 0.278223 0.081393
v -0.183387 0.291786 0.075828
v -0.186438 0.304428 0.069183
v -0.187326 0.318981 0.069978
v 0.072858 0.061311 0.088341
v -0.183888 0.332037 0.070494
v -0.113964 0.218979 -0.100848
v -0.172005 0.266640 0.079773
v -0.169392 0.009486 0.099537
v -0.152895 0.011373 0.097938
v -0.098931 0.095532 -0.096078
v 0.058611 0.076449 0.104808
v -0.048774 0.377373 -0.069999
v -0.063651 0.373074 -0.054996
v -0.064776 0.369339 -0.061506
v -0.039759 0.395250 -0.083280
v -0.032961 0.395073 -0.089064
v -0.203253 0.368481 -0.202866
v -0.196530 0.372156 -0.207720
v -0.171093 0.243297 0.068565
v -0.068628 0.418221 -0.081213
v -0.053907 0.438777 -0.095232
v 0.050229 0.041754 0.090114
v 0.070407 0.246123 0.059691
v -0.170751 0.275142 0.077358
v -0.174780 0.319422 0.056403
v -0.180030 0.324969 0.065430
v -0.177390 0.347628 0.062547
v -0.124995 0.346320 -0.027300
v -0.049593 0.386187 -0.068664
v -0.067806 0.383949 -0.059136
v -0.053676 0.379851 -0.061041
v -0.167580 0.249666 0.070839
v -0.164178 0.258573 0.071433
v -0.166551 0.285117 0.068874
v -0.174609 0.294564 0.069837
v -0.168099 0.308370 0.054990
v -0.174897 0.313002 0.057891
v -0.175809 0.335553 0.060507
v 0.168915 0.099747 -0.032964
v -0.117807 0.352593 -0.060783
v -0.162519 0.266574 0.071808
v -0.150381 0.109236 0.077523
v -0.135627 0.012954 0.092592
v -0.079743 0.363468 -0.053508
v -0.059778 0.391128 -0.070890
v -0.156498 0.346845 0.011427
v 0.055791 0.002319 -0.066954
v 0.072327 0.149913 0.103956
v 0.075816 0.132612 0.103158
v 0.039705 0.011796 0.092583
v -0.159651 0.293097 0.058014
v -0.170406 0.331875 0.054300
v -0.137262 0.002058 0.089634
v -0.163212 0.001458 0.093702
v -0.160278 0.000117 0.087426
v 0.065658 0.058218 0.094386
v -0.153951 0.041247 -0.064713
v -0.139155 0.038910 -0.071178
v -0.155826 0.273417 0.062844
v -0.168210 0.346458 0.048684
v -0.148737 0.004725 0.096945
v 0.043272 0.136692 0.120345
v 0.086433 0.026493 0.055554
v 0.099135 0.219423 0.054828
v 0.087189 0.230925 0.060498
v 0.108882 0.110097 0.070422
v 0.100092 0.097602 0.078267
v 0.062976 0.104442 0.106089
v 0.068064 0.121884 0.107016
v 0.070161 0.106665 0.100116
v -0.156831 0.249687 0.060387
v -0.164193 0.324453 0.046020
v 0.128493 0.153105 0.042702
v -0.213507 0.338640 -0.123693
v -0.215172 0.334959 -0.105624
v 0.065223 0.137187 0.110355
v -0.148998 0.258351 0.055569
v -0.164733 0.336306 0.044397
v -0.103524 0.359859 -0.035970
v 0.090156 0.082944 0.083718
v 0.088089 0.095967 0.085947
v -0.066144 0.446895 -0.077205
v -0.153312 0.115653 -0.089649
v 0.098937 0.116937 0.080538
v 0.089226 0.108378 0.084042
v 0.111981 0.017064 -0.043497
v 0.131340 0.030027 -0.044706
v 0.129879 0.022029 -0.034731
v -0.180438 0.020043 0.091962
v -0.159234 0.309078 0.043878
v -0.029106 0.398601 -0.099000
v -0.033552 0.389937 -0.089376
v 0.097236 0.177645 0.081750
v 0.117324 0.221307 -0.001494
v 0.099120 0.081759 0.078423
v -0.055584 0.426033 -0.092052
v -0.087030 0.050232 -0.107448
v -0.076584 0.050853 -0.121575
v -0.078147 0.039513 -0.119370
v -0.148611 0.271176 0.054414
v -0.148524 0.284922 0.049857
v 0.039567 0.149070 0.118278
v 0.086946 0.118701 0.089421
v 0.086481 0.172836 0.090840
v 0.092655 0.133434 0.089247
v 0.077712 0.123045 0.098331
v 0.100722 0.071982 0.074013
v 0.098268 0.163344 0.085725
v 0.091335 0.151314 0.088113
v -0.161496 0.345888 0.034278
v -0.273567 0.244104 0.033195
v -0.140967 0.274461 0.040035
v 0.071568 0.214935 0.077214
v 0.081042 0.076296 0.089442
v -0.273132 0.322431 0.024267
v -0.272850 0.313296 0.011193
v 0.078327 0.100458 0.090789
v 0.076977 0.108087 0.092700
v -0.143532 0.262887 0.045579
v -0.005202 0.014868 0.100869
v 0.071034 0.050859 0.082239
v 0.076392 0.058524 -0.105993
v 0.087189 0.062067 -0.095046
v 0.080325 0.050706 -0.101622
v -0.171282 0.034425 0.039675
v -0.187392 0.027603 0.044559
v -0.116013 0.378543 -0.077994
v 0.123195 0.167817 0.048744
v -0.220512 0.178086 -0.085176
v -0.226929 0.194757 -0.076704
v -0.217797 0.189723 -0.084225
v 0.071259 0.000447 -0.028956
v 0.087261 0.003837 -0.030231
v 0.105756 0.168948 0.076632
v 0.174531 0.054900 0.004626
v 0.179394 0.066957 -0.000891
v 0.099090 0.147780 0.083991
v -0.111876 0.389907 -0.081801
v -0.100623 0.005463 0.106350
v -0.105438 0.012195 0.102279
v -0.110697 0.004209 0.093462
v -0.260025 0.144432 0.004602
v 0.126468 0.105588 0.044034
v 0.014607 0.010323 0.096681
v -0.173469 0.105051 -0.084171
v -0.155019 0.096987 -0.077280
v -0.155112 0.009297 -0.076212
v -0.141240 0.018537 -0.076530
v -0.212664 0.328575 -0.085647
v 0.145539 0.111831 -0.022920
v 0.118815 0.031254 0.049056
v -0.067626 0.018285 0.121038
v -0.076941 0.013017 0.121563
v 0.126891 0.032745 0.046203
v 0.058908 0.011139 -0.078444
v 0.065934 0.025002 -0.084528
v 0.065091 0.017718 -0.069309
v -0.258186 0.136230 0.002403
v -0.039660 0.448353 -0.123480
v -0.041127 0.451170 -0.117570
v 0.035421 0.109200 0.121800
v -0.191817 0.354318 0.062523
v 0.177276 0.070308 0.019890
v 0.169560 0.049977 0.018900
v 0.176478 0.062949 0.015024
v 0.171540 0.109758 -0.016827
v 0.169365 0.106290 -0.026163
v 0.161205 0.112518 -0.020517
v 0.169575 0.046812 0.005772
v 0.175125 0.109995 -0.001701
v 0.179661 0.101976 0.007593
v -0.191193 0.393747 -0.221232
v -0.187077 0.422781 -0.225378
v -0.189063 0.430764 -0.222102
v -0.052854 0.013170 0.116289
v -0.050154 -0.002730 -0.114798
v -0.234651 0.402657 -0.141612
v -0.226287 0.409305 -0.139560
v -0.062673 0.454296 -0.086031
v 0.093897 0.124158 0.087177
v -0.138285 0.355341 -0.013911
v -0.100080 0.406029 -0.087267
v -0.073620 0.436611 -0.097101
v -0.081339 0.416400 -0.096537
v -0.240882 0.111543 0.007065
v -0.134646 0.348024 -0.017985
v -0.184221 0.414501 -0.215718
v -0.187626 0.426819 -0.214386
v -0.187542 0.412830 -0.199284
v 0.074928 0.024369 -0.061971
v -0.086586 0.002625 0.011130
v -0.104505 0.000600 0.062814
v -0.089409 -0.000702 0.008139
v -0.095082 0.204273 -0.107976
v 0.065241 0.259989 0.051717
v 0.057204 0.260784 0.054984
v 0.045789 0.111153 0.117231
v -0.188235 0.388362 -0.219114
v -0.264618 0.179892 0.030312
v -0.266283 0.187548 0.022317
v -0.266478 0.167886 0.022695
v -0.092679 0.038664 -0.115782
v 0.133350 0.141978 0.032739
v 0.122475 0.181947 0.045054
v -0.221388 0.223305 0.076731
v 0.135483 0.109527 0.026673
v -0.136710 0.336345 -0.023967
v -0.125412 0.363900 -0.021555
v -0.128292 0.368262 -0.025317
v -0.132333 0.175089 -0.108039
v -0.153237 0.178116 -0.106206
v -0.153420 0.186288 -0.107205
v -0.034320 0.009360 0.109908
v -0.031272 0.011901 -0.022233
v -0.049668 0.011295 -0.010272
v -0.042756 0.012381 -0.053829
v -0.157107 0.336924 0.015885
v -0.094608 0.030657 -0.125160
v 0.115008 0.012930 -0.031638
v -0.022134 0.013401 0.105867
v -0.124803 0.375777 -0.030309
v 0.122163 0.131862 -0.065559
v -0.113331 0.362994 -0.027810
v -0.250683 0.354114 -0.017877
v -0.236628 0.356847 -0.028959
v -0.249636 0.348600 -0.028281
v 0.124431 0.152964 -0.068394
v -0.214185 0.270501 -0.066705
v -0.110256 0.370497 -0.028362
v -0.027747 0.428211 -0.125730
v -0.028752 0.419220 -0.126093
v -0.113655 0.382428 -0.040179
v -0.183243 0.401448 -0.218496
v -0.085197 0.438555 -0.064461
v -0.218469 0.331755 -0.087885
v -0.104994 0.053430 -0.071964
v -0.130395 0.269970 0.026637
v -0.228009 0.387276 -0.094983
v -0.230712 0.397677 -0.121713
v -0.232230 0.384252 -0.103185
v -0.040407 0.385416 -0.076920
v -0.122253 0.044292 -0.074778
v -0.046353 0.454365 -0.115308
v -0.264270 0.230502 0.014628
v -0.140268 0.294966 -0.016557
v -0.154788 0.149703 -0.105723
v -0.158028 0.161097 -0.106578
v -0.146955 0.168633 -0.106371
v -0.263487 0.326979 0.066204
v -0.268224 0.327021 0.051855
v -0.267330 0.311979 0.072057
v -0.191271 0.373803 -0.191388
v -0.260973 0.155769 0.026343
v -0.268155 0.193509 0.011646
v -0.187119 0.355827 -0.127911
v -0.186177 0.367371 -0.142275
v -0.184773 0.366882 -0.118758
v -0.185307 0.378474 -0.143058
v -0.185640 0.376449 -0.118338
v -0.276060 0.244782 0.066609
v -0.180954 0.011766 0.094818
v -0.188784 0.013620 0.087204
v -0.186006 0.005742 0.090837
v -0.255711 0.228756 0.032694
v -0.258483 0.221595 0.013815
v -0.180342 0.003087 0.093801
v -0.053610 0.011049 0.019809
v -0.077394 0.010032 0.019023
v -0.255810 0.212988 0.028953
v -0.252369 0.221397 0.033273
v -0.280728 0.270675 0.037719
v -0.277803 0.286995 0.034629
v -0.129681 0.035226 -0.076236
v -0.273846 0.295794 0.033144
v -0.186936 0.387570 -0.162792
v -0.267939 0.306027 0.050457
v 0.167577 0.085167 -0.038850
v -0.278025 0.247494 -0.005253
v 0.072756 0.065808 -0.113685
v 0.105144 0.019359 0.039990
v 0.086844 0.013917 0.040785
v 0.100752 0.011349 0.027867
v -0.100968 -0.000531 0.069822
v -0.125739 -0.000162 0.058680
v 0.090435 0.155289 -0.102144
v 0.106077 0.158754 -0.092247
v -0.027690 0.415869 -0.113514
v -0.026088 0.415185 -0.121047
v -0.279120 0.257229 -0.007269
v -0.276714 0.271092 0.081438
v -0.269313 0.283581 0.088149
v -0.163419 0.034248 0.029916
v -0.188490 0.352122 -0.068631
v 0.055518 0.011319 -0.092331
v -0.155490 0.042141 0.024021
v -0.097818 0.080229 -0.087279
v 0.049917 0.011025 -0.100575
v 0.041850 0.001077 -0.096759
v 0.002640 0.194142 -0.113988
v 0.020949 0.189627 -0.115320
v 0.007812 0.187263 -0.126141
v 0.113445 0.135531 -0.080790
v 0.114906 0.150084 -0.084357
v 0.109572 0.142410 -0.089610
v 0.097800 0.057558 -0.073938
v 0.107121 0.064686 -0.067917
v 0.099618 0.049497 -0.062634
v 0.036027 0.004323 -0.106128
v -0.260169 0.196188 -0.030258
v 0.112137 0.115716 -0.078828
v 0.104946 0.099660 -0.087969
v 0.100515 0.114867 -0.092025
v -0.079251 0.030459 -0.125550
v -0.255318 0.151965 0.036117
v -0.265098 0.237291 -0.023451
v -0.157875 0.047739 0.046221
v -0.264003 0.156315 0.005481
v 0.123219 0.162609 -0.070284
v 0.115944 0.166896 -0.078570
v -0.019920 0.203103 -0.111477
v -0.025611 0.196200 -0.113973
v -0.037290 0.205017 -0.112389
v -0.183894 -0.001863 -0.068886
v -0.191148 -0.002232 -0.064941
v 0.084444 0.132792 -0.108219
v 0.092055 0.123618 -0.103254
v 0.116991 0.187701 -0.064260
v 0.106221 0.191004 -0.076947
v 0.110052 0.199422 -0.070467
v -0.158730 0.067566 0.022044
v -0.268734 0.258786 -0.030351
v -0.270600 0.246162 -0.023895
v 0.106614 0.124626 -0.084225
v -0.262278 0.182844 -0.028827
v 0.104238 0.086220 -0.084861
v 0.114333 0.090873 -0.074346
v 0.074973 0.094128 -0.111624
v 0.087651 0.099987 -0.102177
v 0.084615 0.089610 -0.103014
v -0.272466 0.264744 -0.022620
v -0.125208 0.277065 -0.053442
v -0.126363 0.281190 -0.037695
v -0.111162 0.277890 -0.039855
v -0.013146 0.275658 -0.061770
v 0.010692 0.279384 -0.054321
v -0.007155 0.265152 -0.072069
v -0.034356 0.413055 -0.121455
v -0.032721 0.425916 -0.128658
v -0.035109 0.188502 0.113856
v 0.060750 0.007536 0.077061
v 0.071046 0.015723 0.070527
v -0.268821 0.315570 0.047004
v -0.268923 0.311694 0.061506
v 0.111081 0.178284 -0.075942
v 0.089220 0.054051 -0.089595
v 0.089223 0.047409 -0.082893
v -0.272277 0.323136 0.037104
v 0.051630 0.002214 -0.084975
v -0.214302 0.129156 0.073263
v -0.196635 0.119727 0.076584
v -0.053298 0.453606 -0.110067
v -0.074499 0.184011 -0.116406
v -0.057144 0.186123 -0.123660
v -0.077343 0.177771 -0.126084
v 0.120846 0.114348 -0.068784
v 0.119730 0.100950 -0.069630
v -0.239373 0.206985 -0.060804
v -0.224052 0.220020 -0.068064
v 0.122118 0.089862 -0.057696
v 0.107745 0.076185 -0.076821
v 0.085365 0.040638 -0.079461
v 0.087624 0.038787 -0.066444
v -0.033729 0.390162 -0.095643
v -0.233079 0.417474 -0.165357
v -0.236100 0.415854 -0.169083
v 0.116487 0.075957 -0.060195
v 0.050064 0.007365 0.088080
v 0.066876 0.007596 0.058383
v 0.057384 0.003357 0.069006
v -0.183156 0.029613 -0.003654
v -0.173559 0.035769 -0.007734
v -0.151785 0.046206 0.016602
v -0.016047 -0.002076 -0.108723
v 0.004227 0.000783 -0.110715
v 0.019452 -0.000684 -0.103485
v 0.116517 0.069861 -0.056697
v 0.115389 0.061242 -0.059466
v -0.117621 0.141045 -0.102633
v -0.107250 0.128181 -0.099042
v -0.196419 0.033318 -0.027249
v -0.186747 0.036057 -0.019350
v -0.173139 0.042591 -0.019092
v -0.273483 0.320766 0.006102
v -0.213909 0.236196 0.107412
v -0.195513 0.008304 0.036942
v -0.193248 0.020289 0.043809
v -0.189261 0.015279 0.034623
v -0.059121 0.175188 -0.144831
v -0.056316 0.165951 -0.151896
v -0.069858 0.164841 -0.149001
v 0.103200 0.211527 -0.071595
v 0.099243 0.204639 -0.079281
v -0.234066 0.109422 0.023046
v 0.130269 0.172017 0.032694
v -0.240150 0.246549 0.105366
v -0.236547 0.252456 0.110949
v -0.047346 0.198624 -0.112092
v -0.017670 0.000807 -0.113595
v -0.009552 0.005127 0.102699
v 0.069738 0.084813 -0.116064
v -0.114360 0.088923 -0.082407
v -0.124674 0.105759 -0.091242
v 0.074967 0.010749 0.047367
v -0.051426 0.190608 -0.115692
v -0.188046 0.398760 -0.178062
v -0.155712 0.034737 0.017343
v -0.157170 0.032784 0.012138
v 0.125316 0.105141 -0.059400
v -0.147315 0.306444 0.017022
v -0.030273 0.191124 -0.124113
v -0.009261 0.191643 -0.123129
v -0.024627 0.186768 -0.133350
v 0.061071 0.027423 -0.102288
v 0.158718 0.092127 -0.042453
v 0.159372 0.073473 -0.049578
v 0.150003 0.081273 -0.051315
v 0.095727 0.090408 -0.096342
v -0.268293 0.338352 0.042165
v 0.110190 0.229938 -0.029319
v 0.051759 0.029442 -0.110121
v -0.025521 0.013524 -0.079923
v -0.057867 0.012723 -0.083529
v -0.033339 0.011307 -0.087861
v -0.118029 0.002757 0.086556
v -0.122280 0.000441 0.080556
v -0.258681 0.240441 -0.034290
v -0.127398 -0.000996 -0.122703
v -0.116763 -0.002262 -0.128049
v -0.219729 0.353376 -0.148032
v -0.222252 0.346068 -0.138750
v -0.251673 0.138804 -0.034035
v -0.107625 0.000765 -0.133455
v 0.123957 0.194925 0.031908
v 0.011475 0.004824 -0.112554
v -0.160026 0.328473 0.031863
v 0.006762 0.005670 -0.085272
v 0.024822 0.003372 -0.078867
v 0.013356 0.009552 -0.079794
v -0.187275 0.022092 0.003021
v -0.005208 0.173169 -0.143853
v -0.019236 0.175065 -0.145374
v -0.002472 0.181932 -0.137088
v 0.126243 0.086877 -0.048543
v 0.132981 0.168891 0.025371
v 0.162342 0.039756 0.011532
v -0.116373 0.152133 -0.106674
v -0.106410 0.137025 -0.107898
v -0.156348 0.321834 0.020610
v -0.154479 0.310329 0.030066
v -0.244629 0.130287 0.039261
v -0.250620 0.139944 0.040122
v -0.245217 0.127020 0.029019
v -0.125802 0.161826 -0.107298
v -0.109659 0.152385 -0.108648
v 0.157989 0.039456 0.022683
v -0.077892 -0.003102 -0.119883
v -0.099723 -0.002826 -0.121080
v -0.099492 -0.002745 -0.130086
v 0.057360 0.037938 -0.107265
v -0.190626 0.386400 -0.118659
v -0.104124 0.148545 -0.113826
v -0.204576 0.419631 -0.177018
v -0.192372 0.435045 -0.217113
v -0.194382 0.432996 -0.208569
v -0.194280 0.355785 -0.047031
v -0.217854 0.327480 -0.073881
v -0.229788 0.429033 -0.182274
v -0.136002 0.283182 -0.036174
v -0.135231 0.290169 -0.007482
v 0.170544 0.112488 0.010497
v 0.163077 0.110838 0.023223
v -0.219057 0.364500 0.026337
v -0.217518 0.360222 0.047847
v -0.077760 0.444621 -0.081543
v -0.186297 0.358638 0.051591
v -0.203457 0.360066 0.049782
v 0.167664 0.114174 -0.008910
v 0.164757 0.115920 0.004749
v 0.162048 0.115089 0.015114
v 0.152346 0.112902 0.021120
v -0.102069 0.424350 -0.052101
v 0.154611 0.116925 -0.002823
v 0.151569 0.116631 0.007581
v 0.155238 0.115128 -0.013725
v 0.144621 0.114531 0.010062
v -0.102453 0.419721 -0.080859
v 0.142341 0.117510 -0.003630
v -0.098148 0.223335 -0.097746
v -0.186348 0.364461 0.013182
v -0.095487 0.275610 -0.010881
v -0.182769 0.012303 0.026487
v -0.254910 0.356106 -0.002958
v -0.183363 0.363525 0.026631
v -0.197220 0.363396 0.037131
v -0.120243 0.275289 0.017901
v -0.105906 0.272871 -0.050382
v -0.101283 0.274974 -0.035781
v -0.091629 0.270774 -0.037626
v -0.212196 0.363534 -0.020202
v -0.131379 0.405102 -0.062829
v -0.198288 0.362412 -0.019452
v -0.203343 0.364869 0.001908
v -0.184926 0.363897 -0.007620
v -0.108672 0.279762 -0.011370
v -0.128793 0.284289 -0.013110
v -0.112617 0.278760 0.005043
v -0.199815 0.390756 -0.102933
v -0.112818 0.269115 0.032019
v -0.277785 0.254751 0.039489
v -0.190614 0.027009 0.073002
v -0.153729 0.089154 0.061854
v -0.153924 0.078000 0.053385
v -0.226173 0.435021 -0.198126
v -0.232761 0.427974 -0.191583
v -0.129138 0.279990 0.009606
v -0.132858 0.274635 0.021465
v -0.208623 0.355692 0.060678
v -0.178746 0.365136 -0.017157
v -0.195141 0.436410 -0.220197
v -0.205593 0.365337 0.022074
v -0.195960 0.358146 -0.038178
v -0.006156 0.199239 0.095958
v -0.226611 0.375747 -0.072237
v -0.189351 0.359199 -0.032001
v -0.082791 0.405831 -0.095433
v -0.267438 0.305952 0.036939
v -0.210666 0.350742 0.069237
v -0.181452 0.363474 -0.027918
v -0.193677 0.015357 0.077313
v -0.196464 0.019251 0.065025
v -0.200412 0.008568 0.058968
v -0.076236 0.270612 -0.040533
v -0.117570 0.281283 -0.025818
v -0.194379 0.021609 0.053931
v 0.090900 0.243045 0.045135
v -0.077430 0.163104 -0.146166
v -0.080892 0.149976 -0.150006
v -0.087495 0.152616 -0.141921
v 0.108306 0.234420 -0.009444
v -0.258759 0.199641 0.035322
v -0.262218 0.202593 0.025140
v 0.100704 0.242148 0.024474
v -0.237390 0.398532 -0.147438
v 0.100992 0.243663 0.010623
v -0.129930 0.063408 -0.075126
v -0.124086 0.081348 -0.079362
v -0.172563 0.372765 -0.028434
v 0.102978 0.232236 -0.047643
v 0.079737 0.247509 0.051684
v 0.078444 0.256878 0.041004
v -0.201471 0.022356 -0.010197
v -0.201918 0.028968 -0.018132
v 0.044406 0.193560 -0.109449
v 0.040599 0.204099 -0.105657
v 0.055983 0.197361 -0.107301
v 0.098631 0.247179 -0.013032
v 0.091335 0.253029 0.021546
v 0.086028 0.255225 0.032718
v 0.098460 0.246105 -0.027582
v 0.087759 0.258168 -0.004023
v 0.079464 0.263346 0.020274
v 0.092508 0.243063 -0.050457
v 0.094506 0.248190 -0.035865
v -0.255810 0.204471 -0.036741
v -0.203364 0.439104 -0.215493
v -0.204408 0.436620 -0.217368
v 0.087393 0.257259 -0.022584
v 0.070011 0.267039 0.033702
v -0.141870 0.288096 -0.035847
v -0.273237 0.241617 0.079506
v 0.061077 0.269898 0.036798
v -0.006453 0.194748 0.108630
v 0.076032 0.267678 -0.010974
v 0.072000 0.270498 0.005634
v 0.064512 0.273357 0.022836
v 0.050493 0.271050 0.044355
v 0.077178 0.260118 -0.041028
v 0.072741 0.267768 -0.026292
v 0.057036 0.278523 0.012438
v 0.050946 0.277887 0.027873
v 0.063210 0.271368 -0.037620
v -0.125316 0.208338 -0.103419
v -0.255447 0.315402 -0.033477
v -0.097476 0.068025 -0.077235
v -0.102324 0.080835 -0.080079
v -0.171660 0.067437 -0.026169
v -0.069369 0.179985 0.101157
v -0.195441 0.004272 0.078405
v -0.235794 0.419685 -0.180744
v -0.166311 0.074697 0.028137
v -0.174504 0.076392 0.026898
v -0.054672 0.188919 0.099624
v -0.096996 0.042456 0.086652
v -0.103362 0.030129 0.095349
v -0.096132 0.047823 0.077103
v -0.087525 0.053229 0.071991
v -0.216435 0.171105 0.083565
v -0.155118 0.053850 -0.063135
v -0.139413 0.050349 -0.070410
v -0.117264 0.402597 -0.076695
v -0.060963 0.178434 0.113844
v -0.078819 0.129330 0.104148
v -0.071832 0.132837 0.119685
v -0.081687 0.160410 0.102810
v -0.174315 0.095835 -0.071052
v -0.082239 0.116244 0.087003
v -0.072564 0.113244 0.102123
v -0.149289 0.065160 0.059952
v -0.076317 0.168471 0.105636
v -0.169716 0.270846 -0.062487
v -0.065079 0.011235 -0.027390
v -0.083373 0.010626 -0.017109
v -0.096222 0.011406 -0.042183
v -0.091674 0.162315 -0.123573
v -0.068556 0.168342 0.115920
v -0.222342 0.194763 0.074094
v -0.060804 0.083238 0.103716
v -0.112503 0.024645 0.088044
v -0.209568 0.197274 -0.085464
v -0.071964 0.154422 0.120228
v -0.145740 0.397113 -0.048498
v -0.064443 0.119019 0.117654
v -0.232134 0.369363 -0.083322
v -0.229272 0.368526 -0.068028
v -0.251649 0.296379 0.106419
v -0.112503 0.017103 0.091968
v -0.074946 0.141768 0.119343
v -0.192201 0.166953 -0.097488
v -0.192345 0.182967 -0.095265
v -0.182880 0.178956 -0.097968
v -0.208443 0.153405 -0.092517
v -0.207603 0.175554 -0.090378
v -0.201207 0.169869 -0.093198
v -0.165141 0.054738 -0.052758
v -0.157878 0.076569 -0.067791
v -0.158937 0.075099 0.037716
v -0.168003 0.081927 0.042873
v -0.103002 0.019206 0.104358
v -0.155661 0.056409 0.045195
v -0.094464 0.037227 0.094839
v -0.164121 0.086820 0.054090
v -0.060054 0.099144 0.113775
v -0.230961 0.357516 -0.047811
v -0.251514 0.314271 0.093762
v -0.246684 0.331848 0.080880
v 0.076860 0.252858 -0.056019
v -0.247212 0.262032 0.107175
v -0.251412 0.273270 0.110400
v -0.259167 0.261489 0.104316
v -0.199176 0.009573 0.047946
v -0.250734 0.258015 0.106611
v -0.252453 0.285087 0.110532
v -0.258462 0.278505 0.104772
v -0.103509 0.124827 -0.108039
v -0.232935 0.143082 0.066474
v -0.229323 0.128970 0.060324
v -0.213621 0.012261 -0.038604
v -0.217422 0.005205 -0.036261
v 0.094056 0.024384 -0.054945
v 0.106050 0.020208 -0.049344
v -0.231648 0.153222 0.071343
v -0.255528 0.247641 0.103497
v -0.259815 0.293241 0.099429
v -0.225291 0.166656 0.077823
v -0.191271 0.203970 -0.093375
v -0.197187 0.217731 -0.083874
v -0.181533 0.218889 -0.092046
v -0.240210 0.168195 0.062859
v -0.266292 0.254784 0.098760
v -0.248133 0.245904 0.104634
v -0.199929 0.377664 -0.211449
v -0.167784 0.004188 0.098208
v -0.071190 0.202020 -0.112431
v -0.065190 0.191670 -0.113841
v -0.215082 0.014820 -0.022878
v -0.208911 0.022080 -0.031374
v -0.247521 0.279402 -0.054960
v -0.250344 0.298236 -0.045981
v -0.241953 0.290031 -0.054240
v -0.260973 0.310806 0.086028
v 0.059517 0.185994 -0.109278
v 0.071733 0.190500 -0.103341
v 0.069264 0.178431 -0.107553
v -0.197658 0.001512 0.047328
v -0.159864 0.052215 -0.005730
v -0.239217 0.304641 -0.053364
v -0.215256 0.006804 -0.014829
v -0.213498 0.014535 -0.016578
v -0.209991 0.022656 -0.020850
v -0.264756 0.277218 0.097503
v -0.101691 0.067512 -0.074064
v -0.098628 0.051468 -0.073587
v -0.196056 0.194319 -0.091380
v -0.200181 0.004125 0.060627
v -0.236724 0.180930 0.065385
v -0.195891 0.000774 0.060312
v -0.260910 0.163173 0.033720
v -0.259041 0.171603 0.039513
v -0.257568 0.187512 0.041325
v -0.207000 0.011838 -0.008613
v -0.170988 0.368688 -0.039114
v -0.207627 0.002802 -0.004794
v -0.251436 0.155448 0.046749
v -0.251397 0.205158 0.043194
v -0.201018 0.086316 -0.046170
v -0.227187 0.207057 0.067293
v -0.201759 0.010863 -0.000318
v -0.250254 0.178818 0.051774
v -0.128457 0.383043 -0.071934
v -0.173031 0.155211 -0.104214
v -0.166569 0.142218 -0.104982
v -0.241137 0.189837 0.060018
v 0.005196 -0.000186 -0.090744
v -0.126831 0.181383 -0.108609
v 0.064332 0.264651 -0.049716
v -0.257958 0.336564 0.063561
v -0.192483 0.004140 0.012141
v -0.243663 0.139446 0.052848
v -0.245112 0.201453 0.051900
v -0.056058 0.457125 -0.101667
v -0.160932 0.044511 -0.004314
v -0.257757 0.324339 0.078630
v -0.191265 0.011187 0.008859
v -0.243102 0.150531 0.058398
v -0.237381 0.215034 0.055233
v -0.231627 0.217914 0.063294
v -0.008361 0.213762 -0.108297
v -0.009624 0.225300 -0.105492
v 0.007746 0.218865 -0.102738
v -0.222945 0.309288 -0.060930
v -0.235737 0.317940 -0.054729
v -0.227487 0.323775 -0.058347
v -0.237009 0.125454 0.046824
v -0.095142 0.001770 -0.132897
v -0.079707 0.000525 -0.128262
v -0.019179 0.212169 -0.109446
v -0.273396 0.264900 0.091425
v -0.136593 0.191970 -0.106110
v -0.155445 0.388215 -0.035673
v -0.086793 0.134178 -0.146070
v -0.078246 0.125010 -0.151260
v -0.078360 0.109968 -0.147276
v -0.238005 0.273255 -0.059274
v 0.028767 -0.000942 -0.087192
v 0.018843 -0.001065 -0.097212
v -0.188361 0.234663 -0.081738
v -0.233163 0.237114 0.103548
v 0.005559 0.235536 -0.100302
v -0.265692 0.245172 0.095259
v -0.081699 0.138150 -0.150783
v 0.086970 0.030531 -0.059478
v -0.190287 0.411999 -0.225156
v 0.049161 0.238506 -0.087411
v 0.065139 0.225126 -0.086163
v 0.050199 0.226173 -0.091980
v -0.025068 0.237645 -0.095640
v -0.037062 0.243138 -0.090381
v -0.020064 0.248853 -0.086997
v -0.196782 0.426408 -0.222435
v -0.016083 0.235119 -0.099759
v -0.023472 0.224160 -0.107478
v -0.027327 0.230685 -0.102549
v 0.021639 0.278094 -0.056544
v 0.028242 0.260094 -0.079734
v 0.019245 0.250143 -0.089769
v 0.013395 0.257757 -0.082716
v 0.159168 0.105564 -0.031533
v 0.022035 0.179964 -0.129969
v 0.072750 0.204420 -0.095862
v 0.086169 0.190266 -0.093411
v -0.210366 0.402915 -0.194442
v -0.179493 0.024963 -0.060861
v -0.222012 0.430992 -0.202668
v -0.217365 0.424758 -0.201528
v -0.076338 0.077061 -0.133515
v -0.066129 0.057273 -0.131328
v -0.209343 0.374592 -0.189174
v -0.205149 0.375843 -0.203547
v -0.223653 0.412998 -0.183573
v -0.213471 0.386490 -0.177003
v -0.231459 0.417798 -0.184524
v -0.220509 0.402594 -0.175296
v -0.214053 0.368250 -0.167469
v -0.213171 0.360744 -0.178257
v -0.222681 0.389547 -0.155640
v -0.093399 0.045258 -0.099141
v -0.233091 0.407274 -0.170274
v -0.237264 0.407772 -0.165039
v -0.218688 0.371484 -0.143250
v -0.233031 0.394767 -0.151251
v -0.220644 0.380061 -0.146787
v 0.013389 0.269256 -0.069207
v 0.038802 0.253053 -0.082860
v 0.034863 0.242904 -0.090078
v -0.180765 0.030684 -0.053316
v -0.198366 0.023460 -0.049182
v -0.215436 0.342276 -0.144840
v -0.220161 0.360339 -0.130752
v -0.087993 0.240723 -0.088455
v -0.101145 0.230982 -0.095157
v -0.088713 0.247851 -0.081948
v 0.075393 0.000078 -0.007884
v 0.062694 0.004248 -0.014565
v 0.063975 0.000309 -0.023988
v 0.031422 0.000663 -0.074709
v 0.035898 -0.000558 -0.058791
v 0.022245 0.000414 -0.049956
v -0.045498 0.250380 -0.084318
v -0.037506 0.215469 -0.108000
v -0.079620 0.091689 -0.135915
v -0.087261 0.115209 -0.140985
v -0.092937 0.127500 -0.139371
v -0.093678 0.137676 -0.137466
v -0.235734 0.389055 -0.136398
v 0.104229 0.173259 -0.087885
v 0.094665 0.173889 -0.095532
v -0.086043 0.101286 -0.132750
v -0.093552 0.118404 -0.131940
v -0.070110 0.176616 -0.137016
v -0.083124 0.166680 -0.136656
v -0.092202 0.152718 -0.132441
v -0.226923 0.374349 -0.121647
v 0.021405 0.240483 -0.095958
v 0.031521 0.199068 -0.107250
v 0.018816 0.196167 -0.107811
v 0.021309 0.202170 -0.104613
v -0.090975 0.099519 -0.123885
v -0.099633 0.127056 -0.124047
v -0.097773 0.142263 -0.128220
v -0.235923 0.388053 -0.126084
v -0.085278 0.083034 -0.124737
v -0.099777 0.135300 -0.122358
v -0.222690 0.366018 -0.116421
v -0.087165 0.079689 -0.115674
v -0.097821 0.112302 -0.115521
v -0.234600 0.378633 -0.112920
v -0.002019 0.200034 -0.109494
v -0.082638 0.058500 -0.116364
v -0.093201 0.091614 -0.109173
v -0.132648 0.004830 -0.113676
v -0.136599 0.000645 -0.105009
v -0.126891 0.005313 -0.122682
v -0.123153 0.021021 -0.113103
v -0.114450 0.023835 -0.121602
v -0.088941 0.070749 -0.104853
v -0.243807 0.222819 0.047403
v -0.137256 0.386658 -0.065454
v -0.145920 0.390612 -0.056097
v -0.228123 0.366327 -0.105183
v -0.091812 0.010551 -0.131292
v -0.020544 0.005769 -0.116451
v 0.009666 0.012561 0.036777
v 0.015750 0.014958 0.058893
v -0.007932 0.012618 0.034473
v -0.227754 0.346368 -0.091446
v 0.040419 0.269334 -0.061428
v 0.028236 0.266946 -0.070407
v -0.134979 0.013488 -0.104214
v -0.102570 0.038979 -0.107826
v -0.102048 0.112740 -0.103389
v -0.103767 0.030672 -0.122289
v -0.221037 0.340017 -0.101628
v -0.227415 0.350472 -0.100563
v -0.224946 0.358671 -0.097845
v -0.224772 0.354627 -0.099114
v -0.048396 0.445401 -0.119031
v -0.055218 0.431727 -0.113580
v -0.064248 0.435765 -0.106119
v -0.139389 0.006837 -0.094257
v -0.044538 0.001650 -0.119136
v -0.231621 0.365634 -0.097839
v -0.069897 0.446166 -0.094689
v -0.132093 0.022284 -0.094902
v -0.090813 0.052755 -0.093948
v -0.092427 0.067431 -0.094425
v -0.170433 -0.001941 -0.074418
v -0.232950 0.366177 -0.090717
v 0.087309 0.203862 -0.088227
v 0.095739 0.196047 -0.084783
v -0.083670 0.209658 -0.109413
v -0.223830 0.338271 -0.083439
v -0.135561 0.023796 -0.083502
v -0.093870 0.062061 -0.084084
v 0.077826 0.243726 -0.065580
v 0.079998 0.234495 -0.072450
v 0.061386 0.241896 -0.080232
v -0.140736 0.000318 0.078300
v -0.232857 0.118434 -0.056898
v -0.222873 0.120861 -0.068982
v -0.216216 0.111051 -0.063336
v -0.251454 0.229710 0.044652
v -0.226284 0.352473 -0.084102
v -0.140973 0.013113 -0.082971
v -0.094149 0.051810 -0.082581
v 0.013113 0.208194 -0.105465
v -0.031233 0.180213 -0.142275
v -0.045234 0.178026 -0.143871
v 0.084966 0.221874 -0.078792
v 0.075957 0.224388 -0.081660
v -0.229614 0.356784 -0.079617
v -0.219789 0.136389 -0.082170
v -0.230928 0.145245 -0.075273
v -0.221835 0.149562 -0.086385
v -0.101496 0.001944 0.099954
v -0.051672 0.182079 -0.137175
v -0.098244 0.429231 -0.075804
v 0.035007 0.278040 -0.050475
v 0.011919 0.011061 -0.052308
v 0.006978 0.002481 -0.033948
v -0.002433 0.008709 -0.026604
v -0.229443 0.341259 -0.067734
v -0.233313 0.159972 -0.076005
v -0.240132 0.172677 -0.069180
v -0.228141 0.169548 -0.081849
v -0.236256 0.182157 -0.072723
v -0.084636 0.229941 -0.094926
v -0.230769 0.356979 -0.068157
v -0.239172 0.149115 -0.067203
v -0.244245 0.187737 -0.061545
v -0.227589 0.348576 -0.067983
v -0.039105 0.226521 -0.101403
v -0.242184 0.161049 -0.064320
v -0.078483 0.265737 -0.054342
v -0.098466 0.265452 -0.058647
v -0.064197 0.000822 -0.124797
v -0.074862 0.008760 -0.128379
v 0.048672 0.155877 -0.127776
v 0.039291 0.169815 -0.128730
v 0.050241 0.166779 -0.122301
v -0.050412 0.015699 -0.123615
v -0.248829 0.176310 -0.059478
v 0.047400 0.256332 -0.075168
v -0.223917 0.328392 -0.062373
v 0.057231 0.172047 -0.115590
v 0.068022 0.156255 -0.115698
v 0.146418 0.101811 -0.035835
v -0.071271 0.012192 -0.074199
v -0.024294 0.163647 -0.150576
v -0.231405 0.350973 -0.057666
v -0.065646 0.229059 -0.100005
v -0.081762 0.218859 -0.104760
v -0.237858 0.136584 -0.061959
v -0.249819 0.164865 -0.057870
v -0.058572 0.011952 -0.054552
v -0.052764 0.241176 -0.092535
v -0.070800 0.241851 -0.087654
v -0.054963 0.255495 -0.074253
v 0.022365 0.232341 -0.099582
v -0.167022 0.067389 -0.050973
v -0.162198 0.076314 -0.063717
v -0.224703 0.107694 -0.047778
v -0.248328 0.146730 -0.054027
v -0.050910 0.230031 -0.099681
v -0.232164 0.336129 -0.053982
v -0.170694 0.045402 -0.045516
v -0.241728 0.126261 -0.049884
v -0.247062 0.139065 -0.048132
v -0.254895 0.166323 -0.049941
v -0.252501 0.189708 -0.050748
v -0.242877 0.224235 -0.046977
v -0.228153 0.229551 -0.059736
v -0.175548 0.039630 -0.040284
v -0.021228 0.263640 -0.075015
v -0.200937 0.099354 -0.061350
v -0.216087 0.097575 -0.043089
v -0.249327 0.204399 -0.050799
v -0.243618 0.232590 -0.043569
v -0.234675 0.345312 -0.048426
v -0.153363 0.387660 -0.048912
v -0.189726 0.033084 -0.039468
v -0.163263 0.039945 -0.058677
v -0.172476 0.075027 -0.044157
v -0.168444 0.082200 -0.058182
v -0.237183 0.117609 -0.043455
v -0.255126 0.147891 -0.041154
v -0.256839 0.185268 -0.042915
v -0.242304 0.325479 -0.045513
v -0.259365 0.157257 -0.038169
v -0.257334 0.171540 -0.041061
v -0.036249 0.263013 -0.070056
v -0.090921 -0.001578 0.003198
v -0.162171 0.366585 -0.048381
v -0.207726 0.020859 -0.040341
v -0.201945 0.028539 -0.036198
v -0.261720 0.255453 -0.041454
v -0.264195 0.271338 -0.039198
v -0.256896 0.270270 -0.049122
v -0.259329 0.279459 -0.045381
v 0.077565 0.165267 -0.109026
v 0.086373 0.169908 -0.102030
v -0.240198 0.347625 -0.039105
v -0.246192 0.124416 -0.035637
v 0.092925 0.220143 -0.074097
v -0.166422 0.377943 -0.036792
v -0.239577 0.114702 -0.031794
v 0.079044 0.150123 -0.110376
v 0.022635 0.171483 -0.135849
v 0.035184 0.160470 -0.133500
v 0.091590 0.233073 -0.065478
v -0.027054 0.272277 -0.064293
v -0.058848 0.259713 -0.069567
v 0.065445 0.249552 -0.070965
v 0.127905 0.078828 -0.051297
v 0.055203 0.260802 -0.063963
v 0.041097 0.178179 -0.120204
v 0.133227 0.105714 -0.038076
v 0.049089 -0.000378 -0.034035
v 0.045969 0.005154 -0.029931
v 0.042042 0.003549 -0.029256
v 0.011445 0.013509 -0.065169
v -0.004170 0.012390 -0.033729
v 0.053715 0.215268 -0.094107
v 0.057051 0.208479 -0.098919
v 0.052119 0.203817 -0.105384
v -0.063000 0.265845 -0.059277
v -0.107655 0.257637 -0.072843
v -0.108375 0.265038 -0.065799
v 0.137307 0.090324 -0.044571
v -0.014883 0.014532 0.069186
v -0.006600 0.232914 -0.099897
v 0.137991 0.105879 -0.031878
v 0.138402 0.074274 -0.055251
v -0.105849 -0.001023 0.027315
v -0.048720 0.271803 -0.051870
v -0.185982 0.347277 -0.045810
v -0.183342 0.355593 -0.037920
v -0.104076 -0.002079 -0.003606
v -0.111942 -0.002664 -0.027204
v -0.178401 0.338754 -0.046587
v -0.176094 0.350556 -0.042894
v -0.076278 0.020700 -0.128535
v -0.083286 0.258492 -0.067965
v -0.036390 0.273612 -0.056523
v 0.119082 0.033411 -0.054504
v -0.170976 0.325791 -0.047640
v -0.168537 0.309669 -0.053124
v -0.170688 0.298398 -0.057801
v -0.150288 0.226164 -0.096435
v -0.143577 0.231318 -0.093366
v -0.136770 0.222051 -0.097311
v -0.000924 0.002823 -0.016137
v -0.180381 0.257679 -0.069057
v -0.163164 0.298584 -0.052896
v -0.100869 0.251649 -0.076704
v 0.037554 0.210699 -0.100668
v -0.160770 0.269559 -0.062961
v -0.156942 0.261225 -0.073314
v -0.166734 0.243468 -0.084858
v -0.181377 0.249105 -0.074985
v -0.039840 0.009534 -0.120096
v 0.007488 0.166008 -0.141807
v -0.156372 0.284331 -0.053277
v -0.152379 0.277932 -0.055374
v -0.169632 0.281964 -0.059526
v -0.146946 0.285855 -0.044889
v -0.149721 0.250086 -0.084129
v -0.144210 0.271227 -0.066144
v -0.146952 0.240852 -0.088821
v -0.143232 0.258369 -0.079359
v -0.135249 0.262989 -0.075630
v -0.139377 0.278154 -0.055572
v -0.134091 0.250182 -0.085098
v -0.126444 0.268725 -0.069600
v -0.127377 0.238212 -0.089484
v -0.125046 0.273690 -0.061977
v -0.227472 0.220284 0.070467
v 0.011418 0.224766 -0.101532
v -0.120756 0.251262 -0.081942
v 0.034041 0.005076 0.093036
v -0.119529 0.261120 -0.075630
v -0.114678 0.270402 -0.062898
v 0.150018 0.070725 -0.054783
v -0.109995 0.002349 0.028176
v 0.029832 0.224028 -0.099339
v -0.111654 0.244263 -0.086439
v -0.112209 0.230958 -0.095649
v 0.071118 0.137157 -0.117270
v -0.114840 0.002724 0.032220
v -0.231078 0.238338 -0.054771
v -0.212751 0.219081 -0.075411
v -0.221370 0.256935 -0.064575
v -0.227988 0.247860 -0.060594
v -0.225819 0.276840 -0.064992
v -0.230670 0.287694 -0.061791
v 0.142725 0.055266 -0.056310
v -0.156975 0.214881 -0.098733
v -0.165420 0.227985 -0.093939
v 0.133419 0.056316 -0.059919
v 0.132993 0.063891 -0.059028
v 0.131019 0.046923 -0.058872
v -0.143871 0.114066 -0.089241
v 0.067020 0.071913 -0.118962
v -0.203745 0.136845 -0.092304
v -0.134562 0.368817 -0.066939
v -0.177126 0.193533 -0.098589
v -0.208824 0.113406 -0.073725
v -0.193179 0.115785 -0.086925
v -0.193443 0.106998 -0.077706
v -0.151026 0.362823 -0.056499
v -0.210534 0.123426 -0.082437
v 0.110673 0.038496 -0.059238
v -0.173541 0.209442 -0.096498
v -0.164439 0.190743 -0.105198
v -0.174696 0.183507 -0.102768
v 0.115992 0.051525 -0.060993
v -0.173970 0.118491 -0.093486
v -0.192801 -0.002877 -0.056295
v -0.216438 0.301029 -0.064197
v -0.187746 0.155619 -0.098427
v -0.165795 0.202938 -0.100611
v -0.163728 0.171126 -0.107217
v -0.174798 0.169215 -0.103767
v -0.132693 0.129429 -0.098001
v -0.161982 0.090351 -0.068898
v 0.100881 0.042588 -0.060093
v -0.191508 0.141549 -0.097647
v -0.146835 0.133695 -0.099648
v -0.138372 0.211626 -0.102294
v -0.151944 0.143364 -0.105018
v -0.136929 0.360444 -0.062811
v -0.134592 0.142431 -0.102342
v -0.191556 0.093153 -0.061737
v -0.146859 0.065280 -0.071583
v -0.139950 0.075960 -0.077328
v -0.145353 0.090819 -0.080010
v -0.135024 0.084609 -0.081093
v -0.125688 -0.002559 0.039900
v -0.181065 0.135735 -0.099048
v -0.135237 0.158220 -0.106518
v -0.133062 0.116553 -0.094545
v 0.040080 0.014568 -0.108408
v -0.010308 0.157491 -0.150303
v -0.196830 0.124017 -0.091170
v 0.068496 0.097683 -0.119814
v 0.066312 0.114513 -0.121620
v -0.152733 0.198672 -0.105780
v 0.060852 0.050484 -0.115608
v -0.137289 0.104772 -0.088707
v 0.057915 0.133491 -0.124152
v 0.059916 0.059664 -0.122244
v 0.058560 0.082632 -0.122799
v 0.058857 0.097458 -0.125988
v 0.053274 0.106851 -0.129135
v 0.047160 0.117705 -0.130164
v 0.047034 0.049944 -0.120114
v 0.045330 0.075897 -0.126858
v 0.050526 0.063102 -0.125775
v -0.063300 0.156198 -0.154467
v 0.043557 0.090222 -0.130488
v 0.046596 0.126198 -0.129741
v -0.266484 0.237210 0.030702
v 0.041892 0.033174 -0.115041
v 0.036762 0.146805 -0.133236
v -0.004227 0.005016 -0.002088
v -0.011085 0.010956 -0.001779
v 0.040128 0.042327 -0.120576
v 0.032133 0.060498 -0.130224
v 0.034722 0.121017 -0.135072
v 0.034413 0.099180 -0.133623
v 0.036825 0.106239 -0.135579
v 0.032088 0.136104 -0.136950
v 0.031914 0.028920 -0.115698
v 0.024507 0.031596 -0.116457
v 0.030450 0.044211 -0.124173
v 0.030936 0.069195 -0.130905
v 0.022881 0.082731 -0.134328
v 0.029223 0.085980 -0.134346
v 0.015546 0.021045 -0.113118
v 0.018864 0.092685 -0.138609
v 0.013176 0.012459 -0.113430
v 0.016281 0.101181 -0.139113
v 0.019494 0.108813 -0.141495
v 0.026250 0.119340 -0.141114
v 0.021999 0.152247 -0.139410
v 0.019953 0.160869 -0.139758
v 0.017832 0.049365 -0.128280
v 0.016191 0.071583 -0.133632
v 0.022806 0.134745 -0.142065
v 0.020502 0.061467 -0.132603
v 0.014463 0.117729 -0.144579
v 0.014850 0.130518 -0.144150
v 0.013152 0.033855 -0.121287
v 0.011193 0.040821 -0.127998
v 0.009930 0.077808 -0.138363
v 0.005565 0.150516 -0.145437
v 0.002274 0.107739 -0.144309
v 0.003861 0.047586 -0.131994
v 0.001779 0.055041 -0.132462
v 0.006426 0.062946 -0.134925
v -0.000684 0.026622 -0.116295
v -0.000627 0.133260 -0.148266
v -0.002889 0.032571 -0.122844
v -0.003549 0.074913 -0.141003
v -0.002598 0.090114 -0.144393
v -0.013776 0.011649 -0.117159
v -0.005109 0.039894 -0.130707
v -0.006759 0.118200 -0.148581
v -0.001281 0.145278 -0.150063
v -0.013224 0.096294 -0.145530
v -0.023841 0.020907 -0.118653
v -0.010944 0.052044 -0.135294
v -0.013230 0.144819 -0.153321
v -0.015699 0.063504 -0.139440
v -0.016029 0.131229 -0.153351
v -0.017775 0.104982 -0.148722
v -0.024327 0.026754 -0.119340
v -0.026385 0.037608 -0.130566
v -0.018405 0.077208 -0.145008
v -0.022149 0.120834 -0.152592
v -0.060258 0.010629 -0.092583
v -0.024753 0.031881 -0.126243
v -0.024540 0.045975 -0.134136
v -0.025578 0.088440 -0.148473
v -0.028275 0.062634 -0.141882
v -0.031812 0.057246 -0.141129
v -0.027606 0.074967 -0.144231
v -0.025797 0.134451 -0.154635
v -0.031617 0.100434 -0.150471
v -0.030006 0.114450 -0.153906
v -0.044196 0.129357 -0.156393
v -0.033612 0.144576 -0.156390
v -0.041262 0.052032 -0.137652
v -0.036954 0.074625 -0.146727
v -0.039708 0.104316 -0.154674
v -0.079740 0.009663 0.006195
v -0.044946 0.004071 -0.094899
v -0.041073 0.433878 -0.125301
v -0.052086 0.026148 -0.123915
v -0.047244 0.031569 -0.124554
v -0.043401 0.085845 -0.151518
v -0.092955 0.011013 0.056250
v -0.048057 0.119304 -0.157515
v -0.047574 0.139932 -0.158478
v -0.201234 -0.002043 -0.059427
v -0.051552 0.041067 -0.130146
v -0.050436 0.080262 -0.148707
v 0.116649 0.019536 0.034008
v -0.053928 0.108279 -0.156252
v 0.028287 0.004527 -0.027339
v 0.011904 -0.000963 -0.025995
v 0.028647 -0.000867 -0.035772
v -0.057906 0.071112 -0.142680
v -0.053217 0.095220 -0.153891
v -0.055506 0.146469 -0.157953
v -0.063489 0.421191 -0.106851
v -0.188376 0.000228 0.029595
v -0.192900 0.001695 0.031896
v -0.060675 0.127722 -0.158052
v -0.063603 0.036408 -0.124773
v -0.065733 0.097872 -0.150528
v -0.209055 -0.000126 -0.011526
v -0.069108 0.114771 -0.155139
v -0.069600 0.126141 -0.156081
v -0.069543 0.141498 -0.155907
v -0.241407 0.237174 0.099009
v -0.179136 0.085932 0.045447
v 0.042969 -0.000288 0.023859
v 0.046347 0.000993 0.070035
v 0.039591 0.000945 0.053973
v 0.025587 0.001101 0.067875
v 0.036672 0.001968 0.086940
v -0.049413 0.000876 0.090135
v 0.009873 0.003936 0.097152
v 0.014751 -0.001572 -0.013422
v 0.009447 -0.001188 -0.005634
v -0.054093 0.001017 0.106875
v -0.085974 0.001686 0.110727
v 0.066759 0.006186 0.001020
v 0.064500 0.003858 0.013587
v 0.052470 0.000375 0.025203
v 0.134628 0.020130 0.007104
v -0.004230 0.007437 0.010026
v 0.005106 0.005370 0.022617
v -0.003291 0.010881 0.020361
v 0.008667 0.000345 0.015630
v 0.002751 0.000846 0.005985
v 0.123783 0.018192 0.021336
v -0.078969 0.000411 0.089499
v -0.028518 0.011493 0.005793
v -0.007041 0.004146 -0.088710
v 0.071793 0.000885 0.012297
v 0.030261 0.007578 0.051546
v -0.024393 0.001461 0.101586
v -0.008478 0.001092 0.095913
v 0.060243 0.001953 0.043137
v 0.039837 -0.000426 0.023352
v -0.192636 0.001413 0.077286
v 0.019365 0.010932 -0.071415
v 0.089577 0.001377 -0.011415
v -0.009333 0.013275 -0.049260
v -0.028293 0.013098 -0.063375
v 0.026943 0.009354 0.060783
v 0.025149 0.000681 0.031251
v -0.239820 0.223938 0.061440
v -0.255690 0.232458 0.050331
v -0.172302 0.069486 -0.014742
v 0.049317 0.003342 0.082923
v 0.014796 0.000882 0.089466
v 0.018657 0.001839 -0.021273
v -0.266937 0.239961 0.044418
v 0.097107 0.003885 -0.019848
v 0.084747 0.001575 0.007131
v 0.027006 0.007110 0.044526
v 0.070767 0.004107 0.035094
v -0.269469 0.238053 0.057615
v -0.107136 0.004110 0.005589
v -0.270762 0.237426 0.072240
v 0.022563 0.006636 -0.061206
v -0.256935 0.230388 0.061785
v 0.047610 -0.000315 -0.049821
v 0.042165 -0.000114 -0.084408
v -0.263319 0.231879 0.070512
v -0.003417 0.013968 -0.072066
v -0.262080 0.233886 0.085227
v -0.007416 0.011664 -0.083397
v -0.194433 0.000027 0.005604
v -0.269412 0.241380 0.087396
v -0.254241 0.228786 0.077544
v -0.033870 0.015024 0.075612
v 0.100428 0.005778 0.007881
v -0.006123 -0.001401 -0.098913
v -0.242685 0.225453 0.072810
v -0.248286 0.231306 0.091743
v -0.253023 0.238077 0.098619
v 0.020718 0.013449 0.047724
v 0.013446 0.007791 0.033345
v -0.235350 0.226101 0.086634
v 0.089604 0.005184 0.018696
v -0.069960 0.013944 0.074499
v -0.227853 0.100947 0.013434
v -0.208617 0.085659 -0.030192
v -0.231120 0.112338 0.038295
v -0.213339 0.084690 -0.014523
v -0.218403 0.089583 -0.004653
v -0.218370 0.089637 0.004698
v -0.225495 0.231066 0.099201
v 0.019983 0.002049 0.032028
v -0.218748 0.091608 0.015462
v -0.215166 0.097506 0.033960
v -0.222324 0.105195 0.040872
v -0.216108 0.229674 0.095163
v -0.193440 0.078390 -0.028218
v -0.205632 0.079707 -0.009246
v -0.210978 0.086541 0.018507
v -0.223089 0.113748 0.053370
v -0.177006 0.074139 -0.033078
v -0.207198 -0.002412 -0.041514
v -0.205533 0.080079 0.005142
v -0.183726 0.073458 -0.016644
v -0.193683 0.074889 -0.001734
v -0.199899 0.079440 0.013383
v -0.208968 0.102621 0.052464
v -0.194478 -0.003045 -0.032454
v -0.200517 0.082947 0.023811
v -0.212580 0.110967 0.060765
v -0.213918 0.118134 0.066990
v -0.201993 -0.002025 -0.014742
v -0.201099 0.091875 0.040959
v 0.024312 0.000966 0.013482
v -0.167895 -0.002973 -0.068295
v -0.175812 -0.003177 -0.041571
v -0.183447 0.072939 0.008697
v -0.198243 0.107043 0.065739
v -0.185331 -0.001509 0.009780
v -0.175743 0.069840 -0.000633
v -0.186678 0.077232 0.020427
v -0.190098 0.084807 0.036021
v -0.190995 0.094581 0.054564
v -0.158190 -0.003069 -0.046356
v -0.173043 -0.002697 0.001200
v -0.174678 0.096258 0.064230
v -0.181707 0.109899 0.075042
v -0.142566 -0.002697 -0.079335
v -0.132798 -0.002574 -0.106665
v -0.118446 -0.002709 -0.111759
v -0.135174 -0.002763 -0.078504
v -0.159633 -0.002808 0.001041
v -0.186057 -0.000534 0.054729
v -0.139140 -0.002748 -0.043602
v -0.141180 -0.003057 -0.030228
v -0.162057 -0.003633 0.006624
v -0.167223 -0.001179 0.039102
v -0.162555 0.098403 0.069885
v -0.123276 -0.001545 -0.076914
v -0.154053 -0.002628 -0.016821
v -0.137028 -0.002454 -0.021630
v -0.141312 0.003084 -0.016680
v -0.173667 -0.000306 0.067878
v -0.183789 0.000507 0.085065
v -0.105597 -0.002058 -0.102444
v -0.123813 -0.001998 -0.046560
v -0.110913 0.003477 -0.085944
v -0.119010 0.004959 -0.062940
v -0.153531 0.100623 0.071274
v -0.094770 0.003213 -0.098532
v -0.100221 0.009168 -0.089394
v -0.114201 0.011991 -0.062844
v -0.081948 -0.001833 -0.104982
v -0.117666 0.005415 -0.008550
v -0.140613 -0.000231 0.050619
v -0.155544 -0.000153 0.062985
v -0.078225 0.004191 -0.099135
v -0.092265 0.012357 -0.083073
v -0.099489 0.011022 -0.042495
v -0.083553 0.011649 -0.092553
v -0.115917 -0.001752 -0.015267
v -0.165120 0.068364 0.010053
vt 0.649271 0.536858
vt 0.647416 0.515915
vt 0.658818 0.524703
vt 0.550952 0.488155
vt 0.547904 0.502108
vt 0.538084 0.490517
vt 0.803568 0.800795
vt 0.817201 0.796346
vt 0.831886 0.800384
vt 0.708879 0.645128
vt 0.722826 0.630083
vt 0.717761 0.660632
vt 0.830396 0.782465
vt 0.843665 0.790580
vt 0.645772 0.803405
vt 0.658462 0.799531
vt 0.648836 0.811414
vt 0.805363 0.880967
vt 0.805725 0.860373
vt 0.822592 0.874590
vt 0.274504 0.630068
vt 0.272647 0.615846
vt 0.281254 0.638578
vt 0.448213 0.461825
vt 0.461836 0.440502
vt 0.463216 0.460484
vt 0.954652 0.266629
vt 0.957353 0.281056
vt 0.948511 0.283288
vt 0.488811 0.455764
vt 0.504737 0.448923
vt 0.491455 0.465227
vt 0.857276 0.337166
vt 0.854048 0.348519
vt 0.844676 0.349286
vt 0.889403 0.617002
vt 0.875137 0.603995
vt 0.890965 0.604731
vt 0.822320 0.856350
vt 0.434155 0.464484
vt 0.444823 0.475258
vt 0.757969 0.592220
vt 0.750019 0.589802
vt 0.777660 0.570707
vt 0.922873 0.834393
vt 0.923824 0.860499
vt 0.915566 0.858105
vt 0.923259 0.735932
vt 0.929350 0.759720
vt 0.917983 0.766573
vt 0.936974 0.929287
vt 0.936974 0.942100
vt 0.929912 0.931314
vt 0.753482 0.611182
vt 0.743651 0.608415
vt 0.761173 0.612640
vt 0.736134 0.628222
vt 0.266644 0.896233
vt 0.268661 0.890963
vt 0.268662 0.910957
vt 0.767349 0.567023
vt 0.201729 0.229667
vt 0.197267 0.216021
vt 0.216554 0.215250
vt 0.819433 0.836088
vt 0.825022 0.819683
vt 0.845301 0.831048
vt 0.628106 0.485618
vt 0.642423 0.486442
vt 0.626060 0.500701
vt 0.744397 0.865016
vt 0.769043 0.844941
vt 0.770150 0.878878
vt 0.967014 0.343737
vt 0.956846 0.343491
vt 0.963636 0.328446
vt 0.597794 0.437801
vt 0.611231 0.435726
vt 0.609106 0.446853
vt 0.475309 0.426267
vt 0.478553 0.435456
vt 0.786012 0.852926
vt 0.785526 0.869768
vt 0.887413 0.921324
vt 0.894024 0.904514
vt 0.898572 0.910871
vt 0.807660 0.490819
vt 0.815470 0.467428
vt 0.827943 0.479912
vt 0.140164 0.106221
vt 0.134800 0.098227
vt 0.148890 0.096431
vt 0.524051 0.471362
vt 0.543474 0.479016
vt 0.748246 0.880393
vt 0.812200 0.420738
vt 0.840479 0.410529
vt 0.816704 0.424743
vt 0.603624 0.108225
vt 0.602031 0.091584
vt 0.610974 0.095260
vt 0.736779 0.641413
vt 0.817932 0.450731
vt 0.839163 0.446877
vt 0.613074 0.481578
vt 0.608681 0.500164
vt 0.791871 0.895522
vt 0.725187 0.615827
vt 0.801634 0.810243
vt 0.830632 0.434992
vt 0.836740 0.424287
vt 0.761019 0.892765
vt 0.776636 0.900335
vt 0.452868 0.438543
vt 0.440157 0.452586
vt 0.933489 0.854874
vt 0.928563 0.882492
vt 0.918195 0.792350
vt 0.930376 0.797652
vt 0.617445 0.531443
vt 0.629195 0.532413
vt 0.615917 0.544546
vt 0.756730 0.911124
vt 0.943826 0.682946
vt 0.938204 0.695127
vt 0.934635 0.679296
vt 0.808445 0.531853
vt 0.788436 0.548368
vt 0.793208 0.534458
vt 0.839954 0.849021
vt 0.792715 0.522641
vt 0.804279 0.511174
vt 0.833865 0.893153
vt 0.835673 0.871006
vt 0.847273 0.879014
vt 0.503470 0.482900
vt 0.513029 0.464343
vt 0.518604 0.482776
vt 0.743477 0.584054
vt 0.558830 0.487393
vt 0.567791 0.477577
vt 0.564177 0.496295
vt 0.849455 0.862394
vt 0.860382 0.868120
vt 0.404492 0.900321
vt 0.409344 0.882875
vt 0.409344 0.902670
vt 0.937023 0.871117
vt 0.593120 0.460659
vt 0.605393 0.463866
vt 0.586964 0.474173
vt 0.739172 0.307364
vt 0.745869 0.316516
vt 0.737601 0.322115
vt 0.752093 0.327822
vt 0.742825 0.336602
vt 0.698236 0.666712
vt 0.700263 0.649183
vt 0.705523 0.662774
vt 0.863023 0.404110
vt 0.854715 0.415380
vt 0.981401 0.720046
vt 0.980903 0.739832
vt 0.971589 0.726372
vt 0.894059 0.496236
vt 0.880571 0.499058
vt 0.895628 0.485716
vt 0.575220 0.476282
vt 0.804917 0.546437
vt 0.748191 0.300604
vt 0.746383 0.352926
vt 0.748495 0.375161
vt 0.737855 0.352464
vt 0.902303 0.473386
vt 0.888310 0.476130
vt 0.899726 0.458183
vt 0.768208 0.556819
vt 0.438251 0.214817
vt 0.426229 0.214623
vt 0.441112 0.198728
vt 0.620560 0.515488
vt 0.101525 0.254271
vt 0.107210 0.227904
vt 0.114675 0.241802
vt 0.173897 0.078104
vt 0.159421 0.060421
vt 0.174193 0.050329
vt 0.860954 0.529709
vt 0.867095 0.514793
vt 0.874307 0.521705
vt 0.756319 0.305828
vt 0.754628 0.349138
vt 0.910331 0.136947
vt 0.923663 0.137433
vt 0.916947 0.156093
vt 0.463543 0.474911
vt 0.475896 0.458405
vt 0.761862 0.805522
vt 0.783332 0.811254
vt 0.498865 0.471870
vt 0.598334 0.480551
vt 0.917152 0.888245
vt 0.792071 0.912973
vt 0.808452 0.905970
vt 0.759594 0.369388
vt 0.967371 0.672671
vt 0.960850 0.666157
vt 0.967371 0.655014
vt 0.774570 0.916279
vt 0.752485 0.278750
vt 0.762167 0.291702
vt 0.765912 0.321876
vt 0.759940 0.338499
vt 0.226425 0.268337
vt 0.237850 0.262065
vt 0.238193 0.282988
vt 0.950211 0.034628
vt 0.956036 0.048557
vt 0.947481 0.051009
vt 0.598485 0.511839
vt 0.641416 0.525222
vt 0.632771 0.543833
vt 0.115037 0.323735
vt 0.120667 0.312641
vt 0.124941 0.326982
vt 0.185229 0.238431
vt 0.174220 0.229609
vt 0.764732 0.283189
vt 0.872122 0.412043
vt 0.874469 0.397832
vt 0.884052 0.410675
vt 0.604499 0.545624
vt 0.602759 0.530960
vt 0.478048 0.484321
vt 0.192835 0.066433
vt 0.192856 0.041418
vt 0.203348 0.047910
vt 0.772089 0.296971
vt 0.764707 0.358775
vt 0.763239 0.381580
vt 0.757493 0.271942
vt 0.766461 0.274251
vt 0.900450 0.700716
vt 0.914503 0.697966
vt 0.898573 0.703720
vt 0.490521 0.491690
vt 0.328551 0.027155
vt 0.351487 0.034405
vt 0.328331 0.043439
vt 0.903717 0.159118
vt 0.901863 0.179785
vt 0.893272 0.167366
vt 0.357230 0.483585
vt 0.363652 0.491012
vt 0.354421 0.498309
vt 0.312528 0.035704
vt 0.944923 0.198600
vt 0.938159 0.202171
vt 0.935730 0.179289
vt 0.659486 0.094369
vt 0.674075 0.085441
vt 0.673002 0.103850
vt 0.336976 0.488717
vt 0.888326 0.189417
vt 0.880623 0.175130
vt 0.375516 0.482516
vt 0.221472 0.073362
vt 0.231310 0.077850
vt 0.223081 0.087354
vt 0.803389 0.833696
vt 0.822130 0.897617
vt 0.612053 0.333341
vt 0.631565 0.336885
vt 0.613670 0.347226
vt 0.773948 0.282051
vt 0.460886 0.106782
vt 0.453929 0.105221
vt 0.463451 0.099257
vt 0.776140 0.371710
vt 0.167738 0.894932
vt 0.182542 0.869637
vt 0.192052 0.881099
vt 0.390813 0.477080
vt 0.385051 0.488566
vt 0.893291 0.105108
vt 0.888720 0.125956
vt 0.872530 0.097470
vt 0.980021 0.458785
vt 0.986989 0.472962
vt 0.969629 0.470107
vt 0.531145 0.501298
vt 0.542785 0.514718
vt 0.532184 0.521389
vt 0.398860 0.841939
vt 0.408716 0.857913
vt 0.398312 0.860081
vt 0.624741 0.326035
vt 0.652434 0.327651
vt 0.646690 0.342542
vt 0.657066 0.333119
vt 0.584509 0.125405
vt 0.579687 0.108337
vt 0.593858 0.122123
vt 0.583177 0.074591
vt 0.592477 0.062267
vt 0.600935 0.074744
vt 0.485769 0.088491
vt 0.493481 0.099731
vt 0.484409 0.098679
vt 0.779828 0.313901
vt 0.779758 0.298307
vt 0.860872 0.089846
vt 0.849792 0.106967
vt 0.635905 0.432598
vt 0.648885 0.432607
vt 0.645021 0.455312
vt 0.662224 0.535479
vt 0.661189 0.548179
vt 0.741577 0.888180
vt 0.846569 0.898248
vt 0.639527 0.318436
vt 0.877752 0.786245
vt 0.872483 0.757338
vt 0.888197 0.771315
vt 0.408286 0.658005
vt 0.399935 0.653560
vt 0.408112 0.633697
vt 0.688636 0.083618
vt 0.702683 0.088503
vt 0.685692 0.095889
vt 0.339165 0.677234
vt 0.332054 0.685659
vt 0.323159 0.675078
vt 0.616337 0.472635
vt 0.247859 0.051539
vt 0.269366 0.048147
vt 0.266337 0.059288
vt 0.869666 0.156587
vt 0.886639 0.148759
vt 0.875427 0.129077
vt 0.753683 0.843655
vt 0.479076 0.473438
vt 0.759210 0.929914
vt 0.084257 0.696073
vt 0.050116 0.691403
vt 0.085796 0.676314
vt 0.458162 0.085764
vt 0.409344 0.687253
vt 0.397376 0.675004
vt 0.435891 0.085764
vt 0.439107 0.113695
vt 0.429225 0.099722
vt 0.831493 0.310049
vt 0.847816 0.306219
vt 0.852327 0.315455
vt 0.370802 0.497311
vt 0.873917 0.740831
vt 0.876799 0.729942
vt 0.888622 0.723446
vt 0.602534 0.330165
vt 0.587324 0.329194
vt 0.597360 0.321010
vt 0.849219 0.278730
vt 0.859050 0.268005
vt 0.859050 0.286724
vt 0.570032 0.093194
vt 0.587871 0.089105
vt 0.469187 0.085689
vt 0.475678 0.093596
vt 0.273868 0.556832
vt 0.282996 0.551339
vt 0.266387 0.579739
vt 0.904281 0.117069
vt 0.894938 0.115610
vt 0.913172 0.103527
vt 0.800066 0.786431
vt 0.777753 0.933213
vt 0.793068 0.950614
vt 0.774330 0.951582
vt 0.557427 0.318333
vt 0.576188 0.320048
vt 0.569031 0.339606
vt 0.582322 0.336562
vt 0.619730 0.315500
vt 0.901205 0.086797
vt 0.882820 0.086419
vt 0.480315 0.111226
vt 0.487262 0.111707
vt 0.490387 0.122806
vt 0.620216 0.074797
vt 0.623133 0.090040
vt 0.612940 0.082683
vt 0.526564 0.093313
vt 0.524475 0.082155
vt 0.537709 0.088324
vt 0.934199 0.301704
vt 0.932879 0.325784
vt 0.925274 0.325884
vt 0.479058 0.125042
vt 0.468350 0.124555
vt 0.463657 0.857158
vt 0.463682 0.883104
vt 0.455306 0.884467
vt 0.370761 0.970368
vt 0.378564 0.962029
vt 0.382806 0.977689
vt 0.360466 0.622554
vt 0.351969 0.636397
vt 0.345018 0.617859
vt 0.112026 0.059957
vt 0.120526 0.071991
vt 0.105392 0.078981
vt 0.574189 0.311816
vt 0.596979 0.310981
vt 0.627465 0.298970
vt 0.878327 0.330429
vt 0.872566 0.339285
vt 0.867389 0.321866
vt 0.365527 0.034994
vt 0.383932 0.030729
vt 0.375831 0.051350
vt 0.472537 0.114962
vt 0.883976 0.719786
vt 0.836811 0.229656
vt 0.825531 0.228192
vt 0.829518 0.207926
vt 0.611349 0.302574
vt 0.642051 0.304176
vt 0.661963 0.314713
vt 0.886424 0.349457
vt 0.890366 0.345233
vt 0.898668 0.347052
vt 0.443364 0.094298
vt 0.220945 0.055047
vt 0.229667 0.062317
vt 0.656043 0.480606
vt 0.651721 0.493587
vt 0.635855 0.509983
vt 0.855484 0.816183
vt 0.214425 0.806832
vt 0.204699 0.820329
vt 0.206745 0.797401
vt 0.348474 0.752751
vt 0.356933 0.759562
vt 0.340115 0.767974
vt 0.553075 0.301926
vt 0.562819 0.304405
vt 0.589197 0.301240
vt 0.599419 0.299045
vt 0.277943 0.956285
vt 0.285542 0.938874
vt 0.285542 0.959779
vt 0.634844 0.075404
vt 0.658100 0.295930
vt 0.570122 0.080169
vt 0.671670 0.781203
vt 0.640302 0.776030
vt 0.643464 0.765321
vt 0.573366 0.297048
vt 0.613600 0.291353
vt 0.671055 0.299961
vt 0.388319 0.600991
vt 0.389456 0.591224
vt 0.389456 0.608905
vt 0.565802 0.117160
vt 0.628955 0.660518
vt 0.633122 0.665309
vt 0.623013 0.662796
vt 0.892354 0.311740
vt 0.901337 0.307052
vt 0.898638 0.324902
vt 0.635809 0.093483
vt 0.009903 0.326703
vt 0.005106 0.319716
vt 0.015260 0.314746
vt 0.586609 0.293207
vt 0.403800 0.691128
vt 0.520510 0.264691
vt 0.503002 0.270459
vt 0.498935 0.259064
vt 0.815038 0.522109
vt 0.385875 0.662196
vt 0.382806 0.652681
vt 0.385875 0.629226
vt 0.046382 0.337100
vt 0.025528 0.322405
vt 0.061516 0.333818
vt 0.541299 0.303436
vt 0.543660 0.290428
vt 0.599621 0.288215
vt 0.637932 0.286810
vt 0.510678 0.090747
vt 0.649607 0.089842
vt 0.649420 0.102771
vt 0.894992 0.887109
vt 0.899155 0.896171
vt 0.883665 0.893510
vt 0.630134 0.067579
vt 0.627452 0.052017
vt 0.641388 0.058675
vt 0.457919 0.120068
vt 0.467873 0.111107
vt 0.960541 0.563055
vt 0.977221 0.556363
vt 0.972224 0.565288
vt 0.962698 0.281443
vt 0.958065 0.298935
vt 0.156920 0.086490
vt 0.171010 0.094710
vt 0.566494 0.288550
vt 0.651823 0.285982
vt 0.539372 0.105882
vt 0.553171 0.111820
vt 0.547127 0.124519
vt 0.829931 0.326044
vt 0.843831 0.321959
vt 0.842081 0.336636
vt 0.433666 0.286419
vt 0.448425 0.300181
vt 0.432833 0.300594
vt 0.834912 0.765560
vt 0.852823 0.782797
vt 0.182795 0.057549
vt 0.945216 0.178071
vt 0.953093 0.185819
vt 0.530276 0.291540
vt 0.561818 0.284911
vt 0.577075 0.282659
vt 0.624412 0.285850
vt 0.675155 0.284139
vt 0.879745 0.311695
vt 0.889430 0.327270
vt 0.587010 0.037880
vt 0.604484 0.040088
vt 0.606405 0.051689
vt 0.445338 0.286423
vt 0.160881 0.855369
vt 0.176152 0.847235
vt 0.666505 0.813781
vt 0.025729 0.336527
vt 0.553476 0.282960
vt 0.595318 0.279901
vt 0.455690 0.137640
vt 0.605240 0.063309
vt 0.618692 0.062404
vt 0.885752 0.297718
vt 0.894490 0.284429
vt 0.570255 0.039785
vt 0.585738 0.049248
vt 0.903833 0.288566
vt 0.898681 0.296891
vt 0.258804 0.957511
vt 0.266387 0.950072
vt 0.266387 0.964568
vt 0.199771 0.900541
vt 0.194347 0.914452
vt 0.183560 0.915779
vt 0.617297 0.041007
vt 0.630287 0.040403
vt 0.875820 0.919206
vt 0.878169 0.942547
vt 0.867403 0.928323
vt 0.332093 0.603905
vt 0.348841 0.607459
vt 0.486905 0.136805
vt 0.492449 0.150148
vt 0.479432 0.149379
vt 0.422079 0.206820
vt 0.413500 0.210134
vt 0.563873 0.272074
vt 0.610157 0.276103
vt 0.624354 0.276233
vt 0.656694 0.272440
vt 0.670995 0.269954
vt 0.503632 0.126662
vt 0.515194 0.107690
vt 0.516860 0.123331
vt 0.641439 0.042655
vt 0.658708 0.044484
vt 0.670287 0.058799
vt 0.396594 0.629507
vt 0.387140 0.645092
vt 0.848648 0.202587
vt 0.854904 0.214981
vt 0.547528 0.275620
vt 0.642115 0.274724
vt 0.546719 0.096915
vt 0.182081 0.920403
vt 0.182081 0.940274
vt 0.174682 0.937103
vt 0.674527 0.811821
vt 0.684425 0.802275
vt 0.684780 0.815781
vt 0.579373 0.267586
vt 0.588106 0.271685
vt 0.595425 0.266568
vt 0.663483 0.065597
vt 0.801814 0.290873
vt 0.816018 0.292293
vt 0.800671 0.301665
vt 0.593259 0.104527
vt 0.656725 0.113281
vt 0.901500 0.845214
vt 0.910280 0.845618
vt 0.899212 0.861390
vt 0.439651 0.277612
vt 0.451327 0.275872
vt 0.832955 0.346336
vt 0.951678 0.212720
vt 0.955384 0.230156
vt 0.947588 0.239218
vt 0.640406 0.267342
vt 0.872823 0.317895
vt 0.850543 0.429526
vt 0.862828 0.424569
vt 0.233929 0.049347
vt 0.242248 0.060812
vt 0.965029 0.369882
vt 0.957379 0.360197
vt 0.967575 0.360045
vt 0.612932 0.265236
vt 0.627541 0.261953
vt 0.388168 0.660864
vt 0.890959 0.368965
vt 0.900431 0.366406
vt 0.524459 0.115955
vt 0.524906 0.126964
vt 0.431854 0.126333
vt 0.439934 0.135605
vt 0.431711 0.161859
vt 0.691351 0.807889
vt 0.518041 0.943972
vt 0.518041 0.956814
vt 0.506687 0.954915
vt 0.545351 0.265089
vt 0.539020 0.272555
vt 0.646218 0.261645
vt 0.655231 0.256828
vt 0.936170 0.161522
vt 0.946374 0.167814
vt 0.938497 0.174114
vt 0.458392 0.270499
vt 0.466505 0.259460
vt 0.463476 0.278793
vt 0.478651 0.267917
vt 0.567117 0.257243
vt 0.575345 0.257493
vt 0.607652 0.252670
vt 0.595134 0.256053
vt 0.674839 0.495903
vt 0.668835 0.519645
vt 0.663469 0.506865
vt 0.394886 0.684908
vt 0.982060 0.760733
vt 0.441834 0.260818
vt 0.584073 0.253315
vt 0.696577 0.258944
vt 0.685939 0.268146
vt 0.389199 0.927103
vt 0.388837 0.916859
vt 0.393493 0.925278
vt 0.633426 0.106801
vt 0.951033 0.303511
vt 0.948600 0.295595
vt 0.989005 0.729568
vt 0.676565 0.529005
vt 0.676252 0.540439
vt 0.453373 0.258305
vt 0.767021 0.590138
vt 0.352156 0.380805
vt 0.348479 0.365743
vt 0.360181 0.366650
vt 0.532376 0.258161
vt 0.555713 0.257115
vt 0.622606 0.250507
vt 0.638851 0.250978
vt 0.687617 0.248656
vt 0.972943 0.120717
vt 0.975925 0.144120
vt 0.963435 0.130824
vt 0.963359 0.072839
vt 0.967632 0.086989
vt 0.952601 0.093643
vt 0.995793 0.725052
vt 0.992651 0.741965
vt 0.549449 0.249721
vt 0.665981 0.242971
vt 0.681350 0.239889
vt 0.330125 0.669040
vt 0.315973 0.655299
vt 0.182534 0.902981
vt 0.878832 0.294580
vt 0.525729 0.248761
vt 0.562753 0.246824
vt 0.649135 0.245030
vt 0.940226 0.220724
vt 0.499764 0.085904
vt 0.503630 0.107049
vt 0.989998 0.761674
vt 0.356692 0.966852
vt 0.371063 0.964509
vt 0.482589 0.251272
vt 0.581022 0.246130
vt 0.619635 0.242689
vt 0.628910 0.452678
vt 0.893809 0.745339
vt 0.623452 0.110228
vt 0.980738 0.576281
vt 0.439343 0.250316
vt 0.488094 0.241477
vt 0.504239 0.240893
vt 0.552717 0.239079
vt 0.904839 0.729900
vt 0.643664 0.830283
vt 0.654984 0.829951
vt 0.637682 0.119212
vt 0.644244 0.136949
vt 0.636595 0.132011
vt 0.641742 0.078538
vt 0.450227 0.243020
vt 0.464224 0.240229
vt 0.522744 0.237102
vt 0.570402 0.237498
vt 0.589896 0.236947
vt 0.631531 0.237029
vt 0.352379 0.667776
vt 0.341814 0.650842
vt 0.414237 0.828398
vt 0.409502 0.836285
vt 0.411829 0.823316
vt 0.954669 0.068597
vt 0.941495 0.068625
vt 0.542785 0.230644
vt 0.609221 0.225731
vt 0.647355 0.234756
vt 0.666179 0.223724
vt 0.676232 0.232415
vt 0.688169 0.227214
vt 0.702683 0.242358
vt 0.809186 0.441461
vt 0.795749 0.451222
vt 0.799272 0.435293
vt 0.996684 0.753506
vt 0.995980 0.774739
vt 0.992601 0.783931
vt 0.683100 0.117080
vt 0.696934 0.107412
vt 0.693657 0.128104
vt 0.437055 0.243992
vt 0.837941 0.297769
vt 0.829568 0.296815
vt 1.000000 0.772747
vt 0.521600 0.227222
vt 0.562118 0.228779
vt 0.578031 0.228628
vt 0.587232 0.228316
vt 0.598940 0.223823
vt 0.622930 0.224394
vt 0.645326 0.225770
vt 0.528507 0.106181
vt 0.859297 0.186700
vt 0.854652 0.168922
vt 0.205134 0.790332
vt 0.211332 0.790711
vt 0.450245 0.233853
vt 0.463831 0.228207
vt 0.475529 0.228015
vt 0.496799 0.226627
vt 0.547684 0.219058
vt 0.653541 0.212430
vt 0.651573 0.075802
vt 0.662580 0.079931
vt 0.535771 0.116029
vt 0.460277 0.914648
vt 0.470206 0.915047
vt 0.463645 0.932037
vt 0.567663 0.223813
vt 0.578256 0.217092
vt 0.585687 0.216873
vt 0.636239 0.216794
vt 0.448715 0.083842
vt 0.240062 0.920403
vt 0.240062 0.934319
vt 0.231382 0.930627
vt 0.335371 0.897550
vt 0.338152 0.894659
vt 0.338152 0.909140
vt 0.474304 0.901313
vt 0.474260 0.878530
vt 0.884698 0.514875
vt 0.879316 0.511018
vt 0.518995 0.219654
vt 0.565762 0.218564
vt 0.601718 0.132854
vt 0.608227 0.123485
vt 0.592360 0.211820
vt 0.677764 0.208880
vt 0.967566 0.549687
vt 0.444481 0.136966
vt 0.676189 0.130798
vt 0.658795 0.130863
vt 0.476538 0.216294
vt 0.502298 0.213460
vt 0.603450 0.202637
vt 0.612219 0.207562
vt 0.614602 0.696325
vt 0.618852 0.705578
vt 0.614287 0.715395
vt 0.622728 0.426787
vt 0.558351 0.211014
vt 0.629078 0.202014
vt 0.872691 0.281296
vt 0.883327 0.275541
vt 0.214680 0.794097
vt 0.524746 0.208524
vt 0.542441 0.206999
vt 0.574988 0.206802
vt 0.591162 0.203448
vt 0.615019 0.199602
vt 0.861798 0.135939
vt 0.850392 0.154242
vt 0.903833 0.344774
vt 0.565013 0.127097
vt 0.477923 0.891302
vt 0.480828 0.877072
vt 0.954104 0.736878
vt 0.953473 0.722986
vt 0.968573 0.721628
vt 0.842835 0.289697
vt 0.854362 0.299563
vt 0.169570 0.929256
vt 0.399557 0.942064
vt 0.406018 0.959475
vt 0.395800 0.959475
vt 0.801339 0.922289
vt 0.497644 0.206523
vt 0.476661 0.207953
vt 0.914010 0.173095
vt 0.909332 0.195622
vt 0.851821 0.919434
vt 0.859903 0.902952
vt 0.867403 0.915799
vt 0.356375 0.049646
vt 0.835335 0.094798
vt 0.837961 0.125274
vt 0.942202 0.253756
vt 0.937195 0.240805
vt 0.955486 0.948196
vt 0.939772 0.945473
vt 0.942113 0.933512
vt 0.516152 0.201680
vt 0.617588 0.190489
vt 0.663085 0.188673
vt 0.636278 0.191211
vt 0.707648 0.891047
vt 0.695688 0.895982
vt 0.695659 0.887064
vt 0.562069 0.100707
vt 0.181735 0.038438
vt 0.891486 0.838006
vt 0.887456 0.872639
vt 0.882788 0.851549
vt 0.482616 0.199629
vt 0.966715 0.797152
vt 0.956481 0.777415
vt 0.971589 0.783322
vt 0.621594 0.409029
vt 0.615566 0.419176
vt 0.612854 0.407492
vt 0.865463 0.882902
vt 0.775213 0.052010
vt 0.785217 0.066207
vt 0.766223 0.056565
vt 0.599838 0.194059
vt 0.652613 0.175672
vt 0.676555 0.189517
vt 0.858043 0.801553
vt 0.956444 0.928851
vt 0.236517 0.035294
vt 0.252414 0.041846
vt 0.901622 0.276033
vt 0.891063 0.267779
vt 0.839373 0.912993
vt 0.798717 0.938812
vt 0.608123 0.186817
vt 0.688946 0.175154
vt 0.688298 0.202527
vt 0.445248 0.185370
vt 0.450734 0.199024
vt 0.963127 0.934482
vt 0.967732 0.945192
vt 0.275165 0.576877
vt 0.630904 0.181211
vt 0.952980 0.115195
vt 0.952532 0.130616
vt 0.477797 0.855702
vt 0.482187 0.861910
vt 0.483048 0.846202
vt 0.176396 0.955164
vt 0.432193 0.197355
vt 0.436664 0.183205
vt 0.947893 0.921147
vt 0.943009 0.918164
vt 0.635158 0.157420
vt 0.620227 0.156214
vt 0.623642 0.144771
vt 0.508969 0.492987
vt 0.815576 0.770944
vt 0.475016 0.824060
vt 0.463081 0.809610
vt 0.474351 0.812948
vt 0.615393 0.179804
vt 0.505887 0.072465
vt 0.707439 0.678243
vt 0.353837 0.941504
vt 0.367235 0.928922
vt 0.367924 0.953220
vt 0.668966 0.175246
vt 0.213028 0.042337
vt 0.204034 0.036632
vt 0.929912 0.923195
vt 0.925732 0.914282
vt 0.929912 0.898041
vt 0.215443 0.027566
vt 0.463264 0.178342
vt 0.468713 0.196121
vt 0.462397 0.189228
vt 0.480662 0.183346
vt 0.144191 0.271546
vt 0.149739 0.281916
vt 0.142936 0.293959
vt 0.613744 0.949494
vt 0.607459 0.947114
vt 0.614821 0.933064
vt 0.628261 0.172678
vt 0.865776 0.304006
vt 0.871245 0.295935
vt 0.960619 0.910917
vt 0.963201 0.922101
vt 0.677393 0.517546
vt 0.684354 0.502393
vt 0.683728 0.522488
vt 0.756432 0.944379
vt 0.675845 0.827323
vt 0.664044 0.842672
vt 0.957746 0.020538
vt 0.967027 0.029437
vt 0.637693 0.165594
vt 0.081507 0.370142
vt 0.075615 0.359484
vt 0.096504 0.364509
vt 0.537739 0.074019
vt 0.551860 0.079560
vt 0.440815 0.163446
vt 0.450324 0.170285
vt 0.457306 0.172227
vt 0.457855 0.187722
vt 0.462971 0.167823
vt 0.771626 0.793843
vt 0.821844 0.916852
vt 0.960189 0.164912
vt 0.563574 0.178079
vt 0.551172 0.172553
vt 0.563312 0.166818
vt 0.530654 0.129748
vt 0.593095 0.055246
vt 0.575494 0.158491
vt 0.578725 0.169619
vt 0.617559 0.168499
vt 0.673651 0.161459
vt 0.326828 0.392466
vt 0.314511 0.389618
vt 0.318529 0.377304
vt 0.560373 0.085317
vt 0.874611 0.589824
vt 0.544046 0.163833
vt 0.559982 0.159910
vt 0.470281 0.164596
vt 0.481083 0.171081
vt 0.519186 0.164583
vt 0.522713 0.156993
vt 0.590411 0.153486
vt 0.592483 0.167408
vt 0.837002 0.930190
vt 0.248884 0.678188
vt 0.241263 0.673528
vt 0.248984 0.638053
vt 0.647369 0.155994
vt 0.686632 0.152736
vt 0.867403 0.836837
vt 0.449897 0.157202
vt 0.490805 0.161081
vt 0.470378 0.158291
vt 0.505742 0.156691
vt 0.540606 0.153340
vt 0.561211 0.154425
vt 0.583350 0.148241
vt 0.599861 0.151026
vt 0.655558 0.559669
vt 0.638814 0.559934
vt 0.819239 0.929137
vt 0.673699 0.148913
vt 0.859128 0.842676
vt 0.206517 0.885330
vt 0.892942 0.074864
vt 0.522566 0.152369
vt 0.568191 0.144762
vt 0.454394 0.152528
vt 0.941132 0.311745
vt 0.943955 0.297778
vt 0.529324 0.145244
vt 0.550570 0.142088
vt 0.635357 0.148464
vt 0.652631 0.144124
vt 0.653324 0.028514
vt 0.467126 0.145280
vt 0.515602 0.141142
vt 0.539015 0.138106
vt 0.591622 0.140263
vt 0.579909 0.139484
vt 0.897545 0.143324
vt 0.629719 0.131821
vt 0.697083 0.148137
vt 0.150996 0.262172
vt 0.692708 0.074847
vt 0.409344 0.612884
vt 0.403438 0.615974
vt 0.662996 0.820637
vt 0.502250 0.145498
vt 0.563628 0.132178
vt 0.829501 0.286819
vt 0.970118 0.597699
vt 0.980738 0.611027
vt 0.961280 0.624888
vt 0.867345 0.861635
vt 0.980474 0.593587
vt 0.966011 0.264075
vt 0.539431 0.463784
vt 0.440900 0.067158
vt 0.430840 0.068329
vt 0.568865 0.070102
vt 0.472303 0.838449
vt 0.883321 0.569882
vt 0.894084 0.590855
vt 0.874019 0.569469
vt 0.252294 0.948970
vt 0.240062 0.948970
vt 0.249577 0.935717
vt 0.148918 0.936630
vt 0.151776 0.954544
vt 0.147505 0.953070
vt 0.482327 0.076783
vt 0.493515 0.076992
vt 0.017844 0.706590
vt 0.023302 0.724924
vt 0.009609 0.700018
vt 0.609343 0.028547
vt 0.599828 0.030378
vt 0.867035 0.276518
vt 0.863695 0.287328
vt 0.526918 0.053011
vt 0.535509 0.049319
vt 0.538192 0.061578
vt 0.816344 0.368761
vt 0.826128 0.371950
vt 0.812935 0.379536
vt 0.781199 0.076607
vt 0.768228 0.069288
vt 0.910843 0.126339
vt 0.420886 0.245215
vt 0.416861 0.257343
vt 0.834002 0.360344
vt 0.800345 0.371071
vt 0.292285 0.039415
vt 0.306793 0.049673
vt 0.461529 0.067489
vt 0.458164 0.051774
vt 0.469784 0.050762
vt 0.050060 0.954385
vt 0.059337 0.937798
vt 0.064306 0.960507
vt 0.301472 0.415673
vt 0.312289 0.425619
vt 0.306508 0.434345
vt 0.392802 0.543968
vt 0.398467 0.562755
vt 0.389495 0.556522
vt 0.489673 0.063894
vt 0.505157 0.056331
vt 0.498428 0.067898
vt 0.324914 0.645444
vt 0.148684 0.954544
vt 0.148684 0.968041
vt 0.143450 0.959184
vt 0.769802 0.349353
vt 0.228411 0.920403
vt 0.228924 0.932665
vt 0.218851 0.936530
vt 0.308714 0.670418
vt 0.000000 0.682345
vt 0.000755 0.671068
vt 0.004675 0.683651
vt 0.774220 0.337033
vt 0.297893 0.527956
vt 0.286224 0.532736
vt 0.305273 0.510175
vt 0.928854 0.196323
vt 0.917639 0.181545
vt 0.929952 0.175333
vt 0.328685 0.502479
vt 0.330652 0.510072
vt 0.317636 0.515085
vt 0.313719 0.910879
vt 0.326122 0.907991
vt 0.322212 0.923377
vt 0.679593 0.043211
vt 0.681086 0.054431
vt 0.607267 0.000000
vt 0.638899 0.014716
vt 0.629030 0.016273
vt 0.479597 0.054478
vt 0.473577 0.063799
vt 0.409344 0.561047
vt 0.399375 0.590983
vt 0.634553 0.908546
vt 0.619013 0.901031
vt 0.621159 0.896120
vt 0.340467 0.052817
vt 0.364581 0.062428
vt 0.800671 0.352165
vt 0.787288 0.358445
vt 0.285542 0.791482
vt 0.298989 0.784499
vt 0.294076 0.806423
vt 0.340885 0.502240
vt 0.309980 0.535612
vt 0.228924 0.949383
vt 0.933886 0.337754
vt 0.350886 0.508857
vt 0.349555 0.498309
vt 0.360115 0.504976
vt 0.391311 0.579452
vt 0.337744 0.518172
vt 0.820591 0.103345
vt 0.137498 0.907283
vt 0.129971 0.886898
vt 0.147789 0.896596
vt 0.348975 0.524104
vt 0.327663 0.526833
vt 0.826737 0.355533
vt 0.812566 0.355751
vt 0.770161 0.084029
vt 0.760971 0.090056
vt 0.756865 0.074405
vt 0.802260 0.174044
vt 0.822847 0.190259
vt 0.802840 0.188666
vt 0.183927 0.216565
vt 0.186568 0.196748
vt 0.619584 0.916513
vt 0.602491 0.926482
vt 0.604691 0.916205
vt 0.364388 0.525875
vt 0.291509 0.558851
vt 0.814998 0.307213
vt 0.847390 0.357707
vt 0.837122 0.368006
vt 0.778750 0.115176
vt 0.774291 0.130703
vt 0.763544 0.110957
vt 0.746688 0.148373
vt 0.751639 0.165538
vt 0.742333 0.169993
vt 0.851267 0.361634
vt 0.370613 0.521883
vt 0.321641 0.547208
vt 0.718221 0.076988
vt 0.725669 0.091622
vt 0.714553 0.085605
vt 0.774959 0.145998
vt 0.787839 0.152551
vt 0.767375 0.156541
vt 0.341174 0.536344
vt 0.247012 0.206480
vt 0.260556 0.214617
vt 0.244914 0.219842
vt 0.798501 0.384037
vt 0.547505 0.049336
vt 0.444056 0.815897
vt 0.440878 0.803529
vt 0.310193 0.556813
vt 0.580679 0.064903
vt 0.497835 0.046377
vt 0.787043 0.374629
vt 0.920246 0.291486
vt 0.916782 0.264763
vt 0.934199 0.269672
vt 0.633563 0.909983
vt 0.669523 0.313962
vt 0.661628 0.330667
vt 0.802562 0.119349
vt 0.378344 0.535213
vt 0.305438 0.571496
vt 0.195291 0.186195
vt 0.215040 0.189267
vt 0.782839 0.095986
vt 0.737391 0.047084
vt 0.748162 0.048464
vt 0.738110 0.062302
vt 0.710226 0.020567
vt 0.717173 0.016162
vt 0.720644 0.026603
vt 0.433971 0.044084
vt 0.443196 0.034342
vt 0.435795 0.055138
vt 0.837022 0.286724
vt 0.827634 0.276887
vt 0.837021 0.264388
vt 0.740064 0.023874
vt 0.733727 0.031667
vt 0.055227 0.965732
vt 0.365404 0.538041
vt 0.356641 0.540642
vt 0.935117 0.393596
vt 0.927607 0.383136
vt 0.935117 0.370743
vt 0.334211 0.548733
vt 0.321966 0.558815
vt 0.311158 0.569693
vt 0.296135 0.574813
vt 0.724694 0.062895
vt 0.211639 0.893291
vt 0.207880 0.920403
vt 0.210464 0.934504
vt 0.199283 0.946794
vt 0.185383 0.952501
vt 0.192143 0.945684
vt 0.192143 0.965475
vt 0.205229 0.176350
vt 0.573377 0.945808
vt 0.581950 0.933064
vt 0.581950 0.955835
vt 0.348089 0.547581
vt 0.422077 0.298572
vt 0.423644 0.280890
vt 0.224346 0.872858
vt 0.554266 0.845493
vt 0.550877 0.861313
vt 0.543489 0.847629
vt 0.573377 0.957105
vt 0.564244 0.950743
vt 0.573377 0.933064
vt 0.485200 0.048620
vt 0.945261 0.119281
vt 0.938589 0.097473
vt 0.945574 0.099789
vt 0.421734 0.859780
vt 0.416999 0.852944
vt 0.426413 0.835274
vt 0.952063 0.310962
vt 0.944769 0.316080
vt 0.678560 0.292490
vt 0.682599 0.304210
vt 0.691760 0.297846
vt 0.451551 0.856301
vt 0.460182 0.828729
vt 0.218851 0.938781
vt 0.218851 0.960316
vt 0.210464 0.943497
vt 0.696228 0.063679
vt 0.921774 0.928921
vt 0.911899 0.913988
vt 0.673146 0.033061
vt 0.964509 0.516485
vt 0.970626 0.508993
vt 0.970626 0.523774
vt 0.303512 0.591557
vt 0.293446 0.583744
vt 0.283653 0.580774
vt 0.272471 0.596800
vt 0.966962 0.005403
vt 0.944282 0.025118
vt 0.967720 0.672671
vt 0.967720 0.691395
vt 0.960850 0.677452
vt 0.685088 0.288084
vt 0.369350 0.550260
vt 0.360974 0.554388
vt 0.340775 0.553838
vt 0.334902 0.567379
vt 0.116760 0.939694
vt 0.109276 0.933951
vt 0.117536 0.920403
vt 0.323348 0.568195
vt 0.117536 0.956888
vt 0.101648 0.946747
vt 0.309341 0.587384
vt 0.316537 0.590114
vt 0.285639 0.594117
vt 0.399646 0.466383
vt 0.402029 0.453944
vt 0.409344 0.457352
vt 0.972557 0.048870
vt 0.976035 0.071507
vt 0.353206 0.557860
vt 0.531635 0.275821
vt 0.425233 0.262876
vt 0.945744 0.081490
vt 0.400181 0.515132
vt 0.407336 0.523848
vt 0.400026 0.537491
vt 0.296938 0.651500
vt 0.289781 0.657388
vt 0.226072 0.782086
vt 0.789565 0.265901
vt 0.799906 0.283194
vt 0.791328 0.285986
vt 0.732538 0.159466
vt 0.729774 0.140526
vt 0.796145 0.311975
vt 0.564325 0.030203
vt 0.417165 0.073866
vt 0.424664 0.053995
vt 0.413812 0.883810
vt 0.421789 0.891804
vt 0.420937 0.903455
vt 0.332504 0.583115
vt 0.292813 0.600045
vt 0.021789 0.605046
vt 0.012541 0.578034
vt 0.019882 0.579979
vt 0.206436 0.906852
vt 0.903833 0.277833
vt 0.910052 0.297688
vt 0.715545 0.062269
vt 0.706135 0.069343
vt 0.069760 0.319056
vt 0.081083 0.329293
vt 0.488156 0.041333
vt 0.351188 0.571236
vt 0.280831 0.612209
vt 0.416385 0.276874
vt 0.549452 0.060102
vt 0.752620 0.016601
vt 0.762737 0.041161
vt 0.809014 0.216631
vt 0.802701 0.232056
vt 0.766950 0.103760
vt 0.752975 0.093950
vt 0.715309 0.113871
vt 0.720617 0.131493
vt 0.707305 0.138104
vt 0.713378 0.096329
vt 0.724144 0.113603
vt 0.375584 0.563321
vt 0.375796 0.548790
vt 0.685768 0.277835
vt 0.248711 0.956531
vt 0.252294 0.948970
vt 0.252294 0.962660
vt 0.304681 0.606615
vt 0.779811 0.277823
vt 0.784234 0.287589
vt 0.812499 0.139205
vt 0.962892 0.226366
vt 0.964635 0.206912
vt 0.969251 0.229966
vt 0.707750 0.084972
vt 0.550161 0.037689
vt 0.370447 0.573788
vt 0.293333 0.613024
vt 0.941133 0.049820
vt 0.740486 0.081535
vt 0.741092 0.096058
vt 0.448424 0.896013
vt 0.451512 0.909437
vt 0.701533 0.122720
vt 0.448792 0.046688
vt 0.449456 0.061308
vt 0.561285 0.048798
vt 0.479769 0.843700
vt 0.110583 0.249332
vt 0.269598 0.911078
vt 0.285542 0.897807
vt 0.285119 0.911756
vt 0.275695 0.921674
vt 0.210898 0.846765
vt 0.215248 0.867333
vt 0.204667 0.867614
vt 0.434717 0.310917
vt 0.926424 0.943653
vt 0.577587 0.024518
vt 0.380287 0.572309
vt 0.382806 0.554525
vt 0.321922 0.603576
vt 0.414429 0.841046
vt 0.412181 0.855605
vt 0.764987 0.191382
vt 0.770053 0.179208
vt 0.777912 0.200621
vt 0.515219 0.042325
vt 0.871957 0.202726
vt 0.748269 0.077533
vt 0.702683 0.107893
vt 0.450232 0.838975
vt 0.513757 0.805753
vt 0.497745 0.811959
vt 0.496255 0.799434
vt 0.358153 0.580413
vt 0.346149 0.590617
vt 0.536524 0.953819
vt 0.546679 0.943972
vt 0.546679 0.958419
vt 0.918974 0.897741
vt 0.909889 0.901488
vt 0.746695 0.108451
vt 0.755515 0.114951
vt 0.743334 0.120894
vt 0.756280 0.178088
vt 0.441630 0.834995
vt 0.749220 0.135317
vt 0.732666 0.129069
vt 0.430833 0.905615
vt 0.750591 0.066003
vt 0.762523 0.164922
vt 0.754753 0.154049
vt 0.917965 0.943653
vt 0.917965 0.964878
vt 0.909889 0.951994
vt 0.288256 0.627703
vt 0.587121 0.455057
vt 0.361921 0.597766
vt 0.637522 0.031147
vt 0.868273 0.776385
vt 0.867403 0.763801
vt 0.730119 0.077437
vt 0.663628 0.493876
vt 0.649394 0.503555
vt 0.589947 0.015457
vt 0.734408 0.103565
vt 0.734109 0.112235
vt 0.285542 0.926084
vt 0.370845 0.586839
vt 0.421386 0.121072
vt 0.723989 0.041160
vt 0.727485 0.050869
vt 0.953158 0.668238
vt 0.949183 0.691395
vt 0.947471 0.677955
vt 0.784297 0.186520
vt 0.284659 0.433264
vt 0.297917 0.437012
vt 0.284232 0.443024
vt 0.876902 0.801201
vt 0.881588 0.810851
vt 0.666120 0.852364
vt 0.647903 0.849891
vt 0.299104 0.030209
vt 0.446055 0.869468
vt 0.988237 0.704602
vt 0.506687 0.956546
vt 0.494577 0.956546
vt 0.496252 0.944521
vt 0.808716 0.156928
vt 0.086241 0.153502
vt 0.091149 0.135080
vt 0.095613 0.144448
vt 0.188397 0.805828
vt 0.192636 0.822734
vt 0.443697 0.080274
vt 0.775508 0.167444
vt 0.801826 0.325080
vt 0.815147 0.318733
vt 0.935730 0.080632
vt 0.960850 0.664597
vt 0.953969 0.648737
vt 0.720479 0.148797
vt 0.309019 0.021888
vt 0.414349 0.223743
vt 0.422243 0.229116
vt 0.414705 0.236324
vt 0.122510 0.897911
vt 0.109884 0.885936
vt 0.377718 0.590078
vt 0.473833 0.448261
vt 0.797785 0.090009
vt 0.416125 0.100479
vt 0.790439 0.218181
vt 0.086716 0.247818
vt 0.099688 0.266357
vt 0.210464 0.954473
vt 0.157455 0.939288
vt 0.048673 0.346926
vt 0.066659 0.346424
vt 0.961823 0.185527
vt 0.783239 0.210242
vt 0.872896 0.078122
vt 0.879453 0.356671
vt 0.413887 0.189448
vt 0.425444 0.185624
vt 0.420049 0.195870
vt 0.116916 0.879790
vt 0.396394 0.809705
vt 0.401008 0.793406
vt 0.405995 0.810715
vt 0.563214 0.063733
vt 0.464518 0.447681
vt 0.383787 0.736882
vt 0.386128 0.730674
vt 0.388477 0.742190
vt 0.519830 0.069780
vt 0.433076 0.917361
vt 0.786303 0.388843
vt 0.784234 0.276301
vt 0.816616 0.341089
vt 0.250900 0.920403
vt 0.795257 0.341052
vt 0.809250 0.335753
vt 0.941151 0.849326
vt 0.943698 0.839184
vt 0.952424 0.845493
vt 0.793286 0.327301
vt 0.862044 0.322981
vt 0.852048 0.330283
vt 0.390668 0.734197
vt 0.388477 0.731412
vt 0.397728 0.717970
vt 0.874849 0.264763
vt 0.296338 0.672297
vt 0.967575 0.353911
vt 0.972015 0.339904
vt 0.972015 0.358831
vt 0.392470 0.749299
vt 0.393757 0.758068
vt 0.389423 0.748284
vt 0.419818 0.170563
vt 0.257465 0.659587
vt 0.722893 0.596243
vt 0.731614 0.599906
vt 0.474275 0.073048
vt 0.481473 0.830795
vt 0.760353 0.148061
vt 0.749202 0.124902
vt 0.800071 0.079243
vt 1.000000 0.712107
vt 0.997081 0.696009
vt 0.354398 0.681354
vt 0.505104 0.943972
vt 0.328483 0.013508
vt 0.369192 0.000000
vt 0.350456 0.014147
vt 0.623428 0.127408
vt 0.439908 0.436765
vt 0.311535 0.686389
vt 0.169570 0.958356
vt 0.157455 0.947131
vt 0.160640 0.937433
vt 0.909823 0.707941
vt 0.923311 0.704724
vt 0.915354 0.725290
vt 0.265787 0.477056
vt 0.251856 0.475304
vt 0.268882 0.466883
vt 0.284486 0.054215
vt 0.301909 0.684539
vt 0.971726 0.672671
vt 0.967371 0.658970
vt 0.971726 0.651994
vt 0.942046 0.267414
vt 0.115443 0.644446
vt 0.056791 0.635032
vt 0.118269 0.640837
vt 0.804707 0.389283
vt 0.212993 0.200257
vt 0.689183 0.038950
vt 0.690020 0.047158
vt 0.917777 0.370743
vt 0.917777 0.393260
vt 0.905455 0.380128
vt 0.522011 0.059086
vt 0.394497 0.711978
vt 0.391981 0.711583
vt 0.712091 0.055148
vt 0.519945 0.435151
vt 0.524870 0.445772
vt 0.504973 0.437880
vt 0.849219 0.286724
vt 0.837022 0.278725
vt 0.849219 0.271546
vt 0.821063 0.124436
vt 0.816010 0.171043
vt 0.143450 0.933444
vt 0.606628 0.890815
vt 0.819138 0.088652
vt 0.324988 0.686652
vt 0.318829 0.697321
vt 0.494577 0.957415
vt 0.483048 0.957415
vt 0.485178 0.943972
vt 0.947885 0.394648
vt 0.942788 0.394648
vt 0.942965 0.384104
vt 0.162037 0.205556
vt 0.144974 0.190837
vt 0.149445 0.183154
vt 0.415625 0.151592
vt 0.655948 0.015634
vt 0.266387 0.920403
vt 0.256815 0.939558
vt 0.252294 0.929809
vt 0.161216 0.697400
vt 0.144949 0.679965
vt 0.192855 0.679130
vt 0.398873 0.700716
vt 0.305048 0.642858
vt 0.890819 0.961682
vt 0.896892 0.953125
vt 0.909889 0.962949
vt 0.577985 0.052448
vt 0.947450 0.012415
vt 0.955532 0.007651
vt 0.198971 0.852225
vt 0.419945 0.138761
vt 0.427490 0.916076
vt 0.972232 0.689843
vt 0.967720 0.681473
vt 0.972232 0.672671
vt 0.299033 0.699084
vt 0.451066 0.939554
vt 0.451339 0.956913
vt 0.447367 0.949044
vt 0.528987 0.952323
vt 0.536524 0.943972
vt 0.536524 0.963224
vt 0.169570 0.938603
vt 0.163134 0.920403
vt 0.619390 0.023750
vt 0.131573 0.948217
vt 0.123742 0.938845
vt 0.131573 0.920403
vt 0.112399 0.871676
vt 0.788933 0.478074
vt 0.793995 0.496874
vt 0.782983 0.487810
vt 0.923324 0.114685
vt 0.304914 0.708083
vt 0.148107 0.073565
vt 0.459318 0.039423
vt 0.217025 0.920403
vt 0.903833 0.392044
vt 0.127190 0.955889
vt 0.117536 0.939193
vt 0.921521 0.351269
vt 0.928433 0.363347
vt 0.922957 0.370743
vt 0.391472 0.593911
vt 0.397509 0.612884
vt 0.409344 0.498309
vt 0.266387 0.950072
vt 0.960850 0.681284
vt 0.970575 0.104609
vt 0.313237 0.717343
vt 0.386080 0.910774
vt 0.388883 0.901338
vt 0.411368 0.171388
vt 0.944175 0.000000
vt 0.929352 0.349833
vt 0.449616 0.924207
vt 0.895585 0.710760
vt 0.969562 0.508993
vt 0.964509 0.505259
vt 0.969562 0.490712
vt 0.497631 0.032743
vt 0.519997 0.028762
vt 0.394905 0.522903
vt 0.322163 0.718915
vt 0.968160 0.187788
vt 0.120578 0.335619
vt 0.108066 0.338527
vt 0.763134 0.019698
vt 0.816754 0.743867
vt 0.832941 0.734925
vt 0.829573 0.752192
vt 0.681991 0.646247
vt 0.682767 0.676498
vt 0.676122 0.652546
vt 0.422935 0.880423
vt 0.415823 0.871071
vt 0.099179 0.333854
vt 0.382851 0.725443
vt 0.388477 0.718501
vt 0.616007 0.809627
vt 0.627677 0.794526
vt 0.634553 0.797127
vt 0.362767 0.661091
vt 0.157455 0.923475
vt 0.145428 0.920403
vt 0.298297 0.712631
vt 0.127077 0.216074
vt 0.130653 0.203676
vt 0.145158 0.203163
vt 0.767440 0.205586
vt 0.776734 0.221775
vt 0.483048 0.864533
vt 0.277660 0.938874
vt 0.683320 0.455338
vt 0.678309 0.468871
vt 0.670477 0.443067
vt 0.880621 0.751033
vt 0.493608 0.430616
vt 0.527078 0.458392
vt 0.886777 0.818466
vt 0.892370 0.799403
vt 0.900795 0.821708
vt 0.902868 0.793528
vt 0.910629 0.818134
vt 0.600503 0.421381
vt 0.425480 0.311530
vt 0.428576 0.320856
vt 0.419560 0.317794
vt 0.570061 0.452972
vt 0.565656 0.470181
vt 0.555872 0.468660
vt 0.416161 0.311439
vt 0.111997 0.681436
vt 0.108378 0.655821
vt 0.552586 0.450704
vt 0.562545 0.450199
vt 0.616404 0.459329
vt 0.631691 0.469164
vt 0.876864 0.897741
vt 0.639836 0.474718
vt 0.904504 0.771114
vt 0.656355 0.462338
vt 0.391591 0.466149
vt 0.576478 0.494064
vt 0.284634 0.423935
vt 0.120083 0.855257
vt 0.116024 0.835787
vt 0.132618 0.848216
vt 0.050010 0.640136
vt 0.057230 0.611512
vt 0.354280 0.352761
vt 0.371778 0.359303
vt 0.428634 0.800319
vt 0.423087 0.818117
vt 0.418322 0.811257
vt 0.585723 0.499590
vt 0.796367 0.427421
vt 0.336350 0.690544
vt 0.632936 0.416407
vt 0.647683 0.415780
vt 0.676216 0.861526
vt 0.658361 0.866602
vt 0.906656 0.877124
vt 0.388007 0.799487
vt 0.338714 0.948996
vt 0.349561 0.953223
vt 0.322735 0.057195
vt 0.546783 0.828908
vt 0.260549 0.769485
vt 0.252767 0.777043
vt 0.255407 0.761517
vt 0.942070 0.648614
vt 0.939097 0.668300
vt 0.928405 0.653150
vt 0.927776 0.095510
vt 0.935730 0.109717
vt 0.365775 0.376517
vt 0.375754 0.372918
vt 0.366389 0.385692
vt 0.179848 0.029542
vt 0.307575 0.448762
vt 0.320964 0.448019
vt 0.305935 0.458008
vt 0.410686 0.870115
vt 0.264182 0.753528
vt 0.513563 0.502855
vt 0.353901 0.403274
vt 0.336866 0.413231
vt 0.341182 0.396421
vt 0.124035 0.367819
vt 0.110202 0.358798
vt 0.131077 0.360572
vt 0.493004 0.420402
vt 0.558370 0.510772
vt 0.684278 0.825711
vt 0.679572 0.842954
vt 0.486553 0.451179
vt 0.927447 0.124587
vt 0.392367 0.367200
vt 0.387207 0.358481
vt 0.400591 0.358292
vt 0.280385 0.244479
vt 0.270869 0.247358
vt 0.265554 0.232629
vt 0.016848 0.341077
vt 0.010510 0.337506
vt 0.399826 0.781679
vt 0.409344 0.797726
vt 0.334967 0.369539
vt 0.337176 0.382709
vt 0.787785 0.444388
vt 0.402046 0.340980
vt 0.392583 0.330839
vt 0.401779 0.325771
vt 0.065882 0.951194
vt 0.069152 0.935320
vt 0.375912 0.944641
vt 0.902732 0.389283
vt 0.577953 0.525200
vt 0.567625 0.513588
vt 0.353388 0.391525
vt 0.374086 0.395165
vt 0.500636 0.495961
vt 0.328780 0.425385
vt 0.341991 0.427679
vt 0.303399 0.399346
vt 0.319535 0.401947
vt 0.310622 0.409667
vt 0.587180 0.519041
vt 0.730166 0.755023
vt 0.747233 0.752741
vt 0.745890 0.769347
vt 0.728733 0.877156
vt 0.738478 0.902555
vt 0.717859 0.884243
vt 0.395343 0.895699
vt 0.392210 0.909294
vt 0.609281 0.142824
vt 0.717924 0.006039
vt 0.729885 0.011362
vt 0.664854 0.469265
vt 0.666342 0.453243
vt 0.389731 0.345397
vt 0.972210 0.365015
vt 0.972210 0.384013
vt 0.967575 0.378449
vt 0.669099 0.481438
vt 0.244587 0.774221
vt 0.556134 0.344285
vt 0.544893 0.325289
vt 0.902242 0.686925
vt 0.909601 0.679873
vt 0.904888 0.696009
vt 0.945656 0.564671
vt 0.936383 0.582924
vt 0.935336 0.560727
vt 0.362285 0.410265
vt 0.353362 0.421866
vt 0.492430 0.554897
vt 0.511709 0.541352
vt 0.521234 0.556371
vt 0.909568 0.049957
vt 0.909173 0.060657
vt 0.894891 0.051301
vt 0.327129 0.437192
vt 0.041283 0.944659
vt 0.045920 0.941908
vt 0.142749 0.938980
vt 0.131573 0.942688
vt 0.135260 0.920403
vt 0.961735 0.146441
vt 0.955627 0.143436
vt 0.686767 0.727330
vt 0.683923 0.729897
vt 0.680657 0.697615
vt 0.669019 0.560762
vt 0.891950 0.037128
vt 0.703468 0.010210
vt 0.143450 0.930423
vt 0.093692 0.817703
vt 0.072530 0.814681
vt 0.080717 0.809529
vt 0.295774 0.445930
vt 0.660593 0.900945
vt 0.675548 0.876483
vt 0.671662 0.903653
vt 0.356811 0.959703
vt 0.045552 0.927649
vt 0.257393 0.697253
vt 0.263236 0.718594
vt 0.258448 0.736256
vt 0.333930 0.449477
vt 0.327542 0.456551
vt 0.156293 0.245699
vt 0.158700 0.263755
vt 0.650336 0.928477
vt 0.659435 0.918342
vt 0.674094 0.915716
vt 0.655147 0.511384
vt 0.590245 0.921635
vt 0.977721 0.160222
vt 0.970424 0.153816
vt 0.964931 0.448153
vt 0.976900 0.439520
vt 0.972957 0.450768
vt 0.224274 0.245146
vt 0.220576 0.254754
vt 0.207946 0.248160
vt 0.402442 0.310619
vt 0.393874 0.314123
vt 0.926181 0.153356
vt 0.933453 0.165461
vt 0.443266 0.421183
vt 0.828216 0.156479
vt 0.740111 0.279500
vt 0.744845 0.285326
vt 0.252703 0.232715
vt 0.262165 0.694608
vt 0.410818 0.126021
vt 0.292655 0.404568
vt 0.131418 0.296879
vt 0.130726 0.274840
vt 0.753127 0.000233
vt 0.443762 0.794526
vt 0.457546 0.798535
vt 0.243871 0.237470
vt 0.909849 0.751901
vt 0.059799 0.925551
vt 0.686627 0.873732
vt 0.685915 0.879587
vt 0.912257 0.074708
vt 0.901692 0.066388
vt 0.914106 0.093582
vt 0.337203 0.631639
vt 0.933736 0.612075
vt 0.933097 0.634939
vt 0.923220 0.617394
vt 0.344530 0.968441
vt 0.354266 0.974335
vt 0.687008 0.888699
vt 0.233537 0.461991
vt 0.253041 0.453247
vt 0.239834 0.465534
vt 0.387125 0.454389
vt 0.375976 0.471400
vt 0.371762 0.458705
vt 0.322042 0.415820
vt 0.686240 0.482878
vt 0.692308 0.491462
vt 0.900157 0.206741
vt 0.766696 0.034949
vt 0.244761 0.445466
vt 0.224012 0.692650
vt 0.221780 0.657335
vt 0.231135 0.682764
vt 0.028697 0.625058
vt 0.034427 0.619358
vt 0.071601 0.920403
vt 0.409344 0.827953
vt 0.398292 0.825700
vt 0.086949 0.337789
vt 0.906097 0.035138
vt 0.893836 0.025192
vt 0.557082 0.523997
vt 0.062187 0.369116
vt 0.070482 0.376042
vt 0.626976 0.688016
vt 0.623173 0.675477
vt 0.453047 0.486358
vt 0.344604 0.962747
vt 0.556386 0.959264
vt 0.546679 0.959264
vt 0.548011 0.943972
vt 0.079904 0.378159
vt 0.392165 0.778805
vt 0.143450 0.949083
vt 0.833214 0.181434
vt 0.266386 0.726030
vt 0.306873 0.623098
vt 0.272318 0.942019
vt 0.277800 0.961818
vt 0.269598 0.950278
vt 0.654962 0.894541
vt 0.407400 0.835414
vt 0.272357 0.278194
vt 0.260487 0.268247
vt 0.280789 0.272198
vt 0.135260 0.962074
vt 0.886121 0.049519
vt 0.390781 0.885269
vt 0.886791 0.031519
vt 0.835602 0.151073
vt 0.160434 0.911223
vt 0.167636 0.917915
vt 0.163388 0.235950
vt 0.163518 0.255494
vt 0.318517 0.632158
vt 0.326878 0.618725
vt 0.471344 0.410950
vt 0.481924 0.412672
vt 0.464214 0.419862
vt 0.160361 0.221561
vt 0.169408 0.239457
vt 0.394654 0.934523
vt 0.409344 0.849840
vt 0.147679 0.908671
vt 0.153423 0.920403
vt 0.257672 0.628926
vt 0.254800 0.605330
vt 0.264486 0.603872
vt 0.556386 0.895529
vt 0.547567 0.893930
vt 0.553564 0.881706
vt 0.398147 0.767828
vt 0.921475 0.814815
vt 0.785499 0.335135
vt 0.552838 0.909780
vt 0.552574 0.921414
vt 0.545215 0.907978
vt 0.726254 0.646657
vt 0.931451 0.699800
vt 0.933218 0.709415
vt 0.933069 0.896858
vt 0.920050 0.897741
vt 0.021333 0.613168
vt 0.011656 0.594160
vt 0.967434 0.172786
vt 0.700986 0.634817
vt 0.708986 0.617940
vt 0.937023 0.729688
vt 0.382806 0.676199
vt 0.365261 0.651733
vt 0.799906 0.264388
vt 0.863695 0.337307
vt 0.258130 0.967811
vt 0.252294 0.960056
vt 0.258130 0.950072
vt 0.861001 0.352827
vt 0.845478 0.460189
vt 0.860788 0.442468
vt 0.899399 0.646160
vt 0.863695 0.308672
vt 0.890417 0.459540
vt 0.874302 0.449942
vt 0.892676 0.446430
vt 0.945200 0.858025
vt 0.937023 0.865717
vt 0.948140 0.872933
vt 0.941798 0.879067
vt 0.950943 0.884232
vt 0.949752 0.892999
vt 0.961442 0.890890
vt 0.233392 0.944913
vt 0.239539 0.944722
vt 0.239807 0.957961
vt 0.964708 0.900842
vt 0.959286 0.864859
vt 0.962446 0.876212
vt 0.958787 0.852985
vt 0.969996 0.878999
vt 0.977938 0.900411
vt 0.815329 0.084200
vt 0.840053 0.088562
vt 0.923977 0.485960
vt 0.940321 0.488913
vt 0.941448 0.518300
vt 0.614939 0.798642
vt 0.972647 0.864171
vt 0.969521 0.843112
vt 0.975945 0.883550
vt 0.222565 0.181698
vt 0.853970 0.088992
vt 0.897127 0.604690
vt 0.865407 0.492943
vt 0.266454 0.603700
vt 0.192645 0.034226
vt 0.778419 0.784357
vt 0.924515 0.696009
vt 0.971117 0.461085
vt 0.871161 0.541473
vt 0.795007 0.462333
vt 0.876765 0.483182
vt 0.871536 0.465016
vt 0.808002 0.755535
vt 0.728634 0.664201
vt 0.734767 0.775711
vt 0.750965 0.779753
vt 0.749581 0.790307
vt 0.821094 0.505170
vt 0.954479 0.457069
vt 0.951637 0.470482
vt 0.942333 0.459442
vt 0.833689 0.513573
vt 0.843249 0.491689
vt 0.853072 0.511979
vt 0.710961 0.689513
vt 0.714751 0.680768
vt 0.777026 0.770131
vt 0.773806 0.748468
vt 0.794580 0.764723
vt 0.934013 0.830443
vt 0.778313 0.585257
vt 0.790158 0.565943
vt 0.793363 0.549865
vt 0.823792 0.762561
vt 0.600626 0.452034
vt 0.432286 0.794828
vt 0.934631 0.748241
vt 0.639646 0.819889
vt 0.511623 0.282467
vt 0.500420 0.284331
vt 0.693882 0.650972
vt 0.692308 0.640983
vt 0.370366 0.632683
vt 0.973741 0.706094
vt 0.798425 0.746501
vt 0.370465 0.617974
vt 0.812604 0.264388
vt 0.798699 0.259060
vt 0.802426 0.250742
vt 0.876844 0.437091
vt 0.852254 0.524304
vt 0.706554 0.690394
vt 0.854443 0.472671
vt 0.819102 0.540187
vt 0.823444 0.531388
vt 0.983358 0.703042
vt 0.976353 0.579850
vt 0.808959 0.782001
vt 0.699603 0.228340
vt 0.285485 0.669844
vt 0.292964 0.668096
vt 0.774768 0.541079
vt 0.833248 0.530316
vt 0.343115 0.023096
vt 0.374645 0.656463
vt 0.651179 0.475946
vt 0.880574 0.428306
vt 0.842858 0.531909
vt 0.966636 0.404677
vt 0.972571 0.416578
vt 0.961842 0.423832
vt 0.878731 0.834619
vt 0.811010 0.741597
vt 0.747467 0.807207
vt 0.760738 0.761477
vt 0.986820 0.418409
vt 0.984832 0.438760
vt 0.976805 0.428383
vt 0.822599 0.240658
vt 0.512692 0.935868
vt 0.504797 0.923484
vt 0.515136 0.922976
vt 0.880722 0.216256
vt 0.272062 0.743506
vt 0.272062 0.754595
vt 0.266387 0.751418
vt 0.541562 0.438709
vt 0.540993 0.449404
vt 0.846225 0.233345
vt 0.674457 0.701387
vt 0.783358 0.463898
vt 0.860697 0.231757
vt 0.956657 0.611268
vt 0.947471 0.602005
vt 0.953077 0.592184
vt 0.955540 0.001324
vt 0.103269 0.311839
vt 0.118517 0.298435
vt 0.373726 0.611714
vt 0.908090 0.644490
vt 0.903972 0.626444
vt 0.908577 0.630829
vt 0.850399 0.538152
vt 0.917044 0.206269
vt 0.813751 0.248763
vt 0.826644 0.256406
vt 0.094062 0.961480
vt 0.095395 0.944402
vt 0.101648 0.964255
vt 0.333707 0.290522
vt 0.336845 0.278911
vt 0.346738 0.293865
vt 0.904795 0.616501
vt 0.884789 0.230518
vt 0.849216 0.245731
vt 0.836896 0.251480
vt 0.899130 0.226135
vt 0.875296 0.245972
vt 0.824064 0.971919
vt 0.837959 0.978104
vt 0.826162 0.984598
vt 0.919565 0.218817
vt 0.906830 0.227143
vt 0.389456 0.538381
vt 0.389456 0.566545
vt 0.382806 0.552748
vt 0.798186 0.982516
vt 0.519283 0.513292
vt 0.846460 0.969331
vt 0.702494 0.680948
vt 0.700325 0.681898
vt 0.948797 0.620065
vt 0.763962 0.991892
vt 0.777985 0.983370
vt 0.773210 0.995596
vt 0.564244 0.964048
vt 0.556386 0.950413
vt 0.564244 0.933064
vt 0.411752 0.200774
vt 0.917777 0.379083
vt 0.927607 0.370743
vt 0.927607 0.393761
vt 0.838042 0.960790
vt 0.857228 0.954312
vt 0.748246 0.742201
vt 0.748246 0.735868
vt 0.769374 0.736370
vt 0.784234 0.389283
vt 0.601915 0.407766
vt 0.840824 0.950917
vt 0.346504 0.928448
vt 0.962592 0.580098
vt 0.789917 0.970367
vt 0.807712 0.964896
vt 0.825919 0.955630
vt 0.848325 0.938933
vt 0.860239 0.945378
vt 0.895165 0.433390
vt 0.747927 0.990661
vt 0.757276 0.973574
vt 0.773054 0.967840
vt 0.949746 0.577048
vt 0.857775 0.936620
vt 0.642842 0.919653
vt 0.953802 0.394648
vt 0.947885 0.394648
vt 0.950114 0.386732
vt 0.814159 0.948286
vt 0.830508 0.940619
vt 0.614821 0.961837
vt 0.779533 0.741162
vt 0.760127 0.958310
vt 0.860954 0.928225
vt 0.386012 0.861534
vt 0.383630 0.854448
vt 0.386012 0.842084
vt 0.188367 0.179391
vt 0.979649 0.622536
vt 0.882132 0.881737
vt 0.691989 0.749279
vt 0.633612 0.552284
vt 0.552579 0.812889
vt 0.555121 0.826745
vt 0.335371 0.902932
vt 0.333413 0.919457
vt 0.602688 0.181830
vt 0.963439 0.395400
vt 0.954479 0.404838
vt 0.977742 0.394705
vt 0.986989 0.402120
vt 0.683439 0.743095
vt 0.377840 0.835318
vt 0.369503 0.842196
vt 0.360592 0.840847
vt 0.271464 0.743506
vt 0.266387 0.731266
vt 0.271464 0.718915
vt 0.386012 0.875592
vt 0.382867 0.868646
vt 0.386012 0.861533
vt 0.971944 0.632672
vt 0.948759 0.961992
vt 0.946107 0.975572
vt 0.937023 0.962180
vt 0.957711 0.967276
vt 0.967732 0.962920
vt 0.469100 0.211600
vt 0.600594 0.343130
vt 0.076229 0.306920
vt 0.087605 0.318689
vt 0.312130 0.007482
vt 0.599382 0.171217
vt 0.442541 0.313647
vt 0.951290 0.744085
vt 0.937023 0.737421
vt 0.581798 0.195897
vt 0.361742 0.735397
vt 0.362770 0.721601
vt 0.382806 0.728888
vt 0.970906 0.739807
vt 0.965930 0.761433
vt 0.970653 0.756039
vt 0.739234 0.581486
vt 0.951256 0.761899
vt 0.359487 0.909475
vt 0.373719 0.894659
vt 0.374740 0.910154
vt 0.758875 0.559973
vt 0.958636 0.711089
vt 0.958369 0.702111
vt 0.971589 0.696009
vt 0.189361 0.099219
vt 0.137965 0.311418
vt 0.160363 0.660230
vt 0.145912 0.642587
vt 0.170294 0.624089
vt 0.545755 0.922126
vt 0.550075 0.937794
vt 0.537922 0.926306
vt 0.588531 0.179649
vt 0.627419 0.349511
vt 0.497306 0.177188
vt 0.247985 0.948970
vt 0.247985 0.964369
vt 0.240062 0.952023
vt 0.107355 0.142177
vt 0.485658 0.279144
vt 0.940929 0.714272
vt 0.861033 0.573097
vt 0.937685 0.752858
vt 0.678662 0.619321
vt 0.668376 0.626997
vt 0.673055 0.611872
vt 0.728719 0.333415
vt 0.428891 0.237809
vt 0.437465 0.237930
vt 0.534774 0.177502
vt 0.938651 0.727843
vt 0.104039 0.179208
vt 0.113509 0.164573
vt 0.119465 0.173531
vt 0.081963 0.182625
vt 0.095889 0.162915
vt 0.098060 0.171631
vt 0.301600 0.951660
vt 0.308110 0.940308
vt 0.321997 0.966321
vt 0.967346 0.816808
vt 0.950066 0.812952
vt 0.377493 0.926017
vt 0.377432 0.852695
vt 0.367485 0.858529
vt 0.429531 0.225865
vt 0.573147 0.183482
vt 0.355857 0.926472
vt 0.979592 0.634802
vt 0.970452 0.540139
vt 0.964509 0.529315
vt 0.970452 0.524777
vt 0.970196 0.648737
vt 0.345442 0.913079
vt 0.590028 0.189334
vt 0.549818 0.184507
vt 0.106872 0.824299
vt 0.081091 0.824513
vt 0.878464 0.859851
vt 0.382806 0.879636
vt 0.371581 0.870987
vt 0.559648 0.187454
vt 0.513474 0.174278
vt 0.775092 0.535678
vt 0.786648 0.516976
vt 0.727519 0.354033
vt 0.731356 0.374304
vt 0.741741 0.384437
vt 0.740904 0.974171
vt 0.463053 0.220499
vt 0.732997 0.296128
vt 0.729085 0.308000
vt 0.719693 0.295893
vt 0.960180 0.828980
vt 0.442298 0.226854
vt 0.964581 0.435599
vt 0.729046 0.291854
vt 0.728188 0.320788
vt 0.720820 0.314265
vt 0.542575 0.881619
vt 0.572636 0.364542
vt 0.557842 0.362153
vt 0.953401 0.349639
vt 0.961252 0.352452
vt 0.273175 0.489854
vt 0.287195 0.478407
vt 0.296387 0.489560
vt 0.583068 0.362014
vt 0.723270 0.280957
vt 0.718917 0.330753
vt 0.404519 0.934498
vt 0.409355 0.922326
vt 0.409355 0.941763
vt 0.596709 0.353644
vt 0.949124 0.903156
vt 0.962582 0.910917
vt 0.938451 0.775024
vt 0.448253 0.210704
vt 0.126951 0.146032
vt 0.130749 0.130645
vt 0.144680 0.138044
vt 0.600490 0.371573
vt 0.711144 0.289222
vt 0.731379 0.278923
vt 0.406536 0.700933
vt 0.404699 0.717690
vt 0.006719 0.574006
vt 0.232907 0.215807
vt 0.232171 0.228680
vt 0.951576 0.366874
vt 0.943111 0.357044
vt 0.124361 0.046972
vt 0.133863 0.028671
vt 0.135714 0.040471
vt 0.716218 0.351098
vt 0.343095 0.306207
vt 0.357591 0.309536
vt 0.347791 0.318900
vt 0.956019 0.437749
vt 0.194144 0.938215
vt 0.199283 0.945684
vt 0.183050 0.943582
vt 0.614078 0.571072
vt 0.611071 0.559213
vt 0.960770 0.375016
vt 0.956482 0.639489
vt 0.952244 0.373277
vt 0.943126 0.368525
vt 0.713038 0.313625
vt 0.634553 0.923990
vt 0.556386 0.810994
vt 0.550630 0.794526
vt 0.117217 0.152274
vt 0.956810 0.422783
vt 0.613887 0.366844
vt 0.042138 0.536725
vt 0.022681 0.540652
vt 0.040827 0.532212
vt 0.083966 0.973868
vt 0.093617 0.972157
vt 0.503916 0.426051
vt 0.514557 0.423792
vt 0.531360 0.428296
vt 0.943183 0.954594
vt 0.075238 0.974158
vt 0.081676 0.965329
vt 0.933874 0.394705
vt 0.940652 0.402534
vt 0.930107 0.409339
vt 0.677240 0.592576
vt 0.071601 0.963886
vt 0.859050 0.280300
vt 0.863518 0.265719
vt 0.863518 0.286724
vt 0.386096 0.896430
vt 0.979917 0.408094
vt 0.970609 0.705240
vt 0.131529 0.324445
vt 0.125039 0.340984
vt 0.500275 0.411779
vt 0.642976 0.384282
vt 0.638096 0.393511
vt 0.624297 0.392075
vt 0.332447 0.761691
vt 0.501206 0.196507
vt 0.641620 0.354986
vt 0.080973 0.958372
vt 0.525910 0.415847
vt 0.549634 0.434256
vt 0.414124 0.245192
vt 0.383630 0.834091
vt 0.385899 0.817841
vt 0.385899 0.842084
vt 0.291131 0.019317
vt 0.327204 0.302134
vt 0.113843 0.200588
vt 0.112073 0.216199
vt 0.624259 0.371839
vt 0.277800 0.938874
vt 0.588775 0.386397
vt 0.607308 0.394705
vt 0.613524 0.383288
vt 0.945564 0.794031
vt 0.170649 0.202910
vt 0.747004 0.960276
vt 0.691726 0.462636
vt 0.074545 0.945525
vt 0.485708 0.400995
vt 0.637827 0.376575
vt 0.218910 0.230160
vt 0.905366 0.677817
vt 0.909756 0.659897
vt 0.199283 0.931383
vt 0.718960 0.366459
vt 0.835456 0.402439
vt 0.082556 0.945918
vt 0.499054 0.399750
vt 0.518542 0.402526
vt 0.651892 0.367119
vt 0.228924 0.949383
vt 0.228924 0.966327
vt 0.221885 0.956180
vt 0.653961 0.359733
vt 0.297520 0.241583
vt 0.303435 0.230455
vt 0.315860 0.246587
vt 0.163425 0.033287
vt 0.157570 0.018391
vt 0.168038 0.017540
vt 0.468727 0.402919
vt 0.091936 0.384479
vt 0.105853 0.394861
vt 0.085690 0.386312
vt 0.286590 0.236719
vt 0.630136 0.404648
vt 0.168225 0.187728
vt 0.860812 0.555609
vt 0.684756 0.897776
vt 0.182081 0.935331
vt 0.188818 0.920403
vt 0.326907 0.894659
vt 0.504283 0.905505
vt 0.494208 0.898419
vt 0.492946 0.881561
vt 0.128921 0.057807
vt 0.242777 0.749308
vt 0.251634 0.736788
vt 0.674083 0.429776
vt 0.684891 0.442924
vt 0.637480 0.935115
vt 0.081826 0.935923
vt 0.148917 0.120339
vt 0.570514 0.378046
vt 0.581928 0.376163
vt 0.622084 0.394743
vt 0.856512 0.394705
vt 0.747252 0.269422
vt 0.199283 0.964686
vt 0.192143 0.960967
vt 0.199283 0.945684
vt 0.323876 0.230180
vt 0.319737 0.216273
vt 0.328446 0.218854
vt 0.610928 0.394705
vt 0.706996 0.321464
vt 0.702683 0.300938
vt 0.716978 0.381180
vt 0.135277 0.326184
vt 0.171576 0.245817
vt 0.499976 0.911545
vt 0.288295 0.460656
vt 0.283754 0.468353
vt 0.644387 0.404814
vt 0.661110 0.409877
vt 0.396422 0.737745
vt 0.366942 0.253529
vt 0.373868 0.275131
vt 0.360140 0.265135
vt 0.297765 0.210891
vt 0.290683 0.199288
vt 0.309923 0.204092
vt 0.402337 0.753714
vt 0.303975 0.218109
vt 0.289903 0.223367
vt 0.290801 0.215493
vt 0.736800 0.914569
vt 0.361394 0.222163
vt 0.346160 0.225407
vt 0.346134 0.215529
vt 0.407091 0.448670
vt 0.396709 0.443075
vt 0.923038 0.668168
vt 0.367547 0.297862
vt 0.371840 0.318783
vt 0.659467 0.755068
vt 0.037473 0.319540
vt 0.692308 0.781238
vt 0.684842 0.791947
vt 0.685814 0.771875
vt 0.679565 0.769203
vt 0.138833 0.350903
vt 0.152842 0.326135
vt 0.150893 0.350358
vt 0.687623 0.757663
vt 0.691909 0.768098
vt 0.632487 0.739205
vt 0.628091 0.754845
vt 0.617885 0.736506
vt 0.674731 0.745597
vt 0.649463 0.730781
vt 0.679802 0.746954
vt 0.281164 0.738864
vt 0.272616 0.739014
vt 0.280669 0.718915
vt 0.667007 0.733916
vt 0.634472 0.714184
vt 0.622715 0.722298
vt 0.661214 0.708863
vt 0.903422 0.936178
vt 0.272552 0.754088
vt 0.674520 0.728376
vt 0.677274 0.722561
vt 0.647165 0.690301
vt 0.285542 0.746920
vt 0.668888 0.704568
vt 0.274890 0.774014
vt 0.654719 0.696751
vt 0.285542 0.767773
vt 0.722400 0.906383
vt 0.711894 0.923112
vt 0.707625 0.907183
vt 0.312400 0.900718
vt 0.366534 0.234506
vt 0.356141 0.241047
vt 0.671530 0.953872
vt 0.674110 0.961818
vt 0.651831 0.952459
vt 0.965069 0.249153
vt 0.972481 0.242337
vt 0.640580 0.673271
vt 0.243094 0.172241
vt 0.224605 0.173124
vt 0.247396 0.165735
vt 0.166631 0.814238
vt 0.171182 0.799402
vt 0.181703 0.798968
vt 0.229835 0.754521
vt 0.213696 0.762320
vt 0.201598 0.749380
vt 0.287961 0.188195
vt 0.271987 0.223212
vt 0.498220 0.858738
vt 0.502812 0.884204
vt 0.509838 0.895922
vt 0.515501 0.905677
vt 0.668815 0.687019
vt 0.385899 0.817841
vt 0.383278 0.803039
vt 0.385899 0.789997
vt 0.506002 0.867103
vt 0.514261 0.883950
vt 0.922873 0.567665
vt 0.913438 0.558824
vt 0.924254 0.553466
vt 0.525643 0.919490
vt 0.285037 0.804253
vt 0.658742 0.668244
vt 0.341736 0.235089
vt 0.325442 0.278178
vt 0.312106 0.273469
vt 0.318269 0.269618
vt 0.515266 0.861896
vt 0.526437 0.889719
vt 0.527244 0.906924
vt 0.524641 0.935880
vt 0.671671 0.676268
vt 0.322804 0.286699
vt 0.494874 0.843071
vt 0.507525 0.845600
vt 0.531088 0.897601
vt 0.268825 0.763284
vt 0.273754 0.790101
vt 0.947471 0.666677
vt 0.651913 0.660610
vt 0.515867 0.838891
vt 0.529521 0.871701
vt 0.538207 0.943972
vt 0.666906 0.659733
vt 0.658024 0.346692
vt 0.295418 0.265558
vt 0.295158 0.257772
vt 0.506843 0.817629
vt 0.527781 0.848512
vt 0.033255 0.932570
vt 0.039645 0.921923
vt 0.037768 0.942628
vt 0.024313 0.920403
vt 0.032778 0.921818
vt 0.015637 0.931265
vt 0.012621 0.920471
vt 0.661622 0.385779
vt 0.523993 0.825826
vt 0.563258 0.428499
vt 0.568704 0.438139
vt 0.925189 0.448878
vt 0.935605 0.442024
vt 0.656814 0.648477
vt 0.100284 0.378449
vt 0.386012 0.905719
vt 0.386012 0.917010
vt 0.384365 0.911297
vt 0.105750 0.752398
vt 0.083103 0.763109
vt 0.104877 0.733122
vt 0.387567 0.498309
vt 0.387567 0.538381
vt 0.382806 0.502972
vt 0.641578 0.627188
vt 0.732692 0.935181
vt 0.722086 0.922546
vt 0.023786 0.943106
vt 0.009670 0.940071
vt 0.906287 0.947197
vt 0.890429 0.940926
vt 0.542742 0.867668
vt 0.882896 0.954880
vt 0.971021 0.202313
vt 0.630827 0.636198
vt 0.642324 0.637947
vt 0.651537 0.638789
vt 0.646926 0.638554
vt 0.932278 0.546787
vt 0.924559 0.532201
vt 0.933887 0.526976
vt 0.030976 0.954644
vt 0.262968 0.664801
vt 0.659097 0.640218
vt 0.950919 0.522973
vt 0.945734 0.543604
vt 0.014172 0.952465
vt 0.529020 0.803416
vt 0.521585 0.797351
vt 0.534025 0.818570
vt 0.048282 0.353199
vt 0.028388 0.348532
vt 0.662409 0.633047
vt 0.000554 0.950757
vt 0.381436 0.307317
vt 0.384995 0.319604
vt 0.226351 0.201800
vt 0.636054 0.616796
vt 0.012470 0.965326
vt 0.542867 0.809365
vt 0.398808 0.266815
vt 0.394564 0.276067
vt 0.380946 0.257975
vt 0.033353 0.599172
vt 0.297799 0.751241
vt 0.308782 0.738338
vt 0.316004 0.744072
vt 0.609418 0.850782
vt 0.604916 0.843281
vt 0.610070 0.830441
vt 0.650457 0.622417
vt 0.033144 0.969726
vt 0.024091 0.966994
vt 0.691001 0.511062
vt 0.540816 0.798284
vt 0.314202 0.259295
vt 0.252933 0.256809
vt 0.238701 0.250623
vt 0.568823 0.422561
vt 0.390959 0.290082
vt 0.383856 0.282371
vt 0.781905 0.451104
vt 0.656760 0.618957
vt 0.909889 0.919300
vt 0.430366 0.539472
vt 0.442744 0.533903
vt 0.442362 0.548333
vt 0.017523 0.645287
vt 0.921236 0.587705
vt 0.973997 0.182630
vt 0.885072 0.627813
vt 0.897701 0.662725
vt 0.018156 0.973911
vt 0.000000 0.971903
vt 0.744300 0.928660
vt 0.985601 0.218618
vt 0.974982 0.198643
vt 0.981142 0.188554
vt 0.645370 0.601175
vt 0.403864 0.932912
vt 0.457651 0.539805
vt 0.473633 0.536558
vt 0.464875 0.550245
vt 0.481709 0.544419
vt 0.940682 0.320519
vt 0.239074 0.183627
vt 0.628222 0.604203
vt 0.624576 0.617352
vt 0.661333 0.607337
vt 0.956144 0.975255
vt 0.450280 0.525790
vt 0.492134 0.533887
vt 0.652611 0.604546
vt 0.277782 0.212599
vt 0.463735 0.526893
vt 0.732270 0.805655
vt 0.726230 0.784264
vt 0.929686 0.471962
vt 0.951381 0.491360
vt 0.120590 0.403784
vt 0.115049 0.390085
vt 0.313387 0.326311
vt 0.312834 0.308025
vt 0.321842 0.317588
vt 0.139691 0.414771
vt 0.141964 0.398162
vt 0.481569 0.526636
vt 0.377233 0.236998
vt 0.633878 0.591913
vt 0.332110 0.317253
vt 0.332737 0.337983
vt 0.382369 0.438859
vt 0.209274 0.644747
vt 0.248584 0.275449
vt 0.659182 0.594427
vt 0.917320 0.641045
vt 0.255240 0.195044
vt 0.234025 0.194776
vt 0.439373 0.516006
vt 0.470567 0.520494
vt 0.190650 0.662060
vt 0.274963 0.191877
vt 0.259520 0.181187
vt 0.712148 0.832416
vt 0.701812 0.843313
vt 0.696391 0.815994
vt 0.337423 0.242870
vt 0.944401 0.618014
vt 0.101648 0.920403
vt 0.266644 0.874892
vt 0.273837 0.878370
vt 0.270990 0.890963
vt 0.321517 0.944186
vt 0.323993 0.961515
vt 0.306613 0.760720
vt 0.453408 0.510013
vt 0.944598 0.589822
vt 0.269277 0.202682
vt 0.173484 0.015079
vt 0.645476 0.584950
vt 0.681199 0.943660
vt 0.422418 0.504943
vt 0.433634 0.499277
vt 0.447715 0.501422
vt 0.475372 0.512178
vt 0.498752 0.522317
vt 0.534722 0.533422
vt 0.534355 0.550907
vt 0.630922 0.585475
vt 0.669519 0.587120
vt 0.864316 0.594928
vt 0.299908 0.919362
vt 0.302753 0.927969
vt 0.285542 0.926832
vt 0.333027 0.197620
vt 0.318955 0.190678
vt 0.332652 0.745828
vt 0.315979 0.765418
vt 0.513500 0.528534
vt 0.544568 0.533049
vt 0.171509 0.003798
vt 0.657094 0.582418
vt 0.946113 0.439708
vt 0.938452 0.432773
vt 0.659587 0.940480
vt 0.290689 0.939413
vt 0.332628 0.940233
vt 0.332857 0.957839
vt 0.813243 0.285955
vt 0.799906 0.282594
vt 0.813243 0.264388
vt 0.292953 0.765757
vt 0.426910 0.490371
vt 0.459880 0.496318
vt 0.497456 0.511990
vt 0.638480 0.570569
vt 0.626891 0.578130
vt 0.368044 0.748784
vt 0.363534 0.763633
vt 0.470841 0.496122
vt 0.484185 0.504821
vt 0.718046 0.852516
vt 0.713688 0.869157
vt 0.123314 0.638279
vt 0.921350 0.417333
vt 0.943891 0.347161
vt 0.940436 0.336062
vt 0.640251 0.944561
vt 0.645849 0.939064
vt 0.675040 0.938911
vt 0.569914 0.536334
vt 0.587130 0.539666
vt 0.581822 0.550530
vt 0.592763 0.549834
vt 0.347509 0.335681
vt 0.359105 0.336995
vt 0.599038 0.565893
vt 0.663325 0.572953
vt 0.437399 0.483486
vt 0.556028 0.541471
vt 0.397786 0.296596
vt 0.939162 0.414029
vt 0.850373 0.549429
vt 0.935730 0.350931
vt 0.290238 0.778258
vt 0.428478 0.477144
vt 0.676287 0.566941
vt 0.784136 0.503376
vt 0.339871 0.350351
vt 0.409344 0.882875
vt 0.302862 0.288653
vt 0.297742 0.296377
vt 0.303056 0.313903
vt 0.405164 0.284555
vt 0.725013 0.862202
vt 0.710531 0.696009
vt 0.717011 0.827927
vt 0.701424 0.796238
vt 0.331716 0.208720
vt 0.730504 0.975767
vt 0.723859 0.962766
vt 0.350202 0.448195
vt 0.353713 0.440034
vt 0.462972 0.800144
vt 0.730871 0.951300
vt 0.320406 0.301984
vt 0.882762 0.070425
vt 0.958066 0.548032
vt 0.954479 0.542929
vt 0.958066 0.540139
vt 0.379081 0.345219
vt 0.215219 0.735014
vt 0.201655 0.737943
vt 0.178644 0.724242
vt 0.356731 0.277033
vt 0.355224 0.284856
vt 0.347214 0.285838
vt 0.727961 0.822788
vt 0.718126 0.943548
vt 0.731456 0.990578
vt 0.369786 0.338581
vt 0.813243 0.267427
vt 0.827634 0.264388
vt 0.824157 0.271701
vt 0.372341 0.427500
vt 0.366297 0.443537
vt 0.399765 0.764499
vt 0.203968 0.954473
vt 0.207613 0.965672
vt 0.199283 0.965672
vt 0.002915 0.928563
vt 0.066293 0.732260
vt 0.390251 0.253939
vt 0.061262 0.315301
vt 0.935730 0.179097
vt 0.735900 1.000000
vt 0.272358 0.865805
vt 0.311317 0.225600
vt 0.377549 0.430534
vt 0.356626 0.458161
vt 0.094632 0.626864
vt 0.737033 0.837843
vt 0.784234 0.348072
vt 0.384874 0.416375
vt 0.692308 0.835888
vt 0.827014 0.544526
vt 0.834575 0.539382
vt 0.221108 0.020793
vt 0.218344 0.008103
vt 0.709156 0.934706
vt 0.128131 0.622905
vt 0.151940 0.610014
vt 0.229330 0.015233
vt 0.222958 0.032944
vt 0.920826 0.397930
vt 0.248067 0.010253
vt 0.232388 0.023695
vt 0.120692 0.378290
vt 0.102218 0.353700
vt 0.912412 0.400090
vt 0.717076 0.801290
vt 0.732833 0.851557
vt 0.914022 0.609426
vt 0.300686 0.496281
vt 0.315315 0.484592
vt 0.325729 0.495464
vt 0.222045 0.049062
vt 0.389001 0.430053
vt 0.215886 0.839327
vt 0.283560 0.178739
vt 0.947471 0.549687
vt 0.957707 0.394648
vt 0.953802 0.386897
vt 0.957707 0.386644
vt 0.214201 0.064895
vt 0.205100 0.073677
vt 0.176851 0.149092
vt 0.186347 0.148446
vt 0.186668 0.160611
vt 0.974061 0.178076
vt 0.273837 0.855627
vt 0.954885 0.833494
vt 0.403475 0.882875
vt 0.913483 0.578927
vt 0.171159 0.104694
vt 0.337021 0.443617
vt 0.212672 0.078195
vt 0.706328 0.782731
vt 0.338528 0.271441
vt 0.407286 0.318658
vt 0.196708 0.105530
vt 0.717339 0.717003
vt 0.706278 0.721768
vt 0.709276 0.696009
vt 0.194062 0.114667
vt 0.173368 0.124516
vt 0.164529 0.111578
vt 0.088584 0.353858
vt 0.148446 0.410172
vt 0.164293 0.425027
vt 0.909756 0.566824
vt 0.913413 0.594092
vt 0.280013 0.292243
vt 0.210516 0.095181
vt 0.210170 0.103218
vt 0.196278 0.089261
vt 0.872414 0.949622
vt 0.315716 0.290248
vt 0.977938 0.833439
vt 0.968873 0.828980
vt 0.221033 0.099811
vt 0.192820 0.128310
vt 0.909278 0.908395
vt 0.726225 0.725683
vt 0.715023 0.735206
vt 0.189385 0.138060
vt 0.204149 0.124783
vt 0.228083 0.101318
vt 0.388477 0.765927
vt 0.383480 0.757676
vt 0.388477 0.742190
vt 0.376494 0.676325
vt 0.738057 0.730951
vt 0.726896 0.739804
vt 0.624508 0.956197
vt 0.614821 0.940614
vt 0.624508 0.933064
vt 0.207001 0.137175
vt 0.712453 0.754688
vt 0.705255 0.745484
vt 0.214577 0.125409
vt 0.205606 0.151739
vt 0.720874 0.755742
vt 0.655631 0.354212
vt 0.861119 0.299551
vt 0.322794 0.243370
vt 0.220176 0.144105
vt 0.410060 0.080255
vt 0.412427 0.063496
vt 0.226687 0.125647
vt 0.227815 0.136201
vt 0.239174 0.155596
vt 0.720552 0.767018
vt 0.365206 0.468161
vt 0.972061 0.339904
vt 0.967575 0.332212
vt 0.972061 0.320519
vt 0.409343 0.297022
vt 0.092763 0.622608
vt 0.339419 0.254833
vt 0.710114 0.775173
vt 0.954479 0.538214
vt 0.706305 0.762519
vt 0.223839 0.155471
vt 0.214447 0.166724
vt 0.324244 0.357201
vt 0.827634 0.279636
vt 0.236954 0.146450
vt 0.932074 0.689606
vt 0.691351 0.956600
vt 0.383709 0.900962
vt 0.386012 0.897623
vt 0.386012 0.905719
vt 0.717782 0.773994
vt 0.942261 0.549687
vt 0.471815 0.558213
vt 0.112393 0.103605
vt 0.109551 0.114144
vt 0.545378 0.548742
vt 0.118395 0.121013
vt 0.133923 0.082027
vt 0.123099 0.086823
vt 0.671465 0.794526
vt 0.141408 0.061149
vt 0.143702 0.048602
vt 0.349367 0.478039
vt 0.163900 0.155433
vt 0.164428 0.138859
vt 0.146822 0.028692
vt 0.341050 0.471452
vt 0.345183 0.464310
vt 0.333523 0.478767
vt 0.118313 0.256267
vt 0.282307 0.414646
vt 0.062992 0.192433
vt 0.068275 0.178855
vt 0.076628 0.200564
vt 0.277901 0.029209
vt 0.265343 0.642678
vt 0.133121 0.163419
vt 0.324148 0.732978
vt 0.341309 0.718915
vt 0.340954 0.728507
vt 0.253733 0.016625
vt 0.260695 0.025943
vt 0.419685 0.519789
vt 0.416415 0.536494
vt 0.409344 0.524260
vt 0.310026 0.474736
vt 0.145912 0.151024
vt 0.142242 0.172841
vt 0.128980 0.173737
vt 0.099143 0.061719
vt 0.322244 0.465714
vt 0.266127 0.625418
vt 0.092932 0.234530
vt 0.177319 0.518083
vt 0.182902 0.525104
vt 0.167779 0.517946
vt 0.164141 0.044400
vt 0.115461 0.094195
vt 0.101385 0.192124
vt 0.063848 0.209663
vt 0.623772 0.639344
vt 0.627376 0.619749
vt 0.148673 0.161180
vt 0.131216 0.191130
vt 0.120443 0.186737
vt 0.136364 0.247994
vt 0.335371 0.973133
vt 0.303380 0.465264
vt 0.409344 0.765181
vt 0.089859 0.202931
vt 0.125756 0.235795
vt 0.178521 0.168911
vt 0.126065 0.223587
vt 0.074729 0.157175
vt 0.271379 0.035822
vt 0.082200 0.256716
vt 0.090515 0.269021
vt 0.973997 0.160222
vt 0.141667 0.234650
vt 0.342886 0.745206
vt 0.089368 0.300595
vt 0.375161 0.737605
vt 0.101172 0.294369
vt 0.104567 0.277413
vt 0.110232 0.289004
vt 0.077466 0.608001
vt 0.095818 0.214201
vt 0.149757 0.219482
vt 0.086365 0.284130
vt 0.128958 0.259850
vt 0.225666 0.452507
vt 0.257781 0.289198
vt 0.278601 0.454103
vt 0.273055 0.447725
vt 0.075601 0.216419
vt 0.298554 0.391766
vt 0.306141 0.374920
vt 0.157458 0.172275
vt 0.264624 0.431005
vt 0.626628 0.764404
vt 0.118969 0.268642
vt 0.309223 0.352464
vt 0.074661 0.226386
vt 0.255168 0.441097
vt 0.268296 0.421565
vt 0.280364 0.399649
vt 0.288872 0.385975
vt 0.288865 0.373903
vt 0.289484 0.360331
vt 0.251157 0.423207
vt 0.263881 0.397912
vt 0.056499 0.357728
vt 0.946278 0.328758
vt 0.261302 0.412738
vt 0.208213 0.259498
vt 0.270158 0.383473
vt 0.293969 0.352237
vt 0.602418 0.821363
vt 0.237332 0.435998
vt 0.296574 0.327383
vt 0.160874 0.730989
vt 0.145096 0.730127
vt 0.143184 0.722875
vt 0.286018 0.011369
vt 0.240370 0.426184
vt 0.242470 0.404199
vt 0.279470 0.349764
vt 0.102067 0.093023
vt 0.216289 0.459740
vt 0.266652 0.369746
vt 0.272718 0.364519
vt 0.285622 0.334255
vt 0.651262 0.960068
vt 0.225679 0.434098
vt 0.220391 0.427312
vt 0.232200 0.418612
vt 0.246360 0.395472
vt 0.246475 0.378148
vt 0.387103 0.652137
vt 0.385875 0.645359
vt 0.387103 0.629226
vt 0.254146 0.378824
vt 0.206494 0.432064
vt 0.248081 0.366386
vt 0.193407 0.444653
vt 0.199296 0.438560
vt 0.250609 0.357055
vt 0.257688 0.351734
vt 0.270025 0.345990
vt 0.285523 0.313431
vt 0.066325 0.363616
vt 0.071601 0.976384
vt 0.588307 0.561559
vt 0.288635 0.304303
vt 0.223192 0.406305
vt 0.233974 0.384575
vt 0.275736 0.329785
vt 0.232138 0.396428
vt 0.257914 0.340423
vt 0.265767 0.328929
vt 0.210762 0.418342
vt 0.212200 0.410342
vt 0.231304 0.374912
vt 0.268788 0.305110
vt 0.241021 0.342580
vt 0.042316 0.357936
vt 0.620707 0.751707
vt 0.208963 0.399613
vt 0.211348 0.391532
vt 0.219883 0.386783
vt 0.386841 0.602017
vt 0.386841 0.629226
vt 0.382806 0.616722
vt 0.194554 0.417350
vt 0.388477 0.691128
vt 0.388477 0.718501
vt 0.383359 0.703489
vt 0.252749 0.317186
vt 0.195200 0.410152
vt 0.217008 0.369603
vt 0.226306 0.355950
vt 0.173798 0.423483
vt 0.196466 0.401591
vt 0.238350 0.327457
vt 0.258927 0.305642
vt 0.184674 0.444310
vt 0.220077 0.344060
vt 0.169829 0.409066
vt 0.197656 0.386741
vt 0.247365 0.298937
vt 0.164375 0.431443
vt 0.199483 0.373179
vt 0.236897 0.309801
vt 0.220596 0.333228
vt 0.111219 0.050357
vt 0.172706 0.403366
vt 0.267453 0.855627
vt 0.266736 0.829723
vt 0.273837 0.852186
vt 0.175762 0.391420
vt 0.204306 0.358638
vt 0.225359 0.315869
vt 0.387068 0.812647
vt 0.573125 0.551900
vt 0.231123 0.653048
vt 0.273837 0.828129
vt 0.174451 0.397924
vt 0.181874 0.384549
vt 0.203881 0.343934
vt 0.187213 0.366546
vt 0.180944 0.369507
vt 0.194713 0.355440
vt 0.229712 0.301112
vt 0.955975 0.329490
vt 0.205115 0.329293
vt 0.214319 0.317106
vt 0.958774 0.320519
vt 0.209760 0.295047
vt 0.228267 0.287179
vt 0.169725 0.369085
vt 0.185684 0.350180
vt 0.039640 0.963076
vt 0.199479 0.320762
vt 0.387068 0.825333
vt 0.386468 0.812903
vt 0.387068 0.789997
vt 0.278510 0.861343
vt 0.285542 0.847740
vt 0.285542 0.877420
vt 0.403864 0.905023
vt 0.399125 0.919318
vt 0.146485 0.387574
vt 0.268246 0.804253
vt 0.153975 0.385347
vt 0.185748 0.335817
vt 0.416413 0.297278
vt 0.957631 0.540139
vt 0.954479 0.484039
vt 0.964509 0.532464
vt 0.200246 0.301976
vt 0.212579 0.283236
vt 0.335085 0.000011
vt 0.169493 0.508329
vt 0.002108 0.331896
vt 0.964509 0.472962
vt 0.599554 0.953965
vt 0.607459 0.933064
vt 0.607459 0.958289
vt 0.154889 0.373741
vt 0.176433 0.337081
vt 0.128662 0.866444
vt 0.188630 0.308802
vt 0.672008 0.794526
vt 0.178325 0.760154
vt 0.174041 0.742836
vt 0.187682 0.758910
vt 0.917350 0.545884
vt 0.909756 0.530997
vt 0.165041 0.341597
vt 0.181965 0.321372
vt 0.209220 0.272692
vt 0.368240 0.019328
vt 0.381082 0.013953
vt 0.399490 0.942064
vt 0.957490 0.458515
vt 0.958616 0.454988
vt 0.193580 0.286919
vt 0.141857 0.371443
vt 0.172518 0.311947
vt 0.109542 0.511852
vt 0.123760 0.498309
vt 0.116619 0.509032
vt 0.928221 0.960063
vt 0.917965 0.960063
vt 0.922485 0.943653
vt 0.409344 0.691128
vt 0.402607 0.694788
vt 0.920567 0.518317
vt 0.178714 0.294151
vt 0.184770 0.283357
vt 0.193783 0.269297
vt 0.322347 0.723975
vt 0.483048 0.871046
vt 0.168457 0.293774
vt 0.737749 0.269985
vt 0.355328 0.861400
vt 0.176827 0.279744
vt 0.189107 0.255373
vt 0.924998 0.503560
vt 0.376125 0.005554
vt 0.075805 0.141550
vt 0.181389 0.265715
vt 0.232908 0.746686
vt 0.242077 0.723408
vt 0.404492 0.911305
vt 0.409317 0.902670
vt 0.409317 0.922326
vt 0.200384 0.245581
vt 0.126508 0.785531
vt 0.077637 0.797894
vt 0.093559 0.787621
vt 0.076008 0.775261
vt 0.057650 0.790742
vt 0.037964 0.699180
vt 0.409344 0.105849
vt 0.161145 0.748262
vt 0.151782 0.744059
vt 0.019142 0.697338
vt 0.008939 0.663944
vt 0.155171 0.806714
vt 0.141392 0.806661
vt 0.126839 0.795961
vt 0.160856 0.880604
vt 0.132008 0.732428
vt 0.120390 0.744796
vt 0.120954 0.735409
vt 0.128790 0.747255
vt 0.137974 0.739101
vt 0.143651 0.871676
vt 0.033062 0.667417
vt 0.131745 0.705648
vt 0.277603 0.819633
vt 0.144299 0.814207
vt 0.094073 0.777213
vt 0.031861 0.744258
vt 0.030413 0.728138
vt 0.039523 0.744099
vt 0.109032 0.807686
vt 0.126466 0.782083
vt 0.024547 0.543425
vt 0.231433 0.734271
vt 0.223533 0.742297
vt 0.173042 0.828762
vt 0.194253 0.715782
vt 0.205785 0.692811
vt 0.271963 0.763284
vt 0.271963 0.782961
vt 0.266387 0.772419
vt 0.183034 0.774511
vt 0.115167 0.767860
vt 0.410251 0.145821
vt 0.383278 0.778686
vt 0.387068 0.767828
vt 0.387068 0.789997
vt 0.602543 0.865124
vt 0.597282 0.844957
vt 0.373110 0.800291
vt 0.363437 0.795316
vt 0.364261 0.782816
vt 0.189675 0.781128
vt 0.608655 0.797299
vt 0.977721 0.032891
vt 0.693998 0.056083
vt 0.594606 0.818542
vt 0.064285 0.803527
vt 0.058711 0.805326
vt 0.050476 0.789097
vt 0.050851 0.767793
vt 0.041539 0.763995
vt 0.170132 0.750977
vt 0.592092 0.832309
vt 0.580030 0.832454
vt 0.183379 0.835243
vt 0.152256 0.827101
vt 0.386012 0.875592
vt 0.386012 0.897623
vt 0.384149 0.890983
vt 0.119538 0.817443
vt 0.184425 0.778594
vt 0.586650 0.443442
vt 0.589820 0.429030
vt 0.388065 0.566545
vt 0.388065 0.602017
vt 0.382806 0.577789
vt 0.981807 0.160222
vt 0.594749 0.413902
vt 0.181461 0.736079
vt 0.973997 0.218834
vt 0.981519 0.230480
vt 0.398516 0.878962
vt 0.588101 0.853326
vt 0.580602 0.841182
vt 0.213409 0.747627
vt 0.206296 0.776558
vt 0.242296 0.764185
vt 0.576559 0.855901
vt 0.569052 0.852150
vt 0.219765 0.717802
vt 0.566926 0.868854
vt 0.561668 0.856435
vt 0.231254 0.711363
vt 0.101039 0.527928
vt 0.094212 0.531278
vt 0.559127 0.865605
vt 0.278779 0.804253
vt 0.285229 0.819176
vt 0.579024 0.868052
vt 0.055789 0.713154
vt 0.556386 0.874818
vt 0.711160 0.279157
vt 0.411225 0.225686
vt 0.154224 0.844055
vt 0.591553 0.953872
vt 0.599554 0.933064
vt 0.599554 0.957411
vt 0.248738 0.709737
vt 0.001865 0.661568
vt 0.010671 0.647454
vt 0.591980 0.872386
vt 0.573595 0.883990
vt 0.564554 0.886419
vt 0.725162 0.271068
vt 0.100997 0.772395
vt 0.096077 0.766307
vt 0.273837 0.856634
vt 0.594112 0.933064
vt 0.582898 0.925245
vt 0.110368 0.755766
vt 0.608106 0.872321
vt 0.604367 0.400465
vt 0.237372 0.710715
vt 0.588011 0.888945
vt 0.140618 0.834512
vt 0.419612 0.329638
vt 0.573792 0.895056
vt 0.050190 0.674301
vt 0.428600 0.447929
vt 0.409344 0.835414
vt 0.288426 0.820298
vt 0.302578 0.826843
vt 0.295689 0.837623
vt 0.386982 0.662196
vt 0.386982 0.683428
vt 0.382806 0.672696
vt 0.606264 0.881232
vt 0.324014 0.778931
vt 0.307645 0.782940
vt 0.065515 0.646214
vt 0.305566 0.800983
vt 0.451752 0.407548
vt 0.729256 0.264388
vt 0.386080 0.848246
vt 0.313085 0.806755
vt 0.313026 0.816913
vt 0.634553 0.959350
vt 0.624728 0.946486
vt 0.634553 0.933064
vt 0.382806 0.897368
vt 0.157455 0.954544
vt 0.157455 0.969331
vt 0.151373 0.965225
vt 0.586857 0.906439
vt 0.577265 0.904676
vt 0.083469 0.775417
vt 0.318716 0.795856
vt 0.113292 0.762482
vt 0.624508 0.934702
vt 0.316188 0.849102
vt 0.308303 0.856904
vt 0.298732 0.854354
vt 0.133570 0.500032
vt 0.597474 0.909848
vt 0.578428 0.917276
vt 0.942788 0.393596
vt 0.935117 0.391559
vt 0.942788 0.384104
vt 0.340538 0.780887
vt 0.327068 0.801426
vt 0.320941 0.831840
vt 0.312497 0.828696
vt 0.307314 0.870877
vt 0.292193 0.864183
vt 0.395800 0.942064
vt 0.395800 0.960738
vt 0.386080 0.951357
vt 0.358490 0.775575
vt 0.149196 0.505332
vt 0.149911 0.498922
vt 0.967575 0.324132
vt 0.327025 0.817072
vt 0.420283 0.805139
vt 0.388148 0.576934
vt 0.389456 0.566545
vt 0.389456 0.591224
vt 0.965641 0.384013
vt 0.351009 0.793320
vt 0.340011 0.809478
vt 0.333075 0.826051
vt 0.322731 0.869508
vt 0.141935 0.520662
vt 0.332285 0.837536
vt 0.318688 0.878885
vt 0.544823 0.345236
vt 0.541827 0.357098
vt 0.317145 0.885973
vt 0.121492 0.515974
vt 0.331447 0.856581
vt 0.134024 0.763603
vt 0.928221 0.952387
vt 0.936425 0.943653
vt 0.936425 0.963105
vt 0.764277 0.000000
vt 0.121689 0.650879
vt 0.171516 0.727427
vt 0.407829 0.767828
vt 0.191384 0.538468
vt 0.185354 0.542337
vt 0.155243 0.538918
vt 0.351052 0.820823
vt 0.334256 0.884248
vt 0.532332 0.329058
vt 0.098364 0.538454
vt 0.359544 0.810622
vt 0.347403 0.833733
vt 0.343494 0.850997
vt 0.342298 0.871591
vt 0.113279 0.855749
vt 0.197369 0.555002
vt 0.471276 0.281715
vt 0.163704 0.556878
vt 0.109940 0.549981
vt 0.000000 0.325603
vt 0.359956 0.882339
vt 0.352150 0.894659
vt 0.533827 0.309889
vt 0.099530 0.838211
vt 0.022623 0.634224
vt 0.164780 0.435374
vt 0.210091 0.564766
vt 0.201966 0.567367
vt 0.076484 0.538956
vt 0.041283 0.940135
vt 0.041283 0.971266
vt 0.230435 0.568914
vt 0.055672 0.532382
vt 0.985601 0.195574
vt 0.259007 0.585772
vt 0.241263 0.587051
vt 0.251205 0.575406
vt 0.233080 0.572652
vt 0.202480 0.575435
vt 0.112659 0.564306
vt 0.050044 0.546189
vt 0.164352 0.577794
vt 0.149654 0.578142
vt 0.106260 0.562761
vt 0.070380 0.563392
vt 0.373087 0.888711
vt 0.521161 0.290483
vt 0.266387 0.594549
vt 0.202975 0.588483
vt 0.132838 0.566899
vt 0.236235 0.726153
vt 0.141206 0.584216
vt 0.134828 0.580597
vt 0.038301 0.561941
vt 0.011086 0.553113
vt 0.964509 0.487015
vt 0.970169 0.472962
vt 0.970169 0.490712
vt 0.017937 0.554363
vt 0.233694 0.602572
vt 0.170389 0.593648
vt 0.214751 0.600037
vt 0.188509 0.595729
vt 0.929912 0.916598
vt 0.936697 0.897741
vt 0.936697 0.929287
vt 0.009110 0.559724
vt 0.523069 0.280459
vt 0.231306 0.614934
vt 0.272198 0.801513
vt 0.266387 0.789751
vt 0.272198 0.782961
vt 0.220203 0.610860
vt 0.188984 0.600937
vt 0.581950 0.934157
vt 0.589209 0.933064
vt 0.589209 0.959624
vt 0.073094 0.534554
vt 0.240883 0.627411
vt 0.130495 0.607464
vt 0.063046 0.594064
vt 0.046968 0.580420
vt 0.235041 0.632536
vt 0.214789 0.620594
vt 0.170027 0.620530
vt 0.226625 0.628121
vt 0.138362 0.608023
vt 0.518186 0.943972
vt 0.526894 0.959523
vt 0.518041 0.959523
vt 0.389495 0.527305
vt 0.387932 0.511170
vt 0.389495 0.498309
vt 0.976046 0.247022
vt 0.409644 0.188083
vt 0.279391 0.897807
vt 0.117411 0.621406
vt 0.371005 0.822265
vt 0.382747 0.818618
vn -0.8653 0.0937 -0.4924
vn -0.9008 -0.0252 -0.4336
vn -0.8626 -0.1258 -0.4900
vn -0.9747 -0.2127 -0.0688
vn -0.9246 -0.2671 -0.2717
vn -0.9573 0.2477 -0.1489
vn -0.1381 0.9578 0.2520
vn -0.0883 0.9203 0.3811
vn -0.2232 0.8775 0.4245
vn 0.1466 0.8712 0.4686
vn 0.3356 0.8538 0.3981
vn 0.5257 0.7050 0.4760
vn 0.1171 0.8542 0.5065
vn -0.2031 0.7746 0.5990
vn -0.6116 0.5108 0.6042
vn -0.2073 0.7160 0.6666
vn -0.5388 0.7583 0.3669
vn -0.0883 0.9933 0.0745
vn -0.1729 0.9824 0.0702
vn -0.0917 0.9771 0.1918
vn 0.5534 0.8046 0.2156
vn 0.6679 0.6168 0.4164
vn 0.7690 0.6172 0.1667
vn -0.8495 -0.5274 -0.0157
vn -0.8143 -0.5640 0.1374
vn -0.9429 -0.3271 -0.0638
vn 0.3501 -0.9025 -0.2509
vn 0.0340 -0.9180 -0.3951
vn 0.6090 -0.7638 -0.2136
vn -0.9157 -0.3982 0.0542
vn -0.9911 -0.0929 0.0957
vn -0.9890 -0.1287 -0.0725
vn 0.7551 0.5898 0.2862
vn 0.6666 0.6010 0.4409
vn 0.8316 0.2916 0.4726
vn -0.5043 0.8619 0.0532
vn -0.6122 0.7531 -0.2410
vn -0.4296 0.8487 0.3084
vn -0.2048 0.9514 0.2298
vn -0.7641 -0.6342 -0.1183
vn -0.8681 -0.4411 -0.2279
vn 0.2550 0.9000 0.3535
vn -0.1295 0.9185 0.3737
vn 0.3013 0.8599 0.4121
vn 0.8000 0.5378 0.2660
vn 0.7602 0.5429 0.3568
vn 0.8548 0.4293 0.2917
vn 0.7558 0.5447 0.3635
vn 0.6556 0.6985 0.2869
vn 0.8558 0.4863 0.1765
vn -0.3548 0.2444 -0.9024
vn -0.7139 -0.5220 -0.4668
vn -0.2456 -0.7572 -0.6053
vn 0.5197 0.8190 0.2431
vn 0.2572 0.9185 0.3004
vn 0.6930 0.6872 0.2181
vn 0.4923 0.8257 0.2756
vn 0.3046 0.7546 0.5812
vn 0.1092 0.8702 0.4805
vn 0.6360 0.6896 0.3464
vn -0.1509 0.8930 0.4241
vn -0.4261 0.3997 -0.8116
vn -0.1666 0.1961 -0.9663
vn -0.1548 0.2034 -0.9668
vn -0.3086 0.9092 0.2795
vn -0.3336 0.8729 0.3561
vn -0.3197 0.8179 0.4784
vn -0.9260 0.3776 0.0038
vn -0.9564 0.2678 0.1168
vn -0.9276 0.3641 -0.0833
vn -0.1777 0.9300 -0.3219
vn -0.2136 0.9663 -0.1436
vn -0.1326 0.9814 -0.1388
vn -0.7525 -0.5743 -0.3224
vn -0.8106 0.2806 -0.5141
vn -0.7683 -0.1653 -0.6184
vn -0.8997 -0.4302 -0.0740
vn -0.9947 -0.0675 -0.0780
vn -0.9900 -0.0947 0.1041
vn -0.8652 -0.4380 0.2441
vn -0.9239 -0.3408 0.1741
vn -0.2036 0.9783 -0.0369
vn -0.1423 0.9890 -0.0401
vn -0.3316 0.9055 -0.2648
vn -0.1790 0.6261 -0.7589
vn -0.3201 0.8736 -0.3667
vn -0.2364 0.9639 -0.1228
vn -0.2255 0.9733 -0.0430
vn -0.0855 0.9956 -0.0385
vn -0.3933 0.3427 -0.8532
vn -0.3441 0.0207 -0.9387
vn -0.1600 0.0679 -0.9848
vn -0.9844 0.1651 -0.0615
vn -0.9504 0.3106 -0.0153
vn -0.0830 0.9404 -0.3297
vn -0.6847 0.6427 0.3436
vn -0.4828 0.7477 0.4560
vn -0.5047 0.8084 0.3031
vn 0.0937 0.6441 0.7592
vn 0.2575 0.5833 0.7704
vn 0.1543 0.7866 0.5978
vn -0.2636 0.9630 0.0551
vn -0.1797 0.9700 0.1640
vn -0.9867 0.1509 -0.0601
vn -0.9700 0.1499 -0.1915
vn -0.0375 0.9993 -0.0065
vn -0.1920 0.8928 0.4074
vn -0.2883 0.9408 0.1781
vn -0.3089 0.9248 0.2219
vn -0.3697 0.8617 0.3476
vn -0.0381 0.9686 -0.2458
vn 0.0048 0.9938 -0.1115
vn -0.8007 -0.5825 0.1397
vn -0.8345 -0.5501 0.0329
vn 0.5891 0.7107 0.3846
vn 0.8741 0.4720 0.1145
vn -0.8755 0.2682 -0.4020
vn -0.8707 0.4010 -0.2848
vn -0.7798 0.2632 -0.5681
vn 0.0933 0.9459 -0.3107
vn 0.0967 0.5388 -0.8369
vn 0.2868 0.5087 -0.8118
vn 0.2910 0.7436 -0.6020
vn 0.4944 0.8169 0.2972
vn -0.1572 0.8799 0.4484
vn -0.2597 0.8655 0.4283
vn -0.6233 0.7266 0.2891
vn -0.2583 0.9622 0.0866
vn 0.0066 0.9388 0.3443
vn -0.1114 0.9218 0.3714
vn -0.0304 0.8465 0.5315
vn -0.9735 -0.0417 -0.2248
vn -0.9992 0.0104 -0.0375
vn -0.9714 0.1474 -0.1862
vn -0.5148 0.7822 0.3509
vn -0.6910 -0.7205 -0.0590
vn -0.6794 -0.7307 0.0664
vn -0.7917 -0.5649 -0.2324
vn -0.1480 0.8330 0.5331
vn -0.0639 0.7678 0.6375
vn 0.6153 0.3374 0.7124
vn 0.1906 0.5190 0.8333
vn 0.5575 0.6238 0.5477
vn -0.8866 -0.4131 0.2080
vn -0.9811 -0.1121 0.1576
vn -0.9492 -0.3143 0.0152
vn -0.3866 -0.3094 0.8688
vn -0.1520 0.0468 0.9873
vn -0.4127 0.1881 0.8912
vn 0.0511 0.2952 0.9541
vn -0.2755 0.4429 0.8532
vn -0.4198 0.8261 -0.3759
vn -0.2216 0.9309 0.2903
vn 0.2041 0.9181 0.3396
vn -0.3325 0.7507 0.5708
vn -0.3019 0.8258 0.4763
vn 0.0076 0.5407 0.8412
vn -0.2059 0.6997 0.6841
vn 0.3450 0.9343 0.0896
vn -0.8253 -0.5630 0.0437
vn -0.3518 -0.2379 0.9053
vn -0.2026 0.5797 0.7892
vn -0.2321 0.6901 0.6855
vn -0.4343 0.5587 0.7065
vn 0.2348 0.9476 0.2164
vn 0.3500 0.7765 0.5240
vn -0.4551 0.7845 0.4212
vn -0.5189 0.4786 0.7083
vn -0.5957 0.2008 0.7777
vn -0.3738 0.5250 0.7646
vn -0.9296 0.3082 -0.2021
vn 0.0471 -0.5733 -0.8180
vn -0.0372 -0.4321 -0.9011
vn 0.0767 -0.4916 -0.8674
vn 0.1359 0.0856 -0.9870
vn -0.0991 0.0616 -0.9932
vn -0.0250 0.1124 -0.9933
vn -0.3808 0.8252 0.4172
vn 0.0849 0.9787 0.1872
vn 0.2661 0.8100 0.5225
vn -0.0589 0.0231 0.9980
vn 0.0355 0.5162 0.8558
vn 0.9252 0.2117 -0.3148
vn 0.8383 0.2824 -0.4664
vn 0.8632 0.3092 -0.3991
vn -0.9129 -0.3724 -0.1671
vn -0.9438 -0.3304 0.0106
vn -0.2088 0.9632 -0.1693
vn -0.2461 0.9692 0.0103
vn -0.9866 0.0256 -0.1610
vn -0.9944 -0.0664 -0.0820
vn 0.8440 0.4993 0.1957
vn 0.1372 0.9903 -0.0201
vn 0.0618 0.9931 0.0998
vn 0.0468 0.6361 0.7702
vn -0.6644 0.5293 0.5277
vn -0.9486 0.2788 0.1496
vn -0.8572 -0.0287 0.5141
vn 0.1585 0.9771 -0.1416
vn -0.4051 -0.3860 0.8288
vn -0.1436 -0.0949 0.9851
vn 0.3440 0.2620 0.9017
vn 0.2490 0.3887 0.8871
vn 0.0333 0.2871 -0.9573
vn 0.0472 0.4829 -0.8744
vn 0.1442 0.1921 -0.9707
vn 0.5340 -0.7869 0.3091
vn 0.4635 -0.8850 -0.0442
vn 0.5632 -0.7509 0.3448
vn -0.9331 0.0642 -0.3539
vn -0.9116 0.2695 -0.3103
vn -0.8469 0.3652 -0.3865
vn 0.1150 -0.0279 -0.9930
vn 0.0478 -0.2816 -0.9583
vn -0.0378 -0.1379 -0.9897
vn -0.5753 0.2762 -0.7699
vn -0.2920 -0.0809 -0.9530
vn -0.0811 -0.2766 0.9576
vn -0.1372 0.8046 0.5777
vn 0.0524 0.7142 0.6980
vn -0.7926 0.2259 -0.5664
vn -0.8717 0.0898 -0.4817
vn -0.9536 -0.1284 -0.2724
vn 0.2989 0.1137 -0.9475
vn 0.2673 -0.1786 -0.9469
vn 0.4906 0.1682 -0.8550
vn 0.2118 0.0990 0.9723
vn 0.2346 0.5187 0.8221
vn -0.2150 -0.6399 0.7377
vn 0.0463 -0.5777 0.8150
vn 0.3922 -0.0946 -0.9150
vn 0.9230 0.2818 -0.2619
vn 0.8909 -0.1666 -0.4226
vn -0.9479 0.0191 -0.3181
vn -0.2928 -0.2398 -0.9256
vn -0.2094 -0.4234 -0.8814
vn -0.0771 -0.5308 -0.8440
vn 0.9183 0.2956 -0.2632
vn 0.8778 0.4347 -0.2012
vn 0.9375 0.3309 -0.1079
vn 0.5676 -0.3301 -0.7543
vn 0.6679 -0.4255 -0.6106
vn 0.6198 -0.6035 -0.5016
vn -0.1803 -0.3971 -0.8999
vn 0.4535 -0.8598 -0.2346
vn 0.8217 -0.5461 -0.1631
vn 0.9312 -0.3266 -0.1617
vn 0.1988 0.3084 0.9303
vn 0.1909 0.4748 0.8591
vn 0.0665 0.5002 0.8633
vn 0.4503 -0.5434 -0.7085
vn 0.8767 0.4793 -0.0396
vn 0.9296 0.3681 0.0167
vn 0.7494 -0.2360 -0.6187
vn 0.6718 0.2917 -0.6809
vn 0.8557 0.2345 -0.4613
vn 0.6861 0.3669 -0.6282
vn -0.2640 0.9593 0.0998
vn 0.0135 0.9792 0.2023
vn -0.2058 0.1585 0.9657
vn -0.3716 0.3165 0.8728
vn -0.5374 0.1980 0.8197
vn 0.2471 -0.2915 0.9241
vn 0.3281 -0.2348 0.9150
vn 0.0709 -0.5610 0.8248
vn 0.0525 -0.1722 0.9837
vn 0.3940 0.5008 0.7707
vn 0.5674 -0.8222 0.0449
vn 0.4572 -0.8869 -0.0670
vn 0.5332 -0.8304 -0.1614
vn 0.8166 -0.0824 -0.5713
vn 0.8681 -0.2904 -0.4025
vn 0.9620 0.0186 -0.2725
vn 0.9853 0.0540 -0.1619
vn 0.9924 0.0502 -0.1122
vn -0.6425 0.5921 -0.4864
vn -0.5932 0.8030 0.0574
vn -0.7493 0.6276 0.2114
vn -0.9251 0.2294 -0.3025
vn -0.8614 -0.0989 -0.4983
vn -0.8444 0.3040 -0.4411
vn -0.7037 -0.7094 -0.0389
vn -0.6980 -0.6866 -0.2032
vn -0.6952 -0.6851 -0.2174
vn -0.2454 0.2641 0.9328
vn -0.2066 0.3238 0.9233
vn -0.2459 0.0213 0.9691
vn 0.0937 -0.3020 0.9487
vn 0.0188 0.2057 0.9784
vn 0.0868 0.2145 0.9729
vn 0.0367 0.4239 0.9050
vn 0.2581 0.4059 0.8767
vn 0.3750 0.4641 0.8025
vn 0.2429 0.5957 0.7656
vn 0.3169 -0.3432 0.8842
vn 0.1109 -0.1346 0.9847
vn 0.1155 -0.4344 0.8933
vn 0.5778 0.3554 0.7347
vn 0.4293 0.1809 0.8849
vn 0.9185 0.3867 -0.0821
vn 0.9932 0.1050 0.0507
vn -0.9606 0.2723 0.0555
vn -0.9580 0.2549 0.1314
vn -0.9440 0.3197 0.0817
vn -0.8194 -0.0325 -0.5722
vn -0.7961 0.0593 -0.6023
vn -0.0038 0.9097 -0.4153
vn 0.0384 0.8531 0.5204
vn -0.2214 0.3686 0.9028
vn 0.8355 -0.5189 -0.1810
vn 0.7950 -0.5600 -0.2332
vn 0.9575 -0.2684 -0.1060
vn 0.0573 -0.4458 0.8933
vn -0.0702 -0.7390 0.6700
vn -0.0063 -0.3592 0.9332
vn 0.0832 0.5844 0.8072
vn 0.0687 0.7470 0.6613
vn 0.0877 0.6047 0.7916
vn 0.9814 -0.1083 -0.1584
vn 0.7023 -0.7115 0.0228
vn 0.8276 -0.3830 0.4103
vn -0.9832 0.1536 0.0987
vn -0.0081 -0.5950 -0.8037
vn -0.0973 -0.5994 -0.7945
vn 0.2484 -0.8410 -0.4806
vn 0.9730 0.2254 0.0492
vn 0.9775 0.2009 -0.0648
vn 0.9963 0.0837 -0.0204
vn -0.2191 0.9374 -0.2708
vn -0.9287 -0.3637 -0.0724
vn 0.2775 0.9174 -0.2853
vn 0.0242 -0.9979 0.0603
vn 0.0254 -0.9967 0.0770
vn 0.0164 -0.9981 0.0600
vn 0.3219 -0.4025 0.8570
vn 0.2136 -0.2840 0.9347
vn 0.1407 -0.7072 0.6929
vn 0.1703 0.0163 0.9853
vn 0.9905 -0.0700 -0.1181
vn 0.9434 0.2117 -0.2555
vn 0.9176 0.3709 -0.1429
vn 0.7833 -0.4653 -0.4122
vn 0.7373 -0.6078 -0.2949
vn 0.4451 -0.6079 -0.6576
vn 0.9637 -0.2606 0.0577
vn -0.3147 0.1291 0.9404
vn -0.4439 0.0081 0.8961
vn -0.3496 0.1610 0.9230
vn 0.2185 0.5831 0.7825
vn 0.3912 0.5988 0.6989
vn 0.0911 0.6128 0.7850
vn 0.1405 0.1825 0.9731
vn 0.2274 0.3920 0.8914
vn 0.2443 -0.1573 0.9569
vn 0.2079 -0.2567 0.9439
vn 0.6537 0.2734 0.7056
vn 0.2796 0.6065 0.7443
vn 0.9590 -0.0230 -0.2826
vn 0.9718 0.0392 -0.2324
vn 0.8927 -0.0943 -0.4408
vn 0.1671 0.9605 0.2224
vn 0.3341 0.9360 -0.1111
vn 0.4606 0.8871 -0.0314
vn 0.4560 0.8793 -0.1376
vn -0.2827 -0.3768 0.8821
vn -0.2425 -0.2228 0.9442
vn -0.4600 -0.3252 0.8262
vn -0.4708 -0.1482 0.8697
vn -0.2192 0.2578 0.9410
vn 0.9133 -0.0441 -0.4048
vn 0.9363 0.0644 -0.3453
vn -0.0177 -0.2773 0.9606
vn -0.0831 -0.3795 0.9215
vn -0.0544 -0.2747 0.9600
vn -0.0886 0.5278 0.8448
vn -0.1393 0.6968 0.7036
vn 0.1059 0.6573 0.7462
vn 0.1565 -0.0833 0.9842
vn 0.2193 -0.0759 0.9727
vn 0.1613 0.0216 0.9867
vn 0.5189 0.2763 0.8089
vn 0.5328 0.2844 0.7971
vn 0.3445 0.5871 0.7325
vn -0.0807 -0.2754 0.9579
vn -0.2373 -0.1868 0.9533
vn 0.7410 -0.1796 0.6471
vn 0.7613 -0.2741 0.5876
vn 0.7034 -0.0772 0.7066
vn -0.6954 -0.6901 0.2003
vn -0.8008 -0.4476 0.3979
vn 0.8649 0.3891 0.3171
vn 0.8555 0.5042 0.1183
vn 0.8275 0.4867 0.2800
vn -0.5190 -0.1745 -0.8368
vn -0.4386 -0.1729 -0.8819
vn -0.5487 -0.3638 -0.7527
vn -0.0593 -0.2430 0.9682
vn -0.2093 0.1177 0.9707
vn -0.0680 0.3127 0.9474
vn 0.1137 -0.1095 0.9875
vn 0.3472 -0.4647 0.8145
vn 0.5045 -0.3304 0.7977
vn -0.3423 -0.4317 -0.8345
vn -0.5238 -0.3440 -0.7793
vn -0.2936 -0.6230 -0.7250
vn -0.1748 0.0513 0.9833
vn 0.8703 -0.4489 -0.2024
vn 0.7744 0.5656 0.2833
vn 0.7339 0.5016 0.4581
vn 0.8200 0.4277 0.3804
vn -0.0905 0.3019 0.9490
vn -0.0693 0.4342 0.8982
vn 0.1037 0.1322 0.9858
vn -0.0258 -0.3013 0.9532
vn -0.1530 -0.0557 0.9867
vn 0.1383 -0.2019 0.9696
vn 0.4830 0.2849 -0.8279
vn 0.6308 0.0594 -0.7737
vn -0.9742 -0.1629 0.1562
vn -0.9882 -0.0717 0.1351
vn -0.9483 0.2707 -0.1656
vn -0.3187 0.7128 0.6248
vn 0.3354 -0.6655 -0.6668
vn 0.2294 -0.8297 -0.5088
vn 0.4836 -0.7798 -0.3976
vn -0.2929 -0.8038 -0.5177
vn -0.3037 -0.8607 -0.4087
vn -0.3198 -0.9067 -0.2750
vn -0.1744 -0.3312 0.9273
vn -0.1848 -0.2167 0.9586
vn 0.0161 -0.1207 0.9926
vn 0.0015 0.1265 0.9920
vn -0.1388 0.7183 0.6817
vn 0.0024 0.5024 0.8646
vn 0.2934 0.1383 0.9459
vn -0.7195 -0.2217 -0.6582
vn -0.7027 -0.1601 -0.6932
vn -0.9043 -0.0956 -0.4161
vn -0.1508 -0.1140 0.9820
vn 0.0448 0.2582 0.9651
vn 0.2750 -0.0379 0.9607
vn 0.0955 -0.2064 0.9738
vn 0.0039 0.1077 0.9942
vn -0.8820 -0.3509 -0.3145
vn -0.9818 0.0717 -0.1759
vn -0.6385 -0.7550 -0.1494
vn -0.1146 0.3704 0.9218
vn 0.5566 0.1426 0.8185
vn 0.2810 0.0276 0.9593
vn 0.0572 0.3887 0.9196
vn -0.4697 0.1347 -0.8725
vn -0.7451 0.3066 -0.5923
vn -0.5913 0.5469 -0.5926
vn 0.0164 -0.0653 0.9977
vn 0.4208 -0.5694 0.7062
vn -0.4373 -0.3175 0.8414
vn -0.7124 -0.1652 0.6820
vn -0.4944 -0.1179 0.8612
vn 0.2486 0.9637 0.0969
vn 0.3755 0.8582 0.3500
vn -0.2728 0.3256 -0.9053
vn -0.3649 0.4202 -0.8308
vn -0.3151 0.3475 -0.8831
vn -0.1644 -0.5278 0.8333
vn -0.0585 -0.4880 0.8709
vn 0.1836 0.1598 0.9699
vn 0.0422 0.4151 0.9088
vn 0.1779 -0.0399 0.9832
vn 0.2582 0.1879 0.9476
vn 0.1489 0.2055 0.9673
vn 0.9950 -0.0670 -0.0746
vn 0.8765 0.3002 -0.3764
vn 0.8076 -0.2293 -0.5433
vn -0.0401 0.6644 0.7463
vn -0.1278 -0.5241 0.8420
vn -0.0648 0.8797 0.4711
vn -0.6306 -0.6201 -0.4666
vn -0.7221 -0.4692 -0.5084
vn -0.0583 0.0241 -0.9980
vn 0.1072 0.2031 -0.9733
vn -0.1235 -0.1468 0.9814
vn -0.0264 0.5096 0.8600
vn 0.2961 0.0486 0.9539
vn 0.0675 0.1012 0.9926
vn -0.0421 0.0919 0.9949
vn 0.9871 -0.0949 0.1291
vn 0.9913 0.1299 0.0212
vn 0.9518 0.1418 0.2721
vn 0.1323 0.3334 0.9334
vn -0.2409 0.3462 0.9067
vn 0.0742 0.7760 0.6264
vn -0.0813 0.6739 0.7343
vn 0.1451 0.0877 -0.9855
vn 0.3170 -0.8975 -0.3065
vn 0.0220 -0.9396 -0.3416
vn -0.0598 -0.5756 0.8155
vn 0.0443 -0.3081 0.9503
vn -0.0708 -0.0301 0.9970
vn 0.0248 0.2839 0.9585
vn 0.2799 0.2811 0.9180
vn 0.0831 0.2131 0.9735
vn -0.1462 0.1649 0.9754
vn 0.2756 0.2101 0.9380
vn 0.2420 0.2616 0.9343
vn 0.2363 0.2430 0.9408
vn 0.0751 0.6722 0.7365
vn 0.3745 -0.9187 0.1257
vn 0.3492 -0.9364 -0.0339
vn -0.1736 0.9354 0.3080
vn -0.3472 0.2169 -0.9124
vn -0.0123 -0.3407 0.9401
vn 0.0263 0.1405 0.9897
vn -0.1865 -0.5664 0.8028
vn 0.2315 0.4622 0.8560
vn 0.1201 0.4033 0.9072
vn -0.1389 0.4957 0.8573
vn -0.0659 0.6286 0.7750
vn 0.3523 0.2424 0.9039
vn 0.4227 0.2569 0.8691
vn 0.5685 0.2121 0.7949
vn 0.1203 0.4320 0.8938
vn 0.2993 0.7144 0.6325
vn 0.6760 -0.6918 -0.2539
vn 0.8468 -0.4856 -0.2171
vn 0.8140 -0.5751 -0.0813
vn 0.3547 0.4236 0.8335
vn -0.5675 0.7718 -0.2867
vn -0.4637 0.7529 -0.4670
vn -0.6983 0.5779 -0.4224
vn 0.7711 0.4837 0.4141
vn 0.8558 0.3559 0.3754
vn -0.1484 -0.2864 0.9466
vn -0.3768 -0.2079 0.9027
vn -0.3699 -0.3425 0.8636
vn -0.4548 0.1046 0.8844
vn -0.4778 -0.4735 0.7400
vn 0.1425 -0.2268 0.9635
vn -0.0501 0.1739 0.9835
vn 0.0176 0.3480 0.9373
vn -0.0104 0.5223 0.8527
vn 0.0560 0.6288 0.7756
vn -0.1307 -0.0991 0.9865
vn 0.1230 -0.1570 0.9799
vn -0.0884 -0.3232 0.9422
vn 0.3006 0.5345 0.7899
vn 0.2803 0.4759 0.8336
vn 0.2045 0.4468 0.8709
vn 0.8818 0.4405 0.1685
vn 0.8361 0.5368 0.1127
vn -0.0182 -0.3439 0.9388
vn 0.0945 0.4285 0.8986
vn 0.2426 -0.0002 0.9701
vn 0.0408 0.5353 0.8436
vn -0.0601 0.9024 0.4266
vn 0.0899 0.7280 0.6797
vn -0.4215 0.6755 0.6050
vn 0.1805 -0.0377 0.9829
vn 0.0408 0.1747 0.9838
vn 0.1804 0.1336 0.9745
vn 0.1307 0.3972 0.9084
vn 0.1571 0.3674 0.9167
vn 0.0184 0.3416 0.9397
vn 0.9984 -0.0351 0.0442
vn 0.9529 0.2491 0.1727
vn 0.9983 -0.0362 0.0463
vn 0.2535 0.4778 0.8411
vn 0.9180 0.0097 0.3964
vn 0.1759 -0.9540 -0.2428
vn 0.0637 -0.9737 -0.2187
vn 0.5277 -0.8145 -0.2413
vn -0.0882 0.4204 0.9031
vn 0.3406 -0.0854 0.9363
vn -0.2162 0.9149 0.3410
vn -0.1501 0.8779 0.4547
vn 0.2462 -0.1441 -0.9585
vn 0.6252 -0.5061 -0.5941
vn -0.9244 -0.3471 0.1584
vn -0.9771 0.2089 -0.0409
vn -0.6600 -0.7512 0.0062
vn 0.1130 0.2086 0.9715
vn 0.0282 0.3262 0.9449
vn 0.0845 -0.5736 0.8147
vn 0.3160 -0.4757 0.8208
vn 0.0757 -0.2812 0.9567
vn -0.1817 -0.2823 0.9420
vn 0.2632 0.2018 0.9434
vn 0.2125 0.2321 0.9492
vn 0.3170 0.1699 0.9331
vn -0.1747 0.5997 0.7810
vn -0.6284 0.0611 0.7755
vn -0.7986 0.4071 0.4434
vn 0.0952 -0.2586 0.9613
vn 0.1277 -0.6133 0.7795
vn -0.1371 0.4057 0.9037
vn 0.0141 0.5620 0.8270
vn 0.2827 -0.7879 -0.5470
vn 0.6927 -0.6622 -0.2857
vn -0.2153 0.1419 0.9662
vn 0.2741 -0.1890 0.9430
vn 0.3671 -0.1312 0.9209
vn 0.2860 0.0787 0.9550
vn 0.3046 0.0630 0.9504
vn -0.9884 0.0604 0.1392
vn -0.9511 -0.0206 -0.3082
vn -0.9982 -0.0001 -0.0607
vn 0.3982 -0.5745 0.7151
vn -0.2407 0.7268 0.6432
vn 0.1911 0.4754 0.8588
vn 0.3833 0.1278 0.9148
vn 0.3169 0.5808 0.7498
vn 0.5223 0.3299 0.7864
vn 0.7992 0.5461 -0.2512
vn 0.5456 0.2514 -0.7995
vn -0.1196 0.3013 -0.9460
vn 0.1532 0.1283 0.9798
vn 0.0871 -0.8106 -0.5790
vn 0.4344 -0.7974 -0.4188
vn 0.3754 0.3021 0.8763
vn -0.8460 0.3572 -0.3959
vn -0.7009 0.5388 -0.4674
vn 0.0028 0.4401 0.8979
vn 0.4724 0.8199 0.3235
vn 0.7050 -0.1314 -0.6969
vn 0.5615 0.0086 -0.8274
vn 0.5483 -0.0231 -0.8359
vn -0.1943 -0.2732 0.9422
vn 0.1365 -0.1117 0.9843
vn 0.1737 0.1619 0.9714
vn 0.1584 0.3408 0.9267
vn -0.0655 0.7203 0.6906
vn -0.1452 -0.5887 -0.7952
vn -0.0019 -0.8076 -0.5897
vn 0.2532 -0.8614 -0.4402
vn 0.1428 -0.7580 -0.6364
vn 0.2785 -0.9194 -0.2778
vn 0.5364 0.2509 0.8058
vn 0.3771 0.2263 0.8981
vn -0.1030 -0.0309 0.9942
vn 0.0644 0.6012 0.7965
vn 0.0176 0.6415 0.7669
vn 0.9921 -0.0343 0.1203
vn 0.9480 0.0769 0.3090
vn 0.6576 -0.7494 -0.0771
vn 0.1273 0.3513 0.9276
vn -0.1235 -0.1616 0.9791
vn -0.0789 -0.0423 0.9960
vn 0.2069 0.4443 0.8716
vn 0.7324 -0.6555 -0.1840
vn 0.2903 -0.0372 0.9562
vn 0.0292 -0.0035 0.9996
vn 0.1115 0.4647 0.8784
vn -0.9658 -0.2219 0.1341
vn -0.1361 -0.1176 0.9837
vn 0.0302 0.0275 0.9992
vn 0.0742 0.2074 0.9754
vn -0.9657 0.2107 0.1519
vn 0.9818 -0.1885 -0.0214
vn -0.0113 0.6480 0.7616
vn 0.2641 0.3190 0.9102
vn 0.1432 -0.1879 0.9717
vn 0.0429 -0.1694 0.9846
vn 0.0071 -0.1013 0.9948
vn 0.9922 0.0475 0.1156
vn -0.6848 0.7283 -0.0254
vn -0.4481 0.8907 -0.0771
vn 0.0263 0.0784 0.9966
vn -0.0833 0.2048 0.9752
vn -0.1743 -0.0098 0.9846
vn -0.0283 0.3047 0.9520
vn 0.1017 0.1387 0.9851
vn 0.0586 -0.0659 0.9961
vn -0.1590 -0.0397 0.9865
vn -0.2300 0.0358 0.9725
vn 0.0148 0.3676 0.9299
vn 0.9357 0.3006 -0.1845
vn 0.9353 0.3492 0.0578
vn 0.9760 -0.2178 -0.0087
vn 0.3918 -0.7755 -0.4951
vn 0.3581 -0.6818 -0.6380
vn 0.4091 -0.9102 -0.0651
vn 0.4806 -0.7131 0.5104
vn 0.1706 -0.1203 0.9780
vn -0.2365 0.1883 0.9532
vn 0.1900 0.3961 0.8983
vn -0.0121 0.5672 0.8235
vn 0.0731 0.5789 0.8121
vn -0.0005 0.6549 0.7557
vn -0.1040 0.8019 0.5884
vn -0.3780 0.9201 0.1024
vn -0.4413 0.8922 -0.0956
vn -0.6095 0.7835 0.1211
vn 0.5806 0.0277 0.8137
vn 0.2814 0.4841 0.8285
vn -0.1151 0.7084 0.6964
vn -0.0240 0.5785 0.8153
vn 0.0316 0.7027 0.7108
vn -0.1028 0.6798 0.7261
vn -0.1353 0.3599 0.9231
vn 0.9283 0.0830 -0.3624
vn 0.9269 -0.1342 -0.3505
vn 0.6233 0.0356 0.7812
vn 0.2802 -0.1139 0.9532
vn 0.2017 -0.1288 0.9709
vn 0.1124 0.0221 0.9934
vn -0.0315 -0.0939 0.9951
vn -0.1891 0.0036 0.9819
vn -0.2060 0.3788 0.9023
vn -0.1310 0.4910 0.8612
vn 0.2854 -0.1543 0.9459
vn 0.9117 0.3948 0.1139
vn 0.9408 0.3089 0.1395
vn 0.3451 -0.9274 -0.1444
vn 0.6735 -0.7059 -0.2192
vn -0.3740 0.5303 0.7608
vn 0.0395 0.4121 0.9103
vn 0.3317 -0.0587 0.9415
vn 0.3377 -0.1971 0.9204
vn 0.1470 -0.1426 0.9788
vn -0.1770 0.5328 0.8275
vn 0.1855 0.3015 0.9352
vn 0.2799 0.3027 0.9111
vn 0.0247 0.0261 0.9994
vn 0.7671 -0.2089 0.6066
vn 0.3588 -0.1493 0.9214
vn -0.1035 -0.2629 0.9592
vn -0.1465 -0.2674 0.9524
vn -0.1941 0.4743 0.8587
vn 0.5100 0.1427 0.8482
vn 0.7198 -0.0838 0.6891
vn 0.7517 0.6248 0.2113
vn 0.4883 0.8587 0.1556
vn 0.3592 -0.1626 0.9190
vn 0.1677 -0.1580 0.9731
vn -0.0881 0.6388 0.7643
vn -0.0460 0.7746 0.6308
vn -0.0515 -0.1655 0.9849
vn -0.1048 0.5185 0.8486
vn -0.0692 0.4068 0.9109
vn 0.1247 0.0856 0.9885
vn 0.2505 -0.1912 0.9490
vn -0.0190 0.0518 0.9985
vn -0.0342 0.2043 0.9783
vn -0.5214 -0.8004 -0.2959
vn -0.9570 -0.1301 -0.2594
vn -0.9842 0.1711 -0.0447
vn -0.4812 -0.1937 0.8550
vn -0.1398 0.4035 0.9042
vn 0.3045 0.4000 0.8645
vn 0.0514 0.6350 0.7708
vn 0.6704 -0.6430 -0.3703
vn -0.0979 -0.2413 0.9655
vn -0.4811 -0.3083 0.8206
vn -0.6572 -0.1112 0.7455
vn -0.3899 0.0396 0.9200
vn 0.0280 0.2263 0.9737
vn 0.9919 0.1122 0.0594
vn 0.9747 0.1867 0.1233
vn 0.6180 -0.3763 0.6903
vn 0.1171 0.0986 0.9882
vn 0.3382 0.4020 0.8509
vn 0.2977 0.5457 0.7833
vn -0.8672 -0.2138 0.4498
vn -0.8784 0.0420 0.4761
vn 0.7799 0.1597 -0.6052
vn 0.8258 0.3972 -0.4003
vn 0.2558 0.9660 0.0378
vn -0.3487 -0.1572 0.9239
vn -0.4059 0.1679 0.8983
vn 0.8432 0.4033 -0.3555
vn 0.8100 0.5065 -0.2956
vn 0.2116 0.8063 0.5524
vn 0.1762 0.6202 0.7644
vn 0.9095 0.2871 0.3005
vn 0.9840 0.0755 0.1612
vn 0.7290 -0.6331 -0.2603
vn 0.8456 -0.4874 -0.2177
vn -0.3144 0.8423 0.4378
vn -0.5072 0.7046 0.4963
vn -0.3157 0.7333 0.6021
vn -0.6629 -0.2501 0.7057
vn -0.1740 0.1558 0.9723
vn -0.2596 0.5699 0.7796
vn -0.2228 0.4401 0.8699
vn -0.1143 0.7142 -0.6905
vn -0.1141 0.6249 -0.7723
vn -0.1488 0.6082 -0.7797
vn 0.0780 0.0288 0.9965
vn -0.0113 -0.0832 -0.9965
vn 0.9611 -0.2677 -0.0673
vn -0.7733 -0.0288 0.6334
vn -0.7940 -0.1432 0.5908
vn -0.8209 -0.2754 0.5003
vn -0.9333 -0.0381 0.3570
vn -0.9958 -0.0829 0.0397
vn -0.8946 -0.2960 0.3349
vn 0.7179 -0.3301 0.6129
vn -0.4023 0.3580 0.8426
vn -0.2127 0.4614 0.8613
vn -0.2770 0.6453 0.7119
vn -0.1592 0.8466 0.5078
vn -0.1917 -0.0956 -0.9768
vn -0.2417 -0.3972 -0.8853
vn -0.0446 0.7919 0.6090
vn 0.1450 0.9055 0.3988
vn 0.3793 0.9252 0.0132
vn -0.4017 0.3542 0.8445
vn -0.0241 0.6198 0.7844
vn -0.3674 0.7714 0.5196
vn -0.6180 0.4714 0.6292
vn 0.5477 0.2498 0.7985
vn -0.1166 0.3332 0.9356
vn 0.2385 -0.8993 -0.3666
vn 0.5052 -0.8497 -0.1509
vn 0.7105 0.0338 0.7029
vn 0.3189 0.4791 0.8178
vn -0.1242 0.8507 0.5107
vn -0.2934 0.3925 0.8717
vn 0.1034 0.3478 0.9319
vn 0.0121 0.8176 0.5757
vn -0.0633 0.2342 0.9701
vn -0.1684 0.6426 0.7474
vn -0.1077 0.6035 0.7900
vn -0.9474 0.0966 -0.3051
vn 0.1879 0.9002 0.3929
vn 0.7561 0.2865 0.5884
vn 0.8130 0.3754 0.4451
vn 0.4623 0.8687 0.1778
vn -0.1636 0.3649 0.9166
vn 0.4164 -0.1240 0.9007
vn 0.3422 0.9140 0.2180
vn -0.9599 0.2202 -0.1735
vn -0.9881 -0.1083 0.1093
vn -0.9545 -0.2419 -0.1746
vn -0.2753 0.5699 0.7742
vn 0.5906 0.3212 -0.7402
vn 0.5833 0.2155 0.7832
vn 0.3808 0.2595 0.8875
vn -0.5179 0.1611 0.8401
vn -0.7784 -0.1276 0.6147
vn -0.1135 -0.3285 -0.9376
vn -0.6309 -0.3544 -0.6902
vn -0.4733 -0.4116 -0.7788
vn 0.3147 0.7037 0.6371
vn 0.3232 0.6923 0.6451
vn 0.2374 0.5440 0.8048
vn 0.0284 0.2653 0.9638
vn 0.4818 -0.0958 0.8710
vn 0.2545 0.0660 0.9648
vn 0.1572 0.7101 0.6863
vn -0.9747 0.1915 -0.1149
vn -0.8922 0.4167 0.1743
vn -0.7252 0.6789 -0.1146
vn 0.3914 0.8577 -0.3332
vn -0.4599 0.8748 0.1521
vn -0.4839 0.8467 -0.2212
vn 0.5362 -0.8440 0.0129
vn -0.0481 0.3042 0.9514
vn -0.3273 0.2320 -0.9160
vn -0.5884 0.4039 -0.7004
vn -0.1856 0.3123 -0.9317
vn 0.2841 0.0294 0.9583
vn 0.3233 -0.0046 0.9463
vn 0.2747 0.4813 0.8324
vn -0.2614 0.2154 0.9409
vn -0.4976 -0.3595 0.7894
vn 0.0276 0.9952 -0.0935
vn 0.1788 0.9630 0.2018
vn -0.2308 -0.6070 -0.7604
vn -0.5458 0.0424 0.8369
vn -0.3879 -0.2675 0.8820
vn -0.2841 0.0457 0.9577
vn -0.2420 -0.0821 0.9668
vn 0.5443 0.3475 0.7635
vn -0.1512 0.1941 0.9693
vn -0.4134 0.3264 0.8501
vn -0.1290 0.5292 0.8387
vn -0.2702 0.5572 0.7852
vn 0.6964 -0.1593 -0.6998
vn 0.6436 -0.1562 -0.7492
vn 0.5676 0.0114 -0.8232
vn 0.2773 -0.0798 0.9575
vn -0.5833 0.8105 0.0534
vn -0.2433 -0.2532 0.9363
vn 0.0925 -0.1033 0.9903
vn -0.3898 -0.3983 0.8303
vn -0.6803 -0.1939 0.7069
vn -0.4128 -0.2740 0.8686
vn -0.0366 -0.2503 0.9675
vn -0.2322 0.4405 0.8672
vn -0.4184 0.5193 0.7452
vn 0.3378 0.8743 0.3486
vn -0.0062 -0.9904 0.1380
vn -0.0698 -0.8572 0.5102
vn 0.0028 -0.9951 0.0991
vn -0.1623 0.3098 0.9368
vn -0.2557 0.6324 0.7313
vn -0.0172 0.0620 0.9979
vn -0.5305 -0.2333 0.8149
vn -0.2906 -0.3599 0.8866
vn -0.2795 -0.1492 0.9485
vn -0.1915 -0.1854 0.9638
vn 0.0235 -0.0255 0.9994
vn -0.0656 0.2068 0.9762
vn -0.2381 0.6671 0.7059
vn -0.8085 0.1436 -0.5707
vn -0.7944 0.2282 -0.5629
vn 0.3269 0.9320 0.1566
vn -0.1943 0.5059 0.8404
vn -0.2602 0.7539 0.6033
vn 0.5555 -0.7336 -0.3914
vn 0.9281 -0.1270 -0.3501
vn -0.0756 -0.2552 0.9639
vn -0.0706 0.0932 0.9931
vn -0.2635 -0.5269 0.8080
vn -0.3073 -0.2740 0.9113
vn -0.1427 -0.0479 0.9886
vn -0.1361 0.1557 0.9784
vn -0.1620 0.3627 0.9177
vn 0.3700 0.4685 0.8023
vn -0.2719 -0.3627 0.8914
vn -0.2782 -0.1878 0.9420
vn -0.1995 -0.1132 0.9733
vn -0.0831 0.3903 0.9169
vn -0.0262 0.1514 0.9881
vn 0.9624 0.1798 -0.2037
vn -0.0390 0.1372 0.9898
vn -0.0401 -0.3087 -0.9503
vn -0.3066 0.9481 0.0849
vn -0.2745 -0.0265 0.9612
vn 0.0522 0.1085 0.9927
vn -0.0882 0.9131 0.3981
vn -0.3099 0.8187 0.4834
vn -0.0242 0.7151 0.6986
vn -0.9399 0.3064 0.1508
vn 0.3562 -0.0434 0.9334
vn 0.2498 0.0306 0.9678
vn 0.4796 0.0041 0.8775
vn 0.7927 -0.1470 0.5916
vn -0.4807 0.8018 0.3550
vn 0.5916 0.4752 0.6513
vn 0.4810 0.4718 0.7389
vn 0.4577 0.3419 0.8207
vn 0.4405 -0.1609 0.8832
vn 0.5575 -0.4474 0.6992
vn 0.4403 0.3068 0.8438
vn 0.3943 -0.1840 0.9004
vn 0.4543 -0.2227 0.8625
vn 0.0956 -0.8962 0.4332
vn 0.2604 -0.5076 0.8213
vn 0.2381 -0.5421 0.8059
vn 0.5192 0.3991 0.7558
vn 0.4339 0.2747 0.8581
vn 0.5306 0.3236 0.7834
vn 0.5759 0.0796 0.8136
vn 0.4203 -0.2337 0.8768
vn 0.4346 -0.1745 0.8836
vn 0.3043 -0.0688 0.9501
vn 0.6795 -0.1740 0.7128
vn 0.8602 -0.1150 0.4968
vn 0.7979 -0.2569 0.5453
vn 0.9451 0.0739 -0.3184
vn -0.2516 0.0311 0.9673
vn 0.2646 -0.3045 0.9150
vn 0.7576 0.1322 0.6392
vn 0.6264 -0.3831 0.6789
vn -0.1881 -0.4952 -0.8482
vn -0.0010 -0.6317 -0.7752
vn 0.4508 -0.4494 0.7712
vn 0.4605 -0.6056 0.6490
vn 0.4465 -0.3423 0.8267
vn 0.6494 -0.6507 -0.3935
vn 0.6622 -0.6887 -0.2952
vn 0.7078 -0.5597 -0.4310
vn 0.6918 -0.0145 -0.7219
vn 0.6773 -0.2734 -0.6830
vn 0.7542 -0.2984 -0.5850
vn 0.4289 0.5558 0.7121
vn 0.1803 0.7915 0.5840
vn 0.4813 -0.1770 0.8585
vn 0.4940 -0.2205 0.8410
vn 0.5045 -0.2378 0.8300
vn 0.9052 0.3435 0.2504
vn -0.6544 0.4504 -0.6074
vn 0.4547 0.3682 0.8110
vn 0.4397 -0.2234 0.8699
vn 0.4355 -0.1728 0.8835
vn 0.8072 -0.0540 0.5878
vn 0.0790 -0.3331 0.9396
vn -0.1950 -0.6061 0.7711
vn 0.0655 -0.8422 0.5351
vn 0.6228 0.2784 0.7311
vn 0.7182 0.5166 -0.4663
vn 0.7914 0.4970 -0.3559
vn 0.7967 0.4117 -0.4425
vn 0.7051 0.2113 0.6769
vn -0.9675 0.2408 0.0775
vn -0.9062 0.1105 0.4082
vn -0.9947 0.0828 -0.0616
vn 0.3431 0.5371 0.7706
vn 0.7028 0.3444 0.6225
vn 0.5312 0.3901 0.7521
vn 0.4765 0.4214 0.7716
vn 0.3333 -0.1277 0.9341
vn 0.1676 0.7239 0.6692
vn 0.3138 -0.7971 0.5159
vn 0.0281 -0.7038 -0.7098
vn 0.7599 -0.4147 0.5006
vn 0.6100 -0.6084 0.5077
vn -0.7029 -0.7111 -0.0173
vn 0.6412 -0.1390 0.7547
vn 0.7745 0.3011 0.5563
vn 0.6730 0.0835 0.7349
vn 0.7962 -0.3545 0.4902
vn 0.4887 -0.5084 0.7090
vn 0.5627 -0.6919 0.4524
vn 0.2193 0.6292 0.7457
vn 0.8426 0.0402 0.5371
vn 0.9357 0.0006 0.3529
vn 0.4731 -0.7485 0.4646
vn 0.5317 -0.7936 0.2958
vn 0.8478 -0.2133 0.4856
vn 0.7793 0.3261 0.5351
vn 0.8364 -0.0644 0.5442
vn 0.8008 -0.2543 0.5422
vn 0.8129 -0.0931 0.5749
vn 0.6859 -0.0246 0.7273
vn 0.7295 -0.1927 0.6562
vn 0.8161 0.2456 0.5232
vn 0.8354 0.3357 0.4353
vn 0.7586 0.3501 0.5495
vn -0.0916 0.1263 -0.9878
vn -0.0852 0.2334 -0.9686
vn 0.6050 -0.7266 0.3256
vn 0.4097 -0.8484 0.3351
vn 0.7560 -0.5213 0.3957
vn 0.8235 0.0842 0.5610
vn 0.9307 -0.3248 -0.1682
vn 0.6315 0.4478 0.6329
vn 0.8082 -0.0346 0.5879
vn 0.7680 -0.0201 0.6401
vn 0.7068 -0.0608 0.7048
vn 0.6250 0.0932 0.7750
vn 0.6253 0.0330 0.7797
vn 0.5501 0.1197 0.8265
vn 0.3354 0.6464 0.6854
vn 0.6935 0.3911 0.6051
vn 0.5902 -0.2141 0.7783
vn 0.5470 -0.0009 0.8372
vn 0.5489 -0.0455 0.8346
vn 0.7738 -0.0152 0.6332
vn 0.8319 0.0622 0.5515
vn 0.7517 -0.0274 0.6589
vn 0.7435 0.1296 0.6561
vn -0.0024 0.4195 -0.9077
vn 0.0005 0.3907 -0.9205
vn 0.0385 0.2747 -0.9608
vn 0.4122 0.1318 0.9015
vn 0.7315 0.3000 0.6123
vn 0.8636 0.3425 0.3699
vn 0.7940 0.2630 0.5480
vn 0.4627 0.2241 0.8577
vn 0.5130 -0.0847 0.8542
vn 0.5455 -0.5700 0.6145
vn 0.3763 0.5269 0.7621
vn 0.6491 0.4230 0.6322
vn 0.5549 0.2948 0.7779
vn 0.4817 -0.4803 0.7330
vn 0.8782 -0.0148 0.4780
vn 0.7592 0.0689 0.6472
vn 0.0024 0.2364 -0.9717
vn -0.1398 0.4120 -0.9004
vn 0.8433 -0.0419 0.5359
vn 0.4776 -0.3331 0.8130
vn 0.6191 -0.3946 0.6789
vn 0.5381 -0.3743 0.7552
vn 0.4610 -0.1575 0.8733
vn 0.6668 -0.3792 0.6415
vn 0.6117 -0.0186 0.7909
vn 0.5909 -0.1890 0.7843
vn 0.3856 0.1255 0.9141
vn 0.4917 -0.1321 0.8607
vn 0.7259 -0.4085 0.5533
vn 0.5213 -0.6059 -0.6009
vn 0.5821 -0.5211 0.6242
vn 0.5998 -0.3419 0.7234
vn 0.5090 0.3374 0.7919
vn 0.5087 0.4626 0.7261
vn 0.6112 0.3656 0.7020
vn 0.7403 -0.1274 0.6601
vn 0.5960 -0.4161 0.6868
vn 0.5915 -0.0252 0.8059
vn -0.0208 0.3237 -0.9459
vn 0.5785 -0.0317 0.8151
vn -0.1429 -0.0821 0.9863
vn 0.1925 0.0756 0.9784
vn -0.8470 -0.3123 -0.4302
vn 0.2909 0.0014 0.9568
vn 0.7089 -0.6443 0.2871
vn 0.6066 -0.4688 0.6421
vn 0.4510 -0.8878 0.0915
vn 0.5414 0.4851 0.6867
vn 0.7902 0.1451 0.5954
vn -0.4889 -0.5424 -0.6832
vn 0.1489 -0.7236 -0.6740
vn 0.4420 -0.4231 0.7910
vn 0.6339 0.0502 0.7718
vn 0.7386 0.0408 0.6729
vn 0.4666 -0.4423 0.7659
vn 0.4403 0.5226 0.7300
vn 0.5715 0.2717 0.7743
vn 0.6886 0.0206 0.7248
vn 0.7414 -0.1884 0.6440
vn 0.6345 0.3388 0.6947
vn 0.5846 -0.5654 0.5818
vn 0.5366 0.4553 0.7104
vn 0.2528 0.7769 0.5767
vn 0.6696 0.0939 0.7367
vn 0.5538 -0.4210 0.7184
vn 0.6440 -0.2348 0.7281
vn 0.6169 0.3537 0.7031
vn 0.4447 0.5125 0.7346
vn 0.6150 0.3639 0.6995
vn 0.5505 0.2218 0.8048
vn 0.7903 -0.0102 0.6126
vn 0.5384 0.4784 -0.6937
vn 0.0638 -0.7184 -0.6927
vn 0.7016 0.0220 0.7122
vn -0.2031 -0.5181 0.8308
vn 0.3077 0.1694 0.9363
vn 0.4494 -0.8631 0.2305
vn 0.2678 0.6933 0.6690
vn 0.9275 0.2542 0.2741
vn 0.5788 -0.7951 -0.1813
vn 0.5331 0.1314 0.8358
vn 0.6201 -0.0612 0.7821
vn 0.2478 -0.1116 0.9624
vn 0.6642 0.4081 0.6263
vn 0.7782 -0.0081 0.6279
vn 0.1131 -0.9076 0.4044
vn 0.0095 -0.9233 0.3839
vn 0.0183 -0.9914 0.1295
vn 0.5928 -0.4387 0.6754
vn -0.4715 0.1673 -0.8659
vn -0.3289 0.2212 -0.9181
vn 0.7360 0.1797 0.6527
vn 0.8593 0.1522 0.4883
vn 0.1882 -0.4845 0.8543
vn 0.2594 0.1933 0.9462
vn 0.6707 -0.5665 0.4787
vn 0.7063 0.4087 0.5780
vn 0.5709 0.4816 0.6650
vn 0.7591 -0.0533 0.6488
vn 0.5730 -0.0288 0.8191
vn 0.5809 -0.2233 0.7828
vn 0.5998 -0.1726 0.7813
vn 0.7001 -0.2611 0.6646
vn 0.6133 -0.1658 0.7723
vn 0.8482 0.1313 0.5131
vn 0.8981 0.0728 0.4337
vn -0.2724 -0.9432 -0.1900
vn -0.4349 -0.8738 -0.2174
vn 0.5139 0.0771 0.8544
vn 0.7771 -0.0153 0.6292
vn 0.9011 0.0867 0.4249
vn 0.5061 -0.4673 0.7249
vn 0.5433 -0.1280 0.8297
vn 0.5210 0.0265 0.8531
vn 0.6085 0.2839 0.7410
vn 0.1046 -0.5438 -0.8327
vn 0.6022 -0.1192 0.7894
vn 0.5127 -0.1153 0.8508
vn 0.3376 -0.7706 -0.5406
vn 0.4279 -0.6903 -0.5834
vn 0.4723 -0.7943 -0.3821
vn -0.5319 0.3741 0.7597
vn 0.8079 0.3690 0.4595
vn 0.9733 -0.0931 0.2099
vn 0.8634 -0.4169 0.2841
vn 0.6187 0.2966 0.7275
vn 0.8606 0.5079 0.0386
vn 0.5808 -0.1403 0.8018
vn 0.5739 0.1401 0.8069
vn -0.8115 0.3058 -0.4979
vn -0.6628 -0.2064 -0.7198
vn -0.3586 0.3685 -0.8577
vn 0.8208 0.0957 0.5632
vn 0.7927 0.3093 0.5253
vn 0.4357 0.0971 0.8949
vn 0.5577 -0.2741 0.7835
vn 0.5430 0.1919 0.8175
vn 0.6392 -0.0516 0.7673
vn 0.6430 -0.2518 0.7233
vn 0.6467 -0.3316 0.6869
vn 0.5602 0.0586 0.8263
vn 0.5322 0.0497 0.8452
vn 0.9330 0.2082 0.2935
vn -0.7559 -0.6331 0.1667
vn 0.8446 0.2344 0.4814
vn 0.3844 0.4507 0.8057
vn 0.5850 -0.1800 0.7908
vn -0.9768 -0.1755 0.1230
vn -0.9858 -0.1330 -0.1030
vn 0.6060 0.0038 0.7955
vn 0.6436 -0.2045 0.7376
vn 0.7588 0.1532 0.6331
vn 0.2546 0.0408 0.9662
vn 0.5230 -0.4767 0.7066
vn 0.6812 -0.2115 -0.7009
vn 0.7634 -0.1095 -0.6366
vn 0.6892 -0.3196 -0.6503
vn -0.5070 0.7516 -0.4219
vn -0.6177 0.7029 -0.3527
vn -0.3347 -0.2712 -0.9025
vn 0.8725 0.1392 0.4683
vn -0.4617 0.1429 -0.8754
vn -0.5776 0.2696 -0.7705
vn -0.4372 0.2423 -0.8661
vn 0.1340 -0.9781 -0.1595
vn 0.2159 -0.9355 -0.2798
vn 0.7606 0.1787 0.6241
vn 0.8988 -0.4362 0.0427
vn 0.9561 -0.2929 0.0019
vn 0.6358 -0.0214 0.7716
vn -0.4268 -0.0654 -0.9020
vn -0.6004 -0.4569 0.6563
vn -0.7576 0.0230 0.6524
vn -0.6454 -0.3386 0.6847
vn -0.9944 -0.0528 0.0916
vn 0.8662 -0.0260 0.4991
vn 0.1788 -0.0156 0.9838
vn -0.1312 -0.6818 -0.7197
vn -0.2821 -0.5471 -0.7881
vn -0.2400 0.2390 -0.9409
vn -0.5790 0.3678 -0.7277
vn -0.2659 -0.9432 -0.1992
vn 0.3981 0.7922 -0.4626
vn 0.1943 -0.6303 0.7516
vn 0.1335 0.1056 0.9854
vn -0.1419 0.0129 0.9898
vn 0.4189 -0.6891 0.5913
vn 0.8267 -0.5217 -0.2105
vn 0.8001 -0.5252 -0.2897
vn 0.7766 -0.5643 -0.2801
vn -0.8688 -0.4951 -0.0124
vn 0.0775 0.7097 -0.7002
vn 0.6768 0.7333 0.0653
vn 0.4092 -0.0923 0.9078
vn 0.1319 0.8230 0.5526
vn 0.9250 -0.2025 0.3215
vn 0.7961 -0.5272 0.2971
vn 0.9215 -0.3210 0.2188
vn 0.6260 0.7219 -0.2950
vn 0.5009 0.6917 -0.5202
vn 0.1818 0.8957 -0.4058
vn 0.7879 -0.6134 0.0546
vn 0.7172 0.6955 -0.0430
vn 0.9056 0.3952 0.1538
vn -0.1935 -0.2841 -0.9391
vn 0.2888 0.2567 -0.9223
vn 0.5588 0.5786 -0.5940
vn 0.3124 -0.0241 0.9497
vn 0.0890 -0.9602 -0.2646
vn -0.8236 0.4958 0.2754
vn -0.5146 0.8021 0.3029
vn 0.0089 0.9322 0.3618
vn 0.6061 -0.1606 0.7790
vn 0.5527 0.0528 0.8317
vn -0.4940 0.1057 -0.8630
vn -0.6245 0.3375 -0.7044
vn -0.5088 0.0718 -0.8579
vn -0.7944 -0.5887 0.1498
vn 0.6178 -0.2904 0.7307
vn 0.9777 0.1460 0.1509
vn 0.8759 0.4222 0.2333
vn 0.9185 0.2921 0.2665
vn 0.5741 -0.6379 -0.5133
vn 0.7166 -0.6649 0.2108
vn 0.2131 -0.9769 -0.0185
vn 0.3856 -0.9137 0.1283
vn -0.2104 0.2702 -0.9395
vn 0.4381 0.7023 0.5610
vn 0.2464 0.7171 0.6520
vn 0.4505 -0.1464 0.8807
vn 0.3255 -0.5040 -0.8000
vn -0.9209 0.0447 0.3873
vn -0.9581 0.1165 0.2617
vn -0.9486 -0.1894 0.2537
vn -0.2885 0.7376 -0.6105
vn 0.9431 0.0285 0.3314
vn 0.8739 0.2343 0.4259
vn 0.0515 -0.8276 0.5589
vn 0.8097 0.3342 0.4824
vn 0.6561 -0.6410 0.3983
vn 0.3668 0.3071 0.8781
vn 0.3692 0.5406 0.7559
vn -0.1209 -0.0118 -0.9926
vn -0.0468 -0.0164 -0.9988
vn -0.1070 0.0014 -0.9943
vn 0.3194 -0.0508 0.9463
vn 0.0171 -0.9996 -0.0226
vn 0.0171 -0.9998 -0.0126
vn 0.0288 -0.9993 -0.0240
vn 0.9720 0.0649 0.2258
vn -0.1324 0.5923 -0.7948
vn 0.3775 -0.8820 -0.2820
vn 0.2826 -0.0246 0.9589
vn 0.6012 0.1282 0.7887
vn 0.8334 -0.0724 -0.5479
vn 0.5240 -0.2189 0.8231
vn -0.4860 0.8097 -0.3288
vn -0.4748 0.8419 -0.2567
vn -0.6802 0.4719 -0.5610
vn 0.8931 -0.0578 -0.4461
vn -0.1038 -0.0369 -0.9939
vn 0.2856 0.3755 0.8817
vn 0.9565 0.2117 -0.2009
vn 0.4019 -0.3537 -0.8446
vn 0.5780 0.2608 0.7732
vn 0.9923 -0.1239 -0.0071
vn -0.2548 0.8004 0.5426
vn -0.6293 -0.7770 0.0144
vn -0.0296 0.1621 -0.9863
vn 0.3063 0.8091 0.5015
vn -0.7109 0.6174 0.3368
vn -0.7370 0.6031 0.3053
vn -0.9219 0.3212 0.2164
vn 0.8364 -0.1424 0.5292
vn -0.1485 0.1483 -0.9777
vn 0.0394 0.9254 -0.3769
vn -0.7112 -0.6823 0.1690
vn 0.8503 0.5052 -0.1475
vn -0.0234 -0.0744 -0.9970
vn -0.0230 -0.0800 -0.9965
vn -0.0282 -0.0329 -0.9991
vn -0.8117 0.4393 0.3848
vn -0.9563 0.1648 0.2414
vn -0.9176 0.2703 0.2915
vn 0.9331 -0.3485 -0.0886
vn -0.8943 -0.3721 0.2485
vn -0.9808 0.1333 0.1424
vn 0.9413 -0.3204 -0.1063
vn 0.9692 -0.2032 -0.1394
vn 0.9993 -0.0366 0.0035
vn 0.9939 0.1069 -0.0278
vn 0.9556 0.2743 0.1076
vn -0.8983 -0.4364 -0.0505
vn -0.5243 0.0479 0.8502
vn -0.7702 0.2084 0.6028
vn -0.6550 -0.3234 0.6829
vn -0.7343 -0.6104 0.2970
vn -0.9747 -0.1081 0.1955
vn -0.3808 -0.5889 0.7129
vn 0.0301 -0.9994 0.0167
vn 0.0321 -0.9992 0.0222
vn -0.8896 0.2922 0.3510
vn -0.8955 -0.0707 0.4394
vn -0.9642 0.0584 0.2586
vn -0.9107 0.3581 0.2061
vn -0.5114 0.5552 -0.6559
vn -0.8659 0.4738 0.1603
vn 0.9923 0.1219 0.0208
vn -0.9975 0.0627 -0.0321
vn 0.6406 0.1896 -0.7441
vn -0.9267 -0.2968 -0.2303
vn 0.6716 -0.2255 -0.7058
vn 0.2401 -0.7656 0.5969
vn 0.3832 -0.7640 0.5190
vn 0.2779 -0.8937 0.3521
vn -0.0159 -0.9993 0.0343
vn -0.0108 -0.9980 0.0630
vn 0.5310 0.0999 -0.8415
vn 0.6333 0.1684 -0.7553
vn 0.8982 0.2616 0.3534
vn 0.9268 -0.2017 -0.3168
vn -0.9512 -0.0871 -0.2959
vn -0.9373 0.2440 0.2488
vn -0.8652 0.2787 0.4169
vn -0.6629 0.6385 -0.3909
vn 0.9572 0.2456 0.1531
vn 0.7531 -0.5586 -0.3476
vn -0.8553 0.3310 -0.3987
vn -0.8630 -0.3156 -0.3945
vn 0.5895 -0.5495 -0.5920
vn 0.3663 -0.8662 -0.3399
vn 0.1436 0.8011 -0.5811
vn 0.1866 0.8045 -0.5639
vn 0.2008 0.8350 -0.5122
vn 0.7995 -0.2646 -0.5393
vn 0.7960 -0.0228 -0.6048
vn 0.7211 -0.1601 -0.6741
vn 0.7613 -0.4639 -0.4530
vn 0.7123 -0.4029 -0.5747
vn 0.4608 -0.4318 -0.7754
vn 0.3217 -0.6218 -0.7141
vn -0.9128 0.2046 -0.3534
vn 0.7537 0.0512 -0.6552
vn 0.7278 -0.0611 -0.6830
vn 0.7465 -0.0535 -0.6632
vn -0.0048 0.4125 -0.9110
vn -0.8786 -0.3230 0.3519
vn -0.7352 -0.5202 -0.4346
vn -0.8384 0.5440 0.0336
vn -0.8401 -0.5338 0.0964
vn 0.8565 0.1379 -0.4975
vn 0.7392 0.2949 -0.6055
vn 0.1078 0.2190 -0.9697
vn 0.0084 0.6341 -0.7732
vn -0.0995 0.2659 -0.9588
vn -0.3641 -0.5834 -0.7260
vn -0.2884 -0.6820 -0.6721
vn 0.6010 0.0870 -0.7945
vn 0.6814 -0.0156 -0.7317
vn 0.7907 0.2753 -0.5468
vn 0.6897 0.1903 -0.6986
vn 0.7687 0.2604 -0.5842
vn -0.6804 -0.7194 0.1397
vn -0.8859 -0.0521 -0.4609
vn -0.8456 -0.2955 -0.4446
vn 0.7850 -0.1000 -0.6114
vn -0.9409 -0.0464 -0.3354
vn 0.7485 -0.2149 -0.6274
vn 0.8132 -0.2228 -0.5376
vn 0.6880 -0.1418 -0.7117
vn 0.6428 -0.1368 -0.7537
vn 0.6226 -0.0392 -0.7816
vn -0.8951 0.0126 -0.4456
vn 0.1792 0.9332 -0.3115
vn 0.1711 0.9686 -0.1804
vn 0.2738 0.9405 -0.2014
vn -0.0213 0.8288 -0.5592
vn 0.0019 0.8709 -0.4915
vn 0.0152 0.7168 -0.6971
vn -0.3009 -0.5340 -0.7901
vn -0.1625 -0.2496 -0.9546
vn -0.1839 0.8208 0.5409
vn 0.5971 -0.7077 0.3776
vn 0.7261 -0.5873 0.3577
vn -0.9931 -0.0959 0.0679
vn -0.9959 0.0793 0.0428
vn 0.6968 0.3571 -0.6220
vn 0.8247 -0.3108 -0.4724
vn 0.8058 -0.4916 -0.3302
vn -0.9765 -0.1343 0.1687
vn 0.5622 -0.7990 -0.2134
vn -0.4869 -0.4152 0.7684
vn -0.3442 -0.5111 0.7876
vn -0.5578 0.6280 -0.5427
vn -0.2504 0.6230 -0.7411
vn -0.2395 0.9015 -0.3604
vn -0.5028 0.7603 -0.4113
vn 0.8256 0.0049 -0.5642
vn 0.8466 -0.1344 -0.5150
vn -0.6835 0.2858 -0.6717
vn -0.5476 0.3656 -0.7526
vn 0.8784 -0.2279 -0.4201
vn 0.7690 -0.3435 -0.5391
vn 0.7195 -0.6508 -0.2426
vn 0.6709 -0.6080 -0.4245
vn 0.5387 -0.7891 -0.2954
vn -0.5852 0.7102 0.3914
vn -0.8920 0.4160 0.1767
vn 0.8363 -0.2926 -0.4637
vn 0.4164 -0.5112 0.7519
vn 0.5720 -0.7967 0.1950
vn 0.3929 -0.9074 0.1493
vn -0.3913 0.7820 0.4851
vn -0.4500 0.7663 0.4585
vn -0.9597 0.1168 -0.2557
vn 0.0233 -0.9628 -0.2691
vn 0.1152 -0.7611 -0.6384
vn 0.1116 -0.9367 -0.3320
vn 0.6005 0.0294 -0.7991
vn 0.3139 0.0969 -0.9445
vn -0.2389 -0.3406 -0.9094
vn -0.6095 -0.3427 -0.7149
vn -0.4772 0.8784 -0.0272
vn -0.3964 0.8601 0.3212
vn -0.7047 0.6314 0.3238
vn -0.9278 -0.1504 -0.3413
vn 0.1824 -0.7890 0.5866
vn -0.8610 0.1682 -0.4800
vn -0.7868 0.5109 -0.3463
vn -0.6831 0.4160 -0.6003
vn -0.2128 0.6995 -0.6822
vn -0.1244 0.4704 -0.8737
vn -0.3359 0.4984 -0.7993
vn 0.6659 0.4416 -0.6013
vn 0.6070 0.3370 -0.7197
vn -0.7176 -0.6559 0.2339
vn 0.9261 0.1848 0.3290
vn -0.3522 -0.4003 0.8460
vn -0.6635 -0.1777 0.7267
vn -0.0100 0.3321 -0.9432
vn -0.4263 -0.7164 -0.5523
vn 0.2391 -0.4443 0.8634
vn 0.6055 -0.0211 -0.7956
vn -0.0278 -0.4053 -0.9138
vn 0.0018 -0.3769 -0.9263
vn 0.5622 -0.7577 0.3313
vn -0.1179 0.6889 -0.7152
vn 0.9225 0.3411 0.1808
vn -0.8074 0.5470 -0.2209
vn -0.6522 0.7041 0.2809
vn 0.9175 -0.1468 -0.3697
vn 0.8474 0.4735 0.2404
vn -0.0924 0.9034 -0.4187
vn 0.0803 0.8917 -0.4454
vn 0.0059 0.8484 -0.5293
vn 0.7725 -0.2809 -0.5695
vn 0.3033 0.4846 -0.8205
vn 0.5960 0.0591 -0.8008
vn 0.1908 0.4481 -0.8734
vn 0.6450 -0.1134 -0.7557
vn -0.8512 0.3991 0.3409
vn 0.8079 0.5683 -0.1558
vn 0.4758 -0.2366 -0.8471
vn -0.0059 -0.9896 0.1436
vn 0.0050 -0.9949 0.1008
vn -0.0764 -0.8157 0.5734
vn -0.0839 -0.7971 0.5980
vn 0.0392 -0.9835 0.1764
vn -0.6681 -0.4308 -0.6067
vn -0.5734 -0.5656 -0.5927
vn -0.3173 -0.6782 -0.6628
vn -0.9733 0.1747 -0.1487
vn -0.9049 -0.3987 -0.1490
vn -0.8645 -0.3944 -0.3115
vn -0.1752 -0.3236 -0.9298
vn 0.9052 0.3201 0.2797
vn 0.1852 -0.4561 -0.8704
vn 0.9582 0.1203 0.2597
vn -0.2320 -0.6270 0.7436
vn -0.4055 -0.8140 0.4160
vn -0.2801 -0.7915 0.5432
vn -0.5057 0.6356 0.5834
vn 0.2579 0.4332 -0.8636
vn 0.1202 0.5151 -0.8486
vn 0.1913 0.6870 -0.7010
vn 0.6100 0.1190 -0.7834
vn 0.9610 0.1604 0.2252
vn 0.6785 -0.7229 0.1307
vn -0.2897 -0.2691 -0.9185
vn -0.7828 -0.2606 -0.5651
vn 0.9227 0.2708 0.2742
vn 0.8306 0.4585 0.3161
vn -0.7560 -0.5760 0.3109
vn -0.8639 -0.3860 0.3235
vn -0.7952 -0.5621 0.2271
vn -0.1642 -0.2077 -0.9643
vn -0.5128 -0.2431 -0.8233
vn 0.6301 -0.6885 0.3590
vn 0.0569 -0.9828 -0.1756
vn -0.0349 -0.9991 -0.0251
vn -0.0763 -0.9050 -0.4186
vn 0.5285 -0.3845 -0.7569
vn 0.8111 0.5488 0.2026
vn -0.7752 -0.0069 -0.6317
vn 0.5597 0.7338 0.3850
vn 0.6593 0.7473 0.0833
vn 0.6411 0.6561 0.3981
vn 0.7013 0.7106 -0.0571
vn -0.5869 -0.7418 -0.3245
vn -0.5104 0.7957 0.3261
vn 0.3935 0.8798 -0.2666
vn 0.7444 0.6672 -0.0266
vn 0.5610 0.7969 0.2243
vn 0.3066 0.8024 0.5120
vn -0.0882 0.9904 0.1069
vn -0.0765 0.9558 0.2837
vn -0.5882 0.7990 -0.1248
vn 0.1461 0.9359 0.3205
vn -0.0001 0.9517 0.3069
vn 0.3723 0.9149 -0.1561
vn 0.2857 0.9575 0.0386
vn 0.2074 0.9334 0.2927
vn -0.0920 0.9079 0.4090
vn -0.2229 0.7962 0.5625
vn 0.0642 0.9970 -0.0438
vn -0.1353 0.9864 0.0931
vn 0.0580 0.9671 -0.2478
vn 0.2169 0.9397 0.2644
vn -0.6180 0.4223 -0.6632
vn 0.6423 0.7659 -0.0283
vn 0.0193 0.4130 -0.9105
vn 0.0968 0.9951 0.0201
vn 0.2639 0.9641 -0.0289
vn -0.8405 0.4283 -0.3319
vn -0.4190 0.8904 -0.1779
vn 0.1617 0.9810 0.1071
vn 0.0392 0.9807 0.1916
vn 0.0453 0.9113 0.4092
vn 0.3437 0.8767 -0.3364
vn 0.3463 0.9247 -0.1582
vn 0.1766 0.9618 -0.2090
vn -0.0130 0.9989 -0.0452
vn -0.6810 0.5267 -0.5088
vn 0.0932 0.9874 -0.1279
vn 0.0192 0.9986 -0.0493
vn -0.0247 0.9991 -0.0342
vn 0.2611 0.9652 0.0129
vn 0.4048 0.9139 -0.0294
vn 0.1775 0.9613 0.2105
vn 0.6061 0.7274 0.3217
vn 0.0454 0.8788 0.4750
vn -0.9358 -0.3039 0.1788
vn -0.7831 0.5203 0.3406
vn -0.4571 -0.5959 0.6603
vn -0.8884 -0.1797 0.4225
vn -0.7057 0.6193 -0.3441
vn -0.9163 0.1472 -0.3724
vn 0.5175 0.7987 0.3071
vn 0.6971 0.5721 0.4322
vn -0.0250 0.9011 0.4328
vn -0.3880 0.9150 0.1103
vn 0.1761 0.7563 -0.6301
vn 0.0053 0.9985 0.0547
vn 0.2268 0.9524 -0.2036
vn 0.0076 0.9437 0.3308
vn -0.7106 0.6121 0.3470
vn -0.0075 0.9308 -0.3655
vn -0.3605 -0.1673 -0.9176
vn -0.9866 0.1204 0.1100
vn 0.0056 0.8217 0.5699
vn -0.5588 0.8010 -0.2148
vn -0.8797 0.2811 0.3835
vn -0.9178 0.3785 0.1197
vn -0.9894 0.1365 0.0494
vn -0.1304 0.9545 -0.2683
vn 0.2238 0.9700 -0.0944
vn -0.8525 0.5077 -0.1245
vn 0.6509 0.5927 0.4744
vn -0.5203 0.4939 -0.6966
vn -0.5529 0.2228 -0.8029
vn -0.7776 0.2927 -0.5564
vn 0.8132 0.5818 -0.0139
vn -0.8493 0.2534 0.4630
vn -0.9015 0.3059 0.3063
vn 0.7603 0.6222 0.1865
vn -0.9902 -0.1362 -0.0307
vn 0.7716 0.6341 0.0495
vn -0.0816 -0.1904 -0.9783
vn 0.0415 -0.3378 -0.9403
vn -0.6812 0.7319 0.0170
vn 0.7624 0.5699 -0.3066
vn 0.5355 0.6062 0.5880
vn 0.5680 0.7122 0.4124
vn -0.5937 0.5653 0.5727
vn -0.5538 0.7718 0.3124
vn 0.0484 0.3365 -0.9404
vn 0.0142 0.5067 -0.8620
vn 0.2338 0.3381 -0.9116
vn 0.7482 0.6629 -0.0280
vn 0.6973 0.7050 0.1293
vn 0.6213 0.7288 0.2879
vn 0.7517 0.6438 -0.1433
vn 0.6735 0.7392 0.0067
vn 0.6098 0.7803 0.1389
vn 0.6541 0.6527 -0.3823
vn 0.7200 0.6443 -0.2580
vn -0.8958 0.2368 -0.3761
vn -0.0775 0.9214 -0.3807
vn -0.4914 0.3001 -0.8176
vn 0.6451 0.7544 -0.1212
vn 0.5160 0.7969 0.3143
vn 0.7035 0.5841 -0.4049
vn -0.7981 -0.5619 0.2177
vn 0.3895 0.8412 0.3749
vn 0.0311 0.8753 0.4826
vn 0.5775 0.8147 -0.0531
vn 0.5586 0.8284 0.0416
vn 0.4708 0.8617 0.1893
vn 0.3525 0.8027 0.4810
vn 0.5722 0.7614 -0.3046
vn 0.5615 0.8109 -0.1647
vn 0.4312 0.8972 0.0952
vn 0.3990 0.8767 0.2689
vn 0.4904 0.8238 -0.2845
vn 0.0196 0.2210 -0.9751
vn -0.7395 0.3961 -0.5443
vn -0.7764 -0.2415 -0.5821
vn -0.4732 -0.4352 -0.7660
vn -0.8441 -0.5361 -0.0101
vn -0.5430 0.6441 0.5388
vn -0.8558 -0.3243 0.4030
vn -0.9740 -0.0056 -0.2265
vn -0.3265 -0.8228 0.4652
vn -0.2674 -0.8931 0.3619
vn -0.3692 0.8011 0.4710
vn -0.4907 0.7308 0.4745
vn -0.6585 0.5289 0.5354
vn -0.3490 0.8002 0.4877
vn -0.2743 0.6487 0.7099
vn -0.4207 0.0292 0.9067
vn -0.5846 -0.0793 -0.8075
vn -0.3273 -0.0756 -0.9419
vn -0.5848 0.2398 -0.7749
vn -0.4766 0.6792 0.5582
vn -0.8142 -0.3606 0.4550
vn -0.6866 -0.3326 0.6465
vn -0.8136 0.2377 0.5306
vn -0.1916 -0.7619 -0.6187
vn -0.8029 -0.3209 0.5023
vn -0.8054 -0.3257 0.4953
vn -0.8495 0.0359 0.5264
vn -0.7255 0.4451 0.5248
vn 0.1566 0.3516 -0.9229
vn 0.0200 -0.9996 -0.0216
vn 0.0246 -0.9993 -0.0289
vn 0.0485 -0.9986 -0.0204
vn -0.7802 0.4477 -0.4370
vn -0.6261 0.4604 0.6293
vn -0.5466 0.2467 0.8003
vn -0.7647 -0.1936 0.6146
vn -0.6749 0.4354 0.5957
vn -0.4160 0.2562 -0.8725
vn -0.6941 0.2489 0.6755
vn -0.6849 0.7100 -0.1638
vn -0.6399 -0.3420 0.6882
vn -0.9781 0.1196 0.1703
vn -0.9144 0.3460 0.2103
vn -0.6001 0.3757 0.7062
vn -0.7246 0.2762 0.6314
vn -0.7766 -0.0731 0.6257
vn -0.2546 0.0682 -0.9646
vn -0.2677 0.1949 -0.9436
vn -0.3775 0.1120 -0.9192
vn -0.3666 -0.0051 -0.9304
vn -0.3460 0.1279 -0.9295
vn -0.3596 0.1105 -0.9265
vn -0.7864 0.0000 -0.6177
vn -0.6240 -0.2439 -0.7424
vn -0.7277 -0.5831 0.3613
vn -0.2856 -0.8557 0.4316
vn -0.7805 0.2312 0.5809
vn -0.9772 0.1242 0.1724
vn -0.5030 0.7176 0.4818
vn -0.2310 -0.8278 0.5112
vn -0.6167 -0.3741 0.6926
vn -0.8368 0.5460 -0.0414
vn -0.5772 0.5186 0.6308
vn -0.4745 0.6515 0.5919
vn 0.5383 0.7022 -0.4659
vn -0.2807 -0.2596 0.9240
vn -0.5032 -0.1749 0.8463
vn -0.5069 -0.0741 0.8588
vn -0.9682 0.1377 -0.2087
vn -0.1607 -0.0883 0.9831
vn -0.6542 0.1419 0.7429
vn -0.7182 0.0705 0.6923
vn -0.9298 -0.2313 -0.2861
vn -0.6310 -0.3399 0.6974
vn -0.6331 -0.4823 0.6055
vn -0.8404 0.4089 -0.3556
vn -0.9820 -0.0402 -0.1847
vn 0.1754 -0.5489 -0.8173
vn 0.2300 -0.6439 -0.7297
vn -0.6416 -0.1615 0.7498
vn -0.3699 -0.3323 0.8676
vn -0.7537 0.2819 0.5937
vn -0.6108 -0.0152 0.7916
vn -0.3771 0.1912 -0.9062
vn -0.4455 0.3408 -0.8279
vn -0.3349 0.3290 -0.8829
vn -0.7423 -0.0047 0.6701
vn -0.6667 -0.1460 0.7309
vn -0.1216 -0.3800 0.9170
vn -0.5076 -0.3693 -0.7784
vn -0.0609 -0.5817 0.8111
vn -0.0368 0.1956 -0.9800
vn -0.0681 0.2938 -0.9534
vn -0.9302 0.3666 0.0158
vn -0.7728 0.6211 -0.1306
vn -0.4731 0.1480 -0.8685
vn -0.6454 0.2709 -0.7142
vn -0.5079 0.2039 -0.8369
vn -0.7658 0.3908 0.5107
vn 0.2848 0.2989 -0.9108
vn 0.4354 0.3186 -0.8420
vn 0.4061 0.2858 -0.8680
vn -0.7173 -0.6799 -0.1525
vn -0.7800 0.1255 0.6131
vn -0.5861 0.1694 -0.7923
vn -0.8733 0.1274 0.4701
vn -0.7967 0.4021 0.4513
vn -0.7385 0.6481 0.1857
vn -0.7642 0.1512 0.6271
vn -0.3085 -0.2757 -0.9104
vn -0.5817 0.3914 -0.7130
vn -0.3635 0.0903 -0.9272
vn -0.9106 -0.3934 0.1271
vn -0.6778 0.1068 0.7275
vn -0.3827 -0.9213 0.0685
vn -0.8819 -0.2244 0.4146
vn -0.8445 -0.0768 0.5300
vn -0.8258 0.1225 0.5505
vn -0.7058 0.3735 0.6020
vn -0.7066 0.4523 -0.5442
vn -0.7404 -0.2899 0.6064
vn -0.8394 -0.1705 0.5161
vn -0.7755 0.2686 0.5714
vn -0.4657 -0.7831 -0.4122
vn -0.6040 0.0877 0.7921
vn -0.6927 0.3771 0.6148
vn -0.7684 0.0237 0.6395
vn -0.5254 0.0019 -0.8509
vn -0.2799 -0.0423 -0.9591
vn -0.1319 -0.2057 -0.9697
vn -0.6917 0.1628 0.7036
vn -0.0980 -0.8897 0.4458
vn -0.1293 0.1168 -0.9847
vn 0.4599 0.7748 -0.4338
vn -0.6341 0.6223 0.4589
vn -0.7990 -0.1466 0.5832
vn -0.7608 -0.3891 0.5194
vn -0.7254 0.2185 0.6527
vn -0.3691 0.8964 -0.2456
vn -0.7113 0.3948 0.5816
vn -0.6571 0.5382 0.5277
vn -0.6091 0.4814 0.6303
vn -0.7797 -0.1531 0.6072
vn -0.7695 0.0712 0.6347
vn -0.7524 -0.3598 0.5517
vn 0.1542 0.2154 -0.9643
vn 0.1807 0.4074 -0.8952
vn 0.1393 0.2767 -0.9508
vn -0.3577 0.0724 -0.9310
vn -0.5972 0.0983 -0.7961
vn -0.5202 -0.0153 -0.8539
vn -0.7171 -0.5552 0.4214
vn 0.0985 -0.2186 -0.9708
vn 0.2269 -0.5908 -0.7742
vn 0.0462 0.2115 -0.9763
vn -0.8030 0.0923 0.5888
vn -0.0090 0.1405 -0.9900
vn -0.6061 0.7744 0.1816
vn -0.6985 -0.0292 -0.7150
vn -0.5658 -0.1474 -0.8113
vn -0.6039 -0.3008 -0.7381
vn -0.4216 -0.0031 -0.9068
vn -0.0545 -0.9936 0.0988
vn 0.0168 -0.9998 -0.0071
vn -0.3820 0.4409 -0.8122
vn -0.3571 -0.6381 0.6821
vn -0.0247 0.3529 -0.9353
vn -0.6294 -0.4441 0.6377
vn -0.5675 0.0160 -0.8232
vn 0.3343 -0.5093 -0.7930
vn -0.3577 -0.0734 -0.9309
vn 0.3303 0.4311 -0.8397
vn 0.3586 0.4299 -0.8286
vn 0.3296 0.3182 -0.8889
vn -0.0892 0.6604 -0.7456
vn -0.0287 0.5987 -0.8005
vn -0.0387 0.6357 -0.7710
vn -0.4436 0.0694 -0.8935
vn 0.1191 0.8386 -0.5316
vn -0.0517 0.3846 -0.9216
vn -0.1992 0.6290 -0.7515
vn 0.1094 0.8585 -0.5010
vn 0.1628 0.7165 -0.6784
vn 0.1081 0.6119 -0.7835
vn -0.0455 0.7293 -0.6827
vn 0.1425 0.7342 -0.6638
vn 0.3065 0.6788 -0.6673
vn 0.3914 0.4497 -0.8029
vn 0.5555 0.3228 -0.7663
vn -0.8611 -0.2861 -0.4203
vn -0.3848 0.5900 -0.7098
vn -0.6601 -0.1924 -0.7261
vn -0.6511 -0.5170 -0.5557
vn -0.6518 -0.3075 -0.6933
vn -0.4629 -0.3666 -0.8071
vn -0.9603 0.0096 -0.2788
vn -0.8888 -0.0856 -0.4502
vn -0.4509 -0.6556 -0.6057
vn -0.9385 -0.1590 -0.3064
vn -0.5254 -0.6075 -0.5958
vn -0.6481 -0.5793 -0.4944
vn -0.9823 0.0448 -0.1820
vn -0.9657 0.0181 -0.2592
vn -0.7180 -0.5726 -0.3957
vn -0.6282 0.7517 -0.2009
vn -0.5637 -0.6515 -0.5077
vn -0.9380 -0.2718 -0.2151
vn -0.9637 -0.1777 -0.1992
vn -0.6420 -0.6563 -0.3964
vn -0.8678 -0.4045 -0.2887
vn -0.0197 0.7902 -0.6126
vn 0.2809 0.5925 -0.7550
vn 0.2726 0.4710 -0.8390
vn -0.4863 0.7155 -0.5016
vn -0.5460 0.6930 -0.4708
vn -0.2993 -0.9350 -0.1902
vn -0.9803 0.1330 -0.1457
vn -0.0340 0.6127 -0.7896
vn 0.0444 0.4861 -0.8728
vn -0.0504 0.7235 -0.6885
vn -0.1414 -0.9879 0.0638
vn -0.4030 -0.8699 0.2842
vn -0.1652 -0.9716 0.1692
vn -0.7633 -0.6254 0.1620
vn -0.0360 -0.9991 -0.0203
vn -0.3703 -0.8992 -0.2333
vn -0.1144 0.7257 -0.6784
vn -0.0917 0.3773 -0.9215
vn -0.7067 -0.3057 -0.6381
vn -0.7322 -0.2825 -0.6197
vn -0.8080 -0.1322 -0.5742
vn -0.8469 0.1004 -0.5223
vn -0.8971 -0.3940 -0.2001
vn 0.6010 0.4758 -0.6422
vn 0.5636 0.3243 -0.7597
vn -0.7838 -0.3631 -0.5038
vn -0.8635 -0.2955 -0.4087
vn -0.3956 0.7795 -0.4857
vn -0.6881 0.5688 -0.4506
vn -0.8538 0.3366 -0.3972
vn -0.7139 -0.6222 -0.3211
vn 0.1786 0.4919 -0.8521
vn -0.0547 0.3855 -0.9211
vn 0.1264 0.5609 -0.8182
vn 0.1243 0.3349 -0.9340
vn -0.8650 -0.3006 -0.4017
vn -0.9248 -0.1466 -0.3510
vn -0.8909 0.1492 -0.4290
vn -0.9952 0.0571 0.0795
vn -0.8465 -0.2755 -0.4555
vn -0.9314 0.0191 -0.3636
vn -0.9037 -0.3458 -0.2524
vn -0.9081 -0.2598 -0.3284
vn -0.9102 -0.2765 -0.3084
vn -0.9576 -0.2755 -0.0841
vn 0.1273 0.4030 -0.9063
vn -0.8154 -0.1396 -0.5618
vn -0.9073 -0.2798 -0.3138
vn -0.8602 0.1709 -0.4805
vn -0.8897 -0.2983 -0.3457
vn -0.6690 0.2341 -0.7055
vn -0.6758 0.4892 -0.5513
vn -0.5241 0.5273 -0.6687
vn -0.9241 -0.1598 -0.3470
vn -0.7938 -0.4421 0.4176
vn -0.6151 0.1689 -0.7702
vn -0.6955 0.3858 -0.6061
vn -0.7050 -0.6123 -0.3579
vn 0.0573 0.1387 -0.9887
vn 0.1118 -0.4278 -0.8969
vn -0.2545 -0.9150 0.3129
vn -0.1596 -0.9867 0.0320
vn -0.0038 -0.9974 0.0714
vn -0.9751 -0.2078 -0.0774
vn 0.3140 0.7945 -0.5197
vn 0.1774 0.7973 -0.5769
vn -0.8608 0.3617 -0.3580
vn -0.3937 0.8548 -0.3383
vn -0.8929 -0.2546 -0.3714
vn -0.3201 0.6673 -0.6725
vn -0.7506 -0.6431 -0.1518
vn -0.9830 0.1667 -0.0774
vn -0.8976 -0.3551 -0.2613
vn -0.9560 0.2843 -0.0725
vn -0.6120 0.2342 -0.7554
vn -0.6058 -0.0605 -0.7933
vn -0.6538 0.1764 -0.7358
vn -0.9217 0.2652 -0.2830
vn 0.1913 -0.5338 -0.8237
vn -0.8102 -0.5259 -0.2590
vn -0.6654 0.5940 -0.4520
vn -0.8263 0.5040 -0.2514
vn -0.9506 0.1733 -0.2574
vn -0.9439 -0.1540 -0.2923
vn -0.2578 -0.5373 -0.8030
vn -0.9737 -0.2277 0.0022
vn 0.4960 0.3616 -0.7894
vn 0.6072 0.1935 -0.7706
vn -0.1636 0.3275 -0.9306
vn -0.7806 -0.6016 -0.1695
vn -0.8092 0.5067 -0.2976
vn -0.9418 -0.1172 -0.3150
vn 0.5286 0.6175 -0.5825
vn 0.4642 0.5450 -0.6982
vn 0.4179 0.5029 -0.7566
vn 0.0186 -0.9974 0.0702
vn -0.6649 -0.5799 -0.4708
vn -0.6023 -0.5246 -0.6017
vn -0.5097 -0.7012 -0.4985
vn -0.6084 -0.7705 0.1902
vn -0.9860 -0.1260 -0.1091
vn -0.9145 0.2905 -0.2818
vn -0.8419 0.3964 -0.3661
vn 0.1639 0.2449 -0.9556
vn 0.0044 0.7202 -0.6938
vn -0.0594 0.7142 -0.6975
vn 0.4579 0.4969 -0.7372
vn 0.3707 0.5212 -0.7688
vn -0.9228 -0.3699 -0.1081
vn -0.6002 -0.3641 -0.7122
vn -0.7139 -0.2760 -0.6436
vn -0.5656 -0.1422 -0.8124
vn -0.2845 -0.9108 0.2992
vn -0.1682 0.8638 -0.4749
vn -0.6404 0.6770 -0.3627
vn 0.2664 0.8532 -0.4485
vn -0.4716 -0.8313 -0.2942
vn -0.5496 -0.7701 -0.3238
vn -0.6790 -0.6848 -0.2645
vn -0.9480 -0.1910 -0.2544
vn -0.7432 -0.0834 -0.6639
vn -0.7411 -0.0227 -0.6710
vn -0.6025 0.0571 -0.7961
vn -0.6857 0.1761 -0.7062
vn -0.0865 0.5609 -0.8234
vn -0.9924 -0.1147 -0.0454
vn -0.8602 -0.1972 -0.4703
vn -0.7388 0.2124 -0.6396
vn -0.9797 -0.0276 -0.1984
vn -0.0900 0.5403 -0.8366
vn -0.7525 -0.1499 -0.6412
vn -0.0483 0.9288 -0.3674
vn 0.2363 0.8470 -0.4762
vn 0.1956 -0.5745 -0.7947
vn 0.2067 -0.0611 -0.9765
vn 0.4674 0.1654 -0.8684
vn 0.4614 0.4335 -0.7740
vn 0.4927 0.4124 -0.7663
vn 0.2111 -0.0880 -0.9735
vn -0.8008 0.0740 -0.5944
vn 0.3546 0.6838 -0.6377
vn -0.7054 -0.4255 -0.5670
vn 0.3854 0.3823 -0.8398
vn 0.4768 0.2147 -0.8524
vn 0.0161 0.6815 -0.7317
vn 0.0151 -0.9998 -0.0107
vn 0.1541 0.3479 -0.9248
vn -0.9785 0.0957 -0.1829
vn -0.0909 0.5768 -0.8118
vn -0.1712 0.5425 -0.8224
vn -0.7514 -0.3329 -0.5697
vn -0.7833 -0.1172 -0.6105
vn 0.0230 -0.9995 -0.0229
vn -0.0638 0.6358 -0.7692
vn -0.0887 0.6743 -0.7332
vn -0.1043 0.7785 -0.6189
vn 0.1905 0.2741 -0.9426
vn -0.9003 -0.1614 -0.4041
vn -0.6723 -0.3254 -0.6649
vn -0.6099 -0.7060 -0.3599
vn -0.7936 -0.2989 -0.5299
vn 0.0062 0.5166 -0.8562
vn -0.8390 -0.0375 -0.5428
vn -0.8664 0.3594 -0.3467
vn -0.8094 -0.4299 -0.4000
vn -0.8359 -0.3974 -0.3786
vn -0.8980 -0.0465 -0.4375
vn -0.8439 0.1580 -0.5127
vn -0.7551 0.2833 -0.5912
vn -0.5981 0.3127 -0.7378
vn -0.6747 0.7177 -0.1725
vn -0.0479 0.6978 -0.7147
vn -0.4880 -0.6912 -0.5330
vn -0.5900 -0.7017 -0.3994
vn -0.7993 0.2460 -0.5482
vn -0.7081 -0.1432 -0.6914
vn -0.8788 0.1909 -0.4374
vn -0.7358 0.4695 -0.4880
vn -0.4149 0.8457 -0.3357
vn -0.5776 0.3560 -0.7346
vn -0.6562 -0.6754 -0.3365
vn -0.5457 -0.5684 -0.6157
vn -0.6935 -0.6624 -0.2834
vn -0.8592 -0.3746 -0.3485
vn -0.9157 0.0858 -0.3926
vn -0.7880 0.1546 -0.5959
vn -0.9129 -0.1406 -0.3833
vn -0.9503 0.0212 -0.3106
vn -0.2277 0.7645 -0.6031
vn 0.0676 -0.9968 0.0438
vn -0.6172 0.1717 -0.7678
vn -0.7351 0.5411 -0.4085
vn -0.5795 0.7809 -0.2330
vn -0.7285 -0.2410 -0.6412
vn -0.8630 0.0433 -0.5034
vn -0.6683 -0.0205 -0.7436
vn -0.7510 0.1887 -0.6328
vn 0.4572 0.2489 -0.8538
vn 0.5079 0.2733 -0.8169
vn -0.7623 0.4068 -0.5033
vn -0.8230 -0.4877 -0.2912
vn 0.5561 0.4886 -0.6723
vn -0.7539 0.6118 -0.2395
vn -0.6835 -0.6838 -0.2554
vn 0.5440 0.1052 -0.8325
vn 0.3250 0.4082 -0.8530
vn 0.4073 0.1531 -0.9004
vn 0.5814 0.5814 -0.5691
vn -0.2126 0.7982 -0.5636
vn -0.0011 0.7996 -0.6005
vn 0.4726 0.6361 -0.6100
vn 0.0495 0.4201 -0.9061
vn 0.3997 0.7585 -0.5148
vn 0.4406 0.6089 -0.6596
vn 0.8289 0.1091 -0.5486
vn -0.0513 -0.9512 0.3044
vn -0.0138 -0.6436 0.7652
vn 0.0724 -0.7344 0.6748
vn -0.2397 -0.9708 -0.0061
vn -0.2415 -0.9566 -0.1633
vn 0.2553 0.4520 -0.8547
vn 0.2391 0.6586 -0.7135
vn 0.1342 0.5684 -0.8117
vn -0.1206 0.8793 -0.4607
vn 0.2960 0.6719 -0.6789
vn 0.3501 0.6903 -0.6332
vn 0.1041 0.5266 -0.8437
vn 0.0231 -0.9972 0.0704
vn 0.0393 0.5164 -0.8554
vn 0.5349 0.4249 -0.7303
vn -0.0083 0.4114 -0.9114
vn -0.2325 -0.9696 -0.0766
vn -0.2198 0.8769 -0.4275
vn 0.5570 0.5797 -0.5948
vn -0.2982 0.6147 -0.7302
vn -0.2608 -0.9555 0.1378
vn -0.0014 -0.9995 0.0323
vn 0.3279 0.3136 -0.8911
vn -0.3690 0.2586 -0.8927
vn 0.1210 0.1692 -0.9781
vn -0.0152 0.8277 -0.5609
vn -0.2678 0.8494 -0.4548
vn 0.2774 -0.5544 -0.7847
vn 0.2937 0.3456 -0.8913
vn 0.5618 0.2700 -0.7820
vn 0.4335 0.1897 -0.8810
vn -0.0285 0.3510 -0.9359
vn 0.0531 0.4361 -0.8984
vn -0.0423 0.4164 -0.9082
vn -0.5744 -0.8086 -0.1271
vn -0.1256 0.4412 -0.8886
vn 0.5753 0.2918 -0.7641
vn 0.0933 0.7260 -0.6813
vn 0.1432 0.4188 -0.8967
vn -0.0990 0.6783 -0.7281
vn -0.2040 0.6708 -0.7130
vn -0.2336 0.5283 -0.8163
vn -0.3220 0.5604 -0.7631
vn 0.1740 -0.1907 -0.9661
vn 0.2891 0.2836 -0.9143
vn 0.4747 0.3829 -0.7925
vn 0.1219 0.6826 -0.7205
vn 0.3207 0.1934 -0.9272
vn 0.5411 0.6137 -0.5750
vn -0.1340 0.5205 -0.8433
vn -0.0895 0.7710 -0.6305
vn -0.0452 0.4381 -0.8978
vn -0.0953 0.6420 -0.7608
vn -0.0003 0.6669 -0.7452
vn 0.0853 0.8838 -0.4600
vn 0.0611 0.4866 -0.8715
vn 0.1058 0.7609 -0.6402
vn -0.0066 0.4650 -0.8853
vn 0.1490 0.8710 -0.4682
vn -0.4296 -0.6993 0.5714
vn 0.0647 0.1401 -0.9880
vn 0.1350 0.5527 -0.8224
vn 0.2054 -0.5375 0.8179
vn 0.2249 0.6101 -0.7598
vn 0.2920 0.8104 -0.5080
vn 0.3542 0.0986 -0.9300
vn -0.6460 -0.6300 -0.4311
vn 0.2271 0.2184 -0.9491
vn 0.0931 0.6165 -0.7819
vn -0.0225 0.4836 -0.8750
vn 0.5136 0.0946 -0.8528
vn -0.5326 -0.2015 -0.8220
vn -0.5640 -0.0915 -0.8207
vn -0.4630 0.3554 -0.8120
vn -0.2630 -0.1109 -0.9584
vn -0.3849 -0.2779 -0.8801
vn -0.3051 0.0169 -0.9522
vn -0.4123 0.1367 -0.9007
vn 0.4324 -0.2385 -0.8696
vn -0.1516 0.2999 -0.9418
vn -0.2133 0.3817 -0.8993
vn 0.1919 -0.0314 -0.9809
vn 0.0483 0.2560 -0.9655
vn 0.2601 -0.3156 -0.9125
vn -0.1893 -0.4166 -0.8892
vn 0.5215 -0.0186 -0.8530
vn -0.4055 -0.2414 -0.8816
vn -0.4252 -0.2216 -0.8776
vn -0.3687 0.1802 -0.9119
vn -0.4791 -0.6655 -0.5723
vn -0.3196 -0.6012 -0.7324
vn -0.3636 -0.7030 -0.6112
vn -0.5019 -0.1010 -0.8590
vn -0.5163 -0.4891 -0.7030
vn 0.1224 -0.3158 -0.9409
vn -0.2457 0.2301 -0.9416
vn -0.2567 0.1828 -0.9491
vn -0.4377 0.1478 -0.8869
vn 0.0670 -0.0203 -0.9975
vn -0.0932 -0.4928 -0.8652
vn -0.0266 -0.9984 -0.0506
vn -0.2313 0.1448 -0.9620
vn -0.2856 0.0032 -0.9583
vn -0.2888 0.2874 -0.9132
vn -0.1231 0.0170 -0.9922
vn -0.4644 0.0002 -0.8856
vn -0.0503 -0.3413 -0.9386
vn -0.4081 -0.5230 -0.7482
vn 0.1183 -0.2187 -0.9686
vn -0.2567 -0.1253 -0.9583
vn 0.0685 -0.4270 -0.9016
vn -0.0604 0.3584 -0.9316
vn 0.0616 -0.2798 -0.9581
vn -0.3313 -0.3795 -0.8639
vn 0.0279 -0.3014 -0.9531
vn -0.3568 -0.7216 -0.5933
vn -0.3999 -0.2616 -0.8784
vn -0.2491 -0.2982 -0.9214
vn -0.4021 -0.3154 -0.8596
vn -0.1079 -0.3136 -0.9434
vn -0.0296 -0.9990 0.0349
vn -0.2401 -0.2516 -0.9376
vn -0.0116 -0.1413 -0.9899
vn -0.1792 -0.2841 -0.9419
vn 0.3281 -0.3583 -0.8741
vn 0.2487 0.2541 -0.9347
vn -0.3442 -0.4149 -0.8423
vn 0.6070 -0.1284 -0.7842
vn 0.4781 0.0352 -0.8776
vn -0.1077 0.2372 -0.9655
vn 0.4252 -0.4955 -0.7574
vn -0.2615 -0.3635 -0.8941
vn 0.4356 0.0536 -0.8985
vn 0.3850 -0.3272 -0.8629
vn 0.4215 -0.1146 -0.8995
vn 0.4537 -0.1138 -0.8839
vn 0.4070 0.0171 -0.9133
vn 0.3924 0.0934 -0.9151
vn 0.3450 -0.4210 -0.8389
vn 0.3068 -0.0803 -0.9484
vn 0.2929 -0.1837 -0.9383
vn -0.2193 0.2882 -0.9321
vn 0.3064 -0.1736 -0.9359
vn 0.4162 0.0312 -0.9087
vn -0.6400 -0.7466 0.1817
vn 0.3079 -0.3528 -0.8836
vn 0.4175 0.0690 -0.9061
vn -0.5771 -0.8157 0.0385
vn -0.3467 -0.9380 0.0052
vn 0.3158 -0.3860 -0.8668
vn 0.2373 -0.2195 -0.9463
vn 0.4544 -0.0005 -0.8908
vn 0.2039 -0.2054 -0.9572
vn 0.3035 -0.0984 -0.9477
vn 0.4620 0.0736 -0.8838
vn 0.0967 -0.2481 -0.9639
vn 0.0960 -0.4257 -0.8997
vn 0.1865 -0.4565 -0.8700
vn 0.2429 -0.0606 -0.9682
vn 0.2710 -0.2485 -0.9300
vn 0.3353 -0.4432 -0.8313
vn 0.1103 -0.1923 -0.9751
vn 0.2891 -0.0966 -0.9524
vn 0.1643 -0.0801 -0.9831
vn 0.2415 -0.1699 -0.9554
vn 0.2677 -0.2581 -0.9283
vn 0.4725 -0.1432 -0.8696
vn 0.3550 0.1037 -0.9291
vn 0.2783 0.1244 -0.9524
vn 0.2036 -0.3497 -0.9145
vn 0.2567 -0.2097 -0.9435
vn 0.3612 0.0767 -0.9293
vn -0.0423 -0.2141 -0.9759
vn 0.2340 -0.1080 -0.9662
vn 0.2559 0.0297 -0.9663
vn 0.2126 -0.6341 -0.7435
vn 0.3355 -0.4847 -0.8078
vn 0.2950 -0.2291 -0.9276
vn 0.3596 0.1398 -0.9226
vn 0.2114 -0.2357 -0.9486
vn 0.2114 -0.1758 -0.9615
vn 0.2060 -0.2026 -0.9574
vn 0.2132 -0.3032 -0.9288
vn 0.1238 -0.4543 -0.8822
vn 0.2967 -0.0445 -0.9539
vn 0.1215 -0.7135 -0.6900
vn 0.2220 -0.2669 -0.9378
vn 0.2223 -0.0509 -0.9736
vn 0.1252 -0.1264 -0.9840
vn 0.1173 -0.5146 -0.8493
vn 0.2282 -0.1552 -0.9612
vn 0.4154 0.0346 -0.9090
vn 0.2360 -0.0623 -0.9698
vn 0.1423 -0.0742 -0.9870
vn 0.1541 -0.3067 -0.9393
vn 0.2272 0.0406 -0.9730
vn 0.1657 -0.2817 -0.9451
vn 0.2067 -0.1008 -0.9732
vn 0.2243 -0.1756 -0.9586
vn 0.1110 -0.4672 -0.8771
vn 0.0061 -0.5130 -0.8584
vn 0.1123 -0.2881 -0.9510
vn 0.1885 -0.1443 -0.9714
vn -0.0719 -0.8135 0.5771
vn 0.0306 -0.7121 -0.7014
vn 0.0832 -0.4350 -0.8966
vn 0.1804 -0.1636 -0.9699
vn 0.2007 -0.2355 -0.9509
vn 0.0330 -0.3800 -0.9244
vn 0.1602 -0.2817 -0.9460
vn 0.1238 -0.0808 -0.9890
vn 0.2554 -0.1711 -0.9516
vn 0.2657 -0.1402 -0.9538
vn 0.1235 -0.0383 -0.9916
vn 0.1228 0.0097 -0.9924
vn -0.1113 -0.4431 -0.8895
vn 0.1042 -0.3214 -0.9412
vn 0.2042 -0.1854 -0.9612
vn 0.8591 -0.5079 -0.0633
vn -0.1157 -0.6046 0.7881
vn -0.5602 -0.0937 -0.8231
vn 0.1166 -0.0449 -0.9922
vn 0.0007 -0.4044 -0.9146
vn 0.0683 -0.2829 -0.9567
vn 0.4441 -0.8825 0.1549
vn 0.0937 -0.0387 -0.9948
vn -0.0444 -0.1043 -0.9936
vn -0.4307 -0.6991 -0.5707
vn -0.1895 -0.4678 -0.8633
vn -0.1684 -0.3750 -0.9116
vn 0.3520 -0.8333 0.4264
vn -0.0727 -0.1776 -0.9814
vn 0.1947 -0.8551 0.4805
vn -0.0848 -0.9950 -0.0520
vn 0.0399 -0.9770 0.2097
vn -0.3438 -0.3932 -0.8527
vn -0.1419 -0.2542 -0.9567
vn -0.0782 0.1181 -0.9899
vn -0.4921 -0.1516 -0.8573
vn -0.5711 -0.7956 -0.2021
vn -0.7545 -0.4415 -0.4856
vn -0.0869 -0.0404 -0.9954
vn -0.1829 -0.1345 -0.9739
vn -0.4202 -0.3257 -0.8470
vn -0.4244 -0.8629 0.2746
vn -0.3458 -0.1953 -0.9178
vn -0.3232 -0.0661 -0.9440
vn -0.2886 0.0987 -0.9523
vn -0.2868 -0.5430 0.7892
vn -0.2432 -0.8606 0.4475
vn 0.0504 -0.9978 0.0427
vn 0.1055 -0.9918 0.0721
vn -0.2076 -0.9782 -0.0017
vn -0.1715 -0.9825 -0.0722
vn 0.1372 -0.9402 0.3118
vn 0.0138 -0.9998 0.0157
vn 0.1773 -0.5609 0.8087
vn 0.0347 -0.9990 -0.0294
vn -0.1777 -0.9838 0.0225
vn 0.0352 -0.9790 0.2008
vn -0.1564 -0.9462 0.2833
vn -0.4771 -0.8782 -0.0328
vn -0.1911 -0.9097 -0.3686
vn 0.0418 -0.9991 0.0084
vn 0.4603 -0.8802 0.1156
vn -0.6674 -0.7028 0.2462
vn -0.5255 -0.7308 0.4356
vn -0.3655 -0.9037 0.2229
vn -0.2976 -0.9323 0.2057
vn -0.4342 -0.8940 0.1104
vn 0.4046 -0.8743 0.2681
vn -0.0215 -0.9983 0.0544
vn 0.0066 -1.0000 0.0047
vn -0.1234 -0.6233 0.7722
vn -0.1229 -0.9914 -0.0450
vn -0.6348 -0.7710 0.0498
vn 0.0882 -0.9482 0.3051
vn 0.0628 -0.9585 0.2780
vn 0.2271 -0.9688 0.0991
vn -0.0252 -0.9993 0.0278
vn -0.4301 -0.8736 0.2275
vn -0.4412 -0.8885 0.1264
vn 0.1834 -0.9828 -0.0214
vn 0.0020 -0.9993 -0.0379
vn 0.0311 -0.9993 -0.0224
vn -0.8207 -0.5288 -0.2163
vn -0.1543 -0.9686 0.1947
vn -0.4908 -0.8602 0.1388
vn -0.4837 -0.8705 -0.0911
vn -0.4666 -0.8812 0.0760
vn 0.3236 -0.8757 0.3584
vn 0.0567 -0.9984 0.0025
vn 0.3899 -0.9208 -0.0112
vn -0.6247 -0.7809 0.0034
vn 0.2608 -0.9515 -0.1631
vn 0.1733 -0.9785 0.1121
vn -0.6019 -0.6803 0.4182
vn 0.3353 -0.9148 0.2252
vn -0.6510 -0.7375 -0.1796
vn -0.8920 -0.4520 0.0074
vn -0.6979 -0.7147 0.0458
vn -0.6630 -0.7037 -0.2554
vn -0.3835 -0.9130 -0.1393
vn 0.0685 -0.9976 -0.0136
vn 0.1478 -0.9874 -0.0567
vn -0.4728 -0.8811 -0.0072
vn -0.0569 -0.9924 0.1090
vn -0.4868 -0.7998 0.3511
vn -0.1195 -0.8314 0.5427
vn -0.4072 -0.8166 0.4091
vn -0.6882 -0.5599 0.4615
vn -0.3132 -0.9410 0.1283
vn 0.0190 -0.9961 0.0859
vn 0.2940 -0.9412 0.1663
vn 0.0040 -0.9944 0.1053
vn -0.2880 -0.9534 0.0898
vn -0.2607 -0.8381 0.4791
vn -0.3004 -0.6512 0.6969
vn -0.3636 -0.9038 0.2256
vn -0.4876 -0.7017 0.5195
vn -0.1302 -0.9341 0.3325
vn 0.2653 -0.9284 0.2600
vn 0.0314 -0.9970 0.0706
vn -0.6741 -0.7155 0.1832
vn -0.5145 -0.8197 -0.2518
vn -0.7058 -0.6287 0.3264
vn -0.5829 -0.8069 -0.0955
vn -0.6879 -0.7258 0.0067
vn -0.6627 -0.7452 0.0738
vn -0.0826 -0.8630 0.4983
vn -0.3352 -0.8401 0.4265
vn -0.6446 -0.6133 0.4565
vn -0.5597 -0.7576 0.3358
vn -0.5839 -0.7339 0.3472
vn 0.1627 -0.9199 0.3568
vn -0.3410 -0.9193 -0.1964
vn -0.4477 -0.8922 -0.0599
vn -0.5489 -0.7868 0.2823
vn -0.6136 -0.6137 0.4968
vn -0.4470 -0.8615 -0.2410
vn -0.1854 -0.9823 -0.0279
vn -0.4748 -0.8730 0.1118
vn -0.3386 -0.9358 -0.0977
vn -0.3175 -0.9481 0.0145
vn -0.3615 -0.9042 0.2275
vn -0.4588 -0.7495 0.4773
vn -0.0356 -0.9993 0.0147
vn -0.3807 -0.8565 0.3485
vn -0.4758 -0.6689 0.5711
vn -0.4947 -0.5329 0.6865
vn -0.1347 -0.9873 0.0848
vn -0.4229 -0.8037 0.4186
vn 0.2351 -0.9716 -0.0267
vn -0.0279 -0.9972 -0.0691
vn -0.0035 -1.0000 -0.0062
vn -0.2725 -0.9435 0.1887
vn -0.3459 -0.6695 0.6574
vn -0.2343 -0.9650 0.1177
vn -0.2249 -0.9742 0.0181
vn -0.2628 -0.9129 0.3122
vn -0.2968 -0.8642 0.4062
vn -0.3178 -0.7921 0.5212
vn 0.0098 -0.9999 -0.0023
vn -0.0417 -0.9987 0.0292
vn -0.2323 -0.7500 0.6193
vn -0.2364 -0.6291 0.7405
vn -0.0510 -0.9963 -0.0699
vn -0.3807 -0.9086 -0.1716
vn -0.0200 -0.9997 -0.0165
vn 0.0387 -0.9992 0.0097
vn 0.0612 -0.9978 -0.0260
vn -0.0805 -0.9966 0.0179
vn 0.0278 -0.9995 -0.0177
vn -0.0454 -0.9972 0.0592
vn -0.1425 -0.9826 0.1187
vn -0.0170 -0.9990 0.0421
vn -0.0895 -0.6427 0.7609
vn 0.3108 -0.9435 0.1147
vn 0.1665 -0.9803 0.1059
vn -0.0169 -0.9295 0.3683
vn 0.1404 -0.7277 0.6714
vn -0.0057 -0.9995 0.0298
vn -0.2618 -0.9263 0.2709
vn 0.1226 -0.9684 0.2174
vn 0.1332 -0.9905 -0.0333
vn 0.5420 -0.7382 0.4016
vn 0.7782 -0.6102 0.1486
vn -0.1905 -0.5713 0.7983
vn 0.1894 -0.7340 0.6522
vn 0.3700 -0.7995 0.4732
vn 0.3895 -0.9048 0.1719
vn 0.0204 -0.8883 0.4587
vn -0.4027 -0.7106 0.5770
vn -0.0192 -0.9958 0.0896
vn 0.0159 -0.9996 0.0237
vn -0.0243 -0.6633 0.7480
vn 0.0926 -0.9892 0.1139
vn 0.0710 -0.9973 -0.0202
vn 0.0583 -0.8894 0.4534
vn -0.1868 -0.9228 0.3370
vn -0.3354 -0.9255 0.1759
usemtl StanfordBunny
s 1
f 1/1/1 2/2/2 3/3/3
f 4/4/4 5/5/5 6/6/6
f 7/7/7 8/8/8 9/9/9
f 10/10/10 11/11/11 12/12/12
f 9/9/9 13/13/13 14/14/14
f 15/15/15 16/16/16 17/17/17
f 18/18/18 19/19/19 20/20/20
f 21/21/21 22/22/22 23/23/23
f 24/24/24 25/25/25 26/26/26
f 27/27/27 28/28/28 29/29/29
f 30/30/30 31/31/31 32/32/32
f 33/33/33 34/34/34 35/35/35
f 36/36/36 37/37/37 38/38/38
f 19/19/19 39/39/39 20/20/20
f 40/40/40 24/24/24 41/41/41
f 42/42/42 43/43/43 44/44/44
f 45/45/45 46/46/46 47/47/47
f 48/48/48 49/49/49 50/50/50
f 51/51/51 52/52/52 53/53/53
f 54/54/54 55/55/55 42/42/42
f 56/56/56 57/57/57 54/54/54
f 58/58/58 59/59/59 60/60/60
f 44/44/44 43/43/43 61/61/61
f 62/62/62 63/63/63 64/64/64
f 55/55/55 43/43/43 42/42/42
f 65/65/65 66/66/66 67/67/67
f 68/68/68 69/69/69 70/70/70
f 71/71/71 72/72/72 73/73/73
f 74/74/74 75/75/75 76/76/76
f 77/77/77 78/78/78 79/79/79
f 80/80/80 81/81/81 25/25/25
f 82/82/82 83/83/83 73/73/73
f 72/72/72 82/82/82 73/73/73
f 84/84/84 85/85/85 86/86/86
f 8/8/8 13/13/13 9/9/9
f 87/87/87 88/88/88 89/89/89
f 90/90/90 91/91/91 92/92/92
f 93/93/93 94/94/94 6/6/6
f 71/71/71 73/73/73 95/95/95
f 96/96/96 97/97/97 98/98/98
f 99/99/99 100/100/100 101/101/101
f 49/102/49 57/57/57 56/56/56
f 88/88/88 102/103/102 103/104/103
f 104/105/104 68/68/68 105/106/105
f 83/83/83 106/107/106 73/73/73
f 106/107/106 83/83/83 18/18/18
f 10/10/10 107/108/107 11/11/11
f 108/109/108 7/7/7 66/66/66
f 109/110/109 98/98/98 110/111/110
f 111/112/111 73/73/73 112/113/112
f 113/114/113 24/24/24 114/115/114
f 115/116/115 60/117/60 46/46/46
f 116/118/116 50/50/50 56/119/56
f 46/46/46 60/117/60 47/47/47
f 117/120/117 118/121/118 119/122/119
f 111/112/111 112/113/112 120/123/120
f 121/124/121 122/125/122 123/126/123
f 124/127/124 59/128/59 125/129/125
f 114/115/114 24/24/24 40/40/40
f 39/39/39 65/65/65 126/130/126
f 125/129/125 127/131/127 128/132/128
f 129/133/129 130/134/130 131/135/131
f 132/136/132 133/137/133 134/138/134
f 43/43/43 135/139/135 61/61/61
f 136/140/136 137/141/137 138/142/138
f 131/135/131 139/143/139 140/144/140
f 141/145/141 142/146/142 143/147/143
f 115/116/115 58/148/58 60/117/60
f 144/149/144 145/150/145 146/151/146
f 147/152/147 148/153/148 149/154/149
f 148/153/148 150/155/150 149/154/149
f 150/155/150 151/156/151 149/154/149
f 152/157/152 153/158/153 154/159/154
f 97/97/97 155/160/155 156/161/156
f 142/162/142 157/163/157 158/164/158
f 23/165/23 159/166/159 21/167/21
f 138/142/138 137/141/137 160/168/160
f 59/128/59 124/127/124 60/169/60
f 147/152/147 161/170/161 148/153/148
f 162/171/162 163/172/163 164/173/164
f 22/174/22 165/175/165 166/176/166
f 61/61/61 135/139/135 167/177/167
f 168/178/168 169/179/169 170/180/170
f 171/181/171 118/121/118 117/120/117
f 172/182/172 173/183/173 174/184/174
f 175/185/175 176/186/176 177/187/177
f 178/188/178 179/189/179 180/190/180
f 181/191/181 148/153/148 161/170/161
f 181/191/181 150/155/150 148/153/148
f 182/192/182 162/171/162 151/156/151
f 183/193/183 184/194/184 185/195/185
f 186/196/186 26/26/26 187/197/187
f 188/198/188 189/199/189 72/72/72
f 50/50/50 49/49/49 56/119/56
f 31/31/31 133/137/133 190/200/190
f 104/105/104 105/106/105 191/201/191
f 60/117/60 192/202/192 47/47/47
f 193/203/193 106/107/106 194/204/194
f 150/155/150 182/192/182 151/156/151
f 195/205/195 163/172/163 162/171/162
f 182/192/182 195/205/195 162/171/162
f 196/206/196 197/207/197 198/208/198
f 126/130/126 65/65/65 67/67/67
f 154/159/154 10/10/10 12/12/12
f 21/167/21 165/175/165 22/174/22
f 199/209/199 112/113/112 193/203/193
f 131/135/131 130/134/130 139/143/139
f 200/210/200 201/211/201 161/170/161
f 181/191/181 202/212/202 150/155/150
f 150/155/150 203/213/203 182/192/182
f 204/214/204 205/215/205 206/216/206
f 207/217/207 208/218/208 209/219/209
f 41/41/41 26/26/26 186/196/186
f 68/68/68 70/70/70 105/106/105
f 171/181/171 117/120/117 210/220/210
f 211/221/211 1/1/1 212/222/212
f 213/223/213 214/224/214 215/225/215
f 216/226/216 217/227/217 63/63/63
f 200/210/200 218/228/218 201/211/201
f 150/155/150 202/212/202 203/213/203
f 219/229/219 163/230/163 220/231/220
f 221/232/221 222/233/222 117/120/117
f 223/234/223 32/32/32 190/200/190
f 224/235/224 225/236/225 226/237/226
f 201/211/201 227/238/227 181/191/181
f 227/238/227 202/212/202 181/191/181
f 203/213/203 228/239/228 182/192/182
f 195/205/195 220/240/220 163/172/163
f 229/241/229 230/242/230 218/228/218
f 231/243/231 232/244/232 233/245/233
f 20/20/20 39/39/39 130/134/130
f 234/246/234 190/200/190 132/136/132
f 235/247/235 236/248/236 237/249/237
f 182/192/182 228/239/228 195/205/195
f 238/250/238 239/251/239 240/252/240
f 241/253/241 242/254/242 243/255/243
f 244/256/244 235/247/235 237/249/237
f 39/39/39 126/130/126 130/134/130
f 245/257/245 246/258/246 247/259/247
f 218/228/218 227/238/227 201/211/201
f 248/260/248 249/261/249 250/262/250
f 251/263/251 241/253/241 243/255/243
f 240/252/240 252/264/252 253/265/253
f 241/253/241 254/266/254 242/254/242
f 255/267/255 256/268/256 257/269/257
f 82/82/82 258/270/258 19/19/19
f 18/18/18 20/20/20 259/271/259
f 260/272/260 261/273/261 262/274/262
f 263/275/263 218/228/218 230/242/230
f 263/275/263 227/238/227 218/228/218
f 264/276/264 265/277/265 266/278/266
f 228/239/228 267/279/267 195/205/195
f 268/280/268 269/281/269 270/282/270
f 254/266/254 271/283/271 272/284/272
f 273/285/273 274/286/274 275/287/275
f 276/288/276 277/289/277 278/290/278
f 279/291/279 280/292/280 281/293/281
f 4/4/4 136/140/136 5/5/5
f 282/294/282 283/295/283 284/296/284
f 285/297/285 261/273/261 260/272/260
f 261/273/261 286/298/286 287/299/287
f 286/298/286 288/300/288 287/299/287
f 289/301/289 290/302/290 291/303/291
f 292/304/292 293/305/293 294/306/294
f 295/307/295 296/308/296 297/309/297
f 298/310/298 227/238/227 299/311/299
f 300/312/300 275/287/275 301/313/301
f 302/314/302 303/315/303 304/316/304
f 1/1/1 305/317/305 306/318/306
f 307/319/307 95/95/95 111/112/111
f 129/133/129 131/135/131 308/320/308
f 309/321/309 286/298/286 261/273/261
f 310/322/310 311/323/311 312/324/312
f 313/325/313 314/326/314 315/327/315
f 316/328/316 317/329/317 318/330/318
f 319/331/319 320/332/320 321/333/321
f 322/334/322 104/105/104 191/201/191
f 323/335/323 324/336/324 325/337/325
f 326/338/326 327/339/327 253/265/253
f 145/150/145 322/334/322 191/201/191
f 327/339/327 326/338/326 328/340/328
f 113/114/113 25/25/25 24/24/24
f 66/66/66 7/7/7 9/9/9
f 188/198/188 72/72/72 329/341/329
f 187/197/187 330/342/330 186/196/186
f 120/123/120 199/209/199 331/343/331
f 285/297/285 309/321/309 261/273/261
f 332/344/332 333/345/333 334/346/334
f 335/347/335 266/278/266 265/277/265
f 336/348/336 337/349/337 313/325/313
f 337/349/337 314/326/314 313/325/313
f 336/350/336 313/351/313 338/352/338
f 339/353/339 340/354/340 341/355/341
f 254/266/254 272/284/272 342/356/342
f 343/357/343 344/358/344 345/359/345
f 242/254/242 342/356/342 243/255/243
f 106/107/106 18/18/18 194/204/194
f 346/360/346 347/361/347 348/362/348
f 260/272/260 346/360/346 285/297/285
f 349/363/349 350/364/350 351/365/351
f 352/366/352 292/304/292 353/367/353
f 354/368/354 355/369/355 266/278/266
f 267/370/267 356/371/356 357/372/357
f 358/373/358 359/374/359 273/285/273
f 360/375/360 358/373/358 273/285/273
f 189/199/189 108/109/108 258/270/258
f 82/82/82 72/72/72 189/199/189
f 7/7/7 361/376/361 8/8/8
f 73/73/73 111/112/111 95/95/95
f 362/377/362 363/378/363 364/379/364
f 365/380/365 366/381/366 367/382/367
f 368/383/368 366/381/366 347/361/347
f 347/361/347 366/381/366 348/362/348
f 369/384/369 346/360/346 348/362/348
f 369/384/369 285/297/285 346/360/346
f 369/384/369 309/321/309 285/297/285
f 353/367/353 294/306/294 100/100/100
f 292/304/292 294/306/294 353/367/353
f 370/385/370 273/285/273 371/386/371
f 372/387/372 373/388/373 374/389/374
f 375/390/375 376/391/376 377/392/377
f 335/347/335 354/368/354 266/278/266
f 378/393/378 379/394/379 380/395/380
f 381/396/381 382/397/382 383/398/383
f 361/376/361 13/13/13 8/8/8
f 372/387/372 384/399/384 385/400/385
f 295/307/295 297/309/297 355/369/355
f 386/401/386 387/402/387 388/403/388
f 198/404/198 389/405/389 390/406/390
f 391/407/391 392/408/392 393/409/393
f 190/200/190 133/137/133 132/136/132
f 394/410/394 395/411/395 396/412/396
f 365/380/365 397/413/397 366/381/366
f 366/381/366 398/414/398 348/362/348
f 399/415/399 309/321/309 369/384/369
f 400/416/400 401/417/401 402/418/402
f 403/419/403 404/420/404 405/421/405
f 406/422/406 372/387/372 385/400/385
f 344/358/344 407/423/407 345/359/345
f 408/424/408 409/425/409 410/426/410
f 411/427/411 369/384/369 348/362/348
f 398/414/398 411/427/411 348/362/348
f 412/428/412 309/321/309 399/415/399
f 412/428/412 413/429/413 309/321/309
f 414/430/414 415/431/415 416/432/416
f 335/347/335 265/277/265 337/433/337
f 417/434/417 418/435/418 255/267/255
f 69/69/69 419/436/419 420/437/420
f 70/70/70 69/69/69 421/438/421
f 9/9/9 14/14/14 422/439/422
f 423/440/423 424/441/424 425/442/425
f 426/443/426 427/444/427 428/445/428
f 429/446/429 430/447/430 365/380/365
f 430/447/430 397/413/397 365/380/365
f 397/413/397 431/448/431 366/381/366
f 366/381/366 431/448/431 398/414/398
f 431/448/431 432/449/432 398/414/398
f 411/427/411 399/415/399 369/384/369
f 100/450/100 294/451/294 101/452/101
f 433/453/433 376/391/376 375/390/375
f 371/386/371 273/285/273 275/287/275
f 434/454/434 413/429/413 412/428/412
f 352/366/352 435/455/435 292/304/292
f 66/66/66 9/9/9 67/67/67
f 436/456/436 437/457/437 438/458/438
f 439/459/439 397/413/397 430/447/430
f 439/459/439 431/448/431 397/413/397
f 398/414/398 432/449/432 411/427/411
f 411/427/411 440/460/440 399/415/399
f 413/429/413 434/454/434 441/461/441
f 264/462/264 442/463/442 265/464/265
f 352/366/352 290/302/290 443/465/443
f 444/466/444 445/467/445 446/468/446
f 447/469/447 448/470/448 449/471/449
f 433/453/433 450/472/450 376/391/376
f 451/473/451 452/474/452 453/475/453
f 439/459/439 454/476/454 431/448/431
f 455/477/455 337/349/337 336/348/336
f 456/478/456 457/479/457 458/480/458
f 124/127/124 125/129/125 459/481/459
f 361/482/361 460/483/460 13/484/13
f 461/485/461 462/486/462 463/487/463
f 464/488/464 465/489/465 429/446/429
f 432/449/432 466/490/466 411/427/411
f 467/491/467 412/428/412 399/415/399
f 467/491/467 434/454/434 412/428/412
f 468/492/468 379/394/379 378/393/378
f 450/472/450 469/493/469 470/494/470
f 471/495/471 472/496/472 473/497/473
f 474/498/474 349/499/349 351/500/351
f 475/501/475 442/502/442 385/400/385
f 101/503/101 376/504/376 476/505/476
f 477/506/477 478/507/478 28/28/28
f 479/508/479 175/185/175 480/509/480
f 429/446/429 481/510/481 430/447/430
f 430/447/430 481/510/481 439/459/439
f 466/490/466 440/460/440 411/427/411
f 482/511/482 434/454/434 467/491/467
f 373/388/373 296/308/296 374/389/374
f 483/512/483 484/513/484 485/514/485
f 486/515/486 487/516/487 488/517/488
f 442/502/442 406/422/406 385/400/385
f 489/518/489 16/519/16 490/520/490
f 491/521/491 492/522/492 13/13/13
f 225/236/225 224/235/224 493/523/493
f 494/524/494 495/525/495 245/257/245
f 464/488/464 496/526/496 465/489/465
f 465/489/465 497/527/497 429/446/429
f 429/446/429 497/527/497 481/510/481
f 481/510/481 498/528/498 439/459/439
f 439/459/439 498/528/498 454/476/454
f 454/476/454 466/490/466 431/448/431
f 466/490/466 432/449/432 431/448/431
f 440/460/440 499/529/499 399/415/399
f 399/415/399 499/529/499 467/491/467
f 434/454/434 500/530/500 441/461/441
f 372/387/372 297/309/297 373/388/373
f 501/531/501 447/469/447 502/532/502
f 503/533/503 504/534/504 505/535/505
f 489/518/489 506/536/506 16/519/16
f 269/281/269 507/537/507 508/538/508
f 17/17/17 16/16/16 509/539/509
f 510/540/510 451/473/451 462/486/462
f 511/541/511 497/527/497 465/489/465
f 512/542/512 466/490/466 454/476/454
f 466/490/466 512/542/512 440/460/440
f 513/543/513 475/501/475 385/400/385
f 514/544/514 505/535/505 515/545/515
f 515/545/515 349/499/349 474/498/474
f 516/546/516 517/547/517 447/469/447
f 518/548/518 503/533/503 519/549/519
f 517/547/517 520/550/520 521/551/521
f 517/552/517 522/553/522 520/554/520
f 523/555/523 524/556/524 525/557/525
f 526/558/526 350/559/350 349/499/349
f 527/560/527 528/561/528 529/562/529
f 393/409/393 530/563/530 531/564/531
f 532/565/532 533/566/533 534/567/534
f 535/568/535 169/179/169 536/569/536
f 497/527/497 537/570/537 481/510/481
f 537/570/537 498/528/498 481/510/481
f 512/542/512 454/476/454 498/528/498
f 512/542/512 538/571/538 440/460/440
f 440/460/440 538/571/538 499/529/499
f 538/571/538 539/572/539 499/529/499
f 539/572/539 467/491/467 499/529/499
f 482/511/482 540/573/540 434/454/434
f 540/573/540 541/574/541 500/530/500
f 434/454/434 540/573/540 500/530/500
f 414/430/414 400/416/400 415/431/415
f 542/575/542 543/576/543 544/577/544
f 545/578/545 546/579/546 547/580/547
f 513/581/513 314/326/314 475/582/475
f 519/549/519 503/533/503 505/535/505
f 548/583/548 549/584/549 408/424/408
f 465/489/465 550/585/550 511/541/511
f 467/491/467 551/586/551 482/511/482
f 551/586/551 540/573/540 482/511/482
f 375/390/375 515/545/515 474/498/474
f 378/393/378 380/395/380 552/587/552
f 351/588/351 553/589/553 433/590/433
f 352/366/352 353/367/353 290/302/290
f 554/591/554 555/592/555 556/593/556
f 550/585/550 537/570/537 511/541/511
f 537/570/537 497/527/497 511/541/511
f 557/594/557 498/528/498 537/570/537
f 558/595/558 512/542/512 498/528/498
f 559/596/559 538/571/538 512/542/512
f 551/586/551 467/491/467 539/572/539
f 351/500/351 547/580/547 560/597/560
f 342/598/342 272/599/272 524/600/524
f 290/302/290 353/367/353 561/601/561
f 470/494/470 248/260/248 562/602/562
f 563/603/563 564/604/564 565/605/565
f 566/606/566 555/607/555 506/536/506
f 567/608/567 488/517/488 35/35/35
f 568/609/568 569/610/569 570/611/570
f 557/594/557 558/595/558 498/528/498
f 512/542/512 558/595/558 559/596/559
f 551/586/551 571/612/571 540/573/540
f 562/602/562 248/260/248 250/262/250
f 502/532/502 449/471/449 416/432/416
f 415/431/415 502/532/502 416/432/416
f 572/613/572 501/531/501 400/416/400
f 402/418/402 572/613/572 400/416/400
f 501/531/501 516/546/516 447/469/447
f 573/614/573 156/161/156 574/615/574
f 73/73/73 106/107/106 112/113/112
f 575/616/575 323/335/323 576/617/576
f 577/618/577 578/619/578 579/620/579
f 538/571/538 580/621/580 539/572/539
f 580/621/580 581/622/581 539/572/539
f 581/622/581 571/612/571 551/586/551
f 539/572/539 581/622/581 551/586/551
f 314/326/314 337/349/337 265/623/265
f 582/624/582 414/430/414 583/625/583
f 291/303/291 561/601/561 99/99/99
f 544/577/544 584/626/584 585/627/585
f 474/498/474 433/453/433 375/390/375
f 586/628/586 587/629/587 588/630/588
f 589/631/589 556/593/556 555/592/555
f 590/632/590 591/633/591 556/634/556
f 120/123/120 112/113/112 199/209/199
f 592/635/592 550/585/550 593/636/593
f 592/635/592 537/570/537 550/585/550
f 557/594/557 559/596/559 558/595/558
f 580/621/580 538/571/538 559/596/559
f 594/637/594 540/573/540 571/612/571
f 595/638/595 541/574/541 540/573/540
f 473/639/473 596/640/596 597/641/597
f 250/262/250 249/261/249 318/330/318
f 589/642/589 598/643/598 556/644/556
f 598/643/598 590/645/590 556/644/556
f 83/83/83 19/19/19 18/18/18
f 599/646/599 537/570/537 592/635/592
f 600/647/600 557/594/557 537/570/537
f 601/648/601 559/596/559 602/649/602
f 601/648/601 580/621/580 559/596/559
f 603/650/603 604/651/604 605/652/605
f 455/477/455 606/653/606 337/349/337
f 607/654/607 158/164/158 157/163/157
f 566/606/566 608/655/608 555/607/555
f 130/134/130 126/130/126 139/143/139
f 599/646/599 600/647/600 537/570/537
f 600/647/600 609/656/609 557/594/557
f 557/594/557 609/656/609 559/596/559
f 609/656/609 602/649/602 559/596/559
f 580/621/580 601/648/601 581/622/581
f 581/622/581 594/637/594 571/612/571
f 541/574/541 610/657/610 611/658/611
f 612/659/612 613/660/613 614/661/614
f 615/662/615 450/472/450 470/494/470
f 561/601/561 353/367/353 100/100/100
f 28/28/28 616/663/616 617/664/617
f 561/601/561 100/100/100 99/99/99
f 142/162/142 618/665/618 157/163/157
f 619/666/619 620/667/620 305/317/305
f 608/655/608 621/668/621 589/642/589
f 555/607/555 608/655/608 589/642/589
f 621/668/621 598/643/598 589/642/589
f 622/669/622 42/42/42 44/44/44
f 623/670/623 624/671/624 625/672/625
f 626/673/626 627/674/627 592/635/592
f 627/674/627 599/646/599 592/635/592
f 601/648/601 628/675/628 581/622/581
f 629/676/629 594/637/594 581/622/581
f 629/676/629 595/638/595 594/637/594
f 594/637/594 595/638/595 540/573/540
f 630/677/630 610/657/610 541/574/541
f 631/678/631 405/679/405 632/680/632
f 633/681/633 634/682/634 635/683/635
f 636/684/636 637/685/637 618/665/618
f 351/500/351 545/578/545 547/580/547
f 118/121/118 212/222/212 119/122/119
f 626/673/626 638/686/638 627/674/627
f 628/675/628 629/676/629 581/622/581
f 595/638/595 639/687/639 541/574/541
f 639/687/639 640/688/640 541/574/541
f 640/688/640 630/677/630 541/574/541
f 641/689/641 321/333/321 642/690/642
f 523/555/523 643/691/643 270/282/270
f 501/531/501 644/692/644 516/546/516
f 373/388/373 297/309/297 296/308/296
f 604/651/604 619/666/619 305/317/305
f 193/203/193 112/113/112 106/107/106
f 194/204/194 18/18/18 259/271/259
f 456/478/456 645/693/645 626/673/626
f 645/693/645 638/686/638 626/673/626
f 638/686/638 646/694/646 627/674/627
f 646/694/646 599/646/599 627/674/627
f 629/676/629 647/695/647 595/638/595
f 595/638/595 647/695/647 639/687/639
f 245/257/245 568/609/568 648/696/648
f 649/697/649 468/492/468 650/698/650
f 637/685/637 651/699/651 157/163/157
f 618/665/618 637/685/637 157/163/157
f 651/699/651 607/654/607 157/163/157
f 198/404/198 197/700/197 652/701/652
f 653/702/653 645/693/645 458/480/458
f 654/703/654 599/646/599 646/694/646
f 654/703/654 600/647/600 599/646/599
f 654/703/654 609/656/609 600/647/600
f 609/656/609 654/703/654 602/649/602
f 628/675/628 655/704/655 629/676/629
f 629/676/629 655/704/655 647/695/647
f 79/79/79 78/78/78 656/705/656
f 343/357/343 345/359/345 657/706/657
f 658/707/658 450/472/450 615/662/615
f 376/504/376 658/708/658 476/505/476
f 542/575/542 650/698/650 543/576/543
f 608/655/608 659/709/659 621/668/621
f 660/710/660 661/711/661 653/702/653
f 653/702/653 661/711/661 645/693/645
f 645/693/645 662/712/662 638/686/638
f 654/703/654 655/704/655 601/648/601
f 602/649/602 654/703/654 601/648/601
f 601/648/601 655/704/655 628/675/628
f 657/706/657 345/359/345 663/713/663
f 664/714/664 17/17/17 665/715/665
f 666/716/666 667/717/667 668/718/668
f 351/500/351 560/597/560 553/719/553
f 659/709/659 669/720/669 621/668/621
f 621/668/621 669/720/669 598/643/598
f 670/721/670 653/702/653 598/643/598
f 661/711/661 671/722/671 645/693/645
f 646/694/646 672/723/672 654/703/654
f 672/723/672 673/724/673 654/703/654
f 673/724/673 655/704/655 654/703/654
f 655/704/655 674/725/674 647/695/647
f 675/726/675 641/689/641 676/727/676
f 414/430/414 416/432/416 583/625/583
f 376/391/376 450/472/450 658/707/658
f 677/728/677 678/729/678 679/730/679
f 208/218/208 680/731/680 681/732/681
f 669/720/669 670/721/670 598/643/598
f 645/693/645 682/733/682 662/712/662
f 662/712/662 646/694/646 638/686/638
f 662/712/662 672/723/672 646/694/646
f 683/734/683 655/704/655 673/724/673
f 683/734/683 674/725/674 655/704/655
f 674/725/674 684/735/684 647/695/647
f 684/735/684 685/736/685 647/695/647
f 647/695/647 685/736/685 639/687/639
f 639/687/639 686/737/686 640/688/640
f 687/738/687 688/739/688 630/677/630
f 689/740/689 690/741/690 691/742/691
f 544/577/544 543/576/543 584/626/584
f 692/743/692 693/744/693 651/699/651
f 694/745/694 607/654/607 693/744/693
f 695/746/695 696/747/696 697/748/697
f 31/31/31 190/200/190 32/32/32
f 698/749/698 669/720/669 659/709/659
f 670/721/670 660/710/660 653/702/653
f 671/722/671 682/733/682 645/693/645
f 699/750/699 339/353/339 700/751/700
f 692/743/692 701/752/701 693/744/693
f 661/711/661 702/753/702 671/722/671
f 662/712/662 703/754/703 672/723/672
f 703/754/703 704/755/704 672/723/672
f 672/723/672 704/755/704 673/724/673
f 704/755/704 705/756/705 673/724/673
f 705/756/705 706/757/706 673/724/673
f 706/757/706 683/734/683 673/724/673
f 707/758/707 674/725/674 683/734/683
f 707/758/707 708/759/708 674/725/674
f 708/759/708 684/735/684 674/725/674
f 708/759/708 685/736/685 684/735/684
f 685/736/685 686/737/686 639/687/639
f 543/576/543 709/760/709 584/626/584
f 253/265/253 710/761/710 711/762/711
f 425/442/425 712/763/712 713/764/713
f 211/221/211 212/222/212 118/121/118
f 714/765/714 715/766/715 670/721/670
f 716/767/716 660/710/660 670/721/670
f 717/768/717 661/711/661 660/710/660
f 717/768/717 702/753/702 661/711/661
f 703/754/703 662/712/662 682/733/682
f 718/769/718 703/754/703 682/733/682
f 719/770/719 685/736/685 708/759/708
f 687/738/687 640/688/640 686/737/686
f 442/502/442 372/387/372 406/422/406
f 720/771/720 560/597/560 721/772/721
f 709/760/709 722/773/722 584/626/584
f 723/774/723 701/775/701 692/776/692
f 670/721/670 669/720/669 714/765/714
f 715/766/715 716/767/716 670/721/670
f 702/753/702 682/733/682 671/722/671
f 724/777/724 704/755/704 703/754/703
f 704/755/704 725/778/725 705/756/705
f 705/756/705 726/779/726 706/757/706
f 727/780/727 708/759/708 707/758/707
f 686/737/686 685/736/685 687/738/687
f 585/627/585 584/626/584 722/773/722
f 606/781/606 335/347/335 337/433/337
f 701/782/701 728/783/728 694/784/694
f 693/785/693 701/786/701 694/787/694
f 201/211/201 181/191/181 161/170/161
f 728/788/728 387/402/387 729/789/729
f 730/790/730 731/791/731 23/165/23
f 716/767/716 717/768/717 660/710/660
f 717/768/717 732/792/732 702/753/702
f 733/793/733 703/754/703 718/769/718
f 733/793/733 724/777/724 703/754/703
f 724/777/724 725/778/725 704/755/704
f 725/778/725 726/779/726 705/756/705
f 734/794/734 99/99/99 735/795/735
f 514/544/514 515/545/515 375/390/375
f 733/793/733 725/778/725 724/777/724
f 726/779/726 736/796/736 706/757/706
f 727/780/727 719/770/719 708/759/708
f 492/797/492 687/738/687 685/736/685
f 317/329/317 696/747/696 318/330/318
f 101/503/101 377/798/377 376/504/376
f 587/629/587 313/351/313 315/799/315
f 562/602/562 737/800/737 738/801/738
f 28/28/28 617/664/617 29/29/29
f 294/306/294 514/544/514 377/392/377
f 24/24/24 26/26/26 41/41/41
f 259/271/259 20/20/20 129/133/129
f 20/20/20 130/134/130 129/133/129
f 716/767/716 715/766/715 739/802/739
f 740/803/740 717/768/717 716/767/716
f 732/792/732 718/769/718 702/753/702
f 718/769/718 682/733/682 702/753/702
f 736/796/736 741/804/741 706/757/706
f 706/757/706 741/804/741 683/734/683
f 742/805/742 707/758/707 683/734/683
f 743/806/743 744/807/744 477/808/477
f 745/809/745 302/314/302 78/78/78
f 740/803/740 732/792/732 717/768/717
f 746/810/746 733/793/733 718/769/718
f 746/810/746 725/778/725 733/793/733
f 741/804/741 742/805/742 683/734/683
f 742/805/742 747/811/747 707/758/707
f 747/811/747 727/780/727 707/758/707
f 748/812/748 749/813/749 644/692/644
f 290/302/290 561/601/561 291/303/291
f 713/764/713 750/814/750 425/442/425
f 330/342/330 32/32/32 223/234/223
f 739/802/739 740/803/740 716/767/716
f 740/803/740 751/815/751 732/792/732
f 751/815/751 718/769/718 732/792/732
f 751/815/751 752/816/752 718/769/718
f 718/769/718 752/816/752 746/810/746
f 746/810/746 753/817/753 725/778/725
f 753/817/753 754/818/754 726/779/726
f 725/778/725 753/817/753 726/779/726
f 726/779/726 754/818/754 736/796/736
f 742/805/742 755/819/755 747/811/747
f 747/811/747 719/770/719 727/780/727
f 492/797/492 685/736/685 719/770/719
f 756/820/756 326/338/326 757/821/757
f 416/432/416 758/822/758 583/625/583
f 709/760/709 552/587/552 483/512/483
f 443/465/443 289/301/289 759/823/759
f 760/824/760 729/789/729 761/825/761
f 762/826/762 763/827/763 753/828/753
f 736/796/736 754/818/754 741/804/741
f 699/750/699 764/829/764 765/830/765
f 483/512/483 552/587/552 484/513/484
f 474/831/474 351/588/351 433/590/433
f 377/392/377 514/544/514 375/390/375
f 560/597/560 720/771/720 553/719/553
f 2/2/2 1/1/1 211/221/211
f 5/832/5 136/833/136 138/834/138
f 766/835/766 193/203/193 194/204/194
f 767/836/767 740/803/740 739/802/739
f 768/837/768 767/836/767 739/802/739
f 767/836/767 751/815/751 740/803/740
f 331/343/331 362/377/362 364/379/364
f 102/103/102 689/740/689 109/110/109
f 741/804/741 755/819/755 742/805/742
f 239/251/239 769/838/769 770/839/770
f 771/840/771 317/841/317 772/842/772
f 468/492/468 378/393/378 543/576/543
f 666/716/666 562/602/562 738/801/738
f 631/843/631 403/419/403 405/421/405
f 65/65/65 108/109/108 66/66/66
f 773/844/773 301/313/301 774/845/774
f 570/611/570 775/846/775 776/847/776
f 777/848/777 778/849/778 779/850/779
f 767/836/767 780/851/780 751/815/751
f 751/815/751 780/851/780 752/816/752
f 781/852/781 747/811/747 755/819/755
f 782/853/782 719/770/719 747/811/747
f 783/854/783 782/853/782 747/811/747
f 782/853/782 492/797/492 719/770/719
f 784/855/784 785/856/785 786/857/786
f 552/587/552 787/858/787 484/513/484
f 225/236/225 493/523/493 788/859/788
f 293/305/293 514/544/514 294/306/294
f 475/501/475 265/277/265 442/502/442
f 789/860/789 247/861/247 246/862/246
f 790/863/790 767/836/767 768/837/768
f 791/864/791 792/865/792 780/866/780
f 793/867/793 794/868/794 795/869/795
f 317/841/317 131/135/131 696/870/696
f 449/871/449 448/872/448 796/873/796
f 797/874/797 741/804/741 754/818/754
f 741/804/741 797/874/797 755/819/755
f 798/875/798 782/853/782 783/854/783
f 799/876/799 492/797/492 782/853/782
f 799/877/799 14/14/14 492/522/492
f 515/545/515 504/534/504 526/558/526
f 470/494/470 469/493/469 248/260/248
f 266/278/266 355/369/355 264/276/264
f 667/717/667 666/716/666 738/801/738
f 505/535/505 504/534/504 515/545/515
f 800/878/800 777/848/777 779/850/779
f 801/879/801 802/880/802 323/335/323
f 802/880/802 324/336/324 323/335/323
f 522/881/522 517/547/517 803/882/803
f 804/883/804 129/133/129 308/320/308
f 362/377/362 766/835/766 805/884/805
f 806/885/806 755/819/755 797/874/797
f 755/819/755 806/885/806 781/852/781
f 783/854/783 747/811/747 781/852/781
f 799/876/799 422/886/422 14/887/14
f 720/771/720 469/493/469 553/719/553
f 355/369/355 372/387/372 442/502/442
f 250/262/250 318/330/318 695/746/695
f 468/492/468 543/576/543 650/698/650
f 542/575/542 296/308/296 650/698/650
f 553/719/553 469/493/469 450/472/450
f 807/888/807 779/889/779 170/180/170
f 800/878/800 808/890/808 777/848/777
f 808/890/808 809/891/809 777/848/777
f 42/42/42 622/669/622 54/54/54
f 356/371/356 810/892/810 357/372/357
f 811/893/811 783/854/783 781/852/781
f 339/353/339 699/750/699 340/354/340
f 812/894/812 632/680/632 813/895/813
f 729/789/729 386/401/386 814/896/814
f 815/897/815 814/896/814 816/898/816
f 433/590/433 553/589/553 450/899/450
f 807/888/807 170/180/170 817/900/817
f 818/901/818 807/888/807 817/900/817
f 819/902/819 779/850/779 807/903/807
f 819/902/819 800/878/800 779/850/779
f 820/904/820 821/905/821 822/906/822
f 199/209/199 193/203/193 362/377/362
f 132/136/132 134/138/134 823/907/823
f 94/94/94 4/4/4 6/6/6
f 13/13/13 824/908/824 491/521/491
f 825/909/825 826/910/826 827/911/827
f 781/852/781 828/912/828 811/893/811
f 829/913/829 379/394/379 468/492/468
f 722/773/722 483/512/483 485/514/485
f 378/393/378 552/587/552 709/760/709
f 154/159/154 12/12/12 830/914/830
f 247/861/247 789/860/789 563/603/563
f 317/841/317 308/320/308 131/135/131
f 831/915/831 832/916/832 833/917/833
f 811/893/811 798/875/798 783/854/783
f 834/918/834 782/853/782 798/875/798
f 835/919/835 226/237/226 473/920/473
f 562/602/562 250/262/250 695/746/695
f 519/921/519 836/922/836 837/923/837
f 447/469/447 521/551/521 448/470/448
f 472/924/472 835/919/835 473/920/473
f 838/925/838 809/926/809 808/927/808
f 809/926/809 838/925/838 839/928/839
f 199/209/199 362/377/362 331/343/331
f 193/203/193 766/835/766 362/377/362
f 840/929/840 841/930/841 842/931/842
f 54/54/54 622/669/622 56/56/56
f 843/932/843 844/933/844 845/934/845
f 846/935/846 811/893/811 828/912/828
f 847/936/847 848/937/848 644/692/644
f 641/689/641 319/331/319 321/333/321
f 807/903/807 849/938/849 819/902/819
f 819/902/819 849/938/849 800/878/800
f 838/939/838 808/890/808 800/878/800
f 850/940/850 851/941/851 852/942/852
f 131/135/131 140/144/140 696/870/696
f 331/343/331 364/379/364 853/943/853
f 665/715/665 854/944/854 855/945/855
f 856/946/856 325/947/325 208/218/208
f 846/935/846 857/948/857 811/893/811
f 857/948/857 798/875/798 811/893/811
f 422/886/422 799/876/799 782/853/782
f 834/918/834 422/886/422 782/853/782
f 858/949/858 859/950/859 860/951/860
f 695/746/695 318/330/318 696/747/696
f 483/512/483 722/773/722 709/760/709
f 380/395/380 861/952/861 862/953/862
f 294/306/294 377/392/377 101/101/101
f 807/888/807 863/954/863 849/955/849
f 849/955/849 864/956/864 800/957/800
f 864/956/864 838/925/838 800/957/800
f 838/925/838 865/958/865 839/928/839
f 189/199/189 866/959/866 108/109/108
f 766/835/766 194/204/194 867/960/867
f 868/961/868 494/524/494 596/640/596
f 869/962/869 870/963/870 871/964/871
f 749/813/749 517/547/517 516/546/516
f 562/602/562 695/746/695 737/800/737
f 585/627/585 722/773/722 872/965/872
f 505/535/505 514/544/514 873/966/873
f 179/189/179 159/166/159 731/791/731
f 871/964/871 874/967/874 875/968/875
f 804/883/804 308/320/308 771/840/771
f 876/969/876 857/948/857 846/935/846
f 877/970/877 834/918/834 798/875/798
f 877/970/877 422/886/422 834/918/834
f 878/971/878 879/972/879 880/973/880
f 291/303/291 99/99/99 734/794/734
f 862/953/862 881/974/881 552/587/552
f 37/37/37 882/975/882 38/38/38
f 864/956/864 865/958/865 838/925/838
f 194/204/194 259/271/259 867/960/867
f 259/271/259 129/133/129 804/883/804
f 883/976/883 884/977/884 871/964/871
f 870/963/870 883/976/883 871/964/871
f 884/977/884 874/967/874 871/964/871
f 362/377/362 805/884/805 363/378/363
f 370/385/370 360/375/360 273/285/273
f 351/500/351 350/559/350 545/578/545
f 435/455/435 352/366/352 881/974/881
f 862/953/862 552/587/552 380/395/380
f 865/958/865 885/978/885 886/979/886
f 887/980/887 888/981/888 883/976/883
f 889/982/889 875/968/875 874/967/874
f 889/982/889 890/983/890 875/968/875
f 891/984/891 867/960/867 804/883/804
f 892/985/892 893/986/893 894/987/894
f 895/988/895 857/948/857 820/904/820
f 895/988/895 798/875/798 857/948/857
f 896/989/896 422/886/422 877/970/877
f 896/990/896 67/67/67 422/439/422
f 355/369/355 297/309/297 372/387/372
f 400/416/400 502/532/502 415/431/415
f 649/697/649 650/698/650 296/308/296
f 338/352/338 313/351/313 587/629/587
f 897/991/897 865/958/865 864/956/864
f 849/955/849 897/991/897 864/956/864
f 898/992/898 886/979/886 885/978/885
f 885/978/885 899/993/899 898/992/898
f 900/994/900 888/981/888 887/980/887
f 888/981/888 901/995/901 883/976/883
f 901/995/901 902/996/902 883/976/883
f 902/996/902 884/977/884 883/976/883
f 902/996/902 874/967/874 884/977/884
f 903/997/903 889/982/889 874/967/874
f 889/982/889 904/998/904 890/983/890
f 1/1/1 905/999/905 906/1000/906
f 766/835/766 907/1001/907 805/884/805
f 908/1002/908 877/970/877 798/875/798
f 909/1003/909 67/67/67 896/990/896
f 910/1004/910 523/555/523 270/282/270
f 370/385/370 371/386/371 911/1005/911
f 517/547/517 521/551/521 447/469/447
f 865/958/865 899/993/899 885/978/885
f 912/1006/912 901/995/901 888/981/888
f 902/996/902 913/1007/913 874/967/874
f 821/905/821 820/904/820 857/948/857
f 908/1002/908 896/989/896 877/970/877
f 378/393/378 709/760/709 543/576/543
f 586/628/586 338/352/338 587/629/587
f 400/416/400 501/531/501 502/532/502
f 863/954/863 897/991/897 849/955/849
f 897/991/897 914/1008/914 865/958/865
f 865/958/865 914/1008/914 899/993/899
f 616/663/616 343/1009/343 311/1010/311
f 900/994/900 912/1006/912 888/981/888
f 912/1006/912 915/1011/915 901/995/901
f 901/995/901 916/1012/916 902/996/902
f 916/1012/916 913/1007/913 902/996/902
f 903/997/903 874/967/874 913/1007/913
f 771/840/771 308/320/308 317/841/317
f 917/1013/917 895/988/895 820/904/820
f 917/1013/917 918/1014/918 895/988/895
f 908/1002/908 798/875/798 895/988/895
f 918/1014/918 908/1002/908 895/988/895
f 126/130/126 67/67/67 909/1003/909
f 545/578/545 919/1015/919 546/579/546
f 644/692/644 749/813/749 516/546/516
f 447/469/447 449/471/449 502/532/502
f 914/1008/914 920/1016/920 899/993/899
f 920/1016/920 534/567/534 899/993/899
f 900/994/900 921/1017/921 912/1006/912
f 921/1017/921 915/1011/915 912/1006/912
f 915/1011/915 922/1018/922 901/995/901
f 901/995/901 922/1018/922 916/1012/916
f 923/1019/923 889/982/889 903/997/903
f 923/1019/923 904/998/904 889/982/889
f 328/340/328 274/286/274 327/339/327
f 484/513/484 443/465/443 485/514/485
f 126/130/126 909/1003/909 139/143/139
f 355/369/355 442/502/442 264/276/264
f 374/389/374 296/308/296 542/575/542
f 787/858/787 443/465/443 484/513/484
f 249/261/249 316/328/316 318/330/318
f 648/696/648 570/611/570 776/847/776
f 914/1008/914 513/543/513 920/1016/920
f 867/960/867 259/271/259 804/883/804
f 867/960/867 907/1001/907 766/835/766
f 913/1007/913 924/1020/924 903/997/903
f 924/1020/924 923/1019/923 903/997/903
f 925/1021/925 240/252/240 327/339/327
f 926/1022/926 917/1013/917 822/906/822
f 926/1022/926 667/717/667 917/1013/917
f 667/717/667 918/1014/918 917/1013/917
f 697/748/697 909/1023/909 896/989/896
f 604/651/604 603/650/603 850/940/850
f 863/954/863 587/629/587 897/991/897
f 840/929/840 927/1024/927 841/930/841
f 734/794/734 904/998/904 923/1019/923
f 738/801/738 908/1002/908 918/1014/918
f 737/800/737 896/989/896 908/1002/908
f 737/800/737 697/748/697 896/989/896
f 384/399/384 372/387/372 374/389/374
f 314/326/314 265/623/265 475/582/475
f 787/858/787 352/366/352 443/465/443
f 316/328/316 772/1025/772 317/329/317
f 587/629/587 315/799/315 897/991/897
f 897/1026/897 315/327/315 914/1027/914
f 854/944/854 928/1028/928 509/539/509
f 533/566/533 532/565/532 929/1029/929
f 542/575/542 921/1017/921 929/1029/929
f 915/1011/915 872/965/872 922/1018/922
f 922/1018/922 485/514/485 916/1012/916
f 916/1012/916 930/1030/930 913/1007/913
f 930/1030/930 924/1020/924 913/1007/913
f 668/718/668 667/717/667 926/1022/926
f 738/801/738 737/800/737 908/1002/908
f 271/1031/271 700/751/700 272/599/272
f 881/974/881 352/366/352 787/858/787
f 881/974/881 787/858/787 552/587/552
f 315/327/315 513/581/513 914/1027/914
f 920/1016/920 532/565/532 534/567/534
f 921/1017/921 585/627/585 915/1011/915
f 915/1011/915 585/627/585 872/965/872
f 485/514/485 930/1030/930 916/1012/916
f 289/301/289 924/1020/924 930/1030/930
f 289/301/289 923/1019/923 924/1020/924
f 291/303/291 734/794/734 923/1019/923
f 931/1032/931 822/1033/822 932/1034/932
f 738/801/738 918/1014/918 667/717/667
f 140/144/140 909/1003/909 697/1035/697
f 140/144/140 139/143/139 909/1003/909
f 848/937/848 748/812/748 644/692/644
f 588/630/588 587/629/587 863/954/863
f 532/565/532 542/575/542 929/1029/929
f 759/823/759 289/301/289 930/1030/930
f 923/1019/923 289/301/289 291/303/291
f 575/616/575 418/435/418 417/434/417
f 933/1036/933 822/1033/822 931/1032/931
f 737/800/737 695/746/695 697/748/697
f 699/750/699 765/830/765 340/354/340
f 829/913/829 468/492/468 649/697/649
f 315/327/315 314/326/314 513/581/513
f 513/543/513 385/400/385 920/1016/920
f 920/1016/920 384/399/384 532/565/532
f 532/565/532 374/389/374 542/575/542
f 921/1017/921 544/577/544 585/627/585
f 485/514/485 759/823/759 930/1030/930
f 743/1037/743 28/28/28 27/27/27
f 443/465/443 290/302/290 289/301/289
f 920/1016/920 385/400/385 384/399/384
f 384/399/384 374/389/374 532/565/532
f 542/575/542 544/577/544 921/1017/921
f 872/965/872 722/773/722 922/1018/922
f 722/773/722 485/514/485 922/1018/922
f 485/514/485 443/465/443 759/823/759
f 93/93/93 934/1038/934 94/94/94
f 935/1039/935 336/350/336 936/1040/936
f 615/662/615 470/494/470 562/602/562
f 862/953/862 937/1041/937 881/974/881
f 938/1042/938 814/896/814 386/401/386
f 881/974/881 937/1041/937 435/455/435
f 607/1043/607 694/1044/694 939/1045/939
f 940/1046/940 941/1047/941 942/1048/942
f 943/1049/943 944/1050/944 945/1051/945
f 946/1052/946 947/1053/947 295/307/295
f 948/1054/948 949/1055/949 950/1056/950
f 951/1057/951 526/558/526 952/1058/952
f 226/237/226 225/236/225 473/920/473
f 953/1059/953 748/812/748 954/1060/954
f 955/1061/955 956/1062/956 957/1063/957
f 958/1064/958 954/1065/954 847/1066/847
f 448/872/448 959/1067/959 960/1068/960
f 961/1069/961 274/286/274 358/373/358
f 962/1070/962 659/709/659 963/1071/963
f 964/1072/964 954/1065/954 958/1064/958
f 958/1064/958 847/1066/847 965/1073/965
f 966/1074/966 244/256/244 967/1075/967
f 968/1076/968 969/1077/969 970/1078/970
f 692/743/692 637/685/637 636/684/636
f 952/1058/952 526/558/526 504/534/504
f 971/1079/971 972/1080/972 973/1081/973
f 974/1082/974 975/1083/975 976/1084/976
f 273/285/273 359/374/359 274/286/274
f 977/1085/977 978/1086/978 945/1087/945
f 979/1088/979 980/1089/980 981/1090/981
f 641/689/641 982/1091/982 676/727/676
f 52/1092/52 51/1093/51 983/1094/983
f 202/212/202 984/1095/984 203/213/203
f 249/261/249 721/772/721 560/597/560
f 968/1096/968 985/1097/985 986/1098/986
f 321/333/321 987/1099/987 642/690/642
f 988/1100/988 989/1101/989 990/1102/990
f 202/212/202 298/310/298 991/1103/991
f 991/1104/991 984/1105/984 202/1106/202
f 992/1107/992 993/1108/993 994/1109/994
f 299/1110/299 995/1111/995 298/1112/298
f 996/1113/996 997/1114/997 998/1115/998
f 999/1116/999 845/1117/845 546/579/546
f 1000/1118/1000 1001/1119/1001 1002/1120/1002
f 970/1078/970 1003/1121/1003 985/1122/985
f 978/1086/978 383/1123/383 1004/1124/1004
f 413/1125/413 1005/1126/1005 288/1127/288
f 1006/1128/1006 631/843/631 632/1129/632
f 1007/1130/1007 965/1073/965 1008/1131/1008
f 40/1132/40 283/1133/283 1009/1134/1009
f 1010/1135/1010 995/1111/995 299/1110/299
f 298/1112/298 1011/1136/1011 991/1104/991
f 448/470/448 521/551/521 520/550/520
f 986/1098/986 985/1097/985 979/1137/979
f 383/398/383 382/397/382 1012/1138/1012
f 1013/1139/1013 1014/1140/1014 1015/1141/1015
f 1013/1139/1013 1010/1135/1010 1014/1140/1014
f 991/1104/991 356/371/356 984/1105/984
f 978/1086/978 1004/1124/1004 1016/1142/1016
f 1017/1143/1017 995/1111/995 1010/1135/1010
f 991/1104/991 1011/1136/1011 356/371/356
f 773/844/773 774/845/774 1018/1144/1018
f 1008/1145/1008 1019/1146/1019 1020/1147/1020
f 1021/1148/1021 1010/1135/1010 1013/1139/1013
f 1021/1148/1021 1017/1143/1017 1010/1135/1010
f 1017/1143/1017 1022/1149/1022 995/1111/995
f 995/1111/995 1022/1149/1022 298/1112/298
f 298/1112/298 1022/1149/1022 1011/1136/1011
f 1023/1150/1023 958/1064/958 1024/1151/1024
f 1023/1150/1023 964/1072/964 958/1064/958
f 1025/1152/1025 1026/1153/1026 1027/1154/1027
f 1028/1155/1028 1029/1156/1029 1030/1157/1030
f 546/579/546 845/1117/845 547/580/547
f 1031/1158/1031 1032/1159/1032 63/63/63
f 1033/1160/1033 1015/1161/1015 1034/1162/1034
f 1035/1163/1035 1013/1139/1013 1015/1141/1015
f 1011/1136/1011 1036/1164/1036 356/371/356
f 700/751/700 339/353/339 1037/1165/1037
f 964/1072/964 1038/1166/1038 953/1167/953
f 1039/1168/1039 1040/1169/1040 1041/1170/1041
f 1042/1171/1042 1043/1172/1043 1044/1173/1044
f 954/1060/954 748/812/748 848/937/848
f 953/1167/953 1038/1166/1038 1045/1174/1045
f 1033/1175/1033 1035/1163/1035 1015/1141/1015
f 1021/1148/1021 1013/1139/1013 1035/1163/1035
f 1022/1149/1022 1046/1176/1046 1011/1136/1011
f 1047/1177/1047 1048/1178/1048 1049/1179/1049
f 1050/1180/1050 1051/1181/1051 1052/1182/1052
f 1017/1143/1017 1053/1183/1053 1022/1149/1022
f 1036/1164/1036 810/892/810 356/371/356
f 1054/1184/1054 1055/1185/1055 1056/1186/1056
f 402/1187/402 965/1073/965 847/1066/847
f 956/1062/956 1057/1188/1057 957/1063/957
f 826/910/826 1058/1189/1058 1059/1190/1059
f 847/936/847 954/1060/954 848/937/848
f 1017/1143/1017 1021/1148/1021 1053/1183/1053
f 1046/1176/1046 1060/1191/1060 1011/1136/1011
f 1011/1136/1011 1060/1191/1060 1036/1164/1036
f 1061/1192/1061 292/304/292 435/455/435
f 979/1088/979 1062/1193/1062 980/1089/980
f 1008/1131/1008 965/1073/965 1063/1194/1063
f 1064/1195/1064 1065/1196/1065 1066/1197/1066
f 1067/1198/1067 1033/1160/1033 1005/1126/1005
f 413/429/413 1067/1199/1067 1005/1200/1005
f 1053/1183/1053 1046/1176/1046 1022/1149/1022
f 1068/1201/1068 1051/1181/1051 1039/1168/1039
f 1035/1163/1035 1033/1175/1033 1067/1202/1067
f 1060/1191/1060 1069/1203/1069 1036/1164/1036
f 1032/1159/1032 1070/1204/1070 1071/1205/1071
f 959/1067/959 1072/1206/1072 1025/1152/1025
f 1073/1207/1073 1074/1208/1074 1075/1209/1075
f 1076/1210/1076 1077/1211/1077 1078/1212/1078
f 1078/1213/1078 1079/1214/1079 1080/1215/1080
f 1079/1216/1079 1081/1217/1081 1080/1218/1080
f 1082/1219/1082 1074/1208/1074 1079/1220/1079
f 1083/1221/1083 971/1079/971 973/1081/973
f 1084/1222/1084 1021/1148/1021 1035/1163/1035
f 1084/1222/1084 1085/1223/1085 1021/1148/1021
f 1085/1223/1085 1053/1183/1053 1021/1148/1021
f 1053/1224/1053 1086/1225/1086 1046/1226/1046
f 1086/1227/1086 1087/1228/1087 1046/1176/1046
f 1046/1176/1046 1087/1228/1087 1060/1191/1060
f 1087/1228/1087 1088/1229/1088 1060/1191/1060
f 1060/1191/1060 1088/1229/1088 1069/1203/1069
f 1069/1203/1069 1089/1230/1089 1036/1164/1036
f 1089/1230/1089 810/892/810 1036/1164/1036
f 1073/1207/1073 1075/1209/1075 1090/1231/1090
f 959/1067/959 1025/1152/1025 960/1068/960
f 910/1004/910 243/1232/243 523/555/523
f 1074/1233/1074 1073/1234/1073 1079/1235/1079
f 1067/1202/1067 1084/1222/1084 1035/1163/1035
f 1091/1236/1091 810/1237/810 1089/1238/1089
f 1071/1205/1071 1070/1204/1070 1092/1239/1092
f 350/1240/350 941/1241/941 545/1242/545
f 504/534/504 503/533/503 952/1058/952
f 1085/1223/1085 1093/1243/1093 1053/1183/1053
f 1093/1243/1093 1086/1227/1086 1053/1183/1053
f 155/160/155 163/230/163 219/229/219
f 1094/1244/1094 489/518/489 490/520/490
f 1095/1245/1095 489/518/489 1094/1244/1094
f 251/1246/251 243/1232/243 910/1004/910
f 842/1247/842 841/1248/841 1096/1249/1096
f 951/1250/951 941/1251/941 350/1252/350
f 1097/1253/1097 1062/1193/1062 1003/1121/1003
f 1062/1193/1062 979/1088/979 1003/1121/1003
f 1098/1254/1098 1099/1255/1099 1100/1256/1100
f 1101/1257/1101 1102/1258/1102 1065/1259/1065
f 1103/1260/1103 1104/1261/1104 616/663/616
f 441/461/441 1105/1262/1105 1084/1263/1084
f 1067/1199/1067 441/461/441 1084/1263/1084
f 1084/1263/1084 1105/1262/1105 1085/1264/1085
f 1106/1265/1106 1107/1266/1107 386/401/386
f 969/1267/969 968/1268/968 1108/1269/1108
f 844/1270/844 772/1025/772 845/1117/845
f 845/1117/845 772/1025/772 547/580/547
f 836/922/836 873/1271/873 1061/1272/1061
f 1109/1273/1109 999/1116/999 546/579/546
f 1110/1274/1110 1086/1275/1086 1093/1276/1093
f 1111/1277/1111 1089/1230/1089 1069/1203/1069
f 1111/1277/1111 1112/1278/1112 1089/1230/1089
f 1112/1278/1112 1091/1279/1091 1089/1230/1089
f 1091/1279/1091 1113/1280/1113 810/892/810
f 576/1281/576 325/947/325 856/946/856
f 856/946/856 207/217/207 1114/1282/1114
f 1115/1283/1115 1116/1284/1116 1117/1285/1117
f 1105/1262/1105 1118/1286/1118 1085/1264/1085
f 1118/1287/1118 1119/1288/1119 1085/1223/1085
f 1085/1223/1085 1119/1288/1119 1093/1243/1093
f 1110/1289/1110 1120/1290/1120 1086/1227/1086
f 1121/1291/1121 1087/1292/1087 1086/1293/1086
f 1120/1290/1120 1121/1294/1121 1086/1227/1086
f 1122/1295/1122 1087/1292/1087 1121/1291/1121
f 1122/1295/1122 1088/1296/1088 1087/1292/1087
f 1123/1297/1123 1069/1203/1069 1088/1229/1088
f 1122/1298/1122 1123/1297/1123 1088/1229/1088
f 1069/1203/1069 1123/1297/1123 1111/1277/1111
f 1124/1299/1124 1091/1279/1091 1112/1278/1112
f 1091/1279/1091 1124/1299/1124 1113/1280/1113
f 764/1300/764 1125/1301/1125 765/1302/765
f 1126/1303/1126 967/1304/967 634/682/634
f 1127/1305/1127 1093/1243/1093 1119/1288/1119
f 1093/1243/1093 1127/1305/1127 1110/1289/1110
f 1111/1277/1111 1124/1299/1124 1112/1278/1112
f 1128/1306/1128 593/636/593 465/489/465
f 566/606/566 489/518/489 1095/1245/1095
f 566/606/566 506/536/506 489/518/489
f 608/655/608 566/606/566 1129/1307/1129
f 1100/1256/1100 1099/1255/1099 1130/1308/1130
f 1115/1309/1115 1131/1310/1131 1116/1311/1116
f 23/23/23 1132/1312/1132 730/1313/730
f 1127/1305/1127 1120/1290/1120 1110/1289/1110
f 1120/1290/1120 1122/1298/1122 1121/1294/1121
f 1133/1314/1133 713/764/713 712/763/712
f 357/1315/357 1113/1316/1113 166/1317/166
f 1042/1171/1042 1134/1318/1134 1135/1319/1135
f 524/600/524 1037/1165/1037 525/1320/525
f 518/548/518 1134/1321/1134 503/533/503
f 1136/1322/1136 1076/1323/1076 1080/1215/1080
f 1098/1324/1098 1117/1325/1117 1099/1326/1099
f 1120/1290/1120 1137/1327/1137 1122/1298/1122
f 1111/1277/1111 1138/1328/1138 1124/1299/1124
f 1139/1329/1139 1140/1330/1140 1141/1331/1141
f 342/1332/342 524/556/524 523/555/523
f 227/238/227 298/310/298 202/212/202
f 1101/1333/1101 1064/1195/1064 1131/1334/1131
f 1061/1192/1061 873/966/873 293/305/293
f 240/252/240 239/251/239 252/264/252
f 1142/1335/1142 1047/1177/1047 970/1336/970
f 463/487/463 1143/1337/1143 1144/1338/1144
f 1049/1339/1049 1062/1193/1062 1097/1253/1097
f 1127/1305/1127 1145/1340/1145 1120/1290/1120
f 1138/1328/1138 1146/1341/1146 1124/1299/1124
f 1147/1342/1147 1129/1307/1129 1095/1245/1095
f 1057/1188/1057 1148/1343/1148 957/1063/957
f 836/922/836 519/921/519 873/1271/873
f 1149/1344/1149 758/1345/758 1082/1219/1082
f 1150/1346/1150 409/425/409 1151/1347/1151
f 1152/1348/1152 1041/1170/1041 1153/1349/1153
f 1154/1350/1154 1155/1351/1155 956/1352/956
f 1062/1353/1062 1156/1354/1156 1154/1350/1154
f 1157/1355/1157 1118/1287/1118 1105/1356/1105
f 500/530/500 1157/1357/1157 1105/1262/1105
f 1157/1355/1157 1119/1288/1119 1118/1287/1118
f 1123/1358/1123 1122/1359/1122 1111/1360/1111
f 1158/1361/1158 1138/1328/1138 1111/1277/1111
f 1147/1342/1147 963/1071/963 1129/1307/1129
f 263/275/263 1014/1362/1014 1010/1363/1010
f 1159/1364/1159 1051/1181/1051 1068/1201/1068
f 1160/1365/1160 1161/1366/1161 446/1367/446
f 1047/1177/1047 1049/1179/1049 1097/1368/1097
f 970/1336/970 1047/1177/1047 1097/1368/1097
f 1134/1321/1134 518/548/518 1162/1369/1162
f 1163/1370/1163 1127/1305/1127 1119/1288/1119
f 1127/1305/1127 1163/1370/1163 1145/1340/1145
f 1158/1361/1158 1164/1371/1164 1138/1328/1138
f 1138/1328/1138 1164/1371/1164 1146/1341/1146
f 681/732/681 1165/1372/1165 209/219/209
f 1166/1373/1166 1153/1349/1153 1167/1374/1167
f 382/1375/382 388/403/388 1012/1376/1012
f 697/748/697 696/747/696 140/1377/140
f 873/966/873 514/544/514 293/305/293
f 386/401/386 729/789/729 387/402/387
f 935/1039/935 1081/1378/1081 1108/1379/1108
f 1162/1369/1162 518/548/518 837/1380/837
f 349/499/349 515/545/515 526/558/526
f 1064/1195/1064 1066/1197/1066 381/396/381
f 938/1042/938 825/909/825 1168/1381/1168
f 70/70/70 421/438/421 171/181/171
f 1163/1370/1163 1119/1288/1119 1157/1355/1157
f 1145/1340/1145 1137/1327/1137 1120/1290/1120
f 1122/1298/1122 1158/1361/1158 1111/1277/1111
f 1169/1382/1169 172/182/172 174/184/174
f 1027/1154/1027 1026/1153/1026 1153/1349/1153
f 1153/1383/1153 1170/1384/1170 1171/1385/1171
f 1167/1386/1167 1153/1383/1153 1171/1385/1171
f 1172/1387/1172 1173/1388/1173 1174/1389/1174
f 1175/1390/1175 490/520/490 16/519/16
f 519/921/519 505/1391/505 873/1271/873
f 1044/1392/1044 952/1058/952 503/533/503
f 611/1393/611 1157/1355/1157 500/1394/500
f 1137/1327/1137 1176/1395/1176 1122/1298/1122
f 1177/1396/1177 1102/1258/1102 1178/1397/1178
f 942/1398/942 1179/1399/1179 940/1400/940
f 1154/1401/1154 955/1061/955 980/1089/980
f 253/265/253 1180/1402/1180 710/761/710
f 756/820/756 774/845/774 301/313/301
f 1181/1403/1181 1027/1154/1027 1153/1349/1153
f 955/1061/955 1154/1401/1154 956/1062/956
f 1062/1353/1062 1154/1350/1154 980/1404/980
f 1044/1392/1044 503/533/503 1134/1321/1134
f 938/1042/938 1168/1381/1168 814/896/814
f 325/947/325 1126/1303/1126 633/681/633
f 1182/1405/1182 1107/1266/1107 1106/1265/1106
f 1183/1406/1183 1184/1407/1184 1185/1408/1185
f 1163/1370/1163 1186/1409/1186 1145/1340/1145
f 1186/1409/1186 1187/1410/1187 1145/1340/1145
f 1145/1340/1145 1187/1410/1187 1137/1327/1137
f 1137/1327/1137 530/563/530 1176/1395/1176
f 1122/1298/1122 1176/1395/1176 1158/1361/1158
f 1165/1411/1165 681/1412/681 943/1413/943
f 1188/1414/1188 1061/1272/1061 937/1415/937
f 1171/1416/1171 1170/1417/1170 1189/1418/1189
f 1179/1399/1179 942/1398/942 1190/1419/1190
f 1182/1405/1182 1066/1420/1066 1107/1266/1107
f 1191/1421/1191 1135/1319/1135 1192/1422/1192
f 611/1393/611 1163/1370/1163 1157/1355/1157
f 1187/1410/1187 530/563/530 1137/1327/1137
f 1117/1325/1117 977/1423/977 1099/1326/1099
f 1027/1154/1027 1181/1403/1181 1193/1424/1193
f 1194/1425/1194 1179/1399/1179 1190/1419/1190
f 1042/1171/1042 1195/1426/1195 1043/1172/1043
f 951/1427/951 350/1428/350 526/1429/526
f 968/1076/968 970/1078/970 985/1122/985
f 1196/1430/1196 1146/1341/1146 1164/1371/1164
f 160/168/160 1197/1431/1197 144/149/144
f 227/238/227 263/275/263 1010/1363/1010
f 1186/1409/1186 1198/1432/1198 1187/1410/1187
f 422/439/422 67/67/67 9/9/9
f 1001/1119/1001 1199/1433/1199 1002/1120/1002
f 29/1434/29 617/1435/617 311/323/311
f 1001/1119/1001 919/1015/919 1199/1433/1199
f 1047/1177/1047 1200/1436/1200 1048/1178/1048
f 1201/1437/1201 605/652/605 1202/1438/1202
f 1190/1439/1190 952/1058/952 1044/1392/1044
f 1191/1421/1191 1042/1171/1042 1135/1319/1135
f 1203/1440/1203 1171/1416/1171 1204/1441/1204
f 1167/1386/1167 1171/1385/1171 1203/1442/1203
f 611/1393/611 1205/1443/1205 1163/1370/1163
f 1163/1370/1163 1205/1443/1205 1186/1409/1186
f 1187/1410/1187 531/564/531 530/563/530
f 586/628/586 1206/1444/1206 338/352/338
f 1081/1445/1081 1073/1207/1073 1207/1446/1207
f 1150/1346/1150 410/426/410 409/425/409
f 1207/1446/1207 1073/1207/1073 1090/1231/1090
f 836/922/836 1061/1272/1061 1188/1414/1188
f 1195/1447/1195 1190/1448/1190 1043/1449/1043
f 1179/1399/1179 1000/1450/1000 940/1400/940
f 960/1068/960 1027/1154/1027 796/873/796
f 826/910/826 825/909/825 1107/1266/1107
f 1042/1171/1042 1044/1173/1044 1134/1318/1134
f 1208/1451/1208 1209/1452/1209 1210/1453/1210
f 775/1454/775 310/322/310 776/1455/776
f 1205/1443/1205 1198/1432/1198 1186/1409/1186
f 855/945/855 1211/1456/1211 1212/1457/1212
f 966/1074/966 1213/1458/1213 244/256/244
f 606/781/606 968/1076/968 335/347/335
f 381/1459/381 388/403/388 382/1375/382
f 141/1460/141 618/665/618 142/162/142
f 758/1345/758 1074/1208/1074 1082/1219/1082
f 946/1461/946 979/1462/979 981/1463/981
f 1051/1181/1051 1214/1464/1214 1028/1155/1028
f 1204/1441/1204 1189/1418/1189 1192/1422/1192
f 1204/1441/1204 1171/1416/1171 1189/1418/1189
f 1215/1465/1215 1216/1466/1216 1217/1467/1217
f 1198/1432/1198 531/564/531 1187/1410/1187
f 1218/1468/1218 424/441/424 1219/1469/1219
f 936/1040/936 336/350/336 338/352/338
f 203/213/203 984/1095/984 228/239/228
f 1136/1322/1136 936/1040/936 338/352/338
f 1039/1168/1039 1051/1181/1051 1040/1169/1040
f 1152/1348/1152 1039/1168/1039 1041/1170/1041
f 1218/1468/1218 712/763/712 425/442/425
f 935/1039/935 1108/1379/1108 455/1470/455
f 1064/1195/1064 381/396/381 383/398/383
f 1220/1471/1220 1030/1157/1030 1000/1450/1000
f 984/1095/984 267/279/267 228/239/228
f 1221/1472/1221 1037/1165/1037 1222/1473/1222
f 861/952/861 380/395/380 379/394/379
f 1130/1308/1130 944/1474/944 681/732/681
f 1223/1475/1223 1195/1447/1195 1191/1476/1191
f 1155/1351/1155 1162/1477/1162 956/1352/956
f 1213/1458/1213 1224/1478/1224 244/256/244
f 1225/1479/1225 1226/1480/1226 1227/1481/1227
f 1063/1482/1063 401/1483/401 1019/1146/1019
f 1205/1443/1205 611/1393/611 610/1484/610
f 26/26/26 1228/1485/1228 187/197/187
f 1229/1486/1229 1068/1201/1068 1072/1206/1072
f 1206/1444/1206 1230/1487/1230 338/352/338
f 1195/1447/1195 1223/1475/1223 1190/1448/1190
f 957/1063/957 1148/1343/1148 861/952/861
f 964/1072/964 35/35/35 1038/1166/1038
f 1001/1488/1001 1150/1346/1150 1151/1347/1151
f 1075/1209/1075 1166/1373/1166 1200/1436/1200
f 1231/1489/1231 172/182/172 1232/1490/1232
f 1075/1209/1075 1200/1436/1200 1047/1177/1047
f 1079/1235/1079 1073/1234/1073 1081/1491/1081
f 448/872/448 960/1068/960 796/873/796
f 486/515/486 339/353/339 487/516/487
f 339/353/339 341/355/341 487/516/487
f 274/286/274 328/340/328 275/287/275
f 681/1492/681 944/1050/944 943/1049/943
f 1030/1157/1030 410/426/410 1150/1346/1150
f 1100/1256/1100 635/683/635 812/894/812
f 796/873/796 758/1345/758 449/871/449
f 1220/1471/1220 1000/1450/1000 1179/1399/1179
f 1233/1493/1233 463/487/463 1234/1494/1234
f 1131/1310/1131 383/1123/383 978/1086/978
f 1166/1373/1166 1167/1374/1167 1200/1436/1200
f 495/525/495 1235/1495/1235 245/257/245
f 1000/1450/1000 1002/1496/1002 940/1400/940
f 1066/1420/1066 1182/1405/1182 1106/1265/1106
f 301/313/301 275/287/275 328/340/328
f 300/312/300 1236/1497/1236 371/386/371
f 1041/1170/1041 1040/1169/1040 1170/1417/1170
f 582/624/582 1237/1498/1237 414/430/414
f 988/1499/988 1238/1500/1238 1239/1501/1239
f 1239/1501/1239 1238/1500/1238 817/900/817
f 1238/1500/1238 818/901/818 817/900/817
f 1019/1146/1019 401/1483/401 1240/1502/1240
f 1241/1503/1241 1242/1504/1242 1243/1505/1243
f 945/1087/945 978/1086/978 1016/1142/1016
f 1188/1506/1188 862/953/862 861/952/861
f 81/81/81 1228/1485/1228 1244/1507/1244
f 1245/1508/1245 1246/1509/1246 612/1510/612
f 1247/1511/1247 861/952/861 379/394/379
f 1099/1326/1099 977/1423/977 945/1512/945
f 1063/1194/1063 402/1187/402 401/1513/401
f 166/1317/166 1248/1514/1248 357/1315/357
f 1024/1151/1024 1007/1130/1007 1249/1515/1249
f 547/580/547 772/1025/772 249/261/249
f 1192/1422/1192 1189/1418/1189 1191/1421/1191
f 1064/1195/1064 383/398/383 1131/1334/1131
f 567/608/567 964/1072/964 1023/1150/1023
f 942/1048/942 941/1047/941 1190/1516/1190
f 1250/1517/1250 1251/1518/1251 1007/1130/1007
f 388/403/388 723/774/723 1012/1376/1012
f 1252/1519/1252 1253/1520/1253 1254/1521/1254
f 1255/1522/1255 525/1320/525 1221/1472/1221
f 1256/1523/1256 1257/1524/1257 341/355/341
f 231/1525/231 233/1526/233 1258/1527/1258
f 749/813/749 748/812/748 1045/1528/1045
f 141/1529/141 1132/1312/1132 987/1099/987
f 987/1099/987 1132/1312/1132 642/690/642
f 143/1530/143 1132/1531/1132 141/1532/141
f 1259/1533/1259 1260/1534/1260 232/1535/232
f 1261/1536/1261 588/630/588 1238/1500/1238
f 892/985/892 894/987/894 1262/1537/1262
f 1263/1538/1263 1264/1539/1264 107/108/107
f 293/305/293 292/304/292 1061/1192/1061
f 238/250/238 769/838/769 239/251/239
f 986/1540/986 354/368/354 335/347/335
f 825/909/825 1265/1541/1265 1168/1381/1168
f 388/403/388 387/402/387 723/774/723
f 1040/1169/1040 1223/1542/1223 1191/1421/1191
f 1065/1196/1065 1064/1195/1064 1101/1333/1101
f 1178/1397/1178 1102/1258/1102 1101/1257/1101
f 772/1025/772 316/328/316 249/261/249
f 988/1499/988 1261/1536/1261 1238/1500/1238
f 1148/1343/1148 1188/1506/1188 861/952/861
f 1018/1144/1018 1068/1201/1068 1229/1486/1229
f 1170/1417/1170 1266/1543/1266 1189/1418/1189
f 1170/1417/1170 1191/1421/1191 1266/1543/1266
f 272/599/272 700/751/700 1037/1165/1037
f 520/1544/520 1229/1486/1229 448/872/448
f 1267/1545/1267 141/1460/141 987/1546/987
f 588/630/588 863/954/863 818/901/818
f 1116/1311/1116 1131/1310/1131 978/1086/978
f 1051/1181/1051 1220/1471/1220 1052/1182/1052
f 862/953/862 1188/1506/1188 937/1041/937
f 1040/1169/1040 1191/1421/1191 1170/1417/1170
f 1194/1425/1194 1220/1471/1220 1179/1399/1179
f 1008/1131/1008 1250/1517/1250 1007/1130/1007
f 675/726/675 256/1547/256 319/331/319
f 272/599/272 1037/1165/1037 524/600/524
f 946/1461/946 981/1463/981 947/1548/947
f 63/63/63 217/227/217 1031/1158/1031
f 1268/1549/1268 1269/1550/1269 1270/1551/1270
f 1249/1515/1249 1023/1150/1023 1024/1151/1024
f 1023/1150/1023 1249/1515/1249 567/608/567
f 964/1072/964 567/608/567 35/35/35
f 933/1552/933 926/1022/926 822/906/822
f 1000/1450/1000 1030/1157/1030 1150/1346/1150
f 114/115/114 1271/1553/1271 113/114/113
f 1072/1206/1072 1026/1153/1026 1025/1152/1025
f 1072/1206/1072 1039/1168/1039 1152/1348/1152
f 1272/1554/1272 987/1099/987 321/333/321
f 1267/1545/1267 618/665/618 141/1460/141
f 993/1108/993 770/839/770 769/838/769
f 251/1246/251 910/1004/910 1173/1388/1173
f 487/516/487 341/355/341 1257/1524/1257
f 572/613/572 847/936/847 501/531/501
f 1075/1555/1075 1193/1556/1193 1181/1557/1181
f 1273/1558/1273 1274/1559/1274 1275/1560/1275
f 354/368/354 986/1540/986 946/1052/946
f 423/1561/423 750/1562/750 1276/1563/1276
f 1126/1564/1126 966/1074/966 967/1075/967
f 1272/1554/1272 1267/1565/1267 987/1099/987
f 1267/1566/1267 636/1567/636 618/1568/618
f 27/27/27 310/1569/310 775/846/775
f 238/250/238 183/193/183 185/195/185
f 1277/1570/1277 1278/1571/1278 1279/1572/1279
f 837/1380/837 1188/1506/1188 1148/1343/1148
f 402/1187/402 847/1066/847 572/1573/572
f 242/254/242 254/266/254 342/356/342
f 63/63/63 1032/1159/1032 1280/1574/1280
f 1072/1206/1072 1068/1201/1068 1039/1168/1039
f 1074/1208/1074 1193/1424/1193 1075/1209/1075
f 1026/1153/1026 1072/1206/1072 1152/1348/1152
f 981/1090/981 829/913/829 947/1053/947
f 999/1116/999 1281/1575/1281 1282/1576/1282
f 919/1015/919 1109/1273/1109 546/579/546
f 981/1090/981 980/1089/980 829/913/829
f 1191/1421/1191 1195/1426/1195 1042/1171/1042
f 336/350/336 935/1039/935 455/1470/455
f 413/429/413 441/461/441 1067/1199/1067
f 907/1001/907 867/960/867 891/984/891
f 1108/1577/1108 968/1578/968 455/1579/455
f 979/1088/979 946/1052/946 986/1540/986
f 641/689/641 642/690/642 982/1091/982
f 270/282/270 643/691/643 268/280/268
f 1247/1511/1247 1283/1580/1283 861/952/861
f 1050/1180/1050 1052/1182/1052 1223/1542/1223
f 1284/1581/1284 233/1526/233 407/1582/407
f 969/1583/969 1142/1335/1142 970/1336/970
f 1285/1584/1285 1286/1585/1286 1287/1586/1287
f 1288/1587/1288 1183/1588/1183 1185/1589/1185
f 985/1122/985 1003/1121/1003 979/1088/979
f 1289/1590/1289 1068/1201/1068 1018/1144/1018
f 1028/1155/1028 1290/1591/1290 1029/1156/1029
f 943/1049/943 945/1051/945 1016/1592/1016
f 286/298/286 309/321/309 413/429/413
f 1116/1311/1116 978/1086/978 977/1085/977
f 1247/1511/1247 379/394/379 829/913/829
f 1220/1471/1220 1194/1425/1194 1052/1182/1052
f 1107/1266/1107 825/909/825 938/1042/938
f 1283/1580/1283 957/1063/957 861/952/861
f 1214/1464/1214 1290/1591/1290 1028/1155/1028
f 610/1484/610 1198/1432/1198 1205/1443/1205
f 1066/1420/1066 1106/1265/1106 381/1459/381
f 1291/1593/1291 288/1127/288 1005/1126/1005
f 960/1068/960 1025/1152/1025 1027/1154/1027
f 1018/1144/1018 1292/1594/1292 773/844/773
f 1293/1595/1293 1114/1596/1114 1272/1554/1272
f 1294/1597/1294 636/1598/636 1267/1599/1267
f 1294/1600/1294 1295/1601/1295 636/1602/636
f 1296/1603/1296 1297/1604/1297 1298/1605/1298
f 185/195/185 769/838/769 238/250/238
f 1261/1536/1261 1299/1606/1299 588/630/588
f 387/402/387 728/788/728 723/774/723
f 1151/1607/1151 919/1015/919 1001/1119/1001
f 1153/1349/1153 1041/1170/1041 1170/1417/1170
f 1204/1441/1204 1192/1422/1192 1156/1354/1156
f 1190/1608/1190 951/1609/951 952/1610/952
f 1082/1219/1082 1078/1212/1078 1077/1211/1077
f 1300/1611/1300 1301/1612/1301 1302/1613/1302
f 925/1021/925 183/193/183 238/250/238
f 344/1614/344 1258/1527/1258 1284/1581/1284
f 1283/1580/1283 955/1061/955 957/1063/957
f 1057/1188/1057 837/1380/837 1148/1343/1148
f 1090/1231/1090 1075/1209/1075 1047/1177/1047
f 1080/1215/1080 935/1039/935 936/1040/936
f 642/690/642 1132/1312/1132 1303/1615/1303
f 1304/1616/1304 1288/1617/1288 1185/1618/1185
f 1051/1181/1051 1050/1180/1050 1040/1169/1040
f 1029/1156/1029 410/426/410 1030/1157/1030
f 836/1619/836 1188/1506/1188 837/1380/837
f 243/1232/243 342/1332/342 523/555/523
f 1293/1620/1293 320/1621/320 856/946/856
f 1174/1389/1174 270/282/270 1305/1622/1305
f 1299/1606/1299 1306/1623/1306 588/630/588
f 1099/1326/1099 945/1512/945 944/1624/944
f 1189/1625/1189 1266/1626/1266 1191/1627/1191
f 1090/1231/1090 1142/1335/1142 1207/1446/1207
f 1136/1322/1136 1080/1215/1080 936/1040/936
f 1135/1319/1135 1134/1318/1134 1162/1477/1162
f 1052/1182/1052 1194/1425/1194 1223/1542/1223
f 1051/1181/1051 1028/1155/1028 1220/1471/1220
f 253/265/253 252/264/252 1180/1402/1180
f 1267/1565/1267 1272/1554/1272 1294/1628/1294
f 1307/1629/1307 692/776/692 636/1630/636
f 1295/1631/1295 1307/1629/1307 636/1630/636
f 644/692/644 501/531/501 847/936/847
f 1308/1632/1308 360/1633/360 370/1634/370
f 1051/1181/1051 1159/1364/1159 1214/1464/1214
f 980/1089/980 1283/1580/1283 1247/1511/1247
f 1166/1635/1166 1181/1557/1181 1153/1636/1153
f 1075/1555/1075 1181/1557/1181 1166/1635/1166
f 941/1637/941 1199/1433/1199 545/578/545
f 1220/1471/1220 1028/1155/1028 1030/1157/1030
f 965/1073/965 402/1187/402 1063/1194/1063
f 1309/1638/1309 1294/1639/1294 1272/1640/1272
f 1237/1641/1237 1240/1502/1240 401/1483/401
f 271/1031/271 764/829/764 700/751/700
f 1310/1642/1310 1311/1643/1311 1312/1644/1312
f 692/743/692 651/699/651 637/685/637
f 980/1089/980 955/1061/955 1283/1580/1283
f 1173/1388/1173 910/1004/910 1174/1389/1174
f 856/946/856 1114/1282/1114 1293/1620/1293
f 360/375/360 1313/1645/1313 358/373/358
f 1309/1646/1309 1272/1554/1272 1114/1596/1114
f 1313/1645/1313 961/1069/961 358/373/358
f 479/508/479 1314/1647/1314 175/185/175
f 1081/1378/1081 1207/1648/1207 1108/1379/1108
f 1207/1649/1207 969/1267/969 1108/1269/1108
f 926/1022/926 666/716/666 668/718/668
f 455/1579/455 968/1578/968 606/1650/606
f 1315/1651/1315 1295/1652/1295 1294/1639/1294
f 1004/1653/1004 1307/1654/1307 1295/1655/1295
f 1315/1656/1315 1004/1124/1004 1295/1657/1295
f 335/347/335 968/1076/968 986/1540/986
f 1206/1444/1206 586/628/586 588/630/588
f 1306/1623/1306 1206/1444/1206 588/630/588
f 937/1041/937 1061/1192/1061 435/455/435
f 1101/1658/1101 1131/1310/1131 1115/1309/1115
f 956/1062/956 1162/1369/1162 1057/1188/1057
f 1090/1231/1090 1047/1177/1047 1142/1335/1142
f 1207/1446/1207 1142/1335/1142 969/1583/969
f 1192/1422/1192 1155/1351/1155 1156/1354/1156
f 1190/1608/1190 941/1659/941 951/1609/951
f 764/829/764 699/750/699 700/751/700
f 1155/1351/1155 1135/1319/1135 1162/1477/1162
f 1200/1436/1200 1167/1374/1167 1048/1178/1048
f 448/872/448 1229/1486/1229 959/1067/959
f 1223/1475/1223 1194/1660/1194 1190/1448/1190
f 1006/1661/1006 632/680/632 812/894/812
f 1114/1596/1114 1165/1662/1165 1309/1646/1309
f 1309/1638/1309 1315/1651/1315 1294/1639/1294
f 959/1067/959 1229/1486/1229 1072/1206/1072
f 1316/1663/1316 1317/1664/1317 613/660/613
f 701/775/701 723/774/723 728/788/728
f 1261/1536/1261 988/1499/988 950/1665/950
f 1151/1607/1151 1109/1273/1109 919/1015/919
f 275/287/275 300/312/300 371/386/371
f 1204/1441/1204 1156/1354/1156 1062/1353/1062
f 812/894/812 813/895/813 1098/1254/1098
f 295/307/295 649/697/649 296/308/296
f 1000/1450/1000 1150/1346/1150 1001/1488/1001
f 721/772/721 249/261/249 248/260/248
f 321/1666/321 320/1621/320 1293/1620/1293
f 1318/1667/1318 1307/1654/1307 1004/1653/1004
f 1318/1668/1318 692/776/692 1307/1629/1307
f 1318/1668/1318 723/774/723 692/776/692
f 1319/1669/1319 1273/1558/1273 663/713/663
f 598/643/598 458/480/458 590/645/590
f 953/1059/953 1045/1528/1045 748/812/748
f 815/1670/815 1320/1671/1320 729/1672/729
f 818/901/818 863/954/863 807/888/807
f 1048/1673/1048 1204/1674/1204 1062/1193/1062
f 1048/1673/1048 1062/1193/1062 1049/1339/1049
f 1117/1675/1117 1116/1311/1116 977/1085/977
f 1156/1354/1156 1155/1351/1155 1154/1350/1154
f 954/1065/954 964/1072/964 953/1167/953
f 796/873/796 1027/1154/1027 1193/1424/1193
f 209/1676/209 1165/1662/1165 1114/1596/1114
f 1161/1366/1161 1235/1495/1235 1321/1677/1321
f 213/223/213 1322/1678/1322 85/1679/85
f 1007/1130/1007 1024/1151/1024 965/1073/965
f 583/1680/583 758/1345/758 1149/1344/1149
f 1106/1265/1106 386/401/386 388/403/388
f 381/1459/381 1106/1265/1106 388/403/388
f 1323/1681/1323 610/1682/610 688/1683/688
f 1324/1684/1324 1325/1685/1325 1326/1686/1326
f 1044/1173/1044 1043/1172/1043 1190/1419/1190
f 758/1345/758 796/873/796 1074/1208/1074
f 1066/1420/1066 1058/1189/1058 1107/1266/1107
f 1115/1687/1115 1327/1688/1327 1101/1257/1101
f 1328/1689/1328 213/223/213 85/1679/85
f 829/913/829 980/1089/980 1247/1511/1247
f 1024/1151/1024 958/1064/958 965/1073/965
f 1065/1259/1065 1058/1189/1058 1066/1420/1066
f 1162/1369/1162 837/1380/837 1057/1188/1057
f 1080/1215/1080 1081/1378/1081 935/1039/935
f 1246/1509/1246 1329/1690/1329 826/1691/826
f 1048/1178/1048 1203/1440/1203 1204/1441/1204
f 555/592/555 554/591/554 16/16/16
f 796/873/796 1193/1424/1193 1074/1208/1074
f 1016/1142/1016 1004/1124/1004 1315/1656/1315
f 1318/1668/1318 1012/1376/1012 723/774/723
f 1330/1692/1330 136/1693/136 4/1694/4
f 1331/1695/1331 675/726/675 676/727/676
f 1192/1422/1192 1135/1319/1135 1155/1351/1155
f 1107/1266/1107 938/1042/938 386/401/386
f 1153/1349/1153 1026/1153/1026 1152/1348/1152
f 1040/1169/1040 1050/1180/1050 1223/1542/1223
f 1107/1266/1107 1058/1189/1058 826/910/826
f 469/493/469 720/771/720 721/772/721
f 1165/1696/1165 943/1049/943 1315/1697/1315
f 1309/1646/1309 1165/1662/1165 1315/1698/1315
f 943/1049/943 1016/1592/1016 1315/1697/1315
f 1332/1699/1332 1333/1700/1333 1334/1701/1334
f 288/300/288 286/298/286 413/429/413
f 940/1400/940 1002/1496/1002 941/1702/941
f 1002/1496/1002 1199/1703/1199 941/1702/941
f 1076/1323/1076 1078/1213/1078 1080/1215/1080
f 729/789/729 1320/1704/1320 761/825/761
f 1003/1121/1003 970/1078/970 1097/1253/1097
f 566/606/566 1095/1245/1095 1129/1307/1129
f 1167/1386/1167 1203/1442/1203 1048/1705/1048
f 658/707/658 926/1022/926 933/1552/933
f 1335/1706/1335 1336/1707/1336 1337/1708/1337
f 383/398/383 1318/1667/1318 1004/1653/1004
f 383/398/383 1012/1138/1012 1318/1667/1318
f 545/578/545 1199/1433/1199 919/1015/919
f 1338/1709/1338 312/324/312 311/323/311
f 1082/1219/1082 1079/1220/1079 1078/1212/1078
f 961/1069/961 183/193/183 925/1021/925
f 80/80/80 1339/1710/1339 81/81/81
f 1340/1711/1340 934/1038/934 93/93/93
f 1340/1711/1340 93/93/93 133/137/133
f 1341/1712/1341 1342/1713/1342 1343/1714/1343
f 1341/1712/1341 1343/1714/1343 789/860/789
f 1344/1715/1344 116/118/116 1345/1716/1345
f 1098/1254/1098 1100/1256/1100 812/894/812
f 77/77/77 1346/1717/1346 78/78/78
f 421/438/421 118/121/118 171/181/171
f 1347/1718/1347 1348/1719/1348 1349/1720/1349
f 1350/1721/1350 1330/1722/1330 1351/1723/1351
f 1349/1720/1349 1352/1724/1352 1094/1244/1094
f 133/137/133 93/93/93 134/138/134
f 1353/1725/1353 334/346/334 1354/1726/1354
f 1355/1727/1355 1356/1728/1356 1351/1723/1351
f 145/150/145 1357/1729/1357 322/334/322
f 322/334/322 1358/1730/1358 68/68/68
f 85/85/85 84/84/84 527/560/527
f 1359/1731/1359 85/85/85 527/560/527
f 1305/1622/1305 1172/1387/1172 1174/1389/1174
f 68/68/68 1358/1730/1358 1360/1732/1360
f 1361/1733/1361 116/118/116 1344/1715/1344
f 304/316/304 303/315/303 1362/1734/1362
f 1363/1735/1363 764/1300/764 271/283/271
f 160/168/160 146/151/146 1364/1736/1364
f 419/436/419 1201/1437/1201 420/437/420
f 1365/1737/1365 974/1082/974 976/1084/976
f 1366/1738/1366 1367/1739/1367 1368/1740/1368
f 1369/1741/1369 1370/1742/1370 1278/1571/1278
f 625/672/625 1371/1743/1371 1372/1744/1372
f 1316/1745/1316 1373/1746/1373 1374/1747/1374
f 210/220/210 1375/1748/1375 105/106/105
f 1364/1736/1364 146/151/146 191/201/191
f 96/96/96 98/98/98 691/742/691
f 851/1749/851 96/96/96 691/742/691
f 576/1750/576 319/331/319 256/1547/256
f 303/315/303 1376/1751/1376 1377/1752/1377
f 1374/1747/1374 677/728/677 679/730/679
f 1211/1456/1211 1378/1753/1378 276/1754/276
f 1339/1710/1339 1287/1586/1287 30/30/30
f 310/322/310 1342/1713/1342 776/1455/776
f 565/605/565 1379/1755/1379 471/495/471
f 1380/1756/1380 1242/1504/1242 1241/1503/1241
f 1378/1757/1378 831/915/831 1381/1758/1381
f 237/249/237 1006/1128/1006 634/1759/634
f 5/5/5 280/292/280 279/291/279
f 1065/1259/1065 1373/1746/1373 1059/1190/1059
f 842/1247/842 1096/1249/1096 1382/1760/1382
f 1383/1761/1383 1380/1762/1380 1384/1763/1384
f 232/244/232 1274/1559/1274 1273/1558/1273
f 1385/1764/1385 1386/1765/1386 1387/1766/1387
f 1388/1767/1388 1389/1768/1389 360/375/360
f 1390/1769/1390 1389/1770/1389 1388/1771/1388
f 225/236/225 788/859/788 868/1772/868
f 1391/1773/1391 1392/1774/1392 1393/1775/1393
f 616/663/616 28/28/28 478/507/478
f 813/1776/813 1327/1688/1327 1098/1324/1098
f 1394/1777/1394 1383/1761/1383 1384/1763/1384
f 1345/1716/1345 564/604/564 563/603/563
f 1345/1716/1345 45/45/45 564/604/564
f 134/138/134 1395/1778/1395 823/907/823
f 1396/1779/1396 1397/1780/1397 1398/1781/1398
f 320/1621/320 576/1281/576 856/946/856
f 1177/1396/1177 678/729/678 677/728/677
f 1374/1747/1374 1373/1746/1373 677/728/677
f 1399/1782/1399 1304/1783/1304 1185/1784/1185
f 1400/1785/1400 1339/1710/1339 80/80/80
f 5/5/5 138/142/138 1401/1786/1401
f 247/861/247 563/603/563 565/605/565
f 1365/1737/1365 976/1084/976 1208/1451/1208
f 854/944/854 591/1787/591 1402/1788/1402
f 1339/1710/1339 30/30/30 1403/1789/1403
f 1313/1645/1313 1389/1768/1389 1404/1790/1404
f 495/525/495 494/524/494 868/961/868
f 312/324/312 1342/1713/1342 310/322/310
f 1404/1791/1404 1405/1792/1405 184/1793/184
f 1406/1794/1406 1407/1795/1407 1408/1796/1408
f 1361/1733/1361 50/50/50 116/118/116
f 523/555/523 525/557/525 643/691/643
f 510/540/510 1409/1797/1409 1410/1798/1410
f 973/1799/973 972/1800/972 1242/1504/1242
f 880/973/880 1411/1801/1411 1412/1802/1412
f 690/741/690 852/1803/852 691/742/691
f 1373/1746/1373 1065/1259/1065 1177/1396/1177
f 1412/1802/1412 878/971/878 880/973/880
f 1413/1804/1413 1414/1805/1414 1415/1806/1415
f 1242/1807/1242 972/1080/972 1243/1808/1243
f 652/701/652 833/917/833 1416/1809/1416
f 1367/1810/1367 582/624/582 583/625/583
f 1364/1736/1364 1375/1748/1375 1417/1811/1417
f 1401/1786/1401 138/142/138 1418/1812/1418
f 1419/1813/1419 1388/1771/1388 1308/1814/1308
f 312/324/312 1344/1715/1344 1342/1713/1342
f 132/136/132 823/907/823 1420/1815/1420
f 1421/1816/1421 1397/1780/1397 1422/1817/1422
f 1423/1818/1423 1424/1819/1424 1425/1820/1425
f 1375/1748/1375 210/220/210 1426/1821/1426
f 138/142/138 1364/1736/1364 1418/1812/1418
f 1364/1736/1364 191/201/191 1375/1748/1375
f 1356/1728/1356 1350/1721/1350 1351/1723/1351
f 1427/1822/1427 1428/1823/1428 1429/1824/1429
f 1430/1825/1430 1431/1826/1431 1432/1827/1432
f 1433/1828/1433 1434/1829/1434 1317/1664/1317
f 623/670/623 1390/1769/1390 1388/1771/1388
f 904/998/904 734/794/734 1435/1830/1435
f 1436/1831/1436 1437/1832/1437 1077/1211/1077
f 1396/1779/1396 1398/1781/1398 1419/1813/1419
f 407/423/407 1319/1669/1319 345/359/345
f 1438/1833/1438 1439/1834/1439 1336/1707/1336
f 1419/1813/1419 1308/1814/1308 1396/1779/1396
f 1413/1804/1413 1440/1835/1440 1414/1805/1414
f 1361/1733/1361 1344/1715/1344 312/324/312
f 634/682/634 1006/1661/1006 812/894/812
f 1178/1397/1178 1101/1257/1101 1327/1688/1327
f 358/373/358 274/286/274 359/374/359
f 1389/1768/1389 1313/1645/1313 360/375/360
f 1376/1751/1376 303/315/303 302/314/302
f 971/1836/971 1441/1837/1441 1442/1838/1442
f 1443/1839/1443 1336/1707/1336 603/650/603
f 1444/1840/1444 1384/1763/1384 1380/1762/1380
f 564/604/564 47/47/47 1379/1755/1379
f 365/380/365 1445/1841/1445 1446/1842/1446
f 1447/1843/1447 827/1844/827 1329/1845/1329
f 78/78/78 794/868/794 745/809/745
f 1448/1846/1448 1449/1847/1449 1450/1848/1450
f 1397/1780/1397 1396/1779/1396 1451/1849/1451
f 1452/1850/1452 1397/1780/1397 1451/1849/1451
f 659/709/659 608/655/608 1129/1307/1129
f 1077/1211/1077 1437/1832/1437 1082/1219/1082
f 421/438/421 211/221/211 118/121/118
f 1216/1851/1216 1453/1852/1453 1454/1853/1454
f 1422/1854/1422 1452/1855/1452 1455/1856/1455
f 210/220/210 117/120/117 222/233/222
f 134/138/134 279/291/279 1395/1778/1395
f 1391/1773/1391 1456/1857/1456 1392/1774/1392
f 971/1079/971 1442/1858/1442 1457/1859/1457
f 1442/1860/1442 1391/1861/1391 1458/1862/1458
f 565/605/565 564/604/564 1379/1755/1379
f 1273/1558/1273 1319/1669/1319 233/245/233
f 1459/1863/1459 1178/1864/1178 813/895/813
f 81/81/81 1339/1710/1339 187/197/187
f 677/728/677 1373/1746/1373 1177/1396/1177
f 789/860/789 1343/1714/1343 563/603/563
f 190/200/190 234/246/234 223/234/223
f 1460/1865/1460 1461/1866/1461 1263/1867/1263
f 186/196/186 330/342/330 223/234/223
f 620/667/620 1312/1868/1312 306/318/306
f 1422/1854/1422 1455/1856/1455 1462/1869/1462
f 1076/1210/1076 1463/1870/1463 1077/1211/1077
f 1457/1871/1457 1442/1860/1442 1458/1862/1458
f 1464/1872/1464 1436/1873/1436 1465/1874/1465
f 975/1083/975 1456/1857/1456 976/1084/976
f 1209/1452/1209 976/1084/976 1441/1875/1441
f 1466/1876/1466 277/1877/277 1467/1878/1467
f 134/138/134 6/6/6 279/291/279
f 1468/1879/1468 833/917/833 652/701/652
f 1457/1859/1457 1458/1880/1458 972/1080/972
f 500/530/500 541/574/541 611/658/611
f 1130/1308/1130 680/731/680 635/683/635
f 197/700/197 1468/1879/1468 652/701/652
f 1343/1714/1343 1345/1716/1345 563/603/563
f 1339/1710/1339 1403/1789/1403 187/197/187
f 1469/1881/1469 1470/1882/1470 1471/1883/1471
f 793/867/793 1376/1751/1376 745/809/745
f 975/1083/975 1421/1816/1421 1456/1857/1456
f 1472/1884/1472 1473/1885/1473 1392/1774/1392
f 927/1024/927 1474/1886/1474 1475/1887/1475
f 1476/1888/1476 1477/1889/1477 1478/1890/1478
f 605/652/605 604/651/604 1479/1891/1479
f 1034/1162/1034 1015/1161/1015 1480/1892/1480
f 813/1776/813 1178/1397/1178 1327/1688/1327
f 405/679/405 679/1893/679 678/1894/678
f 1481/1895/1481 1482/1896/1482 1483/1897/1483
f 1/1/1 3/3/3 305/317/305
f 623/670/623 1388/1771/1388 1419/1813/1419
f 1479/1891/1479 604/651/604 3/3/3
f 1437/1832/1437 1149/1344/1149 1082/1219/1082
f 1484/1898/1484 1485/1899/1485 1486/1900/1486
f 1487/1901/1487 1415/1806/1415 1488/1902/1488
f 1473/1885/1473 1393/1775/1393 1392/1774/1392
f 1413/1903/1413 1415/1904/1415 185/195/185
f 64/64/64 63/63/63 1280/1574/1280
f 1489/1905/1489 113/114/113 1271/1553/1271
f 1159/1364/1159 1490/1906/1490 1214/1464/1214
f 1491/1907/1491 200/210/200 1492/1908/1492
f 1407/1795/1407 1493/1909/1493 1408/1796/1408
f 1469/1881/1469 1494/1910/1494 1470/1882/1470
f 1397/1780/1397 1452/1850/1452 1422/1817/1422
f 1495/1911/1495 1206/1444/1206 1306/1623/1306
f 1418/1812/1418 1364/1736/1364 1417/1811/1417
f 1496/1912/1496 1423/1818/1423 1425/1820/1425
f 1497/1913/1497 1498/1914/1498 840/929/840
f 1437/1832/1437 1499/1915/1499 1149/1344/1149
f 1059/1190/1059 612/1916/612 1246/1917/1246
f 1407/1795/1407 1500/1918/1500 1493/1909/1493
f 1501/1919/1501 50/50/50 1361/1733/1361
f 389/405/389 652/701/652 1416/1809/1416
f 972/1080/972 1458/1880/1458 1276/1920/1276
f 1502/1921/1502 1503/1922/1503 277/1877/277
f 1452/1855/1452 1451/1923/1451 1504/1924/1504
f 1451/1923/1451 1308/1925/1308 370/385/370
f 675/726/675 319/331/319 641/689/641
f 1375/1748/1375 1426/1821/1426 1417/1811/1417
f 842/931/842 1497/1913/1497 840/929/840
f 975/1083/975 974/1082/974 1425/1820/1425
f 676/727/676 982/1091/982 1505/1926/1505
f 961/1069/961 1404/1790/1404 184/194/184
f 1415/1904/1415 994/1109/994 185/195/185
f 1452/1855/1452 1504/1924/1504 1455/1856/1455
f 1506/1927/1506 1507/1928/1507 1508/1929/1508
f 1503/1930/1503 197/700/197 196/1931/196
f 196/1932/196 1467/1878/1467 277/1877/277
f 1208/1451/1208 976/1084/976 1209/1452/1209
f 274/286/274 961/1069/961 925/1021/925
f 196/1932/196 277/1877/277 1503/1922/1503
f 280/292/280 5/5/5 1401/1786/1401
f 1383/1933/1383 1509/1934/1509 1380/1935/1380
f 1510/1936/1510 1511/1937/1511 1512/1938/1512
f 975/1083/975 1425/1820/1425 1513/1939/1513
f 327/339/327 240/252/240 253/265/253
f 657/706/657 1361/1733/1361 312/324/312
f 878/971/878 1412/1802/1412 1398/1781/1398
f 1398/1781/1398 623/670/623 1419/1813/1419
f 1201/1437/1201 1443/1839/1443 603/650/603
f 603/650/603 1514/1940/1514 851/941/851
f 1501/1919/1501 48/48/48 50/50/50
f 1514/1940/1514 96/1941/96 851/941/851
f 1293/1595/1293 1272/1554/1272 321/333/321
f 239/251/239 770/839/770 1515/1942/1515
f 449/871/449 758/1345/758 416/1943/416
f 1316/1745/1316 1059/1190/1059 1373/1746/1373
f 1516/1944/1516 1509/1934/1509 1383/1933/1383
f 1517/1945/1517 1518/1946/1518 1519/1947/1519
f 1369/1741/1369 1520/1948/1520 1521/1949/1521
f 1412/1802/1412 623/670/623 1398/1781/1398
f 1243/1808/1243 1276/1920/1276 750/1950/750
f 1241/1503/1241 1243/1505/1243 750/1951/750
f 1241/1503/1241 750/1951/750 1133/1952/1133
f 565/605/565 471/495/471 247/861/247
f 664/714/664 855/945/855 1212/1457/1212
f 961/1069/961 184/194/184 183/193/183
f 1144/1338/1144 1328/1689/1328 1359/1953/1359
f 1456/1954/1456 1462/1869/1462 1392/1955/1392
f 1424/1819/1424 1398/1781/1398 1397/1780/1397
f 1394/1777/1394 1384/1763/1384 1471/1883/1471
f 1388/1767/1388 360/375/360 1308/1925/1308
f 274/286/274 925/1021/925 327/339/327
f 1401/1786/1401 1418/1812/1418 1522/1956/1522
f 1523/1957/1523 858/949/858 1524/1958/1524
f 6/6/6 5/5/5 279/291/279
f 1425/1820/1425 1424/1819/1424 1513/1939/1513
f 878/971/878 1398/1781/1398 1424/1819/1424
f 852/942/852 619/666/619 850/940/850
f 345/359/345 1319/1669/1319 663/713/663
f 1525/1959/1525 1526/1960/1526 445/467/445
f 1412/1802/1412 624/671/624 623/670/623
f 663/713/663 1501/1919/1501 1361/1733/1361
f 657/706/657 663/713/663 1361/1733/1361
f 41/41/41 186/196/186 1527/1961/1527
f 1381/1758/1381 1468/1879/1468 1502/1962/1502
f 2/2/2 1479/1891/1479 3/3/3
f 3/3/3 604/651/604 305/317/305
f 306/318/306 905/999/905 1/1/1
f 971/1079/971 1457/1859/1457 972/1080/972
f 1451/1923/1451 370/385/370 1504/1924/1504
f 271/283/271 1511/1937/1511 1363/1735/1363
f 774/845/774 1289/1590/1289 1018/1144/1018
f 306/318/306 1312/1868/1312 905/999/905
f 1313/1645/1313 1404/1790/1404 961/1069/961
f 1243/1808/1243 972/1080/972 1276/1920/1276
f 1210/1453/1210 1209/1452/1209 1441/1875/1441
f 1343/1714/1343 1342/1713/1342 1344/1715/1344
f 1115/1687/1115 1117/1325/1117 1098/1324/1098
f 1338/1709/1338 657/706/657 312/324/312
f 1210/1963/1210 1441/1964/1441 971/1965/971
f 1528/1966/1528 1524/1958/1524 858/949/858
f 795/869/795 794/868/794 1346/1717/1346
f 1509/1967/1509 1242/1504/1242 1380/1756/1380
f 1441/1968/1441 1391/1861/1391 1442/1860/1442
f 568/609/568 570/611/570 648/696/648
f 1529/1969/1529 1029/1156/1029 1290/1591/1290
f 1421/1816/1421 1422/1817/1422 1456/1857/1456
f 1471/1883/1471 1470/1882/1470 1530/1970/1530
f 185/195/185 994/1109/994 769/838/769
f 1513/1939/1513 1424/1819/1424 1397/1780/1397
f 1531/1971/1531 1164/1371/1164 1158/1361/1158
f 1396/1779/1396 1308/1814/1308 1451/1849/1451
f 1532/1972/1532 1533/1973/1533 1534/1974/1534
f 234/246/234 132/136/132 1420/1815/1420
f 1490/1906/1490 1290/1591/1290 1214/1464/1214
f 1490/1906/1490 1529/1969/1529 1290/1591/1290
f 1529/1969/1529 410/426/410 1029/1156/1029
f 1515/1942/1515 252/264/252 239/251/239
f 1471/1883/1471 1530/1970/1530 1394/1777/1394
f 1535/1975/1535 277/1877/277 1466/1876/1466
f 1273/1558/1273 1275/1560/1275 663/713/663
f 1133/1952/1133 750/1951/750 713/1976/713
f 967/1075/967 237/249/237 634/1759/634
f 1536/1977/1536 1537/1978/1537 1538/1979/1538
f 1441/1968/1441 976/1980/976 1391/1861/1391
f 1455/1856/1455 1539/1981/1539 1462/1869/1462
f 1275/1560/1275 1501/1919/1501 663/713/663
f 1202/1438/1202 1479/1891/1479 2/2/2
f 1275/1560/1275 48/48/48 1501/1919/1501
f 1531/1971/1531 1196/1430/1196 1164/1371/1164
f 1433/1828/1433 1317/1664/1317 679/1982/679
f 1462/1869/1462 1539/1981/1539 1472/1983/1472
f 1434/1829/1434 613/660/613 1317/1664/1317
f 1456/1954/1456 1422/1854/1422 1462/1869/1462
f 1509/1967/1509 973/1799/973 1242/1504/1242
f 1513/1939/1513 1397/1780/1397 1421/1816/1421
f 421/438/421 1202/1438/1202 2/2/2
f 1540/1984/1540 1159/1364/1159 1289/1590/1289
f 1540/1984/1540 1490/1906/1490 1159/1364/1159
f 1540/1984/1540 1529/1969/1529 1490/1906/1490
f 548/583/548 410/426/410 1529/1969/1529
f 1541/1985/1541 643/691/643 1255/1986/1255
f 1474/1886/1474 1542/1987/1542 1543/1988/1543
f 1544/1989/1544 1176/1395/1176 1545/1990/1545
f 1544/1989/1544 1531/1971/1531 1176/1395/1176
f 525/1320/525 1037/1165/1037 1221/1472/1221
f 209/219/209 1114/1282/1114 207/217/207
f 976/1084/976 1456/1857/1456 1391/1773/1391
f 975/1083/975 1513/1939/1513 1421/1816/1421
f 421/438/421 69/69/69 1202/1438/1202
f 1546/1991/1546 1547/1992/1547 1548/1993/1548
f 69/69/69 420/437/420 1202/1438/1202
f 711/762/711 1529/1969/1529 1540/1984/1540
f 710/761/710 548/583/548 1529/1969/1529
f 1531/1971/1531 1303/1615/1303 1196/1430/1196
f 1303/1615/1303 1132/1312/1132 1196/1430/1196
f 1504/1924/1504 911/1005/911 1455/1856/1455
f 1547/1992/1547 80/80/80 1548/1993/1548
f 1545/1990/1545 530/563/530 1505/1926/1505
f 27/27/27 570/611/570 569/610/569
f 1547/1992/1547 1400/1785/1400 80/80/80
f 774/845/774 1540/1984/1540 1289/1590/1289
f 711/762/711 710/761/710 1529/1969/1529
f 253/265/253 711/762/711 326/338/326
f 1549/1994/1549 217/227/217 1550/1995/1550
f 1542/1987/1542 1549/1994/1549 1550/1995/1550
f 35/35/35 488/517/488 1257/1524/1257
f 614/661/614 1245/1996/1245 612/659/612
f 518/548/518 519/549/519 837/1380/837
f 1007/1130/1007 1251/1518/1251 1249/1515/1249
f 1177/1396/1177 1459/1997/1459 678/729/678
f 295/307/295 355/369/355 946/1052/946
f 1059/1190/1059 1058/1189/1058 1065/1259/1065
f 311/323/311 343/357/343 1338/1709/1338
f 757/821/757 711/762/711 1540/1984/1540
f 613/660/613 1434/1829/1434 614/661/614
f 1504/1924/1504 370/385/370 911/1005/911
f 982/1091/982 1544/1989/1544 1545/1990/1545
f 925/1021/925 238/250/238 240/252/240
f 1020/1147/1020 1541/1985/1541 1551/1998/1551
f 1551/1998/1551 1541/1985/1541 1250/1999/1250
f 1249/1515/1249 486/515/486 567/608/567
f 269/281/269 1305/1622/1305 270/282/270
f 757/821/757 1540/1984/1540 774/845/774
f 643/691/643 525/557/525 1255/1986/1255
f 81/81/81 1244/1507/1244 25/25/25
f 305/317/305 620/667/620 306/318/306
f 1552/2000/1552 1553/2001/1553 1554/2002/1554
f 1474/2003/1474 1543/2004/1543 1475/2005/1475
f 944/1474/944 1130/1308/1130 1099/1255/1099
f 982/1091/982 1545/1990/1545 1505/1926/1505
f 642/690/642 1531/1971/1531 1544/1989/1544
f 1531/1971/1531 642/690/642 1303/1615/1303
f 1531/1971/1531 1158/1361/1158 1176/1395/1176
f 1250/1517/1250 1221/1472/1221 1251/1518/1251
f 567/608/567 486/515/486 488/517/488
f 1555/2006/1555 973/1799/973 1509/1967/1509
f 268/280/268 643/691/643 1541/1985/1541
f 328/340/328 756/820/756 301/313/301
f 1174/1389/1174 910/1004/910 270/282/270
f 116/118/116 1556/2007/1556 1345/1716/1345
f 803/882/803 517/547/517 749/813/749
f 1541/2008/1541 1255/1522/1255 1250/1517/1250
f 1250/1517/1250 1255/1522/1255 1221/1472/1221
f 756/820/756 328/340/328 326/338/326
f 554/591/554 854/944/854 509/539/509
f 1222/1473/1222 339/353/339 486/515/486
f 1343/1714/1343 1344/1715/1344 1345/1716/1345
f 982/1091/982 642/690/642 1544/1989/1544
f 1550/2009/1550 217/2010/217 1557/2011/1557
f 1221/1472/1221 1222/1473/1222 1251/1518/1251
f 1251/1518/1251 486/515/486 1249/1515/1249
f 487/516/487 1257/1524/1257 488/517/488
f 756/820/756 757/821/757 774/845/774
f 326/338/326 711/762/711 757/821/757
f 710/761/710 1180/1402/1180 548/583/548
f 1180/1402/1180 549/584/549 548/583/548
f 1037/1165/1037 339/353/339 1222/1473/1222
f 676/727/676 1505/1926/1505 392/408/392
f 1251/1518/1251 1222/1473/1222 486/515/486
f 11/11/11 1558/2012/1558 12/12/12
f 1559/2013/1559 1560/2014/1560 1274/1559/1274
f 11/11/11 107/108/107 55/55/55
f 60/117/60 124/2015/124 1561/2016/1561
f 963/2017/963 1147/2018/1147 1139/1329/1139
f 1562/2019/1562 495/525/495 868/961/868
f 1563/2020/1563 1460/2021/1460 107/108/107
f 23/23/23 22/22/22 1196/1430/1196
f 192/202/192 60/117/60 1561/2016/1561
f 10/10/10 1563/2020/1563 107/108/107
f 1379/1755/1379 192/202/192 472/496/472
f 598/643/598 653/702/653 458/480/458
f 1560/2014/1560 48/48/48 1274/1559/1274
f 1045/1174/1045 1038/1166/1038 34/34/34
f 1560/2014/1560 12/2022/12 48/48/48
f 1556/2007/1556 45/45/45 1345/1716/1345
f 1564/2023/1564 1331/1695/1331 1565/2024/1565
f 765/830/765 1256/1523/1256 341/355/341
f 810/2025/810 1113/1316/1113 357/1315/357
f 1256/1523/1256 1566/2026/1566 33/33/33
f 1567/2027/1567 34/2028/34 33/2029/33
f 1566/2026/1566 1567/2030/1567 33/33/33
f 1567/2030/1567 1045/1174/1045 34/34/34
f 1568/2031/1568 103/104/103 1569/2032/1569
f 1570/2033/1570 36/36/36 38/38/38
f 170/180/170 169/179/169 817/900/817
f 765/830/765 1252/2034/1252 1256/1523/1256
f 401/417/401 414/430/414 1237/1498/1237
f 1571/2035/1571 1572/2036/1572 1248/2037/1248
f 45/45/45 115/116/115 46/46/46
f 1252/1519/1252 1573/2038/1573 1256/2039/1256
f 1573/2038/1573 1574/2040/1574 1256/2039/1256
f 1256/2039/1256 1574/2040/1574 1566/2041/1566
f 1574/2040/1574 1575/2042/1575 1566/2041/1566
f 1566/2041/1566 1575/2042/1575 1567/2043/1567
f 1257/1524/1257 1256/1523/1256 33/33/33
f 418/435/418 576/617/576 256/268/256
f 1575/2042/1575 1576/2044/1576 1567/2043/1567
f 459/481/459 125/129/125 128/132/128
f 1577/2045/1577 760/2046/760 761/2047/761
f 1567/2043/1567 1576/2044/1576 803/2048/803
f 1254/1521/1254 1573/2038/1573 1252/1519/1252
f 1578/2049/1578 1574/2040/1574 1573/2038/1573
f 1574/2040/1574 1579/2050/1579 1575/2042/1575
f 1575/2042/1575 1579/2050/1579 1576/2044/1576
f 1569/2032/1569 573/614/573 574/615/574
f 1580/2051/1580 1578/2049/1578 1573/2038/1573
f 1579/2050/1579 1574/2040/1574 1578/2049/1578
f 1579/2050/1579 1581/2052/1581 1576/2044/1576
f 1576/2044/1576 522/2053/522 803/2048/803
f 39/39/39 258/270/258 65/65/65
f 1311/1643/1311 87/87/87 128/132/128
f 1581/2052/1581 522/2053/522 1576/2044/1576
f 1292/1594/1292 1229/1486/1229 522/2054/522
f 1292/1594/1292 522/2054/522 1581/2055/1581
f 1581/2052/1581 1579/2050/1579 1578/2049/1578
f 773/844/773 1292/1594/1292 1581/2055/1581
f 845/1117/845 999/1116/999 1282/1576/1282
f 22/22/22 1146/1341/1146 1196/1430/1196
f 689/740/689 98/98/98 109/110/109
f 1438/1833/1438 1336/1707/1336 1443/1839/1443
f 1268/2056/1268 1582/2057/1582 1269/2058/1269
f 137/2059/137 136/1693/136 1330/1692/1330
f 1583/2060/1583 1578/2049/1578 1580/2051/1580
f 1236/2061/1236 1583/2060/1583 1580/2051/1580
f 1583/2060/1583 1581/2052/1581 1578/2049/1578
f 1581/2052/1581 1583/2060/1583 773/2062/773
f 133/137/133 31/31/31 1286/1585/1286
f 729/789/729 760/824/760 728/788/728
f 1351/1723/1351 1330/1722/1330 4/4/4
f 105/106/105 171/181/171 210/220/210
f 1571/2035/1571 1248/2037/1248 166/176/166
f 934/1038/934 1351/1723/1351 94/94/94
f 1351/1723/1351 4/4/4 94/94/94
f 1092/1239/1092 1584/2063/1584 1071/1205/1071
f 300/312/300 301/313/301 1583/2064/1583
f 1583/2064/1583 301/313/301 773/844/773
f 1146/1341/1146 22/22/22 1113/1280/1113
f 1577/2065/1577 38/38/38 694/1044/694
f 1585/2066/1585 159/166/159 179/189/179
f 731/791/731 159/166/159 23/165/23
f 166/2067/166 1113/1280/1113 22/22/22
f 868/1772/868 596/2068/596 225/236/225
f 866/959/866 1586/2069/1586 7/7/7
f 1274/1559/1274 1260/2070/1260 1559/2013/1559
f 61/61/61 125/129/125 59/128/59
f 574/615/574 156/161/156 155/160/155
f 1410/1798/1410 451/473/451 510/540/510
f 1381/1758/1381 831/915/831 1468/1879/1468
f 1483/1897/1483 276/288/276 1587/2071/1587
f 158/2072/158 178/188/178 180/190/180
f 1588/2073/1588 87/87/87 1311/1643/1311
f 1588/2073/1588 88/88/88 87/87/87
f 159/166/159 1585/2066/1585 1589/2074/1589
f 1589/2074/1589 1590/2075/1590 165/175/165
f 1568/2031/1568 1569/2032/1569 1572/2036/1572
f 1588/2073/1588 690/741/690 102/103/102
f 88/88/88 1588/2073/1588 102/103/102
f 690/741/690 689/740/689 102/103/102
f 1591/2076/1591 1323/1681/1323 688/1683/688
f 1558/2012/1558 49/102/49 48/2077/48
f 165/175/165 1590/2075/1590 1571/2035/1571
f 689/740/689 691/742/691 98/98/98
f 82/82/82 189/199/189 258/270/258
f 88/88/88 103/104/103 1568/2031/1568
f 1592/2078/1592 1593/2079/1593 1594/2080/1594
f 459/481/459 128/132/128 1595/2081/1595
f 107/108/107 1264/1539/1264 43/43/43
f 882/2082/882 37/2083/37 1596/2084/1596
f 83/83/83 82/82/82 19/19/19
f 1597/2085/1597 1598/2086/1598 1599/2087/1599
f 57/57/57 11/11/11 55/55/55
f 1559/2088/1559 830/914/830 1560/2089/1560
f 1600/2090/1600 1601/2091/1601 1602/2092/1602
f 1571/2035/1571 1590/2075/1590 1572/2036/1572
f 1556/2007/1556 56/119/56 45/45/45
f 56/119/56 1603/2093/1603 45/45/45
f 1603/2093/1603 115/116/115 45/45/45
f 1603/2094/1603 44/44/44 115/2095/115
f 44/44/44 58/2096/58 115/2095/115
f 824/908/824 1591/2076/1591 1604/2097/1604
f 1605/2098/1605 145/150/145 144/149/144
f 1593/2079/1593 1586/2069/1586 1594/2080/1594
f 613/2099/613 612/1916/612 1059/1190/1059
f 12/2022/12 1558/2100/1558 48/48/48
f 1606/2101/1606 17/17/17 664/714/664
f 457/479/457 1607/2102/1607 1608/2103/1608
f 1310/1642/1310 1588/2073/1588 1311/1643/1311
f 1609/2104/1609 1610/2105/1610 1563/2020/1563
f 87/87/87 89/89/89 1595/2081/1595
f 1600/2090/1600 1586/2069/1586 1593/2079/1593
f 1611/2106/1611 392/408/392 391/407/391
f 48/48/48 1275/1560/1275 1274/1559/1274
f 142/162/142 158/164/158 180/2107/180
f 1602/2092/1602 1611/2108/1611 1591/2076/1591
f 1612/2109/1612 391/407/391 1198/1432/1198
f 1281/2110/1281 999/2111/999 1109/2112/1109
f 103/104/103 573/614/573 1569/2032/1569
f 459/481/459 1595/2081/1595 1597/2085/1597
f 1609/2104/1609 153/158/153 152/157/152
f 829/913/829 649/697/649 947/1053/947
f 391/407/391 393/409/393 531/564/531
f 531/564/531 1198/1432/1198 391/407/391
f 341/355/341 340/354/340 765/830/765
f 1357/1729/1357 656/705/656 322/334/322
f 1572/2036/1572 1613/2113/1613 1248/2037/1248
f 574/615/574 155/160/155 219/229/219
f 19/19/19 258/270/258 39/39/39
f 391/407/391 1612/2109/1612 1611/2106/1611
f 178/188/178 1614/2114/1614 179/189/179
f 1590/2075/1590 1568/2031/1568 1572/2036/1572
f 1244/1507/1244 1228/1485/1228 26/26/26
f 1615/2115/1615 830/914/830 1559/2088/1559
f 1569/2032/1569 574/615/574 1613/2113/1613
f 1616/2116/1616 1568/2031/1568 1590/2075/1590
f 89/89/89 1598/2086/1598 1595/2081/1595
f 1601/2091/1601 1611/2108/1611 1602/2092/1602
f 322/334/322 656/705/656 1358/1730/1358
f 1600/2090/1600 1602/2092/1602 361/376/361
f 1561/2117/1561 459/481/459 1617/2118/1617
f 1599/2087/1599 1585/2066/1585 179/189/179
f 1600/2090/1600 361/376/361 1586/2069/1586
f 180/2107/180 143/2119/143 142/162/142
f 165/175/165 1571/2035/1571 166/176/166
f 933/1036/933 1618/2120/1618 658/708/658
f 1598/2086/1598 1616/2116/1616 1585/2066/1585
f 44/44/44 59/128/59 58/2096/58
f 68/68/68 1360/1732/1360 69/69/69
f 361/376/361 1602/2092/1602 460/2121/460
f 1594/2080/1594 1586/2069/1586 866/959/866
f 491/521/491 1604/2097/1604 688/1683/688
f 491/2122/491 688/739/688 687/738/687
f 103/104/103 102/103/102 109/110/109
f 180/2123/180 730/1313/730 143/2124/143
f 159/166/159 165/175/165 21/167/21
f 329/341/329 72/72/72 71/71/71
f 167/177/167 1619/2125/1619 125/129/125
f 1620/2126/1620 1597/2085/1597 1599/2087/1599
f 1268/1549/1268 1621/2127/1621 235/247/235
f 180/190/180 731/791/731 730/790/730
f 1565/2024/1565 392/408/392 1611/2106/1611
f 1601/2128/1601 1565/2024/1565 1611/2106/1611
f 69/69/69 1622/2129/1622 419/436/419
f 110/111/110 97/97/97 156/161/156
f 615/662/615 562/602/562 666/716/666
f 460/2121/460 1602/2092/1602 824/908/824
f 1602/2092/1602 1591/2076/1591 824/908/824
f 419/436/419 1443/1839/1443 1201/1437/1201
f 1623/2130/1623 219/229/219 220/231/220
f 1620/2126/1620 1599/2087/1599 1624/2131/1624
f 1625/2132/1625 1626/2133/1626 1627/2134/1627
f 789/860/789 648/2135/648 1341/1712/1341
f 1611/2108/1611 1612/2136/1612 1323/1681/1323
f 89/89/89 88/88/88 1568/2031/1568
f 1594/2080/1594 866/959/866 1628/2137/1628
f 1428/1823/1428 1601/2091/1601 1629/2138/1629
f 89/89/89 1568/2031/1568 1616/2116/1616
f 664/2139/664 1212/2140/1212 1630/2141/1630
f 104/105/104 322/334/322 68/68/68
f 1591/2076/1591 1611/2108/1611 1323/1681/1323
f 227/238/227 1010/1363/1010 299/311/299
f 409/425/409 1631/2142/1631 1151/1347/1151
f 1632/2143/1632 1633/2144/1633 1634/2145/1634
f 125/129/125 61/61/61 167/177/167
f 1613/2113/1613 574/615/574 1623/2130/1623
f 1623/2130/1623 574/615/574 219/229/219
f 258/270/258 108/109/108 65/65/65
f 1565/2024/1565 1331/1695/1331 392/408/392
f 564/604/564 45/45/45 47/47/47
f 1289/1590/1289 1159/1364/1159 1068/1201/1068
f 108/109/108 866/959/866 7/7/7
f 128/132/128 87/87/87 1595/2081/1595
f 1613/2113/1613 1623/2130/1623 1248/2037/1248
f 252/264/252 1635/2146/1635 1180/1402/1180
f 814/2147/814 1168/2148/1168 816/2149/816
f 180/190/180 179/189/179 731/791/731
f 1246/1917/1246 826/910/826 1059/1190/1059
f 1614/2114/1614 1599/2087/1599 179/189/179
f 1636/2150/1636 1355/1727/1355 1637/2151/1637
f 1515/1942/1515 1635/2146/1635 252/264/252
f 500/530/500 1105/1262/1105 441/461/441
f 1180/1402/1180 1635/2146/1635 549/584/549
f 549/584/549 1638/2152/1638 408/424/408
f 1591/2076/1591 688/1683/688 1604/2097/1604
f 1561/2117/1561 124/127/124 459/481/459
f 1639/2153/1639 1263/1867/1263 1461/1866/1461
f 1585/2066/1585 1616/2116/1616 1589/2074/1589
f 830/914/830 12/12/12 1560/2089/1560
f 1598/2086/1598 89/89/89 1616/2116/1616
f 824/908/824 1604/2097/1604 491/521/491
f 1599/2087/1599 1598/2086/1598 1585/2066/1585
f 1310/1642/1310 620/2154/620 1588/2073/1588
f 1635/2146/1635 1640/2155/1640 549/584/549
f 549/584/549 1640/2155/1640 1638/2152/1638
f 1331/1695/1331 676/727/676 392/408/392
f 1589/2074/1589 1616/2116/1616 1590/2075/1590
f 852/1803/852 1588/2073/1588 620/2154/620
f 1588/2073/1588 852/1803/852 690/741/690
f 1435/2156/1435 734/2157/734 735/2158/735
f 652/701/652 389/405/389 198/404/198
f 1429/1824/1429 1629/2138/1629 1593/2079/1593
f 1629/2138/1629 1600/2090/1600 1593/2079/1593
f 103/104/103 109/110/109 573/614/573
f 11/11/11 57/57/57 1558/2012/1558
f 154/159/154 153/158/153 10/10/10
f 1572/2036/1572 1569/2032/1569 1613/2113/1613
f 320/1621/320 319/2159/319 576/1281/576
f 1631/2142/1631 409/425/409 408/424/408
f 214/224/214 1641/2160/1641 1642/2161/1642
f 1593/2079/1593 1592/2078/1592 1429/1824/1429
f 1612/2109/1612 1198/1432/1198 1323/2162/1323
f 1198/1432/1198 610/1484/610 1323/2162/1323
f 109/110/109 110/111/110 573/614/573
f 816/2163/816 1320/2164/1320 815/2165/815
f 1624/2131/1624 1599/2087/1599 1614/2114/1614
f 1643/2166/1643 1624/2131/1624 1614/2114/1614
f 1644/2167/1644 1515/1942/1515 770/839/770
f 1645/2168/1645 1151/1347/1151 1631/2142/1631
f 1646/2169/1646 1645/2168/1645 1631/2142/1631
f 1647/2170/1647 1535/2171/1535 1648/2172/1648
f 221/232/221 117/120/117 119/122/119
f 1649/2173/1649 1650/2174/1650 1651/2175/1651
f 38/38/38 761/2176/761 1320/2164/1320
f 573/614/573 110/111/110 156/161/156
f 1595/2081/1595 1598/2086/1598 1597/2085/1597
f 1635/2146/1635 1652/2177/1652 1640/2155/1640
f 1640/2155/1640 1653/2178/1653 1638/2152/1638
f 1638/2152/1638 1653/2178/1653 408/424/408
f 1653/2178/1653 1654/2179/1654 408/424/408
f 1654/2179/1654 1631/2142/1631 408/424/408
f 1654/2179/1654 1646/2169/1646 1631/2142/1631
f 1482/1896/1482 276/288/276 1483/1897/1483
f 816/2163/816 1570/2033/1570 1320/2164/1320
f 1629/2138/1629 1601/2091/1601 1600/2090/1600
f 1558/2012/1558 57/57/57 49/102/49
f 116/118/116 56/119/56 1556/2007/1556
f 1515/1942/1515 1655/2180/1655 1635/2146/1635
f 459/481/459 1597/2085/1597 1617/2118/1617
f 1655/2180/1655 1652/2177/1652 1635/2146/1635
f 1652/2177/1652 1656/2181/1656 1640/2155/1640
f 1640/2155/1640 1656/2181/1656 1653/2178/1653
f 622/669/622 44/44/44 1603/2094/1603
f 1657/2182/1657 1654/2183/1654 1653/2184/1653
f 43/43/43 1264/1539/1264 135/139/135
f 1482/1896/1482 1212/2140/1212 276/288/276
f 1658/2185/1658 1659/2186/1659 1655/2180/1655
f 1515/1942/1515 1658/2185/1658 1655/2180/1655
f 1655/2187/1655 1656/2188/1656 1652/2189/1652
f 1656/2190/1656 1657/2182/1657 1653/2184/1653
f 1644/2167/1644 1658/2185/1658 1515/1942/1515
f 107/108/107 43/43/43 55/55/55
f 460/2121/460 824/908/824 13/13/13
f 492/797/492 491/2122/491 687/738/687
f 279/291/279 1660/2191/1660 1395/1778/1395
f 1657/2182/1657 1646/2192/1646 1654/2183/1654
f 1428/1823/1428 1629/2138/1629 1429/1824/1429
f 1505/1926/1505 530/563/530 393/409/393
f 188/198/188 329/341/329 1628/2137/1628
f 1212/1457/1212 1211/1456/1211 276/1754/276
f 248/260/248 469/493/469 721/772/721
f 152/157/152 1661/2193/1661 1662/2194/1662
f 904/2195/904 1435/2156/1435 932/1034/932
f 1659/2196/1659 1663/2197/1663 1655/2198/1655
f 1655/2199/1655 1663/2200/1663 1656/2201/1656
f 1281/2110/1281 1645/2168/1645 1646/2169/1646
f 535/568/535 989/2202/989 1239/1501/1239
f 159/166/159 1589/2074/1589 165/175/165
f 1664/2203/1664 1646/2204/1646 1657/2205/1657
f 1664/2206/1664 1281/2207/1281 1646/2192/1646
f 1564/2208/1564 1665/2209/1665 1331/2210/1331
f 220/240/220 195/205/195 357/2211/357
f 1666/2212/1666 795/869/795 1346/1717/1346
f 1542/1987/1542 1550/1995/1550 1543/1988/1543
f 1667/2213/1667 1281/2207/1281 1664/2206/1664
f 866/959/866 188/198/188 1628/2137/1628
f 1643/2166/1643 1614/2114/1614 178/188/178
f 1402/2214/1402 831/915/831 1378/1757/1378
f 476/505/476 1668/2215/1668 101/503/101
f 1663/2197/1663 1669/2216/1669 1656/2190/1656
f 1656/2190/1656 1670/2217/1670 1657/2182/1657
f 1671/2218/1671 1664/2206/1664 1657/2182/1657
f 1667/2213/1667 1672/2219/1672 1281/2207/1281
f 1281/2207/1281 1672/2219/1672 1282/2220/1282
f 1618/2120/1618 476/505/476 658/708/658
f 1623/2130/1623 220/231/220 357/2221/357
f 1658/2222/1658 1673/2223/1673 1659/2196/1659
f 1659/2196/1659 1673/2223/1673 1663/2197/1663
f 1673/2223/1673 1674/2224/1674 1663/2197/1663
f 1656/2190/1656 1669/2216/1669 1670/2217/1670
f 1670/2217/1670 1671/2218/1671 1657/2182/1657
f 735/2158/735 99/2225/99 1668/2215/1668
f 1564/2208/1564 1601/2091/1601 1428/1823/1428
f 355/369/355 354/368/354 946/1052/946
f 7/7/7 1586/2069/1586 361/376/361
f 476/505/476 1618/2120/1618 1668/2215/1668
f 1248/2037/1248 1623/2130/1623 357/2221/357
f 622/669/622 1603/2094/1603 56/56/56
f 1663/2197/1663 1674/2224/1674 1669/2216/1669
f 1671/2218/1671 1667/2213/1667 1664/2206/1664
f 1672/2219/1672 843/2226/843 1282/2220/1282
f 1346/1717/1346 794/868/794 78/78/78
f 1618/2120/1618 931/1032/931 1668/2215/1668
f 153/158/153 1609/2104/1609 1563/2020/1563
f 1476/1888/1476 1648/2227/1648 1477/1889/1477
f 44/44/44 61/61/61 59/128/59
f 789/860/789 246/862/246 648/2135/648
f 617/2228/617 616/2229/616 311/2230/311
f 1670/2217/1670 1675/2231/1675 1671/2218/1671
f 93/93/93 6/6/6 134/138/134
f 815/897/815 729/789/729 814/896/814
f 153/158/153 1563/2020/1563 10/10/10
f 855/945/855 854/944/854 1402/1788/1402
f 210/220/210 222/233/222 1426/1821/1426
f 1674/2224/1674 364/379/364 1669/2216/1669
f 1676/2232/1676 1672/2219/1672 1667/2213/1667
f 1672/2233/1672 844/933/844 843/932/843
f 1601/2091/1601 1564/2208/1564 1565/2234/1565
f 1570/2033/1570 38/38/38 1320/2164/1320
f 687/738/687 630/677/630 640/688/640
f 364/379/364 363/378/363 1669/2216/1669
f 1669/2216/1669 363/378/363 1670/2217/1670
f 1670/2217/1670 363/378/363 1675/2231/1675
f 1671/2218/1671 1676/2232/1676 1667/2213/1667
f 931/1032/931 1435/2156/1435 735/2158/735
f 1668/2215/1668 931/1032/931 735/2158/735
f 1113/1280/1113 1124/1299/1124 1146/1341/1146
f 1673/2223/1673 1677/2235/1677 1674/2224/1674
f 1675/2231/1675 1676/2232/1676 1671/2218/1671
f 891/984/891 1672/2219/1672 1676/2232/1676
f 1672/2219/1672 771/840/771 844/2236/844
f 844/2236/844 771/840/771 772/842/772
f 25/2237/25 1244/2238/1244 26/2239/26
f 47/47/47 192/202/192 1379/1755/1379
f 146/151/146 145/150/145 191/201/191
f 927/1024/927 1475/1887/1475 841/930/841
f 1678/2240/1678 1092/1239/1092 1070/1204/1070
f 363/378/363 805/884/805 1675/2231/1675
f 1672/2219/1672 891/984/891 771/840/771
f 932/1034/932 822/1033/822 821/2241/821
f 38/38/38 1577/2065/1577 761/2176/761
f 1677/2235/1677 364/379/364 1674/2224/1674
f 1675/2231/1675 907/1001/907 1676/2232/1676
f 907/1001/907 891/984/891 1676/2232/1676
f 688/739/688 610/657/610 630/677/630
f 931/1032/931 932/1034/932 1435/2156/1435
f 1661/2193/1661 152/157/152 830/914/830
f 866/959/866 189/199/189 188/198/188
f 891/984/891 804/883/804 771/840/771
f 247/861/247 473/497/473 597/2242/597
f 410/426/410 548/583/548 408/424/408
f 1563/2243/1563 1461/1866/1461 1460/1865/1460
f 1/1/1 906/1000/906 1679/2244/1679
f 805/884/805 907/1001/907 1675/2231/1675
f 392/408/392 1505/1926/1505 393/409/393
f 57/57/57 55/55/55 54/54/54
f 607/654/607 651/699/651 693/744/693
f 1680/2245/1680 1681/2246/1681 1382/1760/1382
f 1403/1789/1403 30/30/30 187/197/187
f 390/2247/390 1682/2248/1682 997/1114/997
f 212/222/212 1/1/1 1679/2244/1679
f 853/943/853 364/379/364 1677/2235/1677
f 35/35/35 34/34/34 1038/1166/1038
f 806/885/806 1683/2249/1683 828/912/828
f 1322/1678/1322 213/223/213 215/225/215
f 1348/2250/1348 1625/2132/1625 1684/2251/1684
f 15/2252/15 17/2253/17 1625/2132/1625
f 1685/2254/1685 1461/1866/1461 1563/2243/1563
f 1416/2255/1416 1686/2256/1686 1687/2257/1687
f 17/2258/17 1606/2259/1606 1625/2260/1625
f 1348/2250/1348 15/2252/15 1625/2132/1625
f 592/2261/592 593/2262/593 1128/2263/1128
f 1688/2264/1688 932/1034/932 821/2241/821
f 1689/2265/1689 714/2266/714 1690/2267/1690
f 1691/2268/1691 777/848/777 1692/2269/1692
f 768/837/768 739/802/739 1692/2270/1692
f 1693/2271/1693 346/360/346 260/272/260
f 1377/1752/1377 1337/1708/1337 303/315/303
f 917/1013/917 820/904/820 822/906/822
f 1143/1337/1143 1694/2272/1694 1695/2273/1695
f 1224/1478/1224 1696/2274/1696 1268/1549/1268
f 890/983/890 904/998/904 1697/2275/1697
f 1175/1390/1175 16/519/16 15/2276/15
f 900/994/900 929/1029/929 921/1017/921
f 1698/2277/1698 1699/2278/1699 762/826/762
f 1700/2279/1700 797/874/797 754/818/754
f 1701/2280/1701 1231/2281/1231 1232/2282/1232
f 762/826/762 753/828/753 746/2283/746
f 780/866/780 1702/2284/1702 752/2285/752
f 1325/2286/1325 135/139/135 1263/1538/1263
f 792/865/792 1703/2287/1703 1702/2284/1702
f 1704/2288/1704 457/2289/457 1608/2290/1608
f 135/139/135 1264/1539/1264 1263/1538/1263
f 446/468/446 445/467/445 1526/1960/1526
f 535/568/535 817/900/817 169/179/169
f 1619/2125/1619 167/177/167 1324/2291/1324
f 1700/2292/1700 1705/2293/1705 797/2294/797
f 480/509/480 175/185/175 1706/2295/1706
f 214/224/214 1497/1913/1497 1681/2296/1681
f 615/662/615 926/1022/926 658/707/658
f 1707/2297/1707 1708/2298/1708 1709/2299/1709
f 216/2300/216 62/2301/62 1710/2302/1710
f 596/2068/596 473/920/473 225/236/225
f 590/645/590 458/480/458 457/479/457
f 1711/2303/1711 875/968/875 890/983/890
f 287/299/287 1712/2304/1712 261/273/261
f 898/992/898 887/980/887 1713/2305/1713
f 493/523/493 177/187/177 788/859/788
f 1196/1430/1196 1132/1312/1132 23/23/23
f 1690/2306/1690 714/2307/714 1714/2308/1714
f 1217/1467/1217 1216/1466/1216 1715/2309/1715
f 1704/2310/1704 590/645/590 457/479/457
f 135/139/135 1325/2286/1325 1324/2291/1324
f 1716/2311/1716 1705/2293/1705 1700/2292/1700
f 1702/2284/1702 1703/2287/1703 1698/2277/1698
f 1717/2312/1717 939/1045/939 882/975/882
f 1718/2313/1718 1699/2278/1699 1698/2277/1698
f 1697/2275/1697 1683/2249/1683 1711/2303/1711
f 678/1894/678 1459/1863/1459 632/680/632
f 1619/2314/1619 1326/1686/1326 1719/2315/1719
f 1720/2316/1720 1619/2314/1619 1719/2315/1719
f 149/154/149 151/156/151 1721/2317/1721
f 1722/2318/1722 1714/2319/1714 698/749/698
f 1718/2320/1718 883/976/883 870/963/870
f 762/826/762 1723/2321/1723 763/827/763
f 1724/2322/1724 1725/2323/1725 1726/2324/1726
f 235/247/235 1224/1478/1224 1268/1549/1268
f 1702/2284/1702 1698/2277/1698 762/826/762
f 1727/2325/1727 1728/2326/1728 1729/2327/1729
f 1694/2328/1694 1730/2329/1730 1731/2330/1731
f 790/2331/790 839/2332/839 791/864/791
f 1702/2284/1702 780/866/780 792/865/792
f 534/567/534 533/566/533 898/992/898
f 1683/2249/1683 876/969/876 828/912/828
f 1348/1719/1348 1175/1390/1175 15/2276/15
f 1416/1809/1416 832/916/832 1732/2333/1732
f 1416/2255/1416 1732/2334/1732 1686/2256/1686
f 1733/2335/1733 1687/2257/1687 1686/2256/1686
f 1732/2334/1732 1733/2335/1733 1686/2256/1686
f 1226/1480/1226 169/179/169 1734/2336/1734
f 1347/1718/1347 1175/1390/1175 1348/1719/1348
f 1716/2337/1716 875/968/875 1711/2303/1711
f 1704/2288/1704 1735/2338/1735 1402/2214/1402
f 898/992/898 533/566/533 900/994/900
f 38/38/38 939/1045/939 694/1044/694
f 898/992/898 900/994/900 887/980/887
f 963/1071/963 659/709/659 1129/1307/1129
f 648/2135/648 776/1455/776 1341/1712/1341
f 1688/2264/1688 821/2241/821 876/2339/876
f 1690/2340/1690 1736/2341/1736 1689/2342/1689
f 232/244/232 1260/2070/1260 1274/1559/1274
f 1688/2264/1688 876/2339/876 1683/2343/1683
f 591/2344/591 1704/2288/1704 1402/2214/1402
f 1711/2303/1711 1683/2249/1683 1705/2345/1705
f 870/963/870 869/962/869 1699/2346/1699
f 1464/1872/1464 1499/2347/1499 1437/2348/1437
f 876/969/876 846/935/846 828/912/828
f 597/2242/597 245/2349/245 247/861/247
f 1683/2249/1683 797/874/797 1705/2345/1705
f 1094/1244/1094 490/520/490 1347/1718/1347
f 634/682/634 812/894/812 635/683/635
f 1607/2350/1607 1737/2351/1737 1732/2334/1732
f 1626/2133/1626 1630/2141/1630 1627/2134/1627
f 1347/1718/1347 490/520/490 1175/1390/1175
f 1699/2346/1699 869/962/869 1723/2352/1723
f 869/962/869 875/968/875 1716/2337/1716
f 887/980/887 1718/2320/1718 1738/2353/1738
f 714/765/714 669/720/669 698/749/698
f 950/1665/950 1299/1606/1299 1261/1536/1261
f 832/916/832 1608/2290/1608 1732/2333/1732
f 127/131/127 1720/2354/1720 1739/2355/1739
f 347/361/347 346/360/346 368/383/368
f 1740/2356/1740 164/173/164 1741/2357/1741
f 1741/2357/1741 163/172/163 155/2358/155
f 366/381/366 368/383/368 367/382/367
f 1160/1365/1160 569/610/569 1161/1366/1161
f 127/131/127 125/129/125 1619/2125/1619
f 1658/2222/1658 1742/2359/1742 1673/2223/1673
f 1326/1686/1326 1619/2314/1619 1324/1684/1324
f 1691/2360/1691 715/766/715 714/765/714
f 1743/2361/1743 1744/2362/1744 1745/2363/1745
f 869/962/869 871/964/871 875/968/875
f 809/2364/809 839/2332/839 790/2331/790
f 262/274/262 261/273/261 1712/2304/1712
f 665/715/665 17/17/17 928/1028/928
f 794/868/794 793/867/793 745/809/745
f 1690/2365/1690 1714/2319/1714 1722/2318/1722
f 1729/2327/1729 1728/2326/1728 1725/2323/1725
f 1630/2141/1630 1746/2366/1746 1627/2134/1627
f 865/958/865 886/979/886 839/928/839
f 456/478/456 458/480/458 645/693/645
f 1747/2367/1747 1743/2361/1743 1745/2363/1745
f 762/826/762 1699/2278/1699 1723/2321/1723
f 1748/2368/1748 149/154/149 1721/2317/1721
f 1748/2368/1748 1749/2369/1749 1744/2362/1744
f 928/1028/928 854/944/854 665/715/665
f 887/980/887 1738/2353/1738 1713/2305/1713
f 1227/1481/1227 1226/1480/1226 962/1070/962
f 1543/2004/1543 1750/2370/1750 1475/2005/1475
f 1445/1841/1445 1751/2371/1751 1752/2372/1752
f 898/992/898 1713/2305/1713 886/979/886
f 1226/1480/1226 1722/2318/1722 962/1070/962
f 578/619/578 1753/2373/1753 1754/2374/1754
f 1621/2127/1621 1268/1549/1268 1270/1551/1270
f 424/2375/424 1755/2376/1755 1756/2377/1756
f 367/382/367 368/383/368 1757/2378/1757
f 1747/2367/1747 1745/2363/1745 1758/2379/1758
f 887/980/887 883/976/883 1718/2320/1718
f 1721/2317/1721 1759/2380/1759 1749/2369/1749
f 1748/2381/1748 1721/2382/1721 1749/2383/1749
f 1693/2271/1693 262/274/262 1760/2384/1760
f 1045/2385/1045 1567/2043/1567 749/2386/749
f 1703/2287/1703 1738/2387/1738 1718/2313/1718
f 168/178/168 778/2388/778 1690/2365/1690
f 1761/2389/1761 1762/2390/1762 1763/2391/1763
f 367/382/367 1757/2378/1757 1751/2371/1751
f 1760/2384/1760 1764/2392/1764 1757/2378/1757
f 1758/2379/1758 1745/2363/1745 1765/2393/1765
f 1743/2361/1743 1747/2367/1747 1766/2394/1766
f 161/170/161 1744/2362/1744 1743/2361/1743
f 456/478/456 1607/2102/1607 457/479/457
f 1767/2395/1767 437/2396/437 1258/1527/1258
f 1147/2018/1147 1768/2397/1768 1140/1330/1140
f 1769/2398/1769 1770/2399/1770 64/64/64
f 579/620/579 578/619/578 1754/2374/1754
f 1771/2400/1771 1772/2401/1772 578/619/578
f 1703/2287/1703 1718/2313/1718 1698/2277/1698
f 1773/2402/1773 1774/2403/1774 1775/2404/1775
f 1721/2317/1721 1740/2356/1740 1776/2405/1776
f 1746/2366/1746 1482/1896/1482 1481/1895/1481
f 1777/2406/1777 1778/2407/1778 1779/2408/1779
f 1780/2409/1780 1746/2366/1746 1481/1895/1481
f 1767/2395/1767 1258/1527/1258 344/1614/344
f 1297/1604/1297 1296/1603/1296 1334/1701/1334
f 1781/2410/1781 198/2411/198 390/2412/390
f 1782/2413/1782 1774/2414/1774 906/1000/906
f 1783/2415/1783 1771/2400/1771 578/619/578
f 1327/1688/1327 1115/1687/1115 1098/1324/1098
f 367/382/367 1751/2371/1751 1445/1841/1445
f 1744/2362/1744 1749/2369/1749 1745/2363/1745
f 368/383/368 1693/2271/1693 1760/2384/1760
f 509/539/509 928/1028/928 17/17/17
f 1697/2416/1697 904/2195/904 932/1034/932
f 1784/2417/1784 1771/2400/1771 1783/2415/1783
f 1784/2417/1784 1785/2418/1785 1771/2400/1771
f 1785/2418/1785 1772/2401/1772 1771/2400/1771
f 962/1070/962 698/749/698 659/709/659
f 1765/2393/1765 1745/2363/1745 1786/2419/1786
f 1785/2420/1785 1648/2227/1648 1476/1888/1476
f 214/224/214 1642/2161/1642 1497/1913/1497
f 1126/1303/1126 634/682/634 633/681/633
f 926/1022/926 615/662/615 666/716/666
f 161/170/161 1743/2361/1743 1491/1907/1491
f 1787/2421/1787 1680/2245/1680 1788/2422/1788
f 1749/2369/1749 1759/2380/1759 1786/2419/1786
f 1721/2317/1721 1776/2405/1776 1759/2380/1759
f 1065/1259/1065 1102/1258/1102 1177/1396/1177
f 1636/2150/1636 1637/2151/1637 1286/1585/1286
f 1725/2323/1725 1728/2326/1728 1789/2423/1789
f 870/963/870 1699/2346/1699 1718/2320/1718
f 763/827/763 1700/2292/1700 753/828/753
f 1790/2424/1790 1627/2134/1627 1746/2366/1746
f 1791/2425/1791 262/274/262 1712/2304/1712
f 1792/2426/1792 1684/2427/1684 1790/2428/1790
f 1689/2265/1689 777/848/777 1691/2268/1691
f 1784/2429/1784 1647/2170/1647 1785/2430/1785
f 1647/2170/1647 1648/2172/1648 1785/2430/1785
f 149/154/149 1748/2368/1748 1744/2362/1744
f 1793/2431/1793 1794/2432/1794 1287/1586/1287
f 1287/1586/1287 1794/2432/1794 1285/1584/1285
f 1795/2433/1795 1286/1585/1286 1285/1584/1285
f 1795/2433/1795 1636/2150/1636 1286/1585/1286
f 1689/2265/1689 1736/2434/1736 777/848/777
f 752/2285/752 1702/2284/1702 746/2283/746
f 1721/2317/1721 164/173/164 1740/2356/1740
f 208/218/208 207/217/207 856/946/856
f 1745/2363/1745 1749/2369/1749 1786/2419/1786
f 1336/1707/1336 1514/1940/1514 603/650/603
f 777/848/777 809/891/809 1692/2269/1692
f 1783/2435/1783 1796/2436/1796 1784/2429/1784
f 1796/2436/1796 1647/2170/1647 1784/2429/1784
f 698/749/698 1714/2319/1714 714/765/714
f 168/178/168 779/889/779 778/2388/778
f 1624/2437/1624 1643/2438/1643 1797/2439/1797
f 346/360/346 1693/2271/1693 368/383/368
f 1720/2316/1720 127/2440/127 1619/2314/1619
f 1630/2141/1630 1482/1896/1482 1746/2366/1746
f 1798/2441/1798 1796/2436/1796 1783/2435/1783
f 1734/2442/1734 1690/2443/1690 1226/2444/1226
f 164/173/164 163/172/163 1741/2357/1741
f 778/849/778 1736/2434/1736 1690/2267/1690
f 1317/1664/1317 1374/2445/1374 679/1982/679
f 1794/2432/1794 1795/2433/1795 1285/1584/1285
f 840/929/840 1474/1886/1474 927/1024/927
f 1625/2132/1625 1606/2446/1606 1626/2133/1626
f 1735/2338/1735 1704/2288/1704 1608/2290/1608
f 1737/2351/1737 1733/2335/1733 1732/2334/1732
f 262/274/262 1791/2425/1791 1760/2384/1760
f 1702/2284/1702 762/826/762 746/2283/746
f 754/2447/754 753/828/753 1700/2292/1700
f 1322/1678/1322 1787/2448/1787 1788/2449/1788
f 1400/1785/1400 1799/2450/1799 1793/2431/1793
f 1799/2450/1799 1794/2432/1794 1793/2431/1793
f 1800/2451/1800 1636/2452/1636 1795/2453/1795
f 1801/2454/1801 426/443/426 428/445/428
f 790/863/790 791/2455/791 767/836/767
f 1712/2304/1712 287/299/287 1802/2456/1802
f 1803/2457/1803 1647/2170/1647 1796/2436/1796
f 1734/2336/1734 169/179/169 168/178/168
f 1794/2432/1794 1804/2458/1804 1795/2433/1795
f 1800/2459/1800 1355/1727/1355 1636/2150/1636
f 1716/2311/1716 1700/2292/1700 763/827/763
f 962/1070/962 963/1071/963 1520/2460/1520
f 167/177/167 135/139/135 1324/2291/1324
f 1492/2461/1492 161/2462/161 1491/2463/1491
f 168/178/168 1690/2365/1690 1734/2336/1734
f 1224/1478/1224 1805/2464/1805 1696/2274/1696
f 122/2465/122 1649/2173/1649 1777/2406/1777
f 1764/2392/1764 1760/2384/1760 1791/2425/1791
f 168/178/168 170/180/170 779/889/779
f 839/928/839 886/979/886 1713/2305/1713
f 680/731/680 325/947/325 633/681/633
f 1806/2466/1806 1332/1699/1332 1807/2467/1807
f 1791/2425/1791 1712/2304/1712 1808/2468/1808
f 1808/2468/1808 1712/2304/1712 1802/2456/1802
f 1535/2171/1535 1647/2170/1647 1803/2457/1803
f 1723/2321/1723 1716/2311/1716 763/827/763
f 1533/1973/1533 1532/1972/1532 1809/2469/1809
f 1296/1603/1296 1031/1158/1031 217/227/217
f 1224/1478/1224 235/247/235 244/256/244
f 1799/2450/1799 1400/1785/1400 1547/1992/1547
f 1799/2470/1799 1764/2392/1764 1794/2471/1794
f 1794/2471/1794 1764/2392/1764 1804/2472/1804
f 839/2332/839 1713/2473/1713 791/864/791
f 1176/1395/1176 530/563/530 1545/1990/1545
f 1810/2474/1810 1032/1159/1032 1031/1158/1031
f 1677/2235/1677 1673/2223/1673 1811/2475/1811
f 1697/2416/1697 1688/2264/1688 1683/2343/1683
f 1812/2476/1812 96/1941/96 1514/1940/1514
f 1813/2477/1813 1803/2457/1803 1798/2441/1798
f 1263/1867/1263 1326/1686/1326 1325/1685/1325
f 1477/1889/1477 1467/1878/1467 1478/1890/1478
f 1547/1992/1547 1814/2478/1814 1799/2450/1799
f 1804/2472/1804 1808/2468/1808 1795/2453/1795
f 1808/2468/1808 1800/2451/1800 1795/2453/1795
f 1808/2468/1808 1815/2479/1815 1800/2451/1800
f 869/962/869 1716/2337/1716 1723/2352/1723
f 792/865/792 1738/2387/1738 1703/2287/1703
f 1689/2265/1689 1691/2268/1691 714/2266/714
f 62/62/62 64/64/64 1448/2480/1448
f 1816/2481/1816 1265/2482/1265 827/1844/827
f 147/152/147 149/154/149 1744/2362/1744
f 198/2411/198 1781/2410/1781 1817/2483/1817
f 1818/2484/1818 1740/2356/1740 1741/2357/1741
f 1776/2405/1776 1740/2356/1740 1818/2484/1818
f 1335/1706/1335 1514/1940/1514 1336/1707/1336
f 1335/1706/1335 1812/2476/1812 1514/1940/1514
f 97/97/97 96/96/96 1812/2485/1812
f 1342/1713/1342 1341/1712/1341 776/1455/776
f 1813/2477/1813 1819/2486/1819 1803/2457/1803
f 1803/2457/1803 1819/2486/1819 1535/2171/1535
f 1466/1876/1466 1467/1878/1467 1477/1889/1477
f 1716/2337/1716 1711/2303/1711 1705/2345/1705
f 451/473/451 453/475/453 462/486/462
f 1814/2478/1814 1820/2487/1820 1799/2450/1799
f 1820/2487/1820 1764/2488/1764 1799/2450/1799
f 1815/2479/1815 1821/2489/1821 1800/2451/1800
f 196/2490/196 198/2491/198 1817/2492/1817
f 1802/2456/1802 1822/2493/1822 1821/2489/1821
f 110/111/110 98/98/98 97/97/97
f 1823/2494/1823 1824/2495/1824 1825/2496/1825
f 1826/2497/1826 1827/2498/1827 1828/2499/1828
f 1625/2132/1625 1627/2134/1627 1790/2424/1790
f 1713/2473/1713 1738/2387/1738 792/865/792
f 368/383/368 1760/2384/1760 1757/2378/1757
f 1711/2303/1711 890/983/890 1697/2275/1697
f 1547/1992/1547 1829/2500/1829 1814/2478/1814
f 1830/2501/1830 1831/2502/1831 1554/2503/1554
f 216/226/216 63/63/63 62/62/62
f 1406/1794/1406 1408/1796/1408 1832/2504/1832
f 962/1070/962 1722/2318/1722 698/749/698
f 1833/2505/1833 1376/1751/1376 793/867/793
f 1032/1159/1032 1834/2506/1834 1678/2240/1678
f 791/864/791 1713/2473/1713 792/865/792
f 1239/1501/1239 817/900/817 535/568/535
f 178/188/178 1835/2507/1835 1643/2166/1643
f 778/849/778 777/848/777 1736/2434/1736
f 1817/2508/1817 1478/1890/1478 1467/1878/1467
f 1781/2410/1781 997/2509/997 1478/2510/1478
f 1817/2483/1817 1781/2410/1781 1478/2510/1478
f 390/2247/390 997/1114/997 1781/2511/1781
f 1836/2512/1836 1837/2513/1837 1838/2514/1838
f 1764/2392/1764 1791/2425/1791 1804/2472/1804
f 1804/2472/1804 1791/2425/1791 1808/2468/1808
f 394/410/394 1773/2402/1773 1839/2515/1839
f 233/245/233 1319/1669/1319 407/423/407
f 1833/2505/1833 1377/1752/1377 1376/1751/1376
f 1840/2516/1840 1841/2517/1841 1471/1883/1471
f 1776/2518/1776 1335/1706/1335 1337/1708/1337
f 1818/2519/1818 1812/2476/1812 1335/1706/1335
f 1476/1888/1476 1772/2520/1772 1785/2420/1785
f 879/972/879 1424/1819/1424 1423/1818/1423
f 1813/2477/1813 278/2521/278 1819/2486/1819
f 278/2521/278 1535/2171/1535 1819/2486/1819
f 1763/2391/1763 1762/2390/1762 1842/2522/1842
f 1752/2372/1752 1751/2371/1751 1814/2523/1814
f 1814/2523/1814 1751/2371/1751 1820/2524/1820
f 795/869/795 1765/2525/1765 793/867/793
f 793/867/793 1765/2525/1765 1833/2505/1833
f 1776/2518/1776 1337/1708/1337 1377/1752/1377
f 1818/2519/1818 1335/1706/1335 1776/2518/1776
f 1812/2485/1812 1741/2526/1741 97/97/97
f 1697/2416/1697 932/1034/932 1688/2264/1688
f 1692/2270/1692 809/926/809 768/837/768
f 715/766/715 1692/2270/1692 739/802/739
f 178/188/178 939/1045/939 1835/2507/1835
f 797/874/797 1683/2249/1683 806/885/806
f 1843/2527/1843 200/210/200 1491/1907/1491
f 768/837/768 809/926/809 790/863/790
f 29/1434/29 311/323/311 310/322/310
f 196/2528/196 1817/2529/1817 1467/2530/1467
f 1721/2317/1721 151/156/151 164/173/164
f 1844/2531/1844 786/2532/786 785/2533/785
f 1808/2468/1808 1802/2456/1802 1815/2479/1815
f 1815/2479/1815 1802/2456/1802 1821/2489/1821
f 1845/2534/1845 1765/2525/1765 795/869/795
f 1786/2419/1786 1377/2535/1377 1833/2536/1833
f 1741/2357/1741 1812/2537/1812 1818/2484/1818
f 27/27/27 29/29/29 310/1569/310
f 147/152/147 1744/2362/1744 161/170/161
f 178/188/178 158/2072/158 939/1045/939
f 1109/2112/1109 1151/1347/1151 1645/2168/1645
f 1280/1574/1280 1032/1159/1032 1071/1205/1071
f 1787/2448/1787 1681/2296/1681 1680/2538/1680
f 216/226/216 1557/2539/1557 217/227/217
f 1846/2540/1846 1836/2512/1836 1633/2144/1633
f 1751/2371/1751 1757/2378/1757 1820/2524/1820
f 1820/2524/1820 1757/2378/1757 1764/2392/1764
f 1458/2541/1458 1847/2542/1847 1276/1563/1276
f 806/885/806 828/912/828 781/852/781
f 1226/1480/1226 1690/2365/1690 1722/2318/1722
f 1587/2071/1587 276/288/276 278/290/278
f 38/38/38 882/975/882 939/1045/939
f 97/97/97 1741/2526/1741 155/160/155
f 1765/2393/1765 1786/2419/1786 1833/2536/1833
f 1786/2543/1786 1759/2544/1759 1377/1752/1377
f 1759/2544/1759 1776/2518/1776 1377/1752/1377
f 1258/1527/1258 1848/2545/1848 231/1525/231
f 1849/2546/1849 1850/2547/1850 1851/2548/1851
f 1852/2549/1852 1853/2550/1853 1854/2551/1854
f 1260/1534/1260 1259/1533/1259 1855/2552/1855
f 1856/2553/1856 1857/2554/1857 1858/2555/1858
f 95/95/95 307/319/307 1430/1825/1430
f 120/123/120 1859/2556/1859 1431/1826/1431
f 1860/2557/1860 1861/2558/1861 1862/2559/1862
f 200/210/200 229/241/229 218/228/218
f 1253/2560/1253 1125/1301/1125 1863/2561/1863
f 123/126/123 1864/2562/1864 1386/1765/1386
f 1865/2563/1865 1866/2564/1866 1778/2407/1778
f 929/1029/929 900/994/900 533/566/533
f 831/915/831 1735/2338/1735 832/916/832
f 438/458/438 1867/2565/1867 436/456/436
f 1868/2566/1868 463/487/463 462/486/462
f 152/2567/152 1662/2568/1662 1869/2569/1869
f 436/456/436 1870/2570/1870 1869/2569/1869
f 1184/2571/1184 1871/2572/1871 1872/2573/1872
f 423/440/423 425/442/425 750/814/750
f 436/456/436 1867/2565/1867 1870/2570/1870
f 1610/2574/1610 1609/2575/1609 1869/2569/1869
f 1873/2576/1873 1874/2577/1874 478/2578/478
f 1870/2570/1870 1875/2579/1875 1869/2569/1869
f 1873/2576/1873 1876/2580/1876 438/458/438
f 1874/2577/1874 1873/2576/1873 438/458/438
f 438/458/438 1876/2580/1876 1867/2565/1867
f 1877/2581/1877 1610/2574/1610 1869/2569/1869
f 1875/2582/1875 1877/2583/1877 1869/2584/1869
f 1867/2565/1867 1878/2585/1878 1870/2570/1870
f 1870/2570/1870 1878/2585/1878 1875/2579/1875
f 745/809/745 1376/1751/1376 302/314/302
f 1879/2586/1879 1873/2576/1873 1880/2587/1880
f 1877/2581/1877 1685/2254/1685 1610/2574/1610
f 1563/2243/1563 1610/2574/1610 1685/2254/1685
f 1873/2576/1873 1879/2586/1879 1876/2580/1876
f 1876/2580/1876 1881/2588/1881 1867/2565/1867
f 1867/2565/1867 1881/2588/1881 1878/2585/1878
f 86/86/86 1882/2589/1882 84/84/84
f 1875/2582/1875 1883/2590/1883 1877/2583/1877
f 1877/2581/1877 1883/2591/1883 1685/2254/1685
f 1883/2591/1883 1884/2592/1884 1685/2254/1685
f 1879/2586/1879 1885/2593/1885 1876/2580/1876
f 1878/2594/1878 1883/2590/1883 1875/2582/1875
f 303/315/303 1439/1834/1439 1362/1734/1362
f 1879/2586/1879 1880/2587/1880 744/807/744
f 1886/2595/1886 1884/2592/1884 1883/2591/1883
f 1878/2594/1878 1886/2596/1886 1883/2590/1883
f 1793/2431/1793 1287/1586/1287 1339/1710/1339
f 1525/1959/1525 1879/2586/1879 744/807/744
f 1885/2593/1885 1887/2597/1887 1876/2580/1876
f 1876/2580/1876 1887/2597/1887 1881/2588/1881
f 1382/1760/1382 1681/2246/1681 842/1247/842
f 1881/2598/1881 1886/2596/1886 1878/2594/1878
f 1888/2599/1888 1860/2600/1860 1862/2601/1862
f 1626/2133/1626 1606/2446/1606 664/2139/664
f 743/806/743 1526/1960/1526 744/807/744
f 1639/2153/1639 1461/1866/1461 1884/2592/1884
f 1886/2595/1886 1639/2153/1639 1884/2592/1884
f 996/1113/996 1478/2602/1478 997/1114/997
f 1889/2603/1889 1890/2604/1890 1860/2557/1860
f 1891/2605/1891 1868/2606/1868 1892/2607/1892
f 1202/1438/1202 605/652/605 1479/1891/1479
f 1893/2608/1893 1526/2609/1526 743/1037/743
f 1894/2610/1894 1879/2586/1879 1525/1959/1525
f 1894/2610/1894 1885/2593/1885 1879/2586/1879
f 1895/2611/1895 1896/2612/1896 1897/2613/1897
f 1898/2614/1898 1899/2615/1899 1900/2616/1900
f 1526/1960/1526 1525/1959/1525 744/807/744
f 1901/2617/1901 1902/2618/1902 1903/2619/1903
f 1854/2551/1854 1853/2550/1853 1904/2620/1904
f 1905/2621/1905 1832/2504/1832 1408/1796/1408
f 1906/2622/1906 1907/2623/1907 1838/2514/1838
f 1907/2623/1907 1908/2624/1908 1836/2512/1836
f 1908/2624/1908 1909/2625/1909 1836/2512/1836
f 1909/2625/1909 1634/2145/1634 1836/2512/1836
f 445/467/445 1894/2610/1894 1525/1959/1525
f 1886/2595/1886 1910/2626/1910 1639/2153/1639
f 1440/2627/1440 1911/2628/1911 1912/2629/1912
f 1906/2622/1906 1913/2630/1913 1907/2623/1907
f 1907/2623/1907 1914/2631/1914 1908/2624/1908
f 1915/2632/1915 1632/2633/1632 1916/2634/1916
f 1917/2635/1917 1634/2145/1634 1909/2625/1909
f 1918/2636/1918 1886/2596/1886 1881/2598/1881
f 1887/2597/1887 1918/2637/1918 1881/2588/1881
f 1910/2626/1910 1263/1867/1263 1639/2153/1639
f 1890/2604/1890 1919/2638/1919 1861/2558/1861
f 1920/2639/1920 1921/2640/1921 1922/2641/1922
f 1316/1745/1316 613/2099/613 1059/1190/1059
f 1923/2642/1923 1914/2631/1914 1907/2623/1907
f 1913/2630/1913 1923/2642/1923 1907/2623/1907
f 1914/2631/1914 1924/2643/1924 1908/2624/1908
f 1924/2643/1924 1925/2644/1925 1909/2625/1909
f 1908/2624/1908 1924/2643/1924 1909/2625/1909
f 1710/2302/1710 1916/2645/1916 1634/2145/1634
f 1917/2635/1917 1710/2302/1710 1634/2145/1634
f 1910/2626/1910 1926/2646/1926 1263/1867/1263
f 1920/2639/1920 121/2647/121 1921/2640/1921
f 1888/2599/1888 784/855/784 1432/1827/1432
f 1871/2648/1871 1927/2649/1927 1906/2622/1906
f 1924/2643/1924 1928/2650/1928 1925/2644/1925
f 1925/2644/1925 1917/2635/1917 1909/2625/1909
f 816/2149/816 1168/2148/1168 1265/2651/1265
f 1918/2636/1918 1910/2652/1910 1886/2596/1886
f 664/714/664 665/715/665 855/945/855
f 77/77/77 1605/2098/1605 1197/1431/1197
f 1921/2653/1921 121/124/121 1386/1765/1386
f 1860/2557/1860 1890/2604/1890 1861/2558/1861
f 1927/2649/1927 1923/2642/1923 1906/2622/1906
f 1906/2622/1906 1923/2642/1923 1913/2630/1913
f 1710/2302/1710 1917/2635/1917 1925/2644/1925
f 1287/1586/1287 1286/1585/1286 31/31/31
f 1929/2654/1929 1918/2637/1918 1887/2597/1887
f 1885/2593/1885 1929/2654/1929 1887/2597/1887
f 1888/2599/1888 1862/2601/1862 784/855/784
f 1184/1407/1184 1930/2655/1930 1927/2649/1927
f 1871/2648/1871 1184/1407/1184 1927/2649/1927
f 1923/2642/1923 1931/2656/1931 1914/2631/1914
f 1710/2302/1710 1450/2657/1450 1916/2645/1916
f 1918/2637/1918 1932/2658/1932 1910/2626/1910
f 1910/2626/1910 1932/2658/1932 1926/2646/1926
f 1468/1879/1468 831/915/831 833/917/833
f 1630/2141/1630 1212/2140/1212 1482/1896/1482
f 1362/1734/1362 1438/1833/1438 419/436/419
f 99/2225/99 101/503/101 1668/2215/1668
f 288/300/288 1291/2659/1291 287/299/287
f 1921/2640/1921 1385/2660/1385 1933/2661/1933
f 1934/2662/1934 1930/2655/1930 1184/1407/1184
f 1927/2649/1927 1935/2663/1935 1923/2642/1923
f 1914/2631/1914 1931/2656/1931 1924/2643/1924
f 1894/2610/1894 1929/2654/1929 1885/2593/1885
f 1793/2431/1793 1339/1710/1339 1400/1785/1400
f 857/948/857 876/969/876 821/905/821
f 1936/2664/1936 1523/2665/1523 1937/2666/1937
f 1936/2664/1936 859/2667/859 1938/2668/1938
f 1936/2664/1936 1939/2669/1939 859/2667/859
f 1939/2669/1939 1940/2670/1940 859/2667/859
f 1800/2451/1800 1821/2489/1821 1356/2671/1356
f 1934/2662/1934 1941/2672/1941 1930/2655/1930
f 1927/2649/1927 1930/2655/1930 1935/2663/1935
f 1928/2650/1928 1557/2011/1557 1925/2644/1925
f 216/2300/216 1710/2302/1710 1925/2644/1925
f 1557/2011/1557 216/2300/216 1925/2644/1925
f 1355/1727/1355 1800/2459/1800 1356/1728/1356
f 1821/2673/1821 1942/2674/1942 1356/1728/1356
f 1926/2646/1926 1326/1686/1326 1263/1867/1263
f 1942/2674/1942 1350/1721/1350 1356/1728/1356
f 1935/2663/1935 1931/2656/1931 1923/2642/1923
f 1931/2656/1931 1750/2370/1750 1924/2643/1924
f 1924/2643/1924 1543/2004/1543 1928/2650/1928
f 1543/2004/1543 1557/2011/1557 1928/2650/1928
f 1943/2675/1943 1944/2676/1944 1596/2084/1596
f 1918/2637/1918 1945/2677/1945 1932/2658/1932
f 1932/2658/1932 1326/1686/1326 1926/2646/1926
f 1946/2678/1946 858/949/858 860/951/860
f 1184/1407/1184 1183/1406/1183 1934/2662/1934
f 1924/2643/1924 1750/2370/1750 1543/2004/1543
f 1379/1755/1379 472/496/472 471/495/471
f 1469/2679/1469 1947/2680/1947 1494/2681/1494
f 1948/2682/1948 1949/2683/1949 1950/2684/1950
f 446/2685/446 1951/2686/1951 444/2687/444
f 444/466/444 1951/2688/1951 445/467/445
f 1859/2556/1859 1952/2689/1952 1953/2690/1953
f 1824/2495/1824 1857/2554/1857 1856/2553/1856
f 1954/2691/1954 1939/2669/1939 1936/2664/1936
f 1954/2691/1954 529/2692/529 1939/2669/1939
f 1882/2589/1882 1183/2693/1183 1955/2694/1955
f 1934/2662/1934 1183/1406/1183 1941/2672/1941
f 1941/2672/1941 1935/2663/1935 1930/2655/1930
f 1931/2656/1931 1956/2695/1956 1750/2370/1750
f 1957/2696/1957 1288/1617/1288 1304/1616/1304
f 79/79/79 145/150/145 1605/2098/1605
f 79/79/79 1357/1729/1357 145/150/145
f 1161/1366/1161 1958/2697/1958 446/1367/446
f 446/468/446 1958/2698/1958 1951/2688/1951
f 1951/2688/1951 1959/2699/1959 445/467/445
f 1959/2699/1959 1894/2610/1894 445/467/445
f 1894/2610/1894 1960/2700/1960 1929/2654/1929
f 1937/2666/1937 1954/2691/1954 1936/2664/1936
f 1935/2663/1935 1956/2695/1956 1931/2656/1931
f 1961/2701/1961 1894/2610/1894 1959/2699/1959
f 1961/2701/1961 1960/2700/1960 1894/2610/1894
f 1929/2654/1929 1945/2677/1945 1918/2637/1918
f 1962/2702/1962 1963/2703/1963 1964/2704/1964
f 1648/2227/1648 1466/1876/1466 1477/1889/1477
f 1937/2666/1937 1965/2705/1965 1954/2691/1954
f 1469/1881/1469 1262/1537/1262 1966/2706/1966
f 84/84/84 1882/2589/1882 1955/2694/1955
f 1935/2663/1935 1096/1249/1096 1956/2695/1956
f 1750/2370/1750 1956/2695/1956 1475/2005/1475
f 77/77/77 79/79/79 1605/2098/1605
f 1960/2700/1960 1945/2677/1945 1929/2654/1929
f 1945/2677/1945 1967/2707/1967 1932/2658/1932
f 1968/2708/1968 1447/2709/1447 1964/2704/1964
f 1269/2058/1269 1968/2708/1968 1964/2704/1964
f 1969/2710/1969 529/2692/529 1954/2691/1954
f 1970/2711/1970 1183/1406/1183 1882/2712/1882
f 1183/1406/1183 1971/2713/1971 1941/2672/1941
f 51/2714/51 1972/2715/1972 510/540/510
f 405/679/405 678/1894/678 632/680/632
f 1211/1456/1211 1402/1788/1402 1378/1753/1378
f 831/915/831 1402/2214/1402 1735/2338/1735
f 1973/2716/1973 1719/2315/1719 1932/2658/1932
f 1967/2707/1967 1973/2716/1973 1932/2658/1932
f 1932/2658/1932 1719/2315/1719 1326/1686/1326
f 1969/2710/1969 1954/2691/1954 1965/2705/1965
f 1969/2710/1969 527/2717/527 529/2692/529
f 1183/1406/1183 1970/2711/1970 1971/2713/1971
f 1096/1249/1096 841/1248/841 1956/2695/1956
f 1960/2700/1960 1967/2707/1967 1945/2677/1945
f 656/705/656 302/314/302 304/316/304
f 1971/2713/1971 1382/1760/1382 1941/2672/1941
f 1941/2672/1941 1382/1760/1382 1935/2663/1935
f 1935/2663/1935 1382/1760/1382 1096/1249/1096
f 1974/2718/1974 1975/2719/1975 1866/2564/1866
f 64/64/64 1280/1574/1280 1976/2720/1976
f 304/316/304 1362/1734/1362 1622/2129/1622
f 1622/2129/1622 1362/1734/1362 419/436/419
f 1358/1730/1358 656/705/656 1360/1732/1360
f 1958/2698/1958 1977/2721/1977 1951/2688/1951
f 1608/2290/1608 832/916/832 1735/2338/1735
f 855/945/855 1402/1788/1402 1211/1456/1211
f 1978/2722/1978 1969/2710/1969 1965/2705/1965
f 1970/2711/1970 1979/2723/1979 1971/2713/1971
f 1980/2724/1980 1981/2725/1981 1982/2726/1982
f 1521/1949/1521 1139/1329/1139 1983/2727/1983
f 1626/2133/1626 664/2139/664 1630/2141/1630
f 1984/2728/1984 1985/2729/1985 1986/2730/1986
f 1942/2731/1942 1987/2732/1987 1350/2733/1350
f 1988/2734/1988 1959/2699/1959 1951/2688/1951
f 1959/2699/1959 1988/2734/1988 1961/2701/1961
f 578/619/578 1772/2401/1772 1753/2373/1753
f 78/78/78 302/314/302 656/705/656
f 1197/1431/1197 1605/2098/1605 144/149/144
f 983/2735/983 1989/2736/1989 1965/2705/1965
f 1989/2736/1989 1978/2722/1978 1965/2705/1965
f 1978/2722/1978 527/2717/527 1969/2710/1969
f 852/942/852 851/941/851 691/2737/691
f 1990/2738/1990 1970/2711/1970 1882/2712/1882
f 1990/2738/1990 1979/2723/1979 1970/2711/1970
f 1991/2739/1991 1922/2641/1922 1921/2640/1921
f 1992/2740/1992 205/215/205 1993/2741/1993
f 1378/1757/1378 1381/1758/1381 1502/1962/1502
f 1502/1962/1502 1468/1879/1468 197/700/197
f 1502/1962/1502 197/700/197 1503/1930/1503
f 1378/1753/1378 1502/1921/1502 277/1877/277
f 1378/1753/1378 277/1877/277 276/1754/276
f 1988/2734/1988 1967/2707/1967 1960/2700/1960
f 1961/2701/1961 1988/2734/1988 1960/2700/1960
f 1821/2673/1821 1822/2742/1822 1942/2674/1942
f 14/14/14 13/13/13 492/522/492
f 603/650/603 851/941/851 850/940/850
f 1269/2058/1269 1582/2057/1582 1968/2708/1968
f 1979/2723/1979 1382/1760/1382 1971/2713/1971
f 1981/2725/1981 1994/2743/1994 1995/2744/1995
f 1573/2038/1573 1254/1521/1254 1580/2051/1580
f 1982/2726/1982 1981/2725/1981 1850/2547/1850
f 832/916/832 1416/1809/1416 833/917/833
f 852/1803/852 620/2154/620 619/2745/619
f 510/540/510 462/486/462 461/485/461
f 1988/2734/1988 1996/2746/1996 1967/2707/1967
f 1967/2707/1967 1996/2746/1996 1973/2716/1973
f 79/79/79 656/705/656 1357/1729/1357
f 605/652/605 1201/1437/1201 603/650/603
f 86/86/86 1990/2747/1990 1882/2589/1882
f 1788/2422/1788 1680/2245/1680 1990/2738/1990
f 1979/2723/1979 1680/2245/1680 1382/1760/1382
f 1995/2744/1995 1865/2563/1865 1850/2547/1850
f 1997/2748/1997 1998/2749/1998 1999/2750/1999
f 2000/2751/2000 1520/1948/1520 1369/1741/1369
f 1449/1847/1449 1506/1927/1506 2001/2752/2001
f 850/940/850 619/666/619 604/651/604
f 2/2/2 211/221/211 421/438/421
f 1235/1495/1235 1977/2753/1977 1321/1677/1321
f 1360/1732/1360 304/316/304 69/69/69
f 1139/1329/1139 1520/1948/1520 963/2017/963
f 2002/2754/2002 1570/2033/1570 1968/2755/1968
f 1234/2756/1234 1978/2722/1978 1989/2736/1989
f 1978/2722/1978 1359/2757/1359 527/2717/527
f 1417/1811/1417 1426/1821/1426 222/233/222
f 69/69/69 304/316/304 1622/2129/1622
f 2003/2758/2003 1952/2689/1952 1859/2556/1859
f 2004/2759/2004 2005/2760/2005 2006/2761/2006
f 70/70/70 171/181/171 105/106/105
f 1977/2721/1977 2007/2762/2007 1951/2688/1951
f 1719/2315/1719 1973/2716/1973 1996/2746/1996
f 1292/1594/1292 1018/1144/1018 1229/1486/1229
f 1438/1833/1438 1443/1839/1443 419/436/419
f 420/437/420 1201/1437/1201 1202/1438/1202
f 267/279/267 357/2211/357 195/205/195
f 1466/1876/1466 1648/2227/1648 1535/1975/1535
f 607/1043/607 939/1045/939 158/2072/158
f 1245/1996/1245 614/661/614 1962/2763/1962
f 2008/2764/2008 2009/2765/2009 2010/2766/2010
f 2010/2766/2010 2009/2765/2009 2011/2767/2011
f 1104/1261/1104 344/2768/344 343/1009/343
f 2012/2769/2012 1896/2612/1896 1895/2611/1895
f 1562/2770/1562 1977/2721/1977 1235/2771/1235
f 1996/2746/1996 2013/2772/2013 1719/2315/1719
f 1312/1644/1312 620/2154/620 1310/1642/1310
f 1692/2269/1692 715/2773/715 1691/2268/1691
f 1362/1734/1362 1439/1834/1439 1438/1833/1438
f 331/343/331 2003/2758/2003 1859/2556/1859
f 1998/2749/1998 2014/2774/2014 2008/2764/2008
f 2011/2767/2011 2015/2775/2015 1216/1851/1216
f 1994/2743/1994 1488/1902/1488 1974/2718/1974
f 330/342/330 30/30/30 32/32/32
f 1951/2688/1951 2016/2776/2016 1988/2734/1988
f 1988/2734/1988 2016/2776/2016 1996/2746/1996
f 30/30/30 1287/1586/1287 31/31/31
f 144/149/144 146/151/146 160/168/160
f 1852/2549/1852 2017/2777/2017 1853/2550/1853
f 2018/2778/2018 2009/2765/2009 2008/2764/2008
f 2015/2775/2015 1453/1852/1453 1216/1851/1216
f 1594/2080/1594 2019/2779/2019 2020/2780/2020
f 1375/1748/1375 191/201/191 105/106/105
f 934/1038/934 1355/1727/1355 1351/1723/1351
f 1562/2770/1562 2007/2762/2007 1977/2721/1977
f 2016/2776/2016 1951/2688/1951 2007/2762/2007
f 2016/2776/2016 2013/2772/2013 1996/2746/1996
f 2002/2754/2002 36/36/36 1570/2033/1570
f 1596/2084/1596 1582/2057/1582 1696/2781/1696
f 37/2083/37 2002/2782/2002 1582/2057/1582
f 2021/2783/2021 1831/2502/1831 2022/2784/2022
f 81/81/81 187/197/187 1228/1485/1228
f 1286/1585/1286 1340/1711/1340 133/137/133
f 1953/2690/1953 1952/2689/1952 1860/2600/1860
f 2023/2785/2023 2024/2786/2024 2025/2787/2025
f 1966/2788/1966 2021/2783/2021 2026/2789/2026
f 2027/2790/2027 2011/2767/2011 2009/2765/2009
f 2028/2791/2028 1849/2546/1849 1889/2603/1889
f 1562/2770/1562 2029/2792/2029 2007/2762/2007
f 1340/1711/1340 1286/1585/1286 934/1038/934
f 37/2083/37 1582/2057/1582 1596/2084/1596
f 2013/2772/2013 1720/2316/1720 1719/2315/1719
f 1637/2151/1637 1355/1727/1355 934/1038/934
f 1414/1805/1414 1440/1835/1440 1866/2564/1866
f 2030/2793/2030 2031/2794/2031 2025/2787/2025
f 2012/2769/2012 1584/2063/1584 1896/2612/1896
f 2014/2774/2014 2018/2778/2018 2008/2764/2008
f 2015/2775/2015 2011/2767/2011 2027/2790/2027
f 1863/2561/1863 1510/1936/1510 2032/2795/2032
f 1707/2297/1707 1709/2299/1709 2033/2796/2033
f 205/215/205 2034/2797/2034 206/216/206
f 2016/2776/2016 2035/2798/2035 2013/2772/2013
f 1286/1585/1286 1637/2151/1637 934/1038/934
f 138/142/138 160/168/160 1364/1736/1364
f 1507/1928/1507 1387/1766/1387 1538/2799/1538
f 338/352/338 1230/1487/1230 1136/1322/1136
f 2012/2769/2012 2036/2800/2036 2037/2801/2037
f 2038/2802/2038 2018/2778/2018 2014/2774/2014
f 2018/2778/2018 2039/2803/2039 2009/2765/2009
f 2009/2765/2009 2039/2803/2039 2027/2790/2027
f 2040/2804/2040 1707/2297/1707 2033/2796/2033
f 2041/2805/2041 2036/2800/2036 2042/2806/2042
f 2043/2807/2043 1904/2808/1904 2042/2809/2042
f 1493/1909/1493 1500/1918/1500 1056/1186/1056
f 205/215/205 1537/1978/1537 2034/2797/2034
f 1431/1826/1431 1888/2599/1888 1432/1827/1432
f 1919/2638/1919 1890/2604/1890 2044/2810/2044
f 1407/2811/1407 1507/1928/1507 1506/1927/1506
f 278/2521/278 277/2812/277 1535/2171/1535
f 1852/2813/1852 1858/2814/1858 2017/2815/2017
f 1730/2329/1730 2045/2816/2045 1731/2330/1731
f 1731/2330/1731 2045/2816/2045 2046/2817/2046
f 1986/2730/1986 2047/2818/2047 1984/2728/1984
f 2038/2802/2038 2048/2819/2048 2018/2778/2018
f 1448/1846/1448 1500/2820/1500 1449/1847/1449
f 1853/2550/1853 2017/2777/2017 2049/2821/2049
f 784/855/784 1862/2601/1862 785/856/785
f 2029/2822/2029 868/1772/868 1828/2499/1828
f 2029/2792/2029 2050/2823/2050 2007/2762/2007
f 2035/2798/2035 2016/2776/2016 2007/2762/2007
f 1543/2004/1543 1550/2009/1550 1557/2011/1557
f 187/197/187 30/30/30 330/342/330
f 1868/2606/1868 1891/2605/1891 2051/2824/2051
f 1984/2825/1984 2052/2826/2052 2038/2802/2038
f 2053/2827/2053 2048/2819/2048 2038/2802/2038
f 2048/2819/2048 2039/2803/2039 2018/2778/2018
f 2054/2828/2054 2027/2790/2027 2039/2803/2039
f 2027/2790/2027 2055/2829/2055 2015/2775/2015
f 2055/2829/2055 1453/1852/1453 2015/2775/2015
f 2056/2830/2056 2057/2831/2057 1453/1852/1453
f 185/195/185 184/194/184 1413/1903/1413
f 2022/2784/2022 1831/2502/1831 1830/2501/1830
f 1407/2811/1407 1385/1764/1385 1507/1928/1507
f 2029/2792/2029 1828/2832/1828 2050/2823/2050
f 2035/2798/2035 1739/2833/1739 1720/2316/1720
f 2013/2772/2013 2035/2798/2035 1720/2316/1720
f 1717/2312/1717 882/975/882 1596/2834/1596
f 2058/2835/2058 2051/2836/2051 1891/2837/1891
f 1432/2838/1432 1854/2551/1854 2059/2839/2059
f 2060/2840/2060 2061/2841/2061 1986/2730/1986
f 1986/2730/1986 2061/2841/2061 2047/2818/2047
f 2038/2802/2038 2052/2826/2052 2053/2827/2053
f 2048/2819/2048 2054/2828/2054 2039/2803/2039
f 2054/2828/2054 2055/2829/2055 2027/2790/2027
f 2062/2842/2062 1453/1852/1453 2055/2829/2055
f 2063/2843/2063 2057/2831/2057 2056/2830/2056
f 1769/2398/1769 1056/1186/1056 1770/2399/1770
f 1500/1918/1500 1448/2480/1448 1770/2399/1770
f 1385/2660/1385 1407/1795/1407 1933/2661/1933
f 1827/2498/1827 2050/2844/2050 1828/2499/1828
f 2050/2823/2050 2064/2845/2064 2007/2762/2007
f 2007/2762/2007 2064/2845/2064 2035/2798/2035
f 1717/2846/1717 1596/2084/1596 1944/2676/1944
f 2065/2847/2065 1717/2846/1717 1944/2676/1944
f 2066/2848/2066 1891/2605/1891 1892/2607/1892
f 2051/2836/2051 1730/2329/1730 2067/2849/2067
f 2045/2816/2045 2068/2850/2068 2069/2851/2069
f 1801/2852/1801 2061/2853/2061 2060/2854/2060
f 2047/2818/2047 2070/2855/2070 1984/2728/1984
f 1984/2825/1984 2070/2856/2070 2052/2826/2052
f 2053/2827/2053 2071/2857/2071 2048/2819/2048
f 2048/2819/2048 2071/2857/2071 2054/2828/2054
f 2072/2858/2072 2055/2829/2055 2054/2828/2054
f 2056/2830/2056 1453/1852/1453 2062/2842/2062
f 853/943/853 2003/2758/2003 331/343/331
f 1500/1918/1500 1770/2399/1770 1056/1186/1056
f 2073/2859/2073 1827/2860/1827 1782/2413/1782
f 2073/2859/2073 2050/2823/2050 1827/2860/1827
f 1739/2833/1739 2035/2798/2035 2064/2845/2064
f 427/444/427 2069/2861/2069 2068/2862/2068
f 825/909/825 827/911/827 1265/1541/1265
f 770/839/770 993/1108/993 992/1107/992
f 1955/2694/1955 1183/2693/1183 1288/1617/1288
f 1518/1946/1518 2040/2804/2040 2033/2796/2033
f 2071/2857/2071 2074/2863/2074 2054/2828/2054
f 2075/2864/2075 2072/2858/2072 2054/2828/2054
f 2055/2829/2055 1660/2191/1660 2062/2842/2062
f 1660/2191/1660 281/293/281 2062/2842/2062
f 281/293/281 2056/2830/2056 2062/2842/2062
f 2076/2865/2076 2059/2866/2059 1904/2808/1904
f 1279/1572/1279 1278/1571/1278 2077/2867/2077
f 906/1000/906 2073/2859/2073 1782/2413/1782
f 2073/2859/2073 2064/2845/2064 2050/2823/2050
f 2065/2847/2065 1944/2676/1944 2078/2868/2078
f 2079/2869/2079 1892/2870/1892 75/75/75
f 2079/2871/2079 2080/2872/2080 1892/2607/1892
f 2080/2872/2080 2066/2848/2066 1892/2607/1892
f 1891/2605/1891 2066/2848/2066 2058/2873/2058
f 2051/2836/2051 2045/2816/2045 1730/2329/1730
f 2052/2826/2052 1527/1961/1527 2053/2827/2053
f 2072/2858/2072 1660/2191/1660 2055/2829/2055
f 2081/2874/2081 2082/2875/2082 2083/2876/2083
f 2082/2875/2082 2084/2877/2084 2083/2876/2083
f 2085/2878/2085 2086/2879/2086 1371/1743/1371
f 1774/2414/1774 1782/2413/1782 1775/2880/1775
f 2087/2881/2087 2064/2845/2064 2073/2859/2073
f 1797/2439/1797 2065/2847/2065 2078/2868/2078
f 1753/2373/1753 2079/2869/2079 75/75/75
f 998/1115/998 2045/2816/2045 2051/2836/2051
f 2070/2856/2070 2088/2882/2088 2052/2826/2052
f 2052/2826/2052 2088/2882/2088 1527/1961/1527
f 2053/2827/2053 1527/1961/1527 2071/2857/2071
f 2074/2863/2074 2075/2864/2075 2054/2828/2054
f 2063/2843/2063 1522/1956/1522 396/2883/396
f 2081/2874/2081 396/2883/396 1522/1956/1522
f 2081/2874/2081 1417/1811/1417 2082/2875/2082
f 119/122/119 1774/2414/1774 221/232/221
f 2089/2884/2089 1488/1902/1488 1994/2743/1994
f 905/999/905 2087/2881/2087 2073/2859/2073
f 2087/2881/2087 1739/2833/1739 2064/2845/2064
f 2090/2885/2090 2065/2847/2065 1797/2439/1797
f 2090/2885/2090 1717/2846/1717 2065/2847/2065
f 2090/2886/2090 1835/2507/1835 1717/2312/1717
f 1772/2401/1772 2079/2869/2079 1753/2373/1753
f 1439/1834/1439 1337/1708/1337 1336/1707/1336
f 127/131/127 1739/2355/1739 128/132/128
f 1772/2401/1772 2080/2887/2080 2079/2869/2079
f 998/1115/998 1682/2248/1682 2045/2816/2045
f 2045/2816/2045 1682/2248/1682 2068/2850/2068
f 283/1133/283 2091/2888/2091 2070/2855/2070
f 2047/2818/2047 283/1133/283 2070/2855/2070
f 2070/2856/2070 2091/2889/2091 2088/2882/2088
f 2088/2882/2088 41/41/41 1527/1961/1527
f 234/246/234 2075/2864/2075 2074/2863/2074
f 2075/2864/2075 1420/1815/1420 2072/2858/2072
f 1395/1778/1395 1660/2191/1660 2072/2858/2072
f 281/293/281 280/292/280 2056/2830/2056
f 280/292/280 2063/2843/2063 2056/2830/2056
f 222/233/222 2084/2877/2084 2082/2875/2082
f 222/233/222 221/232/221 2084/2877/2084
f 119/122/119 1679/2244/1679 1774/2414/1774
f 1679/2244/1679 906/1000/906 1774/2414/1774
f 906/1000/906 905/999/905 2073/2859/2073
f 1311/2890/1311 1739/2833/1739 2087/2881/2087
f 996/1113/996 2051/2836/2051 2058/2835/2058
f 996/1113/996 998/1115/998 2051/2836/2051
f 2075/2864/2075 234/246/234 1420/1815/1420
f 280/292/280 1522/1956/1522 2063/2843/2063
f 905/999/905 1312/1868/1312 2087/2881/2087
f 1312/1644/1312 1311/1643/1311 2087/2891/2087
f 2085/2878/2085 2092/2892/2092 2031/2794/2031
f 1497/1913/1497 842/931/842 1681/2296/1681
f 37/37/37 36/36/36 2002/2754/2002
f 1476/1888/1476 2080/2872/2080 1772/2520/1772
f 1476/1888/1476 2066/2848/2066 2080/2872/2080
f 1476/1888/1476 2058/2873/2058 2066/2848/2066
f 1788/2449/1788 85/1679/85 1322/1678/1322
f 2091/2889/2091 41/41/41 2088/2882/2088
f 2071/2857/2071 223/234/223 2074/2863/2074
f 223/234/223 234/246/234 2074/2863/2074
f 1420/1815/1420 823/907/823 2072/2858/2072
f 823/907/823 1395/1778/1395 2072/2858/2072
f 279/291/279 281/293/281 1660/2191/1660
f 1417/1811/1417 222/233/222 2082/2875/2082
f 212/222/212 1679/2244/1679 119/122/119
f 200/210/200 161/170/161 1492/1908/1492
f 656/705/656 304/316/304 1360/1732/1360
f 1643/2166/1643 1835/2507/1835 2090/2886/2090
f 303/315/303 1337/1708/1337 1439/1834/1439
f 1478/1890/1478 2058/2873/2058 1476/1888/1476
f 2058/2835/2058 1478/2602/1478 996/1113/996
f 997/1114/997 1682/2248/1682 998/1115/998
f 214/224/214 1681/2296/1681 1787/2448/1787
f 214/224/214 1787/2448/1787 215/225/215
f 215/225/215 1787/2448/1787 1322/1678/1322
f 283/295/283 2047/2893/2047 284/296/284
f 1527/1961/1527 186/196/186 2071/2857/2071
f 2071/2857/2071 186/196/186 223/234/223
f 280/292/280 1401/1786/1401 1522/1956/1522
f 1522/1956/1522 1418/1812/1418 2081/2874/2081
f 1418/1812/1418 1417/1811/1417 2081/2874/2081
f 1864/2894/1864 2024/2786/2024 2093/2895/2093
f 2024/2786/2024 2094/2896/2094 2093/2895/2093
f 1981/2725/1981 2095/2897/2095 1994/2743/1994
f 879/972/879 878/971/878 1424/1819/1424
f 1779/2408/1779 2031/2794/2031 2030/2793/2030
f 2096/2898/2096 1430/1825/1430 2059/2866/2059
f 1260/2899/1260 1615/2115/1615 1559/2088/1559
f 2097/2900/2097 2043/2807/2043 1897/2901/1897
f 2012/2769/2012 2037/2801/2037 1071/1205/1071
f 570/611/570 27/27/27 775/846/775
f 1432/2838/1432 784/2902/784 786/2532/786
f 1507/1928/1507 1385/1764/1385 1387/1766/1387
f 1450/1848/1450 1449/1847/1449 1915/2632/1915
f 1658/2222/1658 1980/2903/1980 1742/2359/1742
f 1980/2903/1980 2098/2904/2098 1742/2359/1742
f 231/1525/231 1848/2545/1848 1259/1533/1259
f 232/1535/232 231/1525/231 1259/1533/1259
f 84/84/84 1955/2694/1955 527/560/527
f 1500/2820/1500 1407/2811/1407 1506/1927/1506
f 1777/2406/1777 1779/2408/1779 2030/2793/2030
f 2099/2905/2099 1472/1884/1472 1539/2906/1539
f 827/911/827 826/910/826 1329/2907/1329
f 1273/1558/1273 233/245/233 232/244/232
f 1235/1495/1235 568/609/568 245/257/245
f 1742/2359/1742 2098/2904/2098 2100/2908/2100
f 2025/2787/2025 2024/2786/2024 2101/2909/2101
f 2086/2879/2086 2085/2878/2085 1779/2408/1779
f 1905/2621/1905 1055/1185/1055 2049/2821/2049
f 911/1005/911 371/386/371 2102/2910/2102
f 2103/2911/2103 2104/2912/2104 2105/2913/2105
f 1405/1792/1405 1440/1835/1440 184/1793/184
f 2102/2910/2102 1539/1981/1539 911/1005/911
f 1911/2914/1911 1405/1792/1405 1372/1744/1372
f 1440/1835/1440 1405/1792/1405 1911/2914/1911
f 2106/2915/2106 2004/2916/2004 2107/2917/2107
f 1425/1820/1425 974/1082/974 1496/1912/1496
f 1865/2563/1865 2108/2918/2108 1850/2547/1850
f 2109/2919/2109 1865/2563/1865 2110/2920/2110
f 2111/2921/2111 2097/2900/2097 1897/2901/1897
f 95/95/95 1430/1825/1430 71/71/71
f 2100/2908/2100 2028/2922/2028 1952/2689/1952
f 2025/2787/2025 2031/2794/2031 2023/2785/2023
f 1994/2743/1994 1974/2718/1974 1865/2563/1865
f 2098/2904/2098 2028/2922/2028 2100/2908/2100
f 1658/2222/1658 2095/2923/2095 1980/2903/1980
f 1912/2924/1912 2086/2879/2086 1779/2408/1779
f 1865/2563/1865 1778/2407/1778 1651/2175/1651
f 1851/2548/1851 1850/2547/1850 2108/2918/2108
f 1387/1766/1387 1864/2562/1864 1538/2799/1538
f 2030/2793/2030 2025/2787/2025 122/2465/122
f 2020/2925/2020 2112/2926/2112 2113/2927/2113
f 2102/2928/2102 2114/2929/2114 1539/2906/1539
f 2114/2929/2114 2099/2905/2099 1539/2906/1539
f 1855/2552/1855 1615/2930/1615 1260/1534/1260
f 1415/1806/1415 1414/1805/1414 1488/1902/1488
f 1288/1617/1288 528/561/528 1955/2694/1955
f 854/2931/854 556/2932/556 591/2933/591
f 528/2934/528 1939/2669/1939 529/2692/529
f 1949/2683/1949 2115/2935/2115 1950/2684/1950
f 2028/2791/2028 2098/2936/2098 1982/2726/1982
f 1651/2175/1651 1778/2407/1778 1777/2406/1777
f 1488/1902/1488 1414/1805/1414 1975/2719/1975
f 1694/2272/1694 1143/1337/1143 2067/2937/2067
f 780/851/780 767/836/767 791/2455/791
f 994/1109/994 1487/2938/1487 992/1107/992
f 1778/2407/1778 1912/2924/1912 1779/2408/1779
f 623/670/623 625/672/625 1390/1769/1390
f 1359/1953/1359 1328/1689/1328 85/1679/85
f 992/2939/992 2095/2923/2095 1658/2222/1658
f 1852/2813/1852 1856/2940/1856 1858/2814/1858
f 1506/1927/1506 1508/1929/1508 2001/2752/2001
f 1824/2495/1824 2116/2941/2116 1825/2496/1825
f 122/2465/122 2025/2787/2025 2101/2909/2101
f 2117/2942/2117 2114/2929/2114 2102/2928/2102
f 307/319/307 1431/1826/1431 1430/1825/1430
f 2114/2929/2114 2118/2943/2118 2099/2905/2099
f 2095/2897/2095 2089/2884/2089 1994/2743/1994
f 1387/1766/1387 1386/1765/1386 1864/2562/1864
f 2077/2867/2077 1278/1571/1278 2119/2944/2119
f 2095/2897/2095 1981/2725/1981 1980/2724/1980
f 2120/2945/2120 2043/2807/2043 2097/2900/2097
f 2049/2821/2049 1055/1185/1055 2036/2800/2036
f 1250/1517/1250 1008/1131/1008 1551/2946/1551
f 111/112/111 120/123/120 307/319/307
f 1500/2820/1500 1506/1927/1506 1449/1847/1449
f 1125/1301/1125 764/1300/764 1363/1735/1363
f 1982/2726/1982 1849/2546/1849 2028/2791/2028
f 1865/2563/1865 1974/2718/1974 1866/2564/1866
f 1995/2744/1995 1994/2743/1994 1865/2563/1865
f 371/2947/371 2117/2942/2117 2102/2928/2102
f 1811/2475/1811 1952/2689/1952 853/943/853
f 1946/2678/1946 2022/2784/2022 1830/2501/1830
f 254/266/254 1511/1937/1511 271/283/271
f 1597/2085/1597 1620/2126/1620 1617/2118/1617
f 1620/2126/1620 1561/2117/1561 1617/2118/1617
f 2116/2941/2116 1824/2495/1824 1856/2553/1856
f 2032/2795/2032 2114/2929/2114 2117/2942/2117
f 1904/2808/1904 2041/2948/2041 2042/2809/2042
f 1430/1825/1430 1432/1827/1432 2059/2866/2059
f 1253/2560/1253 765/1302/765 1125/1301/1125
f 154/159/154 830/914/830 152/157/152
f 1643/2438/1643 2090/2885/2090 1797/2439/1797
f 2121/2949/2121 1561/2117/1561 1620/2126/1620
f 2122/2950/2122 2121/2949/2121 1620/2126/1620
f 2121/2951/2121 472/924/472 1561/2952/1561
f 2101/2909/2101 2024/2786/2024 1864/2894/1864
f 2028/2922/2028 1860/2600/1860 1952/2689/1952
f 2028/2922/2028 1889/2953/1889 1860/2600/1860
f 2077/2867/2077 2119/2944/2119 2123/2954/2123
f 1399/1782/1399 860/951/860 1304/1783/1304
f 1233/1493/1233 51/2714/51 510/540/510
f 2036/2800/2036 1054/1184/1054 2037/2801/2037
f 2077/2867/2077 2123/2954/2123 2124/2955/2124
f 786/2532/786 2116/2941/2116 1854/2551/1854
f 477/808/477 1880/2587/1880 478/2578/478
f 1620/2126/1620 1624/2131/1624 2122/2950/2122
f 2122/2956/2122 2125/2957/2125 2121/2951/2121
f 2121/2951/2121 2125/2957/2125 472/924/472
f 1864/2894/1864 2093/2895/2093 1538/1979/1538
f 1537/1978/1537 205/215/205 1992/2740/1992
f 1624/2437/1624 1797/2439/1797 2122/2958/2122
f 1797/2959/1797 2126/2960/2126 2122/2956/2122
f 2126/2960/2126 2125/2957/2125 2122/2956/2122
f 2125/2957/2125 835/919/835 472/924/472
f 860/951/860 2127/2961/2127 1946/2678/1946
f 1890/2604/1890 1849/2546/1849 1851/2548/1851
f 527/560/527 1955/2694/1955 528/561/528
f 1304/1783/1304 860/951/860 1957/2962/1957
f 2078/2868/2078 2126/2963/2126 1797/2439/1797
f 417/434/417 226/237/226 835/919/835
f 1628/2137/1628 2111/2921/2111 2019/2779/2019
f 2019/2779/2019 2111/2921/2111 2128/2964/2128
f 2129/2965/2129 71/71/71 2096/2898/2096
f 1054/1184/1054 2036/2800/2036 1055/1185/1055
f 1372/1744/1372 1389/1770/1389 1390/1769/1390
f 1830/2501/1830 1528/1966/1528 858/949/858
f 1508/1929/1508 1538/2799/1538 1992/2966/1992
f 2012/2769/2012 1071/1205/1071 1584/2063/1584
f 1432/2838/1432 786/2532/786 1854/2551/1854
f 1854/2551/1854 2116/2941/2116 1852/2549/1852
f 1172/2967/1172 2130/2968/2130 1173/2969/1173
f 2125/2957/2125 2131/2970/2131 835/919/835
f 835/919/835 2131/2970/2131 417/434/417
f 1933/2661/1933 1406/1794/1406 1823/2494/1823
f 1853/2550/1853 2041/2805/2041 1904/2620/1904
f 2120/2945/2120 2129/2965/2129 2043/2807/2043
f 1848/2545/1848 1258/1527/1258 437/2396/437
f 237/249/237 967/1075/967 244/256/244
f 1338/1709/1338 343/357/343 657/706/657
f 371/2947/371 1236/2971/1236 2117/2942/2117
f 2129/2965/2129 2096/2898/2096 2076/2865/2076
f 1853/2550/1853 2049/2821/2049 2041/2805/2041
f 1172/1387/1172 424/441/424 1756/2972/1756
f 1897/2613/1897 2043/2973/2043 2042/2806/2042
f 62/2974/62 1448/1846/1448 1450/1848/1450
f 2042/2806/2042 2036/2800/2036 2012/2769/2012
f 344/2975/344 1284/2976/1284 407/2977/407
f 205/215/205 204/214/204 1485/1899/1485
f 260/272/260 262/274/262 1693/2271/1693
f 1862/2559/1862 1861/2558/1861 785/2533/785
f 1919/2638/1919 1844/2531/1844 785/2533/785
f 1861/2558/1861 1919/2638/1919 785/2533/785
f 417/434/417 2132/2978/2132 226/237/226
f 226/237/226 2132/2978/2132 2133/2979/2133
f 2134/2980/2134 2135/2981/2135 2136/2982/2136
f 418/435/418 575/616/575 576/617/576
f 1863/2561/1863 1125/1301/1125 1510/1936/1510
f 1974/2718/1974 1488/1902/1488 1975/2719/1975
f 2005/2760/2005 2137/2983/2137 2006/2761/2006
f 1852/2813/1852 2116/2984/2116 1856/2940/1856
f 1993/2741/1993 1485/1899/1485 1484/1898/1484
f 1580/2051/1580 1254/1521/1254 1236/2061/1236
f 205/215/205 1485/1899/1485 1993/2741/1993
f 681/732/681 680/731/680 1130/1308/1130
f 1512/1938/1512 2118/2943/2118 2114/2929/2114
f 911/1005/911 1539/1981/1539 1455/1856/1455
f 1849/2546/1849 1890/2604/1890 1889/2603/1889
f 1253/1520/1253 1863/2985/1863 1254/1521/1254
f 405/2986/405 1433/1828/1433 679/1982/679
f 1915/2632/1915 2001/2752/2001 1484/2987/1484
f 1706/2295/1706 2138/2988/2138 480/509/480
f 853/943/853 1952/2689/1952 2003/2758/2003
f 71/71/71 1430/1825/1430 2096/2898/2096
f 575/616/575 2131/2970/2131 2125/2957/2125
f 1462/2989/1462 1472/1884/1472 1392/1774/1392
f 2132/2978/2132 255/267/255 2139/2990/2139
f 2128/2964/2128 2111/2921/2111 1897/2901/1897
f 2140/2991/2140 2128/2964/2128 1897/2901/1897
f 2141/2992/2141 2109/2919/2109 1650/2174/1650
f 1229/1486/1229 520/1544/520 522/2054/522
f 2022/2784/2022 1946/2678/1946 2127/2961/2127
f 1859/2556/1859 1953/2690/1953 1888/2599/1888
f 1487/1901/1487 994/2993/994 1415/1806/1415
f 2142/2994/2142 2138/2988/2138 1706/2295/1706
f 2142/2995/2142 2143/2996/2143 2138/2997/2138
f 2143/2998/2143 2144/2999/2144 2145/3000/2145
f 2138/2988/2138 2143/2998/2143 2145/3000/2145
f 1389/1770/1389 1405/1792/1405 1404/1791/1404
f 556/593/556 854/944/854 554/591/554
f 1957/2962/1957 860/951/860 1940/3001/1940
f 1816/2481/1816 827/1844/827 1447/1843/1447
f 1811/2475/1811 2100/2908/2100 1952/2689/1952
f 2146/3002/2146 1947/3003/1947 1966/2788/1966
f 1865/2563/1865 2109/2919/2109 2108/2918/2108
f 1484/2987/1484 1486/3004/1486 1915/2632/1915
f 2001/2752/2001 1993/3005/1993 1484/2987/1484
f 2147/3006/2147 1536/1977/1536 1538/1979/1538
f 2129/2965/2129 2076/2865/2076 2043/2807/2043
f 192/202/192 1561/2016/1561 472/496/472
f 1594/2080/1594 2020/2780/2020 1592/2078/1592
f 1386/1765/1386 121/124/121 123/126/123
f 2139/2990/2139 2148/3007/2148 2133/2979/2133
f 2149/3008/2149 1706/2295/1706 2150/3009/2150
f 2148/3007/2148 2149/3008/2149 2150/3009/2150
f 2149/3008/2149 2142/2994/2142 1706/2295/1706
f 528/561/528 1957/2696/1957 1940/3010/1940
f 1486/3004/1486 1632/2633/1632 1915/2632/1915
f 1583/2064/1583 1236/1497/1236 300/312/300
f 122/2465/122 2101/2909/2101 123/3011/123
f 2117/3012/2117 1236/2061/1236 2032/3013/2032
f 255/267/255 257/269/257 2139/2990/2139
f 257/269/257 2151/3014/2151 2139/2990/2139
f 2139/2990/2139 2151/3014/2151 2148/3007/2148
f 2152/3015/2152 2144/2999/2144 2143/2998/2143
f 1788/3016/1788 1990/2747/1990 86/86/86
f 770/839/770 992/1107/992 1644/2167/1644
f 1372/1744/1372 1371/1743/1371 1912/2924/1912
f 1866/2564/1866 1912/2924/1912 1778/2407/1778
f 2149/3017/2149 2153/3018/2153 2142/2995/2142
f 2153/3018/2153 2143/2996/2143 2142/2995/2142
f 2154/3019/2154 2144/2999/2144 2152/3015/2152
f 1537/1978/1537 1992/2740/1992 1538/1979/1538
f 1236/2061/1236 1254/1521/1254 1863/2985/1863
f 2042/2806/2042 2012/2769/2012 1895/2611/1895
f 2155/3020/2155 2152/3015/2152 2143/2998/2143
f 2043/2807/2043 2076/2865/2076 1904/2808/1904
f 256/268/256 1665/3021/1665 257/269/257
f 1665/3021/1665 2151/3014/2151 257/269/257
f 2156/3022/2156 2155/3023/2155 2143/3024/2143
f 2135/2981/2135 2134/2980/2134 2154/3019/2154
f 1508/1929/1508 1992/2966/1992 1993/3005/1993
f 1940/2670/1940 1939/2669/1939 528/2934/528
f 675/726/675 1665/3025/1665 256/1547/256
f 2151/3026/2151 2157/3027/2157 2149/3017/2149
f 2148/3007/2148 2151/3014/2151 2149/3008/2149
f 2149/3017/2149 2157/3027/2157 2153/3018/2153
f 2143/3028/2143 2153/3029/2153 2156/3030/2156
f 329/341/329 71/71/71 2129/2965/2129
f 2017/2777/2017 1905/2621/1905 2049/2821/2049
f 2158/3031/2158 2152/3015/2152 2155/3020/2155
f 1510/1936/1510 1363/1735/1363 1511/1937/1511
f 329/341/329 2129/2965/2129 2120/2945/2120
f 307/319/307 120/123/120 1431/1826/1431
f 1510/1936/1510 1125/1301/1125 1363/1735/1363
f 1372/1744/1372 1405/1792/1405 1389/1770/1389
f 2096/2898/2096 2059/2866/2059 2076/2865/2076
f 1331/1695/1331 1665/3025/1665 675/726/675
f 1564/2208/1564 2157/3027/2157 2151/3026/2151
f 2158/3031/2158 2154/3019/2154 2152/3015/2152
f 1564/2208/1564 2151/3026/2151 1665/2209/1665
f 2157/3027/2157 2159/3032/2159 2153/3018/2153
f 2153/3018/2153 2159/3032/2159 2156/3033/2156
f 2156/3034/2156 2158/3031/2158 2155/3020/2155
f 2160/3035/2160 2154/3019/2154 2158/3031/2158
f 2001/2752/2001 1508/1929/1508 1993/3005/1993
f 329/341/329 2120/2945/2120 1628/2137/1628
f 120/123/120 331/343/331 1859/2556/1859
f 1975/2719/1975 1414/1805/1414 1866/2564/1866
f 2002/2782/2002 1968/2708/1968 1582/2057/1582
f 1564/2208/1564 1427/1822/1427 2157/3027/2157
f 1427/1822/1427 2161/3036/2161 2157/3027/2157
f 2157/3027/2157 2161/3036/2161 2159/3032/2159
f 2160/3035/2160 2135/2981/2135 2154/3019/2154
f 2160/3035/2160 2136/2982/2136 2135/2981/2135
f 2162/3037/2162 287/299/287 1291/2659/1291
f 2041/2805/2041 2049/2821/2049 2036/2800/2036
f 1252/2034/1252 765/830/765 1253/3038/1253
f 1431/1826/1431 1859/2556/1859 1888/2599/1888
f 575/616/575 2125/2957/2125 801/879/801
f 1811/2475/1811 1742/2359/1742 2100/2908/2100
f 1825/2496/1825 2116/2941/2116 2163/3039/2163
f 2042/2806/2042 1895/2611/1895 1897/2613/1897
f 534/567/534 898/992/898 899/993/899
f 1844/2531/1844 2163/3039/2163 2116/2941/2116
f 1564/2208/1564 1428/1823/1428 1427/1822/1427
f 2164/3040/2164 2158/3031/2158 2156/3034/2156
f 208/218/208 325/947/325 680/731/680
f 1136/1322/1136 2165/3041/2165 1463/3042/1463
f 1777/2406/1777 2030/2793/2030 122/2465/122
f 2089/2884/2089 1487/1901/1487 1488/1902/1488
f 1844/2531/1844 2116/2941/2116 786/2532/786
f 2159/3043/2159 2166/3044/2166 2156/3034/2156
f 2166/3044/2166 2164/3040/2164 2156/3034/2156
f 2164/3040/2164 2160/3035/2160 2158/3031/2158
f 1897/2613/1897 1896/2612/1896 2140/3045/2140
f 1507/1928/1507 1538/2799/1538 1508/1929/1508
f 2098/2936/2098 1980/2724/1980 1982/2726/1982
f 1677/2235/1677 1811/2475/1811 853/943/853
f 1673/2223/1673 1742/2359/1742 1811/2475/1811
f 803/2048/803 749/2386/749 1567/2043/1567
f 2161/3036/2161 2167/3046/2167 2159/3032/2159
f 1920/2639/1920 1922/2641/1922 1650/2174/1650
f 1512/1938/1512 1511/1937/1511 2168/3047/2168
f 2109/3048/2109 2110/3049/2110 1650/3050/1650
f 2109/2919/2109 2141/2992/2141 2108/2918/2108
f 1865/2563/1865 1651/2175/1651 2110/2920/2110
f 992/3051/992 1487/1901/1487 2089/2884/2089
f 1449/1847/1449 2001/2752/2001 1915/2632/1915
f 1890/2604/1890 1851/2548/1851 2044/2810/2044
f 1911/2914/1911 1372/1744/1372 1912/2924/1912
f 2123/2954/2123 2119/2944/2119 2169/3052/2169
f 2020/2780/2020 2128/2964/2128 2140/2991/2140
f 2095/2897/2095 992/3051/992 2089/2884/2089
f 2044/2810/2044 1851/2548/1851 2170/3053/2170
f 2020/2780/2020 2140/2991/2140 2112/3054/2112
f 528/561/528 1288/1617/1288 1957/2696/1957
f 1968/2755/1968 1570/2033/1570 1265/2482/1265
f 1866/2564/1866 1440/1835/1440 1912/2924/1912
f 1816/3055/1816 1447/2709/1447 1968/2708/1968
f 1385/1764/1385 1921/2653/1921 1386/1765/1386
f 2044/2810/2044 1844/2531/1844 1919/2638/1919
f 1953/2690/1953 1860/2600/1860 1888/2599/1888
f 596/640/596 494/524/494 597/641/597
f 2159/3032/2159 2167/3046/2167 2166/3056/2166
f 2171/3057/2171 2160/3035/2160 2164/3040/2164
f 2171/3057/2171 2172/3058/2172 2160/3035/2160
f 2172/3058/2172 2136/2982/2136 2160/3035/2160
f 2172/3058/2172 1092/1239/1092 2136/2982/2136
f 2111/2921/2111 2120/2945/2120 2097/2900/2097
f 1628/2137/1628 2120/2945/2120 2111/2921/2111
f 1982/2726/1982 1850/2547/1850 1849/2546/1849
f 1236/2061/1236 1863/2985/1863 2032/3013/2032
f 1943/2675/1943 1596/2084/1596 1696/2781/1696
f 1411/1801/1411 2173/3059/2173 2092/2892/2092
f 1779/2408/1779 2085/2878/2085 2031/2794/2031
f 1427/1822/1427 1429/1824/1429 1592/2078/1592
f 1427/1822/1427 2167/3046/2167 2161/3036/2161
f 2112/3054/2112 2166/3056/2166 2167/3046/2167
f 2113/2927/2113 2112/2926/2112 2167/3060/2167
f 2112/3061/2112 2164/3040/2164 2166/3044/2166
f 2112/3061/2112 2140/3045/2140 2164/3040/2164
f 2140/3045/2140 2171/3057/2171 2164/3040/2164
f 2059/2839/2059 1854/2551/1854 1904/2620/1904
f 123/126/123 2101/3062/2101 1864/2562/1864
f 1868/2606/1868 2051/2824/2051 2067/3063/2067
f 1510/1936/1510 2114/2929/2114 2032/2795/2032
f 1644/2167/1644 992/1107/992 1658/2185/1658
f 1233/1493/1233 510/540/510 461/485/461
f 1427/1822/1427 1592/2078/1592 2167/3046/2167
f 1896/2612/1896 2172/3058/2172 2171/3057/2171
f 1981/2725/1981 1995/2744/1995 1850/2547/1850
f 2019/2779/2019 2128/2964/2128 2020/2780/2020
f 1510/1936/1510 1512/1938/1512 2114/2929/2114
f 1130/1308/1130 635/683/635 1100/1256/1100
f 1968/2755/1968 1265/2482/1265 1816/2481/1816
f 2169/3064/2169 2119/3065/2119 2174/3066/2174
f 2020/2780/2020 2167/3046/2167 1592/2078/1592
f 2020/2780/2020 2113/3067/2113 2167/3046/2167
f 2172/3058/2172 1896/2612/1896 1092/1239/1092
f 1447/2709/1447 1329/3068/1329 1962/2702/1962
f 931/1032/931 1618/2120/1618 933/1036/933
f 2023/2785/2023 2031/2794/2031 2173/3059/2173
f 2140/3045/2140 1896/2612/1896 2171/3057/2171
f 1946/2678/1946 1830/2501/1830 858/949/858
f 1920/2639/1920 1649/2173/1649 121/2647/121
f 2011/2767/2011 1216/1851/1216 1215/3069/1215
f 1835/2507/1835 939/1045/939 1717/2312/1717
f 1453/1852/1453 2057/2831/2057 1454/1853/1454
f 1728/2326/1728 1715/2309/1715 1789/2423/1789
f 90/90/90 2057/3070/2057 91/91/91
f 1454/3071/1454 2057/3070/2057 90/90/90
f 2175/3072/2175 2057/2831/2057 2063/2843/2063
f 1842/2522/1842 90/90/90 2145/3000/2145
f 2176/3073/2176 90/90/90 1842/2522/1842
f 395/411/395 2177/3074/2177 2178/3075/2178
f 16/16/16 506/3076/506 555/592/555
f 1830/2501/1830 1554/2503/1554 1528/1966/1528
f 395/411/395 1839/2515/1839 2177/3074/2177
f 1839/2515/1839 2179/3077/2179 2177/3074/2177
f 241/253/241 1511/1937/1511 254/266/254
f 2179/3077/2179 1839/2515/1839 2180/3078/2180
f 2181/3079/2181 2168/3047/2168 1511/1937/1511
f 241/253/241 2181/3079/2181 1511/1937/1511
f 2182/3080/2182 2183/3081/2183 2134/2980/2134
f 2180/3078/2180 1782/3082/1782 1826/2497/1826
f 2181/3079/2181 2184/3083/2184 2168/3047/2168
f 2184/3083/2184 2185/3084/2185 2168/3047/2168
f 463/487/463 1868/2566/1868 2067/2937/2067
f 251/263/251 2186/3085/2186 241/253/241
f 241/253/241 2186/3085/2186 2181/3079/2181
f 172/182/172 2187/3086/2187 1232/1490/1232
f 1365/1737/1365 2188/3087/2188 974/1082/974
f 1997/3088/1997 1999/3089/1999 2189/3090/2189
f 2190/3091/2190 1213/1458/1213 966/1074/966
f 1103/1260/1103 616/663/616 478/507/478
f 1552/2000/1552 2021/3092/2021 1262/1537/1262
f 1990/2738/1990 1680/2245/1680 1979/2723/1979
f 2186/3085/2186 2184/3083/2184 2181/3079/2181
f 1836/2512/1836 1838/2514/1838 1907/2623/1907
f 1837/2513/1837 1836/2512/1836 1846/2540/1846
f 1789/2423/1789 2191/3093/2191 1726/2324/1726
f 2192/3094/2192 2193/3095/2193 2194/3096/2194
f 2078/3097/2078 2195/3098/2195 801/879/801
f 1985/3099/1985 2196/3100/2196 2192/3101/2192
f 1986/2730/1986 1985/2729/1985 2192/3094/2192
f 1173/2969/1173 2130/2968/2130 251/263/251
f 2130/2968/2130 2197/3102/2197 2186/3085/2186
f 251/263/251 2130/2968/2130 2186/3085/2186
f 2185/3084/2185 2099/2905/2099 2118/2943/2118
f 1986/2730/1986 2192/3094/2192 2060/2840/2060
f 1985/3099/1985 1997/2748/1997 2196/3100/2196
f 2198/3103/2198 1763/2391/1763 2183/3081/2183
f 2199/3104/2199 2200/3105/2200 2191/3093/2191
f 2154/3019/2154 2183/3081/2183 2144/2999/2144
f 394/410/394 396/412/396 2081/3106/2081
f 2197/3102/2197 2201/3107/2201 2186/3085/2186
f 2186/3085/2186 2201/3107/2201 2184/3083/2184
f 2201/3107/2201 1473/1885/1473 2185/3084/2185
f 2184/3083/2184 2201/3107/2201 2185/3084/2185
f 2021/3092/2021 1552/2000/1552 1831/3108/1831
f 1554/2002/1554 1831/3108/1831 1552/2000/1552
f 172/182/172 1231/1489/1231 2202/3109/2202
f 1826/2497/1826 868/1772/868 788/859/788
f 1410/3110/1410 1409/3111/1409 2203/3112/2203
f 1962/2702/1962 1964/2704/1964 1447/2709/1447
f 1857/2554/1857 2017/2777/2017 1858/2555/1858
f 2185/3084/2185 1473/1885/1473 2099/2905/2099
f 1473/1885/1473 1472/1884/1472 2099/2905/2099
f 2179/3077/2179 176/186/176 1314/1647/1314
f 2179/3077/2179 2180/3078/2180 176/186/176
f 176/186/176 2180/3078/2180 2204/3113/2204
f 396/412/396 2178/3075/2178 2175/3114/2175
f 396/412/396 395/411/395 2178/3075/2178
f 1724/2322/1724 1726/2324/1726 2205/3115/2205
f 175/185/175 493/523/493 224/235/224
f 1450/1848/1450 1915/2632/1915 1916/2634/1916
f 1789/2423/1789 1761/2389/1761 2191/3093/2191
f 2177/3074/2177 92/92/92 91/91/91
f 1172/2967/1172 1756/2377/1756 2130/2968/2130
f 1839/2515/1839 1775/2404/1775 2180/3078/2180
f 1725/2323/1725 1789/2423/1789 1726/2324/1726
f 1997/3088/1997 2189/3090/2189 2196/3116/2196
f 2187/3086/2187 172/182/172 1169/1382/1169
f 175/185/175 2150/3009/2150 1706/2295/1706
f 175/185/175 224/235/224 2150/3009/2150
f 2180/3078/2180 1775/2404/1775 1782/3082/1782
f 1756/2377/1756 1755/2376/1755 2130/2968/2130
f 1755/2376/1755 2197/3102/2197 2130/2968/2130
f 1958/2698/1958 1161/3117/1161 1321/3118/1321
f 2176/3073/2176 1454/3071/1454 90/90/90
f 1641/2160/1641 213/223/213 1328/1689/1328
f 213/223/213 1641/2160/1641 214/224/214
f 2191/3093/2191 2198/3103/2198 2206/3119/2206
f 2199/3104/2199 2191/3093/2191 2206/3119/2206
f 2207/3120/2207 2200/3105/2200 2199/3104/2199
f 224/235/224 226/237/226 2133/2979/2133
f 2208/3121/2208 2207/3120/2207 1806/2466/1806
f 2208/3121/2208 2200/3105/2200 2207/3120/2207
f 840/929/840 2209/3122/2209 1474/1886/1474
f 2069/2851/2069 1731/2330/1731 2046/2817/2046
f 2069/2851/2069 2210/3123/2210 1731/2330/1731
f 1782/3082/1782 1827/2498/1827 1826/2497/1826
f 2197/3102/2197 2211/3124/2211 2201/3107/2201
f 1393/1775/1393 1473/1885/1473 2201/3107/2201
f 2211/3124/2211 1393/1775/1393 2201/3107/2201
f 1493/1909/1493 1905/2621/1905 1408/1796/1408
f 172/182/172 2202/3109/2202 173/183/173
f 1615/2930/1615 1855/2552/1855 1662/3125/1662
f 1390/1769/1390 625/672/625 1372/1744/1372
f 1493/1909/1493 1056/1186/1056 1055/1185/1055
f 2207/3120/2207 1297/1604/1297 1334/1701/1334
f 1333/1700/1333 2207/3120/2207 1334/1701/1334
f 2189/3090/2189 1727/2325/1727 2212/3126/2212
f 1857/2554/1857 1823/2494/1823 1832/2504/1832
f 174/184/174 173/183/173 2213/3127/2213
f 424/441/424 1172/1387/1172 1219/1469/1219
f 2214/3128/2214 2182/3080/2182 2136/2982/2136
f 2215/3129/2215 1807/2467/1807 1332/1699/1332
f 1727/2325/1727 2010/3130/2010 1215/1465/1215
f 1755/2376/1755 1847/2542/1847 2197/3102/2197
f 2197/3102/2197 1847/2542/1847 2211/3124/2211
f 801/879/801 2126/2960/2126 2078/3097/2078
f 173/183/173 1807/2467/1807 2215/3129/2215
f 624/671/624 1371/1743/1371 625/672/625
f 2136/2982/2136 2182/3080/2182 2134/2980/2134
f 1847/2542/1847 1393/1775/1393 2211/3124/2211
f 1956/2695/1956 841/1248/841 1475/2005/1475
f 1727/2325/1727 1215/1465/1215 1728/2326/1728
f 1371/1743/1371 2086/2879/2086 1912/2924/1912
f 2175/3114/2175 2178/3075/2178 91/91/91
f 1806/2466/1806 1333/1700/1333 1332/1699/1332
f 2216/3131/2216 966/1074/966 324/336/324
f 1701/3132/1701 1232/1490/1232 2210/3133/2210
f 2057/3070/2057 2175/3114/2175 91/91/91
f 1584/2063/1584 1092/1239/1092 1896/2612/1896
f 1999/2750/1999 2008/2764/2008 2010/2766/2010
f 868/961/868 2029/3134/2029 1562/2019/1562
f 2213/3127/2213 2215/3129/2215 2217/3135/2217
f 2213/3127/2213 2209/3122/2209 2187/3086/2187
f 1132/1312/1132 143/2124/143 730/1313/730
f 1985/3099/1985 2038/2802/2038 1997/2748/1997
f 2218/3136/2218 1801/2454/1801 2060/2840/2060
f 1126/1564/1126 324/336/324 966/1074/966
f 1743/2361/1743 1766/2394/1766 1491/1907/1491
f 2219/3137/2219 1641/2160/1641 1695/2273/1695
f 1701/2280/1701 2210/3138/2210 2069/2861/2069
f 426/443/426 1701/2280/1701 2069/2861/2069
f 1806/2466/1806 2207/3120/2207 1333/1700/1333
f 255/267/255 2132/2978/2132 417/434/417
f 624/671/624 2092/2892/2092 1371/1743/1371
f 1520/1948/1520 1139/1329/1139 1521/1949/1521
f 2220/3139/2220 2221/3140/2221 2222/3141/2222
f 2119/2944/2119 1278/1571/1278 2223/3142/2223
f 1999/3089/1999 1727/2325/1727 2189/3090/2189
f 426/443/426 2069/2861/2069 427/444/427
f 2224/3143/2224 173/183/173 2202/3109/2202
f 974/1082/974 2188/3087/2188 1496/1912/1496
f 1334/1701/1334 1296/1603/1296 2225/3144/2225
f 2195/3098/2195 2190/3091/2190 2216/3131/2216
f 2177/3074/2177 479/508/479 92/92/92
f 424/2375/424 423/1561/423 1755/2376/1755
f 423/1561/423 1847/2542/1847 1755/2376/1755
f 1731/3145/1731 2210/3133/2210 2221/3140/2221
f 471/495/471 473/497/473 247/861/247
f 2187/3086/2187 2209/3122/2209 2226/3146/2226
f 1857/2554/1857 1824/2495/1824 1823/2494/1823
f 177/187/177 493/523/493 175/185/175
f 1731/3145/1731 2219/3137/2219 1694/2272/1694
f 2227/3147/2227 1516/1944/1516 1383/1933/1383
f 1537/1978/1537 1536/1977/1536 2228/3148/2228
f 2177/3074/2177 1314/1647/1314 479/508/479
f 1210/1453/1210 971/3149/971 1083/3150/1083
f 1278/1571/1278 1370/1742/1370 2223/3142/2223
f 2173/3059/2173 1411/1801/1411 880/973/880
f 2092/2892/2092 2085/2878/2085 1371/1743/1371
f 2229/3151/2229 2224/3143/2224 2202/3109/2202
f 2207/3120/2207 2199/3104/2199 1297/1604/1297
f 2199/3104/2199 1298/1605/1298 1297/1604/1297
f 1423/1818/1423 2230/3152/2230 879/972/879
f 2231/3153/2231 2173/3059/2173 880/973/880
f 1678/2240/1678 2232/3154/2232 2214/3128/2214
f 1715/2309/1715 1762/2390/1762 1761/2389/1761
f 2196/3116/2196 2189/3090/2189 2229/3151/2229
f 1461/1866/1461 1685/2254/1685 1884/2592/1884
f 1083/3150/1083 2233/3155/2233 1210/1453/1210
f 2233/3155/2233 1208/1451/1208 1210/1453/1210
f 1916/2645/1916 1632/2143/1632 1634/2145/1634
f 1496/1912/1496 2230/3152/2230 1423/1818/1423
f 2230/3152/2230 880/973/880 879/972/879
f 1538/1979/1538 2093/2895/2093 2147/3006/2147
f 1810/2474/1810 1834/2506/1834 1032/1159/1032
f 1834/2506/1834 2232/3154/2232 1678/2240/1678
f 1874/2577/1874 438/458/438 1767/3156/1767
f 2219/3137/2219 2220/3139/2220 1641/2160/1641
f 2234/3157/2234 2187/3086/2187 2226/3146/2226
f 2233/3155/2233 1365/1737/1365 1208/1451/1208
f 2230/3152/2230 2231/3153/2231 880/973/880
f 2231/3153/2231 2235/3158/2235 2173/3059/2173
f 2196/3116/2196 2229/3151/2229 2193/3159/2193
f 1314/1647/1314 176/186/176 175/185/175
f 801/879/801 323/335/323 575/616/575
f 1083/3150/1083 1555/3160/1555 2233/3155/2233
f 2233/3155/2233 2236/3161/2236 1365/1737/1365
f 1365/1737/1365 2236/3161/2236 2188/3087/2188
f 2188/3087/2188 2237/3162/2237 1496/1912/1496
f 2237/3162/2237 2238/3163/2238 2230/3152/2230
f 1496/1912/1496 2237/3162/2237 2230/3152/2230
f 2230/3152/2230 2238/3163/2238 2231/3153/2231
f 2238/3163/2238 2239/3164/2239 2231/3153/2231
f 2239/3164/2239 2240/3165/2240 2231/3153/2231
f 2240/3165/2240 2235/3158/2235 2231/3153/2231
f 1641/2160/1641 2222/3141/2222 1642/2161/1642
f 1369/1741/1369 1521/1949/1521 1370/1742/1370
f 2221/3140/2221 2234/3157/2234 2222/3141/2222
f 2218/3136/2218 1701/2280/1701 426/443/426
f 2182/3080/2182 2198/3103/2198 2183/3081/2183
f 1763/2391/1763 1842/2522/1842 2144/2999/2144
f 1555/3160/1555 2241/3166/2241 2233/3155/2233
f 2188/3087/2188 2242/3167/2242 2237/3162/2237
f 2173/3059/2173 2235/3158/2235 2023/2785/2023
f 128/132/128 1739/2355/1739 1311/1643/1311
f 446/1367/446 1526/2609/1526 1893/2608/1893
f 983/3168/983 51/2714/51 1234/1494/1234
f 1169/1382/1169 174/184/174 2187/3086/2187
f 453/3169/453 75/75/75 1892/2870/1892
f 1726/2324/1726 2200/3105/2200 2208/3121/2208
f 2233/3155/2233 2243/3170/2243 2236/3161/2236
f 2236/3161/2236 2243/3170/2243 2188/3087/2188
f 2243/3170/2243 2242/3167/2242 2188/3087/2188
f 1695/2273/1695 1641/2160/1641 1328/1689/1328
f 2217/3135/2217 2225/3144/2225 1474/1886/1474
f 1649/2173/1649 1651/2175/1651 1777/2406/1777
f 1486/1900/1486 1485/1899/1485 2244/3171/2244
f 463/487/463 2067/2937/2067 1143/1337/1143
f 2237/3162/2237 2245/3172/2245 2238/3163/2238
f 2240/3165/2240 2246/3173/2246 2235/3158/2235
f 1411/1801/1411 624/671/624 1412/1802/1412
f 1144/1338/1144 1695/2273/1695 1328/1689/1328
f 1642/2161/1642 2234/3157/2234 1498/1914/1498
f 2217/3135/2217 1474/1886/1474 2209/3122/2209
f 1232/1490/1232 2187/3086/2187 2221/3140/2221
f 1330/1692/1330 1350/2733/1350 2247/3174/2247
f 2218/3136/2218 1231/2281/1231 1701/2280/1701
f 2233/3155/2233 2241/3166/2241 2243/3170/2243
f 2234/3157/2234 2226/3146/2226 1498/1914/1498
f 2226/3146/2226 2209/3122/2209 1498/1914/1498
f 2209/3122/2209 2213/3127/2213 2217/3135/2217
f 2227/3147/2227 2248/3175/2248 1516/1944/1516
f 1516/1944/1516 2248/3175/2248 1555/3160/1555
f 1555/3160/1555 2248/3175/2248 2241/3166/2241
f 2242/3167/2242 2245/3172/2245 2237/3162/2237
f 2238/3163/2238 2245/3172/2245 2239/3164/2239
f 2249/3176/2249 2023/2785/2023 2235/3158/2235
f 1450/2657/1450 1710/2302/1710 62/2301/62
f 2094/2896/2094 2024/2786/2024 2023/2785/2023
f 2118/2943/2118 2168/3047/2168 2185/3084/2185
f 1649/2173/1649 122/2465/122 121/2647/121
f 1998/2749/1998 1997/2748/1997 2038/2802/2038
f 2137/3177/2137 2250/3178/2250 2251/3179/2251
f 1805/2464/1805 1943/3180/1943 1696/2274/1696
f 2193/3159/2193 2202/3109/2202 1231/1489/1231
f 177/187/177 2204/3113/2204 788/859/788
f 2248/3175/2248 2252/3181/2252 2241/3166/2241
f 2241/3166/2241 2253/3182/2253 2243/3170/2243
f 2253/3182/2253 2242/3167/2242 2243/3170/2243
f 2254/3183/2254 2246/3173/2246 2240/3165/2240
f 2179/3077/2179 1314/1647/1314 2177/3074/2177
f 1233/1493/1233 461/485/461 463/487/463
f 1031/1158/1031 1296/1603/1296 1810/2474/1810
f 2063/3184/2063 396/412/396 2175/3114/2175
f 1383/1933/1383 1394/3185/1394 2227/3147/2227
f 2255/3186/2255 2256/3187/2256 2245/3172/2245
f 2245/3172/2245 2256/3187/2256 2239/3164/2239
f 2256/3187/2256 2240/3165/2240 2239/3164/2239
f 2246/3173/2246 2257/3188/2257 2235/3158/2235
f 2257/3188/2257 2249/3176/2249 2235/3158/2235
f 2249/3176/2249 2094/2896/2094 2023/2785/2023
f 1805/2464/1805 1213/1458/1213 2190/3091/2190
f 453/3189/453 1892/2607/1892 1868/2606/1868
f 2232/3154/2232 2206/3119/2206 2182/3080/2182
f 1517/1945/1517 1302/1613/1302 1518/1946/1518
f 2227/3147/2227 2258/3190/2258 2248/3175/2248
f 2248/3175/2248 2259/3191/2259 2252/3181/2252
f 2252/3181/2252 2260/3192/2260 2241/3166/2241
f 2253/3182/2253 2261/3193/2261 2242/3167/2242
f 2242/3167/2242 2262/3194/2262 2245/3172/2245
f 343/1009/343 616/663/616 1104/1261/1104
f 1234/2756/1234 1989/2736/1989 983/2735/983
f 2092/2892/2092 624/671/624 1411/1801/1411
f 2248/3175/2248 2258/3190/2258 2259/3191/2259
f 2259/3191/2259 2260/3192/2260 2252/3181/2252
f 2241/3166/2241 2260/3192/2260 2253/3182/2253
f 2242/3167/2242 2261/3193/2261 2262/3194/2262
f 2262/3195/2262 2263/3196/2263 2245/3197/2245
f 2245/3172/2245 2263/3198/2263 2255/3186/2255
f 2254/3183/2254 2240/3165/2240 2256/3187/2256
f 2254/3183/2254 2257/3188/2257 2246/3173/2246
f 1092/1239/1092 2214/3128/2214 2136/2982/2136
f 1298/1605/1298 2199/3104/2199 2232/3154/2232
f 2199/3104/2199 2206/3119/2206 2232/3154/2232
f 208/218/208 681/732/681 209/219/209
f 2227/3147/2227 2264/3199/2264 2258/3190/2258
f 2263/3198/2263 2265/3200/2265 2255/3186/2255
f 2222/3141/2222 2234/3157/2234 1642/2161/1642
f 1770/2399/1770 1448/2480/1448 64/64/64
f 1944/2676/1944 1943/2675/1943 2078/2868/2078
f 1530/3201/1530 2266/3202/2266 2227/3147/2227
f 2259/3191/2259 2258/3190/2258 2264/3199/2264
f 2267/3203/2267 2255/3186/2255 2265/3200/2265
f 2267/3203/2267 2268/3204/2268 2256/3187/2256
f 2255/3186/2255 2267/3203/2267 2256/3187/2256
f 2268/3204/2268 2269/3205/2269 2254/3183/2254
f 2256/3187/2256 2268/3204/2268 2254/3183/2254
f 2254/3183/2254 2269/3205/2269 2257/3188/2257
f 2257/3188/2257 2270/3206/2270 2249/3176/2249
f 2270/3206/2270 2094/2896/2094 2249/3176/2249
f 1296/1603/1296 1834/2506/1834 1810/2474/1810
f 2225/3144/2225 1296/1603/1296 1549/1994/1549
f 1259/1533/1259 1848/2545/1848 1855/2552/1855
f 592/635/592 456/478/456 626/673/626
f 1938/3207/1938 859/950/859 858/949/858
f 1991/2739/1991 2170/3053/2170 2141/2992/2141
f 973/1081/973 1555/3208/1555 1083/1221/1083
f 1773/3209/1773 2084/2877/2084 1774/2414/1774
f 2094/2896/2094 2271/3210/2271 2093/2895/2093
f 2260/3192/2260 2272/3211/2272 2253/3182/2253
f 2261/3193/2261 2273/3212/2273 2262/3194/2262
f 2269/3205/2269 2274/3213/2274 2257/3188/2257
f 2274/3213/2274 2270/3206/2270 2257/3188/2257
f 2094/2896/2094 2270/3206/2270 2271/3210/2271
f 1521/1949/1521 1983/2727/1983 1370/1742/1370
f 1805/2464/1805 1224/1478/1224 1213/1458/1213
f 1789/2423/1789 1715/2309/1715 1761/2389/1761
f 1474/1886/1474 1549/1994/1549 1542/1987/1542
f 1922/2641/1922 1991/2739/1991 2141/2992/2141
f 1459/1863/1459 813/895/813 632/680/632
f 2204/3113/2204 2180/3078/2180 1826/2497/1826
f 1216/1466/1216 1454/3071/1454 2176/3073/2176
f 2189/3090/2189 2212/3126/2212 2224/3143/2224
f 1715/2309/1715 1216/1466/1216 2176/3073/2176
f 2227/3147/2227 2266/3202/2266 2264/3199/2264
f 2259/3191/2259 2272/3211/2272 2260/3192/2260
f 2272/3211/2272 2275/3214/2275 2253/3182/2253
f 2253/3182/2253 2275/3214/2275 2261/3193/2261
f 2268/3204/2268 2276/3215/2276 2269/3205/2269
f 2276/3215/2276 2277/3216/2277 2269/3205/2269
f 2269/3205/2269 2277/3216/2277 2274/3213/2274
f 1359/1953/1359 463/487/463 1144/1338/1144
f 1234/1494/1234 463/487/463 1359/1953/1359
f 1762/2390/1762 2176/3073/2176 1842/2522/1842
f 1825/2496/1825 2170/3053/2170 1991/2739/1991
f 2183/3081/2183 2154/3019/2154 2134/2980/2134
f 1839/2515/1839 1773/2402/1773 1775/2404/1775
f 2259/3191/2259 2278/3217/2278 2272/3211/2272
f 2263/3198/2263 2262/3194/2262 2265/3200/2265
f 1641/2160/1641 2220/3139/2220 2222/3141/2222
f 2163/3039/2163 2170/3053/2170 1825/2496/1825
f 2163/3039/2163 2044/2810/2044 2170/3053/2170
f 2195/3098/2195 2078/3097/2078 1943/3180/1943
f 569/610/569 568/609/568 1161/1366/1161
f 2278/3217/2278 2279/3218/2279 2272/3211/2272
f 2272/3211/2272 2273/3212/2273 2275/3214/2275
f 2273/3212/2273 2261/3193/2261 2275/3214/2275
f 2273/3212/2273 2280/3219/2280 2262/3194/2262
f 2277/3216/2277 2281/3220/2281 2274/3213/2274
f 2281/3220/2281 2270/3206/2270 2274/3213/2274
f 1549/1994/1549 1296/1603/1296 217/227/217
f 1851/2548/1851 2108/2918/2108 2170/3053/2170
f 2178/3075/2178 2177/3074/2177 91/91/91
f 2219/3137/2219 2221/3140/2221 2220/3139/2220
f 2280/3219/2280 2265/3200/2265 2262/3194/2262
f 2267/3203/2267 2282/3221/2282 2268/3204/2268
f 2268/3204/2268 2282/3221/2282 2276/3215/2276
f 2147/3006/2147 2271/3210/2271 2270/3206/2270
f 2281/3220/2281 2147/3006/2147 2270/3206/2270
f 2067/2849/2067 1730/2329/1730 1694/2328/1694
f 1933/2661/1933 1991/2739/1991 1921/2640/1921
f 801/879/801 2195/3098/2195 802/880/802
f 53/3222/53 1972/2715/1972 51/2714/51
f 1874/2577/1874 1103/3223/1103 478/2578/478
f 2279/3218/2279 2283/3224/2283 2272/3211/2272
f 2283/3224/2283 2284/3225/2284 2272/3211/2272
f 2284/3225/2284 2285/3226/2285 2272/3211/2272
f 2272/3211/2272 2285/3226/2285 2273/3212/2273
f 2285/3226/2285 2280/3219/2280 2273/3212/2273
f 1296/1603/1296 1298/1605/1298 1834/2506/1834
f 1844/2531/1844 2044/2810/2044 2163/3039/2163
f 1922/2641/1922 2141/2992/2141 1650/2174/1650
f 1806/3227/1806 1726/3228/1726 2208/3229/2208
f 437/457/437 1767/3156/1767 438/458/438
f 2264/3199/2264 2286/3230/2286 2259/3191/2259
f 2259/3231/2259 2286/3232/2286 2278/3233/2278
f 2276/3215/2276 2287/3234/2287 2277/3216/2277
f 2277/3216/2277 2287/3234/2287 2281/3220/2281
f 2288/3235/2288 2278/3217/2278 2286/3230/2286
f 2278/3217/2278 2288/3235/2288 2279/3218/2279
f 2285/3226/2285 2289/3236/2289 2280/3219/2280
f 2289/3236/2289 2290/3237/2290 2265/3200/2265
f 2280/3219/2280 2289/3236/2289 2265/3200/2265
f 2290/3237/2290 2267/3203/2267 2265/3200/2265
f 174/184/174 2213/3127/2213 2187/3086/2187
f 1143/1337/1143 1695/2273/1695 1144/1338/1144
f 1530/3201/1530 2291/3238/2291 2266/3202/2266
f 2288/3235/2288 2292/3239/2292 2279/3218/2279
f 2279/3218/2279 2292/3239/2292 2283/3224/2283
f 2284/3225/2284 2289/3236/2289 2285/3226/2285
f 2282/3221/2282 2293/3240/2293 2276/3215/2276
f 2287/3234/2287 2294/3241/2294 2281/3220/2281
f 2195/3098/2195 1943/3180/1943 1805/2464/1805
f 1276/1563/1276 1847/2542/1847 423/1561/423
f 1823/2494/1823 1991/2739/1991 1933/2661/1933
f 2224/3143/2224 1807/2467/1807 173/183/173
f 2204/3113/2204 1826/2497/1826 788/859/788
f 1470/3242/1470 1947/3003/1947 1530/3201/1530
f 1530/3201/1530 1947/3003/1947 2291/3238/2291
f 2295/3243/2295 2267/3203/2267 2290/3237/2290
f 2267/3203/2267 2295/3243/2295 2282/3221/2282
f 2276/3215/2276 2293/3240/2293 2287/3234/2287
f 2228/3148/2228 2147/3006/2147 2281/3220/2281
f 1823/2494/1823 1825/2496/1825 1991/2739/1991
f 2133/2979/2133 2148/3007/2148 2150/3009/2150
f 2131/2970/2131 575/616/575 417/434/417
f 2291/3238/2291 2296/3244/2296 2266/3202/2266
f 2296/3244/2296 2264/3199/2264 2266/3202/2266
f 2292/3239/2292 2297/3245/2297 2283/3224/2283
f 2284/3225/2284 2297/3245/2297 2289/3236/2289
f 2287/3234/2287 2298/3246/2298 2294/3241/2294
f 2228/3148/2228 2281/3220/2281 2294/3241/2294
f 2229/3151/2229 2189/3090/2189 2224/3143/2224
f 2216/3131/2216 2190/3091/2190 966/1074/966
f 1836/2512/1836 1634/2145/1634 1633/2144/1633
f 1470/3242/1470 1494/3247/1494 1947/3003/1947
f 2264/3199/2264 2296/3244/2296 2286/3230/2286
f 2283/3224/2283 2297/3245/2297 2284/3225/2284
f 2297/3245/2297 2299/3248/2299 2289/3236/2289
f 2293/3240/2293 2300/3249/2300 2287/3234/2287
f 2300/3249/2300 2298/3246/2298 2287/3234/2287
f 2298/3246/2298 2228/3148/2228 2294/3241/2294
f 2083/2876/2083 2084/2877/2084 1773/3209/1773
f 2217/3135/2217 2215/3129/2215 2225/3144/2225
f 2200/3105/2200 1726/2324/1726 2191/3093/2191
f 2282/3221/2282 2301/3250/2301 2293/3240/2293
f 1280/1574/1280 1071/1205/1071 1976/2720/1976
f 1976/2720/1976 1071/1205/1071 2037/2801/2037
f 2195/3098/2195 1805/2464/1805 2190/3091/2190
f 2083/3251/2083 1773/2402/1773 394/410/394
f 176/186/176 2204/3113/2204 177/187/177
f 2296/3244/2296 2302/3252/2302 2286/3230/2286
f 2286/3253/2286 2302/3254/2302 2288/3255/2288
f 2292/3239/2292 2303/3256/2303 2297/3245/2297
f 2299/3248/2299 2304/3257/2304 2289/3236/2289
f 2289/3236/2289 2304/3257/2304 2290/3237/2290
f 2295/3243/2295 2301/3250/2301 2282/3221/2282
f 2293/3240/2293 2305/3258/2305 2300/3249/2300
f 1133/1952/1133 1444/3259/1444 1241/1503/1241
f 2034/2797/2034 1537/1978/1537 2228/3148/2228
f 2081/2874/2081 2083/2876/2083 394/3260/394
f 1519/1947/1519 1518/1946/1518 2306/3261/2306
f 2221/3140/2221 2187/3086/2187 2234/3157/2234
f 2302/3254/2302 2307/3262/2307 2288/3255/2288
f 2307/3263/2307 2303/3256/2303 2292/3239/2292
f 2288/3235/2288 2307/3263/2307 2292/3239/2292
f 2303/3256/2303 2308/3264/2308 2297/3245/2297
f 2304/3257/2304 2309/3265/2309 2290/3237/2290
f 2309/3265/2309 2295/3243/2295 2290/3237/2290
f 2108/2918/2108 2141/2992/2141 2170/3053/2170
f 51/2714/51 1233/1493/1233 1234/1494/1234
f 1678/2240/1678 2214/3128/2214 1092/1239/1092
f 2297/3245/2297 2310/3266/2310 2299/3248/2299
f 2301/3250/2301 2305/3258/2305 2293/3240/2293
f 206/216/206 2228/3148/2228 2298/3246/2298
f 206/216/206 2034/2797/2034 2228/3148/2228
f 1826/2497/1826 1828/2499/1828 868/1772/868
f 437/2396/437 1855/2552/1855 1848/2545/1848
f 2308/3264/2308 2311/3267/2311 2297/3245/2297
f 2297/3245/2297 2311/3267/2311 2310/3266/2310
f 2299/3248/2299 2312/3268/2312 2304/3257/2304
f 2305/3258/2305 2313/3269/2313 2300/3249/2300
f 2313/3269/2313 2298/3246/2298 2300/3249/2300
f 1731/3145/1731 2221/3140/2221 2219/3137/2219
f 1832/2504/1832 1905/2621/1905 1857/2554/1857
f 1985/3099/1985 1984/2825/1984 2038/2802/2038
f 2195/3098/2195 2216/3131/2216 802/880/802
f 2183/3081/2183 1763/2391/1763 2144/2999/2144
f 75/75/75 452/3270/452 76/76/76
f 2144/2999/2144 1842/2522/1842 2145/3000/2145
f 2312/3268/2312 2309/3265/2309 2304/3257/2304
f 2309/3265/2309 2314/3271/2314 2301/3250/2301
f 2295/3243/2295 2309/3265/2309 2301/3250/2301
f 2314/3271/2314 2315/3272/2315 2305/3258/2305
f 2301/3250/2301 2314/3271/2314 2305/3258/2305
f 2021/3092/2021 1966/2706/1966 1262/1537/1262
f 452/3270/452 451/3273/451 76/76/76
f 1761/2389/1761 2198/3103/2198 2191/3093/2191
f 1947/3003/1947 2146/3002/2146 2291/3238/2291
f 2291/3238/2291 2146/3002/2146 2296/3244/2296
f 2299/3248/2299 2310/3266/2310 2312/3268/2312
f 2315/3272/2315 2316/3274/2316 2305/3258/2305
f 2305/3258/2305 2316/3274/2316 2313/3269/2313
f 2313/3269/2313 2317/3275/2317 2298/3246/2298
f 2298/3246/2298 2317/3275/2317 206/216/206
f 2060/2840/2060 2194/3096/2194 2218/3136/2218
f 1332/1699/1332 1334/1701/1334 2225/3144/2225
f 2210/3133/2210 1232/1490/1232 2221/3140/2221
f 2147/3006/2147 2228/3148/2228 1536/1977/1536
f 2308/3264/2308 2318/3276/2318 2311/3267/2311
f 2312/3268/2312 2319/3277/2319 2309/3265/2309
f 2316/3274/2316 2317/3275/2317 2313/3269/2313
f 2198/3103/2198 1761/2389/1761 1763/2391/1763
f 1245/1508/1245 1329/1690/1329 1246/1509/1246
f 1965/2705/1965 52/3278/52 983/2735/983
f 1965/2705/1965 1937/2666/1937 52/3278/52
f 510/540/510 1972/2715/1972 1409/1797/1409
f 233/1526/233 1284/1581/1284 1258/1527/1258
f 1407/1795/1407 1406/1794/1406 1933/2661/1933
f 2310/3266/2310 2319/3277/2319 2312/3268/2312
f 2314/3271/2314 2320/3279/2320 2315/3272/2315
f 1354/3280/1354 2321/3281/2321 1708/3282/1708
f 1806/2466/1806 2205/3115/2205 1726/2324/1726
f 1555/3160/1555 1509/1934/1509 1516/1944/1516
f 1332/1699/1332 2225/3144/2225 2215/3129/2215
f 494/524/494 245/257/245 597/641/597
f 2322/3283/2322 1519/3284/1519 2306/3285/2306
f 1938/2668/1938 1523/2665/1523 1936/2664/1936
f 1434/1829/1434 1433/1828/1433 404/3286/404
f 404/3286/404 2323/3287/2323 1434/1829/1434
f 1474/1886/1474 2225/3144/2225 1549/1994/1549
f 2146/3002/2146 2026/2789/2026 2296/3244/2296
f 2296/3244/2296 2324/3288/2324 2302/3252/2302
f 2325/3289/2325 2307/3262/2307 2302/3254/2302
f 2324/3288/2324 2325/3290/2325 2302/3252/2302
f 2325/3290/2325 2303/3256/2303 2307/3263/2307
f 2303/3256/2303 2318/3276/2318 2308/3264/2308
f 2311/3267/2311 2319/3277/2319 2310/3266/2310
f 2319/3277/2319 2326/3291/2326 2309/3265/2309
f 2317/3275/2317 204/214/204 206/216/206
f 994/1109/994 993/1108/993 769/838/769
f 1868/2566/1868 462/486/462 453/475/453
f 1095/1245/1095 1768/3292/1768 1147/1342/1147
f 1650/2174/1650 1649/2173/1649 1920/2639/1920
f 1715/2309/1715 2176/3073/2176 1762/2390/1762
f 1054/1184/1054 1976/2720/1976 2037/2801/2037
f 2321/3293/2321 2327/3294/2327 1277/3295/1277
f 2133/2979/2133 2132/2978/2132 2139/2990/2139
f 2296/3244/2296 2026/2789/2026 2324/3288/2324
f 2326/3291/2326 2320/3279/2320 2314/3271/2314
f 2309/3265/2309 2326/3291/2326 2314/3271/2314
f 2320/3279/2320 2328/3296/2328 2315/3272/2315
f 2315/3272/2315 2328/3296/2328 2316/3274/2316
f 2316/3274/2316 2329/3297/2329 2317/3275/2317
f 1873/2576/1873 478/2578/478 1880/2587/1880
f 2212/3126/2212 2205/3115/2205 2224/3143/2224
f 1268/1549/1268 1696/2274/1696 1582/3298/1582
f 1801/2454/1801 2218/3136/2218 426/443/426
f 2330/3299/2330 1410/3110/1410 2203/3112/2203
f 1410/1798/1410 2330/3300/2330 451/473/451
f 2327/3294/2327 1278/3301/1278 1277/3295/1277
f 1433/3302/1433 405/3303/405 404/3304/404
f 1434/1829/1434 2323/3287/2323 614/661/614
f 1999/2750/1999 1998/2749/1998 2008/2764/2008
f 1227/1481/1227 962/1070/962 1520/2460/1520
f 2331/3305/2331 2303/3256/2303 2325/3290/2325
f 2331/3305/2331 2318/3276/2318 2303/3256/2303
f 2311/3267/2311 2318/3276/2318 2319/3277/2319
f 2318/3276/2318 2332/3306/2332 2319/3277/2319
f 2319/3277/2319 2332/3306/2332 2326/3291/2326
f 2329/3297/2329 204/214/204 2317/3275/2317
f 2205/3115/2205 1806/2466/1806 2224/3143/2224
f 1728/2326/1728 1217/1467/1217 1715/2309/1715
f 1493/1909/1493 1055/1185/1055 1905/2621/1905
f 614/661/614 2323/3287/2323 1962/2763/1962
f 1215/1465/1215 1217/1467/1217 1728/2326/1728
f 74/74/74 1754/2374/1754 75/75/75
f 2333/3307/2333 1237/1641/1237 1366/1738/1366
f 2092/2892/2092 2173/3059/2173 2031/2794/2031
f 1874/2577/1874 1767/3156/1767 1103/3223/1103
f 2326/3291/2326 2334/3308/2334 2320/3279/2320
f 2320/3279/2320 2334/3308/2334 2328/3296/2328
f 2206/3119/2206 2198/3103/2198 2182/3080/2182
f 1694/2272/1694 2219/3137/2219 1695/2273/1695
f 2232/3154/2232 2182/3080/2182 2214/3128/2214
f 436/456/436 1855/3309/1855 437/457/437
f 2335/3310/2335 2336/3311/2336 2337/3312/2337
f 1963/2703/1963 2323/3313/2323 404/3314/404
f 2146/3002/2146 1966/2788/1966 2026/2789/2026
f 2331/3305/2331 2338/3315/2338 2318/3276/2318
f 2338/3315/2338 2332/3306/2332 2318/3276/2318
f 2326/3291/2326 2339/3316/2339 2334/3308/2334
f 2340/3317/2340 204/214/204 2329/3297/2329
f 2192/3094/2192 2194/3096/2194 2060/2840/2060
f 75/75/75 1754/2374/1754 1753/2373/1753
f 1727/2325/1727 2205/3115/2205 2212/3126/2212
f 680/731/680 633/681/633 635/683/635
f 2341/3318/2341 1963/3319/1963 404/420/404
f 1963/2703/1963 1962/2702/1962 2323/3313/2323
f 1329/3320/1329 1245/1996/1245 1962/2763/1962
f 2332/3306/2332 2339/3316/2339 2326/3291/2326
f 2340/3317/2340 2244/3171/2244 204/214/204
f 2244/3171/2244 1485/1899/1485 204/214/204
f 2194/3096/2194 2193/3095/2193 1231/2281/1231
f 394/410/394 1839/2515/1839 395/411/395
f 221/232/221 1774/2414/1774 2084/2877/2084
f 2194/3096/2194 1231/2281/1231 2218/3136/2218
f 2342/3321/2342 2343/3322/2343 278/290/278
f 1872/2573/1872 2338/3315/2338 2331/3305/2331
f 2334/3308/2334 2344/3323/2344 2328/3296/2328
f 2316/3274/2316 2340/3317/2340 2329/3297/2329
f 2229/3151/2229 2202/3109/2202 2193/3159/2193
f 1727/2325/1727 1724/2322/1724 2205/3115/2205
f 1298/1605/1298 2232/3154/2232 1834/2506/1834
f 1642/2161/1642 1498/1914/1498 1497/1913/1497
f 1469/1881/1469 892/985/892 1262/1537/1262
f 1727/2325/1727 1729/2327/1729 1724/2322/1724
f 2345/3324/2345 2325/3290/2325 2324/3288/2324
f 2345/3324/2345 2331/3305/2331 2325/3290/2325
f 2332/3306/2332 2346/3325/2346 2339/3316/2339
f 2346/3325/2346 2334/3308/2334 2339/3316/2339
f 2328/3296/2328 2344/3323/2344 2316/3274/2316
f 2316/3274/2316 2344/3323/2344 2340/3317/2340
f 2127/2961/2127 860/951/860 1399/1782/1399
f 1798/3326/1798 577/3327/577 2347/3328/2347
f 1458/2541/1458 1393/1775/1393 1847/2542/1847
f 1458/2541/1458 1391/1773/1391 1393/1775/1393
f 1814/3329/1814 1829/3330/1829 1752/3331/1752
f 236/248/236 403/419/403 631/843/631
f 2341/3318/2341 404/420/404 403/419/403
f 2026/2789/2026 2127/2961/2127 2324/3288/2324
f 2345/3324/2345 1872/2573/1872 2331/3305/2331
f 2346/3325/2346 2332/3306/2332 2338/3315/2338
f 2045/2816/2045 2069/2851/2069 2046/2817/2046
f 173/183/173 2215/3129/2215 2213/3127/2213
f 1103/3332/1103 1767/2395/1767 1104/3333/1104
f 452/3270/452 75/75/75 453/3169/453
f 1481/1895/1481 1483/1897/1483 1587/2071/1587
f 1964/2704/1964 1963/2703/1963 2341/3334/2341
f 1523/1957/1523 1938/3207/1938 858/949/858
f 2026/2789/2026 2022/2784/2022 2127/2961/2127
f 1399/1782/1399 2324/3288/2324 2127/2961/2127
f 1399/1782/1399 2345/3324/2345 2324/3288/2324
f 2346/3325/2346 2348/3335/2348 2334/3308/2334
f 2349/3336/2349 2344/3323/2344 2334/3308/2334
f 2348/3335/2348 2349/3336/2349 2334/3308/2334
f 2349/3336/2349 2350/3337/2350 2344/3323/2344
f 2350/3337/2350 2340/3317/2340 2344/3323/2344
f 2340/3317/2340 2350/3337/2350 2244/3171/2244
f 1724/2322/1724 1729/2327/1729 1725/2323/1725
f 2192/3094/2192 2196/3338/2196 2193/3095/2193
f 2343/3322/2343 1481/1895/1481 1587/2071/1587
f 1587/2071/1587 278/290/278 2343/3322/2343
f 1678/2240/1678 1070/1204/1070 1032/1159/1032
f 2021/2783/2021 2022/2784/2022 2026/2789/2026
f 1872/2573/1872 2346/3325/2346 2338/3315/2338
f 554/591/554 509/539/509 16/16/16
f 2271/3210/2271 2147/3006/2147 2093/2895/2093
f 1769/2398/1769 1054/1184/1054 1056/1186/1056
f 152/2567/152 1869/2569/1869 1609/2575/1609
f 224/235/224 2133/2979/2133 2150/3009/2150
f 1399/1782/1399 1185/1784/1185 2345/3324/2345
f 1184/2571/1184 1872/2573/1872 2345/3324/2345
f 1871/2572/1871 2346/3325/2346 1872/2573/1872
f 1871/2648/1871 1906/2622/1906 2346/3339/2346
f 1838/2514/1838 2346/3339/2346 1906/2622/1906
f 1838/3340/1838 2348/3335/2348 2346/3325/2346
f 479/508/479 480/509/480 2138/2988/2138
f 1769/2398/1769 1976/2720/1976 1054/1184/1054
f 1651/2175/1651 1650/2174/1650 2110/2920/2110
f 1621/2127/1621 403/419/403 236/248/236
f 1621/2127/1621 2341/3318/2341 403/419/403
f 2351/3341/2351 1491/1907/1491 1766/2394/1766
f 2352/3342/2352 1687/2257/1687 1733/2335/1733
f 1185/1784/1185 1184/2571/1184 2345/3324/2345
f 86/86/86 85/85/85 1788/3016/1788
f 1234/2756/1234 1359/2757/1359 1978/2722/1978
f 1838/3340/1838 1837/3343/1837 2348/3335/2348
f 1837/3343/1837 2349/3336/2349 2348/3335/2348
f 2350/3337/2350 1633/3344/1633 2244/3171/2244
f 1633/3344/1633 1486/1900/1486 2244/3171/2244
f 1321/3118/1321 1977/2721/1977 1958/2698/1958
f 90/90/90 2138/2988/2138 2145/3000/2145
f 90/90/90 92/92/92 2138/2988/2138
f 1238/1500/1238 588/630/588 818/901/818
f 1998/2749/1998 2038/2802/2038 2014/2774/2014
f 1302/1613/1302 2040/2804/2040 1518/1946/1518
f 237/249/237 631/843/631 1006/1128/1006
f 237/249/237 236/248/236 631/843/631
f 235/247/235 1621/2127/1621 236/248/236
f 1270/1551/1270 2341/3318/2341 1621/2127/1621
f 1270/3345/1270 1269/2058/1269 1964/2704/1964
f 2341/3318/2341 1270/1551/1270 1964/3346/1964
f 2011/3347/2011 1215/1465/1215 2010/3130/2010
f 2224/3143/2224 1806/2466/1806 1807/2467/1807
f 1846/3348/1846 2349/3336/2349 1837/3343/1837
f 324/336/324 802/880/802 2216/3131/2216
f 92/92/92 479/508/479 2138/2988/2138
f 1498/1914/1498 2209/3122/2209 840/929/840
f 1840/2516/1840 1533/3349/1533 1809/3350/1809
f 2174/3351/2174 2119/3352/2119 2223/3353/2223
f 1406/1794/1406 1832/2504/1832 1823/2494/1823
f 801/879/801 2125/2957/2125 2126/2960/2126
f 1846/3348/1846 2350/3337/2350 2349/3336/2349
f 2350/3337/2350 1846/3348/1846 1633/3344/1633
f 1633/3344/1633 1632/3354/1632 1486/1900/1486
f 1999/3089/1999 2010/3130/2010 1727/2325/1727
f 64/64/64 1976/2720/1976 1769/2398/1769
f 2353/3355/2353 2354/3356/2354 2355/3357/2355
f 2354/3356/2354 2356/3358/2356 2355/3357/2355
f 2357/3359/2357 2358/3360/2358 2356/3358/2356
f 2354/3356/2354 2357/3359/2357 2356/3358/2356
f 2165/3041/2165 1136/1322/1136 2359/3361/2359
f 2360/3362/2360 2361/3363/2361 2336/3311/2336
f 2362/3364/2362 990/1102/990 2363/3365/2363
f 2364/3366/2364 2365/3367/2365 2366/3368/2366
f 268/280/268 2367/3369/2367 269/281/269
f 2368/3370/2368 2369/3371/2369 2370/3372/2370
f 2361/3363/2361 2371/3373/2371 2372/3374/2372
f 2367/3369/2367 2373/3375/2373 507/537/507
f 2250/3178/2250 2372/3374/2372 2368/3370/2368
f 2374/3376/2374 2000/2751/2000 1369/1741/1369
f 2375/3377/2375 1301/1612/1301 1300/1611/1300
f 2322/3283/2322 2376/3378/2376 1519/3284/1519
f 2364/3366/2364 2377/3379/2377 2365/3367/2365
f 2378/3380/2378 2355/3357/2355 2356/3358/2356
f 1495/3381/1495 2379/3382/2379 2380/3383/2380
f 2365/3367/2365 2377/3379/2377 2366/3368/2366
f 744/807/744 1880/2587/1880 477/808/477
f 2377/3379/2377 2381/3384/2381 2366/3368/2366
f 2353/3355/2353 2355/3357/2355 2382/3385/2382
f 1802/2456/1802 287/299/287 2162/3037/2162
f 477/506/477 28/28/28 743/1037/743
f 1684/2427/1684 1792/2426/1792 2383/3386/2383
f 365/380/365 1446/1842/1446 464/488/464
f 1380/1756/1380 1241/1503/1241 1444/3259/1444
f 1019/1146/1019 2333/3307/2333 2373/3375/2373
f 569/610/569 1893/2608/1893 27/27/27
f 2362/3364/2362 2363/3365/2363 2374/3376/2374
f 1160/1365/1160 446/1367/446 1893/2608/1893
f 569/610/569 1160/1365/1160 1893/2608/1893
f 1534/3387/1534 1533/3349/1533 2384/3388/2384
f 2385/3389/2385 1218/1468/1218 1219/1469/1219
f 2385/3389/2385 1898/2614/1898 1218/1468/1218
f 1898/2614/1898 2377/3379/2377 2364/3366/2364
f 1551/1998/1551 1008/1145/1008 1020/1147/1020
f 1767/2395/1767 344/1614/344 1104/3333/1104
f 1495/3381/1495 949/1055/949 2379/3382/2379
f 2381/3384/2381 2354/3356/2354 2353/3355/2353
f 424/441/424 1218/1468/1218 425/442/425
f 2386/3390/2386 2387/3391/2387 1517/1945/1517
f 2378/3392/2378 2356/3393/2356 2388/3394/2388
f 2105/3395/2105 2335/3310/2335 2337/3312/2337
f 2360/3362/2360 2371/3373/2371 2361/3363/2361
f 2355/3357/2355 2389/3396/2389 2382/3385/2382
f 949/3397/949 1299/1606/1299 950/1665/950
f 2355/3357/2355 2378/3380/2378 2389/3396/2389
f 2380/3383/2380 2379/3382/2379 2358/3360/2358
f 2368/3398/2368 2370/3399/2370 2251/3400/2251
f 1987/2732/1987 2390/3401/2390 2391/3402/2391
f 390/3403/390 2392/3404/2392 1682/3405/1682
f 1218/1468/1218 1900/2616/1900 2103/3406/2103
f 2359/3361/2359 1136/1322/1136 1230/1487/1230
f 989/2202/989 535/568/535 536/569/536
f 137/2059/137 1330/1692/1330 160/3407/160
f 324/3408/324 1126/1303/1126 325/947/325
f 1282/1576/1282 843/3409/843 845/1117/845
f 418/435/418 256/268/256 255/267/255
f 1330/1692/1330 2247/3174/2247 1197/3410/1197
f 2393/3411/2393 2357/3359/2357 2354/3356/2354
f 2393/3411/2393 1463/3412/1463 2357/3359/2357
f 2357/3359/2357 1463/3412/1463 2165/3413/2165
f 2394/3414/2394 2165/3413/2165 2359/3415/2359
f 2357/3359/2357 2165/3413/2165 2394/3414/2394
f 2370/3372/2370 1950/2684/1950 2251/3179/2251
f 949/1055/949 948/1054/948 2379/3382/2379
f 2366/3368/2366 2381/3384/2381 2353/3355/2353
f 2335/3310/2335 2395/3416/2395 2336/3311/2336
f 2396/3417/2396 77/3418/77 1197/3410/1197
f 2397/3419/2397 2385/3389/2385 1219/1469/1219
f 2385/3389/2385 2398/3420/2398 1898/2614/1898
f 2398/3420/2398 2377/3379/2377 1898/2614/1898
f 2389/3421/2389 2378/3422/2378 2399/3423/2399
f 2398/3420/2398 2400/3424/2400 2377/3379/2377
f 2400/3424/2400 2381/3384/2381 2377/3379/2377
f 2104/3425/2104 1900/2616/1900 1899/2615/1899
f 1330/1692/1330 1197/3410/1197 160/3407/160
f 2247/3174/2247 2396/3417/2396 1197/3410/1197
f 77/77/77 2396/3426/2396 2401/3427/2401
f 1465/1874/1465 2354/3356/2354 2381/3384/2381
f 1465/1874/1465 2393/3411/2393 2354/3356/2354
f 1218/1468/1218 2103/3406/2103 712/763/712
f 1240/1502/1240 1237/1641/1237 2333/3307/2333
f 2123/3428/2123 2169/3429/2169 2402/3430/2402
f 2006/2761/2006 2137/2983/2137 2251/3431/2251
f 1019/1146/1019 1240/1502/1240 2333/3307/2333
f 949/3397/949 1495/1911/1495 1306/1623/1306
f 2107/2917/2107 1300/1611/1300 2386/3390/2386
f 2247/3174/2247 1350/2733/1350 2396/3417/2396
f 1666/2212/1666 1346/1717/1346 2403/3432/2403
f 2005/3433/2005 2336/3311/2336 2137/3177/2137
f 2004/2759/2004 1903/3434/1903 2005/2760/2005
f 2404/3435/2404 1903/3434/1903 2004/2759/2004
f 1533/3349/1533 1901/2617/1901 2384/3388/2384
f 2061/3436/2061 284/296/284 2047/2893/2047
f 1350/2733/1350 1987/2732/1987 2396/3417/2396
f 2396/3417/2396 1987/2732/1987 2391/3402/2391
f 2391/3402/2391 2405/3437/2405 2396/3417/2396
f 2396/3417/2396 2405/3437/2405 2401/3438/2401
f 2359/3415/2359 2380/3383/2380 2394/3414/2394
f 1901/2617/1901 2404/3439/2404 2384/3388/2384
f 2107/2917/2107 2386/3390/2386 2106/2915/2106
f 2406/3440/2406 1902/2618/1902 2407/3441/2407
f 2405/3437/2405 2408/3442/2408 2401/3438/2401
f 2401/3438/2401 2408/3442/2408 2403/3443/2403
f 1464/1872/1464 2381/3384/2381 2400/3424/2400
f 1464/1872/1464 1465/1874/1465 2381/3384/2381
f 1140/1330/1140 1139/1329/1139 1147/2018/1147
f 2106/2915/2106 2386/3390/2386 2409/3444/2409
f 2106/2915/2106 2409/3444/2409 1534/3387/1534
f 2251/3179/2251 2375/3377/2375 2107/2917/2107
f 1384/1763/1384 2407/3441/2407 1471/1883/1471
f 2407/3441/2407 1840/2516/1840 1471/1883/1471
f 2408/3442/2408 2410/3445/2410 2403/3443/2403
f 2403/3443/2403 2410/3445/2410 1666/3446/1666
f 1900/2616/1900 2104/3425/2104 2103/3406/2103
f 35/35/35 1257/1524/1257 33/33/33
f 2409/3444/2409 1517/1945/1517 2411/3447/2411
f 1798/3326/1798 2412/3448/2412 1813/3449/1813
f 2410/3445/2410 2413/3450/2413 1666/3446/1666
f 2103/3406/2103 2337/3312/2337 1902/2618/1902
f 2373/3375/2373 2333/3307/2333 1368/1740/1368
f 2333/3307/2333 1366/1738/1366 1368/1740/1368
f 2409/3444/2409 2386/3390/2386 1517/1945/1517
f 2376/3378/2376 1532/3451/1532 2411/3452/2411
f 988/1499/988 1239/1501/1239 989/2202/989
f 2405/3437/2405 2414/3453/2414 2408/3442/2408
f 2408/3442/2408 2414/3453/2414 2410/3445/2410
f 2415/3454/2415 333/345/333 332/344/332
f 2386/3390/2386 1300/1611/1300 2387/3391/2387
f 1950/2684/1950 1353/1725/1353 2375/3377/2375
f 1845/3455/1845 2413/3450/2413 2410/3445/2410
f 1758/2379/1758 1765/2393/1765 1845/3456/1845
f 2337/3312/2337 2103/3406/2103 2105/3395/2105
f 1570/2033/1570 816/2163/816 1265/2482/1265
f 1520/2460/1520 2000/3457/2000 1227/1481/1227
f 2391/3402/2391 2390/3401/2390 2405/3437/2405
f 576/617/576 323/335/323 325/337/325
f 2373/3375/2373 1368/1740/1368 2416/3458/2416
f 1305/1622/1305 1219/1469/1219 1172/1387/1172
f 760/2046/760 1577/2045/1577 694/784/694
f 728/783/728 760/2046/760 694/784/694
f 113/3459/113 1548/3460/1548 25/3461/25
f 1758/2379/1758 1766/2394/1766 1747/2367/1747
f 1548/1993/1548 80/80/80 25/25/25
f 1809/3350/1809 893/986/893 2417/3462/2417
f 2363/3365/2363 536/3463/536 1225/3464/1225
f 1301/1612/1301 1353/1725/1353 1707/2297/1707
f 2390/3401/2390 2418/3465/2418 2405/3437/2405
f 2418/3465/2418 2414/3453/2414 2405/3437/2405
f 2414/3453/2414 2419/3466/2419 2410/3445/2410
f 2420/3467/2420 1845/3455/1845 2410/3445/2410
f 2420/3468/2420 1758/2379/1758 1845/3456/1845
f 2399/3469/2399 2421/3470/2421 1948/2682/1948
f 1305/1622/1305 2397/3419/2397 1219/1469/1219
f 2421/3470/2421 1949/2683/1949 1948/2682/1948
f 1746/2366/1746 1780/2409/1780 1790/2424/1790
f 1440/1835/1440 1413/1804/1413 184/1793/184
f 1445/1841/1445 365/380/365 367/382/367
f 893/3471/893 2376/3378/2376 2322/3283/2322
f 332/344/332 334/346/334 1353/1725/1353
f 2410/3445/2410 2419/3466/2419 2420/3467/2420
f 2373/3375/2373 2416/3458/2416 507/537/507
f 984/1105/984 356/371/356 267/370/267
f 1014/1362/1014 263/275/263 230/242/230
f 1480/1892/1480 1014/3472/1014 230/3473/230
f 2411/3447/2411 1517/1945/1517 1519/1947/1519
f 2376/3378/2376 2411/3452/2411 1519/3284/1519
f 2422/3474/2422 2370/3372/2370 2369/3371/2369
f 1301/1612/1301 1707/2297/1707 1302/1613/1302
f 2417/3462/2417 893/986/893 892/985/892
f 1822/3475/1822 2390/3401/2390 1942/2731/1942
f 1480/1892/1480 1015/1161/1015 1014/3472/1014
f 795/869/795 1666/2212/1666 2413/3476/2413
f 2403/3432/2403 1346/1717/1346 2401/3427/2401
f 893/986/893 1809/3350/1809 2376/3477/2376
f 2417/3462/2417 892/985/892 1469/1881/1469
f 2423/3478/2423 2414/3453/2414 2418/3465/2418
f 2423/3478/2423 2419/3466/2419 2414/3453/2414
f 2420/3468/2420 1766/2394/1766 1758/2379/1758
f 1346/1717/1346 77/77/77 2401/3427/2401
f 2424/3479/2424 2400/3424/2400 2398/3420/2398
f 2424/3479/2424 1499/2347/1499 2400/3424/2400
f 2395/3416/2395 2360/3362/2360 2336/3311/2336
f 1463/3042/1463 1076/1323/1076 1136/1322/1136
f 1684/3480/1684 1349/1720/1349 1348/1719/1348
f 1546/1991/1546 1829/2500/1829 1547/1992/1547
f 2419/3466/2419 2351/3481/2351 2420/3467/2420
f 2420/3468/2420 2351/3341/2351 1766/2394/1766
f 245/257/245 648/696/648 246/258/246
f 334/346/334 2425/3482/2425 1354/1726/1354
f 2375/3377/2375 1300/1611/1300 2107/2917/2107
f 1499/2347/1499 1464/1872/1464 2400/3424/2400
f 295/307/295 947/1053/947 649/697/649
f 1009/3483/1009 1271/1553/1271 114/115/114
f 283/295/283 282/294/282 1009/3484/1009
f 1271/3485/1271 2426/3486/2426 1489/3487/1489
f 1548/3488/1548 1829/3489/1829 1546/3490/1546
f 1353/1725/1353 1354/1726/1354 1707/2297/1707
f 989/1101/989 536/3463/536 2363/3365/2363
f 2162/3491/2162 2418/3465/2418 2390/3401/2390
f 2162/3491/2162 2423/3478/2423 2418/3465/2418
f 2061/2841/2061 2427/3492/2427 284/3493/284
f 2425/3482/2425 2327/3494/2327 1354/1726/1354
f 1109/2112/1109 1645/2168/1645 1281/2110/1281
f 282/3495/282 2426/3486/2426 1009/1134/1009
f 113/114/113 1489/1905/1489 1548/1993/1548
f 1950/2684/1950 332/344/332 1353/1725/1353
f 2162/3491/2162 2390/3401/2390 1822/3475/1822
f 990/1102/990 989/1101/989 2363/3365/2363
f 1436/1873/1436 2393/3411/2393 1465/1874/1465
f 1436/1873/1436 1463/3412/1463 2393/3411/2393
f 1489/1905/1489 2428/3496/2428 1548/1993/1548
f 2428/3496/2428 1829/2500/1829 1548/1993/1548
f 1226/1480/1226 1225/1479/1225 169/179/169
f 1291/1593/1291 2423/3478/2423 2162/3491/2162
f 2419/3497/2419 1843/2527/1843 2351/3341/2351
f 1843/2527/1843 1491/1907/1491 2351/3341/2351
f 2379/3382/2379 2362/3364/2362 2358/3360/2358
f 2372/3374/2372 2371/3373/2371 2369/3371/2369
f 1436/1873/1436 1464/1872/1464 1437/2348/1437
f 284/296/284 2429/3498/2429 282/294/282
f 2430/3499/2430 2431/3500/2431 282/3495/282
f 282/3501/282 2431/3502/2431 2426/3503/2426
f 1235/1495/1235 495/525/495 1562/2019/1562
f 1732/2333/1732 1608/2290/1608 1607/3504/1607
f 1802/3505/1802 2162/3506/2162 1822/3507/1822
f 2432/3508/2432 2419/3466/2419 2423/3478/2423
f 2419/3466/2419 2432/3508/2432 1843/3509/1843
f 2362/3364/2362 2374/3376/2374 2358/3360/2358
f 2421/3470/2421 2378/3380/2378 2388/3510/2388
f 2336/3311/2336 2361/3363/2361 2137/3177/2137
f 2427/3492/2427 2429/3511/2429 284/3493/284
f 2429/3511/2429 2430/3499/2430 282/3495/282
f 2367/3369/2367 507/537/507 269/281/269
f 1133/1314/1133 2407/3441/2407 1444/1840/1444
f 1869/2569/1869 1662/2568/1662 436/456/436
f 2432/3508/2432 2423/3478/2423 1291/1593/1291
f 2250/3178/2250 2368/3370/2368 2251/3179/2251
f 2433/3512/2433 2389/3396/2389 2399/3469/2399
f 2431/3502/2431 2434/3513/2434 2426/3503/2426
f 2337/3312/2337 2336/3311/2336 1903/2619/1903
f 229/241/229 200/210/200 1843/2527/1843
f 1801/2454/1801 428/445/428 2427/3492/2427
f 2426/3486/2426 2435/3514/2435 1489/3487/1489
f 2435/3514/2435 2436/3515/2436 1489/3487/1489
f 1489/3487/1489 2436/3515/2436 2428/3516/2428
f 1512/1938/1512 2168/3047/2168 2118/2943/2118
f 1020/1147/1020 2373/3375/2373 2367/3369/2367
f 268/280/268 1020/1147/1020 2367/3369/2367
f 2347/3328/2347 577/3327/577 579/3517/579
f 2437/3518/2437 2432/3508/2432 1291/1593/1291
f 2432/3508/2432 229/3519/229 1843/3509/1843
f 1803/3520/1803 1796/3521/1796 1798/3522/1798
f 74/74/74 579/620/579 1754/2374/1754
f 428/445/428 2438/3523/2438 2427/3492/2427
f 2438/3523/2438 2439/3524/2439 2427/3492/2427
f 2427/3492/2427 2439/3524/2439 2429/3511/2429
f 2429/3511/2429 2431/3500/2431 2430/3499/2430
f 2431/3500/2431 2440/3525/2440 2434/3526/2434
f 2436/3515/2436 2441/3527/2441 2428/3516/2428
f 2441/3527/2441 1829/3528/1829 2428/3516/2428
f 2441/3529/2441 1752/3530/1752 1829/3531/1829
f 1682/3405/1682 2442/3532/2442 2068/2862/2068
f 107/108/107 1460/2021/1460 1263/1538/1263
f 2330/3299/2330 2443/3533/2443 74/3534/74
f 76/76/76 2330/3535/2330 74/74/74
f 2429/3511/2429 2439/3524/2439 2431/3500/2431
f 2439/3524/2439 2444/3536/2444 2431/3500/2431
f 2431/3500/2431 2444/3536/2444 2440/3525/2440
f 1840/2516/1840 1809/3350/1809 1841/2517/1841
f 2384/3388/2384 2404/3439/2404 2106/2915/2106
f 1005/1126/1005 2437/3518/2437 1291/1593/1291
f 2437/3518/2437 1480/1892/1480 2432/3508/2432
f 2432/3508/2432 1480/1892/1480 229/3519/229
f 1374/1747/1374 1317/3537/1317 1316/1745/1316
f 74/3534/74 2443/3533/2443 579/3517/579
f 1367/1739/1367 1499/2347/1499 2424/3479/2424
f 2440/3525/2440 2435/3514/2435 2426/3486/2426
f 2434/3538/2434 2440/3539/2440 2426/3540/2426
f 1471/1883/1471 2417/3462/2417 1469/1881/1469
f 2106/2915/2106 2404/3439/2404 2004/2916/2004
f 1798/3541/1798 1783/2415/1783 577/618/577
f 1034/1162/1034 2437/3518/2437 1005/1126/1005
f 1480/1892/1480 230/3473/230 229/3519/229
f 2389/3396/2389 2371/3373/2371 2360/3362/2360
f 2203/3112/2203 2443/3533/2443 2330/3299/2330
f 2438/3523/2438 2445/3542/2445 2439/3524/2439
f 2446/3543/2446 2444/3536/2444 2439/3524/2439
f 2444/3536/2444 2447/3544/2447 2440/3525/2440
f 2435/3514/2435 2448/3545/2448 2436/3515/2436
f 2436/3515/2436 2448/3545/2448 2441/3527/2441
f 2363/3365/2363 1225/3464/1225 2000/2751/2000
f 2387/3391/2387 1300/1611/1300 1302/1613/1302
f 1302/1613/1302 1707/2297/1707 2040/2804/2040
f 1034/1162/1034 1480/1892/1480 2437/3518/2437
f 2433/3512/2433 2369/3371/2369 2371/3373/2371
f 2433/3512/2433 2422/3474/2422 2369/3371/2369
f 2203/3112/2203 2449/3546/2449 2443/3533/2443
f 1177/1396/1177 1178/1397/1178 1459/1997/1459
f 1235/1495/1235 1161/1366/1161 568/609/568
f 2445/3542/2445 2446/3543/2446 2439/3524/2439
f 2447/3544/2447 2450/3547/2450 2440/3525/2440
f 2448/3545/2448 2451/3548/2451 2441/3527/2441
f 2452/3549/2452 1752/2372/1752 2441/3550/2441
f 2451/3548/2451 2452/3551/2452 2441/3527/2441
f 1752/2372/1752 2452/3549/2452 1445/1841/1445
f 1790/2424/1790 1684/2251/1684 1625/2132/1625
f 578/619/578 577/618/577 1783/2415/1783
f 1033/1160/1033 1034/1162/1034 1005/1126/1005
f 1230/1487/1230 1206/1444/1206 2359/3361/2359
f 1225/1479/1225 536/569/536 169/179/169
f 2389/3396/2389 2433/3512/2433 2371/3373/2371
f 1020/1147/1020 1019/1146/1019 2373/3375/2373
f 2453/3552/2453 579/3517/579 2443/3533/2443
f 2449/3546/2449 2453/3552/2453 2443/3533/2443
f 2453/3552/2453 2347/3328/2347 579/3517/579
f 1436/1831/1436 1077/1211/1077 1463/1870/1463
f 2435/3514/2435 2454/3553/2454 2448/3545/2448
f 2382/3385/2382 2389/3396/2389 2455/3554/2455
f 278/3555/278 1813/3556/1813 2342/3557/2342
f 427/444/427 2438/3523/2438 428/445/428
f 2446/3543/2446 2447/3544/2447 2444/3536/2444
f 2440/3525/2440 2450/3547/2450 2454/3553/2454
f 2440/3525/2440 2454/3553/2454 2435/3514/2435
f 1149/1344/1149 1367/3558/1367 583/1680/583
f 1354/1726/1354 2327/3494/2327 2321/3559/2321
f 2107/2917/2107 2004/2916/2004 2006/3560/2006
f 2068/2862/2068 2442/3532/2442 2438/3523/2438
f 427/444/427 2068/2862/2068 2438/3523/2438
f 2438/3523/2438 2442/3532/2442 2445/3542/2445
f 2452/3549/2452 1446/1842/1446 1445/1841/1445
f 1905/2621/1905 2017/2777/2017 1857/2554/1857
f 1662/3125/1662 1661/3561/1661 1615/2930/1615
f 2416/3458/2416 2398/3420/2398 2385/3389/2385
f 2416/3458/2416 2424/3479/2424 2398/3420/2398
f 1972/3562/1972 2456/3563/2456 1409/3111/1409
f 2457/3564/2457 2203/3112/2203 1409/3111/1409
f 2456/3563/2456 2457/3564/2457 1409/3111/1409
f 2457/3564/2457 2449/3546/2449 2203/3112/2203
f 2412/3448/2412 2347/3328/2347 2453/3552/2453
f 2347/3328/2347 2412/3448/2412 1798/3326/1798
f 40/40/40 41/41/41 2091/2889/2091
f 2445/3542/2445 2442/3532/2442 1682/3405/1682
f 2446/3543/2446 2458/3565/2458 2447/3544/2447
f 2459/3566/2459 2452/3551/2452 2451/3548/2451
f 2459/3567/2459 1446/1842/1446 2452/3549/2452
f 1349/1720/1349 1094/1244/1094 1347/1718/1347
f 2460/3568/2460 2453/3552/2453 2449/3546/2449
f 1682/3405/1682 2392/3404/2392 2445/3542/2445
f 2461/3569/2461 2458/3565/2458 2446/3543/2446
f 2458/3565/2458 2462/3570/2462 2447/3544/2447
f 2447/3544/2447 2462/3570/2462 2450/3547/2450
f 2448/3545/2448 2459/3566/2459 2451/3548/2451
f 1534/3387/1534 2384/3388/2384 2106/2915/2106
f 2399/3469/2399 2378/3380/2378 2421/3470/2421
f 2357/3359/2357 2394/3414/2394 2358/3360/2358
f 1899/2615/1899 1898/2614/1898 2364/3366/2364
f 2460/3568/2460 2412/3448/2412 2453/3552/2453
f 2399/3469/2399 2422/3474/2422 2433/3512/2433
f 1987/2732/1987 1942/2731/1942 2390/3401/2390
f 1594/2080/1594 1628/2137/1628 2019/2779/2019
f 2445/3542/2445 2461/3569/2461 2446/3543/2446
f 2463/3571/2463 2450/3547/2450 2462/3570/2462
f 2450/3547/2450 2463/3571/2463 2454/3553/2454
f 2464/3572/2464 2459/3566/2459 2448/3545/2448
f 2361/3363/2361 2372/3374/2372 2250/3178/2250
f 2137/3177/2137 2361/3363/2361 2250/3178/2250
f 1541/1985/1541 1020/1147/1020 268/280/268
f 2463/3571/2463 2464/3572/2464 2454/3553/2454
f 2454/3553/2454 2464/3572/2464 2448/3545/2448
f 1366/1738/1366 1237/1641/1237 582/3573/582
f 53/3574/53 2456/3563/2456 1972/3562/1972
f 2392/3404/2392 2461/3569/2461 2445/3542/2445
f 2091/2888/2091 283/1133/283 40/1132/40
f 2455/3554/2455 2389/3396/2389 2360/3362/2360
f 1305/1622/1305 508/538/508 2397/3419/2397
f 508/538/508 2385/3389/2385 2397/3419/2397
f 591/3575/591 590/645/590 1704/2310/1704
f 2465/3576/2465 2457/3564/2457 2456/3563/2456
f 2466/3577/2466 2449/3546/2449 2457/3564/2457
f 2466/3577/2466 2460/3568/2460 2449/3546/2449
f 508/538/508 2416/3458/2416 2385/3389/2385
f 1366/1738/1366 582/3573/582 1367/1739/1367
f 76/3578/76 451/473/451 2330/3300/2330
f 1687/2257/1687 2462/3570/2462 2458/3565/2458
f 1687/2257/1687 2463/3571/2463 2462/3570/2462
f 1306/1623/1306 1299/1606/1299 949/3397/949
f 2387/3391/2387 1302/1613/1302 1517/1945/1517
f 249/261/249 560/597/560 547/580/547
f 1687/2257/1687 2352/3342/2352 2463/3571/2463
f 2352/3342/2352 2464/3572/2464 2463/3571/2463
f 2467/3579/2467 2468/3580/2468 2459/3566/2459
f 2459/3567/2459 2468/3581/2468 1446/1842/1446
f 1149/3582/1149 1499/2347/1499 1367/1739/1367
f 2465/3576/2465 2456/3563/2456 53/3574/53
f 830/914/830 1615/2115/1615 1661/2193/1661
f 2464/3572/2464 2467/3579/2467 2459/3566/2459
f 333/345/333 2425/3482/2425 334/346/334
f 1227/3583/1227 2000/2751/2000 1225/3464/1225
f 1966/2788/1966 1947/3003/1947 1469/3584/1469
f 52/3585/52 2469/3586/2469 53/3574/53
f 2469/3586/2469 2465/3576/2465 53/3574/53
f 2412/3448/2412 2460/3568/2460 1813/3449/1813
f 2460/3568/2460 2342/3587/2342 1813/3449/1813
f 1481/1895/1481 2343/3322/2343 1780/2409/1780
f 401/417/401 400/416/400 414/430/414
f 162/171/162 164/173/164 151/156/151
f 1948/2682/1948 1950/2684/1950 2370/3372/2370
f 1523/2665/1523 2470/3588/2470 1937/2666/1937
f 2470/3588/2470 2469/3589/2469 1937/2666/1937
f 1937/3590/1937 2469/3586/2469 52/3585/52
f 2342/3587/2342 1792/2426/1792 1780/3591/1780
f 1780/3591/1780 1792/2426/1792 1790/2428/1790
f 2467/3579/2467 2464/3572/2464 2352/3342/2352
f 2468/3581/2468 464/488/464 1446/1842/1446
f 1902/2618/1902 2337/3312/2337 1903/2619/1903
f 2107/3592/2107 2006/2761/2006 2251/3431/2251
f 1524/3593/1524 2471/3594/2471 1523/3595/1523
f 2471/3594/2471 2470/3596/2470 1523/3595/1523
f 2471/3594/2471 2472/3597/2472 2470/3596/2470
f 2472/3597/2472 2469/3586/2469 2470/3596/2470
f 2473/3598/2473 2457/3564/2457 2465/3576/2465
f 2473/3598/2473 2466/3577/2466 2457/3564/2457
f 2460/3568/2460 2474/3599/2474 2342/3587/2342
f 743/1037/743 27/27/27 1893/2608/1893
f 1534/3387/1534 2409/3444/2409 2411/3447/2411
f 2469/3586/2469 2475/3600/2475 2465/3576/2465
f 2475/3600/2475 2476/3601/2476 2465/3576/2465
f 2473/3598/2473 2477/3602/2477 2466/3577/2466
f 2466/3577/2466 2478/3603/2478 2460/3568/2460
f 2478/3603/2478 2474/3599/2474 2460/3568/2460
f 2474/3599/2474 1792/2426/1792 2342/3587/2342
f 1733/2335/1733 1737/2351/1737 2352/3342/2352
f 1737/2351/1737 2467/3579/2467 2352/3342/2352
f 496/526/496 464/488/464 2468/3581/2468
f 2472/3597/2472 2475/3600/2475 2469/3586/2469
f 2467/3579/2467 2479/3604/2479 2468/3580/2468
f 2479/3605/2479 496/526/496 2468/3581/2468
f 1218/1468/1218 1898/2614/1898 1900/2616/1900
f 1528/3606/1528 1553/2001/1553 1524/3593/1524
f 1553/2001/1553 2471/3594/2471 1524/3593/1524
f 2471/3594/2471 2480/3607/2480 2472/3597/2472
f 2465/3576/2465 2481/3608/2481 2473/3598/2473
f 2474/3599/2474 2383/3386/2383 1792/2426/1792
f 1008/1145/1008 1063/1482/1063 1019/1146/1019
f 1532/3609/1532 1534/3387/1534 2411/3447/2411
f 1554/2002/1554 1553/2001/1553 1528/3606/1528
f 2482/3610/2482 2465/3576/2465 2476/3601/2476
f 2482/3610/2482 2481/3608/2481 2465/3576/2465
f 2483/3611/2483 2473/3598/2473 2481/3608/2481
f 2477/3602/2477 2223/3142/2223 2466/3577/2466
f 2223/3142/2223 2478/3603/2478 2466/3577/2466
f 2478/3603/2478 2484/3612/2484 2474/3599/2474
f 2383/3386/2383 1349/3613/1349 1684/2427/1684
f 2483/3614/2483 2481/3615/2481 2482/3616/2482
f 2485/3617/2485 2383/3386/2383 2474/3599/2474
f 2426/3486/2426 1271/3485/1271 1009/1134/1009
f 1607/2350/1607 2467/3579/2467 1737/2351/1737
f 1809/3350/1809 1532/3609/1532 2376/3477/2376
f 2486/3618/2486 2480/3607/2480 2471/3594/2471
f 2475/3600/2475 2472/3597/2472 2480/3607/2480
f 2487/3619/2487 2475/3600/2475 2480/3607/2480
f 2485/3617/2485 1349/3613/1349 2383/3386/2383
f 507/537/507 2416/3458/2416 508/538/508
f 1607/2350/1607 2479/3604/2479 2467/3579/2467
f 1841/2517/1841 1809/3350/1809 2417/3462/2417
f 2251/3179/2251 1950/2684/1950 2375/3377/2375
f 2379/3382/2379 948/1054/948 2362/3364/2362
f 2488/3620/2488 2480/3607/2480 2486/3618/2486
f 2488/3620/2488 2489/3621/2489 2480/3607/2480
f 2489/3622/2489 2487/3623/2487 2480/3624/2480
f 2484/3612/2484 2485/3617/2485 2474/3599/2474
f 2485/3617/2485 1352/3625/1352 1349/3613/1349
f 859/950/859 1940/3001/1940 860/951/860
f 40/40/40 1009/3483/1009 114/115/114
f 2479/3605/2479 2490/3626/2490 496/526/496
f 496/526/496 1128/1306/1128 465/489/465
f 2380/3383/2380 2359/3415/2359 1495/3381/1495
f 1368/1740/1368 1367/1739/1367 2424/3479/2424
f 2486/3618/2486 2471/3594/2471 1553/2001/1553
f 1141/1331/1141 2485/3617/2485 2484/3612/2484
f 436/456/436 1662/2568/1662 1855/3309/1855
f 2427/3492/2427 2061/2841/2061 1801/2454/1801
f 1607/2102/1607 2490/3626/2490 2479/3605/2479
f 2490/3626/2490 1128/1306/1128 496/526/496
f 465/489/465 593/636/593 550/585/550
f 2491/3627/2491 2488/3620/2488 2486/3618/2486
f 2491/3628/2491 2492/3629/2492 2488/3630/2488
f 2492/3631/2492 2493/3632/2493 2488/3620/2488
f 2493/3633/2493 2489/3634/2489 2488/3635/2488
f 2124/2955/2124 2476/3601/2476 2475/3600/2475
f 2413/3476/2413 1845/2534/1845 795/869/795
f 2359/3361/2359 1206/1444/1206 1495/1911/1495
f 1607/2102/1607 456/478/456 2490/3626/2490
f 456/478/456 1128/1306/1128 2490/3626/2490
f 1841/2517/1841 2417/3462/2417 1471/1883/1471
f 1901/2617/1901 1533/3349/1533 1840/2516/1840
f 894/987/894 2486/3618/2486 1553/2001/1553
f 1140/1330/1140 1352/3625/1352 2485/3617/2485
f 2407/3441/2407 1902/2618/1902 1840/2516/1840
f 2394/3414/2394 2380/3383/2380 2358/3360/2358
f 1133/1314/1133 712/763/712 2407/3441/2407
f 2343/3636/2343 2342/3587/2342 1780/3591/1780
f 2494/3637/2494 2486/3618/2486 894/987/894
f 2494/3637/2494 2491/3627/2491 2486/3618/2486
f 2124/2955/2124 2482/3610/2482 2476/3601/2476
f 2482/3610/2482 2495/3638/2495 2483/3611/2483
f 2496/3639/2496 2478/3603/2478 2223/3142/2223
f 2496/3639/2496 2497/3640/2497 2478/3603/2478
f 2497/3640/2497 2484/3612/2484 2478/3603/2478
f 1140/1330/1140 2485/3617/2485 1141/1331/1141
f 1768/2397/1768 1352/3625/1352 1140/1330/1140
f 1352/1724/1352 1768/3292/1768 1094/1244/1094
f 712/763/712 2406/3440/2406 2407/3441/2407
f 1707/2297/1707 1354/1726/1354 1708/2298/1708
f 456/478/456 592/635/592 1128/1306/1128
f 948/1054/948 950/1056/950 2362/3364/2362
f 950/1056/950 990/1102/990 2362/3364/2362
f 1552/2000/1552 894/987/894 1553/2001/1553
f 2498/3641/2498 2491/3627/2491 2494/3637/2494
f 2499/3642/2499 2493/3632/2493 2492/3631/2492
f 2499/3642/2499 2500/3643/2500 2493/3632/2493
f 2124/2955/2124 2475/3600/2475 2487/3619/2487
f 2497/3640/2497 1141/1331/1141 2484/3612/2484
f 269/281/269 508/538/508 1305/1622/1305
f 2388/3510/2388 1949/2683/1949 2421/3470/2421
f 1950/2684/1950 2115/2935/2115 332/344/332
f 2227/3147/2227 1394/3185/1394 1530/3201/1530
f 2501/3644/2501 2492/3631/2492 2491/3627/2491
f 2501/3644/2501 2499/3642/2499 2492/3631/2492
f 1709/2299/1709 2500/3643/2500 2499/3642/2499
f 2502/3645/2502 2482/3610/2482 2124/2955/2124
f 2502/3645/2502 2495/3638/2495 2482/3610/2482
f 429/446/429 365/380/365 464/488/464
f 2416/3458/2416 1368/1740/1368 2424/3479/2424
f 712/763/712 2103/3406/2103 2406/3440/2406
f 2491/3646/2491 2498/3647/2498 2501/3648/2501
f 1903/2619/1903 2336/3311/2336 2005/3433/2005
f 2399/3469/2399 1948/2682/1948 2422/3474/2422
f 2372/3374/2372 2369/3371/2369 2368/3370/2368
f 1902/3649/1902 1901/3650/1901 1840/3651/1840
f 1901/3652/1901 1903/3434/1903 2404/3435/2404
f 2033/2796/2033 2499/3642/2499 2501/3644/2501
f 1983/2727/1983 2497/3640/2497 2496/3639/2496
f 2406/3440/2406 2103/3406/2103 1902/2618/1902
f 2498/3641/2498 2306/3261/2306 2501/3644/2501
f 2033/2796/2033 1709/2299/1709 2499/3642/2499
f 1983/2727/1983 1141/1331/1141 2497/3640/2497
f 2422/3474/2422 1948/2682/1948 2370/3372/2370
f 2115/2935/2115 2415/3454/2415 332/344/332
f 990/3653/990 950/1665/950 988/1499/988
f 1518/1946/1518 2501/3644/2501 2306/3261/2306
f 1518/1946/1518 2033/2796/2033 2501/3644/2501
f 2124/2955/2124 2123/2954/2123 2502/3645/2502
f 2502/3645/2502 2123/2954/2123 2495/3638/2495
f 1370/1742/1370 1983/2727/1983 2496/3639/2496
f 1262/1537/1262 894/987/894 1552/2000/1552
f 2498/3654/2498 2322/3283/2322 2306/3285/2306
f 1139/1329/1139 1141/1331/1141 1983/2727/1983
f 1094/1244/1094 1768/3292/1768 1095/1245/1095
f 2363/3365/2363 2000/2751/2000 2374/3376/2374
f 1444/1840/1444 2407/3441/2407 1384/1763/1384
f 2375/3377/2375 1353/1725/1353 1301/1612/1301
f 893/986/893 2494/3637/2494 894/987/894
f 893/3471/893 2322/3283/2322 2498/3654/2498
f 2494/3637/2494 893/986/893 2498/3641/2498
f 2123/2954/2123 2402/3655/2402 2495/3638/2495
f 1370/1742/1370 2496/3639/2496 2223/3142/2223
f 1687/2257/1687 2458/3565/2458 2503/3656/2503
f 2458/3565/2458 2461/3569/2461 2503/3656/2503
f 2461/3569/2461 2392/3404/2392 2503/3656/2503
f 2392/3404/2392 390/3403/390 2503/3656/2503
f 390/3403/390 389/3657/389 2503/3656/2503
f 389/3657/389 1416/2255/1416 2503/3656/2503
f 1416/2255/1416 1687/2257/1687 2503/3656/2503
